IDPERSONA,GRUPO_PRINCIPAL,SUBGRUPO,CLUSTER
452,,,-1
970,,,-1
492,,,-1
256,,,-1
98983,,,-1
3436,,,-1
656762,,,-1
654445,ADMINISTRATIVO,TECNICO_OPERATIVO_MANTENIMIENTO,12
91509,,,-1
6364,,,-1
315,DOCENTE,DOCENTE_TITULAR_CARRERA,5
659616,,,-1
489,,,-1
651104,DOCENTE,DOCENTE_NO_TITULAR_OCASIONAL,4
5522,,,-1
274,DOCENTE,DOCENTE_TITULAR_CARRERA,5
81647,,,-1
98950,DOCENTE,DOCENTE_NO_TITULAR_OCASIONAL,4
95409,,,-1
3439,,,-1
266,ADMINISTRATIVO,AUTORIDAD_ADMINISTRATIVA_SUPERIOR,2
519,,,-1
38,,,-1
5821,ADMINISTRATIVO,TECNICO_OPERATIVO_MANTENIMIENTO,12
568,DOCENTE,TECNICO_DOCENTE_APOYO,11
97530,DOCENTE,DOCENTE_NO_TITULAR_OCASIONAL,4
656761,,,-1
592,,,-1
656787,,,-1
81013,,,-1
541,,,-1
597,DOCENTE,DOCENTE_TITULAR_CARRERA,5
15674,,,-1
652452,,,-1
594,,,-1
529,DOCENTE,DOCENTE_NO_TITULAR_OCASIONAL,4
78781,,,-1
101231,,,-1
15548,,,-1
81646,,,-1
10308,,,-1
654508,,,-1
398,DOCENTE,DOCENTE_NO_TITULAR_OCASIONAL,4
618,DOCENTE,DOCENTE_NO_TITULAR_OCASIONAL,4
662103,,,-1
425,,,-1
645695,DOCENTE,DOCENTE_NO_TITULAR_OCASIONAL,4
59059,DOCENTE,DOCENTE_TITULAR_CARRERA,5
414,DOCENTE,DOCENTE_TITULAR_CARRERA,5
419,DOCENTE,TECNICO_DOCENTE_APOYO,11
641,DOCENTE,DOCENTE_NO_TITULAR_OCASIONAL,4
97998,,,-1
7772,,,-1
654387,DOCENTE,DOCENTE_NO_TITULAR_OCASIONAL,4
3445,,,-1
215,ADMINISTRATIVO,OTROS_AA,7
3581,,,-1
653,DOCENTE,DOCENTE_TITULAR_CARRERA,5
3303,,,-1
3678,ADMINISTRATIVO,TECNICO_OPERATIVO_MANTENIMIENTO,12
648616,ADMINISTRATIVO,TECNICO_OPERATIVO_MANTENIMIENTO,12
716,DOCENTE,DOCENTE_TITULAR_CARRERA,5
3454,DOCENTE,DOCENTE_NO_TITULAR_OCASIONAL,4
3578,DOCENTE,DOCENTE_TITULAR_CARRERA,5
648639,DOCENTE,DOCENTE_NO_TITULAR_OCASIONAL,4
656,DOCENTE,DOCENTE_NO_TITULAR_OCASIONAL,4
6847,DOCENTE,AUTORIDAD_ACADEMICA_SUPERIOR,1
3680,ADMINISTRATIVO,AUTORIDAD_ADMINISTRATIVA_SUPERIOR,2
649047,DOCENTE,TECNICO_DOCENTE_APOYO,11
3309,DOCENTE,DOCENTE_TITULAR_CARRERA,5
671,DOCENTE,DOCENTE_TITULAR_CARRERA,5
692,ADMINISTRATIVO,TECNICO_OPERATIVO_MANTENIMIENTO,12
653010,DOCENTE,DOCENTE_NO_TITULAR_OCASIONAL,4
3310,DOCENTE,DOCENTE_TITULAR_CARRERA,5
76434,,,-1
709,DOCENTE,DOCENTE_TITULAR_CARRERA,5
39,ADMINISTRATIVO,TECNICO_OPERATIVO_MANTENIMIENTO,12
6811,ADMINISTRATIVO,PROFESIONAL_ANALISTA,8
3757,,,-1
725,DOCENTE,DOCENTE_TITULAR_CARRERA,5
216,ADMINISTRATIVO,PROFESIONAL_ANALISTA,8
3758,DOCENTE,DOCENTE_NO_TITULAR_OCASIONAL,4
679,DOCENTE,DOCENTE_TITULAR_CARRERA,5
654574,,,-1
662514,,,-1
3587,,,-1
13351,ADMINISTRATIVO,ASISTENCIA_SECRETARIAL_OFICINA,0
95270,,,-1
86,DOCENTE,DOCENTE_TITULAR_CARRERA,5
6870,DOCENTE,DOCENTE_NO_TITULAR_OCASIONAL,4
660646,,,-1
69235,ADMINISTRATIVO,ASISTENCIA_SECRETARIAL_OFICINA,0
705,DOCENTE,DOCENTE_TITULAR_CARRERA,5
95516,DOCENTE,AUTORIDAD_ACADEMICA_SUPERIOR,1
6810,,,-1
99083,DOCENTE,DOCENTE_NO_TITULAR_OCASIONAL,4
40,,,-1
217,DOCENTE,DOCENTE_NO_TITULAR_OCASIONAL,4
66837,,,-1
76446,,,-1
3455,DOCENTE,DOCENTE_TITULAR_CARRERA,5
97455,ADMINISTRATIVO,TECNICO_OPERATIVO_MANTENIMIENTO,12
98998,,,-1
64234,,,-1
17054,DOCENTE,TECNICO_DOCENTE_APOYO,11
858,ADMINISTRATIVO,ASISTENCIA_SECRETARIAL_OFICINA,0
678,DOCENTE,DOCENTE_TITULAR_CARRERA,5
768,DOCENTE,DOCENTE_TITULAR_CARRERA,5
17123,DOCENTE,TECNICO_DOCENTE_APOYO,11
650508,,,-1
656051,,,-1
653814,ADMINISTRATIVO,ASISTENCIA_SECRETARIAL_OFICINA,0
649338,DOCENTE,DOCENTE_NO_TITULAR_OCASIONAL,4
95473,ADMINISTRATIVO,OTROS_AA,7
654457,,,-1
3683,DOCENTE,DOCENTE_TITULAR_CARRERA,5
77401,DOCENTE,DOCENTE_NO_TITULAR_OCASIONAL,4
820,DOCENTE,DOCENTE_NO_TITULAR_OCASIONAL,4
12509,,,-1
787,ADMINISTRATIVO,AUTORIDAD_ADMINISTRATIVA_SUPERIOR,2
797,DOCENTE,TECNICO_DOCENTE_APOYO,11
769,ADMINISTRATIVO,TECNICO_OPERATIVO_MANTENIMIENTO,12
675,DOCENTE,DOCENTE_TITULAR_CARRERA,5
771,ADMINISTRATIVO,TECNICO_OPERATIVO_MANTENIMIENTO,12
78953,DOCENTE,DOCENTE_NO_TITULAR_OCASIONAL,4
95586,DOCENTE,DOCENTE_NO_TITULAR_OCASIONAL,4
813,ADMINISTRATIVO,ASISTENCIA_SECRETARIAL_OFICINA,0
659649,,,-1
659216,,,-1
649294,DOCENTE,DOCENTE_NO_TITULAR_OCASIONAL,4
780,DOCENTE,DOCENTE_TITULAR_CARRERA,5
831,ADMINISTRATIVO,TECNICO_OPERATIVO_MANTENIMIENTO,12
5280,DOCENTE,DOCENTE_NO_TITULAR_OCASIONAL,4
808,DOCENTE,DOCENTE_TITULAR_CARRERA,5
807,DOCENTE,DOCENTE_NO_TITULAR_OCASIONAL,4
87496,ADMINISTRATIVO,TECNICO_OPERATIVO_MANTENIMIENTO,12
843,DOCENTE,DOCENTE_TITULAR_CARRERA,5
658725,,,-1
3760,DOCENTE,DOCENTE_NO_TITULAR_OCASIONAL,4
805,DOCENTE,DOCENTE_TITULAR_CARRERA,5
819,DOCENTE,DOCENTE_NO_TITULAR_OCASIONAL,4
801,DOCENTE,DOCENTE_TITULAR_CARRERA,5
844,DOCENTE,DOCENTE_TITULAR_CARRERA,5
6939,DOCENTE,DOCENTE_NO_TITULAR_OCASIONAL,4
851,DOCENTE,AUTORIDAD_ACADEMICA_SUPERIOR,1
663139,,,-1
95633,DOCENTE,DOCENTE_NO_TITULAR_OCASIONAL,4
883,ADMINISTRATIVO,PROFESIONAL_ESPECIALIZADO_TECNICO,9
836,DOCENTE,DOCENTE_TITULAR_CARRERA,5
656771,,,-1
3593,DOCENTE,DOCENTE_TITULAR_CARRERA,5
7179,,,-1
862,ADMINISTRATIVO,PROFESIONAL_ANALISTA,8
662102,,,-1
815,ADMINISTRATIVO,AUTORIDAD_ADMINISTRATIVA_SUPERIOR,2
762,DOCENTE,DOCENTE_TITULAR_CARRERA,5
733,ADMINISTRATIVO,ASISTENCIA_SECRETARIAL_OFICINA,0
129,DOCENTE,DOCENTE_NO_TITULAR_OCASIONAL,4
667,DOCENTE,DOCENTE_TITULAR_CARRERA,5
662708,,,-1
803,,,-1
97471,DOCENTE,DOCENTE_NO_TITULAR_OCASIONAL,4
1583,DOCENTE,DOCENTE_NO_TITULAR_OCASIONAL,4
6992,DOCENTE,DOCENTE_TITULAR_CARRERA,5
870,DOCENTE,TECNICO_DOCENTE_APOYO,11
61594,ADMINISTRATIVO,SERVICIOS_GENERALES_OFICIOS,10
869,ADMINISTRATIVO,AUTORIDAD_ADMINISTRATIVA_SUPERIOR,2
656758,,,-1
866,ADMINISTRATIVO,JEFATURA_SUPERVISION_OPERATIVA,6
653856,,,-1
3313,DOCENTE,DOCENTE_TITULAR_CARRERA,5
66660,DOCENTE,DOCENTE_NO_TITULAR_OCASIONAL,4
3312,DOCENTE,DOCENTE_TITULAR_CARRERA,5
645724,DOCENTE,DOCENTE_NO_TITULAR_OCASIONAL,4
874,DOCENTE,DOCENTE_TITULAR_CARRERA,5
676,,,-1
946,ADMINISTRATIVO,AUTORIDAD_ADMINISTRATIVA_SUPERIOR,2
647015,ADMINISTRATIVO,TECNICO_OPERATIVO_MANTENIMIENTO,12
103141,DOCENTE,DOCENTE_NO_TITULAR_OCASIONAL,4
846,DOCENTE,DOCENTE_TITULAR_CARRERA,5
878,ADMINISTRATIVO,PROFESIONAL_ANALISTA,8
840,ADMINISTRATIVO,ASISTENCIA_SECRETARIAL_OFICINA,0
697,DOCENTE,DOCENTE_TITULAR_CARRERA,5
3685,DOCENTE,DOCENTE_TITULAR_CARRERA,5
865,ADMINISTRATIVO,PROFESIONAL_ANALISTA,8
18327,DOCENTE,TECNICO_DOCENTE_APOYO,11
656058,,,-1
98973,DOCENTE,TECNICO_DOCENTE_APOYO,11
896,,,-1
1116,ADMINISTRATIVO,ASISTENCIA_SECRETARIAL_OFICINA,0
130,DOCENTE,DOCENTE_TITULAR_CARRERA,5
97468,DOCENTE,DOCENTE_NO_TITULAR_OCASIONAL,4
652947,,,-1
81409,,,-1
654392,DOCENTE,DOCENTE_NO_TITULAR_OCASIONAL,4
652874,,,-1
898,DOCENTE,DOCENTE_TITULAR_CARRERA,5
891,ADMINISTRATIVO,PROFESIONAL_ANALISTA,8
5290,DOCENTE,DOCENTE_NO_TITULAR_OCASIONAL,4
654360,DOCENTE,DOCENTE_NO_TITULAR_OCASIONAL,4
948,,,-1
3600,DOCENTE,DOCENTE_TITULAR_CARRERA,5
658170,,,-1
1000,ADMINISTRATIVO,PROFESIONAL_ANALISTA,8
903,ADMINISTRATIVO,PROFESIONAL_ESPECIALIZADO_TECNICO,9
13660,DOCENTE,TECNICO_DOCENTE_APOYO,11
98967,,,-1
978,ADMINISTRATIVO,ASISTENCIA_SECRETARIAL_OFICINA,0
944,ADMINISTRATIVO,PROFESIONAL_ANALISTA,8
3255,DOCENTE,DOCENTE_TITULAR_CARRERA,5
893,ADMINISTRATIVO,TECNICO_OPERATIVO_MANTENIMIENTO,12
637706,DOCENTE,DOCENTE_NO_TITULAR_OCASIONAL,4
912,DOCENTE,DOCENTE_TITULAR_CARRERA,5
939,ADMINISTRATIVO,ASISTENCIA_SECRETARIAL_OFICINA,0
7281,DOCENTE,DOCENTE_TITULAR_CARRERA,5
760,DOCENTE,DOCENTE_NO_TITULAR_OCASIONAL,4
1032,ADMINISTRATIVO,ASISTENCIA_SECRETARIAL_OFICINA,0
969,ADMINISTRATIVO,AUTORIDAD_ADMINISTRATIVA_SUPERIOR,2
953,ADMINISTRATIVO,ASISTENCIA_SECRETARIAL_OFICINA,0
652988,,,-1
656760,,,-1
7197,ADMINISTRATIVO,AUXILIAR_AYUDANTE_OPERATIVO,3
653827,ADMINISTRATIVO,JEFATURA_SUPERVISION_OPERATIVA,6
3467,ADMINISTRATIVO,AUTORIDAD_ADMINISTRATIVA_SUPERIOR,2
975,ADMINISTRATIVO,ASISTENCIA_SECRETARIAL_OFICINA,0
13663,ADMINISTRATIVO,PROFESIONAL_ESPECIALIZADO_TECNICO,9
651451,ADMINISTRATIVO,TECNICO_OPERATIVO_MANTENIMIENTO,12
954,DOCENTE,DOCENTE_TITULAR_CARRERA,5
81645,,,-1
651346,DOCENTE,DOCENTE_NO_TITULAR_OCASIONAL,4
90,DOCENTE,DOCENTE_NO_TITULAR_OCASIONAL,4
3771,ADMINISTRATIVO,PROFESIONAL_ESPECIALIZADO_TECNICO,9
919,ADMINISTRATIVO,PROFESIONAL_ANALISTA,8
923,DOCENTE,DOCENTE_TITULAR_CARRERA,5
69247,ADMINISTRATIVO,ASISTENCIA_SECRETARIAL_OFICINA,0
7125,,,-1
77113,,,-1
102363,ADMINISTRATIVO,TECNICO_OPERATIVO_MANTENIMIENTO,12
660655,,,-1
98974,,,-1
972,ADMINISTRATIVO,ASISTENCIA_SECRETARIAL_OFICINA,0
654361,DOCENTE,DOCENTE_NO_TITULAR_OCASIONAL,4
938,ADMINISTRATIVO,ASISTENCIA_SECRETARIAL_OFICINA,0
659610,,,-1
641237,DOCENTE,DOCENTE_TITULAR_CARRERA,5
656697,,,-1
973,DOCENTE,DOCENTE_TITULAR_CARRERA,5
3465,ADMINISTRATIVO,AUTORIDAD_ADMINISTRATIVA_SUPERIOR,2
103128,DOCENTE,DOCENTE_NO_TITULAR_OCASIONAL,4
964,DOCENTE,DOCENTE_TITULAR_CARRERA,5
1033,ADMINISTRATIVO,JEFATURA_SUPERVISION_OPERATIVA,6
921,DOCENTE,AUTORIDAD_ACADEMICA_SUPERIOR,1
636088,DOCENTE,TECNICO_DOCENTE_APOYO,11
82037,,,-1
656757,,,-1
926,DOCENTE,DOCENTE_NO_TITULAR_OCASIONAL,4
662709,,,-1
3471,DOCENTE,AUTORIDAD_ACADEMICA_SUPERIOR,1
7443,DOCENTE,DOCENTE_TITULAR_CARRERA,5
1013,DOCENTE,AUTORIDAD_ACADEMICA_SUPERIOR,1
5325,DOCENTE,AUTORIDAD_ACADEMICA_SUPERIOR,1
3612,DOCENTE,DOCENTE_TITULAR_CARRERA,5
19999,ADMINISTRATIVO,PROFESIONAL_ANALISTA,8
931,DOCENTE,DOCENTE_TITULAR_CARRERA,5
96324,DOCENTE,DOCENTE_NO_TITULAR_OCASIONAL,4
656039,ADMINISTRATIVO,TECNICO_OPERATIVO_MANTENIMIENTO,12
1075,DOCENTE,DOCENTE_TITULAR_CARRERA,5
1061,ADMINISTRATIVO,PROFESIONAL_ANALISTA,8
659609,,,-1
648615,DOCENTE,DOCENTE_NO_TITULAR_OCASIONAL,4
643899,DOCENTE,TECNICO_DOCENTE_APOYO,11
7351,DOCENTE,DOCENTE_NO_TITULAR_OCASIONAL,4
1122,,,-1
1038,ADMINISTRATIVO,AUTORIDAD_ADMINISTRATIVA_SUPERIOR,2
97773,ADMINISTRATIVO,PROFESIONAL_ANALISTA,8
656004,,,-1
20698,DOCENTE,TECNICO_DOCENTE_APOYO,11
11865,ADMINISTRATIVO,PROFESIONAL_ANALISTA,8
659600,,,-1
660701,,,-1
132,DOCENTE,DOCENTE_NO_TITULAR_OCASIONAL,4
1041,DOCENTE,DOCENTE_NO_TITULAR_OCASIONAL,4
1060,DOCENTE,DOCENTE_TITULAR_CARRERA,5
1268,ADMINISTRATIVO,ASISTENCIA_SECRETARIAL_OFICINA,0
660719,,,-1
645801,DOCENTE,DOCENTE_NO_TITULAR_OCASIONAL,4
21004,DOCENTE,DOCENTE_NO_TITULAR_OCASIONAL,4
5339,DOCENTE,DOCENTE_NO_TITULAR_OCASIONAL,4
5336,DOCENTE,DOCENTE_TITULAR_CARRERA,5
662515,,,-1
23638,DOCENTE,TECNICO_DOCENTE_APOYO,11
695,,,-1
1123,ADMINISTRATIVO,PROFESIONAL_ANALISTA,8
97463,DOCENTE,DOCENTE_NO_TITULAR_OCASIONAL,4
656773,,,-1
645829,DOCENTE,TECNICO_DOCENTE_APOYO,11
95251,ADMINISTRATIVO,ASISTENCIA_SECRETARIAL_OFICINA,0
77108,,,-1
13705,DOCENTE,DOCENTE_TITULAR_CARRERA,5
5337,DOCENTE,AUTORIDAD_ACADEMICA_SUPERIOR,1
1108,DOCENTE,DOCENTE_TITULAR_CARRERA,5
1202,DOCENTE,AUTORIDAD_ACADEMICA_SUPERIOR,1
1170,DOCENTE,DOCENTE_TITULAR_CARRERA,5
7374,DOCENTE,DOCENTE_TITULAR_CARRERA,5
449460,,,-1
22250,DOCENTE,DOCENTE_NO_TITULAR_OCASIONAL,4
850,DOCENTE,DOCENTE_NO_TITULAR_OCASIONAL,4
1086,DOCENTE,DOCENTE_TITULAR_CARRERA,5
651295,ADMINISTRATIVO,TECNICO_OPERATIVO_MANTENIMIENTO,12
654462,ADMINISTRATIVO,TECNICO_OPERATIVO_MANTENIMIENTO,12
97741,ADMINISTRATIVO,TECNICO_OPERATIVO_MANTENIMIENTO,12
7711,,,-1
659207,,,-1
67497,DOCENTE,DOCENTE_NO_TITULAR_OCASIONAL,4
660656,ADMINISTRATIVO,PROFESIONAL_ANALISTA,8
1255,ADMINISTRATIVO,ASISTENCIA_SECRETARIAL_OFICINA,0
98969,,,-1
1006,DOCENTE,DOCENTE_TITULAR_CARRERA,5
1045,DOCENTE,AUTORIDAD_ACADEMICA_SUPERIOR,1
655976,ADMINISTRATIVO,TECNICO_OPERATIVO_MANTENIMIENTO,12
21436,DOCENTE,TECNICO_DOCENTE_APOYO,11
1212,DOCENTE,DOCENTE_NO_TITULAR_OCASIONAL,4
1043,DOCENTE,AUTORIDAD_ACADEMICA_SUPERIOR,1
8331,ADMINISTRATIVO,ASISTENCIA_SECRETARIAL_OFICINA,0
22630,,,-1
1180,ADMINISTRATIVO,AUTORIDAD_ADMINISTRATIVA_SUPERIOR,2
3774,DOCENTE,TECNICO_DOCENTE_APOYO,11
3326,DOCENTE,AUTORIDAD_ACADEMICA_SUPERIOR,1
3777,DOCENTE,DOCENTE_NO_TITULAR_OCASIONAL,4
1164,DOCENTE,DOCENTE_TITULAR_CARRERA,5
1014,,,-1
1168,ADMINISTRATIVO,OTROS_AA,7
1229,ADMINISTRATIVO,ASISTENCIA_SECRETARIAL_OFICINA,0
3275,DOCENTE,DOCENTE_TITULAR_CARRERA,5
67848,ADMINISTRATIVO,PROFESIONAL_ANALISTA,8
5323,DOCENTE,DOCENTE_NO_TITULAR_OCASIONAL,4
22321,DOCENTE,DOCENTE_NO_TITULAR_OCASIONAL,4
95549,ADMINISTRATIVO,AUXILIAR_AYUDANTE_OPERATIVO,3
64242,,,-1
22124,,,-1
7809,ADMINISTRATIVO,ASISTENCIA_SECRETARIAL_OFICINA,0
96280,,,-1
652981,,,-1
652946,,,-1
1145,DOCENTE,DOCENTE_NO_TITULAR_OCASIONAL,4
640644,ADMINISTRATIVO,AUTORIDAD_ADMINISTRATIVA_SUPERIOR,2
98980,DOCENTE,TECNICO_DOCENTE_APOYO,11
7726,DOCENTE,AUTORIDAD_ACADEMICA_SUPERIOR,1
1094,DOCENTE,TECNICO_DOCENTE_APOYO,11
1247,ADMINISTRATIVO,JEFATURA_SUPERVISION_OPERATIVA,6
656759,,,-1
1153,DOCENTE,DOCENTE_TITULAR_CARRERA,5
1176,DOCENTE,DOCENTE_NO_TITULAR_OCASIONAL,4
98966,DOCENTE,DOCENTE_NO_TITULAR_OCASIONAL,4
1219,DOCENTE,TECNICO_DOCENTE_APOYO,11
21772,DOCENTE,DOCENTE_NO_TITULAR_OCASIONAL,4
653215,,,-1
1001,DOCENTE,DOCENTE_TITULAR_CARRERA,5
23825,,,-1
102085,ADMINISTRATIVO,PROFESIONAL_ESPECIALIZADO_TECNICO,9
5307,DOCENTE,DOCENTE_NO_TITULAR_OCASIONAL,4
11509,DOCENTE,DOCENTE_TITULAR_CARRERA,5
658662,,,-1
95607,DOCENTE,DOCENTE_NO_TITULAR_OCASIONAL,4
3466,DOCENTE,DOCENTE_TITULAR_CARRERA,5
97637,ADMINISTRATIVO,AUXILIAR_AYUDANTE_OPERATIVO,3
455667,,,-1
1205,ADMINISTRATIVO,ASISTENCIA_SECRETARIAL_OFICINA,0
103189,DOCENTE,TECNICO_DOCENTE_APOYO,11
21907,DOCENTE,DOCENTE_NO_TITULAR_OCASIONAL,4
135,DOCENTE,DOCENTE_NO_TITULAR_OCASIONAL,4
7389,DOCENTE,DOCENTE_NO_TITULAR_OCASIONAL,4
1246,DOCENTE,AUTORIDAD_ACADEMICA_SUPERIOR,1
90756,,,-1
22230,DOCENTE,TECNICO_DOCENTE_APOYO,11
102302,ADMINISTRATIVO,PROFESIONAL_ANALISTA,8
11220,,,-1
651135,ADMINISTRATIVO,PROFESIONAL_ANALISTA,8
658124,,,-1
101244,,,-1
651062,,,-1
662138,,,-1
1232,DOCENTE,DOCENTE_TITULAR_CARRERA,5
3592,DOCENTE,DOCENTE_NO_TITULAR_OCASIONAL,4
22802,,,-1
3727,DOCENTE,DOCENTE_TITULAR_CARRERA,5
97565,,,-1
22233,DOCENTE,DOCENTE_NO_TITULAR_OCASIONAL,4
3619,DOCENTE,DOCENTE_TITULAR_CARRERA,5
96448,ADMINISTRATIVO,TECNICO_OPERATIVO_MANTENIMIENTO,12
1375,ADMINISTRATIVO,PROFESIONAL_ANALISTA,8
101041,ADMINISTRATIVO,PROFESIONAL_ANALISTA,8
662182,,,-1
981,DOCENTE,DOCENTE_NO_TITULAR_OCASIONAL,4
1400,DOCENTE,DOCENTE_TITULAR_CARRERA,5
95565,DOCENTE,DOCENTE_NO_TITULAR_OCASIONAL,4
1231,DOCENTE,DOCENTE_TITULAR_CARRERA,5
658704,,,-1
1101,DOCENTE,DOCENTE_TITULAR_CARRERA,5
61664,DOCENTE,DOCENTE_NO_TITULAR_OCASIONAL,4
659602,,,-1
654364,DOCENTE,DOCENTE_NO_TITULAR_OCASIONAL,4
660726,DOCENTE,DOCENTE_NO_TITULAR_OCASIONAL,4
649239,DOCENTE,AUTORIDAD_ACADEMICA_SUPERIOR,1
662684,DOCENTE,DOCENTE_NO_TITULAR_OCASIONAL,4
94,DOCENTE,DOCENTE_NO_TITULAR_OCASIONAL,4
1140,ADMINISTRATIVO,PROFESIONAL_ANALISTA,8
669913,DOCENTE,DOCENTE_NO_TITULAR_OCASIONAL,4
652582,DOCENTE,DOCENTE_NO_TITULAR_OCASIONAL,4
27983,ADMINISTRATIVO,TECNICO_OPERATIVO_MANTENIMIENTO,12
22473,,,-1
654510,,,-1
651324,ADMINISTRATIVO,SERVICIOS_GENERALES_OFICIOS,10
1402,ADMINISTRATIVO,ASISTENCIA_SECRETARIAL_OFICINA,0
8052,,,-1
8244,ADMINISTRATIVO,ASISTENCIA_SECRETARIAL_OFICINA,0
662687,ADMINISTRATIVO,TECNICO_OPERATIVO_MANTENIMIENTO,12
1372,ADMINISTRATIVO,PROFESIONAL_ANALISTA,8
659627,DOCENTE,DOCENTE_NO_TITULAR_OCASIONAL,4
1457,ADMINISTRATIVO,ASISTENCIA_SECRETARIAL_OFICINA,0
7265,ADMINISTRATIVO,PROFESIONAL_ANALISTA,8
3829,DOCENTE,AUTORIDAD_ACADEMICA_SUPERIOR,1
1364,DOCENTE,TECNICO_DOCENTE_APOYO,11
22917,,,-1
1360,DOCENTE,DOCENTE_TITULAR_CARRERA,5
3724,DOCENTE,DOCENTE_TITULAR_CARRERA,5
1308,DOCENTE,DOCENTE_NO_TITULAR_OCASIONAL,4
59177,DOCENTE,DOCENTE_NO_TITULAR_OCASIONAL,4
5831,DOCENTE,DOCENTE_NO_TITULAR_OCASIONAL,4
5361,DOCENTE,DOCENTE_NO_TITULAR_OCASIONAL,4
103195,DOCENTE,DOCENTE_NO_TITULAR_OCASIONAL,4
658712,,,-1
13135,,,-1
23468,DOCENTE,TECNICO_DOCENTE_APOYO,11
64241,,,-1
98968,DOCENTE,TECNICO_DOCENTE_APOYO,11
663950,,,-1
98972,,,-1
1476,ADMINISTRATIVO,ASISTENCIA_SECRETARIAL_OFICINA,0
1485,ADMINISTRATIVO,PROFESIONAL_ANALISTA,8
654588,,,-1
658685,,,-1
988,DOCENTE,DOCENTE_TITULAR_CARRERA,5
659651,,,-1
22783,DOCENTE,TECNICO_DOCENTE_APOYO,11
11234,DOCENTE,DOCENTE_NO_TITULAR_OCASIONAL,4
67869,ADMINISTRATIVO,PROFESIONAL_ANALISTA,8
658689,,,-1
29289,DOCENTE,DOCENTE_TITULAR_CARRERA,5
1472,DOCENTE,DOCENTE_TITULAR_CARRERA,5
98026,,,-1
1335,DOCENTE,DOCENTE_TITULAR_CARRERA,5
652564,DOCENTE,DOCENTE_NO_TITULAR_OCASIONAL,4
23552,DOCENTE,DOCENTE_TITULAR_CARRERA,5
23942,,,-1
1230,DOCENTE,DOCENTE_TITULAR_CARRERA,5
24170,,,-1
8558,ADMINISTRATIVO,TECNICO_OPERATIVO_MANTENIMIENTO,12
81019,,,-1
1373,DOCENTE,DOCENTE_TITULAR_CARRERA,5
658681,ADMINISTRATIVO,TECNICO_OPERATIVO_MANTENIMIENTO,12
1530,ADMINISTRATIVO,AUTORIDAD_ADMINISTRATIVA_SUPERIOR,2
7308,DOCENTE,DOCENTE_TITULAR_CARRERA,5
662845,,,-1
662838,,,-1
651120,DOCENTE,DOCENTE_TITULAR_CARRERA,5
644047,DOCENTE,DOCENTE_NO_TITULAR_OCASIONAL,4
76592,,,-1
8335,DOCENTE,DOCENTE_NO_TITULAR_OCASIONAL,4
649245,DOCENTE,DOCENTE_TITULAR_CARRERA,5
1211,DOCENTE,DOCENTE_TITULAR_CARRERA,5
24059,,,-1
652983,,,-1
1225,ADMINISTRATIVO,PROFESIONAL_ANALISTA,8
1135,DOCENTE,DOCENTE_TITULAR_CARRERA,5
658661,,,-1
662057,,,-1
1533,,,-1
49404,ADMINISTRATIVO,ASISTENCIA_SECRETARIAL_OFICINA,0
654374,DOCENTE,DOCENTE_NO_TITULAR_OCASIONAL,4
5356,DOCENTE,DOCENTE_TITULAR_CARRERA,5
658058,,,-1
652950,,,-1
78867,DOCENTE,DOCENTE_NO_TITULAR_OCASIONAL,4
100792,DOCENTE,DOCENTE_NO_TITULAR_OCASIONAL,4
3765,DOCENTE,DOCENTE_NO_TITULAR_OCASIONAL,4
102074,ADMINISTRATIVO,ASISTENCIA_SECRETARIAL_OFICINA,0
1278,ADMINISTRATIVO,ASISTENCIA_SECRETARIAL_OFICINA,0
40081,ADMINISTRATIVO,ASISTENCIA_SECRETARIAL_OFICINA,0
652951,,,-1
12471,ADMINISTRATIVO,AUXILIAR_AYUDANTE_OPERATIVO,3
1411,DOCENTE,DOCENTE_TITULAR_CARRERA,5
66966,DOCENTE,DOCENTE_NO_TITULAR_OCASIONAL,4
8757,DOCENTE,TECNICO_DOCENTE_APOYO,11
1644,ADMINISTRATIVO,PROFESIONAL_ANALISTA,8
77078,,,-1
1220,DOCENTE,DOCENTE_TITULAR_CARRERA,5
1614,DOCENTE,DOCENTE_TITULAR_CARRERA,5
1586,DOCENTE,DOCENTE_TITULAR_CARRERA,5
8446,DOCENTE,TECNICO_DOCENTE_APOYO,11
13703,ADMINISTRATIVO,PROFESIONAL_ANALISTA,8
25068,,,-1
659618,,,-1
1277,DOCENTE,TECNICO_DOCENTE_APOYO,11
1339,DOCENTE,DOCENTE_TITULAR_CARRERA,5
1579,,,-1
1354,ADMINISTRATIVO,PROFESIONAL_ANALISTA,8
1555,ADMINISTRATIVO,PROFESIONAL_ANALISTA,8
98040,DOCENTE,DOCENTE_NO_TITULAR_OCASIONAL,4
1063,DOCENTE,DOCENTE_TITULAR_CARRERA,5
6056,DOCENTE,DOCENTE_TITULAR_CARRERA,5
11841,,,-1
652580,DOCENTE,DOCENTE_NO_TITULAR_OCASIONAL,4
1385,ADMINISTRATIVO,ASISTENCIA_SECRETARIAL_OFICINA,0
653834,,,-1
70512,DOCENTE,TECNICO_DOCENTE_APOYO,11
102966,DOCENTE,DOCENTE_NO_TITULAR_OCASIONAL,4
649313,ADMINISTRATIVO,PROFESIONAL_ANALISTA,8
999,DOCENTE,DOCENTE_TITULAR_CARRERA,5
662454,,,-1
61751,DOCENTE,DOCENTE_NO_TITULAR_OCASIONAL,4
96499,DOCENTE,DOCENTE_TITULAR_CARRERA,5
652579,DOCENTE,DOCENTE_NO_TITULAR_OCASIONAL,4
1598,ADMINISTRATIVO,JEFATURA_SUPERVISION_OPERATIVA,6
103196,DOCENTE,DOCENTE_NO_TITULAR_OCASIONAL,4
1517,DOCENTE,TECNICO_DOCENTE_APOYO,11
1154,DOCENTE,DOCENTE_TITULAR_CARRERA,5
653764,ADMINISTRATIVO,TECNICO_OPERATIVO_MANTENIMIENTO,12
1298,,,-1
3728,DOCENTE,DOCENTE_TITULAR_CARRERA,5
1216,DOCENTE,AUTORIDAD_ACADEMICA_SUPERIOR,1
1554,ADMINISTRATIVO,ASISTENCIA_SECRETARIAL_OFICINA,0
103135,DOCENTE,DOCENTE_NO_TITULAR_OCASIONAL,4
76209,ADMINISTRATIVO,TECNICO_OPERATIVO_MANTENIMIENTO,12
23850,,,-1
662186,,,-1
651108,DOCENTE,DOCENTE_TITULAR_CARRERA,5
26,DOCENTE,AUTORIDAD_ACADEMICA_SUPERIOR,1
654570,ADMINISTRATIVO,PROFESIONAL_ESPECIALIZADO_TECNICO,9
651097,,,-1
13708,DOCENTE,DOCENTE_TITULAR_CARRERA,5
7416,DOCENTE,TECNICO_DOCENTE_APOYO,11
95249,,,-1
103260,ADMINISTRATIVO,TECNICO_OPERATIVO_MANTENIMIENTO,12
102314,ADMINISTRATIVO,ASISTENCIA_SECRETARIAL_OFICINA,0
24485,,,-1
61700,ADMINISTRATIVO,OTROS_AA,7
13756,DOCENTE,TECNICO_DOCENTE_APOYO,11
3792,ADMINISTRATIVO,PROFESIONAL_ANALISTA,8
9326,ADMINISTRATIVO,JEFATURA_SUPERVISION_OPERATIVA,6
11918,DOCENTE,DOCENTE_NO_TITULAR_OCASIONAL,4
651323,ADMINISTRATIVO,SERVICIOS_GENERALES_OFICIOS,10
3802,ADMINISTRATIVO,ASISTENCIA_SECRETARIAL_OFICINA,0
25856,DOCENTE,DOCENTE_TITULAR_CARRERA,5
1593,DOCENTE,TECNICO_DOCENTE_APOYO,11
654388,ADMINISTRATIVO,TECNICO_OPERATIVO_MANTENIMIENTO,12
1660,ADMINISTRATIVO,OTROS_AA,7
1193,DOCENTE,DOCENTE_TITULAR_CARRERA,5
24526,DOCENTE,DOCENTE_NO_TITULAR_OCASIONAL,4
25644,,,-1
26237,,,-1
1201,,,-1
24701,,,-1
96315,DOCENTE,DOCENTE_NO_TITULAR_OCASIONAL,4
3342,DOCENTE,DOCENTE_TITULAR_CARRERA,5
659603,,,-1
1794,ADMINISTRATIVO,ASISTENCIA_SECRETARIAL_OFICINA,0
3333,DOCENTE,DOCENTE_TITULAR_CARRERA,5
8403,ADMINISTRATIVO,TECNICO_OPERATIVO_MANTENIMIENTO,12
5653,DOCENTE,DOCENTE_NO_TITULAR_OCASIONAL,4
25565,DOCENTE,DOCENTE_TITULAR_CARRERA,5
1668,DOCENTE,DOCENTE_TITULAR_CARRERA,5
654359,DOCENTE,DOCENTE_NO_TITULAR_OCASIONAL,4
3491,DOCENTE,DOCENTE_TITULAR_CARRERA,5
1426,DOCENTE,DOCENTE_TITULAR_CARRERA,5
3492,DOCENTE,DOCENTE_TITULAR_CARRERA,5
152512,DOCENTE,DOCENTE_TITULAR_CARRERA,5
25170,DOCENTE,DOCENTE_NO_TITULAR_OCASIONAL,4
77233,,,-1
1577,DOCENTE,DOCENTE_TITULAR_CARRERA,5
656778,ADMINISTRATIVO,TECNICO_OPERATIVO_MANTENIMIENTO,12
662721,DOCENTE,DOCENTE_NO_TITULAR_OCASIONAL,4
9189,ADMINISTRATIVO,ASISTENCIA_SECRETARIAL_OFICINA,0
1706,DOCENTE,DOCENTE_NO_TITULAR_OCASIONAL,4
96298,DOCENTE,DOCENTE_NO_TITULAR_OCASIONAL,4
1606,DOCENTE,DOCENTE_TITULAR_CARRERA,5
652982,,,-1
101253,ADMINISTRATIVO,AUTORIDAD_ADMINISTRATIVA_SUPERIOR,2
659619,,,-1
13674,DOCENTE,DOCENTE_TITULAR_CARRERA,5
90850,,,-1
26207,ADMINISTRATIVO,PROFESIONAL_ANALISTA,8
25190,,,-1
82483,DOCENTE,TECNICO_DOCENTE_APOYO,11
1424,DOCENTE,DOCENTE_TITULAR_CARRERA,5
8975,DOCENTE,DOCENTE_NO_TITULAR_OCASIONAL,4
653768,,,-1
64903,DOCENTE,DOCENTE_NO_TITULAR_OCASIONAL,4
647047,ADMINISTRATIVO,PROFESIONAL_ANALISTA,8
3801,DOCENTE,DOCENTE_NO_TITULAR_OCASIONAL,4
103193,ADMINISTRATIVO,AUTORIDAD_ADMINISTRATIVA_SUPERIOR,2
645722,DOCENTE,TECNICO_DOCENTE_APOYO,11
8530,DOCENTE,TECNICO_DOCENTE_APOYO,11
5388,DOCENTE,DOCENTE_TITULAR_CARRERA,5
1315,DOCENTE,DOCENTE_TITULAR_CARRERA,5
645689,DOCENTE,AUTORIDAD_ACADEMICA_SUPERIOR,1
1349,DOCENTE,DOCENTE_TITULAR_CARRERA,5
1674,DOCENTE,DOCENTE_TITULAR_CARRERA,5
8293,DOCENTE,TECNICO_DOCENTE_APOYO,11
1760,DOCENTE,DOCENTE_NO_TITULAR_OCASIONAL,4
3497,ADMINISTRATIVO,PROFESIONAL_ANALISTA,8
13826,ADMINISTRATIVO,TECNICO_OPERATIVO_MANTENIMIENTO,12
1662,DOCENTE,DOCENTE_NO_TITULAR_OCASIONAL,4
1689,DOCENTE,TECNICO_DOCENTE_APOYO,11
26171,DOCENTE,TECNICO_DOCENTE_APOYO,11
652543,DOCENTE,TECNICO_DOCENTE_APOYO,11
25989,DOCENTE,TECNICO_DOCENTE_APOYO,11
658700,,,-1
1797,DOCENTE,DOCENTE_TITULAR_CARRERA,5
3810,ADMINISTRATIVO,TECNICO_OPERATIVO_MANTENIMIENTO,12
9035,DOCENTE,DOCENTE_NO_TITULAR_OCASIONAL,4
25259,DOCENTE,TECNICO_DOCENTE_APOYO,11
656842,ADMINISTRATIVO,PROFESIONAL_ANALISTA,8
78656,DOCENTE,DOCENTE_TITULAR_CARRERA,5
97602,DOCENTE,TECNICO_DOCENTE_APOYO,11
8588,,,-1
61592,ADMINISTRATIVO,ASISTENCIA_SECRETARIAL_OFICINA,0
1701,DOCENTE,TECNICO_DOCENTE_APOYO,11
652976,,,-1
649207,DOCENTE,DOCENTE_TITULAR_CARRERA,5
651390,,,-1
25763,DOCENTE,TECNICO_DOCENTE_APOYO,11
646990,,,-1
1842,ADMINISTRATIVO,TECNICO_OPERATIVO_MANTENIMIENTO,12
3280,DOCENTE,DOCENTE_TITULAR_CARRERA,5
81254,,,-1
1206,ADMINISTRATIVO,PROFESIONAL_ANALISTA,8
86475,,,-1
658351,,,-1
683629,DOCENTE,TECNICO_DOCENTE_APOYO,11
80918,DOCENTE,DOCENTE_NO_TITULAR_OCASIONAL,4
1546,ADMINISTRATIVO,ASISTENCIA_SECRETARIAL_OFICINA,0
81260,,,-1
8762,DOCENTE,TECNICO_DOCENTE_APOYO,11
662130,,,-1
1790,ADMINISTRATIVO,PROFESIONAL_ANALISTA,8
1657,DOCENTE,TECNICO_DOCENTE_APOYO,11
1010,DOCENTE,DOCENTE_TITULAR_CARRERA,5
26655,DOCENTE,TECNICO_DOCENTE_APOYO,11
76682,,,-1
658707,,,-1
656763,,,-1
9006,,,-1
3729,DOCENTE,DOCENTE_TITULAR_CARRERA,5
58491,ADMINISTRATIVO,ASISTENCIA_SECRETARIAL_OFICINA,0
27203,DOCENTE,DOCENTE_NO_TITULAR_OCASIONAL,4
649266,,,-1
97486,DOCENTE,DOCENTE_NO_TITULAR_OCASIONAL,4
3247,DOCENTE,DOCENTE_TITULAR_CARRERA,5
662694,DOCENTE,DOCENTE_NO_TITULAR_OCASIONAL,4
1058,DOCENTE,DOCENTE_TITULAR_CARRERA,5
9345,,,-1
1670,DOCENTE,AUTORIDAD_ACADEMICA_SUPERIOR,1
32178,DOCENTE,DOCENTE_NO_TITULAR_OCASIONAL,4
1024,,,-1
1576,DOCENTE,DOCENTE_NO_TITULAR_OCASIONAL,4
654357,DOCENTE,DOCENTE_NO_TITULAR_OCASIONAL,4
5371,DOCENTE,DOCENTE_NO_TITULAR_OCASIONAL,4
8666,DOCENTE,DOCENTE_TITULAR_CARRERA,5
662844,,,-1
1741,DOCENTE,DOCENTE_NO_TITULAR_OCASIONAL,4
1052,DOCENTE,DOCENTE_TITULAR_CARRERA,5
652557,DOCENTE,DOCENTE_NO_TITULAR_OCASIONAL,4
660695,,,-1
229,ADMINISTRATIVO,PROFESIONAL_ANALISTA,8
1697,DOCENTE,TECNICO_DOCENTE_APOYO,11
27736,DOCENTE,DOCENTE_NO_TITULAR_OCASIONAL,4
33507,,,-1
1948,,,-1
10133,ADMINISTRATIVO,ASISTENCIA_SECRETARIAL_OFICINA,0
80858,,,-1
3808,ADMINISTRATIVO,ASISTENCIA_SECRETARIAL_OFICINA,0
102,DOCENTE,DOCENTE_NO_TITULAR_OCASIONAL,4
658207,,,-1
80206,DOCENTE,DOCENTE_NO_TITULAR_OCASIONAL,4
9196,ADMINISTRATIVO,ASISTENCIA_SECRETARIAL_OFICINA,0
1889,DOCENTE,DOCENTE_NO_TITULAR_OCASIONAL,4
1971,DOCENTE,AUTORIDAD_ACADEMICA_SUPERIOR,1
43817,ADMINISTRATIVO,ASISTENCIA_SECRETARIAL_OFICINA,0
4036,DOCENTE,DOCENTE_NO_TITULAR_OCASIONAL,4
662701,,,-1
8884,DOCENTE,DOCENTE_TITULAR_CARRERA,5
8766,DOCENTE,DOCENTE_NO_TITULAR_OCASIONAL,4
102448,ADMINISTRATIVO,AUTORIDAD_ADMINISTRATIVA_SUPERIOR,2
66836,DOCENTE,DOCENTE_TITULAR_CARRERA,5
26740,DOCENTE,DOCENTE_NO_TITULAR_OCASIONAL,4
103230,DOCENTE,TECNICO_DOCENTE_APOYO,11
96,DOCENTE,DOCENTE_TITULAR_CARRERA,5
1941,,,-1
2069,DOCENTE,DOCENTE_TITULAR_CARRERA,5
659643,,,-1
66602,ADMINISTRATIVO,ASISTENCIA_SECRETARIAL_OFICINA,0
1877,DOCENTE,DOCENTE_TITULAR_CARRERA,5
1945,DOCENTE,TECNICO_DOCENTE_APOYO,11
9510,DOCENTE,TECNICO_DOCENTE_APOYO,11
658714,ADMINISTRATIVO,PROFESIONAL_ANALISTA,8
3596,DOCENTE,DOCENTE_NO_TITULAR_OCASIONAL,4
1526,DOCENTE,DOCENTE_TITULAR_CARRERA,5
1363,DOCENTE,DOCENTE_TITULAR_CARRERA,5
1628,ADMINISTRATIVO,ASISTENCIA_SECRETARIAL_OFICINA,0
8497,DOCENTE,DOCENTE_TITULAR_CARRERA,5
960,,,-1
13801,DOCENTE,DOCENTE_NO_TITULAR_OCASIONAL,4
81016,,,-1
662189,,,-1
231,ADMINISTRATIVO,PROFESIONAL_ANALISTA,8
100940,DOCENTE,DOCENTE_NO_TITULAR_OCASIONAL,4
5847,,,-1
642558,ADMINISTRATIVO,PROFESIONAL_ANALISTA,8
8301,DOCENTE,DOCENTE_NO_TITULAR_OCASIONAL,4
654376,DOCENTE,DOCENTE_NO_TITULAR_OCASIONAL,4
2051,DOCENTE,DOCENTE_NO_TITULAR_OCASIONAL,4
2098,DOCENTE,AUTORIDAD_ACADEMICA_SUPERIOR,1
27278,,,-1
657152,,,-1
683803,,,-1
1935,DOCENTE,AUTORIDAD_ACADEMICA_SUPERIOR,1
9589,,,-1
97647,,,-1
86548,ADMINISTRATIVO,PROFESIONAL_ESPECIALIZADO_TECNICO,9
648757,ADMINISTRATIVO,JEFATURA_SUPERVISION_OPERATIVA,6
9715,DOCENTE,TECNICO_DOCENTE_APOYO,11
9640,ADMINISTRATIVO,ASISTENCIA_SECRETARIAL_OFICINA,0
5185,DOCENTE,TECNICO_DOCENTE_APOYO,11
654511,ADMINISTRATIVO,AUTORIDAD_ADMINISTRATIVA_SUPERIOR,2
140,DOCENTE,DOCENTE_TITULAR_CARRERA,5
9416,,,-1
639518,ADMINISTRATIVO,PROFESIONAL_ANALISTA,8
2097,DOCENTE,TECNICO_DOCENTE_APOYO,11
64414,ADMINISTRATIVO,PROFESIONAL_ANALISTA,8
1991,ADMINISTRATIVO,JEFATURA_SUPERVISION_OPERATIVA,6
658660,,,-1
1496,ADMINISTRATIVO,OTROS_AA,7
97570,ADMINISTRATIVO,ASISTENCIA_SECRETARIAL_OFICINA,0
647470,ADMINISTRATIVO,PROFESIONAL_ANALISTA,8
29357,,,-1
2036,DOCENTE,DOCENTE_NO_TITULAR_OCASIONAL,4
647120,ADMINISTRATIVO,TECNICO_OPERATIVO_MANTENIMIENTO,12
2081,DOCENTE,DOCENTE_TITULAR_CARRERA,5
1252,DOCENTE,DOCENTE_NO_TITULAR_OCASIONAL,4
986,DOCENTE,DOCENTE_TITULAR_CARRERA,5
61593,ADMINISTRATIVO,ASISTENCIA_SECRETARIAL_OFICINA,0
1857,DOCENTE,DOCENTE_TITULAR_CARRERA,5
651339,ADMINISTRATIVO,SERVICIOS_GENERALES_OFICIOS,10
1444,DOCENTE,DOCENTE_TITULAR_CARRERA,5
662169,,,-1
649137,ADMINISTRATIVO,ASISTENCIA_SECRETARIAL_OFICINA,0
2167,DOCENTE,TECNICO_DOCENTE_APOYO,11
2178,DOCENTE,DOCENTE_TITULAR_CARRERA,5
77158,,,-1
1911,,,-1
2031,ADMINISTRATIVO,AUTORIDAD_ADMINISTRATIVA_SUPERIOR,2
2194,DOCENTE,DOCENTE_TITULAR_CARRERA,5
1888,DOCENTE,DOCENTE_TITULAR_CARRERA,5
1421,DOCENTE,DOCENTE_TITULAR_CARRERA,5
1440,,,-1
9767,,,-1
1979,DOCENTE,DOCENTE_NO_TITULAR_OCASIONAL,4
29498,DOCENTE,DOCENTE_NO_TITULAR_OCASIONAL,4
28061,DOCENTE,DOCENTE_NO_TITULAR_OCASIONAL,4
9912,ADMINISTRATIVO,PROFESIONAL_ANALISTA,8
1550,DOCENTE,DOCENTE_NO_TITULAR_OCASIONAL,4
3814,ADMINISTRATIVO,PROFESIONAL_ANALISTA,8
6127,DOCENTE,TECNICO_DOCENTE_APOYO,11
1213,DOCENTE,DOCENTE_NO_TITULAR_OCASIONAL,4
9936,DOCENTE,DOCENTE_TITULAR_CARRERA,5
1812,DOCENTE,DOCENTE_NO_TITULAR_OCASIONAL,4
7419,DOCENTE,DOCENTE_TITULAR_CARRERA,5
658710,,,-1
78866,DOCENTE,DOCENTE_TITULAR_CARRERA,5
1003,DOCENTE,DOCENTE_TITULAR_CARRERA,5
1553,DOCENTE,DOCENTE_NO_TITULAR_OCASIONAL,4
14522,,,-1
660699,,,-1
2308,DOCENTE,TECNICO_DOCENTE_APOYO,11
955,DOCENTE,DOCENTE_TITULAR_CARRERA,5
1097,DOCENTE,DOCENTE_TITULAR_CARRERA,5
1571,,,-1
8441,ADMINISTRATIVO,PROFESIONAL_ANALISTA,8
2049,ADMINISTRATIVO,PROFESIONAL_ANALISTA,8
1947,DOCENTE,DOCENTE_TITULAR_CARRERA,5
2022,ADMINISTRATIVO,PROFESIONAL_ANALISTA,8
635587,ADMINISTRATIVO,PROFESIONAL_ANALISTA,8
1977,DOCENTE,DOCENTE_TITULAR_CARRERA,5
3738,DOCENTE,AUTORIDAD_ACADEMICA_SUPERIOR,1
34920,,,-1
2312,DOCENTE,DOCENTE_NO_TITULAR_OCASIONAL,4
8941,ADMINISTRATIVO,PROFESIONAL_ANALISTA,8
2280,DOCENTE,DOCENTE_NO_TITULAR_OCASIONAL,4
958,ADMINISTRATIVO,TECNICO_OPERATIVO_MANTENIMIENTO,12
9654,DOCENTE,DOCENTE_TITULAR_CARRERA,5
96462,,,-1
13897,ADMINISTRATIVO,ASISTENCIA_SECRETARIAL_OFICINA,0
3776,ADMINISTRATIVO,ASISTENCIA_SECRETARIAL_OFICINA,0
13838,ADMINISTRATIVO,ASISTENCIA_SECRETARIAL_OFICINA,0
644132,ADMINISTRATIVO,PROFESIONAL_ANALISTA,8
29032,ADMINISTRATIVO,ASISTENCIA_SECRETARIAL_OFICINA,0
662087,,,-1
102083,,,-1
59151,DOCENTE,DOCENTE_NO_TITULAR_OCASIONAL,4
28279,,,-1
98984,ADMINISTRATIVO,SERVICIOS_GENERALES_OFICIOS,10
9834,ADMINISTRATIVO,PROFESIONAL_ANALISTA,8
656459,ADMINISTRATIVO,TECNICO_OPERATIVO_MANTENIMIENTO,12
8024,DOCENTE,TECNICO_DOCENTE_APOYO,11
81436,,,-1
103252,,,-1
2137,DOCENTE,DOCENTE_NO_TITULAR_OCASIONAL,4
28957,DOCENTE,DOCENTE_NO_TITULAR_OCASIONAL,4
658208,,,-1
9728,,,-1
13779,DOCENTE,DOCENTE_TITULAR_CARRERA,5
1098,DOCENTE,AUTORIDAD_ACADEMICA_SUPERIOR,1
659606,,,-1
660645,,,-1
2161,DOCENTE,AUTORIDAD_ACADEMICA_SUPERIOR,1
1673,,,-1
81218,,,-1
2105,ADMINISTRATIVO,AUTORIDAD_ADMINISTRATIVA_SUPERIOR,2
101247,ADMINISTRATIVO,PROFESIONAL_ANALISTA,8
30219,DOCENTE,DOCENTE_NO_TITULAR_OCASIONAL,4
651370,DOCENTE,DOCENTE_NO_TITULAR_OCASIONAL,4
139,,,-1
2216,,,-1
98038,DOCENTE,DOCENTE_NO_TITULAR_OCASIONAL,4
64417,DOCENTE,DOCENTE_NO_TITULAR_OCASIONAL,4
659206,,,-1
2058,ADMINISTRATIVO,PROFESIONAL_ANALISTA,8
1742,DOCENTE,DOCENTE_TITULAR_CARRERA,5
644781,ADMINISTRATIVO,PROFESIONAL_ANALISTA,8
662180,,,-1
3725,DOCENTE,DOCENTE_TITULAR_CARRERA,5
1447,,,-1
645785,ADMINISTRATIVO,ASISTENCIA_SECRETARIAL_OFICINA,0
2391,ADMINISTRATIVO,ASISTENCIA_SECRETARIAL_OFICINA,0
8433,DOCENTE,DOCENTE_NO_TITULAR_OCASIONAL,4
3811,DOCENTE,DOCENTE_NO_TITULAR_OCASIONAL,4
2204,,,-1
8442,DOCENTE,DOCENTE_NO_TITULAR_OCASIONAL,4
5515,,,-1
98309,ADMINISTRATIVO,AUXILIAR_AYUDANTE_OPERATIVO,3
650463,ADMINISTRATIVO,PROFESIONAL_ANALISTA,8
29216,DOCENTE,DOCENTE_NO_TITULAR_OCASIONAL,4
11851,DOCENTE,DOCENTE_TITULAR_CARRERA,5
1340,,,-1
652890,,,-1
2146,ADMINISTRATIVO,PROFESIONAL_ANALISTA,8
1688,DOCENTE,DOCENTE_TITULAR_CARRERA,5
60559,DOCENTE,DOCENTE_TITULAR_CARRERA,5
2237,ADMINISTRATIVO,PROFESIONAL_ANALISTA,8
9029,DOCENTE,DOCENTE_NO_TITULAR_OCASIONAL,4
98037,DOCENTE,DOCENTE_NO_TITULAR_OCASIONAL,4
658172,,,-1
10157,DOCENTE,DOCENTE_TITULAR_CARRERA,5
28660,DOCENTE,DOCENTE_NO_TITULAR_OCASIONAL,4
58968,DOCENTE,DOCENTE_TITULAR_CARRERA,5
653777,ADMINISTRATIVO,TECNICO_OPERATIVO_MANTENIMIENTO,12
2103,DOCENTE,DOCENTE_NO_TITULAR_OCASIONAL,4
30710,,,-1
1460,,,-1
3732,DOCENTE,DOCENTE_NO_TITULAR_OCASIONAL,4
2008,ADMINISTRATIVO,AUTORIDAD_ADMINISTRATIVA_SUPERIOR,2
2208,DOCENTE,DOCENTE_NO_TITULAR_OCASIONAL,4
67845,ADMINISTRATIVO,PROFESIONAL_ANALISTA,8
2455,ADMINISTRATIVO,AUTORIDAD_ADMINISTRATIVA_SUPERIOR,2
76778,DOCENTE,DOCENTE_NO_TITULAR_OCASIONAL,4
654428,ADMINISTRATIVO,AUTORIDAD_ADMINISTRATIVA_SUPERIOR,2
2419,DOCENTE,DOCENTE_NO_TITULAR_OCASIONAL,4
2370,ADMINISTRATIVO,JEFATURA_SUPERVISION_OPERATIVA,6
8327,DOCENTE,DOCENTE_NO_TITULAR_OCASIONAL,4
81163,,,-1
660688,,,-1
656796,,,-1
102965,DOCENTE,DOCENTE_NO_TITULAR_OCASIONAL,4
1527,,,-1
1569,DOCENTE,DOCENTE_TITULAR_CARRERA,5
649184,DOCENTE,AUTORIDAD_ACADEMICA_SUPERIOR,1
2052,DOCENTE,DOCENTE_NO_TITULAR_OCASIONAL,4
2200,DOCENTE,DOCENTE_NO_TITULAR_OCASIONAL,4
2201,,,-1
100228,DOCENTE,DOCENTE_NO_TITULAR_OCASIONAL,4
10136,DOCENTE,DOCENTE_NO_TITULAR_OCASIONAL,4
29657,,,-1
30492,DOCENTE,DOCENTE_TITULAR_CARRERA,5
1728,DOCENTE,DOCENTE_NO_TITULAR_OCASIONAL,4
13170,ADMINISTRATIVO,PROFESIONAL_ANALISTA,8
659670,,,-1
10023,DOCENTE,TECNICO_DOCENTE_APOYO,11
29537,DOCENTE,DOCENTE_TITULAR_CARRERA,5
665063,DOCENTE,TECNICO_DOCENTE_APOYO,11
228,DOCENTE,DOCENTE_NO_TITULAR_OCASIONAL,4
1681,DOCENTE,DOCENTE_TITULAR_CARRERA,5
29773,,,-1
2544,ADMINISTRATIVO,AUTORIDAD_ADMINISTRATIVA_SUPERIOR,2
30674,DOCENTE,DOCENTE_NO_TITULAR_OCASIONAL,4
1262,DOCENTE,DOCENTE_TITULAR_CARRERA,5
66974,DOCENTE,DOCENTE_NO_TITULAR_OCASIONAL,4
7934,,,-1
97472,DOCENTE,DOCENTE_NO_TITULAR_OCASIONAL,4
8850,,,-1
30568,,,-1
1534,ADMINISTRATIVO,PROFESIONAL_ANALISTA,8
41004,DOCENTE,TECNICO_DOCENTE_APOYO,11
656801,,,-1
1597,,,-1
30390,DOCENTE,DOCENTE_NO_TITULAR_OCASIONAL,4
650954,DOCENTE,DOCENTE_NO_TITULAR_OCASIONAL,4
2612,ADMINISTRATIVO,ASISTENCIA_SECRETARIAL_OFICINA,0
66819,DOCENTE,DOCENTE_NO_TITULAR_OCASIONAL,4
2196,DOCENTE,TECNICO_DOCENTE_APOYO,11
649377,DOCENTE,DOCENTE_NO_TITULAR_OCASIONAL,4
2431,,,-1
61634,ADMINISTRATIVO,ASISTENCIA_SECRETARIAL_OFICINA,0
2293,DOCENTE,DOCENTE_NO_TITULAR_OCASIONAL,4
7232,DOCENTE,DOCENTE_NO_TITULAR_OCASIONAL,4
2562,ADMINISTRATIVO,PROFESIONAL_ANALISTA,8
11859,DOCENTE,DOCENTE_NO_TITULAR_OCASIONAL,4
11880,ADMINISTRATIVO,TECNICO_OPERATIVO_MANTENIMIENTO,12
10271,,,-1
639834,ADMINISTRATIVO,ASISTENCIA_SECRETARIAL_OFICINA,0
659691,DOCENTE,DOCENTE_NO_TITULAR_OCASIONAL,4
2638,,,-1
31176,DOCENTE,DOCENTE_NO_TITULAR_OCASIONAL,4
86476,ADMINISTRATIVO,PROFESIONAL_ANALISTA,8
2378,ADMINISTRATIVO,PROFESIONAL_ANALISTA,8
81247,DOCENTE,DOCENTE_NO_TITULAR_OCASIONAL,4
2535,ADMINISTRATIVO,ASISTENCIA_SECRETARIAL_OFICINA,0
644134,ADMINISTRATIVO,PROFESIONAL_ANALISTA,8
101268,ADMINISTRATIVO,AUXILIAR_AYUDANTE_OPERATIVO,3
647012,ADMINISTRATIVO,PROFESIONAL_ANALISTA,8
2657,DOCENTE,DOCENTE_NO_TITULAR_OCASIONAL,4
642021,ADMINISTRATIVO,PROFESIONAL_ESPECIALIZADO_TECNICO,9
34979,,,-1
647036,DOCENTE,DOCENTE_NO_TITULAR_OCASIONAL,4
642708,DOCENTE,DOCENTE_NO_TITULAR_OCASIONAL,4
2456,,,-1
1595,,,-1
1478,ADMINISTRATIVO,TECNICO_OPERATIVO_MANTENIMIENTO,12
8120,DOCENTE,DOCENTE_TITULAR_CARRERA,5
13956,ADMINISTRATIVO,PROFESIONAL_ANALISTA,8
81832,DOCENTE,DOCENTE_NO_TITULAR_OCASIONAL,4
3731,ADMINISTRATIVO,ASISTENCIA_SECRETARIAL_OFICINA,0
33010,DOCENTE,DOCENTE_NO_TITULAR_OCASIONAL,4
9693,DOCENTE,DOCENTE_NO_TITULAR_OCASIONAL,4
658670,,,-1
10093,DOCENTE,DOCENTE_NO_TITULAR_OCASIONAL,4
2067,DOCENTE,TECNICO_DOCENTE_APOYO,11
2045,ADMINISTRATIVO,PROFESIONAL_ANALISTA,8
3474,,,-1
37182,DOCENTE,DOCENTE_NO_TITULAR_OCASIONAL,4
651067,ADMINISTRATIVO,ASISTENCIA_SECRETARIAL_OFICINA,0
2584,,,-1
2655,DOCENTE,DOCENTE_NO_TITULAR_OCASIONAL,4
642590,,,-1
35095,DOCENTE,DOCENTE_NO_TITULAR_OCASIONAL,4
5422,ADMINISTRATIVO,ASISTENCIA_SECRETARIAL_OFICINA,0
651227,ADMINISTRATIVO,ASISTENCIA_SECRETARIAL_OFICINA,0
1752,,,-1
2390,DOCENTE,DOCENTE_NO_TITULAR_OCASIONAL,4
2469,,,-1
2203,DOCENTE,DOCENTE_TITULAR_CARRERA,5
10130,DOCENTE,DOCENTE_NO_TITULAR_OCASIONAL,4
1178,DOCENTE,AUTORIDAD_ACADEMICA_SUPERIOR,1
3634,DOCENTE,DOCENTE_TITULAR_CARRERA,5
1557,DOCENTE,DOCENTE_NO_TITULAR_OCASIONAL,4
10441,DOCENTE,DOCENTE_NO_TITULAR_OCASIONAL,4
31223,,,-1
4329,ADMINISTRATIVO,PROFESIONAL_ANALISTA,8
68319,,,-1
100730,ADMINISTRATIVO,AUTORIDAD_ADMINISTRATIVA_SUPERIOR,2
13971,ADMINISTRATIVO,ASISTENCIA_SECRETARIAL_OFICINA,0
13922,ADMINISTRATIVO,PROFESIONAL_ANALISTA,8
2593,DOCENTE,TECNICO_DOCENTE_APOYO,11
660707,,,-1
2637,DOCENTE,DOCENTE_TITULAR_CARRERA,5
3740,DOCENTE,AUTORIDAD_ACADEMICA_SUPERIOR,1
3520,,,-1
2125,DOCENTE,TECNICO_DOCENTE_APOYO,11
195,DOCENTE,DOCENTE_NO_TITULAR_OCASIONAL,4
2498,DOCENTE,DOCENTE_NO_TITULAR_OCASIONAL,4
98963,,,-1
2546,DOCENTE,TECNICO_DOCENTE_APOYO,11
2019,,,-1
10248,DOCENTE,DOCENTE_NO_TITULAR_OCASIONAL,4
97589,,,-1
38514,ADMINISTRATIVO,JEFATURA_SUPERVISION_OPERATIVA,6
13040,ADMINISTRATIVO,PROFESIONAL_ANALISTA,8
662067,ADMINISTRATIVO,PROFESIONAL_ANALISTA,8
80283,,,-1
2600,,,-1
95517,ADMINISTRATIVO,TECNICO_OPERATIVO_MANTENIMIENTO,12
9750,,,-1
33100,DOCENTE,DOCENTE_NO_TITULAR_OCASIONAL,4
1451,DOCENTE,DOCENTE_TITULAR_CARRERA,5
3503,ADMINISTRATIVO,PROFESIONAL_ANALISTA,8
3519,DOCENTE,DOCENTE_TITULAR_CARRERA,5
669616,,,-1
480354,DOCENTE,DOCENTE_NO_TITULAR_OCASIONAL,4
35472,DOCENTE,DOCENTE_NO_TITULAR_OCASIONAL,4
648623,DOCENTE,DOCENTE_TITULAR_CARRERA,5
3783,DOCENTE,DOCENTE_NO_TITULAR_OCASIONAL,4
95545,ADMINISTRATIVO,ASISTENCIA_SECRETARIAL_OFICINA,0
3807,DOCENTE,DOCENTE_NO_TITULAR_OCASIONAL,4
34097,,,-1
2152,DOCENTE,DOCENTE_TITULAR_CARRERA,5
45313,,,-1
654407,DOCENTE,DOCENTE_TITULAR_CARRERA,5
1221,,,-1
1676,ADMINISTRATIVO,JEFATURA_SUPERVISION_OPERATIVA,6
10493,ADMINISTRATIVO,TECNICO_OPERATIVO_MANTENIMIENTO,12
652562,DOCENTE,DOCENTE_NO_TITULAR_OCASIONAL,4
33872,DOCENTE,DOCENTE_NO_TITULAR_OCASIONAL,4
2803,DOCENTE,DOCENTE_NO_TITULAR_OCASIONAL,4
639811,ADMINISTRATIVO,ASISTENCIA_SECRETARIAL_OFICINA,0
33699,,,-1
2380,ADMINISTRATIVO,PROFESIONAL_ANALISTA,8
38312,,,-1
1329,DOCENTE,DOCENTE_TITULAR_CARRERA,5
77528,DOCENTE,DOCENTE_TITULAR_CARRERA,5
662150,,,-1
5417,DOCENTE,DOCENTE_NO_TITULAR_OCASIONAL,4
34580,,,-1
101188,,,-1
651128,DOCENTE,DOCENTE_NO_TITULAR_OCASIONAL,4
642759,DOCENTE,TECNICO_DOCENTE_APOYO,11
10531,ADMINISTRATIVO,ASISTENCIA_SECRETARIAL_OFICINA,0
655996,ADMINISTRATIVO,AUXILIAR_AYUDANTE_OPERATIVO,3
4383,DOCENTE,DOCENTE_NO_TITULAR_OCASIONAL,4
652917,ADMINISTRATIVO,PROFESIONAL_ANALISTA,8
36519,,,-1
4128,,,-1
3380,DOCENTE,DOCENTE_NO_TITULAR_OCASIONAL,4
39450,ADMINISTRATIVO,PROFESIONAL_ESPECIALIZADO_TECNICO,9
1787,ADMINISTRATIVO,PROFESIONAL_ANALISTA,8
650956,ADMINISTRATIVO,PROFESIONAL_ANALISTA,8
1322,ADMINISTRATIVO,PROFESIONAL_ESPECIALIZADO_TECNICO,9
13863,ADMINISTRATIVO,PROFESIONAL_ANALISTA,8
1885,DOCENTE,DOCENTE_TITULAR_CARRERA,5
683837,,,-1
654455,DOCENTE,TECNICO_DOCENTE_APOYO,11
2748,ADMINISTRATIVO,PROFESIONAL_ANALISTA,8
64483,ADMINISTRATIVO,AUTORIDAD_ADMINISTRATIVA_SUPERIOR,2
1891,DOCENTE,DOCENTE_NO_TITULAR_OCASIONAL,4
2704,ADMINISTRATIVO,PROFESIONAL_ANALISTA,8
2844,DOCENTE,DOCENTE_NO_TITULAR_OCASIONAL,4
2701,DOCENTE,DOCENTE_TITULAR_CARRERA,5
660718,,,-1
2834,DOCENTE,DOCENTE_NO_TITULAR_OCASIONAL,4
35698,,,-1
10487,,,-1
7933,,,-1
4199,DOCENTE,DOCENTE_NO_TITULAR_OCASIONAL,4
35262,DOCENTE,DOCENTE_NO_TITULAR_OCASIONAL,4
51775,ADMINISTRATIVO,ASISTENCIA_SECRETARIAL_OFICINA,0
649260,ADMINISTRATIVO,TECNICO_OPERATIVO_MANTENIMIENTO,12
1903,DOCENTE,DOCENTE_TITULAR_CARRERA,5
35420,,,-1
659824,,,-1
12371,DOCENTE,TECNICO_DOCENTE_APOYO,11
662706,ADMINISTRATIVO,TECNICO_OPERATIVO_MANTENIMIENTO,12
653837,ADMINISTRATIVO,TECNICO_OPERATIVO_MANTENIMIENTO,12
658138,DOCENTE,DOCENTE_TITULAR_CARRERA,5
2843,ADMINISTRATIVO,PROFESIONAL_ANALISTA,8
2755,DOCENTE,DOCENTE_TITULAR_CARRERA,5
1142,DOCENTE,DOCENTE_NO_TITULAR_OCASIONAL,4
662766,,,-1
2283,DOCENTE,DOCENTE_NO_TITULAR_OCASIONAL,4
990,ADMINISTRATIVO,ASISTENCIA_SECRETARIAL_OFICINA,0
2297,ADMINISTRATIVO,PROFESIONAL_ANALISTA,8
652925,ADMINISTRATIVO,AUTORIDAD_ADMINISTRATIVA_SUPERIOR,2
59277,ADMINISTRATIVO,PROFESIONAL_ANALISTA,8
1848,DOCENTE,AUTORIDAD_ACADEMICA_SUPERIOR,1
2824,DOCENTE,DOCENTE_NO_TITULAR_OCASIONAL,4
656007,,,-1
3818,ADMINISTRATIVO,ASISTENCIA_SECRETARIAL_OFICINA,0
1687,,,-1
2904,ADMINISTRATIVO,ASISTENCIA_SECRETARIAL_OFICINA,0
2663,DOCENTE,TECNICO_DOCENTE_APOYO,11
14091,ADMINISTRATIVO,PROFESIONAL_ANALISTA,8
2962,ADMINISTRATIVO,AUTORIDAD_ADMINISTRATIVA_SUPERIOR,2
7965,ADMINISTRATIVO,ASISTENCIA_SECRETARIAL_OFICINA,0
652898,DOCENTE,DOCENTE_NO_TITULAR_OCASIONAL,4
2814,,,-1
1601,DOCENTE,DOCENTE_TITULAR_CARRERA,5
1730,,,-1
77575,DOCENTE,DOCENTE_TITULAR_CARRERA,5
67133,DOCENTE,DOCENTE_NO_TITULAR_OCASIONAL,4
2693,ADMINISTRATIVO,PROFESIONAL_ESPECIALIZADO_TECNICO,9
103174,DOCENTE,DOCENTE_NO_TITULAR_OCASIONAL,4
2846,ADMINISTRATIVO,ASISTENCIA_SECRETARIAL_OFICINA,0
61595,ADMINISTRATIVO,ASISTENCIA_SECRETARIAL_OFICINA,0
651294,DOCENTE,DOCENTE_TITULAR_CARRERA,5
38124,,,-1
2350,ADMINISTRATIVO,PROFESIONAL_ANALISTA,8
662677,ADMINISTRATIVO,TECNICO_OPERATIVO_MANTENIMIENTO,12
43101,DOCENTE,DOCENTE_NO_TITULAR_OCASIONAL,4
8457,DOCENTE,DOCENTE_TITULAR_CARRERA,5
3373,,,-1
2857,ADMINISTRATIVO,PROFESIONAL_ANALISTA,8
652532,,,-1
10447,DOCENTE,DOCENTE_NO_TITULAR_OCASIONAL,4
11354,,,-1
658716,ADMINISTRATIVO,PROFESIONAL_ANALISTA,8
2823,ADMINISTRATIVO,PROFESIONAL_ANALISTA,8
97668,ADMINISTRATIVO,PROFESIONAL_ANALISTA,8
648765,ADMINISTRATIVO,PROFESIONAL_ANALISTA,8
2567,ADMINISTRATIVO,PROFESIONAL_ANALISTA,8
1419,,,-1
2735,ADMINISTRATIVO,PROFESIONAL_ANALISTA,8
2830,DOCENTE,DOCENTE_TITULAR_CARRERA,5
2355,,,-1
40260,,,-1
10597,DOCENTE,TECNICO_DOCENTE_APOYO,11
2569,DOCENTE,DOCENTE_TITULAR_CARRERA,5
2710,DOCENTE,DOCENTE_NO_TITULAR_OCASIONAL,4
2626,ADMINISTRATIVO,PROFESIONAL_ANALISTA,8
3800,DOCENTE,DOCENTE_NO_TITULAR_OCASIONAL,4
3788,DOCENTE,DOCENTE_NO_TITULAR_OCASIONAL,4
103221,ADMINISTRATIVO,PROFESIONAL_ANALISTA,8
21816,,,-1
660643,ADMINISTRATIVO,PROFESIONAL_ANALISTA,8
3820,DOCENTE,DOCENTE_NO_TITULAR_OCASIONAL,4
11243,,,-1
38858,DOCENTE,DOCENTE_TITULAR_CARRERA,5
652919,,,-1
662822,,,-1
649282,DOCENTE,DOCENTE_NO_TITULAR_OCASIONAL,4
1890,ADMINISTRATIVO,ASISTENCIA_SECRETARIAL_OFICINA,0
77558,ADMINISTRATIVO,PROFESIONAL_ANALISTA,8
3356,,,-1
11351,DOCENTE,TECNICO_DOCENTE_APOYO,11
2815,DOCENTE,DOCENTE_NO_TITULAR_OCASIONAL,4
102079,,,-1
642649,DOCENTE,AUTORIDAD_ACADEMICA_SUPERIOR,1
38281,DOCENTE,DOCENTE_TITULAR_CARRERA,5
36586,DOCENTE,DOCENTE_TITULAR_CARRERA,5
67874,ADMINISTRATIVO,PROFESIONAL_ANALISTA,8
5436,DOCENTE,DOCENTE_TITULAR_CARRERA,5
1961,DOCENTE,DOCENTE_TITULAR_CARRERA,5
1878,ADMINISTRATIVO,AUTORIDAD_ADMINISTRATIVA_SUPERIOR,2
36033,DOCENTE,DOCENTE_NO_TITULAR_OCASIONAL,4
1750,,,-1
3000,ADMINISTRATIVO,PROFESIONAL_ANALISTA,8
660682,ADMINISTRATIVO,TECNICO_OPERATIVO_MANTENIMIENTO,12
1113,DOCENTE,DOCENTE_NO_TITULAR_OCASIONAL,4
1833,,,-1
2950,DOCENTE,DOCENTE_TITULAR_CARRERA,5
649255,DOCENTE,DOCENTE_NO_TITULAR_OCASIONAL,4
67720,DOCENTE,DOCENTE_NO_TITULAR_OCASIONAL,4
37954,DOCENTE,DOCENTE_NO_TITULAR_OCASIONAL,4
3082,,,-1
3773,DOCENTE,DOCENTE_TITULAR_CARRERA,5
103229,,,-1
1933,DOCENTE,AUTORIDAD_ACADEMICA_SUPERIOR,1
97469,,,-1
654394,,,-1
95580,DOCENTE,DOCENTE_NO_TITULAR_OCASIONAL,4
3659,DOCENTE,DOCENTE_NO_TITULAR_OCASIONAL,4
3821,DOCENTE,DOCENTE_NO_TITULAR_OCASIONAL,4
47061,DOCENTE,TECNICO_DOCENTE_APOYO,11
40499,ADMINISTRATIVO,PROFESIONAL_ANALISTA,8
37198,DOCENTE,DOCENTE_NO_TITULAR_OCASIONAL,4
2888,DOCENTE,DOCENTE_NO_TITULAR_OCASIONAL,4
3775,ADMINISTRATIVO,PROFESIONAL_ANALISTA,8
38831,ADMINISTRATIVO,ASISTENCIA_SECRETARIAL_OFICINA,0
3095,ADMINISTRATIVO,PROFESIONAL_ANALISTA,8
37842,DOCENTE,DOCENTE_NO_TITULAR_OCASIONAL,4
77389,ADMINISTRATIVO,PROFESIONAL_ANALISTA,8
2006,DOCENTE,DOCENTE_NO_TITULAR_OCASIONAL,4
3541,DOCENTE,DOCENTE_TITULAR_CARRERA,5
10646,DOCENTE,TECNICO_DOCENTE_APOYO,11
658171,,,-1
5559,ADMINISTRATIVO,PROFESIONAL_ANALISTA,8
659818,DOCENTE,TECNICO_DOCENTE_APOYO,11
1433,DOCENTE,DOCENTE_NO_TITULAR_OCASIONAL,4
2957,ADMINISTRATIVO,AUTORIDAD_ADMINISTRATIVA_SUPERIOR,2
98960,ADMINISTRATIVO,PROFESIONAL_ANALISTA,8
2608,DOCENTE,DOCENTE_NO_TITULAR_OCASIONAL,4
13532,DOCENTE,AUTORIDAD_ACADEMICA_SUPERIOR,1
645700,ADMINISTRATIVO,ASISTENCIA_SECRETARIAL_OFICINA,0
41305,ADMINISTRATIVO,PROFESIONAL_ANALISTA,8
99033,,,-1
3088,ADMINISTRATIVO,PROFESIONAL_ANALISTA,8
38237,ADMINISTRATIVO,ASISTENCIA_SECRETARIAL_OFICINA,0
9855,DOCENTE,DOCENTE_NO_TITULAR_OCASIONAL,4
10352,DOCENTE,DOCENTE_NO_TITULAR_OCASIONAL,4
655964,ADMINISTRATIVO,PROFESIONAL_ANALISTA,8
9457,DOCENTE,DOCENTE_TITULAR_CARRERA,5
652548,,,-1
1295,,,-1
44685,ADMINISTRATIVO,PROFESIONAL_ANALISTA,8
40210,DOCENTE,DOCENTE_NO_TITULAR_OCASIONAL,4
95506,DOCENTE,DOCENTE_NO_TITULAR_OCASIONAL,4
4273,DOCENTE,TECNICO_DOCENTE_APOYO,11
651347,ADMINISTRATIVO,TECNICO_OPERATIVO_MANTENIMIENTO,12
4444,ADMINISTRATIVO,PROFESIONAL_ANALISTA,8
43224,DOCENTE,TECNICO_DOCENTE_APOYO,11
76886,,,-1
660671,,,-1
3108,ADMINISTRATIVO,PROFESIONAL_ANALISTA,8
80194,DOCENTE,DOCENTE_NO_TITULAR_OCASIONAL,4
96345,DOCENTE,DOCENTE_NO_TITULAR_OCASIONAL,4
40968,ADMINISTRATIVO,PROFESIONAL_ESPECIALIZADO_TECNICO,9
90113,DOCENTE,DOCENTE_NO_TITULAR_OCASIONAL,4
2382,,,-1
660696,,,-1
3113,,,-1
3286,DOCENTE,DOCENTE_TITULAR_CARRERA,5
80200,DOCENTE,DOCENTE_NO_TITULAR_OCASIONAL,4
3097,DOCENTE,DOCENTE_TITULAR_CARRERA,5
78898,DOCENTE,DOCENTE_TITULAR_CARRERA,5
4466,ADMINISTRATIVO,PROFESIONAL_ANALISTA,8
77055,,,-1
3403,ADMINISTRATIVO,PROFESIONAL_ANALISTA,8
4527,DOCENTE,DOCENTE_NO_TITULAR_OCASIONAL,4
642784,ADMINISTRATIVO,ASISTENCIA_SECRETARIAL_OFICINA,0
38282,DOCENTE,DOCENTE_NO_TITULAR_OCASIONAL,4
39214,DOCENTE,DOCENTE_TITULAR_CARRERA,5
2516,DOCENTE,DOCENTE_TITULAR_CARRERA,5
57503,DOCENTE,DOCENTE_NO_TITULAR_OCASIONAL,4
662018,DOCENTE,DOCENTE_NO_TITULAR_OCASIONAL,4
2928,,,-1
39413,DOCENTE,DOCENTE_TITULAR_CARRERA,5
656019,DOCENTE,DOCENTE_NO_TITULAR_OCASIONAL,4
4584,ADMINISTRATIVO,PROFESIONAL_ANALISTA,8
662765,DOCENTE,DOCENTE_NO_TITULAR_OCASIONAL,4
97577,ADMINISTRATIVO,TECNICO_OPERATIVO_MANTENIMIENTO,12
10059,DOCENTE,DOCENTE_TITULAR_CARRERA,5
3057,DOCENTE,AUTORIDAD_ACADEMICA_SUPERIOR,1
35373,DOCENTE,TECNICO_DOCENTE_APOYO,11
3651,DOCENTE,DOCENTE_TITULAR_CARRERA,5
655989,DOCENTE,DOCENTE_NO_TITULAR_OCASIONAL,4
2930,DOCENTE,DOCENTE_NO_TITULAR_OCASIONAL,4
41626,DOCENTE,TECNICO_DOCENTE_APOYO,11
4242,DOCENTE,DOCENTE_TITULAR_CARRERA,5
2670,,,-1
3324,DOCENTE,DOCENTE_NO_TITULAR_OCASIONAL,4
45059,DOCENTE,DOCENTE_NO_TITULAR_OCASIONAL,4
61948,DOCENTE,DOCENTE_NO_TITULAR_OCASIONAL,4
3051,,,-1
2147,DOCENTE,DOCENTE_TITULAR_CARRERA,5
95564,DOCENTE,DOCENTE_TITULAR_CARRERA,5
651268,DOCENTE,DOCENTE_NO_TITULAR_OCASIONAL,4
4294,ADMINISTRATIVO,ASISTENCIA_SECRETARIAL_OFICINA,0
3017,DOCENTE,DOCENTE_TITULAR_CARRERA,5
39215,DOCENTE,TECNICO_DOCENTE_APOYO,11
37082,DOCENTE,DOCENTE_NO_TITULAR_OCASIONAL,4
99043,DOCENTE,DOCENTE_NO_TITULAR_OCASIONAL,4
78101,DOCENTE,TECNICO_DOCENTE_APOYO,11
652984,,,-1
38996,DOCENTE,DOCENTE_TITULAR_CARRERA,5
81668,,,-1
659604,,,-1
61775,DOCENTE,DOCENTE_NO_TITULAR_OCASIONAL,4
4401,DOCENTE,DOCENTE_NO_TITULAR_OCASIONAL,4
1430,DOCENTE,DOCENTE_NO_TITULAR_OCASIONAL,4
42290,ADMINISTRATIVO,PROFESIONAL_ANALISTA,8
98971,DOCENTE,TECNICO_DOCENTE_APOYO,11
651366,DOCENTE,DOCENTE_TITULAR_CARRERA,5
639835,ADMINISTRATIVO,PROFESIONAL_ANALISTA,8
80210,,,-1
100801,DOCENTE,DOCENTE_NO_TITULAR_OCASIONAL,4
4924,DOCENTE,DOCENTE_NO_TITULAR_OCASIONAL,4
41300,ADMINISTRATIVO,PROFESIONAL_ANALISTA,8
68354,ADMINISTRATIVO,PROFESIONAL_ANALISTA,8
244,DOCENTE,DOCENTE_NO_TITULAR_OCASIONAL,4
660649,,,-1
103095,DOCENTE,DOCENTE_NO_TITULAR_OCASIONAL,4
10946,DOCENTE,TECNICO_DOCENTE_APOYO,11
3060,DOCENTE,DOCENTE_NO_TITULAR_OCASIONAL,4
4343,DOCENTE,DOCENTE_NO_TITULAR_OCASIONAL,4
662808,,,-1
658676,DOCENTE,DOCENTE_NO_TITULAR_OCASIONAL,4
42893,DOCENTE,TECNICO_DOCENTE_APOYO,11
52873,DOCENTE,TECNICO_DOCENTE_APOYO,11
66290,,,-1
1761,,,-1
3796,ADMINISTRATIVO,AUTORIDAD_ADMINISTRATIVA_SUPERIOR,2
4389,,,-1
41852,,,-1
650568,DOCENTE,DOCENTE_TITULAR_CARRERA,5
4100,DOCENTE,DOCENTE_NO_TITULAR_OCASIONAL,4
4427,,,-1
41411,DOCENTE,DOCENTE_NO_TITULAR_OCASIONAL,4
3734,ADMINISTRATIVO,AUTORIDAD_ADMINISTRATIVA_SUPERIOR,2
14060,DOCENTE,DOCENTE_NO_TITULAR_OCASIONAL,4
97706,ADMINISTRATIVO,PROFESIONAL_ANALISTA,8
4490,DOCENTE,DOCENTE_NO_TITULAR_OCASIONAL,4
95335,DOCENTE,DOCENTE_NO_TITULAR_OCASIONAL,4
3201,,,-1
9465,DOCENTE,AUTORIDAD_ACADEMICA_SUPERIOR,1
43625,ADMINISTRATIVO,PROFESIONAL_ANALISTA,8
654363,DOCENTE,DOCENTE_NO_TITULAR_OCASIONAL,4
50030,ADMINISTRATIVO,ASISTENCIA_SECRETARIAL_OFICINA,0
3165,DOCENTE,DOCENTE_NO_TITULAR_OCASIONAL,4
2487,DOCENTE,TECNICO_DOCENTE_APOYO,11
42359,ADMINISTRATIVO,PROFESIONAL_ANALISTA,8
3093,DOCENTE,DOCENTE_TITULAR_CARRERA,5
97667,ADMINISTRATIVO,PROFESIONAL_ANALISTA,8
99883,DOCENTE,DOCENTE_NO_TITULAR_OCASIONAL,4
659601,,,-1
649250,,,-1
3167,,,-1
647364,DOCENTE,DOCENTE_NO_TITULAR_OCASIONAL,4
3015,DOCENTE,DOCENTE_NO_TITULAR_OCASIONAL,4
42800,DOCENTE,DOCENTE_NO_TITULAR_OCASIONAL,4
14093,ADMINISTRATIVO,PROFESIONAL_ANALISTA,8
58517,ADMINISTRATIVO,ASISTENCIA_SECRETARIAL_OFICINA,0
95600,ADMINISTRATIVO,PROFESIONAL_ANALISTA,8
650523,ADMINISTRATIVO,PROFESIONAL_ANALISTA,8
47677,,,-1
4107,ADMINISTRATIVO,PROFESIONAL_ANALISTA,8
3735,ADMINISTRATIVO,PROFESIONAL_ANALISTA,8
4001,DOCENTE,DOCENTE_TITULAR_CARRERA,5
6163,DOCENTE,TECNICO_DOCENTE_APOYO,11
14097,ADMINISTRATIVO,PROFESIONAL_ANALISTA,8
2299,ADMINISTRATIVO,PROFESIONAL_ANALISTA,8
3198,DOCENTE,DOCENTE_NO_TITULAR_OCASIONAL,4
97654,,,-1
6160,DOCENTE,DOCENTE_NO_TITULAR_OCASIONAL,4
58429,ADMINISTRATIVO,PROFESIONAL_ANALISTA,8
654489,,,-1
3025,DOCENTE,TECNICO_DOCENTE_APOYO,11
99736,DOCENTE,DOCENTE_TITULAR_CARRERA,5
4075,DOCENTE,DOCENTE_NO_TITULAR_OCASIONAL,4
13879,ADMINISTRATIVO,ASISTENCIA_SECRETARIAL_OFICINA,0
44859,DOCENTE,DOCENTE_NO_TITULAR_OCASIONAL,4
2651,DOCENTE,DOCENTE_NO_TITULAR_OCASIONAL,4
552319,ADMINISTRATIVO,ASISTENCIA_SECRETARIAL_OFICINA,0
102374,ADMINISTRATIVO,PROFESIONAL_ANALISTA,8
69756,ADMINISTRATIVO,ASISTENCIA_SECRETARIAL_OFICINA,0
41765,,,-1
5561,ADMINISTRATIVO,ASISTENCIA_SECRETARIAL_OFICINA,0
13551,,,-1
659822,DOCENTE,TECNICO_DOCENTE_APOYO,11
1235,DOCENTE,DOCENTE_TITULAR_CARRERA,5
80032,DOCENTE,DOCENTE_NO_TITULAR_OCASIONAL,4
3130,DOCENTE,DOCENTE_NO_TITULAR_OCASIONAL,4
98970,,,-1
12422,DOCENTE,DOCENTE_TITULAR_CARRERA,5
43144,ADMINISTRATIVO,PROFESIONAL_ESPECIALIZADO_TECNICO,9
3131,DOCENTE,DOCENTE_NO_TITULAR_OCASIONAL,4
43587,DOCENTE,AUTORIDAD_ACADEMICA_SUPERIOR,1
654542,,,-1
50023,ADMINISTRATIVO,ASISTENCIA_SECRETARIAL_OFICINA,0
4225,,,-1
67008,DOCENTE,DOCENTE_NO_TITULAR_OCASIONAL,4
662718,DOCENTE,DOCENTE_NO_TITULAR_OCASIONAL,4
1616,ADMINISTRATIVO,PROFESIONAL_ANALISTA,8
44884,DOCENTE,TECNICO_DOCENTE_APOYO,11
659576,ADMINISTRATIVO,ASISTENCIA_SECRETARIAL_OFICINA,0
654354,DOCENTE,DOCENTE_TITULAR_CARRERA,5
4342,DOCENTE,DOCENTE_NO_TITULAR_OCASIONAL,4
4082,DOCENTE,DOCENTE_TITULAR_CARRERA,5
14147,DOCENTE,DOCENTE_NO_TITULAR_OCASIONAL,4
4675,DOCENTE,DOCENTE_NO_TITULAR_OCASIONAL,4
42861,,,-1
2524,DOCENTE,DOCENTE_NO_TITULAR_OCASIONAL,4
14171,,,-1
81202,ADMINISTRATIVO,AUTORIDAD_ADMINISTRATIVA_SUPERIOR,2
45394,,,-1
77277,,,-1
78685,DOCENTE,DOCENTE_NO_TITULAR_OCASIONAL,4
4279,DOCENTE,DOCENTE_TITULAR_CARRERA,5
44538,DOCENTE,TECNICO_DOCENTE_APOYO,11
5460,DOCENTE,DOCENTE_TITULAR_CARRERA,5
654465,,,-1
98030,DOCENTE,TECNICO_DOCENTE_APOYO,11
41494,ADMINISTRATIVO,TECNICO_OPERATIVO_MANTENIMIENTO,12
102974,DOCENTE,DOCENTE_NO_TITULAR_OCASIONAL,4
659687,,,-1
5583,DOCENTE,DOCENTE_NO_TITULAR_OCASIONAL,4
44745,,,-1
4742,,,-1
4353,ADMINISTRATIVO,PROFESIONAL_ANALISTA,8
44046,DOCENTE,TECNICO_DOCENTE_APOYO,11
654507,,,-1
662678,ADMINISTRATIVO,ASISTENCIA_SECRETARIAL_OFICINA,0
4819,ADMINISTRATIVO,ASISTENCIA_SECRETARIAL_OFICINA,0
3079,,,-1
659599,,,-1
3990,ADMINISTRATIVO,PROFESIONAL_ESPECIALIZADO_TECNICO,9
95523,ADMINISTRATIVO,TECNICO_OPERATIVO_MANTENIMIENTO,12
98923,ADMINISTRATIVO,AUXILIAR_AYUDANTE_OPERATIVO,3
97703,DOCENTE,TECNICO_DOCENTE_APOYO,11
659592,ADMINISTRATIVO,ASISTENCIA_SECRETARIAL_OFICINA,0
2850,DOCENTE,DOCENTE_NO_TITULAR_OCASIONAL,4
2753,DOCENTE,DOCENTE_TITULAR_CARRERA,5
3208,DOCENTE,DOCENTE_NO_TITULAR_OCASIONAL,4
44205,DOCENTE,DOCENTE_NO_TITULAR_OCASIONAL,4
4700,,,-1
44927,DOCENTE,DOCENTE_NO_TITULAR_OCASIONAL,4
4135,DOCENTE,DOCENTE_TITULAR_CARRERA,5
4512,ADMINISTRATIVO,PROFESIONAL_ANALISTA,8
649206,DOCENTE,DOCENTE_NO_TITULAR_OCASIONAL,4
649060,ADMINISTRATIVO,PROFESIONAL_ANALISTA,8
47205,,,-1
3235,DOCENTE,DOCENTE_NO_TITULAR_OCASIONAL,4
4556,,,-1
6120,DOCENTE,TECNICO_DOCENTE_APOYO,11
659617,,,-1
98296,ADMINISTRATIVO,ASISTENCIA_SECRETARIAL_OFICINA,0
11174,DOCENTE,TECNICO_DOCENTE_APOYO,11
651029,ADMINISTRATIVO,PROFESIONAL_ANALISTA,8
650503,ADMINISTRATIVO,PROFESIONAL_ANALISTA,8
3160,DOCENTE,DOCENTE_NO_TITULAR_OCASIONAL,4
95538,ADMINISTRATIVO,ASISTENCIA_SECRETARIAL_OFICINA,0
44113,,,-1
44496,DOCENTE,DOCENTE_NO_TITULAR_OCASIONAL,4
68801,ADMINISTRATIVO,PROFESIONAL_ANALISTA,8
67810,ADMINISTRATIVO,ASISTENCIA_SECRETARIAL_OFICINA,0
14465,DOCENTE,DOCENTE_NO_TITULAR_OCASIONAL,4
4062,ADMINISTRATIVO,TECNICO_OPERATIVO_MANTENIMIENTO,12
3218,DOCENTE,DOCENTE_NO_TITULAR_OCASIONAL,4
44455,,,-1
80318,DOCENTE,DOCENTE_NO_TITULAR_OCASIONAL,4
97664,DOCENTE,DOCENTE_NO_TITULAR_OCASIONAL,4
2966,DOCENTE,DOCENTE_NO_TITULAR_OCASIONAL,4
102030,,,-1
653803,,,-1
674171,,,-1
49500,DOCENTE,DOCENTE_NO_TITULAR_OCASIONAL,4
12899,ADMINISTRATIVO,PROFESIONAL_ANALISTA,8
46826,ADMINISTRATIVO,PROFESIONAL_ANALISTA,8
97461,DOCENTE,DOCENTE_TITULAR_CARRERA,5
81684,DOCENTE,DOCENTE_NO_TITULAR_OCASIONAL,4
660678,,,-1
67737,ADMINISTRATIVO,PROFESIONAL_ANALISTA,8
4233,DOCENTE,DOCENTE_NO_TITULAR_OCASIONAL,4
3078,DOCENTE,DOCENTE_NO_TITULAR_OCASIONAL,4
659660,ADMINISTRATIVO,PROFESIONAL_ANALISTA,8
3246,DOCENTE,DOCENTE_NO_TITULAR_OCASIONAL,4
4667,DOCENTE,TECNICO_DOCENTE_APOYO,11
56062,,,-1
12403,DOCENTE,DOCENTE_NO_TITULAR_OCASIONAL,4
659692,DOCENTE,DOCENTE_NO_TITULAR_OCASIONAL,4
3962,DOCENTE,DOCENTE_NO_TITULAR_OCASIONAL,4
644133,DOCENTE,TECNICO_DOCENTE_APOYO,11
46564,DOCENTE,DOCENTE_NO_TITULAR_OCASIONAL,4
4109,ADMINISTRATIVO,PROFESIONAL_ANALISTA,8
652934,DOCENTE,DOCENTE_NO_TITULAR_OCASIONAL,4
3987,DOCENTE,DOCENTE_TITULAR_CARRERA,5
664869,DOCENTE,DOCENTE_NO_TITULAR_OCASIONAL,4
648642,ADMINISTRATIVO,ASISTENCIA_SECRETARIAL_OFICINA,0
654358,DOCENTE,DOCENTE_NO_TITULAR_OCASIONAL,4
655992,,,-1
41644,DOCENTE,DOCENTE_NO_TITULAR_OCASIONAL,4
2696,DOCENTE,DOCENTE_NO_TITULAR_OCASIONAL,4
5087,DOCENTE,DOCENTE_NO_TITULAR_OCASIONAL,4
4829,DOCENTE,DOCENTE_NO_TITULAR_OCASIONAL,4
648638,DOCENTE,TECNICO_DOCENTE_APOYO,11
4500,,,-1
102964,DOCENTE,DOCENTE_NO_TITULAR_OCASIONAL,4
14179,DOCENTE,DOCENTE_NO_TITULAR_OCASIONAL,4
659693,ADMINISTRATIVO,ASISTENCIA_SECRETARIAL_OFICINA,0
5616,DOCENTE,TECNICO_DOCENTE_APOYO,11
46907,,,-1
4067,DOCENTE,DOCENTE_NO_TITULAR_OCASIONAL,4
4029,DOCENTE,DOCENTE_TITULAR_CARRERA,5
658679,ADMINISTRATIVO,JEFATURA_SUPERVISION_OPERATIVA,6
658076,,,-1
96309,ADMINISTRATIVO,PROFESIONAL_ESPECIALIZADO_TECNICO,9
46658,ADMINISTRATIVO,PROFESIONAL_ANALISTA,8
78701,ADMINISTRATIVO,PROFESIONAL_ESPECIALIZADO_TECNICO,9
4718,ADMINISTRATIVO,PROFESIONAL_ANALISTA,8
46469,,,-1
638725,,,-1
651144,DOCENTE,TECNICO_DOCENTE_APOYO,11
664867,,,-1
647308,DOCENTE,DOCENTE_NO_TITULAR_OCASIONAL,4
46831,ADMINISTRATIVO,PROFESIONAL_ANALISTA,8
53935,,,-1
13901,,,-1
4830,ADMINISTRATIVO,PROFESIONAL_ANALISTA,8
651069,ADMINISTRATIVO,PROFESIONAL_ANALISTA,8
651367,,,-1
49650,,,-1
86494,DOCENTE,DOCENTE_TITULAR_CARRERA,5
648617,DOCENTE,DOCENTE_TITULAR_CARRERA,5
656311,ADMINISTRATIVO,OTROS_AA,7
78729,ADMINISTRATIVO,PROFESIONAL_ANALISTA,8
655982,DOCENTE,DOCENTE_NO_TITULAR_OCASIONAL,4
56538,ADMINISTRATIVO,TECNICO_OPERATIVO_MANTENIMIENTO,12
12725,ADMINISTRATIVO,PROFESIONAL_ANALISTA,8
664061,ADMINISTRATIVO,PROFESIONAL_ANALISTA,8
653007,,,-1
4776,DOCENTE,DOCENTE_NO_TITULAR_OCASIONAL,4
98308,ADMINISTRATIVO,AUXILIAR_AYUDANTE_OPERATIVO,3
645949,,,-1
51960,ADMINISTRATIVO,PROFESIONAL_ESPECIALIZADO_TECNICO,9
645940,DOCENTE,DOCENTE_NO_TITULAR_OCASIONAL,4
651206,ADMINISTRATIVO,PROFESIONAL_ANALISTA,8
664176,,,-1
4488,DOCENTE,TECNICO_DOCENTE_APOYO,11
12411,DOCENTE,DOCENTE_TITULAR_CARRERA,5
5474,,,-1
650513,ADMINISTRATIVO,AUXILIAR_AYUDANTE_OPERATIVO,3
658684,,,-1
4103,DOCENTE,DOCENTE_NO_TITULAR_OCASIONAL,4
4707,DOCENTE,DOCENTE_NO_TITULAR_OCASIONAL,4
46306,DOCENTE,DOCENTE_NO_TITULAR_OCASIONAL,4
4267,DOCENTE,DOCENTE_NO_TITULAR_OCASIONAL,4
658365,DOCENTE,DOCENTE_NO_TITULAR_OCASIONAL,4
662185,,,-1
662715,,,-1
4163,ADMINISTRATIVO,PROFESIONAL_ANALISTA,8
635447,ADMINISTRATIVO,PROFESIONAL_ANALISTA,8
53915,ADMINISTRATIVO,PROFESIONAL_ANALISTA,8
4627,ADMINISTRATIVO,TECNICO_OPERATIVO_MANTENIMIENTO,12
100731,DOCENTE,DOCENTE_NO_TITULAR_OCASIONAL,4
48885,DOCENTE,TECNICO_DOCENTE_APOYO,11
4134,,,-1
54460,ADMINISTRATIVO,SERVICIOS_GENERALES_OFICIOS,10
80991,,,-1
14216,DOCENTE,DOCENTE_NO_TITULAR_OCASIONAL,4
635845,DOCENTE,DOCENTE_NO_TITULAR_OCASIONAL,4
5027,DOCENTE,DOCENTE_TITULAR_CARRERA,5
82056,ADMINISTRATIVO,PROFESIONAL_ANALISTA,8
14185,DOCENTE,DOCENTE_NO_TITULAR_OCASIONAL,4
101233,DOCENTE,TECNICO_DOCENTE_APOYO,11
9816,DOCENTE,DOCENTE_NO_TITULAR_OCASIONAL,4
75537,DOCENTE,TECNICO_DOCENTE_APOYO,11
653005,,,-1
14491,,,-1
14623,ADMINISTRATIVO,TECNICO_OPERATIVO_MANTENIMIENTO,12
647358,ADMINISTRATIVO,AUTORIDAD_ADMINISTRATIVA_SUPERIOR,2
77000,,,-1
647432,ADMINISTRATIVO,PROFESIONAL_ANALISTA,8
662120,,,-1
4971,DOCENTE,DOCENTE_TITULAR_CARRERA,5
642599,DOCENTE,DOCENTE_NO_TITULAR_OCASIONAL,4
656028,ADMINISTRATIVO,AUXILIAR_AYUDANTE_OPERATIVO,3
4960,,,-1
52852,DOCENTE,DOCENTE_NO_TITULAR_OCASIONAL,4
14178,ADMINISTRATIVO,PROFESIONAL_ANALISTA,8
48972,,,-1
649224,,,-1
98962,DOCENTE,TECNICO_DOCENTE_APOYO,11
658141,,,-1
4871,ADMINISTRATIVO,PROFESIONAL_ANALISTA,8
659823,DOCENTE,DOCENTE_NO_TITULAR_OCASIONAL,4
4348,,,-1
60382,,,-1
4714,DOCENTE,DOCENTE_NO_TITULAR_OCASIONAL,4
4835,DOCENTE,DOCENTE_TITULAR_CARRERA,5
49839,DOCENTE,TECNICO_DOCENTE_APOYO,11
48938,DOCENTE,TECNICO_DOCENTE_APOYO,11
648694,DOCENTE,DOCENTE_TITULAR_CARRERA,5
4336,,,-1
48828,,,-1
14628,,,-1
14004,DOCENTE,DOCENTE_TITULAR_CARRERA,5
662064,DOCENTE,DOCENTE_NO_TITULAR_OCASIONAL,4
648983,DOCENTE,TECNICO_DOCENTE_APOYO,11
4330,ADMINISTRATIVO,AUTORIDAD_ADMINISTRATIVA_SUPERIOR,2
4560,DOCENTE,DOCENTE_NO_TITULAR_OCASIONAL,4
10941,DOCENTE,DOCENTE_NO_TITULAR_OCASIONAL,4
652989,DOCENTE,DOCENTE_NO_TITULAR_OCASIONAL,4
14497,DOCENTE,DOCENTE_NO_TITULAR_OCASIONAL,4
4736,ADMINISTRATIVO,PROFESIONAL_ANALISTA,8
49869,DOCENTE,TECNICO_DOCENTE_APOYO,11
13566,DOCENTE,DOCENTE_NO_TITULAR_OCASIONAL,4
46845,ADMINISTRATIVO,PROFESIONAL_ANALISTA,8
49390,DOCENTE,TECNICO_DOCENTE_APOYO,11
81435,,,-1
5601,ADMINISTRATIVO,PROFESIONAL_ANALISTA,8
48755,DOCENTE,TECNICO_DOCENTE_APOYO,11
659598,,,-1
652902,DOCENTE,DOCENTE_NO_TITULAR_OCASIONAL,4
51418,ADMINISTRATIVO,PROFESIONAL_ANALISTA,8
95527,ADMINISTRATIVO,ASISTENCIA_SECRETARIAL_OFICINA,0
658206,ADMINISTRATIVO,PROFESIONAL_ANALISTA,8
4024,DOCENTE,DOCENTE_NO_TITULAR_OCASIONAL,4
78731,DOCENTE,DOCENTE_TITULAR_CARRERA,5
4395,DOCENTE,DOCENTE_NO_TITULAR_OCASIONAL,4
52365,DOCENTE,DOCENTE_NO_TITULAR_OCASIONAL,4
659678,DOCENTE,DOCENTE_NO_TITULAR_OCASIONAL,4
13895,DOCENTE,DOCENTE_NO_TITULAR_OCASIONAL,4
48428,,,-1
656803,,,-1
50416,DOCENTE,DOCENTE_NO_TITULAR_OCASIONAL,4
50529,,,-1
95603,ADMINISTRATIVO,PROFESIONAL_ANALISTA,8
10191,DOCENTE,DOCENTE_NO_TITULAR_OCASIONAL,4
77007,DOCENTE,DOCENTE_NO_TITULAR_OCASIONAL,4
12781,DOCENTE,DOCENTE_NO_TITULAR_OCASIONAL,4
49789,DOCENTE,TECNICO_DOCENTE_APOYO,11
13514,,,-1
659607,,,-1
4296,DOCENTE,DOCENTE_TITULAR_CARRERA,5
49926,DOCENTE,TECNICO_DOCENTE_APOYO,11
653858,ADMINISTRATIVO,PROFESIONAL_ANALISTA,8
50463,ADMINISTRATIVO,PROFESIONAL_ANALISTA,8
654583,ADMINISTRATIVO,PROFESIONAL_ANALISTA,8
102420,,,-1
95539,DOCENTE,DOCENTE_NO_TITULAR_OCASIONAL,4
103109,,,-1
97465,DOCENTE,DOCENTE_TITULAR_CARRERA,5
80316,DOCENTE,DOCENTE_NO_TITULAR_OCASIONAL,4
47478,DOCENTE,TECNICO_DOCENTE_APOYO,11
47521,ADMINISTRATIVO,ASISTENCIA_SECRETARIAL_OFICINA,0
4145,ADMINISTRATIVO,PROFESIONAL_ANALISTA,8
46760,DOCENTE,TECNICO_DOCENTE_APOYO,11
13325,DOCENTE,DOCENTE_TITULAR_CARRERA,5
48840,DOCENTE,DOCENTE_NO_TITULAR_OCASIONAL,4
46684,DOCENTE,DOCENTE_NO_TITULAR_OCASIONAL,4
4860,ADMINISTRATIVO,TECNICO_OPERATIVO_MANTENIMIENTO,12
50544,ADMINISTRATIVO,PROFESIONAL_ANALISTA,8
660715,,,-1
74102,,,-1
652583,,,-1
49657,DOCENTE,DOCENTE_TITULAR_CARRERA,5
12394,ADMINISTRATIVO,PROFESIONAL_ANALISTA,8
656755,,,-1
3973,DOCENTE,TECNICO_DOCENTE_APOYO,11
98935,DOCENTE,TECNICO_DOCENTE_APOYO,11
48584,ADMINISTRATIVO,AUTORIDAD_ADMINISTRATIVA_SUPERIOR,2
13326,DOCENTE,DOCENTE_NO_TITULAR_OCASIONAL,4
645794,ADMINISTRATIVO,PROFESIONAL_ANALISTA,8
671930,DOCENTE,DOCENTE_NO_TITULAR_OCASIONAL,4
4894,DOCENTE,DOCENTE_NO_TITULAR_OCASIONAL,4
97553,,,-1
53554,DOCENTE,TECNICO_DOCENTE_APOYO,11
48952,,,-1
645005,ADMINISTRATIVO,PROFESIONAL_ANALISTA,8
52946,,,-1
11053,DOCENTE,DOCENTE_NO_TITULAR_OCASIONAL,4
639481,DOCENTE,TECNICO_DOCENTE_APOYO,11
660310,DOCENTE,TECNICO_DOCENTE_APOYO,11
51880,DOCENTE,DOCENTE_NO_TITULAR_OCASIONAL,4
658119,,,-1
57642,ADMINISTRATIVO,ASISTENCIA_SECRETARIAL_OFICINA,0
55325,,,-1
642905,,,-1
14710,ADMINISTRATIVO,PROFESIONAL_ANALISTA,8
12487,ADMINISTRATIVO,PROFESIONAL_ANALISTA,8
51539,ADMINISTRATIVO,TECNICO_OPERATIVO_MANTENIMIENTO,12
95498,DOCENTE,DOCENTE_TITULAR_CARRERA,5
657168,ADMINISTRATIVO,TECNICO_OPERATIVO_MANTENIMIENTO,12
14264,ADMINISTRATIVO,PROFESIONAL_ANALISTA,8
12405,ADMINISTRATIVO,PROFESIONAL_ANALISTA,8
5573,ADMINISTRATIVO,PROFESIONAL_ANALISTA,8
51737,ADMINISTRATIVO,PROFESIONAL_ANALISTA,8
55699,DOCENTE,DOCENTE_NO_TITULAR_OCASIONAL,4
662461,,,-1
66304,ADMINISTRATIVO,PROFESIONAL_ANALISTA,8
50103,DOCENTE,TECNICO_DOCENTE_APOYO,11
98034,DOCENTE,DOCENTE_TITULAR_CARRERA,5
103262,ADMINISTRATIVO,AUXILIAR_AYUDANTE_OPERATIVO,3
6241,DOCENTE,DOCENTE_NO_TITULAR_OCASIONAL,4
13929,DOCENTE,DOCENTE_NO_TITULAR_OCASIONAL,4
55772,ADMINISTRATIVO,PROFESIONAL_ANALISTA,8
51681,DOCENTE,DOCENTE_TITULAR_CARRERA,5
48405,DOCENTE,DOCENTE_NO_TITULAR_OCASIONAL,4
51414,,,-1
51391,DOCENTE,DOCENTE_NO_TITULAR_OCASIONAL,4
659612,,,-1
56798,DOCENTE,DOCENTE_NO_TITULAR_OCASIONAL,4
14464,DOCENTE,DOCENTE_NO_TITULAR_OCASIONAL,4
103264,ADMINISTRATIVO,PROFESIONAL_ANALISTA,8
14261,DOCENTE,DOCENTE_TITULAR_CARRERA,5
56796,ADMINISTRATIVO,PROFESIONAL_ANALISTA,8
57135,DOCENTE,TECNICO_DOCENTE_APOYO,11
52935,,,-1
659621,,,-1
14328,DOCENTE,DOCENTE_NO_TITULAR_OCASIONAL,4
661609,,,-1
14022,ADMINISTRATIVO,PROFESIONAL_ANALISTA,8
662259,,,-1
4300,DOCENTE,DOCENTE_TITULAR_CARRERA,5
574968,ADMINISTRATIVO,PROFESIONAL_ANALISTA,8
76218,DOCENTE,DOCENTE_NO_TITULAR_OCASIONAL,4
51163,,,-1
50796,ADMINISTRATIVO,PROFESIONAL_ANALISTA,8
654355,DOCENTE,DOCENTE_TITULAR_CARRERA,5
48841,,,-1
51195,DOCENTE,TECNICO_DOCENTE_APOYO,11
13994,DOCENTE,DOCENTE_NO_TITULAR_OCASIONAL,4
649043,ADMINISTRATIVO,PROFESIONAL_ANALISTA,8
52953,DOCENTE,DOCENTE_NO_TITULAR_OCASIONAL,4
53860,DOCENTE,DOCENTE_NO_TITULAR_OCASIONAL,4
662496,,,-1
52227,DOCENTE,DOCENTE_NO_TITULAR_OCASIONAL,4
10864,ADMINISTRATIVO,ASISTENCIA_SECRETARIAL_OFICINA,0
658678,DOCENTE,DOCENTE_NO_TITULAR_OCASIONAL,4
4231,DOCENTE,DOCENTE_TITULAR_CARRERA,5
649148,ADMINISTRATIVO,ASISTENCIA_SECRETARIAL_OFICINA,0
80235,DOCENTE,TECNICO_DOCENTE_APOYO,11
656022,,,-1
51177,DOCENTE,DOCENTE_NO_TITULAR_OCASIONAL,4
4901,DOCENTE,DOCENTE_NO_TITULAR_OCASIONAL,4
54845,DOCENTE,TECNICO_DOCENTE_APOYO,11
658349,ADMINISTRATIVO,TECNICO_OPERATIVO_MANTENIMIENTO,12
55104,DOCENTE,TECNICO_DOCENTE_APOYO,11
51159,DOCENTE,DOCENTE_NO_TITULAR_OCASIONAL,4
663058,DOCENTE,DOCENTE_NO_TITULAR_OCASIONAL,4
55611,,,-1
14340,DOCENTE,DOCENTE_NO_TITULAR_OCASIONAL,4
14080,ADMINISTRATIVO,ASISTENCIA_SECRETARIAL_OFICINA,0
648710,DOCENTE,DOCENTE_NO_TITULAR_OCASIONAL,4
53007,,,-1
653506,,,-1
98936,DOCENTE,DOCENTE_NO_TITULAR_OCASIONAL,4
96391,DOCENTE,DOCENTE_NO_TITULAR_OCASIONAL,4
5607,DOCENTE,TECNICO_DOCENTE_APOYO,11
654473,,,-1
78970,ADMINISTRATIVO,ASISTENCIA_SECRETARIAL_OFICINA,0
54706,DOCENTE,TECNICO_DOCENTE_APOYO,11
53361,DOCENTE,DOCENTE_NO_TITULAR_OCASIONAL,4
53814,DOCENTE,DOCENTE_NO_TITULAR_OCASIONAL,4
53020,,,-1
54358,ADMINISTRATIVO,ASISTENCIA_SECRETARIAL_OFICINA,0
17519,ADMINISTRATIVO,PROFESIONAL_ANALISTA,8
98964,,,-1
101237,ADMINISTRATIVO,PROFESIONAL_ANALISTA,8
53888,DOCENTE,DOCENTE_NO_TITULAR_OCASIONAL,4
647469,ADMINISTRATIVO,PROFESIONAL_ANALISTA,8
654490,DOCENTE,DOCENTE_NO_TITULAR_OCASIONAL,4
73830,,,-1
14258,ADMINISTRATIVO,ASISTENCIA_SECRETARIAL_OFICINA,0
662177,ADMINISTRATIVO,PROFESIONAL_ANALISTA,8
5478,,,-1
658366,DOCENTE,TECNICO_DOCENTE_APOYO,11
14113,DOCENTE,DOCENTE_TITULAR_CARRERA,5
658200,ADMINISTRATIVO,TECNICO_OPERATIVO_MANTENIMIENTO,12
4337,DOCENTE,DOCENTE_TITULAR_CARRERA,5
656023,,,-1
4635,DOCENTE,DOCENTE_NO_TITULAR_OCASIONAL,4
638745,,,-1
52916,DOCENTE,TECNICO_DOCENTE_APOYO,11
52004,DOCENTE,DOCENTE_NO_TITULAR_OCASIONAL,4
103094,DOCENTE,DOCENTE_NO_TITULAR_OCASIONAL,4
14627,ADMINISTRATIVO,PROFESIONAL_ANALISTA,8
12900,DOCENTE,TECNICO_DOCENTE_APOYO,11
57960,DOCENTE,TECNICO_DOCENTE_APOYO,11
53697,DOCENTE,TECNICO_DOCENTE_APOYO,11
648866,ADMINISTRATIVO,PROFESIONAL_ANALISTA,8
57381,,,-1
653708,,,-1
54701,DOCENTE,DOCENTE_NO_TITULAR_OCASIONAL,4
55101,DOCENTE,DOCENTE_NO_TITULAR_OCASIONAL,4
5588,DOCENTE,DOCENTE_NO_TITULAR_OCASIONAL,4
54603,DOCENTE,DOCENTE_NO_TITULAR_OCASIONAL,4
52752,DOCENTE,TECNICO_DOCENTE_APOYO,11
662512,ADMINISTRATIVO,PROFESIONAL_ANALISTA,8
14116,ADMINISTRATIVO,PROFESIONAL_ANALISTA,8
14613,ADMINISTRATIVO,PROFESIONAL_ANALISTA,8
645105,DOCENTE,TECNICO_DOCENTE_APOYO,11
53238,DOCENTE,DOCENTE_NO_TITULAR_OCASIONAL,4
56628,DOCENTE,DOCENTE_TITULAR_CARRERA,5
80018,,,-1
54744,DOCENTE,DOCENTE_NO_TITULAR_OCASIONAL,4
54091,ADMINISTRATIVO,PROFESIONAL_ANALISTA,8
55492,,,-1
51025,ADMINISTRATIVO,PROFESIONAL_ANALISTA,8
58823,ADMINISTRATIVO,PROFESIONAL_ANALISTA,8
5590,DOCENTE,DOCENTE_NO_TITULAR_OCASIONAL,4
53355,DOCENTE,DOCENTE_NO_TITULAR_OCASIONAL,4
656027,ADMINISTRATIVO,PROFESIONAL_ANALISTA,8
54761,ADMINISTRATIVO,PROFESIONAL_ANALISTA,8
651350,DOCENTE,DOCENTE_NO_TITULAR_OCASIONAL,4
53840,ADMINISTRATIVO,PROFESIONAL_ANALISTA,8
103178,DOCENTE,TECNICO_DOCENTE_APOYO,11
51212,DOCENTE,DOCENTE_NO_TITULAR_OCASIONAL,4
5592,,,-1
53156,ADMINISTRATIVO,PROFESIONAL_ANALISTA,8
12880,DOCENTE,TECNICO_DOCENTE_APOYO,11
14089,DOCENTE,DOCENTE_TITULAR_CARRERA,5
650158,,,-1
53345,ADMINISTRATIVO,PROFESIONAL_ANALISTA,8
651372,DOCENTE,DOCENTE_NO_TITULAR_OCASIONAL,4
51716,DOCENTE,DOCENTE_NO_TITULAR_OCASIONAL,4
54841,ADMINISTRATIVO,PROFESIONAL_ANALISTA,8
57930,,,-1
53856,DOCENTE,DOCENTE_TITULAR_CARRERA,5
58108,ADMINISTRATIVO,PROFESIONAL_ANALISTA,8
54568,DOCENTE,TECNICO_DOCENTE_APOYO,11
14309,DOCENTE,TECNICO_DOCENTE_APOYO,11
53130,,,-1
57729,DOCENTE,TECNICO_DOCENTE_APOYO,11
14489,DOCENTE,DOCENTE_NO_TITULAR_OCASIONAL,4
53142,ADMINISTRATIVO,PROFESIONAL_ANALISTA,8
662170,,,-1
14155,DOCENTE,DOCENTE_NO_TITULAR_OCASIONAL,4
14227,ADMINISTRATIVO,TECNICO_OPERATIVO_MANTENIMIENTO,12
652546,DOCENTE,DOCENTE_NO_TITULAR_OCASIONAL,4
53513,,,-1
14501,,,-1
14321,DOCENTE,TECNICO_DOCENTE_APOYO,11
53126,DOCENTE,DOCENTE_NO_TITULAR_OCASIONAL,4
95278,DOCENTE,DOCENTE_NO_TITULAR_OCASIONAL,4
654372,ADMINISTRATIVO,PROFESIONAL_ANALISTA,8
14164,DOCENTE,DOCENTE_NO_TITULAR_OCASIONAL,4
654370,DOCENTE,TECNICO_DOCENTE_APOYO,11
57143,DOCENTE,DOCENTE_NO_TITULAR_OCASIONAL,4
14333,DOCENTE,DOCENTE_NO_TITULAR_OCASIONAL,4
51232,DOCENTE,DOCENTE_NO_TITULAR_OCASIONAL,4
654365,DOCENTE,DOCENTE_NO_TITULAR_OCASIONAL,4
55173,ADMINISTRATIVO,ASISTENCIA_SECRETARIAL_OFICINA,0
14547,DOCENTE,DOCENTE_NO_TITULAR_OCASIONAL,4
55814,DOCENTE,DOCENTE_NO_TITULAR_OCASIONAL,4
53239,DOCENTE,DOCENTE_NO_TITULAR_OCASIONAL,4
53353,ADMINISTRATIVO,PROFESIONAL_ANALISTA,8
57394,DOCENTE,TECNICO_DOCENTE_APOYO,11
649335,DOCENTE,DOCENTE_NO_TITULAR_OCASIONAL,4
14397,DOCENTE,TECNICO_DOCENTE_APOYO,11
102449,ADMINISTRATIVO,PROFESIONAL_ANALISTA,8
54155,DOCENTE,DOCENTE_TITULAR_CARRERA,5
53811,DOCENTE,DOCENTE_TITULAR_CARRERA,5
56233,DOCENTE,DOCENTE_NO_TITULAR_OCASIONAL,4
52751,DOCENTE,TECNICO_DOCENTE_APOYO,11
56607,DOCENTE,DOCENTE_TITULAR_CARRERA,5
101234,ADMINISTRATIVO,ASISTENCIA_SECRETARIAL_OFICINA,0
57062,DOCENTE,DOCENTE_NO_TITULAR_OCASIONAL,4
662854,,,-1
56532,ADMINISTRATIVO,ASISTENCIA_SECRETARIAL_OFICINA,0
58595,DOCENTE,DOCENTE_NO_TITULAR_OCASIONAL,4
56529,DOCENTE,TECNICO_DOCENTE_APOYO,11
51595,DOCENTE,DOCENTE_NO_TITULAR_OCASIONAL,4
56412,ADMINISTRATIVO,PROFESIONAL_ANALISTA,8
656736,,,-1
21845,ADMINISTRATIVO,PROFESIONAL_ANALISTA,8
81391,DOCENTE,DOCENTE_NO_TITULAR_OCASIONAL,4
654444,ADMINISTRATIVO,TECNICO_OPERATIVO_MANTENIMIENTO,12
664182,,,-1
14361,DOCENTE,TECNICO_DOCENTE_APOYO,11
102971,DOCENTE,DOCENTE_NO_TITULAR_OCASIONAL,4
55666,DOCENTE,DOCENTE_NO_TITULAR_OCASIONAL,4
53351,ADMINISTRATIVO,PROFESIONAL_ANALISTA,8
56393,,,-1
653854,DOCENTE,TECNICO_DOCENTE_APOYO,11
655963,DOCENTE,DOCENTE_NO_TITULAR_OCASIONAL,4
54577,ADMINISTRATIVO,PROFESIONAL_ANALISTA,8
57012,ADMINISTRATIVO,JEFATURA_SUPERVISION_OPERATIVA,6
651142,ADMINISTRATIVO,ASISTENCIA_SECRETARIAL_OFICINA,0
669912,DOCENTE,DOCENTE_NO_TITULAR_OCASIONAL,4
14617,DOCENTE,TECNICO_DOCENTE_APOYO,11
56148,,,-1
57817,DOCENTE,TECNICO_DOCENTE_APOYO,11
14153,DOCENTE,DOCENTE_NO_TITULAR_OCASIONAL,4
663923,,,-1
56959,ADMINISTRATIVO,ASISTENCIA_SECRETARIAL_OFICINA,0
55735,DOCENTE,DOCENTE_NO_TITULAR_OCASIONAL,4
645943,ADMINISTRATIVO,ASISTENCIA_SECRETARIAL_OFICINA,0
659679,DOCENTE,DOCENTE_NO_TITULAR_OCASIONAL,4
13505,ADMINISTRATIVO,PROFESIONAL_ANALISTA,8
55230,DOCENTE,TECNICO_DOCENTE_APOYO,11
57204,DOCENTE,DOCENTE_NO_TITULAR_OCASIONAL,4
54246,ADMINISTRATIVO,TECNICO_OPERATIVO_MANTENIMIENTO,12
634600,ADMINISTRATIVO,PROFESIONAL_ANALISTA,8
56109,,,-1
13876,DOCENTE,DOCENTE_NO_TITULAR_OCASIONAL,4
58137,ADMINISTRATIVO,ASISTENCIA_SECRETARIAL_OFICINA,0
662124,,,-1
14390,DOCENTE,DOCENTE_NO_TITULAR_OCASIONAL,4
78520,DOCENTE,TECNICO_DOCENTE_APOYO,11
652545,DOCENTE,DOCENTE_NO_TITULAR_OCASIONAL,4
664137,,,-1
57181,DOCENTE,DOCENTE_NO_TITULAR_OCASIONAL,4
651497,ADMINISTRATIVO,AUXILIAR_AYUDANTE_OPERATIVO,3
660358,DOCENTE,TECNICO_DOCENTE_APOYO,11
56431,ADMINISTRATIVO,PROFESIONAL_ANALISTA,8
86407,DOCENTE,TECNICO_DOCENTE_APOYO,11
662863,ADMINISTRATIVO,TECNICO_OPERATIVO_MANTENIMIENTO,12
55753,DOCENTE,DOCENTE_NO_TITULAR_OCASIONAL,4
56809,DOCENTE,TECNICO_DOCENTE_APOYO,11
80019,,,-1
56170,DOCENTE,DOCENTE_NO_TITULAR_OCASIONAL,4
650957,ADMINISTRATIVO,PROFESIONAL_ANALISTA,8
673638,DOCENTE,TECNICO_DOCENTE_APOYO,11
56565,,,-1
13055,DOCENTE,DOCENTE_NO_TITULAR_OCASIONAL,4
57652,DOCENTE,TECNICO_DOCENTE_APOYO,11
57074,ADMINISTRATIVO,AUTORIDAD_ADMINISTRATIVA_SUPERIOR,2
58345,DOCENTE,TECNICO_DOCENTE_APOYO,11
56680,,,-1
55819,ADMINISTRATIVO,PROFESIONAL_ANALISTA,8
56743,DOCENTE,DOCENTE_NO_TITULAR_OCASIONAL,4
51050,DOCENTE,DOCENTE_NO_TITULAR_OCASIONAL,4
59670,DOCENTE,TECNICO_DOCENTE_APOYO,11
56426,,,-1
55731,DOCENTE,TECNICO_DOCENTE_APOYO,11
56413,DOCENTE,TECNICO_DOCENTE_APOYO,11
59225,DOCENTE,DOCENTE_NO_TITULAR_OCASIONAL,4
59829,ADMINISTRATIVO,ASISTENCIA_SECRETARIAL_OFICINA,0
662113,,,-1
58382,ADMINISTRATIVO,PROFESIONAL_ANALISTA,8
59852,ADMINISTRATIVO,PROFESIONAL_ANALISTA,8
58297,,,-1
57199,DOCENTE,DOCENTE_NO_TITULAR_OCASIONAL,4
58143,ADMINISTRATIVO,TECNICO_OPERATIVO_MANTENIMIENTO,12
58915,DOCENTE,DOCENTE_NO_TITULAR_OCASIONAL,4
645953,ADMINISTRATIVO,PROFESIONAL_ANALISTA,8
56180,DOCENTE,DOCENTE_NO_TITULAR_OCASIONAL,4
56277,,,-1
58749,DOCENTE,DOCENTE_NO_TITULAR_OCASIONAL,4
60719,,,-1
60619,DOCENTE,TECNICO_DOCENTE_APOYO,11
56567,DOCENTE,DOCENTE_NO_TITULAR_OCASIONAL,4
60511,DOCENTE,TECNICO_DOCENTE_APOYO,11
59484,DOCENTE,DOCENTE_NO_TITULAR_OCASIONAL,4
95575,DOCENTE,DOCENTE_NO_TITULAR_OCASIONAL,4
56189,DOCENTE,DOCENTE_TITULAR_CARRERA,5
58154,ADMINISTRATIVO,PROFESIONAL_ANALISTA,8
65560,,,-1
58898,,,-1
683862,,,-1
61041,,,-1
662865,ADMINISTRATIVO,TECNICO_OPERATIVO_MANTENIMIENTO,12
54699,ADMINISTRATIVO,PROFESIONAL_ANALISTA,8
658334,DOCENTE,TECNICO_DOCENTE_APOYO,11
77512,DOCENTE,DOCENTE_NO_TITULAR_OCASIONAL,4
58627,DOCENTE,TECNICO_DOCENTE_APOYO,11
654350,ADMINISTRATIVO,AUXILIAR_AYUDANTE_OPERATIVO,3
662525,ADMINISTRATIVO,ASISTENCIA_SECRETARIAL_OFICINA,0
98956,ADMINISTRATIVO,AUXILIAR_AYUDANTE_OPERATIVO,3
57815,,,-1
56978,ADMINISTRATIVO,PROFESIONAL_ANALISTA,8
60260,DOCENTE,DOCENTE_NO_TITULAR_OCASIONAL,4
58711,DOCENTE,TECNICO_DOCENTE_APOYO,11
57573,ADMINISTRATIVO,ASISTENCIA_SECRETARIAL_OFICINA,0
658711,,,-1
58621,ADMINISTRATIVO,PROFESIONAL_ANALISTA,8
81396,,,-1
654356,DOCENTE,DOCENTE_NO_TITULAR_OCASIONAL,4
57365,DOCENTE,TECNICO_DOCENTE_APOYO,11
94835,DOCENTE,TECNICO_DOCENTE_APOYO,11
644484,DOCENTE,TECNICO_DOCENTE_APOYO,11
59818,DOCENTE,TECNICO_DOCENTE_APOYO,11
662184,DOCENTE,TECNICO_DOCENTE_APOYO,11
655995,ADMINISTRATIVO,AUXILIAR_AYUDANTE_OPERATIVO,3
664272,,,-1
59557,DOCENTE,TECNICO_DOCENTE_APOYO,11
57406,ADMINISTRATIVO,PROFESIONAL_ANALISTA,8
57586,ADMINISTRATIVO,ASISTENCIA_SECRETARIAL_OFICINA,0
56825,ADMINISTRATIVO,PROFESIONAL_ESPECIALIZADO_TECNICO,9
659628,,,-1
653835,ADMINISTRATIVO,TECNICO_OPERATIVO_MANTENIMIENTO,12
58841,ADMINISTRATIVO,ASISTENCIA_SECRETARIAL_OFICINA,0
55817,DOCENTE,TECNICO_DOCENTE_APOYO,11
54860,ADMINISTRATIVO,PROFESIONAL_ANALISTA,8
652954,,,-1
653815,ADMINISTRATIVO,AUXILIAR_AYUDANTE_OPERATIVO,3
654576,,,-1
58795,DOCENTE,DOCENTE_NO_TITULAR_OCASIONAL,4
636036,,,-1
659821,,,-1
59752,ADMINISTRATIVO,PROFESIONAL_ANALISTA,8
61229,,,-1
659646,,,-1
59788,ADMINISTRATIVO,PROFESIONAL_ANALISTA,8
73504,DOCENTE,TECNICO_DOCENTE_APOYO,11
59217,DOCENTE,TECNICO_DOCENTE_APOYO,11
59988,DOCENTE,TECNICO_DOCENTE_APOYO,11
658367,,,-1
57700,DOCENTE,TECNICO_DOCENTE_APOYO,11
59468,DOCENTE,TECNICO_DOCENTE_APOYO,11
59834,,,-1
60737,ADMINISTRATIVO,PROFESIONAL_ANALISTA,8
59216,DOCENTE,DOCENTE_NO_TITULAR_OCASIONAL,4
59450,ADMINISTRATIVO,OTROS_AA,7
59524,ADMINISTRATIVO,PROFESIONAL_ANALISTA,8
60347,DOCENTE,DOCENTE_TITULAR_CARRERA,5
67520,ADMINISTRATIVO,TECNICO_OPERATIVO_MANTENIMIENTO,12
60112,DOCENTE,TECNICO_DOCENTE_APOYO,11
58629,DOCENTE,DOCENTE_NO_TITULAR_OCASIONAL,4
59104,DOCENTE,DOCENTE_NO_TITULAR_OCASIONAL,4
56408,ADMINISTRATIVO,PROFESIONAL_ANALISTA,8
58710,DOCENTE,DOCENTE_NO_TITULAR_OCASIONAL,4
56639,DOCENTE,DOCENTE_NO_TITULAR_OCASIONAL,4
655998,ADMINISTRATIVO,AUXILIAR_AYUDANTE_OPERATIVO,3
59495,DOCENTE,DOCENTE_TITULAR_CARRERA,5
58819,DOCENTE,DOCENTE_NO_TITULAR_OCASIONAL,4
61199,DOCENTE,DOCENTE_TITULAR_CARRERA,5
659586,,,-1
56415,ADMINISTRATIVO,PROFESIONAL_ANALISTA,8
58609,DOCENTE,DOCENTE_NO_TITULAR_OCASIONAL,4
57640,ADMINISTRATIVO,ASISTENCIA_SECRETARIAL_OFICINA,0
59691,DOCENTE,TECNICO_DOCENTE_APOYO,11
59794,DOCENTE,DOCENTE_NO_TITULAR_OCASIONAL,4
60638,ADMINISTRATIVO,ASISTENCIA_SECRETARIAL_OFICINA,0
24479,DOCENTE,DOCENTE_NO_TITULAR_OCASIONAL,4
58867,DOCENTE,TECNICO_DOCENTE_APOYO,11
68247,DOCENTE,TECNICO_DOCENTE_APOYO,11
658690,,,-1
677460,DOCENTE,DOCENTE_NO_TITULAR_OCASIONAL,4
60263,DOCENTE,TECNICO_DOCENTE_APOYO,11
56935,DOCENTE,TECNICO_DOCENTE_APOYO,11
634530,ADMINISTRATIVO,AUTORIDAD_ADMINISTRATIVA_SUPERIOR,2
59239,DOCENTE,DOCENTE_NO_TITULAR_OCASIONAL,4
61079,ADMINISTRATIVO,PROFESIONAL_ANALISTA,8
656795,,,-1
60408,DOCENTE,TECNICO_DOCENTE_APOYO,11
60020,DOCENTE,DOCENTE_NO_TITULAR_OCASIONAL,4
56893,ADMINISTRATIVO,ASISTENCIA_SECRETARIAL_OFICINA,0
58818,,,-1
59853,ADMINISTRATIVO,ASISTENCIA_SECRETARIAL_OFICINA,0
659583,,,-1
58939,DOCENTE,TECNICO_DOCENTE_APOYO,11
662846,ADMINISTRATIVO,PROFESIONAL_ESPECIALIZADO_TECNICO,9
97473,DOCENTE,DOCENTE_NO_TITULAR_OCASIONAL,4
59660,DOCENTE,DOCENTE_NO_TITULAR_OCASIONAL,4
637327,ADMINISTRATIVO,TECNICO_OPERATIVO_MANTENIMIENTO,12
59110,,,-1
677461,DOCENTE,DOCENTE_NO_TITULAR_OCASIONAL,4
96491,ADMINISTRATIVO,PROFESIONAL_ANALISTA,8
59774,ADMINISTRATIVO,PROFESIONAL_ANALISTA,8
68191,DOCENTE,DOCENTE_NO_TITULAR_OCASIONAL,4
59234,DOCENTE,DOCENTE_TITULAR_CARRERA,5
60381,DOCENTE,TECNICO_DOCENTE_APOYO,11
66174,DOCENTE,DOCENTE_NO_TITULAR_OCASIONAL,4
73618,ADMINISTRATIVO,PROFESIONAL_ANALISTA,8
665300,,,-1
653004,ADMINISTRATIVO,ASISTENCIA_SECRETARIAL_OFICINA,0
102968,DOCENTE,DOCENTE_NO_TITULAR_OCASIONAL,4
652921,ADMINISTRATIVO,AUXILIAR_AYUDANTE_OPERATIVO,3
59525,DOCENTE,DOCENTE_NO_TITULAR_OCASIONAL,4
74154,,,-1
59237,DOCENTE,DOCENTE_NO_TITULAR_OCASIONAL,4
642847,ADMINISTRATIVO,ASISTENCIA_SECRETARIAL_OFICINA,0
59958,DOCENTE,DOCENTE_NO_TITULAR_OCASIONAL,4
58645,DOCENTE,DOCENTE_NO_TITULAR_OCASIONAL,4
658663,,,-1
65530,ADMINISTRATIVO,ASISTENCIA_SECRETARIAL_OFICINA,0
76217,ADMINISTRATIVO,PROFESIONAL_ANALISTA,8
64647,DOCENTE,DOCENTE_TITULAR_CARRERA,5
60306,DOCENTE,DOCENTE_NO_TITULAR_OCASIONAL,4
64657,DOCENTE,DOCENTE_TITULAR_CARRERA,5
662774,,,-1
658125,,,-1
59904,ADMINISTRATIVO,PROFESIONAL_ANALISTA,8
61032,,,-1
98299,ADMINISTRATIVO,AUXILIAR_AYUDANTE_OPERATIVO,3
66546,ADMINISTRATIVO,ASISTENCIA_SECRETARIAL_OFICINA,0
73533,ADMINISTRATIVO,PROFESIONAL_ANALISTA,8
66078,DOCENTE,DOCENTE_NO_TITULAR_OCASIONAL,4
66037,DOCENTE,DOCENTE_NO_TITULAR_OCASIONAL,4
61323,ADMINISTRATIVO,PROFESIONAL_ANALISTA,8
647555,,,-1
65944,,,-1
634801,DOCENTE,DOCENTE_TITULAR_CARRERA,5
652563,DOCENTE,DOCENTE_NO_TITULAR_OCASIONAL,4
59980,,,-1
65191,DOCENTE,TECNICO_DOCENTE_APOYO,11
73384,,,-1
665432,DOCENTE,DOCENTE_NO_TITULAR_OCASIONAL,4
65745,DOCENTE,TECNICO_DOCENTE_APOYO,11
65380,DOCENTE,DOCENTE_NO_TITULAR_OCASIONAL,4
60838,DOCENTE,TECNICO_DOCENTE_APOYO,11
659674,DOCENTE,DOCENTE_NO_TITULAR_OCASIONAL,4
59754,DOCENTE,TECNICO_DOCENTE_APOYO,11
647813,DOCENTE,TECNICO_DOCENTE_APOYO,11
59964,DOCENTE,DOCENTE_NO_TITULAR_OCASIONAL,4
73563,ADMINISTRATIVO,PROFESIONAL_ANALISTA,8
67973,DOCENTE,TECNICO_DOCENTE_APOYO,11
634614,ADMINISTRATIVO,PROFESIONAL_ANALISTA,8
66201,DOCENTE,TECNICO_DOCENTE_APOYO,11
550294,ADMINISTRATIVO,AUXILIAR_AYUDANTE_OPERATIVO,3
59955,DOCENTE,TECNICO_DOCENTE_APOYO,11
65359,DOCENTE,DOCENTE_NO_TITULAR_OCASIONAL,4
65898,,,-1
644211,DOCENTE,TECNICO_DOCENTE_APOYO,11
653770,DOCENTE,TECNICO_DOCENTE_APOYO,11
656785,,,-1
65182,ADMINISTRATIVO,PROFESIONAL_ANALISTA,8
66209,DOCENTE,DOCENTE_NO_TITULAR_OCASIONAL,4
66205,DOCENTE,TECNICO_DOCENTE_APOYO,11
644382,DOCENTE,DOCENTE_NO_TITULAR_OCASIONAL,4
74967,,,-1
66041,DOCENTE,TECNICO_DOCENTE_APOYO,11
58670,,,-1
61359,DOCENTE,DOCENTE_NO_TITULAR_OCASIONAL,4
634762,ADMINISTRATIVO,TECNICO_OPERATIVO_MANTENIMIENTO,12
59966,,,-1
66025,DOCENTE,DOCENTE_NO_TITULAR_OCASIONAL,4
65367,DOCENTE,DOCENTE_TITULAR_CARRERA,5
658688,,,-1
662717,DOCENTE,DOCENTE_NO_TITULAR_OCASIONAL,4
90862,ADMINISTRATIVO,TECNICO_OPERATIVO_MANTENIMIENTO,12
65364,DOCENTE,DOCENTE_NO_TITULAR_OCASIONAL,4
65378,DOCENTE,DOCENTE_NO_TITULAR_OCASIONAL,4
65363,DOCENTE,TECNICO_DOCENTE_APOYO,11
60687,DOCENTE,TECNICO_DOCENTE_APOYO,11
65357,DOCENTE,DOCENTE_NO_TITULAR_OCASIONAL,4
59822,DOCENTE,TECNICO_DOCENTE_APOYO,11
651513,DOCENTE,DOCENTE_NO_TITULAR_OCASIONAL,4
662829,ADMINISTRATIVO,ASISTENCIA_SECRETARIAL_OFICINA,0
659622,ADMINISTRATIVO,PROFESIONAL_ESPECIALIZADO_TECNICO,9
639460,DOCENTE,TECNICO_DOCENTE_APOYO,11
91014,DOCENTE,DOCENTE_NO_TITULAR_OCASIONAL,4
65192,DOCENTE,TECNICO_DOCENTE_APOYO,11
66177,DOCENTE,DOCENTE_NO_TITULAR_OCASIONAL,4
634588,DOCENTE,TECNICO_DOCENTE_APOYO,11
663105,ADMINISTRATIVO,JEFATURA_SUPERVISION_OPERATIVA,6
68186,DOCENTE,TECNICO_DOCENTE_APOYO,11
60187,DOCENTE,TECNICO_DOCENTE_APOYO,11
98297,ADMINISTRATIVO,AUXILIAR_AYUDANTE_OPERATIVO,3
73677,ADMINISTRATIVO,ASISTENCIA_SECRETARIAL_OFICINA,0
74221,DOCENTE,TECNICO_DOCENTE_APOYO,11
652979,,,-1
65177,,,-1
66011,DOCENTE,TECNICO_DOCENTE_APOYO,11
647105,ADMINISTRATIVO,PROFESIONAL_ANALISTA,8
63189,ADMINISTRATIVO,ASISTENCIA_SECRETARIAL_OFICINA,0
658363,DOCENTE,TECNICO_DOCENTE_APOYO,11
74389,,,-1
66284,ADMINISTRATIVO,TECNICO_OPERATIVO_MANTENIMIENTO,12
638404,,,-1
60168,ADMINISTRATIVO,PROFESIONAL_ANALISTA,8
74288,,,-1
73548,ADMINISTRATIVO,AUTORIDAD_ADMINISTRATIVA_SUPERIOR,2
65520,ADMINISTRATIVO,PROFESIONAL_ANALISTA,8
634593,DOCENTE,TECNICO_DOCENTE_APOYO,11
73562,,,-1
653852,DOCENTE,DOCENTE_NO_TITULAR_OCASIONAL,4
65521,ADMINISTRATIVO,TECNICO_OPERATIVO_MANTENIMIENTO,12
66062,DOCENTE,DOCENTE_NO_TITULAR_OCASIONAL,4
662149,,,-1
655997,ADMINISTRATIVO,AUXILIAR_AYUDANTE_OPERATIVO,3
656003,ADMINISTRATIVO,PROFESIONAL_ESPECIALIZADO_TECNICO,9
60474,DOCENTE,DOCENTE_NO_TITULAR_OCASIONAL,4
660727,DOCENTE,DOCENTE_NO_TITULAR_OCASIONAL,4
60402,DOCENTE,TECNICO_DOCENTE_APOYO,11
654580,,,-1
66149,DOCENTE,DOCENTE_NO_TITULAR_OCASIONAL,4
68232,DOCENTE,TECNICO_DOCENTE_APOYO,11
90825,,,-1
73495,DOCENTE,TECNICO_DOCENTE_APOYO,11
65828,DOCENTE,DOCENTE_NO_TITULAR_OCASIONAL,4
68084,DOCENTE,DOCENTE_NO_TITULAR_OCASIONAL,4
73767,ADMINISTRATIVO,JEFATURA_SUPERVISION_OPERATIVA,6
659653,ADMINISTRATIVO,PROFESIONAL_ANALISTA,8
73422,ADMINISTRATIVO,PROFESIONAL_ANALISTA,8
74424,ADMINISTRATIVO,TECNICO_OPERATIVO_MANTENIMIENTO,12
82513,,,-1
74205,ADMINISTRATIVO,PROFESIONAL_ANALISTA,8
68616,,,-1
656002,ADMINISTRATIVO,PROFESIONAL_ESPECIALIZADO_TECNICO,9
666633,DOCENTE,TECNICO_DOCENTE_APOYO,11
73763,DOCENTE,TECNICO_DOCENTE_APOYO,11
103143,ADMINISTRATIVO,TECNICO_OPERATIVO_MANTENIMIENTO,12
81761,DOCENTE,DOCENTE_NO_TITULAR_OCASIONAL,4
634625,DOCENTE,TECNICO_DOCENTE_APOYO,11
659664,DOCENTE,TECNICO_DOCENTE_APOYO,11
71002,,,-1
642094,,,-1
68741,,,-1
60114,DOCENTE,DOCENTE_TITULAR_CARRERA,5
73837,DOCENTE,DOCENTE_NO_TITULAR_OCASIONAL,4
73742,ADMINISTRATIVO,SERVICIOS_GENERALES_OFICIOS,10
634728,DOCENTE,TECNICO_DOCENTE_APOYO,11
634661,DOCENTE,DOCENTE_NO_TITULAR_OCASIONAL,4
669374,,,-1
73803,DOCENTE,DOCENTE_NO_TITULAR_OCASIONAL,4
639558,,,-1
73485,DOCENTE,TECNICO_DOCENTE_APOYO,11
73639,ADMINISTRATIVO,PROFESIONAL_ANALISTA,8
639791,DOCENTE,DOCENTE_NO_TITULAR_OCASIONAL,4
65565,,,-1
73753,,,-1
102970,DOCENTE,DOCENTE_NO_TITULAR_OCASIONAL,4
639500,DOCENTE,TECNICO_DOCENTE_APOYO,11
660685,ADMINISTRATIVO,TECNICO_OPERATIVO_MANTENIMIENTO,12
658682,,,-1
665145,DOCENTE,TECNICO_DOCENTE_APOYO,11
74185,ADMINISTRATIVO,PROFESIONAL_ANALISTA,8
65904,ADMINISTRATIVO,PROFESIONAL_ANALISTA,8
103218,ADMINISTRATIVO,SERVICIOS_GENERALES_OFICIOS,10
95548,ADMINISTRATIVO,ASISTENCIA_SECRETARIAL_OFICINA,0
662688,DOCENTE,TECNICO_DOCENTE_APOYO,11
74410,ADMINISTRATIVO,ASISTENCIA_SECRETARIAL_OFICINA,0
655779,DOCENTE,TECNICO_DOCENTE_APOYO,11
73836,,,-1
73427,DOCENTE,DOCENTE_NO_TITULAR_OCASIONAL,4
99852,ADMINISTRATIVO,PROFESIONAL_ANALISTA,8
91688,,,-1
73498,DOCENTE,DOCENTE_NO_TITULAR_OCASIONAL,4
73782,ADMINISTRATIVO,PROFESIONAL_ANALISTA,8
668363,DOCENTE,DOCENTE_TITULAR_CARRERA,5
85583,,,-1
642325,DOCENTE,TECNICO_DOCENTE_APOYO,11
66315,DOCENTE,DOCENTE_NO_TITULAR_OCASIONAL,4
73833,,,-1
654509,,,-1
639243,DOCENTE,TECNICO_DOCENTE_APOYO,11
634579,DOCENTE,TECNICO_DOCENTE_APOYO,11
74289,ADMINISTRATIVO,PROFESIONAL_ANALISTA,8
662851,,,-1
74334,DOCENTE,TECNICO_DOCENTE_APOYO,11
71044,DOCENTE,TECNICO_DOCENTE_APOYO,11
639213,DOCENTE,TECNICO_DOCENTE_APOYO,11
97762,ADMINISTRATIVO,PROFESIONAL_ANALISTA,8
646897,ADMINISTRATIVO,ASISTENCIA_SECRETARIAL_OFICINA,0
638933,DOCENTE,TECNICO_DOCENTE_APOYO,11
654527,ADMINISTRATIVO,ASISTENCIA_SECRETARIAL_OFICINA,0
73683,ADMINISTRATIVO,PROFESIONAL_ANALISTA,8
634521,DOCENTE,TECNICO_DOCENTE_APOYO,11
638611,DOCENTE,TECNICO_DOCENTE_APOYO,11
639790,,,-1
69419,,,-1
74261,DOCENTE,DOCENTE_NO_TITULAR_OCASIONAL,4
643195,,,-1
634492,DOCENTE,TECNICO_DOCENTE_APOYO,11
644316,,,-1
73466,DOCENTE,DOCENTE_NO_TITULAR_OCASIONAL,4
72101,DOCENTE,TECNICO_DOCENTE_APOYO,11
73609,DOCENTE,TECNICO_DOCENTE_APOYO,11
634748,,,-1
639423,ADMINISTRATIVO,ASISTENCIA_SECRETARIAL_OFICINA,0
634645,DOCENTE,TECNICO_DOCENTE_APOYO,11
656781,ADMINISTRATIVO,PROFESIONAL_ANALISTA,8
639024,DOCENTE,TECNICO_DOCENTE_APOYO,11
654402,ADMINISTRATIVO,TECNICO_OPERATIVO_MANTENIMIENTO,12
677462,DOCENTE,DOCENTE_NO_TITULAR_OCASIONAL,4
645202,,,-1
73526,ADMINISTRATIVO,PROFESIONAL_ANALISTA,8
73831,,,-1
649630,ADMINISTRATIVO,ASISTENCIA_SECRETARIAL_OFICINA,0
654351,ADMINISTRATIVO,AUXILIAR_AYUDANTE_OPERATIVO,3
634473,,,-1
634709,DOCENTE,TECNICO_DOCENTE_APOYO,11
643248,DOCENTE,DOCENTE_NO_TITULAR_OCASIONAL,4
73646,ADMINISTRATIVO,PROFESIONAL_ANALISTA,8
73715,DOCENTE,TECNICO_DOCENTE_APOYO,11
634773,DOCENTE,TECNICO_DOCENTE_APOYO,11
73724,ADMINISTRATIVO,PROFESIONAL_ANALISTA,8
84005,ADMINISTRATIVO,ASISTENCIA_SECRETARIAL_OFICINA,0
73799,DOCENTE,DOCENTE_NO_TITULAR_OCASIONAL,4
71027,ADMINISTRATIVO,PROFESIONAL_ANALISTA,8
75199,ADMINISTRATIVO,PROFESIONAL_ANALISTA,8
643247,ADMINISTRATIVO,TECNICO_OPERATIVO_MANTENIMIENTO,12
73396,DOCENTE,TECNICO_DOCENTE_APOYO,11
643396,DOCENTE,TECNICO_DOCENTE_APOYO,11
69846,DOCENTE,TECNICO_DOCENTE_APOYO,11
639250,DOCENTE,TECNICO_DOCENTE_APOYO,11
638781,,,-1
638504,DOCENTE,DOCENTE_NO_TITULAR_OCASIONAL,4
97687,ADMINISTRATIVO,PROFESIONAL_ANALISTA,8
73399,DOCENTE,DOCENTE_NO_TITULAR_OCASIONAL,4
660654,,,-1
73369,ADMINISTRATIVO,ASISTENCIA_SECRETARIAL_OFICINA,0
71557,,,-1
83284,,,-1
634789,DOCENTE,TECNICO_DOCENTE_APOYO,11
73569,DOCENTE,DOCENTE_NO_TITULAR_OCASIONAL,4
644365,DOCENTE,TECNICO_DOCENTE_APOYO,11
642404,DOCENTE,TECNICO_DOCENTE_APOYO,11
74257,DOCENTE,DOCENTE_NO_TITULAR_OCASIONAL,4
662864,ADMINISTRATIVO,TECNICO_OPERATIVO_MANTENIMIENTO,12
642062,,,-1
662110,,,-1
662109,DOCENTE,DOCENTE_NO_TITULAR_OCASIONAL,4
639176,DOCENTE,DOCENTE_NO_TITULAR_OCASIONAL,4
639269,DOCENTE,TECNICO_DOCENTE_APOYO,11
634797,DOCENTE,TECNICO_DOCENTE_APOYO,11
643053,,,-1
642433,DOCENTE,TECNICO_DOCENTE_APOYO,11
639300,DOCENTE,DOCENTE_NO_TITULAR_OCASIONAL,4
638638,ADMINISTRATIVO,ASISTENCIA_SECRETARIAL_OFICINA,0
634684,ADMINISTRATIVO,AUXILIAR_AYUDANTE_OPERATIVO,3
94929,ADMINISTRATIVO,PROFESIONAL_ESPECIALIZADO_TECNICO,9
70986,,,-1
78638,ADMINISTRATIVO,TECNICO_OPERATIVO_MANTENIMIENTO,12
642311,DOCENTE,DOCENTE_NO_TITULAR_OCASIONAL,4
638903,,,-1
643054,DOCENTE,TECNICO_DOCENTE_APOYO,11
644312,DOCENTE,TECNICO_DOCENTE_APOYO,11
634587,DOCENTE,TECNICO_DOCENTE_APOYO,11
638661,DOCENTE,TECNICO_DOCENTE_APOYO,11
659590,ADMINISTRATIVO,PROFESIONAL_ANALISTA,8
683663,,,-1
634493,DOCENTE,TECNICO_DOCENTE_APOYO,11
645471,ADMINISTRATIVO,TECNICO_OPERATIVO_MANTENIMIENTO,12
639501,DOCENTE,DOCENTE_NO_TITULAR_OCASIONAL,4
659680,DOCENTE,DOCENTE_NO_TITULAR_OCASIONAL,4
643789,DOCENTE,DOCENTE_NO_TITULAR_OCASIONAL,4
660730,DOCENTE,DOCENTE_NO_TITULAR_OCASIONAL,4
638513,DOCENTE,TECNICO_DOCENTE_APOYO,11
638941,DOCENTE,DOCENTE_NO_TITULAR_OCASIONAL,4
639308,DOCENTE,TECNICO_DOCENTE_APOYO,11
646794,ADMINISTRATIVO,TECNICO_OPERATIVO_MANTENIMIENTO,12
669476,DOCENTE,TECNICO_DOCENTE_APOYO,11
639198,DOCENTE,DOCENTE_NO_TITULAR_OCASIONAL,4
644630,ADMINISTRATIVO,PROFESIONAL_ANALISTA,8
643699,ADMINISTRATIVO,ASISTENCIA_SECRETARIAL_OFICINA,0
643537,,,-1
74517,ADMINISTRATIVO,TECNICO_OPERATIVO_MANTENIMIENTO,12
642192,DOCENTE,TECNICO_DOCENTE_APOYO,11
97562,DOCENTE,TECNICO_DOCENTE_APOYO,11
658687,ADMINISTRATIVO,PROFESIONAL_ANALISTA,8
642382,DOCENTE,TECNICO_DOCENTE_APOYO,11
648455,DOCENTE,TECNICO_DOCENTE_APOYO,11
639257,DOCENTE,TECNICO_DOCENTE_APOYO,11
638937,DOCENTE,TECNICO_DOCENTE_APOYO,11
73790,ADMINISTRATIVO,PROFESIONAL_ANALISTA,8
639304,,,-1
639425,DOCENTE,TECNICO_DOCENTE_APOYO,11
643578,DOCENTE,TECNICO_DOCENTE_APOYO,11
638921,DOCENTE,TECNICO_DOCENTE_APOYO,11
644496,,,-1
638813,DOCENTE,DOCENTE_NO_TITULAR_OCASIONAL,4
634800,DOCENTE,TECNICO_DOCENTE_APOYO,11
643645,,,-1
638950,DOCENTE,TECNICO_DOCENTE_APOYO,11
70235,ADMINISTRATIVO,ASISTENCIA_SECRETARIAL_OFICINA,0
642424,DOCENTE,DOCENTE_NO_TITULAR_OCASIONAL,4
642252,DOCENTE,DOCENTE_NO_TITULAR_OCASIONAL,4
639058,DOCENTE,TECNICO_DOCENTE_APOYO,11
103216,ADMINISTRATIVO,SERVICIOS_GENERALES_OFICIOS,10
642966,DOCENTE,TECNICO_DOCENTE_APOYO,11
70475,,,-1
644606,DOCENTE,TECNICO_DOCENTE_APOYO,11
72297,DOCENTE,TECNICO_DOCENTE_APOYO,11
638396,ADMINISTRATIVO,ASISTENCIA_SECRETARIAL_OFICINA,0
646749,DOCENTE,TECNICO_DOCENTE_APOYO,11
656754,ADMINISTRATIVO,PROFESIONAL_ESPECIALIZADO_TECNICO,9
643773,DOCENTE,TECNICO_DOCENTE_APOYO,11
642985,ADMINISTRATIVO,TECNICO_OPERATIVO_MANTENIMIENTO,12
72321,DOCENTE,TECNICO_DOCENTE_APOYO,11
639454,ADMINISTRATIVO,PROFESIONAL_ANALISTA,8
643312,DOCENTE,TECNICO_DOCENTE_APOYO,11
638554,DOCENTE,TECNICO_DOCENTE_APOYO,11
639241,DOCENTE,TECNICO_DOCENTE_APOYO,11
642403,,,-1
643647,DOCENTE,TECNICO_DOCENTE_APOYO,11
639046,DOCENTE,TECNICO_DOCENTE_APOYO,11
642071,DOCENTE,TECNICO_DOCENTE_APOYO,11
642330,DOCENTE,TECNICO_DOCENTE_APOYO,11
639200,DOCENTE,TECNICO_DOCENTE_APOYO,11
654456,,,-1
643337,DOCENTE,TECNICO_DOCENTE_APOYO,11
643304,DOCENTE,TECNICO_DOCENTE_APOYO,11
643704,,,-1
643873,ADMINISTRATIVO,ASISTENCIA_SECRETARIAL_OFICINA,0
668010,DOCENTE,TECNICO_DOCENTE_APOYO,11
642127,DOCENTE,DOCENTE_NO_TITULAR_OCASIONAL,4
638474,ADMINISTRATIVO,PROFESIONAL_ANALISTA,8
642402,DOCENTE,TECNICO_DOCENTE_APOYO,11
644530,DOCENTE,TECNICO_DOCENTE_APOYO,11
97601,ADMINISTRATIVO,AUXILIAR_AYUDANTE_OPERATIVO,3
662511,,,-1
95540,ADMINISTRATIVO,TECNICO_OPERATIVO_MANTENIMIENTO,12
643480,DOCENTE,DOCENTE_NO_TITULAR_OCASIONAL,4
103096,DOCENTE,DOCENTE_NO_TITULAR_OCASIONAL,4
643361,DOCENTE,TECNICO_DOCENTE_APOYO,11
642219,DOCENTE,TECNICO_DOCENTE_APOYO,11
642360,DOCENTE,TECNICO_DOCENTE_APOYO,11
103213,ADMINISTRATIVO,SERVICIOS_GENERALES_OFICIOS,10
646776,ADMINISTRATIVO,TECNICO_OPERATIVO_MANTENIMIENTO,12
103211,ADMINISTRATIVO,PROFESIONAL_ANALISTA,8
644399,ADMINISTRATIVO,TECNICO_OPERATIVO_MANTENIMIENTO,12
82137,,,-1
643723,DOCENTE,TECNICO_DOCENTE_APOYO,11
654401,,,-1
645207,DOCENTE,TECNICO_DOCENTE_APOYO,11
644500,DOCENTE,TECNICO_DOCENTE_APOYO,11
659672,,,-1
639307,DOCENTE,DOCENTE_NO_TITULAR_OCASIONAL,4
644946,ADMINISTRATIVO,ASISTENCIA_SECRETARIAL_OFICINA,0
662857,ADMINISTRATIVO,PROFESIONAL_ESPECIALIZADO_TECNICO,9
642234,,,-1
644698,DOCENTE,TECNICO_DOCENTE_APOYO,11
639356,,,-1
82478,DOCENTE,TECNICO_DOCENTE_APOYO,11
79972,ADMINISTRATIVO,PROFESIONAL_ANALISTA,8
83678,ADMINISTRATIVO,PROFESIONAL_ANALISTA,8
642876,DOCENTE,TECNICO_DOCENTE_APOYO,11
644153,DOCENTE,TECNICO_DOCENTE_APOYO,11
645142,DOCENTE,TECNICO_DOCENTE_APOYO,11
643299,ADMINISTRATIVO,ASISTENCIA_SECRETARIAL_OFICINA,0
659582,DOCENTE,TECNICO_DOCENTE_APOYO,11
655925,DOCENTE,TECNICO_DOCENTE_APOYO,11
644623,ADMINISTRATIVO,TECNICO_OPERATIVO_MANTENIMIENTO,12
646695,DOCENTE,TECNICO_DOCENTE_APOYO,11
644384,DOCENTE,TECNICO_DOCENTE_APOYO,11
660716,ADMINISTRATIVO,PROFESIONAL_ESPECIALIZADO_TECNICO,9
644527,DOCENTE,TECNICO_DOCENTE_APOYO,11
654381,ADMINISTRATIVO,SERVICIOS_GENERALES_OFICIOS,10
659644,DOCENTE,DOCENTE_NO_TITULAR_OCASIONAL,4
643378,DOCENTE,TECNICO_DOCENTE_APOYO,11
643705,DOCENTE,TECNICO_DOCENTE_APOYO,11
649663,DOCENTE,TECNICO_DOCENTE_APOYO,11
662183,DOCENTE,TECNICO_DOCENTE_APOYO,11
638476,,,-1
643995,DOCENTE,TECNICO_DOCENTE_APOYO,11
646191,DOCENTE,TECNICO_DOCENTE_APOYO,11
77663,DOCENTE,TECNICO_DOCENTE_APOYO,11
638442,,,-1
638919,DOCENTE,TECNICO_DOCENTE_APOYO,11
644368,DOCENTE,TECNICO_DOCENTE_APOYO,11
658123,,,-1
644281,DOCENTE,TECNICO_DOCENTE_APOYO,11
659665,DOCENTE,TECNICO_DOCENTE_APOYO,11
645597,,,-1
642880,,,-1
643421,DOCENTE,DOCENTE_NO_TITULAR_OCASIONAL,4
645261,DOCENTE,TECNICO_DOCENTE_APOYO,11
667562,DOCENTE,TECNICO_DOCENTE_APOYO,11
654412,ADMINISTRATIVO,ASISTENCIA_SECRETARIAL_OFICINA,0
643656,DOCENTE,TECNICO_DOCENTE_APOYO,11
644521,DOCENTE,TECNICO_DOCENTE_APOYO,11
658370,ADMINISTRATIVO,PROFESIONAL_ESPECIALIZADO_TECNICO,9
644388,DOCENTE,TECNICO_DOCENTE_APOYO,11
677434,DOCENTE,TECNICO_DOCENTE_APOYO,11
643742,DOCENTE,TECNICO_DOCENTE_APOYO,11
660657,,,-1
644440,DOCENTE,TECNICO_DOCENTE_APOYO,11
642861,,,-1
643333,DOCENTE,TECNICO_DOCENTE_APOYO,11
643204,ADMINISTRATIVO,ASISTENCIA_SECRETARIAL_OFICINA,0
647711,DOCENTE,TECNICO_DOCENTE_APOYO,11
662510,DOCENTE,TECNICO_DOCENTE_APOYO,11
644158,DOCENTE,TECNICO_DOCENTE_APOYO,11
639057,DOCENTE,TECNICO_DOCENTE_APOYO,11
645553,DOCENTE,TECNICO_DOCENTE_APOYO,11
646785,DOCENTE,TECNICO_DOCENTE_APOYO,11
658705,,,-1
643498,DOCENTE,TECNICO_DOCENTE_APOYO,11
643117,DOCENTE,DOCENTE_NO_TITULAR_OCASIONAL,4
643321,DOCENTE,TECNICO_DOCENTE_APOYO,11
643058,ADMINISTRATIVO,ASISTENCIA_SECRETARIAL_OFICINA,0
644298,ADMINISTRATIVO,PROFESIONAL_ANALISTA,8
646751,ADMINISTRATIVO,TECNICO_OPERATIVO_MANTENIMIENTO,12
643519,,,-1
638753,,,-1
643587,DOCENTE,TECNICO_DOCENTE_APOYO,11
648247,DOCENTE,TECNICO_DOCENTE_APOYO,11
662771,DOCENTE,TECNICO_DOCENTE_APOYO,11
645159,DOCENTE,TECNICO_DOCENTE_APOYO,11
643034,,,-1
646891,,,-1
654379,DOCENTE,TECNICO_DOCENTE_APOYO,11
658674,DOCENTE,DOCENTE_NO_TITULAR_OCASIONAL,4
644571,DOCENTE,TECNICO_DOCENTE_APOYO,11
643377,DOCENTE,TECNICO_DOCENTE_APOYO,11
643166,ADMINISTRATIVO,ASISTENCIA_SECRETARIAL_OFICINA,0
645293,DOCENTE,TECNICO_DOCENTE_APOYO,11
643715,DOCENTE,TECNICO_DOCENTE_APOYO,11
649396,DOCENTE,TECNICO_DOCENTE_APOYO,11
653816,ADMINISTRATIVO,PROFESIONAL_ANALISTA,8
644579,DOCENTE,TECNICO_DOCENTE_APOYO,11
645513,DOCENTE,TECNICO_DOCENTE_APOYO,11
649411,DOCENTE,TECNICO_DOCENTE_APOYO,11
96289,ADMINISTRATIVO,PROFESIONAL_ANALISTA,8
75870,,,-1
647525,,,-1
643061,DOCENTE,TECNICO_DOCENTE_APOYO,11
643309,DOCENTE,DOCENTE_NO_TITULAR_OCASIONAL,4
95541,ADMINISTRATIVO,TECNICO_OPERATIVO_MANTENIMIENTO,12
643726,DOCENTE,DOCENTE_NO_TITULAR_OCASIONAL,4
644406,DOCENTE,TECNICO_DOCENTE_APOYO,11
662490,DOCENTE,TECNICO_DOCENTE_APOYO,11
643562,DOCENTE,TECNICO_DOCENTE_APOYO,11
643322,ADMINISTRATIVO,PROFESIONAL_ANALISTA,8
645138,,,-1
646835,DOCENTE,TECNICO_DOCENTE_APOYO,11
646418,DOCENTE,DOCENTE_NO_TITULAR_OCASIONAL,4
658694,ADMINISTRATIVO,PROFESIONAL_ESPECIALIZADO_TECNICO,9
659696,,,-1
643819,ADMINISTRATIVO,ASISTENCIA_SECRETARIAL_OFICINA,0
648036,DOCENTE,TECNICO_DOCENTE_APOYO,11
644387,DOCENTE,TECNICO_DOCENTE_APOYO,11
646401,ADMINISTRATIVO,TECNICO_OPERATIVO_MANTENIMIENTO,12
646525,DOCENTE,TECNICO_DOCENTE_APOYO,11
94437,DOCENTE,TECNICO_DOCENTE_APOYO,11
643351,DOCENTE,TECNICO_DOCENTE_APOYO,11
78961,,,-1
644516,DOCENTE,DOCENTE_NO_TITULAR_OCASIONAL,4
646196,DOCENTE,TECNICO_DOCENTE_APOYO,11
647957,DOCENTE,TECNICO_DOCENTE_APOYO,11
77511,ADMINISTRATIVO,PROFESIONAL_ESPECIALIZADO_TECNICO,9
646135,,,-1
646025,DOCENTE,DOCENTE_NO_TITULAR_OCASIONAL,4
645372,,,-1
646043,ADMINISTRATIVO,ASISTENCIA_SECRETARIAL_OFICINA,0
642871,DOCENTE,TECNICO_DOCENTE_APOYO,11
645627,DOCENTE,TECNICO_DOCENTE_APOYO,11
646567,ADMINISTRATIVO,ASISTENCIA_SECRETARIAL_OFICINA,0
646410,,,-1
645317,ADMINISTRATIVO,TECNICO_OPERATIVO_MANTENIMIENTO,12
98838,DOCENTE,TECNICO_DOCENTE_APOYO,11
642958,,,-1
645992,,,-1
647678,DOCENTE,TECNICO_DOCENTE_APOYO,11
647524,DOCENTE,TECNICO_DOCENTE_APOYO,11
659699,,,-1
648129,ADMINISTRATIVO,PROFESIONAL_ANALISTA,8
646256,DOCENTE,TECNICO_DOCENTE_APOYO,11
75576,,,-1
645468,DOCENTE,TECNICO_DOCENTE_APOYO,11
75964,DOCENTE,TECNICO_DOCENTE_APOYO,11
643308,DOCENTE,TECNICO_DOCENTE_APOYO,11
662720,,,-1
647862,ADMINISTRATIVO,ASISTENCIA_SECRETARIAL_OFICINA,0
648282,DOCENTE,TECNICO_DOCENTE_APOYO,11
649436,DOCENTE,TECNICO_DOCENTE_APOYO,11
648076,DOCENTE,TECNICO_DOCENTE_APOYO,11
95878,DOCENTE,TECNICO_DOCENTE_APOYO,11
645395,ADMINISTRATIVO,ASISTENCIA_SECRETARIAL_OFICINA,0
645686,,,-1
658706,,,-1
647234,DOCENTE,TECNICO_DOCENTE_APOYO,11
647473,,,-1
644526,DOCENTE,DOCENTE_NO_TITULAR_OCASIONAL,4
644262,DOCENTE,TECNICO_DOCENTE_APOYO,11
647592,,,-1
648778,DOCENTE,TECNICO_DOCENTE_APOYO,11
645203,,,-1
646111,DOCENTE,TECNICO_DOCENTE_APOYO,11
648267,DOCENTE,TECNICO_DOCENTE_APOYO,11
646044,ADMINISTRATIVO,TECNICO_OPERATIVO_MANTENIMIENTO,12
646202,DOCENTE,TECNICO_DOCENTE_APOYO,11
662173,,,-1
666375,DOCENTE,DOCENTE_NO_TITULAR_OCASIONAL,4
646364,ADMINISTRATIVO,ASISTENCIA_SECRETARIAL_OFICINA,0
645433,,,-1
649373,DOCENTE,TECNICO_DOCENTE_APOYO,11
645277,DOCENTE,TECNICO_DOCENTE_APOYO,11
648513,DOCENTE,TECNICO_DOCENTE_APOYO,11
95491,ADMINISTRATIVO,ASISTENCIA_SECRETARIAL_OFICINA,0
645542,DOCENTE,TECNICO_DOCENTE_APOYO,11
646262,ADMINISTRATIVO,PROFESIONAL_ANALISTA,8
646881,DOCENTE,TECNICO_DOCENTE_APOYO,11
645561,,,-1
645214,DOCENTE,TECNICO_DOCENTE_APOYO,11
646222,DOCENTE,DOCENTE_NO_TITULAR_OCASIONAL,4
648047,DOCENTE,TECNICO_DOCENTE_APOYO,11
645867,,,-1
75755,DOCENTE,TECNICO_DOCENTE_APOYO,11
645089,DOCENTE,TECNICO_DOCENTE_APOYO,11
650462,ADMINISTRATIVO,ASISTENCIA_SECRETARIAL_OFICINA,0
96707,DOCENTE,TECNICO_DOCENTE_APOYO,11
96050,DOCENTE,TECNICO_DOCENTE_APOYO,11
647467,,,-1
75667,,,-1
96841,ADMINISTRATIVO,TECNICO_OPERATIVO_MANTENIMIENTO,12
76043,DOCENTE,TECNICO_DOCENTE_APOYO,11
646519,DOCENTE,DOCENTE_NO_TITULAR_OCASIONAL,4
647831,DOCENTE,TECNICO_DOCENTE_APOYO,11
647968,DOCENTE,TECNICO_DOCENTE_APOYO,11
650613,DOCENTE,TECNICO_DOCENTE_APOYO,11
665316,DOCENTE,TECNICO_DOCENTE_APOYO,11
648427,DOCENTE,TECNICO_DOCENTE_APOYO,11
98307,ADMINISTRATIVO,TECNICO_OPERATIVO_MANTENIMIENTO,12
658371,DOCENTE,TECNICO_DOCENTE_APOYO,11
646192,DOCENTE,DOCENTE_NO_TITULAR_OCASIONAL,4
647873,DOCENTE,TECNICO_DOCENTE_APOYO,11
654349,ADMINISTRATIVO,SERVICIOS_GENERALES_OFICIOS,10
646055,DOCENTE,TECNICO_DOCENTE_APOYO,11
649573,DOCENTE,TECNICO_DOCENTE_APOYO,11
75635,DOCENTE,DOCENTE_NO_TITULAR_OCASIONAL,4
647619,,,-1
75859,DOCENTE,TECNICO_DOCENTE_APOYO,11
646220,DOCENTE,TECNICO_DOCENTE_APOYO,11
647000,DOCENTE,TECNICO_DOCENTE_APOYO,11
647747,DOCENTE,TECNICO_DOCENTE_APOYO,11
644515,DOCENTE,TECNICO_DOCENTE_APOYO,11
649715,DOCENTE,TECNICO_DOCENTE_APOYO,11
648810,DOCENTE,TECNICO_DOCENTE_APOYO,11
647955,DOCENTE,TECNICO_DOCENTE_APOYO,11
658362,DOCENTE,DOCENTE_NO_TITULAR_OCASIONAL,4
75698,ADMINISTRATIVO,TECNICO_OPERATIVO_MANTENIMIENTO,12
649460,DOCENTE,TECNICO_DOCENTE_APOYO,11
658121,,,-1
645591,DOCENTE,TECNICO_DOCENTE_APOYO,11
662673,DOCENTE,TECNICO_DOCENTE_APOYO,11
644141,DOCENTE,TECNICO_DOCENTE_APOYO,11
664776,DOCENTE,TECNICO_DOCENTE_APOYO,11
649827,DOCENTE,TECNICO_DOCENTE_APOYO,11
650482,DOCENTE,TECNICO_DOCENTE_APOYO,11
646717,DOCENTE,TECNICO_DOCENTE_APOYO,11
659690,DOCENTE,DOCENTE_NO_TITULAR_OCASIONAL,4
648262,DOCENTE,TECNICO_DOCENTE_APOYO,11
82500,,,-1
643445,DOCENTE,TECNICO_DOCENTE_APOYO,11
669691,DOCENTE,TECNICO_DOCENTE_APOYO,11
659645,,,-1
98780,DOCENTE,TECNICO_DOCENTE_APOYO,11
647956,,,-1
646869,,,-1
658348,,,-1
77720,DOCENTE,TECNICO_DOCENTE_APOYO,11
650192,DOCENTE,TECNICO_DOCENTE_APOYO,11
646173,,,-1
649516,DOCENTE,DOCENTE_NO_TITULAR_OCASIONAL,4
648214,,,-1
75998,DOCENTE,TECNICO_DOCENTE_APOYO,11
649590,ADMINISTRATIVO,TECNICO_OPERATIVO_MANTENIMIENTO,12
75611,ADMINISTRATIVO,ASISTENCIA_SECRETARIAL_OFICINA,0
650129,DOCENTE,TECNICO_DOCENTE_APOYO,11
75701,DOCENTE,TECNICO_DOCENTE_APOYO,11
649917,,,-1
654463,,,-1
75751,DOCENTE,DOCENTE_NO_TITULAR_OCASIONAL,4
645153,DOCENTE,TECNICO_DOCENTE_APOYO,11
76069,DOCENTE,TECNICO_DOCENTE_APOYO,11
98311,ADMINISTRATIVO,SERVICIOS_GENERALES_OFICIOS,10
76092,DOCENTE,TECNICO_DOCENTE_APOYO,11
649875,,,-1
649634,DOCENTE,TECNICO_DOCENTE_APOYO,11
76072,DOCENTE,TECNICO_DOCENTE_APOYO,11
647734,,,-1
648775,DOCENTE,TECNICO_DOCENTE_APOYO,11
75561,,,-1
647795,,,-1
649592,DOCENTE,TECNICO_DOCENTE_APOYO,11
78314,DOCENTE,DOCENTE_NO_TITULAR_OCASIONAL,4
97926,DOCENTE,TECNICO_DOCENTE_APOYO,11
75739,DOCENTE,TECNICO_DOCENTE_APOYO,11
659596,DOCENTE,TECNICO_DOCENTE_APOYO,11
646521,DOCENTE,TECNICO_DOCENTE_APOYO,11
647788,,,-1
76115,DOCENTE,TECNICO_DOCENTE_APOYO,11
649825,ADMINISTRATIVO,TECNICO_OPERATIVO_MANTENIMIENTO,12
95471,DOCENTE,TECNICO_DOCENTE_APOYO,11
75804,DOCENTE,TECNICO_DOCENTE_APOYO,11
668132,DOCENTE,TECNICO_DOCENTE_APOYO,11
96041,,,-1
76065,DOCENTE,TECNICO_DOCENTE_APOYO,11
75709,ADMINISTRATIVO,PROFESIONAL_ANALISTA,8
78668,,,-1
75823,,,-1
662172,DOCENTE,TECNICO_DOCENTE_APOYO,11
662679,DOCENTE,TECNICO_DOCENTE_APOYO,11
75889,ADMINISTRATIVO,ASISTENCIA_SECRETARIAL_OFICINA,0
75747,DOCENTE,TECNICO_DOCENTE_APOYO,11
648659,,,-1
649788,DOCENTE,TECNICO_DOCENTE_APOYO,11
75750,DOCENTE,TECNICO_DOCENTE_APOYO,11
649778,DOCENTE,DOCENTE_NO_TITULAR_OCASIONAL,4
649921,DOCENTE,TECNICO_DOCENTE_APOYO,11
75838,DOCENTE,TECNICO_DOCENTE_APOYO,11
96064,DOCENTE,TECNICO_DOCENTE_APOYO,11
648005,DOCENTE,DOCENTE_NO_TITULAR_OCASIONAL,4
78305,DOCENTE,TECNICO_DOCENTE_APOYO,11
649829,DOCENTE,TECNICO_DOCENTE_APOYO,11
75852,,,-1
78381,DOCENTE,TECNICO_DOCENTE_APOYO,11
658721,,,-1
650143,DOCENTE,TECNICO_DOCENTE_APOYO,11
650342,DOCENTE,TECNICO_DOCENTE_APOYO,11
662147,ADMINISTRATIVO,ASISTENCIA_SECRETARIAL_OFICINA,0
77881,ADMINISTRATIVO,AUXILIAR_AYUDANTE_OPERATIVO,3
649836,DOCENTE,TECNICO_DOCENTE_APOYO,11
649708,DOCENTE,TECNICO_DOCENTE_APOYO,11
75738,DOCENTE,TECNICO_DOCENTE_APOYO,11
650114,ADMINISTRATIVO,ASISTENCIA_SECRETARIAL_OFICINA,0
95965,DOCENTE,TECNICO_DOCENTE_APOYO,11
78135,ADMINISTRATIVO,ASISTENCIA_SECRETARIAL_OFICINA,0
78308,,,-1
649470,,,-1
650168,DOCENTE,TECNICO_DOCENTE_APOYO,11
649631,DOCENTE,TECNICO_DOCENTE_APOYO,11
648265,DOCENTE,TECNICO_DOCENTE_APOYO,11
78066,DOCENTE,TECNICO_DOCENTE_APOYO,11
650194,ADMINISTRATIVO,ASISTENCIA_SECRETARIAL_OFICINA,0
77628,DOCENTE,TECNICO_DOCENTE_APOYO,11
649602,DOCENTE,TECNICO_DOCENTE_APOYO,11
649656,DOCENTE,DOCENTE_NO_TITULAR_OCASIONAL,4
75712,DOCENTE,TECNICO_DOCENTE_APOYO,11
78431,,,-1
96198,DOCENTE,TECNICO_DOCENTE_APOYO,11
653075,ADMINISTRATIVO,PROFESIONAL_ANALISTA,8
77764,DOCENTE,TECNICO_DOCENTE_APOYO,11
658126,,,-1
650090,DOCENTE,TECNICO_DOCENTE_APOYO,11
75543,DOCENTE,TECNICO_DOCENTE_APOYO,11
98590,ADMINISTRATIVO,TECNICO_OPERATIVO_MANTENIMIENTO,12
76024,DOCENTE,TECNICO_DOCENTE_APOYO,11
95830,DOCENTE,TECNICO_DOCENTE_APOYO,11
76063,DOCENTE,TECNICO_DOCENTE_APOYO,11
648569,ADMINISTRATIVO,PROFESIONAL_ANALISTA,8
75616,,,-1
668121,DOCENTE,TECNICO_DOCENTE_APOYO,11
649982,,,-1
78338,,,-1
656005,,,-1
649629,ADMINISTRATIVO,ASISTENCIA_SECRETARIAL_OFICINA,0
645979,,,-1
78220,DOCENTE,TECNICO_DOCENTE_APOYO,11
649635,DOCENTE,TECNICO_DOCENTE_APOYO,11
76093,DOCENTE,TECNICO_DOCENTE_APOYO,11
662044,DOCENTE,TECNICO_DOCENTE_APOYO,11
97328,DOCENTE,TECNICO_DOCENTE_APOYO,11
97195,DOCENTE,TECNICO_DOCENTE_APOYO,11
648667,DOCENTE,TECNICO_DOCENTE_APOYO,11
659652,,,-1
649359,,,-1
649600,DOCENTE,TECNICO_DOCENTE_APOYO,11
649603,ADMINISTRATIVO,TECNICO_OPERATIVO_MANTENIMIENTO,12
649383,DOCENTE,TECNICO_DOCENTE_APOYO,11
75696,,,-1
95791,,,-1
76104,DOCENTE,TECNICO_DOCENTE_APOYO,11
103215,ADMINISTRATIVO,AUXILIAR_AYUDANTE_OPERATIVO,3
77679,DOCENTE,TECNICO_DOCENTE_APOYO,11
669390,DOCENTE,TECNICO_DOCENTE_APOYO,11
95985,DOCENTE,TECNICO_DOCENTE_APOYO,11
78543,DOCENTE,TECNICO_DOCENTE_APOYO,11
95480,DOCENTE,TECNICO_DOCENTE_APOYO,11
95807,DOCENTE,TECNICO_DOCENTE_APOYO,11
95763,DOCENTE,TECNICO_DOCENTE_APOYO,11
95957,,,-1
658122,,,-1
77734,DOCENTE,TECNICO_DOCENTE_APOYO,11
75961,DOCENTE,DOCENTE_NO_TITULAR_OCASIONAL,4
78384,,,-1
82497,ADMINISTRATIVO,PROFESIONAL_ANALISTA,8
78513,ADMINISTRATIVO,PROFESIONAL_ANALISTA,8
98678,DOCENTE,TECNICO_DOCENTE_APOYO,11
78071,,,-1
98728,,,-1
97239,DOCENTE,TECNICO_DOCENTE_APOYO,11
652072,DOCENTE,TECNICO_DOCENTE_APOYO,11
78432,DOCENTE,TECNICO_DOCENTE_APOYO,11
95687,DOCENTE,TECNICO_DOCENTE_APOYO,11
660675,DOCENTE,TECNICO_DOCENTE_APOYO,11
95770,ADMINISTRATIVO,ASISTENCIA_SECRETARIAL_OFICINA,0
649650,DOCENTE,TECNICO_DOCENTE_APOYO,11
95677,,,-1
96137,DOCENTE,TECNICO_DOCENTE_APOYO,11
75946,DOCENTE,DOCENTE_NO_TITULAR_OCASIONAL,4
674610,DOCENTE,TECNICO_DOCENTE_APOYO,11
95712,,,-1
650162,DOCENTE,TECNICO_DOCENTE_APOYO,11
95923,DOCENTE,DOCENTE_NO_TITULAR_OCASIONAL,4
662157,DOCENTE,TECNICO_DOCENTE_APOYO,11
78479,ADMINISTRATIVO,PROFESIONAL_ANALISTA,8
96713,DOCENTE,TECNICO_DOCENTE_APOYO,11
658364,DOCENTE,TECNICO_DOCENTE_APOYO,11
96706,,,-1
95689,DOCENTE,TECNICO_DOCENTE_APOYO,11
75684,DOCENTE,TECNICO_DOCENTE_APOYO,11
76127,,,-1
101161,ADMINISTRATIVO,TECNICO_OPERATIVO_MANTENIMIENTO,12
78086,DOCENTE,TECNICO_DOCENTE_APOYO,11
96048,ADMINISTRATIVO,TECNICO_OPERATIVO_MANTENIMIENTO,12
77803,DOCENTE,TECNICO_DOCENTE_APOYO,11
78121,DOCENTE,TECNICO_DOCENTE_APOYO,11
96626,DOCENTE,TECNICO_DOCENTE_APOYO,11
77629,DOCENTE,TECNICO_DOCENTE_APOYO,11
75860,DOCENTE,TECNICO_DOCENTE_APOYO,11
665043,,,-1
77974,DOCENTE,TECNICO_DOCENTE_APOYO,11
655974,DOCENTE,TECNICO_DOCENTE_APOYO,11
77712,DOCENTE,TECNICO_DOCENTE_APOYO,11
75723,DOCENTE,TECNICO_DOCENTE_APOYO,11
95980,DOCENTE,TECNICO_DOCENTE_APOYO,11
96672,DOCENTE,TECNICO_DOCENTE_APOYO,11
75790,ADMINISTRATIVO,ASISTENCIA_SECRETARIAL_OFICINA,0
95746,DOCENTE,TECNICO_DOCENTE_APOYO,11
101236,ADMINISTRATIVO,ASISTENCIA_SECRETARIAL_OFICINA,0
96225,ADMINISTRATIVO,TECNICO_OPERATIVO_MANTENIMIENTO,12
98310,ADMINISTRATIVO,AUXILIAR_AYUDANTE_OPERATIVO,3
77935,DOCENTE,TECNICO_DOCENTE_APOYO,11
77940,,,-1
649920,,,-1
76094,DOCENTE,TECNICO_DOCENTE_APOYO,11
95657,ADMINISTRATIVO,ASISTENCIA_SECRETARIAL_OFICINA,0
95675,,,-1
96172,,,-1
78528,ADMINISTRATIVO,TECNICO_OPERATIVO_MANTENIMIENTO,12
77788,DOCENTE,TECNICO_DOCENTE_APOYO,11
97362,DOCENTE,TECNICO_DOCENTE_APOYO,11
102524,ADMINISTRATIVO,TECNICO_OPERATIVO_MANTENIMIENTO,12
98053,DOCENTE,TECNICO_DOCENTE_APOYO,11
78471,,,-1
95652,ADMINISTRATIVO,TECNICO_OPERATIVO_MANTENIMIENTO,12
77835,DOCENTE,TECNICO_DOCENTE_APOYO,11
660648,ADMINISTRATIVO,PROFESIONAL_ANALISTA,8
78035,ADMINISTRATIVO,ASISTENCIA_SECRETARIAL_OFICINA,0
96900,DOCENTE,TECNICO_DOCENTE_APOYO,11
96145,DOCENTE,TECNICO_DOCENTE_APOYO,11
649959,DOCENTE,TECNICO_DOCENTE_APOYO,11
96029,ADMINISTRATIVO,ASISTENCIA_SECRETARIAL_OFICINA,0
77854,DOCENTE,TECNICO_DOCENTE_APOYO,11
653690,ADMINISTRATIVO,TECNICO_OPERATIVO_MANTENIMIENTO,12
96244,DOCENTE,TECNICO_DOCENTE_APOYO,11
78357,DOCENTE,TECNICO_DOCENTE_APOYO,11
96742,ADMINISTRATIVO,TECNICO_OPERATIVO_MANTENIMIENTO,12
77927,DOCENTE,TECNICO_DOCENTE_APOYO,11
78002,DOCENTE,DOCENTE_NO_TITULAR_OCASIONAL,4
78761,DOCENTE,TECNICO_DOCENTE_APOYO,11
78762,DOCENTE,TECNICO_DOCENTE_APOYO,11
96660,DOCENTE,TECNICO_DOCENTE_APOYO,11
101265,DOCENTE,TECNICO_DOCENTE_APOYO,11
77897,,,-1
95988,DOCENTE,TECNICO_DOCENTE_APOYO,11
648841,DOCENTE,TECNICO_DOCENTE_APOYO,11
77740,,,-1
98489,,,-1
97077,DOCENTE,TECNICO_DOCENTE_APOYO,11
96574,ADMINISTRATIVO,TECNICO_OPERATIVO_MANTENIMIENTO,12
98113,DOCENTE,TECNICO_DOCENTE_APOYO,11
78450,ADMINISTRATIVO,TECNICO_OPERATIVO_MANTENIMIENTO,12
78260,DOCENTE,TECNICO_DOCENTE_APOYO,11
95991,ADMINISTRATIVO,TECNICO_OPERATIVO_MANTENIMIENTO,12
683851,,,-1
77855,DOCENTE,TECNICO_DOCENTE_APOYO,11
96618,DOCENTE,TECNICO_DOCENTE_APOYO,11
662686,,,-1
77826,,,-1
96023,DOCENTE,DOCENTE_NO_TITULAR_OCASIONAL,4
96625,DOCENTE,TECNICO_DOCENTE_APOYO,11
95732,DOCENTE,TECNICO_DOCENTE_APOYO,11
98544,ADMINISTRATIVO,TECNICO_OPERATIVO_MANTENIMIENTO,12
100016,DOCENTE,TECNICO_DOCENTE_APOYO,11
98732,DOCENTE,TECNICO_DOCENTE_APOYO,11
659820,ADMINISTRATIVO,TECNICO_OPERATIVO_MANTENIMIENTO,12
95751,DOCENTE,TECNICO_DOCENTE_APOYO,11
77994,DOCENTE,TECNICO_DOCENTE_APOYO,11
77727,DOCENTE,TECNICO_DOCENTE_APOYO,11
98581,DOCENTE,TECNICO_DOCENTE_APOYO,11
96042,DOCENTE,TECNICO_DOCENTE_APOYO,11
96906,ADMINISTRATIVO,TECNICO_OPERATIVO_MANTENIMIENTO,12
649398,DOCENTE,TECNICO_DOCENTE_APOYO,11
660697,,,-1
96607,DOCENTE,TECNICO_DOCENTE_APOYO,11
98684,DOCENTE,TECNICO_DOCENTE_APOYO,11
97155,DOCENTE,DOCENTE_NO_TITULAR_OCASIONAL,4
97299,DOCENTE,TECNICO_DOCENTE_APOYO,11
98706,DOCENTE,TECNICO_DOCENTE_APOYO,11
95870,DOCENTE,TECNICO_DOCENTE_APOYO,11
102049,ADMINISTRATIVO,ASISTENCIA_SECRETARIAL_OFICINA,0
97876,DOCENTE,TECNICO_DOCENTE_APOYO,11
98657,DOCENTE,TECNICO_DOCENTE_APOYO,11
98233,ADMINISTRATIVO,TECNICO_OPERATIVO_MANTENIMIENTO,12
98856,ADMINISTRATIVO,TECNICO_OPERATIVO_MANTENIMIENTO,12
96556,DOCENTE,TECNICO_DOCENTE_APOYO,11
97933,ADMINISTRATIVO,TECNICO_OPERATIVO_MANTENIMIENTO,12
98851,DOCENTE,TECNICO_DOCENTE_APOYO,11
98490,,,-1
103060,DOCENTE,TECNICO_DOCENTE_APOYO,11
97029,DOCENTE,TECNICO_DOCENTE_APOYO,11
97139,DOCENTE,TECNICO_DOCENTE_APOYO,11
97140,DOCENTE,TECNICO_DOCENTE_APOYO,11
96924,DOCENTE,TECNICO_DOCENTE_APOYO,11
97145,DOCENTE,TECNICO_DOCENTE_APOYO,11
98610,DOCENTE,TECNICO_DOCENTE_APOYO,11
97011,DOCENTE,TECNICO_DOCENTE_APOYO,11
96833,ADMINISTRATIVO,TECNICO_OPERATIVO_MANTENIMIENTO,12
96852,ADMINISTRATIVO,TECNICO_OPERATIVO_MANTENIMIENTO,12
97254,DOCENTE,TECNICO_DOCENTE_APOYO,11
96232,DOCENTE,TECNICO_DOCENTE_APOYO,11
96877,DOCENTE,TECNICO_DOCENTE_APOYO,11
97298,ADMINISTRATIVO,TECNICO_OPERATIVO_MANTENIMIENTO,12
98842,DOCENTE,TECNICO_DOCENTE_APOYO,11
95911,DOCENTE,TECNICO_DOCENTE_APOYO,11
99772,DOCENTE,TECNICO_DOCENTE_APOYO,11
98201,DOCENTE,TECNICO_DOCENTE_APOYO,11
96958,DOCENTE,TECNICO_DOCENTE_APOYO,11
95813,ADMINISTRATIVO,TECNICO_OPERATIVO_MANTENIMIENTO,12
96570,DOCENTE,TECNICO_DOCENTE_APOYO,11
97024,DOCENTE,TECNICO_DOCENTE_APOYO,11
97158,ADMINISTRATIVO,TECNICO_OPERATIVO_MANTENIMIENTO,12
97836,ADMINISTRATIVO,ASISTENCIA_SECRETARIAL_OFICINA,0
96954,DOCENTE,TECNICO_DOCENTE_APOYO,11
97130,DOCENTE,TECNICO_DOCENTE_APOYO,11
97929,,,-1
96863,DOCENTE,TECNICO_DOCENTE_APOYO,11
97379,DOCENTE,TECNICO_DOCENTE_APOYO,11
96867,DOCENTE,TECNICO_DOCENTE_APOYO,11
97137,DOCENTE,TECNICO_DOCENTE_APOYO,11
98757,DOCENTE,TECNICO_DOCENTE_APOYO,11
78499,DOCENTE,TECNICO_DOCENTE_APOYO,11
97410,DOCENTE,TECNICO_DOCENTE_APOYO,11
97928,DOCENTE,TECNICO_DOCENTE_APOYO,11
97002,DOCENTE,TECNICO_DOCENTE_APOYO,11
97829,DOCENTE,TECNICO_DOCENTE_APOYO,11
98896,DOCENTE,TECNICO_DOCENTE_APOYO,11
100470,ADMINISTRATIVO,TECNICO_OPERATIVO_MANTENIMIENTO,12
75799,,,-1
101371,ADMINISTRATIVO,TECNICO_OPERATIVO_MANTENIMIENTO,12
96034,DOCENTE,DOCENTE_NO_TITULAR_OCASIONAL,4
101243,DOCENTE,TECNICO_DOCENTE_APOYO,11
97845,DOCENTE,TECNICO_DOCENTE_APOYO,11
96905,DOCENTE,DOCENTE_NO_TITULAR_OCASIONAL,4
655729,DOCENTE,TECNICO_DOCENTE_APOYO,11
98513,ADMINISTRATIVO,TECNICO_OPERATIVO_MANTENIMIENTO,12
98536,DOCENTE,TECNICO_DOCENTE_APOYO,11
653775,ADMINISTRATIVO,AUXILIAR_AYUDANTE_OPERATIVO,3
96213,DOCENTE,TECNICO_DOCENTE_APOYO,11
100555,DOCENTE,TECNICO_DOCENTE_APOYO,11
100471,ADMINISTRATIVO,TECNICO_OPERATIVO_MANTENIMIENTO,12
97138,,,-1
100423,DOCENTE,TECNICO_DOCENTE_APOYO,11
96168,,,-1
96208,DOCENTE,TECNICO_DOCENTE_APOYO,11
95787,DOCENTE,TECNICO_DOCENTE_APOYO,11
673473,DOCENTE,TECNICO_DOCENTE_APOYO,11
96832,ADMINISTRATIVO,PROFESIONAL_ANALISTA,8
101628,,,-1
652588,ADMINISTRATIVO,PROFESIONAL_ANALISTA,8
100484,DOCENTE,TECNICO_DOCENTE_APOYO,11
102035,DOCENTE,TECNICO_DOCENTE_APOYO,11
98372,ADMINISTRATIVO,TECNICO_OPERATIVO_MANTENIMIENTO,12
98855,DOCENTE,TECNICO_DOCENTE_APOYO,11
98214,ADMINISTRATIVO,ASISTENCIA_SECRETARIAL_OFICINA,0
99588,DOCENTE,TECNICO_DOCENTE_APOYO,11
97846,DOCENTE,TECNICO_DOCENTE_APOYO,11
99983,ADMINISTRATIVO,AUXILIAR_AYUDANTE_OPERATIVO,3
100591,ADMINISTRATIVO,TECNICO_OPERATIVO_MANTENIMIENTO,12
656001,ADMINISTRATIVO,TECNICO_OPERATIVO_MANTENIMIENTO,12
96166,DOCENTE,TECNICO_DOCENTE_APOYO,11
98357,DOCENTE,TECNICO_DOCENTE_APOYO,11
100723,,,-1
99308,DOCENTE,TECNICO_DOCENTE_APOYO,11
99141,DOCENTE,TECNICO_DOCENTE_APOYO,11
679555,DOCENTE,TECNICO_DOCENTE_APOYO,11
98398,ADMINISTRATIVO,TECNICO_OPERATIVO_MANTENIMIENTO,12
678931,,,-1
99944,DOCENTE,TECNICO_DOCENTE_APOYO,11
97853,DOCENTE,TECNICO_DOCENTE_APOYO,11
100334,DOCENTE,TECNICO_DOCENTE_APOYO,11
101883,DOCENTE,TECNICO_DOCENTE_APOYO,11
99136,DOCENTE,TECNICO_DOCENTE_APOYO,11
99877,DOCENTE,TECNICO_DOCENTE_APOYO,11
101480,DOCENTE,TECNICO_DOCENTE_APOYO,11
98826,,,-1
100592,ADMINISTRATIVO,TECNICO_OPERATIVO_MANTENIMIENTO,12
99869,DOCENTE,TECNICO_DOCENTE_APOYO,11
98380,DOCENTE,TECNICO_DOCENTE_APOYO,11
100434,ADMINISTRATIVO,TECNICO_OPERATIVO_MANTENIMIENTO,12
97022,,,-1
99138,DOCENTE,TECNICO_DOCENTE_APOYO,11
99267,DOCENTE,TECNICO_DOCENTE_APOYO,11
98344,DOCENTE,TECNICO_DOCENTE_APOYO,11
100523,DOCENTE,TECNICO_DOCENTE_APOYO,11
683848,,,-1
100490,DOCENTE,TECNICO_DOCENTE_APOYO,11
97144,,,-1
101896,DOCENTE,TECNICO_DOCENTE_APOYO,11
101290,DOCENTE,TECNICO_DOCENTE_APOYO,11
98256,DOCENTE,TECNICO_DOCENTE_APOYO,11
102508,DOCENTE,TECNICO_DOCENTE_APOYO,11
101329,DOCENTE,TECNICO_DOCENTE_APOYO,11
672957,DOCENTE,TECNICO_DOCENTE_APOYO,11
101818,DOCENTE,TECNICO_DOCENTE_APOYO,11
98468,DOCENTE,TECNICO_DOCENTE_APOYO,11
98417,DOCENTE,TECNICO_DOCENTE_APOYO,11
652590,DOCENTE,TECNICO_DOCENTE_APOYO,11
98376,ADMINISTRATIVO,TECNICO_OPERATIVO_MANTENIMIENTO,12
676557,DOCENTE,TECNICO_DOCENTE_APOYO,11
99110,DOCENTE,TECNICO_DOCENTE_APOYO,11
97056,DOCENTE,TECNICO_DOCENTE_APOYO,11
98482,DOCENTE,TECNICO_DOCENTE_APOYO,11
97894,ADMINISTRATIVO,TECNICO_OPERATIVO_MANTENIMIENTO,12
98340,DOCENTE,TECNICO_DOCENTE_APOYO,11
103051,DOCENTE,TECNICO_DOCENTE_APOYO,11
100055,DOCENTE,TECNICO_DOCENTE_APOYO,11
98892,DOCENTE,TECNICO_DOCENTE_APOYO,11
100259,ADMINISTRATIVO,TECNICO_OPERATIVO_MANTENIMIENTO,12
677411,DOCENTE,TECNICO_DOCENTE_APOYO,11
103214,ADMINISTRATIVO,AUXILIAR_AYUDANTE_OPERATIVO,3
100136,DOCENTE,TECNICO_DOCENTE_APOYO,11
98828,DOCENTE,TECNICO_DOCENTE_APOYO,11
99249,DOCENTE,TECNICO_DOCENTE_APOYO,11
99686,ADMINISTRATIVO,TECNICO_OPERATIVO_MANTENIMIENTO,12
100722,DOCENTE,TECNICO_DOCENTE_APOYO,11
98467,DOCENTE,TECNICO_DOCENTE_APOYO,11
662522,ADMINISTRATIVO,TECNICO_OPERATIVO_MANTENIMIENTO,12
100675,DOCENTE,TECNICO_DOCENTE_APOYO,11
96869,,,-1
98369,,,-1
99225,DOCENTE,TECNICO_DOCENTE_APOYO,11
98413,DOCENTE,TECNICO_DOCENTE_APOYO,11
99124,DOCENTE,TECNICO_DOCENTE_APOYO,11
101545,,,-1
100450,ADMINISTRATIVO,ASISTENCIA_SECRETARIAL_OFICINA,0
102560,DOCENTE,TECNICO_DOCENTE_APOYO,11
653585,ADMINISTRATIVO,TECNICO_OPERATIVO_MANTENIMIENTO,12
102901,DOCENTE,TECNICO_DOCENTE_APOYO,11
99143,DOCENTE,TECNICO_DOCENTE_APOYO,11
103007,DOCENTE,TECNICO_DOCENTE_APOYO,11
100304,DOCENTE,TECNICO_DOCENTE_APOYO,11
101297,DOCENTE,TECNICO_DOCENTE_APOYO,11
98473,DOCENTE,TECNICO_DOCENTE_APOYO,11
96856,ADMINISTRATIVO,ASISTENCIA_SECRETARIAL_OFICINA,0
102576,DOCENTE,TECNICO_DOCENTE_APOYO,11
99718,DOCENTE,TECNICO_DOCENTE_APOYO,11
100262,ADMINISTRATIVO,TECNICO_OPERATIVO_MANTENIMIENTO,12
99596,ADMINISTRATIVO,ASISTENCIA_SECRETARIAL_OFICINA,0
99956,DOCENTE,TECNICO_DOCENTE_APOYO,11
102919,,,-1
100276,DOCENTE,TECNICO_DOCENTE_APOYO,11
100518,DOCENTE,TECNICO_DOCENTE_APOYO,11
98342,DOCENTE,TECNICO_DOCENTE_APOYO,11
102526,DOCENTE,TECNICO_DOCENTE_APOYO,11
652704,ADMINISTRATIVO,ASISTENCIA_SECRETARIAL_OFICINA,0
652808,ADMINISTRATIVO,TECNICO_OPERATIVO_MANTENIMIENTO,12
98686,DOCENTE,TECNICO_DOCENTE_APOYO,11
651799,DOCENTE,TECNICO_DOCENTE_APOYO,11
652656,DOCENTE,TECNICO_DOCENTE_APOYO,11
655951,,,-1
100664,DOCENTE,TECNICO_DOCENTE_APOYO,11
100424,ADMINISTRATIVO,TECNICO_OPERATIVO_MANTENIMIENTO,12
98044,DOCENTE,TECNICO_DOCENTE_APOYO,11
653119,,,-1
100427,DOCENTE,TECNICO_DOCENTE_APOYO,11
102662,ADMINISTRATIVO,TECNICO_OPERATIVO_MANTENIMIENTO,12
97037,DOCENTE,TECNICO_DOCENTE_APOYO,11
652589,DOCENTE,TECNICO_DOCENTE_APOYO,11
100717,,,-1
652684,DOCENTE,TECNICO_DOCENTE_APOYO,11
98433,DOCENTE,TECNICO_DOCENTE_APOYO,11
668333,DOCENTE,TECNICO_DOCENTE_APOYO,11
102753,,,-1
652839,DOCENTE,TECNICO_DOCENTE_APOYO,11
102670,DOCENTE,TECNICO_DOCENTE_APOYO,11
654191,DOCENTE,TECNICO_DOCENTE_APOYO,11
97017,,,-1
652826,DOCENTE,TECNICO_DOCENTE_APOYO,11
653628,,,-1
101281,DOCENTE,TECNICO_DOCENTE_APOYO,11
102509,DOCENTE,TECNICO_DOCENTE_APOYO,11
102688,DOCENTE,TECNICO_DOCENTE_APOYO,11
102988,DOCENTE,TECNICO_DOCENTE_APOYO,11
652800,ADMINISTRATIVO,TECNICO_OPERATIVO_MANTENIMIENTO,12
99887,DOCENTE,TECNICO_DOCENTE_APOYO,11
99419,DOCENTE,TECNICO_DOCENTE_APOYO,11
102604,DOCENTE,TECNICO_DOCENTE_APOYO,11
651729,DOCENTE,TECNICO_DOCENTE_APOYO,11
103220,ADMINISTRATIVO,SERVICIOS_GENERALES_OFICIOS,10
100682,ADMINISTRATIVO,TECNICO_OPERATIVO_MANTENIMIENTO,12
102656,DOCENTE,TECNICO_DOCENTE_APOYO,11
652724,ADMINISTRATIVO,PROFESIONAL_ANALISTA,8
653688,,,-1
651722,,,-1
99442,ADMINISTRATIVO,TECNICO_OPERATIVO_MANTENIMIENTO,12
100696,DOCENTE,TECNICO_DOCENTE_APOYO,11
651738,DOCENTE,TECNICO_DOCENTE_APOYO,11
652462,DOCENTE,TECNICO_DOCENTE_APOYO,11
100573,ADMINISTRATIVO,TECNICO_OPERATIVO_MANTENIMIENTO,12
651680,DOCENTE,TECNICO_DOCENTE_APOYO,11
103052,DOCENTE,TECNICO_DOCENTE_APOYO,11
100437,DOCENTE,TECNICO_DOCENTE_APOYO,11
652058,DOCENTE,TECNICO_DOCENTE_APOYO,11
653778,ADMINISTRATIVO,SERVICIOS_GENERALES_OFICIOS,10
652798,DOCENTE,DOCENTE_NO_TITULAR_OCASIONAL,4
99102,ADMINISTRATIVO,TECNICO_OPERATIVO_MANTENIMIENTO,12
652859,DOCENTE,TECNICO_DOCENTE_APOYO,11
103016,DOCENTE,TECNICO_DOCENTE_APOYO,11
652816,DOCENTE,TECNICO_DOCENTE_APOYO,11
653545,,,-1
102577,DOCENTE,TECNICO_DOCENTE_APOYO,11
102655,DOCENTE,TECNICO_DOCENTE_APOYO,11
102504,DOCENTE,TECNICO_DOCENTE_APOYO,11
102634,DOCENTE,TECNICO_DOCENTE_APOYO,11
102665,DOCENTE,TECNICO_DOCENTE_APOYO,11
102518,DOCENTE,TECNICO_DOCENTE_APOYO,11
102641,,,-1
102644,ADMINISTRATIVO,TECNICO_OPERATIVO_MANTENIMIENTO,12
653183,DOCENTE,TECNICO_DOCENTE_APOYO,11
103076,DOCENTE,TECNICO_DOCENTE_APOYO,11
652759,DOCENTE,TECNICO_DOCENTE_APOYO,11
651902,ADMINISTRATIVO,TECNICO_OPERATIVO_MANTENIMIENTO,12
651763,DOCENTE,TECNICO_DOCENTE_APOYO,11
99100,DOCENTE,TECNICO_DOCENTE_APOYO,11
652181,,,-1
102747,DOCENTE,TECNICO_DOCENTE_APOYO,11
652736,,,-1
660059,DOCENTE,TECNICO_DOCENTE_APOYO,11
102575,DOCENTE,TECNICO_DOCENTE_APOYO,11
677508,DOCENTE,TECNICO_DOCENTE_APOYO,11
652810,ADMINISTRATIVO,TECNICO_OPERATIVO_MANTENIMIENTO,12
102677,,,-1
651675,ADMINISTRATIVO,ASISTENCIA_SECRETARIAL_OFICINA,0
652412,DOCENTE,TECNICO_DOCENTE_APOYO,11
653651,DOCENTE,TECNICO_DOCENTE_APOYO,11
659580,ADMINISTRATIVO,TECNICO_OPERATIVO_MANTENIMIENTO,12
102559,DOCENTE,TECNICO_DOCENTE_APOYO,11
652665,DOCENTE,TECNICO_DOCENTE_APOYO,11
102594,ADMINISTRATIVO,TECNICO_OPERATIVO_MANTENIMIENTO,12
652655,DOCENTE,TECNICO_DOCENTE_APOYO,11
656651,ADMINISTRATIVO,TECNICO_OPERATIVO_MANTENIMIENTO,12
655747,ADMINISTRATIVO,TECNICO_OPERATIVO_MANTENIMIENTO,12
651584,,,-1
652275,DOCENTE,TECNICO_DOCENTE_APOYO,11
102572,DOCENTE,TECNICO_DOCENTE_APOYO,11
653534,DOCENTE,TECNICO_DOCENTE_APOYO,11
654129,ADMINISTRATIVO,TECNICO_OPERATIVO_MANTENIMIENTO,12
652047,DOCENTE,TECNICO_DOCENTE_APOYO,11
652714,DOCENTE,TECNICO_DOCENTE_APOYO,11
655588,DOCENTE,TECNICO_DOCENTE_APOYO,11
655773,ADMINISTRATIVO,TECNICO_OPERATIVO_MANTENIMIENTO,12
102812,DOCENTE,TECNICO_DOCENTE_APOYO,11
652450,DOCENTE,TECNICO_DOCENTE_APOYO,11
652613,ADMINISTRATIVO,TECNICO_OPERATIVO_MANTENIMIENTO,12
102674,DOCENTE,TECNICO_DOCENTE_APOYO,11
652823,DOCENTE,TECNICO_DOCENTE_APOYO,11
102520,ADMINISTRATIVO,TECNICO_OPERATIVO_MANTENIMIENTO,12
652641,DOCENTE,TECNICO_DOCENTE_APOYO,11
654344,ADMINISTRATIVO,TECNICO_OPERATIVO_MANTENIMIENTO,12
657391,ADMINISTRATIVO,TECNICO_OPERATIVO_MANTENIMIENTO,12
651665,DOCENTE,TECNICO_DOCENTE_APOYO,11
654262,DOCENTE,TECNICO_DOCENTE_APOYO,11
653547,DOCENTE,TECNICO_DOCENTE_APOYO,11
655702,ADMINISTRATIVO,TECNICO_OPERATIVO_MANTENIMIENTO,12
652796,DOCENTE,TECNICO_DOCENTE_APOYO,11
654027,ADMINISTRATIVO,ASISTENCIA_SECRETARIAL_OFICINA,0
683807,,,-1
102668,DOCENTE,TECNICO_DOCENTE_APOYO,11
655624,DOCENTE,TECNICO_DOCENTE_APOYO,11
654118,ADMINISTRATIVO,TECNICO_OPERATIVO_MANTENIMIENTO,12
102915,DOCENTE,TECNICO_DOCENTE_APOYO,11
652768,DOCENTE,TECNICO_DOCENTE_APOYO,11
653985,DOCENTE,TECNICO_DOCENTE_APOYO,11
656168,ADMINISTRATIVO,TECNICO_OPERATIVO_MANTENIMIENTO,12
656665,,,-1
654322,,,-1
654955,,,-1
655555,DOCENTE,TECNICO_DOCENTE_APOYO,11
656130,,,-1
654081,ADMINISTRATIVO,TECNICO_OPERATIVO_MANTENIMIENTO,12
655520,ADMINISTRATIVO,TECNICO_OPERATIVO_MANTENIMIENTO,12
654091,,,-1
654169,DOCENTE,TECNICO_DOCENTE_APOYO,11
655517,ADMINISTRATIVO,TECNICO_OPERATIVO_MANTENIMIENTO,12
655596,ADMINISTRATIVO,TECNICO_OPERATIVO_MANTENIMIENTO,12
662436,ADMINISTRATIVO,TECNICO_OPERATIVO_MANTENIMIENTO,12
655525,ADMINISTRATIVO,TECNICO_OPERATIVO_MANTENIMIENTO,12
655736,DOCENTE,TECNICO_DOCENTE_APOYO,11
655764,ADMINISTRATIVO,TECNICO_OPERATIVO_MANTENIMIENTO,12
654221,DOCENTE,TECNICO_DOCENTE_APOYO,11
655570,DOCENTE,TECNICO_DOCENTE_APOYO,11
654197,DOCENTE,TECNICO_DOCENTE_APOYO,11
655522,DOCENTE,TECNICO_DOCENTE_APOYO,11
655447,DOCENTE,TECNICO_DOCENTE_APOYO,11
655416,,,-1
654250,DOCENTE,TECNICO_DOCENTE_APOYO,11
656587,DOCENTE,TECNICO_DOCENTE_APOYO,11
656194,ADMINISTRATIVO,TECNICO_OPERATIVO_MANTENIMIENTO,12
654077,,,-1
651745,ADMINISTRATIVO,TECNICO_OPERATIVO_MANTENIMIENTO,12
655569,DOCENTE,TECNICO_DOCENTE_APOYO,11
654104,DOCENTE,TECNICO_DOCENTE_APOYO,11
654082,ADMINISTRATIVO,TECNICO_OPERATIVO_MANTENIMIENTO,12
683741,,,-1
655538,DOCENTE,TECNICO_DOCENTE_APOYO,11
683699,,,-1
654253,DOCENTE,TECNICO_DOCENTE_APOYO,11
652624,DOCENTE,TECNICO_DOCENTE_APOYO,11
654247,DOCENTE,TECNICO_DOCENTE_APOYO,11
654017,ADMINISTRATIVO,TECNICO_OPERATIVO_MANTENIMIENTO,12
672911,DOCENTE,TECNICO_DOCENTE_APOYO,11
654016,,,-1
659295,DOCENTE,TECNICO_DOCENTE_APOYO,11
654107,DOCENTE,TECNICO_DOCENTE_APOYO,11
657354,,,-1
658319,DOCENTE,TECNICO_DOCENTE_APOYO,11
655235,DOCENTE,TECNICO_DOCENTE_APOYO,11
653914,DOCENTE,TECNICO_DOCENTE_APOYO,11
653884,DOCENTE,TECNICO_DOCENTE_APOYO,11
654103,,,-1
659311,ADMINISTRATIVO,TECNICO_OPERATIVO_MANTENIMIENTO,12
658481,ADMINISTRATIVO,TECNICO_OPERATIVO_MANTENIMIENTO,12
657386,,,-1
657331,DOCENTE,TECNICO_DOCENTE_APOYO,11
658478,ADMINISTRATIVO,TECNICO_OPERATIVO_MANTENIMIENTO,12
654297,DOCENTE,TECNICO_DOCENTE_APOYO,11
655516,ADMINISTRATIVO,TECNICO_OPERATIVO_MANTENIMIENTO,12
658070,ADMINISTRATIVO,TECNICO_OPERATIVO_MANTENIMIENTO,12
655515,ADMINISTRATIVO,TECNICO_OPERATIVO_MANTENIMIENTO,12
658560,DOCENTE,TECNICO_DOCENTE_APOYO,11
658467,ADMINISTRATIVO,TECNICO_OPERATIVO_MANTENIMIENTO,12
659263,DOCENTE,TECNICO_DOCENTE_APOYO,11
659325,ADMINISTRATIVO,TECNICO_OPERATIVO_MANTENIMIENTO,12
655509,DOCENTE,TECNICO_DOCENTE_APOYO,11
659728,ADMINISTRATIVO,TECNICO_OPERATIVO_MANTENIMIENTO,12
657523,DOCENTE,TECNICO_DOCENTE_APOYO,11
657500,DOCENTE,TECNICO_DOCENTE_APOYO,11
683638,ADMINISTRATIVO,TECNICO_OPERATIVO_MANTENIMIENTO,12
657319,DOCENTE,TECNICO_DOCENTE_APOYO,11
659315,ADMINISTRATIVO,TECNICO_OPERATIVO_MANTENIMIENTO,12
657356,DOCENTE,TECNICO_DOCENTE_APOYO,11
661047,ADMINISTRATIVO,TECNICO_OPERATIVO_MANTENIMIENTO,12
661227,ADMINISTRATIVO,TECNICO_OPERATIVO_MANTENIMIENTO,12
661234,ADMINISTRATIVO,TECNICO_OPERATIVO_MANTENIMIENTO,12
657449,DOCENTE,TECNICO_DOCENTE_APOYO,11
661219,,,-1
661261,ADMINISTRATIVO,TECNICO_OPERATIVO_MANTENIMIENTO,12
683722,ADMINISTRATIVO,TECNICO_OPERATIVO_MANTENIMIENTO,12
665621,ADMINISTRATIVO,TECNICO_OPERATIVO_MANTENIMIENTO,12
668898,ADMINISTRATIVO,TECNICO_OPERATIVO_MANTENIMIENTO,12
659629,,,-1
