IDPERSONA,RAMA,PC1,PC2
39,ADMINISTRATIVO,-0.08340399712324142,0.028345812112092972
215,ADMINISTRATIVO,0.034178897738456726,0.11953623592853546
216,ADMINISTRATIVO,-0.1312181055545807,-0.0491807647049427
229,ADMINISTRATIVO,0.08576179295778275,-0.07956256717443466
231,ADMINISTRATIVO,0.15201997756958008,0.052388355135917664
266,ADMINISTRATIVO,-0.054847024381160736,0.1390976905822754
692,ADMINISTRATIVO,0.0781443640589714,0.11424735188484192
733,ADMINISTRATIVO,0.14688412845134735,-0.01747710257768631
769,ADMINISTRATIVO,-0.03530202433466911,0.12147145718336105
771,ADMINISTRATIVO,-0.09740561246871948,0.08044055849313736
787,ADMINISTRATIVO,-0.00898644607514143,0.1281997114419937
813,ADMINISTRATIVO,0.04614175483584404,0.09847571700811386
815,ADMINISTRATIVO,-0.004187994170933962,-0.09579581022262573
831,ADMINISTRATIVO,-0.00540272518992424,0.054505567997694016
840,ADMINISTRATIVO,0.08102598041296005,0.04204769805073738
858,ADMINISTRATIVO,-0.11886120587587357,-0.1095874160528183
862,ADMINISTRATIVO,0.07058005034923553,-0.09437575191259384
865,ADMINISTRATIVO,0.0011507817544043064,0.13948342204093933
866,ADMINISTRATIVO,0.0037318558897823095,-0.12113199383020401
869,ADMINISTRATIVO,-0.052466388791799545,0.07801231741905212
878,ADMINISTRATIVO,0.11446058005094528,-0.08992858231067657
883,ADMINISTRATIVO,-0.0005955384112894535,-0.13650070130825043
891,ADMINISTRATIVO,0.09641239792108536,0.05570575222373009
893,ADMINISTRATIVO,-0.15955862402915955,-0.03662489727139473
903,ADMINISTRATIVO,0.05922258645296097,-0.14529533684253693
919,ADMINISTRATIVO,0.1644178330898285,-0.08749208599328995
938,ADMINISTRATIVO,0.042920324951410294,-0.040270138531923294
939,ADMINISTRATIVO,-0.0834033265709877,-0.06670648604631424
944,ADMINISTRATIVO,0.10850396007299423,-0.004441268276423216
946,ADMINISTRATIVO,0.07929172366857529,-0.015719274058938026
953,ADMINISTRATIVO,-0.04885634407401085,-0.025929449126124382
958,ADMINISTRATIVO,0.014316342771053314,0.16194821894168854
969,ADMINISTRATIVO,-0.06568926572799683,0.10001665353775024
972,ADMINISTRATIVO,0.07704468816518784,-0.05895388498902321
975,ADMINISTRATIVO,0.0538761205971241,-0.009705585427582264
978,ADMINISTRATIVO,-0.1032264307141304,-0.121876060962677
990,ADMINISTRATIVO,0.08376850932836533,-0.03738810494542122
1000,ADMINISTRATIVO,-0.03987346962094307,-0.08676190674304962
1032,ADMINISTRATIVO,0.07295152544975281,-0.01738414727151394
1033,ADMINISTRATIVO,0.013471957296133041,-0.05523976311087608
1038,ADMINISTRATIVO,0.03541604429483414,0.05897998809814453
1061,ADMINISTRATIVO,0.11425573378801346,-0.007972266525030136
1116,ADMINISTRATIVO,-0.10485311597585678,-0.040334295481443405
1123,ADMINISTRATIVO,0.061444807797670364,-0.07479675114154816
1140,ADMINISTRATIVO,0.15854507684707642,-0.04215561971068382
1168,ADMINISTRATIVO,0.10285773873329163,-0.07146374136209488
1180,ADMINISTRATIVO,0.1424151062965393,-0.051933299750089645
1205,ADMINISTRATIVO,0.15267537534236908,0.02233380451798439
1206,ADMINISTRATIVO,-0.0300761591643095,0.15440954267978668
1225,ADMINISTRATIVO,-0.041285719722509384,-0.08705722540616989
1229,ADMINISTRATIVO,-0.041621509939432144,-0.07228336483240128
1247,ADMINISTRATIVO,-0.03083626739680767,0.05316917598247528
1255,ADMINISTRATIVO,0.05442729592323303,-0.08628928661346436
1268,ADMINISTRATIVO,0.1203254908323288,-0.08051909506320953
1278,ADMINISTRATIVO,0.18859004974365234,-0.032831642776727676
1322,ADMINISTRATIVO,0.13159124553203583,0.029421217739582062
1354,ADMINISTRATIVO,0.11362174153327942,-0.037415552884340286
1372,ADMINISTRATIVO,-0.013338115066289902,-0.03593362867832184
1375,ADMINISTRATIVO,-0.06621971726417542,0.1199289932847023
1385,ADMINISTRATIVO,0.008051137439906597,-0.010590821504592896
1402,ADMINISTRATIVO,0.012979226186871529,-0.03095237724483013
1457,ADMINISTRATIVO,0.055175576359033585,0.06513257324695587
1476,ADMINISTRATIVO,0.05850653350353241,-0.03215501084923744
1478,ADMINISTRATIVO,0.13020887970924377,0.05321585386991501
1485,ADMINISTRATIVO,0.06238424777984619,-0.15287275612354279
1496,ADMINISTRATIVO,0.09375681728124619,0.07969420403242111
1530,ADMINISTRATIVO,0.05604178085923195,-0.10099738836288452
1534,ADMINISTRATIVO,0.11779949814081192,-0.08089379966259003
1546,ADMINISTRATIVO,0.08749988675117493,0.05437619611620903
1554,ADMINISTRATIVO,-0.021188953891396523,-0.1356886774301529
1555,ADMINISTRATIVO,0.07070135325193405,-0.029566997662186623
1598,ADMINISTRATIVO,0.0418875552713871,-0.016189439222216606
1616,ADMINISTRATIVO,0.06453258544206619,-0.10877509415149689
1628,ADMINISTRATIVO,0.03337739780545235,-0.02892936021089554
1644,ADMINISTRATIVO,0.027477767318487167,-0.13550032675266266
1660,ADMINISTRATIVO,0.08829288184642792,0.13253259658813477
1676,ADMINISTRATIVO,0.14165543019771576,-0.038414135575294495
1787,ADMINISTRATIVO,0.1797856092453003,-0.01461989525705576
1790,ADMINISTRATIVO,0.11948491632938385,-0.02557692863047123
1794,ADMINISTRATIVO,0.10348299890756607,-0.031223803758621216
1842,ADMINISTRATIVO,-0.011082468554377556,0.02548973821103573
1878,ADMINISTRATIVO,0.10905696451663971,0.08912896364927292
1890,ADMINISTRATIVO,0.006424064747989178,-0.09912517666816711
1991,ADMINISTRATIVO,0.059298012405633926,0.0889805257320404
2008,ADMINISTRATIVO,-0.04372119531035423,0.1398770660161972
2022,ADMINISTRATIVO,0.10037767142057419,-0.07693090289831161
2031,ADMINISTRATIVO,0.1050967127084732,0.09944663196802139
2045,ADMINISTRATIVO,-0.01710755191743374,-0.07351715117692947
2049,ADMINISTRATIVO,0.10237302631139755,0.030494268983602524
2058,ADMINISTRATIVO,0.12061658501625061,0.09207617491483688
2105,ADMINISTRATIVO,-0.018870525062084198,-0.02830658294260502
2146,ADMINISTRATIVO,0.17466628551483154,0.0031630811281502247
2237,ADMINISTRATIVO,0.07107201218605042,-0.013736240565776825
2297,ADMINISTRATIVO,-0.045846033841371536,-0.0860731303691864
2299,ADMINISTRATIVO,0.12804071605205536,0.1383410394191742
2350,ADMINISTRATIVO,0.014729107730090618,-0.012851855717599392
2370,ADMINISTRATIVO,0.15293297171592712,-0.04460877552628517
2378,ADMINISTRATIVO,0.0890137329697609,-0.04606885462999344
2380,ADMINISTRATIVO,-0.02943611517548561,0.08415041118860245
2391,ADMINISTRATIVO,0.13346067070960999,-0.06432390213012695
2455,ADMINISTRATIVO,-0.02832016535103321,0.11370787024497986
2535,ADMINISTRATIVO,0.189007967710495,-0.050360966473817825
2544,ADMINISTRATIVO,0.03665146604180336,0.11465956270694733
2562,ADMINISTRATIVO,0.07845263928174973,-0.01452625822275877
2567,ADMINISTRATIVO,-0.04484805464744568,-0.05140170827507973
2612,ADMINISTRATIVO,0.037767138332128525,-0.1305161565542221
2626,ADMINISTRATIVO,0.057800035923719406,-0.06684233993291855
2693,ADMINISTRATIVO,0.06034824997186661,-0.08287099003791809
2704,ADMINISTRATIVO,-0.026011228561401367,0.014634400606155396
2735,ADMINISTRATIVO,0.1311713606119156,-0.017626406624913216
2748,ADMINISTRATIVO,-0.05122163146734238,0.10231786966323853
2823,ADMINISTRATIVO,0.08850842714309692,0.056289009749889374
2843,ADMINISTRATIVO,0.08337603509426117,-0.06400346755981445
2846,ADMINISTRATIVO,0.03299570083618164,-0.07946774363517761
2857,ADMINISTRATIVO,0.05227558687329292,-0.12262925505638123
2904,ADMINISTRATIVO,-0.04695851728320122,-0.050696685910224915
2957,ADMINISTRATIVO,-0.009590811096131802,-0.12215863913297653
2962,ADMINISTRATIVO,-0.048079486936330795,-0.10853847861289978
3000,ADMINISTRATIVO,-0.016176823526620865,-0.05453426390886307
3088,ADMINISTRATIVO,0.11302988976240158,-0.07516098022460938
3095,ADMINISTRATIVO,-0.06074688211083412,0.049614354968070984
3108,ADMINISTRATIVO,0.1539880335330963,-0.08528511971235275
3403,ADMINISTRATIVO,0.09447384625673294,-0.04970177263021469
3465,ADMINISTRATIVO,0.02100483514368534,0.04709353670477867
3467,ADMINISTRATIVO,0.04672624543309212,0.03406144678592682
3497,ADMINISTRATIVO,-0.021980682387948036,-0.020993469282984734
3503,ADMINISTRATIVO,0.05137048661708832,0.08131283521652222
3678,ADMINISTRATIVO,0.07857172936201096,0.05491027235984802
3680,ADMINISTRATIVO,0.06302477419376373,0.15087103843688965
3731,ADMINISTRATIVO,0.045839037746191025,-0.08680059015750885
3734,ADMINISTRATIVO,0.1423880159854889,-0.06627409905195236
3735,ADMINISTRATIVO,0.1876525580883026,-0.041108567267656326
3771,ADMINISTRATIVO,0.07253233343362808,0.001386508229188621
3775,ADMINISTRATIVO,-0.027360057458281517,0.08364948630332947
3776,ADMINISTRATIVO,-0.03623266890645027,-0.04024311900138855
3792,ADMINISTRATIVO,0.08670474588871002,-0.027589887380599976
3796,ADMINISTRATIVO,0.05727435648441315,0.0767972469329834
3802,ADMINISTRATIVO,0.034308452159166336,-0.013220476917922497
3808,ADMINISTRATIVO,0.09142594039440155,0.018820500001311302
3810,ADMINISTRATIVO,-0.007617460563778877,0.08191891014575958
3814,ADMINISTRATIVO,0.1612398624420166,-0.02497418224811554
3818,ADMINISTRATIVO,-0.04360339418053627,-0.16257497668266296
3990,ADMINISTRATIVO,-0.027231700718402863,-0.015961403027176857
4062,ADMINISTRATIVO,0.005576714873313904,0.10540297627449036
4107,ADMINISTRATIVO,0.016017353162169456,-0.02968408167362213
4109,ADMINISTRATIVO,0.1230311319231987,0.09234479814767838
4145,ADMINISTRATIVO,-0.03456556051969528,0.17412059009075165
4163,ADMINISTRATIVO,0.02571035735309124,-0.12773005664348602
4294,ADMINISTRATIVO,0.019708991050720215,0.0002943115250673145
4329,ADMINISTRATIVO,0.1305730640888214,0.023781606927514076
4330,ADMINISTRATIVO,-0.08622732758522034,-0.03559703007340431
4353,ADMINISTRATIVO,0.0818185955286026,0.059439517557621
4444,ADMINISTRATIVO,-0.0009575855219736695,-0.12111718207597733
4466,ADMINISTRATIVO,-0.0771021917462349,0.08001264184713364
4512,ADMINISTRATIVO,0.1280733197927475,0.02155916765332222
4584,ADMINISTRATIVO,0.18627163767814636,-0.05852203071117401
4627,ADMINISTRATIVO,-0.06713908165693283,0.1247512474656105
4718,ADMINISTRATIVO,0.12044177204370499,0.08265053480863571
4736,ADMINISTRATIVO,0.08166152238845825,0.11707041412591934
4819,ADMINISTRATIVO,0.12824450433254242,-0.030362507328391075
4830,ADMINISTRATIVO,-0.006513239815831184,-0.1633824110031128
4860,ADMINISTRATIVO,0.06298324465751648,0.11611615121364594
4871,ADMINISTRATIVO,0.1269751638174057,-0.0737377479672432
5422,ADMINISTRATIVO,-0.05300713703036308,-0.11365696042776108
5559,ADMINISTRATIVO,0.07182053476572037,0.00545882061123848
5561,ADMINISTRATIVO,0.0811867043375969,-0.047399576753377914
5573,ADMINISTRATIVO,-0.024180922657251358,0.08635106682777405
5601,ADMINISTRATIVO,0.14632350206375122,0.11029764264822006
5821,ADMINISTRATIVO,-0.10890010744333267,0.091545969247818
6811,ADMINISTRATIVO,0.13728463649749756,0.1309184581041336
7197,ADMINISTRATIVO,-0.20315971970558167,-0.05754418671131134
7265,ADMINISTRATIVO,-0.09656552225351334,-0.09142953157424927
7809,ADMINISTRATIVO,0.0687432661652565,-0.041336189955472946
7965,ADMINISTRATIVO,0.060408901423215866,-0.02377687767148018
8244,ADMINISTRATIVO,0.10927876085042953,-0.01124315895140171
8331,ADMINISTRATIVO,0.011141924187541008,0.03599352762103081
8403,ADMINISTRATIVO,0.04655369371175766,0.0687253475189209
8441,ADMINISTRATIVO,-0.1421447992324829,0.030503448098897934
8558,ADMINISTRATIVO,0.0798141285777092,-0.0019776003900915384
8941,ADMINISTRATIVO,0.12968461215496063,-0.05745184049010277
9189,ADMINISTRATIVO,0.11572775989770889,-0.05423152819275856
9196,ADMINISTRATIVO,-0.001496112672612071,-0.1084984764456749
9326,ADMINISTRATIVO,0.10137370973825455,-0.0074801016598939896
9640,ADMINISTRATIVO,-0.01853826455771923,-0.1237252950668335
9834,ADMINISTRATIVO,0.1261451542377472,-0.047466106712818146
9912,ADMINISTRATIVO,0.1729181706905365,0.07256682217121124
10133,ADMINISTRATIVO,0.030342087149620056,-0.04416518658399582
10493,ADMINISTRATIVO,0.07327932119369507,-0.03391707316040993
10531,ADMINISTRATIVO,0.001989662880077958,-0.052324336022138596
10864,ADMINISTRATIVO,-0.039786163717508316,0.0035529504530131817
11865,ADMINISTRATIVO,0.021425597369670868,0.1012626364827156
11880,ADMINISTRATIVO,0.07264088094234467,-0.007522103376686573
12394,ADMINISTRATIVO,0.10743878036737442,0.10877183079719543
12405,ADMINISTRATIVO,-0.02098703943192959,0.09478296339511871
12471,ADMINISTRATIVO,-0.04519707337021828,-0.015306509099900723
12487,ADMINISTRATIVO,0.14562900364398956,-0.04386790469288826
12725,ADMINISTRATIVO,0.1147134080529213,0.11867056787014008
12899,ADMINISTRATIVO,-0.002737807109951973,-0.11677579581737518
13040,ADMINISTRATIVO,0.017612453550100327,0.07374592125415802
13170,ADMINISTRATIVO,0.07530707865953445,-0.05538143590092659
13351,ADMINISTRATIVO,0.02256482094526291,-0.017849789932370186
13505,ADMINISTRATIVO,0.032966114580631256,-0.03648655489087105
13663,ADMINISTRATIVO,-0.13828815519809723,-0.049151066690683365
13703,ADMINISTRATIVO,-0.027807723730802536,0.11867240816354752
13826,ADMINISTRATIVO,-0.010692927986383438,0.09291664510965347
13838,ADMINISTRATIVO,0.1041070893406868,0.037058938294649124
13863,ADMINISTRATIVO,-0.1293603628873825,-0.07227875292301178
13879,ADMINISTRATIVO,0.061489276587963104,-0.05803979933261871
13897,ADMINISTRATIVO,0.11260252445936203,0.008287226781249046
13922,ADMINISTRATIVO,0.07956625521183014,-0.030257903039455414
13956,ADMINISTRATIVO,0.1358768194913864,0.13367979228496552
13971,ADMINISTRATIVO,0.12018003314733505,-0.013347642496228218
14022,ADMINISTRATIVO,0.0970449447631836,0.13313078880310059
14080,ADMINISTRATIVO,-0.030811550095677376,0.14301496744155884
14091,ADMINISTRATIVO,0.03257272019982338,0.055745769292116165
14093,ADMINISTRATIVO,0.004650302696973085,0.09528879821300507
14097,ADMINISTRATIVO,0.041280247271060944,-0.11366866528987885
14116,ADMINISTRATIVO,0.04143963381648064,0.11141145974397659
14178,ADMINISTRATIVO,0.142936572432518,0.13743194937705994
14227,ADMINISTRATIVO,-0.008881373330950737,0.02741939015686512
14258,ADMINISTRATIVO,-0.06755360960960388,-0.05016199126839638
14264,ADMINISTRATIVO,0.07225088775157928,0.03961271047592163
14613,ADMINISTRATIVO,-0.04623096063733101,0.17422576248645782
14623,ADMINISTRATIVO,0.08874572068452835,0.11321647465229034
14627,ADMINISTRATIVO,-0.07359384000301361,0.07166629284620285
14710,ADMINISTRATIVO,0.01884022355079651,-0.12714602053165436
17519,ADMINISTRATIVO,0.11445130407810211,0.0502464585006237
19999,ADMINISTRATIVO,-0.07029513269662857,-0.0304096769541502
21845,ADMINISTRATIVO,-0.02649807557463646,0.13749177753925323
26207,ADMINISTRATIVO,0.0836336687207222,-0.0960003212094307
27983,ADMINISTRATIVO,-0.0426597036421299,0.08653519302606583
29032,ADMINISTRATIVO,-0.004404027480632067,-0.03614794835448265
38237,ADMINISTRATIVO,0.0008343437220901251,-0.0592203326523304
38514,ADMINISTRATIVO,-0.015649965032935143,-0.022858571261167526
38831,ADMINISTRATIVO,0.11715586483478546,-0.020464422181248665
39450,ADMINISTRATIVO,0.12083220481872559,0.007534450385719538
40081,ADMINISTRATIVO,-0.05524556338787079,-0.06113370880484581
40499,ADMINISTRATIVO,0.111012302339077,0.05177983641624451
40968,ADMINISTRATIVO,-0.016866277903318405,-0.016939276829361916
41300,ADMINISTRATIVO,0.11636202037334442,-0.0656910389661789
41305,ADMINISTRATIVO,0.04517175629734993,-0.052290529012680054
41494,ADMINISTRATIVO,0.028765572234988213,0.10090944916009903
42290,ADMINISTRATIVO,0.07694351673126221,0.05991100147366524
42359,ADMINISTRATIVO,-0.05374026671051979,-0.05228754132986069
43144,ADMINISTRATIVO,0.11813252419233322,0.058943457901477814
43625,ADMINISTRATIVO,0.0877220556139946,-0.007479994557797909
43817,ADMINISTRATIVO,-0.015327435918152332,-0.02983410283923149
44685,ADMINISTRATIVO,-0.04720282554626465,-0.0802370086312294
46658,ADMINISTRATIVO,0.06334991008043289,0.1378849595785141
46826,ADMINISTRATIVO,0.07146931439638138,0.10025846213102341
46831,ADMINISTRATIVO,-0.027419596910476685,0.013628105632960796
46845,ADMINISTRATIVO,-0.11642608046531677,0.005080864764750004
47521,ADMINISTRATIVO,0.04418039694428444,0.06226273998618126
48584,ADMINISTRATIVO,0.14664240181446075,-0.01074034720659256
49404,ADMINISTRATIVO,0.08020395785570145,0.04061227664351463
50023,ADMINISTRATIVO,0.16217121481895447,-0.06552577763795853
50030,ADMINISTRATIVO,-0.05365829914808273,-0.15946142375469208
50463,ADMINISTRATIVO,-0.052892230451107025,0.19751955568790436
50544,ADMINISTRATIVO,0.033864576369524,0.1428433209657669
50796,ADMINISTRATIVO,0.0006854532402940094,-0.1241367980837822
51025,ADMINISTRATIVO,0.11840280890464783,0.05362282320857048
51418,ADMINISTRATIVO,0.07101167738437653,0.08151691406965256
51539,ADMINISTRATIVO,0.1202000081539154,0.10440538078546524
51737,ADMINISTRATIVO,-0.1025354340672493,-0.062076032161712646
51775,ADMINISTRATIVO,-0.016587616875767708,0.11279238760471344
51960,ADMINISTRATIVO,0.061231579631567,-0.10169357061386108
53142,ADMINISTRATIVO,-0.041979216039180756,-0.08652182668447495
53156,ADMINISTRATIVO,-0.12642869353294373,0.027447044849395752
53345,ADMINISTRATIVO,0.09632395207881927,-0.012234523892402649
53351,ADMINISTRATIVO,-0.1767968088388443,-0.026911217719316483
53353,ADMINISTRATIVO,-0.0044376361183822155,0.05865238606929779
53840,ADMINISTRATIVO,-0.04252299293875694,-0.09658042341470718
53915,ADMINISTRATIVO,0.010497811250388622,0.03615561127662659
54091,ADMINISTRATIVO,0.14239835739135742,0.01605951599776745
54246,ADMINISTRATIVO,-0.1693333387374878,-0.01463252492249012
54358,ADMINISTRATIVO,0.0023198204580694437,-0.04305553063750267
54460,ADMINISTRATIVO,-0.08816806972026825,-0.04265718534588814
54577,ADMINISTRATIVO,0.07394004613161087,0.10751912742853165
54699,ADMINISTRATIVO,-0.006106601096689701,0.011560446582734585
54761,ADMINISTRATIVO,0.13074228167533875,0.007594733498990536
54841,ADMINISTRATIVO,0.08223177492618561,0.06015346571803093
54860,ADMINISTRATIVO,0.0874393880367279,-0.0034581429790705442
55173,ADMINISTRATIVO,-0.02970130927860737,-0.11522260308265686
55772,ADMINISTRATIVO,0.01606711372733116,-0.011208964511752129
55819,ADMINISTRATIVO,-0.010650928132236004,-0.14958976209163666
56408,ADMINISTRATIVO,0.14050321280956268,0.13579191267490387
56412,ADMINISTRATIVO,-0.11828651279211044,0.08221536129713058
56415,ADMINISTRATIVO,-0.04301612824201584,0.09226709604263306
56431,ADMINISTRATIVO,0.003130509750917554,-0.13847732543945312
56532,ADMINISTRATIVO,0.012634498998522758,-0.05457500368356705
56538,ADMINISTRATIVO,-0.10311023145914078,0.07426948845386505
56796,ADMINISTRATIVO,-0.042840294539928436,0.135442852973938
56825,ADMINISTRATIVO,-0.04033335670828819,-0.07842247933149338
56893,ADMINISTRATIVO,0.0049092937260866165,-0.08930491656064987
56959,ADMINISTRATIVO,-0.004295590333640575,-0.07788629829883575
56978,ADMINISTRATIVO,-0.04965207725763321,-0.05228084698319435
57012,ADMINISTRATIVO,-0.01638738438487053,-0.07648835331201553
57074,ADMINISTRATIVO,0.07626894861459732,0.004304236266762018
57406,ADMINISTRATIVO,-0.05708100646734238,0.09709317237138748
57573,ADMINISTRATIVO,0.1702188104391098,-0.0068017165176570415
57586,ADMINISTRATIVO,-0.005257219076156616,-0.07220010459423065
57640,ADMINISTRATIVO,0.03289661929011345,-0.07996218651533127
57642,ADMINISTRATIVO,-0.015917474403977394,0.018302561715245247
58108,ADMINISTRATIVO,-0.028881318867206573,-0.03336633741855621
58137,ADMINISTRATIVO,-0.17784227430820465,0.027653196826577187
58143,ADMINISTRATIVO,-0.22899411618709564,0.07742157578468323
58154,ADMINISTRATIVO,-0.05194948613643646,0.10840169340372086
58382,ADMINISTRATIVO,-0.04406365379691124,-0.055289898067712784
58429,ADMINISTRATIVO,0.033548131585121155,-0.04308846965432167
58491,ADMINISTRATIVO,0.06171993538737297,-0.04031504690647125
58517,ADMINISTRATIVO,0.09461725503206253,-0.03860922530293465
58621,ADMINISTRATIVO,0.14556652307510376,-0.08500891178846359
58823,ADMINISTRATIVO,0.017273416742682457,0.005783403757959604
58841,ADMINISTRATIVO,-0.09463540464639664,-0.03409670665860176
59277,ADMINISTRATIVO,0.04409249126911163,-0.11820162087678909
59450,ADMINISTRATIVO,0.006060366984456778,0.05659089609980583
59524,ADMINISTRATIVO,-0.0009401559946127236,-0.06741254031658173
59752,ADMINISTRATIVO,-0.008323581889271736,-0.1292460858821869
59774,ADMINISTRATIVO,0.13675466179847717,-0.025787435472011566
59788,ADMINISTRATIVO,-0.010381055064499378,-0.11642906069755554
59829,ADMINISTRATIVO,-0.09951183944940567,0.03252507373690605
59852,ADMINISTRATIVO,0.08347409963607788,-0.09156271815299988
59853,ADMINISTRATIVO,0.10162031650543213,-0.0037577999755740166
59904,ADMINISTRATIVO,-0.03860087692737579,0.15151187777519226
60168,ADMINISTRATIVO,0.021366002038121223,0.05667445436120033
60638,ADMINISTRATIVO,0.09443463385105133,0.12183310091495514
60737,ADMINISTRATIVO,0.13055333495140076,-0.0021477018017321825
61079,ADMINISTRATIVO,0.07452502846717834,-0.0027949768118560314
61323,ADMINISTRATIVO,0.11614396423101425,0.029853541404008865
61592,ADMINISTRATIVO,0.10693441331386566,-0.009563547559082508
61593,ADMINISTRATIVO,0.07470255345106125,-0.09881305694580078
61594,ADMINISTRATIVO,0.12880933284759521,-0.014724542386829853
61595,ADMINISTRATIVO,-0.016910549253225327,-0.07843619585037231
61634,ADMINISTRATIVO,0.06829163432121277,-0.08246397227048874
61700,ADMINISTRATIVO,-0.03222065046429634,0.13464361429214478
63189,ADMINISTRATIVO,-0.032569702714681625,-0.1667017936706543
64414,ADMINISTRATIVO,0.11690842360258102,-0.07208610326051712
64483,ADMINISTRATIVO,-0.049855004996061325,0.001356410444714129
65182,ADMINISTRATIVO,-0.043849147856235504,0.0874350517988205
65520,ADMINISTRATIVO,0.11584922671318054,-0.0076564280316233635
65521,ADMINISTRATIVO,0.06768576800823212,0.0363064706325531
65530,ADMINISTRATIVO,-0.08028194308280945,0.023426711559295654
65904,ADMINISTRATIVO,0.16810725629329681,-0.034635793417692184
66284,ADMINISTRATIVO,0.04733235761523247,0.033125340938568115
66304,ADMINISTRATIVO,0.12814980745315552,0.07118304818868637
66546,ADMINISTRATIVO,-0.031553346663713455,-0.07615695148706436
66602,ADMINISTRATIVO,0.13736481964588165,-0.09230990707874298
67520,ADMINISTRATIVO,-0.19216355681419373,-0.04007384553551674
67737,ADMINISTRATIVO,0.00518936337903142,0.1027817651629448
67810,ADMINISTRATIVO,-0.03061302937567234,-0.11754274368286133
67845,ADMINISTRATIVO,0.17979173362255096,0.12026263773441315
67848,ADMINISTRATIVO,0.14549598097801208,0.08046901971101761
67869,ADMINISTRATIVO,0.13119199872016907,0.10201635956764221
67874,ADMINISTRATIVO,0.0014752378920093179,0.11653848737478256
68354,ADMINISTRATIVO,-0.0159014742821455,0.06828296184539795
68801,ADMINISTRATIVO,0.18257959187030792,-0.11433598399162292
69235,ADMINISTRATIVO,0.1270415186882019,0.012610943987965584
69247,ADMINISTRATIVO,0.1510659009218216,-0.035346101969480515
69756,ADMINISTRATIVO,-0.021119898185133934,-0.06792716681957245
70235,ADMINISTRATIVO,0.0036631268449127674,-0.021184800192713737
71027,ADMINISTRATIVO,0.06325524300336838,-0.040804363787174225
73369,ADMINISTRATIVO,0.14201270043849945,0.13837043941020966
73422,ADMINISTRATIVO,-0.016583556309342384,0.12938211858272552
73526,ADMINISTRATIVO,0.1700923889875412,-0.08372563868761063
73533,ADMINISTRATIVO,0.022993894293904305,-0.0076629482209682465
73548,ADMINISTRATIVO,0.03766987472772598,0.11643148213624954
73563,ADMINISTRATIVO,0.10178326815366745,0.004599431995302439
73618,ADMINISTRATIVO,0.10397254675626755,-0.02773633971810341
73639,ADMINISTRATIVO,0.11566704511642456,-0.07314527779817581
73646,ADMINISTRATIVO,0.1124032661318779,-0.01858542673289776
73677,ADMINISTRATIVO,0.003940662834793329,-0.08019877225160599
73683,ADMINISTRATIVO,0.05336107313632965,-0.004738051909953356
73724,ADMINISTRATIVO,0.060658469796180725,0.09991732984781265
73742,ADMINISTRATIVO,-0.06386209279298782,-0.01222982257604599
73767,ADMINISTRATIVO,-0.15306995809078217,-0.08532184362411499
73782,ADMINISTRATIVO,-0.07228422164916992,-0.004067575093358755
73790,ADMINISTRATIVO,0.12006285786628723,0.11845347285270691
74185,ADMINISTRATIVO,0.13136929273605347,-0.014928378164768219
74205,ADMINISTRATIVO,0.12839005887508392,0.11838550120592117
74289,ADMINISTRATIVO,-0.03822391480207443,0.01569731906056404
74410,ADMINISTRATIVO,-0.14232653379440308,-0.061481378972530365
74424,ADMINISTRATIVO,-0.1329699158668518,-0.05488625168800354
74517,ADMINISTRATIVO,-0.06924467533826828,0.008971599861979485
75199,ADMINISTRATIVO,-0.04995465278625488,-0.05472224950790405
75611,ADMINISTRATIVO,-0.10082525759935379,-0.037504829466342926
75698,ADMINISTRATIVO,-0.026033587753772736,0.09252354502677917
75709,ADMINISTRATIVO,0.06157520413398743,0.07726605981588364
75790,ADMINISTRATIVO,-0.05137046426534653,0.03235355764627457
75889,ADMINISTRATIVO,-0.042982570827007294,-0.007050810847431421
76209,ADMINISTRATIVO,-0.15543055534362793,-0.017308097332715988
76217,ADMINISTRATIVO,0.13660657405853271,0.010602030903100967
77389,ADMINISTRATIVO,0.1920294612646103,0.13109885156154633
77511,ADMINISTRATIVO,0.07860460132360458,0.07435645908117294
77558,ADMINISTRATIVO,0.15805499255657196,-0.0218903087079525
77881,ADMINISTRATIVO,-0.0640307366847992,-0.011657771654427052
78035,ADMINISTRATIVO,-0.06401724368333817,-0.035283107310533524
78135,ADMINISTRATIVO,-0.06075663864612579,-0.06471635401248932
78450,ADMINISTRATIVO,-0.16588766872882843,0.0034917211160063744
78479,ADMINISTRATIVO,-0.10784751176834106,0.01739475317299366
78513,ADMINISTRATIVO,-0.023204263299703598,-0.03031388483941555
78528,ADMINISTRATIVO,-0.21508027613162994,0.08220957964658737
78638,ADMINISTRATIVO,-0.08806528151035309,0.051884520798921585
78701,ADMINISTRATIVO,0.0737612321972847,0.029846180230379105
78729,ADMINISTRATIVO,-0.015626724809408188,-0.07881753891706467
78970,ADMINISTRATIVO,0.06942350417375565,-0.028281833976507187
79972,ADMINISTRATIVO,0.06720279902219772,-0.027683420106768608
81202,ADMINISTRATIVO,-0.06770431250333786,-0.07069151103496552
82056,ADMINISTRATIVO,-0.06379274278879166,-0.14303794503211975
82497,ADMINISTRATIVO,-0.07030686736106873,-0.014854198321700096
83678,ADMINISTRATIVO,0.050960201770067215,-0.03148043900728226
84005,ADMINISTRATIVO,0.1042705550789833,-0.03837575390934944
86476,ADMINISTRATIVO,0.00032380627817474306,-0.13872690498828888
86548,ADMINISTRATIVO,0.12574395537376404,-0.0363478809595108
87496,ADMINISTRATIVO,-0.0313103161752224,0.04911646991968155
90862,ADMINISTRATIVO,0.03638111427426338,-0.1456945687532425
94929,ADMINISTRATIVO,0.07727300375699997,0.011385397054255009
95251,ADMINISTRATIVO,0.10330389440059662,-0.016497036442160606
95473,ADMINISTRATIVO,0.05876592546701431,-0.08148887753486633
95491,ADMINISTRATIVO,0.016852587461471558,-0.03459910303354263
95517,ADMINISTRATIVO,0.05655171349644661,0.10089121758937836
95523,ADMINISTRATIVO,0.0124957961961627,0.024792393669486046
95527,ADMINISTRATIVO,-0.000671101501211524,-0.04138004407286644
95538,ADMINISTRATIVO,0.14673791825771332,-0.07911241054534912
95540,ADMINISTRATIVO,-0.04872485250234604,0.03810138255357742
95541,ADMINISTRATIVO,-0.12913312017917633,0.02213536947965622
95545,ADMINISTRATIVO,0.02586391381919384,-0.16416192054748535
95548,ADMINISTRATIVO,-0.00922332238405943,-0.1477181613445282
95549,ADMINISTRATIVO,-0.0569487139582634,-0.06648647785186768
95600,ADMINISTRATIVO,0.12441378086805344,-0.006955693010240793
95603,ADMINISTRATIVO,0.1730354130268097,-0.049941953271627426
95652,ADMINISTRATIVO,-0.045976314693689346,0.07454722374677658
95657,ADMINISTRATIVO,-0.14525248110294342,0.0053630112670362
95770,ADMINISTRATIVO,0.08592458814382553,0.01485006045550108
95813,ADMINISTRATIVO,-0.134454607963562,0.056547995656728745
95991,ADMINISTRATIVO,-0.20538979768753052,0.06519905477762222
96029,ADMINISTRATIVO,-0.1780334711074829,-0.00021153644775040448
96048,ADMINISTRATIVO,-0.0620746947824955,0.10178989171981812
96225,ADMINISTRATIVO,-0.21186406910419464,0.09524804353713989
96289,ADMINISTRATIVO,0.06806810200214386,0.016006236895918846
96309,ADMINISTRATIVO,-0.018734872341156006,-0.06872156262397766
96448,ADMINISTRATIVO,-0.08261611312627792,0.14291530847549438
96491,ADMINISTRATIVO,-0.12300697714090347,0.028038380667567253
96574,ADMINISTRATIVO,-0.08265894651412964,0.05087679997086525
96742,ADMINISTRATIVO,-0.12515681982040405,0.07301976531744003
96832,ADMINISTRATIVO,-0.11537136882543564,0.03310033679008484
96833,ADMINISTRATIVO,-0.09675807505846024,0.038297832012176514
96841,ADMINISTRATIVO,-0.06853438913822174,0.05178343504667282
96852,ADMINISTRATIVO,0.011446970514953136,0.1086459830403328
96856,ADMINISTRATIVO,-0.08760930597782135,0.1285034567117691
96906,ADMINISTRATIVO,0.06940111517906189,0.08236873894929886
97158,ADMINISTRATIVO,-0.03049112856388092,0.11463683843612671
97298,ADMINISTRATIVO,-0.11478117853403091,0.0824434757232666
97455,ADMINISTRATIVO,-0.09526751190423965,0.12898871302604675
97570,ADMINISTRATIVO,0.11572305858135223,0.035309795290231705
97577,ADMINISTRATIVO,-0.017824014648795128,0.14021189510822296
97601,ADMINISTRATIVO,-0.05649571865797043,-0.014127734117209911
97637,ADMINISTRATIVO,-0.10318661481142044,-0.009378775022923946
97667,ADMINISTRATIVO,-0.0431608147919178,-0.16213317215442657
97668,ADMINISTRATIVO,0.038221124559640884,0.0007394030690193176
97687,ADMINISTRATIVO,0.047104693949222565,0.11898328363895416
97706,ADMINISTRATIVO,-0.08926599472761154,-0.09414060413837433
97741,ADMINISTRATIVO,0.0170205719769001,0.06326308101415634
97762,ADMINISTRATIVO,0.03772302344441414,-0.02989167347550392
97773,ADMINISTRATIVO,0.07555577903985977,-0.028895961120724678
97836,ADMINISTRATIVO,0.08409412950277328,-0.054321639239788055
97894,ADMINISTRATIVO,-0.08136899024248123,0.012239175848662853
97933,ADMINISTRATIVO,-0.20589658617973328,0.09436572343111038
98214,ADMINISTRATIVO,-0.1328638195991516,0.01896508038043976
98233,ADMINISTRATIVO,-0.09727932512760162,0.07018556445837021
98296,ADMINISTRATIVO,-0.0563415065407753,-0.06372220069169998
98297,ADMINISTRATIVO,-0.09436561167240143,0.011022270657122135
98299,ADMINISTRATIVO,-0.20281939208507538,-0.08716561645269394
98307,ADMINISTRATIVO,0.048818137496709824,-0.023108845576643944
98308,ADMINISTRATIVO,-0.1514352560043335,0.021811654791235924
98309,ADMINISTRATIVO,-0.16308513283729553,-0.12889494001865387
98310,ADMINISTRATIVO,-0.008637277409434319,-0.04999718442559242
98311,ADMINISTRATIVO,-0.19395430386066437,-0.004707337357103825
98372,ADMINISTRATIVO,-0.050667572766542435,0.021042611449956894
98376,ADMINISTRATIVO,0.008696421049535275,0.04051186889410019
98398,ADMINISTRATIVO,-0.06542199850082397,0.0863284021615982
98513,ADMINISTRATIVO,-0.17667536437511444,0.031764570623636246
98544,ADMINISTRATIVO,-0.12690560519695282,-0.005489724222570658
98590,ADMINISTRATIVO,-0.10221920162439346,0.09813828766345978
98856,ADMINISTRATIVO,-0.08990296721458435,0.056466735899448395
98923,ADMINISTRATIVO,-0.048701148480176926,-0.04264892265200615
98956,ADMINISTRATIVO,0.001974270213395357,-0.05259616672992706
98960,ADMINISTRATIVO,0.1104566752910614,-0.05684194341301918
98984,ADMINISTRATIVO,-0.03356894478201866,-0.046296969056129456
99102,ADMINISTRATIVO,-0.11441045254468918,0.020654214546084404
99442,ADMINISTRATIVO,-0.07285266369581223,-0.014762364327907562
99596,ADMINISTRATIVO,-0.05854315310716629,-0.0639880895614624
99686,ADMINISTRATIVO,-0.06615721434354782,0.01936051808297634
99852,ADMINISTRATIVO,0.07884462177753448,0.028967810794711113
99983,ADMINISTRATIVO,-0.19420750439167023,-0.0982876718044281
100259,ADMINISTRATIVO,-0.10337278991937637,0.02413603663444519
100262,ADMINISTRATIVO,-0.1846778690814972,0.06474161893129349
100424,ADMINISTRATIVO,-0.0040117730386555195,0.07585138082504272
100434,ADMINISTRATIVO,0.0012533735716715455,0.09767643362283707
100450,ADMINISTRATIVO,-0.17136158049106598,0.00227177026681602
100470,ADMINISTRATIVO,-0.019043495878577232,0.10202346742153168
100471,ADMINISTRATIVO,-0.054092831909656525,0.05854669585824013
100573,ADMINISTRATIVO,-0.16089577972888947,0.07645528763532639
100591,ADMINISTRATIVO,-0.1285758763551712,0.02499416470527649
100592,ADMINISTRATIVO,0.07242925465106964,0.09152758121490479
100682,ADMINISTRATIVO,0.016935378313064575,0.12973858416080475
100730,ADMINISTRATIVO,0.16612094640731812,0.06478270143270493
101041,ADMINISTRATIVO,0.10330590605735779,0.04128585383296013
101161,ADMINISTRATIVO,-0.18492205440998077,-0.029131431132555008
101234,ADMINISTRATIVO,0.012509639374911785,-0.12125181406736374
101236,ADMINISTRATIVO,0.03488488495349884,0.028356272727251053
101237,ADMINISTRATIVO,0.021734442561864853,-0.0771721675992012
101247,ADMINISTRATIVO,0.04108285531401634,0.11809273809194565
101253,ADMINISTRATIVO,0.031256504356861115,-0.076649971306324
101268,ADMINISTRATIVO,-0.09223257005214691,-0.055773746222257614
101371,ADMINISTRATIVO,-0.07468941062688828,-0.02214856632053852
102049,ADMINISTRATIVO,0.11793439835309982,0.05510716512799263
102074,ADMINISTRATIVO,-0.05462266504764557,-0.04307541996240616
102085,ADMINISTRATIVO,-0.07369257509708405,-0.13741105794906616
102302,ADMINISTRATIVO,0.042078737169504166,0.03793940320611
102314,ADMINISTRATIVO,-0.09260781109333038,-0.11849824339151382
102363,ADMINISTRATIVO,-0.18375395238399506,0.01281714253127575
102374,ADMINISTRATIVO,0.022396007552742958,-0.06712103635072708
102448,ADMINISTRATIVO,0.13006427884101868,-0.04419547691941261
102449,ADMINISTRATIVO,0.10432637482881546,-0.0022224201820790768
102520,ADMINISTRATIVO,-0.015374800190329552,0.055844202637672424
102524,ADMINISTRATIVO,-0.1438153088092804,0.09274362027645111
102594,ADMINISTRATIVO,-0.040471918880939484,0.05603360757231712
102644,ADMINISTRATIVO,-0.13075460493564606,0.10699070245027542
102662,ADMINISTRATIVO,-0.04056059569120407,0.05993935465812683
103143,ADMINISTRATIVO,-0.048411667346954346,0.12405166029930115
103193,ADMINISTRATIVO,-0.001977515174075961,-0.05336890369653702
103211,ADMINISTRATIVO,1.355934045932372e-06,-0.12215568870306015
103213,ADMINISTRATIVO,-0.17047801613807678,-0.043589767068624496
103214,ADMINISTRATIVO,-0.12132413685321808,0.003219722770154476
103215,ADMINISTRATIVO,-0.06785081326961517,-0.004905163310468197
103216,ADMINISTRATIVO,-0.17693501710891724,-0.059591472148895264
103218,ADMINISTRATIVO,-0.07393334060907364,-0.016095293685793877
103220,ADMINISTRATIVO,-0.15473201870918274,-0.03148247301578522
103221,ADMINISTRATIVO,-0.027797790244221687,-0.08739512413740158
103260,ADMINISTRATIVO,-0.058050431311130524,0.07858826965093613
103262,ADMINISTRATIVO,-0.033851757645606995,-0.04378090426325798
103264,ADMINISTRATIVO,-0.12054922431707382,-0.13762356340885162
550294,ADMINISTRATIVO,-0.1818668395280838,-0.08418823033571243
552319,ADMINISTRATIVO,0.0013332872185856104,-0.08977746963500977
574968,ADMINISTRATIVO,-0.03351006284356117,0.18126992881298065
634530,ADMINISTRATIVO,-0.004128970205783844,0.14518846571445465
634600,ADMINISTRATIVO,0.09956035763025284,0.028036540374159813
634614,ADMINISTRATIVO,0.040731217712163925,-0.05051242187619209
634684,ADMINISTRATIVO,-0.20445586740970612,-0.07389602065086365
634762,ADMINISTRATIVO,0.09847170114517212,0.13298720121383667
635447,ADMINISTRATIVO,0.1608092337846756,0.15669795870780945
635587,ADMINISTRATIVO,0.08478133380413055,-0.010156589560210705
637327,ADMINISTRATIVO,-0.11072013527154922,0.16406065225601196
638396,ADMINISTRATIVO,0.14082056283950806,-0.07367821037769318
638474,ADMINISTRATIVO,0.10171502083539963,0.0830661877989769
638638,ADMINISTRATIVO,-0.04298054426908493,-0.006479691248387098
639423,ADMINISTRATIVO,-0.09238088130950928,-0.004840737674385309
639454,ADMINISTRATIVO,-0.006524755619466305,-0.023442266508936882
639518,ADMINISTRATIVO,0.08846322447061539,-0.07291877269744873
639811,ADMINISTRATIVO,0.03567851334810257,-0.09490276128053665
639834,ADMINISTRATIVO,-0.0184823889285326,-0.08845233172178268
639835,ADMINISTRATIVO,0.1794053316116333,-0.06475499272346497
640644,ADMINISTRATIVO,0.09278193861246109,-0.04769214615225792
642021,ADMINISTRATIVO,0.13644538819789886,-0.1509140133857727
642558,ADMINISTRATIVO,0.008730143308639526,-0.14413835108280182
642784,ADMINISTRATIVO,-0.07824531942605972,-0.09927205741405487
642847,ADMINISTRATIVO,0.05381254106760025,-0.009326625615358353
642985,ADMINISTRATIVO,0.04750644415616989,0.11301836371421814
643058,ADMINISTRATIVO,-0.13458138704299927,0.08649808913469315
643166,ADMINISTRATIVO,0.01494069118052721,0.0780511125922203
643204,ADMINISTRATIVO,-0.09115822613239288,0.07733636349439621
643247,ADMINISTRATIVO,0.0772550106048584,0.1414443552494049
643299,ADMINISTRATIVO,-0.1445857286453247,-0.14034977555274963
643322,ADMINISTRATIVO,0.04587356001138687,0.060331109911203384
643699,ADMINISTRATIVO,0.0701441541314125,0.006815618369728327
643819,ADMINISTRATIVO,-0.030547698959708214,0.059679120779037476
643873,ADMINISTRATIVO,0.026974916458129883,-0.004967914428561926
644132,ADMINISTRATIVO,0.08667603135108948,-0.0792296901345253
644134,ADMINISTRATIVO,0.11242660880088806,0.04235326126217842
644298,ADMINISTRATIVO,0.02782641164958477,0.04713108763098717
644399,ADMINISTRATIVO,-0.004866954404860735,0.07477539777755737
644623,ADMINISTRATIVO,-0.025246350094676018,0.14305290579795837
644630,ADMINISTRATIVO,0.06834229826927185,0.014323996379971504
644781,ADMINISTRATIVO,-0.04980206489562988,-0.034134529531002045
644946,ADMINISTRATIVO,-0.12089070677757263,-0.08036188781261444
645005,ADMINISTRATIVO,0.1504494547843933,0.08400902897119522
645317,ADMINISTRATIVO,-0.2041158825159073,0.0533817820250988
645395,ADMINISTRATIVO,-0.20597928762435913,0.024878280237317085
645471,ADMINISTRATIVO,-0.02889845333993435,0.07079166918992996
645700,ADMINISTRATIVO,0.006049611605703831,-0.0689288005232811
645785,ADMINISTRATIVO,0.0508275143802166,-0.1352846324443817
645794,ADMINISTRATIVO,-0.07016360759735107,0.06545716524124146
645943,ADMINISTRATIVO,-0.0717516839504242,-0.12509918212890625
645953,ADMINISTRATIVO,0.06452911347150803,0.07115678489208221
646043,ADMINISTRATIVO,0.05045495554804802,0.0825401023030281
646044,ADMINISTRATIVO,-0.054468005895614624,0.03021453134715557
646262,ADMINISTRATIVO,-0.13084976375102997,-0.002654875395819545
646364,ADMINISTRATIVO,0.12714189291000366,0.02899056300520897
646401,ADMINISTRATIVO,-0.06407682597637177,0.08702398836612701
646567,ADMINISTRATIVO,0.12070051580667496,0.05720114707946777
646751,ADMINISTRATIVO,-0.1645573228597641,0.07055360078811646
646776,ADMINISTRATIVO,-0.15950484573841095,0.053596317768096924
646794,ADMINISTRATIVO,-0.11328702419996262,-0.011330646462738514
646897,ADMINISTRATIVO,-0.035694800317287445,-0.0008751845452934504
647012,ADMINISTRATIVO,0.12599551677703857,-0.07872859388589859
647015,ADMINISTRATIVO,-0.10025593638420105,-0.006170873064547777
647047,ADMINISTRATIVO,0.13121935725212097,-0.035919684916734695
647105,ADMINISTRATIVO,0.15376105904579163,0.00876473356038332
647120,ADMINISTRATIVO,0.03166856989264488,-0.08160096406936646
647358,ADMINISTRATIVO,-0.05938822031021118,0.14110605418682098
647432,ADMINISTRATIVO,0.12736637890338898,-0.024078000336885452
647469,ADMINISTRATIVO,-0.006433908361941576,0.15764731168746948
647470,ADMINISTRATIVO,0.11753988265991211,-0.0021122735925018787
647862,ADMINISTRATIVO,-0.18695250153541565,0.011789700016379356
648129,ADMINISTRATIVO,0.1079627126455307,0.07503969967365265
648569,ADMINISTRATIVO,-0.13381421566009521,0.012653435580432415
648616,ADMINISTRATIVO,-0.04953927919268608,0.11508077383041382
648642,ADMINISTRATIVO,-0.0060212197713553905,-0.1305723339319229
648757,ADMINISTRATIVO,0.17667609453201294,-0.03271082788705826
648765,ADMINISTRATIVO,0.16360589861869812,0.15347737073898315
648866,ADMINISTRATIVO,0.13376441597938538,0.008632398210465908
649043,ADMINISTRATIVO,0.14314548671245575,-0.0968792736530304
649060,ADMINISTRATIVO,-0.06710996478796005,-0.12646867334842682
649137,ADMINISTRATIVO,-0.06383559852838516,-0.08268270641565323
649148,ADMINISTRATIVO,-0.043885618448257446,0.1520872563123703
649260,ADMINISTRATIVO,-0.08668138831853867,0.131044402718544
649313,ADMINISTRATIVO,0.15597030520439148,-0.1314588487148285
649590,ADMINISTRATIVO,0.01302068866789341,0.12985721230506897
649603,ADMINISTRATIVO,-0.011848753318190575,0.1506112962961197
649629,ADMINISTRATIVO,-0.05529540032148361,-0.011394599452614784
649630,ADMINISTRATIVO,-0.10786282271146774,-0.0039866832084953785
649825,ADMINISTRATIVO,0.05194510519504547,0.13958705961704254
650114,ADMINISTRATIVO,0.05613892152905464,-0.012187637388706207
650194,ADMINISTRATIVO,0.07930520176887512,-0.008779090829193592
650462,ADMINISTRATIVO,0.15544044971466064,0.03223859518766403
650463,ADMINISTRATIVO,0.10825445502996445,0.09916482120752335
650503,ADMINISTRATIVO,-0.014971506781876087,-0.14001381397247314
650513,ADMINISTRATIVO,0.06581912934780121,0.0011771145509555936
650523,ADMINISTRATIVO,0.148697629570961,-0.08411820977926254
650956,ADMINISTRATIVO,-0.03554360941052437,-0.16082178056240082
650957,ADMINISTRATIVO,-0.003088916651904583,-0.1049150601029396
651029,ADMINISTRATIVO,0.014909926801919937,-0.17604300379753113
651067,ADMINISTRATIVO,-0.011056393384933472,-0.1885775327682495
651069,ADMINISTRATIVO,-0.01910952664911747,-0.14812184870243073
651135,ADMINISTRATIVO,0.015553646720945835,-0.10152466595172882
651142,ADMINISTRATIVO,0.170063316822052,-0.06778556853532791
651206,ADMINISTRATIVO,0.14158213138580322,0.14116708934307098
651227,ADMINISTRATIVO,-0.05999407544732094,-0.1421806961297989
651295,ADMINISTRATIVO,0.13890323042869568,0.05361117050051689
651323,ADMINISTRATIVO,0.08760883659124374,0.02620917372405529
651324,ADMINISTRATIVO,0.08609320968389511,-0.016549713909626007
651339,ADMINISTRATIVO,0.10358677059412003,-0.01715836115181446
651347,ADMINISTRATIVO,0.08581234514713287,0.07692090421915054
651451,ADMINISTRATIVO,-0.008584745228290558,0.09824826568365097
651497,ADMINISTRATIVO,-0.12369959056377411,0.025946132838726044
651675,ADMINISTRATIVO,0.09752271324396133,0.06891632080078125
651745,ADMINISTRATIVO,-0.12153597921133041,0.0022105234675109386
651902,ADMINISTRATIVO,-0.24722833931446075,0.07278788089752197
652588,ADMINISTRATIVO,-0.0701015442609787,0.017985519021749496
652613,ADMINISTRATIVO,-0.19661889970302582,0.04911113530397415
652704,ADMINISTRATIVO,-0.07966207712888718,-0.0478811152279377
652724,ADMINISTRATIVO,0.05485094338655472,0.07872148603200912
652800,ADMINISTRATIVO,-0.19202910363674164,0.04143941029906273
652808,ADMINISTRATIVO,-0.056930553168058395,0.06407143175601959
652810,ADMINISTRATIVO,-0.15077532827854156,0.009425998665392399
652917,ADMINISTRATIVO,0.01247414480894804,-0.06218332797288895
652921,ADMINISTRATIVO,-0.03311751410365105,-0.011149243451654911
652925,ADMINISTRATIVO,0.01845324970781803,-0.11887817829847336
653004,ADMINISTRATIVO,0.009940294548869133,-0.0426168292760849
653075,ADMINISTRATIVO,0.06310521066188812,-0.02013983204960823
653585,ADMINISTRATIVO,-0.004782335367053747,0.07296877354383469
653690,ADMINISTRATIVO,0.0539761520922184,0.09407532960176468
653764,ADMINISTRATIVO,-0.1953219473361969,-0.020757878199219704
653775,ADMINISTRATIVO,-0.17958305776119232,-0.011606983840465546
653777,ADMINISTRATIVO,-0.013939748518168926,-0.015394952148199081
653778,ADMINISTRATIVO,-0.04310743510723114,-0.0665435791015625
653814,ADMINISTRATIVO,-0.015858152881264687,-0.006654817145317793
653815,ADMINISTRATIVO,-0.020372644066810608,-0.042172618210315704
653816,ADMINISTRATIVO,-0.06565672904253006,-0.1387467235326767
653827,ADMINISTRATIVO,-0.19011472165584564,-0.06043953076004982
653835,ADMINISTRATIVO,-0.0039008783642202616,0.03976188972592354
653837,ADMINISTRATIVO,-0.004116300493478775,-0.0030276174657046795
653858,ADMINISTRATIVO,-0.031257450580596924,-0.029390376061201096
654017,ADMINISTRATIVO,-0.015466834418475628,0.05720890685915947
654027,ADMINISTRATIVO,0.036865234375,0.018512047827243805
654081,ADMINISTRATIVO,-0.029083814471960068,0.05420386418700218
654082,ADMINISTRATIVO,-0.025655902922153473,0.08376546204090118
654118,ADMINISTRATIVO,-0.1446487009525299,-0.010202758014202118
654129,ADMINISTRATIVO,-0.14825476706027985,-0.0014677386498078704
654344,ADMINISTRATIVO,0.04738128185272217,0.06517727673053741
654349,ADMINISTRATIVO,-0.05160808563232422,-0.09951537102460861
654350,ADMINISTRATIVO,-0.1346815675497055,-0.01734517514705658
654351,ADMINISTRATIVO,-0.20323310792446136,-0.06869105994701385
654372,ADMINISTRATIVO,0.10064146667718887,-0.03650502488017082
654381,ADMINISTRATIVO,-0.11118979007005692,-0.07035182416439056
654388,ADMINISTRATIVO,-0.20398464798927307,0.004487775731831789
654402,ADMINISTRATIVO,-0.09555190801620483,0.05889512971043587
654412,ADMINISTRATIVO,0.10656335949897766,-0.036502644419670105
654428,ADMINISTRATIVO,-0.08762107044458389,-0.025975165888667107
654444,ADMINISTRATIVO,-0.19787348806858063,0.0058306860737502575
654445,ADMINISTRATIVO,-0.18828989565372467,0.053836289793252945
654462,ADMINISTRATIVO,-0.1965121626853943,-0.020479897037148476
654511,ADMINISTRATIVO,0.1300884485244751,-0.11205463856458664
654527,ADMINISTRATIVO,-0.09291617572307587,-0.14235083758831024
654570,ADMINISTRATIVO,0.08119051903486252,0.00022738758707419038
654583,ADMINISTRATIVO,-0.02166014350950718,-0.14218130707740784
655515,ADMINISTRATIVO,-0.09459718316793442,0.03230036422610283
655516,ADMINISTRATIVO,-0.187172532081604,0.05383037030696869
655517,ADMINISTRATIVO,0.00026754586724564433,0.03567096218466759
655520,ADMINISTRATIVO,-0.02735530212521553,0.09031013399362564
655525,ADMINISTRATIVO,0.10356190800666809,0.11289253830909729
655596,ADMINISTRATIVO,0.050854794681072235,0.022253522649407387
655702,ADMINISTRATIVO,-0.10828673094511032,-0.015737436711788177
655747,ADMINISTRATIVO,-0.15239174664020538,0.011661148630082607
655764,ADMINISTRATIVO,-0.07106483727693558,-0.05131588876247406
655773,ADMINISTRATIVO,-0.15248389542102814,0.09055183082818985
655964,ADMINISTRATIVO,-0.005310623906552792,0.13862144947052002
655976,ADMINISTRATIVO,-0.08337026834487915,-0.03302929922938347
655995,ADMINISTRATIVO,-0.11501441895961761,-0.059029072523117065
655996,ADMINISTRATIVO,-0.21805664896965027,-0.09124511480331421
655997,ADMINISTRATIVO,-0.17630264163017273,-0.016708150506019592
655998,ADMINISTRATIVO,-0.2105598896741867,-0.038508281111717224
656001,ADMINISTRATIVO,-0.22584010660648346,0.06686508655548096
656002,ADMINISTRATIVO,0.07827198505401611,0.05616583675146103
656003,ADMINISTRATIVO,0.04346439987421036,0.0020496174693107605
656027,ADMINISTRATIVO,-0.10271439701318741,0.0020339603070169687
656028,ADMINISTRATIVO,-0.2218378186225891,-0.03298703953623772
656039,ADMINISTRATIVO,-0.061166148632764816,0.06616612523794174
656168,ADMINISTRATIVO,-0.07197446376085281,0.021152488887310028
656194,ADMINISTRATIVO,0.024482285603880882,0.09264066070318222
656311,ADMINISTRATIVO,0.12347592413425446,0.05631338804960251
656459,ADMINISTRATIVO,-0.07798495888710022,0.12050381302833557
656651,ADMINISTRATIVO,0.035827308893203735,0.12638191878795624
656754,ADMINISTRATIVO,0.11892956495285034,-0.04397379606962204
656778,ADMINISTRATIVO,-0.24749743938446045,0.03248371183872223
656781,ADMINISTRATIVO,-0.12994804978370667,0.09369946271181107
656842,ADMINISTRATIVO,-0.05741611868143082,-0.09201706200838089
657168,ADMINISTRATIVO,-0.23180364072322845,-0.02983900159597397
657391,ADMINISTRATIVO,-0.10920552909374237,0.0011940153781324625
658070,ADMINISTRATIVO,-0.1458420753479004,0.08693420141935349
658200,ADMINISTRATIVO,0.08565980941057205,0.048652369529008865
658206,ADMINISTRATIVO,-0.14545148611068726,-0.037091270089149475
658349,ADMINISTRATIVO,-0.1535591185092926,0.08979160338640213
658370,ADMINISTRATIVO,0.0004728478961624205,-0.16476954519748688
658467,ADMINISTRATIVO,-0.029179647564888,0.11310882866382599
658478,ADMINISTRATIVO,0.02035035379230976,0.08370190858840942
658481,ADMINISTRATIVO,-0.00915389321744442,0.0689554288983345
658679,ADMINISTRATIVO,0.001855526934377849,-0.0849703699350357
658681,ADMINISTRATIVO,-0.22603487968444824,0.034303341060876846
658687,ADMINISTRATIVO,0.10065647214651108,-0.02254979871213436
658694,ADMINISTRATIVO,-0.004487946163862944,0.019231367856264114
658714,ADMINISTRATIVO,0.009259535931050777,-0.09839455783367157
658716,ADMINISTRATIVO,0.03389405086636543,-0.15843616425991058
659311,ADMINISTRATIVO,-0.009761453606188297,0.06722528487443924
659315,ADMINISTRATIVO,-0.08838167041540146,0.0496557280421257
659325,ADMINISTRATIVO,-0.0829293355345726,0.026034478098154068
659576,ADMINISTRATIVO,0.16630356013774872,0.0065086036920547485
659580,ADMINISTRATIVO,-0.2574329972267151,0.036930862814188004
659590,ADMINISTRATIVO,0.004152204841375351,0.009242399595677853
659592,ADMINISTRATIVO,-0.014372524805366993,-0.04453781619668007
659622,ADMINISTRATIVO,-0.13261549174785614,-0.10624951124191284
659653,ADMINISTRATIVO,0.11088934540748596,-0.12695401906967163
659660,ADMINISTRATIVO,0.0504913255572319,-0.13309846818447113
659693,ADMINISTRATIVO,-0.09951569885015488,-0.16096727550029755
659728,ADMINISTRATIVO,-0.1023608148097992,0.062208157032728195
659820,ADMINISTRATIVO,-0.20341520011425018,0.10123074799776077
660643,ADMINISTRATIVO,-0.02473095804452896,-0.1631724089384079
660648,ADMINISTRATIVO,-0.06687144190073013,-0.20149609446525574
660656,ADMINISTRATIVO,0.1271897554397583,-0.07896699756383896
660682,ADMINISTRATIVO,-0.13760288059711456,-0.04048161208629608
660685,ADMINISTRATIVO,-0.2772331237792969,0.06793583929538727
660716,ADMINISTRATIVO,-0.01633770391345024,-0.09189163148403168
661047,ADMINISTRATIVO,-0.08982336521148682,0.1115139052271843
661227,ADMINISTRATIVO,-0.14535032212734222,0.09747827053070068
661234,ADMINISTRATIVO,-0.23180782794952393,0.0024537809658795595
661261,ADMINISTRATIVO,0.02958589233458042,0.07111221551895142
662067,ADMINISTRATIVO,-0.1244773343205452,-0.10331925749778748
662147,ADMINISTRATIVO,-0.030270269140601158,0.02966366708278656
662177,ADMINISTRATIVO,0.1316835880279541,0.012346381321549416
662436,ADMINISTRATIVO,0.04523037001490593,0.04878341406583786
662512,ADMINISTRATIVO,-0.05200721696019173,-0.11492231488227844
662522,ADMINISTRATIVO,0.0015707846032455564,-0.04821551963686943
662525,ADMINISTRATIVO,-0.004410210996866226,-0.04713506996631622
662677,ADMINISTRATIVO,-0.08162928372621536,0.05503447726368904
662678,ADMINISTRATIVO,0.14311665296554565,-0.08692634105682373
662687,ADMINISTRATIVO,0.0048129139468073845,-0.03457162529230118
662706,ADMINISTRATIVO,-0.21140941977500916,-0.034891001880168915
662829,ADMINISTRATIVO,0.06928049772977829,-0.034370049834251404
662846,ADMINISTRATIVO,0.09657968580722809,-0.011588559485971928
662857,ADMINISTRATIVO,-0.06686615943908691,-0.04621003568172455
662863,ADMINISTRATIVO,-0.058577582240104675,-0.0377199687063694
662864,ADMINISTRATIVO,-0.15641824901103973,-0.04370569437742233
662865,ADMINISTRATIVO,-0.06801867485046387,-0.048613447695970535
663105,ADMINISTRATIVO,0.018827203661203384,-0.08722946792840958
664061,ADMINISTRATIVO,-0.056255973875522614,-0.089510977268219
665621,ADMINISTRATIVO,-0.2391604781150818,0.023889532312750816
668898,ADMINISTRATIVO,-0.21298101544380188,-0.022142214700579643
683638,ADMINISTRATIVO,-0.1470947116613388,-0.07111806422472
683722,ADMINISTRATIVO,-0.18236076831817627,-0.08204879611730576
26,DOCENTE,-0.06050891801714897,0.11808875948190689
86,DOCENTE,-0.09199512749910355,0.24032704532146454
90,DOCENTE,-0.10533656179904938,0.27075275778770447
94,DOCENTE,-0.10902965068817139,0.2827485501766205
96,DOCENTE,-0.08197487145662308,0.23721100389957428
102,DOCENTE,-0.030167032033205032,-0.09052339941263199
129,DOCENTE,-0.10027284920215607,0.28843632340431213
130,DOCENTE,0.0016250303015112877,0.09681528061628342
132,DOCENTE,0.03742308169603348,0.12022051960229874
135,DOCENTE,-0.07410164922475815,0.23653921484947205
140,DOCENTE,-0.0193456020206213,-0.007275461219251156
195,DOCENTE,0.037099093198776245,0.0744251161813736
217,DOCENTE,0.08763755857944489,0.05787084624171257
228,DOCENTE,0.08341876417398453,0.0747501328587532
244,DOCENTE,0.13052862882614136,-0.024463849142193794
274,DOCENTE,0.06184253469109535,0.09287792444229126
315,DOCENTE,-0.0500301718711853,0.1869594156742096
398,DOCENTE,-0.08697378635406494,0.2068299502134323
414,DOCENTE,0.06622644513845444,0.1120608001947403
419,DOCENTE,-0.10990457236766815,0.2597237825393677
529,DOCENTE,-0.08873125910758972,0.2615138590335846
568,DOCENTE,0.005074760876595974,0.008225477300584316
597,DOCENTE,-0.06927218288183212,0.15023989975452423
618,DOCENTE,-0.01922241970896721,0.02721324935555458
641,DOCENTE,0.004608811344951391,0.10791565477848053
653,DOCENTE,-0.006550279911607504,0.14301764965057373
656,DOCENTE,-0.015506342984735966,0.15356124937534332
667,DOCENTE,-0.07802514731884003,0.09357098489999771
671,DOCENTE,0.07643821090459824,0.11304379254579544
675,DOCENTE,0.020596351474523544,0.04306556656956673
678,DOCENTE,-0.022746752947568893,0.16218341886997223
679,DOCENTE,-0.004121456295251846,0.07025384157896042
697,DOCENTE,0.01726386696100235,0.12263363599777222
705,DOCENTE,0.010740079917013645,0.10080656409263611
709,DOCENTE,-0.042720187455415726,0.1965121626853943
716,DOCENTE,0.0372905395925045,0.05409706383943558
725,DOCENTE,0.02864777110517025,0.1008051335811615
760,DOCENTE,-0.10769639164209366,0.29075512290000916
762,DOCENTE,-0.04485476762056351,0.12179841101169586
768,DOCENTE,0.006716182921081781,0.10760114341974258
780,DOCENTE,-0.0035543590784072876,0.14510279893875122
797,DOCENTE,-0.10725957900285721,0.26016753911972046
801,DOCENTE,-0.03145958110690117,0.1913413107395172
805,DOCENTE,-0.07148474454879761,0.20187754929065704
807,DOCENTE,0.047772299498319626,0.02869916334748268
808,DOCENTE,0.08075545728206635,0.0400116927921772
819,DOCENTE,0.09706884622573853,0.04422111436724663
820,DOCENTE,-0.09734968096017838,0.2271159142255783
836,DOCENTE,-0.009054429829120636,0.021545683965086937
843,DOCENTE,0.07728133350610733,0.015781886875629425
844,DOCENTE,-0.11657727509737015,0.24665775895118713
846,DOCENTE,-0.11833538115024567,0.27435049414634705
850,DOCENTE,-0.08430241793394089,0.2455948442220688
851,DOCENTE,-0.00046524833305738866,0.02563062496483326
870,DOCENTE,0.05919283628463745,0.07924667000770569
874,DOCENTE,0.02575020119547844,-0.07700230926275253
898,DOCENTE,0.08017008751630783,0.033242546021938324
912,DOCENTE,-0.07428301870822906,0.1813625693321228
921,DOCENTE,0.05948995053768158,0.11073695868253708
923,DOCENTE,-0.10030952095985413,0.286148339509964
926,DOCENTE,-0.0969596728682518,0.2297237068414688
931,DOCENTE,-0.10059268772602081,0.2642436623573303
954,DOCENTE,0.04369807988405228,0.051448337733745575
955,DOCENTE,-0.04950674623250961,0.21660208702087402
964,DOCENTE,-0.09985386580228806,0.2725735604763031
973,DOCENTE,-0.07299729436635971,0.24097953736782074
981,DOCENTE,-0.10404195636510849,0.284659743309021
986,DOCENTE,-0.04390731453895569,0.14507585763931274
988,DOCENTE,-0.06317543983459473,0.16052134335041046
999,DOCENTE,-0.06632553786039352,0.1863478720188141
1001,DOCENTE,-0.0698544830083847,0.16382597386837006
1003,DOCENTE,-0.10824944078922272,0.20670567452907562
1006,DOCENTE,-0.09656771272420883,0.23837484419345856
1010,DOCENTE,0.04545892775058746,0.00542178750038147
1013,DOCENTE,-0.08150475472211838,0.24099057912826538
1041,DOCENTE,-0.06272447854280472,0.23122964799404144
1043,DOCENTE,-0.05641844496130943,0.15766370296478271
1045,DOCENTE,-0.001938631059601903,0.1463010013103485
1052,DOCENTE,0.0495908260345459,-0.011781365610659122
1058,DOCENTE,0.04723474010825157,0.08029323816299438
1060,DOCENTE,0.03572310134768486,0.09658877551555634
1063,DOCENTE,-0.09636896103620529,0.2648669183254242
1075,DOCENTE,0.01860736683011055,-0.04673682898283005
1086,DOCENTE,-0.10509283095598221,0.27463647723197937
1094,DOCENTE,0.00891408883035183,-0.0479460209608078
1097,DOCENTE,-0.10232479870319366,0.2902349829673767
1098,DOCENTE,-0.03309113159775734,0.1767524778842926
1101,DOCENTE,-0.06992094963788986,0.24996274709701538
1108,DOCENTE,-0.0911639928817749,0.2546195685863495
1113,DOCENTE,0.000613085983786732,0.012545675970613956
1135,DOCENTE,-0.09167065471410751,0.22726388275623322
1142,DOCENTE,0.012181955389678478,0.04224676266312599
1145,DOCENTE,-0.060855682939291,0.1759386956691742
1153,DOCENTE,-0.04199986904859543,0.20241490006446838
1154,DOCENTE,0.13205504417419434,-0.027259457856416702
1164,DOCENTE,0.06216435506939888,0.019637957215309143
1170,DOCENTE,-0.13028056919574738,0.2832043766975403
1176,DOCENTE,-0.04190707206726074,0.1167692318558693
1178,DOCENTE,-0.06923502683639526,0.030999086797237396
1193,DOCENTE,0.013866206631064415,0.0069917780347168446
1202,DOCENTE,0.058620840311050415,0.036581024527549744
1211,DOCENTE,-0.010581344366073608,0.14555208384990692
1212,DOCENTE,-0.07528424263000488,0.218025341629982
1213,DOCENTE,0.05537523329257965,0.08586476743221283
1216,DOCENTE,-0.08235634863376617,0.06736671924591064
1219,DOCENTE,0.11777222901582718,-0.04696858301758766
1220,DOCENTE,-0.08704975992441177,0.2151803970336914
1230,DOCENTE,-0.07888509333133698,0.050417061895132065
1231,DOCENTE,0.026388883590698242,0.02717309631407261
1232,DOCENTE,-0.09453509747982025,0.24419204890727997
1235,DOCENTE,0.014238719828426838,0.07294443249702454
1246,DOCENTE,0.07741831243038177,0.018275538459420204
1252,DOCENTE,-0.042880501598119736,0.1044059693813324
1262,DOCENTE,-0.09866844117641449,0.2810381352901459
1277,DOCENTE,-0.0670550987124443,0.2041284739971161
1308,DOCENTE,0.047967854887247086,0.04550481587648392
1315,DOCENTE,-0.014693372882902622,0.0789538323879242
1329,DOCENTE,0.00091399165103212,0.0024894860107451677
1335,DOCENTE,-0.047633469104766846,0.17630569636821747
1339,DOCENTE,-0.0024646571837365627,0.1577199250459671
1349,DOCENTE,0.06381890177726746,0.033374108374118805
1360,DOCENTE,-0.03511199727654457,0.1636621654033661
1363,DOCENTE,0.09636358916759491,0.06136146932840347
1364,DOCENTE,0.04907149821519852,-0.023438353091478348
1373,DOCENTE,-0.11140819638967514,0.25528934597969055
1400,DOCENTE,-0.07725180685520172,0.11673420667648315
1411,DOCENTE,-0.044583432376384735,0.18439410626888275
1421,DOCENTE,-0.0678367093205452,0.17593052983283997
1424,DOCENTE,0.041789256036281586,0.0942598506808281
1426,DOCENTE,-0.011337202042341232,0.15730977058410645
1430,DOCENTE,0.14009493589401245,-0.04365723580121994
1433,DOCENTE,0.09468775987625122,-0.019980963319540024
1444,DOCENTE,0.035207752138376236,0.10041388124227524
1451,DOCENTE,0.09932439774274826,-0.004472744185477495
1472,DOCENTE,-0.09092088043689728,0.2372412234544754
1517,DOCENTE,-0.08410965651273727,0.23283149302005768
1526,DOCENTE,-0.06845823675394058,0.22220613062381744
1550,DOCENTE,0.11295177042484283,0.023653658106923103
1553,DOCENTE,-0.09637641161680222,0.24488931894302368
1557,DOCENTE,0.11282318085432053,-0.005519576370716095
1569,DOCENTE,0.05614187940955162,0.1335664689540863
1576,DOCENTE,0.05187484249472618,0.08442461490631104
1577,DOCENTE,-0.03815627843141556,0.1414138674736023
1583,DOCENTE,0.06663798540830612,0.07516127824783325
1586,DOCENTE,0.005190377589315176,0.09014290571212769
1593,DOCENTE,0.05976144224405289,-0.012171274051070213
1601,DOCENTE,-0.06655602157115936,-0.006629596464335918
1606,DOCENTE,-0.10211681574583054,0.2771274149417877
1614,DOCENTE,-0.045803941786289215,0.1721048206090927
1657,DOCENTE,-0.03194623813033104,0.10738872736692429
1662,DOCENTE,-0.07154874503612518,0.05776039883494377
1668,DOCENTE,-0.028981037437915802,0.19430549442768097
1670,DOCENTE,-0.0950123518705368,0.20621219277381897
1674,DOCENTE,-0.12456784397363663,0.27777454257011414
1681,DOCENTE,-0.055378507822752,0.20066383481025696
1688,DOCENTE,-0.011995293200016022,-0.0032840946223586798
1689,DOCENTE,-0.07583105564117432,0.1965252012014389
1697,DOCENTE,-0.10559213161468506,0.2740914821624756
1701,DOCENTE,0.11543789505958557,-0.0049416907131671906
1706,DOCENTE,-0.058360978960990906,0.16532084345817566
1728,DOCENTE,-0.10133662074804306,0.05607663840055466
1741,DOCENTE,0.0853763297200203,0.040973931550979614
1742,DOCENTE,0.047530874609947205,0.025373535230755806
1760,DOCENTE,-0.0553094707429409,0.22940027713775635
1797,DOCENTE,0.03682304173707962,0.1088157668709755
1812,DOCENTE,-0.03724547103047371,0.012290148064494133
1848,DOCENTE,-0.053394950926303864,0.188367560505867
1857,DOCENTE,-0.037534747272729874,0.19720090925693512
1877,DOCENTE,-0.021873190999031067,0.15533848106861115
1885,DOCENTE,0.05251001939177513,0.07538405060768127
1888,DOCENTE,0.06151954084634781,0.09007740765810013
1889,DOCENTE,-0.10904262959957123,0.2587538957595825
1891,DOCENTE,0.03880433738231659,0.03821124881505966
1903,DOCENTE,-0.050310179591178894,0.005166334565728903
1933,DOCENTE,-0.014361253008246422,0.11936501413583755
1935,DOCENTE,-0.0453759990632534,0.21871697902679443
1945,DOCENTE,0.028599392622709274,0.06861661374568939
1947,DOCENTE,-0.07394219934940338,0.21860624849796295
1961,DOCENTE,-0.026187250390648842,-0.0025604581460356712
1971,DOCENTE,-0.05648123100399971,0.1904088258743286
1977,DOCENTE,-0.09547234326601028,0.2510029971599579
1979,DOCENTE,0.0977136492729187,0.06906121969223022
2006,DOCENTE,0.03851880133152008,-0.025523677468299866
2036,DOCENTE,0.10839351266622543,-0.03915010765194893
2051,DOCENTE,-0.016374628990888596,0.05495833605527878
2052,DOCENTE,0.05810889974236488,0.06251659989356995
2067,DOCENTE,-0.08586129546165466,0.17903882265090942
2069,DOCENTE,0.026598120108246803,0.11881999671459198
2081,DOCENTE,0.05714437738060951,0.0950932428240776
2097,DOCENTE,0.10193280130624771,-0.022507918998599052
2098,DOCENTE,-0.06876842677593231,0.20034083724021912
2103,DOCENTE,0.1405097097158432,-0.028805501759052277
2125,DOCENTE,-0.11315501481294632,0.22192855179309845
2137,DOCENTE,-0.06266596913337708,-0.04043889418244362
2147,DOCENTE,-0.045161545276641846,0.10395576059818268
2152,DOCENTE,-0.0591469332575798,0.13127534091472626
2161,DOCENTE,-0.023459501564502716,0.044407282024621964
2167,DOCENTE,0.060876525938510895,0.029600713402032852
2178,DOCENTE,-0.1006254106760025,0.22328732907772064
2194,DOCENTE,0.0004020818741992116,0.16651129722595215
2196,DOCENTE,-0.0424414798617363,-0.055397771298885345
2200,DOCENTE,-0.07311312109231949,0.21707816421985626
2203,DOCENTE,0.009255307726562023,0.05294007807970047
2208,DOCENTE,0.1465279906988144,-0.05312766134738922
2280,DOCENTE,0.035589661449193954,0.02542332001030445
2283,DOCENTE,-0.028093241155147552,0.038772184401750565
2293,DOCENTE,0.042273398488759995,-0.003087506163865328
2308,DOCENTE,0.12324761599302292,-0.047418806701898575
2312,DOCENTE,-0.0037453817203640938,0.17156948149204254
2390,DOCENTE,0.042522985488176346,0.15106967091560364
2419,DOCENTE,-0.08246587961912155,0.24567805230617523
2487,DOCENTE,-0.0789501741528511,-0.047526899725198746
2498,DOCENTE,0.12299536913633347,-0.0158468559384346
2516,DOCENTE,-0.0670442059636116,0.22371859848499298
2524,DOCENTE,0.09610564261674881,-0.0022695378866046667
2546,DOCENTE,-0.10570933669805527,-0.08917436003684998
2569,DOCENTE,0.04777161777019501,0.005257295910269022
2593,DOCENTE,-0.22973334789276123,-0.08305720239877701
2608,DOCENTE,0.1221790760755539,-0.043986689299345016
2637,DOCENTE,0.09494408965110779,-0.01484281849116087
2651,DOCENTE,-0.013358134776353836,0.14847944676876068
2655,DOCENTE,0.16244029998779297,-0.036118507385253906
2657,DOCENTE,0.11208163946866989,-0.0022806483320891857
2663,DOCENTE,-0.07793141901493073,0.1854260265827179
2696,DOCENTE,-0.10273461788892746,0.21477146446704865
2701,DOCENTE,-0.023556595668196678,-0.02504763752222061
2710,DOCENTE,0.07649052143096924,-0.04798838868737221
2753,DOCENTE,-0.0002121238358085975,-0.020984109491109848
2755,DOCENTE,0.06002112105488777,0.10780061036348343
2803,DOCENTE,0.14957202970981598,-0.01919114962220192
2815,DOCENTE,0.14806266129016876,-0.047222260385751724
2824,DOCENTE,0.023298189043998718,-0.06343459337949753
2830,DOCENTE,-0.08341540396213531,0.17219750583171844
2834,DOCENTE,0.13266250491142273,-0.019535323604941368
2844,DOCENTE,0.0018243220401927829,-0.04342145100235939
2850,DOCENTE,0.15529540181159973,-0.045591291040182114
2888,DOCENTE,0.04952039569616318,-0.059726037085056305
2930,DOCENTE,0.04315280541777611,-0.040124841034412384
2950,DOCENTE,0.04323260486125946,0.09227579087018967
2966,DOCENTE,0.031190093606710434,-0.055123478174209595
3015,DOCENTE,0.10673802345991135,-0.028380613774061203
3017,DOCENTE,-0.07748207449913025,0.003816053504124284
3025,DOCENTE,-0.19809751212596893,-0.044412631541490555
3057,DOCENTE,-0.023709656670689583,0.1340683251619339
3060,DOCENTE,0.07854508608579636,-0.02376491203904152
3078,DOCENTE,0.028394656255841255,0.10100820660591125
3093,DOCENTE,-0.01691923476755619,0.0625472143292427
3097,DOCENTE,-0.06113944575190544,0.19099706411361694
3130,DOCENTE,-0.06416898965835571,0.2024083137512207
3131,DOCENTE,0.097676120698452,0.000244058552198112
3160,DOCENTE,-0.04372686520218849,0.1676318347454071
3165,DOCENTE,-0.05827978253364563,-0.030692484229803085
3198,DOCENTE,0.10575117915868759,-0.0280607957392931
3208,DOCENTE,-0.05128638073801994,0.014821432530879974
3218,DOCENTE,-0.10916260629892349,0.17746251821517944
3235,DOCENTE,-0.05588863044977188,0.012830665335059166
3246,DOCENTE,0.08002179861068726,0.017546137794852257
3247,DOCENTE,0.07962566614151001,0.014033219777047634
3255,DOCENTE,-0.04857094958424568,0.10279235988855362
3275,DOCENTE,-0.041455190628767014,0.21227620542049408
3280,DOCENTE,-0.08485322445631027,0.2214597910642624
3286,DOCENTE,0.02190980315208435,0.015876494348049164
3309,DOCENTE,-0.04321630671620369,0.17090058326721191
3310,DOCENTE,0.008929925039410591,0.12591633200645447
3312,DOCENTE,-0.07326388359069824,0.23531243205070496
3313,DOCENTE,-0.031126074492931366,0.010274484753608704
3324,DOCENTE,0.1159958466887474,-0.01643327996134758
3326,DOCENTE,-0.05102698504924774,0.16874031722545624
3333,DOCENTE,0.020496338605880737,0.009318347088992596
3342,DOCENTE,-0.07786896079778671,0.2573505640029907
3380,DOCENTE,0.14940156042575836,-0.006530794780701399
3454,DOCENTE,-0.09850530326366425,0.29086121916770935
3455,DOCENTE,0.055299319326877594,0.012374642305076122
3466,DOCENTE,-0.09791328012943268,0.26885876059532166
3471,DOCENTE,-0.05867757648229599,0.1679096519947052
3491,DOCENTE,-0.005244147963821888,0.0009240857325494289
3492,DOCENTE,-0.09434433281421661,0.24168860912322998
3519,DOCENTE,-0.10297571867704391,0.2599972188472748
3541,DOCENTE,0.026352649554610252,0.002259116154164076
3578,DOCENTE,0.05537161976099014,0.0009898232528939843
3592,DOCENTE,-0.06329326331615448,-0.03132687881588936
3593,DOCENTE,-0.09761966019868851,0.2703208327293396
3596,DOCENTE,-0.10564500093460083,-0.031305015087127686
3600,DOCENTE,-0.08499845862388611,0.18985630571842194
3612,DOCENTE,-0.10578539967536926,0.2758401930332184
3619,DOCENTE,-0.09298474341630936,0.24957142770290375
3634,DOCENTE,-0.03748466446995735,0.127497598528862
3651,DOCENTE,-0.08707969635725021,0.03153664991259575
3659,DOCENTE,0.1272398680448532,-0.043552663177251816
3683,DOCENTE,0.009773842059075832,0.09071816504001617
3685,DOCENTE,0.036901555955410004,0.10473202168941498
3724,DOCENTE,0.010800264775753021,0.015419965609908104
3725,DOCENTE,-0.06308899074792862,0.14665167033672333
3727,DOCENTE,0.08360886573791504,0.049807772040367126
3728,DOCENTE,-0.0608164444565773,0.08352703601121902
3729,DOCENTE,-0.09982264041900635,0.24574673175811768
3732,DOCENTE,-0.05292525142431259,0.15436209738254547
3738,DOCENTE,-0.013324196450412273,0.1179971843957901
3740,DOCENTE,-0.08435254544019699,0.1437351107597351
3758,DOCENTE,-0.034898288547992706,0.08811572194099426
3760,DOCENTE,0.0484665110707283,0.06871690601110458
3765,DOCENTE,-0.08932364732027054,0.2603665888309479
3773,DOCENTE,-0.022377509623765945,0.0985957533121109
3774,DOCENTE,-0.04608053341507912,-0.026052255183458328
3777,DOCENTE,0.10831226408481598,0.03220009058713913
3783,DOCENTE,0.08760099858045578,0.021945929154753685
3788,DOCENTE,0.12253755331039429,0.02938700094819069
3800,DOCENTE,-0.05013465881347656,0.14996041357517242
3801,DOCENTE,0.06366746127605438,0.06527005881071091
3807,DOCENTE,0.06468528509140015,0.09171344339847565
3811,DOCENTE,0.06846911460161209,0.08893364667892456
3820,DOCENTE,0.12941792607307434,0.004587349481880665
3821,DOCENTE,0.1232447549700737,-0.01686931774020195
3829,DOCENTE,0.07601843774318695,0.08489307761192322
3962,DOCENTE,0.11314253509044647,-0.007089726161211729
3973,DOCENTE,0.08781813830137253,-0.028395337983965874
3987,DOCENTE,0.04177262261509895,-0.05832439288496971
4001,DOCENTE,0.021739596500992775,0.0010569964069873095
4024,DOCENTE,0.013772978447377682,0.011343220248818398
4029,DOCENTE,-0.09520012885332108,0.215557262301445
4036,DOCENTE,0.037460047751665115,-0.02879718318581581
4067,DOCENTE,0.10202768445014954,-0.030303141102194786
4075,DOCENTE,-0.056467317044734955,0.11332056671380997
4082,DOCENTE,0.06114759296178818,-0.006407352164387703
4100,DOCENTE,-0.03178105503320694,-0.06638769805431366
4103,DOCENTE,-0.04044637829065323,-0.008027926087379456
4135,DOCENTE,-0.059619203209877014,0.213894784450531
4199,DOCENTE,0.013832447119057178,-0.007135757710784674
4231,DOCENTE,0.05410173907876015,0.019608279690146446
4233,DOCENTE,0.12662678956985474,-0.012501683086156845
4242,DOCENTE,0.09199757128953934,0.063212089240551
4267,DOCENTE,-0.005862331483513117,0.05013948306441307
4273,DOCENTE,-0.011645499616861343,0.07362300157546997
4279,DOCENTE,0.03796578571200371,-0.003056880086660385
4296,DOCENTE,-0.04238598793745041,0.10237151384353638
4300,DOCENTE,-0.0330340601503849,0.05181695893406868
4337,DOCENTE,-0.05085695907473564,0.004943564999848604
4342,DOCENTE,-0.03108261153101921,0.1473909616470337
4343,DOCENTE,0.14670154452323914,-0.009280659258365631
4383,DOCENTE,-0.0350763276219368,-0.09715114533901215
4395,DOCENTE,-0.08537665009498596,-0.05150715261697769
4401,DOCENTE,0.1084173172712326,0.07806316018104553
4488,DOCENTE,-0.1967298984527588,-0.04463561624288559
4490,DOCENTE,-0.08713699877262115,0.19264721870422363
4527,DOCENTE,0.1283295601606369,-0.03227217122912407
4560,DOCENTE,0.12165517359972,-0.02979297563433647
4635,DOCENTE,0.13740819692611694,-0.013356483541429043
4667,DOCENTE,-0.05530853569507599,-0.06480931490659714
4675,DOCENTE,0.0411541573703289,-0.002197964582592249
4707,DOCENTE,0.1186392679810524,0.005637298803776503
4714,DOCENTE,0.14921167492866516,-0.0005569634377025068
4776,DOCENTE,0.010147618129849434,-0.01802169717848301
4829,DOCENTE,0.07487953454256058,-0.050785668194293976
4835,DOCENTE,0.08406683802604675,0.026113882660865784
4894,DOCENTE,0.08706039190292358,-0.04607745632529259
4901,DOCENTE,0.09586095064878464,-0.004124998580664396
4924,DOCENTE,0.06511314958333969,0.10020195692777634
4971,DOCENTE,0.15979023277759552,0.0024082008749246597
5027,DOCENTE,-0.05371919274330139,0.1485913097858429
5087,DOCENTE,0.1524084359407425,-0.0047141918912529945
5185,DOCENTE,0.1001056507229805,-0.036899011582136154
5280,DOCENTE,0.07402415573596954,0.04760941118001938
5290,DOCENTE,0.05804205685853958,0.06849710643291473
5307,DOCENTE,0.056863389909267426,0.03526981547474861
5323,DOCENTE,-0.027533618733286858,0.049001067876815796
5325,DOCENTE,-0.05825716257095337,0.23471517860889435
5336,DOCENTE,-0.027046797797083855,0.1809927374124527
5337,DOCENTE,-0.055114295333623886,0.17263397574424744
5339,DOCENTE,0.0848182812333107,0.11914797127246857
5356,DOCENTE,0.06402536481618881,0.11959695816040039
5361,DOCENTE,0.038014620542526245,0.09780531376600266
5371,DOCENTE,0.10760520398616791,-0.010442566126585007
5388,DOCENTE,0.05815212056040764,0.07187829911708832
5417,DOCENTE,0.019040051847696304,0.04871707782149315
5436,DOCENTE,-0.05884291231632233,0.19933028519153595
5460,DOCENTE,-0.06427667289972305,0.09511645138263702
5583,DOCENTE,0.132404625415802,-0.048989564180374146
5588,DOCENTE,0.17484931647777557,-0.035751353949308395
5590,DOCENTE,0.15462878346443176,-0.043360598385334015
5607,DOCENTE,0.03115580789744854,-0.003028379287570715
5616,DOCENTE,-0.13685154914855957,-0.0508304089307785
5653,DOCENTE,-0.09448899328708649,0.21728825569152832
5831,DOCENTE,0.1238861009478569,-0.01775243692100048
6056,DOCENTE,0.04887412488460541,0.024168290197849274
6120,DOCENTE,-0.011037956923246384,-0.0038243127055466175
6127,DOCENTE,-0.006099648308008909,-0.10743872821331024
6160,DOCENTE,0.0052728853188455105,-0.010163995437324047
6163,DOCENTE,-0.08659058809280396,-0.004167875275015831
6241,DOCENTE,0.1344021111726761,-0.03754608705639839
6847,DOCENTE,-0.07477866113185883,0.112751305103302
6870,DOCENTE,-0.08910471946001053,0.22237901389598846
6939,DOCENTE,0.055036142468452454,0.01158882211893797
6992,DOCENTE,-0.0839882493019104,0.25590965151786804
7232,DOCENTE,0.129368394613266,0.00021281738008838147
7281,DOCENTE,0.08229977637529373,0.01851639337837696
7308,DOCENTE,0.05542609468102455,0.07997355610132217
7351,DOCENTE,0.04094433784484863,0.07668278366327286
7374,DOCENTE,-0.040527503937482834,0.04292759299278259
7389,DOCENTE,0.0542297400534153,-0.003092749509960413
7416,DOCENTE,-0.0915566086769104,-0.06958698481321335
7419,DOCENTE,0.06557167321443558,-0.014608444646000862
7443,DOCENTE,-0.07092427462339401,0.0753079280257225
7726,DOCENTE,0.054221123456954956,0.024406742304563522
8024,DOCENTE,-0.08757913112640381,-0.046916842460632324
8120,DOCENTE,-0.019759634509682655,0.15645723044872284
8293,DOCENTE,-0.0696490928530693,-0.02564217336475849
8301,DOCENTE,0.011165670119225979,0.023288048803806305
8327,DOCENTE,-0.07536517083644867,0.1846473217010498
8335,DOCENTE,0.1383974850177765,-0.04672872647643089
8433,DOCENTE,0.0861966460943222,0.004181355237960815
8442,DOCENTE,0.1284538358449936,-0.016327418386936188
8446,DOCENTE,-0.0077386111952364445,0.11193414777517319
8457,DOCENTE,0.1610482782125473,-0.05068854242563248
8497,DOCENTE,0.09015844017267227,0.06402018666267395
8530,DOCENTE,-0.07946394383907318,0.1406075656414032
8666,DOCENTE,0.03374530375003815,0.087979257106781
8757,DOCENTE,0.08944341540336609,0.00867517665028572
8762,DOCENTE,-0.21776726841926575,-0.06739021092653275
8766,DOCENTE,0.08137491345405579,0.030032701790332794
8884,DOCENTE,-0.06335765868425369,0.05543836951255798
8975,DOCENTE,-0.03248664736747742,-0.028542984277009964
9029,DOCENTE,0.11674583703279495,-0.03636041283607483
9035,DOCENTE,0.13363441824913025,-0.01661309413611889
9457,DOCENTE,0.0315491147339344,0.026434391736984253
9465,DOCENTE,-0.05119587853550911,0.1328458935022354
9510,DOCENTE,0.08766636997461319,0.02830478362739086
9654,DOCENTE,-0.0016495854360982776,0.03860359638929367
9693,DOCENTE,0.11548157781362534,0.0062451609410345554
9715,DOCENTE,-0.2219529002904892,-0.06996545195579529
9816,DOCENTE,0.15753032267093658,-0.03827826678752899
9855,DOCENTE,0.07285447418689728,0.07463140040636063
9936,DOCENTE,0.06343071162700653,0.015940682962536812
10023,DOCENTE,-0.02567260153591633,-0.056344762444496155
10059,DOCENTE,0.06310015171766281,-0.005431032739579678
10093,DOCENTE,-0.0383111946284771,-0.030070681124925613
10130,DOCENTE,-0.04506467282772064,0.14506028592586517
10136,DOCENTE,-0.07445750385522842,-0.05324650555849075
10157,DOCENTE,0.08334203064441681,0.06801377981901169
10191,DOCENTE,-0.04857786372303963,-0.044838856905698776
10248,DOCENTE,0.12436987459659576,-0.008667157962918282
10352,DOCENTE,0.12587103247642517,-0.03754765912890434
10441,DOCENTE,-0.01733093522489071,-0.04124367982149124
10447,DOCENTE,0.0038765815552324057,-0.03444370999932289
10597,DOCENTE,-0.022958699613809586,-0.034342210739851
10646,DOCENTE,0.10533107072114944,-0.051143091171979904
10941,DOCENTE,0.16464972496032715,-0.04299771040678024
10946,DOCENTE,0.006373309530317783,-0.003586868289858103
11053,DOCENTE,0.045266225934028625,-0.017998136579990387
11174,DOCENTE,-0.07729920744895935,-0.05573084205389023
11234,DOCENTE,0.06447313725948334,0.09154419600963593
11351,DOCENTE,0.016061561182141304,-0.06667543947696686
11509,DOCENTE,-0.02620907872915268,0.17120780050754547
11851,DOCENTE,0.000972244655713439,-0.05229778587818146
11859,DOCENTE,0.11595318466424942,-0.006978164426982403
11918,DOCENTE,0.07984460890293121,0.06694568693637848
12371,DOCENTE,-0.1771579086780548,-0.08302353322505951
12403,DOCENTE,-0.012232878245413303,0.02531750313937664
12411,DOCENTE,0.041208457201719284,-0.01787084899842739
12422,DOCENTE,-0.056733839213848114,0.15423089265823364
12781,DOCENTE,-0.005029549356549978,-0.09121811389923096
12880,DOCENTE,0.07348991930484772,-0.045851729810237885
12900,DOCENTE,-0.0980677530169487,0.19609250128269196
13055,DOCENTE,0.13111218810081482,-0.021110281348228455
13325,DOCENTE,-0.09888885170221329,0.23185235261917114
13326,DOCENTE,0.04309815540909767,0.08541566133499146
13532,DOCENTE,-0.028211647644639015,0.1127072274684906
13566,DOCENTE,0.13367284834384918,-0.0012528569204732776
13660,DOCENTE,-0.044689349830150604,0.15581506490707397
13674,DOCENTE,-0.0011735896114259958,0.031132422387599945
13705,DOCENTE,-0.03366737440228462,0.17247113585472107
13708,DOCENTE,-0.05605258420109749,0.20128414034843445
13756,DOCENTE,0.13247935473918915,-0.02385803498327732
13779,DOCENTE,-0.08950883895158768,0.11489260941743851
13801,DOCENTE,0.06447812169790268,-0.017676986753940582
13876,DOCENTE,0.14255374670028687,-0.04791851341724396
13895,DOCENTE,0.008542968891561031,-0.028784720227122307
13929,DOCENTE,-0.11670061945915222,-0.019393235445022583
13994,DOCENTE,0.12642958760261536,-0.023168856278061867
14004,DOCENTE,0.16362659633159637,0.011500542052090168
14060,DOCENTE,0.14271710813045502,-0.03137011453509331
14089,DOCENTE,0.048979923129081726,0.05123172700405121
14113,DOCENTE,0.01712641492486,-0.02367393486201763
14147,DOCENTE,0.055763907730579376,-0.01834806241095066
14153,DOCENTE,0.03707439824938774,0.08295052498579025
14155,DOCENTE,0.07010263949632645,-0.04157450422644615
14164,DOCENTE,-0.03425229713320732,0.0068396274000406265
14179,DOCENTE,0.00926030334085226,-0.03468869999051094
14185,DOCENTE,-0.03719533607363701,-0.014097115024924278
14216,DOCENTE,0.05319725349545479,-0.03770704194903374
14261,DOCENTE,0.1324966698884964,-0.04262077063322067
14309,DOCENTE,-0.06068817526102066,0.1453143209218979
14321,DOCENTE,-0.0261944979429245,-0.037114545702934265
14328,DOCENTE,-0.05011434108018875,0.021958893164992332
14333,DOCENTE,0.15402352809906006,-0.023906877264380455
14340,DOCENTE,-0.052000418305397034,0.008351084776222706
14361,DOCENTE,-0.06757472455501556,-0.03121986985206604
14390,DOCENTE,0.09344653785228729,-0.06409777700901031
14397,DOCENTE,-0.21571888029575348,-0.14392651617527008
14464,DOCENTE,-0.0017135572852566838,-0.060745369642972946
14465,DOCENTE,0.06247907876968384,-0.047122254967689514
14489,DOCENTE,0.001785118249244988,-0.02171596884727478
14497,DOCENTE,-0.06303466856479645,0.005090227350592613
14547,DOCENTE,-0.12296485155820847,-0.100145623087883
14617,DOCENTE,-0.11424148827791214,0.21346130967140198
17054,DOCENTE,-0.11521833389997482,0.21026729047298431
17123,DOCENTE,-0.270948201417923,-0.1360611468553543
18327,DOCENTE,0.023892633616924286,-0.004775453824549913
20698,DOCENTE,-0.044481098651885986,0.09737095981836319
21004,DOCENTE,0.017562421038746834,-0.006507746409624815
21436,DOCENTE,-0.15359418094158173,0.11826983839273453
21772,DOCENTE,-0.04239382967352867,0.09208659827709198
21907,DOCENTE,0.08375637233257294,-0.0036092374939471483
22230,DOCENTE,0.08633485436439514,0.008754425682127476
22233,DOCENTE,-0.03879852592945099,-0.0005776449688710272
22250,DOCENTE,-0.06999912858009338,0.03795784339308739
22321,DOCENTE,0.1450975090265274,-0.029343927279114723
22783,DOCENTE,-0.06508370488882065,0.20307748019695282
23468,DOCENTE,-0.10007752478122711,0.16233687102794647
23552,DOCENTE,0.05884448438882828,0.029015064239501953
23638,DOCENTE,-0.1006331518292427,-0.0711592361330986
24479,DOCENTE,0.14726483821868896,-0.018774228170514107
24526,DOCENTE,0.030076850205659866,-0.019789543002843857
25170,DOCENTE,0.17616994678974152,-0.023821962997317314
25259,DOCENTE,0.10668040066957474,-0.0036349447909742594
25565,DOCENTE,-0.03463677689433098,0.12904396653175354
25763,DOCENTE,-0.23092243075370789,-0.06923674046993256
25856,DOCENTE,-0.05304297059774399,0.1855483502149582
25989,DOCENTE,0.06549350172281265,0.013869157060980797
26171,DOCENTE,0.09954141825437546,-0.05673292279243469
26655,DOCENTE,-0.0889500230550766,0.19152849912643433
26740,DOCENTE,0.06541464477777481,0.018340835347771645
27203,DOCENTE,-0.057010676711797714,0.007062042597681284
27736,DOCENTE,-0.08956675231456757,0.1907108724117279
28061,DOCENTE,-0.04915032908320427,0.09939617663621902
28660,DOCENTE,0.08861792832612991,-0.00049669633153826
28957,DOCENTE,-0.027508577331900597,-0.02024015784263611
29216,DOCENTE,0.1321440041065216,0.022387033328413963
29289,DOCENTE,-0.08523533493280411,0.209219828248024
29498,DOCENTE,0.05609133094549179,0.012165220454335213
29537,DOCENTE,0.08891218900680542,0.001716810860671103
30219,DOCENTE,0.12396252155303955,-0.005771532189100981
30390,DOCENTE,-0.047410234808921814,0.1839182823896408
30492,DOCENTE,-0.07757935672998428,0.0031600913498550653
30674,DOCENTE,0.05739471688866615,-0.0479108951985836
31176,DOCENTE,0.09473644196987152,0.01739826612174511
32178,DOCENTE,0.06572000682353973,0.012815140187740326
33010,DOCENTE,0.15127655863761902,-0.005237155128270388
33100,DOCENTE,0.12602299451828003,-0.0008219338487833738
33872,DOCENTE,0.12176670134067535,0.030319325625896454
35095,DOCENTE,0.15524302423000336,-0.010403592139482498
35262,DOCENTE,-0.01556918490678072,0.05961449071764946
35373,DOCENTE,-0.04864221811294556,0.026674259454011917
35472,DOCENTE,0.01760130189359188,-0.0025882653426378965
36033,DOCENTE,0.04569115489721298,0.016225827857851982
36586,DOCENTE,0.02095644734799862,0.05608174949884415
37082,DOCENTE,-0.0635562464594841,-0.03060368075966835
37182,DOCENTE,0.07786295562982559,0.021820833906531334
37198,DOCENTE,-0.025781942531466484,-0.006995683070272207
37842,DOCENTE,0.0406850166618824,-0.06068998575210571
37954,DOCENTE,0.1172788068652153,-0.04862421378493309
38281,DOCENTE,-0.025808997452259064,0.02315193973481655
38282,DOCENTE,0.07032955437898636,0.006713908165693283
38858,DOCENTE,0.023381061851978302,0.07511730492115021
38996,DOCENTE,0.13113030791282654,-0.01999782957136631
39214,DOCENTE,-0.05793023854494095,0.14345860481262207
39215,DOCENTE,-0.0018022744916379452,-0.03800539672374725
39413,DOCENTE,-0.017666377127170563,0.0016514748567715287
40210,DOCENTE,0.1506497859954834,-0.016559844836592674
41004,DOCENTE,0.13794542849063873,-0.017396852374076843
41411,DOCENTE,0.040473923087120056,-0.06002795323729515
41626,DOCENTE,0.08592753112316132,-0.08626119792461395
41644,DOCENTE,0.04670058935880661,0.06100612133741379
42800,DOCENTE,0.01383526436984539,0.022431261837482452
42893,DOCENTE,-0.17357490956783295,-0.021047718822956085
43101,DOCENTE,0.0859084278345108,-0.010380512103438377
43224,DOCENTE,0.08855224400758743,-0.04920415207743645
43587,DOCENTE,0.13957494497299194,-0.00853726640343666
44046,DOCENTE,-0.15619494020938873,-0.056180112063884735
44205,DOCENTE,0.11500006169080734,-0.00899537093937397
44496,DOCENTE,0.06778658926486969,0.08830738067626953
44538,DOCENTE,0.054142117500305176,-0.0639314353466034
44859,DOCENTE,0.011649894528090954,-0.05530591681599617
44884,DOCENTE,0.13687431812286377,-0.05165962502360344
44927,DOCENTE,0.13814403116703033,-0.029763931408524513
45059,DOCENTE,0.13282841444015503,-0.01789582148194313
46306,DOCENTE,0.11269692331552505,-0.02952953614294529
46564,DOCENTE,0.15534383058547974,-0.028788387775421143
46684,DOCENTE,-0.06131670996546745,0.12944145500659943
46760,DOCENTE,-0.14985860884189606,-0.05373292788863182
47061,DOCENTE,0.011510433629155159,0.045848648995161057
47478,DOCENTE,0.09132473915815353,-0.03220784291625023
48405,DOCENTE,0.15957197546958923,-0.01857304945588112
48755,DOCENTE,0.06672526895999908,-0.014964998699724674
48840,DOCENTE,0.11579768359661102,-0.04964669048786163
48885,DOCENTE,0.03951253369450569,0.058064430952072144
48938,DOCENTE,-0.11286737769842148,0.21764037013053894
49390,DOCENTE,-0.08683869987726212,0.21970735490322113
49500,DOCENTE,0.018537888303399086,-0.09870501607656479
49657,DOCENTE,0.06102829426527023,0.021032685413956642
49789,DOCENTE,0.10654125362634659,-0.033512622117996216
49839,DOCENTE,-0.018243970349431038,-0.018284833058714867
49869,DOCENTE,-0.20688901841640472,-0.08287755399942398
49926,DOCENTE,-0.02807740680873394,-0.08028686046600342
50103,DOCENTE,0.06764467805624008,0.024625694379210472
50416,DOCENTE,-0.012819681316614151,-0.0719393715262413
51050,DOCENTE,0.046735797077417374,-0.025937316939234734
51159,DOCENTE,0.11921025812625885,-0.017748966813087463
51177,DOCENTE,-0.011456315405666828,-0.009725094772875309
51195,DOCENTE,0.13436637818813324,0.005313981790095568
51212,DOCENTE,0.0897289589047432,-0.0006102535990066826
51232,DOCENTE,-0.001252625836059451,-0.031183211132884026
51391,DOCENTE,-0.05131002143025398,0.11911538243293762
51595,DOCENTE,0.09853033721446991,-0.054963864386081696
51681,DOCENTE,0.1575956642627716,-0.04079345986247063
51716,DOCENTE,-0.09747567027807236,-0.02348075993359089
51880,DOCENTE,0.007369589991867542,-0.06997522711753845
52004,DOCENTE,0.12124966830015182,-0.02062320150434971
52227,DOCENTE,0.14738669991493225,-0.045336268842220306
52365,DOCENTE,0.027339207008481026,-0.0704566240310669
52751,DOCENTE,-0.14220084249973297,-0.0032140682451426983
52752,DOCENTE,0.09954286366701126,-0.023330556228756905
52852,DOCENTE,0.001635003020055592,-0.03978744521737099
52873,DOCENTE,0.041695769876241684,-0.03230470418930054
52916,DOCENTE,-0.24097517132759094,-0.06213807687163353
52953,DOCENTE,0.10945574939250946,-0.017569879069924355
53126,DOCENTE,0.12344665825366974,-0.033842600882053375
53238,DOCENTE,-0.020740794017910957,0.11550932377576828
53239,DOCENTE,0.03413117304444313,-0.0117992227897048
53355,DOCENTE,0.085140660405159,-0.019437871873378754
53361,DOCENTE,0.0659809559583664,0.03928209841251373
53554,DOCENTE,-0.2264367640018463,-0.07198826968669891
53697,DOCENTE,-0.08523713797330856,0.19916032254695892
53811,DOCENTE,0.014500525780022144,-0.014908671379089355
53814,DOCENTE,0.14469464123249054,-0.01982145570218563
53856,DOCENTE,-0.01750803366303444,0.003430394921451807
53860,DOCENTE,0.057913534343242645,-0.010449045337736607
53888,DOCENTE,0.1471864879131317,-0.02173924632370472
54155,DOCENTE,-0.042794641107320786,0.1573449820280075
54568,DOCENTE,0.1573117971420288,-0.029348239302635193
54603,DOCENTE,0.050187624990940094,-0.011677557602524757
54701,DOCENTE,0.11222518980503082,0.004723366815596819
54706,DOCENTE,0.06464117020368576,-0.00547278905287385
54744,DOCENTE,0.07076816260814667,-0.0570172555744648
54845,DOCENTE,0.06806786358356476,-0.04009829834103584
55101,DOCENTE,-0.016914019361138344,-0.03914296254515648
55104,DOCENTE,0.08537331968545914,-0.0421387180685997
55230,DOCENTE,0.04951126500964165,-0.013937311246991158
55666,DOCENTE,0.08653531223535538,0.030177300795912743
55699,DOCENTE,0.005763506516814232,-0.07507339864969254
55731,DOCENTE,0.08348030596971512,-0.04481207951903343
55735,DOCENTE,-0.0013326600892469287,0.08195997774600983
55753,DOCENTE,-0.038696564733982086,-0.030094239860773087
55814,DOCENTE,-0.07734914124011993,-0.019146179780364037
55817,DOCENTE,-0.11725544184446335,0.2096630334854126
56170,DOCENTE,0.0030668252147734165,-0.09586886316537857
56180,DOCENTE,0.06550165265798569,-0.04823748394846916
56189,DOCENTE,0.039210520684719086,-0.04201457276940346
56233,DOCENTE,0.13583175837993622,-0.029605181887745857
56413,DOCENTE,0.023463884368538857,0.07329002767801285
56529,DOCENTE,0.1410028636455536,-0.0195056963711977
56567,DOCENTE,-0.04171457886695862,-0.04659773036837578
56607,DOCENTE,0.08464501053094864,0.013048021122813225
56628,DOCENTE,0.011637941002845764,-0.02503826469182968
56639,DOCENTE,0.1457424908876419,-0.01730971224606037
56743,DOCENTE,0.15075357258319855,-0.026474308222532272
56798,DOCENTE,-0.012425730936229229,-0.04434576258063316
56809,DOCENTE,0.05204356089234352,-0.029503196477890015
56935,DOCENTE,-0.21176455914974213,-0.142996147274971
57062,DOCENTE,-0.07199188321828842,-0.050181299448013306
57135,DOCENTE,-0.15649698674678802,-0.09401906281709671
57143,DOCENTE,0.06932912766933441,-0.022142726927995682
57181,DOCENTE,0.05092889070510864,0.0017350884154438972
57199,DOCENTE,-0.0813206285238266,-0.0010690317722037435
57204,DOCENTE,0.09966529905796051,-0.04463466629385948
57365,DOCENTE,0.09428917616605759,-0.009760578162968159
57394,DOCENTE,-0.005378984846174717,-0.09952742606401443
57503,DOCENTE,0.13452282547950745,-0.028314024209976196
57652,DOCENTE,0.10175269097089767,0.02376316487789154
57700,DOCENTE,0.07104349881410599,-0.05657456815242767
57729,DOCENTE,-0.1365525722503662,-0.10716138035058975
57817,DOCENTE,-0.07082989066839218,-0.09674593806266785
57960,DOCENTE,-0.05939721316099167,-0.010787217877805233
58345,DOCENTE,0.015075366012752056,-0.0583321750164032
58595,DOCENTE,0.12597455084323883,-0.028841638937592506
58609,DOCENTE,-0.003807921428233385,-0.06176440045237541
58627,DOCENTE,-0.007739616557955742,-0.03816276788711548
58629,DOCENTE,-0.08148029446601868,-0.06169305369257927
58645,DOCENTE,0.056523632258176804,-0.03506626561284065
58710,DOCENTE,0.15790505707263947,-0.03970148414373398
58711,DOCENTE,0.14838626980781555,-0.011722497642040253
58749,DOCENTE,0.05834364891052246,-0.02522333711385727
58795,DOCENTE,0.037223320454359055,-0.0144204031676054
58819,DOCENTE,0.0005607998464256525,-0.03738333284854889
58867,DOCENTE,-0.14096568524837494,-0.07062088698148727
58915,DOCENTE,0.1449946165084839,-0.01951489970088005
58939,DOCENTE,-0.023118795827031136,-0.08227360993623734
58968,DOCENTE,-0.05715616047382355,0.1440517157316208
59059,DOCENTE,0.09308156371116638,0.006343716289848089
59104,DOCENTE,0.05978604033589363,-0.07214230298995972
59151,DOCENTE,0.14838027954101562,-0.005545597989112139
59177,DOCENTE,0.031957175582647324,0.05762137472629547
59216,DOCENTE,0.04221390560269356,-0.01769929938018322
59217,DOCENTE,-0.06852501630783081,-0.021361323073506355
59225,DOCENTE,0.06443322449922562,-0.014333103783428669
59234,DOCENTE,0.00431652320548892,-0.01853831112384796
59237,DOCENTE,0.12043102830648422,-0.0165434330701828
59239,DOCENTE,0.09109827131032944,-0.038441501557826996
59468,DOCENTE,-0.02769029699265957,-0.02783864177763462
59484,DOCENTE,-0.06083746254444122,-0.09221199154853821
59495,DOCENTE,-0.06826465576887131,0.1734554022550583
59525,DOCENTE,0.12996423244476318,-0.02293247915804386
59557,DOCENTE,0.12552227079868317,-0.04581938683986664
59660,DOCENTE,-0.015695679932832718,-0.08087758719921112
59670,DOCENTE,-0.016944458708167076,-0.05080598592758179
59691,DOCENTE,0.10051509737968445,-0.016593139618635178
59754,DOCENTE,-0.214679554104805,-0.08991453051567078
59794,DOCENTE,-0.07876332849264145,-0.053292375057935715
59818,DOCENTE,0.15911999344825745,-0.0359564907848835
59822,DOCENTE,0.1313445121049881,-0.014221500605344772
59955,DOCENTE,0.11592836678028107,-0.02013973519206047
59958,DOCENTE,0.04450210556387901,0.09597043693065643
59964,DOCENTE,-0.0020124604925513268,-0.04892446845769882
59988,DOCENTE,-0.13374659419059753,0.19264626502990723
60020,DOCENTE,0.13894619047641754,-0.04830870404839516
60112,DOCENTE,-0.02021409384906292,-0.051741573959589005
60114,DOCENTE,-0.004536439199000597,-0.02443172223865986
60187,DOCENTE,-0.025731192901730537,-0.09515063464641571
60260,DOCENTE,0.1460007280111313,-0.03086196817457676
60263,DOCENTE,0.06528773903846741,-0.06670431047677994
60306,DOCENTE,-0.10728608071804047,-0.1049012541770935
60347,DOCENTE,-0.015170854516327381,-0.00039444168214686215
60381,DOCENTE,-0.10460633039474487,0.13435113430023193
60402,DOCENTE,-0.08777189254760742,0.021961186081171036
60408,DOCENTE,-0.18502050638198853,-0.0986049473285675
60474,DOCENTE,0.11705821007490158,-0.03567061200737953
60511,DOCENTE,-0.1030082255601883,0.2058420479297638
60559,DOCENTE,-0.09734808653593063,0.00665341317653656
60619,DOCENTE,-0.11300048232078552,-0.04707146808505058
60687,DOCENTE,-0.18151378631591797,-0.05185318738222122
60838,DOCENTE,0.06775053590536118,0.01813679002225399
61199,DOCENTE,0.007588231936097145,0.012482655234634876
61359,DOCENTE,-0.05583013594150543,0.17801310122013092
61664,DOCENTE,0.15567854046821594,0.0064563690684735775
61751,DOCENTE,0.06502233445644379,0.07467035204172134
61775,DOCENTE,0.13075032830238342,-0.03728286176919937
61948,DOCENTE,0.10753645747900009,0.03871678560972214
64417,DOCENTE,-0.02164689637720585,-0.03480963036417961
64647,DOCENTE,-0.016712475568056107,-0.028304312378168106
64657,DOCENTE,0.1552039384841919,-0.02688087522983551
64903,DOCENTE,0.15412664413452148,0.013800754211843014
65191,DOCENTE,0.12839087843894958,-0.011589394882321358
65192,DOCENTE,0.008416946046054363,0.0726684033870697
65357,DOCENTE,0.1561664640903473,-0.03840099647641182
65359,DOCENTE,-0.051932193338871,-0.013701306656002998
65363,DOCENTE,0.10422160476446152,-0.01915583945810795
65364,DOCENTE,-0.08123821020126343,-0.0778672993183136
65367,DOCENTE,-0.09432679414749146,0.12317755818367004
65378,DOCENTE,0.12371477484703064,-0.03944249451160431
65380,DOCENTE,0.023146305233240128,-0.003805279964581132
65745,DOCENTE,0.018683401867747307,-0.05106925591826439
65828,DOCENTE,0.06540520489215851,0.005761708598583937
66011,DOCENTE,0.0008051605545915663,-0.06930693238973618
66025,DOCENTE,0.04520988464355469,-0.05985608696937561
66037,DOCENTE,0.0009887171909213066,-0.05171705037355423
66041,DOCENTE,0.1302369087934494,-0.018630633130669594
66062,DOCENTE,0.020828867331147194,-0.05391133576631546
66078,DOCENTE,-0.11962409317493439,0.18939867615699768
66149,DOCENTE,-0.015902960672974586,0.128793865442276
66174,DOCENTE,0.07513874024152756,0.049945976585149765
66177,DOCENTE,0.13477790355682373,-0.06285770237445831
66201,DOCENTE,-0.25281593203544617,-0.08214661478996277
66205,DOCENTE,-0.22164222598075867,-0.04190737381577492
66209,DOCENTE,-0.07039935141801834,0.17725753784179688
66315,DOCENTE,0.10927361249923706,-0.007031112443655729
66660,DOCENTE,0.15870019793510437,-0.01644606702029705
66819,DOCENTE,0.08157532662153244,0.04310713708400726
66836,DOCENTE,0.13263259828090668,0.009694857522845268
66966,DOCENTE,0.04769220948219299,0.04136337712407112
66974,DOCENTE,0.03450572118163109,0.04675691947340965
67008,DOCENTE,0.16878008842468262,-0.04611722007393837
67133,DOCENTE,0.044165078550577164,0.01622503437101841
67497,DOCENTE,0.08274522423744202,0.013382859528064728
67720,DOCENTE,0.0538606271147728,-0.005640843883156776
67973,DOCENTE,0.09020290523767471,-0.06006462126970291
68084,DOCENTE,0.14809155464172363,-0.023875918239355087
68186,DOCENTE,0.09717576205730438,-0.06729751080274582
68191,DOCENTE,0.14551132917404175,-0.04723067581653595
68232,DOCENTE,0.014954768121242523,0.012636913917958736
68247,DOCENTE,-0.02193736843764782,-0.08173097670078278
69846,DOCENTE,-0.22261738777160645,-0.049630556255578995
70512,DOCENTE,0.027694281190633774,0.07800890505313873
71044,DOCENTE,0.12683047354221344,-0.004147942643612623
72101,DOCENTE,0.10900479555130005,-0.03557289019227028
72297,DOCENTE,0.1041068434715271,-0.036438796669244766
72321,DOCENTE,-0.15631964802742004,-0.05226403847336769
73396,DOCENTE,-0.07389334589242935,0.14321209490299225
73399,DOCENTE,0.02677757851779461,-0.05492304265499115
73427,DOCENTE,0.050292160362005234,0.07465305924415588
73466,DOCENTE,0.013786631636321545,0.08198393881320953
73485,DOCENTE,0.15431678295135498,-0.056455764919519424
73495,DOCENTE,-0.004255083855241537,-0.00793156772851944
73498,DOCENTE,0.1257513016462326,-0.06682691723108292
73504,DOCENTE,0.06651178747415543,-0.002286304486915469
73569,DOCENTE,0.12461649626493454,-0.02363152801990509
73609,DOCENTE,-0.004412003327161074,-0.03173708915710449
73715,DOCENTE,-0.02809639275074005,-0.028310459107160568
73763,DOCENTE,0.13279470801353455,0.006232558749616146
73799,DOCENTE,0.08156468719244003,-0.027378380298614502
73803,DOCENTE,0.04280539229512215,-0.03132718801498413
73837,DOCENTE,0.14895853400230408,-0.07515769451856613
74221,DOCENTE,-0.18518251180648804,-0.1078447476029396
74257,DOCENTE,0.08598881214857101,-0.03124520555138588
74261,DOCENTE,0.1332138627767563,-0.04311244189739227
74334,DOCENTE,-0.20971724390983582,-0.05130758136510849
75537,DOCENTE,0.024332690984010696,-0.04637253284454346
75543,DOCENTE,-0.049476876854896545,-0.11326159536838531
75635,DOCENTE,0.09572853893041611,-0.02532518468797207
75684,DOCENTE,-0.2242807298898697,-0.12227977067232132
75701,DOCENTE,-0.07358750700950623,-0.0023527166340500116
75712,DOCENTE,-0.026227882131934166,-0.030331462621688843
75723,DOCENTE,-0.2151041477918625,-0.13767366111278534
75738,DOCENTE,-0.023041343316435814,-0.03791150823235512
75739,DOCENTE,-0.147936150431633,-0.05591213330626488
75747,DOCENTE,-0.016250455752015114,-0.041128747165203094
75750,DOCENTE,0.12081445753574371,-0.01733696460723877
75751,DOCENTE,0.0969361886382103,-0.03939114511013031
75755,DOCENTE,0.1237945631146431,-0.0461157001554966
75804,DOCENTE,-0.04355761781334877,-0.0823141559958458
75838,DOCENTE,0.09712039679288864,-0.03942633420228958
75859,DOCENTE,-0.057363901287317276,-0.09529399126768112
75860,DOCENTE,-0.054391466081142426,-0.11152830719947815
75946,DOCENTE,0.12804891169071198,-0.05841170251369476
75961,DOCENTE,0.10555315017700195,-0.03497237339615822
75964,DOCENTE,-0.11971725523471832,0.016799135133624077
75998,DOCENTE,-0.053566716611385345,-0.07551316916942596
76024,DOCENTE,0.08426183462142944,-0.031073778867721558
76043,DOCENTE,-0.04170217737555504,-0.059577230364084244
76063,DOCENTE,-0.13733015954494476,-0.007186307571828365
76065,DOCENTE,-0.07972049713134766,-0.06995426118373871
76069,DOCENTE,0.1292877197265625,-0.020502494648098946
76072,DOCENTE,-0.014069728553295135,-0.06708221882581711
76092,DOCENTE,-0.024238672107458115,-0.08200682699680328
76093,DOCENTE,-0.08366458117961884,-0.04937468096613884
76094,DOCENTE,-0.15709300339221954,-0.09331606328487396
76104,DOCENTE,-0.13274699449539185,-0.10371756553649902
76115,DOCENTE,-0.0514950305223465,-0.05611360818147659
76218,DOCENTE,0.10882707685232162,-0.007220264989882708
76778,DOCENTE,0.150166854262352,-0.028419118374586105
77007,DOCENTE,-0.02986803837120533,-0.07141583412885666
77401,DOCENTE,0.04849613457918167,-0.044978637248277664
77512,DOCENTE,-0.00015493879618588835,0.09388191998004913
77528,DOCENTE,-0.09317880123853683,-0.05703930929303169
77575,DOCENTE,-0.005593172274529934,0.003099919529631734
77628,DOCENTE,-0.016704699024558067,-0.06615334004163742
77629,DOCENTE,-0.0530829019844532,-0.08108057081699371
77663,DOCENTE,-0.19456008076667786,-0.1334773153066635
77679,DOCENTE,-0.07944930344820023,-0.061766646802425385
77712,DOCENTE,0.1259937286376953,-0.04342926666140556
77720,DOCENTE,-0.054931238293647766,-0.052869733422994614
77727,DOCENTE,-0.013404185883700848,-0.09024129807949066
77734,DOCENTE,0.1202547550201416,-0.04428555816411972
77764,DOCENTE,0.13011129200458527,-0.03131784498691559
77788,DOCENTE,0.1481247991323471,-0.06899754703044891
77803,DOCENTE,0.08128643780946732,-0.03704287111759186
77835,DOCENTE,0.03288760781288147,-0.06060447916388512
77854,DOCENTE,-0.18945665657520294,-0.14672988653182983
77855,DOCENTE,-0.19777452945709229,-0.15449833869934082
77927,DOCENTE,0.03310999646782875,-0.09129766374826431
77935,DOCENTE,-0.09415926784276962,-0.05829816311597824
77974,DOCENTE,-0.19231289625167847,-0.08194884657859802
77994,DOCENTE,-0.09286481887102127,0.0023275637067854404
78002,DOCENTE,0.052172571420669556,0.04128481447696686
78066,DOCENTE,-0.016223369166254997,-0.06774275004863739
78086,DOCENTE,0.14568626880645752,-0.04017264023423195
78101,DOCENTE,-0.04099356010556221,-0.06475871801376343
78121,DOCENTE,-0.21633656322956085,-0.09961874037981033
78220,DOCENTE,0.0618966668844223,0.0006500444142147899
78260,DOCENTE,-0.22560743987560272,-0.08749683201313019
78305,DOCENTE,-0.15174129605293274,-0.07821489125490189
78314,DOCENTE,0.135942742228508,-0.03974127769470215
78357,DOCENTE,0.1360192745923996,-0.05922985449433327
78381,DOCENTE,-0.22505344450473785,-0.07995323091745377
78432,DOCENTE,0.08241480588912964,-0.03982594981789589
78499,DOCENTE,0.10429678112268448,-0.025412587448954582
78520,DOCENTE,-0.022153161466121674,-0.058843400329351425
78543,DOCENTE,-0.08934919536113739,-0.037646640092134476
78656,DOCENTE,0.019300557672977448,0.002147900639101863
78685,DOCENTE,0.14281906187534332,-0.048733100295066833
78731,DOCENTE,0.05029381066560745,-0.02996748499572277
78761,DOCENTE,0.12941092252731323,-0.038471609354019165
78762,DOCENTE,-0.07548787444829941,-0.08268414437770844
78866,DOCENTE,-0.06132492423057556,-0.039489660412073135
78867,DOCENTE,0.07047032564878464,0.052371300756931305
78898,DOCENTE,0.004316872451454401,0.016129381954669952
78953,DOCENTE,0.005400186870247126,0.007965775206685066
80032,DOCENTE,0.052880868315696716,-0.031830351799726486
80194,DOCENTE,0.009147978387773037,-0.043375469744205475
80200,DOCENTE,0.07357211410999298,-0.01843562349677086
80206,DOCENTE,0.10364028811454773,-0.01706794835627079
80235,DOCENTE,0.08827966451644897,-0.035913385450839996
80316,DOCENTE,0.06277275830507278,-0.06640399992465973
80318,DOCENTE,0.1127949059009552,0.009837625548243523
80918,DOCENTE,-0.03041260689496994,-0.039314623922109604
81247,DOCENTE,0.13127915561199188,-0.011995606124401093
81391,DOCENTE,0.0058800233528018,-0.03736517205834389
81684,DOCENTE,0.008388903923332691,-0.03532242774963379
81761,DOCENTE,0.13196396827697754,-0.031879886984825134
81832,DOCENTE,0.06433110684156418,-0.05655539780855179
82478,DOCENTE,0.05158209800720215,-0.0006450051441788673
82483,DOCENTE,0.002961087739095092,0.050169438123703
86407,DOCENTE,0.1623816341161728,-0.0508602000772953
86494,DOCENTE,0.037737056612968445,-0.01108118612319231
90113,DOCENTE,0.1404600292444229,-0.013939526863396168
91014,DOCENTE,0.013905302621424198,-0.04864715039730072
94437,DOCENTE,-0.03975473344326019,-0.07255883514881134
94835,DOCENTE,0.03158074617385864,-0.052938174456357956
95278,DOCENTE,0.07569383829832077,-0.02561161294579506
95335,DOCENTE,0.13065963983535767,-0.02716480940580368
95471,DOCENTE,0.12447421252727509,-0.028356168419122696
95480,DOCENTE,-0.1304856687784195,-0.1311424821615219
95498,DOCENTE,-0.020692240446805954,0.008024167269468307
95506,DOCENTE,0.13426664471626282,-0.030819345265626907
95516,DOCENTE,-0.06278276443481445,0.10254636406898499
95539,DOCENTE,0.05358937010169029,0.018823498860001564
95564,DOCENTE,0.030899997800588608,-0.028284292668104172
95565,DOCENTE,-0.09160208702087402,-0.05423755571246147
95575,DOCENTE,0.06790613383054733,-0.001386026619002223
95580,DOCENTE,-0.008275666274130344,-0.016730325296521187
95586,DOCENTE,0.04836730659008026,-0.018796652555465698
95607,DOCENTE,-0.05814899131655693,0.13441145420074463
95633,DOCENTE,0.09171265363693237,0.03697493299841881
95687,DOCENTE,-0.22513362765312195,-0.09644952416419983
95689,DOCENTE,-0.036296285688877106,-0.04467107728123665
95732,DOCENTE,-0.05371038615703583,-0.020069891586899757
95746,DOCENTE,-0.06905071437358856,-0.1103658452630043
95751,DOCENTE,-0.03686566278338432,-0.06819269806146622
95763,DOCENTE,-0.03676876053214073,-0.05457182973623276
95787,DOCENTE,0.057007502764463425,-0.042925119400024414
95807,DOCENTE,-0.04768986999988556,-0.09327089786529541
95830,DOCENTE,-0.13049514591693878,-0.04727670177817345
95870,DOCENTE,0.04898430407047272,-0.032316651195287704
95878,DOCENTE,-0.036566924303770065,-0.09923173487186432
95911,DOCENTE,0.055905815213918686,-0.09143906086683273
95923,DOCENTE,0.05526334419846535,-0.058915261179208755
95965,DOCENTE,0.13642191886901855,-0.032661668956279755
95980,DOCENTE,-0.17109984159469604,-0.13763728737831116
95985,DOCENTE,0.022171270102262497,-0.06137962266802788
95988,DOCENTE,-0.09509223699569702,-0.11746268719434738
96023,DOCENTE,0.02526366524398327,-0.04877835884690285
96034,DOCENTE,0.13748325407505035,-0.04742807149887085
96042,DOCENTE,-0.22813643515110016,-0.08833636343479156
96050,DOCENTE,-0.04366597905755043,-0.04617179185152054
96064,DOCENTE,-0.20142172276973724,-0.09137845784425735
96137,DOCENTE,0.09327422082424164,-0.051252588629722595
96145,DOCENTE,-0.0671701654791832,-0.1101527288556099
96166,DOCENTE,0.10840512812137604,-0.05390013009309769
96198,DOCENTE,-0.18443912267684937,-0.12329915165901184
96208,DOCENTE,-0.12993046641349792,-0.1373397260904312
96213,DOCENTE,-0.03597321733832359,-0.07139310985803604
96232,DOCENTE,0.07029186934232712,-0.017159247770905495
96244,DOCENTE,-0.03742576763033867,-0.04257415980100632
96298,DOCENTE,-0.017922155559062958,-0.06212490797042847
96315,DOCENTE,0.08642048388719559,-0.014178967103362083
96324,DOCENTE,-0.04341576620936394,-0.00189072429202497
96345,DOCENTE,0.17406651377677917,-0.01969127729535103
96391,DOCENTE,-0.02884064055979252,-0.03174959868192673
96499,DOCENTE,0.14607779681682587,0.0034037046134471893
96556,DOCENTE,0.0639573335647583,0.011539904400706291
96570,DOCENTE,-0.2136840969324112,-0.09730678051710129
96607,DOCENTE,0.0719790831208229,-0.03256037458777428
96618,DOCENTE,-0.10267486423254013,-0.06895636022090912
96625,DOCENTE,-0.10680609196424484,-0.09296796470880508
96626,DOCENTE,-0.04823381453752518,-0.08522145450115204
96660,DOCENTE,-0.22339287400245667,-0.11439923197031021
96672,DOCENTE,-0.17898891866207123,-0.12129630148410797
96707,DOCENTE,2.5734265364008024e-05,-0.10271067917346954
96713,DOCENTE,-0.25293412804603577,-0.15114693343639374
96863,DOCENTE,-0.0354313850402832,-0.06000243499875069
96867,DOCENTE,0.09124138206243515,-0.02243785373866558
96877,DOCENTE,0.09778007864952087,-0.024679990485310555
96900,DOCENTE,-0.14426951110363007,-0.11600431799888611
96905,DOCENTE,0.13238780200481415,-0.043128084391355515
96924,DOCENTE,0.053726669400930405,-0.07346426695585251
96954,DOCENTE,0.05673487111926079,0.030771158635616302
96958,DOCENTE,0.05532548204064369,0.009263589046895504
97002,DOCENTE,0.05868447944521904,0.01894250325858593
97011,DOCENTE,-0.08309730887413025,-0.04264683648943901
97024,DOCENTE,-0.22580859065055847,-0.13668958842754364
97029,DOCENTE,-0.11967477202415466,-0.07460926473140717
97037,DOCENTE,-0.02579461596906185,-0.1207817867398262
97056,DOCENTE,-0.11848125606775284,-0.10223270952701569
97077,DOCENTE,-0.16841131448745728,-0.14298449456691742
97130,DOCENTE,0.09937427937984467,-0.06281984597444534
97137,DOCENTE,0.1495022177696228,-0.046768054366111755
97139,DOCENTE,0.15723916888237,-0.04807481914758682
97140,DOCENTE,0.09692376106977463,-0.03927956148982048
97145,DOCENTE,-0.04806061461567879,-0.06509219855070114
97155,DOCENTE,-0.020581675693392754,-0.05045550316572189
97195,DOCENTE,0.09866520762443542,-0.05701855570077896
97239,DOCENTE,-0.1439482569694519,0.017951296642422676
97254,DOCENTE,-0.12915250658988953,-0.10826916992664337
97299,DOCENTE,0.04836202412843704,0.0024994679260998964
97328,DOCENTE,0.06650491803884506,-0.05840476229786873
97362,DOCENTE,-0.07890613377094269,-0.04161364585161209
97379,DOCENTE,-0.19489867985248566,-0.1003621518611908
97410,DOCENTE,-0.22066043317317963,-0.13054345548152924
97461,DOCENTE,-0.08164915442466736,0.18291343748569489
97463,DOCENTE,-0.11217284202575684,-0.05612662434577942
97465,DOCENTE,0.13245442509651184,-0.009624604135751724
97468,DOCENTE,-0.1302882879972458,-0.05113151669502258
97471,DOCENTE,0.07958143204450607,0.036362964659929276
97472,DOCENTE,0.09076680988073349,0.0729314386844635
97473,DOCENTE,-0.11582372337579727,0.006747438572347164
97486,DOCENTE,0.05436190590262413,-0.014036720618605614
97530,DOCENTE,0.13298936188220978,0.012966674752533436
97562,DOCENTE,-0.027976736426353455,-0.06264052540063858
97602,DOCENTE,-0.07096271216869354,0.18763947486877441
97664,DOCENTE,0.003043567994609475,-0.024302514269948006
97703,DOCENTE,-0.016263272613286972,-0.006803241092711687
97829,DOCENTE,-0.039427466690540314,-0.09548372775316238
97845,DOCENTE,0.11559654027223587,-0.05173695459961891
97846,DOCENTE,0.023818714544177055,-0.06787341833114624
97853,DOCENTE,-0.028095470741391182,-0.08586639165878296
97876,DOCENTE,-0.19798493385314941,-0.09511785954236984
97926,DOCENTE,-0.12095611542463303,-0.017633629962801933
97928,DOCENTE,0.13513591885566711,-0.04138224944472313
98030,DOCENTE,0.07077816873788834,0.014750635251402855
98034,DOCENTE,0.06482501327991486,-0.03464766591787338
98037,DOCENTE,0.10067104548215866,-0.030658947303891182
98038,DOCENTE,0.13864384591579437,0.027923308312892914
98040,DOCENTE,0.1510494500398636,-0.004840128123760223
98044,DOCENTE,-0.06657087057828903,-0.039192430675029755
98053,DOCENTE,0.09635158628225327,-0.015869641676545143
98113,DOCENTE,-0.21319203078746796,-0.08150117099285126
98201,DOCENTE,0.07889878749847412,-0.027404529973864555
98256,DOCENTE,0.11934137344360352,-0.04769212752580643
98340,DOCENTE,-0.04991932585835457,-0.09357903897762299
98342,DOCENTE,-0.01145312562584877,-0.07547970116138458
98344,DOCENTE,-0.042294953018426895,-0.04689497500658035
98357,DOCENTE,0.0978488102555275,-0.04617583006620407
98380,DOCENTE,-0.12612971663475037,-0.058733902871608734
98413,DOCENTE,-0.08442132920026779,-0.042469244450330734
98417,DOCENTE,0.10411914438009262,-0.02635578066110611
98433,DOCENTE,0.056210994720458984,-0.0016719489358365536
98467,DOCENTE,-0.24430616199970245,-0.15503381192684174
98468,DOCENTE,-0.22986309230327606,-0.15578711032867432
98473,DOCENTE,0.009182248264551163,-0.0751265436410904
98482,DOCENTE,0.12308263033628464,-0.017108626663684845
98536,DOCENTE,-0.08981691300868988,-0.10205843299627304
98581,DOCENTE,0.08140908926725388,-0.03134014457464218
98610,DOCENTE,0.05994395911693573,-0.04464682564139366
98657,DOCENTE,-0.19217856228351593,-0.1274522989988327
98678,DOCENTE,-0.14047753810882568,-0.125238299369812
98684,DOCENTE,-0.08871293812990189,-0.04625283181667328
98686,DOCENTE,0.10902457684278488,-0.04394926503300667
98706,DOCENTE,0.09333962202072144,-0.022476140409708023
98732,DOCENTE,0.029788866639137268,0.032178882509469986
98757,DOCENTE,0.1215740442276001,-0.05514180287718773
98780,DOCENTE,-0.05510807782411575,-0.0844954401254654
98828,DOCENTE,-0.15817058086395264,-0.09808232635259628
98838,DOCENTE,0.07432077825069427,-0.053125739097595215
98842,DOCENTE,-0.07956623286008835,-0.07576098293066025
98851,DOCENTE,-0.11119841039180756,-0.05090917646884918
98855,DOCENTE,-0.039068758487701416,-0.0729760229587555
98892,DOCENTE,-0.0658721849322319,-0.057162340730428696
98896,DOCENTE,-0.16232411563396454,-0.06872251629829407
98935,DOCENTE,-0.01572873443365097,0.12470021098852158
98936,DOCENTE,0.07213687151670456,0.06740542501211166
98950,DOCENTE,-0.04593775421380997,0.1458762139081955
98962,DOCENTE,0.00920955091714859,0.11840120702981949
98966,DOCENTE,0.1198389083147049,-0.035789936780929565
98968,DOCENTE,-0.17173433303833008,0.12011270970106125
98971,DOCENTE,0.08547632396221161,-0.014972168952226639
98973,DOCENTE,-0.0885544866323471,0.19113536179065704
98980,DOCENTE,-0.11633805930614471,0.21695013344287872
99043,DOCENTE,-0.004654265008866787,-0.06790845096111298
99083,DOCENTE,-0.01195688359439373,-0.01699446514248848
99100,DOCENTE,-0.23397296667099,-0.06267344951629639
99110,DOCENTE,0.0696214959025383,-0.008665651082992554
99124,DOCENTE,-0.17818698287010193,-0.08451230078935623
99136,DOCENTE,-0.17117735743522644,-0.1310078650712967
99138,DOCENTE,-0.24430613219738007,-0.15503373742103577
99141,DOCENTE,-0.12252279371023178,-0.09075066447257996
99143,DOCENTE,0.06485004723072052,-0.004201166331768036
99225,DOCENTE,-0.02388520911335945,-0.08256992697715759
99249,DOCENTE,-0.1186298057436943,-0.1211109608411789
99267,DOCENTE,-0.041626282036304474,-0.0553770512342453
99308,DOCENTE,0.11371642351150513,-0.07571737468242645
99419,DOCENTE,-0.1813337206840515,-0.14153212308883667
99588,DOCENTE,-0.15341900289058685,-0.08293596655130386
99718,DOCENTE,-0.14604811370372772,-0.10255014896392822
99736,DOCENTE,0.10447579622268677,0.016911091282963753
99772,DOCENTE,-0.027617882937192917,-0.11421816796064377
99869,DOCENTE,-0.22522959113121033,-0.08498981595039368
99877,DOCENTE,-0.15638293325901031,-0.08649356663227081
99883,DOCENTE,-0.05216466635465622,-0.024757692590355873
99887,DOCENTE,0.1243351399898529,-0.04940906539559364
99944,DOCENTE,-0.05267908796668053,-0.05314193293452263
99956,DOCENTE,-0.15898700058460236,-0.012786858715116978
100016,DOCENTE,-0.1912073940038681,-0.11100868880748749
100055,DOCENTE,0.10657484084367752,-0.015775317326188087
100136,DOCENTE,-0.033333513885736465,-0.044411975890398026
100228,DOCENTE,0.18121396005153656,-0.038334205746650696
100276,DOCENTE,-0.04604078456759453,-0.064959317445755
100304,DOCENTE,-0.19668389856815338,-0.07618502527475357
100334,DOCENTE,-0.20500147342681885,-0.0851951465010643
100423,DOCENTE,-0.22529670596122742,-0.1108931452035904
100427,DOCENTE,0.12224669009447098,-0.05505209416151047
100437,DOCENTE,-0.24495212733745575,-0.07021047919988632
100484,DOCENTE,0.10291288048028946,-0.027861371636390686
100490,DOCENTE,-0.14642108976840973,-0.1177009865641594
100518,DOCENTE,-0.06702116876840591,-0.06880591064691544
100523,DOCENTE,-0.19393110275268555,-0.14713437855243683
100555,DOCENTE,-0.22656191885471344,-0.08849882334470749
100664,DOCENTE,0.1561218947172165,-0.03492946922779083
100675,DOCENTE,0.048899002373218536,-0.054688163101673126
100696,DOCENTE,-0.2025277465581894,-0.12992145121097565
100722,DOCENTE,0.04148605838418007,0.007513247895985842
100731,DOCENTE,0.1464431881904602,-0.02129039168357849
100792,DOCENTE,-0.057043373584747314,-0.033003587275743484
100801,DOCENTE,0.12467388808727264,0.03421748802065849
100940,DOCENTE,0.044434018433094025,-0.04340974986553192
101233,DOCENTE,-0.0028338166885077953,-0.0652916431427002
101243,DOCENTE,-0.19088080525398254,-0.09389442950487137
101265,DOCENTE,0.10291851311922073,-0.02937976084649563
101281,DOCENTE,0.09241468459367752,-0.024471862241625786
101290,DOCENTE,-0.19197946786880493,-0.1356799155473709
101297,DOCENTE,0.021356867626309395,-0.017321132123470306
101329,DOCENTE,0.08994164317846298,-0.03298776224255562
101480,DOCENTE,-0.20037241280078888,-0.13551312685012817
101818,DOCENTE,-0.2218431681394577,-0.002999443793669343
101883,DOCENTE,-0.22552581131458282,-0.15049318969249725
101896,DOCENTE,-0.23621556162834167,-0.08801610767841339
102035,DOCENTE,-0.07301133871078491,-0.09221751242876053
102504,DOCENTE,0.09467197209596634,-0.037020713090896606
102508,DOCENTE,0.10352105647325516,-0.041204486042261124
102509,DOCENTE,-0.040815770626068115,-0.07989855855703354
102518,DOCENTE,-0.021415283903479576,-0.047040004283189774
102526,DOCENTE,-0.019734172150492668,-0.0513586662709713
102559,DOCENTE,0.10721833258867264,-0.05056947097182274
102560,DOCENTE,-0.2384166270494461,-0.15599024295806885
102572,DOCENTE,-0.03573255613446236,-0.0635330080986023
102575,DOCENTE,-0.007581519894301891,-0.08143232762813568
102576,DOCENTE,-0.00726863369345665,-0.08463963121175766
102577,DOCENTE,-0.24483923614025116,-0.15223467350006104
102604,DOCENTE,-0.23178815841674805,-0.10728427767753601
102634,DOCENTE,-0.06965883076190948,-0.050252765417099
102655,DOCENTE,-0.24404217302799225,-0.15200312435626984
102656,DOCENTE,-0.24430613219738007,-0.15503373742103577
102665,DOCENTE,-0.08227293193340302,-0.08381025493144989
102668,DOCENTE,-0.24430613219738007,-0.15503373742103577
102670,DOCENTE,0.10851727426052094,-0.05613257735967636
102674,DOCENTE,-0.2268589586019516,-0.15043261647224426
102688,DOCENTE,-0.24253079295158386,-0.13293740153312683
102747,DOCENTE,-0.06249402463436127,-0.054418135434389114
102812,DOCENTE,-0.22822709381580353,-0.15934042632579803
102901,DOCENTE,-0.15293572843074799,-0.11147782951593399
102915,DOCENTE,0.0704633817076683,-0.0027584705967456102
102964,DOCENTE,0.17257007956504822,-0.0521472804248333
102965,DOCENTE,0.0719766914844513,-0.081388458609581
102966,DOCENTE,0.156682550907135,-0.019107453525066376
102968,DOCENTE,0.07984717935323715,-0.018388908356428146
102970,DOCENTE,-0.0021244841627776623,0.08314318209886551
102971,DOCENTE,0.111207976937294,-0.03736428543925285
102974,DOCENTE,0.08000936359167099,0.03308594226837158
102988,DOCENTE,-0.09029226005077362,-0.09310134500265121
103007,DOCENTE,-0.15244576334953308,-0.09410063177347183
103016,DOCENTE,-0.24360817670822144,-0.15729542076587677
103051,DOCENTE,-0.21921135485172272,-0.10583355277776718
103052,DOCENTE,-0.07795123010873795,-0.07364516705274582
103060,DOCENTE,-0.033387769013643265,-0.08332822471857071
103076,DOCENTE,-0.08053512126207352,-0.10121512413024902
103094,DOCENTE,0.059644054621458054,0.01621238701045513
103095,DOCENTE,0.13239964842796326,-0.029195304960012436
103096,DOCENTE,0.06223415210843086,0.00803389586508274
103128,DOCENTE,0.160855233669281,-0.009676995687186718
103135,DOCENTE,0.129527747631073,-0.004885218106210232
103141,DOCENTE,-0.009482460096478462,0.005483716726303101
103174,DOCENTE,-0.12205579876899719,0.13911308348178864
103178,DOCENTE,-0.006971216760575771,0.1058148518204689
103189,DOCENTE,0.008593866601586342,0.05437539145350456
103195,DOCENTE,-0.002060807077214122,-0.06491214036941528
103196,DOCENTE,-0.042701173573732376,-0.03417246416211128
103230,DOCENTE,0.10356438159942627,-0.0656556710600853
152512,DOCENTE,-0.05556230992078781,0.07054397463798523
480354,DOCENTE,0.030238179489970207,0.08902330696582794
634492,DOCENTE,-0.009537284262478352,0.007879792712628841
634493,DOCENTE,-0.05171612650156021,-0.06178813800215721
634521,DOCENTE,-0.02331029437482357,-0.11881903558969498
634579,DOCENTE,0.009997496381402016,-0.012541416101157665
634587,DOCENTE,0.033301498740911484,0.004002131521701813
634588,DOCENTE,-0.00896782148629427,-0.05842052772641182
634593,DOCENTE,0.12605047225952148,0.00411645695567131
634625,DOCENTE,0.14893043041229248,-0.036544594913721085
634645,DOCENTE,0.016373760998249054,0.039729684591293335
634661,DOCENTE,0.09365919232368469,-0.044745851308107376
634709,DOCENTE,-0.07837449014186859,0.14061272144317627
634728,DOCENTE,0.15109653770923615,-0.041199225932359695
634773,DOCENTE,-0.12928026914596558,-0.12789514660835266
634789,DOCENTE,-0.03529159352183342,-0.045072879642248154
634797,DOCENTE,0.09022823721170425,-0.020676398649811745
634800,DOCENTE,0.016319425776600838,0.09219477325677872
634801,DOCENTE,0.14913645386695862,-0.057776615023612976
635845,DOCENTE,0.12018093466758728,-0.02031436748802662
636088,DOCENTE,-0.09863408654928207,0.21219371259212494
637706,DOCENTE,-0.10311704128980637,0.19248266518115997
638504,DOCENTE,0.03524835407733917,0.07041673362255096
638513,DOCENTE,0.11196223646402359,-0.06057479605078697
638554,DOCENTE,-0.08862590789794922,-0.07775458693504333
638611,DOCENTE,-0.029489846900105476,-0.03405389562249184
638661,DOCENTE,-0.1536778062582016,-0.08361145108938217
638813,DOCENTE,0.13145466148853302,-0.03784783184528351
638919,DOCENTE,0.10862500220537186,-0.039928872138261795
638921,DOCENTE,0.1652863472700119,-0.0352676622569561
638933,DOCENTE,-0.006267496384680271,-0.03963682800531387
638937,DOCENTE,0.03855263814330101,-0.049291905015707016
638941,DOCENTE,-0.05965674668550491,-0.06087442487478256
638950,DOCENTE,0.017548024654388428,-0.06683102995157242
639024,DOCENTE,0.07970098406076431,-0.035727277398109436
639046,DOCENTE,-0.18008126318454742,-0.14898383617401123
639057,DOCENTE,-0.16225095093250275,-0.11716801673173904
639058,DOCENTE,0.12875744700431824,-0.031092355027794838
639176,DOCENTE,-0.11674675345420837,-0.0937175378203392
639198,DOCENTE,0.1326480507850647,-0.018906153738498688
639200,DOCENTE,0.006491127423942089,-0.08298127353191376
639213,DOCENTE,0.006656533572822809,-0.03082786127924919
639241,DOCENTE,0.0302896648645401,0.06470450758934021
639243,DOCENTE,0.058850593864917755,-0.03132316842675209
639250,DOCENTE,0.13389749825000763,-0.04182935133576393
639257,DOCENTE,0.12893080711364746,-0.0410369411110878
639269,DOCENTE,0.062314193695783615,-0.014030798338353634
639300,DOCENTE,-0.06035391613841057,-0.03528507053852081
639307,DOCENTE,0.1297454535961151,-0.024214137345552444
639308,DOCENTE,-0.015427864156663418,-0.10540642589330673
639425,DOCENTE,-0.07208748906850815,-0.11073917150497437
639460,DOCENTE,-0.1470254361629486,-0.10277259349822998
639481,DOCENTE,0.017107810825109482,-0.03853174299001694
639500,DOCENTE,0.08822887390851974,-0.038789570331573486
639501,DOCENTE,0.10801667720079422,-0.025970228016376495
639791,DOCENTE,0.13254405558109283,-0.0398625023663044
641237,DOCENTE,-0.05755890905857086,0.15363244712352753
642071,DOCENTE,0.08347807079553604,-0.09231540560722351
642127,DOCENTE,-0.07354942709207535,0.1679859757423401
642192,DOCENTE,0.09880686551332474,-0.0022720773704349995
642219,DOCENTE,0.039733950048685074,0.04810658469796181
642252,DOCENTE,0.11005835980176926,-0.03926289826631546
642311,DOCENTE,0.13942670822143555,-0.045862410217523575
642325,DOCENTE,0.04407963156700134,-0.05929143354296684
642330,DOCENTE,-0.17852702736854553,-0.10518624633550644
642360,DOCENTE,-0.04952508956193924,-0.009102785028517246
642382,DOCENTE,-0.07207521051168442,-0.09285830706357956
642402,DOCENTE,0.04727914184331894,-0.0627252534031868
642404,DOCENTE,0.056320082396268845,-0.025920869782567024
642424,DOCENTE,0.05350387096405029,-0.023088665679097176
642433,DOCENTE,0.10606007277965546,-0.033999964594841
642599,DOCENTE,-0.04232591390609741,0.1056375652551651
642649,DOCENTE,-0.04046371579170227,0.15726526081562042
642708,DOCENTE,0.06041885167360306,-0.007086602505296469
642759,DOCENTE,0.17311124503612518,-0.012071877717971802
642871,DOCENTE,-0.011744190007448196,0.02688130922615528
642876,DOCENTE,-0.06150209903717041,0.022452333942055702
642966,DOCENTE,-0.041677772998809814,-0.04497084766626358
643054,DOCENTE,-0.032910194247961044,-0.05766494199633598
643061,DOCENTE,-0.014172296971082687,-0.05745130032300949
643117,DOCENTE,0.13944491744041443,-0.014126828871667385
643248,DOCENTE,0.14275971055030823,-0.019711967557668686
643304,DOCENTE,0.0044616032391786575,-0.09546750038862228
643308,DOCENTE,0.011514542624354362,0.04574470594525337
643309,DOCENTE,0.14708048105239868,-0.007124409079551697
643312,DOCENTE,0.1379368156194687,-0.031838130205869675
643321,DOCENTE,-0.08007403463125229,-0.06817273795604706
643333,DOCENTE,0.04225067049264908,-0.032957419753074646
643337,DOCENTE,-0.2303958684206009,-0.013602267019450665
643351,DOCENTE,-0.18086041510105133,-0.11156013607978821
643361,DOCENTE,0.10808554291725159,-0.039205629378557205
643377,DOCENTE,-0.20209893584251404,-0.1298169493675232
643378,DOCENTE,0.04010772705078125,-0.041481226682662964
643396,DOCENTE,0.08374514430761337,-0.07102721184492111
643421,DOCENTE,0.07747477293014526,-0.03889983147382736
643445,DOCENTE,-0.0524468868970871,-0.06847231090068817
643480,DOCENTE,-0.11759793013334274,0.09722285717725754
643498,DOCENTE,0.12578639388084412,-0.05877133831381798
643562,DOCENTE,0.0865684300661087,-0.0077879359014332294
643578,DOCENTE,-0.13889138400554657,-0.11842754483222961
643587,DOCENTE,0.03651637211441994,-0.028466779738664627
643647,DOCENTE,0.004244889132678509,-0.01988954283297062
643656,DOCENTE,-0.09072934836149216,-0.03673518821597099
643705,DOCENTE,0.030776748433709145,-0.06599678099155426
643715,DOCENTE,-0.17116595804691315,-0.09747401624917984
643723,DOCENTE,0.0862295925617218,-0.026366885751485825
643726,DOCENTE,0.15783953666687012,-0.02185520902276039
643742,DOCENTE,0.1391911804676056,-0.007993951439857483
643773,DOCENTE,-0.1941106766462326,-0.0739414319396019
643789,DOCENTE,-0.015968775376677513,-0.03693614527583122
643899,DOCENTE,-0.12089771777391434,0.24624675512313843
643995,DOCENTE,-0.2151041477918625,-0.13767366111278534
644047,DOCENTE,0.13574498891830444,0.010479407384991646
644133,DOCENTE,0.1298336684703827,0.002095885341987014
644141,DOCENTE,-0.042955003678798676,-0.03585733100771904
644153,DOCENTE,0.11341740190982819,-0.05929543450474739
644158,DOCENTE,0.04270372539758682,-0.007207307033240795
644211,DOCENTE,-0.17050477862358093,-0.13669906556606293
644262,DOCENTE,-0.026473505422472954,-0.0960259959101677
644281,DOCENTE,-0.05408811941742897,-0.09384370595216751
644312,DOCENTE,-0.19025857746601105,-0.12750183045864105
644365,DOCENTE,0.09471667557954788,-0.05584181100130081
644368,DOCENTE,0.04046834632754326,-0.05253629758954048
644382,DOCENTE,0.06078409031033516,-0.027360180392861366
644384,DOCENTE,-0.04060766473412514,-0.07211969047784805
644387,DOCENTE,0.07225258648395538,-0.059433240443468094
644388,DOCENTE,-0.06472024321556091,-0.07675471901893616
644406,DOCENTE,0.12022970616817474,-0.015579557046294212
644440,DOCENTE,0.011737804859876633,0.04206117242574692
644484,DOCENTE,-0.2025277465581894,-0.12992145121097565
644500,DOCENTE,0.14628686010837555,-0.05734321475028992
644515,DOCENTE,0.13935399055480957,-0.04143382981419563
644516,DOCENTE,0.09503380209207535,-0.028246277943253517
644521,DOCENTE,0.11320124566555023,-0.03417908400297165
644526,DOCENTE,0.11626755446195602,-0.04278982803225517
644527,DOCENTE,0.024231456220149994,0.01314921397715807
644530,DOCENTE,0.09102550148963928,-0.04850820079445839
644571,DOCENTE,0.08833777159452438,-0.06114710494875908
644579,DOCENTE,-0.22473838925361633,-0.03808955103158951
644606,DOCENTE,0.11319374293088913,-0.05402255803346634
644698,DOCENTE,0.014443394728004932,-0.04617724567651749
645089,DOCENTE,-0.23476964235305786,-0.08577395975589752
645105,DOCENTE,-0.18452924489974976,-0.07954803854227066
645142,DOCENTE,-0.18812663853168488,-0.11116841435432434
645153,DOCENTE,0.03397497162222862,0.004875159356743097
645159,DOCENTE,0.1165461391210556,-0.035179730504751205
645207,DOCENTE,-0.08525456488132477,-0.01564914546906948
645214,DOCENTE,0.13011851906776428,-0.02494383230805397
645261,DOCENTE,-0.010754119604825974,-0.07728414982557297
645277,DOCENTE,-0.04252924397587776,-0.06155524402856827
645293,DOCENTE,-0.09814627468585968,-0.026451123878359795
645468,DOCENTE,0.09966796636581421,-0.030647285282611847
645513,DOCENTE,0.011676349677145481,-0.08683057129383087
645542,DOCENTE,0.08246038109064102,0.007997745648026466
645553,DOCENTE,-0.16247965395450592,-0.12612704932689667
645591,DOCENTE,-0.24319474399089813,-0.15862402319908142
645627,DOCENTE,0.0822824239730835,0.014084196649491787
645689,DOCENTE,-0.05400950834155083,0.15802711248397827
645695,DOCENTE,-0.039568301290273666,0.01603049598634243
645722,DOCENTE,0.03653784096240997,0.04542427137494087
645724,DOCENTE,-0.02336018532514572,0.1806444525718689
645801,DOCENTE,0.037030138075351715,0.03509103134274483
645829,DOCENTE,0.022001976147294044,0.018440840765833855
645940,DOCENTE,0.05833449214696884,-0.031299300491809845
646025,DOCENTE,0.07699459046125412,0.019476894289255142
646055,DOCENTE,0.08829960227012634,0.013328219763934612
646111,DOCENTE,0.06675434857606888,-0.022652076557278633
646191,DOCENTE,-0.14094007015228271,0.019594749435782433
646192,DOCENTE,-0.00967110600322485,0.020421067252755165
646196,DOCENTE,-0.017050838097929955,-0.0761912539601326
646202,DOCENTE,0.10224341601133347,-0.04344328120350838
646220,DOCENTE,0.08684664964675903,-0.02406284213066101
646222,DOCENTE,0.12185656279325485,-0.050471410155296326
646256,DOCENTE,-0.12777718901634216,-0.08299439400434494
646418,DOCENTE,-0.10193860530853271,-0.04552171751856804
646519,DOCENTE,-0.04435452073812485,-0.061053335666656494
646521,DOCENTE,-0.041659433394670486,-0.09362148493528366
646525,DOCENTE,0.06756387650966644,-0.05831117555499077
646695,DOCENTE,0.14908315241336823,-0.014750570990145206
646717,DOCENTE,0.09938027709722519,-0.0269310362637043
646749,DOCENTE,0.1304139345884323,-0.0396684929728508
646785,DOCENTE,-0.20924291014671326,-0.13748633861541748
646835,DOCENTE,0.11016745865345001,-0.03882148116827011
646881,DOCENTE,-0.2220732569694519,-0.12563978135585785
647000,DOCENTE,0.14551299810409546,-0.03850415349006653
647036,DOCENTE,0.06100831180810928,0.04313615337014198
647234,DOCENTE,0.16828808188438416,-0.05496644601225853
647308,DOCENTE,0.045867424458265305,0.006150395609438419
647364,DOCENTE,0.08945523947477341,-0.028101403266191483
647524,DOCENTE,-0.10758375376462936,0.0035446619149297476
647678,DOCENTE,0.0517856664955616,-0.059355445206165314
647711,DOCENTE,-0.04790123552083969,-0.04301626607775688
647747,DOCENTE,-0.09177220612764359,0.01899285987019539
647813,DOCENTE,-0.12063543498516083,-0.07649649679660797
647831,DOCENTE,0.055412258952856064,-0.017522349953651428
647873,DOCENTE,-0.18947985768318176,-0.11159399151802063
647955,DOCENTE,0.06284328550100327,-0.044596944004297256
647957,DOCENTE,-0.12206414341926575,-0.08498064428567886
647968,DOCENTE,-0.1915511041879654,-0.08857572078704834
648005,DOCENTE,0.10889815539121628,-0.056747958064079285
648036,DOCENTE,0.0773954689502716,-0.06662337481975555
648047,DOCENTE,-0.0012213968439027667,-0.03890153393149376
648076,DOCENTE,0.10779763758182526,-0.015077034942805767
648247,DOCENTE,-0.2151041477918625,-0.13767366111278534
648262,DOCENTE,0.10405511409044266,-0.05299191176891327
648265,DOCENTE,-0.0011503336718305945,-0.041115447878837585
648267,DOCENTE,0.07709082961082458,-0.0068564037792384624
648282,DOCENTE,0.1366042047739029,-0.032960619777441025
648427,DOCENTE,0.06219837814569473,-0.06334906071424484
648455,DOCENTE,0.1541234254837036,-0.030426664277911186
648513,DOCENTE,-0.003460461972281337,-0.068553127348423
648615,DOCENTE,-0.07841881364583969,0.12907829880714417
648617,DOCENTE,0.005235366988927126,-0.0006424197345040739
648623,DOCENTE,0.09624439477920532,-0.012453156523406506
648638,DOCENTE,0.002412003232166171,-0.014851266518235207
648639,DOCENTE,0.03744331747293472,0.10551242530345917
648667,DOCENTE,0.13472764194011688,-0.07602571696043015
648694,DOCENTE,0.1562134176492691,-0.00951093714684248
648710,DOCENTE,-0.14820139110088348,-0.034378062933683395
648775,DOCENTE,-0.15979483723640442,-0.0986536517739296
648778,DOCENTE,0.13310812413692474,-0.01954139955341816
648810,DOCENTE,-0.20892511308193207,-0.087721087038517
648841,DOCENTE,0.07143240422010422,-0.027646949514746666
648983,DOCENTE,0.09687387198209763,-0.032052233815193176
649047,DOCENTE,-0.0764712244272232,0.19001829624176025
649184,DOCENTE,-0.029857879504561424,0.10823792964220047
649206,DOCENTE,0.04632648825645447,0.008799806237220764
649207,DOCENTE,0.017962366342544556,0.009878275915980339
649239,DOCENTE,-0.03790252283215523,0.13944289088249207
649245,DOCENTE,-0.09182379394769669,0.08280487358570099
649255,DOCENTE,-0.0888393446803093,0.0042395275086164474
649282,DOCENTE,0.0821797102689743,-0.03235076367855072
649294,DOCENTE,-0.09807296842336655,0.19479894638061523
649335,DOCENTE,0.06579887866973877,0.05925911292433739
649338,DOCENTE,0.09051618725061417,-0.005354911554604769
649373,DOCENTE,0.04803285375237465,-0.04699791595339775
649377,DOCENTE,0.10133860260248184,-0.007089317310601473
649383,DOCENTE,-0.08888671547174454,-0.03963058441877365
649396,DOCENTE,-0.13807256519794464,-0.1382696032524109
649398,DOCENTE,-0.04921048879623413,-0.10845494270324707
649411,DOCENTE,0.05600264295935631,-0.0370626375079155
649436,DOCENTE,0.03927679732441902,-0.08562885224819183
649460,DOCENTE,-0.07726072520017624,-0.029604846611618996
649516,DOCENTE,0.03578266128897667,0.014638261869549751
649573,DOCENTE,0.047415971755981445,-0.032788801938295364
649592,DOCENTE,0.1426261067390442,-0.015251345001161098
649600,DOCENTE,0.08738397806882858,-0.032138098031282425
649602,DOCENTE,-0.2459917515516281,-0.15584325790405273
649631,DOCENTE,-0.14480750262737274,-0.13680468499660492
649634,DOCENTE,0.007169193588197231,0.05139799416065216
649635,DOCENTE,0.09449304640293121,-0.03685913607478142
649650,DOCENTE,0.05434291809797287,-0.0014786572428420186
649656,DOCENTE,-0.12134113162755966,-0.030495332553982735
649663,DOCENTE,-0.02649936079978943,-0.10011933743953705
649708,DOCENTE,-0.06620561331510544,-0.10244883596897125
649715,DOCENTE,0.03275018930435181,-0.09791037440299988
649778,DOCENTE,-0.08371001482009888,-0.02565661631524563
649788,DOCENTE,-0.15235401690006256,-0.09910392016172409
649827,DOCENTE,0.045350365340709686,0.023440998047590256
649829,DOCENTE,-0.1747385412454605,-0.09571942687034607
649836,DOCENTE,0.11083098500967026,-0.012085259892046452
649921,DOCENTE,-0.002092293929308653,-0.05310813710093498
649959,DOCENTE,0.1510799527168274,-0.03980810195207596
650090,DOCENTE,-0.030662741512060165,-0.0225524939596653
650129,DOCENTE,-0.026016930118203163,-0.04879361018538475
650143,DOCENTE,-0.008093114010989666,-0.10674884915351868
650162,DOCENTE,0.12309850752353668,-0.031478285789489746
650168,DOCENTE,-0.04182575270533562,-0.023152923211455345
650192,DOCENTE,-0.20851163566112518,-0.10620071738958359
650342,DOCENTE,-0.15050144493579865,-0.07914159446954727
650482,DOCENTE,-0.07650356739759445,-0.06393403559923172
650568,DOCENTE,-0.08548547327518463,0.019853122532367706
650613,DOCENTE,-0.08558528125286102,-0.13403482735157013
650954,DOCENTE,0.09163717180490494,0.032830338925123215
651104,DOCENTE,0.16657611727714539,-0.024388650432229042
651108,DOCENTE,-0.050999715924263,0.11816921085119247
651120,DOCENTE,-0.010955759324133396,-0.050275906920433044
651128,DOCENTE,0.045161377638578415,0.02114376612007618
651144,DOCENTE,0.059358108788728714,0.00798885803669691
651268,DOCENTE,0.04533376544713974,-0.05150917172431946
651294,DOCENTE,-0.09474235773086548,-0.008123667910695076
651346,DOCENTE,0.05403882637619972,-0.023303993046283722
651350,DOCENTE,-0.04513959586620331,0.1471429169178009
651366,DOCENTE,0.036908771842718124,0.005706548225134611
651370,DOCENTE,0.1084817498922348,-0.02110939472913742
651372,DOCENTE,0.11374509334564209,-0.011331552639603615
651513,DOCENTE,-0.13406729698181152,-0.06292536854743958
651665,DOCENTE,0.025086086243391037,-0.0640726163983345
651680,DOCENTE,0.0476716011762619,-0.021091483533382416
651729,DOCENTE,-0.23865102231502533,-0.09940798580646515
651738,DOCENTE,0.10467524826526642,-0.024496786296367645
651763,DOCENTE,-0.014805987477302551,-0.03869691863656044
651799,DOCENTE,-0.12652088701725006,-0.09643619507551193
652047,DOCENTE,0.021139509975910187,-0.043531809002161026
652058,DOCENTE,-0.23944322764873505,-0.08465476334095001
652072,DOCENTE,-0.14469625055789948,-0.11495872586965561
652275,DOCENTE,-0.1934310495853424,-0.10052657872438431
652412,DOCENTE,0.04827520251274109,-0.0693855881690979
652450,DOCENTE,-0.2184138000011444,-0.08413578569889069
652462,DOCENTE,-0.08905049413442612,-0.04294968396425247
652543,DOCENTE,0.018870865926146507,0.04740160331130028
652545,DOCENTE,0.14488033950328827,-0.016436202451586723
652546,DOCENTE,0.09632059931755066,0.013596796430647373
652557,DOCENTE,0.038963206112384796,0.0021011531352996826
652562,DOCENTE,0.1510862410068512,-0.012155943550169468
652563,DOCENTE,0.01792868785560131,-0.03637455031275749
652564,DOCENTE,0.04365702345967293,-0.02188192494213581
652579,DOCENTE,-0.033571939915418625,-0.050158336758613586
652580,DOCENTE,0.11627130955457687,0.019346248358488083
652582,DOCENTE,-0.045165084302425385,-0.05143521726131439
652589,DOCENTE,-0.016227060928940773,-0.020487669855356216
652590,DOCENTE,-0.2172369509935379,-0.1492353081703186
652624,DOCENTE,-0.050596240907907486,-0.08631177991628647
652641,DOCENTE,-0.04984230920672417,-0.097756527364254
652655,DOCENTE,-0.18819794058799744,-0.1108907014131546
652656,DOCENTE,-0.0784674733877182,-0.05390193685889244
652665,DOCENTE,-0.22205238044261932,-0.14684246480464935
652684,DOCENTE,-0.23228813707828522,-0.09700824320316315
652714,DOCENTE,-0.2168668955564499,-0.13141879439353943
652759,DOCENTE,-0.05502714216709137,-0.052266668528318405
652768,DOCENTE,-0.08462345600128174,-0.05437152460217476
652796,DOCENTE,-0.04221991449594498,-0.017500946298241615
652798,DOCENTE,-0.10435269773006439,0.006865508854389191
652816,DOCENTE,-0.06539547443389893,-0.10536452382802963
652823,DOCENTE,-0.2145339697599411,-0.10613998770713806
652826,DOCENTE,-0.18839409947395325,-0.10299349576234818
652839,DOCENTE,0.012210219167172909,-0.04405089467763901
652859,DOCENTE,-0.23468780517578125,-0.09389498829841614
652898,DOCENTE,0.11066871136426926,0.007670447696000338
652902,DOCENTE,0.1313902884721756,-0.026301097124814987
652934,DOCENTE,0.09544448554515839,0.0015968454536050558
652989,DOCENTE,0.07146701961755753,0.001015399699099362
653010,DOCENTE,0.15571007132530212,-0.0396164208650589
653183,DOCENTE,-0.22620832920074463,-0.08871717005968094
653534,DOCENTE,0.06903243064880371,-0.04423939064145088
653547,DOCENTE,-0.18280647695064545,-0.03572998568415642
653651,DOCENTE,-0.18488188087940216,-0.09997723251581192
653770,DOCENTE,0.14991337060928345,-0.03107079491019249
653852,DOCENTE,0.06918439269065857,-0.06688199192285538
653854,DOCENTE,0.155681312084198,-0.05146057903766632
653884,DOCENTE,-0.0650748759508133,-0.11872430890798569
653914,DOCENTE,-0.05511976405978203,-0.03450683131814003
653985,DOCENTE,0.04676162078976631,-0.0751332938671112
654104,DOCENTE,-0.08821269869804382,-0.026906531304121017
654107,DOCENTE,-0.11326031386852264,-0.07249300181865692
654169,DOCENTE,-0.016794750466942787,-0.038501448929309845
654191,DOCENTE,0.12024226784706116,-0.029622318223118782
654197,DOCENTE,-0.2163562923669815,-0.14083360135555267
654221,DOCENTE,-0.16639265418052673,-0.14085598289966583
654247,DOCENTE,0.09215765446424484,-0.02024117112159729
654250,DOCENTE,0.003006834303960204,-0.04415907338261604
654253,DOCENTE,-0.08101703971624374,-0.07014565914869308
654262,DOCENTE,0.06505820900201797,0.04323442652821541
654297,DOCENTE,-0.10710185766220093,-0.05659395828843117
654354,DOCENTE,-0.0703498125076294,0.07605414092540741
654355,DOCENTE,0.158502995967865,-0.04848808795213699
654356,DOCENTE,0.09843765944242477,-0.019981058314442635
654357,DOCENTE,0.06940250843763351,-0.019401047378778458
654358,DOCENTE,0.040947962552309036,-0.06308005005121231
654359,DOCENTE,0.16458548605442047,-0.03800033777952194
654360,DOCENTE,-0.01358908973634243,0.011754580773413181
654361,DOCENTE,0.15712518990039825,-0.026337886229157448
654363,DOCENTE,-0.09156011044979095,-0.0566120520234108
654364,DOCENTE,0.13167431950569153,0.01564248651266098
654365,DOCENTE,0.14267677068710327,-0.046463493257761
654370,DOCENTE,-0.08813824504613876,-0.06792793422937393
654374,DOCENTE,0.05858256667852402,-0.018428722396492958
654376,DOCENTE,0.08824257552623749,-0.04012827202677727
654379,DOCENTE,-0.02825731225311756,-0.05084264278411865
654387,DOCENTE,-0.012008405290544033,-0.03225928917527199
654392,DOCENTE,0.008733152411878109,-0.042003948241472244
654407,DOCENTE,0.02652992121875286,-0.01867286115884781
654455,DOCENTE,-0.07027655094861984,-0.08541320264339447
654490,DOCENTE,0.09058638662099838,0.01753147318959236
655235,DOCENTE,-0.23780812323093414,-0.108614481985569
655447,DOCENTE,-0.24830806255340576,-0.08602877706289291
655509,DOCENTE,-0.14217348396778107,-0.10334108024835587
655522,DOCENTE,-0.08977198600769043,-0.09133502095937729
655538,DOCENTE,-0.13312043249607086,-0.06158806011080742
655555,DOCENTE,-0.17164242267608643,-0.11151796579360962
655569,DOCENTE,-0.09856580197811127,-0.08697637915611267
655570,DOCENTE,-0.0326206311583519,-0.09492122381925583
655588,DOCENTE,-0.24647340178489685,-0.14930836856365204
655624,DOCENTE,-0.19806547462940216,-0.12098835408687592
655729,DOCENTE,0.12700653076171875,-0.016964569687843323
655736,DOCENTE,-0.22505344450473785,-0.07995323091745377
655779,DOCENTE,-0.16795681416988373,-0.05634681507945061
655925,DOCENTE,-0.09813518822193146,-0.042711179703474045
655963,DOCENTE,0.033205702900886536,-0.0545697957277298
655974,DOCENTE,-0.09271354973316193,-0.06969836354255676
655982,DOCENTE,0.0987105518579483,-0.004948459565639496
655989,DOCENTE,0.14342106878757477,-0.06803146004676819
656019,DOCENTE,0.03648073971271515,0.058891549706459045
656587,DOCENTE,-0.15684428811073303,-0.10040294378995895
657319,DOCENTE,-0.01516431849449873,-0.049949049949645996
657331,DOCENTE,-0.046879250556230545,-0.0024541919119656086
657356,DOCENTE,-0.20357748866081238,-0.06390726566314697
657449,DOCENTE,-0.09337086975574493,-0.08945263922214508
657500,DOCENTE,-0.1537853479385376,-0.0453183688223362
657523,DOCENTE,-0.1384107768535614,-0.08400975912809372
658138,DOCENTE,0.05593904107809067,-0.0014016071800142527
658319,DOCENTE,-0.07169140130281448,-0.06859351694583893
658334,DOCENTE,-0.06594131141901016,-0.08241100609302521
658362,DOCENTE,0.12459869682788849,-0.05271315947175026
658363,DOCENTE,0.011312844231724739,-0.06886738538742065
658364,DOCENTE,-0.04688255116343498,-0.06675714999437332
658365,DOCENTE,0.1244104877114296,-0.007758128456771374
658366,DOCENTE,-0.028323227539658546,-0.054739512503147125
658371,DOCENTE,0.15328042209148407,-0.02665591984987259
658560,DOCENTE,-0.06019250303506851,-0.089285708963871
658674,DOCENTE,0.0784236490726471,-0.009637482464313507
658676,DOCENTE,0.06324271112680435,-0.0863570123910904
658678,DOCENTE,0.027277277782559395,-0.019624464213848114
659263,DOCENTE,-0.10758484899997711,-0.1080300584435463
659295,DOCENTE,-0.10543053597211838,-0.1038060337305069
659582,DOCENTE,-0.11121685802936554,-0.12034529447555542
659596,DOCENTE,0.0669541135430336,-0.05676776170730591
659627,DOCENTE,-0.02536083571612835,-0.09134369343519211
659644,DOCENTE,0.13316252827644348,-0.048624102026224136
659664,DOCENTE,-0.004140197299420834,-0.07458994537591934
659665,DOCENTE,0.12125443667173386,-0.07938013225793839
659674,DOCENTE,0.025635408237576485,0.05818195641040802
659678,DOCENTE,0.010295826941728592,-0.008999255485832691
659679,DOCENTE,0.1323893815279007,-0.05028233677148819
659680,DOCENTE,0.14609813690185547,-0.019593778997659683
659690,DOCENTE,-0.09264376759529114,-0.03628438711166382
659691,DOCENTE,0.1443406641483307,-0.0010522855445742607
659692,DOCENTE,0.10488715022802353,-0.004854231607168913
659818,DOCENTE,-0.049249932169914246,-0.017744647338986397
659822,DOCENTE,0.06351734697818756,-0.02448844350874424
659823,DOCENTE,0.08942592144012451,-0.026836955919861794
660059,DOCENTE,0.12221108376979828,-0.05286824330687523
660310,DOCENTE,-0.04791858419775963,-0.010451091453433037
660358,DOCENTE,-0.03637951612472534,-0.03894669935107231
660675,DOCENTE,-0.11535089462995529,-0.09890293329954147
660726,DOCENTE,0.10602129995822906,-0.025768274441361427
660727,DOCENTE,0.1614817976951599,-0.03912070393562317
660730,DOCENTE,0.013351094909012318,-0.05105957016348839
662018,DOCENTE,0.0998944565653801,-0.014660955406725407
662044,DOCENTE,-0.03140534460544586,-0.06588008254766464
662064,DOCENTE,-0.06470397114753723,-0.10881868004798889
662109,DOCENTE,0.06519590318202972,-0.0008149748318828642
662157,DOCENTE,-0.00924413837492466,-0.044010769575834274
662172,DOCENTE,0.09766773879528046,-0.04639934003353119
662183,DOCENTE,-0.05147823318839073,-0.07128263264894485
662184,DOCENTE,0.1410266011953354,-0.04415883868932724
662490,DOCENTE,-0.11545012891292572,-0.09393417835235596
662510,DOCENTE,0.006596367806196213,-0.04619814082980156
662673,DOCENTE,-0.040967486798763275,-0.04875888302922249
662679,DOCENTE,0.15489698946475983,-0.028045816347002983
662684,DOCENTE,0.08492830395698547,-0.012436212040483952
662688,DOCENTE,0.1126660406589508,-0.05628860741853714
662694,DOCENTE,-0.056757502257823944,0.021020475775003433
662717,DOCENTE,0.012000791728496552,-0.05229227617383003
662718,DOCENTE,0.09969788044691086,-0.030202165246009827
662721,DOCENTE,0.16277368366718292,-0.07057306915521622
662765,DOCENTE,-0.048705827444791794,0.005456787999719381
662771,DOCENTE,0.09434522688388824,-0.024571530520915985
663058,DOCENTE,0.1264752745628357,-0.04520376771688461
664776,DOCENTE,-0.19464783370494843,-0.1245780810713768
664869,DOCENTE,0.09261759370565414,-0.013829686678946018
665063,DOCENTE,0.14694032073020935,-0.03452424705028534
665145,DOCENTE,0.12352808564901352,-0.020455799996852875
665316,DOCENTE,0.002581398468464613,-0.027541017159819603
665432,DOCENTE,0.05278395116329193,-0.07398564368486404
666375,DOCENTE,0.14656490087509155,-0.027358045801520348
666633,DOCENTE,-0.011183732189238071,-0.09344834834337234
667562,DOCENTE,-0.21296890079975128,-0.11524117738008499
668010,DOCENTE,-0.10223554819822311,-0.10382380336523056
668121,DOCENTE,-0.021284593269228935,-0.062306877225637436
668132,DOCENTE,0.12346189469099045,-0.06367748975753784
668333,DOCENTE,-0.00953646656125784,-0.09667066484689713
668363,DOCENTE,0.15850745141506195,0.005999727174639702
669390,DOCENTE,0.04788893833756447,-0.028246285393834114
669476,DOCENTE,-0.022027485072612762,-0.09490837156772614
669691,DOCENTE,-0.03879808634519577,-0.07383044809103012
669912,DOCENTE,0.09636570513248444,-0.021630803123116493
669913,DOCENTE,0.035972658544778824,-0.08630893379449844
671930,DOCENTE,-0.052420683205127716,-0.05360572785139084
672911,DOCENTE,-0.006805712357163429,-0.06746979802846909
672957,DOCENTE,0.09123752266168594,-0.06639747321605682
673473,DOCENTE,-0.023690788075327873,-0.07648266851902008
673638,DOCENTE,0.11056172847747803,-0.07419924437999725
674610,DOCENTE,-0.16277983784675598,-0.07670117914676666
676557,DOCENTE,-0.036286428570747375,-0.09929778426885605
677411,DOCENTE,-0.009549196809530258,-0.057242631912231445
677434,DOCENTE,0.018303781747817993,-0.056814100593328476
677460,DOCENTE,0.02753688581287861,-0.044914647936820984
677461,DOCENTE,0.16700957715511322,-0.016364719718694687
677462,DOCENTE,0.09836648404598236,-0.07650507241487503
677508,DOCENTE,0.05011923611164093,-0.020770864561200142
679555,DOCENTE,0.10723193734884262,-0.0318794846534729
683629,DOCENTE,0.030461380258202553,-0.04772673174738884
