IDPERSONA,PC1,PC2
452,4.221052397783776,-3.6549635654844232
970,-3.303055221619773,-3.0218281278461454
492,-2.491548775442026,-3.665383751910619
256,-1.4830825218152082,-1.8797063751202625
98983,-4.03254813012726,0.40459938068856854
3436,-0.10086107313603312,-2.684061122112323
656762,-5.141324557621313,-3.159437538023685
654445,-5.365887352496271,-2.4916790338381407
91509,-4.007563313832713,-3.118087638188659
6364,-4.204921049968332,-0.21210366856405138
315,1.172428397530224,-0.5984769868559683
659616,-5.170447669937917,-3.185515530555962
489,-2.208778235398869,-2.9230749401460945
651104,5.4862802957292285,-2.8497918577525674
5522,-1.08825252607962,-0.09308426703455558
274,11.765105347194572,-0.6752952980649674
81647,-4.521121866129067,-2.7799957863993288
98950,-1.0553149540865248,0.1480113787231374
95409,-4.116848399017393,-2.5553654341102274
3439,0.9087591051176086,-0.40072091207156696
266,0.04777822327865099,2.9351870024994784
519,-1.7811923916246435,-3.0301210537562007
38,3.126524294530525,-1.7409967306141148
5821,-4.258344342751263,-0.16685044841465543
568,1.2250440870369539,-1.5034411211371976
97530,5.555455061606419,-2.2464571502442374
656761,-4.922155270655018,-3.3087867026366267
592,-3.630897015151686,-0.47229617704564114
656787,-4.631607133538322,-2.5467079487227116
81013,-3.6939385357325074,-1.8097202149520901
541,0.6228089917022122,-0.17530565342046125
597,5.527005775767816,-1.3950599326797402
15674,-4.659647409654338,-2.2819055331503013
652452,-4.565241889064477,-2.45670932793806
594,-1.181633612240261,-2.1042096979887948
529,10.300234280730255,1.3134078638868476
78781,1.4954078740604666,-2.098625576103358
101231,-3.6600418274668782,-2.1398665172597466
15548,-5.31992185970978,-2.3081952892993876
81646,-3.3709797807538457,-2.613944838441661
10308,-4.444240545619341,-2.374261136348805
654508,-5.1546392631436495,-2.1532430861233416
398,4.138817124543242,-0.7951724041091969
618,0.6033505479201487,-0.6863266193003107
662103,-5.676966160017382,-2.516392594273283
425,-2.1548944049420613,-0.4022624072405508
645695,-1.6521652032330265,-2.7249868092230636
59059,-0.9211536380373558,0.10425068474249638
414,3.6273451131234764,1.1701937499851762
419,5.264967318919949,-0.8324739942676691
641,-0.9735393658738509,-0.2911323655176118
97998,-4.543305963293494,-2.248940507382987
7772,-3.5370389559425752,-3.1300460623386184
654387,1.3066929766925501,-4.353835611444113
3445,-1.9294419521407413,-1.3741318136280538
215,4.983472837667173,-2.697548762163987
3581,-3.584438677722915,-3.3475909595541165
653,5.624219453266154,-0.3487262681189196
3303,-0.9841253656493912,-2.3660560213989257
3678,1.9819892626007667,0.19931092018506996
648616,3.3112419027677276,0.2973968147395119
716,6.849325609856011,-0.5333273652523424
3454,6.077008580956023,-2.3847763090297436
3578,8.122013494436958,-1.7446845087438487
648639,2.8241611576925982,-1.1861800715470987
656,2.45535372451317,0.6430862907455471
6847,8.367591970137576,0.8211652103586905
3680,6.4739365002684295,-1.2415972919010665
649047,2.697329908772446,-0.5776844783404131
3309,6.576531107385871,0.43658047482591766
671,4.566933292523813,0.21815097204814787
692,4.028720568637423,-1.0074578230966402
653010,6.694131168517873,-0.6889007136165052
3310,9.378716422962745,1.0877360724532976
76434,-4.258241475802063,-1.9975910373523231
709,11.38593467922314,-0.33638764870409027
39,-4.8889834966452925,-1.1524736140982281
6811,0.3772635743551636,3.8534592690087415
3757,-3.8757585788901374,-2.902849951980933
725,9.892952996780046,-1.4142068428352743
216,-4.208027606320276,0.7705997722225122
3758,-0.16823954246642825,-0.7378072895854618
679,6.815958124495895,-0.5867877832402708
654574,-4.459273428520982,-0.015847022372701188
662514,-4.879446053160079,-2.8098981174886246
3587,-0.644674067715488,-0.678901237804941
13351,-3.57078753896782,2.345622680324082
95270,-4.700825383696572,-2.487909544526268
86,10.484729858205379,0.3636878798486726
6870,-1.7462075069264373,-0.5597423412095908
660646,-5.167378015223823,-3.183937556606507
69235,-2.4323216288164162,2.763581720297167
705,9.56463314398697,0.62671089065562
95516,8.93964681215935,-1.2725731250351382
6810,-3.5554915983735222,-0.7186174513267686
99083,-0.9517361190689257,-1.4347375258773538
40,0.910087881331788,-3.4962715296620392
217,6.987380167570909,0.8279480792684681
66837,-3.3324070711200746,-0.7395947211732373
76446,-2.630491387371168,-2.462759052994814
3455,3.2138574902049175,-1.2208532434569117
97455,-2.5037220682063372,1.563592127606027
98998,-4.492445223681908,-2.67833858306655
64234,-3.2870484730642375,-2.875538001263938
17054,0.054138019454197155,3.8262186777125797
858,-2.9429951893783763,2.6016746744499453
678,10.348939343688043,-0.03469160051981446
768,11.663278479828806,0.9119266418145424
17123,-3.7350716413758644,-2.794846296641302
650508,-4.082418859601644,-2.632922989747646
656051,-6.008903045469048,-3.3137966947989272
653814,-3.95230109450077,2.4880459893255433
649338,2.8777209898374645,-1.65710409356602
95473,-0.1562594551373635,1.9437893390207392
654457,-4.858569150964322,-1.6451007531180224
3683,0.49821619877390205,-1.4515359755475168
77401,9.97866555702458,-1.9894764832315486
820,1.877792434860847,0.6863700472169373
12509,-4.017401771514554,-0.3677851133009389
787,8.884034069784986,1.5554339677234783
797,-1.5980423127036154,1.512157015188258
769,11.870192698568543,-0.29525463329937307
675,12.724350230778688,2.1027088597044896
771,-3.636291623832903,0.3184182663980394
78953,0.8972788068942686,-1.1475314112087112
95586,-0.6177321798654547,-2.7999662635634075
813,-1.8365525137471637,2.734689371610969
659649,-4.88798425332607,-1.3904114179597005
659216,-4.304638784297395,-2.89970010031097
649294,2.018016215733593,-1.1047432438277858
780,10.980047506007159,-0.38830316197101444
831,-2.4350554106787223,4.4767011365878115
5280,1.4757125175926673,-0.473718720083408
808,6.922746520711093,-1.608039129775755
807,10.991216225907436,-0.02623605139730736
87496,-4.717615074293412,-1.695862079685746
843,4.342562881794832,-0.2979161422940012
658725,-4.8321118441121955,-2.1666602261152406
3760,5.670299549292233,0.7324539924529369
805,4.767483825275235,0.26420704050195754
819,4.8955218053882374,0.7611468012285446
801,7.663371925334659,-0.43127832163433505
844,4.812735020037331,-0.6667371589118278
6939,3.945447460787724,-1.2678109056136446
851,5.768759949208487,-1.8149043011039372
663139,-3.498995248023291,-0.13268231623222657
95633,3.1902782064557966,0.0756468650134996
883,-3.1749907946522216,2.538593202193804
836,17.63810759077212,1.5321662812219365
656771,-4.921110202121382,-2.9072924144405503
3593,4.697391622406786,-0.2599308789102882
7179,-5.40694980162989,-1.9032846251623288
862,-2.668101505865137,3.5704587853349206
662102,-5.0422490593684,-3.2360020039832365
815,-2.136062889706018,3.6587914084436406
762,2.1855419178522366,-0.7708452344685405
733,-2.182480607674385,4.063099679641978
129,8.875837439255973,0.20661787430567508
667,8.904797972322061,-0.452919435918773
662708,-5.4752466555379415,-1.9049932391603215
803,-1.7761600125542667,-2.109473994281595
97471,2.3453411017521475,-1.3905789719367234
1583,5.792535389872952,-0.7333634096199009
6992,14.88406224392044,-0.21814760472997652
870,5.5335612228167514,-0.9753000300633604
61594,-1.9214054040841726,4.858128097708869
869,5.590352972478352,-1.083155201281987
656758,-4.745805947323735,-3.3310432597969273
866,-3.011506745763738,3.3668278602896526
653856,-4.720251172424015,-2.7073495050931418
3313,4.251205010728809,-2.3767434751117125
66660,3.5213711086835207,-0.8863040350689645
3312,12.57195191376229,2.079698121515246
645724,5.9733686011345135,-0.3414874976416775
874,0.5978608223732323,-2.97273554054603
676,-5.238309634135492,-3.15600365562717
946,-2.3481722555287283,3.3154544051431376
647015,-2.3782739967573696,0.34962369287521694
103141,-0.260265075365008,-1.4118106834095479
846,13.117762862998294,1.7218400690145925
878,-2.799000058410398,3.088732416125844
840,-1.6527434806250942,4.849590658264204
697,14.728574041518847,2.22656459693624
3685,9.286803067796724,0.8729851360218416
865,0.3422065230043951,3.8455405093744313
18327,9.271419413830298,0.5483969807602497
656058,-2.962074821235504,-2.519150838476539
98973,4.964819514825606,1.7253822916279042
896,-5.675421766119996,-2.511176409789599
1116,-3.4275971905770395,2.8356502379494244
130,10.180078667401478,0.890345437982703
97468,11.49391827634302,-2.104303107108301
652947,-5.095570291459172,-1.2665409686299647
81409,-3.4469259915254713,-1.7320997115902526
654392,1.3450171719312696,-3.7114114361403767
652874,-5.164337171391862,-3.182373380024283
898,6.407878901494033,-1.1890075802236406
891,-1.4381968381290084,2.385705851015295
5290,6.0520511216851505,-0.13504052900998445
654360,8.678377685990249,-1.2016777756361252
948,-3.7500059284186005,-2.404487298905551
3600,13.535809854247267,1.3412355611142228
658170,-4.629664814570152,-2.5671313991563074
1000,-2.2907020962164304,4.612861387176396
903,-2.66354605293328,2.8053452222176727
13660,3.0455859537689585,0.6494431445175481
98967,-3.675485062459168,0.4309657903898975
978,-3.041982528832525,3.2477410686320813
944,-1.248571068401328,5.175087467106004
3255,15.661868719501722,-0.4724227242794537
893,-3.5346898130598916,2.265179654418653
637706,0.18972535916729671,-0.09644962844516024
912,7.770573795233889,-0.6632211067583705
939,-2.9407435118289675,3.1983369602974405
7281,12.872479165236934,-0.6560159339469911
760,7.386161054312813,0.5903238880042846
1032,-2.8959692767139895,3.053247704155605
969,0.9307109684435559,5.056542181049109
953,-3.2126012209301864,2.647693075330804
652988,-4.236405009441979,-2.785511854778049
656760,-4.935779418426462,-3.0221219288552224
7197,-4.123173598313712,1.3783177718804864
653827,-3.972201251194576,1.8067615943778288
3467,-1.4984135018636584,4.967128439598479
975,-1.0088844439745854,6.016435031292631
13663,-3.4141514428388553,1.15741909565436
651451,-5.079463605325287,-0.500019889705779
954,7.728117613380487,0.23007070933888218
81645,-3.9592533460780164,-2.385452001670568
651346,8.19603990104773,-1.2321248246877214
90,0.9707028300745789,3.319941742738519
3771,-3.130888151784332,2.451922054477809
919,-2.5034792176406264,4.000455088578678
923,8.360451945791759,-0.31732782716555213
69247,-2.7451147082586544,2.7577760906335658
7125,-2.1443797717145583,-0.5712300570525837
77113,-4.236772681295582,-2.5373777605503167
102363,-5.066498909043402,-0.895356071531318
660655,-4.722464359055717,-1.5045769099373592
98974,-2.7515575678009783,1.7813768843036402
972,-1.6096293446100718,4.801637775784586
654361,4.552799580648915,-1.814873722354702
938,-3.128992519787124,2.916910813123005
659610,-5.079750947572527,-3.3204106600144336
641237,10.722878314877175,-1.1855623305473886
656697,-6.0363319993667535,-2.7162088274181473
973,5.8595353684338916,-0.15948959433281684
3465,-2.1450391744275352,3.9974780074675023
103128,6.13172128427944,-2.5394649247024073
964,11.667878876541502,0.21834978794249396
1033,-3.0224508447159826,3.4329443864153752
921,6.855722542392054,-0.804129203291483
636088,-1.5685763539285413,2.8979854622466426
82037,-3.4921453173368544,-0.683494262842925
656757,-4.7391484545019775,-3.155978512991985
926,2.632423454231873,1.172338894071363
662709,-5.551878867911657,-2.3628922098451772
3471,14.238740613723953,2.8847222005461397
7443,12.167979723048875,0.2783737175408808
1013,7.32855491543406,-0.21341491243378102
5325,9.987147378081199,0.8030572088608424
3612,8.634826924493513,-0.7008487376830203
19999,-2.6629501282546144,2.6874182638021176
931,11.465888475454124,-0.8931723819762203
96324,9.842948444870506,0.9197967023752736
656039,-4.323720249663138,-1.6541113095899662
1075,14.618396671053523,0.45589790250172857
1061,-2.761698987585817,4.310763446815047
659609,-4.272221843918868,-2.8459575189484685
648615,3.7529521298209154,-2.3684606492277447
643899,-1.0770990649922003,2.707378315968874
7351,6.016019425554647,2.6280321806713745
1122,-3.3640006110777274,3.6750353298152127
1038,4.513031961796723,0.7416499732102122
97773,-1.7397990077934657,5.154867855158056
656004,-2.9132559334035637,3.7481550039889426
20698,-1.6922093615228606,-0.5915311059570988
11865,1.0316938339466994,3.4962833255106904
659600,-3.961222800870563,-2.135455428256604
660701,-3.486735173623224,-1.5555799847331462
132,3.4081876381374663,0.34779064110669156
1041,7.3912764091565535,0.8706091511847244
1060,5.948436429304308,-0.07234631557477751
1268,-2.1625507543586204,4.966305780647145
660719,-6.22063400897033,-2.614066687503392
645801,5.576808357405492,-0.7785602396875677
21004,2.4722594411210785,-1.5064313424754714
5339,7.583802055142614,-0.2525807737412963
5336,10.925840322543156,1.210866137287035
662515,-4.921404735833746,-2.7942128983312977
23638,-3.8105772210046243,-1.1239513526140774
695,-3.7067760826469,-2.839901445657275
1123,-2.7669357620181336,4.2118482474373184
97463,13.357775072996128,-0.27265789925182254
656773,-4.376706701711149,-3.067565083602399
645829,-1.1055687993274055,-2.0496840396228766
95251,-2.2932828906477702,4.66665649723049
77108,-4.694782658312112,-1.4425222933288795
13705,9.062397627366606,0.12727736293995326
5337,11.469175430719451,-1.3380761397381378
1108,8.420285210401945,0.42682340226924403
1202,7.867670317156733,-0.18214953428131875
1170,8.967086492790594,1.506936117082729
7374,12.853631904874337,1.1070909906101454
449460,-3.309827659214525,0.5727060987001863
22250,-1.0617428446381918,-1.0980313533451747
850,6.028462619952866,-0.16534221182075126
1086,9.02269516556091,0.2005299631708124
651295,6.1492642515972165,-0.704083744339019
654462,-5.254075191077061,-1.2854142273814642
97741,-2.422043705854124,1.0113861795684127
7711,-3.196530515223324,-1.9914534178535692
659207,-4.179973845431405,-2.681023453330099
67497,0.789726462588037,-0.5370628930807081
660656,-4.490828854040729,0.34222972341967056
1255,-3.051213238976985,3.670225435688072
98969,-2.5254401404943794,1.6334254438368376
1006,7.339182871854409,-0.07044950669853106
1045,7.44055937478721,-0.39057857269026486
655976,-3.8170120706472668,1.2162456572690548
21436,-3.5412008607548056,-1.4288997980108264
1212,7.120515607751569,0.26452547554875927
1043,11.263768186844999,2.770358010459467
8331,-1.939279005766667,4.636443077188601
22630,-5.633348910269951,-2.370010355003785
1180,-1.6785947418254272,5.101424633572916
3774,4.1485659192887745,-1.5360432269110367
3326,17.79932778112009,-1.5663489083558888
3777,7.837888465152572,0.4066929902958821
1164,7.231272068638078,1.0028662412469243
1014,-3.371903384047706,-2.4513044089547935
1168,-1.1670591777534947,5.997623357405776
1229,-2.364976361731108,5.002035318524117
3275,12.471604326736225,2.311815870895158
67848,-0.19708145796819013,6.3576501210420915
5323,0.21530872664835077,-1.602651028862148
22321,5.5794609303238705,0.9632199429722812
95549,-3.015493995218686,3.895521056271683
64242,-2.237660103951691,0.1968949376685767
22124,-4.737745058663497,-1.2737124607454633
7809,-1.1389798496761183,5.702883235503864
96280,-4.3145831695175545,-1.8878414165092148
652981,-4.940953564782459,-2.7268077469507186
652946,-5.006835430935873,-1.2328390991270357
1145,0.002863159958318026,-0.08338898976450476
640644,-3.7546113509681165,1.0610932534317103
98980,-1.9170860871888844,2.9851041409873633
7726,8.501545751836693,0.9339936391867271
1094,0.2185773404278476,-3.5665917877906996
1247,-1.5362462039693578,5.772631103420888
656759,-4.969594476376432,-3.144662984108435
1153,10.571892837669028,0.8750074946504086
1176,5.240896608899921,-0.5331488669814469
98966,7.169222330691445,-3.3888973032786645
1219,3.5819798976101507,-0.2978185377659726
21772,9.295931504971849,-0.7801177086205808
653215,-4.333723413559082,-0.7323654390351996
1001,13.981409412982622,-0.4892468007506476
23825,-5.104754383190594,-2.350850873832917
102085,-3.0079727623376247,4.046990324347217
5307,3.2442420633560967,-0.39087848615498944
11509,11.6956846760051,-0.8176070368556457
658662,-4.329377123644219,-2.6734548038266257
95607,2.8803913439410023,-1.1055861656082913
3466,7.75642555137518,-0.579450208977177
97637,-3.216174361985951,2.759696959073101
455667,-2.703933775958398,-0.14905149063331666
1205,-0.6307132053369294,7.110056198603885
103189,-2.6122600519316808,0.8534204438243366
21907,1.6241478808568595,-0.7732626623291835
135,4.8737650546004465,-0.12918025023815233
7389,3.1636365887321607,-0.9249012667311766
1246,8.095240727201865,0.6310847486180904
90756,-3.6856206857021263,-2.1016285947690356
22230,-1.3065998245507697,-1.7229801186705243
102302,-2.3304267081809686,-0.5029118126063177
11220,-3.362750825029195,-2.9385211921756897
651135,-2.6999439205531752,4.197943799597182
658124,-5.627417722352131,-2.350266265188381
101244,-4.381274789749733,0.8458566687583752
651062,-4.6708901873968305,-2.2927590092960837
662138,-5.595507157818594,-2.5088159468024642
1232,12.786974442893966,1.2000871854896829
3592,-1.0068397255486101,-2.4971938204894295
22802,-2.4809650975394066,5.0769725782593875
3727,9.726460542341684,0.48963408722522644
97565,-4.550264977305092,-2.3155303426751455
22233,6.170082052713854,-1.6573762718423113
3619,12.450217531248546,2.1835511705286397
96448,-2.197597438667323,2.0740594792199865
1375,-1.7730367636233888,6.39815882390412
101041,-2.462934938415182,1.4912017114071665
662182,-4.676198771891882,-1.4148041031758747
981,10.112574522627625,-0.680037388648308
1400,10.755365224076026,-1.7208410419943851
95565,9.593399733397447,-0.6683287298631302
1231,10.575477380654021,-1.1807936334039713
658704,-3.294160960662051,2.1296056520944027
1101,6.618089734193101,-0.4204167188098667
61664,8.635032906191025,-1.6080845602659144
659602,-4.116803419834973,-2.7082470274819817
654364,4.379687043420365,-3.2540965101847243
660726,6.578230116385044,0.7056214826861822
649239,9.72269131230227,-0.4204114143962519
662684,3.7465823484930985,-1.6637105601947788
94,13.58238268177439,0.9208750889278939
1140,-1.0946979601681448,7.006824171257548
669913,7.5531764377908335,0.3239268244907253
652582,-0.7457347328458205,-1.2207419172606133
27983,-3.531381627737768,-1.026116407945063
22473,-3.8015379555923206,1.3831823658465037
654510,-5.195818520733007,-1.4152115010867408
651324,-2.5762169974942597,5.403692066193057
1402,-2.4488522144265694,3.8613681069892545
8052,-3.645643939888663,-3.3046905623344376
8244,-1.9962634233045176,5.322863073666342
662687,-4.660458198868988,-1.0887387226374197
1372,-1.2640995009844695,6.1192677987831505
659627,-0.3996378979303433,-4.65762941395823
1457,-3.1762918727965412,3.1383164197276243
7265,-4.541977713317718,-1.1592378505925969
3829,9.640233229060406,0.8396407126918622
1364,-0.7340494664814831,-1.1618422717070416
22917,-3.7538702364244294,-0.7368453157347619
1360,10.02434754133979,0.6964420415183896
3724,8.69020702327532,-0.6305848828282746
1308,9.944591444417627,-0.6504492449545097
59177,6.1831261011485985,-1.0656638344788354
5831,5.933316255724921,-2.801011482719506
5361,10.919167828757958,1.888160923342315
103195,8.252619415561853,-2.5964344939296313
658712,-4.671602566111059,-2.646218543976148
13135,-4.40179690891611,-0.6149261361520009
23468,-3.9119524159793153,-1.032875722213953
64241,-1.3928089808012025,-0.36552034273394274
98968,-4.059420261533626,-1.4857546282439047
663950,-4.903621141070436,-2.9607271958337384
98972,-3.9662058611715048,0.10824937831014947
1476,-3.0475940723822266,3.2668034384723597
1485,-2.1071253447269376,5.850841819981707
654588,-4.438324152393301,0.19028083554998854
658685,-5.006621881412603,-1.7457162864652334
988,12.655621805559491,-0.9916664261375914
659651,-5.648905174107667,-2.796487409653387
22783,-1.2369101252653936,2.0916328123940744
11234,3.836300008303734,1.599620645875677
67869,-1.3048167600223295,3.785884422379895
658689,-4.8774080829955775,-1.7977543115316432
29289,13.15363235543213,-1.608487797414005
1472,14.322086155916839,3.9696760343255044
98026,-3.9200903871886106,-2.079624351803507
1335,7.120792895167931,0.15665553234412075
652564,-2.1407541959882015,-2.2880099662618916
23552,11.501084498127097,-0.9073675610059745
23942,-4.0074511403742195,0.5597720897830445
1230,11.22688360377069,0.011679997842248633
24170,-5.65929720116486,-2.456854896566075
8558,-2.1406010962717286,5.609887762928158
81019,-2.978906445811886,-0.3073364567274303
1373,10.694672392221825,1.1427000088246604
658681,-6.3309732667526175,-2.837777456773336
1530,-2.5238105131912616,3.4199775615571415
7308,9.890001725261696,1.7300137288454474
662845,-4.846214227037769,-0.6716435904976404
662838,-4.532911659018859,-2.5473078127496334
651120,13.868277495445913,-1.8663936207044403
644047,1.481018322499267,-0.6792689141824998
76592,-3.440378167254807,-1.6805701901467376
8335,0.9418108352482514,-2.429029429572788
649245,12.986187334815412,0.03928067471341143
1211,13.198079098300601,1.1970827648967246
24059,-5.1058011213120755,-0.7470180604984872
652983,-4.678251821496955,-2.927114887965287
1225,-2.4542223106521175,3.180755938685849
1135,12.518108799058497,1.0076556936717174
658661,-4.6990053660827416,-2.8484892758419162
662057,-3.953468345142499,-1.0365600319600834
1533,-1.334731432751552,-0.5671952792319463
49404,-2.556573236577006,3.6918918433802714
654374,2.093840621128436,-0.8294808458671166
5356,14.661154990331884,0.7349584404251075
658058,-4.782113619562943,-2.507908766410242
652950,-4.387294817745539,0.8687325547388763
78867,0.41016033917283806,-0.6950094990660987
100792,8.598881132153487,-1.2906519140954364
3765,1.9813002394924546,0.7567972745773175
102074,-2.9944422594430473,3.985899717410841
1278,-1.9127989552591582,4.126435272985415
40081,-2.5874212260501572,4.46340572022148
652951,-4.893857972489526,-0.6906076286130612
12471,-3.119834032893792,3.2142692444438103
1411,12.038960748828657,1.0637605142211113
66966,1.216996195723057,-1.1310232335753359
8757,-1.2285281496563556,1.6709370230697638
1644,-2.5960244247465045,3.1231973669954285
77078,-3.6570307180194677,-2.146759092682654
1220,13.173679013175375,2.7495764185823006
1614,9.726583391621892,1.0138802381532626
1586,13.14542971581227,-0.9388820746234543
8446,-0.7775927598361657,1.3124998313037406
13703,0.5305977075263384,6.036225854155862
25068,-1.0548548196819054,-3.5256196273059577
659618,-4.230302647000991,-1.6724640304410188
1277,2.486072492825221,1.4110193785977834
1339,10.962037773404013,0.07038142680872866
1579,-4.2979316874625235,-2.8643670951379425
1354,-1.8165026629644723,5.513217253533159
1555,-1.282692337773931,7.032768555514536
98040,6.436623894526565,-1.5517812452047215
1063,10.473683259030473,1.486790067582136
6056,10.248575068964094,-2.094829790319011
11841,-4.627022086811549,-2.4721053479525503
652580,4.9605207558430475,-4.232816757681342
1385,-2.237280675325379,4.450197788174321
653834,-3.753437111708901,-0.212891261065322
70512,1.6260575433919378,0.5160571983822145
102966,4.781467824393947,-1.6530678346195564
649313,-1.4649888695155595,7.303517088026118
999,12.73625779219421,3.5049574549852474
662454,-4.960613750912551,-2.5720986999317588
61751,4.093926765266608,-0.9229789369799415
96499,8.528890938886668,-2.8962913570097513
652579,6.049828709287326,-3.883571520689059
1598,-1.377296439535411,6.315030225016537
103196,-1.7261964586139305,-2.689254935148886
1517,3.875497131508487,2.978374691143914
1154,10.695342854570265,0.6874119826773079
653764,-4.794088862811254,-0.05539076106189324
1298,-2.330837056108853,-1.7628917379595512
3728,12.517234227484,-0.2853901037584112
1216,7.006627567652069,1.8339546128520967
1554,-2.6525902524584017,5.378317468428503
103135,4.289961708507972,-1.5328538279294655
76209,-3.6054027100123878,-1.5169562467161315
23850,-5.153038544663199,-1.7660861383193238
662186,-3.375745330441711,-2.5463356674110336
651108,16.283564849958864,1.9643777586155562
26,14.748316429393743,-1.3312442100884327
654570,-2.2732084963031314,2.8197975631583385
651097,-4.450366344151416,-3.0010485983787136
13708,13.239914401063404,3.5646667053741843
7416,-3.81205550463583,-0.7012879594800648
95249,-4.243806250105989,-1.8778777204581696
103260,-1.4019630482468148,-1.677199998748354
102314,-2.8851171834843172,4.344508510651367
24485,-5.254826141408774,-1.7736191237127643
61700,4.568189590432709,3.335518266370113
13756,5.961196734702161,-2.9899558839262474
3792,-2.0367993746178237,4.0534660438864965
9326,-2.8796803932514234,4.037917724950716
11918,2.3539283271578815,1.6561916197438036
651323,-1.7072760574002284,6.52050672129973
3802,-2.3237820726630605,4.224909330242912
25856,10.131827314671993,0.8507621252286532
1593,-1.2069370197797586,2.792247416683947
654388,-5.450003270777011,-1.6826967346084882
1660,3.993218202113016,-1.0258562223015006
1193,11.984672324066615,1.0371621270425677
24526,3.4429744548861523,-1.3520258961977052
25644,-4.90414566237704,-2.9364090306844726
26237,-3.133359845836367,0.4515914399606887
1201,-1.9335488131769811,-2.5478412409682765
24701,-3.090110520142241,-1.490969454057654
96315,1.9190017660959355,-2.146958028742552
3342,10.043754382102414,0.5963652974762308
659603,-4.454221443787812,-2.447268290019993
1794,-1.436256166182361,7.321173902393103
3333,11.707267238521988,-0.3603435394565227
8403,-0.044112671497728385,-1.208718002401
5653,4.34551622489817,-2.0591463291185086
25565,9.05336968146802,4.861061933063118
1668,10.33442423083157,3.683800296661691
654359,5.646364272578875,-1.3615654622430406
3491,13.450240662968852,-1.0320333925083969
1426,6.358423451208324,0.9810438640936271
3492,12.452992025575718,2.8744793965731312
152512,12.005756747209713,-1.394067955758884
25170,6.639072870502129,-2.5742962018225812
77233,-1.4349068541191967,-1.9714042557198217
1577,12.407742331539819,-1.3544562027161706
656778,-6.345390493435258,-2.8789431033481487
662721,0.5798567525207815,-0.32050504657610707
9189,-1.9837886916774368,6.107885633655175
1706,3.0115537631638,0.29403777879256254
96298,5.953195268478213,-5.011767900310741
1606,8.562302651487364,-1.0287378941701608
652982,-4.41823923480273,-2.2679621297386685
101253,-3.9288321045546533,1.0404751064408584
659619,-5.886944095849206,-2.1922467337068614
13674,11.078831088713338,-0.49241211374941146
90850,-4.100434587716362,-2.525839657626389
26207,-1.7107882064914537,5.505160736763054
25190,-2.7246308947122326,0.8766940065845263
82483,-1.3831346809150633,0.46185200690120354
1424,13.031689838086997,0.7588173642756955
8975,-0.8535977784526083,-1.7588096653564818
653768,-4.732327320221807,-3.4608947283412346
64903,3.0085380868504292,-2.453117005160414
647047,-2.618460764794478,4.530416233028161
3801,8.415362568639607,1.510314710512229
103193,-3.486972690163933,1.2747602949917836
645722,6.355453669408178,-0.3352147636265495
8530,-1.0911988176384744,0.9167909260179313
5388,10.661173547699905,1.4690534008725074
1315,10.687104859353415,-1.4015230183422178
645689,10.645307902769499,-0.7339659626220535
1349,10.272853661991702,0.824631006296113
1674,8.803106009770277,1.8259982433993818
8293,-3.884473375712781,-0.5359276622907179
1760,-0.01799003840477176,0.3656965273654802
3497,-1.877962403830927,4.570736983339693
13826,-2.4000554121921573,4.079170947986624
1662,12.148258908488284,0.9220539592895842
1689,1.8604307535966633,-0.3951462265795059
26171,3.1745485976437955,0.49053008275425597
652543,5.659954148597659,2.16941376867706
25989,-0.8174648631031436,3.441385420326398
658700,-5.637519400944692,-2.105213353611837
1797,13.328305029480605,-0.4054806937943775
3810,1.2529509587477463,1.355008302355476
9035,-0.4306488742847589,-3.0045209278064746
25259,-1.5076165216563437,3.6284682411418556
656842,-4.410987049537801,-0.22416819195063423
78656,7.334852830513834,-2.4199575287877324
97602,3.410521594879378,-0.9905726230691737
8588,-5.033655376339808,-0.7115584372573075
61592,-2.1596571430415694,4.625017315368198
1701,1.3111931175868157,0.3577881056877798
652976,-3.447087109356675,0.4784163909952342
649207,10.847594921487962,0.22612493103237027
651390,-4.559073309721213,-2.5167328330374623
25763,-5.129402635743641,-2.954189299546774
646990,-1.3515188274452747,-2.7328622839885615
1842,-3.890833528885798,1.6407463078431248
3280,7.0725506620709915,-0.8261945152805327
81254,-4.09259483712675,-2.116925226267719
1206,-1.532000795346483,5.48952468941029
86475,-2.4155654019580823,-1.9723965477054624
658351,-3.669588088153859,-2.7947564611298263
683629,-3.2146668013157713,1.105562743458094
80918,0.4884571379113833,-1.5481405859594652
1546,-1.6213756848140557,3.445844393847109
81260,-4.773464734892616,-2.501630827868254
8762,-4.864657447489035,-3.421475332981744
662130,-4.853294226497528,-2.0325138055864476
1790,-0.9006338479504701,6.422827666460442
1657,-1.8069996718733519,-0.5347465005816728
1010,12.872130207359225,0.48566810591306026
26655,4.544176342094394,1.1447155649138654
76682,-4.894306792321133,-3.281344087477464
658707,-4.899701544499378,-1.2291960936134918
656763,-3.3380233155064025,-1.508637581169008
9006,-4.304319475854605,-0.33583873694321387
3729,-0.050820838138191576,-0.44481631306774194
58491,-2.3866174741549147,3.711247762665933
27203,-1.4296311849353045,-2.1203982722251937
649266,-3.739355576422305,-2.2151504574372454
97486,2.071060255472252,-2.510909056097288
3247,11.996412618350643,-1.3964056078763127
662694,0.5761666695729508,-1.6872472778934857
1058,8.257551033063647,-0.9454062323147627
9345,-4.776721889190607,0.15301841495227989
1670,9.157002716994121,-1.307624903256583
32178,-0.3865948941283492,-0.5100039960588336
1024,-3.4492131287094163,-3.0408883695442213
1576,14.565755020711293,3.0123257170363003
654357,1.6368914522332199,-3.162535142147323
5371,9.348530206461719,0.42696622489415154
8666,7.3933262111492235,-0.3022159285390768
662844,-4.695042466579584,-0.1725557983728857
1741,2.392946405455403,-2.5852043031114884
1052,1.0460183219561048,-3.165537216972576
652557,0.937403235913163,-1.4144788071626713
660695,-6.1892513855053854,-2.5084898676714915
229,-2.3821785012584065,3.9493826103709413
1697,0.4515673547810179,0.16054927377071787
27736,7.141188940449001,1.3342327440942863
33507,-3.9904222907689606,-0.03301512507082967
1948,-5.15245100612883,-3.176249428015346
10133,-1.9853559683384456,4.973060828369021
80858,-2.8050558010630535,-2.390283185926164
3808,-2.8632979257919917,3.643460861032706
102,-1.1850828284982717,-0.25263632180514384
658207,-4.678559090258641,-2.5822925982325833
80206,5.7842234750836665,1.1827420516381022
9196,-2.3337753444511846,4.096759874586187
1889,0.7743939294113849,-0.460808385342985
1971,10.486768080206383,3.0742326296454423
43817,-2.6196411213798387,4.5781068028712255
4036,1.2141824757694155,-3.7602924475218313
662701,-5.209160346449489,-1.5812546457155663
8884,14.753614766236703,-1.464420447097928
8766,5.838273721166636,1.4691414336595026
102448,-1.7385461065178551,5.6464877758816066
66836,7.361495240432719,-1.5370895471051642
26740,1.0547976854222392,-0.37796895609103476
103230,0.2671216079396037,0.11407739445263948
96,12.219258681819058,-0.023195750055894467
1941,-3.052090866214215,2.4016792030224394
2069,14.741247982687053,-0.40733488035390303
659643,-4.802536350487416,-0.8854690134086285
66602,-2.6219970729290076,2.9793435083623594
1877,13.627382003560149,1.3089343105308802
1945,-2.715509743668176,0.7305952310809866
9510,-1.1425250888136926,-0.5563634403935478
658714,-3.6727725204350015,0.8205917793230153
3596,8.900078192139564,-2.619729065797411
1526,9.854039888055055,1.1520107097302423
1363,8.43109061916794,-0.5571394764062076
1628,-2.070948391761189,4.764916283039472
8497,7.562802482037178,1.7058729342868133
960,1.3936359830704197,-2.2842151011718625
13801,10.099378680755096,-2.2247014241322924
81016,-2.384051614693022,-0.8586154387300294
662189,-5.357840457436036,-2.5603908178843313
231,0.22895591735913007,5.521377865097855
100940,1.809831485927555,-2.7056887279659674
5847,-4.394204423330993,-2.560227852848829
642558,-2.347400603032717,5.358873611001356
8301,-1.100660692965505,0.2864727491603872
654376,0.8450897165462256,-3.60386441197709
2051,7.480099539122616,-0.7700482451478666
2098,9.706235027109717,-0.08466574713604554
27278,-4.420385368883217,-2.8611655991580665
657152,-4.154470151415296,0.6404871906172571
683803,-2.9431934261316846,0.13883641477720737
1935,8.767420769342564,0.9841559873331726
9589,-4.706806849459268,-2.6359280453408873
97647,-3.6362345524917568,0.8594732058854525
86548,-2.9165338259464604,3.7593394808049645
648757,-1.4920675400204897,4.335311872990816
9715,-5.083906708098408,-3.123010551024132
9640,-2.2998339228799205,5.033162182344618
5185,0.15881372124689494,-0.18842921519074568
654511,-2.420172360054614,3.22702278101564
140,-0.052371834305356954,-2.2160532285654626
9416,-3.412686322998104,-2.1067809046924477
639518,-2.3369550763970413,2.7379095850025115
2097,0.20947502034746884,1.678206419496826
64414,-1.7607723005478784,5.718897265258953
1991,0.5326126998998534,4.600847028786148
658660,-4.930650633473637,-2.732343310838973
1496,6.562761348049359,-1.551119592462064
97570,0.6818364557104402,-3.184306376674065
647470,-1.9636584895644569,3.688587996045041
29357,1.4277993949559924,-0.7533613020607764
2036,3.602037305513002,-1.0831082554089948
647120,-3.864378491632576,1.9123803858295727
2081,11.418692230489928,-1.5488515130639837
1252,4.807710778737412,-2.0337219036875367
986,10.78960593827229,0.23264871861530634
61593,-2.214656974169664,4.973096025729754
1857,11.450045051516671,0.2988778571880108
651339,-2.8394053451666075,4.167768026225814
1444,11.839071102291697,2.8432736269875196
662169,-4.582523896382001,-2.3449913710418326
649137,-2.594771283743252,3.870627815364984
2167,2.1762568996265803,0.7390790922969739
2178,11.780186783270182,0.5478164404667496
77158,-3.9772045856168114,-2.4426723260513725
1911,-1.7810808369944284,1.088962840685099
2031,-0.2516737810992268,4.04219827851697
2194,7.8393352376134215,0.49320856721359835
1888,9.78317511064342,-0.6431932808629814
1421,8.863072890438765,0.8352847986497373
1440,-2.744450636879573,-2.8827317857829833
9767,-4.6139108274839895,-3.299351137418814
1979,7.325889262222209,3.042094943545337
29498,0.9625412823000129,-0.6235318104659578
28061,6.355587969110669,2.4448654379999835
9912,-1.529696607349706,5.909064806940004
1550,8.00957714485631,2.2393767170864503
3814,-0.9771601743086236,6.793501214953809
6127,-2.4977204027005806,-0.9260379989020175
1213,10.432922419903676,-1.161833345952293
9936,10.616939058079424,-1.1912336379239459
1812,11.200288922939567,-0.3990583019389268
7419,11.07730484465717,-0.10337839239997251
658710,-5.299054023276065,-3.364613356954742
78866,8.118496367006635,-1.767256008316729
1003,6.133168983126842,-0.6756235123900122
1553,7.504360132789605,1.1887307047581879
14522,-4.798173716758709,-2.682708996752904
660699,-4.893731341992394,-2.7720323017976005
2308,7.579037560308564,-2.2370793104787414
955,9.531339005162987,0.15699063552892126
1097,8.262894769917311,0.8841026790165241
1571,-3.7043348278418664,-3.225255161956455
8441,-4.483726756405356,0.3053344239326948
2049,-0.7552654525827871,4.149150226458081
1947,6.36473173876162,-0.704804079869567
2022,-1.0828364060711781,4.6264888100749255
635587,-1.4764266143056175,5.72175475218095
1977,14.453346116669938,0.9929399151299866
3738,12.687690417361003,0.7425940943137996
34920,-3.1141367090551912,2.559446076274506
2312,6.60360093032111,-0.7985773656015184
8941,-1.4476404889905652,5.517370808243318
2280,10.196723110987728,-1.9596045146179637
958,2.266255015157235,-1.0728807387578085
9654,10.108541252548628,-0.15551241885351091
96462,-2.9440279048566715,-2.140390333559064
13897,-1.3007655141697225,4.319013500547029
3776,-1.7321562371786705,5.538256768973104
13838,-1.6582664575888852,5.1544418841788096
644132,-1.9092521906297244,5.920549850639571
29032,-2.498438958555779,3.6749211705580205
662087,-6.017269606309027,-2.6519891289131086
102083,-4.1408184300840345,-2.402684320051408
59151,5.736075400819884,0.01305292450275666
28279,-3.3148080698640467,-2.166088831307296
98984,-3.2173666262438987,2.5597412623882865
9834,-1.9136951477012545,4.650888575190114
656459,-3.242083457810205,-2.0772002556947315
8024,-2.7554313733341242,0.18646852172736722
81436,-4.870801814547511,-2.577467551574148
103252,-2.484269311078635,-0.7315113325246059
2137,10.779333709563183,-1.0425112786682793
28957,10.963887317297319,0.3098448601026769
658208,-2.896541040572776,-0.048032158426372
9728,-2.8086034353683083,2.5738037651890244
13779,12.681353337707638,-0.45552175105870146
1098,12.659420106033204,-0.14888725823553284
659606,-4.668026019578815,-3.1613090904189276
660645,-3.726405224036486,-2.584856382668917
2161,11.025067739657782,0.22166871352306164
1673,-4.267718516122278,-2.7883074312521825
81218,-5.709522658687438,-2.841816515076994
2105,-2.826320510649688,1.8984832862525223
101247,0.39354939425716845,0.3150715897252386
30219,-1.7535666127889666,-0.6532429821422858
651370,0.22777013763244336,-1.6438981097990244
139,-3.560641778948498,-3.305716279581707
2216,-4.1250976421782175,-0.08689424830260495
98038,7.340618394566663,-2.260516169117076
64417,9.889934733567413,-1.1273016064601362
659206,-3.553382887897869,-1.532511905623795
2058,-0.6620805081605012,4.501876180654421
1742,9.56354649361707,1.1984999774247787
644781,-4.0073676541213485,0.6552617470180354
662180,-5.108053839102376,-3.19109067232669
3725,14.101499055262853,0.8741658049148987
1447,-2.2225084461411635,-3.6971879991515846
645785,-1.2385706074331087,5.0003652804612795
2391,-1.7475578457041736,6.52802853883437
8433,4.4788731536184345,-2.0216572392848535
3811,7.53820277689153,0.43490681597203457
2204,0.5130004245952173,-1.0173209617871506
8442,5.3544532689425886,0.3344730872153157
5515,0.41954583451493166,-1.998631836379604
98309,-3.219082227899448,3.236897690241206
650463,-2.5530153706065764,3.404055077809828
29216,-0.7040557191832636,-0.8521788400362982
11851,9.994950361630185,0.05472864609432784
1340,-3.9337506186430162,-2.2781833868652313
652890,-1.5593428767134117,3.305050672599536
2146,-1.8808178728970313,5.97188058821111
1688,12.2999543524357,-0.7450075766798507
60559,9.610059445952475,-0.5856126713297
2237,-0.8756050256837631,7.384212523184536
9029,-1.1616300628359055,0.17241176737398495
98037,3.239648183242484,-2.598628669549505
658172,-3.6852666219524877,-1.9536287806376489
10157,7.272762548193034,-1.7810231324960695
28660,5.225079264240468,0.9321216264016708
58968,13.304760375615553,-1.5661497265144932
653777,-3.586315177428822,0.3146193186758895
2103,2.5212668549619646,-2.2917198981392053
30710,-2.911443425035697,2.4412014451766497
1460,-4.9317854353024035,-1.1110498576662582
3732,3.617306622247102,4.913051516153304
2008,-1.2007153084512168,4.953018067114666
2208,6.894981337913104,-0.34719474030640524
67845,-0.050635530790907296,4.194905596834051
2455,-0.022654239108860573,4.715895562429745
76778,7.724170743977351,0.04712695618021864
654428,-5.25991889608486,-2.065355281480767
2419,9.075835482380516,-0.269839994322856
2370,-1.179379396336833,4.062886003322867
8327,9.784100785509446,0.7170026436291269
81163,-4.723538757238236,-2.8042793536199344
660688,-4.452776913492536,0.34178930188598006
656796,-6.037890600537459,-2.7214752855445403
102965,1.342345779106819,-0.8969138358203236
1527,-0.5328567974882363,2.168896546483716
1569,9.341432483896131,-0.6621045350632997
649184,10.784311569612473,-0.972294355981567
2052,9.856896236196548,0.7215089740940352
2200,4.781737271286401,0.3717220152194634
2201,-3.1222146097784806,-3.715856733545845
100228,7.427035884900947,-1.3063911464804598
10136,12.448130850579101,0.6331912584916818
29657,-3.1005358530525107,-2.636187585084641
30492,10.243828995895711,-1.8048727997762553
1728,1.7416480005432469,-2.8081554559838233
13170,-3.170794598488592,2.3852562718919463
659670,-5.0272623120233195,-1.7751173137574519
10023,-3.062540455340479,-1.4596737652247218
29537,9.08176269779519,1.7862483635408815
665063,-1.4711959759323252,-1.7474586193403019
228,7.47454975321427,0.924422362957806
1681,9.219963725581636,-0.13492028699955175
29773,-4.794794439586813,-2.6455956681359822
2544,-1.0805434406829213,5.858767494448803
30674,-0.2807180304855284,-0.6940647948579458
1262,9.679351536545543,-0.6859905551145367
66974,1.8317510763757605,-1.1582383164165757
7934,-4.834189127577068,-2.1421646827582568
97472,5.474075392992737,-0.5812122397059835
8850,-4.398677554043186,-1.743690597599747
30568,-3.5178783706047443,-0.9561538904617403
1534,-2.6263118711125086,4.334821375693597
41004,6.368928592493273,-1.632930962276386
656801,-4.4511105038358965,-3.4982405627107456
1597,-2.229317915651401,-3.031724129620321
30390,8.39547104712882,0.46660457603912747
650954,5.0767003288522865,0.8611378596862083
2612,-2.24031357017794,5.413630413006754
66819,7.644382961192836,1.992058682796354
2196,-1.9526854714999258,1.586742228107731
649377,6.331275857040681,-0.5573878913262618
2431,-1.9781798787232008,-2.5369289488883107
61634,-3.1022680370760782,2.5260428664835386
2293,8.429394717053158,-1.562404925785915
7232,2.4038324259800468,1.2487783174118867
2562,-1.6011803616672509,4.670296608208143
11859,5.670397924616293,-2.152135929697879
11880,-3.394402148669101,-2.425973398180161
10271,-4.312466749832627,-1.0231280337211197
639834,-2.045775865772234,5.307849404421905
659691,1.1464200953727834,-2.5779295658906536
2638,-1.5945865735164748,-1.3705234512734505
31176,2.274502668541473,3.003962165636193
86476,-3.232948407949432,1.8762655923216884
2378,-2.0101114384343184,5.39076066439653
81247,3.474147770199154,-0.383338880020195
2535,-2.1002998635875825,5.763855362554679
644134,-1.3120993295154653,4.841817245819323
101268,-3.050738935703773,3.5362333186533905
647012,-2.5888093103488687,4.339972829549365
2657,-0.09639996482494928,-1.1544947259267702
642021,-2.2567891191512612,4.476671874979915
34979,-4.57206059988102,-0.27925596571893857
647036,9.787139789933386,-0.17116926715551367
642708,11.703007273130952,-1.3333329941881857
2456,-3.3507928362009847,3.033689423704992
1595,-4.541522128623096,-2.3860796880089796
1478,-3.0093456606711424,1.1294457829737463
8120,15.019326270159228,2.6769633051663035
13956,0.9057759178555245,3.737029513222106
81832,2.120443956899991,-1.9111948221887967
3731,-2.245176691711423,4.762250888296376
33010,1.4946319692260215,-1.6886992728330523
9693,3.3143068821019686,0.6612595923016783
658670,-6.1918800060373504,-2.5172938957154916
10093,0.39694558491917886,-0.5122709518472149
2067,5.194371965732004,4.49266790483047
2045,-2.823868250335373,3.56949407722858
3474,-4.41956210602606,-2.2851969432600656
37182,6.622093733374234,-1.2802289533718587
651067,-3.233587924888428,2.6230873103891788
2584,-4.893799921253754,-2.7775697680072944
2655,5.028986839467393,-1.5816510181297314
642590,-3.0077364354910214,-0.7113341951857654
35095,8.370064919060244,-1.4713051799599621
5422,-1.8344213143193637,4.402720318685912
651227,-3.8742774868856986,1.2677877929064294
1752,-3.077663708913627,-1.3829286548905286
2390,9.828365827020482,-1.134593610561594
2469,-0.9128650804014845,0.6104355545113318
2203,14.722450188973434,-1.5213585983344473
10130,1.4615290165181243,-0.5696629209612015
1178,12.904773070477795,0.02214189064580378
3634,8.839660899822105,0.26582299456466196
1557,4.353947081069333,2.1410785703657247
10441,1.335228779565638,-1.929121316990258
31223,-4.924469338216127,-3.192189913575969
4329,-2.0522684633022075,4.384479907504095
68319,0.07241036780845889,1.5392192379457783
100730,-1.7369975407173908,4.256319181038987
13971,-2.2186588163656,5.3459164969184725
13922,-2.450562481806844,3.01531236379096
2593,-4.871804945698783,-3.1844920860225447
660707,-3.180843793415743,1.0995232417221055
2637,8.35161404277314,-0.1904940691739684
3740,11.464406055972255,-0.7025625827476902
3520,-4.818979076340242,-2.7752508751016287
2125,-1.9038863421620467,0.9643536696275384
195,4.33418171659479,-1.409588475447573
2498,2.228354570799366,-1.7479393342644038
98963,-1.0754370406777356,-2.55214775971784
2546,-1.1163591151610324,-2.451078680412573
2019,-3.707267718734054,-0.24979644957148064
10248,3.526069115237408,-2.592109568599889
97589,-5.2293087762258645,-1.9058756575066806
38514,-2.384315197433916,4.129204072764275
13040,3.906493034807545,2.6497714305830433
662067,-4.316357107486649,-0.32179439573317753
80283,-3.644507875987568,-2.480809995278937
2600,-2.7439315622219698,-2.2306891378417553
95517,-0.38447661706241376,-1.3645195172702593
9750,-5.022529431479013,-3.107462980588482
33100,4.798142799931153,-3.6368594460172354
1451,4.940947033270061,1.2528567894885194
3503,-1.149622776187929,5.4644872682963515
3519,9.567164221359945,3.7509047120580328
669616,-4.2119859925221705,0.6678774740670236
480354,7.346823436142212,0.18932627132964522
35472,1.7545052737375433,-3.904171018431542
648623,14.198988431773087,0.0674484908450706
3783,6.706986023385028,1.492842503168676
95545,-2.016049619595137,6.014811222330429
3807,14.724499723974052,-0.28984240063315597
34097,-5.170447669937917,-3.185515530555962
2152,13.262151962606799,0.12037482959405552
45313,-5.275273793577648,-1.722608824814093
654407,11.375582042501108,-0.8252703312684373
1221,-3.955760057469937,-2.600585196753923
1676,-2.805437468208941,2.8662902923775895
10493,-2.1108702668447115,4.90812755576946
652562,9.217850676769102,-0.7187063744119373
33872,2.550515227754389,-2.2611580918098593
2803,7.090867500061352,-0.59336656104956
639811,-1.7016886969357463,5.885294636563769
33699,-4.913630006986705,-2.7651531213439244
2380,-0.590054376166462,6.399072041397061
38312,-3.7167975234050847,1.6091844779384905
1329,12.904667842025432,-1.2897742819408708
77528,11.241621467702794,-2.739674380066204
662150,-4.7841198534009095,-1.3995170550922895
5417,5.510164599144255,-0.054674116744388934
34580,-4.639462292915068,-1.1169099943297387
101188,-3.7187476438521783,0.9105245577463335
651128,4.95917269303809,-0.5318123807771856
642759,3.204745991235386,1.434776030041207
10531,-1.2948903356210053,6.0826443602416855
655996,-4.207667427411979,1.15365717333575
4383,11.193825464471175,-1.5014725029138531
652917,-3.317416555663935,3.52723371387678
36519,-2.967498935255672,-1.376197121826345
4128,-3.778287884736213,0.4344504010734917
3380,3.631839483240648,-3.7262760882128285
39450,-1.8890732662355514,2.9947397672162728
1787,-0.949520880020455,7.0450343705973
650956,-3.1028530192487787,4.070927937351786
1322,-1.168130365113967,4.131975990132473
13863,-4.060236508854074,0.9498734550388588
1885,8.861202205537413,0.8127659646106941
683837,-4.1744079346513265,0.30108367737919534
654455,-3.273933819771579,-3.0429604845528724
2748,1.123247016718415,4.33639601172757
64483,-4.530751829592558,-0.9200015684024057
1891,8.183291065081093,0.43625180143386194
2704,-2.4122724797653032,1.9705778295475502
2844,2.907901974292838,-3.290857349086135
2701,15.197955339747198,0.36745763562442285
660718,-1.9249707958315336,0.17992581524438858
2834,8.03690818478844,-1.340441155467771
35698,-4.479736703338568,-0.3382482742626361
10487,-4.752884266960911,-1.3540960619244993
7933,-1.6452977799164898,-2.1240440086201327
4199,9.61844058931984,-3.389135709456756
35262,0.3518035796209792,1.7646774018985965
51775,-3.1947862805153218,2.5853898918711673
649260,5.114642058510729,-2.3695297650852183
1903,14.453662628781162,-3.0749011249076488
35420,-4.766021815443994,-2.9328830033297133
659824,-4.967139368551505,-1.3391035768530268
12371,-3.770657882799772,-1.455234173801523
662706,-5.624167852265483,-2.6575356675151793
653837,-2.9774664332924874,2.8533625032592846
658138,4.048781579506939,-0.7444873614651346
2843,-2.3110631535560673,3.6764983087637115
2755,11.85405756013076,-0.675710815682404
1142,10.370216277582506,0.025010172018439383
662766,-3.9167800306754907,0.5910693670839585
2283,10.398069271916881,-0.37476841713112913
990,-1.4148244493804356,5.514800825533269
2297,-2.8390069644737164,3.4926253046821905
652925,-2.8058234192710176,4.419463240148068
59277,-1.9850937173926786,5.366024749000288
1848,8.971629924925665,-0.11515971265981656
2824,0.7159041254691488,-3.6822676495606346
656007,-3.671890926331427,-2.276536607196125
3818,-2.7519150210629375,4.06435681163854
1687,-3.907492407072469,-2.582041855583587
2904,-2.922056087424995,4.264278974063096
2663,-1.1866466876311796,-1.434788396230225
14091,-0.9285426515787464,6.260425339112935
2962,-2.827038499561662,2.8139178522207238
7965,-3.52547971548119,2.55578644758537
652898,1.8906923553434385,-3.1685307565798957
2814,-4.429365329188639,-1.6674457204891038
1601,9.579818759140316,-2.891749639824333
1730,-1.9363823925870962,-1.2284096647475857
77575,11.892700634339924,-2.4239622433195067
67133,0.2177377759640286,0.7165803153248883
2693,-1.7610097233345428,5.182531795796311
103174,1.923306286989731,2.6445981301463624
2846,-1.592643946631266,5.703230370679628
61595,-2.9868633156297975,3.209912779187787
651294,9.493725313385028,-1.9811754582117957
38124,-5.229271324289034,-3.1513514591483514
2350,-2.955237259352754,-0.44427167120353
662677,-4.75029220632609,-0.11016943634705842
43101,5.348152527866984,0.34233858673745104
8457,4.273670591866483,-1.6605902955480798
3373,-5.073611515368646,-3.220864165110894
2857,-2.6263851860976017,4.537612384249073
652532,-3.0062172652442234,0.5948134148286286
10447,-1.0828640978738904,-1.5631257392095577
11354,-3.3549070168384127,1.7750722432332802
658716,-3.639134856057122,2.922043052530314
2823,-1.1983877837330823,5.1729126276593025
97668,-1.182880360365578,6.668181983386831
648765,0.9428087095443894,2.7794418275657984
2567,-2.958329063139875,3.1431614522557587
1419,-5.046753775895652,-2.8867263708541486
2735,-1.9383641091129415,4.807930356230423
2830,8.174788437676066,-1.7446136482726573
2355,-3.443147842577939,-0.4415232826804904
40260,-4.696255912775296,-2.3858031497758603
10597,4.397400612889983,0.490863483349853
2569,9.627095548710884,0.8122712136564789
2710,2.219332957449633,0.5115239011335806
2626,-2.0939440109877845,5.246744090096846
3800,4.320870057841168,1.2872468139441675
3788,7.643888123983505,-0.05563537317773898
103221,-4.3415063715671325,0.8990924826671884
21816,-3.1439243168295357,1.772332192620051
660643,-3.1143295863941347,3.8992506813912984
3820,3.73329186128547,0.4009649904261297
11243,-3.289536159523609,-0.0006838987060418904
38858,10.668796571368528,1.860833103094329
652919,-4.173475427235382,-2.579369451477129
662822,-3.628752259353071,0.994323770713572
649282,2.3953982835773817,0.08332186060799388
1890,-3.384218822839069,2.9075008934847246
77558,-1.96629118569802,4.984447612591328
3356,-5.158339705377365,-3.1792853601276883
11351,0.6686404478285543,-3.4085784946540487
2815,6.240583601024686,-0.9420244818154194
102079,-3.2584181079319063,-1.3733088138147378
642649,10.221090358108409,0.06765393397920061
38281,10.808531761935505,-1.1565204375350622
36586,12.407985632801203,0.9946928029704506
67874,1.832634000810887,4.03565334253452
5436,10.873967106001338,0.02626463741027826
1961,12.735453300174337,-0.48799955672223944
1878,5.80240991017518,5.3180169263631125
36033,0.9463389536521902,-0.9293923045897368
1750,-4.011798227229571,-2.4916047519342857
3000,-3.1251028618893746,1.6118266333303457
660682,-5.142592293722093,-1.4547883908747425
1113,0.04054752284459085,-2.96410952320245
1833,-4.438965862947642,-3.402186799099179
2950,9.038836972908165,0.12116262487450041
649255,11.852190606056356,1.9290337016839652
67720,9.400932709310943,1.298623351943905
37954,4.675904188932955,-2.368340116915359
3082,-4.555439889600932,-3.1954968275571622
3773,9.43897911478837,-1.0441788559100875
103229,-4.025359222612619,-0.7144251464036194
1933,12.486058651881645,0.5609333876832631
97469,-4.706788316651229,-2.6566102578397444
654394,-4.9623778811681,-1.2981049588438733
95580,0.5622881600655897,-2.735908449063373
3659,7.34504603182529,-1.3541088430385748
3821,1.2933162427024858,0.7816223806785438
47061,0.26845693435596263,1.4454978053148573
40499,0.14685242063438106,3.6076930570403363
37198,1.0543433659480865,-1.8167109710959077
2888,0.6806051223067823,-0.7340713771470455
3775,0.3058477248655683,5.387056760187331
38831,-1.779877335333113,5.162905711125364
3095,-2.894814643536449,1.8106524032024303
37842,-0.999490980639843,-1.753379741765063
77389,1.5044306673923722,5.45961929741593
2006,8.140094578974903,-0.6805449170877144
3541,15.270941091534736,-1.4596645444715328
10646,6.899294915892075,1.15564418370176
658171,-4.341775156747279,-2.7226409620966163
5559,-1.7747573615184624,5.67191007821117
659818,2.1708342284790136,-1.494738579484477
1433,4.061010364004094,-0.5669840375282098
2957,-3.160470385764563,1.6681649043036701
98960,-2.653307666821826,6.114278870406276
2608,0.7928965703909815,0.6345812543570679
13532,11.76329547988317,-2.983256630504078
645700,-2.2319032139970143,4.57797042215523
41305,-2.014149254831896,4.731973594117059
99033,-4.014769226444116,-2.694849944470663
3088,-2.2363396591755187,5.119673057077574
38237,-2.2625905732080422,5.025721306679287
9855,1.0807548877357946,1.7515708439538786
10352,6.101769653148876,-3.645163321055921
655964,-2.59743866580612,3.64537571456281
9457,10.422891206611098,-1.2410728628868686
652548,-2.7094671874761014,0.3856615876876214
1295,-4.2676189745122555,-2.907897181144162
44685,-3.1001772995953827,2.8486016186999397
40210,6.200918187685747,-0.8833015039594904
95506,6.2391592510331195,-3.5013074777222726
4273,-2.902535991012802,-0.12824772379744634
651347,1.6408247890426255,-1.7492504362151118
4444,-2.02171702424178,4.69561344310831
43224,0.591163004293778,-3.804174021106974
76886,-2.866927575810191,-1.439484384800199
660671,-6.1958988545867255,-2.530768579189637
3108,-1.992902808096158,5.799451843286457
80194,2.024504325532898,-0.5787761232239647
96345,4.571884098947631,-0.9642440772960001
40968,-3.2073597521200643,3.2192278946671897
90113,4.909436241142577,-0.5500621811416596
2382,-3.9045959433904294,-0.07967568429317927
660696,-4.159955935375688,0.14697934828238055
3113,-4.4201504464412995,0.602527222737636
3286,6.753741809187658,-1.2352608517564567
80200,5.309054050582982,0.11920491674158018
3097,4.363928153157078,0.48271228524381343
78898,12.081789954613715,0.0060842404905746585
4466,-2.1644523504775623,5.439840183303275
77055,-4.314293352760579,0.5232260853023384
3403,-2.838061937240232,3.936720197175692
4527,5.571729477600601,-1.5107617564249438
642784,-2.992505636649873,4.142688383317945
38282,1.7128003243215792,0.21884881823146463
39214,10.003188788343792,-2.0249015992533845
2516,9.054080053002455,3.055181391049306
57503,2.583218997596783,1.3951724845201836
662018,3.039146930139177,-0.9796772559965703
2928,-4.969057830147428,-2.922430122252477
39413,12.775025776898767,-1.8230440147456282
656019,0.6952895774189708,0.7020852336372652
4584,-2.410033054591281,4.488780693155431
662765,-0.34054110089406453,-1.0039437882649984
97577,-2.5019218083559736,4.340669779811893
10059,11.11280177248569,-0.42222731671762276
3057,15.047953758663835,2.8156911574195074
35373,-3.5577334300081938,1.0728628816597414
3651,10.171761955929457,-1.8999950791904148
655989,6.757694689444559,1.341059281321129
2930,-0.982352784979139,-1.626811314087179
41626,-1.3074735947997163,-1.944599694034456
4242,8.527619616817175,1.2335566194178191
2670,-5.167378015223823,-3.183937556606507
3324,6.093175907316278,0.24063307282981872
45059,5.400712870917511,-1.1701848767958305
61948,8.932918447812458,-1.5372956353977842
3051,-3.4763645945702564,2.2247540202877034
2147,9.646523218654004,-0.4707915790723824
95564,13.043988764898245,0.3338102961009451
651268,2.7861050868177752,-1.9907687434582269
4294,-3.5150440076859875,1.3595520044357312
3017,8.037919029522435,-1.2420680190102562
39215,-2.44245462035169,1.4735159254197896
37082,10.295293942633778,-2.287719481905794
99043,7.6938209465759515,-0.8654094019614024
78101,-1.6037649733201025,-2.3284109550579815
652984,-4.638416587869268,0.056768026190546994
38996,7.876783984993331,0.6392040345921856
81668,-4.2892827204420065,-0.16120689058999454
659604,-3.5380761095617164,-1.408734371797159
61775,0.7812099042508367,-3.364008599948721
4401,4.566682806981466,-1.8335052852873557
1430,2.5622043004333332,-4.213173427510771
42290,-1.4801950224710936,5.351917639905786
98971,-2.1634672837010127,0.5266015135237924
651366,13.892181864839342,-1.1076196832004004
639835,-2.0399223031253317,5.573124668766444
80210,-3.4952277538723577,-2.441971717739899
100801,2.263199885833344,0.9929349264181534
4924,2.430232793594933,-0.640962133630341
41300,-2.6604895305082636,4.59424919537184
68354,5.822615922911117,3.884424580632088
244,1.8071697426746167,-1.8163272182594183
660649,-4.635051687659532,0.04124165935330465
103095,0.5358689097575225,-1.9649659511636708
10946,4.221272721120661,1.4226968499622874
3060,5.981943970316352,0.5221707653206961
4343,3.3750804119428515,-2.5587498550118033
662808,-4.10696508084392,0.38886276019714866
658676,-0.8401827079174141,-4.210986476633477
42893,-4.097620120659638,-1.0990780601564791
52873,3.019707212014125,-2.4368468389633695
66290,-5.132097840564712,-1.2211617819377156
1761,-3.9443034142926883,-1.6849734080809637
3796,4.279962192886414,0.12184045196419752
4389,-3.577891850346384,2.162519201935499
41852,-3.5604883933097633,2.4694942939146274
650568,7.882830467510251,-0.2891803149893523
4100,-1.0262609240222436,-1.9425822461088298
4427,-3.0761563329241084,-4.054342636503413
41411,2.9913695297736322,-1.7266096853154096
3734,-1.4789952049772308,6.080124267116007
14060,3.5321747096203047,-2.95618699758801
97706,-4.09534211396277,0.5868976924972715
4490,8.6742719712535,2.250860823153211
95335,7.1418118338117225,-3.476815682892488
3201,-4.39426060515224,-2.3799454178014865
9465,10.998246821725546,-1.3315740220976242
43625,-2.75870166591614,3.2417493858043493
654363,10.426158169571176,-1.5688455458165649
50030,-2.3731741452673556,6.2846096031029
3165,-1.4207826357083737,0.16827045177246122
2487,-3.6534089452832657,-1.2661482754611169
42359,-2.1583983611363,3.4397312603964965
3093,8.278317411971518,-0.9289669930921551
97667,-2.7453824063025634,3.777359531833157
99883,3.5746099352304856,-2.170393826240698
659601,-5.005267507226536,-2.9403103992309685
649250,-3.423940068957949,-0.7977754105758041
3167,-5.021484823704126,-1.6986258070984495
647364,-0.37893626538060377,-0.3965953517447782
3015,-0.11727647291385518,-2.935544693365201
42800,0.7456860533067696,-2.0712189264994927
14093,-3.1029488163979946,1.047007649014487
58517,-1.8365260175907976,6.823581569256511
95600,3.110872885806047,2.7053077744547127
650523,-2.4212045449535933,4.922247952003327
47677,-1.6015184679349042,-3.8539800323757856
4107,-3.6450862178520116,2.4592319125965982
3735,-1.8164222161072403,5.6209986647091945
4001,13.47828414395956,0.9040203811705398
6163,-2.8331792008680337,1.9118782375634615
14097,-3.003281463334237,3.3205288684968712
2299,2.3172615041483575,5.5773095430008635
3198,1.3213453158449167,0.15876137697994896
97654,-4.588737494009208,-2.7814524624643227
6160,9.561399203529422,-0.5591634173081296
58429,-2.5466688198692653,4.574031095482456
654489,-3.9156250418515657,-2.072698289765029
3025,-5.216112673575738,-2.710012372649406
99736,8.641779218786855,-1.6527302233360184
4075,7.730964318162332,2.859200125730377
13879,-2.348463138532745,4.592980027603463
44859,1.6935256436965023,-4.813402894193581
2651,1.449399497172629,-1.8950595700909623
552319,-2.127830580093088,5.386909935646631
102374,-3.694197408468236,0.9037511444512919
69756,-2.8413795354541738,3.337315543241048
41765,-4.85103038277806,-2.8530795439654963
5561,-2.022002057279746,4.773823899267282
13551,-5.54164944992548,-2.1651650304452263
659822,-0.8309102023476473,-1.1187522141907906
1235,11.341585137227828,-0.5079784003311993
80032,-0.840907354809645,-2.296064018081687
3130,7.699405323946197,-0.9278842763637415
98970,-3.62308676522067,0.9720011080047435
12422,10.596128688743848,0.5027453243388048
43144,-1.4069142588459422,5.849925943875696
3131,3.4854735180072502,1.6826414862416863
43587,6.801717536808797,-1.8954413855290588
654542,-4.549396247248529,-0.09016561651148375
50023,-2.926962515015141,4.3893418969757265
4225,-5.129139239130765,-2.894268417832529
67008,3.404371770824001,-2.1485583340197953
662718,3.114010487524936,-1.4046535822018587
1616,-2.29800525632553,4.629639900332026
44884,2.2429976300960655,0.12844585122607247
659576,2.8994630564948816,3.318589146104535
654354,12.067175403101905,-0.6989769876327235
4342,0.7218153811096194,-3.3204288067948426
4082,13.30583432052658,3.313257767097176
14147,-0.1871501936225709,-1.839006016587715
4675,1.5847221550981758,-0.7260919664831497
42861,-2.9904998195096266,3.0202646234106707
2524,9.28508362658378,1.0024737215724695
14171,-4.015929633458465,1.370657840262237
81202,-2.422923002391108,3.5859934087948675
45394,-5.281732563693249,-2.043641629063087
77277,-4.998202228679948,-1.970984471447644
78685,4.761932762982399,-3.227127120923838
4279,5.264105793500712,-0.79021492236358
44538,-0.74174247713057,-0.4829887925093466
5460,8.460961247579686,-0.5286981378015753
654465,-5.450811199436368,-2.181013195394466
98030,-1.8307849450684774,-3.0495414150891547
41494,5.470381552089097,-1.6614593631543557
102974,7.450712195776121,1.156208364385334
659687,-4.076929381487719,-0.6628166721885601
5583,2.9882721388863267,-3.778092140746873
44745,-2.3217183462902695,-0.6650042509240189
4742,-3.7645089221853225,-2.4520043855199676
4353,0.13924454398496444,4.616965745931304
44046,-4.602848606809865,-1.5106642497733926
654507,-5.112312580713989,-0.7468316855378646
662678,-2.7431563132872987,4.291248101849898
4819,-3.0698069946742796,3.102539053765772
3079,-3.885974251650776,-2.6502264834690603
659599,-4.865331295715424,-2.8305681600430797
3990,-2.508666420184351,4.063507052998651
95523,-1.4776425506589626,5.951322113665553
98923,-3.5265053915241054,2.3026223137826536
97703,3.8282648490479683,3.7298868662206206
659592,-3.1626033351255027,2.8520769975906584
2850,4.576388617509768,2.4604427406576828
2753,8.901961006152652,0.11962982156490001
3208,7.1801600176571165,-3.7860727149645137
44205,1.7403707256372614,-1.0998543261311784
4700,-4.1581381260056585,0.00656597034039336
44927,1.6469526677712105,1.0201621998630255
4135,8.084878418008804,-4.164193129735942
4512,-2.3556784157553166,4.016351516612636
649206,7.956749684349859,-2.8425730446945376
649060,-3.4390431592040707,2.624668731598047
47205,-5.157434785543375,-2.9846905561802393
3235,11.660829257166318,-0.5396512169563161
4556,-4.7779875681874096,-2.6313947264062727
6120,0.5158721474087162,-0.7817880263034566
659617,-4.9885093275269545,-3.1975107004159815
98296,-2.29080083226476,4.683823050197703
11174,0.13643732756689425,-0.9930715410924152
651029,-2.4779047594565116,5.413831466448641
650503,-2.25157244055867,4.909927358540758
3160,8.91762730892448,-0.5590657199533535
95538,-2.030772984991643,5.516278590448013
44113,-3.4961193282926546,1.1379258831191517
44496,9.474785946765499,-1.4089814058624688
68801,-2.196169823355813,6.169417993461244
67810,-2.099032461258248,5.56646082996373
14465,1.3469378998932295,-3.849779230401159
4062,-2.809812357030811,0.7785324108493334
3218,3.653934463020945,-0.1846385920034334
44455,-4.109014594631742,1.1090188050779424
80318,7.198017480766583,0.6440330042436165
97664,5.359142836261436,-2.5885849193590875
2966,0.7838152473327189,-0.9213972242894608
102030,-4.692095030615496,-0.30726658852825556
653803,-3.2416715686457547,0.5644208061969448
674171,-2.232293293358531,4.1717797822260625
49500,-2.299882905466725,-2.6116498494394156
12899,-3.009166842586034,3.7987976606099174
46826,-1.4191978999394272,4.469805211632676
97461,10.424238249723995,-0.5410215697719888
81684,3.0904342762351473,-0.608216252832687
660678,-4.3895888432272665,-3.402702868753558
67737,2.5177844097044737,2.888159909821345
4233,5.252392645208894,-2.0118512420480443
3078,9.965900093130648,-0.21074105104789156
659660,-4.4507345647953125,-0.7634712883035808
3246,7.521031905693071,-0.7203195000015585
4667,-3.056037330424536,0.6793454322368563
56062,-5.236968174763022,-1.4290339752802694
12403,10.777578934923797,-0.14372312313379157
659692,3.4854032104933848,-0.020601477106936963
3962,2.615987811669159,-1.6351460128739523
644133,-0.12442101897469532,-1.4452371453965631
46564,6.883505238902601,-2.319772293062463
4109,-0.11767208444411748,4.304882525589678
652934,5.706946702187303,-1.19769929132362
3987,11.085446671999627,-0.6301516345381206
664869,1.902106360548157,-0.5816324959475432
648642,-2.8569889283788075,3.8981402660013016
654358,1.8520895041045533,-3.094747379968001
655992,-3.9373680465460232,-2.612988015187777
41644,-0.759137542270076,-0.527251279096208
2696,8.47230802101763,-0.6574995079404842
5087,8.309559270635035,-1.5397261219919196
4829,0.322513464290173,-3.8531627123509353
648638,-1.4160630367147036,-1.5442774670772816
4500,-5.21142008633647,-1.2167443942943512
102964,5.859921860986842,-2.624648617551486
14179,9.609724527432297,-1.5018822963522938
659693,-4.029293770446843,2.8790400820286517
5616,-4.209554894409642,-2.390216697256829
46907,-3.492965622658326,2.411607159761308
4067,4.212455411592391,-2.742011485048301
4029,9.827534065054305,2.7990538026969314
658679,-3.4372563237111464,1.7981461683543618
658076,-3.478453524937195,-1.0835457631539214
96309,-2.622284478994122,2.2435375584541632
46658,4.176963938011649,2.8385956992461603
78701,2.6920263501953903,5.210330172175269
4718,-1.6494779659913643,3.2510177475692115
46469,-2.8891032943788373,3.405467049549865
638725,-4.961523243746909,-0.8564557052549456
651144,1.8162023255988102,-1.3881982057485933
664867,-3.423804186682625,0.8760669194265523
647308,2.597955171991387,-0.6516519312326882
46831,-4.183959870919025,-1.4160304699822934
53935,-3.159430147089889,0.324623828410938
13901,-4.2483902330981556,-1.068874356452529
4830,-1.8575008443901873,5.150292887536851
651069,-2.499561616583458,6.2733484480248976
651367,-4.09566244672807,-2.489105333261197
49650,-3.228699590264118,2.4561995633107734
86494,11.944828046339055,0.36168402031401975
648617,9.37032511261909,-1.4584823594355754
656311,-1.7199952975116413,3.020259109558811
78729,-1.9460549821090811,4.277722774187045
655982,4.959508166254827,-2.144256082923645
56538,-4.670421638763542,-0.6976518843890104
12725,0.5412662424295701,3.5384936687357174
664061,-4.089102372090002,2.358062553712675
653007,0.9561134075381282,1.6783269352274588
4776,6.203567225986308,-2.016030610518948
98308,-3.318819458639699,2.039140021855651
645949,-4.347698261124467,-0.24077530917189563
51960,-2.367827384761957,5.049686281102588
645940,8.838497375762348,-1.1564354845227238
651206,-0.2840288864999,4.058229947721839
664176,-3.840989436589397,1.3726131840856364
4488,-3.3383225473259532,-0.4732681406765747
12411,8.43853960350613,-2.335358326633176
5474,-2.4366133312902436,1.8431268300131434
650513,-2.9167216245473497,3.223894751186171
658684,-4.742874020200173,-1.236349421110289
4103,7.634140807301649,-2.3882565147826407
4707,8.058177093608194,-0.6980234234385796
46306,5.990940099339571,-0.9337347905516064
4267,3.924139653485278,-0.4738336129858112
658365,4.552633397441214,-2.24809980229699
662185,-4.1796791916794565,-3.2068859803793486
662715,-4.954528823487852,-3.136908459794789
4163,-2.4661762589853105,3.7344435180158815
635447,0.09282119355965493,3.7058303412072395
53915,-2.927488680448475,2.6273716183043194
4627,-3.79114690853641,0.44936581977919104
100731,8.568794214241155,-0.12547682046368583
48885,2.2819067962830113,1.7619099598310906
4134,-4.7211548934221765,-1.4275091913401636
54460,-3.4458807696207914,2.9349828277215493
80991,-4.2408315454237995,-2.5128742726096696
14216,12.171866241049248,-0.3561861130534913
635845,2.045006914606156,-2.10695287888574
5027,11.493212017741856,0.11129904101042581
82056,-2.536301457997951,4.964539292096356
14185,14.141242313175033,-0.9278895854081343
101233,-0.4377812932313924,-0.9204679906902266
9816,8.155989657205941,-1.333232936652483
75537,-0.9315573320127893,-2.4309366786624245
653005,-3.8733756808980506,0.9650240698592507
14491,-4.931109411145525,-2.7945054861453134
14623,2.0148042754548654,-0.21175851695016173
647358,5.764331121917498,5.8183294708775675
77000,-3.9629974757261346,0.898658499100061
647432,-1.3378246096119393,5.783880515484865
662120,-5.441704694106491,-2.1875665610665056
4971,6.198753232596383,-2.3675655585521174
642599,2.5270708112959666,2.1284912504357907
656028,-3.788884980762325,0.9591053025368834
4960,-4.475490033591741,-3.0956763063211206
52852,-1.2527435633117177,-2.075191939230873
14178,0.0760231732673663,6.260109306755228
48972,-4.502783170356203,-2.8648725812440508
649224,-4.743003399118527,-3.0466368882351507
98962,-2.312611646746999,1.148664975943847
658141,-3.79780728687224,-2.7397203168527504
4871,-1.1795784876089541,6.194244949514849
659823,0.42982588758706836,-1.6329411577375077
4348,-3.343748790352772,-1.5086377033903522
60382,-3.4020708250154064,1.0072216008759167
4714,7.90106902103474,-1.4614661122023953
4835,14.412739334624522,-1.2897112465290113
49839,-0.7373620092697205,0.7614297744719181
48938,-3.0041727311128135,0.32108737938575377
648694,7.764630663052481,-0.6762745363943352
4336,-3.823649137314214,-2.8879614612236923
48828,-5.0815193872171625,-3.204183328994683
14628,-3.3395189390710787,-0.7658813766956608
14004,7.702181983945306,-0.4314847127775064
662064,-1.788732116924376,-4.001718081802855
648983,-0.2040469556269213,5.333531210815898
4330,-2.8508209645758513,2.0685731313123448
4560,6.351056368606842,-1.07886656322717
10941,3.356689634862293,-2.7947479923600476
652989,4.333907258836605,-2.492578640214834
14497,5.838600641774671,-1.3173965021772367
4736,2.1052794107144357,3.0677704950386926
49869,-4.705783937494216,-3.6346143765532006
13566,10.781802118140096,-1.9344848509545947
46845,-2.724980673997387,3.13913338785944
49390,-2.5873720654565346,1.0878941782164255
81435,-4.575497015860172,-0.6677141076270467
5601,0.25847347496206585,2.2039223775537296
48755,0.2624154372224225,-0.5459379802513503
659598,-4.915994174637112,-3.154773098251931
652902,6.957642209783722,-3.0104670602821995
51418,1.9665422603609197,6.074587306068517
95527,-2.4682156236317927,3.645146955957839
658206,-4.645246904411901,-1.195121046968823
4024,7.588499971738003,-1.7290725568611818
78731,8.68131774534533,-1.4676547502298234
4395,7.7815089212680215,-2.7598099727024703
52365,-3.040923417696755,-3.5544562319510895
659678,0.7878374946908946,-3.5117475042104966
13895,7.070076407932529,-1.9206697623459383
48428,-5.457558157691909,-2.6403907515106675
656803,-5.013652108552589,-1.6181084593519246
50416,-0.18312029470167962,-2.2289753966128263
50529,-5.235268790303531,-3.154439479044946
95603,-0.6192434093464152,7.628397568204568
10191,8.864865321362847,-2.493169508940884
77007,0.5727842852620817,-3.3216405324467475
12781,-0.28599972849012456,-3.1109737547335405
49789,-0.6970425368709064,0.7928926826226601
13514,-3.1107650842740315,1.221411154631877
659607,-4.401167344132318,-2.292017208072976
4296,9.654741573031291,-0.22179335188945826
49926,-1.147731333516533,-1.53055225059975
653858,-3.7554215376885987,0.5137959657338097
50463,3.6367399450686304,2.331833135710008
654583,-2.8708121342369783,2.7488509952990894
102420,-4.113811839116802,0.18722544506884856
95539,0.1440451978824543,-1.122194246158316
103109,-3.8136392464084476,1.6680069082071485
97465,8.396232681894537,-1.372991085478993
80316,0.14475066314544388,-3.071670275778744
47478,6.0599413306253,-1.690555293174702
47521,-2.6831190271183543,2.6306765104573926
4145,2.338153093779463,5.585183240945067
46760,-2.32291339736188,-2.6564051735810468
13325,11.167400892941394,-0.3885936332710806
48840,5.659734956781672,-1.4185222980300896
46684,6.5148489957225415,0.40210640834002603
4860,2.389796783492595,-1.9323736270007401
50544,-0.7127354713958256,4.458089032857939
660715,-4.9004990805396815,-1.884318332798037
74102,-4.929627304929327,-0.6180240951603797
652583,-3.2802761419819566,-0.6864453543330785
49657,11.012542293192448,-0.37672259316023377
12394,0.740216214054754,2.8837629055245695
656755,-3.7925761400033258,0.21121352911924435
3973,4.720315319808754,-0.5930134946514173
98935,0.981773313324184,-0.6625037880501211
48584,-2.9573998786863926,2.4904523263925142
13326,5.55900980019445,-0.2590198157581757
645794,2.572773959158559,4.831940513891783
671930,-1.6628461851830576,-3.088373681558833
4894,4.454848481246733,-2.2818645412402985
97553,-4.108853307637522,-2.3202173193577953
53554,-4.784409663469309,-3.19422477535962
48952,-2.508615489941135,1.5536995993467515
645005,2.9270037424422113,3.4891810721287717
52946,-3.180908646983537,1.7538213623303982
11053,3.1934204402287256,-1.3889856402524146
639481,-1.8171913454493887,-0.5097007736590699
660310,-3.936117042749889,-1.9417378197098079
51880,-1.2640703399905722,-0.5893774759125863
658119,-4.202626131600125,-2.937547260386282
57642,-4.226327845631187,1.0307517517092812
55325,-3.973434926291031,-0.294546029147727
642905,-3.6624664809790546,0.19549018926263964
14710,-2.2847382210072493,4.597538516616507
12487,-1.505129154631728,4.847309193569666
51539,-3.193542398447669,0.3337366827287274
95498,9.443587127032625,1.1399182768587812
657168,-5.613366552652697,-1.9155551009890044
14264,-1.0363891406389698,6.014116889046408
12405,2.7823154582016136,3.655615862096523
5573,2.6099902547684515,1.753536219923808
51737,-4.6405442238989245,-0.88008701196547
55699,-1.459993340800788,-1.1286276764500942
662461,-4.579308258196453,-2.4879137679415413
66304,-2.1784418499019496,5.240187072402561
50103,-2.363388564667834,3.8313149799634183
98034,14.743299440730354,0.13156335954942758
103262,-2.9558777111156336,2.9159926674026697
6241,8.77105350448927,-2.8920125731163853
13929,-0.1010282364206477,-1.4642588109935526
55772,-2.786863649342498,3.449530659717127
51681,7.547029418557505,-0.3637479906186527
48405,7.954758365946663,-2.241157571900256
51414,-2.8855782153376195,-1.2089309490433795
51391,4.671101457767264,1.897687800608253
659612,-4.477396437506512,-3.1222515524182324
56798,-0.6804628935557825,-2.4594465939467796
14464,8.871403133961119,-2.1587897694521514
103264,-3.8879813307942297,0.8891824154266235
14261,7.678581054524317,-2.8672802862434796
56796,0.002223874824115679,7.884969155479913
57135,-1.343903159592907,-4.223172650894374
52935,-3.3151474432849017,3.3122966582216478
659621,-5.13515420818652,-0.819250866152942
14328,-0.22694439702018313,-0.7626660135848162
661609,-4.8923811684708625,-1.0371419311273296
14022,2.373305703946702,4.152276030285259
662259,-5.084685585477331,-1.2227059453318636
4300,10.302276008398579,-1.8712351757704013
574968,2.18502251643595,1.7382348009283328
76218,2.4628094556799716,-2.0543404451083687
51163,-5.030188253953479,-2.883110588969625
50796,-2.6000655566188913,5.046727848103568
654355,9.701325066166982,-0.6736311030939158
48841,-4.309506934433327,-0.48777015010398067
51195,0.4770590270695451,-0.5386961701370238
13994,7.31307521942258,-1.3310600484780217
649043,-2.258975284543163,4.307822849139933
52953,5.627016986053942,-1.500832781347439
53860,2.0149081495411165,-2.108394678778603
662496,-2.852745471437091,5.178514696227599
52227,6.941216265430057,-3.3205671520192164
10864,-2.5718044129460527,3.753854740272083
658678,3.7302464619334272,-0.5317502304037807
4231,11.10248092033818,0.4870273131238268
649148,1.3926792264012813,5.997967243334347
80235,-1.6445074412674334,1.9143599689437165
656022,-4.88554766598665,-1.3785144410471337
51177,12.020411786999743,-1.9223131012307841
4901,5.034245186782115,-2.4234160047945035
54845,2.0738074870620498,-2.995954756626339
658349,-4.590176881664318,-1.3585235560205238
55104,4.2628784421675645,-0.9931621776900433
51159,8.555923532333509,-2.9504511508953035
663058,1.0039843895517684,-1.2591302518756515
55611,-3.0748864605415425,3.132620554922974
14340,9.325322548359424,-0.5407532416211965
14080,-3.0589034653198444,3.804796251347536
648710,2.570182681385241,-3.7125868620109617
53007,-5.483695368297392,-2.5882906438642754
653506,-4.135790240423307,-2.5527547527480308
98936,5.0775295521214625,1.0179507995944974
96391,4.866229884079115,0.1664239717706745
5607,1.2254953086082319,2.355493991380777
654473,-4.972512381066762,-2.9048722699256984
78970,-2.443847233399744,3.6107886192885177
54706,-1.0431522462399023,0.6410037457247778
53361,6.0284393267059455,-1.7681918568190456
53814,3.6218572830416433,-0.34619911921947205
53020,-3.3343786614423307,3.5130605369743817
54358,-2.8146442650373396,4.010822331293588
17519,-1.9166834169645721,5.624061115337599
98964,-3.2045820880473186,0.7564758913264108
101237,-2.2291626067757893,3.804798135796684
53888,7.896600239063516,-1.905632284523814
647469,-1.7529312015805198,5.2485369670478015
654490,4.988185578147346,1.731598836353109
73830,-3.833841931484992,-2.6730502884298692
14258,-3.093633873278326,2.751248054728436
662177,-2.704748082978163,4.988000966558901
5478,-5.010349008671456,-1.6936863885033517
658366,-1.5328835948367225,-1.5509690783179362
14113,11.762494881768626,-0.48781353067440786
658200,-3.522779319895969,2.841405888843038
4337,7.856708417498362,-0.5355962685047124
656023,-2.9486641681837424,-0.7046186192501699
4635,7.6438375808012635,-2.1692392365748603
638745,-5.0014662381977395,-1.358894480154008
52916,-4.667429317431997,-2.4503684117962217
52004,8.172107197868145,-0.9343181608082164
103094,5.2347309234667865,0.2737557840608281
14627,3.252196529908909,3.8556561175524786
12900,8.483404948154718,1.9807241195775018
57960,0.14808029635112677,-1.7054708735853055
53697,1.6974166193561422,3.0038446217032875
648866,-2.3053393972210903,5.630721602471469
57381,-4.661740664409807,-3.298195838027874
653708,-3.9445466186118967,2.3383689554303912
54701,8.406867782460983,0.33862211262014924
55101,3.2430749381253485,-1.4493267273346735
5588,8.9712415419062,-1.0275621756601805
54603,0.8134001803445157,0.28662687221676375
52752,3.4214450959741405,-1.660746551191358
662512,-3.184991795083357,2.8238276875970096
14116,3.276577908058063,3.6129545738961872
14613,5.387712672114396,2.2261736471672564
645105,-4.506263699186195,-3.615858944799866
53238,4.802214555220862,0.2781142958353294
56628,11.515026489196336,0.8293678207625862
80018,-4.964557757805448,0.19564202793544316
54744,10.671373419207434,-2.374425782765806
54091,-1.128285298171661,5.023979721385365
55492,-4.8417598245058215,-1.8000944673009809
51025,-1.5420208769319044,5.415904732090574
58823,-4.0312791838634014,1.9454982527635416
5590,5.145690815644749,-2.5656041158864205
53355,4.907720994618051,-1.25134774986322
656027,-5.505067990977151,-2.3942304833413783
54761,-2.3037368745694615,5.450089452073823
651350,2.711913073760739,-1.4310067643475781
53840,-2.99533193394494,4.110327676664317
103178,-3.3091470474057747,0.7420380825768855
51212,1.780921993158576,0.20916972564153014
5592,-4.564111863280949,-3.047012937587045
53156,-2.6810957426844846,3.455088548481353
12880,-1.150512998848701,-3.13656546404988
14089,9.579276722395992,-0.3069397567832863
650158,-4.79329114819397,-1.4167022416588895
53345,-2.154920308136608,4.80658056876461
651372,5.890787498514172,-4.500037591491546
51716,0.5038988539694081,-2.687640627405897
54841,-1.672218350142023,-0.29075270129745023
57930,-0.06391818116664963,3.058365052870133
53856,12.57246677875778,-0.5313198883431698
58108,-3.1023526222051365,3.6554964816871642
54568,0.15856261755071238,1.4086979182755963
14309,-2.5898650948192934,0.7125360739587335
53130,-2.5686264416856637,-0.19184143408072915
57729,-3.180986870455547,-2.539135591826679
14489,0.6585229930045163,-3.3362358705592676
53142,-2.58081069725564,4.541520748684972
662170,-4.922000842816853,-0.6694836576846814
14155,12.811899187708507,-1.750694709164969
14227,-1.8024376355941787,5.23095400769451
652546,4.737882213308773,1.3968177437616458
53513,-4.312195565809833,-3.300809187779438
14501,-2.3553949395952696,-2.038934661625932
14321,-3.275823191782046,-1.4275584603152178
53126,0.03533846086066022,-0.48277411806561865
95278,6.903893750152786,0.17602121639288157
654372,-0.755972762342097,3.1952938039676355
14164,13.553487632708727,1.9952175771387315
654370,-2.4563817008455007,-3.4806974391418155
57143,3.800915508470203,0.44154275693913475
14333,3.9016284254900073,-2.4521748445192544
51232,2.5900410726977325,-1.6997337632307206
654365,7.105057570484903,-4.744962517226321
55173,-2.685133630375119,4.259609971583737
14547,-3.1738176025235334,-2.1723988320935987
55814,10.280476736501445,-0.12671108934078051
53239,2.4176663524157385,-4.323818483453243
53353,-3.4124319397799123,0.6681829227364617
57394,-0.7422391885287504,-3.689183130314731
649335,5.908085654640356,0.5633250733374763
14397,-4.1977712543883205,-3.603006585615739
102449,-2.007801090488481,6.521764814797698
54155,8.227813153758223,0.7735096186737564
53811,10.536839751793726,1.0726264858735697
56233,3.2853073393612213,-3.3874767703128725
52751,-2.432914106441299,1.333588275743129
56607,5.726029058864011,1.0559278669855934
101234,-2.9803976140074067,4.168697951519916
57062,2.690626887419748,-2.0126187760030607
662854,-5.135095718185417,-1.9861166582152279
56532,-3.678008705387202,2.4567522107931756
58595,9.045820237214866,2.0776241109388383
56529,3.338103139597916,-1.8613696244856632
51595,2.038642497807707,0.3382466228350384
56412,1.5777230214676943,1.2016032955657423
656736,-6.208548024512505,-2.573289680926843
21845,-2.416772405889315,4.156467048758775
81391,0.10045013192604071,-1.6790959799375582
654444,-5.427095444687872,-1.4767879104045292
664182,-4.497925877916595,-0.26964274189543264
14361,-3.220113409158383,0.1656702939675772
102971,7.597055829125164,-0.21068548986476301
55666,3.6493574168467164,3.37931369726768
53351,-5.316896707969499,-1.232533882268509
56393,-4.375792717895482,-1.4048788267341792
653854,1.8689994930960674,1.6132203932219666
655963,2.5711957829967473,-3.17617117310708
54577,-1.8898688284089311,1.028301052486668
57012,-3.036398732349153,3.786210914048352
651142,-1.858972105767586,5.830868716862914
669912,2.2991743371391244,-4.228860459022634
14617,-2.668903214456646,0.3750738625749194
56148,-5.475450005974771,-2.7757643358948956
57817,-2.2072416641048784,-0.6730879851157198
14153,9.642952384280873,1.8415560306202285
663923,-0.7117073742083497,0.8487193906817833
56959,-4.199831492924886,1.5053818230520877
55735,0.23016418197818045,4.119224475785017
645943,-3.04233386440605,4.473917396357748
659679,9.345751261656769,-0.40106034904903104
13505,-1.703294949475797,6.52816385185946
55230,6.148020062870551,-0.2419163630325961
57204,7.290937004180007,-0.2977006594096928
54246,-4.285874741025198,0.5621433387260126
634600,-1.7859587408011035,5.228691624887351
56109,-4.731378071516684,-2.8872002155927348
13876,3.3799519993097578,-0.9974589452619085
58137,-4.243764770394309,-0.009619468252189973
662124,-4.03872429233672,0.6839365099571542
14390,2.0939853961651442,-4.36416388931817
78520,-1.5940728540613056,-0.9904257746374407
652545,5.603864100868645,1.4172724654181923
664137,-4.535664664061432,-1.1922957697627163
57181,1.6950515890644047,-0.4559403170441763
651497,-3.5720614268841326,1.9645081273766338
660358,-3.803782128077119,-0.4535688294321413
56431,-2.449502321004716,4.426112346850161
86407,0.8478570869918721,-0.39290626911238746
662863,-5.259480876457893,-1.0057700947277073
55753,10.488102960603076,2.67851082832932
56809,1.933569559337357,-0.6776891541505962
80019,-4.4214868406074626,-2.8671235460166744
56170,-1.8060082165395002,-3.3618918902660493
650957,-2.990028030178079,2.7913922352890688
673638,1.3448389509784897,2.6597776360754146
56565,-2.7573621207168655,-0.11057691243800788
13055,2.590650071837516,-0.8295634474800074
57652,-0.996981196618249,-2.2342528390989216
57074,-1.7313399737852408,3.5420949059460343
58345,-2.7975394342634936,1.5753821778554071
56680,-2.88549902208085,-1.6549297862019596
55819,-2.311764881342509,4.353840241475904
56743,7.757962140166386,-2.1635448408698212
51050,1.1916025086356636,-2.5113889476181983
59670,6.725025170539242,-1.6212300899570857
56426,-3.886211671033394,-0.3687182087732073
55731,1.6986422022497112,-0.4930662294851849
56413,1.077470557912997,0.3881458073504896
59225,3.524288132852506,-2.3564999298975664
59829,-3.279361878575413,1.4372259227281579
662113,-2.7068932011539215,3.625807472030187
58382,-2.642861377260595,3.0921316086379993
59852,-2.8426991214412842,4.355221043783488
58297,-4.304278632676278,-1.4060521271020305
57199,8.525082089591233,-0.10073920886843718
58143,-5.773752290839829,-2.6479706400845893
58915,1.714314422346124,-1.9632520859379108
645953,-1.4627614080512068,6.1160903766256425
56180,-0.06788193080303231,-3.064785253046652
56277,-2.976773585186837,0.9515011163102406
58749,5.799391172650323,-3.9611925221460687
60719,-4.03973341346848,2.4638281335642063
60619,-4.426976115683866,-1.5535447214955431
56567,0.12112505041543092,-2.995365206840194
60511,3.6162121278092205,1.7046785578884682
59484,9.590318109785482,-2.9748506009191993
95575,7.4907350668925154,-0.8580530108699761
56189,1.9574549370085566,1.777555502322445
58154,5.172214875898915,1.9866224803145556
65560,-3.132278418421518,1.3580000447202931
58898,-4.73787388968269,-1.0174264084337268
683862,-4.722264291187112,0.1537704975550576
61041,-2.0088941654271726,-0.7453639175678818
662865,-4.254895875879693,2.214985321442847
54699,-3.154813363571879,2.469682408864739
658334,-3.951881537480196,-3.6336839747021084
77512,0.6343005807207257,-0.4214973121808823
58627,-0.9664012175987667,-1.6232631207214092
654350,-3.2099784834891127,2.662994252266396
662525,-4.56309666901826,-0.32611400433818577
98956,-3.995444442289299,1.1116497801096712
57815,-5.173546708899081,-3.1871075764538497
56978,-2.097248896571043,4.275612420350764
60260,4.419505639454884,-0.6307346387784546
58711,6.382143608890983,0.1649822432655385
57573,-0.7748901485898003,7.631596230122156
658711,-4.685310279892709,-2.525740068270213
58621,-1.5834713385665187,5.852390309613863
81396,-4.510589076982662,-3.198873834160884
654356,3.298529861037408,-4.091401242207503
57365,-0.6571959534856378,4.93240352672899
94835,-2.345264034838438,0.019063459587189944
644484,-4.703215178802798,-3.591428293733918
59818,0.9706492257781077,-2.0484414250994005
662184,1.0651109300360837,-0.21210871466454362
655995,-3.1493635884381757,2.134630487943184
664272,-4.568076423185086,-0.580378396759806
59557,1.6800980314559517,-2.2541704542140226
57406,1.9144891521850185,1.9245013375410835
57586,-2.894717886723838,3.867340540550395
56825,-3.2299908480687805,2.725709698733135
659628,-5.146311755456391,-1.2688523324574217
653835,-3.9155606065985076,2.450734362369656
58841,-4.100260478062393,0.6697673819086161
55817,-2.537049474606694,1.2615784965137888
54860,-1.2086823708760615,6.661332139030361
652954,-4.814479814680532,-0.56583301463848
653815,-3.5790889362622784,2.831397936023894
654576,-5.310304787442824,-2.4292684735329293
58795,0.6410800820529904,-1.3250196357116852
636036,-5.029099935293382,-2.024060282910004
659821,-5.420216274929642,-2.6413520169964095
59752,-2.2424755725431758,5.274310204613886
61229,-2.621477115311439,3.600262144288732
659646,-4.907160783150905,-0.4066345694242837
59788,-3.251520368503029,3.557421372235475
73504,1.8761939767256386,-0.7370132322306466
59217,3.145888385830315,-2.3264536692498656
59988,4.437496349887746,-0.22971511534748537
658367,-3.9114279407343173,0.9815319889667874
57700,0.3544670275484234,-0.10845028350087972
59468,-2.7706217009643,1.2407211328647862
59834,-4.1458597154208245,-2.6474283067696227
60737,-1.9824429412295768,4.680402744869481
59216,1.5732392664743373,-2.3115657933825844
59450,-1.3108268578020388,4.680326486908924
59524,-2.6139550647904963,3.264532675490849
60347,9.7105901199777,-1.915537177329598
67520,-5.214267271418745,-0.253249043579784
60112,2.2900640969446036,-3.4882388891559777
58629,-0.6997597256904919,-2.9479578116495317
59104,2.701729865423118,-2.8250968154981195
56408,0.015079255258552478,2.6040264008928555
58710,7.393839969310601,-0.349395965879038
56639,5.53382352717883,-0.8341071876885536
655998,-4.341864563233986,0.983841494680003
59495,13.292093554441392,0.6140305915178095
58819,9.316643453859697,-1.3223153887764947
61199,10.213190313637309,-0.3192105878596644
659586,-5.65929720116486,-2.456854896566075
56415,2.2803030691492725,4.256232211855909
58609,9.70167418741573,-1.067221139547255
57640,-1.7010543413897403,5.35327340051505
59691,-0.701217060385754,2.163165079719241
59794,7.719736847006945,-2.043409713969152
60638,-1.4811566716790125,-1.6579095241478432
24479,7.740727396029655,-1.3800869973258525
58867,-3.913623609265035,-1.1016503151881167
68247,-3.8341427570846083,-1.6071162271981168
658690,-5.013776861067099,-1.5163594511282852
677460,-0.7751694789742227,-2.403540246517453
60263,0.23222852748739475,-3.1984363758293832
56935,-4.465488025610699,-3.2767586450707116
634530,1.2092027622852317,1.838709986012411
59239,0.2662118589130593,-1.4264132954649649
61079,-3.114246753614988,4.0625450326225385
656795,-6.122472739494094,-2.287612594342293
60408,-4.2027449246918325,-2.2724032427291734
60020,4.911017558427707,-0.8979977626076624
56893,-2.5277956440371314,4.346405719520059
58818,-4.011444119057174,-1.0885850828366304
59853,-2.778128462277436,4.4830029680744135
659583,-3.7566925168248715,-0.5652791233323415
58939,-2.9766031828402797,0.48514312566943446
662846,-2.8826812038113756,3.5268299074209026
97473,9.526150938207836,-2.1934609445952904
59660,8.35422672522891,-1.1242162698920923
637327,-1.6959832667616233,3.728228234234485
59110,-3.4900789232028275,1.142761812036055
677461,4.782538460000189,-0.5199461637604794
96491,3.156568544531933,4.3979470540991406
59774,-1.2519604374255378,5.588864190467677
68191,7.482324055149979,-3.427116820077994
59234,10.087484674817023,-1.3685415872763997
60381,-2.8657234634198754,0.06653698244182787
66174,5.980304126654229,2.8112435540280893
73618,-0.998143260848699,6.264279427636282
665300,-4.8002470060264475,-1.3804378956385388
653004,-2.642349392333349,3.829615030812105
102968,0.24355098907068323,-1.608991950622873
652921,-3.557598123558749,2.453667381286841
59525,5.473781902973302,-1.5285882114193172
74154,-4.42296155764055,-1.0175034382742516
59237,0.6559822285422325,-0.8711422469562732
642847,-2.477279776899277,3.1779793496889965
59958,-0.5738632545228787,0.8883740644092599
58645,7.188074182130979,-1.029381827524527
658663,-6.025804616079634,-2.6806982789679914
65530,-3.1616453059733454,2.9556067210124786
76217,-2.6251294938977594,4.8576361903517
64647,11.157723501171478,-0.6090454044101125
60306,-2.994598591375224,-3.3932957548110214
64657,7.6842603077828775,-1.6795202331234151
662774,-4.82158091359252,-0.4634572038756754
658125,-4.900556543805415,-0.392254564876421
59904,1.735386959707887,6.06785353182597
61032,-3.612176443205153,-2.1922848430815502
98299,-3.7123855070874545,1.9017672390630869
66546,-3.4795836905912485,3.7609002742926982
73533,-2.6448391465736063,3.2737719759182844
66078,6.383036577211734,-0.21952070969065862
66037,5.476318540879378,-2.3699319858428862
61323,-1.2615769018343577,4.963056693455698
647555,-0.43080993151511937,5.548834774572973
65944,-4.3997618542138985,0.11492332224503318
634801,4.614869530397844,-4.863050068983272
652563,-0.804586937444597,-2.0195382264113233
59980,-3.7497234010070923,-2.050385295446319
65191,4.7906799310726,-2.13268174766334
73384,-3.458660894665253,1.39798869531538
665432,0.2258507549339906,-1.7177023664826463
65745,-0.46314816989978425,-1.3410218360257644
65380,4.521352517338097,-2.0239589411825274
60838,1.2018484005703416,0.3045428316487134
659674,8.283631416408799,-0.4495192118815956
59754,-4.173344246960487,-2.3137877503928745
647813,-3.4539363378136376,-3.452172944013744
59964,-1.116495482224815,-1.6904500565750813
73563,-1.7271158947509224,6.192171214741775
67973,1.630201742684932,-1.8334076560738972
634614,-2.7718723621355963,4.051371747510383
66201,-4.613063865038124,-2.2217603649032283
550294,-4.1771283729085065,1.0607974398392492
59955,6.451463893718839,-2.536878039623493
65359,8.074152179198082,-2.156768935474749
65898,-3.752053569825166,-0.8851721922389785
644211,-4.150841007678077,-3.61982493848161
653770,2.035069633371862,0.6555716203778404
656785,-6.014515999748281,-2.6427428271961153
65182,-2.428414033125821,3.8404407558040465
66209,3.8240267604589944,-1.405287585489242
66205,-4.397116523146207,-2.3621414093884665
644382,7.735672570681834,1.625968364745952
74967,2.1391536705950993,3.253202511497843
66041,0.801752552802138,0.5518334146333567
58670,-3.3652550815479843,-3.2006996672373993
61359,0.5075217567504956,2.8416670317521895
634762,-2.9375802060491467,1.4510238246071276
59966,-3.4350092073026928,0.616345849466767
66025,7.6508274465357555,-2.403950817618958
65367,8.480031184060895,0.2660262245928748
658688,-3.7087841644902677,-2.5727415463527166
662717,0.7544730431659308,-1.8605908686980919
90862,-3.5236646154291904,4.155934050786699
65364,6.839990443143195,-1.0981779228192192
65378,3.1025659995840873,-2.433034758145588
65363,0.34625268055471276,1.531314603395757
60687,-5.208655927069894,-3.2788302007609507
65357,-0.10800201083789673,-1.2405869268721608
59822,2.9448911765004224,-1.2955635984224945
651513,-0.5135145057797055,-4.351653018471486
662829,-3.0993493108422094,3.871773958393779
659622,-4.0575403999783495,0.6964588581060164
639460,-2.831474355254276,-3.1652368162856153
91014,-0.40525692624471105,-1.3257016351816533
65192,3.509882530013092,-1.2702782236857433
66177,5.860259740309896,-1.3178278759572368
634588,-3.1831458100002252,0.7767959818771207
663105,-1.762643453659503,3.9996332007698454
68186,0.22523080136763723,0.6431117249198547
60187,-2.833075865204679,1.3227643760576557
98297,-3.414211828976223,2.520775771421049
73677,-2.864565156421886,2.1983483264824697
74221,-4.613137584451328,-3.022718522013877
652979,-4.222245539391511,-2.541489159778203
65177,-4.687582429452355,-0.30461695689854124
66011,-1.106590269771,0.06589225953251754
647105,-1.2081384027781255,6.350049908014039
63189,-3.3519867739899922,3.802077717369281
658363,-1.2069350679185453,-2.5444266187979614
74389,-5.224753017886795,-2.3865144312837683
66284,0.6437065137939041,-0.9937126701437756
638404,-3.440692775551953,3.743742552646234
60168,-2.2415482772909594,4.538577141965236
74288,-1.5681075480105782,1.7288454120005938
73548,-2.600395965445885,1.7841891888630266
65520,-1.5603905520882781,6.002610529516673
634593,0.9780981132995251,0.14646864158574346
73562,-2.5967552342565465,4.306694802048762
653852,9.388641628086233,-0.5099347045993484
65521,-2.148687660010796,3.0041128239741393
66062,-0.16932167113389437,-2.374596878484855
662149,-4.885621009986737,-1.017973241423766
655997,-5.622167402809754,-1.6619097306329258
656003,-2.3802345556923976,3.804819318906728
60474,4.4201014008059385,0.15048633277751264
660727,4.944923800281016,-2.2860427841398363
60402,-4.236387876910369,-1.7080015195445124
654580,-4.472595013981821,-0.353703958173265
66149,5.490624664578957,2.0364667833311847
68232,2.1444851393958038,2.6054360737209166
90825,-4.08242962159545,0.6097490482001745
73495,-1.3470237101762388,-1.4202883459019302
65828,3.6320520652000874,-2.518638029700552
68084,6.016479330103542,-2.194169022466014
73767,-3.3149906582424955,1.2651056111596732
659653,-2.0774181525378976,5.31380804891988
73422,1.3348838193577226,7.306075153520667
74424,-3.1840927015833635,1.936452659169501
82513,-3.604419459307923,2.9655288129074275
74205,-1.4017649731989126,4.090224893762158
68616,-4.527108265142915,0.769404279991857
656002,-1.2257122583907816,4.715232408439163
666633,-1.368349380414184,-0.2916883805686105
73763,3.6527784106054138,-2.6113812765439333
103143,-0.02094344168734576,3.2404071694940093
81761,5.271577875199532,-2.7610292844929276
634625,3.078363001645542,1.4326125280717403
659664,-0.10642375614504163,-1.4617450791667392
71002,-4.342592386011845,-0.33272057987227927
642094,-3.9017514996179608,0.043686527575509504
68741,-4.270375130867182,-0.5614376875564807
60114,9.488495403532236,0.10043099073953626
73837,2.3504899194293847,-1.458533380242988
73742,-3.8607331534733857,1.6954799744591607
634728,1.399388248930313,-1.5092818906548564
634661,-1.431291170623509,-0.2885278049996644
669374,-5.113889679870567,-3.194101290814086
73803,-2.1804428592663294,-0.6860822028158877
639558,-4.432533696116798,-0.8228792227041158
73485,6.387432371319005,-0.4754077291976478
73639,-2.9091870759378984,4.689733923749386
639791,6.169622248643134,1.1307938498151306
65565,-4.389693806673341,0.8164000172105761
73753,-3.2953646107170544,2.573647407571008
102970,4.581090527906157,0.07974056298753757
639500,1.8419206791256748,-2.0779388928386435
660685,-6.002250178577825,-2.7333725505182493
658682,-6.197259408181152,-2.5353342291549668
665145,0.6106061515429275,-0.02772461094297712
74185,-2.097508879362941,4.382780424137615
65904,-2.4386015296826993,5.246926806233302
103218,-3.7256312007979093,2.2987197714073093
95548,-2.994381666849471,2.31208526342572
662688,3.6517105680547433,-0.5005941511458976
74410,-4.395262513299636,1.0949938457555373
655779,-3.9632532702844965,-1.6234031765314256
73836,-4.245429058017054,-1.665786808057309
73427,4.0873262575269536,-0.3428669787640464
99852,-0.9361360599086122,4.055276328923326
91688,-4.794760788671944,-0.12542390655499952
73498,5.7725659071140205,-0.7602374400976624
73782,-1.2847112055795102,1.2194273921301866
668363,5.6490993131815825,-0.8492635886642408
85583,-3.968943778201134,1.0865339367485518
642325,1.850849751200336,-2.3075396032157967
66315,2.4732411676230086,3.3623129392146818
73833,-3.628354075474277,3.9090968158754245
654509,-3.901165103606956,0.3932140299137432
639243,0.3092703565140673,-0.9804618955813079
634579,-0.8822061293887945,-0.3124815736980198
74289,-1.413174670836149,4.930388067521532
662851,-4.596268512100587,0.24971218752872326
74334,-3.8379731917291457,-1.7466740584978342
71044,4.929436641242952,-1.709320168349435
639213,-2.865065380894197,0.5133903636904805
97762,-3.5154340853650385,1.4157087582049808
646897,-2.532076794356346,3.291851566025084
638933,-0.44216663684400537,-2.0125940347130835
654527,-2.9005673570525645,4.633572296596414
73683,-2.0638098504691285,4.4205000959030105
634521,-2.6628294228433065,0.6540098382372727
638611,-1.365550611420796,-2.6675472117373955
639790,-3.5385802923400904,-0.006192175735016476
69419,-5.1960051139264225,-1.3667487445344222
74261,4.939888600149976,1.4082587949285057
643195,-4.3849833538912995,-0.8874046459954912
634492,-2.8157623817360093,0.9455424258173187
644316,-3.1459522355022678,3.3050911381247152
73466,1.244456698463377,0.6445149030100864
72101,2.7267975552704016,-2.9033217906879667
73609,1.5306530042206106,-1.7643255146993244
634748,-4.794549732395928,-0.4783197008704328
639423,-3.2640697981487286,1.0851054593077372
634645,-2.9855439606020973,1.5651236512719435
656781,-4.790542717386905,-1.4180462952831816
639024,5.71844560540046,-0.7379005106311085
654402,-4.323637236686339,-0.02581550973030063
677462,-1.2540898920385057,-2.739125684637865
645202,0.31770395314287914,0.6285432273078011
73526,-2.748994022720561,3.2487347538754765
73831,-3.67145332792061,-2.5676946046888642
649630,-2.824386430261889,3.273936221573653
654351,-3.9196328498102373,1.8452141038818617
634473,-5.021840041107551,-2.081725557242996
634709,3.7155290505778584,0.11654997130665329
643248,4.722335567415344,0.5428870539283044
73646,-3.595986393009739,1.113485796875756
73715,0.9953484259534827,1.6640377766376058
634773,-4.199343922893938,-2.7609681324960014
73724,-2.377733386581602,3.2785866770349488
84005,-2.9933197149937403,0.9490670731065727
73799,3.777830904122734,-0.8542172703604453
71027,-3.1821197834284884,3.0006370212751556
75199,-2.8195671647240212,2.2081108886253027
643247,-1.7705838412717827,-0.28501648627768
73396,-2.0321407178237902,2.6719401596329875
643396,-0.27165924343997633,-2.009107446521191
69846,-4.869742641717761,-2.8215039807164297
639250,2.0830193869047218,-1.3017104151322771
638781,-5.13686810610043,-0.9202910316409073
638504,6.230009324580209,-1.155713762571795
97687,-1.1469361913478546,3.1473820198944047
73399,4.118356799592472,-2.193105943104477
660654,-5.06958925164258,-1.2173032116331195
73369,0.4487661133603916,4.550801815956944
71557,-4.58237443432636,-0.27030042674597005
83284,-4.256952503009394,0.7530576490906288
634789,-2.366212810494545,-2.312062638630136
73569,4.567802174077751,0.3623273170759091
644365,-0.7899036549527253,0.5724278277652722
642404,2.8200492658164116,3.8680973754731762
74257,1.8074071078417575,-2.1307519514617543
662864,-4.894572800826938,0.5618351015087064
642062,-4.298310710352133,1.191264669621281
662110,-3.4079438123606933,2.7273324727160593
662109,3.661570466399319,-0.8238662103375132
639176,-1.3429580375980563,-2.933951930412859
639269,-0.8832529059273743,-1.3598267397393733
634797,-0.7188675130798263,1.480734614165835
643053,-4.829219508569216,-1.9125333921214906
642433,-0.10651491433613008,-1.8612604742677068
639300,8.983586341463806,0.9298259765858334
638638,-2.920660282100459,1.7097979914816157
634684,-3.7061633650979737,2.503321535101197
94929,-1.9309489583422224,4.322060585603047
70986,-4.775591914428806,-1.4629870154259548
78638,-5.0525254742202685,-0.9534822426737789
642311,5.746635604204532,-0.20452059962033628
638903,-4.895184590987417,-2.039517055316959
643054,-1.751100562636186,-1.0198670568023345
644312,-4.065160202982898,-3.4165247790784794
634587,1.3210034897052776,3.3833223740442895
638661,-2.033202675687716,-2.3398591190829356
659590,-3.419464747823911,1.3459373492323532
683663,-4.396235945482453,-2.6199666009656717
634493,-2.539717297797972,1.6600430570082831
645471,-4.700482013390966,-1.5093935860588512
639501,4.190506013765257,-0.43833533944795994
659680,3.4370571098747864,-1.6590555842630061
643789,0.042154135064801944,-0.7158202040376129
660730,2.7810956888033385,-2.142856824766263
638513,4.456486091882882,-0.4173350418746844
638941,-0.40298710980360014,-0.9969327916682077
639308,-0.7881053016705007,-3.8309428259958103
646794,-3.9482457750891315,2.638389764140883
669476,-3.0807689793978037,-0.2149852832146733
639198,8.12680546916342,-2.1277241180111077
644630,-1.9192104564664272,6.310254219513452
643699,-2.2517836935108586,5.105954762535843
643537,-3.516078578042372,2.817561194920158
74517,-3.434484660734179,2.1297119395932658
642192,6.680573182399907,-0.743799926973658
97562,2.1710965732890255,1.7487154329608603
658687,-2.1748328716783742,4.380456059786273
642382,-0.6943503571826292,0.048592209171238326
648455,-0.4774376956695532,1.5926317283303482
639257,6.273354817844314,-1.641942651178557
638937,1.2471527789562313,-2.9697293787148955
73790,-2.227182813262108,0.9927554404345419
639304,-3.750954930779292,1.2740635453262632
639425,-1.0283609454165954,-3.7511109793908393
643578,-3.954579063177458,-3.6068035919642147
638921,2.284622620843279,2.2918614397505235
644496,-4.224127324565124,-1.0156136263854805
638813,2.9340629573645733,-2.830269829658305
634800,7.954434809961315,0.9872752354196165
643645,-0.7889663906310239,-2.4623251915924445
638950,-2.633248248447527,-1.4472696658998758
70235,-3.041965772201415,3.9215797662973384
642424,1.3630661592646631,-2.1193529395419906
642252,8.449952445880701,1.9040177000309813
639058,2.7317368585078605,-2.6646333740203487
103216,-3.9723272765273254,1.4438024621892394
642966,-3.524698161304945,-0.8822828770103882
70475,-3.702459073713208,3.265176047044627
644606,2.264072886328714,-3.667630029455664
72297,6.3511463082899935,0.297811018932737
638396,-2.0844194192746626,4.898977091629907
646749,-0.2601177016594308,1.2756942739000514
656754,-2.1526813861211966,4.590671478307908
643773,-4.344909899267225,-0.7836821321287809
642985,0.6336058146059558,4.246450450049763
72321,-4.990055115109865,-3.2719157642452608
639454,-2.805598122474546,3.4190754526556706
643312,4.93299978669179,-0.9871974976389765
638554,1.695226945912081,-3.335206484541998
639241,3.0320319159096294,-1.3465516599673995
642403,-3.495833874941359,-2.3722900205221427
643647,-0.8836539790379324,2.37538941766606
639046,-4.255926641055675,-3.6490660996010225
642071,4.25203466860527,-3.1308830609344547
642330,-3.625206896860952,-1.7506466305997348
639200,-1.6013402136361552,-4.060468585372474
654456,-4.387293201453341,-1.2671823911049835
643337,-3.3032134793353616,-1.2784380324373967
643304,0.8919652151575875,-1.6274908578837297
643704,-4.770444220702065,-1.815378081406905
643873,-2.676556934055692,2.4961126329881433
668010,-2.4856072368830318,-0.5264391566188013
642127,4.117770759851297,1.5126086598902828
638474,2.267226423048694,3.5747701491631543
642402,-1.2747523996468066,-3.075835636845385
644530,0.5899874600001437,-1.8020538659115548
97601,-3.7833708990969206,1.2261833719330566
662511,-5.068261005920534,-1.432212491357018
95540,-3.3876172638238864,2.4043856992183414
643480,7.716429935099933,0.7121454856231949
103096,5.289576525101967,1.0118518688623663
643361,0.03706248017682665,0.5053160457578891
642219,5.716322838743339,-0.5694804944505806
642360,-1.0855899069871207,-0.7762406967175998
103213,-4.030539921893462,1.483632121607889
646776,-4.324522972762259,0.37534577303975797
103211,-3.5537516267262905,2.1224713343769652
644399,-3.423890812847762,-0.21325739655947262
82137,-4.719686747660093,-0.052334062800589734
643723,2.9610876339007945,-2.069718768097028
654401,-2.38808505080676,2.4969523538849647
645207,-2.1995222398656735,-1.442852199424543
644500,2.8263030386089487,-2.07623533278586
659672,-1.6993826892576303,-1.6337870810636217
639307,7.879976408091908,-0.06738323825719253
644946,-3.7711410954398765,1.0089904373906269
662857,-3.7968817072774903,1.2678359292728845
642234,-3.2650308413679485,2.1629000423414615
644698,-1.8472155396242802,-1.9919578514165317
639356,-3.1208721853798296,2.5802217682637876
82478,-1.721579822282726,-0.4493612392980894
79972,-2.4620919510508523,5.275789334297635
83678,-3.1410801733691702,2.4591839139369815
642876,1.2463421963629657,-0.2148762566341802
644153,2.7325622790389996,-1.4093767401097606
645142,-5.013186329964637,-3.6208424547760774
643299,-4.599932060877642,0.5802930724887189
659582,-4.033829898235394,-2.2025708288711705
655925,-3.709112844589997,-1.0633817029774773
644623,-4.458287171450643,-2.590086337246276
646695,1.2829789721381957,0.9734592946331972
644384,-2.7759221895164115,1.7886066097686197
660716,-4.044775809750804,0.08846772262588545
644527,-0.15251157012427127,-0.6722676459982103
654381,-4.095674514095056,1.220377525519949
659644,2.1117058244455627,-1.7941661775849989
643378,1.912446197201067,-1.9600002770156943
643705,0.499590836689873,-3.841734880504647
649663,-1.9646954501908345,-1.824365701753249
662183,-3.3167710005614293,-1.1168748519944154
638476,-3.21663659562773,-2.4781866513218627
643995,-4.433691454515899,-3.5858334000379624
646191,4.521890564558605,1.2548205868117017
77663,-3.997124608289668,-2.3535257045288276
638442,-0.1746518075983186,1.6262686242692908
638919,0.03805954919167669,-1.9539651489747447
644368,-2.764008766847486,1.9464339369099282
658123,-4.541573494022429,0.3329408331858075
644281,0.8786307196650492,-3.027806434562669
659665,2.422725460444179,-1.6013191729253082
645597,-1.4434230756366027,2.0918645525406836
642880,-1.8054343610786971,5.169348417310769
643421,8.165124855405232,-0.42775279264001226
645261,-1.755719007437297,-1.6363555765741238
667562,-4.362759835604231,-3.6137673010172993
654412,-3.2124545960069155,3.3583636844238094
643656,-3.1200525325935238,-1.9968818726665762
644521,5.961986343826622,-0.26708078823109904
658370,-3.3003971168573085,3.0019190586855817
644388,-2.585075930970469,-1.7672147642807015
677434,-1.8783884093423164,1.6209023692753124
643742,0.6195263256002829,-1.5164393742994031
660657,-4.978585837668419,-1.3998912832836505
644440,-2.4268221878336527,2.8312251538270927
642861,-5.417196068376449,-2.631162328574276
643333,-1.0904701546387838,-1.7560002662028285
643204,-3.1067195704275905,2.5018296315117925
647711,-2.170247839217321,-2.947028362937289
662510,-2.360438683252062,0.6357017675755325
644158,-0.5160987167063031,3.387532163991997
639057,-2.849751924179497,-3.446562710915928
645553,-3.9031069778239633,-3.056050932932649
646785,-4.654122960291165,-3.17195443617473
658705,-3.4394537353469876,-1.245452401754848
643498,1.4898767574941725,-2.9545348954424377
643117,0.3602692411780793,0.37840751140294876
643321,-2.510644226371755,1.1097079475764613
643058,-4.496660342216907,-1.4334309750463186
644298,-2.6230208848899044,2.4767464015585117
646751,-4.918006081138978,-2.012616252902826
643519,-4.324035649862565,-0.4904779555161331
638753,-4.491529182699574,-0.7460157212039912
643587,-1.4670580408244058,-1.2649008659012426
648247,-4.392199117337129,-3.602173684609732
662771,-0.37736393127135104,2.1109189000399873
645159,-0.2620008200439118,2.124821131055661
643034,-4.335765943422046,0.6075228205506072
646891,-2.9777397654048006,-0.8535594000534363
654379,-3.2108829249074042,-3.1504399277124993
658674,1.3456460168083826,-3.3360069837850785
644571,2.07215916014777,0.24485051966927673
643377,-4.703215178802798,-3.591428293733918
643166,-2.97375952555844,2.4987283850566153
645293,-2.7953664371555234,-1.566053708935373
643715,-2.427146892173327,-2.0871608531086943
649396,-3.1076971814399807,0.17399179754869018
653816,-2.6022021078455855,3.836369266630416
644579,-3.8475505813417206,0.2237574174556544
645513,1.341068677500928,-1.6544079182250746
649411,1.5173735732052964,-2.290670083582416
96289,-1.8884612721713376,5.8066707420173955
75870,-3.931658591903437,0.8152295513379577
647525,-5.43400645422228,-2.1296042171588474
643061,-1.0836749280413926,-1.373440185216619
643309,5.33121177972784,0.9473521140653697
95541,-3.9840889740343477,1.1034995285507176
643726,8.06263197886715,-2.7002932307386476
644406,2.8415959795167347,-2.829495906249913
662490,-3.455966949800004,-1.909263811701514
643562,1.0995202420635373,-3.8194863097912135
643322,-3.360371940731039,0.012825071874207183
645138,-4.679211784846461,-0.3188681381145479
646835,0.8099987334991562,-0.1342065288071651
646418,5.214941307025991,-0.8023621084528015
658694,-2.143218830143792,1.233586448855358
659696,-5.101541004321366,-1.8055585611607141
643819,-1.9877632949982775,1.0608525170036063
648036,-1.574769184957893,-1.4745264586868263
644387,1.626594206743781,-2.762522823012043
646401,-4.9837706623200555,-0.19040094330674173
646525,-1.48296701342006,-0.9485097081686472
94437,-3.331576322687187,-1.9329292017022055
643351,-2.5985940598943635,-4.665310039286332
78961,-3.7788309936220825,-2.320206095997788
644516,4.048280020970321,0.05650480556054582
646196,-3.5136686819038156,-2.355863415479967
647957,-3.347100935425905,-0.985171096617612
77511,0.5726731786812327,2.7384780885778426
646135,-4.120867560717205,1.1016097524558852
646025,3.201291585920364,-2.1259011417029736
645372,-4.426731398613048,-0.018523490956887444
646043,-0.12295026347987811,2.981204512844191
642871,1.433748575797083,-0.8818535075252422
645627,0.19491304686228278,-0.25540666133479717
646567,-1.2213013301354585,0.8135416708770066
646410,-3.8124095091690906,2.1786838186244877
645317,-5.443996227601528,-2.394756311641686
98838,-3.4501524377576365,-3.873898270135609
642958,-2.9328914427314094,3.8976903819342232
645992,-4.937161282762937,-0.8905659182669667
647678,2.9229139014239895,-2.9064709473575623
647524,-1.9574620382938512,0.29043341948878904
659699,-3.7953946728842056,0.012878966792249317
648129,-2.030575979371297,3.557670842998104
646256,-3.5780267290023327,-2.765466251418825
75576,-3.50489791925772,2.6701047779925404
645468,2.101643455677877,-2.4165211360734915
75964,2.844004038782193,2.3048718241169524
643308,2.4147346974003985,3.7249632795064236
662720,-4.800888083790872,-2.3880208697507763
647862,-4.607533425800381,-0.094524662813292
648282,-0.5566480457473341,-2.1699027231488923
649436,-1.5369166835819126,-2.3808294861613346
648076,0.15276120964014767,-1.7524671976278061
95878,-3.380157806105998,-1.8659480667688735
645395,-5.137642350671192,-2.2793630022727034
645686,-3.792268893542395,-0.42652964033414215
658706,-1.6962861764997041,-0.9228678485438493
647234,1.2916177250506466,1.8888225287331806
647473,-3.7142902620264815,0.20241555859515833
644526,5.105896719966027,1.2892019660933207
644262,0.3315707524764032,-2.9556418791581205
647592,-3.4239442311003674,0.758678946489447
648778,-0.87887658631811,0.6385852533280117
645203,-3.9598163098441703,-1.5035946026099836
646111,-1.1438455264899834,-0.7371424775877456
648267,2.1662297535422605,-0.4101810517358792
646044,-3.292706467824215,2.237572731633515
646202,3.3322546861131617,1.6831378663975005
662173,-2.70024967006249,0.1899221000625154
666375,5.774766027387173,-0.4805021710579123
646364,-2.6277702661906734,3.4350355520880593
645433,-4.280890282516437,-1.3489526045016385
649373,-1.511728839463854,-0.7788082676748601
645277,-3.3384197144009757,0.2799306980423905
648513,-3.676294911714942,-0.9694052549042044
95491,-4.041505503513771,0.8329330817747145
645542,3.1294026021095136,-0.25838646628804035
646262,-4.248794350492242,2.708709578098258
646881,-4.538616977691121,-3.6651870574368193
645561,1.8251720758774945,0.9546444976283819
645214,4.875375517974492,-0.5741637565854534
646222,5.736645873078019,2.0839921757496187
648047,6.012158101134252,-0.7473914509133933
645867,-5.045852355802884,-2.1295338913892943
75755,1.7183166417160345,-0.2430002712572677
645089,-5.095484287122784,-3.190365108225781
650462,-1.670257890469224,5.4055065324099125
96707,-3.7434410589138483,-0.8059969464144746
96050,-1.8653623376457318,-1.6559666587404458
647467,-3.9079651421458825,2.545872731786286
75667,-3.4070098092828554,1.9494527903499541
96841,-4.8827911138626385,-0.9792532272440845
76043,-3.241456000234406,-1.2895304591944172
646519,1.9858251256172375,-1.5442592462792732
647831,-1.4340212657123752,-2.192142697825965
647968,-4.190725379435644,-2.8056160162798256
650613,-4.411123922584376,-2.3326329768480933
665316,-2.394664162961993,-2.443412409411448
648427,0.3966393804663677,-1.2705887003709655
98307,-3.3501375423793136,4.211679142265492
658371,2.011755282280105,0.7719489426053379
646192,7.963125493584425,1.0671467351819461
647873,-2.23901434062098,-4.4447978227612435
654349,-3.162054966871926,4.63672058769071
646055,0.6009147339409294,-1.886127025870469
649573,2.918631769347922,1.994035641944816
75635,1.4292038804351974,1.6082369589697512
647619,-5.4412078477646055,-2.4461548317512363
75859,0.49632142805149154,-1.2309123683697616
646220,-0.641164158985741,1.825765058554524
647000,0.46270896302628545,-0.8179974204367993
647747,3.244857659328569,1.6636355397585816
644515,2.4787138104422652,-0.03163623419761935
649715,0.3344993279160658,-2.8651544025091567
648810,-4.016702359362317,-1.9354914093463846
647955,-1.3273646761711813,-0.1040752181817457
658362,3.2567803015498824,-0.02623235552738881
75698,-4.26888670715124,-2.6751881134311697
649460,-1.2641907931524483,0.643368454476028
658121,-4.906469799698754,-0.8180712498460282
645591,-4.4429569391846,-3.571256780267073
662673,-2.4831628319621637,-1.3785970297485695
644141,0.3223853059984462,-1.0735985147297857
664776,-4.224035488099628,-3.8109170402691057
649827,-0.8312448326714317,0.3997701054448576
650482,0.48624667521278825,-1.5146702962900405
646717,-0.9410259528253614,-3.353014653574503
659690,-1.288390020539589,-0.9203165166162707
648262,-1.6934375457517479,2.042276028782591
82500,-4.036223438091701,0.4499562905977876
643445,-3.7695837138038986,-2.8460193431618883
669691,-1.2056904965137336,1.2708876386822092
659645,-4.6225180721363985,0.5960485286501342
98780,-1.0694291481738616,-0.41654891454831633
647956,-4.2243415815549366,-0.14492026871255456
646869,-5.486947258967492,-2.3017638988907034
658348,-6.208548024512505,-2.573289680926843
77720,-2.0543523427305397,-1.2333393271730269
650192,-4.219551360584652,-2.9257442548507258
646173,-5.663546423111156,-2.471144775861787
649516,6.521078008378445,-2.1719680280781164
648214,-4.641639727106601,-0.7181920673741401
75998,-4.229856260096665,-0.9829007704764497
649590,-4.253044529831379,-2.5658043680917615
75611,-3.528368956425537,3.7937174576404566
650129,0.5245297692338783,-2.5304858896060884
75701,4.35111498306502,0.430782690680995
649917,-3.8091814028439654,2.8736374919037972
654463,-5.5237883964541155,-1.7255597691819127
75751,3.7883026488449985,-0.024149949546828472
645153,2.2131410897675976,2.1870933621433304
76069,0.33387474083357266,-1.5979087804018082
98311,-4.03055122136009,1.0044260441002277
76092,-2.233230235714445,-1.4219240938612214
649875,0.18981550120504195,2.2720062976363633
649634,-2.591402255760043,2.443977012189779
76072,-2.636063853278346,0.9670017995724322
647734,-5.3276431223000165,-2.486641092458096
648775,-4.236587269325336,-2.4265478366405557
75561,-3.8046107090577346,3.041760452876732
647795,-4.16260320806394,-2.572350475074628
649592,3.488490872143544,-1.0122098262367678
78314,6.803951569197522,0.8471252027535455
97926,-2.8072415183243633,1.0028883929957269
75739,-3.117460147066793,-0.6788816041791822
659596,1.6701279888465521,0.14212274196142535
646521,-3.627272677174317,-2.6272337886741433
647788,-3.587343851646771,-2.8441131693175
76115,-2.282891877427104,2.6558945966025145
649825,-4.756799619043482,-2.592896820454821
95471,-0.9663783047100786,-0.7336435344692501
75804,-3.3115476133254185,-1.622650797626823
668132,-0.8082978200539587,-0.039765840147137785
96041,-3.822175545320109,3.1127780557716016
76065,-2.711184451189784,1.5209615080912375
75709,-2.949480676806996,3.71396850589454
78668,-1.2849814774845092,-3.636571855205661
75823,-4.204929768364544,-1.313289420493879
662172,2.067889231797024,0.9615615053349859
662679,-0.09355441451493618,-1.1090906130069702
75889,-3.728293985794256,1.4074508913662236
75747,-2.4229093021878576,2.8166977147952945
648659,-5.0423165943745625,-1.0493958002098356
649788,-4.134919438853715,-2.903246965992791
75750,1.6090254011692635,-0.1891842913355578
649778,6.241217074077121,0.7466579076508054
649921,-3.6908642075151743,-2.5175004023821925
75838,3.438136685699681,1.0102993305187795
96064,-3.6059120733602232,-2.117526586512403
648005,4.802815462771195,-2.011675835679231
78305,-4.15813083758933,-1.6672458388307343
649829,-5.040188077213072,-3.295818788350877
75852,-4.077095444524889,1.4996639146829513
78381,-4.687725274733721,-3.7467523012978625
658721,-3.61950294596729,0.8763138393515751
650143,-0.9166375194241907,-1.5906522926081994
650342,-3.7982711374707607,-1.381774401515419
662147,-2.65399248905215,3.3558713614299522
77881,-4.480012653725328,0.38584875643844413
649836,-0.6566470500027676,0.18110766811929468
649708,-0.16498633327386864,-3.2363448321853645
75738,2.877047418849465,0.7644661901241908
650114,-2.870497391614292,4.754485509753964
95965,0.9635445093206249,-1.2292893840666004
78135,-3.3447221586103715,1.5517714577847956
78308,-2.5817137656046487,2.3166655016347075
649470,-4.532847026052394,-0.36053397116714403
650168,-3.0390550895643713,0.1355780571943492
649631,-3.8301683599046763,-1.1396865041913002
648265,-2.122776409544625,-3.2676724493961475
78066,-2.3617381742020362,-2.0705821216295925
650194,-3.442951555150611,2.4881933378343097
77628,-3.2359800287487346,-1.801546922141542
649602,-4.48122007729013,-3.5263608062030274
649656,6.844879414122529,-1.5514210206773051
75712,-1.755730030325016,3.997156103621095
78431,-4.654935039979157,-1.1774332696027348
96198,-4.306803993683125,-2.2618270578114816
653075,2.062288111478824,2.0322985134109968
77764,0.8237221508321749,-1.3247501913779078
658126,-5.514993766261694,-2.394540450739488
650090,-1.4496550347456503,-1.0551426033343518
75543,-2.9234119190487933,-2.698294016263841
98590,-3.8699271662020056,-0.683808184224549
76024,2.5036045930615156,-3.135015595158567
95830,-3.3005988957876213,1.4395600702318025
76063,4.411298285506359,-0.12463487923539479
648569,-4.242954011141648,-0.03404862257369058
75616,-4.30648001791016,0.43828036005414356
668121,-0.8800294825102164,-1.4009794186367903
649982,-3.7239638916470357,0.9755146861401784
78338,-5.620550409827229,-2.3274584034094317
656005,-2.5061123534837506,0.8371567406317835
649629,-2.149081030334895,4.81195335532798
645979,-0.02394921952391013,0.10005329241809738
78220,-1.0497760544928423,2.9437154627904873
649635,-1.4507298025176791,-0.08060098559517213
76093,-1.9617092379257852,-0.5557963250886504
662044,-1.7077213052170874,-2.5644543546523657
97328,-0.6890948360631977,0.9643289164409256
97195,1.7474446199330824,-2.8151596540212243
648667,5.074560243155051,0.007618477274111298
659652,-5.256353279700121,-1.6054532072453664
649359,-4.498902991256564,-1.2282548587321538
649600,-1.3305510136332421,-1.3281241067094673
649603,-4.458287171450643,-2.590086337246276
649383,-3.236194282064727,1.518715877431665
75696,-4.38518016886566,-0.0949103585138335
95791,-3.2341534646742884,-0.39374011590950003
76104,-4.060653051345732,-1.8504467173854053
103215,-3.563458941208625,1.81159035140732
77679,-0.5335983116970859,-1.0148806659684448
669390,-1.655270216834455,-0.44207180480756586
95985,-1.8281697033795883,0.901595180489958
78543,-2.107542232234036,-2.3589435593765296
95480,-4.255693838030071,-2.763191972832393
95807,-0.9710156657688446,-2.6833906725983434
95763,-2.902778259293912,-1.914029308370942
95957,-4.410099645347982,0.6695023716457961
658122,-5.140228707095037,-1.702846397439212
77734,-1.1257763482263394,0.1918799516577487
75961,5.094684777706367,-0.8748988885619161
78384,-5.303074017746244,-2.3832357755164937
82497,-3.9722733110916693,1.9698558356894416
78513,-2.6907503973282973,4.187221719655686
98678,-4.012347347953681,-3.4310968069022243
78071,-4.952759506356832,-1.2222806225305174
98728,-4.852734601913652,-0.5010752589052546
97239,-3.3028916079674824,-0.1546770357293749
652072,-3.742320438692937,-2.4387569410181316
78432,-1.3013782751383793,-1.5123582355074576
95687,-4.010508021637963,-3.5962614263641313
660675,-3.7431518301294573,-2.01093822670667
95770,-1.6879163094691174,3.6886206792638725
649650,2.393855881580061,-0.14484503891562475
95677,-4.736904617287692,-2.205538443780027
96137,0.19666264172339074,1.7791366334331244
75946,2.4284058629441256,-2.0019734008188705
674610,-2.925592699485753,-0.47162771249879737
95712,-4.445363404586546,0.5669408502404129
650162,3.949821321540987,0.5838134901557861
95923,0.42549408162267666,-1.1852241364394411
662157,-1.1897795198676877,-1.920702133624948
78479,-2.4965762630676944,2.9332317178949934
96713,-4.578886216978426,-3.6986849432741673
658364,-1.9255977245695917,-0.9348343703351892
96706,-3.750066411056103,2.9179967676451795
95689,0.28204110097888396,-1.5631794578416771
75684,-4.056662381250491,-3.5982938158597024
76127,-4.4077440582400165,-1.8408340734585387
101161,-5.227019785281506,-1.0002507721869245
78086,0.9669739205745721,0.9895775204546718
96048,-4.322828469332824,0.7218334784374223
77803,-1.1971572970972153,1.5546766540653338
78121,-4.475904554595766,-3.5498208690217417
96626,-1.3584407946260841,-0.4463953515956615
77629,-2.4196071998720834,-0.2679474196596659
75860,-2.045121779558334,-0.3926652506659991
665043,1.5629401651085646,1.719737602387605
77974,-4.656361776068641,-3.5632300847140024
655974,-0.7332284394950165,-4.198340272571634
77712,5.39824207931272,-1.0220114107080547
75723,-4.465176314354877,-3.146720258397179
95980,-4.418682475993859,-2.9926050962076887
96672,-4.343934273704251,-2.5444311331431906
75790,-4.13402241674205,-0.3120917092447009
95746,-2.899399662297622,-0.771636475333208
101236,-2.4091372367325743,3.8233181740760274
96225,-4.324494378618068,-0.15366589911319192
98310,-3.4879363461398274,2.4759566579209276
77935,-1.2129145443232041,-0.5904201039582606
77940,-4.316381145507311,0.4343132364005385
649920,-5.415329412591428,-2.0316928969242416
76094,-4.173516826327901,-1.966862154048279
95657,-4.062400036314857,1.4226842108499147
95675,-3.611816714535665,2.1433357275984175
96172,-4.583668323685587,-0.4468486993275897
78528,-5.728474527602019,-2.573626613947467
77788,4.471545689804363,-1.146129076153086
97362,-2.4147340423540293,0.11036668972787134
102524,-5.107422449375188,-0.8604360579300412
98053,-0.6139116606091065,1.3477398477037905
78471,-4.040463854480647,1.3254445396847296
95652,-4.448242819170689,-0.6169308066906256
77835,-0.5742435801577958,-0.8278614817653333
660648,-2.8891207200464843,4.019600176314228
78035,-3.4484725824930025,3.815194652815492
96900,-3.485779012388833,-1.5483677268031162
96145,-1.592584170817668,-1.7721550393857708
649959,2.038003226658321,0.5801932859352058
96029,-4.557581608504951,-0.1927888383084785
77854,-3.718372855873003,-1.8368059993800094
653690,-3.209518268750624,3.663013833973758
96244,-1.792090753063846,1.7530341568548273
78357,-0.47206635633711724,-1.0910246501478296
96742,-4.17160489617676,-0.16031104028077584
77927,-1.628567957533716,-0.3295792425108424
78002,3.135896836230199,0.7568450005048745
78761,4.563257221645737,-2.6071512966148527
78762,1.095576119924979,-1.6749271365472176
96660,-3.59335719485053,-1.683509845639497
101265,1.277899200471382,-2.046382571523034
77897,-4.384569954463982,-0.5375678206669499
95988,-3.8464185625460874,-1.7979375001152618
648841,-0.42715418369514974,-0.9473527657718793
77740,-4.407728579038821,0.14983792130675505
98489,-3.97831348427208,1.3447369880626396
97077,-4.3216698019554,-2.9008528151660995
96574,-4.911312934778603,-1.3311267382919105
98113,-4.600858414318993,-3.5552607191543433
78450,-4.898067413223401,-0.28288227403891947
78260,-4.78622198234371,-3.037746633802054
95991,-5.4936779851181,-1.8730002165008381
683851,-3.4581823103106397,2.6143074803268394
77855,-4.275192593626393,-2.728322251759092
96618,-3.6633890478043285,-2.982245123515065
662686,-4.0827749119405645,2.255339595544758
77826,-1.6711554019437689,4.097843744550193
96023,5.211782673641678,-4.186542712550569
96625,-3.95656096260583,-3.682632525263908
95732,-3.444540351466224,-1.0135643099986682
98544,-5.199681751215387,-1.1442199251376821
100016,-4.323335391354098,-3.6655855004067512
98732,-1.1382709275529883,2.050228482618377
659820,-5.843271278598736,-2.634434589261664
95751,0.40250492672077615,-4.406284305480263
77994,-3.4604600945836608,-0.15919510159197597
77727,-1.273667795026428,-1.3347827894039375
98581,-0.14394033105874282,-0.1811568751986135
96042,-3.9138072349388686,-2.9681241746862854
96906,-2.8720292848193703,-1.13099535707016
649398,-2.2656309254186415,-1.5938530595618392
660697,-4.230655399706151,-1.242242429451723
96607,-0.176807930545306,0.994770329049821
98684,-2.164615534626674,-0.7685851322514613
97155,0.4096554720264927,-0.06499381416571841
97299,-2.31156200747967,3.102122721456876
98706,1.324696412263315,-0.7764036254066778
95870,-1.742420741588078,-0.526078569359554
102049,-3.3393299911037966,3.7732754768965155
97876,-4.414298219910912,-3.6679390326297114
98657,-4.380742519098308,-3.038292478031117
98233,-4.221351013833498,0.3929181100346936
98856,-4.844541739921296,-0.6806974627505792
96556,0.46622392272439167,-1.7480723458846075
97933,-5.689236788335467,-2.4622192778934298
98851,-3.007514465378282,0.9711519495627947
98490,-3.438890126014885,2.240638924504786
103060,-2.9845802987244268,-0.7792917438253567
97029,-2.127550451471904,0.26821896532895445
97139,1.9704456381779896,2.0604560772364358
97140,-0.3300153360291553,0.027763019628586707
96924,0.03550929500748145,-0.14943913128104608
97145,-0.015675576919810676,-3.4589721905845496
98610,-1.9211845974768857,0.038264067935227006
97011,-3.1699339825867865,-0.002160348042417746
96833,-5.24904814859025,-1.4359990753214738
96852,-3.4016614033353516,2.0515035112127915
97254,-3.855805454623819,-1.5071414989591654
96232,-0.4026563338063771,-0.9309748443414855
96877,-0.6286491105831176,-1.310456832297814
97298,-4.6286606574941285,-0.28788052447080553
98842,-2.5166889138677133,1.180427995214813
95911,-0.8925221589150713,-0.09550176956534115
99772,-0.18333631513231818,-3.3448717302228834
98201,-1.6924534359664227,1.500940446743708
96958,-0.6301744521489977,1.2365809903235494
95813,-4.998408381087718,-0.6511367781712541
96570,-4.473391137613548,-3.548499876499841
97024,-4.433691454515899,-3.5858334000379624
97158,-0.7857331316174285,-1.2470146593098739
97836,-2.9032103782784104,3.1534969945682074
96954,-1.547142579198048,-2.050557203890874
97130,2.249354649394877,-1.6196472219735047
97929,-4.81410434180047,-0.7792711033692262
96863,-3.2849619732747946,-1.8248159159541208
97379,-4.6164798812391314,-3.5740593056154752
96867,1.3055377253771463,1.8751900008709872
97137,1.5334504539198865,0.4130228239768433
98757,-1.1754179470267787,0.16084861808021383
78499,0.9126028147216129,-0.9445915663170846
97410,-3.5524828534080646,-1.0453995211028495
97928,-0.33988833557140785,0.2536100485636631
97002,0.25944516897336806,0.22069116702666774
97829,0.6964820744624219,-3.8370727294939515
98896,-3.664335411869751,-1.4297949701577346
100470,-5.15885739750917,-1.4494945516553424
75799,-1.457575589941118,-0.9271244747527669
101371,-4.102266813703153,2.0972160723695352
96034,5.430718582443458,0.03937750350579977
101243,-3.707596529901321,-1.7944673975280834
97845,3.3203020006817185,-1.1959616770242616
96905,4.565862127689734,-1.370599971247375
655729,1.1802551823006928,1.3832272280549163
98513,-5.169108254418081,-1.09567324362842
98536,-3.6690696743467033,-2.541105517607832
653775,-3.60821067714432,1.5097090667624022
96213,-2.6856693618010596,-0.7009990971829483
100555,-4.3868380517817425,-3.557635191018046
100471,-4.92318108969793,-1.5529446928348765
97138,-3.7198732979076894,1.1238619406427093
100423,-4.491708233247763,-3.5951237581195215
96168,-5.043540977003507,-2.578432593308649
96208,-1.223446411853805,-4.142886585404809
95787,-0.3642617417143777,-1.7963156606162036
673473,-1.8782812393914425,-0.9270228596664822
96832,-2.950174421288254,2.8445899819566463
101628,-4.281626429327353,-0.222603748797494
652588,-3.366737989061427,1.840190451986559
100484,1.5654653158678296,0.5539464541890015
102035,-3.423839381602906,-1.8576515700255005
98372,-4.154027715664917,1.039932508280776
98855,-2.152044458707298,-1.1872813226125714
98214,-5.445963900990322,-1.5522945677677344
99588,-2.631618639981859,-2.5155301160973154
97846,-2.7480599157592005,-0.04968441942730696
99983,-4.174650577050642,1.4603094375124324
100591,-5.332773981167903,-1.6150924917955152
656001,-5.854938164994105,-2.252136449646036
96166,1.891959592532582,-0.18623468213459443
98357,-1.096511578856093,-1.2685335802908806
100723,-4.544541450099359,0.8783973252632253
99308,1.9406510980655765,-2.0468746088826166
99141,-2.0791539256672174,-0.7503370282104898
679555,-1.4667904922624166,1.0802231682462893
98398,-3.4951929566777418,-1.1341284166080519
678931,-4.963286016591864,-0.8766650424203993
99944,0.22487708049086952,-1.014002606058051
97853,-1.1255371117911106,-0.6557997305293713
100334,-4.025573479316173,-2.2612104730459937
101883,-4.187772487026634,-2.6701915047069438
99136,-4.005526475225261,-2.3541193496902144
99877,-4.536825949393127,-2.614165078386986
101480,-3.973347414854534,-1.9227081313673795
98826,-4.776493927712966,1.202322405512507
100592,-2.260947197953481,0.7303847093412121
99869,-4.076853369400474,-2.603083552039975
98380,-3.0697907937657174,0.7506814249466826
100434,-4.527259474975669,-2.4928021150422817
97022,-3.1870785411227396,2.646556346161428
99138,-4.536723439039777,-3.534330171762686
99267,-3.6176136618785972,-2.8609931437714327
98344,-2.297516621221864,0.5810638026169318
100523,-4.238898570064849,-2.3004432971914945
683848,-4.270928743609764,1.705039201777385
100490,-4.136390771743785,-3.6043935370272973
97144,-4.026973549320585,-0.8689268162843594
101896,-4.531214706587296,-3.503088381581273
101290,-2.9475820124703045,-1.5645524119318017
98256,-0.4836580484141195,-0.3700041811339035
102508,-0.4925814250681358,-1.5560307955253363
101329,2.4950333710855213,-1.1099522720536363
672957,-2.0452063358078716,-0.6817721575122034
101818,-4.615750464318781,-2.4212196214065056
98468,-4.427211410206696,-3.195075703636537
98417,-0.8077213289621114,-3.4599931679608864
652590,-4.152225329225705,-2.519764206304303
98376,-4.458632333761674,-0.5117168451826839
676557,-2.585741410921088,-0.7779569232610875
99110,0.5066863965562208,-0.26423742858971205
97056,-0.2474476065938443,-1.9998344235677497
98482,3.960055929357787,-0.5374402739185162
97894,-3.4832475621299954,0.7886472079928871
98340,-2.7423730238331245,-1.076263927876154
103051,-4.404765393566618,-2.940295277734482
100055,0.7852087584945819,0.1456861170231762
98892,-1.1457942879005227,-0.0762715606429502
100259,-5.244080236618518,-1.0776045112990638
677411,-2.9985938100593055,0.9149866529728429
103214,-3.7762473260318643,1.8434454756698542
100136,-2.159698563034762,2.472773180737661
98828,-3.3352916523992415,-2.344932554927938
99249,-3.625271885939684,-1.049033394365833
99686,-4.765974811024958,-0.6216979845746208
100722,0.02184091984979889,0.7417268139208265
98467,-4.48122007729013,-3.5263608062030274
662522,-4.2175793678224744,1.3890734168450545
100675,-2.7518508189744963,1.0024628337400538
96869,-5.1717222620131285,-1.624407659335316
98369,-3.13850138275337,1.8870824157656603
99225,-1.518166336337829,-1.3563870505361695
98413,-1.5354460128858076,0.05303160619229351
99124,-4.336209129637963,-0.6026985079151853
101545,-5.071206740117528,-0.44668342508181585
100450,-4.9398296615892665,-0.4456927250840423
102560,-4.369690726697029,-3.209475953742199
653585,-4.098057152377892,0.13228219662083165
102901,-3.0419160395832603,-3.3912722291640973
99143,2.275173595620625,0.431150069261572
103007,-3.9173464738387374,-1.926848886586189
100304,-4.529926795407325,-3.58319462013368
101297,-2.510095089579075,2.044792794539749
98473,-2.043376685963129,-0.26937097791382053
96856,-2.691554691722829,5.3320007340929685
102576,-2.1075790552950697,0.19818935144796362
99718,-2.9233633466110445,-2.656396498188918
100262,-5.312754205912911,-1.3284881793342904
99596,-3.8375423136950095,1.7794196469630534
99956,-4.1933396959226075,-0.4320658670147766
102919,-4.543419549253214,-1.8026221925371837
100276,-2.3222373377672834,0.9934406207885272
100518,-3.217480072807202,-1.1647461169215094
98342,-3.344274659187215,-0.8297718148531436
102526,0.8463423516726819,-4.612150225784055
652704,-4.185134719209836,1.6455521814691845
652808,-4.371327964417813,0.6834456339599962
98686,-0.3274512832719601,1.4105502199969469
651799,-2.433492469899138,-3.2942099415765815
652656,-2.05395966208291,-0.6088298470481005
655951,-4.128299008327114,-0.8718499829012633
100664,-0.29624085464317845,-0.12100255003514142
100424,-3.5059352150701577,-0.8747776846487318
98044,-2.220082471754111,1.2703477238732124
653119,-4.209519194073396,0.7992336412068661
100427,-1.6123178260315751,0.5568702211857663
102662,-3.853091349265283,1.259327346520973
97037,-2.2199720126810654,-3.9939396768409465
652589,-1.7553089513350941,-1.2578597371959115
100717,-5.047326022761333,-1.647363321023072
652684,-3.7553444179495346,-1.9989374140437168
98433,-0.06558702972414221,-0.7667891289030243
668333,-1.7032362679290693,-0.1913692203378797
102753,-3.10191416617061,1.8605061150039988
652839,-0.6897224321858032,-1.7892947458360868
102670,-0.4876436806606879,-2.5320015610088045
654191,1.5726642478947215,-1.0891630855522778
97017,-4.479674245484708,0.04172445890931337
652826,-4.610774102405036,-3.71868038753179
653628,-2.098242661611394,0.4454047982338684
101281,1.4183754048894728,-0.6257176958280628
102509,-2.2594250403925455,-0.46619642852521925
102688,-4.275174453728296,-3.596177237461324
102988,-0.35570770418494324,-2.7100598667793006
652800,-4.938633461707787,-0.651266428842016
99887,0.21099604218864987,0.846546600509755
99419,-4.105792276324561,-2.928200187968753
102604,-4.606073326469968,-3.6737485037003252
651729,-4.422719393653132,-3.62464347567271
103220,-3.5240219160297195,2.3944862509217804
100682,-1.2637398026601585,0.5585362980928484
102656,-4.536723439039777,-3.534330171762686
652724,-1.6951903260709358,2.6260104227090415
653688,-3.725468731732773,2.7380464390329937
651722,-4.379279365167793,1.2445003750668588
99442,-3.976262340614285,1.8823926293453972
100696,-4.705728595785015,-3.5927492862558186
651738,2.4257776476886233,-1.7677704655592787
652462,0.12748743997865494,-2.7772372290017566
100573,-4.455360264793155,-0.17045513482364097
651680,-2.693765214334787,1.4094970346448177
103052,-3.3877247284789282,-0.35820464771297744
100437,-4.6073584067439,-2.869769311951436
652058,-4.586128868286907,-3.7048525876104583
653778,-3.5301560110047436,2.15694900853653
652798,5.005087941347788,0.6951931140293871
99102,-3.8526348840736784,-0.526900722458529
652859,-4.457769670693411,-3.5297012900387092
103016,-4.465791820128111,-3.562264072742023
652816,-2.093450201625097,-0.10938640770303115
653545,-4.169545849719278,-0.9063410135704442
102577,-4.369696375619643,-3.6086714148589736
102655,-4.335617916682331,-3.499480384565493
102504,2.9286847950329182,-3.154448557962429
102634,-1.0085543240232515,2.2537539096255066
102665,-3.77859285238743,-1.2989245911007075
102518,1.3827731532537346,-2.9053641846375653
102641,-3.9378825226244203,-0.4614028551476676
102644,-5.616650749443663,-2.0265812754061288
653183,-4.449686410285801,-3.3020442659611233
103076,-3.648475960956529,-3.686807380564377
652759,-3.2679877808761137,-0.5877009798146693
651902,-6.0064652989605944,-2.452824190105624
651763,-3.0450384613020494,-0.15240262833625448
99100,-4.976371033996986,-3.217430030229244
652181,-4.321698044672796,0.3739190401005668
102747,-1.558508973731085,1.0358125720371572
652736,-5.012326310967106,-1.0230379391122502
660059,-0.8788649425468017,0.26434164060782145
102575,-1.2442333973013626,-3.0991080276583727
677508,-1.0413941573509975,-0.28437781462881956
652810,-5.0495761456963795,-1.0895805537733732
102677,-3.5929766501536538,2.3889501402187037
651675,-1.907836067372251,5.438467228401513
652412,-2.775916986044527,0.8011939861056956
653651,-1.0066291041350819,-3.53050091034184
659580,-5.606810937171016,-1.5270965919991644
102559,3.189504203264627,-0.8567989301999088
652665,-4.530542321060536,-3.5888468438230485
102594,-4.983144859218726,-0.9150514120863912
652655,-3.705645413061305,-2.503195936985815
656651,-2.5015275855835,1.7981319791116994
655747,-4.917053240622109,-1.0591862188531302
651584,-3.495967389898967,1.751685312541777
652275,-4.705728595785015,-3.5927492862558186
102572,-1.291183871153489,-2.964580446595686
653534,1.0054842912982946,0.6022292064744268
654129,-4.80977635254611,-1.2935082153564703
652047,-3.262089257904891,1.6634860724691494
652714,-3.967598789647514,-1.8565194816283395
655588,-4.749387146451439,-3.660031184295129
655773,-5.019770184100253,-0.2652162940641436
102812,-3.8171345317846925,-1.3503934951193086
652450,-4.614869438889871,-3.579570369285772
652613,-5.333111031879198,-1.9403734028595734
102674,-4.283691957328936,-3.135547054980998
652823,-4.361838629727006,-2.5084617378379144
102520,-4.9953862030636484,-1.0154646412577828
652641,-3.538225762829373,-0.5621196154851632
654344,-3.835343328768422,1.9777334505282307
657391,-4.096620943289121,1.4871655459165833
651665,-0.07999245186002274,-0.9371883930770201
654262,-0.9016331958907416,-0.706114338422419
653547,-0.8290524590190786,-2.2584005233324915
655702,-4.4091689423391465,1.6430322936856983
652796,-2.3236958118143995,3.0884874784344807
654027,-3.5865872505261125,3.3485731155831693
683807,-4.756745630333113,1.2192589916619263
102668,-4.48122007729013,-3.5263608062030274
655624,-4.450347736857059,-3.028168330455826
654118,-4.864555885857391,-0.0725890605684559
102915,1.9172528887134717,-2.222430898483082
652768,-1.9346669488861434,-0.08656218976030661
653985,-1.9678451667363637,1.1000341829333073
656168,-3.8921362197719835,2.3837310460306838
656665,-3.9475015369976316,1.3070256711186008
654322,-5.389804728613624,-1.9943284761820552
654955,-5.008819183375474,-1.653571510411466
655555,-2.2718773582138754,-3.894497530909596
656130,-3.2928749799825825,1.1517488417443662
654081,-4.682182676476438,0.3046848932720287
655520,-4.805594804584445,-0.26554422551350365
654091,-3.7867956468079567,0.9126931581383704
654169,0.7324566799677159,-1.4273920182124098
655517,-2.998821670988488,2.8229112940227568
655596,-4.136083843500307,0.7187636997404031
662436,-3.1021387791198993,2.4959257026725488
655525,-2.058475988003184,3.4278320482406164
655736,-4.391553338441002,-3.718982192026738
655764,-4.1997716988715625,1.6557001670380131
654221,-4.314271803425088,-2.334223877361065
655570,-2.41471820784186,-4.876571686436292
654197,-4.165036084455012,-2.9808241577200216
655522,-3.761230175072148,-0.5178247848282791
655447,-4.53062550653726,-3.6968832220507997
655416,-3.4885174760681483,3.215229246514216
654250,0.7700603694094442,-3.0736364619997696
656587,-3.4916553416001013,-1.170601202058398
656194,-4.220594372269963,0.2819863031561248
654077,-3.987603969004031,1.774268441938978
651745,-4.337402947063271,1.0639566169590404
655569,-2.6051146490758104,0.7328277301349138
654104,-3.105968015101606,1.0395956337846908
654082,-3.600435219527214,0.753219271645046
683741,-4.178187434366784,1.5510554397650052
655538,-2.4221637602378614,0.2178913881577822
683699,-4.063989468429165,1.856147479823588
654253,-2.2857895797985597,-0.33045389415900545
652624,-1.614102646507134,-3.729311728042325
654247,2.3441999958501,-0.8931866612146357
654017,-4.050136052376039,1.5068020238150766
672911,-2.0645087718662136,-2.1021905294311782
654016,-4.467780749429043,0.9808426810202168
659295,-3.96785743082495,-2.3807124832867337
654107,-0.6038278104686671,-2.9730713624465515
657354,-3.8757899892175462,-0.05163633553880338
658319,-2.12364915578339,1.0961583515976565
655235,-4.495557718102505,-3.325322171075297
653914,-1.5402072512665084,1.649655861704417
653884,-2.5218062889650814,-1.7728973389934037
654103,-4.00572384324995,-1.5666446745567486
659311,-4.310627914429763,0.9173680405416168
658481,-3.620174698211295,0.48874987859647895
657386,-4.167458677434057,2.295770075840416
657331,-2.5468777710950086,0.10596186158552579
658478,-4.56448800556235,-1.1525773954269345
654297,-2.1942331383176823,0.20590218521333128
655516,-5.400933486984647,-1.8640555738661224
658070,-4.892346698797163,-0.07142532358323965
655515,-3.9384469305185448,2.062863152678535
658560,-3.4357255553722386,-1.263629074975985
658467,-4.376625281182764,-0.39146754701144776
659263,-2.9596765211067138,-2.2809841552914265
659325,-4.676391442974672,-0.3459979146540422
655509,-4.319846164423313,-3.6782440529747427
659728,-4.026748002529629,1.6764942187520477
657523,-3.210190084462097,-2.9689724642861717
657500,-4.222590785022385,-3.301748323807782
683638,-4.901581116431148,-1.1354766939647871
657319,-1.8004125412542291,0.15426455835757763
659315,-4.7384635994480035,-0.33051307818094594
657356,-2.9283595861324616,-0.13808551793513568
661047,-4.45629309632855,-1.3417551588747236
661227,-4.082579189916015,1.5013677587904601
661234,-4.776940202737705,0.9233809354137963
657449,-2.3857698395709455,-0.10925299012684397
661219,-4.371838959926934,-1.1455765853420885
661261,-3.8383615075647284,1.9546806023679382
683722,-5.30042485971515,-0.8364079267155058
665621,-5.103621191017594,-0.34912304301918257
668898,-4.998763770812547,0.5354198193289753
659629,-6.22063400897033,-2.614066687503392
