IDPERSONA,RAMA,PC1,PC2
654445,ADMINISTRATIVO,-5.818838943565259,0.8388872627353092
266,ADMINISTRATIVO,1.9333461655058797,2.6455335755583724
5821,ADMINISTRATIVO,-4.110753049771762,3.434383806731146
215,ADMINISTRATIVO,0.4058115327749408,7.094513252982396
3678,ADMINISTRATIVO,-0.17286480777181618,0.35646677955454725
648616,ADMINISTRATIVO,0.8939173269244653,2.675062248060973
3680,ADMINISTRATIVO,1.003822836172919,6.956955478856511
692,ADMINISTRATIVO,1.1296579016702082,6.531022566892667
39,ADMINISTRATIVO,-4.481057037157043,2.1500470325137937
6811,ADMINISTRATIVO,3.181238873458368,2.152677283065834
216,ADMINISTRATIVO,-1.844632269857215,5.126436000154571
13351,ADMINISTRATIVO,-1.0739985221031036,3.193469175119847
69235,ADMINISTRATIVO,0.5415365686099597,2.3343370346904706
97455,ADMINISTRATIVO,-1.5060013169856752,-0.2780690956181589
858,ADMINISTRATIVO,1.2694614848920367,4.235986824889802
653814,ADMINISTRATIVO,-1.2091206137167323,1.0095934808969318
95473,ADMINISTRATIVO,1.273191605325128,1.6175270493050435
787,ADMINISTRATIVO,4.871321681404253,4.24620626377392
769,ADMINISTRATIVO,3.9022980051180403,3.0749859789450973
771,ADMINISTRATIVO,-2.838270371975365,1.5737590444178038
813,ADMINISTRATIVO,1.4858382540253907,4.617184372390334
831,ADMINISTRATIVO,1.1907459074700821,4.70215415033766
87496,ADMINISTRATIVO,-5.150060165198028,1.1848947059341892
883,ADMINISTRATIVO,1.0505170774620969,5.37899423462265
862,ADMINISTRATIVO,1.7279731406288814,3.9780855333387932
815,ADMINISTRATIVO,0.44453657948201925,1.3915398215609416
733,ADMINISTRATIVO,2.6918722333033718,4.0376193589734
61594,ADMINISTRATIVO,3.4182314469365065,1.9898261158494668
869,ADMINISTRATIVO,1.5598839968995868,3.9801790047107817
866,ADMINISTRATIVO,1.5527215914247265,3.809056806409282
946,ADMINISTRATIVO,0.9439159526750366,5.204109720544867
647015,ADMINISTRATIVO,-2.235616628727008,2.0149881274646977
878,ADMINISTRATIVO,1.1382611311609336,4.264412192393822
840,ADMINISTRATIVO,3.2138093826574554,2.9918140742025847
865,ADMINISTRATIVO,3.9458418329954257,4.1116364923534485
1116,ADMINISTRATIVO,0.30783327435431446,4.9138062942839476
891,ADMINISTRATIVO,1.7397008850007816,4.6274108691328175
1000,ADMINISTRATIVO,2.950719156275322,3.1996878820762156
903,ADMINISTRATIVO,1.5892514032673464,2.5368490280466194
978,ADMINISTRATIVO,1.0561436338456045,4.184288296724968
944,ADMINISTRATIVO,3.43603890561432,1.8668995892702913
893,ADMINISTRATIVO,-0.16863655535053962,4.937558698629661
939,ADMINISTRATIVO,1.5116596494418002,4.172579592650451
1032,ADMINISTRATIVO,0.4215869146298589,3.5402578587260085
969,ADMINISTRATIVO,3.7908606257150437,3.6312879715273487
953,ADMINISTRATIVO,0.5825741946006142,5.267595635687402
7197,ADMINISTRATIVO,-1.5877852145464983,2.1721674822355896
653827,ADMINISTRATIVO,-1.9864475831479758,1.8650862594207387
3467,ADMINISTRATIVO,2.556238320973388,1.4309416041450356
975,ADMINISTRATIVO,5.958009519475846,2.9136037037646134
13663,ADMINISTRATIVO,-0.349699552470446,1.828828420224473
651451,ADMINISTRATIVO,-5.152632646332501,1.6630166164547693
3771,ADMINISTRATIVO,0.04604211291664235,2.256602139048702
919,ADMINISTRATIVO,2.608670683454323,4.164036275022117
69247,ADMINISTRATIVO,0.2788988260567035,2.198667961000874
102363,ADMINISTRATIVO,-5.559069748674262,1.6071137090043799
972,ADMINISTRATIVO,3.577652184191097,1.4963023749714925
938,ADMINISTRATIVO,0.7490932430805646,4.990877695380399
3465,ADMINISTRATIVO,1.0806653074214478,2.7648273331545763
1033,ADMINISTRATIVO,1.632518478770764,3.444785596766937
19999,ADMINISTRATIVO,0.5876350578581474,-0.16676891360205384
656039,ADMINISTRATIVO,-5.1230254070811,-0.5941959305581209
1061,ADMINISTRATIVO,2.4002828233491096,4.871516717949276
1038,ADMINISTRATIVO,3.066360176184081,6.957371105148628
97773,ADMINISTRATIVO,2.684878337736132,-0.9869915926209585
11865,ADMINISTRATIVO,3.2091049185677876,2.74868514234936
1268,ADMINISTRATIVO,2.327299155461545,2.7081525540187736
1123,ADMINISTRATIVO,2.182646625707163,5.053342056654653
95251,ADMINISTRATIVO,1.511359887645248,-1.6225320115432131
651295,ADMINISTRATIVO,1.45533252435761,1.2345078381492305
654462,ADMINISTRATIVO,-5.2534266997799595,0.8527432050362589
97741,ADMINISTRATIVO,-1.7861538541689355,1.26753265811323
660656,ADMINISTRATIVO,-2.9357101904437912,0.6242761121779786
1255,ADMINISTRATIVO,1.501795736008885,4.7249883761503675
655976,ADMINISTRATIVO,-2.6176025677272294,0.2168445905379363
8331,ADMINISTRATIVO,2.050679292613135,3.2405595051991645
1180,ADMINISTRATIVO,2.6161991577328965,2.5749171128547523
1168,ADMINISTRATIVO,4.363683469826883,2.7232339278598725
1229,ADMINISTRATIVO,2.8748444273579814,3.9160001046889255
67848,ADMINISTRATIVO,5.784302458482028,-2.1469520008009493
95549,ADMINISTRATIVO,0.016871681143812066,1.588042768623277
7809,ADMINISTRATIVO,4.270420344053965,1.7460824322231674
640644,ADMINISTRATIVO,-1.8440091808968926,2.503156595862947
1247,ADMINISTRATIVO,2.981522035745006,1.6286041268724811
102085,ADMINISTRATIVO,0.7997191043899807,-1.7135703925474057
97637,ADMINISTRATIVO,-0.3297411035188195,1.3581103313360972
1205,ADMINISTRATIVO,6.037622559344697,1.3632180001307992
102302,ADMINISTRATIVO,-2.634631113428337,-0.14912851602744503
651135,ADMINISTRATIVO,1.5832938004933088,-1.59095976968769
96448,ADMINISTRATIVO,-0.701240419427204,-0.5094164138737715
1375,ADMINISTRATIVO,2.537172696620447,-0.16855243771394307
101041,ADMINISTRATIVO,-1.4125231945267904,-1.8790614470967122
1140,ADMINISTRATIVO,6.037460895017883,-0.7262027099011595
27983,ADMINISTRATIVO,-4.297061000789551,0.17435655931831262
651324,ADMINISTRATIVO,2.7000533494885723,-1.0922915657716699
1402,ADMINISTRATIVO,2.288720504371038,4.213997457865487
8244,ADMINISTRATIVO,2.843394471264275,-0.29374292927202045
662687,ADMINISTRATIVO,-4.5562004027325305,-0.28387251867385976
1372,ADMINISTRATIVO,4.972703799225257,0.48758361291630925
1457,ADMINISTRATIVO,-0.37590299699683144,3.436590576839918
7265,ADMINISTRATIVO,-4.686661410039807,-0.6120727547006469
1476,ADMINISTRATIVO,0.3424068275182065,4.777584166395912
1485,ADMINISTRATIVO,4.284023935741392,1.854364289105619
67869,ADMINISTRATIVO,2.3627707499620745,1.5534107853971857
8558,ADMINISTRATIVO,4.048178955033684,1.7098173384473054
658681,ADMINISTRATIVO,-7.667923178924307,2.487053881074837
1530,ADMINISTRATIVO,1.1406239027170897,3.810300852530499
1225,ADMINISTRATIVO,0.8064785590127777,1.589182989924196
49404,ADMINISTRATIVO,1.4098632534716293,-2.0764837473786013
102074,ADMINISTRATIVO,0.8576600199797072,-0.08749322611676301
1278,ADMINISTRATIVO,2.0306755362444027,1.1754886456123508
40081,ADMINISTRATIVO,1.959710877775062,1.830407764620295
12471,ADMINISTRATIVO,0.10425419031680891,3.6160878442911417
1644,ADMINISTRATIVO,1.5224843825468386,3.1169991033179123
13703,ADMINISTRATIVO,3.5532571925172816,-0.37793886210558914
1354,ADMINISTRATIVO,4.034176902410656,2.9430008446126292
1555,ADMINISTRATIVO,5.518628405741653,0.9211596195492923
1385,ADMINISTRATIVO,2.6618153476509177,3.948570115112592
649313,ADMINISTRATIVO,4.758415673656531,-2.9803554865890693
1598,ADMINISTRATIVO,4.471824814357472,2.1902194267083996
653764,ADMINISTRATIVO,-5.053289539220045,0.9839706982541911
1554,ADMINISTRATIVO,1.7422180845574864,-1.9054920813114113
76209,ADMINISTRATIVO,-3.346210055899042,-1.8675750159446087
654570,ADMINISTRATIVO,-0.79138313541949,-2.584762381697504
103260,ADMINISTRATIVO,-3.928381979242525,2.24838444410726
102314,ADMINISTRATIVO,0.5544436535936075,-0.3953747277820712
61700,ADMINISTRATIVO,5.384900764744082,2.767429417202572
3792,ADMINISTRATIVO,2.2793395737915603,0.8021165923734388
9326,ADMINISTRATIVO,1.5909852746035555,3.746403107350711
651323,ADMINISTRATIVO,3.8100576471707384,-1.5105988551890792
3802,ADMINISTRATIVO,1.312399529415468,0.2727510314834208
654388,ADMINISTRATIVO,-6.158518885735764,1.556055915060452
1660,ADMINISTRATIVO,-0.05777243627915053,4.417421463333627
1794,ADMINISTRATIVO,5.0858178246212935,1.187521752743857
8403,ADMINISTRATIVO,-1.943021345012646,1.0277278006816417
656778,ADMINISTRATIVO,-7.741407830001286,2.4563093491036794
9189,ADMINISTRATIVO,3.577010925384949,0.931901737154416
101253,ADMINISTRATIVO,-2.9866195699532185,-0.2841612032560556
26207,ADMINISTRATIVO,3.3998453935647204,-1.3053849052287823
647047,ADMINISTRATIVO,2.3301058391937004,0.07999320579866809
103193,ADMINISTRATIVO,-1.5649522041224804,-1.0763296216802434
3497,ADMINISTRATIVO,4.0344465622641925,1.7182906098659785
13826,ADMINISTRATIVO,0.9481711221076383,0.7606060599286294
3810,ADMINISTRATIVO,0.21881082937873747,2.1230504802096624
656842,ADMINISTRATIVO,-3.6484317602271474,-0.3485099543112843
61592,ADMINISTRATIVO,2.0996856073184618,1.4119602167059824
1842,ADMINISTRATIVO,-1.161938846805959,4.910343771996128
1206,ADMINISTRATIVO,2.5576050124735765,0.9451632477294909
1546,ADMINISTRATIVO,1.571846758643598,1.5120335173794597
1790,ADMINISTRATIVO,4.9007902221556625,0.7736023877168621
58491,ADMINISTRATIVO,0.7306298041375365,1.5604435879470862
229,ADMINISTRATIVO,3.0330681659921366,1.6354995449474277
10133,ADMINISTRATIVO,2.0204175285652806,0.06942366039383606
3808,ADMINISTRATIVO,2.085736382764302,2.2676879827435363
9196,ADMINISTRATIVO,1.7373969800672533,2.414724899732737
43817,ADMINISTRATIVO,1.8973119016287348,2.770621756433275
102448,ADMINISTRATIVO,2.6108475842939844,-3.6921552058134055
66602,ADMINISTRATIVO,-0.4928204713829781,1.2567844812921687
658714,ADMINISTRATIVO,-2.3587918757574884,-0.08730042912805354
1628,ADMINISTRATIVO,2.2096541007648787,3.2140881617268415
231,ADMINISTRATIVO,4.457068398959306,-0.067076595432639
642558,ADMINISTRATIVO,1.6884892425443483,-3.8101915970847196
86548,ADMINISTRATIVO,1.724740367984198,-1.1874508111386526
648757,ADMINISTRATIVO,2.5456869746760677,-1.158454872036928
9640,ADMINISTRATIVO,2.7990092929969306,1.6058942293728744
654511,ADMINISTRATIVO,-0.254285254676454,-1.8574579050291231
639518,ADMINISTRATIVO,0.2843032208398438,-0.2880458213407431
64414,ADMINISTRATIVO,2.7986600218893374,0.6565616811232289
1991,ADMINISTRATIVO,2.9217038749981374,1.9511803998115689
1496,ADMINISTRATIVO,1.8511658273186642,5.033035684407084
97570,ADMINISTRATIVO,-3.422523601640173,2.1221094276576378
647470,ADMINISTRATIVO,1.1247353066489687,0.42846875852369926
647120,ADMINISTRATIVO,-2.0079969683048122,2.705613342309318
61593,ADMINISTRATIVO,3.1723801628206725,0.3158498519606031
651339,ADMINISTRATIVO,1.539282071246507,-0.9471087891724824
649137,ADMINISTRATIVO,1.9197128289417495,-0.086390733505231
2031,ADMINISTRATIVO,4.052252237147569,1.6632924773355369
9912,ADMINISTRATIVO,3.3943087294314727,-3.057229190387947
3814,ADMINISTRATIVO,4.5793655334783,0.7451664146418495
8441,ADMINISTRATIVO,-3.8563182997541015,-3.917827332480565
2049,ADMINISTRATIVO,2.7716527551596424,2.470337551765213
2022,ADMINISTRATIVO,3.623928748657656,2.778528657491413
635587,ADMINISTRATIVO,3.253420650218578,-2.5597170624346934
8941,ADMINISTRATIVO,3.1824222510643514,0.79472733967458
958,ADMINISTRATIVO,-0.2384418591776253,4.327605489734791
13897,ADMINISTRATIVO,2.1970954322493346,0.7194249536688633
3776,ADMINISTRATIVO,3.3173337154764524,1.8900556094289642
13838,ADMINISTRATIVO,3.4270947536196665,0.5028804247914631
644132,ADMINISTRATIVO,3.799590895544858,-1.0852685044866597
29032,ADMINISTRATIVO,0.06800201915131165,-5.2302762765975235
98984,ADMINISTRATIVO,-0.6476035595965569,2.223869844481524
9834,ADMINISTRATIVO,2.9925576791522386,-0.9977530580275371
656459,ADMINISTRATIVO,-4.576400040217099,1.194186593269131
2105,ADMINISTRATIVO,-0.4704651006092267,3.5754208026452527
101247,ADMINISTRATIVO,0.3889500564267214,2.4187530601047733
2058,ADMINISTRATIVO,3.193835060060509,0.7096429700080531
644781,ADMINISTRATIVO,-2.3625217109571155,2.1298444938838004
645785,ADMINISTRATIVO,2.3398813572193,-1.317020376798455
2391,ADMINISTRATIVO,3.505228025617546,1.9399930082253545
98309,ADMINISTRATIVO,-0.28311393427929527,1.7917832764308348
650463,ADMINISTRATIVO,1.1627829536578431,0.42063186523210416
2146,ADMINISTRATIVO,3.3637588392492006,1.023693679961421
2237,ADMINISTRATIVO,5.45715960414049,0.37376412404969905
653777,ADMINISTRATIVO,-3.0245299902265943,1.5530783574533191
2008,ADMINISTRATIVO,2.3073203219087506,-0.3266356688810511
67845,ADMINISTRATIVO,3.7973833769507737,-0.32379632445901396
2455,ADMINISTRATIVO,4.173833874451626,2.1068275505509666
654428,ADMINISTRATIVO,-5.491767883459369,0.41268149937044546
2370,ADMINISTRATIVO,3.7228195819376104,2.601033286102342
13170,ADMINISTRATIVO,-0.1881721280915882,3.5885963825050595
2544,ADMINISTRATIVO,4.719663555230411,0.8695899966410867
1534,ADMINISTRATIVO,1.594704823468306,2.6344387820629693
2612,ADMINISTRATIVO,3.0471605692724584,1.603311948889824
61634,ADMINISTRATIVO,0.9466256814280564,2.8214808482723326
2562,ADMINISTRATIVO,3.3958086668488914,0.028726908384489276
11880,ADMINISTRATIVO,-4.168761765154737,1.1538952858403677
639834,ADMINISTRATIVO,3.105487473520735,-1.5511261465919959
86476,ADMINISTRATIVO,-0.7646808866822938,-1.1127206498108004
2378,ADMINISTRATIVO,3.9215181642604096,0.8704590207488223
2535,ADMINISTRATIVO,3.259721380640499,0.24404947747656489
644134,ADMINISTRATIVO,2.998286144889738,-0.48014419343525594
101268,ADMINISTRATIVO,0.2957364535653199,0.7888369148033433
647012,ADMINISTRATIVO,2.5199402896552034,-1.1096540239743373
642021,ADMINISTRATIVO,1.8145463554660626,-2.5364981104964626
1478,ADMINISTRATIVO,-1.7730096945461795,1.0550827741856845
13956,ADMINISTRATIVO,2.9360621276275864,0.14471947139081434
3731,ADMINISTRATIVO,3.2066134788290217,2.487010867023183
2045,ADMINISTRATIVO,1.2976655199511145,2.707179609502763
651067,ADMINISTRATIVO,-0.556961056558028,-0.6259464360344427
5422,ADMINISTRATIVO,2.7867900623757835,0.48453416234176633
651227,ADMINISTRATIVO,-2.9429280769961985,-0.2049243700344184
4329,ADMINISTRATIVO,2.533064671442179,-0.3253776646075532
100730,ADMINISTRATIVO,1.9747495130922867,-2.7099167068859016
13971,ADMINISTRATIVO,3.6606798572081796,1.998941735473895
13922,ADMINISTRATIVO,1.9484098786613417,3.3730669283682913
38514,ADMINISTRATIVO,1.5517161052274193,-2.028758298809391
13040,ADMINISTRATIVO,4.428410011809727,2.2588981546058973
662067,ADMINISTRATIVO,-3.2508667322900977,0.8327318991398897
95517,ADMINISTRATIVO,-1.7949959317791104,1.4321140242476533
3503,ADMINISTRATIVO,2.228251205559666,-1.400727343919125
95545,ADMINISTRATIVO,3.204721497485854,-2.4814256510597583
1676,ADMINISTRATIVO,1.7170384254080355,3.527033676263722
10493,ADMINISTRATIVO,2.6563590993772337,2.782061338564124
639811,ADMINISTRATIVO,3.139631807884415,-1.5429080772555228
2380,ADMINISTRATIVO,5.1209993704013295,0.6194952216919959
10531,ADMINISTRATIVO,3.4594449752300687,0.20248965847148165
655996,ADMINISTRATIVO,-2.0482677170168366,1.6346951464793138
652917,ADMINISTRATIVO,1.2339238074783623,-1.9448782807936609
39450,ADMINISTRATIVO,0.8408351349509194,-0.7639799599187467
1787,ADMINISTRATIVO,5.7194810823793105,-0.2662050683302774
650956,ADMINISTRATIVO,1.6747810084971717,-0.746137479342605
1322,ADMINISTRATIVO,2.658616903431836,1.125399550704647
13863,ADMINISTRATIVO,-1.9353045986235962,0.24577546847798967
2748,ADMINISTRATIVO,5.436331437562605,2.9045420802383304
64483,ADMINISTRATIVO,-3.448773579467538,0.7794047498303952
2704,ADMINISTRATIVO,0.07407896855851258,4.045863545350656
51775,ADMINISTRATIVO,-1.7878206585628609,-1.5579727963458736
649260,ADMINISTRATIVO,-0.7885276408619007,3.503870944059095
662706,ADMINISTRATIVO,-6.4703880789948585,0.790898213926846
653837,ADMINISTRATIVO,-1.221114459838774,-1.9553725682217986
2843,ADMINISTRATIVO,1.7793959959794685,2.0620548477780427
990,ADMINISTRATIVO,4.811968093186661,0.9925079170969786
2297,ADMINISTRATIVO,1.6961811229158938,1.9411330186907823
652925,ADMINISTRATIVO,1.8889705260139122,-2.3708624425304725
59277,ADMINISTRATIVO,3.689811631150376,0.7338156094933412
3818,ADMINISTRATIVO,2.9590841697578054,0.4251934704988767
2904,ADMINISTRATIVO,2.2298213615557,3.4797354636708193
14091,ADMINISTRATIVO,4.983834549338652,-0.42731299211332247
2962,ADMINISTRATIVO,-0.20993967266474228,-1.0992816524675064
7965,ADMINISTRATIVO,-0.1177127001980741,1.1374965271514175
2693,ADMINISTRATIVO,2.6865325919152934,0.4268566958368012
2846,ADMINISTRATIVO,3.1107989679495307,0.6088932769152213
61595,ADMINISTRATIVO,0.4359615700906181,1.294980450372665
2350,ADMINISTRATIVO,-2.741138076058887,1.2818568710357028
662677,ADMINISTRATIVO,-4.665176402454498,1.2435917330765571
2857,ADMINISTRATIVO,2.854029813749568,2.904392239934359
658716,ADMINISTRATIVO,-0.27690335055874254,-0.5894560420017644
2823,ADMINISTRATIVO,3.611947137441997,-0.031227521200554356
97668,ADMINISTRATIVO,4.078278212628207,-6.237000118742864
648765,ADMINISTRATIVO,2.502614227274516,-0.2334462393135972
2567,ADMINISTRATIVO,0.48519640781439827,2.2212959880396936
2735,ADMINISTRATIVO,3.0752464877083447,0.06718133428972387
2626,ADMINISTRATIVO,3.219883454542779,-2.4526449080034882
103221,ADMINISTRATIVO,-2.927925306639309,-0.22369864919683063
660643,ADMINISTRATIVO,0.7219157514431959,-0.7113142811578597
1890,ADMINISTRATIVO,0.07754111136035881,4.078621663842975
77558,ADMINISTRATIVO,3.4814056603782735,-0.3370866831732255
67874,ADMINISTRATIVO,3.943818135958235,-0.42283644203214193
1878,ADMINISTRATIVO,6.216340925032926,0.6569389690768096
3000,ADMINISTRATIVO,0.12407044407783906,2.5618387134327265
660682,ADMINISTRATIVO,-5.407503975846857,0.24926321125155076
40499,ADMINISTRATIVO,2.7687162999164925,-1.3194280003846306
3775,ADMINISTRATIVO,3.8946067550325627,1.6294733994476995
38831,ADMINISTRATIVO,2.685995313061256,0.5848904005757207
3095,ADMINISTRATIVO,-0.33649021137664037,-0.2909241897396031
77389,ADMINISTRATIVO,4.999158498388166,-3.1551993267481113
5559,ADMINISTRATIVO,4.3142114278577175,1.2800063537996456
2957,ADMINISTRATIVO,-0.7165649682654954,-0.47634372235314226
98960,ADMINISTRATIVO,2.774101572714792,-3.2976061895431865
645700,ADMINISTRATIVO,1.093346565272592,0.4547059373712712
41305,ADMINISTRATIVO,2.8886207108915265,-0.38735973831010856
3088,ADMINISTRATIVO,2.3201026614482863,1.0583976918925764
38237,ADMINISTRATIVO,2.4194995227682132,0.8963042194576498
655964,ADMINISTRATIVO,-0.32294918357026997,-3.975224181963352
44685,ADMINISTRATIVO,1.3660591221960763,0.24607259299260334
651347,ADMINISTRATIVO,-0.8407295957709374,4.4683432037330775
4444,ADMINISTRATIVO,3.26427268585322,2.0891523044900158
3108,ADMINISTRATIVO,3.9917147677323896,1.0371968414722539
40968,ADMINISTRATIVO,0.96593905699487,-0.2626756818020532
4466,ADMINISTRATIVO,2.0978836718072955,-0.9186709875288976
3403,ADMINISTRATIVO,2.267488882086141,0.8564521571132097
642784,ADMINISTRATIVO,1.2228569328227308,0.5002652426521041
4584,ADMINISTRATIVO,3.1094438245921854,1.6990925581915022
97577,ADMINISTRATIVO,0.2833707655218021,-2.260649109987228
4294,ADMINISTRATIVO,-1.8083235239823248,1.6624142754768783
42290,ADMINISTRATIVO,2.807635592166522,-1.7303980809918718
639835,ADMINISTRATIVO,3.306365875281983,-0.6603095396838198
41300,ADMINISTRATIVO,0.9278917519676602,-3.8576679181058937
68354,ADMINISTRATIVO,5.794002324036882,-0.12698924651952956
3796,ADMINISTRATIVO,0.7178924114103518,2.2237093845436275
3734,ADMINISTRATIVO,4.9135455131244035,1.1993226526696361
97706,ADMINISTRATIVO,-2.7201756234219134,0.6258955493499829
43625,ADMINISTRATIVO,1.0450493935906386,0.7287897018338525
50030,ADMINISTRATIVO,3.4299974860282543,-1.9965861364125075
42359,ADMINISTRATIVO,1.5217345999068825,-0.9519755335013209
97667,ADMINISTRATIVO,1.2860948566018766,-0.6248688976911243
14093,ADMINISTRATIVO,-1.720120794467743,1.038183779672675
58517,ADMINISTRATIVO,2.8318872944381956,-0.002446187807818422
95600,ADMINISTRATIVO,3.322042613730571,0.29852198263335
650523,ADMINISTRATIVO,1.565253088240695,-1.091098929145715
4107,ADMINISTRATIVO,-1.904983161465207,-5.70299805395301
3735,ADMINISTRATIVO,3.976099110953977,-0.4659439044538869
14097,ADMINISTRATIVO,1.3884364312779036,-0.9165681955270425
2299,ADMINISTRATIVO,5.135859082979685,-1.6994682869200162
58429,ADMINISTRATIVO,2.2467012287422956,-1.1143488374135937
13879,ADMINISTRATIVO,2.8460541789402374,1.4672720414134888
552319,ADMINISTRATIVO,2.1161902953278946,-3.0924512092292855
102374,ADMINISTRATIVO,-2.0388723082612397,-0.49503583130329926
69756,ADMINISTRATIVO,-0.10440124624724059,1.2815042504158698
5561,ADMINISTRATIVO,1.8905538969455153,-0.5312424039456489
43144,ADMINISTRATIVO,2.9800151407300404,-3.235545216577278
50023,ADMINISTRATIVO,1.1881488891976637,-3.9870760932240907
1616,ADMINISTRATIVO,1.9153872773429725,2.338241519979739
659576,ADMINISTRATIVO,3.5728848361147443,-1.883059247743847
81202,ADMINISTRATIVO,0.6796809310421534,-1.7372747995002384
41494,ADMINISTRATIVO,0.4371073903104696,2.751519694332157
4353,ADMINISTRATIVO,3.2091517042840674,-0.33447263273020594
662678,ADMINISTRATIVO,0.570021078937143,-4.268582663634029
4819,ADMINISTRATIVO,0.3187968273806038,2.2620360531885106
3990,ADMINISTRATIVO,2.0278806882124996,0.22695113115062354
95523,ADMINISTRATIVO,1.5560579344467114,-4.229455091416706
98923,ADMINISTRATIVO,-0.41950215826283876,2.458941903197754
659592,ADMINISTRATIVO,-1.0522538193793802,-1.9846188025863551
4512,ADMINISTRATIVO,0.7216619275546589,-1.062692130962456
649060,ADMINISTRATIVO,-1.396571893997003,-0.876858093635577
98296,ADMINISTRATIVO,1.4715372544947847,0.25585142400483313
651029,ADMINISTRATIVO,2.8691087646518203,-1.4303219485345082
650503,ADMINISTRATIVO,2.431333727963939,-1.30506353465594
95538,ADMINISTRATIVO,2.9651652212123945,-3.495615254575021
68801,ADMINISTRATIVO,3.3038487406924797,-1.1376524720561247
67810,ADMINISTRATIVO,3.139653903766468,0.19919596392667474
4062,ADMINISTRATIVO,-3.09177172053099,-2.5058182556934
12899,ADMINISTRATIVO,0.7673740473446057,-0.1524783003775137
46826,ADMINISTRATIVO,2.1020093587923743,-1.1669163732982604
67737,ADMINISTRATIVO,3.9811976131113753,1.6459575661344314
659660,ADMINISTRATIVO,-4.384195578658677,-0.9394642558664696
4109,ADMINISTRATIVO,3.0675836095825595,-1.4903283583822984
648642,ADMINISTRATIVO,1.8659225719032082,0.3600667686637951
659693,ADMINISTRATIVO,-0.8923995398777348,-0.7743169559984712
658679,ADMINISTRATIVO,-0.8914036099451972,-0.15864081294262722
96309,ADMINISTRATIVO,0.4237807536206995,-0.23525118768871342
46658,ADMINISTRATIVO,4.3971290014526,-0.511458821983484
78701,ADMINISTRATIVO,4.958394421034456,-2.5864723671145198
4718,ADMINISTRATIVO,2.1762764209347716,0.5016364644702189
46831,ADMINISTRATIVO,-3.8664145893924564,1.2687450817655381
4830,ADMINISTRATIVO,3.1254898637878488,0.748314651129062
651069,ADMINISTRATIVO,3.212278817061577,-2.0180141190475744
656311,ADMINISTRATIVO,0.4783139949167999,-3.545872910119206
78729,ADMINISTRATIVO,1.9027048152237973,-1.8234961355774675
56538,ADMINISTRATIVO,-4.5064306528048075,0.49283658854092394
12725,ADMINISTRATIVO,3.2019302278141337,0.8164586928941935
664061,ADMINISTRATIVO,-2.43896642218192,-4.661528231109982
98308,ADMINISTRATIVO,-1.4051010458447541,2.0958038543486373
51960,ADMINISTRATIVO,2.114230037498303,-0.4954432077817648
651206,ADMINISTRATIVO,2.8433977306864877,-1.2494429930246995
650513,ADMINISTRATIVO,-0.03520490482002234,1.0318586931550122
4163,ADMINISTRATIVO,1.3503107271412471,2.571885643884963
635447,ADMINISTRATIVO,2.5199071835209117,0.8089855019249619
53915,ADMINISTRATIVO,0.1355319370502147,1.0767895881140042
4627,ADMINISTRATIVO,-3.4491577416253723,1.1490795911253648
54460,ADMINISTRATIVO,0.1469808398261905,0.8926700135862361
82056,ADMINISTRATIVO,1.8464643172195931,-2.3143188129836463
14623,ADMINISTRATIVO,-0.1319501736305017,2.2240038282490797
647358,ADMINISTRATIVO,6.730151538445308,-2.2135434196680053
647432,ADMINISTRATIVO,3.4199110827503754,-0.50267363426378
656028,ADMINISTRATIVO,-1.9151264982519656,1.7769778749942389
14178,ADMINISTRATIVO,4.498224380379185,-2.046218297063823
4871,ADMINISTRATIVO,4.746381007619505,-0.48344958176839714
4330,ADMINISTRATIVO,-0.7431256155576063,0.6580351803383183
4736,ADMINISTRATIVO,4.060015919698179,1.7291911491431724
46845,ADMINISTRATIVO,0.9044636645998457,0.03546545269320397
5601,ADMINISTRATIVO,1.2201094309154779,0.7773906417557841
51418,ADMINISTRATIVO,5.060796806590197,-2.8695658003689553
95527,ADMINISTRATIVO,1.487875041001095,-0.01847396013723772
658206,ADMINISTRATIVO,-3.8254685363041037,0.8603273119811282
95603,ADMINISTRATIVO,4.793686674670196,-4.579933768634451
653858,ADMINISTRATIVO,-2.9598070994500634,-0.21475323890495926
50463,ADMINISTRATIVO,2.5833217810974216,-1.3394658678131406
654583,ADMINISTRATIVO,0.3087460041170241,-0.6809019222753823
47521,ADMINISTRATIVO,-0.003412467682268503,0.9554865383785108
4145,ADMINISTRATIVO,3.946438765074297,-2.708817492881198
4860,ADMINISTRATIVO,-1.9832301982913392,1.8995994441222757
50544,ADMINISTRATIVO,2.2890627528520384,-1.8311436723601036
12394,ADMINISTRATIVO,2.7564111193013052,0.3830995205967174
48584,ADMINISTRATIVO,0.15498782282657933,0.5437666151955546
645794,ADMINISTRATIVO,4.644393026183387,-0.798688130245349
645005,ADMINISTRATIVO,4.0224955407450755,-0.02645628598401691
57642,ADMINISTRATIVO,-2.274608574684036,1.2017192211351133
14710,ADMINISTRATIVO,1.7414994796926233,-1.4987208574720503
12487,ADMINISTRATIVO,3.0179765757030603,0.7917758765185654
51539,ADMINISTRATIVO,-3.287359233999303,-1.0407953030070562
657168,ADMINISTRATIVO,-6.6792991046590435,1.089425935492418
14264,ADMINISTRATIVO,4.510438090129706,0.027651307628466626
12405,ADMINISTRATIVO,4.176762478231483,0.23505553801334103
5573,ADMINISTRATIVO,3.2356758598956956,0.8803649926560652
51737,ADMINISTRATIVO,-4.922648715531852,-0.6620736498544149
66304,ADMINISTRATIVO,2.7406791000773807,-3.325086633601264
103262,ADMINISTRATIVO,-0.5460008309802967,0.9570217555566024
55772,ADMINISTRATIVO,0.9133256611539801,1.0871000213097668
103264,ADMINISTRATIVO,-1.5231203256273147,0.36152385546074506
56796,ADMINISTRATIVO,5.498802500254386,-3.642180842507612
14022,ADMINISTRATIVO,4.495493835096994,-0.05032419159300172
574968,ADMINISTRATIVO,1.0811551520256535,-0.3381520945992148
50796,ADMINISTRATIVO,2.4485985863887785,0.8389456938972132
649043,ADMINISTRATIVO,1.1440126670217938,-2.2167902048698718
10864,ADMINISTRATIVO,-0.11612204773608888,-3.7143326791768128
649148,ADMINISTRATIVO,3.1210675287704746,-4.6195660268820475
658349,ADMINISTRATIVO,-4.640689512353533,0.5818174442953038
14080,ADMINISTRATIVO,0.42062135626805813,1.7000203808321381
78970,ADMINISTRATIVO,0.3145894881695502,0.060855517403098136
54358,ADMINISTRATIVO,0.9726783905072608,-2.2902149458880343
17519,ADMINISTRATIVO,2.7129918787968683,-2.253273776629133
101237,ADMINISTRATIVO,1.2715155731280465,-1.3555651924342471
647469,ADMINISTRATIVO,1.6987071875351016,-1.3242034670895146
14258,ADMINISTRATIVO,0.2670348513168496,1.7379849475753346
662177,ADMINISTRATIVO,1.544078776313236,-2.307849859063557
658200,ADMINISTRATIVO,-1.9502568865557541,-1.6800346072121797
14627,ADMINISTRATIVO,3.959813795186807,-1.406139204446954
648866,ADMINISTRATIVO,3.242213187543167,-1.8663848708722985
662512,ADMINISTRATIVO,-1.076849450170416,-3.9790594999172857
14116,ADMINISTRATIVO,3.9850851437717116,0.48451248955453835
14613,ADMINISTRATIVO,3.173897739853867,1.5796751507514437
54091,ADMINISTRATIVO,3.0683821719098034,-0.5600688294873014
51025,ADMINISTRATIVO,3.4835930249240206,-1.283775016298337
58823,ADMINISTRATIVO,-1.655185316643255,0.6125407084361543
656027,ADMINISTRATIVO,-6.105317686370504,0.5978369599823158
54761,ADMINISTRATIVO,2.9367644448160313,-1.1061881445807162
53840,ADMINISTRATIVO,1.892354570925498,-1.2643740012078262
53156,ADMINISTRATIVO,1.062707399641788,0.6770589996694152
53345,ADMINISTRATIVO,1.7449147269138445,-2.2191321436702696
54841,ADMINISTRATIVO,-2.3843917102736127,-0.1303995380828441
58108,ADMINISTRATIVO,0.383726044880015,-2.3387523937667267
53142,ADMINISTRATIVO,2.238833656268226,-0.7007983254463556
14227,ADMINISTRATIVO,2.4662150830218588,-0.23834542979155438
654372,ADMINISTRATIVO,1.6423261315271902,-1.285552265441876
55173,ADMINISTRATIVO,1.1690884934949606,-0.8767238102409728
53353,ADMINISTRATIVO,-2.863435163093911,-0.4364076242382097
102449,ADMINISTRATIVO,2.821389608731632,-1.9216179150357136
101234,ADMINISTRATIVO,1.4151088336828992,-1.48112179555366
56532,ADMINISTRATIVO,-1.8847234082901911,-3.899442879619392
56412,ADMINISTRATIVO,0.32264582917196755,-0.5776089587320832
21845,ADMINISTRATIVO,0.6169380174386774,-2.6454299421827048
654444,ADMINISTRATIVO,-5.885575610371349,2.071928020952762
53351,ADMINISTRATIVO,-4.985835694554848,0.0879867225776954
54577,ADMINISTRATIVO,-0.6379234822563106,2.85064803333849
57012,ADMINISTRATIVO,1.3991256368782283,0.24775041846915727
651142,ADMINISTRATIVO,3.2186388751139203,-2.780443177310134
56959,ADMINISTRATIVO,-1.4385668029538166,1.1511084251924932
645943,ADMINISTRATIVO,1.5485189196156797,0.008977767977807027
13505,ADMINISTRATIVO,3.3952839804008734,-2.1094269945259305
54246,ADMINISTRATIVO,-3.042627213224004,1.7881424479648036
634600,ADMINISTRATIVO,2.362603429321455,-0.20606049725339037
58137,ADMINISTRATIVO,-2.9655306681665867,1.467766530579183
651497,ADMINISTRATIVO,-0.9160537895144016,1.8957554542417818
56431,ADMINISTRATIVO,2.039248305525123,-1.632029303320368
662863,ADMINISTRATIVO,-5.117021420963589,0.6782730671241783
650957,ADMINISTRATIVO,1.0461810347825788,-0.34801029320529775
57074,ADMINISTRATIVO,0.3675712544320068,-3.318996215720838
55819,ADMINISTRATIVO,2.7383731928367565,-1.5595952507573387
59829,ADMINISTRATIVO,-2.0799619421817073,-0.4943008691061765
58382,ADMINISTRATIVO,-0.38573123750574445,-3.493535716734109
59852,ADMINISTRATIVO,1.0272120972913095,-2.3400190368831244
58143,ADMINISTRATIVO,-7.135156005683851,1.5280753793487865
645953,ADMINISTRATIVO,3.045920191958338,-2.205617882169909
58154,ADMINISTRATIVO,3.6917721845397637,0.7204560142515283
662865,ADMINISTRATIVO,-2.9464096038258036,-0.9728206241077411
54699,ADMINISTRATIVO,0.44950107218744856,0.07777658788674206
654350,ADMINISTRATIVO,-0.5990967907187625,1.1496745896464675
662525,ADMINISTRATIVO,-4.338187836001485,-0.06465966323742897
98956,ADMINISTRATIVO,-2.2751579403909137,0.4544770229828586
56978,ADMINISTRATIVO,2.000448112154971,-1.171873812120676
57573,ADMINISTRATIVO,4.556380204511107,-4.928042614654408
58621,ADMINISTRATIVO,3.5425863505144704,-1.8639934085499261
655995,ADMINISTRATIVO,-0.7225757488460708,0.5834062209670744
57406,ADMINISTRATIVO,1.00753913167981,0.16702948632968057
57586,ADMINISTRATIVO,0.26447985736534463,0.1894609221853939
56825,ADMINISTRATIVO,0.38064882411080586,2.1420649811088404
653835,ADMINISTRATIVO,-1.9747821269442591,-0.8496635101345935
58841,ADMINISTRATIVO,-2.9868018572606814,-0.45817350751300734
54860,ADMINISTRATIVO,3.6290776365089816,-3.442770658075694
653815,ADMINISTRATIVO,-0.6151859139069711,1.512570326127726
59752,ADMINISTRATIVO,3.1961134816155585,-1.8443873155345238
59788,ADMINISTRATIVO,-1.0099951991899647,-3.5903275778468964
60737,ADMINISTRATIVO,2.986652731950285,-0.41520589569159805
59450,ADMINISTRATIVO,1.3085057987380813,-2.444626112515173
59524,ADMINISTRATIVO,0.7458025371781629,-0.04093705244071026
67520,ADMINISTRATIVO,-4.669471887652879,-0.9225825797695058
56408,ADMINISTRATIVO,2.2898203573700706,0.5312856762083588
655998,ADMINISTRATIVO,-2.28744987345035,2.0716059157765594
56415,ADMINISTRATIVO,4.044019526418915,-0.8309754698727008
57640,ADMINISTRATIVO,3.053608614042994,-1.1951809297899327
60638,ADMINISTRATIVO,-3.9615250270847686,-0.6317999947040845
634530,ADMINISTRATIVO,0.6898078417020315,1.5133417363777795
61079,ADMINISTRATIVO,0.35240299025331484,-3.5290415810038334
56893,ADMINISTRATIVO,2.0421649095666923,-0.4267466628427482
59853,ADMINISTRATIVO,2.1331265019239263,-2.398923399560869
662846,ADMINISTRATIVO,0.15429552119598927,-2.1245016986104237
637327,ADMINISTRATIVO,-0.05845024622563826,0.5533369312050646
96491,ADMINISTRATIVO,4.673782691556765,-3.132840589273831
59774,ADMINISTRATIVO,3.241339380728081,-1.0408044261363865
73618,ADMINISTRATIVO,2.739727595696637,-2.058220371584176
653004,ADMINISTRATIVO,0.01671387177518644,0.18815144903447606
652921,ADMINISTRATIVO,-0.6420611385147397,1.6004127988891406
642847,ADMINISTRATIVO,0.7899509220450346,1.2792255120371951
65530,ADMINISTRATIVO,-1.7841558577831205,-2.87063820406821
76217,ADMINISTRATIVO,1.8511954113630198,-0.26214556007496403
59904,ADMINISTRATIVO,5.110056522708764,-2.091979372740886
98299,ADMINISTRATIVO,-0.7244166796059923,1.8340237611461325
66546,ADMINISTRATIVO,0.8578462375778788,0.014101082972842769
73533,ADMINISTRATIVO,-0.3851206482922504,-1.328614694928934
61323,ADMINISTRATIVO,2.8707782368169594,-1.3506983885284412
73563,ADMINISTRATIVO,2.9009457538574606,-2.500217500036228
634614,ADMINISTRATIVO,1.201222146716841,-0.5203168529666445
550294,ADMINISTRATIVO,-1.7605649450736094,2.060580150904238
65182,ADMINISTRATIVO,0.5915793268228314,-0.4957753206755778
634762,ADMINISTRATIVO,-2.3743945697293296,-2.1956932893404657
90862,ADMINISTRATIVO,0.5276403450410638,-2.781301031103002
662829,ADMINISTRATIVO,0.46427816405520955,-3.5893611112486097
659622,ADMINISTRATIVO,-2.8076113319536806,0.8266845997189314
663105,ADMINISTRATIVO,0.3315657307411725,-5.939990488254194
98297,ADMINISTRATIVO,-0.9309322940089967,1.940335416250761
73677,ADMINISTRATIVO,0.06075621610633187,-0.3767899509948916
647105,ADMINISTRATIVO,4.443597168097997,-1.370001142887072
63189,ADMINISTRATIVO,-0.6575945155734847,-6.155569220114669
66284,ADMINISTRATIVO,-1.5940507439450708,1.2275202536582994
60168,ADMINISTRATIVO,1.3549698538251715,-2.2067419467489042
73548,ADMINISTRATIVO,-1.4003795469032236,-0.2524272972997805
65520,ADMINISTRATIVO,3.0328823252482233,-3.5257152935795313
65521,ADMINISTRATIVO,-0.8781741646048762,-3.5194983719754958
655997,ADMINISTRATIVO,-5.983661055973478,1.7592315269312644
656003,ADMINISTRATIVO,0.8580718576330426,-1.7108648122095362
73767,ADMINISTRATIVO,-1.4237380872514744,-0.5364447710250692
659653,ADMINISTRATIVO,2.010466922674308,-2.924400049232146
73422,ADMINISTRATIVO,5.262548048396872,-3.4114750163327634
74424,ADMINISTRATIVO,0.013342726572454892,0.05173159891269095
74205,ADMINISTRATIVO,2.4540098698793646,0.07142009720482101
656002,ADMINISTRATIVO,1.5890045701734457,-4.316475630348899
103143,ADMINISTRATIVO,0.004508599690586065,-2.297057164306347
73742,ADMINISTRATIVO,-1.7017993157204763,2.2831059236219464
73639,ADMINISTRATIVO,1.3762215592140654,-3.271291560215748
660685,ADMINISTRATIVO,-7.39229425706381,2.5928686674928128
74185,ADMINISTRATIVO,1.1645079860974856,-3.2030897247996815
65904,ADMINISTRATIVO,1.5303324024432015,-2.000428201561267
103218,ADMINISTRATIVO,-0.7235176709290633,1.847568605291457
95548,ADMINISTRATIVO,-0.7341577388476237,-1.055393916075692
74410,ADMINISTRATIVO,-2.47246622667546,1.5728802555782493
99852,ADMINISTRATIVO,1.8913149646386325,-2.9059533806155424
73782,ADMINISTRATIVO,-0.5429259776716404,0.2684678797683403
74289,ADMINISTRATIVO,2.6775577380007425,-2.0268042177953745
97762,ADMINISTRATIVO,-1.7207046081647708,1.1226750077246241
646897,ADMINISTRATIVO,-0.5989373710719774,-3.495420029016126
654527,ADMINISTRATIVO,0.9683780094233445,-0.792194587049571
73683,ADMINISTRATIVO,1.3805024165567368,-1.1890705397163561
639423,ADMINISTRATIVO,-1.4120849409562435,0.5171995027816463
656781,ADMINISTRATIVO,-4.641582128813024,1.0164859689707508
654402,ADMINISTRATIVO,-3.906390569744151,0.3750492714155565
73526,ADMINISTRATIVO,0.16902528120178895,-1.3188577313355325
649630,ADMINISTRATIVO,-0.09336666326661917,-2.0138865011064344
654351,ADMINISTRATIVO,-1.3772485528405134,1.536108222063059
73646,ADMINISTRATIVO,-1.5287420642678515,1.4902607234295526
73724,ADMINISTRATIVO,0.8720872994219728,-0.330988404433551
84005,ADMINISTRATIVO,-2.0181614295816135,-1.5136338594073449
71027,ADMINISTRATIVO,0.0853385777453994,-3.6703010663787548
75199,ADMINISTRATIVO,-0.5529825310520383,-0.4654341953069489
643247,ADMINISTRATIVO,-3.4104851940681478,-0.5585966255218539
97687,ADMINISTRATIVO,0.5257104253949925,-0.39430227963890097
73369,ADMINISTRATIVO,3.2793287601320773,-2.4913024562923134
662864,ADMINISTRATIVO,-4.692285955308897,-0.5083277843198698
638638,ADMINISTRATIVO,-1.1505662014258675,-0.6789524909852827
634684,ADMINISTRATIVO,-0.7010776681194743,1.46146750466422
94929,ADMINISTRATIVO,0.6573388459144548,-1.1535159761686429
78638,ADMINISTRATIVO,-5.399869710835361,-0.317928728321074
659590,ADMINISTRATIVO,-2.3416800297191824,-1.941481308701167
645471,ADMINISTRATIVO,-5.313121012746191,1.4891368234007156
646794,ADMINISTRATIVO,-2.5647280145534497,-3.8998651894980125
644630,ADMINISTRATIVO,2.632262244392033,-3.5711291877194937
643699,ADMINISTRATIVO,2.142915842738114,-2.3653194793504624
74517,ADMINISTRATIVO,-2.567524600716003,-1.1957307216186666
658687,ADMINISTRATIVO,1.2099331811549567,-2.183201278228479
73790,ADMINISTRATIVO,-1.1247955022190061,0.32123991159594356
70235,ADMINISTRATIVO,1.2735378489956724,-0.5480655076917311
103216,ADMINISTRATIVO,-1.4680266412760326,2.4431842402221537
638396,ADMINISTRATIVO,1.1689019130695932,-2.675490842693726
656754,ADMINISTRATIVO,0.995206283865732,-1.8321741300127707
642985,ADMINISTRATIVO,2.000248031387998,-2.612739667774665
639454,ADMINISTRATIVO,0.5699326894555568,-0.6122756701777814
643873,ADMINISTRATIVO,-0.11183908112060632,-0.29688606380869215
638474,ADMINISTRATIVO,3.6058249589578404,0.4576858338089915
97601,ADMINISTRATIVO,-1.6920161595630716,2.188838873048458
95540,ADMINISTRATIVO,-2.5479049949633144,-2.1225606907769152
103213,ADMINISTRATIVO,-1.4483701091205592,1.964453972865116
646776,ADMINISTRATIVO,-3.776062882951956,-1.3687490904084911
103211,ADMINISTRATIVO,-1.1220644801228192,-1.4572853748731691
644399,ADMINISTRATIVO,-3.5101917745472617,-0.2685597677791737
644946,ADMINISTRATIVO,-2.2331481003955997,-0.23782725945670322
662857,ADMINISTRATIVO,-1.7946170992524622,-0.23383994964260746
79972,ADMINISTRATIVO,2.302209110746542,-1.6773100337447573
83678,ADMINISTRATIVO,-0.2897264761179149,0.8264845646423246
643299,ADMINISTRATIVO,-3.210147887935891,0.9839128773813385
644623,ADMINISTRATIVO,-5.8655202174141134,1.490305420966671
660716,ADMINISTRATIVO,-3.4264569268621843,-0.05155763033699341
654381,ADMINISTRATIVO,-2.0182400198271413,2.2973760635639686
654412,ADMINISTRATIVO,0.005988326082716732,-0.36226026523967847
658370,ADMINISTRATIVO,0.06094298870680492,-1.5195142090859763
643204,ADMINISTRATIVO,-1.1856193098741614,-0.27063460877866985
643058,ADMINISTRATIVO,-4.669214019724756,0.7679645452542639
644298,ADMINISTRATIVO,-0.8050102577174528,-0.4533660725151488
646751,ADMINISTRATIVO,-5.983136386231615,-0.4258258651301159
643166,ADMINISTRATIVO,-1.1070550037109665,-0.4788560415636853
653816,ADMINISTRATIVO,1.0010242487158332,-1.1314675452837044
96289,ADMINISTRATIVO,3.3796769154755673,0.07699587997899289
95541,ADMINISTRATIVO,-3.0981374267955815,0.2846158901259786
643322,ADMINISTRATIVO,-3.0572597808586077,-1.1033806364696017
658694,ADMINISTRATIVO,-0.9294294382762558,0.1863535231389148
643819,ADMINISTRATIVO,-1.0456427893985267,0.27377196495004386
646401,ADMINISTRATIVO,-4.9990702705203836,1.261898650367321
77511,ADMINISTRATIVO,1.9382873179085975,0.7736070891437401
646043,ADMINISTRATIVO,0.7004998762499641,-2.2229239955041185
646567,ADMINISTRATIVO,-1.3413153154751944,-0.6672637485005607
645317,ADMINISTRATIVO,-5.756831298188005,1.5532444739807187
648129,ADMINISTRATIVO,0.928321283282005,-1.3530116786249462
647862,ADMINISTRATIVO,-3.7252646098210422,0.7539674921016439
645395,ADMINISTRATIVO,-5.602367428166069,0.5274949075633713
646044,ADMINISTRATIVO,-2.0739714097969575,-2.7900142984490715
646364,ADMINISTRATIVO,-0.22589175241312273,-1.935328598809203
95491,ADMINISTRATIVO,-2.64705720434226,0.023052490777429904
646262,ADMINISTRATIVO,-2.5017878020408806,-3.9743615880727234
650462,ADMINISTRATIVO,2.7934570391236417,-0.5945779465481179
96841,ADMINISTRATIVO,-5.236379363727947,-0.48011797919516047
98307,ADMINISTRATIVO,0.9595324716823848,0.09111221673924977
654349,ADMINISTRATIVO,0.37180153289255624,-0.7416737520819398
75698,ADMINISTRATIVO,-5.64566694674604,1.4474556022500369
649590,ADMINISTRATIVO,-5.35681606653843,0.9197023389576315
75611,ADMINISTRATIVO,-0.4345190300505353,-4.671707354894819
98311,ADMINISTRATIVO,-2.442632146039003,2.231378995931663
649825,ADMINISTRATIVO,-6.083812100266088,1.2712341879749243
75709,ADMINISTRATIVO,0.18294325725146235,-2.083164721211139
75889,ADMINISTRATIVO,-1.5453796108847437,-0.7483050001099711
662147,ADMINISTRATIVO,0.7116885079800878,-2.339974951015495
77881,ADMINISTRATIVO,-4.12382762153699,-1.365989069270003
650114,ADMINISTRATIVO,0.26122799118431517,-3.994408688732727
78135,ADMINISTRATIVO,-1.058662555533658,-0.9151077910055451
650194,ADMINISTRATIVO,-0.36594954951002806,-1.6839311368045633
653075,ADMINISTRATIVO,2.5659305952235836,-0.20798432469617675
98590,ADMINISTRATIVO,-4.131253255560277,0.241507213423579
648569,ADMINISTRATIVO,-3.4846849391639325,0.1002161976386804
649629,ADMINISTRATIVO,2.1476240193837075,-3.1863759805974747
649603,ADMINISTRATIVO,-5.8655202174141134,1.490305420966671
103215,ADMINISTRATIVO,-1.6694127659305968,2.4094717341380067
82497,ADMINISTRATIVO,-1.9725762575357573,-4.600359682277091
78513,ADMINISTRATIVO,0.4295767374736805,-4.0227725745103875
95770,ADMINISTRATIVO,0.09494534366642828,-3.84929175558058
78479,ADMINISTRATIVO,-0.21681908529038005,-2.0980785175763867
101161,ADMINISTRATIVO,-5.6522975745298165,0.6542013627069426
96048,ADMINISTRATIVO,-3.769276441869275,-0.2203647893943545
75790,ADMINISTRATIVO,-4.064638689433877,-0.47241913697269544
101236,ADMINISTRATIVO,0.12070400929691326,-1.6526454635638026
96225,ADMINISTRATIVO,-3.975641163049794,-0.4744117732474863
98310,ADMINISTRATIVO,-2.1072182797675856,1.2639616659666695
95657,ADMINISTRATIVO,-2.4470775539619973,-2.499503579652555
78528,ADMINISTRATIVO,-6.35069894931103,1.2573102218552663
102524,ADMINISTRATIVO,-5.106947116158563,0.7064043488537122
95652,ADMINISTRATIVO,-4.9178972953643285,-0.3982041085235925
660648,ADMINISTRATIVO,0.7891548713211964,-3.2251687101616824
78035,ADMINISTRATIVO,-0.5884219661889892,-6.659355599351379
96029,ADMINISTRATIVO,-3.9253147379479962,0.3972868398394257
653690,ADMINISTRATIVO,-1.1690551750819091,-3.6042209252740296
96742,ADMINISTRATIVO,-4.515934669853699,0.3391013939929425
96574,ADMINISTRATIVO,-5.075216144866483,0.22639528317272017
78450,ADMINISTRATIVO,-5.107744669647797,-0.9508975148590558
95991,ADMINISTRATIVO,-6.107971494906575,0.5675742325797453
98544,ADMINISTRATIVO,-5.406869508076244,0.5012313870344379
659820,ADMINISTRATIVO,-7.056204112081816,2.6905077762786522
96906,ADMINISTRATIVO,-4.280460831795143,-0.2515282032758196
102049,ADMINISTRATIVO,-1.6386843216083795,-6.96025451989695
98233,ADMINISTRATIVO,-3.9891960330645158,-0.3265090696300949
98856,ADMINISTRATIVO,-5.220802485895862,-0.9099736812737101
97933,ADMINISTRATIVO,-6.150364977376795,1.3424682652453823
96833,ADMINISTRATIVO,-5.323316886025042,1.5672074740705078
96852,ADMINISTRATIVO,-2.1785281624299424,-1.3719480567743134
97298,ADMINISTRATIVO,-4.526915483553226,0.0307870697159672
95813,ADMINISTRATIVO,-5.277782192719897,-1.4990140286228772
97158,ADMINISTRATIVO,-3.496122135442532,1.2253176838744106
97836,ADMINISTRATIVO,-0.3642758991846711,-1.8035862817085995
100470,ADMINISTRATIVO,-5.678572231940311,0.653162414585526
101371,ADMINISTRATIVO,-3.3035238265850007,-3.991563741594558
98513,ADMINISTRATIVO,-5.172187830432419,0.4739431019106321
653775,ADMINISTRATIVO,-2.3679926015817543,1.5988260666855172
100471,ADMINISTRATIVO,-5.673572102117669,-0.10113926750348674
96832,ADMINISTRATIVO,-0.6555153962590936,-0.9061482041822755
652588,ADMINISTRATIVO,-1.2920435966365424,-0.9650503344587092
98372,ADMINISTRATIVO,-3.552997301955062,-1.0543630243313236
98214,ADMINISTRATIVO,-5.33210062344094,1.3275314792930324
99983,ADMINISTRATIVO,-1.5779338694636198,2.3241859539325365
100591,ADMINISTRATIVO,-5.737094545053011,-0.5111422895626283
656001,ADMINISTRATIVO,-6.6815933974562505,1.672243837694127
98398,ADMINISTRATIVO,-4.929205209709295,-0.37018853993909046
100592,ADMINISTRATIVO,-3.1046419480238128,-2.4646411583332397
100434,ADMINISTRATIVO,-6.018634344253188,1.1950756431761929
98376,ADMINISTRATIVO,-4.599387559681759,-0.03242554292541026
97894,ADMINISTRATIVO,-3.3605623464497363,-1.9350529859179628
100259,ADMINISTRATIVO,-5.302429979750772,0.7466323764121725
103214,ADMINISTRATIVO,-1.4911788710193186,2.481822757975563
99686,ADMINISTRATIVO,-5.039031558761081,-1.5007440107144128
662522,ADMINISTRATIVO,-2.533513721601161,-0.19434666997035513
100450,ADMINISTRATIVO,-4.987867082523358,-1.204016874981158
653585,ADMINISTRATIVO,-4.181271805182433,-1.1352409855308243
96856,ADMINISTRATIVO,0.31508586481091144,-6.751623466117426
100262,ADMINISTRATIVO,-5.442402947184853,1.0383783152578259
99596,ADMINISTRATIVO,-2.20139446816039,-2.647985444103264
652704,ADMINISTRATIVO,-2.121186744387578,-4.927656482394216
652808,ADMINISTRATIVO,-3.8288657304430243,-2.7851613845552325
100424,ADMINISTRATIVO,-4.804585732032589,-0.9706524998094833
102662,ADMINISTRATIVO,-3.1948512955955732,-0.8585599861993164
652800,ADMINISTRATIVO,-5.128205148419651,-0.6805059676447957
103220,ADMINISTRATIVO,-0.626739336084183,1.2244682158389883
100682,ADMINISTRATIVO,-1.7078296581107173,0.19603815011284814
652724,ADMINISTRATIVO,-0.4380230956864164,-0.4745861833754398
99442,ADMINISTRATIVO,-3.4347117952706654,-3.0603085883191756
100573,ADMINISTRATIVO,-4.388801270977051,-0.36646310217762795
653778,ADMINISTRATIVO,-0.8209125529622132,1.5575170546801462
99102,ADMINISTRATIVO,-3.8164716472527584,-1.158652294219692
102644,ADMINISTRATIVO,-6.29091575889217,1.0736925239374324
651902,ADMINISTRATIVO,-7.084580291600807,1.7889998858683056
652810,ADMINISTRATIVO,-5.284740450034811,-0.4245181393533463
651675,ADMINISTRATIVO,1.2218351998578187,-8.204361363464924
659580,ADMINISTRATIVO,-6.030861099108129,2.3876115593436755
102594,ADMINISTRATIVO,-5.140599709428151,1.2195812203585101
656651,ADMINISTRATIVO,-2.3592087529067025,-0.9205067697173154
655747,ADMINISTRATIVO,-5.122237654677075,-0.8803261713293254
654129,ADMINISTRATIVO,-5.4669789913877285,-0.4035601454623257
655773,ADMINISTRATIVO,-5.093194157433061,0.14053952754696428
652613,ADMINISTRATIVO,-5.95877916063861,0.10870357081962943
102520,ADMINISTRATIVO,-4.973780360522855,-0.26889558445019707
654344,ADMINISTRATIVO,-3.1005595654009555,-4.515055159664888
657391,ADMINISTRATIVO,-3.3541581770051048,-3.1942719468221084
655702,ADMINISTRATIVO,-3.321814856485595,-1.186451371329047
654027,ADMINISTRATIVO,-1.2717634684004226,-4.5498182747212415
654118,ADMINISTRATIVO,-4.453848545017411,-0.3332229402718336
656168,ADMINISTRATIVO,-2.91688124697649,-3.4950416119837793
654081,ADMINISTRATIVO,-4.3042761266659815,-1.6163261679546963
655520,ADMINISTRATIVO,-4.874382364125201,-1.4890686538623439
655517,ADMINISTRATIVO,-1.4335651452209772,-3.055068702666289
655596,ADMINISTRATIVO,-3.9137354759255665,-1.6117269099853906
662436,ADMINISTRATIVO,-1.654149434788801,-1.5814459196146633
655525,ADMINISTRATIVO,-0.9652516916966555,-5.082858800165149
655764,ADMINISTRATIVO,-3.2183014825099603,-2.25590745206135
656194,ADMINISTRATIVO,-4.383323554015394,-1.154757229217836
651745,ADMINISTRATIVO,-3.495613377931804,-1.5323858081702821
654082,ADMINISTRATIVO,-3.394055338723021,-1.6216289609379981
654017,ADMINISTRATIVO,-3.0705202727400907,-1.804356002061166
659311,ADMINISTRATIVO,-3.937550448526649,-1.544254492271583
658481,ADMINISTRATIVO,-4.042206192685199,-1.8321754779318513
658478,ADMINISTRATIVO,-5.254342921087652,-0.05277316988403871
655516,ADMINISTRATIVO,-6.096441246236238,-0.5043530243242594
658070,ADMINISTRATIVO,-4.626615792863429,-3.4894575842067073
655515,ADMINISTRATIVO,-2.7245303121921545,-2.6010534778859493
658467,ADMINISTRATIVO,-4.829245701487545,-1.1865457187719552
659325,ADMINISTRATIVO,-4.616244035099006,-1.0616026749318952
659728,ADMINISTRATIVO,-3.5810241217130616,-3.26874622988257
683638,ADMINISTRATIVO,-5.112484288220047,-0.4518258424586801
659315,ADMINISTRATIVO,-4.329617840105511,-1.5773592419472962
661047,ADMINISTRATIVO,-5.093608632382489,-0.5389904194074358
661227,ADMINISTRATIVO,-3.142328007080457,-2.452266135830605
661234,ADMINISTRATIVO,-4.1447497452819,-1.792857601639
661261,ADMINISTRATIVO,-2.903591807256742,-2.8396950806552503
683722,ADMINISTRATIVO,-5.466761958252265,-0.9602576141935721
665621,ADMINISTRATIVO,-4.862841985471619,-2.0192966541790813
668898,ADMINISTRATIVO,-4.7415676604769,-1.559915564531414
315,DOCENTE,-1.3567102424424284,-1.9185294640766244
651104,DOCENTE,2.593025509414465,5.019761872666209
274,DOCENTE,9.264239090365294,7.2899692666758416
98950,DOCENTE,-3.9292671417903904,-0.6912685828388638
568,DOCENTE,-1.8750842853993888,-2.8764354595240404
97530,DOCENTE,2.9198666683011067,-0.46330716233843067
597,DOCENTE,2.8854234383239046,-4.138861056779516
529,DOCENTE,7.50461516751992,-5.15983848387712
398,DOCENTE,0.6607113893506251,-4.275223881021317
618,DOCENTE,-2.313145119519162,-1.588909514673874
645695,DOCENTE,-4.86895451540673,-0.6382164614462096
59059,DOCENTE,-2.9087342996850274,0.9227884801852437
414,DOCENTE,0.8014740761256292,-3.95798835857167
419,DOCENTE,2.615357169016481,-2.5930732642408194
641,DOCENTE,-4.070314145673059,-0.7880905481231804
654387,DOCENTE,-2.0394935892718435,-0.5142600989685167
653,DOCENTE,3.1182162809516463,1.2023166766432332
716,DOCENTE,4.8523663562634365,-5.7672691891339305
3454,DOCENTE,3.3829926166179147,-6.721691065306568
3578,DOCENTE,5.90287622734646,-5.627742037435196
648639,DOCENTE,-0.20316668242561908,-2.2253811799113983
656,DOCENTE,-0.33188562612999206,-2.39101082875975
6847,DOCENTE,6.17735756372887,6.113195631032681
649047,DOCENTE,-0.23160084677468662,-3.12690399528917
3309,DOCENTE,4.563867271197715,-3.879039521772516
671,DOCENTE,2.1255461264237923,-2.2313824961965145
653010,DOCENTE,4.121400892202024,1.3453509863291784
3310,DOCENTE,7.503289451545219,-4.385442814541085
709,DOCENTE,9.39928995055093,-4.504061072240238
725,DOCENTE,7.779027363817371,-0.5400584280026448
3758,DOCENTE,-2.9872820178111708,-1.0839358467200806
679,DOCENTE,4.389451193750101,-4.896929700762422
86,DOCENTE,8.54622707694142,-3.7582718083802695
6870,DOCENTE,-4.608461039711573,-0.5450479255305292
705,DOCENTE,7.750050571006864,-2.25465161023947
95516,DOCENTE,6.403859672388887,2.419122217251031
99083,DOCENTE,-3.9416030229253898,-1.3644323442991388
217,DOCENTE,4.12530200668385,-0.9983634351704369
3455,DOCENTE,0.5124439959551315,-2.407343690712137
17054,DOCENTE,-2.0857103783069095,-0.8783755632306471
678,DOCENTE,8.348749101379589,-3.2203476536908853
768,DOCENTE,9.594308594188423,-1.5128792238840554
17123,DOCENTE,-6.672763656018356,0.8951837744937297
649338,DOCENTE,-0.03915351974100467,-3.823031674678211
3683,DOCENTE,-2.292560219362734,-1.4729096696597908
77401,DOCENTE,7.508363028225596,3.013951334967425
820,DOCENTE,-0.8019560949128992,-2.3641845991099086
797,DOCENTE,-3.5253560954678553,-0.5852121155016321
675,DOCENTE,10.867696537248793,1.3970536154792894
78953,DOCENTE,-2.124647830005037,-1.0974789151437003
95586,DOCENTE,-3.6477227644219012,0.2834567022294693
649294,DOCENTE,-1.490060780341324,-2.6047467662233132
780,DOCENTE,9.074975207722495,-0.3246357738433529
5280,DOCENTE,-1.7178496790706674,-2.5003678986376223
808,DOCENTE,4.283424792242044,-6.563529348880707
807,DOCENTE,8.738518001552432,1.9328687357807814
843,DOCENTE,1.8922693957425043,-3.9414747551523894
3760,DOCENTE,2.9549486859270484,-3.373703603272369
805,DOCENTE,2.495577591743433,-5.236392923003164
819,DOCENTE,2.3252055170353767,-3.940634828871461
801,DOCENTE,5.5943616254807855,-6.311267004000168
844,DOCENTE,2.735783013232945,-5.638117562672712
6939,DOCENTE,1.0698448629724462,-4.412993241847874
851,DOCENTE,3.4116149711253962,-3.752579230993209
95633,DOCENTE,0.5933477132030749,4.0129573810618355
836,DOCENTE,16.50179396741099,9.49170477452118
3593,DOCENTE,2.111663437682518,-3.7745550098332363
762,DOCENTE,-0.6128995287410046,-2.858157358819218
129,DOCENTE,6.355419919871037,-5.7956924114240636
667,DOCENTE,7.0819145842138065,-2.5474208070653908
97471,DOCENTE,-0.5757992321236014,-2.6661026257483402
1583,DOCENTE,2.930965016914577,-5.427275010229852
6992,DOCENTE,13.036291813206791,7.218314980097454
870,DOCENTE,3.0160558833172715,-4.641706139272044
3313,DOCENTE,1.6035075797807998,-4.58020104223496
66660,DOCENTE,0.7312641697460021,0.6410074832735471
3312,DOCENTE,10.918538041707066,-0.8072680909308778
645724,DOCENTE,3.181160753526629,-4.972244347304131
874,DOCENTE,-2.177316954093527,-2.6643585665792036
103141,DOCENTE,-3.5319737303146193,-0.5403600146021847
846,DOCENTE,10.885870237122099,0.6683742742646399
697,DOCENTE,12.187746997612741,4.362070119726499
3685,DOCENTE,6.790374369637228,-3.127571501058297
18327,DOCENTE,6.580282591222576,-0.45407420702432705
98973,DOCENTE,2.006350896807314,-4.508569089881664
130,DOCENTE,8.188946678003497,-1.611126189337069
97468,DOCENTE,9.132908350773693,2.186476391167944
654392,DOCENTE,-1.873009273913329,-1.2203350472081327
898,DOCENTE,3.881301172054205,-5.3136502304517546
5290,DOCENTE,3.3173852233261867,-5.357076691773524
654360,DOCENTE,5.985193610805825,1.8942276632640698
3600,DOCENTE,11.655990064087131,-1.8936220643558819
13660,DOCENTE,0.09969771836602703,-3.3529191706944905
3255,DOCENTE,14.455102719008575,6.552443968112331
637706,DOCENTE,-2.6285449402169183,-1.4724371558187719
912,DOCENTE,5.782386655828197,-6.201320594200082
7281,DOCENTE,11.450197949265718,6.887325182185645
760,DOCENTE,4.9978793392071905,-3.9732795510606604
954,DOCENTE,5.2583222681374915,-8.061700908449453
651346,DOCENTE,5.464685250002637,-2.1663517843762414
90,DOCENTE,-1.3907494208988194,-1.93955385152636
923,DOCENTE,6.463582216637589,-4.187720883912411
654361,DOCENTE,1.484263362225307,-1.9816208365313976
641237,DOCENTE,8.183191913815516,3.058903194785974
973,DOCENTE,3.7588297987045163,-5.1187319069399075
103128,DOCENTE,3.240996260806158,1.3612983792425895
964,DOCENTE,9.972835034841616,0.5648215946818296
921,DOCENTE,3.60856843936375,-2.60077260137907
636088,DOCENTE,-3.714517176562919,-0.3781227029593737
926,DOCENTE,-0.8296188169846008,-2.842384926819612
3471,DOCENTE,12.353728810828343,4.488423420845767
7443,DOCENTE,10.68156946902699,5.931713961635626
1013,DOCENTE,5.232916214274017,-3.4676622870984617
5325,DOCENTE,6.933479422316382,-1.5236463458631497
3612,DOCENTE,6.880605660840405,-1.8819079057368622
931,DOCENTE,9.461129242771008,-1.3977850287299507
96324,DOCENTE,7.542842799697046,-1.8832316957709605
1075,DOCENTE,13.099098273514581,6.075877425403856
648615,DOCENTE,0.38850091946714116,-3.7604684503337134
643899,DOCENTE,-3.3332152281960044,-0.37169202188215594
7351,DOCENTE,3.18837200810096,-4.596548028566425
20698,DOCENTE,-4.25429532339296,-0.1354287772597701
132,DOCENTE,0.8204250130740829,0.4127929742181246
1041,DOCENTE,4.473010612930602,-6.765566128554049
1060,DOCENTE,3.4164822974468727,-2.401880135141079
645801,DOCENTE,2.650668472132983,-5.140174042270667
21004,DOCENTE,-0.3470018351722044,-3.4855498109493825
5339,DOCENTE,4.647090818694992,-6.217899712065112
5336,DOCENTE,8.266017739815055,0.33861558343485065
23638,DOCENTE,-6.736846028111612,0.8916059925599422
97463,DOCENTE,11.25064840004104,7.047325130150077
645829,DOCENTE,-4.052268313014984,-0.8653918198065778
13705,DOCENTE,6.992856548134715,-2.343344497372072
5337,DOCENTE,9.345238514972195,4.103320580794712
1108,DOCENTE,6.097869820627026,-8.791717012419102
1202,DOCENTE,5.634540009668641,-1.6527806392777524
1170,DOCENTE,7.053147595376871,-3.0364895719511495
7374,DOCENTE,11.099694198229301,4.403236624341668
22250,DOCENTE,-4.316234636989763,-0.8746638256854031
850,DOCENTE,2.795587349719094,-4.34462579664826
1086,DOCENTE,6.7919563302385955,-6.482437244946021
67497,DOCENTE,-1.9690191642879762,-1.3811036695023113
1006,DOCENTE,5.235871418653323,-5.862649160745237
1045,DOCENTE,5.143281650448214,-1.84725488516709
21436,DOCENTE,-6.062298527912358,0.7059262031688618
1212,DOCENTE,3.9135856177369854,-3.9923785852663456
1043,DOCENTE,8.975973542486244,0.6649483676231793
3774,DOCENTE,1.2615454533591977,-4.733765861500334
3326,DOCENTE,16.210636298475332,8.968505567363467
3777,DOCENTE,5.181546147116409,-4.818471197326721
1164,DOCENTE,5.102120305902518,-3.3100492522745255
3275,DOCENTE,9.81479763121217,-0.47486363104933066
5323,DOCENTE,-2.5826011159167535,-1.4685316739334056
22321,DOCENTE,2.8944781415469425,-5.01807563195993
1145,DOCENTE,-3.175461584193425,-0.9103703157405474
98980,DOCENTE,-4.121911365575677,-0.12903213550203596
7726,DOCENTE,5.520367867277996,-0.9426258731064012
1094,DOCENTE,-3.380914962511527,-2.1944477316039204
1153,DOCENTE,8.83959741217399,-4.508982729065381
1176,DOCENTE,2.699485652744694,1.585262892176049
98966,DOCENTE,3.5095594312077463,0.5932855383935329
1219,DOCENTE,0.14960373535359794,-4.98991220983709
21772,DOCENTE,6.674445078432888,3.879807359634943
1001,DOCENTE,12.273992570689359,4.071667788822446
5307,DOCENTE,0.6250034894144987,-2.308434916443265
11509,DOCENTE,9.447864226857426,-3.6460095972476987
95607,DOCENTE,-0.4843087179917913,-3.052961604492652
3466,DOCENTE,5.994392638669871,-5.868739591591525
103189,DOCENTE,-5.145784966788152,0.31892498330765473
21907,DOCENTE,-1.4660234777801424,-1.894822790560858
135,DOCENTE,2.510334541066369,0.766259361986543
7389,DOCENTE,-0.29705378119030446,-3.2373836933398934
1246,DOCENTE,5.694847668343603,-2.032070091427067
22230,DOCENTE,-4.470739586035906,-0.5112006310346688
1232,DOCENTE,11.32038330926369,-0.018717634060611332
3592,DOCENTE,-4.0522135845138045,-0.6298115908757553
3727,DOCENTE,7.146123909198217,-6.174024711070239
22233,DOCENTE,2.8344824628018044,-4.2253310181075046
3619,DOCENTE,10.396433640395465,1.2556597079276395
981,DOCENTE,7.70098689968004,-0.14147396793740052
1400,DOCENTE,7.9726771951697755,-1.478568898897037
95565,DOCENTE,7.163591251118722,3.3073967965727378
1231,DOCENTE,8.200044328619871,-2.095718946702288
1101,DOCENTE,3.4342086498968154,-4.669152657368248
61664,DOCENTE,5.998709247597568,-6.948509173454501
654364,DOCENTE,1.475331459430179,0.985572467295331
660726,DOCENTE,3.1635514699144602,-3.0102731126563897
649239,DOCENTE,7.341086504979143,5.360814561262503
662684,DOCENTE,0.3964198579589202,-3.3270832499764817
94,DOCENTE,11.872993908473813,1.1518439944657932
669913,DOCENTE,4.837193471228685,1.4438731856749627
652582,DOCENTE,-3.948204929360271,-0.44377307595120324
659627,DOCENTE,-3.5218477718144925,-0.7131645697161122
3829,DOCENTE,6.450734546340155,-6.638954762510157
1364,DOCENTE,-3.7660880938326198,-1.0165625395536955
1360,DOCENTE,7.565301921281956,-0.20764474323927778
3724,DOCENTE,6.925694723531465,2.8880113654967103
1308,DOCENTE,7.769343108647164,-5.1267663060476565
59177,DOCENTE,3.5686475308077625,-4.424160588227327
5831,DOCENTE,2.6831113028367497,0.5792703287532883
5361,DOCENTE,8.592715118176276,-0.5925305531248837
103195,DOCENTE,5.75389429832486,4.452220544182
23468,DOCENTE,-6.27563072759739,0.5457542045007534
98968,DOCENTE,-6.525945288261884,0.6939086070741479
988,DOCENTE,10.539360262553846,2.759213939365062
22783,DOCENTE,-3.5034891124919127,-0.2888885039808666
11234,DOCENTE,0.7101695466603268,-2.517370627766175
29289,DOCENTE,10.76673450275528,6.697242848232805
1472,DOCENTE,12.242404275544349,3.625278765388027
1335,DOCENTE,5.014881219318381,-5.860790131313979
652564,DOCENTE,-5.1467981574331105,-0.40230924672284246
23552,DOCENTE,8.72829076980953,0.66793311763096
1230,DOCENTE,9.411437307763428,0.39021364270797243
1373,DOCENTE,8.610386456136233,-2.674438188192844
7308,DOCENTE,7.764992539356306,0.26275392088191474
651120,DOCENTE,12.075853496647724,8.62204710872593
644047,DOCENTE,-1.589235580465799,-1.504725140473465
8335,DOCENTE,-2.1402851757790997,2.3223924769132305
649245,DOCENTE,10.336927864055024,3.8762689919372293
1211,DOCENTE,11.456002370322725,3.3006051295679693
1135,DOCENTE,10.256411837682645,1.5856786763728998
654374,DOCENTE,-1.170358839411348,-3.0245604231254855
5356,DOCENTE,12.974026065325365,5.3265697122321
78867,DOCENTE,-2.6725535357078196,-1.1635640117197714
100792,DOCENTE,6.374611347826915,3.682408668659964
3765,DOCENTE,-0.5617165019010026,-2.0944246067975327
1411,DOCENTE,10.480952223804056,2.0333691213424703
66966,DOCENTE,-1.7626739524797639,-2.8135729078732754
8757,DOCENTE,-4.000419157819998,1.713774799972979
1220,DOCENTE,11.258587980508956,-0.7331622332104715
1614,DOCENTE,7.819096115657255,-1.5454465810818832
1586,DOCENTE,11.610158088951728,2.9184907027645473
8446,DOCENTE,-3.244275328703047,-0.41929701932098035
1277,DOCENTE,-0.4386714890956216,-1.9229148122163775
1339,DOCENTE,9.050021725785374,-1.3179657409815004
98040,DOCENTE,4.009049381465892,0.20640762533346418
1063,DOCENTE,8.576979038008066,-2.8346487897144224
6056,DOCENTE,8.065948525700868,0.46073622640625667
652580,DOCENTE,2.3782683029904508,0.8894024994390639
70512,DOCENTE,-1.3075144328014219,-2.8607998564571786
102966,DOCENTE,1.874931067740211,-2.4896293420765105
999,DOCENTE,11.003737259842108,0.97331012312931
61751,DOCENTE,1.1005252876821152,-0.6154414649682445
96499,DOCENTE,5.546309008308261,5.3183803901299225
652579,DOCENTE,3.5593411695013746,2.1285167929178606
103196,DOCENTE,-4.806517254163818,-0.059659869476035965
1517,DOCENTE,1.432792370314278,-2.3403289869567625
1154,DOCENTE,8.487622728181261,-4.405102859353056
3728,DOCENTE,10.514197587734259,4.173107221863228
1216,DOCENTE,4.916316136375959,3.039692903156144
103135,DOCENTE,1.2509630089709853,-6.04929160499172
651108,DOCENTE,14.188422611305477,10.460728800313971
26,DOCENTE,12.28526312454732,6.531258656099653
13708,DOCENTE,10.907963828267526,3.839322410610455
7416,DOCENTE,-6.607013894054798,0.7978777517756488
13756,DOCENTE,3.231356320584359,-0.38019879424382635
11918,DOCENTE,-0.41457280895949333,-2.1758083256365013
25856,DOCENTE,7.284834068678236,-5.329944316434642
1593,DOCENTE,-3.614104914804451,-0.2572935060874068
1193,DOCENTE,10.463847037710082,0.18194365212633046
24526,DOCENTE,-0.07603182434445399,-1.7291486785303125
96315,DOCENTE,-1.2061463656850133,-3.439098894134995
3342,DOCENTE,7.330207954105295,-1.8859689907123476
3333,DOCENTE,9.978301506293018,3.9249635492951436
5653,DOCENTE,0.8649511400849033,-4.7347999961079585
25565,DOCENTE,6.296124539025979,-1.4031251047519706
1668,DOCENTE,8.570873875377568,-2.728917889284653
654359,DOCENTE,2.758832415359297,1.6616380619269266
3491,DOCENTE,11.476233613627198,5.466212232219122
1426,DOCENTE,3.810923777936474,-6.180000189223725
3492,DOCENTE,10.764280426169016,-1.4437858160716528
152512,DOCENTE,9.90664000963605,4.572255018009456
25170,DOCENTE,3.8219344043038284,-3.8534127257731456
1577,DOCENTE,10.035017868039144,5.162698251203487
662721,DOCENTE,-2.513548243372427,-2.5938856232717704
1706,DOCENTE,-0.27101739616068743,-3.2462544044893873
96298,DOCENTE,3.4676238097050263,4.535763532772325
1606,DOCENTE,6.282292921781848,-3.4974348975138025
13674,DOCENTE,8.711047715471256,1.0889469794929227
82483,DOCENTE,-4.221497156671857,2.3912277406908897
1424,DOCENTE,11.708268313646652,4.309362052895859
8975,DOCENTE,-3.9645828182228904,-1.5273834682957563
64903,DOCENTE,0.12174999393093922,1.6807566903390792
3801,DOCENTE,5.873526690121666,-4.629145881457485
645722,DOCENTE,3.245652701606197,-4.066088617303546
8530,DOCENTE,-3.591463158329462,0.11506237247728152
5388,DOCENTE,8.27319542228543,-1.4118031831886668
1315,DOCENTE,8.735100871528122,0.9738839485843871
645689,DOCENTE,8.26907705489199,3.9343047085843454
1349,DOCENTE,7.910565509708767,-2.617447284146876
1674,DOCENTE,6.861749755768632,-2.4610169618353113
8293,DOCENTE,-6.482149760402372,0.6368524068084382
1760,DOCENTE,-2.12173304389832,-1.1173684884194557
1662,DOCENTE,9.921956325295248,-0.19892917468890642
1689,DOCENTE,-1.2902378999616335,-2.9403482086426522
26171,DOCENTE,0.10010526460780955,-4.281130706990126
652543,DOCENTE,2.7897910878170977,-5.26847856416919
25989,DOCENTE,-3.568824135556815,-0.2666985005363292
1797,DOCENTE,11.738388879719512,0.35698984077765117
9035,DOCENTE,-3.8422565450732233,1.1739217117594571
25259,DOCENTE,-3.938684606489158,-0.03729717847915892
78656,DOCENTE,4.971189235137624,2.9639261894268967
97602,DOCENTE,0.3346555250437606,-4.461130212313184
1701,DOCENTE,-1.5864835107060267,-1.5455285837354742
649207,DOCENTE,8.398397237317994,4.443977069411092
25763,DOCENTE,-7.8482006107178535,1.109271787537745
3280,DOCENTE,4.835774403311097,-5.167193736825037
683629,DOCENTE,-6.021119232647333,0.8452161168107379
80918,DOCENTE,-2.6258111606065424,-2.0298758149764806
8762,DOCENTE,-7.621925510767159,1.1686941629596859
1657,DOCENTE,-4.485720354612271,-0.5234378801534068
1010,DOCENTE,11.393872434362837,3.5266882838525784
26655,DOCENTE,1.6978191807407388,-4.619533651256269
3729,DOCENTE,-2.749025373087397,-1.4754419880690623
27203,DOCENTE,-4.6304469995193065,-0.4391352559797644
97486,DOCENTE,-1.2832387178298867,-2.2221133848339187
3247,DOCENTE,9.27755851365248,-5.600642411330276
662694,DOCENTE,-2.6566990184480233,-2.3801302597699943
1058,DOCENTE,5.981290498497121,-7.451057557996481
1670,DOCENTE,6.789754655878526,0.6325427804331601
32178,DOCENTE,-3.3867246639732356,-0.9716266239429108
1576,DOCENTE,12.471922796373981,-1.0965043219741175
654357,DOCENTE,-1.5983542210659263,-0.5026063598249288
5371,DOCENTE,6.646283339821244,-4.621471853769994
8666,DOCENTE,4.829951329595937,1.709792204950601
1741,DOCENTE,0.02300180305688926,0.5845391431196324
1052,DOCENTE,-1.2666678798240187,-2.1999871451425417
652557,DOCENTE,-2.6998240740486494,-2.4809007463006196
1697,DOCENTE,-2.5249523034125176,-1.452712725498699
27736,DOCENTE,3.9859166244758013,-3.121014839258726
102,DOCENTE,-4.408577726498942,-1.0675996990892698
80206,DOCENTE,2.9163723652599574,-3.5871080922308596
1889,DOCENTE,-2.0085604141359976,-2.001698347803373
1971,DOCENTE,8.10413040606798,-0.3851542348875521
4036,DOCENTE,-1.5719984884045686,-2.302207029377975
8884,DOCENTE,12.741786558687576,5.995498649668173
8766,DOCENTE,3.001445622750227,-3.9103726176536786
66836,DOCENTE,4.721354037755035,-1.0079361931664164
26740,DOCENTE,-2.0093231185879286,-1.6057082703403938
103230,DOCENTE,-2.159638333087106,0.9370250000842686
96,DOCENTE,10.52516835888349,2.463248724905733
2069,DOCENTE,13.2111811414482,6.8912948078164735
1877,DOCENTE,11.920830736454995,3.5466467223529583
1945,DOCENTE,-5.183172514569475,0.28967673518979997
9510,DOCENTE,-4.040324974114101,0.052798745117453194
3596,DOCENTE,6.365156297839863,4.577631945121929
1526,DOCENTE,8.174982858058861,-1.2125404306596292
1363,DOCENTE,6.487049376633508,-5.406345671337587
8497,DOCENTE,5.523894981693352,-2.4292746963295486
13801,DOCENTE,7.787746445411513,5.166852816174008
100940,DOCENTE,-1.4187252995115447,-1.8126124366167973
8301,DOCENTE,-4.471707433173665,-0.5317268975779461
654376,DOCENTE,-2.2465152050670825,-2.1034725769035556
2051,DOCENTE,4.542906423192812,1.69668072210643
2098,DOCENTE,6.900547165827672,-2.244242072703569
1935,DOCENTE,6.841415951763545,-1.4271739554548142
9715,DOCENTE,-7.7661228905349,1.1748521052143721
5185,DOCENTE,-2.740399507274568,-0.29411358998788334
140,DOCENTE,-2.5174472175124736,1.0192621912792001
2097,DOCENTE,-2.293842545411212,-0.30888187989461396
2036,DOCENTE,1.424067735243705,0.5133815969144462
2081,DOCENTE,9.505487645011982,1.3077510638972973
1252,DOCENTE,2.245137532274703,2.9793544425111804
986,DOCENTE,8.522026149859226,1.6163519841067704
1857,DOCENTE,9.161767415364789,3.0498130063985562
1444,DOCENTE,9.845247504088558,1.0447431394002133
2167,DOCENTE,-0.9175336024556597,0.3744420009035292
2178,DOCENTE,9.520193665208762,0.1965401606119399
2194,DOCENTE,5.63194573360103,-2.221670302887915
1888,DOCENTE,7.7661966267092515,-0.9678972713615726
1421,DOCENTE,6.770772190580067,-3.938556017884491
1979,DOCENTE,4.252357872427384,-4.692648821432507
29498,DOCENTE,-2.028316828190036,-2.034308078718289
28061,DOCENTE,2.797810108659598,-4.141325239522139
1550,DOCENTE,4.602967992837984,-4.025675495691011
6127,DOCENTE,-5.588783322356974,1.4643715336523695
1213,DOCENTE,8.183362144077737,2.0710594374536675
9936,DOCENTE,8.727737951662785,2.1617624553602774
1812,DOCENTE,8.623916563732916,2.75481921456988
7419,DOCENTE,8.813959587356564,1.528814011754572
78866,DOCENTE,5.245279029084343,5.610703285751845
1003,DOCENTE,4.176866920393836,-1.8571387297590067
1553,DOCENTE,4.843060418094185,-2.2707106785686966
2308,DOCENTE,4.619739103137757,-0.6025043569395099
955,DOCENTE,6.86285109799837,0.8078490395196327
1097,DOCENTE,6.3215114837325155,-3.9762336928632664
1947,DOCENTE,4.143870220995835,-4.760453056435033
1977,DOCENTE,13.08047351003777,4.689481024021281
3738,DOCENTE,10.003927782987496,2.737029420425257
2312,DOCENTE,3.5785434481321046,-4.892982790580798
2280,DOCENTE,7.951324548211098,1.8003740307391407
9654,DOCENTE,7.49659097072604,1.255003855593869
59151,DOCENTE,2.6441542511947773,0.34560984058322186
8024,DOCENTE,-5.553289896961016,1.0031904278893562
2137,DOCENTE,8.44655839619655,2.8162402710990846
28957,DOCENTE,8.964583390492272,4.648722002942127
13779,DOCENTE,10.794064629504177,2.1589059232520884
1098,DOCENTE,10.537046989229147,3.412188859414773
2161,DOCENTE,9.045339408341103,5.192903096628264
30219,DOCENTE,-4.862460607550504,-0.953938571987744
651370,DOCENTE,-2.3772939727687845,-0.7784877107344714
98038,DOCENTE,4.943976516970499,2.2181677350520426
64417,DOCENTE,7.5788895524649815,3.704022761232518
1742,DOCENTE,7.479478195084737,2.3083990232177625
3725,DOCENTE,12.019222774388023,4.3132770013087525
8433,DOCENTE,1.2029244802496586,-4.324692232579718
3811,DOCENTE,4.440297927168549,-7.473088414609036
8442,DOCENTE,2.3079445033656922,-5.9772827800218895
29216,DOCENTE,-3.3835628253419214,-0.42036798090579525
11851,DOCENTE,7.664855276268688,3.3484949051701465
1688,DOCENTE,10.609714990582127,4.730657174634659
60559,DOCENTE,6.889262617185371,-0.24667888704961666
9029,DOCENTE,-3.807323529427747,-0.47362167623502377
98037,DOCENTE,-0.07273409581290036,-0.67909517808847
10157,DOCENTE,4.873513869832011,-2.472848794159637
28660,DOCENTE,1.9047400081838566,-3.8507372852468857
58968,DOCENTE,10.967055966554671,5.756409352158727
2103,DOCENTE,-0.6840006135304544,-3.2202651121143826
3732,DOCENTE,0.7607636681000538,-2.2085191279009733
2208,DOCENTE,4.066313859330122,-6.225862201055755
76778,DOCENTE,4.804740353175655,-5.44319862345566
2419,DOCENTE,6.406380278766828,-3.632254633452172
8327,DOCENTE,7.234787607069607,1.08253120868454
102965,DOCENTE,-1.8281860975732478,-2.752098777455092
1569,DOCENTE,7.323964409385982,-1.0906192329317386
649184,DOCENTE,8.264974009916969,4.447702722661013
2052,DOCENTE,7.428026108977073,-4.764358612728535
2200,DOCENTE,1.6085048672829236,-3.4064424765351218
100228,DOCENTE,5.117528455052294,0.0642716063576031
10136,DOCENTE,10.070298623231206,4.68094105382669
30492,DOCENTE,7.323785734211094,-4.546361854639523
1728,DOCENTE,-1.5380753640962244,-2.847629471539103
10023,DOCENTE,-6.2400678705265165,0.8733000608690473
29537,DOCENTE,6.1364265763814965,-5.737808050418238
665063,DOCENTE,-4.751798247246807,-1.1999975316344518
228,DOCENTE,5.07894737955691,-5.49484049646877
1681,DOCENTE,7.946457546679135,5.701784533879429
30674,DOCENTE,-3.8407928053720313,-1.670761885968516
1262,DOCENTE,7.641790522637268,-3.678471839608023
66974,DOCENTE,-1.285852660210335,-3.2127576351481384
97472,DOCENTE,2.4124825478878558,-1.5798580517356213
41004,DOCENTE,3.5778417510080063,-5.212633890461245
30390,DOCENTE,5.572442787910332,-1.9017789948275812
650954,DOCENTE,1.9864534147008737,-4.7333841750894
66819,DOCENTE,5.065450358918368,-4.657315241449395
2196,DOCENTE,-4.488294431959002,0.15208098314400942
649377,DOCENTE,3.365316813661817,-4.928605894976129
2293,DOCENTE,5.822407749615134,0.42661880958365794
7232,DOCENTE,-1.0251203908426563,-2.6620358300857716
11859,DOCENTE,2.2917593162607197,-6.4132278250222665
659691,DOCENTE,-2.034824746814223,-1.558523712949685
31176,DOCENTE,-0.9115301121739883,-2.1928396012080555
81247,DOCENTE,0.3447496588431087,0.9827538259495525
2657,DOCENTE,-3.32863027073024,-2.141468618706816
647036,DOCENTE,6.852203906303219,-4.68195908831717
642708,DOCENTE,9.286268842946473,0.9048603649093854
8120,DOCENTE,13.520220340271212,5.590976645013258
81832,DOCENTE,-1.3647104898419362,-2.7818364020275625
33010,DOCENTE,-1.0676604195929595,2.6530920499595134
9693,DOCENTE,-0.09081193232835094,-2.5427083448918073
10093,DOCENTE,-3.1133095229247236,-1.1739516887831296
2067,DOCENTE,2.007233917786534,-3.5146224879617933
37182,DOCENTE,3.775234310458176,-3.807707830996034
2655,DOCENTE,2.2835567311312532,-3.4475009212652803
35095,DOCENTE,5.867785581210314,-5.060115294578442
2390,DOCENTE,7.567929752842017,-2.029062626667977
2203,DOCENTE,13.372496025151058,6.158162851821089
10130,DOCENTE,-1.6785112582662682,-1.584776118568439
1178,DOCENTE,10.671334021640487,6.1924830250209855
3634,DOCENTE,5.868554900937354,-0.10265884078225884
1557,DOCENTE,1.192252951161692,-3.439052883085065
10441,DOCENTE,-2.0931901389800114,-3.292669017301003
2593,DOCENTE,-7.680034253421265,1.3141388550718325
2637,DOCENTE,5.448414237818046,0.4877331367520088
3740,DOCENTE,9.162594730036457,-0.6069555093583197
2125,DOCENTE,-4.437067008121712,0.5697136329499658
195,DOCENTE,1.170766250586416,-3.019425160925153
2498,DOCENTE,-1.1759412558837359,-0.893253374758481
2546,DOCENTE,-4.597213403971912,-1.7612345111733914
10248,DOCENTE,0.2828179197547622,-1.9921025830347492
33100,DOCENTE,1.7870529226191323,-4.458314790534581
1451,DOCENTE,2.1429750698760213,0.05333135701123454
3519,DOCENTE,7.487604214166866,-3.6086499038845345
480354,DOCENTE,4.116024731071151,-3.117323498394813
35472,DOCENTE,-1.6837063570689068,-3.248337994825169
648623,DOCENTE,11.870912352384448,2.1564849627863607
3783,DOCENTE,3.976456653600053,-5.132527829666692
3807,DOCENTE,12.905427197859098,2.396231987354671
2152,DOCENTE,11.23646149903064,-0.40294283013984405
654407,DOCENTE,9.040556240022287,6.345076389934427
652562,DOCENTE,6.796269205447355,4.116414430879642
33872,DOCENTE,-0.6531414402027436,-1.682824052249943
2803,DOCENTE,4.42711003306096,-3.6667533031890263
1329,DOCENTE,11.095906890687552,1.9114964290844214
77528,DOCENTE,9.300291143639207,8.365203246174922
5417,DOCENTE,3.048793698661447,1.974496577130614
651128,DOCENTE,1.6095920827651637,-3.499983422801406
642759,DOCENTE,0.09270750441221765,1.5020236487445218
4383,DOCENTE,9.19115151746469,4.533115725739615
3380,DOCENTE,0.5844021224842786,4.934472914069772
1885,DOCENTE,6.862603335923823,-0.6863409069690634
654455,DOCENTE,-6.2592678233753665,1.3982292202324922
1891,DOCENTE,5.597216152050497,-5.270450220428308
2844,DOCENTE,0.012498402477647108,-4.377874222298794
2701,DOCENTE,13.204529071782655,0.8587109578102681
2834,DOCENTE,5.903874511904484,-1.1502010843502097
4199,DOCENTE,6.656873839529982,1.6389066068091593
35262,DOCENTE,-2.7888308353035276,-0.6841173059961394
1903,DOCENTE,12.356485076502626,0.9427954533908554
12371,DOCENTE,-7.069730932635476,1.2738989857489158
658138,DOCENTE,0.9497283987711658,-3.7431657746138147
2755,DOCENTE,10.0264554470738,4.119852123038644
1142,DOCENTE,7.679404737781311,-1.425245345126306
2283,DOCENTE,7.594944031400398,-4.311609864387475
1848,DOCENTE,6.086908257549914,-0.9343846302426757
2824,DOCENTE,-2.431957789446181,-2.995085985233021
2663,DOCENTE,-4.275980839184458,-0.8632187365412709
652898,DOCENTE,-1.1071805604436509,-1.524070240727785
1601,DOCENTE,7.675753768049478,0.6908335763652109
77575,DOCENTE,9.76475370760874,6.954148004273345
67133,DOCENTE,-2.5881772891052055,0.16615925426597486
103174,DOCENTE,-0.9960229708687485,-2.9484877113181516
651294,DOCENTE,6.719255028147985,2.3168529614459445
43101,DOCENTE,2.187180786763289,-5.318363227010567
8457,DOCENTE,1.5556709996897196,-2.4667168854397743
10447,DOCENTE,-4.011079599869712,0.2382738374550761
2830,DOCENTE,5.2982153849470945,2.77947843798163
10597,DOCENTE,2.1883978508131454,7.84944902556743
2569,DOCENTE,7.186063725412839,3.59001791745924
2710,DOCENTE,-0.9426796520505942,-0.9146833493918656
3800,DOCENTE,2.4296653067227476,-2.3056427138948923
3788,DOCENTE,5.467847891866533,-4.289192151530503
3820,DOCENTE,0.525393743602014,-3.994543673811655
38858,DOCENTE,7.751034439202271,-4.407274551671825
649282,DOCENTE,-0.8567263831223646,-1.9825592268607417
11351,DOCENTE,-2.5374773277398206,-3.1990274156302676
2815,DOCENTE,3.3304701311471057,3.5167901886598245
642649,DOCENTE,7.435968231782044,-2.807915905504886
38281,DOCENTE,8.200023047443992,-0.29734651445616084
36586,DOCENTE,10.422311445370692,2.42827689648442
5436,DOCENTE,8.243883491651463,0.14727922871417462
1961,DOCENTE,10.749908795695845,4.801033112742443
36033,DOCENTE,-1.686514597670571,-0.460285925535686
1113,DOCENTE,-2.613717632932372,1.753297046831172
2950,DOCENTE,6.6431500765662,1.1031993050485274
649255,DOCENTE,9.676994625108623,3.003474145648479
67720,DOCENTE,7.31310284094958,2.487101739944254
37954,DOCENTE,1.5600102004252037,0.8951022601467213
3773,DOCENTE,7.271560060129828,-1.3827267497531255
1933,DOCENTE,10.294713224837235,1.3543399701387608
95580,DOCENTE,-2.3324703086777983,2.170085317085256
3659,DOCENTE,4.526820379385961,-5.737694417654539
3821,DOCENTE,-1.0556151082764547,-0.9614730270397638
47061,DOCENTE,-2.4791317606109406,0.43535822879981745
37198,DOCENTE,-2.240990377655881,-3.0298771738499135
2888,DOCENTE,-2.3237990613082187,-1.2212197856735725
37842,DOCENTE,-4.388095981952666,-1.2339166097890177
2006,DOCENTE,5.325582409864686,1.496703202639366
3541,DOCENTE,13.538600154103275,9.409711568074481
10646,DOCENTE,4.194559237574898,-3.2415480769360494
659818,DOCENTE,-0.7564795861216866,-3.682022620174234
1433,DOCENTE,0.8314132198367084,-4.969830080914932
2608,DOCENTE,-2.671769201428868,-1.7245674361914765
13532,DOCENTE,9.58148473761866,8.039778048405893
9855,DOCENTE,-1.4999781913939891,-0.6921206320879645
10352,DOCENTE,2.9203751469749317,-4.300364222738064
9457,DOCENTE,8.854457165440447,6.383109508931964
40210,DOCENTE,3.1610905083491554,-1.320277037712848
95506,DOCENTE,3.4991382931346102,-4.080045572868101
4273,DOCENTE,-5.5340155451532755,0.44553151053713436
43224,DOCENTE,-2.284374691783829,-0.2517178722574818
80194,DOCENTE,-1.3986047187934028,-2.8017849866245865
96345,DOCENTE,1.8957673821286125,4.155175714143572
90113,DOCENTE,2.0698712640094223,-1.0507870560038637
3286,DOCENTE,4.350723515631369,0.013738435967349916
80200,DOCENTE,2.5233996645415084,-3.185980744044183
3097,DOCENTE,1.7168010900889623,-3.0150255037836504
78898,DOCENTE,9.856743413935597,4.395538461540529
4527,DOCENTE,2.724110486113833,-5.461450766162567
38282,DOCENTE,-1.9841112782422896,-2.5264663842568216
39214,DOCENTE,7.404765239033558,3.106623542466226
2516,DOCENTE,6.968059432542758,-3.490433642735352
57503,DOCENTE,-0.9840802342114963,-3.0306629445450404
662018,DOCENTE,-0.40512357318784575,-3.817459172936014
39413,DOCENTE,10.71827767510899,4.594300350325647
656019,DOCENTE,-2.4316590145564843,-2.200505452025902
662765,DOCENTE,-3.5893186600654308,-1.7256560954199622
10059,DOCENTE,8.202060949207993,-2.0086492219087133
3057,DOCENTE,13.22183208520622,4.8280030650589
35373,DOCENTE,-6.379099512625813,0.6473596272612575
3651,DOCENTE,7.927050822024136,2.8709805937571162
655989,DOCENTE,3.53887008580816,-3.170928994184955
2930,DOCENTE,-4.33743137554639,-1.276749803514572
41626,DOCENTE,-4.508226589204325,-1.677546302364637
4242,DOCENTE,6.196861485472373,-1.731417163008748
3324,DOCENTE,3.127614179358612,1.8905612523904098
45059,DOCENTE,2.5284198789269414,-5.16309347635623
61948,DOCENTE,6.176848912765947,-4.452029711044559
2147,DOCENTE,7.303489610553624,2.7309370926600094
95564,DOCENTE,10.938383719492126,7.40291463146918
651268,DOCENTE,-0.17118294483883156,-3.257156849963134
3017,DOCENTE,5.94454955874287,7.511842032973551
39215,DOCENTE,-5.161932848822005,0.6921380968118303
37082,DOCENTE,7.1925558140059005,6.94581047675486
99043,DOCENTE,4.741449011602774,4.95280050478738
78101,DOCENTE,-4.535347798061863,2.848270093620363
38996,DOCENTE,5.108274599912201,-3.4195889912523882
61775,DOCENTE,-2.3192243639516685,-1.205332321412923
4401,DOCENTE,1.680951362744728,-5.028263384154369
1430,DOCENTE,-0.5126076904064545,1.7208076281330087
98971,DOCENTE,-4.819529090224066,1.2281895960711557
651366,DOCENTE,11.843067957247754,6.486673163336891
100801,DOCENTE,-0.8800205508796122,-2.2636879873501177
4924,DOCENTE,0.017442190317688233,-0.9433243417682617
244,DOCENTE,-0.9934804178093444,-0.6229632612848075
103095,DOCENTE,-2.6479845514437406,0.7837260195226832
10946,DOCENTE,1.6942896380462225,4.662153474924808
3060,DOCENTE,2.665473275038649,-4.232183478485802
4343,DOCENTE,0.17301293202581203,-0.6247477501321934
658676,DOCENTE,-3.8926885470432016,-1.6175074068394384
42893,DOCENTE,-6.874413024174155,0.8061499143881867
52873,DOCENTE,0.1750329653281213,-1.8834018816057194
650568,DOCENTE,4.946061129817397,2.069703339818563
4100,DOCENTE,-4.266290640244182,-0.8781484069122787
41411,DOCENTE,-0.2397799537944172,-4.875452581071269
14060,DOCENTE,0.3712896206755345,-3.7303614744018874
4490,DOCENTE,5.767070545091388,-0.7368485192714598
95335,DOCENTE,4.580694106849023,-0.13050742932910953
9465,DOCENTE,8.455544285511763,4.1153847329390025
654363,DOCENTE,7.857583957067866,5.0479975540831505
3165,DOCENTE,-4.625918459635388,-0.8500048833471994
2487,DOCENTE,-6.265285965424637,0.7950281982535671
3093,DOCENTE,6.301674615623118,0.7639033274572737
99883,DOCENTE,0.19661648878790983,-3.9651250370317572
647364,DOCENTE,-3.3550223674406405,-0.7762064567053673
3015,DOCENTE,-3.330468557483294,-1.8053989669638006
42800,DOCENTE,-2.4252186030683918,-2.8731282948686765
4001,DOCENTE,11.482184523695423,5.994658442699623
6163,DOCENTE,-5.525597377904781,0.5615134375261921
3198,DOCENTE,-2.0035082864673597,-0.6276057194860223
6160,DOCENTE,7.296522935129956,3.0333404234506376
3025,DOCENTE,-7.78636609035643,1.0834459296228762
99736,DOCENTE,6.271743027259711,4.032733134707599
4075,DOCENTE,4.269246764841061,-4.843493872664884
44859,DOCENTE,-1.4289428095363448,-4.0804951235860685
2651,DOCENTE,-1.64530711016718,-2.2550661394746108
659822,DOCENTE,-3.5976433185247725,3.9092477341745036
1235,DOCENTE,8.99920668022974,5.210524508363932
80032,DOCENTE,-4.334077659784773,-1.6524655219745856
3130,DOCENTE,4.864558205772462,-7.057148812407959
12422,DOCENTE,7.731328145267477,0.987369268278752
3131,DOCENTE,0.12524837836001712,-2.7719538937937522
43587,DOCENTE,3.493252872253291,-0.511431215407159
67008,DOCENTE,0.20153704762262503,1.3324469870016407
662718,DOCENTE,-0.14839371409692026,-4.87174707260785
44884,DOCENTE,-0.9785321159944509,-2.596612726677112
654354,DOCENTE,9.578646123940434,7.329372319027638
4342,DOCENTE,-2.712495544243944,-2.653655863966627
4082,DOCENTE,11.113234225213688,4.273796262451286
14147,DOCENTE,-3.697672857860332,-2.2959834239586576
4675,DOCENTE,-1.4255595984336922,-1.7830822177644474
2524,DOCENTE,6.536314717022376,0.20640109758846936
78685,DOCENTE,1.7773834718174424,-0.19330178690989736
4279,DOCENTE,2.3095986767960843,-0.5835168900883738
44538,DOCENTE,-4.137114665960821,-1.622528836194397
5460,DOCENTE,5.569140407442368,1.3182477450273813
98030,DOCENTE,-4.81155787837539,-0.595698079791356
102974,DOCENTE,4.72761195347683,-2.50863022737874
5583,DOCENTE,-0.40773107531735286,-1.080183173950629
44046,DOCENTE,-7.168017093256495,0.8538530973706444
97703,DOCENTE,1.603722230659245,7.341812250778719
2850,DOCENTE,1.4567992388298792,-3.223631850864132
2753,DOCENTE,6.179732425064661,-0.4809651038765192
3208,DOCENTE,4.153033348483505,0.12068475428560582
44205,DOCENTE,-1.0887143973209321,0.683620114930288
44927,DOCENTE,-2.0664710109224793,-2.907874868368875
4135,DOCENTE,5.367675220319459,4.288800662737066
649206,DOCENTE,5.20551612521113,4.657823827429974
3235,DOCENTE,9.088127375975354,-2.5947402871122036
6120,DOCENTE,-2.4746549863804823,-2.922949941243908
11174,DOCENTE,-3.5231701114084406,-1.9877958468839394
3160,DOCENTE,6.054643614555174,-4.966245466333274
44496,DOCENTE,6.73371414516392,3.442881837713142
14465,DOCENTE,-1.944669105711032,-2.394815031257067
3218,DOCENTE,0.4401017308660933,-4.775506343239142
80318,DOCENTE,4.0183692729024605,-2.4649010802091036
97664,DOCENTE,2.3232971185467663,-5.270870413929131
2966,DOCENTE,-2.305985155319565,1.4363014020285845
49500,DOCENTE,-5.065754822635304,-0.49242846058472894
97461,DOCENTE,7.451635504019374,0.7235230684430793
81684,DOCENTE,-0.19237628981568067,-3.410959254306857
4233,DOCENTE,2.3595904585830496,-6.19750212150645
3078,DOCENTE,7.524452504310953,2.5789835019476444
3246,DOCENTE,4.485483527927788,-1.4348706323304756
4667,DOCENTE,-5.527226286086562,0.3762337387722202
12403,DOCENTE,8.625853784424173,4.511664575309967
659692,DOCENTE,0.38078572852963344,-0.5225485501599267
3962,DOCENTE,0.07252099197962103,3.453285390512713
644133,DOCENTE,-2.8481743088794693,5.2117297765435975
46564,DOCENTE,4.259313170141518,-3.293157513737702
652934,DOCENTE,2.249594503014185,-4.283587702838129
3987,DOCENTE,9.04893901580175,5.930391477670466
664869,DOCENTE,-1.3774565294947538,-2.879082805964713
654358,DOCENTE,-1.3447267045870546,-3.845347334078761
41644,DOCENTE,-3.8024726054045543,-0.45431810212743
2696,DOCENTE,6.121123397131597,-2.6819761101631086
5087,DOCENTE,5.659489100393043,3.4399449866070286
4829,DOCENTE,-2.921525978137478,-3.2440933717847105
648638,DOCENTE,-4.36018764017227,-0.7506997679991962
102964,DOCENTE,3.1815026858991295,0.14192032815026154
14179,DOCENTE,6.909913423177319,3.630095237006823
5616,DOCENTE,-7.106564304396605,1.0783284714037424
4067,DOCENTE,1.2273266202489297,-0.5872739636987874
4029,DOCENTE,6.6386002639606945,-3.897342854298284
651144,DOCENTE,-0.49415432384052416,4.658883347984514
647308,DOCENTE,-0.30230159468288686,-3.5589747697977048
86494,DOCENTE,9.86530798990487,4.199937054257165
648617,DOCENTE,7.024101652795161,1.4458065193300775
655982,DOCENTE,1.7890680178251488,-0.8379435062194478
4776,DOCENTE,3.496357889069678,1.4932280669922748
645940,DOCENTE,5.819830182508915,-0.2716597010685183
4488,DOCENTE,-6.139634482188965,0.7888986914443047
12411,DOCENTE,5.964372353758518,1.1013309373916131
4103,DOCENTE,4.980966973229333,-1.4582794791303748
4707,DOCENTE,5.293754056550866,-5.0127916638297885
46306,DOCENTE,2.7189308713136358,-3.4025929456941477
4267,DOCENTE,1.133210113768944,0.5835723883121986
658365,DOCENTE,1.4511797271201083,-0.39483927653713385
100731,DOCENTE,6.1613732163477435,2.717186683244591
48885,DOCENTE,-0.5231615050507208,-1.1217286309436212
14216,DOCENTE,9.801232155894134,7.821497869735057
635845,DOCENTE,-0.7996155906703939,-0.5523278234342872
5027,DOCENTE,8.85396709696839,5.362592827684096
14185,DOCENTE,11.959616962613506,4.870034140748142
101233,DOCENTE,-3.193315331173418,0.4301152657684002
9816,DOCENTE,5.617487376411481,-1.2311637292171675
75537,DOCENTE,-3.673247389802406,-0.05824074605000229
4971,DOCENTE,3.4709750760392444,-1.5929484323938663
642599,DOCENTE,-0.43429132694421124,-3.281075572887568
52852,DOCENTE,-4.106587614875377,-0.7032025435118292
98962,DOCENTE,-4.775593484610603,0.4485179608725607
659823,DOCENTE,-2.9917176914203307,-1.547973010424147
4714,DOCENTE,5.32011330426126,-2.906575854578629
4835,DOCENTE,12.23074145432274,7.180261053902602
49839,DOCENTE,-2.9549491430514374,-0.08250793085007763
48938,DOCENTE,-5.371328387865342,0.33281646298573764
648694,DOCENTE,5.329494152552752,-0.49607054010320223
14004,DOCENTE,5.288346371917783,1.5300257178673666
662064,DOCENTE,-5.183572419106953,-0.8832469462215671
648983,DOCENTE,-2.4194773425786327,-0.029816028787933047
4560,DOCENTE,3.3979176153427817,-5.37558060596939
10941,DOCENTE,0.3212732611584288,-2.6794625094431916
652989,DOCENTE,1.4203169195439305,-1.0026019876404657
14497,DOCENTE,3.015825847192785,2.520275281073212
49869,DOCENTE,-7.6828514292858126,1.1297400195097422
13566,DOCENTE,8.217838129790497,5.00410743796103
49390,DOCENTE,-5.0548400975141075,0.10349525007925217
48755,DOCENTE,-2.111889193028097,2.9561728360025135
652902,DOCENTE,4.110425158625441,-5.059222806620007
4024,DOCENTE,5.356090603030955,2.926080979209368
78731,DOCENTE,6.149688407633636,1.120801346546274
4395,DOCENTE,5.350661682689766,0.8489805616332049
52365,DOCENTE,-6.082892729624732,0.44903760816990934
659678,DOCENTE,-2.5415022553642173,-0.5927778648312134
13895,DOCENTE,4.491671060269439,3.5495355042230536
50416,DOCENTE,-3.4534552343453107,-2.2649542773484557
10191,DOCENTE,6.166601397754838,2.1893269877711345
77007,DOCENTE,-2.915487401855909,-3.1155335144856884
12781,DOCENTE,-3.5394954899029054,-1.211361379392486
49789,DOCENTE,-3.8028871122077934,-1.2483357381314444
4296,DOCENTE,6.869749394951808,3.051377085017724
49926,DOCENTE,-4.165527116560137,3.3763562314859557
95539,DOCENTE,-2.8935879381472347,-0.4203542103369488
97465,DOCENTE,5.527136393025249,-1.3112494726280601
80316,DOCENTE,-3.238044264720563,-2.859068807232777
47478,DOCENTE,2.82474580564109,-2.774086212223678
46760,DOCENTE,-5.290285618481821,0.5979507692777395
13325,DOCENTE,8.436870344751622,-4.027440940433725
48840,DOCENTE,2.6925646711193494,-4.5037249398403025
46684,DOCENTE,3.316756962358716,-1.2739771493099314
49657,DOCENTE,8.707369966562052,-2.2607512085945456
3973,DOCENTE,1.7390547536299392,-2.6346731408107154
98935,DOCENTE,-2.069462094738207,-2.2356682104256325
13326,DOCENTE,2.5873073995402587,-1.9584258963056647
671930,DOCENTE,-4.680617255829396,-1.5359844839771968
4894,DOCENTE,1.7940140984630153,-2.0792031589215
53554,DOCENTE,-7.487989950083116,1.0454738486300776
11053,DOCENTE,-0.3121437139436476,-2.4391107839567896
639481,DOCENTE,-4.637112898973973,1.1857389576784398
660310,DOCENTE,-6.895270680477226,1.0077693030724029
51880,DOCENTE,-4.432598426053051,-1.3169008484716613
95498,DOCENTE,7.0138966972249746,1.345225715500562
55699,DOCENTE,-4.468071312627521,-0.6709369202390714
50103,DOCENTE,-5.031897656691671,0.5891589592596561
98034,DOCENTE,12.703684257172348,7.767652228287298
6241,DOCENTE,5.857450290187745,-4.967422243888715
13929,DOCENTE,-3.0548506620317966,-0.9466844195022441
51681,DOCENTE,4.747150417688549,-1.9982895556232811
48405,DOCENTE,5.004086263626273,-3.936283964819101
51391,DOCENTE,0.9123399283884828,-2.687561857887154
56798,DOCENTE,-3.7169595705198315,-1.8137415180190979
14464,DOCENTE,5.91844004646089,2.536885506540495
14261,DOCENTE,4.84364283656734,-1.0422895639580048
57135,DOCENTE,-4.535269330126917,-1.674039728351873
14328,DOCENTE,-3.5799014591270133,-1.9820710688462
4300,DOCENTE,7.78065962597072,-1.4320666668965367
76218,DOCENTE,-0.43077764846904243,-1.6478530827521447
654355,DOCENTE,6.899040180320351,3.073882051553941
51195,DOCENTE,-1.989535497102631,4.400133513865577
13994,DOCENTE,4.891910354671308,-0.7737456188477647
52953,DOCENTE,2.8176781722995914,-7.129033823529421
53860,DOCENTE,-1.1670655902382532,0.15734056610153152
52227,DOCENTE,4.196484565263847,-6.769912905705249
658678,DOCENTE,0.7958065235683414,-3.200739386027914
4231,DOCENTE,8.541242238611755,4.22325145164481
80235,DOCENTE,-4.223723519831855,1.1540344788492862
51177,DOCENTE,9.757917822577578,0.804633630457819
4901,DOCENTE,2.175088791530972,-3.2439830397657743
54845,DOCENTE,-0.9097299989228016,-1.6924887562365944
55104,DOCENTE,1.4551186658730626,-3.2107624884834847
51159,DOCENTE,5.7873383785434,-5.257716960606399
663058,DOCENTE,-1.9783854024971586,-2.0397927822508213
14340,DOCENTE,6.609672592916094,-2.707634550320993
648710,DOCENTE,-0.30167945359300896,-3.3783832752723373
98936,DOCENTE,2.19539229763312,-3.990096868350307
96391,DOCENTE,2.090003131651727,-4.545366304215369
5607,DOCENTE,-1.86672794945869,2.490725727085588
54706,DOCENTE,-3.6968996689654263,1.945957781902515
53361,DOCENTE,3.240826306951054,-4.591284568024735
53814,DOCENTE,0.5429524976798663,0.6263402927170371
53888,DOCENTE,5.54388656267924,-1.822731189552383
654490,DOCENTE,2.15589647969838,-2.8028240205615034
658366,DOCENTE,-4.249712751416278,2.9538082620943857
14113,DOCENTE,9.573706454121044,4.165666263501486
4337,DOCENTE,5.186366257954026,2.969468667980378
4635,DOCENTE,4.441672864261753,-2.548155728675486
52916,DOCENTE,-7.5214805424141415,1.1302822854139696
52004,DOCENTE,5.577016695165212,-4.281659513041434
103094,DOCENTE,2.340993630910951,-1.1213244637189528
12900,DOCENTE,5.64626445930394,-1.4411219774552233
57960,DOCENTE,-2.981699336054852,-2.0215070503572514
53697,DOCENTE,-1.074902872058657,-1.8950840936113742
54701,DOCENTE,5.939463278883996,-4.250891589319446
55101,DOCENTE,0.5435717143278476,4.0887406235343
5588,DOCENTE,6.189169137943336,0.9835437276598193
54603,DOCENTE,-2.631003248248753,-2.062757118261933
52752,DOCENTE,0.5817074819544623,-2.510639312965626
645105,DOCENTE,-7.558242361221413,1.2216371361260956
53238,DOCENTE,1.4120148914576376,-4.064843781810174
56628,DOCENTE,8.86008940611897,5.416147322030904
54744,DOCENTE,8.109690718927254,0.5171982255912148
5590,DOCENTE,2.2588489261003195,0.08633841496842637
53355,DOCENTE,2.1793242056258046,-5.402475093942087
651350,DOCENTE,-0.6909747504039498,-2.775987843993956
103178,DOCENTE,-5.6913545698112085,0.3781283022016331
51212,DOCENTE,-1.5453660353294947,-2.5693851871251066
12880,DOCENTE,-4.070662013164115,5.227932624339488
14089,DOCENTE,6.242835948195091,-0.4998866078075051
651372,DOCENTE,3.0985008584189613,-5.102065729590846
51716,DOCENTE,-2.3662546056197087,0.21458300394296242
53856,DOCENTE,10.699518434668946,7.083721178723165
54568,DOCENTE,-2.5208185647849306,2.080017013752718
14309,DOCENTE,-5.16908262438859,0.39459535513084737
57729,DOCENTE,-6.0051781894729,0.7309578808790289
14489,DOCENTE,-2.6057008422282752,-2.1521033565026504
14155,DOCENTE,10.400095157758955,8.100358955093869
652546,DOCENTE,1.661544725075597,-4.514769061341583
14321,DOCENTE,-6.2984125098495,0.9267344683642136
53126,DOCENTE,-2.9808850639153377,-2.0435946686582187
95278,DOCENTE,3.973814012639682,4.697498299526121
14164,DOCENTE,11.466136465093083,5.0663494159507625
654370,DOCENTE,-5.474145529323575,1.3670131072529126
57143,DOCENTE,0.5066316630496805,-0.2943918498938713
14333,DOCENTE,1.0111038014835034,-0.6189200251448728
51232,DOCENTE,-0.6803518193517417,-3.02542271000169
654365,DOCENTE,4.379702114935951,7.082578859503308
14547,DOCENTE,-6.133500036395317,0.22042535876369695
55814,DOCENTE,7.752071124001829,4.719928994336548
53239,DOCENTE,-0.9469480081107846,-0.015096710472274955
57394,DOCENTE,-4.053126062423253,-0.945628796992714
649335,DOCENTE,3.2079821095852115,-4.747588366644191
14397,DOCENTE,-7.239938004970297,1.0026584496897522
54155,DOCENTE,5.658488720778734,-2.2452549912198183
53811,DOCENTE,8.12571705048111,4.15384018502267
56233,DOCENTE,0.28027863757123583,0.34693040859017005
52751,DOCENTE,-5.169622193241567,0.26529068894359
56607,DOCENTE,3.0085541430617786,-3.745501474464666
57062,DOCENTE,-0.6367044090722862,-4.1834128119995695
58595,DOCENTE,6.254432944448463,-1.542563996378084
56529,DOCENTE,1.199921531915873,7.173174796925244
51595,DOCENTE,-0.7824137292645239,1.3644124133645101
81391,DOCENTE,-3.272452811274776,-2.029045369568346
14361,DOCENTE,-5.950021092400468,0.356043547425473
102971,DOCENTE,4.7737074791191105,-3.9016835102453045
55666,DOCENTE,0.4781247532458921,-1.964424725876562
653854,DOCENTE,-0.6906950258000939,4.919087574880436
655963,DOCENTE,-0.7184242186044438,-1.9331148592352816
669912,DOCENTE,-0.9696331933216247,-3.808036029688726
14617,DOCENTE,-5.1535261769349106,0.40986169645800846
57817,DOCENTE,-5.409424949070319,1.976503235063951
14153,DOCENTE,6.582318452231177,1.6523236578343778
55735,DOCENTE,-2.2711960850105735,-1.287267423755583
659679,DOCENTE,6.427191501100704,3.3436339683533416
55230,DOCENTE,3.5432606757452376,-2.630004576170737
57204,DOCENTE,4.278156001021854,-2.3800630551121738
13876,DOCENTE,-0.140734397358945,0.37110860900014
14390,DOCENTE,-0.999631475119384,-4.041324859057771
78520,DOCENTE,-4.622593717263898,2.4222188488918457
652545,DOCENTE,2.592495801462243,-4.4465582370808265
57181,DOCENTE,-1.3799608543658166,-2.6809128781049676
660358,DOCENTE,-6.758503431560014,0.8435402240465228
86407,DOCENTE,-1.605850317824659,3.0074634387115253
55753,DOCENTE,7.258843011965049,0.20078431980921174
56809,DOCENTE,-1.4112316459142589,-2.207868032620696
56170,DOCENTE,-5.139773520762719,-0.6653631041104213
673638,DOCENTE,-1.6893378730049127,4.084026088239566
13055,DOCENTE,-0.8403693837731594,-0.12513250214886618
57652,DOCENTE,-3.7604095571071103,3.845707765810787
58345,DOCENTE,-5.450607098121931,0.5564977292205665
56743,DOCENTE,4.646737331119439,-0.746301426274302
51050,DOCENTE,-2.0035776507339706,-3.156044586889018
59670,DOCENTE,3.995809351880105,-1.7108956867879874
55731,DOCENTE,-1.3033163569739605,3.7604493005239434
56413,DOCENTE,-1.9248706752253644,2.448224562388919
59225,DOCENTE,0.4466004777534365,0.18119321415896836
57199,DOCENTE,5.813472590132904,6.700106242912981
58915,DOCENTE,-1.1220206170127278,-0.20218732529432776
56180,DOCENTE,-3.2924937174716815,-2.3437361425691434
58749,DOCENTE,2.581645115990046,-2.5171156562894996
60619,DOCENTE,-7.362275581333925,1.1481579411076501
56567,DOCENTE,-3.5743809431227005,-2.311379152986751
60511,DOCENTE,0.6325228825657261,-3.449905306198477
59484,DOCENTE,7.1427202522247315,1.6685476253753724
95575,DOCENTE,4.7684422684739385,-4.169224022125954
56189,DOCENTE,-1.4034981579314754,-2.316987321312651
658334,DOCENTE,-6.89387363776158,1.7631576469552985
77512,DOCENTE,-2.3242284113298286,-2.1213324615248896
58627,DOCENTE,-4.024675249601453,-1.115102863030648
60260,DOCENTE,1.4958349299367661,-2.94509192266457
58711,DOCENTE,3.2885351673048415,-3.1013265884036394
654356,DOCENTE,0.5415046411055613,1.6040418131574856
57365,DOCENTE,-3.383230385506826,0.2682640740124375
94835,DOCENTE,-5.235894494104224,1.5580292588489937
644484,DOCENTE,-7.704914049319747,1.1795084945563576
59818,DOCENTE,-1.6939770948653332,6.103432813282491
662184,DOCENTE,-1.890827568990546,4.963199433391435
59557,DOCENTE,-1.7636180094212597,-2.998725994866825
55817,DOCENTE,-4.777074131759364,-0.04031275503482884
58795,DOCENTE,-2.5198563948028148,-2.0193470272224032
73504,DOCENTE,-1.1916367170051783,-3.1269942009188516
59217,DOCENTE,0.5905735164783552,-4.516933034399798
59988,DOCENTE,1.325822835647387,-1.8320490955920097
57700,DOCENTE,-3.0830226057167858,-2.676145324618128
59468,DOCENTE,-5.729126412963569,0.5842886263613872
59216,DOCENTE,-1.8567909980914052,-3.4784556192530722
60347,DOCENTE,7.023050338251648,5.469997837396701
60112,DOCENTE,-0.8540265941350729,-3.0845668437474925
58629,DOCENTE,-3.8779158869045665,-0.2668011773105134
59104,DOCENTE,-0.28982735310913554,-3.9839437411871486
58710,DOCENTE,4.843714010283388,0.9961809350941437
56639,DOCENTE,2.986220811400214,-5.485283480832331
59495,DOCENTE,10.761170305038796,3.6963013883044398
58819,DOCENTE,6.8830835483597825,0.034382866109913535
61199,DOCENTE,7.603271115826312,-3.2990352616507166
58609,DOCENTE,7.285836822789391,5.427604201891003
59691,DOCENTE,-3.425707956661644,1.0430194718329768
59794,DOCENTE,4.975160716564816,1.5560571792536801
24479,DOCENTE,5.144276431995877,-2.224153203874949
58867,DOCENTE,-6.774155455881962,0.9608821930341902
68247,DOCENTE,-6.925407160614409,0.9253588407007913
677460,DOCENTE,-4.056677443583624,-0.46989660955009777
60263,DOCENTE,-3.176687094330214,-3.01986901235641
56935,DOCENTE,-7.503940048420352,1.106788867540818
59239,DOCENTE,-2.5910356367962164,0.4786745061356268
60408,DOCENTE,-7.024911718661614,1.6698186940066482
60020,DOCENTE,2.3939159629359326,-1.093714369129273
58939,DOCENTE,-5.848471154628584,0.7962556782495092
97473,DOCENTE,7.460504581548524,3.9239463603671387
59660,DOCENTE,5.762495711443058,-0.938513643044903
677461,DOCENTE,1.5157859964818696,3.1275831533406784
68191,DOCENTE,4.461998550133192,-2.6385911961045654
59234,DOCENTE,6.956393253255309,0.7586206232169241
60381,DOCENTE,-5.152058714436198,0.33537375003114994
66174,DOCENTE,2.536559485624709,-0.46015533982093443
102968,DOCENTE,-2.850824177182817,-1.940399965501307
59525,DOCENTE,2.3097166776464304,0.13169704513198494
59237,DOCENTE,-2.7035834528873655,-1.6741200870436168
59958,DOCENTE,-3.2321875062167127,-1.0444259558527986
58645,DOCENTE,4.650133268131087,-4.586063422018018
64647,DOCENTE,8.911731790679962,3.6887727601582845
60306,DOCENTE,-5.941283701037064,-0.5053843180492614
64657,DOCENTE,4.9112066729484685,0.1623262653090171
66078,DOCENTE,3.0840455296548894,-3.8416669937089805
66037,DOCENTE,2.32933289699493,0.549297614186767
634801,DOCENTE,1.6378987487838703,2.6323565686010553
652563,DOCENTE,-4.1524002545773,-1.636777776671395
65191,DOCENTE,1.618267684398007,-1.354254940380393
665432,DOCENTE,-2.9984131731016253,-1.9505053083731576
65745,DOCENTE,-3.5415231417725375,0.1488540366449033
65380,DOCENTE,1.6590391904277437,-0.09318801365974666
60838,DOCENTE,-1.6383335144663465,3.022129311098312
659674,DOCENTE,5.417118561731194,6.597118890805244
59754,DOCENTE,-7.269348928496159,1.0067047740055308
647813,DOCENTE,-6.519999436040147,2.0493755885597973
59964,DOCENTE,-3.82298479031331,-0.2557370409302157
67973,DOCENTE,-1.6257230084278786,-3.030988458580997
66201,DOCENTE,-7.404455885240116,0.8591672619976949
59955,DOCENTE,3.450897445482844,-3.3035727922200047
65359,DOCENTE,5.422547908097266,-1.8140402117137315
644211,DOCENTE,-7.177207563143175,1.7553055739120127
653770,DOCENTE,-0.8750186777632021,4.911405141799842
66209,DOCENTE,0.7732115222714482,-4.237124956355234
66205,DOCENTE,-7.136486312114293,1.0626243110051883
644382,DOCENTE,5.115972493287941,2.95405409203849
66041,DOCENTE,-2.372194974685954,0.8775178955945013
61359,DOCENTE,-2.260820458255397,-1.5799851796675808
66025,DOCENTE,4.757881018819215,-3.3702171269814487
65367,DOCENTE,5.510335846123474,-2.8326820171125555
662717,DOCENTE,-2.353962549717336,-2.3296245703661986
65364,DOCENTE,4.129728101953746,1.4149472672860366
65378,DOCENTE,-0.37719778063415355,0.334297127016023
65363,DOCENTE,-1.9296390700789625,2.9351840190299567
60687,DOCENTE,-7.925676235802786,1.1699432999984525
65357,DOCENTE,-3.108133996770757,-0.935096656424574
59822,DOCENTE,-0.09684380722301977,2.6271163122043455
651513,DOCENTE,-3.930819218280546,-1.5457062885520285
639460,DOCENTE,-5.601691013436852,2.0566714966366164
91014,DOCENTE,-3.6194787952233822,-1.6888525814225732
65192,DOCENTE,0.25262389618884873,0.8869699502788304
66177,DOCENTE,2.8837826970525606,-1.6949166404158278
634588,DOCENTE,-6.089581161635092,0.7893593193885211
68186,DOCENTE,-2.7578582538585037,3.0947271865265544
60187,DOCENTE,-5.886274157379087,0.8486186153062383
74221,DOCENTE,-7.684478155033914,1.1978205646462612
66011,DOCENTE,-3.908023720578978,1.9051083122009296
658363,DOCENTE,-4.598957101011431,-1.6229903863947324
634593,DOCENTE,-1.4790440334168578,3.9526194789781024
653852,DOCENTE,6.680886233573005,2.5083427516835166
66062,DOCENTE,-3.202737676344887,1.988045252092064
60474,DOCENTE,0.9245431949386704,-4.709316695923852
660727,DOCENTE,1.9061391391634386,-0.4092842155529061
60402,DOCENTE,-6.806529469153945,0.9242267791022978
66149,DOCENTE,2.1328108612530974,-5.189443979526771
68232,DOCENTE,-1.36346414952707,-2.655666115973574
73495,DOCENTE,-4.566202689023308,-0.40956866599410285
65828,DOCENTE,0.5150643310545826,-5.558163743325265
68084,DOCENTE,3.148867836379323,2.1223877191833465
666633,DOCENTE,-4.58843871956527,2.357200053276336
73763,DOCENTE,0.9418168800817872,2.3413014543562576
81761,DOCENTE,1.8790471333319072,-5.950316454830339
634625,DOCENTE,0.6038527007077588,5.08189049535162
659664,DOCENTE,-3.484466895083487,-1.969962731602368
60114,DOCENTE,6.673624543655236,2.4881479695482596
73837,DOCENTE,-0.9231958267423197,-3.8305416521182525
634728,DOCENTE,-1.4756498153414022,5.788391968081953
634661,DOCENTE,-4.51459556461113,-0.10234212752601923
73803,DOCENTE,-5.056809459627801,-0.10100473950993233
73485,DOCENTE,3.3963929034304785,0.9913424533357627
639791,DOCENTE,3.3031995685132607,-1.5267357932285885
102970,DOCENTE,1.6165969190642295,-4.19708877449974
639500,DOCENTE,-1.328621826758528,-1.3613879624043588
665145,DOCENTE,-2.168378483974362,4.533736924712874
662688,DOCENTE,0.4468169289105992,-3.593744050320796
655779,DOCENTE,-7.074673144792822,0.9429783971019798
73427,DOCENTE,0.5497413923301915,-3.2301871359320935
73498,DOCENTE,2.505583659582948,-5.58573650813406
668363,DOCENTE,2.3634237206635884,2.1006171120665593
642325,DOCENTE,-1.1921599008925248,-1.9730899434173386
66315,DOCENTE,-0.624159222822138,-3.219031852944659
639243,DOCENTE,-3.0429148465899813,0.13907158202886513
634579,DOCENTE,-3.7365414921359017,2.0379761501161826
74334,DOCENTE,-7.041786324319216,0.9806764931481347
71044,DOCENTE,2.289898986559539,-1.3373840487910482
639213,DOCENTE,-5.798960684847897,0.757563424598759
638933,DOCENTE,-3.586229848783195,0.9573440033132228
634521,DOCENTE,-5.795207142222896,0.8611427385746921
638611,DOCENTE,-4.147435617767615,3.564900789482866
74261,DOCENTE,1.8818112962754707,-2.113030847326833
634492,DOCENTE,-5.279060409882737,0.3255653446053401
73466,DOCENTE,-1.7143027444382846,-2.573328048027751
72101,DOCENTE,-0.34922823705278017,-2.8981435627539263
73609,DOCENTE,-1.8619211778896205,-2.7327340088851813
634645,DOCENTE,-5.44278237599808,0.5080256534826193
639024,DOCENTE,2.8828735506268464,-1.618282411213339
677462,DOCENTE,-4.392659942494693,-1.5753648889978538
634709,DOCENTE,0.24333587841121895,-3.54325382513511
643248,DOCENTE,1.789260451002609,-1.2971890235967645
73715,DOCENTE,-2.1826804368267134,3.1962674038996517
634773,DOCENTE,-7.36404756631248,1.239015605332264
73799,DOCENTE,0.49152898653235777,-4.039804260965457
73396,DOCENTE,-4.377395846738686,0.11923032741885034
643396,DOCENTE,-3.1708743125778125,4.625214429955879
69846,DOCENTE,-7.717527135749039,1.27120188133154
639250,DOCENTE,-0.8111948564401978,4.249841706639538
638504,DOCENTE,3.0593497936126113,0.35038337542867104
73399,DOCENTE,0.8840341928416895,-1.15971998938897
634789,DOCENTE,-5.395007158623407,2.9248241129744215
73569,DOCENTE,1.6981727202050338,-3.795439026635773
644365,DOCENTE,-3.6180200742941784,1.9151669201123669
642404,DOCENTE,0.29773032698586066,-0.24366628892227066
74257,DOCENTE,-1.5837849714727417,-2.6843255328610462
662109,DOCENTE,0.20846603705488764,-2.1556969688104988
639176,DOCENTE,-4.690268243315982,-1.2345014832315269
639269,DOCENTE,-3.6384200934783015,3.0944813777540423
634797,DOCENTE,-3.25806642909508,1.7993483857332668
642433,DOCENTE,-3.2082337395415585,-0.17226917367597117
639300,DOCENTE,6.087401716947633,-2.4033385954669884
642311,DOCENTE,2.980563604006849,-4.4611245622530955
643054,DOCENTE,-4.560093675408124,1.907189496432137
644312,DOCENTE,-7.266151428410184,1.2772532450971434
634587,DOCENTE,-1.3365491147874415,-0.765161791344735
638661,DOCENTE,-5.11053232987814,-0.891540969474135
634493,DOCENTE,-5.01024944611023,0.21740600755942208
639501,DOCENTE,1.173486212557095,-2.7582529768413915
659680,DOCENTE,0.28300784745679897,-2.203803581993242
643789,DOCENTE,-3.1152793338891094,-1.8699527437775758
660730,DOCENTE,-0.16303945917193596,-2.5254292443142705
638513,DOCENTE,1.235444872857562,-1.0787515017074885
638941,DOCENTE,-3.878785286396484,-1.644768427748427
639308,DOCENTE,-4.165343307308254,-2.2780521852594164
669476,DOCENTE,-6.288254503738749,0.8821065921289386
639198,DOCENTE,5.3314385953531565,-2.129611449892004
642192,DOCENTE,3.819147675135052,-1.1046645860493844
97562,DOCENTE,0.08390446682607244,5.685469342548856
642382,DOCENTE,-3.912326615209544,2.228170477804622
648455,DOCENTE,-3.0631033819371645,0.9897298427521874
639257,DOCENTE,3.6267330367169457,-0.29367512885994823
638937,DOCENTE,-1.9207564714010417,-3.540764791990205
639425,DOCENTE,-4.243603860213907,-1.2888993516942506
643578,DOCENTE,-7.1101616283296085,1.224462447329305
638921,DOCENTE,-0.4988335249268896,4.686519653866443
638813,DOCENTE,-0.2770337082080703,-2.398374287318884
634800,DOCENTE,5.0561037506292745,-3.0204368386086085
638950,DOCENTE,-5.526860632337422,1.3869492073295795
642424,DOCENTE,-1.8392601652427012,0.18497368175181983
642252,DOCENTE,5.248981323583916,-3.1579561203121678
639058,DOCENTE,-0.37205134881062074,0.8447008446019237
642966,DOCENTE,-6.40035016535261,0.9728633976475352
644606,DOCENTE,-0.8739246081468406,-1.0533673347530585
72297,DOCENTE,2.8678486378677617,-1.3251040985076283
646749,DOCENTE,-3.366643337473273,3.019111522022274
643773,DOCENTE,-7.151111820359022,0.8460877355348819
72321,DOCENTE,-7.744606907037992,1.1321077697663402
643312,DOCENTE,1.4503413645041032,-4.224870190279158
638554,DOCENTE,-1.9272618955903447,-3.403280282306681
639241,DOCENTE,-0.476443852507626,-1.683169222823061
643647,DOCENTE,-3.7619184795286458,0.030369522977521934
639046,DOCENTE,-7.244200765807241,1.6655640113516506
642071,DOCENTE,1.200532119456788,-6.219576207267699
642330,DOCENTE,-6.73467628649169,1.054892873035626
639200,DOCENTE,-4.620019617324948,4.909537945670404
643337,DOCENTE,-5.962901451532287,0.654932917432363
643304,DOCENTE,-2.4420900012547966,-2.8901485565747826
668010,DOCENTE,-5.5051018821137365,0.716079673139623
642127,DOCENTE,1.4250909178870628,-2.1645596076843745
642402,DOCENTE,-4.636628273239769,-1.7920346313658706
644530,DOCENTE,-2.838154674981272,-3.193630378215109
643480,DOCENTE,4.823965738572538,6.216772478078046
103096,DOCENTE,2.275648884072978,-5.038404034525401
643361,DOCENTE,-2.879158951013036,2.338043221526127
642219,DOCENTE,2.7283606624595835,-0.4182293900718744
642360,DOCENTE,-4.250077230891992,1.7502223919059876
643723,DOCENTE,-0.7507659179820751,-1.0969652332617064
645207,DOCENTE,-5.061767036507573,1.8614014514141457
644500,DOCENTE,-0.300162026762687,-2.1674763149653464
639307,DOCENTE,4.767848429799791,-2.6260089468829917
644698,DOCENTE,-5.012544117928012,-0.18212151950272393
82478,DOCENTE,-4.692702786464792,1.8632496094694606
642876,DOCENTE,-1.637831377144531,5.435415938781562
644153,DOCENTE,-0.5337314149564407,-4.65992707377951
645142,DOCENTE,-7.957954572010691,1.3374127221487455
659582,DOCENTE,-7.007577852585951,1.004859183613576
655925,DOCENTE,-6.470671311555625,0.8551130291254609
646695,DOCENTE,-1.5064157500173854,4.551161883390993
644384,DOCENTE,-5.317484469961205,0.47818338435891267
644527,DOCENTE,-2.964137323543081,4.208638539635999
659644,DOCENTE,-1.2066888611157875,-0.6443769989468509
643378,DOCENTE,-1.3169291797333067,-4.039364459070859
643705,DOCENTE,-2.8738399703320265,-3.081678317233684
649663,DOCENTE,-4.941462167285001,2.688787356030271
662183,DOCENTE,-6.442754825104625,0.9749680271798502
643995,DOCENTE,-7.542598316244189,1.2855835340706518
646191,DOCENTE,2.3215591593291425,9.674081845697476
77663,DOCENTE,-7.1373673348394275,1.136625449754209
638919,DOCENTE,-3.090572361842088,0.7388803451666177
644368,DOCENTE,-5.345813134162655,0.4914250215251391
644281,DOCENTE,-2.395257105047822,-2.7392523185292785
659665,DOCENTE,-0.48414670190590936,-4.473730624563346
643421,DOCENTE,5.034452897612142,-1.1812393345130934
645261,DOCENTE,-5.152557206757648,2.4517788402639558
667562,DOCENTE,-7.491405735727095,1.2586214705350238
643656,DOCENTE,-6.053843011268857,0.7073562664985689
644521,DOCENTE,2.8994239836239366,-3.3885480985336467
644388,DOCENTE,-5.474449226776641,0.564336829511688
677434,DOCENTE,-4.758476909375346,0.8871129791638608
643742,DOCENTE,-1.8703196060096918,5.0193181499048904
644440,DOCENTE,-4.744233618739794,0.1955746311502487
643333,DOCENTE,-3.7488157649860474,3.340389309324282
647711,DOCENTE,-5.155528587179584,2.3157433499435074
662510,DOCENTE,-5.209701838493956,0.8129628356753718
644158,DOCENTE,-3.559837588728996,-0.28149655653412836
639057,DOCENTE,-5.952682642686446,2.040496275068259
645553,DOCENTE,-7.134543416791758,1.1630349590121432
646785,DOCENTE,-7.614393255903911,1.1655146365168507
643498,DOCENTE,-1.7568903422337834,-1.9782080925787062
643117,DOCENTE,-3.0971099025575652,-1.5839367170680656
643321,DOCENTE,-5.645606927233282,0.7330177005473741
643587,DOCENTE,-4.835753273858559,-0.653239483723278
648247,DOCENTE,-7.51265257632654,1.269811737960248
662771,DOCENTE,-3.287190786844684,2.272062882924568
645159,DOCENTE,-3.324724835981627,2.4795398441244783
654379,DOCENTE,-6.238649214658034,1.9511298094445817
658674,DOCENTE,-2.0380744648205456,-1.915287126363151
644571,DOCENTE,-1.15176323953095,-1.5832187595506177
643377,DOCENTE,-7.704914049319747,1.1795084945563576
645293,DOCENTE,-5.612320929083463,1.6426399657629056
643715,DOCENTE,-5.441843046994718,-0.39004496687184204
649396,DOCENTE,-6.112107759679115,0.6213693936475286
644579,DOCENTE,-6.555218309953982,0.562763661543196
645513,DOCENTE,-2.1182792415155784,-3.8670926092787705
649411,DOCENTE,-1.656398308621876,-0.36419625153965424
643061,DOCENTE,-3.922497445052146,1.6124606983820327
643309,DOCENTE,1.964281461050347,-2.2307595237709665
643726,DOCENTE,5.480613702698072,-0.42497453514946276
644406,DOCENTE,-0.22372778800941706,-0.24154984677571073
662490,DOCENTE,-6.571807034851812,0.9856866891888822
643562,DOCENTE,-2.1120158965793565,-3.752465383513757
646835,DOCENTE,-1.7397236059929737,3.759073946948504
646418,DOCENTE,2.2924705086206894,5.849078607284182
648036,DOCENTE,-4.676508060369062,-0.9993023343573926
644387,DOCENTE,-1.5743478376883302,-1.636933050461079
646525,DOCENTE,-4.312799242669147,2.451354619836663
94437,DOCENTE,-6.485094407354589,1.130862323622132
643351,DOCENTE,-5.853846814698382,-1.070194631424085
644516,DOCENTE,0.7925961873113345,-0.3682868444979586
646196,DOCENTE,-6.643567108761374,1.6087220488838336
647957,DOCENTE,-6.556184333165249,0.7733962192684023
646025,DOCENTE,0.43619653558907334,2.170565453050413
642871,DOCENTE,-1.313888545176978,5.068120229924561
645627,DOCENTE,-2.1928297612529613,3.583764955632235
98838,DOCENTE,-6.400594897681073,2.9920201823117836
647678,DOCENTE,-0.27411824862118905,-2.2183245874201774
647524,DOCENTE,-4.705845063593882,0.5350171437412367
646256,DOCENTE,-6.5471921387549,1.4731586120108635
645468,DOCENTE,-1.1461617732700213,-3.25365850959345
75964,DOCENTE,0.26085158140317377,5.949860872368698
643308,DOCENTE,-0.1804648432724787,-1.2984329091760618
648282,DOCENTE,-3.330092939162238,5.209904825478089
649436,DOCENTE,-4.822881950435731,-1.7823717959629073
648076,DOCENTE,-2.6259029427985947,5.086890835398303
95878,DOCENTE,-6.405712888825855,1.7875988312113822
647234,DOCENTE,-1.719716748598378,4.400480632635314
644526,DOCENTE,1.6997887150434483,-5.466580889810028
644262,DOCENTE,-2.904170290775875,-2.2630058994705378
648778,DOCENTE,-3.869429933949884,2.2819714391116843
646111,DOCENTE,-3.998956175156909,1.922899665030718
648267,DOCENTE,-0.9626832290689689,-0.012267857405540483
646202,DOCENTE,0.7035048549776888,6.079238216382808
666375,DOCENTE,2.364563882555717,-1.8659907793750905
649373,DOCENTE,-4.4599840949319765,3.12108483138177
645277,DOCENTE,-5.990495204762492,0.51115029976266
648513,DOCENTE,-6.484251120594307,1.3675863833520063
645542,DOCENTE,-0.3073486177139966,1.4014927624452524
646881,DOCENTE,-7.62073155825098,1.264647423031368
645214,DOCENTE,1.8707184861758046,-1.825985180471524
646222,DOCENTE,2.353490383483842,-1.8717012714906744
648047,DOCENTE,2.6351236680083776,2.075806686301377
75755,DOCENTE,-1.316002191725412,-1.1064881771530901
645089,DOCENTE,-7.831078407663113,1.2574713842669227
96707,DOCENTE,-6.830675842912538,0.8218014681914589
96050,DOCENTE,-4.581018827198902,2.0927002052284127
76043,DOCENTE,-6.399367649559518,1.5315284199470955
646519,DOCENTE,-1.3670994279433957,-3.4516390006700046
647831,DOCENTE,-4.217515810278652,4.344232615846924
647968,DOCENTE,-7.487665225653929,1.1972833216816057
650613,DOCENTE,-7.426936636586119,1.1327866203793098
665316,DOCENTE,-5.044167012785115,1.9528517548559323
648427,DOCENTE,-3.192248889553217,-2.25088405991478
658371,DOCENTE,-0.22373401520660607,4.866943777909461
646192,DOCENTE,5.085676825690796,6.5108005965946765
647873,DOCENTE,-5.453417470250621,-1.0979093689707604
646055,DOCENTE,-2.4884772430176683,-2.2386416073998503
649573,DOCENTE,-0.12435466690420593,-1.6182500016577037
75635,DOCENTE,-1.8222411745206344,0.18385254825567995
75859,DOCENTE,-3.129215382965305,-1.4563692200045526
646220,DOCENTE,-3.355530452578839,3.499998981734879
647000,DOCENTE,-2.4334360506417956,4.429905486030342
647747,DOCENTE,1.0869804719737481,6.326663156967071
644515,DOCENTE,-0.7112819755919324,1.7837734817978408
649715,DOCENTE,-3.117919279334271,-2.412884485657632
648810,DOCENTE,-7.119012561299881,0.9944508270760408
647955,DOCENTE,-4.587888407991827,1.4995110096866553
658362,DOCENTE,0.28134652530071724,-2.2358838604241824
649460,DOCENTE,-4.344808259621892,1.2250257629468488
645591,DOCENTE,-7.502726753676888,1.1739420382047208
662673,DOCENTE,-5.532844046483472,1.7821858736563538
644141,DOCENTE,-2.977964649183088,-2.415713752658572
664776,DOCENTE,-7.3493219261539595,1.2051307894524081
649827,DOCENTE,-3.511247194827237,2.835804673480515
650482,DOCENTE,-2.8454880744265414,-2.5395681273741997
646717,DOCENTE,-3.501211869396094,5.053126310265874
659690,DOCENTE,-4.367047372152235,-0.8035883152530636
648262,DOCENTE,-4.912229780979498,0.5189254359226553
643445,DOCENTE,-6.827095599513023,1.1998913094549346
669691,DOCENTE,-4.19983617287043,0.4433628358784971
98780,DOCENTE,-3.836177495316189,1.7074372940928433
77720,DOCENTE,-4.953644060130808,2.476557264918358
650192,DOCENTE,-7.360082517885013,1.323163491594928
649516,DOCENTE,3.52510793237332,-2.577299815213401
75998,DOCENTE,-7.077403221670252,1.046870579421164
650129,DOCENTE,-2.751057227153165,-2.338813141488722
75701,DOCENTE,1.1234284440041757,4.094442073545621
75751,DOCENTE,0.33449841858859264,-4.720700577434772
645153,DOCENTE,-0.7454763974926073,2.880185373003993
76069,DOCENTE,-2.2685752512407658,6.128827363999773
76092,DOCENTE,-5.142723908626328,2.1062951401140233
649634,DOCENTE,-5.060765364511992,0.7135400511755567
76072,DOCENTE,-5.744722306561348,0.8047587067024211
648775,DOCENTE,-7.370351635348767,1.2135837984945317
649592,DOCENTE,0.6913354836773724,4.630348884390759
78314,DOCENTE,3.393995189012344,-2.5535251860429042
97926,DOCENTE,-5.529376110181959,0.6234465355982147
75739,DOCENTE,-6.346498067221349,0.7952268286186717
659596,DOCENTE,-1.1038122402472155,0.5707188801963674
646521,DOCENTE,-6.585596336207274,2.105298160352805
76115,DOCENTE,-4.984762273058896,0.3855580247511218
95471,DOCENTE,-4.168183794120796,-1.2027497149128552
75804,DOCENTE,-6.511514121624834,0.9838104337332019
668132,DOCENTE,-3.5139720878669465,2.7369141671984245
76065,DOCENTE,-5.601029219431947,0.8658603657199475
662172,DOCENTE,-0.7078680528265167,5.172117865677339
662679,DOCENTE,-2.936132916060904,5.584026774508537
75747,DOCENTE,-4.851333538931904,0.19672308377848285
649788,DOCENTE,-7.091978985371153,1.0168220641324994
75750,DOCENTE,-1.2137588149788738,5.727342395139713
649778,DOCENTE,3.0627010967750232,3.5104528636990264
649921,DOCENTE,-6.192593890528622,2.309611072795258
75838,DOCENTE,0.1672544986407689,-3.952336292893348
96064,DOCENTE,-6.4884376653341675,0.7532441109410442
648005,DOCENTE,1.6820493493694793,-2.1432914901029774
78305,DOCENTE,-7.178016520463686,1.1885674990076236
649829,DOCENTE,-7.775368035750403,1.0921810142468529
78381,DOCENTE,-7.744762603583945,1.1924418823510747
650143,DOCENTE,-4.122633114916584,-1.177226385063705
650342,DOCENTE,-6.756409359995509,0.9507339743411465
649836,DOCENTE,-3.3809278359905113,1.940727542619885
649708,DOCENTE,-3.5705981132211795,-2.8792682564337704
75738,DOCENTE,0.18690301301411427,8.419929935970922
95965,DOCENTE,-1.7719372514501237,6.680180436189292
650168,DOCENTE,-6.029096004181105,0.6145914851693082
649631,DOCENTE,-6.976230068875678,0.9126435092058152
648265,DOCENTE,-5.089056261556959,3.2405685341272314
78066,DOCENTE,-5.423734082963189,1.5721600269834457
77628,DOCENTE,-6.310967070972382,2.462623923826733
649602,DOCENTE,-7.544887887090401,1.2518429409687335
649656,DOCENTE,4.15684046600263,5.301831357151478
75712,DOCENTE,-4.3040807522849995,0.08503572886640912
96198,DOCENTE,-7.356958773237692,1.0317997506169818
77764,DOCENTE,-2.018257415784181,6.492468066705653
650090,DOCENTE,-4.384738857686752,1.9528998330875564
75543,DOCENTE,-5.9848836425830605,1.4383672249539787
76024,DOCENTE,-0.7624500601203341,-0.9328243394603739
95830,DOCENTE,-6.328198713510457,1.2026891432316118
76063,DOCENTE,1.2700556072601668,4.121982222184524
668121,DOCENTE,-3.6493469762346162,3.390918381008902
78220,DOCENTE,-3.5083395728563493,1.437407509074984
649635,DOCENTE,-4.075557590177549,2.5392811150399757
76093,DOCENTE,-4.910591731440606,0.4094372423282442
662044,DOCENTE,-4.499473504469585,3.3040737950169192
97328,DOCENTE,-3.763509436936317,1.5984213930115267
97195,DOCENTE,-1.5842545923905464,-0.3132968646219965
648667,DOCENTE,1.9091139409219675,-5.128649361003356
649600,DOCENTE,-4.223159893249587,3.547557523360771
649383,DOCENTE,-6.383698393179353,0.9627726675147115
76104,DOCENTE,-7.0633379479140554,1.0457072725247036
77679,DOCENTE,-4.128974250667425,-1.5557487068882754
669390,DOCENTE,-4.490646376299635,2.7280960170882604
95985,DOCENTE,-4.865857081600783,0.46009683260669654
78543,DOCENTE,-5.23860092060212,2.2055726025076052
95480,DOCENTE,-7.404251607915859,1.2599669034947185
95807,DOCENTE,-4.301368642534536,-2.3283619204096113
95763,DOCENTE,-5.882139844489367,1.9875361943765448
77734,DOCENTE,-3.98115464154042,1.759237605802233
75961,DOCENTE,1.9147918393916283,0.15271882873961945
98678,DOCENTE,-7.118895849455458,1.8326638015418693
97239,DOCENTE,-6.10748416485634,0.6366489730154152
652072,DOCENTE,-6.807681873551834,1.8927743763905664
78432,DOCENTE,-4.245351528745543,3.0920996345687684
95687,DOCENTE,-7.099346194138208,1.1607614255909662
660675,DOCENTE,-6.682446483938545,1.0219418485771818
649650,DOCENTE,-0.3966160149509914,5.314776416722068
96137,DOCENTE,-2.5041971734802817,2.280716305750813
75946,DOCENTE,-0.6805566920578443,-2.7841182208909667
674610,DOCENTE,-5.997393577184014,0.6558191465024172
650162,DOCENTE,0.8772570705189731,-1.7219959940478968
95923,DOCENTE,-2.760241738396428,0.13852656570533942
662157,DOCENTE,-3.8659231407391887,3.1176242019780376
96713,DOCENTE,-7.678516595932962,1.2936796905430208
658364,DOCENTE,-4.971559988558445,1.4920094039314682
95689,DOCENTE,-3.161227253209687,-1.5079363147375087
75684,DOCENTE,-7.168587168201076,1.1701382692992428
78086,DOCENTE,-1.9497431670616454,4.842293345184148
77803,DOCENTE,-4.262357942880676,1.3376179234067795
78121,DOCENTE,-7.5609542975505795,1.2717255557474356
96626,DOCENTE,-4.051895805980445,2.310113040909714
77629,DOCENTE,-5.055786205723132,0.31969112144941175
75860,DOCENTE,-5.015149709569551,0.4261401201398035
77974,DOCENTE,-7.630229964300839,1.108417137068898
655974,DOCENTE,-3.8463703164906287,-1.0710643430968267
77712,DOCENTE,2.274544281523978,1.4458518945011172
75723,DOCENTE,-7.5175311800417415,1.3057109842849786
95980,DOCENTE,-7.556741556696811,1.2668167488717836
96672,DOCENTE,-7.411944564352635,1.224586840365186
95746,DOCENTE,-6.2602333898440525,1.1156293616994502
77935,DOCENTE,-4.288450202657666,2.782511286737667
76094,DOCENTE,-7.222546010564787,0.9887853842287806
77788,DOCENTE,1.4076750215539144,-2.3847429379853127
97362,DOCENTE,-5.203357838940548,0.46569920284212385
98053,DOCENTE,-3.4723147222710615,1.812221355789291
77835,DOCENTE,-3.6162156153187253,4.190341249616317
96900,DOCENTE,-6.563876514216594,0.9253269282344374
96145,DOCENTE,-4.877682438918606,-1.244397175295142
649959,DOCENTE,-0.5652443236486202,5.293905701417927
77854,DOCENTE,-6.862667116518399,0.985340206779995
96244,DOCENTE,-4.8226515154479435,0.8579993841536033
78357,DOCENTE,-3.5591417059394637,3.1935288518533826
77927,DOCENTE,-4.5621451601316245,1.96788999370323
78002,DOCENTE,-0.3197179473593623,-2.2008135084585483
78761,DOCENTE,1.374615012209572,-1.0057679783040867
78762,DOCENTE,-2.290956023963231,-3.502734313313911
96660,DOCENTE,-6.531018942308617,0.8847673134175085
101265,DOCENTE,-2.072568313448304,0.2905159692709596
95988,DOCENTE,-7.019401740699477,1.275854144642045
648841,DOCENTE,-3.3472777348134164,4.782494859917726
97077,DOCENTE,-7.454834438364727,1.2762669954561077
98113,DOCENTE,-7.604718187279021,1.150676130549026
78260,DOCENTE,-7.587025510156412,1.1863814536123445
77855,DOCENTE,-7.3459780751209705,1.1996848838132594
96618,DOCENTE,-6.160380841503651,2.6283514737819877
96023,DOCENTE,2.063917588180879,3.019211512982681
96625,DOCENTE,-7.016472803964551,2.1631080377108525
95732,DOCENTE,-6.296295242171251,0.8473480263827899
100016,DOCENTE,-7.325460612202084,1.743270990426447
98732,DOCENTE,-4.042298185245576,1.2842594484450212
95751,DOCENTE,-2.8910935390043906,-1.0851514274836052
77994,DOCENTE,-6.275513217276194,0.5263375876654937
77727,DOCENTE,-4.557689918073898,-1.280945465733769
98581,DOCENTE,-3.425936429457128,-1.3862760596920831
96042,DOCENTE,-6.86838038850361,1.098525898416671
649398,DOCENTE,-5.389299251039107,2.2803015399969935
96607,DOCENTE,-3.205434305984644,1.9954203969407818
98684,DOCENTE,-5.150643638907937,2.2755421580409623
97155,DOCENTE,-3.102822767815991,-1.1270759157721972
97299,DOCENTE,-5.087240823221849,0.5977395129869261
98706,DOCENTE,-2.3838398553063636,-1.4098036395547642
95870,DOCENTE,-4.325593552333364,2.7939417946966745
97876,DOCENTE,-7.486203459986624,1.334909580626713
98657,DOCENTE,-7.517406120384921,1.2959165796538181
96556,DOCENTE,-2.2825069100140576,4.766623896517823
98851,DOCENTE,-5.916507479635246,0.5524809459542783
103060,DOCENTE,-6.361178629449121,1.706920898640663
97029,DOCENTE,-5.207936290270861,0.4847548184683584
97139,DOCENTE,-0.6044123949161646,5.011177905839038
97140,DOCENTE,-3.2930840648291104,2.826663555854791
96924,DOCENTE,-3.0268947828026302,2.8050726386533666
97145,DOCENTE,-3.201124242852396,-2.579709958005035
98610,DOCENTE,-5.093646612155872,2.0755529496011893
97011,DOCENTE,-6.100331060398562,0.6072961635278253
97254,DOCENTE,-7.02275693771069,1.0875251916162616
96232,DOCENTE,-3.2272439562908852,4.252549241412691
96877,DOCENTE,-3.392980486164333,3.911447140681136
98842,DOCENTE,-5.662228437579416,0.7076058074341641
95911,DOCENTE,-3.7039661118898453,2.3271148502125185
99772,DOCENTE,-3.653892161180279,-3.1199647896298974
98201,DOCENTE,-4.417245814087462,2.2215164982306086
96958,DOCENTE,-3.377046876265447,0.9148048950827408
96570,DOCENTE,-7.5585432007442686,1.2704930294205894
97024,DOCENTE,-7.542598316244189,1.2855835340706518
96954,DOCENTE,-4.13405765877742,3.8477502680181406
97130,DOCENTE,-0.8983420326859066,-3.3710078496365354
96863,DOCENTE,-6.282552977552994,1.2453088117638154
97379,DOCENTE,-7.644154576280912,1.179714919850795
96867,DOCENTE,-1.8175810799453116,2.2235987757449753
97137,DOCENTE,-1.3864239501234956,5.371971895232003
98757,DOCENTE,-4.176968563017221,2.7144855649225876
78499,DOCENTE,-2.184164605055638,4.664105378384118
97410,DOCENTE,-6.505029075120307,0.827224727467871
97928,DOCENTE,-3.3126916872765766,3.10636029335632
97002,DOCENTE,-2.446306859766837,4.849680763380538
97829,DOCENTE,-2.558411218525779,-0.5266005399972413
98896,DOCENTE,-6.712475268245482,1.0699036449828143
96034,DOCENTE,2.1784546244422573,-2.572462278416167
101243,DOCENTE,-6.890825485712645,1.1147796425870302
97845,DOCENTE,-0.03505607594192606,0.4093501004998306
96905,DOCENTE,1.5149066286668216,2.0616368971737153
655729,DOCENTE,-2.150964906160186,0.2874197133108408
98536,DOCENTE,-6.789463966379602,1.7064296759758437
96213,DOCENTE,-5.735813926339738,2.0024032821191793
100555,DOCENTE,-7.467914231225282,1.2144921765831922
100423,DOCENTE,-7.570521190072318,1.24455706691737
96208,DOCENTE,-4.568999315580397,-1.6095253452151896
95787,DOCENTE,-3.7629942841814206,-2.311473999126398
673473,DOCENTE,-4.911104087726748,1.5974090103891985
100484,DOCENTE,-2.0616449023024526,-1.072244452048608
102035,DOCENTE,-6.445349945260768,0.9604742858596576
98855,DOCENTE,-5.036747588731352,1.4334864368000106
99588,DOCENTE,-5.553824956279397,1.5930335873198103
97846,DOCENTE,-5.7629292158424,0.6463047323197166
96166,DOCENTE,-1.6831694339597045,-3.556267723080179
98357,DOCENTE,-4.115200707553369,3.9223963540230113
99308,DOCENTE,-1.4217662798838622,1.2188141210603156
99141,DOCENTE,-5.120310838262062,1.7498377726820546
679555,DOCENTE,-4.777787171252191,1.5952998681355544
99944,DOCENTE,-3.4412620492431296,-1.8127074744347709
97853,DOCENTE,-4.0759794425367515,2.8155848856533816
100334,DOCENTE,-7.134300107237709,1.0093581423831717
101883,DOCENTE,-7.237647713119966,1.1616048737379387
99136,DOCENTE,-7.168296989379558,1.264814306327384
99877,DOCENTE,-7.541118860518055,1.3558617468088279
101480,DOCENTE,-7.192361420267075,1.1416417466697817
99869,DOCENTE,-7.129222530235588,1.128529453789908
98380,DOCENTE,-6.039697983025298,0.7650795170668717
99138,DOCENTE,-7.570399664112219,1.2095839474886054
99267,DOCENTE,-6.666872795587461,1.6872035640924747
98344,DOCENTE,-5.364783912267273,0.6694308905308237
100523,DOCENTE,-7.2627544790878575,1.06201984973204
100490,DOCENTE,-7.295045191756344,1.6292571889332623
101896,DOCENTE,-7.572710489065783,1.2696488299812945
101290,DOCENTE,-5.995741798958898,0.819159591204502
98256,DOCENTE,-3.4439843435531294,3.6116969407477972
102508,DOCENTE,-3.481109532696227,4.811489391137946
101329,DOCENTE,-1.0634246984041282,2.0411305411043097
672957,DOCENTE,-5.141672788529055,1.7178512472389866
101818,DOCENTE,-7.139988368085965,0.9147615327389818
98468,DOCENTE,-7.502222678134288,1.2477157894097846
98417,DOCENTE,-3.883780246755534,4.619506087548121
652590,DOCENTE,-7.240777658387592,1.140451819081781
676557,DOCENTE,-5.618824432016414,1.900756305955963
99110,DOCENTE,-2.152510994519695,4.998434308199282
97056,DOCENTE,-3.5933443506718463,-2.012058857876571
98482,DOCENTE,0.8392381856660194,-0.19082379792059456
98340,DOCENTE,-5.850090537394767,1.3869788054769199
103051,DOCENTE,-7.5183883327233545,1.3027882870754481
100055,DOCENTE,-1.732514080732768,4.538941692125451
98892,DOCENTE,-4.288055471926302,1.2826171421030377
677411,DOCENTE,-5.89195771909883,0.7947996120522687
100136,DOCENTE,-5.203191216218325,0.4966168264284093
98828,DOCENTE,-6.288825268845875,0.7438440782842148
99249,DOCENTE,-6.750935235566022,0.9915743869219591
100722,DOCENTE,-2.9247727988248506,2.4836790633917945
98467,DOCENTE,-7.544887887090401,1.2518429409687335
100675,DOCENTE,-5.779746366616177,0.5747009267556623
99225,DOCENTE,-4.423210943917558,2.5466784065271337
98413,DOCENTE,-4.890392713154165,0.5557553417488774
99124,DOCENTE,-7.059782105200574,0.9364293302783571
102560,DOCENTE,-7.535916106140266,1.3031889328624255
102901,DOCENTE,-6.036389795430749,1.8795114308162526
99143,DOCENTE,-1.2788437279863563,0.6446132707937016
103007,DOCENTE,-7.059427161997058,1.1388635007305077
100304,DOCENTE,-7.5535256067619265,1.123714067013398
101297,DOCENTE,-5.46048539273639,0.6421923551594192
98473,DOCENTE,-5.026687748812716,1.1412132059416076
102576,DOCENTE,-5.247632059234381,1.4097339634138506
99718,DOCENTE,-5.834624049347393,1.7277903653396933
99956,DOCENTE,-6.77973977459643,0.9820943825191719
100276,DOCENTE,-5.1968439177854275,0.5083952999067479
100518,DOCENTE,-6.296137025513153,1.2911896906572449
98342,DOCENTE,-6.317418140599002,0.840482792778783
102526,DOCENTE,-2.2902283384070388,-1.1369063869175253
98686,DOCENTE,-3.649514671483015,2.9383494816665263
651799,DOCENTE,-5.541102273860199,2.465224995119495
652656,DOCENTE,-5.18166781882029,1.8437919080319736
100664,DOCENTE,-3.0399575255712143,2.7539309456697443
98044,DOCENTE,-4.815934592311221,0.28538797389362097
100427,DOCENTE,-4.4029142608280285,1.05881028463104
97037,DOCENTE,-5.5552623238679875,-1.1633750545497803
652589,DOCENTE,-4.904030682008209,1.7805243865067715
652684,DOCENTE,-6.903738437725062,1.1439328839100913
98433,DOCENTE,-2.9003502924693154,5.158662998063744
668333,DOCENTE,-4.6541024109103795,1.0317390093240257
652839,DOCENTE,-3.6233992840196003,3.6492343022286864
102670,DOCENTE,-3.8522017595774756,0.06718940405932858
654191,DOCENTE,-1.7083341166358934,1.7078377788411712
652826,DOCENTE,-7.65515035327053,1.1469072499259458
101281,DOCENTE,-1.8145340036940105,-3.249696770182536
102509,DOCENTE,-5.273048495243046,1.7959135494812217
102688,DOCENTE,-7.431306137212268,1.30714058662469
102988,DOCENTE,-3.7006106092103783,-2.1894687313450882
99887,DOCENTE,-2.9607113340401363,3.9518314115647866
99419,DOCENTE,-7.233905033825156,1.2206006678359913
102604,DOCENTE,-7.72279853131505,1.3722163465496224
651729,DOCENTE,-7.570678180520909,1.396031275312497
102656,DOCENTE,-7.570399664112219,1.2095839474886054
100696,DOCENTE,-7.707325146126059,1.1807410208832039
651738,DOCENTE,-0.9723421601548417,-1.805249141374205
652462,DOCENTE,-3.3418119099896653,-0.8069302092911017
651680,DOCENTE,-5.770547088409208,0.8304314167703462
103052,DOCENTE,-6.329007273457707,0.8214942344736369
100437,DOCENTE,-7.299857580264493,1.057667251903245
652058,DOCENTE,-7.689096967964948,1.298991788031273
652798,DOCENTE,2.1515851856312675,2.8220491827379024
652859,DOCENTE,-7.519106811742377,1.2414542401188202
103016,DOCENTE,-7.519207083595124,1.1826218839529776
652816,DOCENTE,-5.064491558584653,0.9182018860706318
102577,DOCENTE,-7.516658869086248,1.3655957298818102
102655,DOCENTE,-7.456865414747446,1.3413885242116816
102504,DOCENTE,-0.5628305487110123,-0.5010317214462288
102634,DOCENTE,-3.9451001103304493,0.29864335994590496
102665,DOCENTE,-6.862935980760395,0.953476189352644
102518,DOCENTE,-1.9291440958917978,-0.5705481340542149
653183,DOCENTE,-7.55737973430594,1.3186443720796959
103076,DOCENTE,-6.786525148553621,2.426985559183179
652759,DOCENTE,-6.149194542345285,0.8193392088815898
651763,DOCENTE,-5.901069096725098,1.9678084075380504
99100,DOCENTE,-7.7664630417013765,1.2788149740459138
102747,DOCENTE,-4.550629440413214,0.3326095952021387
660059,DOCENTE,-3.445745933059191,1.3525002672539752
102575,DOCENTE,-4.320952478002462,3.63961013489175
677508,DOCENTE,-4.1294692716812165,3.2328999917841026
652412,DOCENTE,-5.741693749292642,0.9808508050322713
653651,DOCENTE,-4.381058053776249,-1.6853166651355933
102559,DOCENTE,0.009897176341387315,0.04657686231000374
652665,DOCENTE,-7.562826352191714,1.1254229221150547
652655,DOCENTE,-6.8670111252604515,1.7157524576336742
652275,DOCENTE,-7.707325146126059,1.1807410208832039
102572,DOCENTE,-4.3853472472204675,4.644644752427899
653534,DOCENTE,-2.3407991779974275,-2.6900720896199353
652047,DOCENTE,-5.958828710593525,0.44806100792097936
652714,DOCENTE,-7.077771567260546,1.1411916171475478
655588,DOCENTE,-7.752739664604976,1.1984239188044818
102812,DOCENTE,-6.95818103378561,0.997936273100209
652450,DOCENTE,-7.6002842243831905,1.092645340958494
102674,DOCENTE,-7.360879016603679,1.1911238194105302
652823,DOCENTE,-7.16989796644922,1.111899291232054
652641,DOCENTE,-6.5826266078891535,0.9462330825482181
651665,DOCENTE,-3.490850059454222,-2.353374998758722
654262,DOCENTE,-3.6709549666827557,2.8795341464871114
653547,DOCENTE,-4.397017362102375,-1.270297580894122
652796,DOCENTE,-4.828226148039945,0.3087947258141451
102668,DOCENTE,-7.544887887090401,1.2518429409687335
655624,DOCENTE,-7.552668444523943,1.3337846863295455
102915,DOCENTE,-1.366296428654496,-0.7142730607799206
652768,DOCENTE,-5.138282771382469,1.1872610868070013
653985,DOCENTE,-4.850598513177271,1.5024189452598433
655555,DOCENTE,-5.608850806838937,-0.6843202294184143
654169,DOCENTE,-2.7205491063359126,-2.565086280614937
655736,DOCENTE,-7.463431566663527,1.1472229436305217
654221,DOCENTE,-7.368288091335279,1.234869029581541
655570,DOCENTE,-5.722780617805903,-1.2352849728814155
654197,DOCENTE,-7.163067106281096,1.1149006009882931
655522,DOCENTE,-6.84323080175986,1.137984653302168
655447,DOCENTE,-7.663585190943131,1.3412507815114008
654250,DOCENTE,-2.5060028175561553,-0.9174324765258723
656587,DOCENTE,-6.659413658172413,0.983116692355366
655569,DOCENTE,-5.667789757312683,0.7918619802125273
654104,DOCENTE,-5.634463359880286,0.6801937172722757
655538,DOCENTE,-5.450737796253261,1.5089334450707474
654253,DOCENTE,-5.365765674835489,0.48851937335237505
652624,DOCENTE,-4.5877956407565765,4.1932280608312675
654247,DOCENTE,-0.8246136598375817,-2.617421013937879
672911,DOCENTE,-5.079389892426354,2.486396537802577
659295,DOCENTE,-7.072753984306197,1.8705375720257178
654107,DOCENTE,-3.9570009065782905,-2.078155535626029
658319,DOCENTE,-5.055524490321457,1.8542404036477456
655235,DOCENTE,-7.620019462839024,1.34264039578129
653914,DOCENTE,-4.587098639518615,0.4009240757527508
653884,DOCENTE,-5.612364442403866,1.7083514152490509
657331,DOCENTE,-5.608550551343851,0.7993520751808281
654297,DOCENTE,-5.313357132909579,1.3792861386094146
658560,DOCENTE,-6.773359234089604,1.7831887826328414
659263,DOCENTE,-6.139219194868197,1.9357195459736767
655509,DOCENTE,-7.314133045157013,1.726462647306611
657523,DOCENTE,-6.108888202257029,1.9723676390840337
657500,DOCENTE,-6.950684238460489,2.384752976398297
657319,DOCENTE,-4.756771977151642,2.087366798157105
657356,DOCENTE,-5.964882629858126,0.8538678867632765
657449,DOCENTE,-5.445692495851757,0.7835286408315261
