IDPERSONA,PC1,PC2
452,4.030390944034204,-3.7985370156408687
970,-3.3973148537378344,-2.8025296549664693
492,-2.6037191163312117,-3.4891270240160903
256,-1.5933081603479655,-1.8146104738682771
98983,-4.092629200212383,0.4103064047046553
3436,-0.22998615840561415,-2.5798009577432537
656762,-5.221914023927989,-2.958195949142171
654445,-5.474024665044772,-2.4005717606886683
91509,-4.097554147212717,-2.9432423404115244
6364,-4.2708677273903195,-0.19383683132223223
315,1.2830624141912654,-0.057404662811672696
659616,-5.252665527863254,-3.001309808056069
489,-2.331788644483377,-2.907020104553275
651104,5.342637837482528,-3.274735989592701
5522,-1.1972288226525312,-0.39498587566529025
274,11.646335522247913,-1.422023476410586
81647,-4.603196043576301,-2.604042735740242
98950,-1.199345941246551,-0.08709408841999441
95409,-4.2097827706215165,-2.5143944957035638
3439,0.7839308315483499,-0.5374279457353388
266,0.12229855799353258,3.0794671044290496
519,-1.8900752256189401,-2.8150515105773852
38,2.9621580263653815,-1.9386947317815904
5821,-4.350212436332491,0.067238392259479
568,1.2661289455008262,-0.9901839912901265
97530,5.7086171612811505,-1.840968188985555
656761,-5.006225157358763,-3.1097778396793503
592,-3.695249269414975,-0.34541485118292403
656787,-4.711334182496817,-2.3846368764257173
81013,-3.770159238502575,-1.6335756043665248
541,0.498985452964826,-0.3609167247893357
597,5.396584810281488,-0.8175709341828981
15674,-4.732058953250869,-2.078668469149573
652452,-4.642505937564794,-2.275530812193212
594,-1.2956480587513042,-2.025813064263019
529,10.297242537664628,1.2084102029312644
78781,1.3490091647587665,-2.1915320577853206
101231,-3.7490095135549217,-2.0995912647952455
15548,-5.392310946577795,-2.1561592112529433
81646,-3.4647555197434357,-2.5170210344059694
10308,-4.516893241839176,-2.1290113573111116
654508,-5.225375013939464,-1.9869630527021416
398,3.8311291185597356,-1.0043545937180536
618,0.49861968066254614,-0.7065825014867838
662103,-5.743437148182822,-2.2901408371998992
425,-2.239557815615721,-0.344407057601804
645695,-1.9872563847352416,-2.7724610327715156
59059,-0.6324576424258226,0.7109902620858085
414,3.585201902376319,1.3272363758903891
419,5.279627773171255,-0.6370830053840271
641,-1.2476645017676584,-0.4994373804245663
97998,-4.616062972275269,-2.040663200169368
7772,-3.638761791264382,-2.999595144112329
654387,1.1474310444667712,-4.317280998652786
3445,-2.0469948331395953,-1.5950166503703738
215,4.929466608682297,-2.6546005426597454
3581,-3.6893772257584825,-3.215006066767295
653,5.520578303374077,-0.6129792746236024
3303,-1.113038079179555,-2.456247682562071
3678,1.829174370914044,-0.18332986347266206
648616,3.110381553254949,-0.21173642738961995
716,7.148189646496612,0.14713079529060225
3454,6.194461268720708,-1.9464608201901643
3578,8.394477799066628,-1.245989766491657
648639,2.6704868498950147,-1.1190671125585738
656,2.4417379516950937,0.6295059190909968
6847,8.209813916959554,0.22493237361532498
3680,6.230538327434022,-1.4727567424875567
649047,2.711815596339237,-0.3060804087046783
3309,6.863415806164639,0.8909283591290956
671,4.822618163314559,0.7690398691696457
692,3.9635372635212955,-0.621624757934091
653010,6.726883784226838,-0.7426448500037609
3310,9.779808261711041,1.3583965412756989
76434,-4.331601701775801,-1.8147985143634457
709,11.995431193200124,0.5463425461447373
39,-4.950010880987638,-0.9794652218495387
6811,0.7600123511664612,4.4558425067587635
3757,-3.968625745858778,-2.7405937792369155
725,10.230988386818204,-1.1393777681502657
216,-3.963603870286333,1.564601486862459
3758,-0.504119014003684,-0.9214513598929567
679,7.176986336814324,-0.04327497969589604
654574,-4.519950142102447,0.006637289991090242
662514,-4.958507827677646,-2.62528239973442
3587,-0.7594869817065487,-0.839647533642511
13351,-3.3992696120257824,2.666874849564659
95270,-4.775830500227956,-2.281312814815297
86,10.98907661542681,0.9866141504565461
6870,-2.0084671994952634,-0.6758082459625475
660646,-5.2495979570878974,-2.9996686200983493
69235,-2.3911571789997046,3.012781539395294
705,10.10192283379917,1.3226659086985757
95516,9.097740733965134,-1.6069644042508657
6810,-3.638477832487286,-0.7751200632363056
99083,-1.1257162332167399,-1.7032829526382889
40,0.7607880567645761,-3.3639969502852285
217,6.933169844215105,0.2867718444173341
66837,-3.407261897946614,-0.6373824756068778
76446,-2.72284337976096,-2.283177674954894
3455,3.3369170459543347,-0.8646629446119402
97455,-2.6055406208661065,1.2193667018093404
98998,-4.573966225361416,-2.510438210664712
64234,-3.39326704233717,-2.874105805413249
17054,0.2385696519618189,3.874179430327021
858,-2.6563710533572804,3.659733304173091
678,10.721633929500207,0.4761616865977216
768,11.831636952577847,0.8173760190164412
17123,-3.781562767402194,-2.6329049295708824
650508,-4.162440783044634,-2.402116310923474
656051,-6.073420009654632,-2.9763360823591585
653814,-3.8036648147710013,2.993806662745418
649338,3.0179377991331817,-1.0977079611410288
95473,-0.011770692226934172,2.371145716529843
654457,-4.930625304548952,-1.5471754124177157
3683,0.4737691287945903,-0.9746861227989355
77401,10.026470987632354,-1.9971887971195597
820,1.9019299953256978,0.7264108057757926
12509,-4.101663192283197,-0.5749789927529969
787,8.677957906921073,1.2363906991759936
797,-1.351410079105954,2.0964907316957477
769,11.513520083562874,-1.4264028706079785
675,13.015735781922949,1.8761744910887743
771,-3.682753421853402,0.35226359690832587
78953,0.7727167798712901,-1.165878625266668
95586,-0.7387876009414076,-2.747301723973297
813,-1.559386917132339,3.3879081268446507
659649,-4.9538835763194315,-1.2756579913503656
659216,-4.400354368312097,-2.8490291552096974
649294,1.7093495577956854,-1.4385899544448892
780,11.296010594035737,-0.23656094642661626
831,-2.139199406084344,5.106972688810842
5280,1.2788279846472026,-0.5874656895683789
808,7.160985992075636,-0.8144704854680339
807,11.119354465105083,-0.30523411006355006
87496,-4.85688999506312,-1.753428892396919
843,4.607428862138122,0.15774645119955027
658725,-4.9088275804458785,-2.0444607319866805
3760,5.788440889990139,0.7669610111885056
805,5.118480845746661,1.489358618318147
819,5.180268796393972,1.372413130297407
801,8.244852902354117,0.6038264551913181
844,5.195521664433945,0.258385463421387
6939,3.979185095634946,-0.863062324641264
851,6.085139425624611,-0.7818468961539904
663139,-3.5864657355567697,-0.37498318412943465
95633,3.0907983014563793,-0.25456313218556526
883,-2.707266901001686,3.851378688587232
836,17.870688396884038,1.164557703461759
656771,-5.002574989623831,-2.735290486692244
3593,4.822394746876365,0.16732411212931536
7179,-5.467106310220742,-1.6723916080488364
862,-2.3721202010218696,4.314036977164137
662102,-5.129475796595965,-3.0917205825991116
815,-2.17002103239331,3.4858453770341815
762,2.2433541557750476,-0.5534643842806328
733,-1.9131411695707004,5.081060387973736
129,9.014591443546552,0.3505052023607727
667,9.327671452142141,0.5691536907406745
662708,-5.540433293679039,-1.7517217350385192
803,-1.8723133679260384,-1.9531992910581675
97471,2.330034727321109,-1.2560613059140242
1583,5.928293710689529,-0.4397427580701685
6992,15.028216937439748,-0.7204641430553315
870,5.882403720481895,-0.33903312328545615
61594,-1.4187024627777989,5.620235387683188
869,5.408114769490946,-1.440832524456522
656758,-4.833694721402399,-3.1587152479623297
866,-2.7437682134941213,4.285325518925746
653856,-4.801979150833243,-2.558077021967926
3313,4.59265922043025,-1.349576943002115
66660,3.4671207544129934,-0.9276714022924902
3312,12.950261389312104,1.9980089867864033
645724,6.114676987684938,-0.2970410299446796
874,0.734632576914317,-2.2228707345581586
676,-5.317758189349883,-2.949644812688063
946,-2.186786685695599,3.698449393590766
647015,-2.421691131534757,0.5995809232158468
103141,-0.35458892430753264,-1.5096130741322091
846,13.219311608769155,1.0146138323554474
878,-2.4677589201975807,3.862917500730406
840,-1.3890212708481993,5.588943948120426
697,14.754549891641375,1.0947865574767754
3685,9.492848239117556,1.0251302821339392
865,0.7490620825519537,4.607052759289445
18327,9.593926451490356,0.7553371138767759
656058,-3.0672588047891796,-2.5661160879754767
98973,5.06561725355393,1.8160336430513473
896,-5.741827834799242,-2.284805513535242
1116,-3.2034729831526216,3.876012047753459
130,10.469571983264345,0.9736122827421759
97468,11.596252179104539,-2.0568449009847294
652947,-5.156714869523601,-1.1170030869215704
81409,-3.5327296690830434,-1.6709935803250273
654392,1.2473115947342277,-3.541418796202012
652874,-5.2465591566096155,-2.9980417480206913
898,6.611980961181235,-0.7308603476575685
891,-1.0971272198386486,3.1787405766285284
5290,6.247755258822669,0.09799664555330402
654360,8.749774527642684,-1.406479035128788
948,-3.8424240641042466,-2.270451214291421
3600,13.969036327630214,1.7095787297925207
658170,-4.709682061900546,-2.409721674414259
1000,-1.8872200800495817,5.5994782221931185
903,-2.1781684170454083,3.945787169736769
13660,3.097179552660466,0.9850435350282837
98967,-3.735531005439186,0.4597917348297179
978,-2.9071497197725575,4.0821004728690635
944,-1.0805005979718982,5.764758961358299
3255,16.04222520560369,-0.42655583948471976
893,-3.2322200287704366,3.2191159896474892
637706,0.09517878060366088,0.0029322815283975706
912,8.211065449937754,0.16470124218212512
939,-2.6279666956207643,4.222694218754719
7281,13.184425015814984,-0.6877682832099754
760,7.73393015706161,1.023830792052232
1032,-2.6002593831028724,3.842689988850035
969,0.9722884585985808,4.91420907259257
953,-2.883217208746845,3.813619438259834
652988,-4.329621296082903,-2.728457072733872
656760,-5.016142797637322,-2.824718438194229
7197,-3.8518664851945466,2.2078034411753116
653827,-3.8336819019964112,2.3730076193463963
3467,-1.492357389709209,4.8741103301425674
975,-0.3701247818670287,7.284837093912326
13663,-3.24389291369138,1.8987627952395174
651451,-5.256125328913319,-0.4490880887629439
954,8.036327634856743,0.5491755217706291
81645,-4.0434713802909625,-2.248142692430412
651346,8.13919490523308,-1.5255500515746045
90,1.032757774938282,3.481378533742377
3771,-2.962128786525674,2.9922037628699343
919,-2.034375805754846,5.133452065363654
923,8.737581149988035,0.10891787064033376
69247,-2.4911156305295536,3.3001718357403784
7125,-2.23338375255483,-0.5908943216511495
77113,-4.315669318509163,-2.3274634641648033
102363,-5.242209018961176,-0.9532535767535354
660655,-4.7947293676271885,-1.4204971692708983
98974,-2.8128322646869224,1.6675769835453478
972,-1.2671126415735068,5.56936598045086
654361,4.51163719782898,-1.7937491554721143
938,-2.768736365102627,3.885377636642236
659610,-5.165414120781124,-3.154980676352725
641237,10.628402266609248,-2.0361739443794287
656697,-6.095888622003472,-2.4024447928946837
973,6.139043828968971,0.43778980220554825
3465,-2.0775221895885956,3.956800498663077
103128,6.06516868299916,-2.635534946419016
964,11.964821884563246,0.20428888593091435
1033,-2.6353189160261605,4.609498792447517
921,6.517370017610012,-1.3872891193408101
636088,-1.4296448024154964,3.0158900270696867
82037,-3.5734391099090077,-0.7377873466339253
656757,-4.823014811262389,-2.9660121750839537
926,2.374139914067461,0.6416788364453299
662709,-5.618862909083021,-2.1545457378939994
3471,14.32469848535789,2.137872401077879
7443,12.489387045890277,0.493758050430691
1013,7.802043523664964,0.47056644600783726
5325,9.609258241487735,-0.1763663787767104
3612,9.091217391174455,-0.04690522891263839
19999,-2.433378393622736,3.2325201566601867
931,11.840276258541095,-0.6713667652159794
96324,9.948498756285401,0.8568459528638216
656039,-4.613738924340996,-1.9061441741514624
1075,14.901335688798815,0.48317234695933664
1061,-2.246669148310951,5.736105228677088
659609,-4.367518664650475,-2.802087245772235
648615,3.672768147401012,-2.312502341934695
643899,-1.0406168262768396,2.804215047548345
7351,6.036324857564615,2.3611463890738644
1122,-3.4011945924966978,3.460616255509042
1038,4.578842382160242,1.3557454475971213
97773,-1.413916967349307,5.303295909127999
656004,-2.9672551170178996,3.3385263591284002
20698,-1.7013898672763474,-0.3998227620188222
11865,1.404832846927159,3.9572902561321257
659600,-4.051412228290001,-2.1459617953988053
660701,-3.5759163777687744,-1.5701534406368718
132,3.388646051653824,0.15692977734161695
1041,7.398974049318549,0.8463838175962878
1060,5.948232304485498,0.08563696372982084
1268,-1.905762299359172,5.354804326489893
660719,-6.2762687846115925,-2.294346659581541
645801,5.760173639604344,-0.5139647868947281
21004,2.4710395706506576,-1.1984093692844637
5339,7.688151571702456,-0.22005774793985644
5336,10.93927161227071,0.6411849184811687
662515,-4.998853656938928,-2.5967156828320794
23638,-3.974252355241837,-1.5018801575735328
695,-3.796787237968052,-2.6742509030768806
1123,-2.2366144334650695,5.411724563456336
97463,13.43425894993662,-0.7358165354937932
656773,-4.475955729606459,-3.0498252070486993
645829,-1.1344303314376682,-1.3910941150485354
95251,-2.291842247556672,4.727279169474976
77108,-4.755636661042826,-1.2245165052778453
13705,9.481849607170185,0.7409249707955684
5337,11.585040487010131,-1.764730808324463
1108,8.750344062347589,0.9164012255184352
1202,8.008173267999682,0.11599530708883943
1170,9.3647168983687,1.8537316101677588
7374,13.026049899073772,0.8882341856184732
449460,-3.372778915113595,0.5745035873376377
22250,-1.393724228494989,-1.3491601861368432
850,5.996119646088697,-0.21001948936072762
1086,9.407818585687304,0.7641959070978518
651295,6.0190811750538105,-0.9471127279172368
654462,-5.323985818261908,-1.1554723529821356
97741,-2.562144701367337,0.7595712492407517
7711,-3.286942108358603,-1.89917190940489
659207,-4.266245391240524,-2.542611509883579
67497,0.8616335624891994,-0.08716773990738368
660656,-4.47406165751151,0.623676211326149
1255,-2.6667178624679573,4.839607612672217
98969,-2.59561963062212,1.4493128960083506
1006,7.7523505656851,0.4744114093895111
1045,7.858110742895119,0.3261434649005651
655976,-3.9261819325255223,1.015035317229413
21436,-3.6749326124187145,-1.4826175584575485
1212,7.071489966424324,0.11911627152621235
1043,11.536521343688838,2.4535259034800667
8331,-1.595723382976411,5.061958207027362
22630,-5.6979979037536586,-2.1403894692287753
1180,-1.5748386129636922,5.292206515657544
3774,4.338609889350168,-0.9838352788835172
3326,17.86158004860176,-2.533756260588099
3777,7.987022250067824,0.605090838856588
1164,7.558084319479382,1.6642007990501062
1014,-3.4664060874546667,-2.32293729230589
1168,-0.8909364220280177,6.5638398827659445
1229,-1.8318584853960076,6.144973911450011
3275,12.465986180784059,1.6464657116738457
67848,0.3479316335720993,6.968022716295683
5323,0.18801125783656258,-1.4416434762703463
22321,5.800783879785009,1.447436550513768
95549,-2.847542807926168,4.255133144011242
64242,-2.322572115330378,0.08999360153514528
22124,-4.813221895948626,-1.2799191815149977
7809,-0.6125934161832578,6.38466863567968
96280,-4.380775406284945,-1.6317937776888107
652981,-5.017112893930206,-2.5221470708381055
652946,-5.068571984345676,-1.0850386445853464
1145,-0.28454720243976295,-0.4019691328651154
640644,-3.6149055392239653,1.4445190195579158
98980,-1.86299897239902,2.9042944217981033
7726,8.376848084135402,0.4030920915042157
1094,-0.11986961251823905,-3.815415623219117
1247,-1.455445501787758,5.553331803635523
656759,-5.054668899260282,-2.9849053031474035
1153,11.023026462610837,1.5128388558010042
1176,5.184060750497787,-0.8373965522782931
98966,6.857966704552783,-4.166578613210409
1219,3.59539699583642,-0.4298663362853331
21772,9.153942992940461,-1.386927431852342
653215,-4.399834132730926,-0.6432923591748673
1001,14.38034236686119,-0.5572517224483735
23825,-5.178749289396469,-2.191498418177019
102085,-2.8602832476026006,4.334201955894202
5307,3.159916949715901,-0.47653330527870075
11509,12.08252617391626,-0.19088217384039172
658662,-4.411598308161229,-2.502099264869755
95607,2.742591507323803,-1.4241112244848826
3466,8.36520723969371,0.4907635811454987
97637,-2.9794687793151593,3.412374417171258
455667,-2.78234857234691,-0.12184377891198218
1205,-0.18920857553806592,8.138714726519247
103189,-2.740989520664903,0.557891679640056
21907,1.4331476961120406,-0.9995202393207826
135,4.855340028072649,-0.196802708218418
7389,3.1043092202938087,-1.0654333184097657
1246,8.371883590444195,1.0616802357764383
90756,-3.764973731486107,-1.9202986600672438
22230,-1.5153340745323978,-1.761368869698214
102302,-2.4482581546846665,-0.6568172813676647
11220,-3.452041806021391,-2.717553439654006
651135,-2.5466945917551813,4.549975473977176
658124,-5.6918209378682105,-2.120186483411953
101244,-4.427943033987754,0.8995881628983183
651062,-4.743365880758726,-2.0896504746874465
662138,-5.664307568653885,-2.303841769164872
1232,13.136580320741668,1.1365810721193652
3592,-1.2916689142110473,-2.6692034239619433
22802,-2.5319128980793373,4.504946411946726
3727,9.926070921005053,0.617425379966847
97565,-4.621336502077146,-2.0740259691654206
22233,5.990679219363973,-1.8027463677911832
3619,12.573626278127406,1.4728027316816115
96448,-2.246990921946811,1.768389290484853
1375,-1.5444240883563054,6.1728230578313
101041,-2.5999964245024523,1.080557902357627
662182,-4.74965037692394,-1.3678831715764037
981,10.153228350056233,-0.9292792130634305
1400,10.720320592627315,-2.3073142555280493
95565,9.714172734083075,-0.7547393364962973
1231,10.823278852587997,-0.8759809741213233
658704,-3.3486271087681163,1.970878750609764
1101,6.392142054157143,-0.8028402042130892
61664,8.70947449811697,-1.4162635800856895
659602,-4.202916529248613,-2.5611866040009854
654364,4.304423958000974,-3.1968326246843386
660726,6.487390544644698,0.05602205371153758
649239,9.558333732933507,-1.4012815994111385
662684,3.7277391184121034,-1.7345657359254014
94,13.740751872176745,0.4692897766248644
1140,-0.36069045949387396,8.276526973154327
669913,7.452065365879325,-0.2880038137457699
652582,-0.9271975486944012,-1.6491045799653534
27983,-3.666970665524993,-1.2348233448168453
22473,-3.86557658576505,1.1391700186146116
654510,-5.2578947037843795,-1.2664912695511092
651324,-2.168475440880935,6.0327685199071395
1402,-1.9820058597709296,5.210110468741654
8052,-3.749264674440447,-3.1790549027582298
8244,-1.5832508516589616,5.970720294233297
662687,-4.782000645383659,-1.1826887915900537
1372,-0.78492935320862,6.965396542218727
659627,-0.518390544790652,-4.438802427719423
1457,-3.0464000058948915,3.534634971489043
7265,-4.656926380991043,-1.2482976508348385
3829,9.405565179588624,0.41400835009084497
1364,-0.7934218924853369,-0.8491148166861832
22917,-3.8340908427648914,-0.7859030457109442
1360,10.212698490602246,0.5915471183907924
3724,8.984020965657127,-0.16486077996638737
1308,10.130190300144957,-0.4649722514279747
59177,6.344857743069727,-0.7178268171233059
5831,5.761416749617052,-2.9903153638861384
5361,11.025016736612724,1.6480574861038986
103195,8.226579475686032,-2.726849728199677
658712,-4.752334691513295,-2.488226775672289
13135,-4.468119899000934,-0.5759123232135792
23468,-4.030479508426823,-0.9915701251434307
64241,-1.4909348448720345,-0.46796006429457593
98968,-4.17723889946166,-1.4142773615328008
663950,-4.987415373668864,-2.8068261614218137
98972,-4.0271829933718575,0.15079299988049294
1476,-2.8941473153224537,3.992582387955285
1485,-1.5254571326004396,7.0496881323426015
654588,-4.495848854217866,0.21421021308079174
658685,-5.078483442700003,-1.6368170903813901
988,12.68015812684764,-1.676842226685824
659651,-5.71411747046818,-2.518366618378194
22783,-1.092023363258671,2.4837053036844625
11234,3.7654648583878463,1.2405357803617818
67869,-0.8704298267182158,4.520395502130514
658689,-4.946932861620183,-1.651585016956611
29289,13.060000869320165,-2.761213875305099
1472,14.507088875878079,2.977566241248101
98026,-3.996737711874005,-1.8992644911194763
1335,7.475626804655566,0.9578759791098792
652564,-2.2977343550837266,-2.3845649370119983
23552,11.600571844970851,-1.3980727873483896
23942,-4.059850615567382,0.6273218012285524
1230,11.429759408650154,0.19806080370570392
24170,-5.725027173378646,-2.229239453564746
8558,-1.4791311998284233,6.706027476929916
81019,-3.064383309268149,-0.4145217711485916
1373,11.023480940317626,1.1985139915627072
658681,-6.453579589661267,-2.7126245525124744
1530,-2.376388970338713,3.998209563748581
7308,10.355711817136617,2.252591912892613
662845,-4.909462585945564,-0.6142029355601754
662838,-4.616307949310747,-2.42926206735224
651120,13.940576658942028,-2.2164425972311426
644047,1.3131339080675717,-0.6862576004367568
76592,-3.5241984789571377,-1.6014435903732278
8335,0.8145959910990439,-2.6108633501108107
649245,12.976565414205258,-1.0519417950557126
1211,13.479691287031812,1.4097015644333846
24059,-5.165933880134505,-0.6641608976571736
652983,-4.765695846908683,-2.8035660881298172
1225,-2.3584845487392143,3.6473191118180144
1135,12.5760602190494,0.351460691270043
658661,-4.78230904192581,-2.692959359831746
662057,-4.0335512563261195,-1.0601001079149697
1533,-1.4543075242281054,-0.8266564135727336
49404,-2.4779877362521834,3.8896554463295545
654374,1.8729712390469129,-1.1117399106085628
5356,14.844741915584166,0.4931509768095268
658058,-4.853838989828343,-2.2696647697836836
652950,-4.443040199928533,0.8119282458450371
78867,0.25427615705079376,-0.9274724006093915
100792,8.695051292764214,-1.3244789994081763
3765,2.1227158736111007,1.083714145853138
102074,-2.699973487180017,4.55824076065834
1278,-1.9060211901332127,4.469786279290629
40081,-2.1831703639359117,5.275822253644283
652951,-4.950694516002084,-0.5624387254324336
12471,-2.9468350072141445,3.854834565633943
1411,12.472120067514359,1.0135023377151082
66966,1.085910289778013,-1.2465056534272208
8757,-1.299612278233122,1.2566933031637841
1644,-2.2273939019674636,3.9968650004980852
77078,-3.7443175635652537,-2.0531019648709243
1220,13.359978739792972,2.497097346070513
1614,10.040298546363582,1.406610831198138
1586,13.500768096559723,-0.8672063504554532
8446,-0.6572788194716253,1.5856482991129774
13703,0.8184862836336081,5.726432566150009
25068,-1.1824739388901755,-3.3470159290716692
659618,-4.318291709797026,-1.7190354896789493
1277,2.5832795950077467,1.5779128594923955
1339,11.233765606134492,0.17860633465906123
1579,-4.388694504617353,-2.76630167058344
1354,-1.396180782661047,6.591153951689505
1555,-0.7083568000375202,8.156344528712292
98040,6.574979847768337,-1.2111225068404368
1063,10.859905108464446,1.876487754574737
6056,10.389091372682909,-2.012885765850343
11841,-4.70397971805899,-2.287015667272245
652580,5.056990548546926,-3.7484697720360147
1385,-1.9113896156662489,5.354891156072958
653834,-3.815820068700086,-0.1449968007938276
70512,1.6798982702430576,0.9367716131821711
102966,4.7821549762115465,-1.496834576967963
649313,-1.067130815364419,7.654626447393282
999,13.107537220913121,3.2696092184201535
662454,-5.040419959280547,-2.443134155770837
61751,3.9094487113573906,-1.2914843904892126
96499,8.363814977299853,-3.4451654691117026
652579,6.134080902261185,-3.548513174324606
1598,-0.8231512350264582,7.173562882700866
103196,-1.829262198992494,-2.595456839252983
1517,4.000516269908291,3.0780934388087755
1154,11.060438827588545,1.3899171124614642
653764,-5.019030522776705,-0.14904177572165397
1298,-2.4419251918146188,-1.8471552502236328
3728,12.767990439724707,-0.4932516120461191
1216,7.316018976520384,2.0301438658802633
1554,-2.529144070524578,5.571927761605518
103135,4.424775927965722,-1.0763581572887078
76209,-3.76393578118637,-1.7635644009006821
23850,-5.227103727413451,-1.725272931701531
662186,-3.4754981155708946,-2.5274597515212323
651108,16.22559060046039,0.22175059122784457
26,14.49688514777868,-2.72280094253958
654570,-2.407421135582623,2.2794828768233857
651097,-4.533408127961783,-2.7962802198700984
13708,13.353319513818139,2.2628248831683964
7416,-3.9511117777493046,-0.9959212226593873
95249,-4.316684917600995,-1.7000990076961444
103260,-1.5603230544096327,-1.5861325826076103
102314,-2.7702657546381633,4.6448762279239695
24485,-5.321392218262734,-1.6277069449524753
61700,4.925850139417697,3.6683066323394398
13756,6.02242563276265,-2.6679513405646604
3792,-1.68780789220212,4.67009064846641
9326,-2.4218745715132988,4.8751799540920695
11918,2.283256496172529,1.4131480113465011
651323,-1.2789750333867878,6.9935068384852475
3802,-2.1097971170786396,4.613354344252036
25856,10.20209006919775,0.8128598190541096
1593,-1.1151255353667708,3.1708335096687605
654388,-5.582491545886407,-1.5896491805205137
1660,3.6807046203997906,-1.4473837256839737
1193,12.285876446516475,1.5605893530107062
24526,3.203051566473068,-1.7836808786713352
25644,-4.98698280732322,-2.774652442531508
26237,-3.2176123996840658,0.18765012508412163
1201,-2.0481987499219363,-2.540086644142149
24701,-3.184260006888828,-1.5442227594219697
96315,1.9344947066905736,-1.6285058576699782
3342,9.869873729430507,-0.10826582584520039
659603,-4.535182263136905,-2.302473795551725
1794,-0.9619094117141216,7.900742282977283
3333,11.955080131139832,-0.17316149242424594
8403,-0.18773226469703724,-1.359201062026151
5653,4.141633984061539,-2.171403078635321
25565,9.315651746661853,4.3497982931686945
1668,10.8591167571503,4.0304154834541635
654359,5.575736614107641,-1.6277637535384688
3491,13.488344058833775,-1.4031064790113934
1426,6.623472359443526,1.1792762812641149
3492,12.968443741332221,2.892384868254789
152512,12.253469693800394,-1.2532425636259115
25170,6.723407618983255,-2.0662180902640848
77233,-1.5453284046068212,-1.9897218072164247
1577,12.311974841117967,-2.0426901909458564
656778,-6.472969999086996,-2.77107387043397
662721,0.5157109541365881,-0.4053029929106232
9189,-1.5860639382425106,6.5507013271283645
1706,2.788907357936972,-0.039172855275915824
96298,5.879211081123156,-4.889906059043215
1606,8.844569940016429,-0.5595357035146225
652982,-4.49830227565871,-2.1419339903814896
101253,-4.09781912109933,0.7716067614222243
659619,-5.944992040684447,-1.9346619309994146
13674,11.274174833125318,-0.6863527689975586
90850,-4.182068052901723,-2.3420076565923402
26207,-1.3790317871207098,5.98487559674231
25190,-2.8095274444744542,0.6131723221617631
82483,-1.510952733057476,0.22444857680539226
1424,13.282106358682533,0.5457521954513036
8975,-0.9790233282276841,-2.0403432141626165
653768,-4.823123167594617,-3.3042074465107563
64903,2.902688483300837,-2.6874831987745886
647047,-2.157856833525886,5.202914946136964
3801,8.584368238357515,1.5196727139097188
103193,-3.544896393178708,1.3193173872423638
645722,6.374341329608702,-0.31518066848394877
8530,-1.1207808367086411,0.9829822444155553
5388,10.77288587002703,1.0592555437588884
1315,10.914382072015798,-1.0300320167731805
645689,10.843526612040979,-1.215859461649225
1349,10.450022009028329,0.7439626180970874
1674,9.209299071870673,2.1604480354289466
8293,-4.013055569302787,-0.7349602274697208
1760,0.009388131789408782,0.6014167528927559
3497,-1.3958593198175062,5.622787672761625
13826,-2.4924890019568022,4.139685155984335
1662,12.286240060496356,0.48678158480839717
1689,1.8756895152541326,-0.3155405089175163
26171,3.1934390964341235,0.4643538489154745
652543,5.7085609328314035,2.1981766501280795
25989,-0.893564532902568,2.737295191623719
658700,-5.700827437676879,-1.9014782732442246
1797,13.59281756224805,-0.6035549531372325
3810,1.1485682815046308,1.4338079070385183
9035,-0.7868679599076441,-3.2974575693395836
25259,-1.454618383301561,3.3797272835512464
656842,-4.464685622255231,-0.16279990187436655
78656,7.206309383687552,-2.5645117408665934
97602,3.4015917820907426,-0.4962310647088647
8588,-5.100566950873453,-0.7243778353331389
61592,-1.7963990975580284,5.176800047247068
1701,1.375356094764194,0.7371485347202981
652976,-3.516266794652266,0.4301366811657309
649207,10.940293541764339,0.032826288283927904
651390,-4.636550682355497,-2.326313207856784
25763,-5.266049101738533,-2.9763401180526907
646990,-1.4668730816637061,-2.6181329767897017
1842,-3.70791617529684,2.4963763827261864
3280,7.549771218610678,-0.01348603052247152
81254,-4.170341476643052,-1.9460276998684645
1206,-1.187250369260195,5.643213110379364
86475,-2.512037872832417,-1.8720411896320663
658351,-3.7639878945075194,-2.6931519086449125
683629,-3.350829053755267,0.6083959637484331
80918,0.40930995290252936,-1.6500472576311407
1546,-1.5573649754108059,3.752349868393537
81260,-4.847873037993659,-2.2961767484408417
8762,-5.008026964419983,-3.4186224236355676
662130,-4.930541110013592,-1.9364906611596533
1790,-0.48651511305986267,6.957902667537673
1657,-1.9557382793695521,-0.6990298170558884
1010,13.133420831424546,0.5750571234222007
26655,4.7111211318672686,1.4278582038961307
76682,-4.981001584921664,-3.1141351423932866
658707,-4.96310999361464,-1.093153410896904
656763,-3.430024142188202,-1.5512531105753662
9006,-4.366464265910635,-0.2561673282857029
3729,-0.06500457045163688,-0.3170281851614571
58491,-2.3479500609768955,3.8348264055567824
27203,-1.761983593215031,-2.263191096045607
649266,-3.8224355350526666,-2.060819972370116
97486,1.9030163441631778,-2.5607448512560675
3247,11.996081163442435,-1.6403266456666339
662694,0.39188403556196844,-1.9317216353302866
1058,8.687028367866498,-0.08650440731381001
9345,-4.841778066053841,-0.006955669605165185
1670,9.33095951899896,-1.4003936399872359
32178,-0.4803616461070987,-0.5609925664115188
1024,-3.553112518848271,-2.9300496313552635
1576,14.781657008667509,2.653448144670582
654357,1.5324836733720146,-3.1640327219906323
5371,9.489717040362804,0.24968950899238745
8666,7.3923515977934295,-0.4336141170541416
662844,-4.755356473985635,-0.15963597619928227
1741,2.2913105215670084,-2.6075212723746777
1052,1.3428959305402495,-2.0778765687949594
652557,0.5659387185058132,-1.7985881850071883
660695,-6.243572106632043,-2.186346939698884
229,-1.9579549474914448,5.093740768850194
1697,0.382516593375493,0.24151502815635228
27736,7.100092144166138,0.8584391216365622
33507,-4.064962461285382,-0.14020218581554156
1948,-5.234680774263511,-2.991672003012124
10133,-1.9737009074375218,5.05276979916894
80858,-2.8950255338222695,-2.2080670527899473
3808,-2.514111615505296,4.61427978654694
102,-1.5180212176782568,-0.6579345998029571
658207,-4.76039049797281,-2.444135557593296
80206,5.90988954168864,1.0967272145434102
9196,-2.12833284098037,4.748127926114768
1889,0.7484534716916255,-0.23386959808637486
1971,10.639727459691994,2.317804930202091
43817,-2.2744887411114862,5.432862758054097
4036,1.242348299814905,-3.0326444459453405
662701,-5.2750967375349695,-1.4519117160851756
8884,14.932978224840456,-2.0294997952838925
8766,6.141289445101528,1.716051028138641
102448,-1.5459944303166313,5.379846727782428
66836,7.4825916295544905,-1.51288350380005
26740,0.9103746699122444,-0.6578880783634763
103230,0.4647296036054378,0.5776584754255607
96,12.583739575799628,0.1571709341528768
1941,-3.1192955038229053,2.034144639581622
2069,15.04361579522543,-0.5028440033730419
659643,-4.868423428505517,-0.8286245288643153
66602,-2.661202675511913,2.847711870951122
1877,13.918860916271488,0.9383803139125468
1945,-2.8410191709494517,0.48026396825249096
9510,-1.2620572304502538,-0.6270847120408952
658714,-3.6895084966983,0.9791782730583545
3596,8.750758462401318,-3.170313878938775
1526,10.446556559522971,1.9506720633080445
1363,8.791438664294647,0.1368252898840036
1628,-1.8080251835526082,5.608932774680482
8497,7.9550155265651465,2.4025562141794308
960,1.2501229237833857,-2.292783314994828
13801,10.04045099110145,-2.387691552817661
81016,-2.480512338018909,-1.0012114882751488
662189,-5.427849830099117,-2.3532139782518127
231,0.6357350488379152,5.785868981084256
100940,1.620609227079312,-2.8074103499196306
5847,-4.473169469889456,-2.3606612481767497
642558,-2.382134975670152,5.143536761112701
8301,-1.424711885265344,-0.11652358870600246
654376,0.7562341881336517,-3.4341580205687023
2051,7.301735783311358,-1.5154382819709236
2098,9.703027684009493,-0.5901054051887518
27278,-4.506171888281031,-2.709799542018838
657152,-4.214423354790322,0.5994627468554606
683803,-3.046959343974209,-0.3060548744079963
1935,9.256827176694298,1.5486004023440048
9589,-4.790958636123077,-2.5245347463204517
97647,-3.70682626267501,0.6719321589885684
86548,-2.5734276281235906,4.409228321422529
648757,-1.2027313039187206,4.775603860298484
9715,-5.222513518060832,-3.125704981120361
9640,-1.912722565932902,5.665709218641069
5185,0.19824573968231612,-0.1269895076501119
654511,-2.44875261225582,3.0316834117146416
140,-0.13443764006365577,-2.062410635650828
9416,-3.4960421604112017,-1.9610901082474714
639518,-2.3367215923475944,3.0236147292075786
2097,0.46994753350276874,1.963194945584124
64414,-1.4445794182822653,6.161720942070308
1991,0.5247548484350156,4.414304814991867
658660,-5.007041774979463,-2.5282702116176132
1496,6.537908972504992,-1.651113216537135
97570,0.5098457622191279,-3.370676028638885
647470,-1.726269021421124,3.8016882845722595
29357,1.2821468130955,-1.3169200987855936
2036,3.5205023709629146,-1.166895520979308
647120,-3.7395323045275024,2.423136788129637
2081,11.584436229538817,-1.5330150491685242
1252,4.771185037134536,-2.2662788396347815
986,10.922003048850597,-0.11353841962233072
61593,-1.7907923562304504,5.832503091953958
1857,11.577193322933757,0.06350095561804678
651339,-2.646822372118758,4.584693607775212
1444,12.229242720593485,2.8857238463195074
662169,-4.6685128108798395,-2.28342614365956
649137,-2.259025686042292,4.587038555937183
2167,2.2914075708698336,0.5669622072168792
2178,11.84257201965849,0.425609201150028
77158,-4.064660174504361,-2.3543812353243663
1911,-1.8867776018974793,0.5527316568504852
2031,0.3863820532283604,5.062092710058956
2194,8.198198175487704,0.724156880988002
1888,10.168409177415565,-0.08335925797208679
1421,9.266382350265166,1.3944900437403795
1440,-2.8534799567221802,-2.819052814783908
9767,-4.707505866823686,-3.1944962447363503
1979,7.347294653430499,2.580832358025176
29498,0.7289678663355805,-1.0329319573964413
28061,6.184542754473255,1.5953599479866734
9912,-1.2310700220698092,6.163399896192172
1550,8.007488169227335,1.5201111593491783
3814,-0.7481999430397483,7.261830500640666
6127,-2.581361354628484,-1.1981683291138547
1213,10.483838098727837,-1.4291206082804355
9936,10.81463544230204,-1.3487873801141306
1812,11.24601870495572,-0.9719579194787407
7419,11.190546165065802,-0.11331396617222025
658710,-5.380033642605891,-3.148571024288274
78866,8.051123189459705,-2.2353747210345043
1003,6.481724953779331,0.15090209709079802
1553,7.4669915621153065,0.9480704261718734
14522,-4.877726465120288,-2.513437636639357
660699,-4.972751869775775,-2.590326531848012
2308,7.500877420467169,-2.2096281475071478
955,9.323627356737292,-0.8131732216914699
1097,8.866475094043968,1.6991444094935808
1571,-3.806442064179354,-3.100958254830574
8441,-4.536032158699475,0.09510425429073266
2049,-0.5949078706532659,4.404530720967138
1947,6.820630657418343,0.12429652176117931
2022,-0.6534685601698909,5.437106471891824
635587,-1.1299173720338074,5.701406461033784
1977,14.863257229897409,0.7653821692199064
3738,12.549430672233136,-0.3262093794195001
34920,-3.1761119997045313,2.244748812712563
2312,6.645443937779972,-0.70976739032839
8941,-1.1715055020941743,5.928388024738558
2280,10.264529086680305,-2.1395050199579786
958,2.2929151277222584,-0.8780534990450226
9654,10.114289095450507,-0.7180415354297432
96462,-3.042165472891455,-2.1501637815645447
13897,-1.219442321201112,4.4679490308671
3776,-1.494917617763965,6.173302887541927
13838,-1.2739845275903463,5.819143938376097
644132,-1.3658331023754637,6.741879078807198
29032,-2.5080529966244858,3.2450517291137437
662087,-6.076026937848072,-2.336753801268587
102083,-4.218992912817885,-2.2016493292003876
59151,5.580497241636177,-0.5948165983478108
28279,-3.4114003572960097,-2.166816775304815
98984,-2.9911253237124913,3.1375262199871603
9834,-1.5512149696758735,5.152257854602543
656459,-3.5178716251771287,-2.193945376347871
8024,-2.8983408455997646,-0.2135803086172337
81436,-4.949777379120362,-2.4299499468923678
103252,-2.5653710464213324,-0.7366105379954908
2137,10.791058286809813,-1.2714311910968612
28957,11.154772771130016,0.3851353208207955
658208,-2.9876489873661174,-0.2940997523436239
9728,-2.86601575849486,2.3578256610602932
13779,12.869125874667663,-0.2843682295910803
1098,12.740849985014874,-0.7862013623848899
659606,-4.757416315574699,-3.026645239043341
660645,-3.8175648444296475,-2.4846048660861344
2161,11.141601457330676,0.09315454993931951
1673,-4.354770344433084,-2.650600042909291
81218,-5.773384113702685,-2.534753989246924
2105,-2.8698226728174068,2.0250621991353306
101247,0.4938111036605567,0.7739566659956865
30219,-1.9345204331983936,-1.1163240355725677
651370,0.06180704070547707,-1.713420893226457
139,-3.668153099927401,-3.230681658384137
2216,-4.198411552821248,-0.19039924033077127
98038,7.4555270639336335,-2.0712008286299417
64417,9.903110863746406,-1.2873215609913613
659206,-3.6425350316917005,-1.564521973736901
2058,-0.3645423911071013,4.9771010563597615
1742,9.672238838467146,0.9871155399377075
644781,-3.963943160602607,1.0517938786595922
662180,-5.191906616256838,-3.0193747665942343
3725,14.139641948376097,-0.23202122677072765
1447,-2.341723361507824,-3.578994990400103
645785,-1.1273709296525432,4.920292521448172
2391,-1.4830548798531291,7.113700900624612
8433,4.360707525880598,-1.9381305695799318
3811,7.547267901602813,0.4571005891163096
2204,0.3864751658155521,-1.1453577545215592
8442,5.420175934354145,0.48303831890480486
5515,0.2808598396748574,-2.2152444900312647
98309,-3.1219546867430616,3.7032832100094257
650463,-2.1909675443216465,3.8997183596024763
29216,-0.9175574720336278,-1.089478583691565
11851,10.064109156576308,-0.3249603416602639
1340,-4.020940340086724,-2.2064645083759853
652890,-1.6357001450709712,2.7939819442632294
2146,-1.712237451065979,6.639479269356057
1688,12.650594908723106,-0.44682752196504594
60559,9.574016562409595,-0.6022868668445706
2237,-0.4861883390952326,7.8935577127486445
9029,-1.3324857249864521,-0.3839573557105562
98037,3.0491715729454536,-2.722212586482062
658172,-3.770326991269351,-1.8662359611983903
10157,7.543057047608623,-1.1483540250910913
28660,5.148835070666755,0.7943027530173258
58968,13.228922183583302,-2.6285100375826245
653777,-3.660848655714565,0.3705796934437571
2103,2.3968424003764772,-2.2314987282913856
30710,-2.9697802134495093,2.241540846824378
1460,-4.99609578587238,-1.0089545206222454
3732,3.677847552486667,4.322336623311716
2008,-1.04166687186079,5.079638848288464
2208,7.0014474335722054,-0.16965495909748948
67845,0.3937797467199707,4.845912525618174
2455,0.5645919715747971,5.322034638515309
76778,7.811716920691734,0.022147601937676675
654428,-5.364215994595081,-1.9365747998816962
2419,8.930899180891236,-0.7485916444552788
2370,-0.5803016366281204,5.330828522208774
8327,9.914617021423517,0.6467148576800744
81163,-4.806949296492025,-2.6542272412517622
660688,-4.51302645076509,0.2935622245839474
656796,-6.0975127679793255,-2.407831475512315
102965,1.1743470593410243,-1.18033386534916
1527,-0.6048654439091206,2.074490428774703
1569,9.533692317713166,-0.7069758705179153
649184,10.89131543077035,-1.6142149913075894
2052,10.14166992661936,1.3817815274055318
2200,4.497478709234126,-0.08916681224711959
2201,-3.2315625839045996,-3.557971575163762
100228,7.551528189263324,-1.0694749847177598
10136,12.535330692584282,0.09543426842495559
29657,-3.20179651608664,-2.5056925816122115
30492,10.315973438460933,-1.964282202102806
1728,1.6002619921890189,-2.8586518716660985
13170,-3.157363171787812,2.998948472147055
659670,-5.094173165128884,-1.6028596938199544
10023,-3.2264293222084346,-1.8133731493787915
29537,9.222122585074152,1.7576816457243862
665063,-1.660068831343576,-2.088230672119747
228,7.782401434138,1.4563846476903857
1681,9.624392178783376,0.10385118429986673
29773,-4.872884701257191,-2.46350345035105
2544,-0.48676187408439914,6.751365677372821
30674,-0.6230791467765368,-1.2090467577046526
1262,10.071355615977598,-0.24903234159392865
66974,1.71130766970083,-1.293332506938631
7934,-4.909526271696423,-1.9984106092418292
97472,5.433669112798589,-0.5422844015241011
8850,-4.488688569167005,-1.8786307507865305
30568,-3.598461621555985,-1.0179073249553594
1534,-2.4510314605388626,4.975999615970314
41004,6.583216010290157,-1.2045134084283986
656801,-4.547834511568861,-3.379983161729137
1597,-2.345644032870201,-2.988347508543262
30390,8.447947548965349,0.37609910562421334
650954,5.331612517245218,1.4173837961321247
2612,-1.8516037491457953,5.9509203320254445
66819,7.877681093820682,1.910100464784263
2196,-1.8290002909925474,1.7770094074904668
649377,6.539959718995471,-0.25749169058247356
2431,-2.0892032951233106,-2.461266944447635
61634,-2.729511883554161,3.5616072578224984
2293,8.338286410915508,-1.9128024117160103
7232,2.200534701796264,0.26501649372340186
2562,-1.1441412673020925,5.538753575837651
11859,5.646175953611626,-1.8067073812267345
11880,-3.544861805781994,-2.4703656944754373
10271,-4.388214634627221,-1.0297250864613505
639834,-1.638018518132937,5.984715678089383
659691,0.9632775583332748,-2.8285587990430083
2638,-1.7174130135910182,-1.581696660761163
31176,2.095649557881705,2.1859089529781235
86476,-3.274333691871725,1.9733698317269606
2378,-1.4739976520890627,6.26988269342089
81247,3.179659618870704,-1.1472947026353246
2535,-1.8516939704384696,6.441252490735754
644134,-0.8896660272821484,5.26805032280664
101268,-2.842201000450395,4.053499075461189
647012,-2.175462523786049,5.053183702302859
2657,-0.27518876458857444,-1.4472074813190337
642021,-2.107113761004045,4.591442671715107
34979,-4.644851990560798,-0.4490741392369923
647036,9.820357728331924,-0.08865284221704017
642708,11.73310581697303,-1.5297767143782437
2456,-3.405403354024095,2.7043969232024625
1595,-4.626990466234724,-2.3173671159825426
1478,-3.1295018661530967,1.2761070593618782
8120,15.400185403257016,2.2042833260998864
13956,1.027385185164047,3.7498352119191574
81832,1.931162208697283,-2.186637546040008
3731,-1.8321952740705183,5.933678552364276
33010,1.570924958331434,-1.3891414961909252
9693,3.1380026219973893,0.0223171586835596
658670,-6.246310312333627,-2.1953540933881572
10093,0.10584726606547278,-1.208671432112856
2067,5.24742579318741,3.988816384697914
2045,-2.551880273594523,4.4559971267972776
3474,-4.498009913672849,-2.13594312163673
37182,6.725281380328112,-1.1424910860118427
651067,-3.0368197541352036,2.7754182225538497
2584,-4.972934602377524,-2.5962716549442852
2655,5.050146146540643,-1.275691206331543
642590,-3.0923352610323263,-0.7733601278833929
35095,8.452514888474239,-1.290058782026425
5422,-1.4347690137224047,4.909246859534057
651227,-3.95419517166971,1.1388741547845567
1752,-3.1765464906463965,-1.516533417741281
2390,10.10841464606278,-0.6665688116602052
2469,-1.0275493016518435,0.24954788279691015
2203,14.999831619288532,-1.390465138924751
10130,1.2093568475241965,-1.0441226462200537
1178,12.972836035468312,-0.5112344850697742
3634,8.751546268483974,-0.43785671837865625
1557,4.289738097774115,1.632322001819189
10441,1.1742255842886702,-2.16436424179194
31223,-5.013612084293212,-3.072647241182339
4329,-1.5684474737107281,5.008503944407702
68319,-0.037734115305655604,1.107859808449465
100730,-1.573995848643043,4.397286987056736
13971,-1.5521846691484786,6.317577325610286
13922,-1.8169373195064527,4.070511461560899
2593,-5.011771106670641,-3.2041459277771613
660707,-3.2524174806268737,0.9069056446469104
2637,8.289399763251406,-0.5627908360820126
3740,11.577773083107939,-0.9024679202701661
3520,-4.899725858757862,-2.6060754850827257
2125,-2.032326409898504,0.8746400482060458
195,4.305315480904116,-1.3895721219648531
2498,2.037034087995927,-2.169961255249639
98963,-1.2068919008985262,-2.5894034669301407
2546,-1.3206400183032487,-2.85224691184348
2019,-3.7857100647595145,-0.36565890449745253
10248,3.38538822939442,-2.7497453329033883
97589,-5.297222691688093,-1.7547575103770408
38514,-2.0206617699657943,4.453313980849045
13040,4.39070025216234,3.3247507857222502
662067,-4.30916816841696,-0.017568520904250595
80283,-3.730910952013154,-2.3337131545948866
2600,-2.847687995908891,-2.1528925370369265
95517,-0.5104045688776909,-1.29858774549797
9750,-5.104844377922523,-2.925243690693174
33100,4.794409266888236,-3.1631438944423156
1451,4.886013118082623,1.09210588929718
3503,-1.0837587771122876,5.297227966182362
3519,10.107987518034294,4.095375882201695
669616,-4.278983761528152,0.5020534140646057
480354,7.244000940732466,0.22140267162255972
35472,1.6100580350617313,-3.6986409107491283
648623,14.349190217804718,-0.2706916047403276
3783,6.901419927899409,1.61286194627571
95545,-1.6607209371383551,6.469039361533832
3807,14.878084582442877,-0.7218297934454004
34097,-5.252665527863254,-3.001309808056069
2152,13.648044887139305,0.19318752603910497
45313,-5.336670624702748,-1.5234892038589116
654407,11.320201759847459,-1.1646303567697793
1221,-4.043666941983295,-2.4728306786247334
1676,-2.318498284977762,4.209056492764219
10493,-1.5993188481415408,5.846754509388143
652562,9.273218575404107,-1.070659925843069
33872,2.376637304635194,-2.330493854202116
2803,7.299763668296198,-0.1431147799825146
639811,-1.5231971713199275,6.194807027907588
33699,-4.989976719098164,-2.566939828713822
2380,-0.05695821072434489,7.094546854218999
38312,-3.7735827065498833,1.4560328411018992
1329,13.02891532901051,-1.4852595974767926
77528,11.371449992247404,-2.851196216066601
662150,-4.851921634214279,-1.2733584094591968
5417,5.4546829155326,-0.4895031198883133
34580,-4.708183566726744,-1.0526562890071798
101188,-3.7846506166115494,0.7928315930080443
651128,4.79581101762698,-0.7596899495531036
642759,3.153707756288463,1.1918171397015374
10531,-1.1381457063047726,6.268093195571778
655996,-3.9822514962133404,1.8746890939787368
4383,11.264098220292768,-1.6343704113174624
652917,-3.0526204316043324,4.033854266851602
36519,-3.0791091397098382,-1.6489921866228232
4128,-3.8381855526905606,0.449186575214761
3380,3.3826619027441898,-4.0336487726726835
39450,-1.8172640989186064,3.223726351623599
1787,-0.39827699746647083,7.895205227677991
650956,-2.726748722035507,4.827567049669757
1322,-0.9999451853983905,4.549624816680996
13863,-4.027070095330893,1.2128766109709557
1885,9.178598940251696,0.8060452372112891
683837,-4.255874793194782,-0.01544598964491159
654455,-3.3996046910679425,-3.0147011611050267
2748,1.8242301121623135,5.304096034015545
64483,-4.5087375415930175,-0.650194369545018
1891,8.386173828990561,0.607333083247037
2704,-2.2145798744208514,2.6267677777241145
2844,3.0067566298815924,-2.576182011264284
2701,15.411362747712092,0.31692878650814504
660718,-2.029489529419561,-0.21769514672095505
2834,8.456229780375832,-0.5890181007543895
35698,-4.54683771222584,-0.3432357041825427
10487,-4.825473260457318,-1.322996201808015
7933,-1.7690090528534947,-2.280794497388209
4199,9.368760187183861,-3.71943416651677
35262,0.025183379553824256,1.142996927880139
51775,-3.310248206103233,2.1636625900387942
649260,4.876732428512216,-2.71235292824367
1903,14.594942644637415,-3.1447130158648067
35420,-4.854194034801082,-2.829941756746037
659824,-5.037217714986724,-1.2765524693335548
12371,-4.04692864420538,-1.8294451683291153
662706,-5.7537355654934395,-2.637065921021381
653837,-3.044786251205754,2.5147235578797162
658138,4.1134834281247405,-0.5040491082126546
2843,-2.0637286889972457,4.268519253880333
2755,11.990278141903504,-0.8765124649368908
1142,10.411022169637091,-0.021340702150341576
662766,-3.985957818725902,0.44810829767185656
2283,10.457107103987726,-0.5173009029845961
990,-0.9068371639356683,6.332707651299738
2297,-2.492768740608683,4.349303732308605
652925,-2.540590465354219,4.829679668426368
59277,-1.4308405907785757,6.396168432555736
1848,9.028615620180418,-0.31858844616048987
2824,0.6583414103130402,-3.3469974544114374
656007,-3.759360746765462,-2.171483999127462
3818,-2.2655119889869524,5.078497248580014
1687,-3.996214898227348,-2.407248760190172
2904,-2.4835710290514466,5.5340234739616845
2663,-1.2053752653215561,-1.139150372622666
14091,-0.38658896202112997,6.8208480447715045
2962,-2.851134691391358,2.8683381472419995
7965,-3.308310595385028,3.1993703724713556
652898,1.9020755013830475,-2.82486813601741
2814,-4.512020324948674,-1.6548347235686358
1601,9.852019513446216,-2.308300308847445
1730,-2.028722538479946,-1.161084610987325
77575,11.956771554944535,-2.44252246533674
67133,0.032288648283364266,0.17062694280383214
2693,-1.6206567099728713,5.234332750213711
103174,1.7510295671053193,2.0448058108151432
2846,-1.34067317024894,6.039510187752398
61595,-2.8470372626278184,3.5245425611138606
651294,9.576210555913287,-2.1278178727557755
38124,-5.308725890923865,-2.9448060454698624
2350,-3.0498901855567477,-0.4183755931761176
662677,-4.850179001170098,-0.14033259801703446
43101,5.435376496519854,0.3792929896611612
8457,4.291162657031145,-1.523026800603816
3373,-5.159495031106731,-3.0657964965272413
2857,-2.1750775437254593,5.693787817416516
652532,-3.088592721174076,0.3530524376140148
10447,-1.2509381870837253,-1.7847331998735405
11354,-3.4392469310052243,1.2560546999445834
658716,-3.514531767175613,3.2423519470732654
2823,-0.8774672801733051,5.69616772821946
97668,-0.8786512406080341,6.708766803277342
648765,1.2682152479402315,2.934610029492043
2567,-2.8441160593888766,3.6344647788240643
1419,-5.124168068788702,-2.6812337053273954
2735,-1.4238310417193243,5.463995733575022
2830,8.093500417215699,-2.4992170059563623
2355,-3.529320336085135,-0.5967881165237132
40260,-4.784836148836855,-2.3953175638785007
10597,4.445966887735961,0.4622645774874974
2569,9.786430045581788,0.7360802539708557
2710,2.0265645285020177,-0.2499081293637659
2626,-1.7677098383594831,5.724738334623655
3800,4.833813425537541,2.1483419007413023
3788,7.899699696192465,0.6373560247694794
103221,-4.3325771340501875,1.0623990275901933
21816,-3.203268689391255,1.634902661540783
660643,-2.824252722762866,4.404336956956633
3820,3.7117570743202615,0.5972939650430568
11243,-3.3578916335090034,-4.3237590597801356e-05
38858,10.694794097877546,1.4019200820473796
652919,-4.258420713887539,-2.4401024187105946
662822,-3.6960404023058087,0.8207786948959856
649282,2.14104621929781,-0.4492364883146146
1890,-3.0778837903410023,3.7082501614019625
77558,-1.4789876174099286,5.832726234526465
3356,-5.24056565866188,-2.994829852880149
11351,0.5142024544937739,-3.315376245755087
2815,6.150442348480231,-1.5724196901770866
102079,-3.3516159366228653,-1.4711957219088672
642649,10.423284460129631,0.03965385991757936
38281,10.901251191170068,-1.2494022876617672
36586,12.622707733002434,0.6625371478828822
67874,2.1923549501869357,4.1007907492369
5436,10.906821130652999,-0.5929531216195914
1961,13.064304410194222,-0.4692398195123928
1878,5.973306390265505,5.200880796146936
36033,1.1045893562450495,-0.4535765762289385
1750,-4.095929808739933,-2.3345800510741794
3000,-2.9622575448527395,2.337736365189761
660682,-5.252999063840065,-1.4791913741882157
1113,-0.10721942990292091,-3.028739289747004
1833,-4.533535957390945,-3.2808894237371344
2950,9.19481270727157,0.19189684717190816
649255,12.009277035743292,1.6361801911607152
67720,9.561912407663101,1.1047078513299367
37954,4.482164956872726,-2.6892888629186995
3082,-4.6475583489962995,-3.078089183801998
3773,9.691776413459277,-0.9561617625495591
103229,-4.087744862782831,-0.5995922078260352
1933,12.578246335973098,0.4831465538054217
97469,-4.785822268022392,-2.471145597428066
654394,-5.027266179677391,-1.1748250128855569
95580,0.42148176587908337,-2.8432706474085463
3659,7.474789550457371,-0.9324976211581274
3821,1.374452796494045,1.2538633011063136
47061,0.2202107503184289,1.326700211213927
40499,0.38270766651646193,3.746406198150158
37198,0.8362776407237343,-1.9731839880549304
2888,0.6017400649396665,-1.080050877174111
3775,0.6954113497503509,5.6066935272951435
38831,-1.596639389850596,5.552026756216757
3095,-2.6685153242826694,2.3581827869529137
37842,-1.1798263374684823,-2.0970372720907964
77389,1.8424923291613695,5.505117261451804
2006,8.020199151807894,-1.0649172079476839
3541,15.388531942388258,-2.2585053055428173
10646,7.236141624840339,1.4752951756999564
658171,-4.425490440571049,-2.560066618371758
5559,-1.180947620222548,6.556314611819118
659818,2.2312619034090386,-1.066029516522772
1433,4.053388036015923,-0.5898137412269768
2957,-3.044871812380209,2.0161865867470112
98960,-2.338141363558117,6.44589262005656
2608,0.5657668742005802,-0.05659631594388624
13532,11.781129034888393,-3.8033328410692446
645700,-2.2210762258237287,4.632106942545972
41305,-1.5868464281855332,5.487246158396525
99033,-4.103001387982833,-2.567030453480905
3088,-1.9385313062304093,5.732115133903041
38237,-2.071992129425944,5.484038053120143
9855,1.1301792873477536,1.7416729233254054
10352,6.066341926416532,-3.245900229932275
655964,-2.4878405401064607,3.0743902455460996
9457,10.811584059716749,-0.6757400244089378
652548,-2.793524978079616,0.17862545669753085
1295,-4.3515683560854,-2.713117654885619
44685,-2.7380999339984333,3.5991187834439184
40210,6.277769902400228,-0.9215625679147114
95506,6.395842137532248,-2.783174875790178
4273,-2.9471120812232,-0.03159448644375501
651347,1.6430792608331086,-1.3415918556207713
4444,-1.5604973903542518,5.663577814593584
43224,0.5296849283731365,-3.5488005411033283
76886,-2.969277983299567,-1.5218212346155937
660671,-6.250496880081487,-2.2091392647762453
3108,-1.461628771027751,6.651917744896995
80194,1.9438467306275837,-0.9667626845090602
96345,4.336452467824088,-1.5155860762380118
40968,-3.042584532221533,3.7418296048392574
90113,4.818588710116327,-0.8012747117830895
2382,-3.9864184216581418,-0.3137823282133323
660696,-4.228127760492343,0.07338353671312728
3113,-4.466505869903965,0.6935456925865132
3286,6.986102952828677,-0.9209224178605634
80200,5.445251850237238,0.3458431751139365
3097,4.5870124821527885,0.8559031888224083
78898,12.157299501628376,-0.26364107254055147
4466,-1.8957979106474072,5.737845077808538
77055,-4.386614489144212,0.24954267510555156
3403,-2.305788411930733,4.977383680322382
4527,5.716241922192467,-1.049587847425193
642784,-2.628153955721562,4.829423633862586
38282,1.3657478191127344,-0.48813238776923973
39214,10.077996798464437,-2.4381436591187757
2516,9.559357780451029,3.4165492252095246
57503,2.297997153571646,0.6098814867794023
662018,2.913662224750628,-1.4148242219549556
2928,-5.049481538293631,-2.739718470086954
39413,12.885782366788762,-1.8278874036407462
656019,0.4595380693106147,0.3494412348580261
4584,-1.9486843021500686,5.5993881821601805
662765,-0.48356698701838197,-0.9823044575270466
97577,-2.557142339121884,3.974737871106916
10059,11.209131495743955,-0.6497273548052561
3057,15.33688314543258,2.517601925541225
35373,-3.8295551566130337,0.7651493844551608
3651,10.392579936297624,-1.9510394603630377
655989,6.607434426658428,0.7205254729348086
2930,-1.164715233304821,-2.03512754116864
41626,-1.4792023982237363,-2.213254614435002
4242,8.72416532434617,1.509328175019638
2670,-5.2495979570878974,-2.9996686200983493
3324,6.046998918162184,-0.3255529745783772
45059,5.523194783562215,-0.6581865524189032
61948,8.99968023166299,-1.4844371436592247
3051,-3.5479045981513297,1.7994771072523585
2147,9.69379404314768,-0.5607350121898305
95564,13.174771844216815,-0.000890876202100141
651268,2.7967757146736574,-1.6764301504362238
4294,-3.485631185040598,1.6794718141408946
3017,7.942339890008531,-1.7988716637112319
39215,-2.553622654402535,1.0790038097214705
37082,9.926193351426233,-3.1179382104538194
99043,7.640572059620591,-1.2692949813564303
78101,-1.7013950832925622,-2.4050680949556575
652984,-4.68950465315604,0.16266304491711742
38996,8.153332804755877,0.7889116996969091
81668,-4.355035433286551,-0.17642209123744002
659604,-3.623509555403001,-1.4000726509259969
61775,0.5740586359207704,-3.6118892223387618
4401,4.6394258672670725,-1.425028145477317
1430,2.4606888494064276,-4.277996815486693
42290,-1.2028644975024074,5.517795297613058
98971,-2.3129150556110396,0.03985329957578773
651366,13.944169498324783,-1.3495268041433142
639835,-1.5911092798214521,6.2380487973041365
80210,-3.584126209712816,-2.2897737696645533
100801,2.1300913181303396,0.49978876492250746
4924,2.4786761634586827,-0.41399816524271027
41300,-2.5883760208483597,4.453974865293066
68354,6.16549494235357,3.81978085135974
244,1.7714340017095087,-1.5996013789814594
660649,-4.693449746181809,0.05557062181695595
103095,0.37550946330606966,-2.240531690011409
10946,4.339876127198622,1.3857440951428162
3060,5.931249503022695,0.1211486770957994
4343,3.166621876799167,-2.809736907435684
662808,-4.175557974741749,0.2543331532097619
658676,-1.0233038659396356,-4.1596433433722915
42893,-4.237377038650554,-1.3702447427067184
52873,3.1666524052910487,-1.7542375736254687
66290,-5.199076956501437,-1.171086995253682
1761,-4.031051368678332,-1.6986887865311262
3796,4.076356007069435,-0.343968280600943
4389,-3.6429694089873905,1.8150555871722314
41852,-3.624546791697879,2.0647345782672155
650568,7.842394472177928,-0.9160854056185851
4100,-1.3003399479112447,-2.301259862993001
4427,-3.196661763566561,-3.9291749814439463
41411,2.9035689787962893,-1.621799509380085
3734,-0.7798222609976506,7.238357738988526
14060,3.477421629710544,-2.857072051187483
97706,-4.149692399892454,0.7707793820639202
4490,8.78858949731529,2.0758460251105317
95335,7.118321997167159,-3.2932343926570384
3201,-4.476185490739597,-2.2546422691293113
9465,11.017919714523078,-1.610251685386158
43625,-2.615810401840105,3.8501443258479724
654363,10.418279933018837,-1.9997699121129417
50030,-1.9903217814805525,6.81044092597477
3165,-1.7116605254977375,-0.3985532133898292
2487,-3.6944601167073317,-1.246614137602943
42359,-1.8255320533619313,3.816157265211349
3093,8.526519932455527,-0.7631046620745245
97667,-2.5908841902086897,4.1743321623032275
99883,3.47756393528192,-2.112211834929186
659601,-5.085651408823685,-2.758290262236752
649250,-3.517640739143516,-0.9833581327647124
3167,-5.09496141430737,-1.6281842040840266
647364,-0.4625050205336612,-0.4692270484240131
3015,-0.3080514705211374,-3.1127098741830137
42800,0.6504947203988684,-1.7995802162487013
14093,-3.201931032086005,1.101543937108238
58517,-1.6097172873208365,6.9113585253616145
95600,3.411198832628183,2.9811686545408866
650523,-2.2742991076153727,4.811186528262925
47677,-1.7435318001718039,-3.8742646937221563
4107,-3.6717483714135963,2.1221283203524863
3735,-1.3878447035978843,6.522582757074101
4001,13.559123498269287,0.2983699824846511
6163,-2.8999870685858857,1.4988717844454245
14097,-2.6788065641245655,4.002387674579291
2299,2.733253217490191,5.618890603920371
3198,1.0557637602304606,-0.4060745511073331
97654,-4.669153179609398,-2.583231131835724
6160,9.712670056140277,-0.3135210801420548
58429,-2.133556730234172,5.19926265934962
654489,-3.9971344079890927,-1.958574165477239
3025,-5.34395275223896,-2.6770195798374115
99736,8.702384650696638,-1.5655627015623046
4075,7.6393582154607875,2.032678508814848
13879,-1.9723884629632409,5.419569488118499
44859,1.695318037242452,-4.206831569065663
2651,1.1403853666223551,-2.0047880103563074
552319,-1.9822960446323932,5.483030100743184
102374,-3.6753452382626373,1.073982176829174
69756,-2.8489401256796087,3.4148311745791773
41765,-4.93139258300907,-2.67247788075444
5561,-2.000530052082637,4.9723536465039055
13551,-5.609133745982277,-2.002755079013686
659822,-0.9674018567651897,-1.4066249254335799
1235,11.49128672541175,-0.7268683703698597
80032,-1.168619955884616,-2.644669201002511
3130,7.861703457857046,-0.3256467823463587
98970,-3.6810038822931026,0.9447583302655717
12422,10.674908146563935,-0.12180608585194302
43144,-1.2548038455298176,5.96326420379391
3131,3.270899761954802,1.1533296854464021
43587,6.543492284430831,-2.135670817575627
654542,-4.61540946325764,-0.1390866651059821
50023,-2.795419362380448,4.426619217011435
4225,-5.212508884880123,-2.776595646109296
67008,3.2240211629685387,-2.5857237953085805
662718,3.058487261550373,-1.5010211308821608
1616,-2.0967874918711833,5.16379496270095
44884,2.2084365557419883,-0.14163574597755216
659576,3.0935878894609585,3.2615082781292073
654354,12.026159446616077,-1.8381254207301665
4342,0.466547592719153,-3.3374479205071657
4082,13.508366891029409,2.418278856983992
14147,-0.36227824199755443,-1.8841535777663436
4675,1.5737172318005246,-0.43543293031844504
42861,-3.0507363527923363,2.6266141786987496
2524,9.402747487090918,0.695355347510932
14171,-4.080768743544697,1.1184517005479342
81202,-2.3118827907978736,3.714917253865337
45394,-5.355150169993016,-1.9579321261495384
77277,-5.066119768044342,-1.7857209243924888
78685,4.698526896073783,-3.0292395986554643
4279,5.264626846392415,-1.0714167219478457
44538,-0.9148516472632272,-0.9268084593341749
5460,8.53332643490491,-0.9297428858290974
654465,-5.517091064273706,-1.9826018542804826
98030,-1.8255149936231685,-2.56025942413834
41494,5.344511628738938,-1.7173830895116553
102974,7.564937489382003,1.0968658135927605
659687,-4.153874899974658,-0.7253093225573081
5583,2.69111769651298,-3.8724260412993017
44745,-2.418238720062437,-0.8389284927098126
4742,-3.8506677115896895,-2.3096581617786702
4353,0.3103587236889537,4.74047899966526
44046,-4.705674739997106,-1.5123849867195878
654507,-5.172091260955222,-0.6640728552436729
662678,-2.664457909154333,4.181219203544993
4819,-3.008178386005669,3.625985433442846
3079,-3.974951397255769,-2.4937555144345387
659599,-4.949794556775508,-2.703292138763172
3990,-2.074517030309562,4.8099497556456825
95523,-1.5448831069525732,5.288255820298318
98923,-3.1963931432277013,3.0919843155160573
97703,3.8313085869516543,3.022176799979168
659592,-3.214743022941548,2.743063440148998
2850,4.485017973614143,1.8901246566519299
2753,8.95140741549181,0.2418296355102355
3208,6.985313902486306,-3.9884000316541326
44205,1.6682831742327344,-1.0541155000186846
4700,-4.220969507942205,0.01749731863936635
44927,1.3971812975589006,0.146798191547337
4135,8.040239675114687,-4.56211627263644
4512,-2.1846968475088024,4.267078333555995
649206,7.822899027211207,-3.205186231981626
649060,-3.409552014711201,2.6741453962908586
47205,-5.239365211078094,-2.834038624623143
3235,11.787873118395485,-0.35475994858992765
4556,-4.8559738140949875,-2.448545796294245
6120,0.5286144922769135,-0.4103250854228704
659617,-5.07632832583594,-3.0661768675175782
98296,-2.1784203589931592,5.081120764719333
11174,-0.15434565710398035,-1.4634833966952643
651029,-2.059700979497146,5.997201351659442
650503,-2.0685329204534564,5.174242375680171
3160,8.966895941146436,-0.5063937907074757
95538,-1.6934761230417128,5.889378449144843
44113,-3.560819209149372,1.0251957073435451
44496,9.35633692015405,-2.0863014459270186
68801,-1.9080392895167368,6.67647890796626
67810,-1.6961235401379577,6.208760958077579
14465,1.2611721012155759,-3.876488813184635
4062,-2.9609926075970594,0.24304938595758402
3218,3.676512174513515,0.057133643584168226
44455,-4.155703984741934,1.1585001511706063
80318,7.102178743634541,0.14986924528835227
97664,5.5548010792847675,-1.9761427615025098
2966,0.4988118870161268,-1.3669795406434937
102030,-4.753786992764865,-0.26944890519134224
653803,-3.3098366827990224,0.5221760637917896
674171,-2.30156697330848,3.5670869794800963
49500,-2.4677468340903066,-2.7523247077884445
12899,-2.798630333499935,4.174200942109872
46826,-1.35988694087951,4.462769566481919
97461,10.45116343065888,-1.1373863306961338
81684,3.053233701015534,-0.704902781849705
660678,-4.485465825627448,-3.2547259982483165
67737,2.9852185091680945,3.4169264320177746
4233,5.4277774411466515,-1.3385885571830731
3078,9.968035260184338,-0.7747400852606818
659660,-4.576437428784051,-0.9359866592820357
3246,7.334302218191864,-1.3555039791503174
4667,-3.007085188313401,0.708170057025174
56062,-5.30009131574781,-1.2919552467893745
12403,10.936003950002483,-0.20875546323298802
659692,3.3806916218441163,-0.4363765087457898
3962,2.6338387777765195,-1.4420750663690214
644133,-0.23952062699043875,-1.7420358309163566
46564,7.042221495606355,-1.8919217037962817
4109,0.041907422342439646,4.498049416594771
652934,5.651438476590997,-1.2619705057947384
3987,11.17673362194193,-0.710714774333802
664869,1.7931218472500001,-0.7822742315926148
648642,-2.4754886031667076,4.6397432882581455
654358,1.7738533344345682,-2.845442368439783
655992,-4.032265584313825,-2.4926355435064336
41644,-0.8469977842444808,-0.5397820557430271
2696,8.638279429909796,-0.5940291041900507
5087,8.246914260898901,-1.8076031798019825
4829,0.22444404922555228,-3.610747808353712
648638,-1.4009922197296767,-0.8752966678947949
4500,-5.273220666345046,-1.1210432301922961
102964,5.814245058077901,-2.5558751890267506
14179,9.599497199610688,-1.9696751027640214
659693,-3.847713721506488,3.2928487240183206
5616,-4.359523445300586,-2.519299742711876
46907,-3.5600069346815024,1.9925235680683304
4067,4.156371084506911,-2.5207681285082244
4029,9.880137984727257,2.0215113141886287
658679,-3.333033740111937,2.13671234152549
658076,-3.5606109173215064,-1.1430679160058066
96309,-2.481266288117058,2.6901192912866065
46658,4.587394135903557,3.009385283570662
78701,3.0475512557150712,5.209868367419787
4718,-1.2681677313225588,4.0020198813079375
46469,-2.950507201546479,2.9667296282108215
638725,-5.022151709936931,-0.7734436388793994
651144,1.8927069962013716,-1.1856064975138865
664867,-3.493896459930429,0.7227038315011642
647308,2.7267080854483057,-0.01842268246335174
46831,-4.2631722530359974,-1.2812152945714352
53935,-3.23275181670698,0.21487566841365238
13901,-4.331644909688033,-1.1490088280204573
4830,-1.4252822807113035,5.937024777418322
651069,-2.1304876421894927,6.7914633851354616
651367,-4.179415126225456,-2.3479356493042367
49650,-3.291879092425986,2.0880413122317574
86494,12.127408901679,0.24954866745250687
648617,9.584821835267721,-1.148547118582817
656311,-1.7819689392102884,2.7902344027476653
78729,-1.8443032974777822,4.47608377290333
655982,4.969673948104411,-2.103907600584062
56538,-4.762334194162686,-0.6979960586205043
12725,0.9226534564574054,4.139162639417845
664061,-4.080709006193742,1.9059774755164587
653007,0.8432283494451945,1.3538236410909676
4776,6.178477854558877,-2.034781094476834
98308,-3.1220131809647604,2.380356905712348
645949,-4.411176663279239,-0.22357332925464407
51960,-1.8762194187057388,5.5197940627667625
645940,8.74571938784134,-1.4849410787511683
651206,0.07126213308821404,4.419967377897256
664176,-3.9138587228118,1.0149063444405915
4488,-3.4782553299065606,-0.7712313137281727
12411,8.592222943502263,-1.9716593091834347
5474,-2.5138250647410985,1.49558546581078
650513,-2.7178787337547234,3.7318260563482575
658684,-4.816006135009171,-1.195305753824258
4103,7.654732300618171,-2.144248276463775
4707,8.234812859734044,-0.2279087424944696
46306,5.8192771952965225,-1.1583877524136446
4267,3.9547387695393295,-0.24287324670721452
658365,4.364389159691318,-2.4303584118816595
662185,-4.276709134649832,-3.147153070503414
662715,-5.039613267945809,-2.9768397951500516
4163,-2.3997746207161668,4.366690735161616
635447,0.29432322030220526,3.9095624306605736
53915,-2.783307361775665,3.0436761961787067
4627,-4.038204915608116,0.25869666313882456
100731,8.660616708491526,-0.2842744922821401
48885,2.3480448543894106,1.9788273978900874
4134,-4.793298337095584,-1.347993685852403
54460,-3.0620072624089434,3.6556133414425247
80991,-4.331240799230355,-2.4554930074265453
14216,12.026959225503708,-1.267423534735311
635845,1.946014873680283,-2.1275205275052005
5027,11.491989533679096,-0.8612611131768496
82056,-2.356369894491004,5.223408358819514
14185,14.189212749608021,-1.377944721336572
101233,-0.399986036129171,-0.5985813679636697
9816,8.280021048457753,-1.0159589189260387
75537,-0.8231875205523248,-1.6755211335854518
653005,-3.9311561186100157,0.9154360205483325
14491,-5.010091593851263,-2.612954429261338
14623,1.9285478482545093,-0.13935455930741744
647358,6.054483314073723,5.492537108146695
77000,-4.0306753345576105,0.708991990682384
647432,-1.046873655520708,6.051210232445119
662120,-5.5100616102080835,-2.011928302498384
4971,6.364207936300296,-1.8631700375761096
642599,2.434433535983972,1.714111676186183
656028,-3.5740777428269332,1.6402509418623188
4960,-4.562157075214877,-2.9204581689657427
52852,-1.3622038154919147,-2.0264241041888793
14178,0.5156994872505415,6.485885798311396
48972,-4.59388934362414,-2.793899118214437
649224,-4.825046192509068,-2.848805098485175
98962,-2.418153519645595,0.9185501315616761
658141,-3.895643512841597,-2.7048662547914315
4871,-0.691153654259512,6.846192808368318
659823,0.1614036442761122,-2.064017978684968
4348,-3.45250133905783,-1.8150349957432068
60382,-3.473004806956024,0.8366646346171486
4714,8.073268708921699,-1.1572763958191135
4835,14.501095100255531,-1.794167020270748
49839,-0.4404089313948943,1.4201055244660656
48938,-3.101532389069992,0.2717872457708682
648694,7.85855643486022,-0.718942007725988
4336,-3.9156164299083187,-2.6987588012407193
48828,-5.166520542001526,-3.0416958104224108
14628,-3.4169187679084354,-0.704024705460955
14004,7.967930256126529,-0.19774270264299484
662064,-1.9671663239628543,-4.044420731313434
648983,0.14250017013467464,5.491952217034928
4330,-2.844135564567154,2.2804161377292957
4560,6.514354614541945,-0.6253688599541588
10941,3.2988046052085753,-2.593645276429436
652989,4.3820028180892034,-2.210390425162796
14497,5.637432875572885,-1.914358000707849
4736,2.401766421341309,3.406692679007886
49869,-4.852993448134297,-3.609579063435034
13566,10.720361026661175,-2.286535385375192
46845,-2.472827130870598,3.629862228623793
49390,-2.717457994359733,1.194858888652767
81435,-4.651821546752899,-0.7658629146668661
5601,0.4172220934896782,2.2744772967588505
48755,0.40355290295290475,-0.20636362797440705
659598,-5.002697850145202,-3.0076873994497983
652902,7.041054039593393,-2.52646136487241
51418,2.247904393978195,5.9660427874058986
95527,-2.023182632807749,4.267692569172498
658206,-4.606107381083902,-0.7541973672475331
4024,7.792117237046323,-1.5187061578446146
78731,8.752631615281896,-1.3047625622129462
4395,7.801840080615504,-2.530698563592841
52365,-3.379754361137488,-3.7595142499924883
659678,0.49258592227375586,-3.722646107860832
13895,6.924060152260726,-2.4192534880960475
48428,-5.528302709448598,-2.426383073358163
656803,-5.080318576902919,-1.488731257981104
50416,-0.4184296145443469,-2.283265802476752
50529,-5.314719388871601,-2.948017940610405
95603,-0.27872057399124417,7.698911644632283
10191,8.818383973973786,-2.7917282741212435
77007,0.32947646227501803,-3.408812931946314
12781,-0.44398859955415004,-3.1990257171391763
49789,-0.83046101439691,0.5697239966758535
13514,-3.1799488852228,1.044166349562492
659607,-4.489491195934769,-2.247961029183166
4296,9.612988818435207,-1.0095036735257321
49926,-1.2880658431575036,-1.891647375193653
653858,-3.7971223881865432,0.5434784824980329
50463,3.7661258271214844,1.9220846533642448
654583,-2.708109412787852,3.1275749410614964
102420,-4.176633021346354,0.17589385224581072
95539,0.061725392235082596,-1.0122407524359107
103109,-3.859634975142012,1.6551190782861331
97465,8.493364576372128,-1.3952398957843752
80316,-0.0344006201128402,-3.145605462452119
47478,5.990859839977618,-1.6109960071942133
47521,-2.689221135420771,2.81970014337234
4145,2.6240358537151334,5.016197742217638
46760,-2.4323361710713294,-2.5758072895013226
13325,11.372591106596627,-0.49652042778332406
48840,5.780128539757299,-1.0963089288325336
46684,6.500621963172578,0.09318215761228116
4860,2.1113559010343637,-2.5159047777495944
50544,-0.6147296164985236,4.475736314426381
660715,-4.972048144464828,-1.7543152273088354
74102,-4.992100901461883,-0.5762822926397035
652583,-3.363334129007905,-0.7430897771943258
49657,11.139355570958168,-0.15233726613716167
12394,1.1306656654407259,3.2962139532728245
656755,-3.8719893090201416,-0.022434988780784454
3973,4.737140662791146,-0.2970987615661623
98935,0.9483098713868653,-0.5538671657357916
48584,-2.7484296391133065,3.049824685418132
13326,5.552435116467751,-0.473816504145233
645794,2.9954411604361804,4.9447965865333465
671930,-1.8059641609329005,-3.1098813042831646
4894,4.392635607175496,-2.095464520028457
97553,-4.187998212943748,-2.1396191702407332
53554,-4.916679164081148,-3.162304250984965
48952,-2.581244298910345,1.356741859503661
645005,3.348875822404964,3.695492962662307
52946,-3.247118481354405,1.5060907566708144
11053,2.9605415382270053,-1.7789160037240639
639481,-1.793302437958547,-0.23625255788242416
660310,-4.233126820838382,-2.094095393681021
51880,-1.4119471073338659,-0.9829864318724489
658119,-4.296013140600659,-2.852456584568227
57642,-4.1904132911517635,1.3813188566080536
55325,-4.042177844624486,-0.27509482082431624
642905,-3.7282107043086783,0.17019991658799918
14710,-2.138151835781098,4.853287739973452
12487,-1.3625334307276258,5.3590376394260355
51539,-3.3301546439704492,-0.005914192927166134
95498,9.672276342482268,1.0126144412564826
657168,-5.7450087968099774,-1.9530511716979513
14264,-0.4947979441017279,6.790876914251204
12405,3.180156421583542,3.883430719617716
5573,2.9515211892057316,2.1048254243695528
51737,-4.77819942557147,-1.0912234993950896
55699,-1.629031433501805,-1.5314991824630084
662461,-4.658781023964855,-2.3271087050184747
66304,-1.9376163775106001,5.525213326069755
50103,-2.4103796693639903,3.3291618733554547
98034,14.796993640279863,-0.5551626488658548
103262,-2.8781061681308606,3.2553958067922015
6241,8.90906661976134,-2.326319049967691
13929,-0.1372992877451853,-1.056592038411551
55772,-2.526066155837371,3.8453767488775
51681,7.7233237286574195,-0.023037666973886192
48405,7.952901102911856,-2.127018541422026
51414,-2.9765286786269267,-1.2578715894986239
51391,4.330241450624692,1.0969402709654075
659612,-4.568107660271629,-2.994977211653973
56798,-0.7735737128716952,-2.210612669806574
14464,8.654799478984259,-2.602994537304432
103264,-3.7071480512762505,1.4889368937039977
14261,7.776211056215624,-2.37004300861049
56796,0.39568003256528034,7.982628501041631
57135,-1.50825158372903,-4.189385467803549
52935,-3.3610586663590456,3.053764052333064
659621,-5.196917999902753,-0.7511848713020165
14328,-0.4706288640779062,-1.2320531925794969
661609,-4.960586589868621,-0.9928624893628545
14022,2.824096572061519,4.457594038513639
662259,-5.154975317333112,-1.1889267916435267
4300,10.531335700611162,-1.5954297833386155
574968,2.3073658650024274,1.1635288081258652
76218,2.3009144620860793,-2.135344927473408
51163,-5.107715490018657,-2.6776385546668404
50796,-2.1442802221977995,5.718311170390354
654355,9.736124096970462,-1.1778171001024527
48841,-4.381130567225916,-0.5359846553997204
51195,0.48015313831143536,-0.3516046621893692
13994,7.552094866715902,-0.6745821837194971
649043,-2.1594775960408548,4.310538441960751
52953,5.962061112374236,-0.648892355684464
53860,1.845817997306088,-2.402395523736631
662496,-2.8947012195001642,4.689895469298428
52227,7.035049782520386,-2.6195939336501786
10864,-2.5810652536431586,3.530735475362495
658678,3.7678905317951377,-0.44293785034481425
4231,11.014762704830545,-0.4866110092945012
649148,1.5866134918963815,4.985846478716295
80235,-1.6915440748312014,1.5273350285809206
656022,-4.94585091795414,-1.185105402647603
51177,12.085431406238246,-1.9110680797853545
4901,5.075829125611109,-2.2311306715639843
54845,2.1844503666547133,-2.35104332863812
658349,-4.691854628448647,-1.3329170533491683
55104,4.449879365307367,-0.45547322642614113
51159,8.65413226134386,-2.447159559870621
663058,0.9546715858976039,-1.31601789155297
55611,-3.130081790458541,2.7901656551646927
14340,9.464146042630071,-0.28818099579745005
14080,-2.779834282348754,4.037181544962642
648710,2.641316101683362,-3.0445602775895173
53007,-5.553711784283602,-2.3673027776853606
653506,-4.219817387369874,-2.4055272515963537
98936,5.207229792725548,0.9770905272302441
96391,5.061840742099152,0.6282049216034635
5607,1.0433783076918188,1.7346928377499733
654473,-5.052532468173536,-2.7208042949533677
78970,-2.3948813950779075,3.7813037706267516
54706,-1.0708565500494927,0.6503706769862382
53361,6.173557515117681,-1.1834018721571709
53814,3.5839968315176027,-0.34934587535121275
53020,-3.3975877331583564,2.9555484149595386
54358,-2.664288001192343,4.175568673443944
17519,-1.7198102379609514,5.599667052228921
98964,-3.2757267751168477,0.6286381855745207
101237,-2.098071041429385,4.059641793803033
53888,8.105006459889271,-1.56367905082478
647469,-1.515390705055182,5.04180793393786
654490,5.0141783143687,1.5034329921550285
73830,-3.93340664045614,-2.6290502455420066
14258,-2.859083854825973,3.396048937887052
662177,-2.532747557195011,5.229081924948793
5478,-5.083395314458659,-1.621987688983555
658366,-1.5631552509811464,-1.4651499990167056
14113,11.896083276473968,-0.5877553316494678
658200,-3.625567476799381,2.4490963935286776
4337,8.026767444235107,-0.5394797481329723
656023,-3.0369903712236006,-0.8192284812836059
4635,7.4102032187735345,-2.3187718182833725
638745,-5.070827628747021,-1.2945178283869874
52916,-4.816072213662929,-2.6773686974987436
52004,8.425721743814941,-0.546972330527011
103094,5.300744249361654,0.11626908556811558
14627,3.5972080527452763,3.799733518074693
12900,8.662490684009377,1.905142411682609
57960,0.11179899048226989,-1.6024248518816475
53697,1.8918108497377142,3.2141120564522936
648866,-1.8272340007431098,6.346502526077984
57381,-4.749546117314102,-3.1245871227716737
653708,-3.9918803010136013,2.150543191920949
54701,8.701318422728395,0.746932521864193
55101,3.1646773775505324,-1.8860931977142519
5588,9.040250631107442,-1.1552578549753902
54603,0.4611703375804166,-0.25142134556946893
52752,3.5724752755776374,-1.055078385485042
662512,-3.1874030255384933,2.5412466572453503
14116,3.4475329081457704,3.3952294800554257
14613,5.608688489727266,1.8070492261368636
645105,-4.657385017972448,-3.6250550226056983
53238,4.723554362846152,-0.026827377192253213
56628,11.464968127805925,0.2765618950421503
80018,-5.024125177849061,0.10638202293217658
54744,10.71307117733019,-2.4162653626838075
54091,-0.8862918285219421,5.38028233914321
55492,-4.911314030221643,-1.6459293806500086
51025,-1.1489930762426401,5.813261037372956
58823,-3.9664801518326676,2.281737158182965
5590,5.139700355016131,-2.4522453051912594
53355,5.097506539149876,-0.6863324295948225
656027,-5.6339876760350105,-2.3639675820041437
54761,-1.857520295515452,5.900532640580794
651350,2.3927953847744523,-1.7556010686753782
53840,-2.5993984855909544,4.846861616037947
103178,-3.4249686243446926,0.5680238504105849
51212,1.6443424081592575,-0.30519580140308034
5592,-4.6512281049578785,-2.895720533113991
53156,-2.3961851001056673,4.037499100720449
12880,-1.291939670994074,-3.3933182081404736
14089,9.452012810855038,-1.0880912876611042
650158,-4.863689312360086,-1.3541814705913424
53345,-1.9985876376375646,4.8791700943666845
651372,6.016582469730196,-3.7962534669310344
51716,0.39324786946340534,-2.51281013204209
54841,-1.7976032229561132,-0.47743042818651005
57930,-0.15026537744663665,2.714942145581949
53856,12.782693503103095,-0.5743398855543667
58108,-3.028442993185586,3.8445752152453525
54568,0.16548161976145748,1.5904968981539804
14309,-2.8064006199270746,0.4189322817597601
53130,-2.6615827096443754,-0.41240835238397044
57729,-3.209622360058252,-2.3506271645830106
14489,0.41715207592361525,-3.2203106804308197
53142,-2.1780594060033076,5.2443560274613885
662170,-4.980537337785235,-0.5833865360715685
14155,12.72736500810545,-2.534735638680155
14227,-1.6511966276901038,5.561200366468311
652546,4.8908357016128825,1.5382826959539435
53513,-4.409764979227824,-3.212522518940494
14501,-2.461936471990599,-2.038536199660431
14321,-3.4282378184229567,-1.6722154273139678
53126,-0.13912080623988587,-0.8480671364952639
95278,6.830853464626783,-0.20927698537197162
654372,-0.6619187536367672,3.2741769217687273
14164,13.61996363771841,1.2502176072469426
654370,-2.5972682354020185,-3.4823630755883475
57143,3.6153723899023014,-0.3144610535692247
14333,3.9213352284067575,-2.319082293761463
51232,2.528520785253992,-1.4691281087804522
654365,6.9034869817635816,-5.23795955556766
55173,-2.5615783117955413,4.5819941903019945
14547,-3.3433926621681254,-2.4185270649499997
55814,10.330968859677432,-0.7574157418030896
53239,2.1703985313342953,-4.507302126941253
53353,-3.4953072658970363,0.5477581889294132
57394,-0.9085634782346877,-3.7500689860854655
649335,6.1752483230474295,0.8373654095745171
14397,-4.355811266767737,-3.666673442379336
102449,-1.7016003508707453,6.818184769102489
54155,8.573618837649855,1.3045487386841317
53811,10.615340161369359,0.4677910019398368
56233,3.202578441186367,-3.3306372608241492
52751,-2.503680411882452,1.017465834556993
56607,5.999568441635567,1.6880428205921003
101234,-2.6838171859306725,4.662146642666633
57062,2.502487790594115,-2.175009797753503
662854,-5.2096408550693205,-1.9056855436053537
56532,-3.670419675282848,2.2573858400086175
58595,9.270361707931318,1.7618040342529513
56529,3.4474884900653286,-1.7768923950591495
51595,2.0499056702410505,0.1597543600216599
56412,1.4680321050144733,0.8069602449965767
656736,-6.263675291368787,-2.2526371015185966
21845,-2.2596898769484826,3.7702696366976958
81391,-0.025010448277167967,-2.0214913932138807
654444,-5.514682654649908,-1.331767260209689
664182,-4.567444956909561,-0.339907167697717
14361,-3.3663250321658054,-0.2906191649668993
102971,7.69927902610916,-0.13459500391364668
55666,3.716694062468486,2.971272348371322
53351,-5.3559469375605095,-1.0755388430109005
56393,-4.45931597515328,-1.4375287215615082
653854,1.9211107986942415,1.3011358830850366
655963,2.4782808329103263,-3.112409618838167
54577,-1.7939916784330587,1.4884467543494315
57012,-2.691811347829932,4.589088529483547
651142,-1.6090051288206346,6.098767249896763
669912,2.232515277996305,-4.001179463082001
14617,-2.7749042343851333,0.2516319225444883
56148,-5.547327623351395,-2.5662311674709284
57817,-2.3615929740269017,-1.119745626421158
14153,9.477678414334333,0.8421345747960547
663923,-0.8331946287197664,0.35102845269806493
56959,-4.049713575886626,2.0973242681072
55735,0.1859200880364511,3.682644996941864
645943,-2.804179568105406,4.999692188968487
659679,9.299381549084409,-1.055231894279923
13505,-1.4503060047213927,6.769196753535743
55230,6.338407717685101,0.20073113371459375
57204,7.37731106712355,-0.13892623839915438
54246,-4.340501500629779,0.680443198352494
634600,-1.531415521816265,5.486256216707301
56109,-4.816004105945944,-2.7409860537154502
13876,3.1895399208821873,-1.6480155870287683
58137,-4.210205462423862,0.38290891265566884
662124,-4.099301788553256,0.612968356749612
14390,2.0947246329495908,-3.8064824460821187
78520,-1.7306933238751225,-1.2071817688684416
652545,5.747086761918856,1.5061211926733438
664137,-4.614639160997233,-1.2461062751405492
57181,1.5354660118325851,-0.7269598912352819
651497,-3.303486858456459,2.726475211609028
660358,-4.09196224765929,-0.7267806675838101
56431,-2.270512525365671,4.792855122265161
86407,0.9171633250146362,-0.17373187637508947
662863,-5.425145517853994,-0.9410265532999292
55753,10.531801561221304,1.7888962248125777
56809,1.8433387782635229,-0.8417404533330647
80019,-4.506579372976217,-2.706272269265795
56170,-1.9865566806883874,-3.5348019427876674
650957,-2.69381981807465,3.4807521785111293
673638,1.2848036258235709,1.7455513033653598
56565,-2.8495168297853377,-0.2744073561294871
13055,2.3046634947576266,-1.2243680112138153
57652,-1.0524558212977602,-1.9303884916485505
57074,-1.7709360342546128,3.1939808877425735
58345,-2.827497099251572,1.234009225941623
56680,-2.9812968474320884,-1.7379639237640063
55819,-1.921609351317795,5.025401361821105
56743,7.58903446884886,-2.531419480379769
51050,1.1005847081684366,-2.2601121130014663
59670,6.809976036028346,-1.2734447474866717
56426,-3.944620169580836,-0.23469975009783373
55731,1.6206360156172832,-0.8300430421242154
56413,1.107156435685937,0.3667583428390162
59225,3.456798538371924,-2.4039970233101595
59829,-3.3018199855851216,1.4444644527591923
662113,-2.768676509994986,3.1424557522370375
58382,-2.774990108678076,2.7951268746620803
59852,-2.666645100500167,4.570787496766572
58297,-4.376972797517763,-1.315001932203887
57199,8.459008733517281,-0.8684751744874687
58143,-5.909690244617619,-2.626138347624846
58915,1.6539535476221683,-1.8770348727750448
645953,-1.152582089774142,6.266016081707378
56180,-0.17497433748090618,-2.9481506668234267
56277,-3.042019439878534,0.8730042890253216
58749,5.754298919511283,-3.610120083132081
60719,-4.092289278873411,2.174891055274074
60619,-4.567722054102003,-1.683388630993933
56567,-0.25463660330337556,-3.218285563216799
60511,3.614517692084941,1.5214359780391509
59484,9.696194926047088,-2.787972047330406
95575,7.647842839819255,-0.46480626741206066
56189,1.868541759393188,1.0808907668844911
58154,5.328741123955155,1.892763425022462
65560,-3.1943627081834496,1.2356236952919497
58898,-4.8067795585799695,-0.9990679401382186
683862,-4.787635932843929,0.0316132349919247
61041,-2.105991914207363,-0.9286994780203889
662865,-4.422636811484339,2.014769812077529
54699,-2.8842714219438412,3.1955073223240866
658334,-4.10943736907474,-3.6908690625683516
77512,0.6172977378462927,-0.21641251858789037
58627,-1.0101941607467757,-1.4208313427932193
654350,-3.014120672328316,3.1898901340600387
662525,-4.676997703626773,-0.4558384172418964
98956,-3.9293406332928464,1.4494545652375197
57815,-5.255762441492942,-3.0029655967939686
56978,-1.9987013111210388,4.5547688543108436
60260,4.469380651170372,-0.35898172728418554
58711,6.515555132399393,0.20156201323526762
57573,-0.6363331813259494,7.4473899015215
658711,-4.769557307710072,-2.4268346233054343
58621,-1.3745801048860076,6.178246706497997
81396,-4.59594560146777,-3.0090211244412646
654356,3.2474215958551693,-3.9231209956239397
57365,-0.7049842427773345,4.080188032715602
94835,-2.4144453287748835,-0.24420763905826479
644484,-4.848318210724377,-3.546905456775434
59818,0.8936816986296648,-2.233895573548085
662184,0.8991836927208509,-0.7473626596054465
655995,-3.0821796411981777,2.5064405163387344
664272,-4.6401986699807365,-0.6233423653483261
59557,1.5570892845575859,-2.044616327322409
57406,1.9233096134068082,1.5703579510767613
57586,-2.7442467157496466,4.161710264094954
56825,-2.9734210687083578,3.517238315221603
659628,-5.211515275722656,-1.1719070692355462
653835,-4.0932768822240275,2.3015922599433964
58841,-4.151054579076012,0.6658404057538115
55817,-2.4900365845878754,1.3111700171399217
54860,-0.9623930746447924,6.734632364436021
652954,-4.8751825917928135,-0.4926909727615134
653815,-3.3744289191505157,3.4241979778238743
654576,-5.3821831356921646,-2.2385769127221136
58795,0.4485769255529839,-1.6145224423126456
636036,-5.1037182435356065,-1.9104777950623983
659821,-5.493316815690295,-2.443029170014625
59752,-1.7927868161375629,5.906494009253404
61229,-2.671566584784837,3.293390278009561
659646,-4.9652926168939056,-0.34422789536151277
59788,-3.176153925143382,3.335759388323992
73504,1.8637344688566113,-0.597025587831016
59217,3.525216570099443,-1.253867825027636
59988,4.372006803024318,-0.43955307446120984
658367,-3.9714513689325392,0.8832840704333049
57700,0.16354661583803204,-0.7510760585038508
59468,-2.91280576719089,1.1258371566186973
59834,-4.238125021683825,-2.609214041130037
60737,-1.6469358535382923,5.299288617608712
59216,1.3174764345398653,-2.511438123999387
59450,-1.3560857409917382,4.149440585921306
59524,-2.4650712090651647,3.692663884973036
60347,9.76818438780846,-2.1600426002233
67520,-5.310613906412927,-0.2645110538259776
60112,2.2299186463663823,-3.2160066377929217
58629,-0.9006010086284196,-3.1137546702802905
59104,2.669786508250189,-2.503397461564021
56408,0.3897765835902571,3.011469024231401
58710,7.356561646720219,-0.5385440877208854
56639,5.690446394244785,-0.22408787744338635
655998,-4.112978222305085,1.7565714738327105
59495,13.332201100928382,0.23705032545545685
58819,9.377323501762916,-1.316419605528964
61199,10.41036142741027,0.03332553958432777
659586,-5.725027173378646,-2.229239453564746
56415,2.650870947297419,4.352628960541023
58609,9.647256154938926,-1.552139658040729
57640,-1.4473286963752459,5.731555087207726
59691,-0.6570847296088945,2.132855255074497
59794,7.622212260954038,-2.2558456675657474
60638,-1.6504225501001735,-2.0922406958810105
24479,7.840246353128221,-1.161790602136795
58867,-4.053718807251704,-1.360640621686299
68247,-3.990139078198966,-1.8537908236577243
658690,-5.080219100436547,-1.4049178261503195
677460,-0.9945338284616011,-2.888650343517409
60263,0.05202972025408083,-3.24527506251333
56935,-4.615988357865003,-3.308862403895662
634530,1.3298620835229655,1.7982174859799143
59239,0.19471957219743513,-1.2851715267194463
61079,-2.9994764563980194,4.123279480386399
656795,-6.174043704291485,-1.960296377836233
60408,-4.347441236528007,-2.4607665340760407
60020,4.923897578680063,-0.7594911614633363
56893,-2.1490745392205644,4.960624239834313
58818,-4.079917446683827,-0.9522397419080523
59853,-2.4724611839906943,4.961709870303001
659583,-3.8286319526673886,-0.5220438742428185
58939,-3.119968399087635,-0.0033380734141947588
662846,-2.816090413798588,3.5293917925915355
97473,9.651263930004017,-2.0347466196931867
59660,8.449737244231548,-0.9790894155046737
637327,-1.7960888166912872,3.537597216012744
59110,-3.549311499783709,1.0500103970350234
677461,4.612228516035152,-1.4719313682305404
96491,3.4151114574926953,4.290738807024327
59774,-1.0369913867093936,5.923776776213137
68191,7.534710587964288,-3.1614348115283635
59234,9.90559711582524,-2.235999525743132
60381,-2.8231065326749496,0.21715044143083528
66174,5.8106722958014005,2.0395629405732962
73618,-0.8113734381892961,6.147752209796748
665300,-4.877395804908968,-1.4159414466321785
653004,-2.477344977521498,4.036723474585557
102968,-0.024184658820478627,-1.8073701398427637
652921,-3.2910154382485532,3.1680495170363407
59525,5.3907493512907845,-1.957230972521737
74154,-4.496382520844454,-1.0032616967272916
59237,0.549409129011411,-1.2385646327131905
642847,-2.25187331983011,3.834734363103168
59958,-0.5293484523476046,1.1103050962858316
58645,7.330588113751363,-0.5724323712009252
658663,-6.08491927473652,-2.366121917449371
65530,-3.2385438050708673,2.478256870213204
76217,-2.1392959645989267,5.413682270663587
64647,11.334157546194213,-0.7067260944081731
60306,-3.1532896453924124,-3.4129213501895532
64657,7.787127776241376,-1.714705810718403
662774,-4.8856315777205,-0.45041226232272097
658125,-4.9635098596871625,-0.38744046304104673
59904,1.9732278703981574,6.011783698511246
61032,-3.7061498002550954,-2.1949342068459368
98299,-3.396656052942654,2.777591729055944
66546,-3.156653695295774,4.460745131665247
73533,-2.6561541186005564,2.9412595647450535
66078,6.374915570150136,-0.1783759562802783
66037,5.2402016839733525,-2.911483842491234
61323,-0.8576628496207753,5.106442573031102
647555,-0.522604110850901,4.5192126875970695
65944,-4.459098895079897,0.13222799285359052
634801,4.5332235344331835,-4.524856734022684
652563,-1.1512085883605998,-2.2800740820469354
59980,-3.8480454446450647,-2.1654368210203643
65191,4.825954514774995,-1.8863645875491057
73384,-3.53917537091428,0.9855089352572229
665432,0.12247289565218793,-1.7715171804879968
65745,-0.4672194162959559,-1.042214881808833
65380,4.444555623277397,-2.087596550099644
60838,1.183763029209112,0.2062336118931355
659674,7.943869270759061,-1.5716158095997246
59754,-4.321656678188682,-2.458267453795856
647813,-3.619055485041936,-3.591200976013866
59964,-1.1711285054503586,-1.49093845871423
73563,-1.5421418360999615,6.108741815905263
67973,1.5033947573047926,-1.89768266847366
634614,-2.5037093213399446,4.651717641343852
66201,-4.7542735219048335,-2.411374364116221
550294,-3.8668375654738036,1.9695253128246306
59955,6.495526950010739,-2.1423670821134575
65359,8.297043839434501,-1.8293733546917066
65898,-3.8425016499740314,-1.1141516830531746
644211,-4.3062358159380665,-3.6657245783551407
653770,1.9022904978112491,0.2422749352433325
656785,-6.073158244982401,-2.327294826077057
65182,-2.213205643061769,3.7428627426029
66209,3.9476660572718045,-1.054058619529167
66205,-4.535275382370848,-2.445102198072499
644382,7.797038405966593,1.4260128928844242
74967,2.0128108125498976,2.5947828831497093
66041,0.7625168276475416,0.3986671122854039
58670,-3.4696874535177846,-3.0946100431042334
61359,0.6093403448023166,2.332204116758974
634762,-3.0611345057019483,1.0129124774816072
59966,-3.5055599841208105,0.4799616182575958
66025,7.780938164696343,-1.9531851939275633
65367,8.626273358697155,0.2387598973509688
658688,-3.802036768621145,-2.498341166649033
662717,0.5965233061886388,-2.0375951880122423
90862,-3.34308808488088,4.40576582503169
65364,6.812705907312242,-1.2767031497497143
65378,2.8403512048051045,-2.710051276115048
65363,0.40594296629070636,1.5938238361600328
60687,-5.352610718095814,-3.2646939130029393
65357,-0.2618984711374812,-1.4660230708958686
59822,2.8304630312356087,-1.3415069890806834
651513,-0.6256276331032805,-4.193406787827033
662829,-2.971803330275136,3.9478562374235096
659622,-4.117333402796845,0.7553493598370365
639460,-2.8844318569943717,-2.9403646209841012
91014,-0.5008309445514888,-1.5229507200470223
65192,3.4305260867988587,-1.4352436027949595
66177,5.847796536054544,-1.4421460564550515
634588,-3.3250513300174656,0.21533347167700495
663105,-1.7708335559567958,3.418538405436424
68186,0.14551896950764948,0.2406698957890428
60187,-2.974116042506021,0.7616984134466349
98297,-3.2027830474251084,3.1741155281808737
73677,-2.723330967336536,2.575985724193425
74221,-4.767753936243493,-3.1158090903785887
652979,-4.315237597018055,-2.5155398052353535
65177,-4.752690066806914,-0.31825294548286914
66011,-1.1364885608774054,-0.13446666649928296
647105,-0.8047609738699772,6.952900639267137
63189,-3.336907094786457,3.481366615715209
658363,-1.3857592114670005,-2.7255049434369347
74389,-5.298250441243726,-2.224036526539036
66284,0.5005737099443422,-1.1701696099760532
638404,-3.484814591935343,3.394687284433164
60168,-2.1047639148643285,4.591201344187296
74288,-1.6599915194379036,1.3703418035291626
73548,-2.5992452903915875,1.3598029789303534
65520,-1.3947785705715399,6.051829925667509
634593,1.0527823362946795,0.22789028653991944
73562,-2.6638465374404237,3.632643401744302
653852,9.483893576730182,-0.6572934146956174
65521,-2.2331135652655463,2.484975450624859
66062,-0.32475664615081,-2.5482209862729213
662149,-4.955884487717155,-0.9994350943535585
655997,-5.697993941398838,-1.4629481510169766
656003,-2.267076300100532,3.9198615591352803
60474,4.182445669187201,-0.1221992590417392
660727,4.935051466462185,-2.3129396135435716
60402,-4.366366289957019,-1.7854788389370628
654580,-4.531792107185556,-0.265750670567237
66149,5.433528658663027,1.6474260829585003
68232,1.8198713397114692,1.7076892448373187
90825,-4.153274536900987,0.3919660956431417
73495,-1.4038241263179956,-1.2828086932202427
65828,3.7699022537659705,-1.9139200337161473
68084,5.94888303948005,-2.4736097625526616
73767,-3.355646731587585,1.4291771830355313
659653,-1.918429441929794,5.344022998947983
73422,1.6698573214622854,7.159240698971184
74424,-2.907480177181447,2.61320567014071
82513,-3.6466148631226494,2.7765727778083193
74205,-1.0771109317311558,4.676277154869412
68616,-4.591718714400248,0.5732345373601879
656002,-1.2265010508607859,4.246376135203852
666633,-1.4980660031107185,-0.7922400243650546
73763,3.569983351581823,-2.6351560537110044
103143,-0.26230262715710306,2.402218250268033
81761,5.146368897871711,-2.671712152119977
634625,3.1536097613110776,1.3337434913592534
659664,-0.28865901047367176,-1.6470234389139717
71002,-4.411979260998947,-0.370656042332174
642094,-3.966450746071463,0.03282442125081232
68741,-4.344116242245969,-0.6235804909864017
60114,9.508652650093493,-0.52791952387416
73837,2.3019512036155874,-1.4628249641605784
73742,-3.5166474538080412,2.256994518821553
634728,1.2881991917991382,-1.8550737571166183
634661,-1.7947368599216267,-0.9201555922558808
669374,-5.197738716635075,-3.0225063515370314
73803,-2.3290338340564642,-0.9473974929164012
639558,-4.510263790330044,-0.8933039280986022
73485,6.337173472085402,-0.6843937364182399
73639,-2.691204980575634,4.906726390031307
639791,6.229525967829507,0.8067170894658885
65565,-4.454151017246891,0.6244317598403755
73753,-3.349878677756772,2.339102212707115
102970,4.7087039568119655,0.4350974136146045
639500,1.794747891315673,-2.0538117500789452
660685,-6.17527652988862,-2.6488376014889234
658682,-6.251914261614668,-2.213810010146283
665145,0.5479690926943559,-0.5442472975256275
74185,-2.013720143200212,4.165376034070991
65904,-2.3429514499167388,5.417544682769507
103218,-3.4448339243115544,3.074309288104909
95548,-3.032645465640173,2.3765771212844657
662688,3.65382945497693,-0.48170878295009434
74410,-4.413762281850417,1.4541591838896357
655779,-4.118431004573518,-1.8656306994918883
73836,-4.328523287759285,-1.6506422719911527
73427,3.814485673953547,-0.8311002102562312
99852,-0.7733145637657654,4.042404017396827
91688,-4.856461674911457,-0.15035918083099353
73498,5.7820088626374195,-0.7534547427682545
73782,-1.223859127730596,1.3575179546197669
668363,5.541074747949143,-1.3585235919965695
85583,-4.026984447450891,0.9680141541426208
642325,1.8501479948543162,-2.008505884855363
66315,2.5852482440844273,3.1699341319389873
73833,-3.6710157181049112,3.535290677227841
654509,-3.9723299104440035,0.2579474143420987
639243,0.1976451017634726,-1.024561803363219
634579,-0.8971702138923764,-0.2000460484750506
74289,-1.138222009811599,5.190136883064556
662851,-4.653854655806856,0.2320472650480383
74334,-4.1022404348353945,-1.943053917991881
71044,5.07171297411409,-1.3186947205908433
639213,-3.1594255550704684,0.09608001980618086
97762,-3.4926974923621845,1.7579579971048358
646897,-2.5706764907856345,2.956049856196326
638933,-0.5902320555289969,-2.1130438517392567
654527,-2.7977975080039,4.843007199801426
73683,-1.988255523588458,4.43075856902951
634521,-2.7437412922807627,0.22720820997061314
638611,-1.5098106601599162,-2.8365962620445972
639790,-3.6307594465339843,-0.3073480688228519
69419,-5.259016191081214,-1.2416919964176416
74261,4.929883487705269,1.0457583102355144
643195,-4.464609118902636,-0.9756135752156775
634492,-2.82846961426415,0.9207739658896821
644316,-3.1904262059472375,3.0799848098221143
73466,1.1649707699867635,0.5483479709979624
72101,2.7440752479418373,-2.5061395880194985
73609,1.4672526687413014,-1.5633949180472917
634748,-4.8564178012653025,-0.451396594571389
639423,-3.2949716166527985,1.361606848911788
634645,-3.103426433355066,1.272928003780807
656781,-4.838589923278112,-1.214736235425776
639024,5.786297114890345,-0.6845976989833353
654402,-4.530965438639731,-0.042847401416328396
677462,-1.4059069168092388,-2.788640533877642
645202,0.19958154294843528,0.11004885057696667
73526,-2.5742045691099653,3.437018033114241
73831,-3.76975407711099,-2.493409222102705
649630,-2.794524330235344,3.237244630346916
654351,-3.6732780218650523,2.551669753079593
634473,-5.088928010761848,-1.886992730082726
634709,3.5662565500562806,-0.05017254396855732
643248,4.793075703193517,0.7866180164858547
73646,-3.6734776707969488,1.5048411376710824
73715,0.7258515592629938,0.9778379743691341
634773,-4.351698989504928,-2.916850974494399
73724,-2.153154081373515,3.569534010072959
84005,-3.055326143368315,0.9366069948144513
73799,3.678431088961222,-0.9521854259939998
71027,-3.06551178367984,3.112214833401242
75199,-2.7868891834622596,2.3209670258516835
643247,-1.9264236577762963,-0.725047896637838
73396,-2.0743436446113632,2.5326420530341807
643396,-0.34437019779305283,-2.2291900418450057
69846,-5.020801468546639,-2.940882707052806
639250,1.9905463712273386,-1.6060849399473578
638781,-5.2047599552058905,-0.9666342643234584
638504,6.170149686279979,-1.3041433335904378
97687,-1.181975988082843,3.104708151244459
73399,4.057460765233787,-2.222645024220795
660654,-5.135265998407359,-1.1305418615548959
73369,0.5912772185640445,4.548599707243
71557,-4.649992797993247,-0.32250175912093093
83284,-4.311542768704815,0.7246526637138989
634789,-2.480272333555569,-2.4420126712805734
73569,4.764620086005193,0.7467978827019663
644365,-0.8800013910816381,0.3493273473706113
642404,2.988402303498156,3.8234424553210964
74257,1.6626977444757784,-2.114808875209036
662864,-5.137788290342811,0.36974484377404526
642062,-4.361028894213108,0.9396585218174887
662110,-3.4580629692051454,2.499728288913786
662109,3.5375637899672894,-0.7907332495548756
639176,-1.5304177912141572,-3.190189515385369
639269,-1.0098616373933085,-1.493952931075936
634797,-0.6088678974199274,1.582033814404768
643053,-4.896721357543011,-1.739593906683306
642433,-0.1245498678928272,-1.6339305299685427
639300,9.020097338874391,0.5643762756806932
638638,-2.8820543867191435,1.8448070880399006
634684,-3.4483020143310554,3.2013653990962125
94929,-1.9575814379966725,4.120663796905169
70986,-4.852825583060449,-1.4480599550977113
78638,-5.183365907352082,-1.120836771345468
642311,5.946730035089871,0.3486660952351902
638903,-4.97018032765185,-1.9288062731937234
643054,-1.792674594176231,-0.9779928249554338
644312,-4.225863761694254,-3.5417572615947677
634587,1.3910997944931047,3.423191622870699
638661,-2.0927899294695265,-2.1309740314242074
659590,-3.513730050743472,1.07512715916409
683663,-4.493033907499812,-2.644393824761115
634493,-2.4877493610608385,1.622442059647443
645471,-4.933612516289174,-1.563143425803025
639501,4.257727876959414,-0.30988628611418134
659680,3.2919871862240004,-1.693612742007875
643789,-0.1039817248322075,-1.1343286331968434
660730,2.807948148462167,-1.8817944357016283
638513,4.340241385508088,-0.6392488783160404
638941,-0.6848735881044846,-1.4335559993659688
639308,-0.9228312919889134,-3.7269440014440276
646794,-4.0301079292397715,2.1844392282343836
669476,-3.2401739818945963,-0.6751073396383486
639198,8.313567627365794,-1.7200013430123007
644630,-1.8098910977027907,6.212514939956357
643699,-1.9138374154608215,5.33609013504564
643537,-3.562072971941849,2.613119766285022
74517,-3.636085123057124,1.677856050200087
642192,6.676209030638363,-0.7088642714433641
97562,2.323976550233026,1.7597453217356014
658687,-2.0081738858751472,4.4054301705125
642382,-0.8257417076168736,-0.4116809069109115
648455,-0.4004091874896713,1.6328135816717722
639257,6.302663614649947,-1.549266125783844
638937,1.1874839694715065,-2.7064713796247037
73790,-2.3672410853756407,0.9950231293680348
639304,-3.8101426286618354,1.157532199757322
639425,-1.1766426423911294,-3.694380399538988
643578,-4.117803995269359,-3.7187925294881916
638921,2.3134357541396864,1.9838229175432476
644496,-4.295265994974879,-0.988769754351906
638813,2.841853844573962,-2.7341430179985693
634800,8.14536522325394,1.1467379621476832
643645,-0.9282386654952554,-2.6873265014012597
638950,-2.7456055740420147,-1.4780837462303897
70235,-2.5823958943495806,4.713936485063518
642424,1.1796348596755815,-2.4362262685764997
642252,8.570120688990947,1.4208084018225184
639058,2.7038091815184337,-2.564339085366753
103216,-3.695719282105466,2.285690990709187
642966,-3.6692815293188903,-1.2013082195100195
70475,-3.7534744813355037,2.8935546222492365
644606,2.2016366888359555,-3.533363342651824
72297,6.27656967815597,-0.13772835510908396
638396,-1.9901660220532493,4.6873532750001266
646749,-0.39842940797904824,0.5612629127067826
656754,-2.1860198961837622,4.447118671708932
643773,-4.469891335898904,-1.0137336039819829
642985,0.5324187203054755,3.774101324591693
72321,-5.129318329998599,-3.270672513546905
639454,-2.658534249992453,3.708269521775414
643312,4.775379173696474,-1.2064347678860474
638554,1.4530926838516605,-3.2140293454180746
639241,2.738618557968381,-1.6131530483049294
642403,-3.587391894166517,-2.3085591937125387
643647,-0.9021806776800525,2.281839020581142
639046,-4.40961287522861,-3.6757420888140375
642071,4.311870308593855,-2.4733702324704927
642330,-3.742704971091051,-1.852791522234158
639200,-1.74760878274336,-4.191270862058142
654456,-4.46637582029327,-1.3090472201660202
643337,-3.413343042572824,-1.1628690408097508
643304,0.8121272815504439,-1.61045272911816
643704,-4.843798794201568,-1.714138386288393
643873,-2.543072274250157,2.7855473324625803
668010,-2.5460390692624406,-0.6997625035037757
642127,4.456429140544789,1.8906365326562207
638474,2.490355851922172,3.960997561515914
642402,-1.4592793398689197,-3.2143943029645605
644530,0.43861233119947496,-1.9690576731785119
97601,-3.5851209140657083,1.9310265343865227
662511,-5.132433196338952,-1.2854048514207554
95540,-3.5174470503865742,1.8941537562148216
643480,7.60923709142111,-0.1353972238317333
103096,5.5048619915998405,1.368380896203611
643361,0.006939906755686523,0.43012200188758876
642219,5.695986135058598,-0.5354598959484108
642360,-1.2227731722864432,-1.0474579010125744
103213,-3.7542532627990544,2.305262139198369
646776,-4.420171617964605,0.20477499883012842
103211,-3.456934010242349,2.364168703064026
644399,-3.55424027002735,-0.4573945497691992
82137,-4.789112556076737,-0.21689416914489512
643723,2.6406123735148124,-2.3037017387208865
654401,-2.451451854980071,2.2403823439749506
645207,-2.3167852644807945,-1.4386041032127426
644500,2.7844205160892552,-1.9633483863409107
659672,-1.8152664028245429,-1.8999535877697182
639307,7.931568673801901,-0.0914435189888185
644946,-3.785004335436583,1.1021061345746985
662857,-3.7345907919837606,1.5068873588458658
642234,-3.32073397448821,1.989506746535823
644698,-1.9568820275265455,-1.9486211238118534
639356,-3.1745373585706336,2.3897211118544877
82478,-1.8476677313628758,-0.6469589755212416
79972,-2.0649837806545372,5.821311140545052
83678,-3.102159065805633,2.806762834574369
642876,1.0858948783632365,-0.7915963000671494
644153,2.6958899671537546,-1.392539300276813
645142,-5.170129420600275,-3.6263307059071144
643299,-4.635923817827677,0.8090260880548272
659582,-4.194296709561911,-2.4287877759564243
655925,-3.834131326783796,-1.147565524141548
644623,-4.601061273660528,-2.64901064721338
646695,1.24170981171404,0.3776719600873063
644384,-2.7239631646073073,1.707188298768104
660716,-4.1252602361225446,0.058579952315179165
644527,-0.30774456916341575,-1.0375470867151302
654381,-3.7348570890367903,1.8361414098246853
659644,2.012537939170102,-1.7565665297875612
643378,1.893544015808117,-1.6453359349572465
643705,0.4084943688878725,-3.550862500291542
649663,-2.069540473006852,-1.9572372652551335
662183,-3.4639382018238822,-1.392145817572862
638476,-3.3240966784584773,-2.612372071781442
643995,-4.586235933386571,-3.614441339783566
646191,4.427820543656294,0.5418272940658847
77663,-4.147321634908654,-2.5069615399647986
638442,-0.29767612592837844,0.8604082587380023
638919,-0.00979896086786522,-1.8171116689787974
644368,-2.766775711528747,1.7453268524326604
658123,-4.60395609451615,0.2604739006548379
644281,0.7757362451074374,-2.9127774574838474
659665,2.4776287445866987,-1.1990622595953053
645597,-1.535098315621758,1.5857070613045332
642880,-1.8607360354111315,4.598150465066882
643421,8.214640179559519,-0.49100564382923817
645261,-2.1006740460322986,-2.1132100788392463
667562,-4.518075701124586,-3.6644651471938525
654412,-3.106809991428931,3.577949120806324
643656,-3.1900723863709466,-1.6887521381423891
644521,6.001640277674432,-0.20369545044809761
658370,-3.1734022810576734,3.2788757746224366
644388,-2.6076262372813055,-1.5479415303096653
677434,-1.9348555300260184,1.211576940250822
643742,0.6667519227139976,-1.3689301002671823
660657,-5.048539152202315,-1.3237422179641092
644440,-2.333534647598257,2.81411168951898
642861,-5.490169788699609,-2.432606442231989
643333,-1.1167145878177858,-1.6553149668464502
643204,-3.1291764839250233,2.4511827764660947
647711,-2.217631777611407,-2.7403639737251986
662510,-2.4235102173575997,0.38204242917955067
644158,-0.5559287962691002,3.064241702942107
639057,-2.961709278423923,-3.422324999096423
645553,-4.146070698663458,-3.180599569993989
646785,-4.794012379308867,-3.142701692181502
658705,-3.5234172031679045,-1.2809621500432113
643498,1.4049599839178477,-2.7967325674439465
643117,0.15459062316929528,-0.31857555207780597
643321,-2.6636066876731133,0.542403235943867
643058,-4.602933936983399,-1.3891551241328606
644298,-2.6090748146137654,2.45741563331809
646751,-5.063144960239961,-2.1641546623974217
643519,-4.3812556892718435,-0.34942409614191794
638753,-4.564264130614976,-0.770748677169425
643587,-1.685095379336025,-1.5565367103873893
648247,-4.546364753472865,-3.64370339126188
662771,-0.4634862437034025,1.6076437576029003
645159,-0.35171852676732285,1.4630513189632564
643034,-4.391944968872651,0.5856056888885087
646891,-3.0648754503081843,-0.9387131813611976
654379,-3.3729334401691946,-3.268807343938991
658674,1.097418236222225,-3.468815043418245
644571,2.050185617171111,0.061081911694853164
643377,-4.848318210724377,-3.546905456775434
643166,-2.9036221982335033,2.5648930842164015
645293,-2.906053276561645,-1.5899415176120941
643715,-2.5014752939461395,-1.9150501053833482
649396,-3.171330356333765,-0.061050539749254534
653816,-2.4092771819056362,4.114259554808042
644579,-3.9022252737063754,-0.016696323749916392
645513,1.1856747655126254,-1.8175729714880249
649411,1.4302577707042743,-2.390607934963655
96289,-1.3973326304176255,6.4771307267477685
75870,-3.9940297875123245,0.72956325529023
647525,-5.499503463813188,-1.9282483755159552
643061,-1.1258147124120843,-1.341462907074705
643309,5.205186018635044,0.4260241092159585
95541,-3.9832517032006325,1.1877462692789558
643726,8.080004196211943,-2.632496076579461
644406,2.7902778906185755,-2.664631903777109
662490,-3.6083837201672995,-2.0961180384410554
643562,1.0232586206195105,-3.46097366657318
643322,-3.435432933648329,-0.11203924687189547
645138,-4.738609231347152,-0.2614302009960559
646835,0.8559145130030997,-0.07354132035781512
646418,5.132660895998145,-1.3665701191050914
658694,-2.100121418629586,1.3585673396381504
659696,-5.1685539168442745,-1.6587548042288867
643819,-1.9873822754403154,1.142151940522722
648036,-1.6833201102069728,-1.5219705632208589
644387,1.5347668013983156,-2.6911462280089236
646401,-5.090023526811277,-0.24532998429542902
646525,-1.472437453417444,-0.946746676826633
94437,-3.48733747743504,-2.1637602691390034
643351,-2.781210731995442,-4.615705374186687
78961,-3.8753610463019403,-2.334888145989318
644516,3.913591222754936,-0.44276264294651313
646196,-3.6712383676622036,-2.5695310913496323
647957,-3.5380486292699014,-1.2854906077450203
77511,0.7164123653894778,2.9341671678214065
646135,-4.175943147623591,1.0320840111118907
646025,3.2215811551119806,-2.0230902213775552
645372,-4.495548651068727,-0.10927730046901361
646043,-0.14551825647854882,2.641552895336627
642871,1.2559383311843624,-1.2083606005946677
645627,0.2882187059899606,-0.1378767943541802
646567,-1.3128341790759364,0.6444849631404889
646410,-3.865934162181649,1.9526405022343298
645317,-5.518150288844714,-2.1663833623617372
98838,-3.6211400811662124,-3.988332706493959
642958,-2.980850500975404,3.538388817336355
645992,-5.006109373762359,-0.8848666664406073
647678,2.8583370603315696,-2.9047858615714306
647524,-1.9941285016522707,0.21374585733140428
659699,-3.86129067652331,0.0013876443456720677
648129,-1.7879132608263766,3.9568348089914407
646256,-3.7323962070555257,-2.8710091231122687
75576,-3.5632769902556025,2.321412365107705
645468,2.0193506624816457,-2.236254723633623
75964,2.705578468287167,1.3121568998565216
643308,2.6058699420155045,3.6289439715060894
662720,-4.883191267812543,-2.3232084523234073
647862,-4.628741409625208,0.10854663819715513
648282,-0.6714508409098391,-2.3399068981537052
649436,-1.7073195487779278,-2.53673855836504
648076,0.07571229729671049,-1.9170341915460427
95878,-3.5392835980601816,-2.2040950230231875
645395,-5.243237882719908,-2.201750206812868
645686,-3.8670246026012776,-0.49536427900161256
658706,-1.8020087120194257,-1.1716343633301602
647234,1.1892075066380299,1.028701022291619
647473,-3.788939827211157,-0.04622278418112172
644526,4.990509232329133,0.8822123477492991
644262,0.2519656685677254,-2.7616894608653153
647592,-3.4866151238977876,0.7302055396278916
648778,-1.0197837979291253,0.25710510594731967
645203,-4.040119553712857,-1.4626957372124383
646111,-1.241496907042163,-0.8709307950006763
648267,2.116828610476288,-0.6545263688630837
646044,-3.384771439602229,1.8470063922199418
646202,3.294229333125536,1.1258783680779794
662173,-2.78332173550246,0.03265526303498906
666375,5.673149079671081,-1.0687700158051334
646364,-2.5772556970089933,3.374054414859757
645433,-4.35801891948923,-1.3024978255394961
649373,-1.6340649377746128,-1.1721931194827122
645277,-3.3760412088632314,0.13040126029260762
648513,-3.8185475072065875,-1.2752907571869745
95491,-4.089928146445569,0.9926471684902248
645542,2.917308649447126,-0.9376708460845534
646262,-4.273297171363822,2.2793166858352065
646881,-4.690340205004154,-3.6791760540064287
645561,1.6852688848586768,0.2599703445021
645214,4.9644572292009315,-0.27492863286138636
646222,5.689128973008338,1.5466728570790136
648047,5.81940293981977,-1.4010707714020878
645867,-5.120492151411747,-2.0133273267205487
75755,1.7390444161741574,-0.1415549106239375
645089,-5.231464846015135,-3.159479734203691
650462,-1.4149831156214456,5.831678078524016
96707,-3.8870500636566856,-1.1119353501987206
96050,-1.8503932471120912,-1.4670351712686078
647467,-3.9607837314988625,2.2588570306134437
75667,-3.477844060478809,1.5640209502634503
96841,-4.99731448331045,-1.1329487734408414
76043,-3.3915306290544467,-1.6215348632747846
646519,1.9054154910788315,-1.7146240780156252
647831,-1.5727284623960744,-2.3998858607946874
647968,-4.483690843355163,-2.9350386592871125
650613,-4.551589530005915,-2.4276314845263087
665316,-2.445308833707213,-2.1746279012203926
648427,0.10497507790909862,-1.5401829836699168
98307,-2.998514708753783,4.89306272873204
658371,2.108880539744275,0.7481652570491093
646192,7.866829692391383,-0.024723511581661695
647873,-2.416209475513521,-4.414642067985199
654349,-3.0148491564104014,4.903363976562437
646055,0.5305141002705153,-1.685963852888388
649573,2.923535864447794,1.6758541573742352
75635,1.3986735720680865,1.1445153390878926
647619,-5.509455048442561,-2.2218829770891975
75859,0.2417279183049994,-1.7892180873596457
646220,-0.8055928982668175,0.9796934656596922
647000,0.3676055478712974,-1.176829749507088
647747,3.2766856361414103,1.4241060340055682
644515,2.3927808680194014,-0.4338095987150854
649715,0.1897087802269446,-2.9360030667942727
648810,-4.163527343021863,-2.107211493500681
647955,-1.452074522277937,-0.5055615242349231
658362,3.280299497663185,0.0042088989383913256
75698,-4.373464038576364,-2.6071499888317606
649460,-1.3567268489403403,0.3112458402564838
658121,-4.971460954871477,-0.7708587174027944
645591,-4.596294728108614,-3.610595305635867
662673,-2.62301814646813,-1.5782495905946083
644141,0.2136103181705818,-1.2291165087891494
664776,-4.383238790729226,-3.8618004487316835
649827,-0.8572419552994166,0.26347241728564064
650482,0.3959492095617856,-1.6453917185600715
646717,-0.975252821243281,-3.1667127452193453
659690,-1.452995501454363,-1.2179721660236726
648262,-1.8341401108318869,1.401588657831451
82500,-4.103703078651181,0.31727255359779033
643445,-3.9272940250184214,-2.996017846624783
669691,-1.2692610926046142,0.9321360973245354
659645,-4.6727702264072875,0.6260438721328133
98780,-1.0402685869454384,-0.3782020126310406
647956,-4.2873989498821965,-0.12678104751336272
646869,-5.5545880215859205,-2.104523095743852
658348,-6.263675291368787,-2.2526371015185966
77720,-2.1424381467838,-1.1136860011002394
650192,-4.371606834373816,-3.0536409666865003
646173,-5.729454254178551,-2.2438574192682643
649516,6.552297053636549,-1.8838069035383294
648214,-4.711122339244614,-0.7092378357899038
75998,-4.363580233664622,-1.2276105156726111
649590,-4.360414628685676,-2.529991237396733
75611,-3.463793203810457,3.689611203489147
650129,0.4122959324573504,-2.486208864042073
75701,4.0814438065130805,-0.5276846347863186
649917,-3.8555391596838997,2.619561448211272
654463,-5.582512765943454,-1.5146534314362077
75751,3.745905080500056,-0.21766047618968046
645153,2.078619291236684,1.544698321435774
76069,0.21234240318553987,-1.8476311226534565
98311,-3.931063086681693,1.5370079597166906
76092,-2.2837052734023047,-1.3648313471510631
649875,0.09548853886349186,2.0063487998387557
649634,-2.7132430489624952,1.9555726170117151
76072,-2.708624912783242,0.5167896600886709
647734,-5.400235712537048,-2.2972926053030878
648775,-4.39320032541638,-2.609600755412001
75561,-3.8620960510150315,2.5890240205009163
647795,-4.2471000005834325,-2.4782228689017924
649592,3.462495331942831,-1.2489441415371227
78314,6.697730964909806,0.5392089653819956
97926,-2.9106314199152106,0.8655837108514072
75739,-3.3539256179944417,-1.0268557407357135
659596,1.7469998753618512,0.24320984614964525
646521,-3.781711509777016,-2.800686224691616
647788,-3.6852835200060405,-2.8120811764616236
76115,-2.374664661874114,2.144082141876998
649825,-4.905055699087529,-2.6578600925655995
95471,-1.0757171638525083,-0.897402753786897
75804,-3.4795756444457746,-1.9672863478030882
668132,-0.7888925878592828,-0.11537669750957044
96041,-3.865251494366442,2.856510807711658
76065,-2.8578872440900476,0.8042570445937044
75709,-2.7930947133902997,3.7488705712605888
78668,-1.426497816301312,-3.697823924645979
75823,-4.283270723410777,-1.3353249627083392
662172,2.0426442956145365,0.4796038480687384
662679,-0.2462278808658387,-1.5830747457884318
75889,-3.702865436302841,1.5599601851242189
75747,-2.3869020906278253,2.6231006502454406
648659,-5.10070638795554,-0.9189573845084498
649788,-4.226941857831691,-2.6212352137615698
75750,1.4287170059688072,-0.8083142474422148
649778,6.102391921259129,-0.024301984930698267
649921,-3.8365191202784867,-2.598591215789019
75838,3.359097777687269,0.5718028453065018
96064,-3.684462380364544,-2.0191484309437757
648005,4.812678039481084,-1.7051840260857967
78305,-4.453830373035855,-1.8806754353459225
649829,-5.1813815052243655,-3.293676032243545
75852,-4.133749925729349,1.33139254037844
78381,-4.84704471008038,-3.771253225112159
658721,-3.684282829519854,0.7607859057935258
650143,-0.9742979742813427,-1.6101495009566125
650342,-3.9151151257253387,-1.4806822790280507
662147,-2.5167198387619196,3.5199744271828126
77881,-4.54911937040604,0.2147826589417838
649836,-0.7043207477455248,0.1707091145739213
649708,-0.31182965499305193,-3.238107974770969
75738,2.7649305112558307,0.1141037669555584
650114,-2.8528627311793553,4.415031963695978
95965,0.8714080241609877,-1.6095326429581922
78135,-3.2422947579484735,1.8313952565991802
78308,-2.645316658683782,2.0559783393973134
649470,-4.595802273517857,-0.33456140811138974
650168,-3.3228553874652147,-0.17024218060309612
649631,-3.9838127158476007,-1.4521486358005062
648265,-2.2625957158431205,-3.3480099393854132
78066,-2.528158582395789,-2.0805334088081944
650194,-3.315428697080466,2.753640305902945
77628,-3.3986149626249165,-2.215407437390655
649602,-4.632309169207115,-3.5518890552325857
649656,6.747394311256879,-1.9410560241675747
75712,-1.6723719286883523,4.0498790732753065
78431,-4.730984644294174,-1.1812292339295154
96198,-4.44959651937154,-2.3621570875552633
653075,2.407697516135734,2.3986952102228516
77764,0.6501324559436804,-1.7973864717183643
658126,-5.58378952569252,-2.1994723423005538
650090,-1.5395017846072685,-1.160118758446917
75543,-3.0413593368201726,-2.693318422536464
98590,-4.081151578809591,-0.7666038428101354
76024,2.4053121625069283,-3.1060902956726535
95830,-3.5425151570715157,0.8288946752088261
76063,4.249876540200008,-0.8201847340615905
648569,-4.309164701620764,-0.003228376832875468
75616,-4.376096690170071,0.2536375498001148
668121,-0.9265120004841698,-1.4363365859502903
649982,-3.7917462286346657,0.7587611597395408
78338,-5.684669700255167,-2.09684705285479
656005,-2.593837773155608,0.47016828275761463
649629,-1.94530120960769,4.95627158966677
645979,-0.15473712862509853,-0.32089751157201063
78220,-1.0580891548519071,2.657976362295286
649635,-1.486423974985597,-0.21829374376788938
76093,-1.9978960345649601,-0.6054788948621834
662044,-1.7798247933911606,-2.516258016060144
97328,-0.6926723711964687,0.6392671043750108
97195,1.6499106563498547,-2.8546189738142935
648667,5.086812979055359,-0.051830893243358794
659652,-5.320890170293214,-1.454055485349636
649359,-4.576455636574313,-1.2728648159957365
649600,-1.5100147590718813,-1.8520684517242731
649603,-4.601061273660528,-2.64901064721338
649383,-3.4766872134960716,0.9377728270148685
75696,-4.451993422380236,-0.14429890162114667
95791,-3.315001447503936,-0.5190936682031015
76104,-4.20530776629675,-2.0248716376196785
103215,-3.3969571101454172,2.2859931415479458
77679,-0.8060852622135508,-1.4482714685419324
669390,-1.7483319150503844,-0.707434819234873
95985,-1.8966706080332123,0.5817789275517988
78543,-2.3759640533887483,-2.6181196920198904
95480,-4.406062704379322,-2.8996562677618813
95807,-1.1456861318148532,-2.8416449450248598
95763,-3.061466315308553,-2.183767807309467
95957,-4.477989282281871,0.43887478901363874
658122,-5.208101052705481,-1.5763731922201751
77734,-1.121250138663208,0.11787149286829113
75961,5.0367863629074385,-1.3806344930194334
78384,-5.3741069578621765,-2.199239414537885
82497,-3.969203371054217,1.8075907707611112
78513,-2.629438783547021,4.001680851995982
98678,-4.1693470456202615,-3.5208227265669185
78071,-5.028679095347915,-1.2851957370753286
98728,-4.916705985846253,-0.511474674936925
97239,-3.4553111468246214,-0.3227707368994444
652072,-3.906621895424938,-2.6990917276732187
78432,-1.4421892423629428,-1.8281815211292156
95687,-4.155736381121985,-3.619183125094369
660675,-3.857221379167309,-2.0226716623322685
95770,-1.6738428553845652,3.235810054751199
649650,2.2910870828526986,-0.5715013718487807
95677,-4.814142889429893,-2.0999619692770852
96137,0.22696687943429966,1.5777833613115515
75946,2.398445143218592,-1.844730691089941
674610,-3.0253157236691726,-0.6943906280866169
95712,-4.503925654802818,0.50568163031543
650162,3.974587179736569,0.43320666544255326
95923,0.24303884901307693,-1.6736049828996862
662157,-1.2030526601269635,-1.7778044682341885
78479,-2.4097238725831267,2.9491771594833334
96713,-4.738379686608314,-3.7406047093088652
658364,-2.0531562193016946,-1.04437378160537
96706,-3.7999537605591747,2.6084368621794387
95689,0.2044479455755328,-1.6023273109553648
75684,-4.207689260588757,-3.632400996120035
76127,-4.4883117332236075,-1.8087067377717996
101161,-5.34079839688144,-1.0703022412304564
78086,0.8293450642614715,0.3628165583964589
96048,-4.4648851199724,0.5557382658995291
77803,-1.2622563155228341,1.0889533906349351
78121,-4.627494911112122,-3.5768267117268566
96626,-1.3330499812327916,-0.37073642328418177
77629,-2.3835068254581473,-0.06285403982022007
75860,-2.090743573387989,-0.4159541048613885
665043,1.4240219847278204,0.8264360378377674
77974,-4.802977661399379,-3.5374227231865607
655974,-0.8375238896408199,-3.932242378050489
77712,5.245340024572393,-1.58512156617455
75723,-4.611786455142614,-3.175754968417606
95980,-4.576678882352441,-3.1309846630774008
96672,-4.489267902923782,-2.655406808157185
75790,-4.238113063303239,-0.39261136425987553
95746,-3.0628278014479786,-1.242630083043185
101236,-2.3371449010623127,3.43095937742393
96225,-4.419367931657716,-0.2576061890001216
98310,-3.5067773965621707,2.371874986175697
77935,-1.3389279136703807,-0.9380159398143613
77940,-4.372503475204057,0.4365681688162332
649920,-5.478920854607149,-1.8236376501322713
76094,-4.3156343359592215,-2.092018243034446
95657,-4.055715714986488,1.3931590146987203
95675,-3.684319534176855,1.6795538469227638
96172,-4.650695051666363,-0.4487315242576449
78528,-5.8401093315742045,-2.4684680381333526
77788,4.455997013057076,-1.191744565745461
97362,-2.4625253192689205,0.07054061659287932
102524,-5.205254323724994,-0.8908195805372232
98053,-0.6427586669869375,1.2979831086885358
78471,-4.099366162874386,1.1525758754581612
95652,-4.580793194801866,-0.8401328363710285
77835,-0.7164161958378115,-1.303208489362953
660648,-2.7258884621517465,4.154889807336329
78035,-3.4205252618113784,3.4726696343218615
96900,-3.6092197066630964,-1.6755531245740216
96145,-1.7567091205899419,-1.9934713846307148
649959,2.017314390107941,0.2304834229489771
96029,-4.647681621827713,-0.15021980431686854
77854,-3.871826811767287,-2.0959760520965225
653690,-3.2895915799784086,3.1812336285115337
96244,-1.8354711134828872,1.2886224414005083
78357,-0.6756321778135975,-1.4591240232434215
96742,-4.380510902273097,-0.3640517594317708
77927,-1.6903997389534609,-0.4336778044667878
78002,3.007096882182141,0.6165761168088446
78761,4.4757518359337825,-2.677962694222903
78762,0.9879592670150411,-1.8412191379117178
96660,-3.665496579442948,-1.745369582757644
101265,1.127107765406986,-2.2939691262206487
77897,-4.460164238711519,-0.6342974080171638
95988,-3.9977376362515042,-2.0468309139921206
648841,-0.6051929815144051,-1.4357522287780529
77740,-4.470913626080018,0.10487570677034413
98489,-4.040348385477723,1.1180069646469875
97077,-4.471188331197338,-3.0078465040937648
96574,-5.017292909776745,-1.353388034506552
98113,-4.748889176516714,-3.5448443492121724
78450,-5.033694134974181,-0.5516304868212297
78260,-4.927209316549433,-3.081836751518928
95991,-5.615482176703389,-1.8889583523237423
683851,-3.523351751218746,2.1843495295401034
77855,-4.4250733974699665,-2.8557137089588958
96618,-3.74881623165945,-2.84224709869763
662686,-4.12551691026188,2.117642390022303
77826,-1.743465227654226,3.471343193520162
96023,5.058522794978737,-4.253488695694225
96625,-4.113866783783391,-3.736049450995856
95732,-3.502396714146955,-1.0131116389951482
98544,-5.346572622948849,-1.1829999142174006
100016,-4.474083304327038,-3.6603829164523667
98732,-1.1494141866277738,1.7652595795033426
659820,-5.933612910862138,-2.4196894527486505
95751,0.24852799599335884,-4.329762293405386
77994,-3.7461567695551694,-0.3927479162972866
77727,-1.4170993616497314,-1.532089965902304
98581,-0.22953591860123607,-0.47275794710398233
96042,-4.007585071879006,-2.861579981109739
96906,-2.9755058179228926,-1.3067225007168743
649398,-2.369358077508683,-1.7734325252588912
660697,-4.309217148900792,-1.2539894534830958
96607,-0.304137939593872,0.6530880232892304
98684,-2.3164696153107673,-1.1153795486038804
97155,0.30400754188725215,-0.38363749209849934
97299,-2.4043932145684694,2.483129610747125
98706,1.0321466153073937,-1.4085289033212964
95870,-1.786033260596093,-0.3845738518120495
102049,-3.396319838970439,2.993679587117937
97876,-4.567704956229726,-3.7102772048750436
98657,-4.5312950864765185,-3.1402630422746034
98233,-4.331384412359941,0.2046030374955593
98856,-4.97911184406125,-0.9121989786930123
96556,0.4407857791726905,-1.794551124260369
97933,-5.786006556346517,-2.309288421184189
98851,-3.139216416830825,0.593227232045306
98490,-3.4945744465252844,2.0240051896284874
103060,-3.261716202793248,-1.2372751923490197
97029,-2.2133791983704034,0.005816939851872122
97139,2.024220481889635,1.612706664883246
97140,-0.40541066674358894,-0.26270250109909526
96924,-0.06490700595983426,-0.5142867150652451
97145,-0.08084231786482296,-3.384499844355605
98610,-2.128350002185288,-0.5305915748862741
97011,-3.305803396976656,-0.2757058296728128
96833,-5.343713893989008,-1.325489176733495
96852,-3.5469304688594474,1.6751118737119364
97254,-4.00458657567958,-1.7709895530205388
96232,-0.5546898709863731,-1.2602172418279962
96877,-0.743622153223849,-1.4847588791491102
97298,-4.7605829804915505,-0.4454842018990494
98842,-2.623115775289459,0.7313572163280662
95911,-0.9273939132677216,-0.1687829309138078
99772,-0.3392374753265571,-3.3527715779016285
98201,-1.843175885416364,0.8203637732477825
96958,-0.5674517453787088,1.20819512473126
95813,-5.132090504539125,-0.908235037401099
96570,-4.62498265836884,-3.575452309750907
97024,-4.586235933386571,-3.614441339783566
97158,-1.0899613469985832,-1.622977489816583
97836,-2.844299046271383,3.1486046877907525
96954,-1.6749677815901256,-2.1427973769675903
97130,2.2634901312746747,-1.5020296842294418
97929,-4.871653717386434,-0.6234126388881789
96863,-3.446393908406569,-2.183910576099268
97379,-4.764816218561997,-3.5653618601786725
96867,1.177046365018271,1.33514676763172
97137,1.3565436730406197,-0.3000965254369609
98757,-1.3354649925902176,-0.29695745386276706
78499,0.7406131664655854,-1.4217238277016073
97410,-3.6223052625386862,-1.1902657276121045
97928,-0.3840863574471945,-0.09542040278338548
97002,0.20109209769461078,-0.06367601816179393
97829,0.6464067980187346,-3.7063881679266872
98896,-3.806918495287335,-1.629790435722291
100470,-5.287675480250555,-1.523363231726596
75799,-1.5713151589755499,-1.0900734930578713
101371,-4.373276391946418,1.557344648820174
96034,5.451366035112175,-0.2651423900657731
101243,-3.8606234372231807,-2.049477434458475
97845,3.1642435332716263,-1.6725087600212807
96905,4.4443849264032025,-1.8089975872912314
655729,1.1123270106258483,0.7330447564821091
98513,-5.272645436018111,-1.1133826323421792
98536,-3.824702859859752,-2.718495162593853
653775,-3.6454077698397978,1.7309021256902013
96213,-2.84641797119721,-1.2044303867648
100555,-4.540895384061573,-3.6049586061946925
100471,-5.059893438251077,-1.6877878838763967
97138,-3.7879490979894452,0.9332410231988003
100423,-4.642836671012518,-3.608394115733905
96168,-5.118164513486062,-2.4071789047264693
96208,-1.3941436227361348,-4.147571359078891
95787,-0.5900351577253433,-1.9943138564344842
673473,-1.9241729397536596,-1.0628775586887182
96832,-2.816379415230816,2.8598349509193595
101628,-4.356182347692072,-0.33669616120357837
652588,-3.3062806816683166,1.9988665184517305
100484,1.4004467191482926,-0.05718049221247519
102035,-3.4852916377853327,-1.896865859550838
98372,-4.3971302753806745,0.7278453892739662
98855,-2.186861232150476,-1.143121606770333
98214,-5.5181594968880905,-1.3610540419452906
99588,-2.709912056635795,-2.4033833216030835
97846,-2.8589003272192564,-0.2906669177503729
99983,-3.9176059218146344,2.2722964304019384
100591,-5.4476787436433405,-1.6736543154405608
656001,-5.94950330289461,-2.0997731383745033
96166,1.7452065689678493,-0.6103566298577253
98357,-1.239930407790618,-1.656656508987873
100723,-4.6032042167482015,0.7456078356318608
99308,1.7762085251734088,-2.4285416883080275
99141,-2.146201036291312,-0.929818833867889
679555,-1.7158127592989227,0.4470478160510626
98398,-3.643150104112745,-1.4360902673574771
678931,-5.037614192846915,-0.9813797831751175
99944,-0.02993690023698651,-1.4597713527203657
97853,-1.1924377458467361,-0.8735115694707668
100334,-4.1765458406871945,-2.4357980923798257
101883,-4.334349989823104,-2.746980717245779
99136,-4.157224722473038,-2.552628481105419
99877,-4.685057657967517,-2.7833064931266236
101480,-4.132410515664101,-2.192017315168016
98826,-4.829518384414664,1.0484664968697048
100592,-2.515410678187687,0.13137466863286862
99869,-4.2253814172444715,-2.7073541049030965
98380,-3.201826495827399,0.3943113520092358
100434,-4.657663324206233,-2.5225548235943376
97022,-3.2463575867376373,2.3150442426961804
99138,-4.686397654089781,-3.544467429206975
99267,-3.773296474297777,-2.9790308247388912
98344,-2.417621764288882,0.30733855950374156
100523,-4.390932428283725,-2.4374975608569622
683848,-4.329774570354952,1.4359853960823612
100490,-4.298148550438646,-3.697664738787825
97144,-4.116716046589124,-1.0434519450022428
101896,-4.679728101328826,-3.50628539335007
101290,-3.031113377440927,-1.6137974763580618
98256,-0.633498329894235,-0.7782653247900061
102508,-0.6376315414527337,-1.8869603199944018
101329,2.2523447879972602,-1.6376078305308899
672957,-2.1819739746078652,-1.0535357281722373
101818,-4.730432728253877,-2.349418395358555
98468,-4.576815142842321,-3.258254812627378
98417,-0.9715588280736484,-3.6903072441924802
652590,-4.301190408224092,-2.6491946696941913
98376,-4.593735634497414,-0.6128861694188996
676557,-2.6689638137349347,-1.089475088924675
99110,0.4891085315259963,-0.4974450347320326
97056,-0.3765424190306458,-2.0788887378283234
98482,3.9075439734394366,-0.8300669427768501
97894,-3.633373905126977,0.41147405783925894
98340,-2.86515093048066,-1.299052974595993
103051,-4.551951784746867,-3.019457296591793
100055,0.8955649683292085,0.0929068741518547
98892,-1.2591404343697445,-0.3166773409438556
100259,-5.3381041341662705,-1.0468722916078725
677411,-3.103940330193898,0.5063783081036902
103214,-3.459136831402208,2.538956460961246
100136,-2.300557055720159,1.779676601353993
98828,-3.4333754578981805,-2.2830405666919518
99249,-3.7714498262118714,-1.3416835132015374
99686,-4.898088774926252,-0.8688298992313919
100722,-0.0033036927479178912,0.48222729261730146
98467,-4.632309169207115,-3.5518890552325857
662522,-4.216089824978827,1.5079840057200902
100675,-2.8680532150019764,0.7321435734908582
96869,-5.243469014677517,-1.5825796634430938
98369,-3.203352222227195,1.6329405697993247
99225,-1.5666250102151735,-1.4534541601253692
98413,-1.7011522426335721,-0.33103001068029003
99124,-4.4636317334063875,-0.8385473609055804
101545,-5.132433415905665,-0.46450172167404025
100450,-5.069714210569642,-0.6754024182057863
102560,-4.531055409434463,-3.3463635935066547
653585,-4.203423268497594,-0.09561581122931638
102901,-3.133395265482146,-3.264776978463072
99143,1.9758822484783274,-0.2799089716718335
103007,-4.076439848775642,-2.170705213436693
100304,-4.68072894425473,-3.594868156622458
101297,-2.639622554245163,1.5442278840704313
98473,-2.164271298374307,-0.5421435042056794
96856,-2.5771904517234168,4.616461019441932
102576,-2.2005187126305343,-0.27676277769169777
99718,-3.001063003013055,-2.645095543329254
100262,-5.402327879749047,-1.2496798847368429
99596,-3.89394803319666,1.5715595936613198
99956,-4.328619418740039,-0.7146739748964906
102919,-4.621620227772831,-1.7411118532475114
100276,-2.3212817272169746,0.9011537541028274
100518,-3.368551175237354,-1.5005388260077064
98342,-3.444323278761118,-0.9539954222847297
102526,0.8116726567962509,-4.273308601934946
652704,-4.155558425540794,1.5684627017211468
652808,-4.471358622521749,0.39475210393429333
98686,-0.5141862976262109,0.5753483041618712
651799,-2.5818488899354066,-3.3933866414212766
652656,-2.221044501174807,-1.0738982292590955
655951,-4.208770707786824,-0.94740806245995
100664,-0.28279402923148683,-0.2944017717311825
100424,-3.6456991873045475,-1.1992084156630916
98044,-2.188628307179056,1.229673871606658
653119,-4.280584774067668,0.546151943483671
100427,-1.5884088650073678,0.5227860185854056
102662,-3.9512464116986497,1.0220853453430072
97037,-2.396008220696802,-4.049228573780799
652589,-1.942899529010745,-1.4822360762759361
100717,-5.118117145701692,-1.557262121270203
652684,-3.9068849247416866,-2.207428817448685
98433,-0.17540129380676872,-0.9982842461881548
668333,-1.783648716332945,-0.3698029821209921
102753,-3.174293446197207,1.4833271057337045
652839,-0.7934924691157216,-1.9872009272159459
102670,-0.6784564705690436,-2.8759157610379713
654191,1.3659227071862807,-1.6784088997689577
97017,-4.5470992563367325,-0.052449612307539625
652826,-4.762013532935326,-3.71910941184448
653628,-2.190325251979051,0.1258512209773904
101281,1.3189786026052785,-0.7981206008333279
102509,-2.345969795509409,-0.4616308921693582
102688,-4.432330625814093,-3.6671339707404753
102988,-0.4880814409261689,-2.7294827630283764
652800,-5.05067381567205,-0.7971932294582743
99887,0.055743920182843784,-0.09173233621955373
99419,-4.265439173184199,-3.094504371305999
102604,-4.767147811849789,-3.719609300472996
651729,-4.589304104513749,-3.72765516586154
103220,-3.2483637963346883,3.1075461644422235
100682,-1.3114747673176492,0.4337648388657698
102656,-4.686397654089781,-3.544467429206975
652724,-1.6138821682924624,2.633174839814699
653688,-3.7858967016774585,2.317731590826132
651722,-4.438554682139306,1.0365206506259392
99442,-4.267200886622227,1.377660275608382
100696,-4.85083046346766,-3.5482798587513837
651738,2.3222471534054736,-2.0088839218295775
652462,-0.06916807749090884,-3.035922758566432
100573,-4.546077108802078,-0.29507923012650467
651680,-2.755663255710818,1.0079506779786165
103052,-3.5233858290530975,-0.5945964864504351
100437,-4.703521964415945,-2.741106531726934
652058,-4.747082329800929,-3.752081623206079
653778,-3.178195648359672,2.7582121151542527
652798,5.118852109040804,0.4604296390547854
99102,-3.9626145083785285,-0.7133962814252344
652859,-4.609055616323557,-3.554934798784407
103016,-4.6182374218277955,-3.5944912366172606
652816,-2.180707175203037,-0.3553251670656149
653545,-4.25693717524596,-1.1253038538936657
102577,-4.5311519578425274,-3.701033205509594
102655,-4.489963356270676,-3.5606051028288705
102504,2.766310262002727,-3.4693909060184183
102634,-1.0224050092580481,1.8593325697793315
102665,-3.923581988634328,-1.5367777137780396
102518,1.2880786216728812,-2.9220414166727817
102641,-4.010575014486219,-0.5113765543663418
102644,-5.847770168626698,-2.0412549276041356
653183,-4.610512954498614,-3.400102736754331
103076,-3.8178999578684754,-3.834808223225819
652759,-3.3012838562359956,-0.6605441081121795
651902,-6.128339250782952,-2.377610500495471
651763,-3.1665499351200657,-0.52517215944823
99100,-5.118608163603377,-3.231315285041938
652181,-4.392716290366659,0.16951624914021168
102747,-1.6080782891270144,0.8772862682662423
652736,-5.083447443894631,-1.0551556251767389
660059,-0.7722175887886964,0.5334565170694803
102575,-1.4268942062214391,-3.2491709089754117
677508,-1.1359739323891995,-0.7417119874614034
652810,-5.1632784870412465,-1.1843331042150185
102677,-3.6594077255062474,1.953013704242737
651675,-1.8692555432700064,4.855452770137272
652412,-2.831840938730871,0.48878411172747127
653651,-1.1258174122660776,-3.4728621945172113
659580,-5.675782824083808,-1.321299038751644
102559,3.1455234058511707,-1.0824127060568123
652665,-4.682039803419107,-3.607926482089244
102594,-5.203658847907197,-0.9615491047068393
652655,-3.8648684723502775,-2.7074485589540025
656651,-2.716606135190788,1.335311589538951
655747,-5.03384012987887,-1.1862250169363935
651584,-3.564635486759829,1.4048276123583152
652275,-4.85083046346766,-3.5482798587513837
102572,-1.43575414667963,-3.294187289429029
653534,0.9109214924076979,0.19772236560336906
654129,-4.944002611730177,-1.4611983177814403
652047,-3.358359892414291,1.2978826774283467
652714,-4.115757827386987,-2.061607900145062
655588,-4.89439730549314,-3.6138490563177825
655773,-5.25005419733608,-0.44250023178734177
102812,-3.964802081170127,-1.6245946533710254
652450,-4.763106481485673,-3.566684774664875
652613,-5.456007225477385,-1.975998173606536
102674,-4.435291106079291,-3.21172315492067
652823,-4.424254832749459,-2.4142781462526193
102520,-5.095406828981337,-1.0456977528526656
652641,-3.680340597945334,-0.8708234588798419
654344,-3.96442651059412,1.3875973067716378
657391,-4.215917266739903,1.0217430501633173
651665,-0.24185825218385776,-1.1708592867638026
654262,-0.9041764497408694,-0.6397774356742997
653547,-1.069391312499825,-2.5011280552290662
655702,-4.512892270478324,1.3726463779047133
652796,-2.2817443544621847,2.9947517491877216
654027,-3.5698277069017954,3.1077052020031726
683807,-4.8085751434322495,1.0740877273421137
102668,-4.632309169207115,-3.5518890552325857
655624,-4.608249522301718,-3.1408067817336986
654118,-5.067248408423089,-0.14618639857480648
102915,1.807714115817356,-2.3284924773155113
652768,-2.076783459426503,-0.5073697238804485
653985,-2.0040248777286487,0.8564138709792446
656168,-4.038290643573592,1.9290589806043337
656665,-4.014427395879025,0.989763116377589
654322,-5.457729645286304,-1.845731366212557
654955,-5.0768736027866215,-1.5263834826594498
655555,-2.449253195116441,-3.9748320145735283
656130,-3.3726272290074957,0.8203363854063898
654081,-4.783609092225193,0.0859590277576703
655520,-4.927997673436439,-0.5134940725953132
654091,-3.85738715848662,0.6828304055175599
654169,0.5827515645558015,-1.6834816798981547
655517,-3.0897059371615394,2.356936957261524
655596,-4.261911685300414,0.36805660600894785
662436,-3.3429410707301814,2.182538311312308
655525,-2.1828393059138516,2.6580267780674833
655736,-4.555328659746138,-3.7756144235338187
655764,-4.275874208013661,1.4059892838316426
654221,-4.458720119032085,-2.4713066618690984
655570,-2.609960551302038,-4.871383295007407
654197,-4.297295323254595,-2.970920227162849
655522,-3.903100598516544,-0.8741015570780267
655447,-4.692993844918264,-3.759503249231691
655416,-3.5478867311155886,2.7502798801596797
654250,0.6411340186529277,-3.0709100282626753
656587,-3.635986172137533,-1.4576367887126942
656194,-4.355265386777845,-0.06011006112070548
654077,-4.046909504738018,1.532021376397926
651745,-4.550336152302528,0.7952977064104093
655569,-2.6550004725979144,0.4247406365314814
654104,-3.1325920335531476,0.9282762435200292
654082,-3.706599800104196,0.4626302241098695
683741,-4.238926937427606,1.2859551143208696
655538,-2.581130226832733,-0.287100452115313
683699,-4.130588527129224,1.4706800249963785
654253,-2.3827136420916672,-0.39046412685160337
652624,-1.730607323330395,-3.7764965430241606
654247,2.378518845448549,-0.8290618110029329
654017,-4.143834589107844,1.2217919894984575
672911,-2.154794690075365,-2.170644999751831
654016,-4.524896858260466,0.8267703396866556
659295,-4.127063114018509,-2.6310277977109067
654107,-0.7539471989569615,-2.9868220261191203
657354,-3.957491123611534,-0.2820442193288097
658319,-2.2107196893813748,0.5946026073838308
655235,-4.654791296321136,-3.444767850275851
653914,-1.6314501936045285,1.2305873182069593
653884,-2.627368917090595,-1.9022513509174606
654103,-4.0907002706091244,-1.5547886632519865
659311,-4.435798660799028,0.5615396670672591
658481,-3.7588972940827197,0.06074873148961449
657386,-4.220852530427422,2.0131328530886363
657331,-2.6954536792267247,-0.36032018267323374
658478,-4.696066664576831,-1.321063654800072
654297,-2.307513125888225,-0.24759886294886904
655516,-5.536111265517229,-1.9804132554833886
658070,-5.027693856643799,-0.3532821844105365
655515,-4.026404982371052,1.7251931984175024
658560,-3.687792770569304,-1.6868050124505145
658467,-4.506242936993428,-0.6675269767184145
659263,-3.110789814303306,-2.5636408622127345
659325,-4.81813610302636,-0.5715289224989668
655509,-4.470668625315947,-3.6695370078995504
659728,-4.169294637097619,1.185679726503889
657523,-3.2940653823040087,-2.972530435911784
657500,-4.362733203183817,-3.331586363908152
683638,-5.025968746196853,-1.2723765290808573
657319,-1.9016233553070814,-0.3431066268132108
659315,-4.981472447051734,-0.5469120911057394
657356,-3.0126544572226566,-0.42636797770077883
661047,-4.591135171852758,-1.5112656142564216
661227,-4.25964422138423,1.2112254690739186
661234,-4.935717894996094,0.7223481374024346
657449,-2.4409748140343184,-0.32600026565026374
661219,-4.4527069808366235,-1.2095154421846526
661261,-3.9642455314804974,1.5692062238387425
683722,-5.424098703898618,-1.016798056734245
665621,-5.3060746033216635,-0.4655495142503997
668898,-5.180151570232882,0.3443307431618313
659629,-6.2762687846115925,-2.294346659581541
