IDPERSONA,N_TRAMOS_ROL,N_CATEGORIAS_ROL_DISTINTAS,CATEGORIA_CARGO_ACTUAL,TIPOEMPLEADO_CATEGORIA_ACTUAL,CARGO_ACTUAL_ESTRUCTURAL,UNIDAD_ACTUAL_ESTRUCTURAL,VIGENTE_TRAMO_ESTRUCTURAL,ANIOS_EN_CATEGORIA_ACTUAL,CATEGORIA_CARGO_PRIMERA,ES_TRAYECTORIA_ESTABLE,N_TRANSICIONES_ROL,N_TRANSICIONES_AA_A_DD,N_TRANSICIONES_DD_A_AA,TUVO_TRANSICION_AA_A_DD,TUVO_TRANSICION_DD_A_AA,ANIOS_DESDE_ULTIMA_TRANSICION,N_ROLES_ADICIONALES_SIMULTANEOS_DISTINTOS,CATEGORIA_ROL_ADICIONAL_MAS_RECIENTE,TUVO_ROL_ADICIONAL_SIMULTANEO,TUVO_FUNCION_ADICIONAL,N_FUNCIONES_ADICIONALES,N_CATEGORIAS_FUNCION_ADICIONAL_DISTINTAS,TUVO_SUBROGACION,N_SUBROGACIONES,TUVO_FUNCION_NO_COINCIDENTE_CON_CONTRATO,CATEGORIA_FUNCION_ADICIONAL_MAS_RECIENTE,CARGO_PUNTUAL_VIGENTE,UNIDAD_PUNTUAL_VIGENTE,CATEGORIA_PUNTUAL_VIGENTE,TIPOEMPLEADO_PUNTUAL_VIGENTE
26,7,1,DOCENTE_TITULAR_CARRERA,DOCENTE,PROFESOR TITULAR AGREGADO 3 (TC),FACULTAD DE INGENIERÍA MECÁNICA Y CIENCIAS DE LA PRODUCCIÓN,True,12.11,DOCENTE_TITULAR_CARRERA,True,0,0,0,False,False,,2,AUTORIDAD_ACADEMICA_SUPERIOR,True,True,36,2,True,30,True,OTROS_AA,PRESTACIÓN SERVICIOS PROFESIONALES,DESCONOCIDA,DOCENTE_CONTRATADO_SERVICIOS_CIVILES,DOCENTE
39,2,1,TECNICO_OPERATIVO_MANTENIMIENTO,ADMINISTRATIVO,TÉCNICOS ESPECIALIZADOS - EJECUCIÓN DE PROYECTOS,DESCONOCIDA,False,0.91,TECNICO_OPERATIVO_MANTENIMIENTO,True,0,0,0,False,False,,0,,False,False,0,0,False,0,False,,,,,
41,2,1,SERVICIOS_GENERALES_OFICIOS,ADMINISTRATIVO,CHOFER,DIRECCIÓN DE SERVICIOS GENERALES,False,18.41,SERVICIOS_GENERALES_OFICIOS,True,0,0,0,False,False,,0,,False,False,0,0,False,0,False,,,,,
86,12,4,DOCENTE_TITULAR_CARRERA,DOCENTE,PROFESOR TITULAR AUXILIAR 1 (TC),FACULTAD DE INGENIERÍA MECÁNICA Y CIENCIAS DE LA PRODUCCIÓN,True,15.28,PROFESIONAL_ANALISTA,False,3,1,0,True,False,18.31,1,AUTORIDAD_ACADEMICA_SUPERIOR,True,True,4,2,True,1,True,JEFATURA_SUPERVISION_OPERATIVA,,,,
90,8,5,PROFESIONAL_ANALISTA,ADMINISTRATIVO,ANALISTA DE PROYECTOS DE VINCULACIÓN 3,DESCONOCIDA,False,7.41,AUXILIAR_AYUDANTE_OPERATIVO,False,6,0,0,False,False,11.69,1,DOCENTE_NO_TITULAR_OCASIONAL,True,True,1,1,False,0,True,OTROS_AA,,,,
94,24,1,DOCENTE_NO_TITULAR_OCASIONAL,DOCENTE,PROFESOR NO TITULAR OCASIONAL (TC),FACULTAD DE CIENCIAS SOCIALES Y HUMANÍSTICAS,True,11.95,DOCENTE_NO_TITULAR_OCASIONAL,True,0,0,0,False,False,,0,,False,True,2,1,False,0,True,JEFATURA_SUPERVISION_OPERATIVA,,,,
96,8,4,DOCENTE_TITULAR_CARRERA,DOCENTE,PROFESOR TITULAR PRINCIPAL 2 (TC),FACULTAD DE CIENCIAS DE LA VIDA,True,11.27,JEFATURA_SUPERVISION_OPERATIVA,False,6,2,1,True,True,11.27,3,AUTORIDAD_ACADEMICA_SUPERIOR,True,True,27,2,True,24,True,OTROS_AA,,,,
102,2,1,DOCENTE_NO_TITULAR_OCASIONAL,DOCENTE,PROFESOR NO TITULAR OCASIONAL (TP),FACULTAD DE INGENIERÍA MECÁNICA Y CIENCIAS DE LA PRODUCCIÓN,False,0.38,DOCENTE_NO_TITULAR_OCASIONAL,True,0,0,0,False,False,,0,,False,False,0,0,False,0,False,,,,,
129,20,1,DOCENTE_NO_TITULAR_OCASIONAL,DOCENTE,PROFESOR NO TITULAR OCASIONAL (TC),FACULTAD DE CIENCIAS SOCIALES Y HUMANÍSTICAS,False,10.62,DOCENTE_NO_TITULAR_OCASIONAL,True,0,0,0,False,False,,1,JEFATURA_SUPERVISION_OPERATIVA,True,True,1,1,False,0,True,JEFATURA_SUPERVISION_OPERATIVA,,,,
130,4,1,DOCENTE_TITULAR_CARRERA,DOCENTE,PROFESOR TITULAR AGREGADO 1 (TC),FACULTAD DE INGENIERÍA EN ELECTRICIDAD Y COMPUTACIÓN,True,31.69,DOCENTE_TITULAR_CARRERA,True,0,0,0,False,False,,1,DOCENTE_NO_TITULAR_OCASIONAL,True,False,0,0,False,0,False,,,,,
132,14,1,DOCENTE_NO_TITULAR_OCASIONAL,DOCENTE,PROFESOR NO TITULAR OCASIONAL (TC),FACULTAD DE CIENCIAS NATURALES Y MATEMÁTICAS,False,5.39,DOCENTE_NO_TITULAR_OCASIONAL,True,0,0,0,False,False,,0,,False,False,0,0,False,0,False,,,,,
135,23,2,DOCENTE_NO_TITULAR_OCASIONAL,DOCENTE,PROFESOR NO TITULAR OCASIONAL (TC),FACULTAD DE CIENCIAS NATURALES Y MATEMÁTICAS,False,2.77,DOCENTE_NO_TITULAR_OCASIONAL,False,6,3,3,True,True,20.51,1,DOCENTE_NO_TITULAR_OCASIONAL,True,False,0,0,False,0,False,,,,,
140,1,1,DOCENTE_TITULAR_CARRERA,DOCENTE,PROFESOR TITULAR AGREGADO (TC),FACULTAD DE CIENCIAS SOCIALES Y HUMANÍSTICAS,False,2.31,DOCENTE_TITULAR_CARRERA,True,0,0,0,False,False,,0,,False,False,0,0,False,0,False,,PRESTACIÓN SERVICIOS PROFESIONALES,DESCONOCIDA,DOCENTE_CONTRATADO_SERVICIOS_CIVILES,DOCENTE
195,6,1,DOCENTE_NO_TITULAR_OCASIONAL,DOCENTE,PROFESOR NO TITULAR OCASIONAL (TC),FACULTAD DE CIENCIAS SOCIALES Y HUMANÍSTICAS,True,1.33,DOCENTE_NO_TITULAR_OCASIONAL,True,0,0,0,False,False,,2,PROFESIONAL_ANALISTA,True,True,3,1,False,0,True,JEFATURA_SUPERVISION_OPERATIVA,,,,
215,3,2,DOCENTE_TITULAR_CARRERA,DOCENTE,PROFESOR TITULAR PRINCIPAL (TC),FACULTAD DE CIENCIAS NATURALES Y MATEMÁTICAS,False,37.27,DOCENTE_TITULAR_CARRERA,False,2,0,0,False,False,39.64,3,OTROS_AA,True,True,1,1,False,0,True,OTROS_AA,,,,
216,3,2,JEFATURA_SUPERVISION_OPERATIVA,ADMINISTRATIVO,JEFE ADMINISTRATIVO FINANCIERO,DESCONOCIDA,False,16.0,JEFATURA_SUPERVISION_OPERATIVA,False,2,0,0,False,False,27.69,1,PROFESIONAL_ANALISTA,True,False,0,0,False,0,False,,,,,
217,10,3,DOCENTE_NO_TITULAR_OCASIONAL,DOCENTE,PROFESOR NO TITULAR OCASIONAL (TP),FACULTAD DE INGENIERÍA MARÍTIMA Y CIENCIAS DEL MAR,False,2.25,DOCENTE_NO_TITULAR_OCASIONAL,False,3,1,1,True,True,39.32,0,,False,False,0,0,False,0,False,,PROFESOR INVITADO,FACULTAD DE INGENIERÍA MARÍTIMA Y CIENCIAS DEL MAR,DOCENTE_HONORARIO_ESPECIAL,DOCENTE
228,4,2,DOCENTE_NO_TITULAR_OCASIONAL,DOCENTE,PROFESOR NO TITULAR OCASIONAL (TC),FACULTAD DE INGENIERÍA EN ELECTRICIDAD Y COMPUTACIÓN,True,11.69,ASISTENCIA_SECRETARIAL_OFICINA,False,1,1,0,True,False,11.69,3,TECNICO_OPERATIVO_MANTENIMIENTO,True,True,4,1,False,0,True,JEFATURA_SUPERVISION_OPERATIVA,,,,
229,2,2,PROFESIONAL_ANALISTA,ADMINISTRATIVO,ANALISTA FINANCIERO 1,GERENCIA FINANCIERA,True,11.69,AUXILIAR_AYUDANTE_OPERATIVO,False,1,0,0,False,False,11.69,0,,False,False,0,0,False,0,False,,,,,
231,6,2,PROFESIONAL_ANALISTA,ADMINISTRATIVO,ANALISTA DE DESARROLLO DE SISTEMAS 3,GERENCIA DE TECNOLOGÍAS Y SISTEMAS DE INFORMACIÓN,True,10.21,DOCENTE_NO_TITULAR_OCASIONAL,False,1,0,1,False,True,10.21,1,AUTORIDAD_ADMINISTRATIVA_SUPERIOR,True,True,2,1,True,2,False,OTROS_AA,,,,
244,1,1,DOCENTE_NO_TITULAR_OCASIONAL,DOCENTE,PROFESOR NO TITULAR OCASIONAL (TC),FACULTAD DE CIENCIAS NATURALES Y MATEMÁTICAS,False,5.08,DOCENTE_NO_TITULAR_OCASIONAL,True,0,0,0,False,False,,0,,False,True,1,1,False,0,True,JEFATURA_SUPERVISION_OPERATIVA,,,,
266,17,2,AUTORIDAD_ADMINISTRATIVA_SUPERIOR,ADMINISTRATIVO,DIRECTOR DEL CENTRO DE INVESTIGACIONES Y SERVICIOS EDUCATIVOS,DESCONOCIDA,False,3.67,DOCENTE_NO_TITULAR_OCASIONAL,False,1,0,1,False,True,12.28,0,,False,True,1,1,False,0,False,AUTORIDAD_ADMINISTRATIVA_SUPERIOR,,,,
274,3,2,DOCENTE_TITULAR_CARRERA,DOCENTE,PROFESOR TITULAR PRINCIPAL 3 (TC),DESCONOCIDA,False,0.0,DOCENTE_TITULAR_CARRERA,False,2,0,0,False,False,7.58,1,DOCENTE_TITULAR_CARRERA,True,True,3,2,False,0,True,AUTORIDAD_ADMINISTRATIVA_SUPERIOR,PROFESOR EMÉRITO,FACULTAD DE CIENCIAS SOCIALES Y HUMANÍSTICAS,DOCENTE_HONORARIO_ESPECIAL,DOCENTE
315,10,3,DOCENTE_TITULAR_CARRERA,DOCENTE,PROFESOR TITULAR PRINCIPAL (TC),DESCONOCIDA,False,0.05,DOCENTE_NO_TITULAR_OCASIONAL,False,3,0,0,False,False,8.83,2,AUTORIDAD_ACADEMICA_SUPERIOR,True,True,3,1,False,0,True,AUTORIDAD_ACADEMICA_SUPERIOR,PROFESOR EMÉRITO,FACULTAD DE INGENIERÍA EN ELECTRICIDAD Y COMPUTACIÓN,DOCENTE_HONORARIO_ESPECIAL,DOCENTE
398,21,2,DOCENTE_NO_TITULAR_OCASIONAL,DOCENTE,PROFESOR NO TITULAR OCASIONAL (TP),"FACULTAD DE INGENIERIA MARÍTIMA, CIENCIAS BIOLÓGICAS, OCEÁNICAS Y RECURSOS NATURALES",False,0.29,DOCENTE_NO_TITULAR_OCASIONAL,False,2,1,1,True,True,27.9,1,ASISTENCIA_SECRETARIAL_OFICINA,True,True,4,1,False,0,True,JEFATURA_SUPERVISION_OPERATIVA,,,,
414,5,3,DOCENTE_TITULAR_CARRERA,DOCENTE,PROFESOR TITULAR PRINCIPAL (MT),DESCONOCIDA,False,9.33,TECNICO_OPERATIVO_MANTENIMIENTO,False,2,1,0,True,False,21.58,0,,False,True,2,1,False,0,True,OTROS_AA,,,,
419,33,3,TECNICO_DOCENTE_APOYO,DOCENTE,TÉCNICO DE LABORATORIO 4,FACULTAD DE INGENIERÍA EN CIENCIAS DE LA TIERRA,False,3.0,DOCENTE_NO_TITULAR_OCASIONAL,False,3,1,1,True,True,8.94,0,,False,False,0,0,False,0,False,,,,,
529,21,4,DOCENTE_NO_TITULAR_OCASIONAL,DOCENTE,PROFESOR NO TITULAR OCASIONAL 1 (TC),"FACULTAD DE INGENIERIA MARÍTIMA, CIENCIAS BIOLÓGICAS, OCEÁNICAS Y RECURSOS NATURALES",False,3.58,DOCENTE_INVESTIGADOR,False,5,2,2,True,True,22.32,1,DOCENTE_NO_TITULAR_OCASIONAL,True,True,2,1,False,0,True,JEFATURA_SUPERVISION_OPERATIVA,PROFESOR HONORARIO,FACULTAD DE INGENIERÍA MARÍTIMA Y CIENCIAS DEL MAR,DOCENTE_HONORARIO_ESPECIAL,DOCENTE
568,3,3,TECNICO_DOCENTE_APOYO,DOCENTE,TÉCNICO DOCENTE 4 (TC),DECANATO DE GRADO,False,3.22,TECNICO_OPERATIVO_MANTENIMIENTO,False,2,1,0,True,False,8.69,0,,False,False,0,0,False,0,False,,,,,
597,2,1,DOCENTE_TITULAR_CARRERA,DOCENTE,PROFESOR TITULAR PRINCIPAL (TC),FACULTAD DE INGENIERÍA MECÁNICA Y CIENCIAS DE LA PRODUCCIÓN,False,8.25,DOCENTE_TITULAR_CARRERA,True,0,0,0,False,False,,0,,False,True,2,1,False,0,True,JEFATURA_SUPERVISION_OPERATIVA,,,,
618,6,1,DOCENTE_NO_TITULAR_OCASIONAL,DOCENTE,PROFESOR NO TITULAR OCASIONAL (TC),FACULTAD DE CIENCIAS NATURALES Y MATEMÁTICAS,False,1.64,DOCENTE_NO_TITULAR_OCASIONAL,True,0,0,0,False,False,,0,,False,False,0,0,False,0,False,,,,,
641,5,1,DOCENTE_NO_TITULAR_OCASIONAL,DOCENTE,PROFESOR NO TITULAR OCASIONAL 1 (MT),FACULTAD DE CIENCIAS NATURALES Y MATEMÁTICAS,False,0.43,DOCENTE_NO_TITULAR_OCASIONAL,True,0,0,0,False,False,,0,,False,False,0,0,False,0,False,,,,,
653,13,2,DOCENTE_TITULAR_CARRERA,DOCENTE,PROFESOR TITULAR PRINCIPAL 1 (TC),DESCONOCIDA,False,9.83,DOCENTE_TITULAR_CARRERA,False,2,0,0,False,False,27.91,1,DOCENTE_TITULAR_CARRERA,True,True,1,1,False,0,True,OTROS_AA,,,,
656,15,2,DOCENTE_NO_TITULAR_OCASIONAL,DOCENTE,PROFESOR NO TITULAR OCASIONAL (TP),FACULTAD DE CIENCIAS SOCIALES Y HUMANÍSTICAS,False,4.97,DOCENTE_NO_TITULAR_OCASIONAL,False,2,1,1,True,True,18.31,2,DOCENTE_NO_TITULAR_OCASIONAL,True,True,1,1,False,0,True,JEFATURA_SUPERVISION_OPERATIVA,,,,
667,3,2,DOCENTE_TITULAR_CARRERA,DOCENTE,PROFESOR TITULAR PRINCIPAL (TC),FACULTAD DE INGENIERÍA MECÁNICA Y CIENCIAS DE LA PRODUCCIÓN,True,29.65,DOCENTE_TITULAR_CARRERA,False,2,0,0,False,False,29.65,1,AUTORIDAD_ACADEMICA_SUPERIOR,True,True,10,1,True,10,True,OTROS_AA,,,,
671,11,6,DOCENTE_TITULAR_CARRERA,DOCENTE,PROFESOR TITULAR PRINCIPAL (TC),DESCONOCIDA,False,11.5,OTROS_AA,False,6,2,1,True,True,16.69,4,DOCENTE_PREPOLITECNICO,True,True,2,2,False,0,True,JEFATURA_SUPERVISION_OPERATIVA,,,,
675,3,2,DOCENTE_TITULAR_CARRERA,DOCENTE,PROFESOR TITULAR PRINCIPAL 1 (TC),FACULTAD DE INGENIERÍA EN ELECTRICIDAD Y COMPUTACIÓN,True,38.34,DOCENTE_TITULAR_CARRERA,False,2,0,0,False,False,38.34,2,JEFATURA_SUPERVISION_OPERATIVA,True,False,0,0,False,0,False,,,,,
678,14,3,DOCENTE_TITULAR_CARRERA,DOCENTE,PROFESOR TITULAR PRINCIPAL (TC),FACULTAD DE INGENIERÍA EN ELECTRICIDAD Y COMPUTACIÓN,True,8.83,DOCENTE_TITULAR_CARRERA,False,4,0,0,False,False,8.83,1,DOCENTE_TITULAR_CARRERA,True,True,3,2,False,0,True,JEFATURA_SUPERVISION_OPERATIVA,,,,
679,7,3,DOCENTE_TITULAR_CARRERA,DOCENTE,PROFESOR TITULAR PRINCIPAL (TC),FACULTAD DE CIENCIAS NATURALES Y MATEMÁTICAS,True,13.69,DOCENTE_TITULAR_CARRERA,False,3,1,1,True,True,13.69,0,,False,False,0,0,False,0,False,,,,,
692,2,2,DOCENTE_TITULAR_CARRERA,DOCENTE,PROFESOR TITULAR PRINCIPAL (TC),DESCONOCIDA,False,7.64,AYUDANTE_ACADEMICO_JUNIOR,False,1,0,0,False,False,13.69,2,TECNICO_OPERATIVO_MANTENIMIENTO,True,True,1,1,False,0,True,OTROS_AA,,,,
697,4,3,DOCENTE_TITULAR_CARRERA,DOCENTE,PROFESOR TITULAR PRINCIPAL 3 (TC),FACULTAD DE INGENIERÍA MARÍTIMA Y CIENCIAS DEL MAR,True,7.63,DOCENTE_NO_TITULAR_OCASIONAL,False,3,0,0,False,False,7.63,3,AUTORIDAD_ACADEMICA_SUPERIOR,True,True,14,4,True,2,True,AUTORIDAD_ADMINISTRATIVA_SUPERIOR,,,,
705,12,3,DOCENTE_TITULAR_CARRERA,DOCENTE,PROFESOR TITULAR PRINCIPAL (TC),FACULTAD DE INGENIERÍA MECÁNICA Y CIENCIAS DE LA PRODUCCIÓN,True,16.69,AUXILIAR_AYUDANTE_OPERATIVO,False,2,1,0,True,False,16.69,2,AUTORIDAD_ACADEMICA_SUPERIOR,True,True,1,1,False,0,False,AUTORIDAD_ACADEMICA_SUPERIOR,,,,
709,17,6,DOCENTE_TITULAR_CARRERA,DOCENTE,PROFESOR TITULAR PRINCIPAL (TC),FACULTAD DE INGENIERÍA MARÍTIMA Y CIENCIAS DEL MAR,True,16.69,DOCENTE_NO_TITULAR_OCASIONAL,False,11,2,2,True,True,16.69,3,AUTORIDAD_ACADEMICA_SUPERIOR,True,True,8,3,True,4,True,OTROS_AA,,,,
716,5,2,DOCENTE_TITULAR_CARRERA,DOCENTE,PROFESOR TITULAR PRINCIPAL (TC),FACULTAD DE INGENIERÍA EN ELECTRICIDAD Y COMPUTACIÓN,False,12.16,DOCENTE_TITULAR_CARRERA,False,2,0,0,False,False,13.69,1,DOCENTE_TITULAR_CARRERA,True,False,0,0,False,0,False,,,,,
725,6,2,DOCENTE_TITULAR_CARRERA,DOCENTE,PROFESOR TITULAR PRINCIPAL (TC),FACULTAD DE INGENIERÍA EN ELECTRICIDAD Y COMPUTACIÓN,True,18.91,DOCENTE_TITULAR_CARRERA,False,2,0,0,False,False,18.91,2,AUTORIDAD_ACADEMICA_SUPERIOR,True,True,8,3,True,4,True,OTROS_AA,,,,
733,2,2,ASISTENCIA_SECRETARIAL_OFICINA,ADMINISTRATIVO,ASISTENTE EJECUTIVA DE UNIDAD ACADÉMICA,FACULTAD DE CIENCIAS NATURALES Y MATEMÁTICAS,False,30.92,AUXILIAR_AYUDANTE_OPERATIVO,False,1,0,0,False,False,38.26,0,,False,False,0,0,False,0,False,,,,,
734,1,1,SERVICIOS_GENERALES_OFICIOS,ADMINISTRATIVO,OPERADOR DE TRACTOR,DESCONOCIDA,False,4.26,SERVICIOS_GENERALES_OFICIOS,True,0,0,0,False,False,,0,,False,False,0,0,False,0,False,,,,,
754,1,1,AUXILIAR_AYUDANTE_OPERATIVO,ADMINISTRATIVO,AUXILIAR DE SERVICIOS,DIRECCIÓN DE SERVICIOS GENERALES,False,25.99,AUXILIAR_AYUDANTE_OPERATIVO,True,0,0,0,False,False,,0,,False,False,0,0,False,0,False,,,,,
760,26,3,DOCENTE_NO_TITULAR_OCASIONAL,DOCENTE,PROFESOR NO TITULAR OCASIONAL (TC),FACULTAD DE CIENCIAS NATURALES Y MATEMÁTICAS,True,8.94,DOCENTE_NO_TITULAR_OCASIONAL,False,4,2,2,True,True,10.36,3,AUTORIDAD_ADMINISTRATIVA_SUPERIOR,True,False,0,0,False,0,False,,,,,
762,13,5,DOCENTE_TITULAR_CARRERA,DOCENTE,PROFESOR TITULAR AUXILIAR (TC),DESCONOCIDA,False,10.75,DOCENTE_TITULAR_CARRERA,False,6,2,2,True,True,16.69,1,DOCENTE_NO_TITULAR_OCASIONAL,True,False,0,0,False,0,False,,,,,
768,3,2,DOCENTE_TITULAR_CARRERA,DOCENTE,PROFESOR TITULAR PRINCIPAL 1 (TC),FACULTAD DE INGENIERÍA MARÍTIMA Y CIENCIAS DEL MAR,True,16.69,DOCENTE_NO_TITULAR_OCASIONAL,False,1,0,0,False,False,24.31,1,AUTORIDAD_ACADEMICA_SUPERIOR,True,True,35,2,True,20,True,OTROS_AA,,,,
769,17,2,DOCENTE_TITULAR_CARRERA,DOCENTE,PROFESOR TITULAR PRINCIPAL 1 (TC),FACULTAD DE INGENIERÍA EN ELECTRICIDAD Y COMPUTACIÓN,False,13.66,DOCENTE_TITULAR_CARRERA,False,2,0,0,False,False,38.61,3,TECNICO_OPERATIVO_MANTENIMIENTO,True,True,1,1,False,0,True,OTROS_AA,,,,
771,2,1,TECNICO_OPERATIVO_MANTENIMIENTO,ADMINISTRATIVO,TÉCNICOS ESPECIALIZADOS - EJECUCIÓN DE PROYECTOS,CENTRO DE INVESTIGACIONES Y SERVICIOS EDUCATIVOS,False,0.99,TECNICO_OPERATIVO_MANTENIMIENTO,True,0,0,0,False,False,,0,,False,False,0,0,False,0,False,,,,,
779,3,2,TECNICO_OPERATIVO_MANTENIMIENTO,ADMINISTRATIVO,TÈCNICO DE MANTENIMIENTO ELÈCTRICO,DIRECCIÓN DE SERVICIOS GENERALES,False,7.44,AUXILIAR_AYUDANTE_OPERATIVO,False,1,0,0,False,False,35.78,0,,False,False,0,0,False,0,False,,,,,
780,15,2,DOCENTE_TITULAR_CARRERA,DOCENTE,PROFESOR TITULAR AGREGADO 3 (TC),FACULTAD DE INGENIERÍA MECÁNICA Y CIENCIAS DE LA PRODUCCIÓN,True,22.32,DOCENTE_TITULAR_CARRERA,False,2,1,1,True,True,24.31,2,JEFATURA_SUPERVISION_OPERATIVA,True,True,1,1,False,0,True,JEFATURA_SUPERVISION_OPERATIVA,,,,
787,4,3,DOCENTE_TITULAR_CARRERA,DOCENTE,PROFESOR TITULAR AGREGADO 1 (TC),FACULTAD DE CIENCIAS NATURALES Y MATEMÁTICAS,False,19.22,AYUDANTE_ACADEMICO_JUNIOR,False,3,0,0,False,False,21.59,1,AUTORIDAD_ADMINISTRATIVA_SUPERIOR,True,False,0,0,False,0,False,,,,,
797,13,2,TECNICO_DOCENTE_APOYO,DOCENTE,TÉCNICO DOCENTE 3 (TC),DIRECCIÓN DE ADMISIONES,True,3.29,DOCENTE_NO_TITULAR_OCASIONAL,False,1,0,0,False,False,5.3,0,,False,False,0,0,False,0,False,,,,,
801,4,4,DOCENTE_TITULAR_CARRERA,DOCENTE,PROFESOR TITULAR PRINCIPAL (TC),FACULTAD DE INGENIERÍA EN ELECTRICIDAD Y COMPUTACIÓN,True,16.69,AYUDANTE_ACADEMICO_JUNIOR,False,3,1,1,True,True,16.69,4,DOCENTE_TITULAR_CARRERA,True,True,4,2,True,1,True,JEFATURA_SUPERVISION_OPERATIVA,,,,
805,2,2,DOCENTE_TITULAR_CARRERA,DOCENTE,PROFESOR TITULAR PRINCIPAL (TC),FACULTAD DE CIENCIAS NATURALES Y MATEMÁTICAS,False,31.54,DOCENTE_NO_TITULAR_OCASIONAL,False,1,0,0,False,False,33.91,0,,False,True,2,1,False,0,True,OTROS_AA,,,,
807,5,2,DOCENTE_NO_TITULAR_OCASIONAL,DOCENTE,PROFESOR NO TITULAR OCASIONAL (TC),FACULTAD DE INGENIERÍA MARÍTIMA Y CIENCIAS DEL MAR,True,10.95,DOCENTE_NO_TITULAR_OCASIONAL,False,2,1,1,True,True,24.89,0,,False,False,0,0,False,0,False,,,,,
808,3,2,DOCENTE_TITULAR_CARRERA,DOCENTE,PROFESOR TITULAR PRINCIPAL (TC),"FACULTAD DE ARTE, DISEÑO Y COMUNICACIÓN AUDIOVISUAL",True,13.69,DOCENTE_TITULAR_CARRERA,False,2,0,0,False,False,13.69,3,AUTORIDAD_ACADEMICA_SUPERIOR,True,True,26,2,True,10,True,JEFATURA_SUPERVISION_OPERATIVA,,,,
813,12,4,ASISTENCIA_SECRETARIAL_OFICINA,ADMINISTRATIVO,ASISTENTE DE ACTIVOS FIJOS DE UNIDAD ACADÉMICA,DESCONOCIDA,False,5.83,ASISTENCIA_SECRETARIAL_OFICINA,False,5,1,1,True,True,11.69,1,DOCENTE_NO_TITULAR_OCASIONAL,True,False,0,0,False,0,False,,,,,
815,3,2,PROFESIONAL_ANALISTA,ADMINISTRATIVO,ANALISTA DE SERVICIOS GENERALES,DIRECCIÓN DE SERVICIOS GENERALES,False,8.0,ASISTENCIA_SECRETARIAL_OFICINA,False,1,0,0,False,False,9.69,1,AUTORIDAD_ADMINISTRATIVA_SUPERIOR,True,True,1,1,False,0,False,AUTORIDAD_ADMINISTRATIVA_SUPERIOR,,,,
818,1,1,AUXILIAR_AYUDANTE_OPERATIVO,ADMINISTRATIVO,AUXILIAR DE SERVICIOS,DIRECCIÓN DE SERVICIOS GENERALES,False,7.27,AUXILIAR_AYUDANTE_OPERATIVO,True,0,0,0,False,False,,0,,False,False,0,0,False,0,False,,,,,
819,8,5,DOCENTE_NO_TITULAR_OCASIONAL,DOCENTE,PROFESOR NO TITULAR OCASIONAL (TC),FACULTAD DE INGENIERÍA MARÍTIMA Y CIENCIAS DEL MAR,False,6.46,TECNICO_OPERATIVO_MANTENIMIENTO,False,7,2,1,True,True,8.03,0,,False,True,7,2,False,0,True,JEFATURA_SUPERVISION_OPERATIVA,,,,
820,7,1,DOCENTE_NO_TITULAR_OCASIONAL,DOCENTE,PROFESOR NO TITULAR OCASIONAL (TC),FACULTAD DE CIENCIAS NATURALES Y MATEMÁTICAS,False,5.6,DOCENTE_NO_TITULAR_OCASIONAL,True,0,0,0,False,False,,0,,False,False,0,0,False,0,False,,,,,
822,1,1,ASISTENCIA_SECRETARIAL_OFICINA,ADMINISTRATIVO,SECRETARIA,DESCONOCIDA,False,4.91,ASISTENCIA_SECRETARIAL_OFICINA,True,0,0,0,False,False,,0,,False,False,0,0,False,0,False,,,,,
830,2,2,SERVICIOS_GENERALES_OFICIOS,ADMINISTRATIVO,OPERARIO ELECTROMECÀNICO E INDUSTRIAL,FACULTAD DE INGENIERÍA MECÁNICA Y CIENCIAS DE LA PRODUCCIÓN,False,6.66,AUXILIAR_AYUDANTE_OPERATIVO,False,1,0,0,False,False,12.69,0,,False,False,0,0,False,0,False,,,,,
831,13,3,TECNICO_OPERATIVO_MANTENIMIENTO,ADMINISTRATIVO,TÉCNICOS ESPECIALIZADOS - EJECUCIÓN DE ACTIVIDADES,GERENCIA ADMINISTRATIVA,True,0.68,AUXILIAR_AYUDANTE_OPERATIVO,False,2,0,0,False,False,7.77,1,JEFATURA_SUPERVISION_OPERATIVA,True,False,0,0,False,0,False,,,,,
836,3,3,DOCENTE_TITULAR_CARRERA,DOCENTE,PROFESOR TITULAR AGREGADO 3 (TC),FACULTAD DE CIENCIAS DE LA VIDA,True,10.11,JEFATURA_SUPERVISION_OPERATIVA,False,2,1,0,True,False,10.11,0,,False,True,5,2,False,0,True,AUTORIDAD_ADMINISTRATIVA_SUPERIOR,,,,
840,2,1,ASISTENCIA_SECRETARIAL_OFICINA,ADMINISTRATIVO,ASISTENTE EJECUTIVA 2,FACULTAD DE CIENCIAS DE LA VIDA,False,36.33,ASISTENCIA_SECRETARIAL_OFICINA,True,0,0,0,False,False,,0,,False,False,0,0,False,0,False,,,,,
842,1,1,AUXILIAR_AYUDANTE_OPERATIVO,ADMINISTRATIVO,AUXILIAR DE SERVICIOS,CENTRO DE ESTUDIOS DEL MEDIO AMBIENTE,False,6.32,AUXILIAR_AYUDANTE_OPERATIVO,True,0,0,0,False,False,,0,,False,False,0,0,False,0,False,,,,,
843,6,3,DOCENTE_TITULAR_CARRERA,DOCENTE,PROFESOR TITULAR PRINCIPAL (MT),FACULTAD DE INGENIERÍA MECÁNICA Y CIENCIAS DE LA PRODUCCIÓN,False,13.49,DOCENTE_TITULAR_CARRERA,False,3,1,1,True,True,28.33,0,,False,False,0,0,False,0,False,,,,,
844,3,2,DOCENTE_TITULAR_CARRERA,DOCENTE,PROFESOR TITULAR AGREGADO 1 (TC),FACULTAD DE CIENCIAS NATURALES Y MATEMÁTICAS,True,29.77,DOCENTE_TITULAR_CARRERA,False,2,0,0,False,False,29.77,1,PROFESIONAL_ANALISTA,True,False,0,0,False,0,False,,,,,
846,51,4,DOCENTE_TITULAR_CARRERA,DOCENTE,PROFESOR TITULAR PRINCIPAL 1 (TC),FACULTAD DE CIENCIAS SOCIALES Y HUMANÍSTICAS,True,0.03,JEFATURA_SUPERVISION_OPERATIVA,False,10,1,0,True,False,0.03,2,AUTORIDAD_ACADEMICA_SUPERIOR,True,True,20,1,True,18,True,OTROS_AA,,,,
850,29,3,DOCENTE_NO_TITULAR_OCASIONAL,DOCENTE,PROFESOR NO TITULAR OCASIONAL (MT),FACULTAD DE INGENIERÍA MARÍTIMA Y CIENCIAS DEL MAR,False,0.38,DOCENTE_NO_TITULAR_OCASIONAL,False,3,1,1,True,True,31.31,2,PROFESIONAL_ANALISTA,True,True,11,1,False,0,True,JEFATURA_SUPERVISION_OPERATIVA,,,,
851,5,4,AUTORIDAD_ACADEMICA_SUPERIOR,DOCENTE,DECANO(A),FACULTAD DE INGENIERÍA MARÍTIMA Y CIENCIAS DEL MAR,True,5.55,AUXILIAR_AYUDANTE_OPERATIVO,False,3,1,0,True,False,5.55,1,DOCENTE_TITULAR_CARRERA,True,True,15,3,True,11,True,OTROS_AA,,,,
858,2,2,ASISTENCIA_SECRETARIAL_OFICINA,ADMINISTRATIVO,ASISTENTE EJECUTIVA 2,FACULTAD DE CIENCIAS SOCIALES Y HUMANÍSTICAS,False,29.58,AUXILIAR_AYUDANTE_OPERATIVO,False,1,0,0,False,False,35.69,0,,False,False,0,0,False,0,False,,,,,
862,4,3,PROFESIONAL_ANALISTA,ADMINISTRATIVO,ANALISTA DE SEGUROS,GERENCIA FINANCIERA,False,32.07,AUXILIAR_AYUDANTE_OPERATIVO,False,2,0,0,False,False,38.68,0,,False,False,0,0,False,0,False,,,,,
865,9,2,PROFESIONAL_ANALISTA,ADMINISTRATIVO,ANALISTA DE DESARROLLO DE SISTEMAS 3,DESCONOCIDA,False,0.01,PROFESIONAL_ANALISTA,False,2,0,0,False,False,4.87,4,PROFESIONAL_ANALISTA,True,True,6,3,True,3,True,OTROS_AA,,,,
866,2,1,AUXILIAR_AYUDANTE_OPERATIVO,ADMINISTRATIVO,AYUDANTE DE CONTABILIDAD,DESCONOCIDA,False,28.6,AUXILIAR_AYUDANTE_OPERATIVO,True,0,0,0,False,False,,1,JEFATURA_SUPERVISION_OPERATIVA,True,False,0,0,False,0,False,,,,,
869,1,1,DOCENTE_TITULAR_CARRERA,DOCENTE,PROFESOR TITULAR PRINCIPAL 1 (TC),"FACULTAD DE INGENIERIA MARÍTIMA, CIENCIAS BIOLÓGICAS, OCEÁNICAS Y RECURSOS NATURALES",False,23.95,DOCENTE_TITULAR_CARRERA,True,0,0,0,False,False,,3,AUTORIDAD_ADMINISTRATIVA_SUPERIOR,True,False,0,0,False,0,False,,,,,
870,13,2,TECNICO_DOCENTE_APOYO,DOCENTE,TÉCNICO DOCENTE 1 (TC),FACULTAD DE CIENCIAS NATURALES Y MATEMÁTICAS,False,6.18,DOCENTE_NO_TITULAR_OCASIONAL,False,1,0,0,False,False,6.55,0,,False,False,0,0,False,0,False,,,,,
874,1,1,DOCENTE_TITULAR_CARRERA,DOCENTE,PROFESOR TITULAR PRINCIPAL (TC),FACULTAD DE INGENIERÍA MECÁNICA Y CIENCIAS DE LA PRODUCCIÓN,False,8.33,DOCENTE_TITULAR_CARRERA,True,0,0,0,False,False,,0,,False,False,0,0,False,0,False,,,,,
878,5,3,PROFESIONAL_ANALISTA,ADMINISTRATIVO,ANALISTA CONTABLE 1,GERENCIA FINANCIERA,False,6.3,PROFESIONAL_ESPECIALIZADO_TECNICO,False,2,0,0,False,False,11.69,0,,False,False,0,0,False,0,False,,,,,
883,7,5,PROFESIONAL_ESPECIALIZADO_TECNICO,ADMINISTRATIVO,CONTADOR GENERAL,GERENCIA FINANCIERA,False,4.95,SERVICIOS_GENERALES_OFICIOS,False,5,0,0,False,False,11.06,0,,False,False,0,0,False,0,False,,,,,
888,1,1,TECNICO_OPERATIVO_MANTENIMIENTO,ADMINISTRATIVO,TÈCNICO DE MANTENIMIENTO,DIRECCIÓN DE SERVICIOS GENERALES,False,3.5,TECNICO_OPERATIVO_MANTENIMIENTO,True,0,0,0,False,False,,0,,False,False,0,0,False,0,False,,,,,
891,5,5,PROFESIONAL_ANALISTA,ADMINISTRATIVO,ANALISTA DE LABORATORIO,DESCONOCIDA,False,5.88,SERVICIOS_GENERALES_OFICIOS,False,4,0,0,False,False,10.41,1,DOCENTE_NO_TITULAR_OCASIONAL,True,False,0,0,False,0,False,,,,,
893,3,2,TECNICO_OPERATIVO_MANTENIMIENTO,ADMINISTRATIVO,TÉCNICO DE INFORMACIÓN BIBLIOTECARIO,FACULTAD DE INGENIERÍA EN ELECTRICIDAD Y COMPUTACIÓN,False,5.75,AUXILIAR_AYUDANTE_OPERATIVO,False,1,0,0,False,False,11.69,0,,False,False,0,0,False,0,False,,,,,
898,5,1,DOCENTE_TITULAR_CARRERA,DOCENTE,PROFESOR TITULAR PRINCIPAL (TC),FACULTAD DE INGENIERÍA MECÁNICA Y CIENCIAS DE LA PRODUCCIÓN,False,21.95,DOCENTE_TITULAR_CARRERA,True,0,0,0,False,False,,1,DOCENTE_NO_TITULAR_OCASIONAL,True,True,2,2,False,0,True,JEFATURA_SUPERVISION_OPERATIVA,,,,
903,7,2,PROFESIONAL_ESPECIALIZADO_TECNICO,ADMINISTRATIVO,ABOGADO,GERENCIA JURÍDICA,False,0.0,ASISTENCIA_SECRETARIAL_OFICINA,False,3,0,0,False,False,5.78,2,PROFESIONAL_ESPECIALIZADO_TECNICO,True,True,2,1,True,2,True,OTROS_AA,,,,
912,9,2,DOCENTE_TITULAR_CARRERA,DOCENTE,PROFESOR TITULAR PRINCIPAL (TC),FACULTAD DE INGENIERÍA MECÁNICA Y CIENCIAS DE LA PRODUCCIÓN,True,30.15,DOCENTE_TITULAR_CARRERA,False,2,0,0,False,False,30.15,2,AUTORIDAD_ACADEMICA_SUPERIOR,True,True,4,1,True,2,True,OTROS_AA,,,,
913,2,2,AUXILIAR_AYUDANTE_OPERATIVO,ADMINISTRATIVO,AUXILIAR DE SERVICIOS,FACULTAD DE INGENIERÍA MECÁNICA Y CIENCIAS DE LA PRODUCCIÓN,False,10.5,SERVICIOS_GENERALES_OFICIOS,False,1,0,0,False,False,15.78,0,,False,False,0,0,False,0,False,,,,,
918,1,1,SERVICIOS_GENERALES_OFICIOS,ADMINISTRATIVO,GUARDIÀN/GUARDIÀN ADMINISTRATIVO,DIRECCIÓN DE SERVICIOS GENERALES,False,15.43,SERVICIOS_GENERALES_OFICIOS,True,0,0,0,False,False,,0,,False,False,0,0,False,0,False,,,,,
919,4,3,PROFESIONAL_ANALISTA,ADMINISTRATIVO,ANALISTA FINANCIERO 1,GERENCIA FINANCIERA,False,8.41,ASISTENCIA_SECRETARIAL_OFICINA,False,2,0,0,False,False,11.69,0,,False,False,0,0,False,0,False,,,,,
921,3,2,DOCENTE_TITULAR_CARRERA,DOCENTE,PROFESOR TITULAR PRINCIPAL (TC),FACULTAD DE CIENCIAS DE LA VIDA,False,27.64,DOCENTE_TITULAR_CARRERA,False,2,0,0,False,False,29.08,2,AUTORIDAD_ACADEMICA_SUPERIOR,True,True,5,2,False,0,True,OTROS_AA,,,,
923,28,1,DOCENTE_TITULAR_CARRERA,DOCENTE,PROFESOR TITULAR AGREGADO 1 (TC),FACULTAD DE INGENIERÍA EN CIENCIAS DE LA TIERRA,True,14.36,DOCENTE_TITULAR_CARRERA,True,0,0,0,False,False,,2,AUTORIDAD_ACADEMICA_SUPERIOR,True,True,18,1,True,14,True,OTROS_AA,,,,
926,15,1,DOCENTE_NO_TITULAR_OCASIONAL,DOCENTE,PROFESOR NO TITULAR OCASIONAL (TP),FACULTAD DE INGENIERÍA MARÍTIMA Y CIENCIAS DEL MAR,True,0.34,DOCENTE_NO_TITULAR_OCASIONAL,True,0,0,0,False,False,,0,,False,False,0,0,False,0,False,,,,,
931,20,2,DOCENTE_TITULAR_CARRERA,DOCENTE,PROFESOR TITULAR PRINCIPAL 1 (TC),FACULTAD DE CIENCIAS NATURALES Y MATEMÁTICAS,True,13.69,ASISTENCIA_SECRETARIAL_OFICINA,False,1,1,0,True,False,31.31,2,AUTORIDAD_ACADEMICA_SUPERIOR,True,True,1,1,False,0,True,AUTORIDAD_ACADEMICA_SUPERIOR,,,,
938,4,2,ASISTENCIA_SECRETARIAL_OFICINA,ADMINISTRATIVO,ASISTENTE EJECUTIVA 2,FACULTAD DE INGENIERÍA MECÁNICA Y CIENCIAS DE LA PRODUCCIÓN,False,25.64,AUXILIAR_AYUDANTE_OPERATIVO,False,3,0,0,False,False,29.83,0,,False,False,0,0,False,0,False,,,,,
939,2,2,ASISTENCIA_SECRETARIAL_OFICINA,ADMINISTRATIVO,ASISTENTE EJECUTIVA 2,UNIDAD DE BIENESTAR ESTUDIANTIL Y POLITÉCNICO,False,33.24,AUXILIAR_AYUDANTE_OPERATIVO,False,1,0,0,False,False,37.43,0,,False,False,0,0,False,0,False,,,,,
944,3,2,PROFESIONAL_ANALISTA,ADMINISTRATIVO,ANALISTA DE INFRAESTRUCTURA INFORMÁTICA 2,FACULTAD DE CIENCIAS NATURALES Y MATEMÁTICAS,False,13.5,SERVICIOS_GENERALES_OFICIOS,False,1,0,0,False,False,17.78,0,,False,False,0,0,False,0,False,,,,,
946,9,5,PROFESIONAL_ANALISTA,ADMINISTRATIVO,ANALISTA FINANCIERO 2,GERENCIA FINANCIERA,False,6.25,AUXILIAR_AYUDANTE_OPERATIVO,False,5,0,0,False,False,11.69,1,AUTORIDAD_ADMINISTRATIVA_SUPERIOR,True,True,1,1,False,0,True,AUTORIDAD_ADMINISTRATIVA_SUPERIOR,,,,
951,1,1,SERVICIOS_GENERALES_OFICIOS,ADMINISTRATIVO,CHOFER,DIRECCIÓN DE SERVICIOS GENERALES,False,9.58,SERVICIOS_GENERALES_OFICIOS,True,0,0,0,False,False,,0,,False,False,0,0,False,0,False,,,,,
953,6,3,ASISTENCIA_SECRETARIAL_OFICINA,ADMINISTRATIVO,ASISTENTE DE ACTIVOS FIJOS DE UNIDAD ACADÉMICA,FACULTAD DE INGENIERÍA MECÁNICA Y CIENCIAS DE LA PRODUCCIÓN,False,7.0,ASISTENCIA_SECRETARIAL_OFICINA,False,4,0,0,False,False,11.69,0,,False,True,1,1,False,0,True,OTROS_AA,,,,
954,12,1,DOCENTE_TITULAR_CARRERA,DOCENTE,PROFESOR TITULAR AGREGADO 1 (TC),FACULTAD DE INGENIERÍA MECÁNICA Y CIENCIAS DE LA PRODUCCIÓN,True,23.89,DOCENTE_TITULAR_CARRERA,True,0,0,0,False,False,,0,,False,False,0,0,False,0,False,,,,,
955,2,2,DOCENTE_TITULAR_CARRERA,DOCENTE,PROFESOR TITULAR PRINCIPAL 3 (TC),FACULTAD DE CIENCIAS SOCIALES Y HUMANÍSTICAS,True,18.35,OTROS_AA,False,1,1,0,True,False,18.35,4,AUTORIDAD_ACADEMICA_SUPERIOR,True,True,20,4,True,16,True,JEFATURA_SUPERVISION_OPERATIVA,,,,
958,8,3,TECNICO_OPERATIVO_MANTENIMIENTO,ADMINISTRATIVO,TÉCNICOS ESPECIALIZADOS - EJECUCIÓN DE CAPACITACIÓN,FACULTAD DE CIENCIAS NATURALES Y MATEMÁTICAS,False,0.06,DOCENTE_NO_TITULAR_OCASIONAL,False,2,0,1,False,True,3.67,0,,False,True,1,1,False,0,True,JEFATURA_SUPERVISION_OPERATIVA,,,,
964,32,1,DOCENTE_TITULAR_CARRERA,DOCENTE,PROFESOR TITULAR AGREGADO 2 (TC),FACULTAD DE CIENCIAS NATURALES Y MATEMÁTICAS,True,17.32,DOCENTE_TITULAR_CARRERA,True,0,0,0,False,False,,0,,False,False,0,0,False,0,False,,,,,
969,6,3,PROFESIONAL_ANALISTA,ADMINISTRATIVO,ANALISTA DE PROYECTOS DE VINCULACIÓN 2,DECANATO DE VINCULACIÓN,False,19.05,AUXILIAR_AYUDANTE_OPERATIVO,False,2,0,0,False,False,23.16,2,AUTORIDAD_ADMINISTRATIVA_SUPERIOR,True,False,0,0,False,0,False,,,,,
972,2,1,ASISTENCIA_SECRETARIAL_OFICINA,ADMINISTRATIVO,ASISTENTE EJECUTIVA 2,FACULTAD DE CIENCIAS NATURALES Y MATEMÁTICAS,False,22.25,ASISTENCIA_SECRETARIAL_OFICINA,True,0,0,0,False,False,,0,,False,True,1,1,False,0,True,OTROS_AA,,,,
973,12,1,DOCENTE_TITULAR_CARRERA,DOCENTE,PROFESOR TITULAR PRINCIPAL (TC),FACULTAD DE CIENCIAS SOCIALES Y HUMANÍSTICAS,False,14.75,DOCENTE_TITULAR_CARRERA,True,0,0,0,False,False,,2,JEFATURA_SUPERVISION_OPERATIVA,True,False,0,0,False,0,False,,,,,
975,6,3,ASISTENCIA_SECRETARIAL_OFICINA,ADMINISTRATIVO,ASISTENTE DE SOPORTE TÉCNICO,FACULTAD DE INGENIERÍA EN CIENCIAS DE LA TIERRA,True,11.69,ASISTENCIA_SECRETARIAL_OFICINA,False,3,0,0,False,False,11.69,0,,False,True,1,1,False,0,True,OTROS_AA,,,,
977,1,1,AUXILIAR_AYUDANTE_OPERATIVO,ADMINISTRATIVO,AUXILIAR DE SERVICIOS,FACULTAD DE CIENCIAS SOCIALES Y HUMANÍSTICAS,False,10.41,AUXILIAR_AYUDANTE_OPERATIVO,True,0,0,0,False,False,,0,,False,False,0,0,False,0,False,,,,,
978,2,2,ASISTENCIA_SECRETARIAL_OFICINA,ADMINISTRATIVO,ASISTENTE EJECUTIVA 2,DESCONOCIDA,False,34.63,AUXILIAR_AYUDANTE_OPERATIVO,False,1,0,0,False,False,38.91,0,,False,False,0,0,False,0,False,,,,,
981,32,1,DOCENTE_NO_TITULAR_OCASIONAL,DOCENTE,PROFESOR NO TITULAR OCASIONAL (TC),FACULTAD DE CIENCIAS NATURALES Y MATEMÁTICAS,True,7.33,DOCENTE_NO_TITULAR_OCASIONAL,True,0,0,0,False,False,,0,,False,True,3,1,False,0,True,JEFATURA_SUPERVISION_OPERATIVA,,,,
986,13,1,DOCENTE_TITULAR_CARRERA,DOCENTE,PROFESOR TITULAR AGREGADO 3 (TC),FACULTAD DE INGENIERÍA EN ELECTRICIDAD Y COMPUTACIÓN,True,11.53,DOCENTE_TITULAR_CARRERA,True,0,0,0,False,False,,0,,False,True,3,2,False,0,True,JEFATURA_SUPERVISION_OPERATIVA,SERVICIOS PROFESIONALES - EVENTO DE CAPACITACIÓN,CENTRO DE EMPRENDIMIENTO E INNOVACIÓN I3LAB,DOCENTE_CONTRATADO_SERVICIOS_CIVILES,DOCENTE
988,32,2,DOCENTE_TITULAR_CARRERA,DOCENTE,PROFESOR TITULAR PRINCIPAL 3 (TC),FACULTAD DE INGENIERÍA EN ELECTRICIDAD Y COMPUTACIÓN,True,0.94,DOCENTE_TITULAR_CARRERA,False,2,1,1,True,True,22.83,0,,False,True,1,1,False,0,True,JEFATURA_SUPERVISION_OPERATIVA,,,,
990,5,2,ASISTENCIA_SECRETARIAL_OFICINA,ADMINISTRATIVO,ASISTENTE EJECUTIVA 2,FACULTAD DE CIENCIAS SOCIALES Y HUMANÍSTICAS,True,17.69,ASISTENCIA_SECRETARIAL_OFICINA,False,4,0,0,False,False,17.69,0,,False,False,0,0,False,0,False,,,,,
999,9,1,DOCENTE_TITULAR_CARRERA,DOCENTE,PROFESOR TITULAR PRINCIPAL (TC),FACULTAD DE INGENIERÍA MECÁNICA Y CIENCIAS DE LA PRODUCCIÓN,True,16.69,DOCENTE_TITULAR_CARRERA,True,0,0,0,False,False,,1,AUTORIDAD_ADMINISTRATIVA_SUPERIOR,True,True,1,1,False,0,True,AUTORIDAD_ADMINISTRATIVA_SUPERIOR,,,,
1000,3,3,PROFESIONAL_ANALISTA,ADMINISTRATIVO,ANALISTA TÉCNICO ACADÉMICO 2,DIRECCIÓN DE LA SECRETARÍA TÉCNICA ACADEMICA,False,7.16,AUXILIAR_AYUDANTE_OPERATIVO,False,2,0,0,False,False,11.69,0,,False,False,0,0,False,0,False,,,,,
1001,7,4,DOCENTE_TITULAR_CARRERA,DOCENTE,PROFESOR TITULAR PRINCIPAL 3 (TC),FACULTAD DE CIENCIAS DE LA VIDA,True,8.69,JEFATURA_SUPERVISION_OPERATIVA,False,5,1,0,True,False,8.69,2,AUTORIDAD_ACADEMICA_SUPERIOR,True,True,12,1,True,10,True,OTROS_AA,,,,
1003,1,1,DOCENTE_TITULAR_CARRERA,DOCENTE,PROFESOR TITULAR AGREGADO 1 (TP),FACULTAD DE CIENCIAS SOCIALES Y HUMANÍSTICAS,True,20.94,DOCENTE_TITULAR_CARRERA,True,0,0,0,False,False,,3,AUTORIDAD_ACADEMICA_SUPERIOR,True,False,0,0,False,0,False,,,,,
1006,22,1,DOCENTE_TITULAR_CARRERA,DOCENTE,PROFESOR TITULAR AGREGADO 1 (TC),FACULTAD DE INGENIERÍA EN ELECTRICIDAD Y COMPUTACIÓN,True,16.69,DOCENTE_TITULAR_CARRERA,True,0,0,0,False,False,,1,JEFATURA_SUPERVISION_OPERATIVA,True,True,4,2,False,0,True,JEFATURA_SUPERVISION_OPERATIVA,,,,
1010,1,1,DOCENTE_TITULAR_CARRERA,DOCENTE,PROFESOR TITULAR AGREGADO 2 (TC),FACULTAD DE CIENCIAS NATURALES Y MATEMÁTICAS,True,13.69,DOCENTE_TITULAR_CARRERA,True,0,0,0,False,False,,1,OTROS_AA,True,False,0,0,False,0,False,,,,,
1013,11,2,AUTORIDAD_ACADEMICA_SUPERIOR,DOCENTE,DECANO(A),FACULTAD DE CIENCIAS SOCIALES Y HUMANÍSTICAS,True,3.83,DOCENTE_TITULAR_CARRERA,False,1,0,0,False,False,3.83,2,DOCENTE_TITULAR_CARRERA,True,True,25,2,True,22,True,OTROS_AA,,,,
1032,2,2,ASISTENCIA_SECRETARIAL_OFICINA,ADMINISTRATIVO,ASISTENTE EJECUTIVA 2,GERENCIA ADMINISTRATIVA,False,7.58,AUXILIAR_AYUDANTE_OPERATIVO,False,1,0,0,False,False,11.69,0,,False,False,0,0,False,0,False,,,,,
1033,2,2,JEFATURA_SUPERVISION_OPERATIVA,ADMINISTRATIVO,ASISTENTE DE GUARDALMACÉN,DIRECCIÓN DE SERVICIOS GENERALES,False,8.67,AUXILIAR_AYUDANTE_OPERATIVO,False,1,0,0,False,False,11.69,0,,False,False,0,0,False,0,False,,,,,
1035,3,2,SERVICIOS_GENERALES_OFICIOS,ADMINISTRATIVO,CHOFER,DIRECCIÓN DE SERVICIOS GENERALES,False,8.83,SERVICIOS_GENERALES_OFICIOS,False,2,0,0,False,False,11.69,0,,False,False,0,0,False,0,False,,,,,
1038,4,2,DOCENTE_TITULAR_CARRERA,DOCENTE,PROFESOR TITULAR PRINCIPAL (TP),FACULTAD DE CIENCIAS SOCIALES Y HUMANÍSTICAS,False,6.91,OTROS_AA,False,1,1,0,True,False,13.69,3,AUTORIDAD_ADMINISTRATIVA_SUPERIOR,True,True,1,1,False,0,True,AUTORIDAD_ADMINISTRATIVA_SUPERIOR,,,,
1041,16,1,DOCENTE_NO_TITULAR_OCASIONAL,DOCENTE,PROFESOR NO TITULAR OCASIONAL (TC),FACULTAD DE CIENCIAS NATURALES Y MATEMÁTICAS,True,5.94,DOCENTE_NO_TITULAR_OCASIONAL,True,0,0,0,False,False,,0,,False,False,0,0,False,0,False,,,,,
1043,68,4,AUTORIDAD_ACADEMICA_SUPERIOR,DOCENTE,"VICERRECTOR(A) DE INVESTIGACIÓN, DESARROLLO E INNOVACIÓN","VICERRECTORADO DE INVESTIGACIÓN, DESARROLLO E INNOVACIÓN",True,0.03,ASISTENCIA_SECRETARIAL_OFICINA,False,3,1,0,True,False,8.83,1,DOCENTE_TITULAR_CARRERA,True,True,52,3,True,48,True,OTROS_AA,,,,
1045,10,4,AUTORIDAD_ACADEMICA_SUPERIOR,DOCENTE,DECANO(A),FACULTAD DE INGENIERÍA MARÍTIMA Y CIENCIAS DEL MAR,True,3.83,ASISTENCIA_SECRETARIAL_OFICINA,False,6,1,0,True,False,3.83,3,DOCENTE_TITULAR_CARRERA,True,True,12,3,True,6,True,OTROS_AA,,,,
1052,1,1,DOCENTE_TITULAR_CARRERA,DOCENTE,PROFESOR TITULAR AGREGADO 1 (TP),FACULTAD DE CIENCIAS SOCIALES Y HUMANÍSTICAS,True,13.69,DOCENTE_TITULAR_CARRERA,True,0,0,0,False,False,,0,,False,False,0,0,False,0,False,,,,,
1058,8,4,DOCENTE_TITULAR_CARRERA,DOCENTE,PROFESOR TITULAR AGREGADO 1 (TC),FACULTAD DE INGENIERÍA MECÁNICA Y CIENCIAS DE LA PRODUCCIÓN,True,11.86,OTROS_AA,False,3,1,0,True,False,25.31,2,AUTORIDAD_ACADEMICA_SUPERIOR,True,True,5,3,False,0,True,OTROS_AA,,,,
1060,6,3,DOCENTE_TITULAR_CARRERA,DOCENTE,PROFESOR TITULAR AGREGADO 1 (TC),DESCONOCIDA,False,16.05,AUXILIAR_AYUDANTE_OPERATIVO,False,2,1,0,True,False,29.6,0,,False,False,0,0,False,0,False,,,,,
1061,4,4,PROFESIONAL_ANALISTA,ADMINISTRATIVO,ANALISTA DE INFRAESTRUCTURA INFORMÁTICA 2,GERENCIA DE TECNOLOGÍAS Y SISTEMAS DE INFORMACIÓN,False,8.58,SERVICIOS_GENERALES_OFICIOS,False,3,0,0,False,False,11.69,1,AUTORIDAD_ADMINISTRATIVA_SUPERIOR,True,True,1,1,True,1,True,OTROS_AA,,,,
1063,26,6,DOCENTE_TITULAR_CARRERA,DOCENTE,PROFESOR TITULAR AGREGADO 3 (TC),FACULTAD DE CIENCIAS NATURALES Y MATEMÁTICAS,True,3.94,DOCENTE_TITULAR_CARRERA,False,9,3,3,True,True,3.94,6,AUTORIDAD_ACADEMICA_SUPERIOR,True,True,11,3,True,5,True,JEFATURA_SUPERVISION_OPERATIVA,,,,
1075,1,1,DOCENTE_TITULAR_CARRERA,DOCENTE,PROFESOR TITULAR PRINCIPAL 1 (TC),FACULTAD DE CIENCIAS NATURALES Y MATEMÁTICAS,True,13.69,DOCENTE_TITULAR_CARRERA,True,0,0,0,False,False,,1,AUTORIDAD_ACADEMICA_SUPERIOR,True,True,19,2,False,0,True,AUTORIDAD_ADMINISTRATIVA_SUPERIOR,,,,
1086,5,2,DOCENTE_TITULAR_CARRERA,DOCENTE,PROFESOR TITULAR PRINCIPAL (TC),"FACULTAD DE ARTE, DISEÑO Y COMUNICACIÓN AUDIOVISUAL",True,15.86,DOCENTE_TITULAR_CARRERA,False,2,1,1,True,True,19.93,3,OTROS_AA,True,True,8,1,False,0,True,JEFATURA_SUPERVISION_OPERATIVA,,,,
1094,2,1,TECNICO_DOCENTE_APOYO,DOCENTE,TÉCNICO DOCENTE 4 (TP),FACULTAD DE INGENIERÍA EN ELECTRICIDAD Y COMPUTACIÓN,False,0.24,TECNICO_DOCENTE_APOYO,True,0,0,0,False,False,,0,,False,False,0,0,False,0,False,,,,,
1097,12,3,DOCENTE_TITULAR_CARRERA,DOCENTE,PROFESOR TITULAR PRINCIPAL (TC),FACULTAD DE CIENCIAS SOCIALES Y HUMANÍSTICAS,True,0.86,DOCENTE_TITULAR_CARRERA,False,4,0,0,False,False,0.86,4,DOCENTE_TITULAR_CARRERA,True,True,8,3,True,1,True,AUTORIDAD_ACADEMICA_SUPERIOR,,,,
1098,21,3,AUTORIDAD_ACADEMICA_SUPERIOR,DOCENTE,SUBDECANO(A),FACULTAD DE INGENIERÍA EN ELECTRICIDAD Y COMPUTACIÓN,True,0.03,DOCENTE_TITULAR_CARRERA,False,13,0,0,False,False,0.3,2,DOCENTE_TITULAR_CARRERA,True,True,48,4,True,37,True,OTROS_AA,,,,
1101,15,2,DOCENTE_TITULAR_CARRERA,DOCENTE,PROFESOR TITULAR AGREGADO 1 (TC),FACULTAD DE CIENCIAS NATURALES Y MATEMÁTICAS,True,16.69,DOCENTE_TITULAR_CARRERA,False,2,0,0,False,False,26.62,2,AUTORIDAD_ACADEMICA_SUPERIOR,True,True,1,1,False,0,True,AUTORIDAD_ACADEMICA_SUPERIOR,SERVICIOS PROFESIONALES - NIVELACIÓN EN EL SISTEMA DE NIVELACIÓN Y ADMISIÓN,DECANATO DE GRADO,DOCENTE_CONTRATADO_SERVICIOS_CIVILES,DOCENTE
1102,2,2,JEFATURA_SUPERVISION_OPERATIVA,ADMINISTRATIVO,SUPERVISOR DE SEGURIDAD,DIRECCION DE SEGURIDAD FISICA,False,11.24,SERVICIOS_GENERALES_OFICIOS,False,1,0,0,False,False,12.69,0,,False,False,0,0,False,0,False,,,,,
1105,5,2,AUXILIAR_AYUDANTE_OPERATIVO,ADMINISTRATIVO,AUXILIAR DE SERVICIOS,FACULTAD DE CIENCIAS SOCIALES Y HUMANÍSTICAS,False,28.25,SERVICIOS_GENERALES_OFICIOS,False,1,0,0,False,False,30.53,0,,False,False,0,0,False,0,False,,,,,
1108,18,1,DOCENTE_TITULAR_CARRERA,DOCENTE,PROFESOR TITULAR AGREGADO 1 (TC),FACULTAD DE CIENCIAS SOCIALES Y HUMANÍSTICAS,True,17.14,DOCENTE_TITULAR_CARRERA,True,0,0,0,False,False,,2,JEFATURA_SUPERVISION_OPERATIVA,True,False,0,0,False,0,False,,,,,
1113,1,1,DOCENTE_NO_TITULAR_OCASIONAL,DOCENTE,PROFESOR NO TITULAR OCASIONAL (TC),FACULTAD DE INGENIERÍA EN ELECTRICIDAD Y COMPUTACIÓN,False,1.0,DOCENTE_NO_TITULAR_OCASIONAL,True,0,0,0,False,False,,0,,False,False,0,0,False,0,False,,,,,
1114,3,2,AUXILIAR_AYUDANTE_OPERATIVO,ADMINISTRATIVO,AUXILIAR DE SERVICIOS,FACULTAD DE CIENCIAS NATURALES Y MATEMÁTICAS,False,22.75,SERVICIOS_GENERALES_OFICIOS,False,1,0,0,False,False,28.83,0,,False,False,0,0,False,0,False,,,,,
1116,2,2,ASISTENCIA_SECRETARIAL_OFICINA,ADMINISTRATIVO,ASISTENTE DE TESORERÍA,UNIDAD DE VINCULACIÓN CON LA SOCIEDAD,False,7.25,AUXILIAR_AYUDANTE_OPERATIVO,False,1,0,0,False,False,11.69,0,,False,False,0,0,False,0,False,,,,,
1119,1,1,SERVICIOS_GENERALES_OFICIOS,ADMINISTRATIVO,GUARDIÀN/GUARDIÀN ADMINISTRATIVO,DIRECCION DE SEGURIDAD FISICA,True,13.69,SERVICIOS_GENERALES_OFICIOS,True,0,0,0,False,False,,0,,False,False,0,0,False,0,False,,,,,
1120,1,1,AUXILIAR_AYUDANTE_OPERATIVO,ADMINISTRATIVO,AUXILIAR DE SERVICIOS,FACULTAD DE CIENCIAS NATURALES Y MATEMÁTICAS,False,34.11,AUXILIAR_AYUDANTE_OPERATIVO,True,0,0,0,False,False,,0,,False,False,0,0,False,0,False,,,,,
1123,6,3,PROFESIONAL_ANALISTA,ADMINISTRATIVO,ANALISTA FINANCIERO 1,GERENCIA FINANCIERA,False,11.0,AUXILIAR_AYUDANTE_OPERATIVO,False,5,0,0,False,False,11.69,0,,False,False,0,0,False,0,False,,,,,
1134,1,1,SERVICIOS_GENERALES_OFICIOS,ADMINISTRATIVO,CHOFER,FACULTAD DE CIENCIAS SOCIALES Y HUMANÍSTICAS,True,33.36,SERVICIOS_GENERALES_OFICIOS,True,0,0,0,False,False,,0,,False,False,0,0,False,0,False,,,,,
1135,10,2,DOCENTE_TITULAR_CARRERA,DOCENTE,PROFESOR TITULAR PRINCIPAL 1 (TC),FACULTAD DE CIENCIAS SOCIALES Y HUMANÍSTICAS,True,1.24,ASISTENCIA_SECRETARIAL_OFICINA,False,1,1,0,True,False,20.36,1,PROFESIONAL_ANALISTA,True,False,0,0,False,0,False,,,,,
1140,2,2,PROFESIONAL_ANALISTA,ADMINISTRATIVO,AUDITOR INTERNO 3,AUDITORÍA INTERNA,True,16.69,AUXILIAR_AYUDANTE_OPERATIVO,False,1,0,0,False,False,16.69,1,ASISTENCIA_SECRETARIAL_OFICINA,True,False,0,0,False,0,False,,,,,
1142,6,3,DOCENTE_NO_TITULAR_OCASIONAL,DOCENTE,PROFESOR NO TITULAR OCASIONAL (TC),"FACULTAD DE ARTE, DISEÑO Y COMUNICACIÓN AUDIOVISUAL",True,4.81,OTROS_AA,False,2,1,0,True,False,12.33,0,,False,True,1,1,False,0,True,JEFATURA_SUPERVISION_OPERATIVA,,,,
1143,2,2,SERVICIOS_GENERALES_OFICIOS,ADMINISTRATIVO,OPERADOR DE CONMUTADOR,DIRECCIÓN DE TALENTO HUMANO,False,27.0,AUXILIAR_AYUDANTE_OPERATIVO,False,1,0,0,False,False,32.2,0,,False,False,0,0,False,0,False,,,,,
1145,5,1,DOCENTE_NO_TITULAR_OCASIONAL,DOCENTE,PROFESOR NO TITULAR OCASIONAL 1 (MT),FACULTAD DE CIENCIAS NATURALES Y MATEMÁTICAS,False,0.43,DOCENTE_NO_TITULAR_OCASIONAL,True,0,0,0,False,False,,0,,False,False,0,0,False,0,False,,,,,
1153,2,2,DOCENTE_TITULAR_CARRERA,DOCENTE,PROFESOR TITULAR AUXILIAR 2 (TP),FACULTAD DE INGENIERÍA EN ELECTRICIDAD Y COMPUTACIÓN,True,13.69,OTROS_AA,False,1,1,0,True,False,13.69,3,AUTORIDAD_ADMINISTRATIVA_SUPERIOR,True,True,7,2,False,0,True,AUTORIDAD_ADMINISTRATIVA_SUPERIOR,PRESTACIÓN SERVICIOS PROFESIONALES,DESCONOCIDA,DOCENTE_CONTRATADO_SERVICIOS_CIVILES,DOCENTE
1154,2,2,DOCENTE_TITULAR_CARRERA,DOCENTE,PROFESOR TITULAR AGREGADO 1 (TC),FACULTAD DE INGENIERÍA MECÁNICA Y CIENCIAS DE LA PRODUCCIÓN,True,21.89,DOCENTE_NO_TITULAR_OCASIONAL,False,1,0,0,False,False,21.89,0,,False,True,2,1,False,0,True,JEFATURA_SUPERVISION_OPERATIVA,,,,
1160,1,1,AUXILIAR_AYUDANTE_OPERATIVO,ADMINISTRATIVO,AUXILIAR DE SERVICIOS,FACULTAD DE CIENCIAS SOCIALES Y HUMANÍSTICAS,True,24.92,AUXILIAR_AYUDANTE_OPERATIVO,True,0,0,0,False,False,,0,,False,False,0,0,False,0,False,,,,,
1164,1,1,DOCENTE_TITULAR_CARRERA,DOCENTE,PROFESOR TITULAR AGREGADO 1 (MT),FACULTAD DE INGENIERÍA EN CIENCIAS DE LA TIERRA,True,18.86,DOCENTE_TITULAR_CARRERA,True,0,0,0,False,False,,0,,False,True,1,1,False,0,True,OTROS_AA,,,,
1168,7,4,PROFESIONAL_ANALISTA,ADMINISTRATIVO,ANALISTA FINANCIERO 3,GERENCIA FINANCIERA,False,11.58,AUXILIAR_AYUDANTE_OPERATIVO,False,5,0,0,False,False,11.69,2,AUTORIDAD_ADMINISTRATIVA_SUPERIOR,True,True,2,1,True,2,True,OTROS_AA,,,,
1170,10,2,DOCENTE_TITULAR_CARRERA,DOCENTE,PROFESOR TITULAR AGREGADO 3 (TC),FACULTAD DE CIENCIAS NATURALES Y MATEMÁTICAS,True,14.96,OTROS_AA,False,1,1,0,True,False,17.91,2,AUTORIDAD_ACADEMICA_SUPERIOR,True,True,2,1,True,1,True,OTROS_AA,,,,
1175,1,1,AUXILIAR_AYUDANTE_OPERATIVO,ADMINISTRATIVO,AUXILIAR DE SERVICIOS,GERENCIA ADMINISTRATIVA,False,9.08,AUXILIAR_AYUDANTE_OPERATIVO,True,0,0,0,False,False,,0,,False,False,0,0,False,0,False,,,,,
1176,14,1,DOCENTE_NO_TITULAR_OCASIONAL,DOCENTE,PROFESOR NO TITULAR OCASIONAL (TC),FACULTAD DE INGENIERÍA MECÁNICA Y CIENCIAS DE LA PRODUCCIÓN,False,5.56,DOCENTE_NO_TITULAR_OCASIONAL,True,0,0,0,False,False,,0,,False,False,0,0,False,0,False,,,,,
1178,4,3,AUTORIDAD_ACADEMICA_SUPERIOR,DOCENTE,DECANO(A),DECANATO DE INVESTIGACIÓN,True,10.69,DOCENTE_TITULAR_CARRERA,False,3,0,0,False,False,10.69,2,DOCENTE_TITULAR_CARRERA,True,True,56,2,True,52,True,OTROS_AA,,,,
1180,3,3,PROFESIONAL_ANALISTA,ADMINISTRATIVO,ANALISTA DE PROYECTOS DE VINCULACIÓN 3,GERENCIA DE PLANIFICACIÓN ESTRATÉGICA,False,10.33,AUXILIAR_AYUDANTE_OPERATIVO,False,2,0,0,False,False,11.69,2,AUTORIDAD_ADMINISTRATIVA_SUPERIOR,True,True,3,2,True,2,True,OTROS_AA,,,,
1193,1,1,DOCENTE_TITULAR_CARRERA,DOCENTE,PROFESOR TITULAR PRINCIPAL 3 (TC),FACULTAD DE INGENIERÍA EN ELECTRICIDAD Y COMPUTACIÓN,True,28.36,DOCENTE_TITULAR_CARRERA,True,0,0,0,False,False,,0,,False,True,1,1,False,0,True,JEFATURA_SUPERVISION_OPERATIVA,,,,
1202,1,1,DOCENTE_TITULAR_CARRERA,DOCENTE,PROFESOR TITULAR PRINCIPAL 1 (TC),FACULTAD DE INGENIERÍA EN CIENCIAS DE LA TIERRA,False,15.75,DOCENTE_TITULAR_CARRERA,True,0,0,0,False,False,,1,AUTORIDAD_ACADEMICA_SUPERIOR,True,True,9,3,True,6,True,OTROS_AA,,,,
1205,2,2,ASISTENCIA_SECRETARIAL_OFICINA,ADMINISTRATIVO,ASISTENTE EJECUTIVA 3,FACULTAD DE CIENCIAS NATURALES Y MATEMÁTICAS,True,22.03,AUXILIAR_AYUDANTE_OPERATIVO,False,1,0,0,False,False,22.03,0,,False,False,0,0,False,0,False,,,,,
1206,20,3,PROFESIONAL_ANALISTA,ADMINISTRATIVO,ANALISTA DE TALENTO HUMANO 1,FACULTAD DE INGENIERÍA MARÍTIMA Y CIENCIAS DEL MAR,True,0.03,ASISTENCIA_SECRETARIAL_OFICINA,False,2,0,0,False,False,11.69,1,AUTORIDAD_ADMINISTRATIVA_SUPERIOR,True,False,0,0,False,0,False,,,,,
1211,7,4,DOCENTE_TITULAR_CARRERA,DOCENTE,PROFESOR TITULAR PRINCIPAL 3 (TC),FACULTAD DE INGENIERÍA EN ELECTRICIDAD Y COMPUTACIÓN,True,8.69,DOCENTE_TITULAR_CARRERA,False,5,1,1,True,True,8.69,3,AUTORIDAD_ACADEMICA_SUPERIOR,True,True,17,3,True,7,True,AUTORIDAD_ADMINISTRATIVA_SUPERIOR,PRESTACIÓN SERVICIOS PROFESIONALES,DESCONOCIDA,DOCENTE_CONTRATADO_SERVICIOS_CIVILES,DOCENTE
1212,24,1,DOCENTE_NO_TITULAR_OCASIONAL,DOCENTE,PROFESOR NO TITULAR OCASIONAL (MT),FACULTAD DE INGENIERÍA MARÍTIMA Y CIENCIAS DEL MAR,True,3.94,DOCENTE_NO_TITULAR_OCASIONAL,True,0,0,0,False,False,,1,OTROS_AA,True,True,4,1,False,0,True,JEFATURA_SUPERVISION_OPERATIVA,,,,
1213,9,1,DOCENTE_NO_TITULAR_OCASIONAL,DOCENTE,PROFESOR NO TITULAR OCASIONAL (TC),FACULTAD DE INGENIERÍA EN ELECTRICIDAD Y COMPUTACIÓN,True,7.95,DOCENTE_NO_TITULAR_OCASIONAL,True,0,0,0,False,False,,0,,False,False,0,0,False,0,False,,,,,
1216,4,2,AUTORIDAD_ACADEMICA_SUPERIOR,DOCENTE,RECTOR(A),RECTORADO,True,12.53,DOCENTE_TITULAR_CARRERA,False,3,0,0,False,False,12.53,1,DOCENTE_TITULAR_CARRERA,True,True,3,1,False,0,False,AUTORIDAD_ACADEMICA_SUPERIOR,,,,
1219,2,2,TECNICO_DOCENTE_APOYO,DOCENTE,TÉCNICO DOCENTE 1 (TC),FACULTAD DE INGENIERÍA MECÁNICA Y CIENCIAS DE LA PRODUCCIÓN,True,3.33,DOCENTE_NO_TITULAR_OCASIONAL,False,1,0,0,False,False,3.33,0,,False,False,0,0,False,0,False,,,,,
1220,3,1,DOCENTE_TITULAR_CARRERA,DOCENTE,PROFESOR TITULAR AGREGADO 2 (TC),FACULTAD DE INGENIERÍA EN ELECTRICIDAD Y COMPUTACIÓN,True,15.28,DOCENTE_TITULAR_CARRERA,True,0,0,0,False,False,,1,AUTORIDAD_ACADEMICA_SUPERIOR,True,True,5,2,True,4,True,OTROS_AA,,,,
1225,4,3,PROFESIONAL_ANALISTA,ADMINISTRATIVO,ANALISTA CONTABLE 1,DESCONOCIDA,False,2.84,AUXILIAR_AYUDANTE_OPERATIVO,False,2,0,0,False,False,8.7,0,,False,False,0,0,False,0,False,,,,,
1229,5,3,ASISTENCIA_SECRETARIAL_OFICINA,ADMINISTRATIVO,ASISTENTE DE TALENTO HUMANO,DIRECCIÓN DE TALENTO HUMANO,False,11.58,AUXILIAR_AYUDANTE_OPERATIVO,False,3,0,0,False,False,11.69,0,,False,False,0,0,False,0,False,,,,,
1230,5,3,DOCENTE_TITULAR_CARRERA,DOCENTE,PROFESOR TITULAR AGREGADO 3 (TC),"FACULTAD DE ARTE, DISEÑO Y COMUNICACIÓN AUDIOVISUAL",True,16.69,DOCENTE_TITULAR_CARRERA,False,3,1,1,True,True,21.57,1,AUTORIDAD_ACADEMICA_SUPERIOR,True,True,10,1,True,7,True,OTROS_AA,,,,
1231,8,3,DOCENTE_TITULAR_CARRERA,DOCENTE,PROFESOR TITULAR PRINCIPAL (TC),FACULTAD DE INGENIERÍA MARÍTIMA Y CIENCIAS DEL MAR,True,13.69,ASISTENCIA_SECRETARIAL_OFICINA,False,2,1,0,True,False,21.32,1,DOCENTE_TITULAR_CARRERA,True,True,2,1,False,0,True,JEFATURA_SUPERVISION_OPERATIVA,,,,
1232,19,3,DOCENTE_TITULAR_CARRERA,DOCENTE,PROFESOR TITULAR AGREGADO 2 (TC),FACULTAD DE INGENIERÍA EN ELECTRICIDAD Y COMPUTACIÓN,True,13.69,DOCENTE_TITULAR_CARRERA,False,4,2,2,True,True,13.69,1,DOCENTE_TITULAR_CARRERA,True,True,2,2,False,0,True,JEFATURA_SUPERVISION_OPERATIVA,,,,
1235,3,2,DOCENTE_TITULAR_CARRERA,DOCENTE,PROFESOR TITULAR AGREGADO 2 (TC),FACULTAD DE INGENIERÍA MECÁNICA Y CIENCIAS DE LA PRODUCCIÓN,True,6.44,DOCENTE_TITULAR_CARRERA,False,2,0,0,False,False,6.44,1,AUTORIDAD_ACADEMICA_SUPERIOR,True,True,6,3,True,2,True,OTROS_AA,,,,
1246,3,2,AUTORIDAD_ACADEMICA_SUPERIOR,DOCENTE,DECANO(A),FACULTAD DE INGENIERÍA EN ELECTRICIDAD Y COMPUTACIÓN,True,3.83,DOCENTE_TITULAR_CARRERA,False,1,0,0,False,False,3.83,1,OTROS_AA,True,True,12,2,True,11,True,OTROS_AA,,,,
1247,5,4,JEFATURA_SUPERVISION_OPERATIVA,ADMINISTRATIVO,JEFE DE PRESUPUESTO,GERENCIA FINANCIERA,True,11.06,AUXILIAR_AYUDANTE_OPERATIVO,False,4,0,0,False,False,11.06,1,AUTORIDAD_ADMINISTRATIVA_SUPERIOR,True,True,5,1,True,5,True,OTROS_AA,,,,
1252,11,2,DOCENTE_NO_TITULAR_OCASIONAL,DOCENTE,PROFESOR NO TITULAR OCASIONAL (TC),FACULTAD DE INGENIERÍA EN ELECTRICIDAD Y COMPUTACIÓN,False,3.72,DOCENTE_NO_TITULAR_OCASIONAL,False,2,1,1,True,True,22.32,1,PROFESIONAL_ANALISTA,True,False,0,0,False,0,False,,,,,
1255,5,2,ASISTENCIA_SECRETARIAL_OFICINA,ADMINISTRATIVO,ASISTENTE CONTABLE,GERENCIA FINANCIERA,False,8.91,ASISTENCIA_SECRETARIAL_OFICINA,False,4,0,0,False,False,11.69,0,,False,False,0,0,False,0,False,,,,,
1262,10,2,DOCENTE_TITULAR_CARRERA,DOCENTE,PROFESOR TITULAR PRINCIPAL 1 (TC),FACULTAD DE CIENCIAS SOCIALES Y HUMANÍSTICAS,True,14.28,DOCENTE_TITULAR_CARRERA,False,2,1,1,True,True,16.69,1,DOCENTE_TITULAR_CARRERA,True,True,1,1,False,0,True,OTROS_AA,,,,
1268,8,2,ASISTENCIA_SECRETARIAL_OFICINA,ADMINISTRATIVO,ASISTENTE EJECUTIVA 2,CENTRO DE ESTUDIOS DEL MEDIO AMBIENTE,False,14.59,ASISTENCIA_SECRETARIAL_OFICINA,False,2,0,0,False,False,29.54,0,,False,False,0,0,False,0,False,,,,,
1277,12,3,TECNICO_DOCENTE_APOYO,DOCENTE,TÉCNICO DOCENTE 3 (TC),DIRECCIÓN DE ADMISIONES,False,2.59,DOCENTE_NO_TITULAR_OCASIONAL,False,3,0,0,False,False,8.36,0,,False,False,0,0,False,0,False,,,,,
1278,1,1,AUXILIAR_AYUDANTE_OPERATIVO,ADMINISTRATIVO,AYUDANTE DE ACTIVOS FIJOS,DESCONOCIDA,False,16.48,AUXILIAR_AYUDANTE_OPERATIVO,True,0,0,0,False,False,,1,ASISTENCIA_SECRETARIAL_OFICINA,True,False,0,0,False,0,False,,,,,
1288,4,2,AUXILIAR_AYUDANTE_OPERATIVO,ADMINISTRATIVO,AUXILIAR DE SERVICIOS DE MANTENIMIENTO,DIRECCIÓN DE SERVICIOS GENERALES,False,13.08,AUXILIAR_AYUDANTE_OPERATIVO,False,2,0,0,False,False,13.69,0,,False,False,0,0,False,0,False,,,,,
1290,3,3,TECNICO_OPERATIVO_MANTENIMIENTO,ADMINISTRATIVO,TÈCNICO DE MANTENIMIENTO ELÈCTRICO,DIRECCIÓN DE SERVICIOS GENERALES,True,12.69,AUXILIAR_AYUDANTE_OPERATIVO,False,2,0,0,False,False,12.69,0,,False,False,0,0,False,0,False,,,,,
1304,1,1,AUXILIAR_AYUDANTE_OPERATIVO,ADMINISTRATIVO,AUXILIAR DE SERVICIOS,FACULTAD DE INGENIERÍA MECÁNICA Y CIENCIAS DE LA PRODUCCIÓN,True,37.0,AUXILIAR_AYUDANTE_OPERATIVO,True,0,0,0,False,False,,0,,False,False,0,0,False,0,False,,,,,
1308,6,1,DOCENTE_NO_TITULAR_OCASIONAL,DOCENTE,PROFESOR NO TITULAR OCASIONAL (TC),FACULTAD DE CIENCIAS SOCIALES Y HUMANÍSTICAS,True,10.9,DOCENTE_NO_TITULAR_OCASIONAL,True,0,0,0,False,False,,0,,False,True,10,1,False,0,True,JEFATURA_SUPERVISION_OPERATIVA,,,,
1315,2,1,DOCENTE_TITULAR_CARRERA,DOCENTE,PROFESOR TITULAR PRINCIPAL 1 (TC),FACULTAD DE INGENIERÍA EN ELECTRICIDAD Y COMPUTACIÓN,True,13.69,DOCENTE_TITULAR_CARRERA,True,0,0,0,False,False,,0,,False,True,4,2,False,0,True,OTROS_AA,,,,
1322,2,1,PROFESIONAL_ESPECIALIZADO_TECNICO,ADMINISTRATIVO,DISEÑADOR GRÁFICO 2,GERENCIA DE COMUNICACIÓN,True,18.06,PROFESIONAL_ESPECIALIZADO_TECNICO,True,0,0,0,False,False,,0,,False,False,0,0,False,0,False,,,,,
1329,1,1,DOCENTE_TITULAR_CARRERA,DOCENTE,PROFESOR TITULAR AGREGADO 3 (TC),FACULTAD DE CIENCIAS SOCIALES Y HUMANÍSTICAS,True,19.9,DOCENTE_TITULAR_CARRERA,True,0,0,0,False,False,,2,AUTORIDAD_ACADEMICA_SUPERIOR,True,True,2,1,False,0,True,OTROS_AA,,,,
1335,3,2,DOCENTE_TITULAR_CARRERA,DOCENTE,PROFESOR TITULAR AGREGADO 1 (TC),"FACULTAD DE ARTE, DISEÑO Y COMUNICACIÓN AUDIOVISUAL",True,21.57,DOCENTE_TITULAR_CARRERA,False,2,0,0,False,False,21.57,2,AUTORIDAD_ACADEMICA_SUPERIOR,True,True,23,4,True,7,True,JEFATURA_SUPERVISION_OPERATIVA,,,,
1339,3,1,DOCENTE_TITULAR_CARRERA,DOCENTE,PROFESOR TITULAR AGREGADO 3 (TC),FACULTAD DE CIENCIAS SOCIALES Y HUMANÍSTICAS,True,15.28,DOCENTE_TITULAR_CARRERA,True,0,0,0,False,False,,1,AUTORIDAD_ADMINISTRATIVA_SUPERIOR,True,True,4,2,False,0,True,AUTORIDAD_ADMINISTRATIVA_SUPERIOR,,,,
1349,5,1,DOCENTE_TITULAR_CARRERA,DOCENTE,PROFESOR TITULAR AGREGADO 3 (TC),FACULTAD DE INGENIERÍA EN ELECTRICIDAD Y COMPUTACIÓN,True,11.86,DOCENTE_TITULAR_CARRERA,True,0,0,0,False,False,,1,AUTORIDAD_ACADEMICA_SUPERIOR,True,True,5,2,True,2,True,JEFATURA_SUPERVISION_OPERATIVA,,,,
1354,3,3,PROFESIONAL_ANALISTA,ADMINISTRATIVO,ANALISTA DE RELACIONES EXTERNAS Y VINCULACIÓN CORPORATIVA 2,DECANATO DE POSGRADO,True,11.69,AUXILIAR_AYUDANTE_OPERATIVO,False,2,0,0,False,False,11.69,0,,False,False,0,0,False,0,False,,,,,
1360,7,2,DOCENTE_TITULAR_CARRERA,DOCENTE,PROFESOR TITULAR AGREGADO 1 (TC),"FACULTAD DE ARTE, DISEÑO Y COMUNICACIÓN AUDIOVISUAL",True,5.28,DOCENTE_TITULAR_CARRERA,False,2,0,0,False,False,6.11,2,AUTORIDAD_ACADEMICA_SUPERIOR,True,True,4,3,False,0,True,AUTORIDAD_ACADEMICA_SUPERIOR,,,,
1363,3,1,DOCENTE_TITULAR_CARRERA,DOCENTE,PROFESOR TITULAR PRINCIPAL (TC),ESCUELA DE POSTGRADO EN ADMINISTRACIÓN DE EMPRESAS,True,25.45,DOCENTE_TITULAR_CARRERA,True,0,0,0,False,False,,1,DOCENTE_NO_TITULAR_OCASIONAL,True,True,6,2,False,0,True,JEFATURA_SUPERVISION_OPERATIVA,,,,
1364,2,2,TECNICO_DOCENTE_APOYO,DOCENTE,TECNICO DOCENTE 4,DIRECCIÓN DE ADMISIONES,False,2.0,DOCENTE_NO_TITULAR_OCASIONAL,False,1,0,0,False,False,8.69,0,,False,False,0,0,False,0,False,,,,,
1372,2,2,PROFESIONAL_ANALISTA,ADMINISTRATIVO,ANALISTA DE DESARROLLO DE SISTEMAS 2,GERENCIA DE TECNOLOGÍAS Y SISTEMAS DE INFORMACIÓN,True,29.42,SERVICIOS_GENERALES_OFICIOS,False,1,0,0,False,False,29.42,0,,False,True,1,1,False,0,True,JEFATURA_SUPERVISION_OPERATIVA,,,,
1373,23,1,DOCENTE_TITULAR_CARRERA,DOCENTE,PROFESOR TITULAR AUXILIAR 2 (TC),FACULTAD DE INGENIERÍA EN ELECTRICIDAD Y COMPUTACIÓN,True,13.69,DOCENTE_TITULAR_CARRERA,True,0,0,0,False,False,,1,AUTORIDAD_ACADEMICA_SUPERIOR,True,True,10,1,True,9,True,OTROS_AA,,,,
1375,23,2,PROFESIONAL_ANALISTA,ADMINISTRATIVO,ANALISTA DE INFORMACIÓN ACADÉMICA 1,DIRECCIÓN DE LA SECRETARÍA TÉCNICA ACADEMICA,True,0.04,ASISTENCIA_SECRETARIAL_OFICINA,False,1,0,0,False,False,4.53,1,ASISTENCIA_SECRETARIAL_OFICINA,True,False,0,0,False,0,False,,,,,
1385,4,2,ASISTENCIA_SECRETARIAL_OFICINA,ADMINISTRATIVO,ASISTENTE EJECUTIVA 3,FACULTAD DE INGENIERÍA EN CIENCIAS DE LA TIERRA,True,22.25,AUXILIAR_AYUDANTE_OPERATIVO,False,3,0,0,False,False,22.25,0,,False,False,0,0,False,0,False,,,,,
1400,20,2,DOCENTE_TITULAR_CARRERA,DOCENTE,PROFESOR TITULAR PRINCIPAL (TC),FACULTAD DE INGENIERÍA MECÁNICA Y CIENCIAS DE LA PRODUCCIÓN,True,0.03,DOCENTE_TITULAR_CARRERA,False,4,0,0,False,False,0.71,0,,False,True,8,2,True,6,True,AUTORIDAD_ADMINISTRATIVA_SUPERIOR,,,,
1402,2,2,ASISTENCIA_SECRETARIAL_OFICINA,ADMINISTRATIVO,ASISTENTE DE ACTIVOS FIJOS,FACULTAD DE INGENIERÍA MECÁNICA Y CIENCIAS DE LA PRODUCCIÓN,True,11.69,AUXILIAR_AYUDANTE_OPERATIVO,False,1,0,0,False,False,11.69,0,,False,False,0,0,False,0,False,,,,,
1411,18,1,DOCENTE_TITULAR_CARRERA,DOCENTE,PROFESOR TITULAR AGREGADO 2 (TP),FACULTAD DE INGENIERÍA EN ELECTRICIDAD Y COMPUTACIÓN,True,20.94,DOCENTE_TITULAR_CARRERA,True,0,0,0,False,False,,2,AUTORIDAD_ACADEMICA_SUPERIOR,True,True,17,3,True,14,True,AUTORIDAD_ACADEMICA_SUPERIOR,,,,
1421,19,3,AUTORIDAD_ADMINISTRATIVA_SUPERIOR,ADMINISTRATIVO,DIRECTOR DE LA SECRETARÍA TÉCNICA DE ASEGURAMIENTO DE LA CALIDAD,SECRETARÍA TÉCNICA DE ASEGURAMIENTO DE LA CALIDAD,True,6.1,DOCENTE_TITULAR_CARRERA,False,5,0,1,False,True,6.1,2,DOCENTE_TITULAR_CARRERA,True,True,8,2,False,0,True,AUTORIDAD_ADMINISTRATIVA_SUPERIOR,,,,
1424,4,2,DOCENTE_TITULAR_CARRERA,DOCENTE,PROFESOR TITULAR AGREGADO 3 (TC),FACULTAD DE INGENIERÍA MECÁNICA Y CIENCIAS DE LA PRODUCCIÓN,True,20.11,OTROS_AA,False,1,1,0,True,False,20.11,1,OTROS_AA,True,True,4,2,False,0,True,JEFATURA_SUPERVISION_OPERATIVA,,,,
1426,20,1,DOCENTE_TITULAR_CARRERA,DOCENTE,PROFESOR TITULAR AGREGADO 1 (TC),FACULTAD DE INGENIERÍA MECÁNICA Y CIENCIAS DE LA PRODUCCIÓN,False,12.67,DOCENTE_TITULAR_CARRERA,True,0,0,0,False,False,,0,,False,True,2,1,False,0,True,JEFATURA_SUPERVISION_OPERATIVA,,,,
1430,1,1,DOCENTE_NO_TITULAR_OCASIONAL,DOCENTE,PROFESOR NO TITULAR OCASIONAL (TC),FACULTAD DE INGENIERÍA EN ELECTRICIDAD Y COMPUTACIÓN,True,2.33,DOCENTE_NO_TITULAR_OCASIONAL,True,0,0,0,False,False,,0,,False,False,0,0,False,0,False,,,,,
1433,1,1,DOCENTE_NO_TITULAR_OCASIONAL,DOCENTE,PROFESOR NO TITULAR OCASIONAL (TC),FACULTAD DE INGENIERÍA EN ELECTRICIDAD Y COMPUTACIÓN,True,4.32,DOCENTE_NO_TITULAR_OCASIONAL,True,0,0,0,False,False,,0,,False,False,0,0,False,0,False,,,,,
1439,2,2,SERVICIOS_GENERALES_OFICIOS,ADMINISTRATIVO,JARDINERO/TRABAJADOR DEL DEPARTAMENTO DE GESTIÒN AMBIENTAL,GERENCIA DE BIENESTAR POLITÉCNICO,True,3.69,AUXILIAR_AYUDANTE_OPERATIVO,False,1,0,0,False,False,3.69,1,SERVICIOS_GENERALES_OFICIOS,True,False,0,0,False,0,False,,,,,
1444,5,2,DOCENTE_TITULAR_CARRERA,DOCENTE,PROFESOR TITULAR AGREGADO 3 (TC),FACULTAD DE INGENIERÍA EN ELECTRICIDAD Y COMPUTACIÓN,True,20.28,PROFESIONAL_ANALISTA,False,1,1,0,True,False,22.89,3,AUTORIDAD_ADMINISTRATIVA_SUPERIOR,True,True,6,3,False,0,True,JEFATURA_SUPERVISION_OPERATIVA,,,,
1451,3,1,DOCENTE_TITULAR_CARRERA,DOCENTE,PROFESOR TITULAR AGREGADO 3 (TC),FACULTAD DE INGENIERÍA EN ELECTRICIDAD Y COMPUTACIÓN,False,3.39,DOCENTE_TITULAR_CARRERA,True,0,0,0,False,False,,0,,False,False,0,0,False,0,False,,CONTRATADO,DESCONOCIDA,CONTRATO_SERVICIOS_PROFESIONALES_PROYECTO,ADMINISTRATIVO
1457,13,2,ASISTENCIA_SECRETARIAL_OFICINA,ADMINISTRATIVO,ASISTENTE EJECUTIVA 2,DESCONOCIDA,False,1.4,AUXILIAR_AYUDANTE_OPERATIVO,False,3,0,0,False,False,16.69,0,,False,False,0,0,False,0,False,,,,,
1472,22,2,DOCENTE_TITULAR_CARRERA,DOCENTE,PROFESOR TITULAR AGREGADO 1 (TC),FACULTAD DE INGENIERÍA MARÍTIMA Y CIENCIAS DEL MAR,True,6.44,DOCENTE_TITULAR_CARRERA,False,2,0,0,False,False,6.44,1,DOCENTE_TITULAR_CARRERA,True,False,0,0,False,0,False,,,,,
1476,5,3,ASISTENCIA_SECRETARIAL_OFICINA,ADMINISTRATIVO,ASISTENTE EJECUTIVA 2,DESCONOCIDA,False,5.92,ASISTENCIA_SECRETARIAL_OFICINA,False,4,0,0,False,False,11.69,1,ASISTENCIA_SECRETARIAL_OFICINA,True,False,0,0,False,0,False,,,,,
1478,4,2,TECNICO_OPERATIVO_MANTENIMIENTO,ADMINISTRATIVO,TÉCNICOS ESPECIALIZADOS - EJECUCIÓN DE ACTIVIDADES,UNIDAD DE BIENESTAR ESTUDIANTIL Y POLITÉCNICO,False,1.0,OTROS_AA,False,1,0,0,False,False,8.69,0,,False,False,0,0,False,0,False,,,,,
1485,3,3,PROFESIONAL_ANALISTA,ADMINISTRATIVO,ANALISTA CONTABLE 1,GERENCIA FINANCIERA,True,10.52,AUXILIAR_AYUDANTE_OPERATIVO,False,2,0,0,False,False,10.52,0,,False,False,0,0,False,0,False,,,,,
1496,4,1,DOCENTE_TITULAR_CARRERA,DOCENTE,PROFESOR TITULAR PRINCIPAL (TC),FACULTAD DE CIENCIAS SOCIALES Y HUMANÍSTICAS,False,20.4,DOCENTE_TITULAR_CARRERA,True,0,0,0,False,False,,2,OTROS_AA,True,False,0,0,False,0,False,,,,,
1517,27,2,TECNICO_DOCENTE_APOYO,DOCENTE,TÉCNICO DOCENTE 3 (TC),DIRECCIÓN DE ADMISIONES,True,3.29,DOCENTE_NO_TITULAR_OCASIONAL,False,1,0,0,False,False,5.3,0,,False,False,0,0,False,0,False,,,,,
1526,6,4,DOCENTE_TITULAR_CARRERA,DOCENTE,PROFESOR TITULAR PRINCIPAL 1 (TP),FACULTAD DE CIENCIAS SOCIALES Y HUMANÍSTICAS,True,8.83,JEFATURA_SUPERVISION_OPERATIVA,False,5,2,1,True,True,8.83,7,AUTORIDAD_ADMINISTRATIVA_SUPERIOR,True,True,3,2,False,0,True,AUTORIDAD_ADMINISTRATIVA_SUPERIOR,,,,
1530,4,3,PROFESIONAL_ANALISTA,ADMINISTRATIVO,ANALISTA DE COMPRAS PÚBLICAS 3,DESCONOCIDA,False,5.49,ASISTENCIA_SECRETARIAL_OFICINA,False,3,0,0,False,False,11.69,1,AUTORIDAD_ADMINISTRATIVA_SUPERIOR,True,True,1,1,False,0,True,AUTORIDAD_ADMINISTRATIVA_SUPERIOR,,,,
1534,3,3,PROFESIONAL_ANALISTA,ADMINISTRATIVO,ANALISTA DE COMPRAS PÚBLICAS 2,DIRECCIÓN DE ADQUISICIONES,False,5.03,AUXILIAR_AYUDANTE_OPERATIVO,False,2,0,0,False,False,7.81,0,,False,False,0,0,False,0,False,,,,,
1546,5,2,ASISTENCIA_SECRETARIAL_OFICINA,ADMINISTRATIVO,ASISTENTE EJECUTIVA 2,DESCONOCIDA,False,5.83,AUXILIAR_AYUDANTE_OPERATIVO,False,1,0,0,False,False,11.69,0,,False,False,0,0,False,0,False,,,,,
1550,5,3,DOCENTE_NO_TITULAR_OCASIONAL,DOCENTE,PROFESOR NO TITULAR OCASIONAL (TC),FACULTAD DE CIENCIAS NATURALES Y MATEMÁTICAS,True,0.36,DOCENTE_NO_TITULAR_OCASIONAL,False,4,1,1,True,True,0.36,0,,False,False,0,0,False,0,False,,,,,
1553,22,3,DOCENTE_NO_TITULAR_OCASIONAL,DOCENTE,PROFESOR NO TITULAR OCASIONAL (TP),FACULTAD DE CIENCIAS SOCIALES Y HUMANÍSTICAS,True,0.36,AUXILIAR_AYUDANTE_OPERATIVO,False,2,1,0,True,False,19.9,2,DOCENTE_NO_TITULAR_OCASIONAL,True,True,3,1,False,0,True,JEFATURA_SUPERVISION_OPERATIVA,,,,
1554,1,1,ASISTENCIA_SECRETARIAL_OFICINA,ADMINISTRATIVO,ASISTENTE DE COMPRAS PÚBLICAS,AUDITORÍA INTERNA,True,10.61,ASISTENCIA_SECRETARIAL_OFICINA,True,0,0,0,False,False,,0,,False,False,0,0,False,0,False,,,,,
1555,3,3,PROFESIONAL_ANALISTA,ADMINISTRATIVO,ANALISTA DE INFORMACIÓN ACADÉMICA 1,DIRECCIÓN DE LA SECRETARÍA TÉCNICA ACADEMICA,True,11.69,AUXILIAR_AYUDANTE_OPERATIVO,False,2,0,0,False,False,11.69,0,,False,False,0,0,False,0,False,,,,,
1557,5,1,DOCENTE_NO_TITULAR_OCASIONAL,DOCENTE,PROFESOR NO TITULAR OCASIONAL (TC),FACULTAD DE INGENIERÍA EN ELECTRICIDAD Y COMPUTACIÓN,True,2.67,DOCENTE_NO_TITULAR_OCASIONAL,True,0,0,0,False,False,,0,,False,True,1,1,False,0,True,JEFATURA_SUPERVISION_OPERATIVA,,,,
1569,5,1,DOCENTE_TITULAR_CARRERA,DOCENTE,PROFESOR TITULAR AUXILIAR 1 (MT),FACULTAD DE CIENCIAS NATURALES Y MATEMÁTICAS,True,15.95,DOCENTE_TITULAR_CARRERA,True,0,0,0,False,False,,0,,False,True,1,1,False,0,True,AUTORIDAD_ADMINISTRATIVA_SUPERIOR,,,,
1573,2,2,JEFATURA_SUPERVISION_OPERATIVA,ADMINISTRATIVO,SUPERVISOR DE CONSERJERÌA,FACULTAD DE INGENIERÍA MECÁNICA Y CIENCIAS DE LA PRODUCCIÓN,True,1.69,AUXILIAR_AYUDANTE_OPERATIVO,False,1,0,0,False,False,1.69,1,AUXILIAR_AYUDANTE_OPERATIVO,True,False,0,0,False,0,False,,,,,
1576,7,2,DOCENTE_NO_TITULAR_OCASIONAL,DOCENTE,PROFESOR NO TITULAR OCASIONAL (TC),FACULTAD DE INGENIERÍA MECÁNICA Y CIENCIAS DE LA PRODUCCIÓN,True,11.95,OTROS_AA,False,1,1,0,True,False,22.51,2,TECNICO_OPERATIVO_MANTENIMIENTO,True,True,1,1,False,0,True,JEFATURA_SUPERVISION_OPERATIVA,,,,
1577,12,2,DOCENTE_TITULAR_CARRERA,DOCENTE,PROFESOR TITULAR AGREGADO 3 (TC),FACULTAD DE INGENIERÍA MECÁNICA Y CIENCIAS DE LA PRODUCCIÓN,True,0.06,DOCENTE_TITULAR_CARRERA,False,2,0,0,False,False,10.11,0,,False,True,5,2,False,0,True,JEFATURA_SUPERVISION_OPERATIVA,,,,
1583,11,1,DOCENTE_NO_TITULAR_OCASIONAL,DOCENTE,PROFESOR NO TITULAR OCASIONAL (TC),"FACULTAD DE ARTE, DISEÑO Y COMUNICACIÓN AUDIOVISUAL",True,11.36,DOCENTE_NO_TITULAR_OCASIONAL,True,0,0,0,False,False,,0,,False,False,0,0,False,0,False,,,,,
1586,7,1,DOCENTE_TITULAR_CARRERA,DOCENTE,PROFESOR TITULAR PRINCIPAL 3 (TC),FACULTAD DE INGENIERÍA MECÁNICA Y CIENCIAS DE LA PRODUCCIÓN,True,13.69,DOCENTE_TITULAR_CARRERA,True,0,0,0,False,False,,1,AUTORIDAD_ACADEMICA_SUPERIOR,True,True,17,3,True,11,True,OTROS_AA,,,,
1593,2,2,TECNICO_DOCENTE_APOYO,DOCENTE,TÉCNICO DE INVESTIGACIÓN 1 (TC),FACULTAD DE INGENIERÍA MARÍTIMA Y CIENCIAS DEL MAR,False,1.34,ASISTENCIA_SECRETARIAL_OFICINA,False,1,1,0,True,False,3.24,0,,False,False,0,0,False,0,False,,,,,
1598,6,4,JEFATURA_SUPERVISION_OPERATIVA,ADMINISTRATIVO,COORDINACIÓN DE DESPACHO INSTITUCIONAL,RECTORADO,True,1.61,ASISTENCIA_SECRETARIAL_OFICINA,False,4,0,0,False,False,1.61,0,,False,False,0,0,False,0,False,,,,,
1601,1,1,DOCENTE_TITULAR_CARRERA,DOCENTE,PROFESOR TITULAR AGREGADO 3 (TC),FACULTAD DE INGENIERÍA MECÁNICA Y CIENCIAS DE LA PRODUCCIÓN,True,15.86,DOCENTE_TITULAR_CARRERA,True,0,0,0,False,False,,1,AUTORIDAD_ACADEMICA_SUPERIOR,True,True,7,1,True,6,True,OTROS_AA,,,,
1606,7,2,DOCENTE_TITULAR_CARRERA,DOCENTE,PROFESOR TITULAR AGREGADO 1 (TC),FACULTAD DE CIENCIAS NATURALES Y MATEMÁTICAS,True,16.69,DOCENTE_TITULAR_CARRERA,False,2,0,0,False,False,21.62,0,,False,True,1,1,False,0,True,OTROS_AA,,,,
1614,5,3,DOCENTE_TITULAR_CARRERA,DOCENTE,PROFESOR TITULAR AGREGADO 2 (TC),FACULTAD DE INGENIERÍA EN ELECTRICIDAD Y COMPUTACIÓN,True,10.95,OTROS_AA,False,3,1,0,True,False,10.95,1,AUTORIDAD_ACADEMICA_SUPERIOR,True,True,1,1,False,0,False,AUTORIDAD_ACADEMICA_SUPERIOR,,,,
1616,4,3,PROFESIONAL_ANALISTA,ADMINISTRATIVO,ANALISTA DE ACTIVOS FIJOS,GERENCIA FINANCIERA,True,2.86,ASISTENCIA_SECRETARIAL_OFICINA,False,3,0,0,False,False,2.86,1,ASISTENCIA_SECRETARIAL_OFICINA,True,False,0,0,False,0,False,,,,,
1628,2,2,ASISTENCIA_SECRETARIAL_OFICINA,ADMINISTRATIVO,ASISTENTE EJECUTIVA 2,FACULTAD DE INGENIERÍA MECÁNICA Y CIENCIAS DE LA PRODUCCIÓN,True,18.69,AUXILIAR_AYUDANTE_OPERATIVO,False,1,0,0,False,False,18.69,0,,False,False,0,0,False,0,False,,,,,
1637,1,1,SERVICIOS_GENERALES_OFICIOS,ADMINISTRATIVO,CHOFER,FACULTAD DE CIENCIAS SOCIALES Y HUMANÍSTICAS,False,11.27,SERVICIOS_GENERALES_OFICIOS,True,0,0,0,False,False,,0,,False,False,0,0,False,0,False,,,,,
1644,4,4,PROFESIONAL_ANALISTA,ADMINISTRATIVO,ANALISTA CONTABLE 1,GERENCIA FINANCIERA,False,5.04,OTROS_AA,False,3,0,0,False,False,10.9,0,,False,False,0,0,False,0,False,,,,,
1657,1,1,TECNICO_DOCENTE_APOYO,DOCENTE,TÉCNICO DOCENTE 3 (MT),DIRECCIÓN DE ADMISIONES,False,0.22,TECNICO_DOCENTE_APOYO,True,0,0,0,False,False,,0,,False,False,0,0,False,0,False,,,,,
1660,2,2,DOCENTE_TITULAR_CARRERA,DOCENTE,PROFESOR TITULAR PRINCIPAL 1 (TC),FACULTAD DE INGENIERÍA MARÍTIMA Y CIENCIAS DEL MAR,False,19.81,PROFESIONAL_ANALISTA,False,1,1,0,True,False,23.89,2,OTROS_AA,True,False,0,0,False,0,False,,,,,
1662,9,2,DOCENTE_NO_TITULAR_OCASIONAL,DOCENTE,PROFESOR NO TITULAR OCASIONAL (TC),FACULTAD DE INGENIERÍA EN ELECTRICIDAD Y COMPUTACIÓN,True,11.95,ASISTENCIA_SECRETARIAL_OFICINA,False,1,1,0,True,False,22.74,0,,False,True,2,1,False,0,True,JEFATURA_SUPERVISION_OPERATIVA,,,,
1668,3,3,DOCENTE_TITULAR_CARRERA,DOCENTE,PROFESOR TITULAR AGREGADO 1 (TP),FACULTAD DE INGENIERÍA EN ELECTRICIDAD Y COMPUTACIÓN,True,22.32,ASISTENCIA_SECRETARIAL_OFICINA,False,2,1,0,True,False,22.32,3,AUTORIDAD_ADMINISTRATIVA_SUPERIOR,True,True,5,3,True,1,True,AUTORIDAD_ADMINISTRATIVA_SUPERIOR,,,,
1670,47,2,AUTORIDAD_ACADEMICA_SUPERIOR,DOCENTE,DECANO(A),ESCUELA DE POSTGRADO EN ADMINISTRACIÓN DE EMPRESAS,True,0.03,DOCENTE_TITULAR_CARRERA,False,9,0,0,False,False,0.62,4,TECNICO_OPERATIVO_MANTENIMIENTO,True,True,3,2,True,2,True,AUTORIDAD_ACADEMICA_SUPERIOR,,,,
1674,4,2,DOCENTE_TITULAR_CARRERA,DOCENTE,PROFESOR TITULAR AGREGADO 1 (TC),FACULTAD DE CIENCIAS NATURALES Y MATEMÁTICAS,True,14.95,DOCENTE_TITULAR_CARRERA,False,2,1,1,True,True,14.95,0,,False,True,2,1,False,0,True,AUTORIDAD_ADMINISTRATIVA_SUPERIOR,,,,
1676,3,3,JEFATURA_SUPERVISION_OPERATIVA,ADMINISTRATIVO,TESORERO GENERAL,GERENCIA FINANCIERA,True,5.11,AUXILIAR_AYUDANTE_OPERATIVO,False,2,0,0,False,False,5.11,1,AUTORIDAD_ADMINISTRATIVA_SUPERIOR,True,True,1,1,True,1,True,OTROS_AA,,,,
1681,16,4,DOCENTE_TITULAR_CARRERA,DOCENTE,PROFESOR TITULAR AGREGADO 3 (TP),ESCUELA DE POSTGRADO EN ADMINISTRACIÓN DE EMPRESAS,True,8.69,OTROS_AA,False,14,1,0,True,False,8.69,3,AUTORIDAD_ACADEMICA_SUPERIOR,True,True,3,1,False,0,True,AUTORIDAD_ACADEMICA_SUPERIOR,,,,
1688,3,3,DOCENTE_TITULAR_CARRERA,DOCENTE,PROFESOR TITULAR AGREGADO 2 (TC),FACULTAD DE INGENIERÍA EN ELECTRICIDAD Y COMPUTACIÓN,True,6.44,AUXILIAR_AYUDANTE_OPERATIVO,False,2,1,0,True,False,6.44,1,TECNICO_OPERATIVO_MANTENIMIENTO,True,True,1,1,False,0,True,AUTORIDAD_ADMINISTRATIVA_SUPERIOR,,,,
1689,7,2,TECNICO_DOCENTE_APOYO,DOCENTE,TÉCNICO DOCENTE 3 (TC),DIRECCIÓN DE ADMISIONES,True,0.36,DOCENTE_NO_TITULAR_OCASIONAL,False,1,0,0,False,False,8.69,0,,False,False,0,0,False,0,False,,,,,
1697,16,2,TECNICO_DOCENTE_APOYO,DOCENTE,TÉCNICO DOCENTE 3 (TC),DIRECCIÓN DE ADMISIONES,False,0.28,DOCENTE_NO_TITULAR_OCASIONAL,False,1,0,0,False,False,5.3,1,DOCENTE_PREPOLITECNICO,True,False,0,0,False,0,False,,,,,
1701,2,2,TECNICO_DOCENTE_APOYO,DOCENTE,TÉCNICO DOCENTE 3 (TC),DIRECCIÓN DE ADMISIONES,True,3.29,DOCENTE_NO_TITULAR_OCASIONAL,False,1,0,0,False,False,3.29,0,,False,True,1,1,False,0,True,JEFATURA_SUPERVISION_OPERATIVA,,,,
1706,16,1,DOCENTE_NO_TITULAR_OCASIONAL,DOCENTE,PROFESOR NO TITULAR OCASIONAL (TP),FACULTAD DE INGENIERÍA EN CIENCIAS DE LA TIERRA,False,0.76,DOCENTE_NO_TITULAR_OCASIONAL,True,0,0,0,False,False,,0,,False,False,0,0,False,0,False,,,,,
1718,5,2,AUXILIAR_AYUDANTE_OPERATIVO,ADMINISTRATIVO,AUXILIAR DE LABORATORIO (8HD),CENTRO DE INVESTIGACIONES BIOTECNOLÓGICAS DEL ECUADOR,True,3.69,AUXILIAR_AYUDANTE_OPERATIVO,False,2,0,0,False,False,3.69,1,SERVICIOS_GENERALES_OFICIOS,True,False,0,0,False,0,False,,,,,
1728,6,1,DOCENTE_NO_TITULAR_OCASIONAL,DOCENTE,PROFESOR NO TITULAR OCASIONAL (MT),FACULTAD DE CIENCIAS NATURALES Y MATEMÁTICAS,True,0.36,DOCENTE_NO_TITULAR_OCASIONAL,True,0,0,0,False,False,,0,,False,True,1,1,False,0,True,JEFATURA_SUPERVISION_OPERATIVA,,,,
1741,5,1,DOCENTE_NO_TITULAR_OCASIONAL,DOCENTE,PROFESOR NO TITULAR OCASIONAL (TC),FACULTAD DE CIENCIAS SOCIALES Y HUMANÍSTICAS,False,2.99,DOCENTE_NO_TITULAR_OCASIONAL,True,0,0,0,False,False,,0,,False,False,0,0,False,0,False,,,,,
1742,3,2,DOCENTE_TITULAR_CARRERA,DOCENTE,PROFESOR TITULAR AUXILIAR 2 (MT),ESCUELA DE POSTGRADO EN ADMINISTRACIÓN DE EMPRESAS,True,15.28,AUXILIAR_AYUDANTE_OPERATIVO,False,1,1,0,True,False,16.32,1,PROFESIONAL_ANALISTA,True,True,4,2,True,1,True,JEFATURA_SUPERVISION_OPERATIVA,,,,
1745,2,2,DOCENTE_TITULAR_CARRERA,DOCENTE,PROFESOR AUXILIAR,DESCONOCIDA,False,1.38,DOCENTE_NO_TITULAR_OCASIONAL,False,1,0,0,False,False,14.92,0,,False,False,0,0,False,0,False,,,,,
1760,16,2,DOCENTE_NO_TITULAR_OCASIONAL,DOCENTE,PROFESOR PREGRADO,DESCONOCIDA,False,0.39,ASISTENCIA_SECRETARIAL_OFICINA,False,1,1,0,True,False,23.89,1,DOCENTE_NO_TITULAR_OCASIONAL,True,False,0,0,False,0,False,,,,,
1787,2,2,PROFESIONAL_ANALISTA,ADMINISTRATIVO,ANALISTA DE DESARROLLO DE SISTEMAS 2,GERENCIA DE TECNOLOGÍAS Y SISTEMAS DE INFORMACIÓN,True,17.69,AUXILIAR_AYUDANTE_OPERATIVO,False,1,0,0,False,False,17.69,1,OTROS_AA,True,False,0,0,False,0,False,,,,,
1790,5,3,PROFESIONAL_ANALISTA,ADMINISTRATIVO,ANALISTA DE COMPRAS PÚBLICAS 3,DIRECCIÓN DE ADQUISICIONES,True,11.69,AUXILIAR_AYUDANTE_OPERATIVO,False,4,0,0,False,False,11.69,1,AUTORIDAD_ADMINISTRATIVA_SUPERIOR,True,False,0,0,False,0,False,,,,,
1794,3,2,ASISTENCIA_SECRETARIAL_OFICINA,ADMINISTRATIVO,ASISTENTE EJECUTIVA 2,CENTRO DE INVESTIGACIONES Y SERVICIOS EDUCATIVOS,True,28.69,AUXILIAR_AYUDANTE_OPERATIVO,False,1,0,0,False,False,28.69,0,,False,False,0,0,False,0,False,,,,,
1797,15,1,DOCENTE_TITULAR_CARRERA,DOCENTE,PROFESOR TITULAR AGREGADO 3 (TC),FACULTAD DE INGENIERÍA MECÁNICA Y CIENCIAS DE LA PRODUCCIÓN,True,15.28,DOCENTE_TITULAR_CARRERA,True,0,0,0,False,False,,0,,False,True,9,2,False,0,True,JEFATURA_SUPERVISION_OPERATIVA,PRESTACIÓN SERVICIOS PROFESIONALES,DESCONOCIDA,DOCENTE_CONTRATADO_SERVICIOS_CIVILES,DOCENTE
1812,6,1,DOCENTE_NO_TITULAR_OCASIONAL,DOCENTE,PROFESOR NO TITULAR OCASIONAL (TC),FACULTAD DE INGENIERÍA MARÍTIMA Y CIENCIAS DEL MAR,True,10.36,DOCENTE_NO_TITULAR_OCASIONAL,True,0,0,0,False,False,,0,,False,True,7,1,False,0,True,JEFATURA_SUPERVISION_OPERATIVA,,,,
1842,7,3,TECNICO_OPERATIVO_MANTENIMIENTO,ADMINISTRATIVO,TÉCNICO DE ARCHIVO Y DIGITALIZACIÓN,DESCONOCIDA,False,5.83,OTROS_AA,False,5,0,0,False,False,11.69,0,,False,False,0,0,False,0,False,,,,,
1848,7,4,AUTORIDAD_ACADEMICA_SUPERIOR,DOCENTE,SUBDECANO(A),FACULTAD DE CIENCIAS NATURALES Y MATEMÁTICAS,True,0.03,DOCENTE_TITULAR_CARRERA,False,4,0,0,False,False,0.04,2,AUTORIDAD_ACADEMICA_SUPERIOR,True,True,6,1,True,6,True,OTROS_AA,,,,
1857,9,5,DOCENTE_TITULAR_CARRERA,DOCENTE,PROFESOR TITULAR AGREGADO 2 (TC),FACULTAD DE CIENCIAS SOCIALES Y HUMANÍSTICAS,True,0.27,AUTORIDAD_ADMINISTRATIVA_SUPERIOR,False,4,1,0,True,False,11.53,2,AUTORIDAD_ACADEMICA_SUPERIOR,True,True,5,3,False,0,True,JEFATURA_SUPERVISION_OPERATIVA,,,,
1877,11,1,DOCENTE_TITULAR_CARRERA,DOCENTE,PROFESOR TITULAR PRINCIPAL 2 (TC),FACULTAD DE INGENIERÍA EN ELECTRICIDAD Y COMPUTACIÓN,True,21.02,DOCENTE_TITULAR_CARRERA,True,0,0,0,False,False,,3,AUTORIDAD_ACADEMICA_SUPERIOR,True,True,18,3,True,11,True,OTROS_AA,,,,
1878,3,3,AUTORIDAD_ADMINISTRATIVA_SUPERIOR,ADMINISTRATIVO,GERENTE DE BIENESTAR POLITÉCNICO,DECANATO DE GRADO,True,4.78,ASISTENCIA_SECRETARIAL_OFICINA,False,2,0,0,False,False,4.78,3,PROFESIONAL_ANALISTA,True,True,2,1,False,0,False,AUTORIDAD_ADMINISTRATIVA_SUPERIOR,PROFESOR INVITADO,DECANATO DE GRADO,DOCENTE_HONORARIO_ESPECIAL,DOCENTE
1885,8,1,DOCENTE_TITULAR_CARRERA,DOCENTE,PROFESOR TITULAR AGREGADO 1 (TP),FACULTAD DE INGENIERÍA EN ELECTRICIDAD Y COMPUTACIÓN,True,15.28,DOCENTE_TITULAR_CARRERA,True,0,0,0,False,False,,1,AUTORIDAD_ACADEMICA_SUPERIOR,True,True,15,3,True,9,True,OTROS_AA,PRESTACIÓN SERVICIOS PROFESIONALES,DESCONOCIDA,DOCENTE_CONTRATADO_SERVICIOS_CIVILES,DOCENTE
1888,3,3,DOCENTE_TITULAR_CARRERA,DOCENTE,PROFESOR TITULAR AGREGADO 1 (TC),FACULTAD DE CIENCIAS SOCIALES Y HUMANÍSTICAS,True,11.53,AUXILIAR_AYUDANTE_OPERATIVO,False,2,1,0,True,False,11.53,3,ASISTENCIA_SECRETARIAL_OFICINA,True,True,1,1,False,0,True,OTROS_AA,,,,
1889,14,2,DOCENTE_NO_TITULAR_OCASIONAL,DOCENTE,PROFESOR NO TITULAR OCASIONAL (TC),DIRECCIÓN DE ADMISIONES,False,3.81,DOCENTE_NO_TITULAR_OCASIONAL,False,2,1,1,True,True,23.89,2,DOCENTE_NO_TITULAR_OCASIONAL,True,False,0,0,False,0,False,,,,,
1890,5,2,ASISTENCIA_SECRETARIAL_OFICINA,ADMINISTRATIVO,ASISTENTE DE PRESUPUESTO,GERENCIA FINANCIERA,False,5.83,ASISTENCIA_SECRETARIAL_OFICINA,False,2,0,0,False,False,11.69,0,,False,False,0,0,False,0,False,,,,,
1891,5,3,DOCENTE_NO_TITULAR_OCASIONAL,DOCENTE,PROFESOR NO TITULAR OCASIONAL (TC),FACULTAD DE CIENCIAS SOCIALES Y HUMANÍSTICAS,True,11.34,ASISTENCIA_SECRETARIAL_OFICINA,False,2,1,0,True,False,13.33,0,,False,False,0,0,False,0,False,,,,,
1903,6,2,DOCENTE_TITULAR_CARRERA,DOCENTE,PROFESOR TITULAR AGREGADO 1 (TC),FACULTAD DE INGENIERÍA MECÁNICA Y CIENCIAS DE LA PRODUCCIÓN,True,3.28,DOCENTE_TITULAR_CARRERA,False,2,0,0,False,False,3.28,0,,False,True,8,2,False,0,True,JEFATURA_SUPERVISION_OPERATIVA,,,,
1933,4,3,AUTORIDAD_ACADEMICA_SUPERIOR,DOCENTE,DECANO(A),DECANATO DE POSGRADO,True,3.83,DOCENTE_NO_TITULAR_OCASIONAL,False,2,0,0,False,False,3.83,2,AUTORIDAD_ACADEMICA_SUPERIOR,True,True,12,2,True,7,True,OTROS_AA,,,,
1935,24,3,AUTORIDAD_ACADEMICA_SUPERIOR,DOCENTE,DECANO(A),FACULTAD DE CIENCIAS NATURALES Y MATEMÁTICAS,True,3.94,OTROS_AA,False,8,1,0,True,False,3.94,2,DOCENTE_TITULAR_CARRERA,True,True,27,2,True,24,True,OTROS_AA,,,,
1945,1,1,TECNICO_DOCENTE_APOYO,DOCENTE,TÉCNICO DOCENTE 3 (MT),DIRECCIÓN DE ADMISIONES,False,0.28,TECNICO_DOCENTE_APOYO,True,0,0,0,False,False,,0,,False,False,0,0,False,0,False,,,,,
1947,4,3,DOCENTE_TITULAR_CARRERA,DOCENTE,PROFESOR TITULAR PRINCIPAL (TP),FACULTAD DE CIENCIAS SOCIALES Y HUMANÍSTICAS,True,12.94,DOCENTE_NO_TITULAR_OCASIONAL,False,2,1,1,True,True,21.5,4,AUTORIDAD_ADMINISTRATIVA_SUPERIOR,True,False,0,0,False,0,False,,,,,
1961,4,3,AUTORIDAD_ADMINISTRATIVA_SUPERIOR,ADMINISTRATIVO,GERENTE ADMINISTRATIVO,GERENCIA ADMINISTRATIVA,True,1.74,DOCENTE_TITULAR_CARRERA,False,3,0,1,False,True,1.74,2,DOCENTE_TITULAR_CARRERA,True,True,9,3,True,6,True,AUTORIDAD_ADMINISTRATIVA_SUPERIOR,,,,
1971,56,2,AUTORIDAD_ACADEMICA_SUPERIOR,DOCENTE,DECANO(A),FACULTAD DE CIENCIAS NATURALES Y MATEMÁTICAS,True,0.03,DOCENTE_TITULAR_CARRERA,False,1,0,0,False,False,3.83,3,DOCENTE_TITULAR_CARRERA,True,True,50,3,True,43,True,OTROS_AA,,,,
1977,9,2,DOCENTE_TITULAR_CARRERA,DOCENTE,PROFESOR TITULAR AGREGADO 3 (TC),FACULTAD DE CIENCIAS SOCIALES Y HUMANÍSTICAS,True,13.69,DOCENTE_TITULAR_CARRERA,False,2,1,1,True,True,21.32,3,AUTORIDAD_ACADEMICA_SUPERIOR,True,True,2,2,False,0,True,AUTORIDAD_ADMINISTRATIVA_SUPERIOR,,,,
1979,8,1,DOCENTE_NO_TITULAR_OCASIONAL,DOCENTE,PROFESOR NO TITULAR OCASIONAL (TC),FACULTAD DE CIENCIAS SOCIALES Y HUMANÍSTICAS,True,3.95,DOCENTE_NO_TITULAR_OCASIONAL,True,0,0,0,False,False,,0,,False,False,0,0,False,0,False,,,,,
1980,3,2,JEFATURA_SUPERVISION_OPERATIVA,ADMINISTRATIVO,JEFE DE TRABAJOS,DIRECCIÓN DE SERVICIOS GENERALES,True,3.69,AUXILIAR_AYUDANTE_OPERATIVO,False,1,0,0,False,False,3.69,1,AUXILIAR_AYUDANTE_OPERATIVO,True,False,0,0,False,0,False,,,,,
1991,6,3,PROFESIONAL_ANALISTA,ADMINISTRATIVO,ANALISTA DE SEGURIDAD INFORMÁTICO 3,DESCONOCIDA,False,11.15,ASISTENCIA_SECRETARIAL_OFICINA,False,4,0,0,False,False,15.95,3,AUTORIDAD_ADMINISTRATIVA_SUPERIOR,True,True,2,2,True,1,True,OTROS_AA,,,,
2006,2,1,DOCENTE_NO_TITULAR_OCASIONAL,DOCENTE,PROFESOR NO TITULAR OCASIONAL (TC),FACULTAD DE CIENCIAS NATURALES Y MATEMÁTICAS,True,4.94,DOCENTE_NO_TITULAR_OCASIONAL,True,0,0,0,False,False,,0,,False,True,2,1,False,0,True,JEFATURA_SUPERVISION_OPERATIVA,,,,
2008,1,1,PROFESIONAL_ANALISTA,ADMINISTRATIVO,ANALISTA DE FORMACIÓN ACADÉMICA,CENTRO DE INVESTIGACIONES Y SERVICIOS EDUCATIVOS,False,8.01,PROFESIONAL_ANALISTA,True,0,0,0,False,False,,1,AUTORIDAD_ADMINISTRATIVA_SUPERIOR,True,True,2,2,True,1,True,OTROS_AA,,,,
2022,7,4,PROFESIONAL_ANALISTA,ADMINISTRATIVO,ANALISTA DE COMPRAS PÚBLICAS 2,DIRECCIÓN DE ADQUISICIONES,True,11.69,OTROS_AA,False,4,0,0,False,False,11.69,1,DOCENTE_NO_TITULAR_OCASIONAL,True,False,0,0,False,0,False,,,,,
2031,5,4,AUTORIDAD_ADMINISTRATIVA_SUPERIOR,ADMINISTRATIVO,DIRECTOR DE SEGURIDAD Y CONTROL DE SISTEMAS,GERENCIA DE TECNOLOGÍAS Y SISTEMAS DE INFORMACIÓN,True,3.82,AUXILIAR_AYUDANTE_OPERATIVO,False,3,0,0,False,False,3.82,4,PROFESIONAL_ANALISTA,True,True,2,2,True,1,False,OTROS_AA,,,,
2036,1,1,DOCENTE_NO_TITULAR_OCASIONAL,DOCENTE,PROFESOR NO TITULAR OCASIONAL 1 (TC),DESCONOCIDA,False,2.98,DOCENTE_NO_TITULAR_OCASIONAL,True,0,0,0,False,False,,0,,False,False,0,0,False,0,False,,,,,
2045,2,2,PROFESIONAL_ANALISTA,ADMINISTRATIVO,ANALISTA DE ACTIVOS FIJOS,GERENCIA FINANCIERA,False,5.83,AUXILIAR_AYUDANTE_OPERATIVO,False,1,0,0,False,False,11.69,0,,False,False,0,0,False,0,False,,,,,
2049,4,2,PROFESIONAL_ANALISTA,ADMINISTRATIVO,ANALISTA DE CALIDAD Y ACREDITACIÓN 2,GERENCIA DE PLANIFICACIÓN ESTRATÉGICA,True,17.86,PROFESIONAL_ANALISTA,False,2,0,0,False,False,19.69,2,AUTORIDAD_ADMINISTRATIVA_SUPERIOR,True,True,11,1,True,11,True,OTROS_AA,,,,
2051,7,1,DOCENTE_NO_TITULAR_OCASIONAL,DOCENTE,PROFESOR NO TITULAR OCASIONAL (MT),FACULTAD DE CIENCIAS SOCIALES Y HUMANÍSTICAS,False,0.38,DOCENTE_NO_TITULAR_OCASIONAL,True,0,0,0,False,False,,0,,False,False,0,0,False,0,False,,,,,
2052,6,3,DOCENTE_NO_TITULAR_OCASIONAL,DOCENTE,PROFESOR NO TITULAR OCASIONAL (TC),FACULTAD DE INGENIERÍA EN ELECTRICIDAD Y COMPUTACIÓN,True,4.5,PROFESIONAL_ANALISTA,False,5,2,1,True,True,4.5,0,,False,True,1,1,False,0,True,JEFATURA_SUPERVISION_OPERATIVA,SERVICIOS PROFESIONALES - EJECUCIÓN DE ACTIVIDADES,CENTRO DE TECNOLOGÍAS DE LA INFORMACIÓN,CONTRATO_SERVICIOS_PROFESIONALES_PROYECTO,ADMINISTRATIVO
2058,6,3,PROFESIONAL_ANALISTA,ADMINISTRATIVO,ANALISTA ADMINISTRATIVO FINANCIERO 3,CENTRO NACIONAL DE ACUICULTURA E INVESTIGACIONES MARINAS,True,4.43,ASISTENCIA_SECRETARIAL_OFICINA,False,2,0,0,False,False,10.9,0,,False,False,0,0,False,0,False,,,,,
2067,6,2,TECNICO_DOCENTE_APOYO,DOCENTE,TÉCNICO DOCENTE 1 (TC),FACULTAD DE CIENCIAS NATURALES Y MATEMÁTICAS,True,0.34,DOCENTE_NO_TITULAR_OCASIONAL,False,1,0,0,False,False,8.94,0,,False,False,0,0,False,0,False,,,,,
2069,6,3,DOCENTE_TITULAR_CARRERA,DOCENTE,PROFESOR TITULAR PRINCIPAL 1 (TC),FACULTAD DE INGENIERÍA EN ELECTRICIDAD Y COMPUTACIÓN,True,13.69,ASISTENCIA_SECRETARIAL_OFICINA,False,2,1,0,True,False,16.32,1,OTROS_AA,True,True,11,2,False,0,True,AUTORIDAD_ADMINISTRATIVA_SUPERIOR,,,,
2081,4,2,DOCENTE_TITULAR_CARRERA,DOCENTE,PROFESOR TITULAR AGREGADO 3 (TC),FACULTAD DE INGENIERÍA EN ELECTRICIDAD Y COMPUTACIÓN,True,11.53,DOCENTE_TITULAR_CARRERA,False,2,0,0,False,False,11.53,0,,False,True,2,1,False,0,True,JEFATURA_SUPERVISION_OPERATIVA,,,,
2097,3,3,TECNICO_DOCENTE_APOYO,DOCENTE,TÉCNICO DE LABORATORIO 1 (TC),FACULTAD DE INGENIERÍA EN ELECTRICIDAD Y COMPUTACIÓN,True,7.53,TECNICO_OPERATIVO_MANTENIMIENTO,False,2,1,0,True,False,7.53,0,,False,False,0,0,False,0,False,,,,,
2098,22,2,AUTORIDAD_ACADEMICA_SUPERIOR,DOCENTE,SUBDECANO(A),ESCUELA DE POSTGRADO EN ADMINISTRACIÓN DE EMPRESAS,True,0.03,DOCENTE_TITULAR_CARRERA,False,1,0,0,False,False,1.18,0,,False,True,9,2,True,7,True,OTROS_AA,,,,
2103,1,1,DOCENTE_NO_TITULAR_OCASIONAL,DOCENTE,PROFESOR NO TITULAR OCASIONAL (TP),FACULTAD DE INGENIERÍA EN CIENCIAS DE LA TIERRA,False,3.25,DOCENTE_NO_TITULAR_OCASIONAL,True,0,0,0,False,False,,0,,False,True,1,1,False,0,True,JEFATURA_SUPERVISION_OPERATIVA,,,,
2105,5,3,JEFATURA_SUPERVISION_OPERATIVA,ADMINISTRATIVO,TESORERO GENERAL,GERENCIA FINANCIERA,False,10.83,ASISTENCIA_SECRETARIAL_OFICINA,False,4,0,0,False,False,11.69,2,AUTORIDAD_ADMINISTRATIVA_SUPERIOR,True,True,5,1,True,5,True,OTROS_AA,,,,
2124,1,1,SERVICIOS_GENERALES_OFICIOS,ADMINISTRATIVO,OPERARIO DE TALLER DE IMPRENTA,GERENCIA DE COMUNICACIÓN,False,12.66,SERVICIOS_GENERALES_OFICIOS,True,0,0,0,False,False,,0,,False,False,0,0,False,0,False,,,,,
2125,2,1,TECNICO_DOCENTE_APOYO,DOCENTE,TÉCNICO DOCENTE 3 (TC),DIRECCIÓN DE ADMISIONES,False,1.59,TECNICO_DOCENTE_APOYO,True,0,0,0,False,False,,0,,False,False,0,0,False,0,False,,,,,
2137,1,1,DOCENTE_NO_TITULAR_OCASIONAL,DOCENTE,PROFESOR NO TITULAR OCASIONAL (TC),FACULTAD DE CIENCIAS NATURALES Y MATEMÁTICAS,True,9.94,DOCENTE_NO_TITULAR_OCASIONAL,True,0,0,0,False,False,,0,,False,False,0,0,False,0,False,,,,,
2146,2,2,PROFESIONAL_ANALISTA,ADMINISTRATIVO,ANALISTA DE INFORMACIÓN BIBLIOTECARIO,CENTRO DE INFORMACIÓN BIBLIOTECARIA,True,11.69,AUXILIAR_AYUDANTE_OPERATIVO,False,1,0,0,False,False,11.69,0,,False,True,1,1,False,0,True,OTROS_AA,,,,
2147,2,2,DOCENTE_TITULAR_CARRERA,DOCENTE,PROFESOR TITULAR AGREGADO 3 (TC),FACULTAD DE INGENIERÍA MARÍTIMA Y CIENCIAS DEL MAR,True,10.11,DOCENTE_NO_TITULAR_OCASIONAL,False,1,0,0,False,False,10.11,0,,False,True,4,1,False,0,True,JEFATURA_SUPERVISION_OPERATIVA,,,,
2152,2,1,DOCENTE_TITULAR_CARRERA,DOCENTE,PROFESOR TITULAR AGREGADO 3 (TC),FACULTAD DE INGENIERÍA MECÁNICA Y CIENCIAS DE LA PRODUCCIÓN,True,20.94,DOCENTE_TITULAR_CARRERA,True,0,0,0,False,False,,3,AUTORIDAD_ACADEMICA_SUPERIOR,True,True,50,4,True,41,True,OTROS_AA,,,,
2161,4,3,DOCENTE_TITULAR_CARRERA,DOCENTE,PROFESOR TITULAR AGREGADO 3 (TC),FACULTAD DE INGENIERÍA EN CIENCIAS DE LA TIERRA,True,10.66,PROFESIONAL_ANALISTA,False,3,1,0,True,False,10.66,2,AUTORIDAD_ACADEMICA_SUPERIOR,True,True,28,2,True,24,False,OTROS_AA,,,,
2167,8,2,TECNICO_DOCENTE_APOYO,DOCENTE,TÉCNICO DE INVESTIGACIÓN 2 (TC),FACULTAD DE INGENIERÍA EN ELECTRICIDAD Y COMPUTACIÓN,True,3.24,DOCENTE_NO_TITULAR_OCASIONAL,False,1,0,0,False,False,3.24,0,,False,False,0,0,False,0,False,,,,,
2178,8,2,DOCENTE_TITULAR_CARRERA,DOCENTE,PROFESOR TITULAR AGREGADO 2 (TC),FACULTAD DE CIENCIAS SOCIALES Y HUMANÍSTICAS,True,5.36,DOCENTE_TITULAR_CARRERA,False,4,0,0,False,False,5.36,2,AUTORIDAD_ACADEMICA_SUPERIOR,True,True,21,2,True,18,True,OTROS_AA,,,,
2194,12,2,DOCENTE_TITULAR_CARRERA,DOCENTE,PROFESOR TITULAR AUXILIAR 2 (TP),FACULTAD DE CIENCIAS NATURALES Y MATEMÁTICAS,True,11.86,DOCENTE_TITULAR_CARRERA,False,2,1,1,True,True,20.33,4,AUTORIDAD_ADMINISTRATIVA_SUPERIOR,True,True,1,1,False,0,True,OTROS_AA,,,,
2196,2,2,TECNICO_DOCENTE_APOYO,DOCENTE,TÉCNICO DOCENTE 3 (TC),DIRECCIÓN DE ADMISIONES,True,3.29,PROFESIONAL_ANALISTA,False,1,1,0,True,False,3.29,0,,False,False,0,0,False,0,False,,,,,
2200,22,1,DOCENTE_NO_TITULAR_OCASIONAL,DOCENTE,PROFESOR NO TITULAR OCASIONAL (TP),FACULTAD DE CIENCIAS SOCIALES Y HUMANÍSTICAS,True,0.36,DOCENTE_NO_TITULAR_OCASIONAL,True,0,0,0,False,False,,0,,False,False,0,0,False,0,False,,,,,
2203,5,3,DOCENTE_TITULAR_CARRERA,DOCENTE,PROFESOR TITULAR PRINCIPAL 3 (TC),FACULTAD DE CIENCIAS NATURALES Y MATEMÁTICAS,True,18.69,ASISTENCIA_SECRETARIAL_OFICINA,False,2,1,0,True,False,22.78,0,,False,True,2,2,False,0,True,JEFATURA_SUPERVISION_OPERATIVA,,,,
2208,2,2,DOCENTE_NO_TITULAR_OCASIONAL,DOCENTE,PROFESOR NO TITULAR OCASIONAL (TC),FACULTAD DE INGENIERÍA EN CIENCIAS DE LA TIERRA,True,6.55,TECNICO_DOCENTE_APOYO,False,1,0,0,False,False,6.55,0,,False,True,1,1,False,0,True,JEFATURA_SUPERVISION_OPERATIVA,,,,
2213,1,1,AUXILIAR_AYUDANTE_OPERATIVO,ADMINISTRATIVO,AUXILIAR DE SERVICIOS,FACULTAD DE CIENCIAS SOCIALES Y HUMANÍSTICAS,True,26.08,AUXILIAR_AYUDANTE_OPERATIVO,True,0,0,0,False,False,,0,,False,False,0,0,False,0,False,,,,,
2237,7,3,PROFESIONAL_ANALISTA,ADMINISTRATIVO,ANALISTA ESTADÍSTICO ACADÉMICO,FACULTAD DE INGENIERÍA EN CIENCIAS DE LA TIERRA,True,11.69,ASISTENCIA_SECRETARIAL_OFICINA,False,5,0,0,False,False,11.69,0,,False,False,0,0,False,0,False,,,,,
2280,3,1,DOCENTE_NO_TITULAR_OCASIONAL,DOCENTE,PROFESOR NO TITULAR OCASIONAL (TC),FACULTAD DE CIENCIAS NATURALES Y MATEMÁTICAS,True,12.33,DOCENTE_NO_TITULAR_OCASIONAL,True,0,0,0,False,False,,0,,False,False,0,0,False,0,False,,PRESTACIÓN SERVICIOS PROFESIONALES,DESCONOCIDA,DOCENTE_CONTRATADO_SERVICIOS_CIVILES,DOCENTE
2283,3,1,DOCENTE_NO_TITULAR_OCASIONAL,DOCENTE,PROFESOR NO TITULAR OCASIONAL (TC),FACULTAD DE CIENCIAS SOCIALES Y HUMANÍSTICAS,True,11.36,DOCENTE_NO_TITULAR_OCASIONAL,True,0,0,0,False,False,,0,,False,True,6,2,False,0,True,JEFATURA_SUPERVISION_OPERATIVA,,,,
2293,3,1,DOCENTE_NO_TITULAR_OCASIONAL,DOCENTE,PROFESOR NO TITULAR OCASIONAL (TC),FACULTAD DE INGENIERÍA EN ELECTRICIDAD Y COMPUTACIÓN,False,7.41,DOCENTE_NO_TITULAR_OCASIONAL,True,0,0,0,False,False,,0,,False,True,2,1,False,0,True,JEFATURA_SUPERVISION_OPERATIVA,,,,
2297,3,2,PROFESIONAL_ANALISTA,ADMINISTRATIVO,ANALISTA DE SEGUIMIENTO A GRADUADOS 2,SECRETARÍA TÉCNICA DE ASEGURAMIENTO DE LA CALIDAD,True,10.11,ASISTENCIA_SECRETARIAL_OFICINA,False,1,0,0,False,False,10.11,0,,False,False,0,0,False,0,False,,,,,
2299,4,3,PROFESIONAL_ANALISTA,ADMINISTRATIVO,ANALISTA DE LABORATORIO DE INVESTIGACIÓN 2,CENTRO DE INVESTIGACIONES BIOTECNOLÓGICAS DEL ECUADOR,True,10.78,ASISTENCIA_SECRETARIAL_OFICINA,False,2,0,0,False,False,10.78,0,,False,False,0,0,False,0,False,,,,,
2308,2,2,TECNICO_DOCENTE_APOYO,DOCENTE,TÉCNICO DE INVESTIGACIÓN 2 (MT),FACULTAD DE INGENIERÍA MECÁNICA Y CIENCIAS DE LA PRODUCCIÓN,False,1.28,DOCENTE_NO_TITULAR_OCASIONAL,False,1,0,0,False,False,1.85,0,,False,True,3,1,False,0,True,JEFATURA_SUPERVISION_OPERATIVA,,,,
2312,15,3,DOCENTE_NO_TITULAR_OCASIONAL,DOCENTE,PROFESOR NO TITULAR OCASIONAL (TC),FACULTAD DE CIENCIAS SOCIALES Y HUMANÍSTICAS,False,2.39,AUXILIAR_AYUDANTE_OPERATIVO,False,2,1,0,True,False,22.32,0,,False,True,5,2,False,0,True,JEFATURA_SUPERVISION_OPERATIVA,,,,
2350,1,1,PROFESIONAL_ANALISTA,ADMINISTRATIVO,ASESOR TÉCNICO,DESCONOCIDA,False,0.83,PROFESIONAL_ANALISTA,True,0,0,0,False,False,,0,,False,False,0,0,False,0,False,,,,,
2370,4,4,JEFATURA_SUPERVISION_OPERATIVA,ADMINISTRATIVO,TESORERO GENERAL,GERENCIA FINANCIERA,True,0.86,AUXILIAR_AYUDANTE_OPERATIVO,False,3,0,0,False,False,0.86,2,AUTORIDAD_ADMINISTRATIVA_SUPERIOR,True,True,4,1,True,4,True,OTROS_AA,,,,
2378,3,2,PROFESIONAL_ANALISTA,ADMINISTRATIVO,ANALISTA DE TALENTO HUMANO 3,DIRECCIÓN DE TALENTO HUMANO,True,11.69,AUXILIAR_AYUDANTE_OPERATIVO,False,1,0,0,False,False,11.69,1,AUTORIDAD_ADMINISTRATIVA_SUPERIOR,True,False,0,0,False,0,False,,,,,
2380,4,3,PROFESIONAL_ANALISTA,ADMINISTRATIVO,ANALISTA DE TELECOMUNICACIONES 3,GERENCIA DE TECNOLOGÍAS Y SISTEMAS DE INFORMACIÓN,True,11.69,OTROS_AA,False,3,0,0,False,False,11.69,2,AUTORIDAD_ADMINISTRATIVA_SUPERIOR,True,True,24,1,True,24,True,OTROS_AA,,,,
2390,10,4,DOCENTE_NO_TITULAR_OCASIONAL,DOCENTE,PROFESOR NO TITULAR OCASIONAL (TC),FACULTAD DE CIENCIAS SOCIALES Y HUMANÍSTICAS,False,11.55,JEFATURA_SUPERVISION_OPERATIVA,False,4,2,1,True,True,13.33,3,AUTORIDAD_ADMINISTRATIVA_SUPERIOR,True,True,1,1,False,0,True,JEFATURA_SUPERVISION_OPERATIVA,,,,
2391,3,2,ASISTENCIA_SECRETARIAL_OFICINA,ADMINISTRATIVO,ASISTENTE EJECUTIVA 2,GERENCIA DE BIENESTAR POLITÉCNICO,True,16.69,ASISTENCIA_SECRETARIAL_OFICINA,False,2,0,0,False,False,16.69,0,,False,False,0,0,False,0,False,,,,,
2397,1,1,AUXILIAR_AYUDANTE_OPERATIVO,ADMINISTRATIVO,AUXILIAR DE SERVICIOS,"FACULTAD DE ARTE, DISEÑO Y COMUNICACIÓN AUDIOVISUAL",True,24.92,AUXILIAR_AYUDANTE_OPERATIVO,True,0,0,0,False,False,,0,,False,False,0,0,False,0,False,,,,,
2419,22,1,DOCENTE_NO_TITULAR_OCASIONAL,DOCENTE,PROFESOR NO TITULAR OCASIONAL (MT),FACULTAD DE CIENCIAS SOCIALES Y HUMANÍSTICAS,True,0.51,DOCENTE_NO_TITULAR_OCASIONAL,True,0,0,0,False,False,,1,AUTORIDAD_ADMINISTRATIVA_SUPERIOR,True,False,0,0,False,0,False,,,,,
2432,1,1,TECNICO_OPERATIVO_MANTENIMIENTO,ADMINISTRATIVO,TÈCNICO DE OPERACIÒN Y MANTENIMIENTO DE MAQUINARIA Y/O EQUIPOS/TÈCNICO DE OPERACIONES,DIRECCIÓN DE SERVICIOS GENERALES,True,10.69,TECNICO_OPERATIVO_MANTENIMIENTO,True,0,0,0,False,False,,0,,False,True,1,1,False,0,True,OTROS_AA,,,,
2455,6,3,AUTORIDAD_ADMINISTRATIVA_SUPERIOR,ADMINISTRATIVO,DIRECTOR DE DESARROLLO DE APLICACIONES,GERENCIA DE TECNOLOGÍAS Y SISTEMAS DE INFORMACIÓN,True,4.61,PROFESIONAL_ANALISTA,False,3,0,0,False,False,4.85,4,PROFESIONAL_ANALISTA,True,True,20,2,True,18,True,OTROS_AA,,,,
2487,2,1,TECNICO_DOCENTE_APOYO,DOCENTE,TÉCNICO DOCENTE 3 (TC),DIRECCIÓN DE ADMISIONES,True,1.97,TECNICO_DOCENTE_APOYO,True,0,0,0,False,False,,0,,False,False,0,0,False,0,False,,,,,
2497,2,2,SERVICIOS_GENERALES_OFICIOS,ADMINISTRATIVO,CHOFER,RECTORADO,True,23.95,AUXILIAR_AYUDANTE_OPERATIVO,False,1,0,0,False,False,23.95,0,,False,False,0,0,False,0,False,,,,,
2498,4,1,DOCENTE_NO_TITULAR_OCASIONAL,DOCENTE,PROFESOR NO TITULAR OCASIONAL (MT),FACULTAD DE CIENCIAS SOCIALES Y HUMANÍSTICAS,False,0.13,DOCENTE_NO_TITULAR_OCASIONAL,True,0,0,0,False,False,,0,,False,True,1,1,False,0,True,JEFATURA_SUPERVISION_OPERATIVA,,,,
2516,11,2,DOCENTE_TITULAR_CARRERA,DOCENTE,PROFESOR TITULAR AGREGADO 2 (TC),FACULTAD DE CIENCIAS NATURALES Y MATEMÁTICAS,True,15.28,PROFESIONAL_ANALISTA,False,5,3,2,True,True,15.28,4,AUTORIDAD_ACADEMICA_SUPERIOR,True,True,6,4,False,0,True,JEFATURA_SUPERVISION_OPERATIVA,,,,
2524,1,1,DOCENTE_NO_TITULAR_OCASIONAL,DOCENTE,PROFESOR NO TITULAR OCASIONAL (TC),FACULTAD DE INGENIERÍA EN ELECTRICIDAD Y COMPUTACIÓN,True,11.36,DOCENTE_NO_TITULAR_OCASIONAL,True,0,0,0,False,False,,1,TECNICO_OPERATIVO_MANTENIMIENTO,True,False,0,0,False,0,False,,,,,
2535,2,2,ASISTENCIA_SECRETARIAL_OFICINA,ADMINISTRATIVO,ASISTENTE EJECUTIVA 2,GERENCIA DE COMUNICACIÓN,True,16.69,AUXILIAR_AYUDANTE_OPERATIVO,False,1,0,0,False,False,16.69,0,,False,False,0,0,False,0,False,,,,,
2544,9,4,AUTORIDAD_ADMINISTRATIVA_SUPERIOR,ADMINISTRATIVO,DIRECTOR DE INGENIERÍA EN SISTEMAS,GERENCIA DE TECNOLOGÍAS Y SISTEMAS DE INFORMACIÓN,True,3.82,ASISTENCIA_SECRETARIAL_OFICINA,False,6,0,0,False,False,3.82,2,PROFESIONAL_ANALISTA,True,True,8,2,True,6,True,OTROS_AA,,,,
2546,1,1,TECNICO_DOCENTE_APOYO,DOCENTE,TÉCNICO DOCENTE 1 (TC),FACULTAD DE CIENCIAS NATURALES Y MATEMÁTICAS,False,0.15,TECNICO_DOCENTE_APOYO,True,0,0,0,False,False,,0,,False,False,0,0,False,0,False,,,,,
2562,2,2,PROFESIONAL_ANALISTA,ADMINISTRATIVO,ANALISTA DE INFRAESTRUCTURA INFORMÁTICA 2,FACULTAD DE CIENCIAS DE LA VIDA,True,11.69,ASISTENCIA_SECRETARIAL_OFICINA,False,1,0,0,False,False,11.69,0,,False,False,0,0,False,0,False,,,,,
2567,4,2,PROFESIONAL_ANALISTA,ADMINISTRATIVO,ANALISTA DE DESARROLLO DE SISTEMAS 1,GERENCIA DE TECNOLOGÍAS Y SISTEMAS DE INFORMACIÓN,False,8.0,PROFESIONAL_ANALISTA,False,2,0,0,False,False,10.78,0,,False,False,0,0,False,0,False,,,,,
2569,4,4,DOCENTE_TITULAR_CARRERA,DOCENTE,PROFESOR TITULAR AUXILIAR 1 (TC),FACULTAD DE INGENIERÍA EN ELECTRICIDAD Y COMPUTACIÓN,True,0.15,OTROS_AA,False,3,1,0,True,False,0.15,3,PROFESIONAL_ANALISTA,True,False,0,0,False,0,False,,,,,
2593,1,1,TECNICO_DOCENTE_APOYO,DOCENTE,TÉCNICO DOCENTE 3 (TC),DIRECCIÓN DE ADMISIONES,False,0.28,TECNICO_DOCENTE_APOYO,True,0,0,0,False,False,,0,,False,False,0,0,False,0,False,,,,,
2608,2,1,DOCENTE_NO_TITULAR_OCASIONAL,DOCENTE,PROFESOR NO TITULAR OCASIONAL (TP),FACULTAD DE CIENCIAS NATURALES Y MATEMÁTICAS,True,0.34,DOCENTE_NO_TITULAR_OCASIONAL,True,0,0,0,False,False,,0,,False,False,0,0,False,0,False,,,,,
2612,4,3,ASISTENCIA_SECRETARIAL_OFICINA,ADMINISTRATIVO,ASISTENTE EJECUTIVA 2,DECANATO DE POSGRADO,True,17.86,AUXILIAR_AYUDANTE_OPERATIVO,False,2,0,0,False,False,17.86,0,,False,False,0,0,False,0,False,,,,,
2626,1,1,PROFESIONAL_ANALISTA,ADMINISTRATIVO,ANALISTA DE INFORMACIÓN ACADÉMICA 2,DIRECCIÓN DE LA SECRETARÍA TÉCNICA ACADEMICA,True,10.66,PROFESIONAL_ANALISTA,True,0,0,0,False,False,,0,,False,False,0,0,False,0,False,,,,,
2637,3,2,DOCENTE_TITULAR_CARRERA,DOCENTE,PROFESOR TITULAR AGREGADO 1 (TC),FACULTAD DE INGENIERÍA EN ELECTRICIDAD Y COMPUTACIÓN,True,0.77,DOCENTE_NO_TITULAR_OCASIONAL,False,1,0,0,False,False,11.53,0,,False,False,0,0,False,0,False,,,,,
2651,13,1,DOCENTE_NO_TITULAR_OCASIONAL,DOCENTE,PROFESOR NO TITULAR OCASIONAL (TP),FACULTAD DE CIENCIAS SOCIALES Y HUMANÍSTICAS,False,0.36,DOCENTE_NO_TITULAR_OCASIONAL,True,0,0,0,False,False,,0,,False,False,0,0,False,0,False,,,,,
2655,1,1,DOCENTE_NO_TITULAR_OCASIONAL,DOCENTE,PROFESOR NO TITULAR OCASIONAL (TC),FACULTAD DE CIENCIAS NATURALES Y MATEMÁTICAS,False,6.18,DOCENTE_NO_TITULAR_OCASIONAL,True,0,0,0,False,False,,0,,False,True,3,1,False,0,True,JEFATURA_SUPERVISION_OPERATIVA,,,,
2657,1,1,DOCENTE_NO_TITULAR_OCASIONAL,DOCENTE,PROFESOR NO TITULAR OCASIONAL (TP),FACULTAD DE CIENCIAS SOCIALES Y HUMANÍSTICAS,False,0.36,DOCENTE_NO_TITULAR_OCASIONAL,True,0,0,0,False,False,,0,,False,False,0,0,False,0,False,,,,,
2663,3,2,TECNICO_DOCENTE_APOYO,DOCENTE,TÉCNICO DOCENTE 4 (TC),DIRECCIÓN DE ADMISIONES,False,0.25,DOCENTE_NO_TITULAR_OCASIONAL,False,1,0,0,False,False,8.69,0,,False,False,0,0,False,0,False,,,,,
2693,3,1,PROFESIONAL_ESPECIALIZADO_TECNICO,ADMINISTRATIVO,DISEÑADOR GRÁFICO 1,GERENCIA DE COMUNICACIÓN,True,19.76,PROFESIONAL_ESPECIALIZADO_TECNICO,True,0,0,0,False,False,,0,,False,True,1,1,True,1,True,OTROS_AA,,,,
2696,8,1,DOCENTE_NO_TITULAR_OCASIONAL,DOCENTE,PROFESOR NO TITULAR OCASIONAL (TC),FACULTAD DE CIENCIAS SOCIALES Y HUMANÍSTICAS,True,9.92,DOCENTE_NO_TITULAR_OCASIONAL,True,0,0,0,False,False,,0,,False,True,8,2,False,0,True,JEFATURA_SUPERVISION_OPERATIVA,,,,
2701,4,3,DOCENTE_TITULAR_CARRERA,DOCENTE,PROFESOR TITULAR AGREGADO 2 (TC),FACULTAD DE INGENIERÍA MECÁNICA Y CIENCIAS DE LA PRODUCCIÓN,True,5.11,AUXILIAR_AYUDANTE_OPERATIVO,False,3,1,0,True,False,5.11,1,AUTORIDAD_ACADEMICA_SUPERIOR,True,True,1,1,True,1,False,OTROS_AA,,,,
2704,8,4,PROFESIONAL_ANALISTA,ADMINISTRATIVO,ANALISTA DE TALENTO HUMANO 3,DESCONOCIDA,False,5.83,AUXILIAR_AYUDANTE_OPERATIVO,False,6,0,0,False,False,11.69,1,AUTORIDAD_ADMINISTRATIVA_SUPERIOR,True,False,0,0,False,0,False,,,,,
2710,1,1,DOCENTE_NO_TITULAR_OCASIONAL,DOCENTE,PROFESOR NO TITULAR OCASIONAL (TC),FACULTAD DE INGENIERÍA EN CIENCIAS DE LA TIERRA,False,0.59,DOCENTE_NO_TITULAR_OCASIONAL,True,0,0,0,False,False,,0,,False,False,0,0,False,0,False,,PRESTACIÓN SERVICIOS PROFESIONALES,DESCONOCIDA,DOCENTE_CONTRATADO_SERVICIOS_CIVILES,DOCENTE
2735,3,3,PROFESIONAL_ANALISTA,ADMINISTRATIVO,ANALISTA DE PLANIFICACIÓN Y PROYECTOS,GERENCIA DE PLANIFICACIÓN ESTRATÉGICA,True,11.69,AUXILIAR_AYUDANTE_OPERATIVO,False,2,0,0,False,False,11.69,1,AUTORIDAD_ADMINISTRATIVA_SUPERIOR,True,False,0,0,False,0,False,,,,,
2748,4,4,PROFESIONAL_ANALISTA,ADMINISTRATIVO,ANALISTA DE GESTIÓN DE POSTGRADO,DECANATO DE POSGRADO,True,11.69,ASISTENCIA_SECRETARIAL_OFICINA,False,3,1,1,True,True,11.69,1,DOCENTE_NO_TITULAR_OCASIONAL,True,False,0,0,False,0,False,,,,,
2751,4,4,JEFATURA_SUPERVISION_OPERATIVA,ADMINISTRATIVO,SUPERVISOR DE MANTENIMIENTO ELÈCTRICO,DIRECCIÓN DE SERVICIOS GENERALES,True,1.69,AUXILIAR_AYUDANTE_OPERATIVO,False,3,0,0,False,False,1.69,1,TECNICO_OPERATIVO_MANTENIMIENTO,True,False,0,0,False,0,False,,,,,
2753,2,2,DOCENTE_TITULAR_CARRERA,DOCENTE,PROFESOR TITULAR AUXILIAR 1 (TC),FACULTAD DE INGENIERÍA MARÍTIMA Y CIENCIAS DEL MAR,True,5.11,DOCENTE_NO_TITULAR_OCASIONAL,False,1,0,0,False,False,5.11,0,,False,True,13,2,False,0,True,OTROS_AA,,,,
2755,8,2,DOCENTE_TITULAR_CARRERA,DOCENTE,PROFESOR TITULAR AGREGADO 3 (TC),FACULTAD DE CIENCIAS NATURALES Y MATEMÁTICAS,False,9.29,DOCENTE_TITULAR_CARRERA,False,2,0,0,False,False,10.11,0,,False,True,1,1,False,0,True,OTROS_AA,,,,
2803,2,2,DOCENTE_NO_TITULAR_OCASIONAL,DOCENTE,PROFESOR NO TITULAR OCASIONAL (TC),FACULTAD DE INGENIERÍA EN ELECTRICIDAD Y COMPUTACIÓN,True,8.94,PROFESIONAL_ANALISTA,False,1,1,0,True,False,8.94,0,,False,False,0,0,False,0,False,,,,,
2815,1,1,DOCENTE_NO_TITULAR_OCASIONAL,DOCENTE,PROFESOR NO TITULAR OCASIONAL (TC),FACULTAD DE INGENIERÍA MECÁNICA Y CIENCIAS DE LA PRODUCCIÓN,True,3.33,DOCENTE_NO_TITULAR_OCASIONAL,True,0,0,0,False,False,,0,,False,True,1,1,False,0,True,JEFATURA_SUPERVISION_OPERATIVA,,,,
2823,3,3,PROFESIONAL_ANALISTA,ADMINISTRATIVO,ANALISTA DE INFRAESTRUCTURA INFORMÁTICA 2,FACULTAD DE INGENIERÍA MARÍTIMA Y CIENCIAS DEL MAR,True,11.69,JEFATURA_SUPERVISION_OPERATIVA,False,2,0,0,False,False,11.69,0,,False,True,1,1,False,0,True,OTROS_AA,,,,
2824,1,1,DOCENTE_NO_TITULAR_OCASIONAL,DOCENTE,PROFESOR NO TITULAR OCASIONAL (TC),FACULTAD DE CIENCIAS NATURALES Y MATEMÁTICAS,False,3.42,DOCENTE_NO_TITULAR_OCASIONAL,True,0,0,0,False,False,,0,,False,True,1,1,False,0,True,JEFATURA_SUPERVISION_OPERATIVA,,,,
2830,13,1,DOCENTE_TITULAR_CARRERA,DOCENTE,PROFESOR TITULAR AGREGADO 3 (TC),FACULTAD DE CIENCIAS NATURALES Y MATEMÁTICAS,True,0.19,DOCENTE_TITULAR_CARRERA,True,0,0,0,False,False,,0,,False,False,0,0,False,0,False,,,,,
2834,3,2,AUTORIDAD_ADMINISTRATIVA_SUPERIOR,ADMINISTRATIVO,GERENTE DE INFRAESTRUCTURA FÍSICA,GERENCIA DE INFRAESTRUCTURA FÍSICA,True,2.94,DOCENTE_NO_TITULAR_OCASIONAL,False,1,0,1,False,True,2.94,2,DOCENTE_NO_TITULAR_OCASIONAL,True,True,6,2,False,0,True,AUTORIDAD_ADMINISTRATIVA_SUPERIOR,,,,
2843,4,3,PROFESIONAL_ANALISTA,ADMINISTRATIVO,ANALISTA ADMINISTRATIVO,DIRECCIÓN DE SERVICIOS GENERALES,True,11.69,ASISTENCIA_SECRETARIAL_OFICINA,False,2,0,0,False,False,11.69,0,,False,False,0,0,False,0,False,,,,,
2844,1,1,DOCENTE_NO_TITULAR_OCASIONAL,DOCENTE,PROFESOR NO TITULAR OCASIONAL (TC),FACULTAD DE CIENCIAS NATURALES Y MATEMÁTICAS,False,10.0,DOCENTE_NO_TITULAR_OCASIONAL,True,0,0,0,False,False,,0,,False,False,0,0,False,0,False,,,,,
2846,3,2,ASISTENCIA_SECRETARIAL_OFICINA,ADMINISTRATIVO,ASISTENTE EJECUTIVA 3,RECTORADO,True,8.78,AUXILIAR_AYUDANTE_OPERATIVO,False,1,0,0,False,False,8.78,0,,False,False,0,0,False,0,False,,,,,
2850,2,1,DOCENTE_NO_TITULAR_OCASIONAL,DOCENTE,PROFESOR NO TITULAR OCASIONAL (MT),FACULTAD DE INGENIERÍA EN CIENCIAS DE LA TIERRA,True,3.33,DOCENTE_NO_TITULAR_OCASIONAL,True,0,0,0,False,False,,0,,False,False,0,0,False,0,False,,,,,
2857,4,3,PROFESIONAL_ANALISTA,ADMINISTRATIVO,ANALISTA CONTABLE 1,GERENCIA FINANCIERA,True,8.65,AUXILIAR_AYUDANTE_OPERATIVO,False,2,0,0,False,False,8.65,0,,False,False,0,0,False,0,False,,,,,
2888,1,1,DOCENTE_NO_TITULAR_OCASIONAL,DOCENTE,PROFESOR NO TITULAR OCASIONAL (TC),ESCUELA DE POSTGRADO EN ADMINISTRACIÓN DE EMPRESAS,True,1.95,DOCENTE_NO_TITULAR_OCASIONAL,True,0,0,0,False,False,,0,,False,True,2,1,False,0,True,JEFATURA_SUPERVISION_OPERATIVA,,,,
2904,2,2,ASISTENCIA_SECRETARIAL_OFICINA,ADMINISTRATIVO,ASISTENTE FINANCIERO,GERENCIA FINANCIERA,True,11.69,AUXILIAR_AYUDANTE_OPERATIVO,False,1,0,0,False,False,11.69,0,,False,False,0,0,False,0,False,,,,,
2930,1,1,DOCENTE_NO_TITULAR_OCASIONAL,DOCENTE,PROFESOR NO TITULAR OCASIONAL (TC),FACULTAD DE INGENIERÍA EN ELECTRICIDAD Y COMPUTACIÓN,False,0.38,DOCENTE_NO_TITULAR_OCASIONAL,True,0,0,0,False,False,,0,,False,False,0,0,False,0,False,,,,,
2950,6,2,DOCENTE_TITULAR_CARRERA,DOCENTE,PROFESOR TITULAR AGREGADO 1 (TC),FACULTAD DE CIENCIAS NATURALES Y MATEMÁTICAS,True,6.44,DOCENTE_TITULAR_CARRERA,False,2,0,0,False,False,6.44,0,,False,True,4,3,True,1,True,OTROS_AA,,,,
2957,1,1,AUTORIDAD_ADMINISTRATIVA_SUPERIOR,ADMINISTRATIVO,GERENTE ADMINISTRATIVO,GERENCIA ADMINISTRATIVA,False,5.34,AUTORIDAD_ADMINISTRATIVA_SUPERIOR,True,0,0,0,False,False,,0,,False,True,1,1,False,0,False,AUTORIDAD_ADMINISTRATIVA_SUPERIOR,,,,
2962,2,1,AUTORIDAD_ADMINISTRATIVA_SUPERIOR,ADMINISTRATIVO,DIRECTOR DE SEGURIDAD FISICA,DIRECCION DE SEGURIDAD FISICA,True,1.98,AUTORIDAD_ADMINISTRATIVA_SUPERIOR,True,0,0,0,False,False,,0,,False,True,8,2,True,6,False,AUTORIDAD_ADMINISTRATIVA_SUPERIOR,,,,
2966,2,1,DOCENTE_NO_TITULAR_OCASIONAL,DOCENTE,PROFESOR NO TITULAR OCASIONAL (TP),FACULTAD DE INGENIERÍA EN CIENCIAS DE LA TIERRA,False,0.61,DOCENTE_NO_TITULAR_OCASIONAL,True,0,0,0,False,False,,0,,False,False,0,0,False,0,False,,,,,
3000,4,2,PROFESIONAL_ANALISTA,ADMINISTRATIVO,ANALISTA CONTABLE 1,GERENCIA FINANCIERA,False,8.91,AUXILIAR_AYUDANTE_OPERATIVO,False,1,0,0,False,False,11.69,0,,False,False,0,0,False,0,False,,,,,
3009,3,2,AUXILIAR_AYUDANTE_OPERATIVO,ADMINISTRATIVO,AUXILIAR DE LABORATORIO (8HD),CENTRO DE INVESTIGACIONES BIOTECNOLÓGICAS DEL ECUADOR,True,3.69,AUXILIAR_AYUDANTE_OPERATIVO,False,2,0,0,False,False,3.69,1,SERVICIOS_GENERALES_OFICIOS,True,False,0,0,False,0,False,,,,,
3015,1,1,DOCENTE_NO_TITULAR_OCASIONAL,DOCENTE,PROFESOR NO TITULAR OCASIONAL (TC),FACULTAD DE INGENIERÍA EN ELECTRICIDAD Y COMPUTACIÓN,False,0.38,DOCENTE_NO_TITULAR_OCASIONAL,True,0,0,0,False,False,,0,,False,False,0,0,False,0,False,,,,,
3017,1,1,DOCENTE_TITULAR_CARRERA,DOCENTE,PROFESOR TITULAR AGREGADO 1 (TC),ESCUELA DE POSTGRADO EN ADMINISTRACIÓN DE EMPRESAS,True,3.28,DOCENTE_TITULAR_CARRERA,True,0,0,0,False,False,,0,,False,True,3,2,False,0,True,JEFATURA_SUPERVISION_OPERATIVA,SERVICIOS PROFESIONALES - EVENTO DE CAPACITACIÓN,CENTRO DE EMPRENDIMIENTO E INNOVACIÓN I3LAB,DOCENTE_CONTRATADO_SERVICIOS_CIVILES,DOCENTE
3025,1,1,TECNICO_DOCENTE_APOYO,DOCENTE,TÉCNICO DOCENTE 3 (MT),DIRECCIÓN DE ADMISIONES,False,0.28,TECNICO_DOCENTE_APOYO,True,0,0,0,False,False,,0,,False,False,0,0,False,0,False,,,,,
3057,7,4,AUTORIDAD_ACADEMICA_SUPERIOR,DOCENTE,SUBDECANO(A),FACULTAD DE INGENIERÍA EN CIENCIAS DE LA TIERRA,True,0.77,ASISTENCIA_SECRETARIAL_OFICINA,False,4,1,0,True,False,0.77,2,DOCENTE_TITULAR_CARRERA,True,True,18,3,True,14,True,OTROS_AA,,,,
3060,2,1,DOCENTE_NO_TITULAR_OCASIONAL,DOCENTE,PROFESOR NO TITULAR OCASIONAL (TC),FACULTAD DE CIENCIAS SOCIALES Y HUMANÍSTICAS,True,3.94,DOCENTE_NO_TITULAR_OCASIONAL,True,0,0,0,False,False,,0,,False,False,0,0,False,0,False,,SERVICIOS PROFESIONALES - EJECUCIÓN DE ACTIVIDADES,DECANATO DE GRADO,CONTRATO_SERVICIOS_PROFESIONALES_PROYECTO,ADMINISTRATIVO
3078,5,1,DOCENTE_NO_TITULAR_OCASIONAL,DOCENTE,PROFESOR NO TITULAR OCASIONAL (TC),FACULTAD DE CIENCIAS NATURALES Y MATEMÁTICAS,True,8.36,DOCENTE_NO_TITULAR_OCASIONAL,True,0,0,0,False,False,,0,,False,True,1,1,False,0,True,JEFATURA_SUPERVISION_OPERATIVA,,,,
3088,2,2,PROFESIONAL_ANALISTA,ADMINISTRATIVO,ANALISTA FINANCIERO 1,GERENCIA FINANCIERA,True,4.42,ASISTENCIA_SECRETARIAL_OFICINA,False,1,0,0,False,False,4.42,2,ASISTENCIA_SECRETARIAL_OFICINA,True,False,0,0,False,0,False,,,,,
3093,3,2,DOCENTE_TITULAR_CARRERA,DOCENTE,PROFESOR TITULAR AGREGADO 3 (TC),FACULTAD DE CIENCIAS SOCIALES Y HUMANÍSTICAS,True,17.32,DOCENTE_TITULAR_CARRERA,False,2,1,1,True,True,17.32,0,,False,True,1,1,False,0,True,OTROS_AA,,,,
3095,2,2,PROFESIONAL_ANALISTA,ADMINISTRATIVO,ANALISTA DE INFRAESTRUCTURA INFORMÁTICA 2,FACULTAD DE CIENCIAS NATURALES Y MATEMÁTICAS,True,4.28,ASISTENCIA_SECRETARIAL_OFICINA,False,1,0,0,False,False,4.28,0,,False,False,0,0,False,0,False,,,,,
3097,9,4,DOCENTE_TITULAR_CARRERA,DOCENTE,PROFESOR TITULAR AUXILIAR 1 (TP),FACULTAD DE CIENCIAS SOCIALES Y HUMANÍSTICAS,False,2.79,JEFATURA_SUPERVISION_OPERATIVA,False,3,1,0,True,False,5.11,2,DOCENTE_NO_TITULAR_OCASIONAL,True,False,0,0,False,0,False,,,,,
3108,4,3,PROFESIONAL_ANALISTA,ADMINISTRATIVO,ANALISTA CONTABLE 1,GERENCIA FINANCIERA,True,11.69,AUXILIAR_AYUDANTE_OPERATIVO,False,3,0,0,False,False,11.69,0,,False,False,0,0,False,0,False,,,,,
3130,2,1,DOCENTE_NO_TITULAR_OCASIONAL,DOCENTE,PROFESOR NO TITULAR OCASIONAL (TC),FACULTAD DE CIENCIAS NATURALES Y MATEMÁTICAS,True,11.95,DOCENTE_NO_TITULAR_OCASIONAL,True,0,0,0,False,False,,0,,False,True,8,2,False,0,True,AUTORIDAD_ADMINISTRATIVA_SUPERIOR,,,,
3131,2,1,DOCENTE_NO_TITULAR_OCASIONAL,DOCENTE,PROFESOR NO TITULAR OCASIONAL (TC),ESCUELA DE POSTGRADO EN ADMINISTRACIÓN DE EMPRESAS,True,1.85,DOCENTE_NO_TITULAR_OCASIONAL,True,0,0,0,False,False,,0,,False,True,3,1,False,0,True,JEFATURA_SUPERVISION_OPERATIVA,,,,
3160,3,2,DOCENTE_NO_TITULAR_OCASIONAL,DOCENTE,PROFESOR NO TITULAR OCASIONAL (TC),FACULTAD DE CIENCIAS SOCIALES Y HUMANÍSTICAS,True,3.69,DOCENTE_NO_TITULAR_OCASIONAL,False,2,1,1,True,True,3.69,2,AUTORIDAD_ADMINISTRATIVA_SUPERIOR,True,True,3,2,False,0,True,JEFATURA_SUPERVISION_OPERATIVA,,,,
3165,2,1,DOCENTE_NO_TITULAR_OCASIONAL,DOCENTE,PROFESOR NO TITULAR OCASIONAL (TP),FACULTAD DE INGENIERÍA EN CIENCIAS DE LA TIERRA,True,0.34,DOCENTE_NO_TITULAR_OCASIONAL,True,0,0,0,False,False,,0,,False,False,0,0,False,0,False,,,,,
3198,3,1,DOCENTE_NO_TITULAR_OCASIONAL,DOCENTE,PROFESOR NO TITULAR OCASIONAL (TP),FACULTAD DE INGENIERÍA EN CIENCIAS DE LA TIERRA,False,0.76,DOCENTE_NO_TITULAR_OCASIONAL,True,0,0,0,False,False,,0,,False,False,0,0,False,0,False,,PROFESOR INVITADO,FACULTAD DE INGENIERÍA EN CIENCIAS DE LA TIERRA,DOCENTE_HONORARIO_ESPECIAL,DOCENTE
3208,2,1,DOCENTE_NO_TITULAR_OCASIONAL,DOCENTE,PROFESOR NO TITULAR OCASIONAL (TP),FACULTAD DE CIENCIAS NATURALES Y MATEMÁTICAS,False,0.35,DOCENTE_NO_TITULAR_OCASIONAL,True,0,0,0,False,False,,0,,False,True,1,1,False,0,True,JEFATURA_SUPERVISION_OPERATIVA,,,,
3218,6,2,DOCENTE_NO_TITULAR_OCASIONAL,DOCENTE,PROFESOR NO TITULAR OCASIONAL (TC),FACULTAD DE CIENCIAS NATURALES Y MATEMÁTICAS,True,2.33,DOCENTE_NO_TITULAR_OCASIONAL,False,2,0,0,False,False,2.33,0,,False,False,0,0,False,0,False,,,,,
3235,1,1,DOCENTE_NO_TITULAR_OCASIONAL,DOCENTE,PROFESOR NO TITULAR OCASIONAL (TC),FACULTAD DE INGENIERÍA EN ELECTRICIDAD Y COMPUTACIÓN,True,15.32,DOCENTE_NO_TITULAR_OCASIONAL,True,0,0,0,False,False,,0,,False,True,4,1,False,0,True,JEFATURA_SUPERVISION_OPERATIVA,,,,
3246,4,1,DOCENTE_NO_TITULAR_OCASIONAL,DOCENTE,PROFESOR NO TITULAR OCASIONAL (TP),FACULTAD DE CIENCIAS SOCIALES Y HUMANÍSTICAS,True,0.36,DOCENTE_NO_TITULAR_OCASIONAL,True,0,0,0,False,False,,0,,False,True,6,1,False,0,True,JEFATURA_SUPERVISION_OPERATIVA,,,,
3247,3,1,DOCENTE_TITULAR_CARRERA,DOCENTE,PROFESOR TITULAR AUXILIAR 2 (TC),"FACULTAD DE ARTE, DISEÑO Y COMUNICACIÓN AUDIOVISUAL",True,17.32,DOCENTE_TITULAR_CARRERA,True,0,0,0,False,False,,0,,False,True,5,2,False,0,True,OTROS_AA,,,,
3254,1,1,AUXILIAR_AYUDANTE_OPERATIVO,ADMINISTRATIVO,AUXILIAR DE SERVICIOS,FACULTAD DE INGENIERÍA MARÍTIMA Y CIENCIAS DEL MAR,False,7.41,AUXILIAR_AYUDANTE_OPERATIVO,True,0,0,0,False,False,,0,,False,True,2,1,False,0,True,OTROS_AA,,,,
3255,3,3,DOCENTE_TITULAR_CARRERA,DOCENTE,PROFESOR TITULAR PRINCIPAL 3 (TC),FACULTAD DE INGENIERÍA EN ELECTRICIDAD Y COMPUTACIÓN,True,30.31,AUXILIAR_AYUDANTE_OPERATIVO,False,2,1,0,True,False,30.31,3,AUTORIDAD_ADMINISTRATIVA_SUPERIOR,True,True,1,1,False,0,True,AUTORIDAD_ADMINISTRATIVA_SUPERIOR,,,,
3257,1,1,AUXILIAR_AYUDANTE_OPERATIVO,ADMINISTRATIVO,AUXILIAR DE SERVICIOS,CENTRO DE TECNOLOGÍAS DE LA INFORMACIÓN,False,39.64,AUXILIAR_AYUDANTE_OPERATIVO,True,0,0,0,False,False,,0,,False,False,0,0,False,0,False,,,,,
3271,1,1,AUXILIAR_AYUDANTE_OPERATIVO,ADMINISTRATIVO,AUXILIAR DE SERVICIOS,DIRECCIÓN DE SERVICIOS GENERALES,False,7.08,AUXILIAR_AYUDANTE_OPERATIVO,True,0,0,0,False,False,,0,,False,False,0,0,False,0,False,,,,,
3275,13,4,DOCENTE_TITULAR_CARRERA,DOCENTE,PROFESOR TITULAR AGREGADO 2 (TC),FACULTAD DE CIENCIAS DE LA VIDA,True,11.11,OTROS_AA,False,5,2,1,True,True,11.11,5,AUTORIDAD_ACADEMICA_SUPERIOR,True,True,12,2,True,3,True,JEFATURA_SUPERVISION_OPERATIVA,,,,
3280,2,2,DOCENTE_TITULAR_CARRERA,DOCENTE,PROFESOR TITULAR AGREGADO 1 (TC),FACULTAD DE CIENCIAS SOCIALES Y HUMANÍSTICAS,True,19.94,DOCENTE_NO_TITULAR_OCASIONAL,False,1,0,0,False,False,19.94,2,JEFATURA_SUPERVISION_OPERATIVA,True,False,0,0,False,0,False,,,,,
3286,7,3,DOCENTE_TITULAR_CARRERA,DOCENTE,PROFESOR TITULAR AGREGADO 1 (TC),FACULTAD DE INGENIERÍA MECÁNICA Y CIENCIAS DE LA PRODUCCIÓN,False,5.0,DOCENTE_TITULAR_CARRERA,False,4,1,1,True,True,6.44,0,,False,True,2,1,False,0,True,JEFATURA_SUPERVISION_OPERATIVA,,,,
3309,18,2,DOCENTE_TITULAR_CARRERA,DOCENTE,PROFESOR TITULAR PRINCIPAL (TC),FACULTAD DE INGENIERÍA MARÍTIMA Y CIENCIAS DEL MAR,False,12.39,OTROS_AA,False,1,1,0,True,False,13.69,0,,False,True,7,2,False,0,True,JEFATURA_SUPERVISION_OPERATIVA,,,,
3310,11,1,DOCENTE_TITULAR_CARRERA,DOCENTE,PROFESOR TITULAR PRINCIPAL (TC),FACULTAD DE INGENIERÍA EN ELECTRICIDAD Y COMPUTACIÓN,True,23.32,DOCENTE_TITULAR_CARRERA,True,0,0,0,False,False,,2,DOCENTE_NO_TITULAR_OCASIONAL,True,False,0,0,False,0,False,,,,,
3312,23,2,DOCENTE_TITULAR_CARRERA,DOCENTE,PROFESOR TITULAR PRINCIPAL (TC),FACULTAD DE INGENIERÍA EN ELECTRICIDAD Y COMPUTACIÓN,True,13.69,DOCENTE_TITULAR_CARRERA,False,2,1,1,True,True,13.69,1,AUTORIDAD_ACADEMICA_SUPERIOR,True,True,2,2,False,0,True,OTROS_AA,,,,
3313,3,2,DOCENTE_TITULAR_CARRERA,DOCENTE,PROFESOR TITULAR AGREGADO 1 (TC),FACULTAD DE INGENIERÍA MECÁNICA Y CIENCIAS DE LA PRODUCCIÓN,False,11.33,DOCENTE_NO_TITULAR_OCASIONAL,False,1,0,0,False,False,19.55,1,DOCENTE_TITULAR_CARRERA,True,True,3,2,True,1,True,JEFATURA_SUPERVISION_OPERATIVA,,,,
3318,1,1,AUXILIAR_AYUDANTE_OPERATIVO,ADMINISTRATIVO,AUXILIAR DE SERVICIOS DE MANTENIMIENTO,DIRECCIÓN DE SERVICIOS GENERALES,False,10.0,AUXILIAR_AYUDANTE_OPERATIVO,True,0,0,0,False,False,,0,,False,False,0,0,False,0,False,,,,,
3322,3,1,AUXILIAR_AYUDANTE_OPERATIVO,ADMINISTRATIVO,AUXILIAR DE SERVICIOS,DIRECCIÓN DE SERVICIOS GENERALES,False,35.75,AUXILIAR_AYUDANTE_OPERATIVO,True,0,0,0,False,False,,0,,False,False,0,0,False,0,False,,,,,
3324,2,1,DOCENTE_NO_TITULAR_OCASIONAL,DOCENTE,PROFESOR NO TITULAR OCASIONAL (TC),FACULTAD DE INGENIERÍA MARÍTIMA Y CIENCIAS DEL MAR,True,3.94,DOCENTE_NO_TITULAR_OCASIONAL,True,0,0,0,False,False,,0,,False,True,4,2,True,1,True,JEFATURA_SUPERVISION_OPERATIVA,,,,
3325,1,1,AUXILIAR_AYUDANTE_OPERATIVO,ADMINISTRATIVO,AUXILIAR DE SERVICIOS DE MANTENIMIENTO,DIRECCIÓN DE SERVICIOS GENERALES,False,25.3,AUXILIAR_AYUDANTE_OPERATIVO,True,0,0,0,False,False,,0,,False,False,0,0,False,0,False,,,,,
3326,35,4,AUTORIDAD_ACADEMICA_SUPERIOR,DOCENTE,DECANO(A),FACULTAD DE INGENIERÍA EN CIENCIAS DE LA TIERRA,True,1.03,AUXILIAR_AYUDANTE_OPERATIVO,False,13,1,0,True,False,1.07,2,DOCENTE_TITULAR_CARRERA,True,True,35,4,True,19,True,AUTORIDAD_ACADEMICA_SUPERIOR,,,,
3333,3,2,DOCENTE_TITULAR_CARRERA,DOCENTE,PROFESOR TITULAR PRINCIPAL 3 (TC),FACULTAD DE INGENIERÍA EN ELECTRICIDAD Y COMPUTACIÓN,True,11.86,DOCENTE_NO_TITULAR_OCASIONAL,False,1,0,0,False,False,24.31,1,AUTORIDAD_ACADEMICA_SUPERIOR,True,True,8,2,False,0,True,AUTORIDAD_ADMINISTRATIVA_SUPERIOR,,,,
3342,20,2,DOCENTE_TITULAR_CARRERA,DOCENTE,PROFESOR TITULAR PRINCIPAL (TC),FACULTAD DE CIENCIAS NATURALES Y MATEMÁTICAS,True,16.24,DOCENTE_TITULAR_CARRERA,False,2,1,1,True,True,25.31,2,AUTORIDAD_ACADEMICA_SUPERIOR,True,True,56,3,True,51,True,OTROS_AA,SERVICIOS PROFESIONALES - EVENTO DE CAPACITACIÓN,DECANATO DE GRADO,DOCENTE_CONTRATADO_SERVICIOS_CIVILES,DOCENTE
3380,3,2,DOCENTE_NO_TITULAR_OCASIONAL,DOCENTE,PROFESOR NO TITULAR OCASIONAL (TP),FACULTAD DE INGENIERÍA EN ELECTRICIDAD Y COMPUTACIÓN,False,0.36,ASISTENCIA_SECRETARIAL_OFICINA,False,1,1,0,True,False,8.94,0,,False,False,0,0,False,0,False,,,,,
3403,3,3,PROFESIONAL_ANALISTA,ADMINISTRATIVO,ANALISTA DE SERVICIOS GENERALES,CENTRO NACIONAL DE ACUICULTURA E INVESTIGACIONES MARINAS,True,11.69,JEFATURA_SUPERVISION_OPERATIVA,False,2,0,0,False,False,11.69,0,,False,False,0,0,False,0,False,,,,,
3454,33,1,DOCENTE_NO_TITULAR_OCASIONAL,DOCENTE,PROFESOR NO TITULAR OCASIONAL (TC),FACULTAD DE INGENIERÍA EN ELECTRICIDAD Y COMPUTACIÓN,False,8.79,DOCENTE_NO_TITULAR_OCASIONAL,True,0,0,0,False,False,,1,DIRECCION_ACADEMICA_INTERMEDIA,True,True,4,1,False,0,True,JEFATURA_SUPERVISION_OPERATIVA,,,,
3455,7,4,DOCENTE_TITULAR_CARRERA,DOCENTE,PROFESOR TITULAR PRINCIPAL (TP),FACULTAD DE INGENIERÍA EN CIENCIAS DE LA TIERRA,False,5.42,PROFESIONAL_ANALISTA,False,4,1,0,True,False,8.53,0,,False,True,1,1,False,0,False,AUTORIDAD_ACADEMICA_SUPERIOR,,,,
3461,2,1,SERVICIOS_GENERALES_OFICIOS,ADMINISTRATIVO,MENSAJERO,DIRECCIÓN DE SERVICIOS GENERALES,False,17.38,SERVICIOS_GENERALES_OFICIOS,True,0,0,0,False,False,,1,AUXILIAR_AYUDANTE_OPERATIVO,True,False,0,0,False,0,False,,,,,
3462,1,1,AUXILIAR_AYUDANTE_OPERATIVO,ADMINISTRATIVO,AUXILIAR DE SERVICIOS,DIRECCIÓN DE SERVICIOS GENERALES,False,7.08,AUXILIAR_AYUDANTE_OPERATIVO,True,0,0,0,False,False,,0,,False,False,0,0,False,0,False,,,,,
3464,1,1,AUXILIAR_AYUDANTE_OPERATIVO,ADMINISTRATIVO,AUXILIAR DE SERVICIOS,RECTORADO,False,7.49,AUXILIAR_AYUDANTE_OPERATIVO,True,0,0,0,False,False,,0,,False,False,0,0,False,0,False,,,,,
3465,10,3,SERVICIOS_GENERALES_OFICIOS,ADMINISTRATIVO,BIBLIOTECARIO,CENTRO DE INFORMACIÓN BIBLIOTECARIA,False,1.92,AUXILIAR_AYUDANTE_OPERATIVO,False,5,0,0,False,False,5.89,2,AUTORIDAD_ADMINISTRATIVA_SUPERIOR,True,True,5,1,True,5,True,OTROS_AA,,,,
3466,18,5,DOCENTE_TITULAR_CARRERA,DOCENTE,PROFESOR TITULAR PRINCIPAL (TC),FACULTAD DE CIENCIAS SOCIALES Y HUMANÍSTICAS,True,13.69,AUXILIAR_AYUDANTE_OPERATIVO,False,5,1,0,True,False,13.69,2,DOCENTE_TITULAR_CARRERA,True,True,1,1,False,0,True,OTROS_AA,,,,
3467,4,3,SERVICIOS_GENERALES_OFICIOS,ADMINISTRATIVO,BIBLIOTECARIO,CENTRO DE INFORMACIÓN BIBLIOTECARIA,False,7.75,OTROS_AA,False,3,0,0,False,False,11.69,2,AUTORIDAD_ADMINISTRATIVA_SUPERIOR,True,True,4,2,True,2,True,OTROS_AA,,,,
3471,13,3,AUTORIDAD_ACADEMICA_SUPERIOR,DOCENTE,DECANO(A),"FACULTAD DE ARTE, DISEÑO Y COMUNICACIÓN AUDIOVISUAL",True,3.83,OTROS_AA,False,2,1,0,True,False,3.83,2,DOCENTE_TITULAR_CARRERA,True,True,6,2,True,5,True,OTROS_AA,,,,
3488,2,1,AUXILIAR_AYUDANTE_OPERATIVO,ADMINISTRATIVO,AUXILIAR DE SERVICIOS,FACULTAD DE INGENIERÍA MECÁNICA Y CIENCIAS DE LA PRODUCCIÓN,True,33.53,AUXILIAR_AYUDANTE_OPERATIVO,True,0,0,0,False,False,,0,,False,False,0,0,False,0,False,,,,,
3489,3,2,AUXILIAR_AYUDANTE_OPERATIVO,ADMINISTRATIVO,AUXILIAR DE SERVICIOS DE MANTENIMIENTO,DIRECCIÓN DE SERVICIOS GENERALES,True,12.69,AUXILIAR_AYUDANTE_OPERATIVO,False,2,0,0,False,False,12.69,0,,False,False,0,0,False,0,False,,,,,
3491,4,1,DOCENTE_TITULAR_CARRERA,DOCENTE,PROFESOR TITULAR AGREGADO 3 (TC),FACULTAD DE INGENIERÍA EN ELECTRICIDAD Y COMPUTACIÓN,True,8.94,DOCENTE_TITULAR_CARRERA,True,0,0,0,False,False,,1,TECNICO_OPERATIVO_MANTENIMIENTO,True,True,7,2,False,0,True,AUTORIDAD_ADMINISTRATIVA_SUPERIOR,,,,
3492,6,4,DOCENTE_TITULAR_CARRERA,DOCENTE,PROFESOR TITULAR AGREGADO 1 (TC),FACULTAD DE INGENIERÍA EN ELECTRICIDAD Y COMPUTACIÓN,True,15.28,PROFESIONAL_ANALISTA,False,3,1,0,True,False,17.32,2,OTROS_AA,True,True,4,3,False,0,True,JEFATURA_SUPERVISION_OPERATIVA,,,,
3496,1,1,AUXILIAR_AYUDANTE_OPERATIVO,ADMINISTRATIVO,AUXILIAR DE SERVICIOS,FACULTAD DE CIENCIAS SOCIALES Y HUMANÍSTICAS,True,28.31,AUXILIAR_AYUDANTE_OPERATIVO,True,0,0,0,False,False,,0,,False,False,0,0,False,0,False,,,,,
3497,2,2,PROFESIONAL_ANALISTA,ADMINISTRATIVO,ANALISTA DE DESARROLLO DE SISTEMAS 1,GERENCIA DE TECNOLOGÍAS Y SISTEMAS DE INFORMACIÓN,True,29.18,SERVICIOS_GENERALES_OFICIOS,False,1,0,0,False,False,29.18,0,,False,False,0,0,False,0,False,,,,,
3503,1,1,PROFESIONAL_ANALISTA,ADMINISTRATIVO,ANALISTA DE SOSTENIBILIDAD 3,DIRECCIÓN DE SOSTENIBILIDAD,True,2.86,PROFESIONAL_ANALISTA,True,0,0,0,False,False,,1,AUTORIDAD_ADMINISTRATIVA_SUPERIOR,True,True,12,1,True,12,True,OTROS_AA,,,,
3519,21,3,DOCENTE_TITULAR_CARRERA,DOCENTE,PROFESOR TITULAR AUXILIAR 2 (TP),FACULTAD DE INGENIERÍA MECÁNICA Y CIENCIAS DE LA PRODUCCIÓN,True,11.36,DOCENTE_TITULAR_CARRERA,False,3,1,1,True,True,21.32,3,AUTORIDAD_ADMINISTRATIVA_SUPERIOR,True,True,5,3,True,1,True,OTROS_AA,,,,
3541,2,2,DOCENTE_TITULAR_CARRERA,DOCENTE,PROFESOR TITULAR PRINCIPAL 2 (TC),FACULTAD DE CIENCIAS DE LA VIDA,True,13.69,DOCENTE_INVESTIGADOR,False,1,0,0,False,False,13.69,1,AUTORIDAD_ACADEMICA_SUPERIOR,True,True,21,3,False,0,True,AUTORIDAD_ADMINISTRATIVA_SUPERIOR,,,,
3565,6,2,DOCENTE_TITULAR_CARRERA,DOCENTE,PROFESOR TITULAR PRINCIPAL (TC),DESCONOCIDA,False,30.24,DOCENTE_TITULAR_CARRERA,False,2,0,0,False,False,40.31,2,AUTORIDAD_ADMINISTRATIVA_SUPERIOR,True,False,0,0,False,0,False,,,,,
3571,6,2,DOCENTE_TITULAR_CARRERA,DOCENTE,PROFESOR TITULAR AGREGADO 1 (TP),DESCONOCIDA,False,7.49,DOCENTE_NO_TITULAR_OCASIONAL,False,1,0,0,False,False,23.89,2,OTROS_AA,True,False,0,0,False,0,False,,,,,
3578,5,1,DOCENTE_TITULAR_CARRERA,DOCENTE,PROFESOR TITULAR PRINCIPAL (MT),FACULTAD DE INGENIERÍA MECÁNICA Y CIENCIAS DE LA PRODUCCIÓN,True,13.69,DOCENTE_TITULAR_CARRERA,True,0,0,0,False,False,,0,,False,False,0,0,False,0,False,,,,,
3592,3,1,DOCENTE_NO_TITULAR_OCASIONAL,DOCENTE,PROFESOR NO TITULAR OCASIONAL 1 (TP),DESCONOCIDA,False,0.39,DOCENTE_NO_TITULAR_OCASIONAL,True,0,0,0,False,False,,0,,False,False,0,0,False,0,False,,,,,
3593,31,4,DOCENTE_TITULAR_CARRERA,DOCENTE,PROFESOR TITULAR AGREGADO 1 (TC),DESCONOCIDA,False,10.83,DOCENTE_PREPOLITECNICO,False,5,1,1,True,True,27.3,4,OTROS_AA,True,True,2,1,False,0,True,OTROS_AA,,,,
3596,4,1,DOCENTE_NO_TITULAR_OCASIONAL,DOCENTE,PROFESOR NO TITULAR OCASIONAL (TP),FACULTAD DE INGENIERÍA MECÁNICA Y CIENCIAS DE LA PRODUCCIÓN,True,3.68,DOCENTE_NO_TITULAR_OCASIONAL,True,0,0,0,False,False,,0,,False,False,0,0,False,0,False,,,,,
3600,7,4,DOCENTE_TITULAR_CARRERA,DOCENTE,PROFESOR TITULAR PRINCIPAL 1 (TC),FACULTAD DE INGENIERÍA MECÁNICA Y CIENCIAS DE LA PRODUCCIÓN,True,8.83,DOCENTE_TITULAR_CARRERA,False,5,1,1,True,True,8.83,4,AUTORIDAD_ACADEMICA_SUPERIOR,True,True,11,4,True,3,True,OTROS_AA,,,,
3612,16,2,DOCENTE_TITULAR_CARRERA,DOCENTE,PROFESOR TITULAR AGREGADO 3 (TC),FACULTAD DE CIENCIAS NATURALES Y MATEMÁTICAS,True,21.9,DOCENTE_TITULAR_CARRERA,False,2,1,1,True,True,23.69,4,OTROS_AA,True,False,0,0,False,0,False,,,,,
3619,22,1,DOCENTE_TITULAR_CARRERA,DOCENTE,PROFESOR TITULAR PRINCIPAL 1 (TC),FACULTAD DE CIENCIAS NATURALES Y MATEMÁTICAS,True,5.63,DOCENTE_TITULAR_CARRERA,True,0,0,0,False,False,,2,DOCENTE_NO_TITULAR_OCASIONAL,True,False,0,0,False,0,False,,,,,
3634,11,1,DOCENTE_TITULAR_CARRERA,DOCENTE,PROFESOR TITULAR AGREGADO 2 (TC),FACULTAD DE INGENIERÍA EN ELECTRICIDAD Y COMPUTACIÓN,True,1.1,DOCENTE_TITULAR_CARRERA,True,0,0,0,False,False,,0,,False,False,0,0,False,0,False,,,,,
3651,6,2,DOCENTE_TITULAR_CARRERA,DOCENTE,PROFESOR TITULAR AUXILIAR 1 (TC),FACULTAD DE INGENIERÍA EN ELECTRICIDAD Y COMPUTACIÓN,True,0.15,DOCENTE_TITULAR_CARRERA,False,2,0,0,False,False,0.15,0,,False,True,4,1,False,0,True,AUTORIDAD_ADMINISTRATIVA_SUPERIOR,,,,
3659,1,1,DOCENTE_NO_TITULAR_OCASIONAL,DOCENTE,PROFESOR NO TITULAR OCASIONAL (TC),FACULTAD DE INGENIERÍA EN ELECTRICIDAD Y COMPUTACIÓN,True,8.94,DOCENTE_NO_TITULAR_OCASIONAL,True,0,0,0,False,False,,0,,False,True,3,1,False,0,True,JEFATURA_SUPERVISION_OPERATIVA,,,,
3678,1,1,TECNICO_OPERATIVO_MANTENIMIENTO,ADMINISTRATIVO,TÉCNICOS ESPECIALIZADOS - EJECUCIÓN DE PROYECTOS,DESCONOCIDA,False,0.91,TECNICO_OPERATIVO_MANTENIMIENTO,True,0,0,0,False,False,,0,,False,True,2,1,False,0,True,AUTORIDAD_ADMINISTRATIVA_SUPERIOR,,,,
3680,6,2,DOCENTE_TITULAR_CARRERA,DOCENTE,PROFESOR TITULAR PRINCIPAL (TC),FACULTAD DE CIENCIAS NATURALES Y MATEMÁTICAS,False,8.38,DOCENTE_TITULAR_CARRERA,False,2,0,0,False,False,8.83,3,AUTORIDAD_ADMINISTRATIVA_SUPERIOR,True,True,3,2,False,0,True,AUTORIDAD_ADMINISTRATIVA_SUPERIOR,,,,
3683,4,1,DOCENTE_TITULAR_CARRERA,DOCENTE,PROFESOR TITULAR PRINCIPAL (TC),DESCONOCIDA,False,8.77,DOCENTE_TITULAR_CARRERA,True,0,0,0,False,False,,2,AUTORIDAD_ADMINISTRATIVA_SUPERIOR,True,False,0,0,False,0,False,,,,,
3685,9,3,DOCENTE_TITULAR_CARRERA,DOCENTE,PROFESOR TITULAR AGREGADO 1 (TC),"FACULTAD DE ARTE, DISEÑO Y COMUNICACIÓN AUDIOVISUAL",True,11.86,DOCENTE_TITULAR_CARRERA,False,4,0,0,False,False,11.86,3,AUTORIDAD_ACADEMICA_SUPERIOR,True,True,33,3,True,17,True,JEFATURA_SUPERVISION_OPERATIVA,,,,
3690,1,1,SERVICIOS_GENERALES_OFICIOS,ADMINISTRATIVO,CHOFER,DIRECCIÓN DE SERVICIOS GENERALES,False,9.66,SERVICIOS_GENERALES_OFICIOS,True,0,0,0,False,False,,0,,False,False,0,0,False,0,False,,,,,
3724,1,1,DOCENTE_TITULAR_CARRERA,DOCENTE,PROFESOR TITULAR PRINCIPAL 2 (TC),ESCUELA DE POSTGRADO EN ADMINISTRACIÓN DE EMPRESAS,True,20.11,DOCENTE_TITULAR_CARRERA,True,0,0,0,False,False,,0,,False,True,4,2,False,0,True,AUTORIDAD_ADMINISTRATIVA_SUPERIOR,,,,
3725,37,2,DOCENTE_TITULAR_CARRERA,DOCENTE,PROFESOR TITULAR PRINCIPAL 2 (TC),FACULTAD DE INGENIERÍA EN ELECTRICIDAD Y COMPUTACIÓN,True,0.77,DOCENTE_TITULAR_CARRERA,False,12,0,0,False,False,0.77,1,AUTORIDAD_ACADEMICA_SUPERIOR,True,True,40,1,True,40,True,OTROS_AA,,,,
3727,7,3,DOCENTE_TITULAR_CARRERA,DOCENTE,PROFESOR TITULAR AGREGADO 1 (TC),"FACULTAD DE ARTE, DISEÑO Y COMUNICACIÓN AUDIOVISUAL",True,13.69,ASISTENCIA_SECRETARIAL_OFICINA,False,2,1,0,True,False,20.33,1,DIRECCION_ACADEMICA_INTERMEDIA,True,True,1,1,False,0,True,AUTORIDAD_ADMINISTRATIVA_SUPERIOR,,,,
3728,1,1,DOCENTE_TITULAR_CARRERA,DOCENTE,PROFESOR TITULAR PRINCIPAL 1 (TC),FACULTAD DE CIENCIAS DE LA VIDA,True,20.33,DOCENTE_TITULAR_CARRERA,True,0,0,0,False,False,,2,AUTORIDAD_ACADEMICA_SUPERIOR,True,True,27,3,True,23,True,AUTORIDAD_ADMINISTRATIVA_SUPERIOR,,,,
3729,13,2,DOCENTE_TITULAR_CARRERA,DOCENTE,PROFESOR TITULAR AGREGADO (TC),FACULTAD DE CIENCIAS SOCIALES Y HUMANÍSTICAS,False,2.86,DOCENTE_PREPOLITECNICO,False,1,0,0,False,False,27.9,0,,False,False,0,0,False,0,False,,,,,
3730,1,1,AUXILIAR_AYUDANTE_OPERATIVO,ADMINISTRATIVO,AUXILIAR DE SERVICIOS,GERENCIA DE COMUNICACIÓN,True,26.78,AUXILIAR_AYUDANTE_OPERATIVO,True,0,0,0,False,False,,0,,False,False,0,0,False,0,False,,,,,
3731,2,2,ASISTENCIA_SECRETARIAL_OFICINA,ADMINISTRATIVO,ASISTENTE DE ACTIVOS FIJOS,FACULTAD DE CIENCIAS DE LA VIDA,True,11.69,AUXILIAR_AYUDANTE_OPERATIVO,False,1,0,0,False,False,11.69,0,,False,True,1,1,False,0,True,OTROS_AA,,,,
3732,7,2,DOCENTE_NO_TITULAR_OCASIONAL,DOCENTE,PROFESOR NO TITULAR OCASIONAL (TP),FACULTAD DE INGENIERÍA EN ELECTRICIDAD Y COMPUTACIÓN,False,0.09,ASISTENCIA_SECRETARIAL_OFICINA,False,1,1,0,True,False,10.9,1,DOCENTE_NO_TITULAR_OCASIONAL,True,False,0,0,False,0,False,,SERVICIOS PROFESIONALES - EJECUCIÓN DE ACTIVIDADES,OFICINA DE TRANSFERENCIA DE RESULTADOS DE INVESTIGACIÓN - OTRI EN LA ESPOL,CONTRATO_SERVICIOS_PROFESIONALES_PROYECTO,ADMINISTRATIVO
3733,2,1,AUXILIAR_AYUDANTE_OPERATIVO,ADMINISTRATIVO,AUXILIAR DE SERVICIOS,DIRECCIÓN DE ADMISIONES,True,26.78,AUXILIAR_AYUDANTE_OPERATIVO,True,0,0,0,False,False,,0,,False,False,0,0,False,0,False,,,,,
3734,5,4,AUTORIDAD_ADMINISTRATIVA_SUPERIOR,ADMINISTRATIVO,GERENTE FINANCIERO,GERENCIA FINANCIERA,True,3.58,ASISTENCIA_SECRETARIAL_OFICINA,False,4,0,0,False,False,3.58,2,PROFESIONAL_ANALISTA,True,True,2,1,False,0,True,AUTORIDAD_ADMINISTRATIVA_SUPERIOR,,,,
3735,1,1,PROFESIONAL_ANALISTA,ADMINISTRATIVO,ANALISTA DE GESTIÓN DE PROYECTOS DE INVESTIGACIÓN,DECANATO DE INVESTIGACIÓN,True,11.69,PROFESIONAL_ANALISTA,True,0,0,0,False,False,,1,ASISTENCIA_SECRETARIAL_OFICINA,True,False,0,0,False,0,False,,,,,
3737,1,1,AUXILIAR_AYUDANTE_OPERATIVO,ADMINISTRATIVO,AUXILIAR DE SERVICIOS,CENTRO DE INFORMACIÓN BIBLIOTECARIA,True,37.2,AUXILIAR_AYUDANTE_OPERATIVO,True,0,0,0,False,False,,0,,False,False,0,0,False,0,False,,,,,
3738,5,2,DOCENTE_TITULAR_CARRERA,DOCENTE,PROFESOR TITULAR AGREGADO 3 (TC),FACULTAD DE CIENCIAS SOCIALES Y HUMANÍSTICAS,True,8.53,DOCENTE_TITULAR_CARRERA,False,4,0,0,False,False,8.53,2,AUTORIDAD_ACADEMICA_SUPERIOR,True,True,12,2,True,6,True,OTROS_AA,,,,
3740,15,2,AUTORIDAD_ACADEMICA_SUPERIOR,DOCENTE,DECANO(A),DECANATO DE GRADO,True,2.81,DOCENTE_TITULAR_CARRERA,False,5,0,0,False,False,2.81,2,AUTORIDAD_ADMINISTRATIVA_SUPERIOR,True,True,57,4,True,47,True,OTROS_AA,PRESTACIÓN SERVICIOS PROFESIONALES,DESCONOCIDA,DOCENTE_CONTRATADO_SERVICIOS_CIVILES,DOCENTE
3758,3,1,DOCENTE_NO_TITULAR_OCASIONAL,DOCENTE,PROFESOR PREGRADO,DESCONOCIDA,False,0.36,DOCENTE_NO_TITULAR_OCASIONAL,True,0,0,0,False,False,,0,,False,False,0,0,False,0,False,,,,,
3760,13,1,DOCENTE_NO_TITULAR_OCASIONAL,DOCENTE,PROFESOR NO TITULAR OCASIONAL (MT),FACULTAD DE INGENIERÍA EN CIENCIAS DE LA TIERRA,False,8.79,DOCENTE_NO_TITULAR_OCASIONAL,True,0,0,0,False,False,,0,,False,True,1,1,False,0,True,JEFATURA_SUPERVISION_OPERATIVA,,,,
3765,19,3,DOCENTE_NO_TITULAR_OCASIONAL,DOCENTE,PROFESOR NO TITULAR OCASIONAL (TC),FACULTAD DE CIENCIAS SOCIALES Y HUMANÍSTICAS,False,4.39,OTROS_AA,False,3,2,1,True,True,11.69,1,DOCENTE_NO_TITULAR_OCASIONAL,True,False,0,0,False,0,False,,,,,
3771,2,1,PROFESIONAL_ESPECIALIZADO_TECNICO,ADMINISTRATIVO,MÉDICO,UNIDAD DE BIENESTAR ESTUDIANTIL Y POLITÉCNICO,False,7.0,PROFESIONAL_ESPECIALIZADO_TECNICO,True,0,0,0,False,False,,0,,False,False,0,0,False,0,False,,,,,
3773,9,1,DOCENTE_TITULAR_CARRERA,DOCENTE,PROFESOR TITULAR AGREGADO 2 (TC),FACULTAD DE CIENCIAS SOCIALES Y HUMANÍSTICAS,True,14.96,DOCENTE_TITULAR_CARRERA,True,0,0,0,False,False,,0,,False,False,0,0,False,0,False,,,,,
3774,2,2,TECNICO_DOCENTE_APOYO,DOCENTE,TÉCNICO DOCENTE 1 (TC),FACULTAD DE CIENCIAS NATURALES Y MATEMÁTICAS,False,8.12,DOCENTE_NO_TITULAR_OCASIONAL,False,1,0,0,False,False,8.69,0,,False,False,0,0,False,0,False,,PROFESOR INVITADO,FACULTAD DE CIENCIAS NATURALES Y MATEMÁTICAS,DOCENTE_HONORARIO_ESPECIAL,DOCENTE
3775,41,3,PROFESIONAL_ANALISTA,ADMINISTRATIVO,ANALISTA DE CALIDAD Y ACREDITACIÓN 2,CENTRO DE INVESTIGACIONES Y SERVICIOS EDUCATIVOS,True,0.04,ASISTENCIA_SECRETARIAL_OFICINA,False,15,0,0,False,False,0.04,4,AUTORIDAD_ADMINISTRATIVA_SUPERIOR,True,True,21,2,True,20,True,OTROS_AA,,,,
3776,2,2,ASISTENCIA_SECRETARIAL_OFICINA,ADMINISTRATIVO,ASISTENTE EJECUTIVA 3,DECANATO DE GRADO,True,17.69,AUXILIAR_AYUDANTE_OPERATIVO,False,1,0,0,False,False,17.69,0,,False,False,0,0,False,0,False,,,,,
3777,3,1,DOCENTE_NO_TITULAR_OCASIONAL,DOCENTE,PROFESOR NO TITULAR OCASIONAL (TC),FACULTAD DE CIENCIAS SOCIALES Y HUMANÍSTICAS,True,17.32,DOCENTE_NO_TITULAR_OCASIONAL,True,0,0,0,False,False,,0,,False,True,1,1,False,0,True,AUTORIDAD_ADMINISTRATIVA_SUPERIOR,,,,
3783,3,1,DOCENTE_NO_TITULAR_OCASIONAL,DOCENTE,PROFESOR NO TITULAR OCASIONAL (TC),FACULTAD DE CIENCIAS SOCIALES Y HUMANÍSTICAS,True,12.69,DOCENTE_NO_TITULAR_OCASIONAL,True,0,0,0,False,False,,1,TECNICO_OPERATIVO_MANTENIMIENTO,True,False,0,0,False,0,False,,,,,
3788,1,1,DOCENTE_NO_TITULAR_OCASIONAL,DOCENTE,PROFESOR NO TITULAR OCASIONAL (TC),FACULTAD DE CIENCIAS SOCIALES Y HUMANÍSTICAS,True,13.33,DOCENTE_NO_TITULAR_OCASIONAL,True,0,0,0,False,False,,0,,False,True,4,3,False,0,True,JEFATURA_SUPERVISION_OPERATIVA,,,,
3792,6,4,PROFESIONAL_ANALISTA,ADMINISTRATIVO,ANALISTA DE PLANIFICACIÓN Y PROYECTOS,CENTRO DE TECNOLOGÍAS DE LA INFORMACIÓN,False,6.75,ASISTENCIA_SECRETARIAL_OFICINA,False,4,0,0,False,False,9.53,0,,False,False,0,0,False,0,False,,,,,
3796,3,1,DOCENTE_NO_TITULAR_OCASIONAL,DOCENTE,PROFESOR NO TITULAR OCASIONAL (TC),FACULTAD DE CIENCIAS SOCIALES Y HUMANÍSTICAS,False,8.77,DOCENTE_NO_TITULAR_OCASIONAL,True,0,0,0,False,False,,1,AUTORIDAD_ADMINISTRATIVA_SUPERIOR,True,False,0,0,False,0,False,,,,,
3800,16,4,JEFATURA_SUPERVISION_OPERATIVA,ADMINISTRATIVO,COORDINACIÓN DE GESTIÓN INSTITUCIONAL,RECTORADO,True,1.61,DOCENTE_NO_TITULAR_OCASIONAL,False,6,2,3,True,True,1.61,3,DOCENTE_NO_TITULAR_OCASIONAL,True,True,3,2,True,2,True,OTROS_AA,,,,
3801,3,1,DOCENTE_NO_TITULAR_OCASIONAL,DOCENTE,PROFESOR NO TITULAR OCASIONAL (TC),FACULTAD DE CIENCIAS SOCIALES Y HUMANÍSTICAS,True,11.95,DOCENTE_NO_TITULAR_OCASIONAL,True,0,0,0,False,False,,1,TECNICO_OPERATIVO_MANTENIMIENTO,True,False,0,0,False,0,False,,,,,
3802,3,1,ASISTENCIA_SECRETARIAL_OFICINA,ADMINISTRATIVO,ASISTENTE EJECUTIVA 2,FACULTAD DE CIENCIAS SOCIALES Y HUMANÍSTICAS,True,7.69,ASISTENCIA_SECRETARIAL_OFICINA,True,0,0,0,False,False,,0,,False,False,0,0,False,0,False,,,,,
3807,5,1,DOCENTE_NO_TITULAR_OCASIONAL,DOCENTE,PROFESOR NO TITULAR OCASIONAL (TC),FACULTAD DE CIENCIAS SOCIALES Y HUMANÍSTICAS,True,14.33,DOCENTE_NO_TITULAR_OCASIONAL,True,0,0,0,False,False,,1,TECNICO_OPERATIVO_MANTENIMIENTO,True,True,5,1,False,0,True,JEFATURA_SUPERVISION_OPERATIVA,,,,
3808,3,2,ASISTENCIA_SECRETARIAL_OFICINA,ADMINISTRATIVO,ASISTENTE DE ACTIVOS FIJOS,CENTRO NACIONAL DE ACUICULTURA E INVESTIGACIONES MARINAS,True,8.94,AUXILIAR_AYUDANTE_OPERATIVO,False,1,0,0,False,False,11.69,0,,False,False,0,0,False,0,False,,,,,
3810,5,2,TECNICO_OPERATIVO_MANTENIMIENTO,ADMINISTRATIVO,TÉCNICOS ESPECIALIZADOS - EJECUCIÓN DE ACTIVIDADES,GERENCIA DE BIENESTAR POLITÉCNICO,True,0.58,OTROS_AA,False,1,0,0,False,False,8.69,0,,False,False,0,0,False,0,False,,,,,
3811,7,1,DOCENTE_NO_TITULAR_OCASIONAL,DOCENTE,PROFESOR NO TITULAR OCASIONAL (TC),FACULTAD DE CIENCIAS NATURALES Y MATEMÁTICAS,True,5.99,DOCENTE_NO_TITULAR_OCASIONAL,True,0,0,0,False,False,,0,,False,True,2,1,False,0,True,JEFATURA_SUPERVISION_OPERATIVA,,,,
3814,3,3,PROFESIONAL_ANALISTA,ADMINISTRATIVO,ANALISTA DE CALIDAD Y ACREDITACIÓN 1,GERENCIA DE PLANIFICACIÓN ESTRATÉGICA,True,10.69,SERVICIOS_GENERALES_OFICIOS,False,2,0,0,False,False,10.69,0,,False,False,0,0,False,0,False,,,,,
3818,2,2,ASISTENCIA_SECRETARIAL_OFICINA,ADMINISTRATIVO,ASISTENTE EJECUTIVA 2,SECRETARIA ADMINISTRATIVA,True,17.78,AUXILIAR_AYUDANTE_OPERATIVO,False,1,0,0,False,False,17.78,0,,False,False,0,0,False,0,False,,,,,
3820,3,2,DOCENTE_NO_TITULAR_OCASIONAL,DOCENTE,PROFESOR NO TITULAR OCASIONAL (TC),FACULTAD DE CIENCIAS SOCIALES Y HUMANÍSTICAS,False,0.97,DOCENTE_NO_TITULAR_OCASIONAL,False,2,0,0,False,False,3.33,0,,False,False,0,0,False,0,False,,,,,
3821,4,3,DOCENTE_NO_TITULAR_OCASIONAL,DOCENTE,PROFESOR NO TITULAR OCASIONAL (TP),FACULTAD DE CIENCIAS DE LA VIDA,False,3.38,PROFESIONAL_ANALISTA,False,2,1,0,True,False,10.93,0,,False,False,0,0,False,0,False,,,,,
3829,6,4,DOCENTE_TITULAR_CARRERA,DOCENTE,PROFESOR TITULAR AUXILIAR 2 (TC),FACULTAD DE CIENCIAS SOCIALES Y HUMANÍSTICAS,False,13.96,AUXILIAR_AYUDANTE_OPERATIVO,False,4,2,1,True,True,14.96,1,AUTORIDAD_ACADEMICA_SUPERIOR,True,True,25,3,True,14,True,OTROS_AA,,,,
3850,2,1,AUXILIAR_AYUDANTE_OPERATIVO,ADMINISTRATIVO,AUXILIAR DE SERVICIOS,FACULTAD DE CIENCIAS DE LA VIDA,False,19.08,AUXILIAR_AYUDANTE_OPERATIVO,True,0,0,0,False,False,,0,,False,False,0,0,False,0,False,,,,,
3852,1,1,AUXILIAR_AYUDANTE_OPERATIVO,ADMINISTRATIVO,AUXILIAR DE SERVICIOS,DIRECCIÓN DE SERVICIOS GENERALES,False,25.16,AUXILIAR_AYUDANTE_OPERATIVO,True,0,0,0,False,False,,0,,False,False,0,0,False,0,False,,,,,
3853,1,1,AUXILIAR_AYUDANTE_OPERATIVO,ADMINISTRATIVO,AUXILIAR DE SERVICIOS DE MANTENIMIENTO,DIRECCIÓN DE SERVICIOS GENERALES,True,26.54,AUXILIAR_AYUDANTE_OPERATIVO,True,0,0,0,False,False,,0,,False,False,0,0,False,0,False,,,,,
3856,1,1,AUXILIAR_AYUDANTE_OPERATIVO,ADMINISTRATIVO,AUXILIAR DE SERVICIOS,DIRECCIÓN DE SERVICIOS GENERALES,False,9.58,AUXILIAR_AYUDANTE_OPERATIVO,True,0,0,0,False,False,,0,,False,False,0,0,False,0,False,,,,,
3858,2,2,SERVICIOS_GENERALES_OFICIOS,ADMINISTRATIVO,JARDINERO/TRABAJADOR DEL DEPARTAMENTO DE GESTIÒN AMBIENTAL,DIRECCIÓN DE SERVICIOS GENERALES,False,12.24,AUXILIAR_AYUDANTE_OPERATIVO,False,1,0,0,False,False,12.69,0,,False,False,0,0,False,0,False,,,,,
3859,2,2,SERVICIOS_GENERALES_OFICIOS,ADMINISTRATIVO,JARDINERO/TRABAJADOR DEL DEPARTAMENTO DE GESTIÒN AMBIENTAL,DIRECCIÓN DE SERVICIOS GENERALES,True,1.69,AUXILIAR_AYUDANTE_OPERATIVO,False,1,0,0,False,False,1.69,1,AUXILIAR_AYUDANTE_OPERATIVO,True,False,0,0,False,0,False,,,,,
3862,1,1,AUXILIAR_AYUDANTE_OPERATIVO,ADMINISTRATIVO,AUXILIAR DE SERVICIOS,FACULTAD DE CIENCIAS NATURALES Y MATEMÁTICAS,True,20.28,AUXILIAR_AYUDANTE_OPERATIVO,True,0,0,0,False,False,,0,,False,False,0,0,False,0,False,,,,,
3863,1,1,AUXILIAR_AYUDANTE_OPERATIVO,ADMINISTRATIVO,AUXILIAR DE SERVICIOS DE MANTENIMIENTO,DIRECCIÓN DE SERVICIOS GENERALES,True,32.86,AUXILIAR_AYUDANTE_OPERATIVO,True,0,0,0,False,False,,0,,False,False,0,0,False,0,False,,,,,
3864,3,1,AUXILIAR_AYUDANTE_OPERATIVO,ADMINISTRATIVO,AUXILIAR DE SERVICIOS,FACULTAD DE INGENIERÍA EN ELECTRICIDAD Y COMPUTACIÓN,True,26.53,AUXILIAR_AYUDANTE_OPERATIVO,True,0,0,0,False,False,,0,,False,False,0,0,False,0,False,,,,,
3865,1,1,AUXILIAR_AYUDANTE_OPERATIVO,ADMINISTRATIVO,AUXILIAR DE SERVICIOS,DIRECCIÓN DE ADMISIONES,False,8.3,AUXILIAR_AYUDANTE_OPERATIVO,True,0,0,0,False,False,,0,,False,False,0,0,False,0,False,,,,,
3866,2,2,SERVICIOS_GENERALES_OFICIOS,ADMINISTRATIVO,OPERADOR DE ESTACIÒN DE BOMBEO,DIRECCIÓN DE SERVICIOS GENERALES,True,12.69,AUXILIAR_AYUDANTE_OPERATIVO,False,1,0,0,False,False,12.69,0,,False,False,0,0,False,0,False,,,,,
3867,2,2,TECNICO_OPERATIVO_MANTENIMIENTO,ADMINISTRATIVO,TÈCNICO DE MANTENIMIENTO,DIRECCIÓN DE SERVICIOS GENERALES,True,12.69,AUXILIAR_AYUDANTE_OPERATIVO,False,1,0,0,False,False,12.69,0,,False,False,0,0,False,0,False,,,,,
3869,7,3,JEFATURA_SUPERVISION_OPERATIVA,ADMINISTRATIVO,JEFE DE TRABAJOS,DIRECCIÓN DE SERVICIOS GENERALES,True,3.69,AUXILIAR_AYUDANTE_OPERATIVO,False,4,0,0,False,False,3.69,1,SERVICIOS_GENERALES_OFICIOS,True,False,0,0,False,0,False,,,,,
3870,1,1,AUXILIAR_AYUDANTE_OPERATIVO,ADMINISTRATIVO,AUXILIAR DE SERVICIOS DE MANTENIMIENTO,DIRECCIÓN DE SERVICIOS GENERALES,True,29.36,AUXILIAR_AYUDANTE_OPERATIVO,True,0,0,0,False,False,,0,,False,False,0,0,False,0,False,,,,,
3871,1,1,AUXILIAR_AYUDANTE_OPERATIVO,ADMINISTRATIVO,AUXILIAR DE SERVICIOS,CENTRO DE INFORMACIÓN BIBLIOTECARIA,True,22.44,AUXILIAR_AYUDANTE_OPERATIVO,True,0,0,0,False,False,,0,,False,False,0,0,False,0,False,,,,,
3872,1,1,AUXILIAR_AYUDANTE_OPERATIVO,ADMINISTRATIVO,AUXILIAR DE SERVICIOS,DIRECCIÓN DE ADMISIONES,True,20.71,AUXILIAR_AYUDANTE_OPERATIVO,True,0,0,0,False,False,,0,,False,False,0,0,False,0,False,,,,,
3874,5,2,SERVICIOS_GENERALES_OFICIOS,ADMINISTRATIVO,OPERADOR DE GABARRA,FACULTAD DE INGENIERÍA MARÍTIMA Y CIENCIAS DEL MAR,True,1.69,AUXILIAR_AYUDANTE_OPERATIVO,False,3,0,0,False,False,1.69,1,AUXILIAR_AYUDANTE_OPERATIVO,True,False,0,0,False,0,False,,,,,
3875,2,2,SERVICIOS_GENERALES_OFICIOS,ADMINISTRATIVO,GUARDIÀN/GUARDIÀN ADMINISTRATIVO,DIRECCIÓN DE SERVICIOS GENERALES,False,9.83,AUXILIAR_AYUDANTE_OPERATIVO,False,1,0,0,False,False,12.69,0,,False,False,0,0,False,0,False,,,,,
3877,2,2,TECNICO_OPERATIVO_MANTENIMIENTO,ADMINISTRATIVO,TÈCNICO DE MANTENIMIENTO,DIRECCIÓN DE SERVICIOS GENERALES,True,12.69,AUXILIAR_AYUDANTE_OPERATIVO,False,1,0,0,False,False,12.69,0,,False,False,0,0,False,0,False,,,,,
3878,1,1,AUXILIAR_AYUDANTE_OPERATIVO,ADMINISTRATIVO,AUXILIAR DE SERVICIOS,FACULTAD DE CIENCIAS NATURALES Y MATEMÁTICAS,True,30.9,AUXILIAR_AYUDANTE_OPERATIVO,True,0,0,0,False,False,,0,,False,True,2,1,False,0,True,OTROS_AA,,,,
3879,1,1,AUXILIAR_AYUDANTE_OPERATIVO,ADMINISTRATIVO,AUXILIAR DE SERVICIOS DE MANTENIMIENTO,GERENCIA DE BIENESTAR POLITÉCNICO,True,30.25,AUXILIAR_AYUDANTE_OPERATIVO,True,0,0,0,False,False,,0,,False,False,0,0,False,0,False,,,,,
3880,3,2,SERVICIOS_GENERALES_OFICIOS,ADMINISTRATIVO,CHOFER,"VICERRECTORADO DE INVESTIGACIÓN, DESARROLLO E INNOVACIÓN",True,12.69,AUXILIAR_AYUDANTE_OPERATIVO,False,1,0,0,False,False,12.69,0,,False,False,0,0,False,0,False,,,,,
3881,2,1,AUXILIAR_AYUDANTE_OPERATIVO,ADMINISTRATIVO,AUXILIAR DE SERVICIOS,FACULTAD DE INGENIERÍA EN ELECTRICIDAD Y COMPUTACIÓN,True,26.66,AUXILIAR_AYUDANTE_OPERATIVO,True,0,0,0,False,False,,0,,False,False,0,0,False,0,False,,,,,
3882,2,2,JEFATURA_SUPERVISION_OPERATIVA,ADMINISTRATIVO,SUPERVISOR DE JARDINERÌA,DIRECCIÓN DE SERVICIOS GENERALES,True,12.69,AUXILIAR_AYUDANTE_OPERATIVO,False,1,0,0,False,False,12.69,0,,False,False,0,0,False,0,False,,,,,
3883,1,1,SERVICIOS_GENERALES_OFICIOS,ADMINISTRATIVO,CHOFER,VICERRECTORADO DE DOCENCIA,True,26.53,SERVICIOS_GENERALES_OFICIOS,True,0,0,0,False,False,,0,,False,False,0,0,False,0,False,,,,,
3884,4,2,AUXILIAR_AYUDANTE_OPERATIVO,ADMINISTRATIVO,AUXILIAR DE SERVICIOS DE MANTENIMIENTO,DIRECCIÓN DE SERVICIOS GENERALES,True,1.69,SERVICIOS_GENERALES_OFICIOS,False,3,0,0,False,False,1.69,1,SERVICIOS_GENERALES_OFICIOS,True,False,0,0,False,0,False,,,,,
3886,1,1,AUXILIAR_AYUDANTE_OPERATIVO,ADMINISTRATIVO,AUXILIAR DE SERVICIOS DE MANTENIMIENTO,DIRECCIÓN DE SERVICIOS GENERALES,True,28.45,AUXILIAR_AYUDANTE_OPERATIVO,True,0,0,0,False,False,,0,,False,False,0,0,False,0,False,,,,,
3887,3,2,SERVICIOS_GENERALES_OFICIOS,ADMINISTRATIVO,CHOFER,DIRECCIÓN DE SERVICIOS GENERALES,True,12.69,SERVICIOS_GENERALES_OFICIOS,False,2,0,0,False,False,12.69,0,,False,False,0,0,False,0,False,,,,,
3889,1,1,AUXILIAR_AYUDANTE_OPERATIVO,ADMINISTRATIVO,AUXILIAR DE SERVICIOS,FACULTAD DE INGENIERÍA EN ELECTRICIDAD Y COMPUTACIÓN,True,26.53,AUXILIAR_AYUDANTE_OPERATIVO,True,0,0,0,False,False,,0,,False,False,0,0,False,0,False,,,,,
3890,2,2,SERVICIOS_GENERALES_OFICIOS,ADMINISTRATIVO,PINTOR,DIRECCIÓN DE SERVICIOS GENERALES,True,12.69,AUXILIAR_AYUDANTE_OPERATIVO,False,1,0,0,False,False,12.69,0,,False,False,0,0,False,0,False,,,,,
3892,2,2,SERVICIOS_GENERALES_OFICIOS,ADMINISTRATIVO,JARDINERO/TRABAJADOR DEL DEPARTAMENTO DE GESTIÒN AMBIENTAL,DIRECCIÓN DE SERVICIOS GENERALES,True,12.69,AUXILIAR_AYUDANTE_OPERATIVO,False,1,0,0,False,False,12.69,0,,False,False,0,0,False,0,False,,,,,
3893,3,2,SERVICIOS_GENERALES_OFICIOS,ADMINISTRATIVO,INSPECTOR DE REDES AA.PP.,DIRECCIÓN DE SERVICIOS GENERALES,True,3.69,AUXILIAR_AYUDANTE_OPERATIVO,False,1,0,0,False,False,3.69,1,AUXILIAR_AYUDANTE_OPERATIVO,True,False,0,0,False,0,False,,,,,
3895,1,1,AUXILIAR_AYUDANTE_OPERATIVO,ADMINISTRATIVO,AUXILIAR DE SERVICIOS,FACULTAD DE INGENIERÍA EN CIENCIAS DE LA TIERRA,True,22.44,AUXILIAR_AYUDANTE_OPERATIVO,True,0,0,0,False,False,,0,,False,False,0,0,False,0,False,,,,,
3896,3,3,JEFATURA_SUPERVISION_OPERATIVA,ADMINISTRATIVO,JEFE DE TRABAJOS,DIRECCIÓN DE SERVICIOS GENERALES,True,3.69,AUXILIAR_AYUDANTE_OPERATIVO,False,2,0,0,False,False,3.69,1,SERVICIOS_GENERALES_OFICIOS,True,False,0,0,False,0,False,,,,,
3897,1,1,AUXILIAR_AYUDANTE_OPERATIVO,ADMINISTRATIVO,AUXILIAR DE SERVICIOS,DIRECCIÓN DE ADMISIONES,True,21.11,AUXILIAR_AYUDANTE_OPERATIVO,True,0,0,0,False,False,,0,,False,False,0,0,False,0,False,,,,,
3898,1,1,AUXILIAR_AYUDANTE_OPERATIVO,ADMINISTRATIVO,AYUDANTE DE SERVICIOS ADMINISTRATIVOS,DIRECCIÓN DE SERVICIOS GENERALES,True,28.44,AUXILIAR_AYUDANTE_OPERATIVO,True,0,0,0,False,False,,0,,False,False,0,0,False,0,False,,,,,
3901,2,2,SERVICIOS_GENERALES_OFICIOS,ADMINISTRATIVO,JARDINERO/TRABAJADOR DEL DEPARTAMENTO DE GESTIÒN AMBIENTAL,DIRECCIÓN DE SERVICIOS GENERALES,False,9.66,AUXILIAR_AYUDANTE_OPERATIVO,False,1,0,0,False,False,12.69,0,,False,False,0,0,False,0,False,,,,,
3902,1,1,AUXILIAR_AYUDANTE_OPERATIVO,ADMINISTRATIVO,AUXILIAR DE SERVICIOS DE MANTENIMIENTO,FACULTAD DE CIENCIAS NATURALES Y MATEMÁTICAS,True,27.78,AUXILIAR_AYUDANTE_OPERATIVO,True,0,0,0,False,False,,0,,False,False,0,0,False,0,False,,,,,
3905,1,1,AUXILIAR_AYUDANTE_OPERATIVO,ADMINISTRATIVO,AUXILIAR DE SERVICIOS DE MANTENIMIENTO,DIRECCIÓN DE SERVICIOS GENERALES,True,25.69,AUXILIAR_AYUDANTE_OPERATIVO,True,0,0,0,False,False,,0,,False,False,0,0,False,0,False,,,,,
3909,1,1,AUXILIAR_AYUDANTE_OPERATIVO,ADMINISTRATIVO,AUXILIAR DE SERVICIOS DE MANTENIMIENTO,DIRECCIÓN DE SERVICIOS GENERALES,False,21.92,AUXILIAR_AYUDANTE_OPERATIVO,True,0,0,0,False,False,,0,,False,False,0,0,False,0,False,,,,,
3910,1,1,AUXILIAR_AYUDANTE_OPERATIVO,ADMINISTRATIVO,AUXILIAR DE SERVICIOS DE MANTENIMIENTO,DIRECCIÓN DE SERVICIOS GENERALES,False,25.63,AUXILIAR_AYUDANTE_OPERATIVO,True,0,0,0,False,False,,0,,False,False,0,0,False,0,False,,,,,
3911,2,2,SERVICIOS_GENERALES_OFICIOS,ADMINISTRATIVO,JARDINERO/TRABAJADOR DEL DEPARTAMENTO DE GESTIÒN AMBIENTAL,DIRECCIÓN DE SERVICIOS GENERALES,False,8.83,AUXILIAR_AYUDANTE_OPERATIVO,False,1,0,0,False,False,12.69,0,,False,False,0,0,False,0,False,,,,,
3912,2,2,SERVICIOS_GENERALES_OFICIOS,ADMINISTRATIVO,PINTOR,DIRECCIÓN DE SERVICIOS GENERALES,False,7.83,AUXILIAR_AYUDANTE_OPERATIVO,False,1,0,0,False,False,12.69,0,,False,False,0,0,False,0,False,,,,,
3913,3,2,SERVICIOS_GENERALES_OFICIOS,ADMINISTRATIVO,JARDINERO/TRABAJADOR DEL DEPARTAMENTO DE GESTIÒN AMBIENTAL,DIRECCIÓN DE SERVICIOS GENERALES,False,11.44,AUXILIAR_AYUDANTE_OPERATIVO,False,1,0,0,False,False,12.69,0,,False,False,0,0,False,0,False,,,,,
3914,1,1,AUXILIAR_AYUDANTE_OPERATIVO,ADMINISTRATIVO,AUXILIAR DE SERVICIOS,DIRECCIÓN DE SERVICIOS GENERALES,False,25.48,AUXILIAR_AYUDANTE_OPERATIVO,True,0,0,0,False,False,,0,,False,False,0,0,False,0,False,,,,,
3915,2,2,SERVICIOS_GENERALES_OFICIOS,ADMINISTRATIVO,GUARDIÀN/GUARDIÀN ADMINISTRATIVO,DIRECCION DE SEGURIDAD FISICA,True,12.69,AUXILIAR_AYUDANTE_OPERATIVO,False,1,0,0,False,False,12.69,0,,False,False,0,0,False,0,False,,,,,
3916,1,1,AUXILIAR_AYUDANTE_OPERATIVO,ADMINISTRATIVO,AUXILIAR DE SERVICIOS DE MANTENIMIENTO,FACULTAD DE CIENCIAS DE LA VIDA,True,22.44,AUXILIAR_AYUDANTE_OPERATIVO,True,0,0,0,False,False,,0,,False,False,0,0,False,0,False,,,,,
3917,3,2,SERVICIOS_GENERALES_OFICIOS,ADMINISTRATIVO,JARDINERO/TRABAJADOR DEL DEPARTAMENTO DE GESTIÒN AMBIENTAL,DIRECCIÓN DE SERVICIOS GENERALES,False,12.08,SERVICIOS_GENERALES_OFICIOS,False,2,0,0,False,False,12.69,0,,False,False,0,0,False,0,False,,,,,
3918,1,1,AUXILIAR_AYUDANTE_OPERATIVO,ADMINISTRATIVO,AUXILIAR DE SERVICIOS,FACULTAD DE CIENCIAS NATURALES Y MATEMÁTICAS,True,27.2,AUXILIAR_AYUDANTE_OPERATIVO,True,0,0,0,False,False,,0,,False,False,0,0,False,0,False,,,,,
3919,3,3,JEFATURA_SUPERVISION_OPERATIVA,ADMINISTRATIVO,SUPERVISOR DE SEGURIDAD,DIRECCION DE SEGURIDAD FISICA,True,11.69,AUXILIAR_AYUDANTE_OPERATIVO,False,2,0,0,False,False,11.69,0,,False,False,0,0,False,0,False,,,,,
3920,2,2,SERVICIOS_GENERALES_OFICIOS,ADMINISTRATIVO,JARDINERO/TRABAJADOR DEL DEPARTAMENTO DE GESTIÒN AMBIENTAL,DIRECCIÓN DE SERVICIOS GENERALES,True,12.69,AUXILIAR_AYUDANTE_OPERATIVO,False,1,0,0,False,False,12.69,0,,False,False,0,0,False,0,False,,,,,
3921,3,2,SERVICIOS_GENERALES_OFICIOS,ADMINISTRATIVO,SOLDADOR,DIRECCIÓN DE SERVICIOS GENERALES,True,12.69,SERVICIOS_GENERALES_OFICIOS,False,2,0,0,False,False,12.69,0,,False,False,0,0,False,0,False,,,,,
3922,3,2,SERVICIOS_GENERALES_OFICIOS,ADMINISTRATIVO,ALBAÑIL,DIRECCIÓN DE SERVICIOS GENERALES,True,12.69,SERVICIOS_GENERALES_OFICIOS,False,2,0,0,False,False,12.69,0,,False,False,0,0,False,0,False,,,,,
3925,2,2,SERVICIOS_GENERALES_OFICIOS,ADMINISTRATIVO,CHOFER,DIRECCIÓN DE SERVICIOS GENERALES,True,12.69,AUXILIAR_AYUDANTE_OPERATIVO,False,1,0,0,False,False,12.69,0,,False,False,0,0,False,0,False,,,,,
3926,1,1,AUXILIAR_AYUDANTE_OPERATIVO,ADMINISTRATIVO,AUXILIAR DE SERVICIOS,CENTRO DE INFORMACIÓN BIBLIOTECARIA,True,28.61,AUXILIAR_AYUDANTE_OPERATIVO,True,0,0,0,False,False,,0,,False,False,0,0,False,0,False,,,,,
3927,1,1,AUXILIAR_AYUDANTE_OPERATIVO,ADMINISTRATIVO,AUXILIAR DE SERVICIOS,CENTRO DE TECNOLOGÍAS DE LA INFORMACIÓN,True,26.53,AUXILIAR_AYUDANTE_OPERATIVO,True,0,0,0,False,False,,0,,False,False,0,0,False,0,False,,,,,
3928,1,1,AUXILIAR_AYUDANTE_OPERATIVO,ADMINISTRATIVO,AUXILIAR DE SERVICIOS,FACULTAD DE CIENCIAS NATURALES Y MATEMÁTICAS,True,26.53,AUXILIAR_AYUDANTE_OPERATIVO,True,0,0,0,False,False,,0,,False,False,0,0,False,0,False,,,,,
3929,2,2,SERVICIOS_GENERALES_OFICIOS,ADMINISTRATIVO,JARDINERO/TRABAJADOR DEL DEPARTAMENTO DE GESTIÒN AMBIENTAL,DIRECCIÓN DE SERVICIOS GENERALES,True,12.69,AUXILIAR_AYUDANTE_OPERATIVO,False,1,0,0,False,False,12.69,0,,False,False,0,0,False,0,False,,,,,
3930,3,2,JEFATURA_SUPERVISION_OPERATIVA,ADMINISTRATIVO,SUPERVISOR DE CONSERJERÌA,FACULTAD DE CIENCIAS DE LA VIDA,False,0.83,AUXILIAR_AYUDANTE_OPERATIVO,False,1,0,0,False,False,1.69,1,AUXILIAR_AYUDANTE_OPERATIVO,True,True,2,1,False,0,True,OTROS_AA,,,,
3931,1,1,AUXILIAR_AYUDANTE_OPERATIVO,ADMINISTRATIVO,AUXILIAR DE IMPRENTA,GERENCIA DE COMUNICACIÓN,True,26.78,AUXILIAR_AYUDANTE_OPERATIVO,True,0,0,0,False,False,,0,,False,False,0,0,False,0,False,,,,,
3932,2,2,SERVICIOS_GENERALES_OFICIOS,ADMINISTRATIVO,PINTOR,FACULTAD DE CIENCIAS SOCIALES Y HUMANÍSTICAS,True,12.69,AUXILIAR_AYUDANTE_OPERATIVO,False,1,0,0,False,False,12.69,0,,False,False,0,0,False,0,False,,,,,
3933,1,1,AUXILIAR_AYUDANTE_OPERATIVO,ADMINISTRATIVO,AUXILIAR DE SERVICIOS,FACULTAD DE INGENIERÍA EN ELECTRICIDAD Y COMPUTACIÓN,True,26.51,AUXILIAR_AYUDANTE_OPERATIVO,True,0,0,0,False,False,,0,,False,False,0,0,False,0,False,,,,,
3934,2,2,SERVICIOS_GENERALES_OFICIOS,ADMINISTRATIVO,JARDINERO/TRABAJADOR DEL DEPARTAMENTO DE GESTIÒN AMBIENTAL,DIRECCIÓN DE SERVICIOS GENERALES,True,12.69,AUXILIAR_AYUDANTE_OPERATIVO,False,1,0,0,False,False,12.69,0,,False,False,0,0,False,0,False,,,,,
3935,3,2,SERVICIOS_GENERALES_OFICIOS,ADMINISTRATIVO,OPERADOR DE ESTACIÒN DE BOMBEO,FACULTAD DE CIENCIAS DE LA VIDA,True,12.69,AUXILIAR_AYUDANTE_OPERATIVO,False,1,0,0,False,False,12.69,0,,False,False,0,0,False,0,False,,,,,
3937,1,1,AUXILIAR_AYUDANTE_OPERATIVO,ADMINISTRATIVO,AUXILIAR DE SERVICIOS,FACULTAD DE CIENCIAS SOCIALES Y HUMANÍSTICAS,True,26.28,AUXILIAR_AYUDANTE_OPERATIVO,True,0,0,0,False,False,,0,,False,False,0,0,False,0,False,,,,,
3938,2,2,JEFATURA_SUPERVISION_OPERATIVA,ADMINISTRATIVO,SUPERVISOR DE CORREO,DIRECCIÓN DE SERVICIOS GENERALES,False,7.41,AUXILIAR_AYUDANTE_OPERATIVO,False,1,0,0,False,False,8.69,0,,False,False,0,0,False,0,False,,,,,
3939,2,1,AUXILIAR_AYUDANTE_OPERATIVO,ADMINISTRATIVO,AUXILIAR DE SERVICIOS DE MANTENIMIENTO,DIRECCIÓN DE SERVICIOS GENERALES,True,25.03,AUXILIAR_AYUDANTE_OPERATIVO,True,0,0,0,False,False,,0,,False,False,0,0,False,0,False,,,,,
3941,2,2,AUXILIAR_AYUDANTE_OPERATIVO,ADMINISTRATIVO,AUXILIAR DE SERVICIOS,DIRECCIÓN DE SERVICIOS GENERALES,True,19.2,SERVICIOS_GENERALES_OFICIOS,False,1,0,0,False,False,19.2,0,,False,False,0,0,False,0,False,,,,,
3942,1,1,AUXILIAR_AYUDANTE_OPERATIVO,ADMINISTRATIVO,AUXILIAR DE SERVICIOS,FACULTAD DE CIENCIAS NATURALES Y MATEMÁTICAS,True,22.44,AUXILIAR_AYUDANTE_OPERATIVO,True,0,0,0,False,False,,0,,False,False,0,0,False,0,False,,,,,
3943,1,1,AUXILIAR_AYUDANTE_OPERATIVO,ADMINISTRATIVO,AYUDANTE DE SERVICIOS ADMINISTRATIVOS,SECRETARIA ADMINISTRATIVA,True,20.94,AUXILIAR_AYUDANTE_OPERATIVO,True,0,0,0,False,False,,0,,False,False,0,0,False,0,False,,,,,
3944,1,1,AUXILIAR_AYUDANTE_OPERATIVO,ADMINISTRATIVO,AUXILIAR DE SERVICIOS,FACULTAD DE INGENIERÍA MECÁNICA Y CIENCIAS DE LA PRODUCCIÓN,True,20.03,AUXILIAR_AYUDANTE_OPERATIVO,True,0,0,0,False,False,,0,,False,False,0,0,False,0,False,,,,,
3945,3,3,JEFATURA_SUPERVISION_OPERATIVA,ADMINISTRATIVO,SUPERVISOR DE AUXILIARES DE SERVICIOS,DIRECCIÓN DE SERVICIOS GENERALES,True,3.69,AUXILIAR_AYUDANTE_OPERATIVO,False,2,0,0,False,False,3.69,1,SERVICIOS_GENERALES_OFICIOS,True,False,0,0,False,0,False,,,,,
3962,2,2,DOCENTE_NO_TITULAR_OCASIONAL,DOCENTE,PROFESOR NO TITULAR OCASIONAL (TC),FACULTAD DE CIENCIAS DE LA VIDA,False,3.91,ASISTENCIA_SECRETARIAL_OFICINA,False,1,1,0,True,False,10.28,0,,False,True,1,1,False,0,True,JEFATURA_SUPERVISION_OPERATIVA,,,,
3973,2,2,TECNICO_DOCENTE_APOYO,DOCENTE,TÉCNICO DOCENTE 1 (TC),FACULTAD DE INGENIERÍA EN ELECTRICIDAD Y COMPUTACIÓN,False,5.78,DOCENTE_NO_TITULAR_OCASIONAL,False,1,0,0,False,False,8.69,1,TECNICO_OPERATIVO_MANTENIMIENTO,True,False,0,0,False,0,False,,,,,
3987,2,2,DOCENTE_TITULAR_CARRERA,DOCENTE,PROFESOR TITULAR AGREGADO 2 (TC),FACULTAD DE INGENIERÍA MECÁNICA Y CIENCIAS DE LA PRODUCCIÓN,True,6.44,DOCENTE_NO_TITULAR_OCASIONAL,False,1,0,0,False,False,6.44,0,,False,True,3,1,False,0,True,JEFATURA_SUPERVISION_OPERATIVA,,,,
3990,2,2,PROFESIONAL_ESPECIALIZADO_TECNICO,ADMINISTRATIVO,DISEÑADOR GRÁFICO 1,GERENCIA DE TECNOLOGÍAS Y SISTEMAS DE INFORMACIÓN,True,10.2,ASISTENCIA_SECRETARIAL_OFICINA,False,1,0,0,False,False,10.2,2,ASISTENCIA_SECRETARIAL_OFICINA,True,False,0,0,False,0,False,,,,,
4001,4,2,DOCENTE_TITULAR_CARRERA,DOCENTE,PROFESOR TITULAR AUXILIAR 2 (TC),FACULTAD DE INGENIERÍA EN CIENCIAS DE LA TIERRA,True,5.11,DOCENTE_NO_TITULAR_OCASIONAL,False,1,0,0,False,False,5.11,1,DOCENTE_NO_TITULAR_OCASIONAL,True,True,5,1,False,0,True,JEFATURA_SUPERVISION_OPERATIVA,PRESTACIÓN SERVICIOS PROFESIONALES,DESCONOCIDA,DOCENTE_CONTRATADO_SERVICIOS_CIVILES,DOCENTE
4024,3,3,DOCENTE_NO_TITULAR_OCASIONAL,DOCENTE,PROFESOR NO TITULAR OCASIONAL (TC),FACULTAD DE CIENCIAS DE LA VIDA,True,7.95,ASISTENCIA_SECRETARIAL_OFICINA,False,2,1,0,True,False,7.95,0,,False,True,2,1,False,0,True,JEFATURA_SUPERVISION_OPERATIVA,,,,
4029,15,2,DOCENTE_TITULAR_CARRERA,DOCENTE,PROFESOR TITULAR AUXILIAR 1 (TC),FACULTAD DE CIENCIAS SOCIALES Y HUMANÍSTICAS,True,0.03,DOCENTE_TITULAR_CARRERA,False,2,0,0,False,False,5.11,0,,False,True,5,2,True,1,True,OTROS_AA,,,,
4036,2,2,DOCENTE_NO_TITULAR_OCASIONAL,DOCENTE,PROFESOR NO TITULAR OCASIONAL (MT),FACULTAD DE INGENIERÍA EN ELECTRICIDAD Y COMPUTACIÓN,False,4.08,TECNICO_OPERATIVO_MANTENIMIENTO,False,1,1,0,True,False,10.36,0,,False,False,0,0,False,0,False,,,,,
4062,1,1,TECNICO_OPERATIVO_MANTENIMIENTO,ADMINISTRATIVO,TÉCNICOS ESPECIALIZADOS - EJECUCIÓN DE PROYECTOS,DESCONOCIDA,False,0.08,TECNICO_OPERATIVO_MANTENIMIENTO,True,0,0,0,False,False,,0,,False,False,0,0,False,0,False,,SERVICIOS PROFESIONALES - EJECUCIÓN DE ACTIVIDADES,CENTRO DE TECNOLOGÍAS DE LA INFORMACIÓN,CONTRATO_SERVICIOS_PROFESIONALES_PROYECTO,ADMINISTRATIVO
4067,1,1,DOCENTE_NO_TITULAR_OCASIONAL,DOCENTE,PROFESOR NO TITULAR OCASIONAL (TC),FACULTAD DE INGENIERÍA MARÍTIMA Y CIENCIAS DEL MAR,False,6.0,DOCENTE_NO_TITULAR_OCASIONAL,True,0,0,0,False,False,,0,,False,True,5,2,False,0,True,JEFATURA_SUPERVISION_OPERATIVA,,,,
4075,12,1,DOCENTE_NO_TITULAR_OCASIONAL,DOCENTE,PROFESOR NO TITULAR OCASIONAL (TC),DECANATO DE GRADO,True,7.33,DOCENTE_NO_TITULAR_OCASIONAL,True,0,0,0,False,False,,0,,False,True,8,1,False,0,True,AUTORIDAD_ADMINISTRATIVA_SUPERIOR,,,,
4082,5,2,DOCENTE_TITULAR_CARRERA,DOCENTE,PROFESOR TITULAR AUXILIAR 2 (TC),FACULTAD DE INGENIERÍA EN ELECTRICIDAD Y COMPUTACIÓN,True,10.11,DOCENTE_NO_TITULAR_OCASIONAL,False,1,0,0,False,False,10.11,1,AUTORIDAD_ACADEMICA_SUPERIOR,True,True,28,2,True,23,True,JEFATURA_SUPERVISION_OPERATIVA,,,,
4100,2,1,DOCENTE_NO_TITULAR_OCASIONAL,DOCENTE,PROFESOR NO TITULAR OCASIONAL (TP),FACULTAD DE INGENIERÍA MECÁNICA Y CIENCIAS DE LA PRODUCCIÓN,False,0.17,DOCENTE_NO_TITULAR_OCASIONAL,True,0,0,0,False,False,,0,,False,False,0,0,False,0,False,,,,,
4103,1,1,DOCENTE_NO_TITULAR_OCASIONAL,DOCENTE,PROFESOR NO TITULAR OCASIONAL (TC),FACULTAD DE CIENCIAS NATURALES Y MATEMÁTICAS,False,7.79,DOCENTE_NO_TITULAR_OCASIONAL,True,0,0,0,False,False,,0,,False,True,1,1,False,0,True,JEFATURA_SUPERVISION_OPERATIVA,,,,
4107,1,1,PROFESIONAL_ANALISTA,ADMINISTRATIVO,ANALISTA EN SEGURIDAD Y SALUD OCUPACIONAL,DIRECCIÓN DE SEGURIDAD Y SALUD OCUPACIONAL,True,1.1,PROFESIONAL_ANALISTA,True,0,0,0,False,False,,0,,False,False,0,0,False,0,False,,,,,
4109,1,1,PROFESIONAL_ANALISTA,ADMINISTRATIVO,ANALISTA DE LABORATORIO,FACULTAD DE INGENIERÍA MARÍTIMA Y CIENCIAS DEL MAR,True,12.2,PROFESIONAL_ANALISTA,True,0,0,0,False,False,,0,,False,False,0,0,False,0,False,,,,,
4135,20,2,DOCENTE_TITULAR_CARRERA,DOCENTE,PROFESOR TITULAR AGREGADO 1 (TC),FACULTAD DE CIENCIAS SOCIALES Y HUMANÍSTICAS,True,0.48,AUTORIDAD_ADMINISTRATIVA_SUPERIOR,False,1,1,0,True,False,13.92,0,,False,False,0,0,False,0,False,,,,,
4145,28,3,PROFESIONAL_ANALISTA,ADMINISTRATIVO,ANALISTA DE LABORATORIO DE INVESTIGACIÓN 3,CENTRO DE INVESTIGACIONES BIOTECNOLÓGICAS DEL ECUADOR,True,0.03,ASISTENCIA_SECRETARIAL_OFICINA,False,2,0,0,False,False,10.78,0,,False,False,0,0,False,0,False,,,,,
4163,2,2,PROFESIONAL_ANALISTA,ADMINISTRATIVO,ANALISTA FINANCIERO 2,GERENCIA FINANCIERA,False,8.91,AUXILIAR_AYUDANTE_OPERATIVO,False,1,0,0,False,False,11.69,0,,False,False,0,0,False,0,False,,,,,
4199,2,1,DOCENTE_NO_TITULAR_OCASIONAL,DOCENTE,PROFESOR NO TITULAR OCASIONAL (TC),"FACULTAD DE ARTE, DISEÑO Y COMUNICACIÓN AUDIOVISUAL",True,2.94,DOCENTE_NO_TITULAR_OCASIONAL,True,0,0,0,False,False,,0,,False,False,0,0,False,0,False,,,,,
4231,5,2,DOCENTE_TITULAR_CARRERA,DOCENTE,PROFESOR TITULAR AGREGADO 2 (TP),FACULTAD DE INGENIERÍA EN ELECTRICIDAD Y COMPUTACIÓN,True,0.33,DOCENTE_NO_TITULAR_OCASIONAL,False,1,0,0,False,False,5.11,0,,False,True,12,3,True,1,True,AUTORIDAD_ADMINISTRATIVA_SUPERIOR,,,,
4233,1,1,DOCENTE_NO_TITULAR_OCASIONAL,DOCENTE,PROFESOR NO TITULAR OCASIONAL (TC),FACULTAD DE INGENIERÍA EN ELECTRICIDAD Y COMPUTACIÓN,True,9.94,DOCENTE_NO_TITULAR_OCASIONAL,True,0,0,0,False,False,,0,,False,False,0,0,False,0,False,,,,,
4242,5,4,DOCENTE_TITULAR_CARRERA,DOCENTE,PROFESOR TITULAR AUXILIAR 2 (TC),"FACULTAD DE ARTE, DISEÑO Y COMUNICACIÓN AUDIOVISUAL",True,10.11,OTROS_AA,False,3,1,0,True,False,10.11,2,AUTORIDAD_ACADEMICA_SUPERIOR,True,True,30,2,True,18,True,OTROS_AA,,,,
4267,4,3,DOCENTE_NO_TITULAR_OCASIONAL,DOCENTE,PROFESOR NO TITULAR OCASIONAL (TC),FACULTAD DE INGENIERÍA MECÁNICA Y CIENCIAS DE LA PRODUCCIÓN,True,1.77,TECNICO_OPERATIVO_MANTENIMIENTO,False,2,1,0,True,False,10.36,1,PROFESIONAL_ANALISTA,True,False,0,0,False,0,False,,,,,
4273,3,2,TECNICO_DOCENTE_APOYO,DOCENTE,TÉCNICO DOCENTE 4 (MT),DIRECCIÓN DE ADMISIONES,False,0.22,TECNICO_OPERATIVO_MANTENIMIENTO,False,1,1,0,True,False,4.92,0,,False,False,0,0,False,0,False,,,,,
4279,5,3,DOCENTE_TITULAR_CARRERA,DOCENTE,PROFESOR TITULAR AUXILIAR 1 (TC),FACULTAD DE INGENIERÍA EN ELECTRICIDAD Y COMPUTACIÓN,True,3.67,TECNICO_OPERATIVO_MANTENIMIENTO,False,2,1,0,True,False,6.44,0,,False,True,1,1,False,0,True,JEFATURA_SUPERVISION_OPERATIVA,,,,
4294,2,2,ASISTENCIA_SECRETARIAL_OFICINA,ADMINISTRATIVO,ASISTENTE DE BIENESTAR ESTUDIANTIL Y POLITÉCNICO,UNIDAD DE BIENESTAR ESTUDIANTIL Y POLITÉCNICO,False,4.19,OTROS_AA,False,1,0,0,False,False,8.61,0,,False,False,0,0,False,0,False,,,,,
4296,7,2,DOCENTE_TITULAR_CARRERA,DOCENTE,PROFESOR TITULAR AGREGADO 2 (TC),FACULTAD DE INGENIERÍA EN ELECTRICIDAD Y COMPUTACIÓN,True,0.08,DOCENTE_NO_TITULAR_OCASIONAL,False,1,0,0,False,False,6.44,0,,False,True,7,3,True,1,True,AUTORIDAD_ADMINISTRATIVA_SUPERIOR,SERVICIOS PROFESIONALES - EJECUCIÓN DE ACTIVIDADES,VICERRECTORADO DE DOCENCIA,CONTRATO_SERVICIOS_PROFESIONALES_PROYECTO,ADMINISTRATIVO
4300,4,2,DOCENTE_TITULAR_CARRERA,DOCENTE,PROFESOR TITULAR AUXILIAR 1 (TC),FACULTAD DE CIENCIAS SOCIALES Y HUMANÍSTICAS,True,3.28,DOCENTE_TITULAR_CARRERA,False,2,0,0,False,False,3.28,1,DOCENTE_TITULAR_CARRERA,True,True,12,1,False,0,True,JEFATURA_SUPERVISION_OPERATIVA,,,,
4329,4,2,PROFESIONAL_ANALISTA,ADMINISTRATIVO,ANALISTA ESTADÍSTICO ACADÉMICO,FACULTAD DE INGENIERÍA MECÁNICA Y CIENCIAS DE LA PRODUCCIÓN,True,11.69,ASISTENCIA_SECRETARIAL_OFICINA,False,1,0,0,False,False,11.69,0,,False,False,0,0,False,0,False,,,,,
4330,1,1,AUTORIDAD_ADMINISTRATIVA_SUPERIOR,ADMINISTRATIVO,DIRECTOR DEL CENTRO DE PROMOCIÓN Y EMPLEO,DESCONOCIDA,False,2.67,AUTORIDAD_ADMINISTRATIVA_SUPERIOR,True,0,0,0,False,False,,1,TECNICO_OPERATIVO_MANTENIMIENTO,True,True,1,1,False,0,False,AUTORIDAD_ADMINISTRATIVA_SUPERIOR,,,,
4337,4,4,DOCENTE_TITULAR_CARRERA,DOCENTE,PROFESOR TITULAR AGREGADO 1 (TC),FACULTAD DE CIENCIAS NATURALES Y MATEMÁTICAS,True,1.75,TECNICO_DOCENTE_APOYO,False,3,1,1,True,True,1.75,0,,False,True,2,1,False,0,True,AUTORIDAD_ADMINISTRATIVA_SUPERIOR,,,,
4342,12,1,DOCENTE_NO_TITULAR_OCASIONAL,DOCENTE,PROFESOR NO TITULAR OCASIONAL (TP),FACULTAD DE CIENCIAS SOCIALES Y HUMANÍSTICAS,False,0.38,DOCENTE_NO_TITULAR_OCASIONAL,True,0,0,0,False,False,,0,,False,False,0,0,False,0,False,,,,,
4343,3,1,DOCENTE_NO_TITULAR_OCASIONAL,DOCENTE,PROFESOR NO TITULAR OCASIONAL (MT),FACULTAD DE CIENCIAS SOCIALES Y HUMANÍSTICAS,False,0.36,DOCENTE_NO_TITULAR_OCASIONAL,True,0,0,0,False,False,,0,,False,False,0,0,False,0,False,,,,,
4353,4,2,PROFESIONAL_ANALISTA,ADMINISTRATIVO,ANALISTA DE INFRAESTRUCTURA INFORMÁTICA 2,FACULTAD DE INGENIERÍA EN ELECTRICIDAD Y COMPUTACIÓN,True,1.47,ASISTENCIA_SECRETARIAL_OFICINA,False,1,0,0,False,False,11.69,0,,False,False,0,0,False,0,False,,,,,
4383,1,1,DOCENTE_NO_TITULAR_OCASIONAL,DOCENTE,PROFESOR NO TITULAR OCASIONAL (TC),FACULTAD DE INGENIERÍA MECÁNICA Y CIENCIAS DE LA PRODUCCIÓN,True,9.67,DOCENTE_NO_TITULAR_OCASIONAL,True,0,0,0,False,False,,0,,False,True,2,1,False,0,True,JEFATURA_SUPERVISION_OPERATIVA,,,,
4395,1,1,DOCENTE_NO_TITULAR_OCASIONAL,DOCENTE,PROFESOR NO TITULAR OCASIONAL (TC),FACULTAD DE CIENCIAS SOCIALES Y HUMANÍSTICAS,False,9.67,DOCENTE_NO_TITULAR_OCASIONAL,True,0,0,0,False,False,,0,,False,False,0,0,False,0,False,,,,,
4401,6,1,DOCENTE_NO_TITULAR_OCASIONAL,DOCENTE,PROFESOR NO TITULAR OCASIONAL (TC),FACULTAD DE CIENCIAS NATURALES Y MATEMÁTICAS,False,8.38,DOCENTE_NO_TITULAR_OCASIONAL,True,0,0,0,False,False,,2,ASISTENCIA_SECRETARIAL_OFICINA,True,True,3,1,False,0,True,AUTORIDAD_ADMINISTRATIVA_SUPERIOR,,,,
4444,3,2,PROFESIONAL_ANALISTA,ADMINISTRATIVO,ANALISTA FINANCIERO 3,GERENCIA FINANCIERA,True,11.69,JEFATURA_SUPERVISION_OPERATIVA,False,1,0,0,False,False,11.69,1,AUTORIDAD_ADMINISTRATIVA_SUPERIOR,True,True,2,1,True,2,False,OTROS_AA,,,,
4466,4,3,PROFESIONAL_ANALISTA,ADMINISTRATIVO,ANALISTA DE CALIDAD Y ACREDITACIÓN 2,SECRETARÍA TÉCNICA DE ASEGURAMIENTO DE LA CALIDAD,True,2.86,AUXILIAR_AYUDANTE_OPERATIVO,False,2,0,0,False,False,2.86,0,,False,False,0,0,False,0,False,,,,,
4488,1,1,TECNICO_DOCENTE_APOYO,DOCENTE,TÉCNICO DOCENTE 3 (TC),DIRECCIÓN DE ADMISIONES,False,0.28,TECNICO_DOCENTE_APOYO,True,0,0,0,False,False,,0,,False,False,0,0,False,0,False,,,,,
4490,5,3,DOCENTE_NO_TITULAR_OCASIONAL,DOCENTE,PROFESOR NO TITULAR OCASIONAL (TC),FACULTAD DE CIENCIAS NATURALES Y MATEMÁTICAS,True,3.33,TECNICO_OPERATIVO_MANTENIMIENTO,False,3,1,0,True,False,3.33,0,,False,False,0,0,False,0,False,,,,,
4512,2,2,PROFESIONAL_ANALISTA,ADMINISTRATIVO,ANALISTA ESTADÍSTICO ACADÉMICO,FACULTAD DE CIENCIAS DE LA VIDA,False,3.92,ASISTENCIA_SECRETARIAL_OFICINA,False,1,0,0,False,False,8.61,0,,False,True,1,1,False,0,True,JEFATURA_SUPERVISION_OPERATIVA,SERVICIOS PROFESIONALES - EJECUCIÓN DE ACTIVIDADES,FACULTAD DE CIENCIAS DE LA VIDA,CONTRATO_SERVICIOS_PROFESIONALES_PROYECTO,ADMINISTRATIVO
4527,1,1,DOCENTE_NO_TITULAR_OCASIONAL,DOCENTE,PROFESOR NO TITULAR OCASIONAL (TC),FACULTAD DE CIENCIAS NATURALES Y MATEMÁTICAS,True,10.95,DOCENTE_NO_TITULAR_OCASIONAL,True,0,0,0,False,False,,0,,False,True,3,1,False,0,True,JEFATURA_SUPERVISION_OPERATIVA,,,,
4560,1,1,DOCENTE_NO_TITULAR_OCASIONAL,DOCENTE,PROFESOR NO TITULAR OCASIONAL (TC),FACULTAD DE INGENIERÍA EN ELECTRICIDAD Y COMPUTACIÓN,True,9.92,DOCENTE_NO_TITULAR_OCASIONAL,True,0,0,0,False,False,,0,,False,True,1,1,False,0,True,JEFATURA_SUPERVISION_OPERATIVA,,,,
4584,2,2,PROFESIONAL_ANALISTA,ADMINISTRATIVO,ANALISTA DE GESTIÓN DE POSTGRADO,DECANATO DE POSGRADO,True,11.69,JEFATURA_SUPERVISION_OPERATIVA,False,1,0,0,False,False,11.69,0,,False,False,0,0,False,0,False,,,,,
4627,2,1,TECNICO_OPERATIVO_MANTENIMIENTO,ADMINISTRATIVO,TÉCNICOS ESPECIALIZADOS - EJECUCIÓN DE PROYECTOS,FACULTAD DE CIENCIAS NATURALES Y MATEMÁTICAS,False,0.11,TECNICO_OPERATIVO_MANTENIMIENTO,True,0,0,0,False,False,,0,,False,False,0,0,False,0,False,,,,,
4635,2,1,DOCENTE_NO_TITULAR_OCASIONAL,DOCENTE,PROFESOR NO TITULAR OCASIONAL (TC),FACULTAD DE CIENCIAS SOCIALES Y HUMANÍSTICAS,True,3.33,DOCENTE_NO_TITULAR_OCASIONAL,True,0,0,0,False,False,,0,,False,True,4,1,False,0,True,JEFATURA_SUPERVISION_OPERATIVA,,,,
4667,1,1,TECNICO_DOCENTE_APOYO,DOCENTE,TÉCNICO DOCENTE 3 (TC),DIRECCIÓN DE ADMISIONES,True,3.29,TECNICO_DOCENTE_APOYO,True,0,0,0,False,False,,0,,False,False,0,0,False,0,False,,,,,
4675,1,1,DOCENTE_NO_TITULAR_OCASIONAL,DOCENTE,PROFESOR NO TITULAR OCASIONAL (TC),FACULTAD DE CIENCIAS NATURALES Y MATEMÁTICAS,False,8.77,DOCENTE_NO_TITULAR_OCASIONAL,True,0,0,0,False,False,,0,,False,True,1,1,False,0,True,JEFATURA_SUPERVISION_OPERATIVA,,,,
4707,2,2,DOCENTE_NO_TITULAR_OCASIONAL,DOCENTE,PROFESOR NO TITULAR OCASIONAL (TC),FACULTAD DE INGENIERÍA EN ELECTRICIDAD Y COMPUTACIÓN,True,11.95,PROFESIONAL_ANALISTA,False,1,1,0,True,False,11.95,0,,False,False,0,0,False,0,False,,,,,
4714,2,2,DOCENTE_NO_TITULAR_OCASIONAL,DOCENTE,PROFESOR NO TITULAR OCASIONAL (TC),FACULTAD DE INGENIERÍA EN ELECTRICIDAD Y COMPUTACIÓN,True,9.94,TECNICO_DOCENTE_APOYO,False,1,0,0,False,False,9.94,0,,False,True,3,1,False,0,True,JEFATURA_SUPERVISION_OPERATIVA,PRESTACIÓN SERVICIOS PROFESIONALES,DESCONOCIDA,DOCENTE_CONTRATADO_SERVICIOS_CIVILES,DOCENTE
4718,1,1,PROFESIONAL_ANALISTA,ADMINISTRATIVO,ANALISTA DE LABORATORIO,FACULTAD DE INGENIERÍA EN CIENCIAS DE LA TIERRA,True,11.89,PROFESIONAL_ANALISTA,True,0,0,0,False,False,,0,,False,False,0,0,False,0,False,,,,,
4736,3,3,PROFESIONAL_ANALISTA,ADMINISTRATIVO,ANALISTA DE GESTIÓN DE PROYECTOS DE INVESTIGACIÓN,CENTRO DE ESTUDIOS E INVESTIGACIONES ESTADÍSTICAS,True,10.78,JEFATURA_SUPERVISION_OPERATIVA,False,2,0,0,False,False,10.78,1,DOCENTE_NO_TITULAR_OCASIONAL,True,False,0,0,False,0,False,,,,,
4776,2,2,DOCENTE_NO_TITULAR_OCASIONAL,DOCENTE,PROFESOR NO TITULAR OCASIONAL (TC),FACULTAD DE INGENIERÍA EN ELECTRICIDAD Y COMPUTACIÓN,False,4.92,PROFESIONAL_ANALISTA,False,1,1,0,True,False,7.2,0,,False,True,1,1,False,0,True,AUTORIDAD_ADMINISTRATIVA_SUPERIOR,,,,
4819,1,1,ASISTENCIA_SECRETARIAL_OFICINA,ADMINISTRATIVO,ASISTENTE EJECUTIVA 2,FACULTAD DE CIENCIAS DE LA VIDA,False,14.46,ASISTENCIA_SECRETARIAL_OFICINA,True,0,0,0,False,False,,0,,False,True,1,1,False,0,True,OTROS_AA,,,,
4829,1,1,DOCENTE_NO_TITULAR_OCASIONAL,DOCENTE,PROFESOR NO TITULAR OCASIONAL (TC),FACULTAD DE CIENCIAS NATURALES Y MATEMÁTICAS,False,2.42,DOCENTE_NO_TITULAR_OCASIONAL,True,0,0,0,False,False,,0,,False,True,1,1,False,0,True,JEFATURA_SUPERVISION_OPERATIVA,,,,
4830,2,2,PROFESIONAL_ANALISTA,ADMINISTRATIVO,ANALISTA FINANCIERO 2,GERENCIA FINANCIERA,True,11.28,AUXILIAR_AYUDANTE_OPERATIVO,False,1,0,0,False,False,11.28,0,,False,False,0,0,False,0,False,,,,,
4835,4,2,DOCENTE_TITULAR_CARRERA,DOCENTE,PROFESOR TITULAR AGREGADO 1 (TC),FACULTAD DE INGENIERÍA EN CIENCIAS DE LA TIERRA,True,3.28,DOCENTE_TITULAR_CARRERA,False,2,0,0,False,False,3.28,0,,False,True,12,3,True,1,True,AUTORIDAD_ADMINISTRATIVA_SUPERIOR,,,,
4860,1,1,DOCENTE_NO_TITULAR_OCASIONAL,DOCENTE,PROFESOR NO TITULAR OCASIONAL (TC),CENTRO DE EMPRENDIMIENTO E INNOVACIÓN I3LAB,False,5.42,DOCENTE_NO_TITULAR_OCASIONAL,True,0,0,0,False,False,,1,TECNICO_OPERATIVO_MANTENIMIENTO,True,True,2,1,False,0,True,JEFATURA_SUPERVISION_OPERATIVA,,,,
4871,3,2,PROFESIONAL_ANALISTA,ADMINISTRATIVO,ANALISTA CONTABLE 2,GERENCIA FINANCIERA,True,11.69,AUXILIAR_AYUDANTE_OPERATIVO,False,1,0,0,False,False,11.69,0,,False,False,0,0,False,0,False,,,,,
4894,1,1,DOCENTE_NO_TITULAR_OCASIONAL,DOCENTE,PROFESOR NO TITULAR OCASIONAL (TC),FACULTAD DE INGENIERÍA MECÁNICA Y CIENCIAS DE LA PRODUCCIÓN,False,4.48,DOCENTE_NO_TITULAR_OCASIONAL,True,0,0,0,False,False,,0,,False,True,4,1,False,0,True,JEFATURA_SUPERVISION_OPERATIVA,,,,
4901,3,2,DOCENTE_NO_TITULAR_OCASIONAL,DOCENTE,PROFESOR NO TITULAR OCASIONAL (TC),FACULTAD DE CIENCIAS SOCIALES Y HUMANÍSTICAS,False,8.41,TECNICO_OPERATIVO_MANTENIMIENTO,False,1,1,0,True,False,12.45,0,,False,True,8,1,False,0,True,JEFATURA_SUPERVISION_OPERATIVA,,,,
4924,7,3,DOCENTE_NO_TITULAR_OCASIONAL,DOCENTE,PROFESOR NO TITULAR OCASIONAL (MT),FACULTAD DE CIENCIAS SOCIALES Y HUMANÍSTICAS,False,0.36,OTROS_AA,False,3,2,1,True,True,13.33,1,DOCENTE_NO_TITULAR_OCASIONAL,True,False,0,0,False,0,False,,,,,
4971,2,1,DOCENTE_TITULAR_CARRERA,DOCENTE,PROFESOR TITULAR AUXILIAR 2 (TC),FACULTAD DE INGENIERÍA EN ELECTRICIDAD Y COMPUTACIÓN,False,12.59,DOCENTE_TITULAR_CARRERA,True,0,0,0,False,False,,0,,False,True,1,1,False,0,True,OTROS_AA,,,,
5027,26,2,DOCENTE_TITULAR_CARRERA,DOCENTE,PROFESOR TITULAR AGREGADO 1 (TC),FACULTAD DE INGENIERÍA EN CIENCIAS DE LA TIERRA,True,0.03,DOCENTE_TITULAR_CARRERA,False,2,0,0,False,False,3.28,0,,False,True,4,3,False,0,True,AUTORIDAD_ADMINISTRATIVA_SUPERIOR,,,,
5087,3,2,DOCENTE_NO_TITULAR_OCASIONAL,DOCENTE,PROFESOR NO TITULAR OCASIONAL (TP),FACULTAD DE CIENCIAS DE LA VIDA,True,0.3,ASISTENCIA_SECRETARIAL_OFICINA,False,1,1,0,True,False,10.95,0,,False,False,0,0,False,0,False,,,,,
5185,4,2,TECNICO_DOCENTE_APOYO,DOCENTE,TÉCNICO DE LABORATORIO 1 (TC),DECANATO DE GRADO,True,1.52,DOCENTE_NO_TITULAR_OCASIONAL,False,1,0,0,False,False,2.93,0,,False,False,0,0,False,0,False,,,,,
5258,1,1,AUXILIAR_AYUDANTE_OPERATIVO,ADMINISTRATIVO,AUXILIAR DE SERVICIOS DE MANTENIMIENTO,DESCONOCIDA,False,5.74,AUXILIAR_AYUDANTE_OPERATIVO,True,0,0,0,False,False,,0,,False,False,0,0,False,0,False,,,,,
5280,7,2,DOCENTE_NO_TITULAR_OCASIONAL,DOCENTE,PROFESOR NO TITULAR OCASIONAL 1 (TP),FACULTAD DE CIENCIAS SOCIALES Y HUMANÍSTICAS,False,0.39,PROFESIONAL_ANALISTA,False,1,1,0,True,False,11.69,0,,False,False,0,0,False,0,False,,,,,
5290,7,1,DOCENTE_NO_TITULAR_OCASIONAL,DOCENTE,PROFESOR NO TITULAR OCASIONAL (TC),FACULTAD DE CIENCIAS SOCIALES Y HUMANÍSTICAS,True,11.95,DOCENTE_NO_TITULAR_OCASIONAL,True,0,0,0,False,False,,1,TECNICO_OPERATIVO_MANTENIMIENTO,True,False,0,0,False,0,False,,,,,
5307,6,1,DOCENTE_NO_TITULAR_OCASIONAL,DOCENTE,PROFESOR NO TITULAR OCASIONAL (TC),FACULTAD DE INGENIERÍA EN ELECTRICIDAD Y COMPUTACIÓN,False,5.39,DOCENTE_NO_TITULAR_OCASIONAL,True,0,0,0,False,False,,0,,False,True,3,1,False,0,True,JEFATURA_SUPERVISION_OPERATIVA,,,,
5323,5,1,DOCENTE_NO_TITULAR_OCASIONAL,DOCENTE,PROFESOR NO TITULAR OCASIONAL (TC),FACULTAD DE CIENCIAS SOCIALES Y HUMANÍSTICAS,False,5.39,DOCENTE_NO_TITULAR_OCASIONAL,True,0,0,0,False,False,,0,,False,False,0,0,False,0,False,,,,,
5325,5,2,DOCENTE_TITULAR_CARRERA,DOCENTE,PROFESOR TITULAR AGREGADO 3 (TC),FACULTAD DE CIENCIAS NATURALES Y MATEMÁTICAS,False,14.42,DOCENTE_TITULAR_CARRERA,False,2,0,0,False,False,16.32,1,AUTORIDAD_ACADEMICA_SUPERIOR,True,False,0,0,False,0,False,,,,,
5336,11,2,DOCENTE_TITULAR_CARRERA,DOCENTE,PROFESOR TITULAR AGREGADO 1 (TC),FACULTAD DE CIENCIAS SOCIALES Y HUMANÍSTICAS,True,1.03,DOCENTE_TITULAR_CARRERA,False,2,0,0,False,False,1.03,2,AUTORIDAD_ACADEMICA_SUPERIOR,True,True,22,3,True,19,True,OTROS_AA,,,,
5337,41,3,AUTORIDAD_ACADEMICA_SUPERIOR,DOCENTE,DECANO(A),FACULTAD DE CIENCIAS DE LA VIDA,True,0.04,AUTORIDAD_ADMINISTRATIVA_SUPERIOR,False,2,1,0,True,False,7.58,1,DOCENTE_TITULAR_CARRERA,True,True,33,3,True,27,True,OTROS_AA,,,,
5339,14,1,DOCENTE_NO_TITULAR_OCASIONAL,DOCENTE,PROFESOR NO TITULAR OCASIONAL (TC),FACULTAD DE CIENCIAS SOCIALES Y HUMANÍSTICAS,False,9.92,DOCENTE_NO_TITULAR_OCASIONAL,True,0,0,0,False,False,,0,,False,False,0,0,False,0,False,,,,,
5356,2,2,DOCENTE_TITULAR_CARRERA,DOCENTE,PROFESOR TITULAR AGREGADO 3 (TC),FACULTAD DE CIENCIAS DE LA VIDA,True,11.53,JEFATURA_SUPERVISION_OPERATIVA,False,1,1,0,True,False,11.53,1,DOCENTE_TITULAR_CARRERA,True,True,2,1,False,0,True,JEFATURA_SUPERVISION_OPERATIVA,,,,
5361,5,1,DOCENTE_NO_TITULAR_OCASIONAL,DOCENTE,PROFESOR NO TITULAR OCASIONAL (TC),FACULTAD DE CIENCIAS SOCIALES Y HUMANÍSTICAS,True,12.33,DOCENTE_NO_TITULAR_OCASIONAL,True,0,0,0,False,False,,0,,False,False,0,0,False,0,False,,,,,
5371,3,2,DOCENTE_NO_TITULAR_OCASIONAL,DOCENTE,PROFESOR NO TITULAR OCASIONAL (TC),FACULTAD DE INGENIERÍA EN ELECTRICIDAD Y COMPUTACIÓN,True,17.32,OTROS_AA,False,1,1,0,True,False,17.32,0,,False,True,3,1,False,0,True,JEFATURA_SUPERVISION_OPERATIVA,,,,
5388,3,1,DOCENTE_TITULAR_CARRERA,DOCENTE,PROFESOR TITULAR PRINCIPAL 1 (TC),FACULTAD DE INGENIERÍA MARÍTIMA Y CIENCIAS DEL MAR,True,19.33,DOCENTE_TITULAR_CARRERA,True,0,0,0,False,False,,1,AUTORIDAD_ACADEMICA_SUPERIOR,True,True,4,2,False,0,True,OTROS_AA,SERVICIOS PROFESIONALES - EVENTO DE CAPACITACIÓN,CENTRO DE INVESTIGACIONES Y SERVICIOS EDUCATIVOS,DOCENTE_CONTRATADO_SERVICIOS_CIVILES,DOCENTE
5417,8,2,DOCENTE_NO_TITULAR_OCASIONAL,DOCENTE,PROFESOR NO TITULAR OCASIONAL (TC),FACULTAD DE CIENCIAS DE LA VIDA,False,10.35,DOCENTE_NO_TITULAR_OCASIONAL,False,2,1,1,True,True,17.91,0,,False,False,0,0,False,0,False,,,,,
5422,3,2,ASISTENCIA_SECRETARIAL_OFICINA,ADMINISTRATIVO,ASISTENTE DE ADMISIONES,DIRECCIÓN DE ADMISIONES,True,17.94,AUXILIAR_AYUDANTE_OPERATIVO,False,1,0,0,False,False,24.19,0,,False,False,0,0,False,0,False,,,,,
5436,16,2,DOCENTE_TITULAR_CARRERA,DOCENTE,PROFESOR TITULAR AUXILIAR 1 (TC),FACULTAD DE CIENCIAS NATURALES Y MATEMÁTICAS,True,0.27,DOCENTE_TITULAR_CARRERA,False,2,0,0,False,False,5.11,0,,False,True,2,1,False,0,True,JEFATURA_SUPERVISION_OPERATIVA,,,,
5460,9,2,DOCENTE_TITULAR_CARRERA,DOCENTE,PROFESOR TITULAR AUXILIAR 1 (TC),FACULTAD DE INGENIERÍA MECÁNICA Y CIENCIAS DE LA PRODUCCIÓN,True,3.01,DOCENTE_NO_TITULAR_OCASIONAL,False,1,0,0,False,False,6.44,0,,False,True,4,1,False,0,True,JEFATURA_SUPERVISION_OPERATIVA,,,,
5559,4,4,PROFESIONAL_ANALISTA,ADMINISTRATIVO,ANALISTA ESTADÍSTICO ACADÉMICO,DIRECCIÓN DE LA SECRETARÍA TÉCNICA ACADEMICA,True,11.69,OTROS_AA,False,3,0,0,False,False,11.69,2,AUTORIDAD_ADMINISTRATIVA_SUPERIOR,True,True,17,1,True,17,True,OTROS_AA,,,,
5561,1,1,ASISTENCIA_SECRETARIAL_OFICINA,ADMINISTRATIVO,ASISTENTE ADMINISTRATIVO,FACULTAD DE INGENIERÍA MARÍTIMA Y CIENCIAS DEL MAR,False,15.16,ASISTENCIA_SECRETARIAL_OFICINA,True,0,0,0,False,False,,0,,False,True,2,1,False,0,True,OTROS_AA,,,,
5573,3,3,PROFESIONAL_ANALISTA,ADMINISTRATIVO,ANALISTA DE LABORATORIO,FACULTAD DE CIENCIAS DE LA VIDA,True,9.69,TECNICO_OPERATIVO_MANTENIMIENTO,False,2,1,1,True,True,9.69,0,,False,True,1,1,False,0,True,OTROS_AA,,,,
5583,2,1,DOCENTE_NO_TITULAR_OCASIONAL,DOCENTE,PROFESOR NO TITULAR OCASIONAL (TC),FACULTAD DE INGENIERÍA MECÁNICA Y CIENCIAS DE LA PRODUCCIÓN,False,1.35,DOCENTE_NO_TITULAR_OCASIONAL,True,0,0,0,False,False,,0,,False,True,3,1,False,0,True,JEFATURA_SUPERVISION_OPERATIVA,,,,
5588,2,2,DOCENTE_NO_TITULAR_OCASIONAL,DOCENTE,PROFESOR NO TITULAR OCASIONAL (TC),FACULTAD DE INGENIERÍA EN ELECTRICIDAD Y COMPUTACIÓN,True,6.55,TECNICO_OPERATIVO_MANTENIMIENTO,False,1,1,0,True,False,6.55,0,,False,True,2,1,False,0,True,JEFATURA_SUPERVISION_OPERATIVA,,,,
5590,1,1,DOCENTE_NO_TITULAR_OCASIONAL,DOCENTE,PROFESOR NO TITULAR OCASIONAL (TC),FACULTAD DE INGENIERÍA EN ELECTRICIDAD Y COMPUTACIÓN,False,5.98,DOCENTE_NO_TITULAR_OCASIONAL,True,0,0,0,False,False,,0,,False,True,2,1,False,0,True,JEFATURA_SUPERVISION_OPERATIVA,,,,
5601,3,2,PROFESIONAL_ANALISTA,ADMINISTRATIVO,ANALISTA DE LABORATORIO,FACULTAD DE CIENCIAS DE LA VIDA,False,7.58,JEFATURA_SUPERVISION_OPERATIVA,False,1,0,0,False,False,13.69,0,,False,False,0,0,False,0,False,,,,,
5607,2,1,TECNICO_DOCENTE_APOYO,DOCENTE,TÉCNICO DE INVESTIGACIÓN 2 (TC),FACULTAD DE INGENIERÍA MECÁNICA Y CIENCIAS DE LA PRODUCCIÓN,True,1.28,TECNICO_DOCENTE_APOYO,True,0,0,0,False,False,,0,,False,False,0,0,False,0,False,,,,,
5616,1,1,TECNICO_DOCENTE_APOYO,DOCENTE,TÉCNICO DE INVESTIGACIÓN 1 (TC),DESCONOCIDA,False,0.16,TECNICO_DOCENTE_APOYO,True,0,0,0,False,False,,0,,False,False,0,0,False,0,False,,,,,
5625,1,1,TECNICO_OPERATIVO_MANTENIMIENTO,ADMINISTRATIVO,TÈCNICO ELECTRÒNICO,GERENCIA DE TECNOLOGÍAS Y SISTEMAS DE INFORMACIÓN,True,10.86,TECNICO_OPERATIVO_MANTENIMIENTO,True,0,0,0,False,False,,0,,False,False,0,0,False,0,False,,,,,
5653,13,1,DOCENTE_NO_TITULAR_OCASIONAL,DOCENTE,PROFESOR NO TITULAR OCASIONAL (TC),FACULTAD DE CIENCIAS NATURALES Y MATEMÁTICAS,True,0.32,DOCENTE_NO_TITULAR_OCASIONAL,True,0,0,0,False,False,,0,,False,True,1,1,False,0,True,JEFATURA_SUPERVISION_OPERATIVA,,,,
5821,6,2,TECNICO_OPERATIVO_MANTENIMIENTO,ADMINISTRATIVO,TÉCNICOS ESPECIALIZADOS - EJECUCIÓN DE ACTIVIDADES,CENTRO DE INVESTIGACIÓN Y PROYECTOS APLICADOS A LAS CIENCIAS DE LA TIERRA,False,0.98,OTROS_AA,False,1,0,0,False,False,7.69,0,,False,False,0,0,False,0,False,,,,,
5831,2,1,DOCENTE_NO_TITULAR_OCASIONAL,DOCENTE,PROFESOR NO TITULAR OCASIONAL (TP),FACULTAD DE CIENCIAS SOCIALES Y HUMANÍSTICAS,False,0.25,DOCENTE_NO_TITULAR_OCASIONAL,True,0,0,0,False,False,,0,,False,False,0,0,False,0,False,,,,,
5874,2,2,SERVICIOS_GENERALES_OFICIOS,ADMINISTRATIVO,OPERADOR DE ESTACIÒN DE BOMBEO,DIRECCIÓN DE SERVICIOS GENERALES,True,1.69,AUXILIAR_AYUDANTE_OPERATIVO,False,1,0,0,False,False,1.69,0,,False,False,0,0,False,0,False,,,,,
6022,2,2,SERVICIOS_GENERALES_OFICIOS,ADMINISTRATIVO,OPERADOR DE ACABADOS DE IMPRESIÒN,DIRECCIÓN DE ADMISIONES,False,5.49,AUXILIAR_AYUDANTE_OPERATIVO,False,1,0,0,False,False,6.69,0,,False,False,0,0,False,0,False,,,,,
6056,4,2,DOCENTE_TITULAR_CARRERA,DOCENTE,PROFESOR TITULAR AGREGADO 2 (TC),FACULTAD DE INGENIERÍA EN ELECTRICIDAD Y COMPUTACIÓN,True,10.11,DOCENTE_TITULAR_CARRERA,False,2,0,0,False,False,10.11,1,AUTORIDAD_ACADEMICA_SUPERIOR,True,True,15,3,True,12,True,OTROS_AA,,,,
6120,3,3,TECNICO_DOCENTE_APOYO,DOCENTE,TÉCNICO DOCENTE 1 (MT),FACULTAD DE INGENIERÍA EN ELECTRICIDAD Y COMPUTACIÓN,False,0.96,OTROS_AA,False,2,1,0,True,False,4.32,0,,False,False,0,0,False,0,False,,,,,
6127,1,1,TECNICO_DOCENTE_APOYO,DOCENTE,TÉCNICO DE LABORATORIO 1 (TC),FACULTAD DE INGENIERÍA EN CIENCIAS DE LA TIERRA,True,0.95,TECNICO_DOCENTE_APOYO,True,0,0,0,False,False,,0,,False,False,0,0,False,0,False,,,,,
6160,2,2,DOCENTE_NO_TITULAR_OCASIONAL,DOCENTE,PROFESOR NO TITULAR OCASIONAL (TC),FACULTAD DE CIENCIAS DE LA VIDA,True,8.36,ASISTENCIA_SECRETARIAL_OFICINA,False,1,1,0,True,False,8.36,0,,False,True,4,1,False,0,True,JEFATURA_SUPERVISION_OPERATIVA,,,,
6163,1,1,TECNICO_DOCENTE_APOYO,DOCENTE,TÉCNICO DOCENTE 3 (TC),DIRECCIÓN DE ADMISIONES,True,0.68,TECNICO_DOCENTE_APOYO,True,0,0,0,False,False,,0,,False,False,0,0,False,0,False,,,,,
6241,1,1,DOCENTE_NO_TITULAR_OCASIONAL,DOCENTE,PROFESOR NO TITULAR OCASIONAL (TC),FACULTAD DE INGENIERÍA MECÁNICA Y CIENCIAS DE LA PRODUCCIÓN,True,12.33,DOCENTE_NO_TITULAR_OCASIONAL,True,0,0,0,False,False,,0,,False,True,1,1,False,0,True,JEFATURA_SUPERVISION_OPERATIVA,,,,
6811,6,5,PROFESIONAL_ANALISTA,ADMINISTRATIVO,ANALISTA DE LABORATORIO DE INVESTIGACIÓN 2,CENTRO NACIONAL DE ACUICULTURA E INVESTIGACIONES MARINAS,False,5.5,SERVICIOS_GENERALES_OFICIOS,False,4,0,0,False,False,7.69,0,,False,False,0,0,False,0,False,,,,,
6847,6,3,DOCENTE_TITULAR_CARRERA,DOCENTE,PROFESOR TITULAR PRINCIPAL 2 (TC),ESCUELA DE POSTGRADO EN ADMINISTRACIÓN DE EMPRESAS,False,7.67,DOCENTE_TITULAR_CARRERA,False,4,1,1,True,True,8.69,2,AUTORIDAD_ACADEMICA_SUPERIOR,True,True,17,2,True,14,True,OTROS_AA,,,,
6866,2,1,AUXILIAR_AYUDANTE_OPERATIVO,ADMINISTRATIVO,AUXILIAR DE SERVICIOS,FACULTAD DE CIENCIAS DE LA VIDA,False,11.07,AUXILIAR_AYUDANTE_OPERATIVO,True,0,0,0,False,False,,0,,False,True,1,1,False,0,True,OTROS_AA,,,,
6870,5,1,DOCENTE_NO_TITULAR_OCASIONAL,DOCENTE,PROFESOR NO TITULAR OCASIONAL 1 (TP),ESCUELA DE DISEÑO Y COMUNICACIÓN VISUAL,False,0.43,DOCENTE_NO_TITULAR_OCASIONAL,True,0,0,0,False,False,,0,,False,False,0,0,False,0,False,,,,,
6939,2,1,DOCENTE_NO_TITULAR_OCASIONAL,DOCENTE,PROFESOR NO TITULAR OCASIONAL (TC),"FACULTAD DE ARTE, DISEÑO Y COMUNICACIÓN AUDIOVISUAL",False,8.0,DOCENTE_NO_TITULAR_OCASIONAL,True,0,0,0,False,False,,0,,False,False,0,0,False,0,False,,,,,
6992,20,4,DOCENTE_TITULAR_CARRERA,DOCENTE,PROFESOR TITULAR AGREGADO 3 (TC),FACULTAD DE INGENIERÍA MARÍTIMA Y CIENCIAS DEL MAR,False,9.0,DOCENTE_TITULAR_CARRERA,False,6,1,1,True,True,10.11,3,DOCENTE_TITULAR_CARRERA,True,True,1,1,False,0,True,AUTORIDAD_ADMINISTRATIVA_SUPERIOR,,,,
7090,3,1,AUXILIAR_AYUDANTE_OPERATIVO,ADMINISTRATIVO,AUXILIAR DE SERVICIOS,DIRECCIÓN DE SERVICIOS GENERALES,False,16.25,AUXILIAR_AYUDANTE_OPERATIVO,True,0,0,0,False,False,,0,,False,False,0,0,False,0,False,,,,,
7197,1,1,AUXILIAR_AYUDANTE_OPERATIVO,ADMINISTRATIVO,AUXILIAR DE SERVICIOS,DIRECCIÓN DE SERVICIOS GENERALES,True,8.03,AUXILIAR_AYUDANTE_OPERATIVO,True,0,0,0,False,False,,0,,False,False,0,0,False,0,False,,,,,
7232,3,1,DOCENTE_NO_TITULAR_OCASIONAL,DOCENTE,PROFESOR NO TITULAR OCASIONAL (TP),FACULTAD DE CIENCIAS SOCIALES Y HUMANÍSTICAS,True,0.36,DOCENTE_NO_TITULAR_OCASIONAL,True,0,0,0,False,False,,0,,False,False,0,0,False,0,False,,,,,
7265,1,1,PROFESIONAL_ANALISTA,ADMINISTRATIVO,AUDITOR INTERNO 1,AUDITORÍA INTERNA,False,0.43,PROFESIONAL_ANALISTA,True,0,0,0,False,False,,0,,False,False,0,0,False,0,False,,,,,
7281,5,3,DOCENTE_TITULAR_CARRERA,DOCENTE,PROFESOR TITULAR AGREGADO 3 (TC),FACULTAD DE CIENCIAS DE LA VIDA,True,13.69,JEFATURA_SUPERVISION_OPERATIVA,False,2,1,0,True,False,14.69,1,DOCENTE_INVESTIGADOR,True,False,0,0,False,0,False,,,,,
7308,9,6,DOCENTE_TITULAR_CARRERA,DOCENTE,PROFESOR TITULAR AUXILIAR 1 (TC),FACULTAD DE CIENCIAS DE LA VIDA,True,9.72,ASISTENCIA_SECRETARIAL_OFICINA,False,6,1,0,True,False,9.72,2,AUTORIDAD_ACADEMICA_SUPERIOR,True,True,4,2,True,1,False,AUTORIDAD_ACADEMICA_SUPERIOR,,,,
7351,6,2,DOCENTE_NO_TITULAR_OCASIONAL,DOCENTE,PROFESOR NO TITULAR OCASIONAL (TC),FACULTAD DE INGENIERÍA EN ELECTRICIDAD Y COMPUTACIÓN,False,5.39,PROFESIONAL_ANALISTA,False,1,1,0,True,False,30.31,0,,False,True,1,1,False,0,True,JEFATURA_SUPERVISION_OPERATIVA,PROFESOR INVITADO,DECANATO DE GRADO,DOCENTE_HONORARIO_ESPECIAL,DOCENTE
7374,4,3,DOCENTE_TITULAR_CARRERA,DOCENTE,PROFESOR TITULAR AGREGADO 3 (TC),FACULTAD DE INGENIERÍA MARÍTIMA Y CIENCIAS DEL MAR,True,13.69,AUXILIAR_AYUDANTE_OPERATIVO,False,3,2,1,True,True,13.69,2,AUTORIDAD_ACADEMICA_SUPERIOR,True,True,2,1,False,0,True,OTROS_AA,,,,
7389,3,2,DOCENTE_NO_TITULAR_OCASIONAL,DOCENTE,PROFESOR NO TITULAR OCASIONAL (TC),FACULTAD DE CIENCIAS SOCIALES Y HUMANÍSTICAS,False,0.04,TECNICO_DOCENTE_APOYO,False,1,0,0,False,False,4.94,0,,False,False,0,0,False,0,False,,,,,
7416,1,1,TECNICO_DOCENTE_APOYO,DOCENTE,TÉCNICO DOCENTE 3 (TC),DIRECCIÓN DE ADMISIONES,False,0.28,TECNICO_DOCENTE_APOYO,True,0,0,0,False,False,,0,,False,False,0,0,False,0,False,,,,,
7419,2,2,DOCENTE_TITULAR_CARRERA,DOCENTE,PROFESOR TITULAR AGREGADO 2 (TC),FACULTAD DE INGENIERÍA MARÍTIMA Y CIENCIAS DEL MAR,True,13.69,AUXILIAR_AYUDANTE_OPERATIVO,False,1,1,0,True,False,13.69,0,,False,True,3,1,False,0,True,OTROS_AA,,,,
7443,7,4,DOCENTE_TITULAR_CARRERA,DOCENTE,PROFESOR TITULAR AGREGADO 3 (TC),FACULTAD DE INGENIERÍA MARÍTIMA Y CIENCIAS DEL MAR,True,14.86,ASISTENCIA_SECRETARIAL_OFICINA,False,3,1,0,True,False,14.86,0,,False,True,9,2,False,0,True,AUTORIDAD_ADMINISTRATIVA_SUPERIOR,,,,
7526,4,2,AUXILIAR_AYUDANTE_OPERATIVO,ADMINISTRATIVO,AUXILIAR DE SERVICIOS,CENTRO NACIONAL DE ACUICULTURA E INVESTIGACIONES MARINAS,True,17.11,SERVICIOS_GENERALES_OFICIOS,False,1,0,0,False,False,35.61,0,,False,False,0,0,False,0,False,,,,,
7568,7,4,AUXILIAR_AYUDANTE_OPERATIVO,ADMINISTRATIVO,AUXILIAR DE LABORATORIO (8HD),CENTRO NACIONAL DE ACUICULTURA E INVESTIGACIONES MARINAS,True,12.69,SERVICIOS_GENERALES_OFICIOS,False,4,0,0,False,False,12.69,0,,False,False,0,0,False,0,False,,,,,
7651,2,2,AUXILIAR_AYUDANTE_OPERATIVO,ADMINISTRATIVO,AUXILIAR DE LABORATORIO (8HD),CENTRO NACIONAL DE ACUICULTURA E INVESTIGACIONES MARINAS,False,10.33,SERVICIOS_GENERALES_OFICIOS,False,1,0,0,False,False,12.69,0,,False,False,0,0,False,0,False,,,,,
7712,2,1,AUXILIAR_AYUDANTE_OPERATIVO,ADMINISTRATIVO,AUXILIAR DE SERVICIOS,"FACULTAD DE ARTE, DISEÑO Y COMUNICACIÓN AUDIOVISUAL",True,17.94,AUXILIAR_AYUDANTE_OPERATIVO,True,0,0,0,False,False,,0,,False,False,0,0,False,0,False,,,,,
7726,8,4,DOCENTE_TITULAR_CARRERA,DOCENTE,PROFESOR TITULAR AUXILIAR 2 (TC),FACULTAD DE CIENCIAS SOCIALES Y HUMANÍSTICAS,False,11.67,DOCENTE_TITULAR_CARRERA,False,4,1,1,True,True,17.91,1,AUTORIDAD_ACADEMICA_SUPERIOR,True,True,2,2,True,1,False,OTROS_AA,,,,
7730,1,1,AUXILIAR_AYUDANTE_OPERATIVO,ADMINISTRATIVO,AUXILIAR DE SERVICIOS DE MANTENIMIENTO,DIRECCIÓN DE SERVICIOS GENERALES,False,10.41,AUXILIAR_AYUDANTE_OPERATIVO,True,0,0,0,False,False,,0,,False,False,0,0,False,0,False,,,,,
7809,7,2,ASISTENCIA_SECRETARIAL_OFICINA,ADMINISTRATIVO,ASISTENTE EJECUTIVA 2,FACULTAD DE CIENCIAS NATURALES Y MATEMÁTICAS,True,17.78,AUXILIAR_AYUDANTE_OPERATIVO,False,3,0,0,False,False,17.78,0,,False,True,1,1,False,0,True,OTROS_AA,,,,
7830,1,1,AUXILIAR_AYUDANTE_OPERATIVO,ADMINISTRATIVO,AUXILIAR DE SERVICIOS,FACULTAD DE CIENCIAS SOCIALES Y HUMANÍSTICAS,True,15.28,AUXILIAR_AYUDANTE_OPERATIVO,True,0,0,0,False,False,,0,,False,False,0,0,False,0,False,,,,,
7837,5,3,AUXILIAR_AYUDANTE_OPERATIVO,ADMINISTRATIVO,AUXILIAR DE LABORATORIO (8HD),CENTRO NACIONAL DE ACUICULTURA E INVESTIGACIONES MARINAS,True,12.69,SERVICIOS_GENERALES_OFICIOS,False,3,0,0,False,False,12.69,0,,False,False,0,0,False,0,False,,,,,
7916,5,2,AUXILIAR_AYUDANTE_OPERATIVO,ADMINISTRATIVO,AUXILIAR DE LABORATORIO (8HD),CENTRO NACIONAL DE ACUICULTURA E INVESTIGACIONES MARINAS,True,12.69,SERVICIOS_GENERALES_OFICIOS,False,1,0,0,False,False,12.69,0,,False,False,0,0,False,0,False,,,,,
7945,2,1,TECNICO_OPERATIVO_MANTENIMIENTO,ADMINISTRATIVO,TÈCNICO DE ENERGÌA Y CLIMATIZACIÒN,DIRECCIÓN DE SERVICIOS GENERALES,True,10.69,TECNICO_OPERATIVO_MANTENIMIENTO,True,0,0,0,False,False,,0,,False,False,0,0,False,0,False,,,,,
7965,1,1,ASISTENCIA_SECRETARIAL_OFICINA,ADMINISTRATIVO,ASISTENTE DE ACTIVOS FIJOS,FACULTAD DE INGENIERÍA EN ELECTRICIDAD Y COMPUTACIÓN,False,8.83,ASISTENCIA_SECRETARIAL_OFICINA,True,0,0,0,False,False,,0,,False,False,0,0,False,0,False,,,,,
7973,4,3,TECNICO_OPERATIVO_MANTENIMIENTO,ADMINISTRATIVO,TÈCNICO EN SERVICIOS DE MANTENIMIENTO,DIRECCIÓN DE SERVICIOS GENERALES,True,12.69,SERVICIOS_GENERALES_OFICIOS,False,2,0,0,False,False,12.69,0,,False,False,0,0,False,0,False,,,,,
8024,1,1,TECNICO_DOCENTE_APOYO,DOCENTE,TÉCNICO DOCENTE 3 (TC),DIRECCIÓN DE ADMISIONES,False,0.28,TECNICO_DOCENTE_APOYO,True,0,0,0,False,False,,0,,False,False,0,0,False,0,False,,,,,
8120,4,4,DOCENTE_TITULAR_CARRERA,DOCENTE,PROFESOR TITULAR AGREGADO 3 (TC),FACULTAD DE INGENIERÍA EN CIENCIAS DE LA TIERRA,True,11.36,AUXILIAR_AYUDANTE_OPERATIVO,False,3,1,0,True,False,11.36,2,AUTORIDAD_ACADEMICA_SUPERIOR,True,True,21,1,True,18,True,OTROS_AA,,,,
8168,1,1,ASISTENCIA_SECRETARIAL_OFICINA,ADMINISTRATIVO,ASISTENTE DE SOPORTE TÉCNICO,GERENCIA DE TECNOLOGÍAS Y SISTEMAS DE INFORMACIÓN,True,2.11,ASISTENCIA_SECRETARIAL_OFICINA,True,0,0,0,False,False,,0,,False,False,0,0,False,0,False,,,,,
8193,2,1,AUXILIAR_AYUDANTE_OPERATIVO,ADMINISTRATIVO,AUXILIAR DE SERVICIOS,FACULTAD DE INGENIERÍA EN CIENCIAS DE LA TIERRA,True,28.61,AUXILIAR_AYUDANTE_OPERATIVO,True,0,0,0,False,False,,0,,False,False,0,0,False,0,False,,,,,
8244,2,1,ASISTENCIA_SECRETARIAL_OFICINA,ADMINISTRATIVO,ASISTENTE EJECUTIVA 1,FACULTAD DE INGENIERÍA EN ELECTRICIDAD Y COMPUTACIÓN,True,17.94,ASISTENCIA_SECRETARIAL_OFICINA,True,0,0,0,False,False,,0,,False,True,1,1,False,0,True,OTROS_AA,,,,
8293,1,1,TECNICO_DOCENTE_APOYO,DOCENTE,TÉCNICO DOCENTE 3 (MT),DIRECCIÓN DE ADMISIONES,False,0.28,TECNICO_DOCENTE_APOYO,True,0,0,0,False,False,,0,,False,False,0,0,False,0,False,,,,,
8301,3,1,DOCENTE_NO_TITULAR_OCASIONAL,DOCENTE,PROFESOR NO TITULAR OCASIONAL (TP),FACULTAD DE CIENCIAS SOCIALES Y HUMANÍSTICAS,False,0.36,DOCENTE_NO_TITULAR_OCASIONAL,True,0,0,0,False,False,,0,,False,False,0,0,False,0,False,,,,,
8327,3,2,DOCENTE_NO_TITULAR_OCASIONAL,DOCENTE,PROFESOR NO TITULAR OCASIONAL (TC),FACULTAD DE CIENCIAS NATURALES Y MATEMÁTICAS,True,4.32,DOCENTE_NO_TITULAR_OCASIONAL,False,2,0,0,False,False,4.32,0,,False,False,0,0,False,0,False,,,,,
8331,11,2,ASISTENCIA_SECRETARIAL_OFICINA,ADMINISTRATIVO,ASISTENTE EJECUTIVA 1,FACULTAD DE INGENIERÍA MARÍTIMA Y CIENCIAS DEL MAR,True,15.45,AUXILIAR_AYUDANTE_OPERATIVO,False,3,0,0,False,False,29.68,0,,False,False,0,0,False,0,False,,,,,
8335,1,1,DOCENTE_NO_TITULAR_OCASIONAL,DOCENTE,PROFESOR NO TITULAR OCASIONAL (TC),FACULTAD DE INGENIERÍA EN CIENCIAS DE LA TIERRA,False,1.81,DOCENTE_NO_TITULAR_OCASIONAL,True,0,0,0,False,False,,0,,False,False,0,0,False,0,False,,,,,
8403,1,1,TECNICO_OPERATIVO_MANTENIMIENTO,ADMINISTRATIVO,TÉCNICOS ESPECIALIZADOS - EJECUCIÓN DE PROYECTOS,FACULTAD DE CIENCIAS DE LA VIDA,False,0.83,TECNICO_OPERATIVO_MANTENIMIENTO,True,0,0,0,False,False,,0,,False,True,1,1,False,0,True,JEFATURA_SUPERVISION_OPERATIVA,,,,
8433,2,1,DOCENTE_NO_TITULAR_OCASIONAL,DOCENTE,PROFESOR NO TITULAR OCASIONAL (TC),DECANATO DE GRADO,True,1.33,DOCENTE_NO_TITULAR_OCASIONAL,True,0,0,0,False,False,,0,,False,True,6,1,False,0,True,JEFATURA_SUPERVISION_OPERATIVA,,,,
8441,1,1,PROFESIONAL_ANALISTA,ADMINISTRATIVO,ANALISTA ESTADÍSTICO ACADÉMICO,FACULTAD DE CIENCIAS NATURALES Y MATEMÁTICAS,True,0.78,PROFESIONAL_ANALISTA,True,0,0,0,False,False,,0,,False,True,1,1,False,0,False,JEFATURA_SUPERVISION_OPERATIVA,,,,
8442,1,1,DOCENTE_NO_TITULAR_OCASIONAL,DOCENTE,PROFESOR NO TITULAR OCASIONAL (TC),FACULTAD DE CIENCIAS NATURALES Y MATEMÁTICAS,True,6.26,DOCENTE_NO_TITULAR_OCASIONAL,True,0,0,0,False,False,,0,,False,True,4,1,False,0,True,JEFATURA_SUPERVISION_OPERATIVA,,,,
8446,6,3,TECNICO_DOCENTE_APOYO,DOCENTE,TÉCNICO DOCENTE 3 (TC),DIRECCIÓN DE ADMISIONES,True,3.29,DOCENTE_PREPOLITECNICO,False,2,0,0,False,False,8.69,0,,False,False,0,0,False,0,False,,,,,
8457,1,1,DOCENTE_TITULAR_CARRERA,DOCENTE,PROFESOR TITULAR AGREGADO 1 (TP),FACULTAD DE INGENIERÍA EN ELECTRICIDAD Y COMPUTACIÓN,True,5.11,DOCENTE_TITULAR_CARRERA,True,0,0,0,False,False,,0,,False,False,0,0,False,0,False,,,,,
8497,5,3,DOCENTE_TITULAR_CARRERA,DOCENTE,PROFESOR TITULAR AUXILIAR 2 (TP),"FACULTAD DE ARTE, DISEÑO Y COMUNICACIÓN AUDIOVISUAL",True,8.83,DOCENTE_TITULAR_CARRERA,False,4,1,1,True,True,8.83,2,AUTORIDAD_ADMINISTRATIVA_SUPERIOR,True,True,2,1,False,0,True,AUTORIDAD_ADMINISTRATIVA_SUPERIOR,,,,
8530,4,1,TECNICO_DOCENTE_APOYO,DOCENTE,TÉCNICO DOCENTE 3 (TC),DIRECCIÓN DE ADMISIONES,True,3.29,TECNICO_DOCENTE_APOYO,True,0,0,0,False,False,,0,,False,False,0,0,False,0,False,,,,,
8558,7,4,TECNICO_OPERATIVO_MANTENIMIENTO,ADMINISTRATIVO,TÉCNICO DE INFORMACIÓN BIBLIOTECARIO,CENTRO NACIONAL DE ACUICULTURA E INVESTIGACIONES MARINAS,True,11.69,ASISTENCIA_SECRETARIAL_OFICINA,False,3,0,0,False,False,11.69,0,,False,False,0,0,False,0,False,,,,,
8577,1,1,AUXILIAR_AYUDANTE_OPERATIVO,ADMINISTRATIVO,AUXILIAR DE SERVICIOS,DIRECCIÓN DE SERVICIOS GENERALES,True,17.94,AUXILIAR_AYUDANTE_OPERATIVO,True,0,0,0,False,False,,0,,False,False,0,0,False,0,False,,,,,
8666,8,3,DOCENTE_TITULAR_CARRERA,DOCENTE,PROFESOR TITULAR AUXILIAR 1 (TC),FACULTAD DE CIENCIAS SOCIALES Y HUMANÍSTICAS,False,4.92,DOCENTE_TITULAR_CARRERA,False,4,1,1,True,True,6.95,2,DOCENTE_TITULAR_CARRERA,True,True,6,3,True,2,True,OTROS_AA,,,,
8757,1,1,TECNICO_DOCENTE_APOYO,DOCENTE,TÉCNICO DE INVESTIGACIÓN 1 (TC),CENTRO INTERNACIONAL DEL PACÍFICO PARA LA REDUCCIÓN DEL RIESGO DE DESASTRES,True,0.94,TECNICO_DOCENTE_APOYO,True,0,0,0,False,False,,0,,False,False,0,0,False,0,False,,,,,
8762,1,1,TECNICO_DOCENTE_APOYO,DOCENTE,TÉCNICO DOCENTE 3 (TC),DIRECCIÓN DE ADMISIONES,False,0.25,TECNICO_DOCENTE_APOYO,True,0,0,0,False,False,,0,,False,False,0,0,False,0,False,,,,,
8766,4,3,DOCENTE_NO_TITULAR_OCASIONAL,DOCENTE,PROFESOR NO TITULAR OCASIONAL (TC),FACULTAD DE CIENCIAS NATURALES Y MATEMÁTICAS,True,1.33,TECNICO_OPERATIVO_MANTENIMIENTO,False,3,1,0,True,False,1.33,0,,False,False,0,0,False,0,False,,,,,
8819,2,2,SERVICIOS_GENERALES_OFICIOS,ADMINISTRATIVO,CHOFER,CENTRO DE INVESTIGACIONES Y SERVICIOS EDUCATIVOS,True,6.69,AUXILIAR_AYUDANTE_OPERATIVO,False,1,0,0,False,False,6.69,0,,False,False,0,0,False,0,False,,,,,
8884,2,1,DOCENTE_TITULAR_CARRERA,DOCENTE,PROFESOR TITULAR PRINCIPAL 2 (TC),FACULTAD DE INGENIERÍA MECÁNICA Y CIENCIAS DE LA PRODUCCIÓN,True,12.45,DOCENTE_TITULAR_CARRERA,True,0,0,0,False,False,,1,AUTORIDAD_ACADEMICA_SUPERIOR,True,True,24,2,True,15,True,AUTORIDAD_ADMINISTRATIVA_SUPERIOR,,,,
8941,5,3,PROFESIONAL_ANALISTA,ADMINISTRATIVO,ANALISTA DE INFORMACIÓN BIBLIOTECARIO,CENTRO DE INFORMACIÓN BIBLIOTECARIA,True,11.69,JEFATURA_SUPERVISION_OPERATIVA,False,2,0,0,False,False,11.69,1,AUTORIDAD_ADMINISTRATIVA_SUPERIOR,True,True,3,1,True,3,False,OTROS_AA,,,,
8975,2,1,DOCENTE_NO_TITULAR_OCASIONAL,DOCENTE,PROFESOR NO TITULAR OCASIONAL (TP),FACULTAD DE INGENIERÍA MARÍTIMA Y CIENCIAS DEL MAR,True,1.25,DOCENTE_NO_TITULAR_OCASIONAL,True,0,0,0,False,False,,0,,False,False,0,0,False,0,False,,,,,
9029,1,1,DOCENTE_NO_TITULAR_OCASIONAL,DOCENTE,PROFESOR NO TITULAR OCASIONAL (TP),DESCONOCIDA,False,0.19,DOCENTE_NO_TITULAR_OCASIONAL,True,0,0,0,False,False,,0,,False,False,0,0,False,0,False,,,,,
9035,3,1,DOCENTE_NO_TITULAR_OCASIONAL,DOCENTE,PROFESOR NO TITULAR OCASIONAL (TP),FACULTAD DE INGENIERÍA MARÍTIMA Y CIENCIAS DEL MAR,False,0.38,DOCENTE_NO_TITULAR_OCASIONAL,True,0,0,0,False,False,,0,,False,False,0,0,False,0,False,,,,,
9067,1,1,AUXILIAR_AYUDANTE_OPERATIVO,ADMINISTRATIVO,AUXILIAR DE SERVICIOS,"FACULTAD DE ARTE, DISEÑO Y COMUNICACIÓN AUDIOVISUAL",True,17.94,AUXILIAR_AYUDANTE_OPERATIVO,True,0,0,0,False,False,,0,,False,True,2,1,False,0,True,OTROS_AA,,,,
9189,4,1,ASISTENCIA_SECRETARIAL_OFICINA,ADMINISTRATIVO,ASISTENTE EJECUTIVA 2,DIRECCIÓN DE TALENTO HUMANO,True,18.2,ASISTENCIA_SECRETARIAL_OFICINA,True,0,0,0,False,False,,0,,False,False,0,0,False,0,False,,,,,
9196,3,1,AUXILIAR_AYUDANTE_OPERATIVO,ADMINISTRATIVO,AUXILIAR DE ACTIVOS FIJOS,DESCONOCIDA,False,11.67,AUXILIAR_AYUDANTE_OPERATIVO,True,0,0,0,False,False,,1,ASISTENCIA_SECRETARIAL_OFICINA,True,False,0,0,False,0,False,,,,,
9326,3,3,JEFATURA_SUPERVISION_OPERATIVA,ADMINISTRATIVO,ASISTENTE DE GUARDALMACÉN,CENTRO NACIONAL DE ACUICULTURA E INVESTIGACIONES MARINAS,True,17.11,SERVICIOS_GENERALES_OFICIOS,False,2,0,0,False,False,17.11,0,,False,False,0,0,False,0,False,,,,,
9457,2,2,DOCENTE_TITULAR_CARRERA,DOCENTE,PROFESOR TITULAR AGREGADO 2 (TC),FACULTAD DE CIENCIAS DE LA VIDA,True,6.44,ASISTENCIA_SECRETARIAL_OFICINA,False,1,1,0,True,False,6.44,3,DOCENTE_NO_TITULAR_OCASIONAL,True,False,0,0,False,0,False,,,,,
9465,3,3,AUTORIDAD_ACADEMICA_SUPERIOR,DOCENTE,"VICERRECTOR(A) DE INVESTIGACIÓN, DESARROLLO E INNOVACIÓN","VICERRECTORADO DE INVESTIGACIÓN, DESARROLLO E INNOVACIÓN",True,3.83,DOCENTE_NO_TITULAR_OCASIONAL,False,2,0,0,False,False,3.83,1,TECNICO_OPERATIVO_MANTENIMIENTO,True,True,40,3,True,34,True,OTROS_AA,PRESTACIÓN SERVICIOS PROFESIONALES,DESCONOCIDA,DOCENTE_CONTRATADO_SERVICIOS_CIVILES,DOCENTE
9510,3,2,TECNICO_DOCENTE_APOYO,DOCENTE,TÉCNICO DOCENTE 3 (MT),DIRECCIÓN DE ADMISIONES,False,0.28,DOCENTE_NO_TITULAR_OCASIONAL,False,1,0,0,False,False,2.98,0,,False,False,0,0,False,0,False,,,,,
9640,4,2,ASISTENCIA_SECRETARIAL_OFICINA,ADMINISTRATIVO,ASISTENTE DE ADMISIONES,DIRECCIÓN DE ADMISIONES,False,15.16,AUXILIAR_AYUDANTE_OPERATIVO,False,1,0,0,False,False,17.94,0,,False,False,0,0,False,0,False,,,,,
9654,6,1,DOCENTE_TITULAR_CARRERA,DOCENTE,PROFESOR TITULAR AGREGADO 1 (TC),FACULTAD DE CIENCIAS DE LA VIDA,True,15.32,DOCENTE_TITULAR_CARRERA,True,0,0,0,False,False,,1,AUTORIDAD_ACADEMICA_SUPERIOR,True,True,27,2,True,20,True,OTROS_AA,,,,
9665,5,2,AUXILIAR_AYUDANTE_OPERATIVO,ADMINISTRATIVO,AUXILIAR DE LABORATORIO (8HD),CENTRO NACIONAL DE ACUICULTURA E INVESTIGACIONES MARINAS,True,12.69,SERVICIOS_GENERALES_OFICIOS,False,3,0,0,False,False,12.69,0,,False,False,0,0,False,0,False,,,,,
9693,4,1,DOCENTE_NO_TITULAR_OCASIONAL,DOCENTE,PROFESOR NO TITULAR OCASIONAL (MT),FACULTAD DE CIENCIAS NATURALES Y MATEMÁTICAS,True,0.31,DOCENTE_NO_TITULAR_OCASIONAL,True,0,0,0,False,False,,0,,False,False,0,0,False,0,False,,,,,
9715,1,1,TECNICO_DOCENTE_APOYO,DOCENTE,TÉCNICO DOCENTE 3 (MT),DIRECCIÓN DE ADMISIONES,False,0.24,TECNICO_DOCENTE_APOYO,True,0,0,0,False,False,,0,,False,False,0,0,False,0,False,,,,,
9816,1,1,DOCENTE_NO_TITULAR_OCASIONAL,DOCENTE,PROFESOR NO TITULAR OCASIONAL (TC),FACULTAD DE INGENIERÍA MECÁNICA Y CIENCIAS DE LA PRODUCCIÓN,True,11.36,DOCENTE_NO_TITULAR_OCASIONAL,True,0,0,0,False,False,,0,,False,True,1,1,False,0,True,JEFATURA_SUPERVISION_OPERATIVA,,,,
9834,1,1,PROFESIONAL_ANALISTA,ADMINISTRATIVO,ANALISTA EN SEGURIDAD Y SALUD OCUPACIONAL,DIRECCIÓN DE SEGURIDAD Y SALUD OCUPACIONAL,True,10.44,PROFESIONAL_ANALISTA,True,0,0,0,False,False,,1,AUTORIDAD_ADMINISTRATIVA_SUPERIOR,True,True,13,1,True,13,True,OTROS_AA,,,,
9855,5,4,PROFESIONAL_ANALISTA,ADMINISTRATIVO,ANALISTA DE RELACIONES INTERNACIONALES 3,DESCONOCIDA,False,3.05,OTROS_AA,False,4,0,0,False,False,8.83,2,DOCENTE_NO_TITULAR_OCASIONAL,True,True,1,1,False,0,False,AUTORIDAD_ADMINISTRATIVA_SUPERIOR,,,,
9912,1,1,PROFESIONAL_ANALISTA,ADMINISTRATIVO,ANALISTA DE LABORATORIO,FACULTAD DE INGENIERÍA EN CIENCIAS DE LA TIERRA,True,9.56,PROFESIONAL_ANALISTA,True,0,0,0,False,False,,0,,False,True,1,1,False,0,True,OTROS_AA,,,,
9936,5,1,DOCENTE_TITULAR_CARRERA,DOCENTE,PROFESOR TITULAR AGREGADO 2 (TC),FACULTAD DE CIENCIAS NATURALES Y MATEMÁTICAS,True,15.28,DOCENTE_TITULAR_CARRERA,True,0,0,0,False,False,,0,,False,False,0,0,False,0,False,,,,,
10023,1,1,TECNICO_DOCENTE_APOYO,DOCENTE,TÉCNICO DE LABORATORIO 1 (TC),"FACULTAD DE ARTE, DISEÑO Y COMUNICACIÓN AUDIOVISUAL",False,0.2,TECNICO_DOCENTE_APOYO,True,0,0,0,False,False,,0,,False,False,0,0,False,0,False,,,,,
10059,2,2,DOCENTE_TITULAR_CARRERA,DOCENTE,PROFESOR TITULAR AUXILIAR 1 (TC),FACULTAD DE CIENCIAS SOCIALES Y HUMANÍSTICAS,True,0.15,DOCENTE_NO_TITULAR_OCASIONAL,False,1,0,0,False,False,0.15,0,,False,True,2,1,False,0,True,JEFATURA_SUPERVISION_OPERATIVA,,,,
10072,1,1,TECNICO_OPERATIVO_MANTENIMIENTO,ADMINISTRATIVO,TÈCNICO DE MANTENIMIENTO,DIRECCIÓN DE SERVICIOS GENERALES,True,1.28,TECNICO_OPERATIVO_MANTENIMIENTO,True,0,0,0,False,False,,0,,False,False,0,0,False,0,False,,,,,
10093,2,1,DOCENTE_NO_TITULAR_OCASIONAL,DOCENTE,PROFESOR NO TITULAR OCASIONAL (MT),FACULTAD DE CIENCIAS NATURALES Y MATEMÁTICAS,False,0.15,DOCENTE_NO_TITULAR_OCASIONAL,True,0,0,0,False,False,,0,,False,False,0,0,False,0,False,,,,,
10130,14,1,DOCENTE_NO_TITULAR_OCASIONAL,DOCENTE,PROFESOR NO TITULAR OCASIONAL (TP),FACULTAD DE INGENIERÍA EN CIENCIAS DE LA TIERRA,False,0.3,DOCENTE_NO_TITULAR_OCASIONAL,True,0,0,0,False,False,,0,,False,False,0,0,False,0,False,,,,,
10133,1,1,ASISTENCIA_SECRETARIAL_OFICINA,ADMINISTRATIVO,ASISTENTE EJECUTIVA 2,SECRETARIA ADMINISTRATIVA,False,5.33,ASISTENCIA_SECRETARIAL_OFICINA,True,0,0,0,False,False,,0,,False,False,0,0,False,0,False,,ASISTENTE DE CONSEJO POLITÉCNICO Y TRIBUNAL ELECTORAL,SECRETARIA ADMINISTRATIVA,TRIBUNAL_COMISION_ACADEMICA,ADMINISTRATIVO
10136,1,1,DOCENTE_NO_TITULAR_OCASIONAL,DOCENTE,PROFESOR NO TITULAR OCASIONAL (TC),FACULTAD DE CIENCIAS DE LA VIDA,True,9.94,DOCENTE_NO_TITULAR_OCASIONAL,True,0,0,0,False,False,,0,,False,False,0,0,False,0,False,,,,,
10157,4,2,DOCENTE_TITULAR_CARRERA,DOCENTE,PROFESOR TITULAR AGREGADO 3 (TC),FACULTAD DE CIENCIAS NATURALES Y MATEMÁTICAS,True,8.69,DOCENTE_TITULAR_CARRERA,False,2,0,0,False,False,8.69,1,AUTORIDAD_ACADEMICA_SUPERIOR,True,True,3,2,True,1,True,OTROS_AA,,,,
10191,1,1,DOCENTE_NO_TITULAR_OCASIONAL,DOCENTE,PROFESOR NO TITULAR OCASIONAL (TC),FACULTAD DE CIENCIAS NATURALES Y MATEMÁTICAS,True,5.34,DOCENTE_NO_TITULAR_OCASIONAL,True,0,0,0,False,False,,0,,False,True,1,1,False,0,False,JEFATURA_SUPERVISION_OPERATIVA,,,,
10248,2,1,DOCENTE_NO_TITULAR_OCASIONAL,DOCENTE,PROFESOR NO TITULAR OCASIONAL (TC),FACULTAD DE INGENIERÍA EN ELECTRICIDAD Y COMPUTACIÓN,True,1.92,DOCENTE_NO_TITULAR_OCASIONAL,True,0,0,0,False,False,,0,,False,False,0,0,False,0,False,,,,,
10352,2,2,DOCENTE_NO_TITULAR_OCASIONAL,DOCENTE,PROFESOR NO TITULAR OCASIONAL (TC),FACULTAD DE INGENIERÍA MARÍTIMA Y CIENCIAS DEL MAR,True,1.33,TECNICO_DOCENTE_APOYO,False,1,0,0,False,False,1.33,0,,False,True,8,1,False,0,True,JEFATURA_SUPERVISION_OPERATIVA,,,,
10441,3,1,DOCENTE_NO_TITULAR_OCASIONAL,DOCENTE,PROFESOR NO TITULAR OCASIONAL (TP),FACULTAD DE INGENIERÍA MECÁNICA Y CIENCIAS DE LA PRODUCCIÓN,True,0.47,DOCENTE_NO_TITULAR_OCASIONAL,True,0,0,0,False,False,,0,,False,True,2,1,False,0,True,JEFATURA_SUPERVISION_OPERATIVA,,,,
10447,1,1,DOCENTE_NO_TITULAR_OCASIONAL,DOCENTE,PROFESOR NO TITULAR OCASIONAL (TC),FACULTAD DE INGENIERÍA EN ELECTRICIDAD Y COMPUTACIÓN,False,0.31,DOCENTE_NO_TITULAR_OCASIONAL,True,0,0,0,False,False,,0,,False,False,0,0,False,0,False,,,,,
10483,3,3,SERVICIOS_GENERALES_OFICIOS,ADMINISTRATIVO,GUARDIÀN/GUARDIÀN ADMINISTRATIVO,CENTRO NACIONAL DE ACUICULTURA E INVESTIGACIONES MARINAS,True,11.69,OTROS_AA,False,2,0,0,False,False,11.69,0,,False,False,0,0,False,0,False,,,,,
10493,6,4,TECNICO_OPERATIVO_MANTENIMIENTO,ADMINISTRATIVO,TÉCNICO DE ARCHIVO Y DIGITALIZACIÓN,CENTRO DE TECNOLOGÍAS DE LA INFORMACIÓN,True,9.53,ASISTENCIA_SECRETARIAL_OFICINA,False,4,0,0,False,False,9.53,0,,False,False,0,0,False,0,False,,,,,
10531,4,2,ASISTENCIA_SECRETARIAL_OFICINA,ADMINISTRATIVO,ASISTENTE EJECUTIVA 3,VICERRECTORADO DE DOCENCIA,True,10.61,OTROS_AA,False,1,0,0,False,False,16.61,0,,False,False,0,0,False,0,False,,,,,
10597,2,2,TECNICO_DOCENTE_APOYO,DOCENTE,TÉCNICO DE INVESTIGACIÓN 2 (TC),CENTRO DE INVESTIGACIONES BIOTECNOLÓGICAS DEL ECUADOR,True,4.99,PROFESIONAL_ANALISTA,False,1,1,0,True,False,4.99,0,,False,False,0,0,False,0,False,,,,,
10605,2,2,SERVICIOS_GENERALES_OFICIOS,ADMINISTRATIVO,CHOFER DE VEHÌCULOS PESADOS,DIRECCIÓN DE SERVICIOS GENERALES,True,1.69,AUXILIAR_AYUDANTE_OPERATIVO,False,1,0,0,False,False,1.69,1,AUXILIAR_AYUDANTE_OPERATIVO,True,False,0,0,False,0,False,,,,,
10646,3,3,TECNICO_DOCENTE_APOYO,DOCENTE,TÉCNICO DE LABORATORIO 1 (TC),FACULTAD DE INGENIERÍA MECÁNICA Y CIENCIAS DE LA PRODUCCIÓN,True,8.69,TECNICO_OPERATIVO_MANTENIMIENTO,False,2,1,0,True,False,8.69,0,,False,False,0,0,False,0,False,,,,,
10778,1,1,AUXILIAR_AYUDANTE_OPERATIVO,ADMINISTRATIVO,AUXILIAR DE SERVICIOS DE MANTENIMIENTO,GERENCIA DE TECNOLOGÍAS Y SISTEMAS DE INFORMACIÓN,True,10.69,AUXILIAR_AYUDANTE_OPERATIVO,True,0,0,0,False,False,,0,,False,False,0,0,False,0,False,,,,,
10864,1,1,ASISTENCIA_SECRETARIAL_OFICINA,ADMINISTRATIVO,ASISTENTE DE COMUNICACIÓN,GERENCIA DE COMUNICACIÓN,True,4.69,ASISTENCIA_SECRETARIAL_OFICINA,True,0,0,0,False,False,,0,,False,False,0,0,False,0,False,,,,,
10941,1,1,DOCENTE_NO_TITULAR_OCASIONAL,DOCENTE,PROFESOR NO TITULAR OCASIONAL (TC),FACULTAD DE INGENIERÍA EN ELECTRICIDAD Y COMPUTACIÓN,False,3.98,DOCENTE_NO_TITULAR_OCASIONAL,True,0,0,0,False,False,,0,,False,True,1,1,False,0,True,JEFATURA_SUPERVISION_OPERATIVA,,,,
10946,5,4,TECNICO_DOCENTE_APOYO,DOCENTE,TÉCNICO DE LABORATORIO 1 (TC),FACULTAD DE CIENCIAS DE LA VIDA,True,2.27,ASISTENCIA_SECRETARIAL_OFICINA,False,3,1,0,True,False,7.69,1,PROFESIONAL_ANALISTA,True,False,0,0,False,0,False,,,,,
11053,5,1,DOCENTE_NO_TITULAR_OCASIONAL,DOCENTE,PROFESOR NO TITULAR OCASIONAL (TP),FACULTAD DE INGENIERÍA EN CIENCIAS DE LA TIERRA,False,0.36,DOCENTE_NO_TITULAR_OCASIONAL,True,0,0,0,False,False,,0,,False,False,0,0,False,0,False,,,,,
11174,2,1,TECNICO_DOCENTE_APOYO,DOCENTE,TÉCNICO DOCENTE 1 (TC),FACULTAD DE CIENCIAS NATURALES Y MATEMÁTICAS,False,0.59,TECNICO_DOCENTE_APOYO,True,0,0,0,False,False,,0,,False,False,0,0,False,0,False,,,,,
11196,1,1,AUXILIAR_AYUDANTE_OPERATIVO,ADMINISTRATIVO,AUXILIAR DE SERVICIOS DE MANTENIMIENTO,DIRECCIÓN DE SERVICIOS GENERALES,False,16.33,AUXILIAR_AYUDANTE_OPERATIVO,True,0,0,0,False,False,,0,,False,False,0,0,False,0,False,,,,,
11234,6,2,DOCENTE_NO_TITULAR_OCASIONAL,DOCENTE,PROFESOR NO TITULAR OCASIONAL (TC),DECANATO DE GRADO,True,0.36,DOCENTE_NO_TITULAR_OCASIONAL,False,2,0,0,False,False,0.36,0,,False,False,0,0,False,0,False,,,,,
11237,8,4,TECNICO_OPERATIVO_MANTENIMIENTO,ADMINISTRATIVO,TÈCNICO DE CONTROL DE MATERIALES,CENTRO NACIONAL DE ACUICULTURA E INVESTIGACIONES MARINAS,True,10.69,AUXILIAR_AYUDANTE_OPERATIVO,False,6,0,0,False,False,10.69,0,,False,False,0,0,False,0,False,,,,,
11351,1,1,TECNICO_DOCENTE_APOYO,DOCENTE,TÉCNICO DOCENTE 4 (TC),FACULTAD DE INGENIERÍA EN CIENCIAS DE LA TIERRA,False,1.08,TECNICO_DOCENTE_APOYO,True,0,0,0,False,False,,0,,False,True,3,1,False,0,True,JEFATURA_SUPERVISION_OPERATIVA,,,,
11493,8,2,SERVICIOS_GENERALES_OFICIOS,ADMINISTRATIVO,OPERADOR DE TANQUES Y ESTACIÒN DE BOMBEO,CENTRO NACIONAL DE ACUICULTURA E INVESTIGACIONES MARINAS,False,10.83,ASISTENCIA_SECRETARIAL_OFICINA,False,1,0,0,False,False,17.11,0,,False,False,0,0,False,0,False,,,,,
11495,2,2,SERVICIOS_GENERALES_OFICIOS,ADMINISTRATIVO,OPERADOR DE TANQUES Y ESTACIÒN DE BOMBEO,DIRECCIÓN DE SERVICIOS GENERALES,True,1.69,AUXILIAR_AYUDANTE_OPERATIVO,False,1,0,0,False,False,1.69,1,AUXILIAR_AYUDANTE_OPERATIVO,True,False,0,0,False,0,False,,,,,
11509,10,6,DOCENTE_TITULAR_CARRERA,DOCENTE,PROFESOR TITULAR AUXILIAR 2 (TC),FACULTAD DE INGENIERÍA MARÍTIMA Y CIENCIAS DEL MAR,True,5.11,AUXILIAR_AYUDANTE_OPERATIVO,False,7,2,1,True,True,5.11,3,AUTORIDAD_ACADEMICA_SUPERIOR,True,True,19,3,True,1,True,AUTORIDAD_ADMINISTRATIVA_SUPERIOR,,,,
11522,6,2,AUXILIAR_AYUDANTE_OPERATIVO,ADMINISTRATIVO,AUXILIAR DE LABORATORIO (8HD),CENTRO NACIONAL DE ACUICULTURA E INVESTIGACIONES MARINAS,True,12.69,SERVICIOS_GENERALES_OFICIOS,False,3,0,0,False,False,12.69,0,,False,False,0,0,False,0,False,,,,,
11528,6,2,AUXILIAR_AYUDANTE_OPERATIVO,ADMINISTRATIVO,AUXILIAR DE LABORATORIO (8HD),CENTRO NACIONAL DE ACUICULTURA E INVESTIGACIONES MARINAS,True,12.69,SERVICIOS_GENERALES_OFICIOS,False,3,0,0,False,False,12.69,0,,False,False,0,0,False,0,False,,,,,
11822,1,1,AUXILIAR_AYUDANTE_OPERATIVO,ADMINISTRATIVO,AUXILIAR DE SERVICIOS,RECTORADO,True,16.86,AUXILIAR_AYUDANTE_OPERATIVO,True,0,0,0,False,False,,0,,False,False,0,0,False,0,False,,,,,
11851,2,2,DOCENTE_TITULAR_CARRERA,DOCENTE,PROFESOR TITULAR AGREGADO 2 (TC),FACULTAD DE INGENIERÍA MECÁNICA Y CIENCIAS DE LA PRODUCCIÓN,True,5.11,DOCENTE_NO_TITULAR_OCASIONAL,False,1,0,0,False,False,5.11,0,,False,True,1,1,False,0,True,OTROS_AA,,,,
11859,2,2,DOCENTE_NO_TITULAR_OCASIONAL,DOCENTE,PROFESOR NO TITULAR OCASIONAL (TC),FACULTAD DE CIENCIAS SOCIALES Y HUMANÍSTICAS,True,1.4,TECNICO_DOCENTE_APOYO,False,1,0,0,False,False,1.4,0,,False,True,1,1,False,0,True,JEFATURA_SUPERVISION_OPERATIVA,,,,
11865,7,3,PROFESIONAL_ANALISTA,ADMINISTRATIVO,ANALISTA DE LABORATORIO DE INVESTIGACIÓN 3,CENTRO NACIONAL DE ACUICULTURA E INVESTIGACIONES MARINAS,False,9.41,TECNICO_OPERATIVO_MANTENIMIENTO,False,4,0,0,False,False,10.78,0,,False,False,0,0,False,0,False,,,,,
11880,1,1,TECNICO_OPERATIVO_MANTENIMIENTO,ADMINISTRATIVO,TÉCNICOS ESPECIALIZADOS - EJECUCIÓN DE PROYECTOS,DESCONOCIDA,False,0.11,TECNICO_OPERATIVO_MANTENIMIENTO,True,0,0,0,False,False,,0,,False,False,0,0,False,0,False,,,,,
11918,5,1,DOCENTE_NO_TITULAR_OCASIONAL,DOCENTE,PROFESOR NO TITULAR OCASIONAL (TC),"FACULTAD DE ARTE, DISEÑO Y COMUNICACIÓN AUDIOVISUAL",False,5.39,DOCENTE_NO_TITULAR_OCASIONAL,True,0,0,0,False,False,,0,,False,True,3,1,False,0,True,JEFATURA_SUPERVISION_OPERATIVA,,,,
12371,2,1,TECNICO_DOCENTE_APOYO,DOCENTE,TÉCNICO DOCENTE 3 (TC),DIRECCIÓN DE ADMISIONES,True,0.24,TECNICO_DOCENTE_APOYO,True,0,0,0,False,False,,0,,False,False,0,0,False,0,False,,,,,
12394,3,3,PROFESIONAL_ANALISTA,ADMINISTRATIVO,ANALISTA DE LABORATORIO DE INVESTIGACIÓN 2,CENTRO DE INVESTIGACIONES BIOTECNOLÓGICAS DEL ECUADOR,True,10.78,ASISTENCIA_SECRETARIAL_OFICINA,False,2,0,0,False,False,10.78,0,,False,False,0,0,False,0,False,,,,,
12403,2,2,DOCENTE_NO_TITULAR_OCASIONAL,DOCENTE,PROFESOR NO TITULAR OCASIONAL (TC),FACULTAD DE CIENCIAS DE LA VIDA,True,10.61,ASISTENCIA_SECRETARIAL_OFICINA,False,1,1,0,True,False,10.61,0,,False,False,0,0,False,0,False,,,,,
12405,3,3,PROFESIONAL_ANALISTA,ADMINISTRATIVO,ANALISTA DE LABORATORIO DE INVESTIGACIÓN 3,CENTRO DE INVESTIGACIONES BIOTECNOLÓGICAS DEL ECUADOR,True,10.86,ASISTENCIA_SECRETARIAL_OFICINA,False,2,0,0,False,False,10.86,0,,False,False,0,0,False,0,False,,,,,
12411,2,2,DOCENTE_TITULAR_CARRERA,DOCENTE,PROFESOR TITULAR AUXILIAR 1 (TC),FACULTAD DE CIENCIAS DE LA VIDA,True,3.28,DOCENTE_NO_TITULAR_OCASIONAL,False,1,0,0,False,False,3.28,0,,False,True,7,1,False,0,True,JEFATURA_SUPERVISION_OPERATIVA,,,,
12422,4,3,DOCENTE_TITULAR_CARRERA,DOCENTE,PROFESOR TITULAR AUXILIAR 2 (TC),FACULTAD DE INGENIERÍA EN CIENCIAS DE LA TIERRA,True,1.03,DOCENTE_NO_TITULAR_OCASIONAL,False,3,0,0,False,False,1.03,2,AUTORIDAD_ACADEMICA_SUPERIOR,True,True,34,3,True,30,True,OTROS_AA,,,,
12471,2,1,AUXILIAR_AYUDANTE_OPERATIVO,ADMINISTRATIVO,AUXILIAR DE IMPRENTA,GERENCIA DE COMUNICACIÓN,True,12.69,AUXILIAR_AYUDANTE_OPERATIVO,True,0,0,0,False,False,,1,SERVICIOS_GENERALES_OFICIOS,True,False,0,0,False,0,False,,,,,
12487,2,2,PROFESIONAL_ANALISTA,ADMINISTRATIVO,ANALISTA DE DESPACHO 1,GERENCIA ADMINISTRATIVA,True,11.69,ASISTENCIA_SECRETARIAL_OFICINA,False,1,0,0,False,False,11.69,0,,False,False,0,0,False,0,False,,,,,
12696,2,1,TECNICO_OPERATIVO_MANTENIMIENTO,ADMINISTRATIVO,TÉCNICOS ESPECIALIZADOS - EJECUCIÓN DE ACTIVIDADES,CENTRO DE INVESTIGACIÓN Y PROYECTOS APLICADOS A LAS CIENCIAS DE LA TIERRA,True,0.68,TECNICO_OPERATIVO_MANTENIMIENTO,True,0,0,0,False,False,,0,,False,False,0,0,False,0,False,,,,,
12725,2,2,PROFESIONAL_ANALISTA,ADMINISTRATIVO,ANALISTA DE LABORATORIO DE INVESTIGACIÓN 2,CENTRO DE INVESTIGACIONES BIOTECNOLÓGICAS DEL ECUADOR,True,10.53,AUXILIAR_AYUDANTE_OPERATIVO,False,1,0,0,False,False,10.53,0,,False,False,0,0,False,0,False,,,,,
12781,1,1,DOCENTE_NO_TITULAR_OCASIONAL,DOCENTE,PROFESOR NO TITULAR OCASIONAL (TC),FACULTAD DE INGENIERÍA MECÁNICA Y CIENCIAS DE LA PRODUCCIÓN,False,0.96,DOCENTE_NO_TITULAR_OCASIONAL,True,0,0,0,False,False,,0,,False,True,1,1,False,0,True,JEFATURA_SUPERVISION_OPERATIVA,,,,
12880,1,1,TECNICO_DOCENTE_APOYO,DOCENTE,TÉCNICO DE INVESTIGACIÓN 1 (TC),CENTRO DE TECNOLOGÍAS DE LA INFORMACIÓN,False,1.16,TECNICO_DOCENTE_APOYO,True,0,0,0,False,False,,0,,False,False,0,0,False,0,False,,,,,
12899,1,1,PROFESIONAL_ANALISTA,ADMINISTRATIVO,ANALISTA DE COMPRAS PÚBLICAS 2,DIRECCIÓN DE ADQUISICIONES,True,10.61,PROFESIONAL_ANALISTA,True,0,0,0,False,False,,1,AUTORIDAD_ADMINISTRATIVA_SUPERIOR,True,False,0,0,False,0,False,,,,,
12900,4,3,TECNICO_DOCENTE_APOYO,DOCENTE,TÉCNICO DOCENTE 1 (TC),FACULTAD DE CIENCIAS NATURALES Y MATEMÁTICAS,True,8.69,TECNICO_DOCENTE_APOYO,False,3,1,1,True,True,8.69,0,,False,False,0,0,False,0,False,,,,,
13040,2,2,PROFESIONAL_ANALISTA,ADMINISTRATIVO,ANALISTA DE COMUNICACIÓN 1,FACULTAD DE CIENCIAS SOCIALES Y HUMANÍSTICAS,True,11.69,ASISTENCIA_SECRETARIAL_OFICINA,False,1,0,0,False,False,11.69,1,DOCENTE_NO_TITULAR_OCASIONAL,True,False,0,0,False,0,False,,,,,
13055,2,1,DOCENTE_NO_TITULAR_OCASIONAL,DOCENTE,PROFESOR NO TITULAR OCASIONAL (TC),FACULTAD DE INGENIERÍA EN ELECTRICIDAD Y COMPUTACIÓN,False,0.98,DOCENTE_NO_TITULAR_OCASIONAL,True,0,0,0,False,False,,0,,False,False,0,0,False,0,False,,,,,
13170,1,1,ASISTENCIA_SECRETARIAL_OFICINA,ADMINISTRATIVO,ASISTENTE DE RELACIONES INTERNACIONALES,RECTORADO,False,11.33,ASISTENCIA_SECRETARIAL_OFICINA,True,0,0,0,False,False,,2,PROFESIONAL_ANALISTA,True,False,0,0,False,0,False,,,,,
13296,1,1,AUXILIAR_AYUDANTE_OPERATIVO,ADMINISTRATIVO,AUXILIAR DE SERVICIOS DE MANTENIMIENTO,DIRECCIÓN DE SERVICIOS GENERALES,True,19.64,AUXILIAR_AYUDANTE_OPERATIVO,True,0,0,0,False,False,,0,,False,False,0,0,False,0,False,,,,,
13297,1,1,AUXILIAR_AYUDANTE_OPERATIVO,ADMINISTRATIVO,AUXILIAR DE SERVICIOS,DIRECCIÓN DE SERVICIOS GENERALES,True,19.61,AUXILIAR_AYUDANTE_OPERATIVO,True,0,0,0,False,False,,0,,False,False,0,0,False,0,False,,,,,
13298,3,2,JEFATURA_SUPERVISION_OPERATIVA,ADMINISTRATIVO,SUPERVISOR DE AUXILIARES DE SERVICIOS,FACULTAD DE CIENCIAS SOCIALES Y HUMANÍSTICAS,True,3.69,AUXILIAR_AYUDANTE_OPERATIVO,False,1,0,0,False,False,3.69,0,,False,True,1,1,False,0,True,OTROS_AA,,,,
13302,1,1,AUXILIAR_AYUDANTE_OPERATIVO,ADMINISTRATIVO,AUXILIAR DE SERVICIOS DE MANTENIMIENTO,DIRECCIÓN DE SERVICIOS GENERALES,False,17.63,AUXILIAR_AYUDANTE_OPERATIVO,True,0,0,0,False,False,,0,,False,False,0,0,False,0,False,,,,,
13310,1,1,AUXILIAR_AYUDANTE_OPERATIVO,ADMINISTRATIVO,AUXILIAR DE SERVICIOS DE MANTENIMIENTO,DIRECCIÓN DE SERVICIOS GENERALES,True,19.64,AUXILIAR_AYUDANTE_OPERATIVO,True,0,0,0,False,False,,0,,False,False,0,0,False,0,False,,,,,
13317,1,1,AUXILIAR_AYUDANTE_OPERATIVO,ADMINISTRATIVO,AUXILIAR DE SERVICIOS DE MANTENIMIENTO,DIRECCIÓN DE SERVICIOS GENERALES,True,19.64,AUXILIAR_AYUDANTE_OPERATIVO,True,0,0,0,False,False,,0,,False,False,0,0,False,0,False,,,,,
13325,7,2,DOCENTE_TITULAR_CARRERA,DOCENTE,PROFESOR TITULAR AUXILIAR 1 (TC),FACULTAD DE CIENCIAS SOCIALES Y HUMANÍSTICAS,True,0.15,DOCENTE_TITULAR_CARRERA,False,2,0,0,False,False,0.15,0,,False,True,9,1,False,0,True,JEFATURA_SUPERVISION_OPERATIVA,,,,
13326,3,1,DOCENTE_NO_TITULAR_OCASIONAL,DOCENTE,PROFESOR NO TITULAR OCASIONAL (TC),FACULTAD DE CIENCIAS NATURALES Y MATEMÁTICAS,True,5.32,DOCENTE_NO_TITULAR_OCASIONAL,True,0,0,0,False,False,,0,,False,False,0,0,False,0,False,,,,,
13351,3,1,ASISTENCIA_SECRETARIAL_OFICINA,ADMINISTRATIVO,ASISTENTE EJECUTIVA 1,FACULTAD DE INGENIERÍA MECÁNICA Y CIENCIAS DE LA PRODUCCIÓN,False,13.75,ASISTENCIA_SECRETARIAL_OFICINA,True,0,0,0,False,False,,0,,False,False,0,0,False,0,False,,,,,
13505,2,2,PROFESIONAL_ANALISTA,ADMINISTRATIVO,ANALISTA DE SEGURIDAD INFORMÁTICO 3,GERENCIA DE TECNOLOGÍAS Y SISTEMAS DE INFORMACIÓN,True,10.9,ASISTENCIA_SECRETARIAL_OFICINA,False,1,0,0,False,False,10.9,1,AUTORIDAD_ADMINISTRATIVA_SUPERIOR,True,True,1,1,True,1,True,OTROS_AA,,,,
13532,35,2,AUTORIDAD_ACADEMICA_SUPERIOR,DOCENTE,DECANO(A),"VICERRECTORADO DE INVESTIGACIÓN, DESARROLLO E INNOVACIÓN",True,0.04,DOCENTE_TITULAR_CARRERA,False,17,0,0,False,False,0.04,0,,False,True,24,2,True,18,True,OTROS_AA,,,,
13566,2,1,DOCENTE_NO_TITULAR_OCASIONAL,DOCENTE,PROFESOR NO TITULAR OCASIONAL (TC),FACULTAD DE INGENIERÍA EN ELECTRICIDAD Y COMPUTACIÓN,False,8.59,DOCENTE_NO_TITULAR_OCASIONAL,True,0,0,0,False,False,,0,,False,False,0,0,False,0,False,,,,,
13660,4,3,TECNICO_DOCENTE_APOYO,DOCENTE,TECNICO DOCENTE 4,ESCUELA DE DISEÑO Y COMUNICACIÓN VISUAL,False,0.99,OTROS_AA,False,2,1,0,True,False,8.36,0,,False,False,0,0,False,0,False,,,,,
13663,1,1,PROFESIONAL_ESPECIALIZADO_TECNICO,ADMINISTRATIVO,ENFERMERA,UNIDAD DE BIENESTAR ESTUDIANTIL Y POLITÉCNICO,False,12.84,PROFESIONAL_ESPECIALIZADO_TECNICO,True,0,0,0,False,False,,0,,False,False,0,0,False,0,False,,,,,
13674,3,1,DOCENTE_TITULAR_CARRERA,DOCENTE,PROFESOR TITULAR AGREGADO 3 (TC),FACULTAD DE CIENCIAS NATURALES Y MATEMÁTICAS,True,17.32,DOCENTE_TITULAR_CARRERA,True,0,0,0,False,False,,0,,False,True,1,1,False,0,True,AUTORIDAD_ADMINISTRATIVA_SUPERIOR,,,,
13696,2,1,TECNICO_OPERATIVO_MANTENIMIENTO,ADMINISTRATIVO,TÉCNICOS ESPECIALIZADOS - EJECUCIÓN DE ACTIVIDADES,GERENCIA DE BIENESTAR POLITÉCNICO,False,0.98,TECNICO_OPERATIVO_MANTENIMIENTO,True,0,0,0,False,False,,0,,False,False,0,0,False,0,False,,PROFESOR INVITADO,DECANATO DE GRADO,DOCENTE_HONORARIO_ESPECIAL,DOCENTE
13703,20,2,PROFESIONAL_ANALISTA,ADMINISTRATIVO,ANALISTA DE PROYECTOS DE VINCULACIÓN 2,DECANATO DE VINCULACIÓN,True,0.06,ASISTENCIA_SECRETARIAL_OFICINA,False,1,0,0,False,False,11.69,1,AUTORIDAD_ADMINISTRATIVA_SUPERIOR,True,True,4,1,True,4,True,OTROS_AA,,,,
13705,5,2,DOCENTE_TITULAR_CARRERA,DOCENTE,PROFESOR TITULAR PRINCIPAL (TC),FACULTAD DE INGENIERÍA EN ELECTRICIDAD Y COMPUTACIÓN,True,27.27,DOCENTE_TITULAR_CARRERA,False,2,0,0,False,False,27.27,1,AUTORIDAD_ADMINISTRATIVA_SUPERIOR,True,True,13,1,False,0,True,AUTORIDAD_ADMINISTRATIVA_SUPERIOR,SERVICIOS PROFESIONALES - EJECUCIÓN DE ACTIVIDADES,GERENCIA DE PLANIFICACIÓN ESTRATÉGICA,CONTRATO_SERVICIOS_PROFESIONALES_PROYECTO,ADMINISTRATIVO
13708,40,2,DOCENTE_TITULAR_CARRERA,DOCENTE,PROFESOR TITULAR AGREGADO 1 (TC),FACULTAD DE CIENCIAS SOCIALES Y HUMANÍSTICAS,True,0.03,DOCENTE_TITULAR_CARRERA,False,2,1,1,True,True,14.96,1,AUTORIDAD_ADMINISTRATIVA_SUPERIOR,True,True,1,1,False,0,False,AUTORIDAD_ADMINISTRATIVA_SUPERIOR,,,,
13756,2,2,TECNICO_DOCENTE_APOYO,DOCENTE,TÉCNICO DOCENTE 1 (MT),FACULTAD DE INGENIERÍA EN CIENCIAS DE LA TIERRA,False,5.59,DOCENTE_NO_TITULAR_OCASIONAL,False,1,0,0,False,False,8.69,0,,False,False,0,0,False,0,False,,,,,
13779,1,1,DOCENTE_TITULAR_CARRERA,DOCENTE,PROFESOR TITULAR AGREGADO 3 (TC),FACULTAD DE CIENCIAS SOCIALES Y HUMANÍSTICAS,True,16.32,DOCENTE_TITULAR_CARRERA,True,0,0,0,False,False,,0,,False,True,1,1,False,0,True,JEFATURA_SUPERVISION_OPERATIVA,,,,
13801,3,2,DOCENTE_NO_TITULAR_OCASIONAL,DOCENTE,PROFESOR NO TITULAR OCASIONAL (TC),FACULTAD DE CIENCIAS DE LA VIDA,True,1.52,ASISTENCIA_SECRETARIAL_OFICINA,False,1,1,0,True,False,11.36,0,,False,False,0,0,False,0,False,,,,,
13826,4,2,TECNICO_OPERATIVO_MANTENIMIENTO,ADMINISTRATIVO,TÉCNICOS ESPECIALIZADOS - EJECUCIÓN DE ACTIVIDADES,UNIDAD DE BIENESTAR ESTUDIANTIL Y POLITÉCNICO,False,1.0,OTROS_AA,False,1,0,0,False,False,8.69,0,,False,False,0,0,False,0,False,,SERVICIOS PROFESIONALES - EJECUCIÓN DE ACTIVIDADES,GERENCIA DE BIENESTAR POLITÉCNICO,CONTRATO_SERVICIOS_PROFESIONALES_PROYECTO,ADMINISTRATIVO
13831,1,1,AUXILIAR_AYUDANTE_OPERATIVO,ADMINISTRATIVO,AUXILIAR DE SERVICIOS,VICERRECTORADO DE DOCENCIA,True,18.91,AUXILIAR_AYUDANTE_OPERATIVO,True,0,0,0,False,False,,0,,False,False,0,0,False,0,False,,,,,
13838,2,1,ASISTENCIA_SECRETARIAL_OFICINA,ADMINISTRATIVO,ASISTENTE EJECUTIVA 2,CENTRO NACIONAL DE ACUICULTURA E INVESTIGACIONES MARINAS,True,15.45,ASISTENCIA_SECRETARIAL_OFICINA,True,0,0,0,False,False,,0,,False,False,0,0,False,0,False,,,,,
13863,1,1,PROFESIONAL_ANALISTA,ADMINISTRATIVO,ANALISTA DE TRANSPORTE,DIRECCIÓN DE SERVICIOS GENERALES,False,3.0,PROFESIONAL_ANALISTA,True,0,0,0,False,False,,0,,False,False,0,0,False,0,False,,,,,
13876,2,1,DOCENTE_NO_TITULAR_OCASIONAL,DOCENTE,PROFESOR NO TITULAR OCASIONAL (TC),FACULTAD DE CIENCIAS NATURALES Y MATEMÁTICAS,True,1.35,DOCENTE_NO_TITULAR_OCASIONAL,True,0,0,0,False,False,,0,,False,False,0,0,False,0,False,,,,,
13879,2,1,ASISTENCIA_SECRETARIAL_OFICINA,ADMINISTRATIVO,ASISTENTE EJECUTIVA 3,FACULTAD DE INGENIERÍA EN ELECTRICIDAD Y COMPUTACIÓN,True,15.36,ASISTENCIA_SECRETARIAL_OFICINA,True,0,0,0,False,False,,0,,False,False,0,0,False,0,False,,,,,
13895,1,1,DOCENTE_NO_TITULAR_OCASIONAL,DOCENTE,PROFESOR NO TITULAR OCASIONAL (TC),ESCUELA DE POSTGRADO EN ADMINISTRACIÓN DE EMPRESAS,True,1.95,DOCENTE_NO_TITULAR_OCASIONAL,True,0,0,0,False,False,,0,,False,False,0,0,False,0,False,,,,,
13897,4,2,ASISTENCIA_SECRETARIAL_OFICINA,ADMINISTRATIVO,ASISTENTE EJECUTIVA 3,FACULTAD DE INGENIERÍA EN ELECTRICIDAD Y COMPUTACIÓN,False,0.0,ASISTENCIA_SECRETARIAL_OFICINA,False,2,0,0,False,False,2.78,2,ASISTENCIA_SECRETARIAL_OFICINA,True,True,1,1,False,0,True,OTROS_AA,,,,
13922,14,5,PROFESIONAL_ANALISTA,ADMINISTRATIVO,ANALISTA ADMINISTRATIVO,DIRECCIÓN DE SERVICIOS GENERALES,True,3.69,JEFATURA_SUPERVISION_OPERATIVA,False,7,0,0,False,False,3.69,2,ASISTENCIA_SECRETARIAL_OFICINA,True,True,8,2,True,7,True,OTROS_AA,,,,
13929,2,2,DOCENTE_NO_TITULAR_OCASIONAL,DOCENTE,PROFESOR NO TITULAR OCASIONAL (TC),FACULTAD DE INGENIERÍA EN ELECTRICIDAD Y COMPUTACIÓN,False,2.58,ASISTENCIA_SECRETARIAL_OFICINA,False,1,1,0,True,False,9.94,0,,False,True,2,1,False,0,True,JEFATURA_SUPERVISION_OPERATIVA,,,,
13956,3,3,PROFESIONAL_ANALISTA,ADMINISTRATIVO,ANALISTA DE LABORATORIO DE INVESTIGACIÓN 2,CENTRO DE INVESTIGACIONES BIOTECNOLÓGICAS DEL ECUADOR,False,9.37,ASISTENCIA_SECRETARIAL_OFICINA,False,2,0,0,False,False,10.78,0,,False,False,0,0,False,0,False,,,,,
13964,1,1,AUXILIAR_AYUDANTE_OPERATIVO,ADMINISTRATIVO,AUXILIAR DE SERVICIOS,DIRECCIÓN DE SERVICIOS GENERALES,True,17.94,AUXILIAR_AYUDANTE_OPERATIVO,True,0,0,0,False,False,,1,SERVICIOS_GENERALES_OFICIOS,True,False,0,0,False,0,False,,,,,
13971,5,3,ASISTENCIA_SECRETARIAL_OFICINA,ADMINISTRATIVO,ASISTENTE FINANCIERO,GERENCIA FINANCIERA,True,11.69,OTROS_AA,False,2,0,0,False,False,11.69,1,PROFESIONAL_ANALISTA,True,False,0,0,False,0,False,,,,,
13994,2,2,DOCENTE_NO_TITULAR_OCASIONAL,DOCENTE,PROFESOR NO TITULAR OCASIONAL (TC),FACULTAD DE INGENIERÍA EN ELECTRICIDAD Y COMPUTACIÓN,True,10.44,TECNICO_OPERATIVO_MANTENIMIENTO,False,1,1,0,True,False,10.44,0,,False,True,3,1,False,0,True,JEFATURA_SUPERVISION_OPERATIVA,,,,
14004,3,3,DOCENTE_TITULAR_CARRERA,DOCENTE,PROFESOR TITULAR AGREGADO 3 (TC),FACULTAD DE INGENIERÍA EN ELECTRICIDAD Y COMPUTACIÓN,True,10.11,PROFESIONAL_ANALISTA,False,2,1,0,True,False,10.11,0,,False,False,0,0,False,0,False,,,,,
14022,3,3,PROFESIONAL_ANALISTA,ADMINISTRATIVO,ANALISTA DE LABORATORIO DE INVESTIGACIÓN 3,CENTRO DE INVESTIGACIONES BIOTECNOLÓGICAS DEL ECUADOR,True,10.78,ASISTENCIA_SECRETARIAL_OFICINA,False,2,1,1,True,True,10.78,1,TECNICO_OPERATIVO_MANTENIMIENTO,True,False,0,0,False,0,False,,,,,
14060,2,1,DOCENTE_NO_TITULAR_OCASIONAL,DOCENTE,PROFESOR NO TITULAR OCASIONAL (TC),"FACULTAD DE ARTE, DISEÑO Y COMUNICACIÓN AUDIOVISUAL",True,3.55,DOCENTE_NO_TITULAR_OCASIONAL,True,0,0,0,False,False,,0,,False,False,0,0,False,0,False,,,,,
14080,23,2,ASISTENCIA_SECRETARIAL_OFICINA,ADMINISTRATIVO,ASISTENTE DE ACTIVOS FIJOS,CENTRO DE INVESTIGACIONES BIOTECNOLÓGICAS DEL ECUADOR,True,0.11,AUXILIAR_AYUDANTE_OPERATIVO,False,1,0,0,False,False,11.69,0,,False,False,0,0,False,0,False,,,,,
14089,5,3,DOCENTE_TITULAR_CARRERA,DOCENTE,PROFESOR TITULAR AUXILIAR 1 (TC),FACULTAD DE INGENIERÍA EN ELECTRICIDAD Y COMPUTACIÓN,True,0.15,DOCENTE_NO_TITULAR_OCASIONAL,False,3,0,0,False,False,0.15,1,TECNICO_OPERATIVO_MANTENIMIENTO,True,True,2,1,False,0,True,JEFATURA_SUPERVISION_OPERATIVA,,,,
14090,2,2,SERVICIOS_GENERALES_OFICIOS,ADMINISTRATIVO,OPERADOR DE MAQUINARIA O EQUIPO PESADO,DIRECCIÓN DE SERVICIOS GENERALES,True,1.69,AUXILIAR_AYUDANTE_OPERATIVO,False,1,0,0,False,False,1.69,1,AUXILIAR_AYUDANTE_OPERATIVO,True,False,0,0,False,0,False,,,,,
14091,5,3,PROFESIONAL_ANALISTA,ADMINISTRATIVO,ANALISTA DE TALENTO HUMANO 3,DIRECCIÓN DE TALENTO HUMANO,True,1.25,ASISTENCIA_SECRETARIAL_OFICINA,False,3,0,0,False,False,1.25,2,PROFESIONAL_ANALISTA,True,True,2,1,False,0,True,AUTORIDAD_ADMINISTRATIVA_SUPERIOR,,,,
14093,2,1,PROFESIONAL_ANALISTA,ADMINISTRATIVO,ANALISTA DE DESARROLLO DE SISTEMAS 1,GERENCIA DE TECNOLOGÍAS Y SISTEMAS DE INFORMACIÓN,False,0.83,PROFESIONAL_ANALISTA,True,0,0,0,False,False,,0,,False,False,0,0,False,0,False,,,,,
14097,1,1,PROFESIONAL_ANALISTA,ADMINISTRATIVO,ANALISTA FINANCIERO 1,GERENCIA FINANCIERA,True,9.86,PROFESIONAL_ANALISTA,True,0,0,0,False,False,,0,,False,False,0,0,False,0,False,,,,,
14113,2,2,DOCENTE_TITULAR_CARRERA,DOCENTE,PROFESOR TITULAR AGREGADO 1 (TC),FACULTAD DE CIENCIAS NATURALES Y MATEMÁTICAS,True,6.44,DOCENTE_NO_TITULAR_OCASIONAL,False,1,0,0,False,False,6.44,0,,False,True,1,1,False,0,True,OTROS_AA,,,,
14116,2,1,PROFESIONAL_ANALISTA,ADMINISTRATIVO,ANALISTA DE GESTIÓN DE PROYECTOS DE INVESTIGACIÓN,CENTRO DE ESTUDIOS E INVESTIGACIONES ESTADÍSTICAS,True,10.78,PROFESIONAL_ANALISTA,True,0,0,0,False,False,,2,DOCENTE_NO_TITULAR_OCASIONAL,True,False,0,0,False,0,False,,PRESTACIÓN SERVICIOS PROFESIONALES,DESCONOCIDA,DOCENTE_CONTRATADO_SERVICIOS_CIVILES,DOCENTE
14147,2,2,DOCENTE_NO_TITULAR_OCASIONAL,DOCENTE,PROFESOR NO TITULAR OCASIONAL (TC),FACULTAD DE CIENCIAS SOCIALES Y HUMANÍSTICAS,False,0.19,TECNICO_DOCENTE_APOYO,False,1,0,0,False,False,1.76,0,,False,False,0,0,False,0,False,,,,,
14153,3,1,DOCENTE_NO_TITULAR_OCASIONAL,DOCENTE,PROFESOR NO TITULAR OCASIONAL (TC),DECANATO DE GRADO,True,10.36,DOCENTE_NO_TITULAR_OCASIONAL,True,0,0,0,False,False,,0,,False,True,3,1,False,0,True,JEFATURA_SUPERVISION_OPERATIVA,,,,
14155,2,1,DOCENTE_NO_TITULAR_OCASIONAL,DOCENTE,PROFESOR NO TITULAR OCASIONAL (TC),FACULTAD DE INGENIERÍA EN ELECTRICIDAD Y COMPUTACIÓN,True,6.28,DOCENTE_NO_TITULAR_OCASIONAL,True,0,0,0,False,False,,0,,False,True,2,1,False,0,True,JEFATURA_SUPERVISION_OPERATIVA,PRESTACIÓN SERVICIOS PROFESIONALES,DESCONOCIDA,DOCENTE_CONTRATADO_SERVICIOS_CIVILES,DOCENTE
14164,3,2,DOCENTE_NO_TITULAR_OCASIONAL,DOCENTE,PROFESOR NO TITULAR OCASIONAL (TC),FACULTAD DE INGENIERÍA EN ELECTRICIDAD Y COMPUTACIÓN,True,6.55,ASISTENCIA_SECRETARIAL_OFICINA,False,1,1,0,True,False,11.36,0,,False,True,1,1,False,0,True,JEFATURA_SUPERVISION_OPERATIVA,,,,
14178,4,3,PROFESIONAL_ANALISTA,ADMINISTRATIVO,ANALISTA DE LABORATORIO DE INVESTIGACIÓN 2,CENTRO DE INVESTIGACIONES BIOTECNOLÓGICAS DEL ECUADOR,True,10.78,AUXILIAR_AYUDANTE_OPERATIVO,False,2,0,0,False,False,10.78,0,,False,False,0,0,False,0,False,,,,,
14179,1,1,DOCENTE_NO_TITULAR_OCASIONAL,DOCENTE,PROFESOR NO TITULAR OCASIONAL (TC),FACULTAD DE CIENCIAS NATURALES Y MATEMÁTICAS,True,6.55,DOCENTE_NO_TITULAR_OCASIONAL,True,0,0,0,False,False,,0,,False,False,0,0,False,0,False,,,,,
14185,2,1,DOCENTE_NO_TITULAR_OCASIONAL,DOCENTE,PROFESOR NO TITULAR OCASIONAL (TC),FACULTAD DE INGENIERÍA EN CIENCIAS DE LA TIERRA,True,11.36,DOCENTE_NO_TITULAR_OCASIONAL,True,0,0,0,False,False,,0,,False,True,6,1,False,0,True,JEFATURA_SUPERVISION_OPERATIVA,,,,
14216,2,1,DOCENTE_NO_TITULAR_OCASIONAL,DOCENTE,PROFESOR NO TITULAR OCASIONAL (TC),FACULTAD DE INGENIERÍA EN ELECTRICIDAD Y COMPUTACIÓN,True,4.94,DOCENTE_NO_TITULAR_OCASIONAL,True,0,0,0,False,False,,0,,False,True,1,1,False,0,True,JEFATURA_SUPERVISION_OPERATIVA,PRESTACIÓN SERVICIOS PROFESIONALES,DESCONOCIDA,DOCENTE_CONTRATADO_SERVICIOS_CIVILES,DOCENTE
14227,1,1,TECNICO_OPERATIVO_MANTENIMIENTO,ADMINISTRATIVO,TÈCNICO DE OPERACIÒN Y MANTENIMIENTO DE MAQUINARIA Y/O EQUIPOS/TÈCNICO DE OPERACIONES,AJÁ PARQUE DE LA CIENCIA,True,11.95,TECNICO_OPERATIVO_MANTENIMIENTO,True,0,0,0,False,False,,0,,False,False,0,0,False,0,False,,,,,
14258,2,2,ASISTENCIA_SECRETARIAL_OFICINA,ADMINISTRATIVO,ASISTENTE FINANCIERO,DECANATO DE VINCULACIÓN,True,11.69,AUXILIAR_AYUDANTE_OPERATIVO,False,1,0,0,False,False,11.69,0,,False,False,0,0,False,0,False,,,,,
14261,2,2,DOCENTE_TITULAR_CARRERA,DOCENTE,PROFESOR TITULAR AUXILIAR 1 (TC),FACULTAD DE INGENIERÍA MECÁNICA Y CIENCIAS DE LA PRODUCCIÓN,True,5.11,DOCENTE_NO_TITULAR_OCASIONAL,False,1,0,0,False,False,5.11,0,,False,True,2,1,False,0,True,JEFATURA_SUPERVISION_OPERATIVA,,,,
14264,5,4,PROFESIONAL_ANALISTA,ADMINISTRATIVO,ANALISTA DE INFRAESTRUCTURA INFORMÁTICA 2,CENTRO DE INFORMACIÓN BIBLIOTECARIA,True,10.36,OTROS_AA,False,3,0,0,False,False,10.36,1,AUTORIDAD_ADMINISTRATIVA_SUPERIOR,True,True,1,1,True,1,True,OTROS_AA,,,,
14309,2,1,TECNICO_DOCENTE_APOYO,DOCENTE,TÉCNICO DOCENTE 4 (MT),DIRECCIÓN DE ADMISIONES,False,0.13,TECNICO_DOCENTE_APOYO,True,0,0,0,False,False,,0,,False,False,0,0,False,0,False,,,,,
14321,1,1,TECNICO_DOCENTE_APOYO,DOCENTE,TÉCNICO DE INVESTIGACIÓN 1 (MT),FACULTAD DE CIENCIAS NATURALES Y MATEMÁTICAS,False,0.19,TECNICO_DOCENTE_APOYO,True,0,0,0,False,False,,0,,False,False,0,0,False,0,False,,,,,
14328,4,1,DOCENTE_NO_TITULAR_OCASIONAL,DOCENTE,PROFESOR NO TITULAR OCASIONAL (TP),FACULTAD DE CIENCIAS SOCIALES Y HUMANÍSTICAS,True,0.36,DOCENTE_NO_TITULAR_OCASIONAL,True,0,0,0,False,False,,0,,False,False,0,0,False,0,False,,,,,
14333,1,1,DOCENTE_NO_TITULAR_OCASIONAL,DOCENTE,PROFESOR NO TITULAR OCASIONAL (TC),FACULTAD DE INGENIERÍA EN CIENCIAS DE LA TIERRA,True,5.32,DOCENTE_NO_TITULAR_OCASIONAL,True,0,0,0,False,False,,0,,False,True,5,1,False,0,True,JEFATURA_SUPERVISION_OPERATIVA,,,,
14340,1,1,DOCENTE_NO_TITULAR_OCASIONAL,DOCENTE,PROFESOR NO TITULAR OCASIONAL (TC),FACULTAD DE CIENCIAS NATURALES Y MATEMÁTICAS,True,10.44,DOCENTE_NO_TITULAR_OCASIONAL,True,0,0,0,False,False,,0,,False,True,4,2,False,0,True,AUTORIDAD_ADMINISTRATIVA_SUPERIOR,,,,
14361,1,1,TECNICO_DOCENTE_APOYO,DOCENTE,TÉCNICO DOCENTE 3 (MT),DIRECCIÓN DE ADMISIONES,False,0.22,TECNICO_DOCENTE_APOYO,True,0,0,0,False,False,,0,,False,False,0,0,False,0,False,,,,,
14390,1,1,DOCENTE_NO_TITULAR_OCASIONAL,DOCENTE,PROFESOR NO TITULAR OCASIONAL (TC),FACULTAD DE INGENIERÍA EN ELECTRICIDAD Y COMPUTACIÓN,False,5.57,DOCENTE_NO_TITULAR_OCASIONAL,True,0,0,0,False,False,,0,,False,False,0,0,False,0,False,,,,,
14397,1,1,TECNICO_DOCENTE_APOYO,DOCENTE,TÉCNICO DE LABORATORIO 1 (TC),FACULTAD DE INGENIERÍA MECÁNICA Y CIENCIAS DE LA PRODUCCIÓN,False,0.24,TECNICO_DOCENTE_APOYO,True,0,0,0,False,False,,0,,False,True,4,1,False,0,False,JEFATURA_SUPERVISION_OPERATIVA,,,,
14464,2,1,DOCENTE_NO_TITULAR_OCASIONAL,DOCENTE,PROFESOR NO TITULAR OCASIONAL (TC),FACULTAD DE INGENIERÍA MECÁNICA Y CIENCIAS DE LA PRODUCCIÓN,True,2.66,DOCENTE_NO_TITULAR_OCASIONAL,True,0,0,0,False,False,,0,,False,True,2,1,False,0,True,JEFATURA_SUPERVISION_OPERATIVA,,,,
14465,4,2,DOCENTE_NO_TITULAR_OCASIONAL,DOCENTE,PROFESOR NO TITULAR OCASIONAL (TP),FACULTAD DE INGENIERÍA MECÁNICA Y CIENCIAS DE LA PRODUCCIÓN,False,0.1,TECNICO_DOCENTE_APOYO,False,1,0,0,False,False,2.83,0,,False,False,0,0,False,0,False,,,,,
14489,2,1,DOCENTE_NO_TITULAR_OCASIONAL,DOCENTE,PROFESOR NO TITULAR OCASIONAL (TP),FACULTAD DE INGENIERÍA EN CIENCIAS DE LA TIERRA,False,2.12,DOCENTE_NO_TITULAR_OCASIONAL,True,0,0,0,False,False,,0,,False,False,0,0,False,0,False,,,,,
14497,7,1,DOCENTE_NO_TITULAR_OCASIONAL,DOCENTE,PROFESOR NO TITULAR OCASIONAL (MT),FACULTAD DE INGENIERÍA MECÁNICA Y CIENCIAS DE LA PRODUCCIÓN,False,2.0,DOCENTE_NO_TITULAR_OCASIONAL,True,0,0,0,False,False,,0,,False,False,0,0,False,0,False,,,,,
14499,1,1,AUXILIAR_AYUDANTE_OPERATIVO,ADMINISTRATIVO,AUXILIAR DE SERVICIOS,FACULTAD DE INGENIERÍA EN CIENCIAS DE LA TIERRA,True,19.2,AUXILIAR_AYUDANTE_OPERATIVO,True,0,0,0,False,False,,0,,False,False,0,0,False,0,False,,,,,
14547,1,1,DOCENTE_NO_TITULAR_OCASIONAL,DOCENTE,PROFESOR NO TITULAR OCASIONAL (TP),FACULTAD DE INGENIERÍA MECÁNICA Y CIENCIAS DE LA PRODUCCIÓN,False,0.11,DOCENTE_NO_TITULAR_OCASIONAL,True,0,0,0,False,False,,0,,False,False,0,0,False,0,False,,,,,
14613,20,3,PROFESIONAL_ANALISTA,ADMINISTRATIVO,ANALISTA DE LABORATORIO DE INVESTIGACIÓN 2,CENTRO DE INVESTIGACIONES BIOTECNOLÓGICAS DEL ECUADOR,True,1.39,AUXILIAR_AYUDANTE_OPERATIVO,False,2,1,1,True,True,10.78,1,TECNICO_OPERATIVO_MANTENIMIENTO,True,False,0,0,False,0,False,,,,,
14617,1,1,TECNICO_DOCENTE_APOYO,DOCENTE,TÉCNICO DOCENTE 4 (TC),DIRECCIÓN DE ADMISIONES,False,0.6,TECNICO_DOCENTE_APOYO,True,0,0,0,False,False,,0,,False,False,0,0,False,0,False,,,,,
14623,1,1,DOCENTE_NO_TITULAR_OCASIONAL,DOCENTE,PROFESOR NO TITULAR OCASIONAL (TC),FACULTAD DE INGENIERÍA MECÁNICA Y CIENCIAS DE LA PRODUCCIÓN,False,5.14,DOCENTE_NO_TITULAR_OCASIONAL,True,0,0,0,False,False,,1,TECNICO_OPERATIVO_MANTENIMIENTO,True,True,1,1,False,0,True,JEFATURA_SUPERVISION_OPERATIVA,,,,
14627,3,3,PROFESIONAL_ANALISTA,ADMINISTRATIVO,ANALISTA DE LABORATORIO DE INVESTIGACIÓN 2,CENTRO DE INVESTIGACIONES BIOTECNOLÓGICAS DEL ECUADOR,True,10.78,AUXILIAR_AYUDANTE_OPERATIVO,False,2,0,0,False,False,10.78,0,,False,False,0,0,False,0,False,,,,,
14710,1,1,PROFESIONAL_ANALISTA,ADMINISTRATIVO,ANALISTA DE SEGUIMIENTO A GRADUADOS 3,GERENCIA DE BIENESTAR POLITÉCNICO,True,8.78,PROFESIONAL_ANALISTA,True,0,0,0,False,False,,1,AUTORIDAD_ADMINISTRATIVA_SUPERIOR,True,True,1,1,True,1,False,OTROS_AA,,,,
17054,6,2,TECNICO_DOCENTE_APOYO,DOCENTE,TÉCNICO DOCENTE 3 (TC),DIRECCIÓN DE ADMISIONES,True,3.29,DOCENTE_INVESTIGADOR,False,1,0,0,False,False,5.3,0,,False,False,0,0,False,0,False,,,,,
17123,1,1,TECNICO_DOCENTE_APOYO,DOCENTE,TÉCNICO DE LABORATORIO 1 (TC),FACULTAD DE INGENIERÍA MECÁNICA Y CIENCIAS DE LA PRODUCCIÓN,True,1.48,TECNICO_DOCENTE_APOYO,True,0,0,0,False,False,,0,,False,False,0,0,False,0,False,,,,,
17519,3,2,PROFESIONAL_ANALISTA,ADMINISTRATIVO,ANALISTA DE INFRAESTRUCTURA INFORMÁTICA 2,"FACULTAD DE ARTE, DISEÑO Y COMUNICACIÓN AUDIOVISUAL",True,11.28,JEFATURA_SUPERVISION_OPERATIVA,False,1,0,0,False,False,11.69,0,,False,False,0,0,False,0,False,,,,,
18327,5,3,TECNICO_DOCENTE_APOYO,DOCENTE,TÉCNICO DOCENTE 1 (TC),FACULTAD DE CIENCIAS NATURALES Y MATEMÁTICAS,True,2.56,DOCENTE_NO_TITULAR_OCASIONAL,False,3,1,1,True,True,6.55,1,DOCENTE_NO_TITULAR_OCASIONAL,True,False,0,0,False,0,False,,,,,
19999,1,1,PROFESIONAL_ANALISTA,ADMINISTRATIVO,ANALISTA DE SERVICIOS GENERALES,FACULTAD DE INGENIERÍA EN ELECTRICIDAD Y COMPUTACIÓN,False,8.34,PROFESIONAL_ANALISTA,True,0,0,0,False,False,,0,,False,False,0,0,False,0,False,,,,,
20698,4,2,TECNICO_DOCENTE_APOYO,DOCENTE,TÉCNICO DOCENTE 4 (MT),DIRECCIÓN DE ADMISIONES,False,0.2,DOCENTE_NO_TITULAR_OCASIONAL,False,1,0,0,False,False,8.69,0,,False,False,0,0,False,0,False,,,,,
21004,3,2,DOCENTE_NO_TITULAR_OCASIONAL,DOCENTE,PROFESOR NO TITULAR OCASIONAL (TC),FACULTAD DE INGENIERÍA MECÁNICA Y CIENCIAS DE LA PRODUCCIÓN,False,4.75,AUXILIAR_AYUDANTE_OPERATIVO,False,1,1,0,True,False,12.33,0,,False,False,0,0,False,0,False,,,,,
21436,1,1,TECNICO_DOCENTE_APOYO,DOCENTE,TÉCNICO DOCENTE 3 (MT),DIRECCIÓN DE ADMISIONES,False,0.22,TECNICO_DOCENTE_APOYO,True,0,0,0,False,False,,0,,False,False,0,0,False,0,False,,,,,
21772,2,1,DOCENTE_NO_TITULAR_OCASIONAL,DOCENTE,PROFESOR NO TITULAR OCASIONAL (TC),FACULTAD DE INGENIERÍA EN ELECTRICIDAD Y COMPUTACIÓN,True,1.77,DOCENTE_NO_TITULAR_OCASIONAL,True,0,0,0,False,False,,1,TECNICO_OPERATIVO_MANTENIMIENTO,True,True,1,1,False,0,True,JEFATURA_SUPERVISION_OPERATIVA,,,,
21845,16,2,PROFESIONAL_ANALISTA,ADMINISTRATIVO,ANALISTA ESTADÍSTICO ACADÉMICO,"FACULTAD DE ARTE, DISEÑO Y COMUNICACIÓN AUDIOVISUAL",True,0.03,TECNICO_OPERATIVO_MANTENIMIENTO,False,1,0,0,False,False,10.78,0,,False,False,0,0,False,0,False,,,,,
21907,5,2,DOCENTE_NO_TITULAR_OCASIONAL,DOCENTE,PROFESOR NO TITULAR OCASIONAL (MT),FACULTAD DE INGENIERÍA EN CIENCIAS DE LA TIERRA,False,0.38,AUXILIAR_AYUDANTE_OPERATIVO,False,1,1,0,True,False,14.33,0,,False,False,0,0,False,0,False,,,,,
22230,7,2,TECNICO_DOCENTE_APOYO,DOCENTE,TÉCNICO DOCENTE 3 (TC),DIRECCIÓN DE ADMISIONES,False,0.28,DOCENTE_NO_TITULAR_OCASIONAL,False,1,0,0,False,False,2.98,0,,False,False,0,0,False,0,False,,,,,
22233,4,1,DOCENTE_NO_TITULAR_OCASIONAL,DOCENTE,PROFESOR NO TITULAR OCASIONAL (TC),DECANATO DE GRADO,True,1.33,DOCENTE_NO_TITULAR_OCASIONAL,True,0,0,0,False,False,,0,,False,True,3,1,False,0,True,JEFATURA_SUPERVISION_OPERATIVA,,,,
22250,7,1,DOCENTE_NO_TITULAR_OCASIONAL,DOCENTE,PROFESOR NO TITULAR OCASIONAL (TP),FACULTAD DE CIENCIAS SOCIALES Y HUMANÍSTICAS,False,0.36,DOCENTE_NO_TITULAR_OCASIONAL,True,0,0,0,False,False,,0,,False,False,0,0,False,0,False,,,,,
22321,1,1,DOCENTE_NO_TITULAR_OCASIONAL,DOCENTE,PROFESOR NO TITULAR OCASIONAL (TC),FACULTAD DE CIENCIAS NATURALES Y MATEMÁTICAS,True,10.44,DOCENTE_NO_TITULAR_OCASIONAL,True,0,0,0,False,False,,0,,False,False,0,0,False,0,False,,,,,
22783,15,4,TECNICO_DOCENTE_APOYO,DOCENTE,TÉCNICO DOCENTE 3 (TC),DIRECCIÓN DE ADMISIONES,True,0.33,AUXILIAR_AYUDANTE_OPERATIVO,False,3,1,0,True,False,5.3,0,,False,False,0,0,False,0,False,,,,,
23468,1,1,TECNICO_DOCENTE_APOYO,DOCENTE,TÉCNICO DOCENTE 3 (MT),DIRECCIÓN DE ADMISIONES,False,0.22,TECNICO_DOCENTE_APOYO,True,0,0,0,False,False,,0,,False,False,0,0,False,0,False,,,,,
23552,3,3,DOCENTE_TITULAR_CARRERA,DOCENTE,PROFESOR TITULAR AUXILIAR 1 (TC),FACULTAD DE INGENIERÍA EN CIENCIAS DE LA TIERRA,True,0.15,TECNICO_OPERATIVO_MANTENIMIENTO,False,2,1,0,True,False,0.15,0,,False,True,1,1,False,0,True,JEFATURA_SUPERVISION_OPERATIVA,,,,
23638,1,1,TECNICO_DOCENTE_APOYO,DOCENTE,TÉCNICO DOCENTE 3 (TC),DIRECCIÓN DE ADMISIONES,False,0.03,TECNICO_DOCENTE_APOYO,True,0,0,0,False,False,,0,,False,False,0,0,False,0,False,,,,,
24479,1,1,DOCENTE_NO_TITULAR_OCASIONAL,DOCENTE,PROFESOR NO TITULAR OCASIONAL (TC),FACULTAD DE CIENCIAS NATURALES Y MATEMÁTICAS,True,8.36,DOCENTE_NO_TITULAR_OCASIONAL,True,0,0,0,False,False,,0,,False,True,3,1,False,0,True,JEFATURA_SUPERVISION_OPERATIVA,,,,
24526,6,2,DOCENTE_NO_TITULAR_OCASIONAL,DOCENTE,PROFESOR NO TITULAR OCASIONAL (TP),FACULTAD DE INGENIERÍA EN CIENCIAS DE LA TIERRA,False,0.76,TECNICO_OPERATIVO_MANTENIMIENTO,False,1,1,0,True,False,10.28,0,,False,True,2,1,False,0,True,JEFATURA_SUPERVISION_OPERATIVA,,,,
25170,1,1,DOCENTE_NO_TITULAR_OCASIONAL,DOCENTE,PROFESOR NO TITULAR OCASIONAL (TC),FACULTAD DE CIENCIAS DE LA VIDA,False,10.68,DOCENTE_NO_TITULAR_OCASIONAL,True,0,0,0,False,False,,0,,False,True,4,1,False,0,True,JEFATURA_SUPERVISION_OPERATIVA,,,,
25259,1,1,TECNICO_DOCENTE_APOYO,DOCENTE,TÉCNICO DOCENTE 3 (TC),DIRECCIÓN DE ADMISIONES,True,3.29,TECNICO_DOCENTE_APOYO,True,0,0,0,False,False,,0,,False,False,0,0,False,0,False,,,,,
25565,12,2,DOCENTE_TITULAR_CARRERA,DOCENTE,PROFESOR TITULAR AUXILIAR 1 (TC),FACULTAD DE INGENIERÍA EN CIENCIAS DE LA TIERRA,True,5.11,DOCENTE_NO_TITULAR_OCASIONAL,False,1,0,0,False,False,5.11,2,AUTORIDAD_ADMINISTRATIVA_SUPERIOR,True,True,2,2,False,0,True,AUTORIDAD_ADMINISTRATIVA_SUPERIOR,,,,
25763,1,1,TECNICO_DOCENTE_APOYO,DOCENTE,TÉCNICO DOCENTE 3 (TC),DIRECCIÓN DE ADMISIONES,False,0.25,TECNICO_DOCENTE_APOYO,True,0,0,0,False,False,,0,,False,False,0,0,False,0,False,,,,,
25856,5,3,DOCENTE_TITULAR_CARRERA,DOCENTE,PROFESOR TITULAR AUXILIAR 2 (TC),"FACULTAD DE ARTE, DISEÑO Y COMUNICACIÓN AUDIOVISUAL",True,10.11,OTROS_AA,False,3,1,0,True,False,10.11,1,TECNICO_OPERATIVO_MANTENIMIENTO,True,True,3,1,False,0,True,OTROS_AA,,,,
25989,2,1,TECNICO_DOCENTE_APOYO,DOCENTE,TÉCNICO DOCENTE 3 (TC),DIRECCIÓN DE ADMISIONES,True,1.35,TECNICO_DOCENTE_APOYO,True,0,0,0,False,False,,0,,False,False,0,0,False,0,False,,,,,
26171,1,1,TECNICO_DOCENTE_APOYO,DOCENTE,TÉCNICO DOCENTE 1 (TC),FACULTAD DE INGENIERÍA MECÁNICA Y CIENCIAS DE LA PRODUCCIÓN,True,4.44,TECNICO_DOCENTE_APOYO,True,0,0,0,False,False,,0,,False,True,1,1,False,0,True,JEFATURA_SUPERVISION_OPERATIVA,,,,
26207,2,1,PROFESIONAL_ANALISTA,ADMINISTRATIVO,ANALISTA DE INFRAESTRUCTURA FÍSICA 2,GERENCIA DE INFRAESTRUCTURA FÍSICA,True,11.28,PROFESIONAL_ANALISTA,True,0,0,0,False,False,,1,AUTORIDAD_ADMINISTRATIVA_SUPERIOR,True,True,6,1,True,6,True,OTROS_AA,,,,
26655,3,2,TECNICO_DOCENTE_APOYO,DOCENTE,TÉCNICO DOCENTE 1 (TC),FACULTAD DE CIENCIAS NATURALES Y MATEMÁTICAS,False,8.12,DOCENTE_NO_TITULAR_OCASIONAL,False,1,0,0,False,False,8.69,1,TECNICO_OPERATIVO_MANTENIMIENTO,True,False,0,0,False,0,False,,PROFESOR INVITADO,DECANATO DE GRADO,DOCENTE_HONORARIO_ESPECIAL,DOCENTE
26740,7,1,DOCENTE_NO_TITULAR_OCASIONAL,DOCENTE,PROFESOR NO TITULAR OCASIONAL (TP),FACULTAD DE INGENIERÍA MARÍTIMA Y CIENCIAS DEL MAR,False,1.88,DOCENTE_NO_TITULAR_OCASIONAL,True,0,0,0,False,False,,0,,False,False,0,0,False,0,False,,,,,
27203,6,1,DOCENTE_NO_TITULAR_OCASIONAL,DOCENTE,PROFESOR NO TITULAR OCASIONAL (TP),FACULTAD DE CIENCIAS SOCIALES Y HUMANÍSTICAS,False,0.36,DOCENTE_NO_TITULAR_OCASIONAL,True,0,0,0,False,False,,0,,False,False,0,0,False,0,False,,,,,
27736,3,2,DOCENTE_NO_TITULAR_OCASIONAL,DOCENTE,PROFESOR NO TITULAR OCASIONAL (MT),FACULTAD DE CIENCIAS NATURALES Y MATEMÁTICAS,True,0.51,DOCENTE_NO_TITULAR_OCASIONAL,False,2,0,0,False,False,0.51,0,,False,False,0,0,False,0,False,,,,,
27983,1,1,TECNICO_OPERATIVO_MANTENIMIENTO,ADMINISTRATIVO,TÉCNICOS ESPECIALIZADOS - EJECUCIÓN DE ACTIVIDADES,GERENCIA DE RELACIONES INTERNACIONALES,False,0.25,TECNICO_OPERATIVO_MANTENIMIENTO,True,0,0,0,False,False,,0,,False,False,0,0,False,0,False,,,,,
28061,9,1,DOCENTE_NO_TITULAR_OCASIONAL,DOCENTE,PROFESOR NO TITULAR OCASIONAL (TC),DECANATO DE GRADO,True,3.33,DOCENTE_NO_TITULAR_OCASIONAL,True,0,0,0,False,False,,0,,False,True,1,1,False,0,True,AUTORIDAD_ADMINISTRATIVA_SUPERIOR,,,,
28660,2,1,DOCENTE_NO_TITULAR_OCASIONAL,DOCENTE,PROFESOR NO TITULAR OCASIONAL (TC),DECANATO DE GRADO,True,9.42,DOCENTE_NO_TITULAR_OCASIONAL,True,0,0,0,False,False,,0,,False,False,0,0,False,0,False,,,,,
28957,2,2,DOCENTE_NO_TITULAR_OCASIONAL,DOCENTE,PROFESOR NO TITULAR OCASIONAL (TC),FACULTAD DE CIENCIAS DE LA VIDA,True,9.94,JEFATURA_SUPERVISION_OPERATIVA,False,1,1,0,True,False,9.94,0,,False,True,1,1,False,0,True,JEFATURA_SUPERVISION_OPERATIVA,,,,
29032,1,1,ASISTENCIA_SECRETARIAL_OFICINA,ADMINISTRATIVO,ASISTENTE EJECUTIVA 3,FACULTAD DE CIENCIAS NATURALES Y MATEMÁTICAS,True,1.6,ASISTENCIA_SECRETARIAL_OFICINA,True,0,0,0,False,False,,0,,False,False,0,0,False,0,False,,,,,
29216,2,1,DOCENTE_NO_TITULAR_OCASIONAL,DOCENTE,PROFESOR PREGRADO,DESCONOCIDA,False,0.39,DOCENTE_NO_TITULAR_OCASIONAL,True,0,0,0,False,False,,0,,False,False,0,0,False,0,False,,,,,
29289,29,1,DOCENTE_TITULAR_CARRERA,DOCENTE,PROFESOR TITULAR AGREGADO 3 (TC),FACULTAD DE CIENCIAS SOCIALES Y HUMANÍSTICAS,True,0.03,DOCENTE_TITULAR_CARRERA,True,0,0,0,False,False,,0,,False,True,2,1,False,0,True,JEFATURA_SUPERVISION_OPERATIVA,,,,
29498,4,1,DOCENTE_NO_TITULAR_OCASIONAL,DOCENTE,PROFESOR NO TITULAR OCASIONAL (TP),FACULTAD DE CIENCIAS SOCIALES Y HUMANÍSTICAS,True,0.36,DOCENTE_NO_TITULAR_OCASIONAL,True,0,0,0,False,False,,0,,False,False,0,0,False,0,False,,,,,
29537,2,2,DOCENTE_TITULAR_CARRERA,DOCENTE,PROFESOR TITULAR AUXILIAR 1 (TC),"FACULTAD DE ARTE, DISEÑO Y COMUNICACIÓN AUDIOVISUAL",True,3.28,DOCENTE_NO_TITULAR_OCASIONAL,False,1,0,0,False,False,3.28,0,,False,True,7,2,False,0,True,JEFATURA_SUPERVISION_OPERATIVA,,,,
30219,1,1,DOCENTE_NO_TITULAR_OCASIONAL,DOCENTE,PROFESOR NO TITULAR OCASIONAL (TP),FACULTAD DE INGENIERÍA EN ELECTRICIDAD Y COMPUTACIÓN,False,0.1,DOCENTE_NO_TITULAR_OCASIONAL,True,0,0,0,False,False,,0,,False,False,0,0,False,0,False,,,,,
30390,10,3,DOCENTE_NO_TITULAR_OCASIONAL,DOCENTE,PROFESOR NO TITULAR OCASIONAL (MT),FACULTAD DE CIENCIAS SOCIALES Y HUMANÍSTICAS,True,0.51,DOCENTE_TITULAR_CARRERA,False,3,0,0,False,False,5.4,0,,False,False,0,0,False,0,False,,,,,
30492,7,2,DOCENTE_TITULAR_CARRERA,DOCENTE,PROFESOR TITULAR AUXILIAR 1 (TC),FACULTAD DE INGENIERÍA MECÁNICA Y CIENCIAS DE LA PRODUCCIÓN,True,0.15,DOCENTE_TITULAR_CARRERA,False,2,0,0,False,False,0.15,0,,False,True,9,1,False,0,True,JEFATURA_SUPERVISION_OPERATIVA,,,,
30674,2,1,DOCENTE_NO_TITULAR_OCASIONAL,DOCENTE,PROFESOR NO TITULAR OCASIONAL (TP),FACULTAD DE CIENCIAS NATURALES Y MATEMÁTICAS,False,0.31,DOCENTE_NO_TITULAR_OCASIONAL,True,0,0,0,False,False,,0,,False,False,0,0,False,0,False,,,,,
31176,1,1,DOCENTE_NO_TITULAR_OCASIONAL,DOCENTE,PROFESOR NO TITULAR OCASIONAL (TP),DESCONOCIDA,False,0.36,DOCENTE_NO_TITULAR_OCASIONAL,True,0,0,0,False,False,,0,,False,False,0,0,False,0,False,,PROFESOR INVITADO,DECANATO DE GRADO,DOCENTE_HONORARIO_ESPECIAL,DOCENTE
32178,2,2,DOCENTE_NO_TITULAR_OCASIONAL,DOCENTE,PROFESOR NO TITULAR OCASIONAL 2 (TC),FACULTAD DE CIENCIAS SOCIALES Y HUMANÍSTICAS,False,0.5,TECNICO_OPERATIVO_MANTENIMIENTO,False,1,1,0,True,False,9.94,1,TECNICO_OPERATIVO_MANTENIMIENTO,True,False,0,0,False,0,False,,,,,
32698,1,1,AUXILIAR_AYUDANTE_OPERATIVO,ADMINISTRATIVO,AYUDANTE DE SERVICIOS ADMINISTRATIVOS,CENTRO DE INVESTIGACIONES BIOTECNOLÓGICAS DEL ECUADOR,False,4.27,AUXILIAR_AYUDANTE_OPERATIVO,True,0,0,0,False,False,,0,,False,False,0,0,False,0,False,,,,,
33010,3,3,DOCENTE_NO_TITULAR_OCASIONAL,DOCENTE,PROFESOR NO TITULAR OCASIONAL (TC),FACULTAD DE CIENCIAS DE LA VIDA,False,2.82,ASISTENCIA_SECRETARIAL_OFICINA,False,2,1,0,True,False,9.38,0,,False,False,0,0,False,0,False,,,,,
33100,1,1,DOCENTE_NO_TITULAR_OCASIONAL,DOCENTE,PROFESOR NO TITULAR OCASIONAL (TC),FACULTAD DE CIENCIAS NATURALES Y MATEMÁTICAS,False,6.89,DOCENTE_NO_TITULAR_OCASIONAL,True,0,0,0,False,False,,0,,False,True,2,1,False,0,True,JEFATURA_SUPERVISION_OPERATIVA,,,,
33872,4,1,DOCENTE_NO_TITULAR_OCASIONAL,DOCENTE,PROFESOR NO TITULAR OCASIONAL (MT),"FACULTAD DE ARTE, DISEÑO Y COMUNICACIÓN AUDIOVISUAL",False,1.76,DOCENTE_NO_TITULAR_OCASIONAL,True,0,0,0,False,False,,0,,False,False,0,0,False,0,False,,,,,
35095,2,1,DOCENTE_NO_TITULAR_OCASIONAL,DOCENTE,PROFESOR NO TITULAR OCASIONAL (TC),"FACULTAD DE ARTE, DISEÑO Y COMUNICACIÓN AUDIOVISUAL",True,11.36,DOCENTE_NO_TITULAR_OCASIONAL,True,0,0,0,False,False,,0,,False,True,7,1,False,0,True,JEFATURA_SUPERVISION_OPERATIVA,,,,
35262,4,1,DOCENTE_NO_TITULAR_OCASIONAL,DOCENTE,PROFESOR NO TITULAR OCASIONAL 1 (TP),FACULTAD DE INGENIERÍA MECÁNICA Y CIENCIAS DE LA PRODUCCIÓN,False,0.43,DOCENTE_NO_TITULAR_OCASIONAL,True,0,0,0,False,False,,0,,False,False,0,0,False,0,False,,,,,
35373,2,1,TECNICO_DOCENTE_APOYO,DOCENTE,TÉCNICO DOCENTE 1 (TC),DIRECCIÓN DE ADMISIONES,False,0.22,TECNICO_DOCENTE_APOYO,True,0,0,0,False,False,,0,,False,False,0,0,False,0,False,,,,,
35472,2,1,DOCENTE_NO_TITULAR_OCASIONAL,DOCENTE,PROFESOR NO TITULAR OCASIONAL (TP),FACULTAD DE CIENCIAS SOCIALES Y HUMANÍSTICAS,False,0.36,DOCENTE_NO_TITULAR_OCASIONAL,True,0,0,0,False,False,,0,,False,True,2,2,False,0,True,AUTORIDAD_ADMINISTRATIVA_SUPERIOR,,,,
36033,7,5,DOCENTE_NO_TITULAR_OCASIONAL,DOCENTE,PROFESOR NO TITULAR OCASIONAL (TP),FACULTAD DE INGENIERÍA MECÁNICA Y CIENCIAS DE LA PRODUCCIÓN,False,1.01,JEFATURA_SUPERVISION_OPERATIVA,False,5,1,0,True,False,4.76,1,PROFESIONAL_ANALISTA,True,False,0,0,False,0,False,,,,,
36586,4,1,DOCENTE_TITULAR_CARRERA,DOCENTE,PROFESOR TITULAR AGREGADO 2 (TC),FACULTAD DE INGENIERÍA MECÁNICA Y CIENCIAS DE LA PRODUCCIÓN,True,15.28,DOCENTE_TITULAR_CARRERA,True,0,0,0,False,False,,1,AUTORIDAD_ACADEMICA_SUPERIOR,True,True,8,2,True,3,True,OTROS_AA,SERVICIOS PROFESIONALES - EVENTO DE CAPACITACIÓN,CENTRO DE INVESTIGACIONES Y SERVICIOS EDUCATIVOS,DOCENTE_CONTRATADO_SERVICIOS_CIVILES,DOCENTE
37082,2,1,DOCENTE_NO_TITULAR_OCASIONAL,DOCENTE,PROFESOR NO TITULAR OCASIONAL (TC),FACULTAD DE CIENCIAS SOCIALES Y HUMANÍSTICAS,False,2.13,DOCENTE_NO_TITULAR_OCASIONAL,True,0,0,0,False,False,,0,,False,True,2,1,False,0,True,JEFATURA_SUPERVISION_OPERATIVA,,,,
37182,3,1,DOCENTE_NO_TITULAR_OCASIONAL,DOCENTE,PROFESOR NO TITULAR OCASIONAL (TC),FACULTAD DE CIENCIAS SOCIALES Y HUMANÍSTICAS,True,13.33,DOCENTE_NO_TITULAR_OCASIONAL,True,0,0,0,False,False,,0,,False,True,2,1,False,0,True,JEFATURA_SUPERVISION_OPERATIVA,,,,
37198,6,1,DOCENTE_NO_TITULAR_OCASIONAL,DOCENTE,PROFESOR NO TITULAR OCASIONAL (TP),FACULTAD DE CIENCIAS NATURALES Y MATEMÁTICAS,True,0.34,DOCENTE_NO_TITULAR_OCASIONAL,True,0,0,0,False,False,,0,,False,False,0,0,False,0,False,,,,,
37842,1,1,DOCENTE_NO_TITULAR_OCASIONAL,DOCENTE,PROFESOR NO TITULAR OCASIONAL (TC),FACULTAD DE INGENIERÍA EN ELECTRICIDAD Y COMPUTACIÓN,False,0.38,DOCENTE_NO_TITULAR_OCASIONAL,True,0,0,0,False,False,,0,,False,False,0,0,False,0,False,,,,,
37954,3,1,DOCENTE_NO_TITULAR_OCASIONAL,DOCENTE,PROFESOR NO TITULAR OCASIONAL (TP),FACULTAD DE INGENIERÍA MECÁNICA Y CIENCIAS DE LA PRODUCCIÓN,False,1.37,DOCENTE_NO_TITULAR_OCASIONAL,True,0,0,0,False,False,,0,,False,False,0,0,False,0,False,,,,,
38237,2,1,ASISTENCIA_SECRETARIAL_OFICINA,ADMINISTRATIVO,ASISTENTE ADMINISTRATIVO,FACULTAD DE INGENIERÍA MARÍTIMA Y CIENCIAS DEL MAR,True,15.45,ASISTENCIA_SECRETARIAL_OFICINA,True,0,0,0,False,False,,0,,False,False,0,0,False,0,False,,,,,
38281,3,2,DOCENTE_TITULAR_CARRERA,DOCENTE,PROFESOR TITULAR AGREGADO 1 (TC),"FACULTAD DE ARTE, DISEÑO Y COMUNICACIÓN AUDIOVISUAL",True,1.75,DOCENTE_TITULAR_CARRERA,False,2,0,0,False,False,1.75,0,,False,True,1,1,False,0,True,JEFATURA_SUPERVISION_OPERATIVA,,,,
38282,3,1,DOCENTE_NO_TITULAR_OCASIONAL,DOCENTE,PROFESOR NO TITULAR OCASIONAL (TP),"FACULTAD DE ARTE, DISEÑO Y COMUNICACIÓN AUDIOVISUAL",True,0.36,DOCENTE_NO_TITULAR_OCASIONAL,True,0,0,0,False,False,,0,,False,True,1,1,False,0,True,JEFATURA_SUPERVISION_OPERATIVA,,,,
38514,2,2,JEFATURA_SUPERVISION_OPERATIVA,ADMINISTRATIVO,COORDINACIÓN DE PROTOCOLO Y RELACIONES PÚBLICAS,RECTORADO,True,1.61,PROFESIONAL_ANALISTA,False,1,0,0,False,False,1.61,1,PROFESIONAL_ANALISTA,True,False,0,0,False,0,False,,,,,
38831,2,1,ASISTENCIA_SECRETARIAL_OFICINA,ADMINISTRATIVO,ASISTENTE EJECUTIVA 1,FACULTAD DE INGENIERÍA MARÍTIMA Y CIENCIAS DEL MAR,True,15.45,ASISTENCIA_SECRETARIAL_OFICINA,True,0,0,0,False,False,,0,,False,False,0,0,False,0,False,,,,,
38858,3,2,DOCENTE_TITULAR_CARRERA,DOCENTE,PROFESOR TITULAR AUXILIAR 2 (TC),"FACULTAD DE ARTE, DISEÑO Y COMUNICACIÓN AUDIOVISUAL",True,10.11,DOCENTE_TITULAR_CARRERA,False,2,0,0,False,False,10.11,0,,False,True,9,2,False,0,True,JEFATURA_SUPERVISION_OPERATIVA,,,,
38996,3,3,DOCENTE_TITULAR_CARRERA,DOCENTE,PROFESOR TITULAR AUXILIAR 1 (TC),FACULTAD DE INGENIERÍA EN ELECTRICIDAD Y COMPUTACIÓN,True,0.15,PROFESIONAL_ANALISTA,False,2,1,0,True,False,0.15,0,,False,True,2,1,False,0,True,JEFATURA_SUPERVISION_OPERATIVA,,,,
39214,16,3,DOCENTE_TITULAR_CARRERA,DOCENTE,PROFESOR TITULAR AGREGADO 3 (TC),FACULTAD DE CIENCIAS DE LA VIDA,True,0.03,DOCENTE_NO_TITULAR_OCASIONAL,False,11,0,0,False,False,0.03,1,AUTORIDAD_ADMINISTRATIVA_SUPERIOR,True,True,15,3,True,6,True,OTROS_AA,,,,
39215,1,1,TECNICO_DOCENTE_APOYO,DOCENTE,TÉCNICO DOCENTE 3 (TC),DIRECCIÓN DE ADMISIONES,False,0.66,TECNICO_DOCENTE_APOYO,True,0,0,0,False,False,,0,,False,False,0,0,False,0,False,,,,,
39413,2,2,DOCENTE_TITULAR_CARRERA,DOCENTE,PROFESOR TITULAR AGREGADO 1 (TC),FACULTAD DE CIENCIAS SOCIALES Y HUMANÍSTICAS,True,3.28,DOCENTE_NO_TITULAR_OCASIONAL,False,1,0,0,False,False,3.28,0,,False,True,3,2,False,0,True,JEFATURA_SUPERVISION_OPERATIVA,,,,
39450,2,1,PROFESIONAL_ESPECIALIZADO_TECNICO,ADMINISTRATIVO,DISEÑADOR GRÁFICO 1,GERENCIA DE COMUNICACIÓN,True,11.03,PROFESIONAL_ESPECIALIZADO_TECNICO,True,0,0,0,False,False,,0,,False,False,0,0,False,0,False,,,,,
40081,2,1,ASISTENCIA_SECRETARIAL_OFICINA,ADMINISTRATIVO,ASISTENTE EJECUTIVA 1,CENTRO NACIONAL DE ACUICULTURA E INVESTIGACIONES MARINAS,True,15.28,ASISTENCIA_SECRETARIAL_OFICINA,True,0,0,0,False,False,,0,,False,False,0,0,False,0,False,,,,,
40210,2,1,DOCENTE_NO_TITULAR_OCASIONAL,DOCENTE,PROFESOR NO TITULAR OCASIONAL (TC),FACULTAD DE INGENIERÍA MARÍTIMA Y CIENCIAS DEL MAR,True,7.45,DOCENTE_NO_TITULAR_OCASIONAL,True,0,0,0,False,False,,0,,False,True,7,1,False,0,True,JEFATURA_SUPERVISION_OPERATIVA,,,,
40499,4,3,PROFESIONAL_ANALISTA,ADMINISTRATIVO,ANALISTA DE COMUNICACIÓN 3,GERENCIA DE COMUNICACIÓN,True,8.2,TECNICO_DOCENTE_APOYO,False,3,0,1,False,True,8.2,0,,False,False,0,0,False,0,False,,,,,
40968,1,1,PROFESIONAL_ESPECIALIZADO_TECNICO,ADMINISTRATIVO,DISEÑADOR GRÁFICO 1,GERENCIA DE COMUNICACIÓN,True,11.69,PROFESIONAL_ESPECIALIZADO_TECNICO,True,0,0,0,False,False,,0,,False,False,0,0,False,0,False,,,,,
41004,3,3,TECNICO_DOCENTE_APOYO,DOCENTE,TÉCNICO DOCENTE 1 (TC),FACULTAD DE CIENCIAS SOCIALES Y HUMANÍSTICAS,True,8.69,TECNICO_OPERATIVO_MANTENIMIENTO,False,2,1,0,True,False,8.69,0,,False,True,1,1,False,0,True,JEFATURA_SUPERVISION_OPERATIVA,,,,
41300,1,1,PROFESIONAL_ANALISTA,ADMINISTRATIVO,ANALISTA FINANCIERO 1,GERENCIA FINANCIERA,True,2.94,PROFESIONAL_ANALISTA,True,0,0,0,False,False,,0,,False,False,0,0,False,0,False,,,,,
41305,2,2,PROFESIONAL_ANALISTA,ADMINISTRATIVO,ANALISTA DE INFORMACIÓN ACADÉMICA 1,DIRECCIÓN DE LA SECRETARÍA TÉCNICA ACADEMICA,True,10.53,ASISTENCIA_SECRETARIAL_OFICINA,False,1,0,0,False,False,10.53,0,,False,False,0,0,False,0,False,,,,,
41411,1,1,DOCENTE_NO_TITULAR_OCASIONAL,DOCENTE,PROFESOR NO TITULAR OCASIONAL (TC),FACULTAD DE CIENCIAS SOCIALES Y HUMANÍSTICAS,False,2.9,DOCENTE_NO_TITULAR_OCASIONAL,True,0,0,0,False,False,,0,,False,True,2,1,False,0,True,JEFATURA_SUPERVISION_OPERATIVA,,,,
41494,1,1,DOCENTE_NO_TITULAR_OCASIONAL,DOCENTE,PROFESOR NO TITULAR OCASIONAL (TC),FACULTAD DE INGENIERÍA EN CIENCIAS DE LA TIERRA,False,8.39,DOCENTE_NO_TITULAR_OCASIONAL,True,0,0,0,False,False,,1,TECNICO_OPERATIVO_MANTENIMIENTO,True,True,1,1,False,0,True,JEFATURA_SUPERVISION_OPERATIVA,,,,
41626,1,1,TECNICO_DOCENTE_APOYO,DOCENTE,TÉCNICO DOCENTE 1 (MT),FACULTAD DE INGENIERÍA EN ELECTRICIDAD Y COMPUTACIÓN,False,0.38,TECNICO_DOCENTE_APOYO,True,0,0,0,False,False,,0,,False,False,0,0,False,0,False,,PRESTACIÓN SERVICIOS PROFESIONALES,DESCONOCIDA,DOCENTE_CONTRATADO_SERVICIOS_CIVILES,DOCENTE
41644,5,2,DOCENTE_NO_TITULAR_OCASIONAL,DOCENTE,PROFESOR NO TITULAR OCASIONAL (TP),CENTRO DE EMPRENDIMIENTO E INNOVACIÓN I3LAB,False,0.36,DOCENTE_NO_TITULAR_OCASIONAL,False,2,1,1,True,True,8.36,1,DOCENTE_NO_TITULAR_OCASIONAL,True,False,0,0,False,0,False,,,,,
42290,3,2,PROFESIONAL_ANALISTA,ADMINISTRATIVO,ANALISTA DE SEGURIDAD INFORMÁTICO 3,CENTRO DE TECNOLOGÍAS DE LA INFORMACIÓN,True,9.53,PROFESIONAL_ANALISTA,False,2,0,0,False,False,9.53,0,,False,False,0,0,False,0,False,,,,,
42359,3,2,PROFESIONAL_ANALISTA,ADMINISTRATIVO,ANALISTA DE SOPORTE TÉCNICO,FACULTAD DE CIENCIAS SOCIALES Y HUMANÍSTICAS,True,8.69,TECNICO_OPERATIVO_MANTENIMIENTO,False,1,0,0,False,False,8.69,0,,False,False,0,0,False,0,False,,,,,
42800,1,1,DOCENTE_NO_TITULAR_OCASIONAL,DOCENTE,PROFESOR NO TITULAR OCASIONAL (TC),"FACULTAD DE ARTE, DISEÑO Y COMUNICACIÓN AUDIOVISUAL",False,4.81,DOCENTE_NO_TITULAR_OCASIONAL,True,0,0,0,False,False,,0,,False,False,0,0,False,0,False,,,,,
42893,1,1,TECNICO_DOCENTE_APOYO,DOCENTE,TÉCNICO DOCENTE 3 (MT),DIRECCIÓN DE ADMISIONES,False,0.28,TECNICO_DOCENTE_APOYO,True,0,0,0,False,False,,0,,False,False,0,0,False,0,False,,,,,
43101,3,2,DOCENTE_NO_TITULAR_OCASIONAL,DOCENTE,PROFESOR NO TITULAR OCASIONAL (TC),"FACULTAD DE ARTE, DISEÑO Y COMUNICACIÓN AUDIOVISUAL",True,3.33,TECNICO_DOCENTE_APOYO,False,1,0,0,False,False,3.33,0,,False,True,2,1,False,0,True,JEFATURA_SUPERVISION_OPERATIVA,,,,
43144,1,1,PROFESIONAL_ESPECIALIZADO_TECNICO,ADMINISTRATIVO,DISEÑADOR GRÁFICO 1,GERENCIA DE COMUNICACIÓN,True,11.15,PROFESIONAL_ESPECIALIZADO_TECNICO,True,0,0,0,False,False,,0,,False,False,0,0,False,0,False,,,,,
43224,1,1,TECNICO_DOCENTE_APOYO,DOCENTE,TÉCNICO DE LABORATORIO 3 (TC),FACULTAD DE INGENIERÍA EN ELECTRICIDAD Y COMPUTACIÓN,False,3.26,TECNICO_DOCENTE_APOYO,True,0,0,0,False,False,,0,,False,False,0,0,False,0,False,,,,,
43587,1,1,DOCENTE_TITULAR_CARRERA,DOCENTE,PROFESOR TITULAR AUXILIAR 2 (TC),FACULTAD DE INGENIERÍA EN ELECTRICIDAD Y COMPUTACIÓN,False,15.43,DOCENTE_TITULAR_CARRERA,True,0,0,0,False,False,,1,AUTORIDAD_ACADEMICA_SUPERIOR,True,True,28,2,True,26,True,OTROS_AA,,,,
43625,2,2,PROFESIONAL_ANALISTA,ADMINISTRATIVO,ANALISTA DE SERVICIOS GENERALES,VICERRECTORADO DE DOCENCIA,True,4.28,ASISTENCIA_SECRETARIAL_OFICINA,False,1,0,0,False,False,4.28,0,,False,False,0,0,False,0,False,,,,,
43817,3,3,ASISTENCIA_SECRETARIAL_OFICINA,ADMINISTRATIVO,ASISTENTE DE ACTIVOS FIJOS,"FACULTAD DE ARTE, DISEÑO Y COMUNICACIÓN AUDIOVISUAL",True,11.69,PROFESIONAL_ANALISTA,False,2,0,0,False,False,11.69,0,,False,True,2,1,False,0,True,OTROS_AA,,,,
44046,1,1,TECNICO_DOCENTE_APOYO,DOCENTE,TÉCNICO DOCENTE 3 (MT),DIRECCIÓN DE ADMISIONES,False,0.64,TECNICO_DOCENTE_APOYO,True,0,0,0,False,False,,0,,False,False,0,0,False,0,False,,,,,
44205,1,1,DOCENTE_NO_TITULAR_OCASIONAL,DOCENTE,PROFESOR NO TITULAR OCASIONAL (TC),FACULTAD DE INGENIERÍA EN ELECTRICIDAD Y COMPUTACIÓN,False,4.81,DOCENTE_NO_TITULAR_OCASIONAL,True,0,0,0,False,False,,0,,False,True,2,1,False,0,True,JEFATURA_SUPERVISION_OPERATIVA,,,,
44496,12,1,DOCENTE_NO_TITULAR_OCASIONAL,DOCENTE,PROFESOR NO TITULAR OCASIONAL (TC),FACULTAD DE CIENCIAS SOCIALES Y HUMANÍSTICAS,True,3.94,DOCENTE_NO_TITULAR_OCASIONAL,True,0,0,0,False,False,,0,,False,False,0,0,False,0,False,,,,,
44538,1,1,TECNICO_DOCENTE_APOYO,DOCENTE,TÉCNICO DOCENTE 1 (TC),FACULTAD DE INGENIERÍA EN ELECTRICIDAD Y COMPUTACIÓN,False,0.36,TECNICO_DOCENTE_APOYO,True,0,0,0,False,False,,0,,False,False,0,0,False,0,False,,,,,
44685,2,2,PROFESIONAL_ANALISTA,ADMINISTRATIVO,ANALISTA FINANCIERO 2,GERENCIA FINANCIERA,True,11.69,ASISTENCIA_SECRETARIAL_OFICINA,False,1,0,0,False,False,11.69,0,,False,False,0,0,False,0,False,,,,,
44859,1,1,DOCENTE_NO_TITULAR_OCASIONAL,DOCENTE,PROFESOR NO TITULAR OCASIONAL (TC),FACULTAD DE INGENIERÍA EN ELECTRICIDAD Y COMPUTACIÓN,False,5.58,DOCENTE_NO_TITULAR_OCASIONAL,True,0,0,0,False,False,,0,,False,False,0,0,False,0,False,,,,,
44884,1,1,TECNICO_DOCENTE_APOYO,DOCENTE,TÉCNICO DOCENTE 1 (TC),FACULTAD DE CIENCIAS NATURALES Y MATEMÁTICAS,True,3.17,TECNICO_DOCENTE_APOYO,True,0,0,0,False,False,,0,,False,False,0,0,False,0,False,,,,,
44927,2,1,DOCENTE_NO_TITULAR_OCASIONAL,DOCENTE,PROFESOR NO TITULAR OCASIONAL (TP),FACULTAD DE CIENCIAS SOCIALES Y HUMANÍSTICAS,True,0.36,DOCENTE_NO_TITULAR_OCASIONAL,True,0,0,0,False,False,,0,,False,False,0,0,False,0,False,,,,,
45059,1,1,DOCENTE_NO_TITULAR_OCASIONAL,DOCENTE,PROFESOR NO TITULAR OCASIONAL (TC),"FACULTAD DE ARTE, DISEÑO Y COMUNICACIÓN AUDIOVISUAL",True,10.42,DOCENTE_NO_TITULAR_OCASIONAL,True,0,0,0,False,False,,0,,False,True,10,1,False,0,True,JEFATURA_SUPERVISION_OPERATIVA,,,,
46306,2,1,DOCENTE_NO_TITULAR_OCASIONAL,DOCENTE,PROFESOR NO TITULAR OCASIONAL (TC),FACULTAD DE INGENIERÍA EN ELECTRICIDAD Y COMPUTACIÓN,True,1.94,DOCENTE_NO_TITULAR_OCASIONAL,True,0,0,0,False,False,,0,,False,False,0,0,False,0,False,,SERVICIOS PROFESIONALES - EJECUCIÓN DE ACTIVIDADES,CENTRO DE TECNOLOGÍAS DE LA INFORMACIÓN,CONTRATO_SERVICIOS_PROFESIONALES_PROYECTO,ADMINISTRATIVO
46564,2,1,DOCENTE_NO_TITULAR_OCASIONAL,DOCENTE,PROFESOR NO TITULAR OCASIONAL (TC),FACULTAD DE CIENCIAS DE LA VIDA,True,9.94,DOCENTE_NO_TITULAR_OCASIONAL,True,0,0,0,False,False,,0,,False,True,6,1,False,0,True,JEFATURA_SUPERVISION_OPERATIVA,,,,
46658,1,1,PROFESIONAL_ANALISTA,ADMINISTRATIVO,ANALISTA DE LABORATORIO,FACULTAD DE INGENIERÍA EN CIENCIAS DE LA TIERRA,True,11.69,PROFESIONAL_ANALISTA,True,0,0,0,False,False,,3,TECNICO_DOCENTE_APOYO,True,False,0,0,False,0,False,,,,,
46684,3,2,DOCENTE_NO_TITULAR_OCASIONAL,DOCENTE,PROFESOR NO TITULAR OCASIONAL (TC),FACULTAD DE CIENCIAS NATURALES Y MATEMÁTICAS,True,1.33,DOCENTE_NO_TITULAR_OCASIONAL,False,2,0,0,False,False,1.33,0,,False,False,0,0,False,0,False,,,,,
46760,1,1,TECNICO_DOCENTE_APOYO,DOCENTE,TÉCNICO DE LABORATORIO 4 (TC),FACULTAD DE CIENCIAS SOCIALES Y HUMANÍSTICAS,False,1.15,TECNICO_DOCENTE_APOYO,True,0,0,0,False,False,,0,,False,False,0,0,False,0,False,,,,,
46826,3,1,PROFESIONAL_ANALISTA,ADMINISTRATIVO,ANALISTA DE DESARROLLO DE SISTEMAS 1,GERENCIA DE TECNOLOGÍAS Y SISTEMAS DE INFORMACIÓN,True,4.19,PROFESIONAL_ANALISTA,True,0,0,0,False,False,,0,,False,False,0,0,False,0,False,,,,,
46831,1,1,PROFESIONAL_ANALISTA,ADMINISTRATIVO,ANALISTA DE PROYECTOS DE VINCULACIÓN 2,DESCONOCIDA,False,1.0,PROFESIONAL_ANALISTA,True,0,0,0,False,False,,0,,False,False,0,0,False,0,False,,,,,
46845,2,2,PROFESIONAL_ANALISTA,ADMINISTRATIVO,ANALISTA DE DESARROLLO DE SISTEMAS 1,GERENCIA DE TECNOLOGÍAS Y SISTEMAS DE INFORMACIÓN,True,5.69,TECNICO_OPERATIVO_MANTENIMIENTO,False,1,0,0,False,False,5.69,0,,False,False,0,0,False,0,False,,,,,
47061,1,1,TECNICO_DOCENTE_APOYO,DOCENTE,TECNICO DOCENTE 4,FACULTAD DE CIENCIAS NATURALES Y MATEMÁTICAS,False,2.38,TECNICO_DOCENTE_APOYO,True,0,0,0,False,False,,0,,False,False,0,0,False,0,False,,SERVICIOS PROFESIONALES - EJECUCIÓN DE ACTIVIDADES,CENTRO ECUATORIANO DE INVESTIGACIÓN Y DESARROLLO EN NANOTECNOLOGÍA,CONTRATO_SERVICIOS_PROFESIONALES_PROYECTO,ADMINISTRATIVO
47478,3,2,TECNICO_DOCENTE_APOYO,DOCENTE,TÉCNICO DOCENTE 1 (TC),FACULTAD DE INGENIERÍA MECÁNICA Y CIENCIAS DE LA PRODUCCIÓN,False,3.97,DOCENTE_NO_TITULAR_OCASIONAL,False,1,0,0,False,False,8.69,0,,False,True,4,1,False,0,True,JEFATURA_SUPERVISION_OPERATIVA,,,,
47521,3,2,ASISTENCIA_SECRETARIAL_OFICINA,ADMINISTRATIVO,ASISTENTE DE SOPORTE TÉCNICO,DESCONOCIDA,False,6.05,JEFATURA_SUPERVISION_OPERATIVA,False,1,0,0,False,False,16.03,0,,False,False,0,0,False,0,False,,,,,
48405,2,1,DOCENTE_NO_TITULAR_OCASIONAL,DOCENTE,PROFESOR NO TITULAR OCASIONAL (TC),FACULTAD DE INGENIERÍA EN CIENCIAS DE LA TIERRA,True,6.86,DOCENTE_NO_TITULAR_OCASIONAL,True,0,0,0,False,False,,0,,False,False,0,0,False,0,False,,,,,
48584,2,2,AUTORIDAD_ADMINISTRATIVA_SUPERIOR,ADMINISTRATIVO,DIRECTOR DE ADQUISICIONES,DIRECCIÓN DE ADQUISICIONES,True,4.65,PROFESIONAL_ANALISTA,False,1,0,0,False,False,4.65,0,,False,True,2,1,False,0,True,AUTORIDAD_ADMINISTRATIVA_SUPERIOR,,,,
48755,5,3,TECNICO_DOCENTE_APOYO,DOCENTE,TÉCNICO DE INVESTIGACIÓN 3 (TC),CENTRO DE INVESTIGACIONES BIOTECNOLÓGICAS DEL ECUADOR,False,2.91,TECNICO_OPERATIVO_MANTENIMIENTO,False,3,1,0,True,False,7.69,1,PROFESIONAL_ANALISTA,True,False,0,0,False,0,False,,,,,
48840,1,1,DOCENTE_NO_TITULAR_OCASIONAL,DOCENTE,PROFESOR NO TITULAR OCASIONAL (TC),FACULTAD DE INGENIERÍA EN CIENCIAS DE LA TIERRA,True,8.36,DOCENTE_NO_TITULAR_OCASIONAL,True,0,0,0,False,False,,0,,False,True,7,1,False,0,True,JEFATURA_SUPERVISION_OPERATIVA,,,,
48885,3,3,TECNICO_DOCENTE_APOYO,DOCENTE,TÉCNICO DE LABORATORIO 1 (TC),FACULTAD DE INGENIERÍA EN ELECTRICIDAD Y COMPUTACIÓN,False,8.12,TECNICO_OPERATIVO_MANTENIMIENTO,False,2,1,0,True,False,8.69,0,,False,False,0,0,False,0,False,,,,,
48938,1,1,TECNICO_DOCENTE_APOYO,DOCENTE,TÉCNICO DOCENTE 4 (TC),DIRECCIÓN DE ADMISIONES,False,0.6,TECNICO_DOCENTE_APOYO,True,0,0,0,False,False,,0,,False,False,0,0,False,0,False,,,,,
49390,2,2,TECNICO_DOCENTE_APOYO,DOCENTE,TÉCNICO DOCENTE 4 (MT),DIRECCIÓN DE ADMISIONES,False,0.27,DOCENTE_NO_TITULAR_OCASIONAL,False,1,0,0,False,False,5.3,0,,False,False,0,0,False,0,False,,,,,
49404,2,1,ASISTENCIA_SECRETARIAL_OFICINA,ADMINISTRATIVO,ASISTENTE EJECUTIVA 2,FACULTAD DE INGENIERÍA EN CIENCIAS DE LA TIERRA,True,5.68,ASISTENCIA_SECRETARIAL_OFICINA,True,0,0,0,False,False,,0,,False,False,0,0,False,0,False,,,,,
49500,1,1,DOCENTE_NO_TITULAR_OCASIONAL,DOCENTE,PROFESOR NO TITULAR OCASIONAL (TP),FACULTAD DE INGENIERÍA EN ELECTRICIDAD Y COMPUTACIÓN,False,0.25,DOCENTE_NO_TITULAR_OCASIONAL,True,0,0,0,False,False,,0,,False,False,0,0,False,0,False,,,,,
49657,3,2,DOCENTE_TITULAR_CARRERA,DOCENTE,PROFESOR TITULAR AUXILIAR 2 (TC),"FACULTAD DE ARTE, DISEÑO Y COMUNICACIÓN AUDIOVISUAL",True,6.44,DOCENTE_TITULAR_CARRERA,False,2,0,0,False,False,6.44,1,DOCENTE_NO_TITULAR_OCASIONAL,True,True,9,2,False,0,True,JEFATURA_SUPERVISION_OPERATIVA,,,,
49789,2,2,TECNICO_DOCENTE_APOYO,DOCENTE,TÉCNICO DOCENTE 3 (TC),DIRECCIÓN DE ADMISIONES,False,0.25,DOCENTE_NO_TITULAR_OCASIONAL,False,1,0,0,False,False,0.94,0,,False,False,0,0,False,0,False,,SERVICIOS PROFESIONALES - EJECUCIÓN DE ACTIVIDADES,VICERRECTORADO DE DOCENCIA,CONTRATO_SERVICIOS_PROFESIONALES_PROYECTO,ADMINISTRATIVO
49839,5,3,TECNICO_DOCENTE_APOYO,DOCENTE,TÉCNICO DE INVESTIGACIÓN 2 (TC),CENTRO DE TECNOLOGÍAS DE LA INFORMACIÓN,True,5.69,TECNICO_OPERATIVO_MANTENIMIENTO,False,2,1,0,True,False,7.69,0,,False,False,0,0,False,0,False,,,,,
49869,1,1,TECNICO_DOCENTE_APOYO,DOCENTE,TÉCNICO DE LABORATORIO 1 (TC),FACULTAD DE CIENCIAS SOCIALES Y HUMANÍSTICAS,False,0.24,TECNICO_DOCENTE_APOYO,True,0,0,0,False,False,,0,,False,False,0,0,False,0,False,,,,,
49926,1,1,TECNICO_DOCENTE_APOYO,DOCENTE,TÉCNICO DE INVESTIGACIÓN 2 (MT),FACULTAD DE INGENIERÍA EN ELECTRICIDAD Y COMPUTACIÓN,False,1.0,TECNICO_DOCENTE_APOYO,True,0,0,0,False,False,,0,,False,False,0,0,False,0,False,,,,,
50023,1,1,ASISTENCIA_SECRETARIAL_OFICINA,ADMINISTRATIVO,ASISTENTE ADMINISTRATIVO,DECANATO DE VINCULACIÓN,True,4.36,ASISTENCIA_SECRETARIAL_OFICINA,True,0,0,0,False,False,,0,,False,False,0,0,False,0,False,,,,,
50030,1,1,ASISTENCIA_SECRETARIAL_OFICINA,ADMINISTRATIVO,ASISTENTE EJECUTIVA 1,CENTRO DE INFORMACIÓN BIBLIOTECARIA,True,11.36,ASISTENCIA_SECRETARIAL_OFICINA,True,0,0,0,False,False,,0,,False,False,0,0,False,0,False,,,,,
50103,2,1,TECNICO_DOCENTE_APOYO,DOCENTE,TÉCNICO DOCENTE 3 (TC),DIRECCIÓN DE ADMISIONES,True,1.97,TECNICO_DOCENTE_APOYO,True,0,0,0,False,False,,0,,False,False,0,0,False,0,False,,,,,
50416,2,1,DOCENTE_NO_TITULAR_OCASIONAL,DOCENTE,PROFESOR NO TITULAR OCASIONAL (TP),FACULTAD DE INGENIERÍA EN CIENCIAS DE LA TIERRA,False,1.35,DOCENTE_NO_TITULAR_OCASIONAL,True,0,0,0,False,False,,0,,False,False,0,0,False,0,False,,,,,
50463,11,2,PROFESIONAL_ANALISTA,ADMINISTRATIVO,ANALISTA DE LABORATORIO,FACULTAD DE INGENIERÍA EN CIENCIAS DE LA TIERRA,True,0.05,PROFESIONAL_ANALISTA,False,2,1,1,True,True,0.89,2,PROFESIONAL_ANALISTA,True,True,1,1,False,0,True,JEFATURA_SUPERVISION_OPERATIVA,,,,
50544,2,1,PROFESIONAL_ANALISTA,ADMINISTRATIVO,ANALISTA DE DESARROLLO DE SISTEMAS 1,GERENCIA DE TECNOLOGÍAS Y SISTEMAS DE INFORMACIÓN,True,3.69,PROFESIONAL_ANALISTA,True,0,0,0,False,False,,1,TECNICO_OPERATIVO_MANTENIMIENTO,True,False,0,0,False,0,False,,,,,
50796,3,3,PROFESIONAL_ANALISTA,ADMINISTRATIVO,ANALISTA FINANCIERO 1,GERENCIA FINANCIERA,True,10.43,AUXILIAR_AYUDANTE_OPERATIVO,False,2,0,0,False,False,10.43,0,,False,False,0,0,False,0,False,,,,,
51025,3,2,PROFESIONAL_ANALISTA,ADMINISTRATIVO,ANALISTA DE SOPORTE TÉCNICO,FACULTAD DE INGENIERÍA EN ELECTRICIDAD Y COMPUTACIÓN,True,10.69,ASISTENCIA_SECRETARIAL_OFICINA,False,1,0,0,False,False,11.69,0,,False,False,0,0,False,0,False,,,,,
51050,1,1,DOCENTE_NO_TITULAR_OCASIONAL,DOCENTE,PROFESOR NO TITULAR OCASIONAL (TC),FACULTAD DE INGENIERÍA EN ELECTRICIDAD Y COMPUTACIÓN,False,4.47,DOCENTE_NO_TITULAR_OCASIONAL,True,0,0,0,False,False,,0,,False,False,0,0,False,0,False,,,,,
51159,1,1,DOCENTE_NO_TITULAR_OCASIONAL,DOCENTE,PROFESOR NO TITULAR OCASIONAL (TC),FACULTAD DE INGENIERÍA MECÁNICA Y CIENCIAS DE LA PRODUCCIÓN,True,9.38,DOCENTE_NO_TITULAR_OCASIONAL,True,0,0,0,False,False,,0,,False,True,5,1,False,0,True,JEFATURA_SUPERVISION_OPERATIVA,,,,
51177,1,1,DOCENTE_NO_TITULAR_OCASIONAL,DOCENTE,PROFESOR NO TITULAR OCASIONAL (TC),FACULTAD DE CIENCIAS SOCIALES Y HUMANÍSTICAS,True,10.9,DOCENTE_NO_TITULAR_OCASIONAL,True,0,0,0,False,False,,0,,False,True,6,1,False,0,True,JEFATURA_SUPERVISION_OPERATIVA,PRESTACIÓN SERVICIOS PROFESIONALES,DESCONOCIDA,DOCENTE_CONTRATADO_SERVICIOS_CIVILES,DOCENTE
51195,2,2,TECNICO_DOCENTE_APOYO,DOCENTE,TÉCNICO DE INVESTIGACIÓN 4 (TC),CENTRO DE TECNOLOGÍAS DE LA INFORMACIÓN,False,1.6,PROFESIONAL_ANALISTA,False,1,1,0,True,False,7.69,0,,False,False,0,0,False,0,False,,,,,
51212,2,1,DOCENTE_NO_TITULAR_OCASIONAL,DOCENTE,PROFESOR NO TITULAR OCASIONAL (TP),FACULTAD DE CIENCIAS SOCIALES Y HUMANÍSTICAS,True,0.36,DOCENTE_NO_TITULAR_OCASIONAL,True,0,0,0,False,False,,0,,False,False,0,0,False,0,False,,,,,
51232,1,1,DOCENTE_NO_TITULAR_OCASIONAL,DOCENTE,PROFESOR NO TITULAR OCASIONAL (TC),FACULTAD DE CIENCIAS SOCIALES Y HUMANÍSTICAS,False,5.42,DOCENTE_NO_TITULAR_OCASIONAL,True,0,0,0,False,False,,0,,False,True,2,1,False,0,True,JEFATURA_SUPERVISION_OPERATIVA,,,,
51391,9,1,DOCENTE_NO_TITULAR_OCASIONAL,DOCENTE,PROFESOR NO TITULAR OCASIONAL (MT),DECANATO DE GRADO,True,0.34,DOCENTE_NO_TITULAR_OCASIONAL,True,0,0,0,False,False,,0,,False,False,0,0,False,0,False,,,,,
51418,5,2,PROFESIONAL_ANALISTA,ADMINISTRATIVO,ANALISTA DE INFRAESTRUCTURA INFORMÁTICA 2,FACULTAD DE CIENCIAS SOCIALES Y HUMANÍSTICAS,True,6.86,PROFESIONAL_ANALISTA,False,4,0,0,False,False,6.86,1,DOCENTE_NO_TITULAR_OCASIONAL,True,False,0,0,False,0,False,,,,,
51539,1,1,TECNICO_OPERATIVO_MANTENIMIENTO,ADMINISTRATIVO,TÉCNICOS ESPECIALIZADOS - EJECUCIÓN DE PROYECTOS,DESCONOCIDA,False,0.16,TECNICO_OPERATIVO_MANTENIMIENTO,True,0,0,0,False,False,,0,,False,False,0,0,False,0,False,,,,,
51595,2,2,DOCENTE_NO_TITULAR_OCASIONAL,DOCENTE,PROFESOR NO TITULAR OCASIONAL (TC),FACULTAD DE INGENIERÍA MECÁNICA Y CIENCIAS DE LA PRODUCCIÓN,False,3.12,TECNICO_OPERATIVO_MANTENIMIENTO,False,1,1,0,True,False,11.36,0,,False,False,0,0,False,0,False,,SERVICIOS PROFESIONALES - EJECUCIÓN DE ACTIVIDADES,CENTRO DE ENERGÍAS RENOVABLES Y ALTERNATIVAS,CONTRATO_SERVICIOS_PROFESIONALES_PROYECTO,ADMINISTRATIVO
51681,2,2,DOCENTE_TITULAR_CARRERA,DOCENTE,PROFESOR TITULAR AUXILIAR 1 (TC),FACULTAD DE INGENIERÍA EN ELECTRICIDAD Y COMPUTACIÓN,True,6.44,DOCENTE_NO_TITULAR_OCASIONAL,False,1,0,0,False,False,6.44,0,,False,True,3,1,False,0,True,JEFATURA_SUPERVISION_OPERATIVA,,,,
51716,1,1,DOCENTE_NO_TITULAR_OCASIONAL,DOCENTE,PROFESOR NO TITULAR OCASIONAL (TC),"FACULTAD DE ARTE, DISEÑO Y COMUNICACIÓN AUDIOVISUAL",False,4.99,DOCENTE_NO_TITULAR_OCASIONAL,True,0,0,0,False,False,,0,,False,False,0,0,False,0,False,,,,,
51737,1,1,PROFESIONAL_ANALISTA,ADMINISTRATIVO,ANALISTA ADMINISTRATIVO,GERENCIA ADMINISTRATIVA,False,0.08,PROFESIONAL_ANALISTA,True,0,0,0,False,False,,0,,False,False,0,0,False,0,False,,,,,
51775,1,1,ASISTENCIA_SECRETARIAL_OFICINA,ADMINISTRATIVO,ASISTENTE EJECUTIVA 1,GERENCIA DE TECNOLOGÍAS Y SISTEMAS DE INFORMACIÓN,False,0.1,ASISTENCIA_SECRETARIAL_OFICINA,True,0,0,0,False,False,,0,,False,False,0,0,False,0,False,,SERVICIOS PROFESIONALES - EJECUCIÓN DE ACTIVIDADES,GERENCIA DE TECNOLOGÍAS Y SISTEMAS DE INFORMACIÓN,CONTRATO_SERVICIOS_PROFESIONALES_PROYECTO,ADMINISTRATIVO
51880,1,1,DOCENTE_NO_TITULAR_OCASIONAL,DOCENTE,PROFESOR NO TITULAR OCASIONAL (TP),FACULTAD DE INGENIERÍA EN CIENCIAS DE LA TIERRA,False,0.76,DOCENTE_NO_TITULAR_OCASIONAL,True,0,0,0,False,False,,0,,False,False,0,0,False,0,False,,,,,
51960,3,3,PROFESIONAL_ESPECIALIZADO_TECNICO,ADMINISTRATIVO,CONTADOR GENERAL,GERENCIA FINANCIERA,True,0.11,AUXILIAR_AYUDANTE_OPERATIVO,False,2,0,0,False,False,0.11,2,ASISTENCIA_SECRETARIAL_OFICINA,True,False,0,0,False,0,False,,,,,
52004,4,3,DOCENTE_NO_TITULAR_OCASIONAL,DOCENTE,PROFESOR NO TITULAR OCASIONAL (TC),FACULTAD DE INGENIERÍA EN ELECTRICIDAD Y COMPUTACIÓN,True,7.95,TECNICO_OPERATIVO_MANTENIMIENTO,False,3,1,0,True,False,7.95,0,,False,False,0,0,False,0,False,,,,,
52227,1,1,DOCENTE_NO_TITULAR_OCASIONAL,DOCENTE,PROFESOR NO TITULAR OCASIONAL (TC),"FACULTAD DE ARTE, DISEÑO Y COMUNICACIÓN AUDIOVISUAL",True,10.44,DOCENTE_NO_TITULAR_OCASIONAL,True,0,0,0,False,False,,0,,False,True,10,1,False,0,True,JEFATURA_SUPERVISION_OPERATIVA,,,,
52365,2,1,DOCENTE_NO_TITULAR_OCASIONAL,DOCENTE,PROFESOR NO TITULAR OCASIONAL (TP),FACULTAD DE INGENIERÍA EN ELECTRICIDAD Y COMPUTACIÓN,False,0.11,DOCENTE_NO_TITULAR_OCASIONAL,True,0,0,0,False,False,,0,,False,False,0,0,False,0,False,,,,,
52751,2,1,TECNICO_DOCENTE_APOYO,DOCENTE,TÉCNICO DOCENTE 3 (TC),DIRECCIÓN DE ADMISIONES,True,1.35,TECNICO_DOCENTE_APOYO,True,0,0,0,False,False,,0,,False,False,0,0,False,0,False,,,,,
52752,2,2,TECNICO_DOCENTE_APOYO,DOCENTE,TÉCNICO DE LABORATORIO 1 (TC),FACULTAD DE INGENIERÍA MECÁNICA Y CIENCIAS DE LA PRODUCCIÓN,False,6.33,DOCENTE_NO_TITULAR_OCASIONAL,False,1,0,0,False,False,8.69,0,,False,False,0,0,False,0,False,,,,,
52852,1,1,DOCENTE_NO_TITULAR_OCASIONAL,DOCENTE,PROFESOR NO TITULAR OCASIONAL (TC),"FACULTAD DE INGENIERIA MARÍTIMA, CIENCIAS BIOLÓGICAS, OCEÁNICAS Y RECURSOS NATURALES",False,1.35,DOCENTE_NO_TITULAR_OCASIONAL,True,0,0,0,False,False,,0,,False,False,0,0,False,0,False,,,,,
52873,5,4,TECNICO_DOCENTE_APOYO,DOCENTE,TÉCNICO DOCENTE 4 (TC),FACULTAD DE INGENIERÍA MECÁNICA Y CIENCIAS DE LA PRODUCCIÓN,False,2.14,TECNICO_OPERATIVO_MANTENIMIENTO,False,3,1,0,True,False,8.69,1,PROFESIONAL_ANALISTA,True,False,0,0,False,0,False,,,,,
52916,1,1,TECNICO_DOCENTE_APOYO,DOCENTE,TÉCNICO DOCENTE 3 (TC),DIRECCIÓN DE ADMISIONES,False,0.23,TECNICO_DOCENTE_APOYO,True,0,0,0,False,False,,0,,False,False,0,0,False,0,False,,,,,
52953,5,4,DOCENTE_NO_TITULAR_OCASIONAL,DOCENTE,PROFESOR NO TITULAR OCASIONAL (TC),FACULTAD DE CIENCIAS NATURALES Y MATEMÁTICAS,True,4.24,TECNICO_OPERATIVO_MANTENIMIENTO,False,4,1,0,True,False,4.24,0,,False,True,2,1,False,0,True,JEFATURA_SUPERVISION_OPERATIVA,,,,
53126,1,1,DOCENTE_NO_TITULAR_OCASIONAL,DOCENTE,PROFESOR NO TITULAR OCASIONAL (TP),FACULTAD DE INGENIERÍA MECÁNICA Y CIENCIAS DE LA PRODUCCIÓN,False,0.39,DOCENTE_NO_TITULAR_OCASIONAL,True,0,0,0,False,False,,0,,False,False,0,0,False,0,False,,,,,
53142,2,2,PROFESIONAL_ANALISTA,ADMINISTRATIVO,ANALISTA DE DESARROLLO DE SISTEMAS 3,GERENCIA DE TECNOLOGÍAS Y SISTEMAS DE INFORMACIÓN,True,10.78,ASISTENCIA_SECRETARIAL_OFICINA,False,1,0,0,False,False,10.78,1,AUTORIDAD_ADMINISTRATIVA_SUPERIOR,True,True,1,1,True,1,True,OTROS_AA,,,,
53156,2,2,PROFESIONAL_ANALISTA,ADMINISTRATIVO,ANALISTA DE SOPORTE TÉCNICO,GERENCIA DE TECNOLOGÍAS Y SISTEMAS DE INFORMACIÓN,True,6.53,TECNICO_OPERATIVO_MANTENIMIENTO,False,1,0,0,False,False,6.53,0,,False,False,0,0,False,0,False,,,,,
53238,8,1,DOCENTE_NO_TITULAR_OCASIONAL,DOCENTE,PROFESOR NO TITULAR OCASIONAL (TC),DECANATO DE GRADO,True,7.36,DOCENTE_NO_TITULAR_OCASIONAL,True,0,0,0,False,False,,0,,False,False,0,0,False,0,False,,,,,
53239,2,1,DOCENTE_NO_TITULAR_OCASIONAL,DOCENTE,PROFESOR NO TITULAR OCASIONAL (TP),FACULTAD DE CIENCIAS SOCIALES Y HUMANÍSTICAS,False,0.56,DOCENTE_NO_TITULAR_OCASIONAL,True,0,0,0,False,False,,0,,False,False,0,0,False,0,False,,,,,
53345,1,1,PROFESIONAL_ANALISTA,ADMINISTRATIVO,ANALISTA ADMINISTRATIVO,GERENCIA DE INFRAESTRUCTURA FÍSICA,True,5.11,PROFESIONAL_ANALISTA,True,0,0,0,False,False,,1,AUTORIDAD_ADMINISTRATIVA_SUPERIOR,True,True,3,1,True,3,True,OTROS_AA,,,,
53351,1,1,PROFESIONAL_ANALISTA,ADMINISTRATIVO,AUDITOR INTERNO 2,AUDITORÍA INTERNA,True,0.78,PROFESIONAL_ANALISTA,True,0,0,0,False,False,,0,,False,True,1,1,True,1,False,OTROS_AA,,,,
53353,1,1,PROFESIONAL_ANALISTA,ADMINISTRATIVO,ANALISTA DE DESARROLLO DE SISTEMAS 1,CENTRO DE TECNOLOGÍAS DE LA INFORMACIÓN,False,1.12,PROFESIONAL_ANALISTA,True,0,0,0,False,False,,0,,False,False,0,0,False,0,False,,,,,
53355,2,2,DOCENTE_NO_TITULAR_OCASIONAL,DOCENTE,PROFESOR NO TITULAR OCASIONAL (TC),FACULTAD DE INGENIERÍA EN ELECTRICIDAD Y COMPUTACIÓN,True,8.36,ASISTENCIA_SECRETARIAL_OFICINA,False,1,1,0,True,False,8.36,0,,False,False,0,0,False,0,False,,,,,
53361,1,1,DOCENTE_NO_TITULAR_OCASIONAL,DOCENTE,PROFESOR NO TITULAR OCASIONAL (TC),FACULTAD DE INGENIERÍA EN ELECTRICIDAD Y COMPUTACIÓN,True,8.94,DOCENTE_NO_TITULAR_OCASIONAL,True,0,0,0,False,False,,0,,False,True,2,1,False,0,True,JEFATURA_SUPERVISION_OPERATIVA,PRESTACIÓN SERVICIOS PROFESIONALES,DESCONOCIDA,DOCENTE_CONTRATADO_SERVICIOS_CIVILES,DOCENTE
53554,1,1,TECNICO_DOCENTE_APOYO,DOCENTE,TÉCNICO DOCENTE 3 (TC),DIRECCIÓN DE ADMISIONES,False,0.39,TECNICO_DOCENTE_APOYO,True,0,0,0,False,False,,0,,False,False,0,0,False,0,False,,,,,
53697,6,3,TECNICO_DOCENTE_APOYO,DOCENTE,TÉCNICO DOCENTE 3 (TC),DIRECCIÓN DE ADMISIONES,True,3.29,TECNICO_OPERATIVO_MANTENIMIENTO,False,2,1,0,True,False,8.69,0,,False,False,0,0,False,0,False,,,,,
53811,3,2,DOCENTE_TITULAR_CARRERA,DOCENTE,PROFESOR TITULAR AGREGADO 1 (TC),FACULTAD DE CIENCIAS NATURALES Y MATEMÁTICAS,True,1.75,DOCENTE_NO_TITULAR_OCASIONAL,False,1,0,0,False,False,1.75,0,,False,False,0,0,False,0,False,,,,,
53814,2,2,DOCENTE_NO_TITULAR_OCASIONAL,DOCENTE,PROFESOR NO TITULAR OCASIONAL (TC),FACULTAD DE INGENIERÍA MARÍTIMA Y CIENCIAS DEL MAR,True,2.69,TECNICO_DOCENTE_APOYO,False,1,0,0,False,False,2.69,0,,False,True,3,1,False,0,True,JEFATURA_SUPERVISION_OPERATIVA,,,,
53840,1,1,PROFESIONAL_ANALISTA,ADMINISTRATIVO,INGENIERO ELÉCTRICO,DIRECCIÓN DE SERVICIOS GENERALES,True,11.61,PROFESIONAL_ANALISTA,True,0,0,0,False,False,,0,,False,False,0,0,False,0,False,,,,,
53856,3,3,DOCENTE_TITULAR_CARRERA,DOCENTE,PROFESOR TITULAR AGREGADO 2 (TC),FACULTAD DE CIENCIAS DE LA VIDA,True,5.11,ASISTENCIA_SECRETARIAL_OFICINA,False,2,1,0,True,False,5.11,0,,False,True,6,2,True,1,True,AUTORIDAD_ADMINISTRATIVA_SUPERIOR,,,,
53860,6,1,DOCENTE_NO_TITULAR_OCASIONAL,DOCENTE,PROFESOR NO TITULAR OCASIONAL (TC),FACULTAD DE INGENIERÍA EN CIENCIAS DE LA TIERRA,False,2.0,DOCENTE_NO_TITULAR_OCASIONAL,True,0,0,0,False,False,,0,,False,True,2,1,False,0,True,JEFATURA_SUPERVISION_OPERATIVA,,,,
53888,3,3,DOCENTE_NO_TITULAR_OCASIONAL,DOCENTE,PROFESOR NO TITULAR OCASIONAL (TC),FACULTAD DE INGENIERÍA EN CIENCIAS DE LA TIERRA,True,8.94,TECNICO_OPERATIVO_MANTENIMIENTO,False,2,1,0,True,False,8.94,0,,False,True,9,1,False,0,True,JEFATURA_SUPERVISION_OPERATIVA,PRESTACIÓN SERVICIOS PROFESIONALES,DESCONOCIDA,DOCENTE_CONTRATADO_SERVICIOS_CIVILES,DOCENTE
53915,1,1,PROFESIONAL_ANALISTA,ADMINISTRATIVO,ANALISTA DE TELECOMUNICACIONES 2,GERENCIA DE TECNOLOGÍAS Y SISTEMAS DE INFORMACIÓN,True,4.61,PROFESIONAL_ANALISTA,True,0,0,0,False,False,,1,AUTORIDAD_ADMINISTRATIVA_SUPERIOR,True,True,12,1,True,12,True,OTROS_AA,,,,
54091,2,2,PROFESIONAL_ANALISTA,ADMINISTRATIVO,ANALISTA DE PROYECTOS DE VINCULACIÓN 2,DECANATO DE VINCULACIÓN,True,11.28,AUXILIAR_AYUDANTE_OPERATIVO,False,1,0,0,False,False,11.28,0,,False,False,0,0,False,0,False,,,,,
54155,4,4,DOCENTE_TITULAR_CARRERA,DOCENTE,PROFESOR TITULAR AUXILIAR 2 (TC),FACULTAD DE CIENCIAS SOCIALES Y HUMANÍSTICAS,True,5.11,ASISTENCIA_SECRETARIAL_OFICINA,False,3,1,0,True,False,5.11,0,,False,True,1,1,False,0,True,OTROS_AA,SERVICIOS PROFESIONALES - EJECUCIÓN DE ACTIVIDADES,GERENCIA DE BIENESTAR POLITÉCNICO,CONTRATO_SERVICIOS_PROFESIONALES_PROYECTO,ADMINISTRATIVO
54246,1,1,TECNICO_OPERATIVO_MANTENIMIENTO,ADMINISTRATIVO,TÉCNICOS ESPECIALIZADOS - EJECUCIÓN DE PROYECTOS,DESCONOCIDA,False,0.99,TECNICO_OPERATIVO_MANTENIMIENTO,True,0,0,0,False,False,,0,,False,False,0,0,False,0,False,,,,,
54358,1,1,ASISTENCIA_SECRETARIAL_OFICINA,ADMINISTRATIVO,ASISTENTE ADMINISTRATIVO,DIRECCIÓN DE LA SECRETARÍA TÉCNICA ACADEMICA,True,5.65,ASISTENCIA_SECRETARIAL_OFICINA,True,0,0,0,False,False,,0,,False,False,0,0,False,0,False,,,,,
54460,2,2,SERVICIOS_GENERALES_OFICIOS,ADMINISTRATIVO,ELECTRICISTA/OPERADOR ELECTRICISTA,DIRECCIÓN DE SERVICIOS GENERALES,True,3.69,AUXILIAR_AYUDANTE_OPERATIVO,False,1,0,0,False,False,3.69,1,AUXILIAR_AYUDANTE_OPERATIVO,True,False,0,0,False,0,False,,,,,
54568,3,3,PROFESIONAL_ANALISTA,ADMINISTRATIVO,ANALISTA DE LABORATORIO DE INVESTIGACIÓN 2,DESCONOCIDA,False,2.0,AUXILIAR_AYUDANTE_OPERATIVO,False,2,1,1,True,True,8.53,1,TECNICO_DOCENTE_APOYO,True,False,0,0,False,0,False,,,,,
54577,3,3,PROFESIONAL_ANALISTA,ADMINISTRATIVO,ANALISTA DE LABORATORIO DE INVESTIGACIÓN 2,DESCONOCIDA,False,5.76,ASISTENCIA_SECRETARIAL_OFICINA,False,2,0,0,False,False,10.78,0,,False,False,0,0,False,0,False,,,,,
54603,3,1,DOCENTE_NO_TITULAR_OCASIONAL,DOCENTE,PROFESOR NO TITULAR OCASIONAL (TP),CENTRO DE EMPRENDIMIENTO E INNOVACIÓN I3LAB,False,0.36,DOCENTE_NO_TITULAR_OCASIONAL,True,0,0,0,False,False,,0,,False,False,0,0,False,0,False,,,,,
54699,2,2,PROFESIONAL_ANALISTA,ADMINISTRATIVO,ANALISTA DE SOPORTE TÉCNICO,GERENCIA DE TECNOLOGÍAS Y SISTEMAS DE INFORMACIÓN,True,3.03,ASISTENCIA_SECRETARIAL_OFICINA,False,1,0,0,False,False,3.03,0,,False,False,0,0,False,0,False,,,,,
54701,3,3,DOCENTE_NO_TITULAR_OCASIONAL,DOCENTE,PROFESOR NO TITULAR OCASIONAL (TC),FACULTAD DE INGENIERÍA EN ELECTRICIDAD Y COMPUTACIÓN,True,9.34,PROFESIONAL_ANALISTA,False,2,1,0,True,False,9.34,1,TECNICO_OPERATIVO_MANTENIMIENTO,True,True,1,1,False,0,True,JEFATURA_SUPERVISION_OPERATIVA,,,,
54706,3,2,TECNICO_DOCENTE_APOYO,DOCENTE,TÉCNICO DE INVESTIGACIÓN 3 (TC),CENTRO DE TECNOLOGÍAS DE LA INFORMACIÓN,False,0.62,PROFESIONAL_ANALISTA,False,1,1,0,True,False,7.69,0,,False,False,0,0,False,0,False,,,,,
54744,2,1,DOCENTE_NO_TITULAR_OCASIONAL,DOCENTE,PROFESOR NO TITULAR OCASIONAL (TC),FACULTAD DE INGENIERÍA EN CIENCIAS DE LA TIERRA,True,9.38,DOCENTE_NO_TITULAR_OCASIONAL,True,0,0,0,False,False,,0,,False,True,2,1,False,0,True,JEFATURA_SUPERVISION_OPERATIVA,,,,
54761,3,2,PROFESIONAL_ANALISTA,ADMINISTRATIVO,ANALISTA DE INFRAESTRUCTURA INFORMÁTICA 3,GERENCIA DE TECNOLOGÍAS Y SISTEMAS DE INFORMACIÓN,True,11.28,ASISTENCIA_SECRETARIAL_OFICINA,False,1,0,0,False,False,11.69,1,AUTORIDAD_ADMINISTRATIVA_SUPERIOR,True,False,0,0,False,0,False,,,,,
54841,1,1,PROFESIONAL_ANALISTA,ADMINISTRATIVO,ANALISTA DE LABORATORIO,DESCONOCIDA,False,1.62,PROFESIONAL_ANALISTA,True,0,0,0,False,False,,0,,False,False,0,0,False,0,False,,,,,
54845,3,3,TECNICO_DOCENTE_APOYO,DOCENTE,TÉCNICO DOCENTE 4 (TC),FACULTAD DE INGENIERÍA MECÁNICA Y CIENCIAS DE LA PRODUCCIÓN,False,3.13,TECNICO_OPERATIVO_MANTENIMIENTO,False,2,1,0,True,False,8.69,0,,False,False,0,0,False,0,False,,,,,
54860,1,1,PROFESIONAL_ANALISTA,ADMINISTRATIVO,ANALISTA DE TALENTO HUMANO 3,DIRECCIÓN DE TALENTO HUMANO,True,7.53,PROFESIONAL_ANALISTA,True,0,0,0,False,False,,1,AUTORIDAD_ADMINISTRATIVA_SUPERIOR,True,True,3,1,True,3,True,OTROS_AA,,,,
55101,2,1,DOCENTE_NO_TITULAR_OCASIONAL,DOCENTE,PROFESOR NO TITULAR OCASIONAL (TC),ESCUELA DE POSTGRADO EN ADMINISTRACIÓN DE EMPRESAS,True,2.69,DOCENTE_NO_TITULAR_OCASIONAL,True,0,0,0,False,False,,0,,False,True,1,1,False,0,True,JEFATURA_SUPERVISION_OPERATIVA,,,,
55104,3,3,TECNICO_DOCENTE_APOYO,DOCENTE,TÉCNICO DOCENTE 1 (TC),FACULTAD DE INGENIERÍA EN ELECTRICIDAD Y COMPUTACIÓN,False,5.56,TECNICO_OPERATIVO_MANTENIMIENTO,False,2,1,0,True,False,8.69,0,,False,False,0,0,False,0,False,,,,,
55173,1,1,ASISTENCIA_SECRETARIAL_OFICINA,ADMINISTRATIVO,ASISTENTE DE ACTIVOS FIJOS,FACULTAD DE INGENIERÍA EN ELECTRICIDAD Y COMPUTACIÓN,True,10.75,ASISTENCIA_SECRETARIAL_OFICINA,True,0,0,0,False,False,,0,,False,False,0,0,False,0,False,,,,,
55230,3,3,TECNICO_DOCENTE_APOYO,DOCENTE,TÉCNICO DOCENTE 1 (TC),FACULTAD DE INGENIERÍA MECÁNICA Y CIENCIAS DE LA PRODUCCIÓN,False,6.12,TECNICO_OPERATIVO_MANTENIMIENTO,False,2,1,0,True,False,8.69,0,,False,False,0,0,False,0,False,,SERVICIOS PROFESIONALES - EJECUCIÓN DE ACTIVIDADES,DIRECCIÓN DE SOSTENIBILIDAD,CONTRATO_SERVICIOS_PROFESIONALES_PROYECTO,ADMINISTRATIVO
55666,4,3,DOCENTE_NO_TITULAR_OCASIONAL,DOCENTE,PROFESOR NO TITULAR OCASIONAL (TC),FACULTAD DE CIENCIAS NATURALES Y MATEMÁTICAS,True,0.34,ASISTENCIA_SECRETARIAL_OFICINA,False,2,1,0,True,False,10.36,1,PROFESIONAL_ANALISTA,True,False,0,0,False,0,False,,,,,
55699,1,1,DOCENTE_NO_TITULAR_OCASIONAL,DOCENTE,PROFESOR NO TITULAR OCASIONAL (TP),FACULTAD DE INGENIERÍA EN CIENCIAS DE LA TIERRA,False,0.38,DOCENTE_NO_TITULAR_OCASIONAL,True,0,0,0,False,False,,0,,False,False,0,0,False,0,False,,PROFESOR INVITADO,FACULTAD DE INGENIERÍA EN CIENCIAS DE LA TIERRA,DOCENTE_HONORARIO_ESPECIAL,DOCENTE
55731,2,2,TECNICO_DOCENTE_APOYO,DOCENTE,TÉCNICO DE INVESTIGACIÓN 1 (TC),FACULTAD DE INGENIERÍA EN ELECTRICIDAD Y COMPUTACIÓN,False,0.56,TECNICO_OPERATIVO_MANTENIMIENTO,False,1,1,0,True,False,4.84,0,,False,False,0,0,False,0,False,,,,,
55735,2,2,DOCENTE_NO_TITULAR_OCASIONAL,DOCENTE,PROFESOR NO TITULAR OCASIONAL (TP),FACULTAD DE INGENIERÍA MECÁNICA Y CIENCIAS DE LA PRODUCCIÓN,False,0.13,PROFESIONAL_ANALISTA,False,1,1,0,True,False,3.33,0,,False,False,0,0,False,0,False,,,,,
55753,4,2,DOCENTE_NO_TITULAR_OCASIONAL,DOCENTE,PROFESOR NO TITULAR OCASIONAL (TC),FACULTAD DE INGENIERÍA MECÁNICA Y CIENCIAS DE LA PRODUCCIÓN,True,4.94,TECNICO_OPERATIVO_MANTENIMIENTO,False,1,1,0,True,False,10.41,0,,False,True,1,1,False,0,True,JEFATURA_SUPERVISION_OPERATIVA,,,,
55772,3,3,PROFESIONAL_ANALISTA,ADMINISTRATIVO,ANALISTA DE SISTEMAS DE PLANIFICACIÓN,GERENCIA DE TECNOLOGÍAS Y SISTEMAS DE INFORMACIÓN,True,11.69,AUXILIAR_AYUDANTE_OPERATIVO,False,2,0,0,False,False,11.69,0,,False,False,0,0,False,0,False,,,,,
55814,3,3,DOCENTE_NO_TITULAR_OCASIONAL,DOCENTE,PROFESOR NO TITULAR OCASIONAL (TC),FACULTAD DE INGENIERÍA MECÁNICA Y CIENCIAS DE LA PRODUCCIÓN,True,6.86,TECNICO_DOCENTE_APOYO,False,2,1,1,True,True,6.86,0,,False,True,1,1,False,0,True,JEFATURA_SUPERVISION_OPERATIVA,,,,
55817,3,1,TECNICO_DOCENTE_APOYO,DOCENTE,TÉCNICO DOCENTE 3 (TC),DIRECCIÓN DE ADMISIONES,True,3.29,TECNICO_DOCENTE_APOYO,True,0,0,0,False,False,,0,,False,False,0,0,False,0,False,,,,,
55819,1,1,PROFESIONAL_ANALISTA,ADMINISTRATIVO,ANALISTA FINANCIERO 1,GERENCIA FINANCIERA,True,11.61,PROFESIONAL_ANALISTA,True,0,0,0,False,False,,0,,False,False,0,0,False,0,False,,,,,
56170,1,1,DOCENTE_NO_TITULAR_OCASIONAL,DOCENTE,PROFESOR NO TITULAR OCASIONAL (MT),FACULTAD DE INGENIERÍA MECÁNICA Y CIENCIAS DE LA PRODUCCIÓN,False,0.38,DOCENTE_NO_TITULAR_OCASIONAL,True,0,0,0,False,False,,0,,False,False,0,0,False,0,False,,,,,
56180,1,1,DOCENTE_NO_TITULAR_OCASIONAL,DOCENTE,PROFESOR NO TITULAR OCASIONAL (TC),FACULTAD DE INGENIERÍA EN ELECTRICIDAD Y COMPUTACIÓN,False,2.0,DOCENTE_NO_TITULAR_OCASIONAL,True,0,0,0,False,False,,0,,False,True,1,1,False,0,True,JEFATURA_SUPERVISION_OPERATIVA,,,,
56189,4,2,DOCENTE_TITULAR_CARRERA,DOCENTE,PROFESOR TITULAR AUXILIAR 1 (MT),FACULTAD DE INGENIERÍA MECÁNICA Y CIENCIAS DE LA PRODUCCIÓN,True,0.15,DOCENTE_NO_TITULAR_OCASIONAL,False,1,0,0,False,False,0.15,0,,False,False,0,0,False,0,False,,,,,
56233,2,1,DOCENTE_NO_TITULAR_OCASIONAL,DOCENTE,PROFESOR NO TITULAR OCASIONAL (TC),FACULTAD DE CIENCIAS NATURALES Y MATEMÁTICAS,False,3.8,DOCENTE_NO_TITULAR_OCASIONAL,True,0,0,0,False,False,,0,,False,True,1,1,False,0,True,JEFATURA_SUPERVISION_OPERATIVA,,,,
56408,3,3,PROFESIONAL_ANALISTA,ADMINISTRATIVO,ANALISTA DE LABORATORIO DE INVESTIGACIÓN 2,CENTRO DE INVESTIGACIONES BIOTECNOLÓGICAS DEL ECUADOR,True,10.11,ASISTENCIA_SECRETARIAL_OFICINA,False,2,0,0,False,False,10.11,0,,False,False,0,0,False,0,False,,,,,
56412,1,1,PROFESIONAL_ANALISTA,ADMINISTRATIVO,ANALISTA DE LABORATORIO DE INVESTIGACIÓN 2,DESCONOCIDA,False,5.42,PROFESIONAL_ANALISTA,True,0,0,0,False,False,,0,,False,False,0,0,False,0,False,,,,,
56413,4,2,TECNICO_DOCENTE_APOYO,DOCENTE,TÉCNICO DE LABORATORIO 1 (TC),FACULTAD DE CIENCIAS DE LA VIDA,True,0.8,PROFESIONAL_ANALISTA,False,1,1,0,True,False,8.2,1,TECNICO_OPERATIVO_MANTENIMIENTO,True,False,0,0,False,0,False,,,,,
56415,3,3,PROFESIONAL_ANALISTA,ADMINISTRATIVO,ANALISTA DE LABORATORIO DE INVESTIGACIÓN 2,CENTRO DE INVESTIGACIONES BIOTECNOLÓGICAS DEL ECUADOR,True,10.78,AUXILIAR_AYUDANTE_OPERATIVO,False,2,0,0,False,False,10.78,0,,False,False,0,0,False,0,False,,,,,
56431,1,1,PROFESIONAL_ANALISTA,ADMINISTRATIVO,ANALISTA CONTABLE 1,GERENCIA FINANCIERA,True,10.69,PROFESIONAL_ANALISTA,True,0,0,0,False,False,,0,,False,False,0,0,False,0,False,,,,,
56529,1,1,TECNICO_DOCENTE_APOYO,DOCENTE,TÉCNICO DE INVESTIGACIÓN 1 (TC),"CENTRO DE INVESTIGACIÓN, DESARROLLO E INNOVACIÓN DE SISTEMAS COMPUTACIONALES",True,7.45,TECNICO_DOCENTE_APOYO,True,0,0,0,False,False,,0,,False,False,0,0,False,0,False,,,,,
56532,1,1,ASISTENCIA_SECRETARIAL_OFICINA,ADMINISTRATIVO,ASISTENTE EJECUTIVA 3,ESCUELA DE POSTGRADO EN ADMINISTRACIÓN DE EMPRESAS,True,1.75,ASISTENCIA_SECRETARIAL_OFICINA,True,0,0,0,False,False,,0,,False,False,0,0,False,0,False,,,,,
56538,1,1,TECNICO_OPERATIVO_MANTENIMIENTO,ADMINISTRATIVO,TÉCNICOS ESPECIALIZADOS - EJECUCIÓN DE PROYECTOS,CENTRO DE INVESTIGACIONES BIOTECNOLÓGICAS DEL ECUADOR,False,0.64,TECNICO_OPERATIVO_MANTENIMIENTO,True,0,0,0,False,False,,0,,False,False,0,0,False,0,False,,,,,
56567,3,1,DOCENTE_NO_TITULAR_OCASIONAL,DOCENTE,PROFESOR NO TITULAR OCASIONAL (MT),FACULTAD DE INGENIERÍA MECÁNICA Y CIENCIAS DE LA PRODUCCIÓN,False,0.39,DOCENTE_NO_TITULAR_OCASIONAL,True,0,0,0,False,False,,0,,False,False,0,0,False,0,False,,,,,
56607,3,3,DOCENTE_TITULAR_CARRERA,DOCENTE,PROFESOR TITULAR AUXILIAR 2 (TC),"FACULTAD DE ARTE, DISEÑO Y COMUNICACIÓN AUDIOVISUAL",True,5.11,ASISTENCIA_SECRETARIAL_OFICINA,False,2,1,0,True,False,5.11,0,,False,True,12,2,True,1,True,JEFATURA_SUPERVISION_OPERATIVA,,,,
56628,2,2,DOCENTE_TITULAR_CARRERA,DOCENTE,PROFESOR TITULAR AGREGADO 1 (TC),FACULTAD DE INGENIERÍA EN CIENCIAS DE LA TIERRA,True,3.28,DOCENTE_NO_TITULAR_OCASIONAL,False,1,0,0,False,False,3.28,0,,False,True,2,2,False,0,True,OTROS_AA,,,,
56639,1,1,DOCENTE_NO_TITULAR_OCASIONAL,DOCENTE,PROFESOR NO TITULAR OCASIONAL (TC),FACULTAD DE CIENCIAS NATURALES Y MATEMÁTICAS,True,9.4,DOCENTE_NO_TITULAR_OCASIONAL,True,0,0,0,False,False,,0,,False,True,5,1,False,0,True,JEFATURA_SUPERVISION_OPERATIVA,PRESTACIÓN SERVICIOS PROFESIONALES,DESCONOCIDA,DOCENTE_CONTRATADO_SERVICIOS_CIVILES,DOCENTE
56743,3,1,DOCENTE_NO_TITULAR_OCASIONAL,DOCENTE,PROFESOR NO TITULAR OCASIONAL (MT),FACULTAD DE CIENCIAS DE LA VIDA,True,1.33,DOCENTE_NO_TITULAR_OCASIONAL,True,0,0,0,False,False,,0,,False,False,0,0,False,0,False,,,,,
56796,2,2,PROFESIONAL_ANALISTA,ADMINISTRATIVO,ANALISTA DE FORMACIÓN ACADÉMICA,CENTRO DE INVESTIGACIONES Y SERVICIOS EDUCATIVOS,True,3.36,ASISTENCIA_SECRETARIAL_OFICINA,False,1,0,0,False,False,3.36,1,PROFESIONAL_ANALISTA,True,False,0,0,False,0,False,,,,,
56798,1,1,DOCENTE_NO_TITULAR_OCASIONAL,DOCENTE,PROFESOR NO TITULAR OCASIONAL (TC),"FACULTAD DE ARTE, DISEÑO Y COMUNICACIÓN AUDIOVISUAL",False,3.81,DOCENTE_NO_TITULAR_OCASIONAL,True,0,0,0,False,False,,0,,False,True,2,1,False,0,True,JEFATURA_SUPERVISION_OPERATIVA,,,,
56809,1,1,TECNICO_DOCENTE_APOYO,DOCENTE,TÉCNICO EN EL CAMPO DE LAS ARTES 1 (TC),"FACULTAD DE ARTE, DISEÑO Y COMUNICACIÓN AUDIOVISUAL",False,2.61,TECNICO_DOCENTE_APOYO,True,0,0,0,False,False,,0,,False,False,0,0,False,0,False,,,,,
56825,3,2,PROFESIONAL_ESPECIALIZADO_TECNICO,ADMINISTRATIVO,DISEÑADOR GRÁFICO 2,GERENCIA DE COMUNICACIÓN,True,5.45,PROFESIONAL_ESPECIALIZADO_TECNICO,False,2,0,0,False,False,5.45,0,,False,False,0,0,False,0,False,,,,,
56893,2,2,ASISTENCIA_SECRETARIAL_OFICINA,ADMINISTRATIVO,ASISTENTE EJECUTIVA 1,GERENCIA DE TECNOLOGÍAS Y SISTEMAS DE INFORMACIÓN,True,10.69,AUXILIAR_AYUDANTE_OPERATIVO,False,1,0,0,False,False,10.69,0,,False,False,0,0,False,0,False,,,,,
56935,1,1,TECNICO_DOCENTE_APOYO,DOCENTE,TÉCNICO DE INVESTIGACIÓN 1 (TC),FACULTAD DE INGENIERÍA EN CIENCIAS DE LA TIERRA,False,0.21,TECNICO_DOCENTE_APOYO,True,0,0,0,False,False,,0,,False,False,0,0,False,0,False,,,,,
56959,1,1,ASISTENCIA_SECRETARIAL_OFICINA,ADMINISTRATIVO,ASISTENTE DE PRESUPUESTO,GERENCIA FINANCIERA,False,7.0,ASISTENCIA_SECRETARIAL_OFICINA,True,0,0,0,False,False,,0,,False,False,0,0,False,0,False,,,,,
56978,1,1,PROFESIONAL_ANALISTA,ADMINISTRATIVO,ANALISTA DE CALIDAD Y ACREDITACIÓN 2,ESCUELA DE POSTGRADO EN ADMINISTRACIÓN DE EMPRESAS,True,12.69,PROFESIONAL_ANALISTA,True,0,0,0,False,False,,0,,False,False,0,0,False,0,False,,,,,
57012,3,3,JEFATURA_SUPERVISION_OPERATIVA,ADMINISTRATIVO,JEFE DE ACTIVOS FIJOS,GERENCIA FINANCIERA,True,2.86,ASISTENCIA_SECRETARIAL_OFICINA,False,2,0,0,False,False,2.86,0,,False,False,0,0,False,0,False,,,,,
57062,4,1,DOCENTE_NO_TITULAR_OCASIONAL,DOCENTE,PROFESOR NO TITULAR OCASIONAL (TP),FACULTAD DE INGENIERÍA EN CIENCIAS DE LA TIERRA,True,0.34,DOCENTE_NO_TITULAR_OCASIONAL,True,0,0,0,False,False,,0,,False,False,0,0,False,0,False,,,,,
57074,1,1,AUTORIDAD_ADMINISTRATIVA_SUPERIOR,ADMINISTRATIVO,DIRECTOR DE SOSTENIBILIDAD,GERENCIA ADMINISTRATIVA,True,2.86,AUTORIDAD_ADMINISTRATIVA_SUPERIOR,True,0,0,0,False,False,,0,,False,True,1,1,False,0,False,AUTORIDAD_ADMINISTRATIVA_SUPERIOR,,,,
57135,1,1,TECNICO_DOCENTE_APOYO,DOCENTE,TÉCNICO DOCENTE 1 (MT),FACULTAD DE CIENCIAS NATURALES Y MATEMÁTICAS,False,0.76,TECNICO_DOCENTE_APOYO,True,0,0,0,False,False,,0,,False,False,0,0,False,0,False,,,,,
57143,4,1,DOCENTE_NO_TITULAR_OCASIONAL,DOCENTE,PROFESOR NO TITULAR OCASIONAL (TP),FACULTAD DE INGENIERÍA EN CIENCIAS DE LA TIERRA,False,0.38,DOCENTE_NO_TITULAR_OCASIONAL,True,0,0,0,False,False,,0,,False,False,0,0,False,0,False,,,,,
57181,6,1,DOCENTE_NO_TITULAR_OCASIONAL,DOCENTE,PROFESOR NO TITULAR OCASIONAL (TP),FACULTAD DE INGENIERÍA MECÁNICA Y CIENCIAS DE LA PRODUCCIÓN,True,1.29,DOCENTE_NO_TITULAR_OCASIONAL,True,0,0,0,False,False,,0,,False,False,0,0,False,0,False,,,,,
57199,5,3,DOCENTE_NO_TITULAR_OCASIONAL,DOCENTE,PROFESOR NO TITULAR OCASIONAL (TP),FACULTAD DE INGENIERÍA MECÁNICA Y CIENCIAS DE LA PRODUCCIÓN,True,1.31,ASISTENCIA_SECRETARIAL_OFICINA,False,3,1,0,True,False,1.92,1,TECNICO_OPERATIVO_MANTENIMIENTO,True,True,2,1,False,0,True,JEFATURA_SUPERVISION_OPERATIVA,,,,
57204,2,2,DOCENTE_NO_TITULAR_OCASIONAL,DOCENTE,PROFESOR NO TITULAR OCASIONAL (TC),FACULTAD DE INGENIERÍA EN ELECTRICIDAD Y COMPUTACIÓN,True,2.94,TECNICO_DOCENTE_APOYO,False,1,0,0,False,False,2.94,0,,False,True,2,1,False,0,True,JEFATURA_SUPERVISION_OPERATIVA,,,,
57365,1,1,TECNICO_DOCENTE_APOYO,DOCENTE,TÉCNICO DOCENTE 3 (TC),DIRECCIÓN DE ADMISIONES,True,1.35,TECNICO_DOCENTE_APOYO,True,0,0,0,False,False,,0,,False,False,0,0,False,0,False,,,,,
57394,1,1,TECNICO_DOCENTE_APOYO,DOCENTE,TÉCNICO DOCENTE 1 (TC),FACULTAD DE INGENIERÍA MECÁNICA Y CIENCIAS DE LA PRODUCCIÓN,False,0.79,TECNICO_DOCENTE_APOYO,True,0,0,0,False,False,,0,,False,True,1,1,False,0,True,JEFATURA_SUPERVISION_OPERATIVA,,,,
57406,3,3,PROFESIONAL_ANALISTA,ADMINISTRATIVO,ANALISTA DE LABORATORIO DE INVESTIGACIÓN 2,DESCONOCIDA,False,4.94,AUXILIAR_AYUDANTE_OPERATIVO,False,2,0,0,False,False,10.78,0,,False,False,0,0,False,0,False,,,,,
57503,2,1,DOCENTE_NO_TITULAR_OCASIONAL,DOCENTE,PROFESOR NO TITULAR OCASIONAL (TC),FACULTAD DE INGENIERÍA EN ELECTRICIDAD Y COMPUTACIÓN,True,0.52,DOCENTE_NO_TITULAR_OCASIONAL,True,0,0,0,False,False,,0,,False,False,0,0,False,0,False,,,,,
57573,1,1,ASISTENCIA_SECRETARIAL_OFICINA,ADMINISTRATIVO,ASISTENTE EJECUTIVA 3,FACULTAD DE CIENCIAS NATURALES Y MATEMÁTICAS,True,9.69,ASISTENCIA_SECRETARIAL_OFICINA,True,0,0,0,False,False,,0,,False,False,0,0,False,0,False,,,,,
57586,2,2,ASISTENCIA_SECRETARIAL_OFICINA,ADMINISTRATIVO,ASISTENTE DE ACTIVOS FIJOS,CENTRO DE EMPRENDIMIENTO E INNOVACIÓN I3LAB,True,8.2,TECNICO_OPERATIVO_MANTENIMIENTO,False,1,0,0,False,False,8.2,0,,False,False,0,0,False,0,False,,,,,
57640,2,2,ASISTENCIA_SECRETARIAL_OFICINA,ADMINISTRATIVO,ASISTENTE DE ACTIVOS FIJOS,FACULTAD DE INGENIERÍA MARÍTIMA Y CIENCIAS DEL MAR,True,11.69,AUXILIAR_AYUDANTE_OPERATIVO,False,1,0,0,False,False,11.69,0,,False,False,0,0,False,0,False,,,,,
57642,2,1,ASISTENCIA_SECRETARIAL_OFICINA,ADMINISTRATIVO,ASISTENTE DE SOPORTE TÉCNICO,GERENCIA DE TECNOLOGÍAS Y SISTEMAS DE INFORMACIÓN,False,4.22,ASISTENCIA_SECRETARIAL_OFICINA,True,0,0,0,False,False,,0,,False,False,0,0,False,0,False,,,,,
57652,2,2,TECNICO_DOCENTE_APOYO,DOCENTE,TÉCNICO DE INVESTIGACIÓN 3 (TC),CENTRO DE TECNOLOGÍAS DE LA INFORMACIÓN,False,1.55,ASISTENCIA_SECRETARIAL_OFICINA,False,1,1,0,True,False,7.69,0,,False,False,0,0,False,0,False,,,,,
57700,1,1,TECNICO_DOCENTE_APOYO,DOCENTE,TÉCNICO DOCENTE 1 (TC),FACULTAD DE INGENIERÍA EN ELECTRICIDAD Y COMPUTACIÓN,False,0.38,TECNICO_DOCENTE_APOYO,True,0,0,0,False,False,,0,,False,False,0,0,False,0,False,,,,,
57729,1,1,TECNICO_DOCENTE_APOYO,DOCENTE,TÉCNICO DE INVESTIGACIÓN 1 (TC),FACULTAD DE CIENCIAS NATURALES Y MATEMÁTICAS,True,1.93,TECNICO_DOCENTE_APOYO,True,0,0,0,False,False,,0,,False,False,0,0,False,0,False,,,,,
57817,1,1,TECNICO_DOCENTE_APOYO,DOCENTE,TÉCNICO DE INVESTIGACIÓN 1 (TC),FACULTAD DE CIENCIAS SOCIALES Y HUMANÍSTICAS,False,0.41,TECNICO_DOCENTE_APOYO,True,0,0,0,False,False,,0,,False,False,0,0,False,0,False,,,,,
57821,3,2,AUXILIAR_AYUDANTE_OPERATIVO,ADMINISTRATIVO,AYUDANTE DE SERVICIOS ADMINISTRATIVOS,GERENCIA DE COMUNICACIÓN,False,9.08,AUXILIAR_AYUDANTE_OPERATIVO,False,2,0,0,False,False,11.45,0,,False,False,0,0,False,0,False,,,,,
57960,1,1,TECNICO_DOCENTE_APOYO,DOCENTE,TÉCNICO EN EL CAMPO DE LAS ARTES 1 (TC),"FACULTAD DE ARTE, DISEÑO Y COMUNICACIÓN AUDIOVISUAL",True,2.56,TECNICO_DOCENTE_APOYO,True,0,0,0,False,False,,0,,False,False,0,0,False,0,False,,,,,
58108,1,1,PROFESIONAL_ANALISTA,ADMINISTRATIVO,ANALISTA DE INFRAESTRUCTURA INFORMÁTICA 2,ESCUELA DE POSTGRADO EN ADMINISTRACIÓN DE EMPRESAS,True,1.75,PROFESIONAL_ANALISTA,True,0,0,0,False,False,,1,ASISTENCIA_SECRETARIAL_OFICINA,True,False,0,0,False,0,False,,,,,
58137,1,1,ASISTENCIA_SECRETARIAL_OFICINA,ADMINISTRATIVO,ASISTENTE DE COMUNICACIÓN,FACULTAD DE INGENIERÍA EN CIENCIAS DE LA TIERRA,False,3.08,ASISTENCIA_SECRETARIAL_OFICINA,True,0,0,0,False,False,,0,,False,False,0,0,False,0,False,,,,,
58143,1,1,TECNICO_OPERATIVO_MANTENIMIENTO,ADMINISTRATIVO,TÉCNICOS ESPECIALIZADOS - EJECUCIÓN DE ACTIVIDADES,FACULTAD DE INGENIERÍA MARÍTIMA Y CIENCIAS DEL MAR,False,0.03,TECNICO_OPERATIVO_MANTENIMIENTO,True,0,0,0,False,False,,0,,False,False,0,0,False,0,False,,,,,
58154,1,1,PROFESIONAL_ANALISTA,ADMINISTRATIVO,ANALISTA DE LABORATORIO,FACULTAD DE CIENCIAS SOCIALES Y HUMANÍSTICAS,True,10.53,PROFESIONAL_ANALISTA,True,0,0,0,False,False,,2,DOCENTE_NO_TITULAR_OCASIONAL,True,False,0,0,False,0,False,,,,,
58345,2,1,TECNICO_DOCENTE_APOYO,DOCENTE,TÉCNICO DOCENTE 3 (TC),DIRECCIÓN DE ADMISIONES,True,1.52,TECNICO_DOCENTE_APOYO,True,0,0,0,False,False,,0,,False,False,0,0,False,0,False,,,,,
58382,2,1,PROFESIONAL_ANALISTA,ADMINISTRATIVO,ANALISTA DE SERVICIOS GENERALES,FACULTAD DE CIENCIAS DE LA VIDA,True,1.6,PROFESIONAL_ANALISTA,True,0,0,0,False,False,,0,,False,False,0,0,False,0,False,,,,,
58429,2,2,PROFESIONAL_ANALISTA,ADMINISTRATIVO,ANALISTA ESTADÍSTICO ACADÉMICO,FACULTAD DE INGENIERÍA EN ELECTRICIDAD Y COMPUTACIÓN,True,10.78,TECNICO_OPERATIVO_MANTENIMIENTO,False,1,0,0,False,False,10.78,0,,False,False,0,0,False,0,False,,,,,
58491,7,3,PROFESIONAL_ANALISTA,ADMINISTRATIVO,ANALISTA DE TALENTO HUMANO 1,DIRECCIÓN DE SEGURIDAD Y SALUD OCUPACIONAL,False,2.92,AUXILIAR_AYUDANTE_OPERATIVO,False,4,0,0,False,False,8.78,1,ASISTENCIA_SECRETARIAL_OFICINA,True,False,0,0,False,0,False,,,,,
58517,6,2,ASISTENCIA_SECRETARIAL_OFICINA,ADMINISTRATIVO,ASISTENTE ADMINISTRATIVO,GERENCIA ADMINISTRATIVA,True,0.98,AUXILIAR_AYUDANTE_OPERATIVO,False,3,0,0,False,False,14.69,1,PROFESIONAL_ANALISTA,True,False,0,0,False,0,False,,,,,
58543,2,2,SERVICIOS_GENERALES_OFICIOS,ADMINISTRATIVO,ELECTRICISTA/OPERADOR ELECTRICISTA,DIRECCIÓN DE SERVICIOS GENERALES,True,13.69,AUXILIAR_AYUDANTE_OPERATIVO,False,1,0,0,False,False,13.69,1,AUXILIAR_AYUDANTE_OPERATIVO,True,False,0,0,False,0,False,,,,,
58595,4,4,DOCENTE_NO_TITULAR_OCASIONAL,DOCENTE,PROFESOR NO TITULAR OCASIONAL (TC),FACULTAD DE CIENCIAS NATURALES Y MATEMÁTICAS,False,1.25,TECNICO_OPERATIVO_MANTENIMIENTO,False,3,1,0,True,False,0.95,0,,False,False,0,0,False,0,False,,,,,
58609,1,1,DOCENTE_NO_TITULAR_OCASIONAL,DOCENTE,PROFESOR NO TITULAR OCASIONAL (TC),FACULTAD DE INGENIERÍA EN ELECTRICIDAD Y COMPUTACIÓN,True,4.94,DOCENTE_NO_TITULAR_OCASIONAL,True,0,0,0,False,False,,0,,False,False,0,0,False,0,False,,,,,
58621,1,1,PROFESIONAL_ANALISTA,ADMINISTRATIVO,ANALISTA DE COMPRAS PÚBLICAS 2,DIRECCIÓN DE ADQUISICIONES,True,12.96,PROFESIONAL_ANALISTA,True,0,0,0,False,False,,1,AUTORIDAD_ADMINISTRATIVA_SUPERIOR,True,True,4,1,True,4,True,OTROS_AA,,,,
58627,1,1,TECNICO_DOCENTE_APOYO,DOCENTE,TECNICO DOCENTE 3,FACULTAD DE CIENCIAS NATURALES Y MATEMÁTICAS,False,2.82,TECNICO_DOCENTE_APOYO,True,0,0,0,False,False,,0,,False,False,0,0,False,0,False,,,,,
58629,3,1,DOCENTE_NO_TITULAR_OCASIONAL,DOCENTE,PROFESOR NO TITULAR OCASIONAL (TP),FACULTAD DE INGENIERÍA MECÁNICA Y CIENCIAS DE LA PRODUCCIÓN,False,1.21,DOCENTE_NO_TITULAR_OCASIONAL,True,0,0,0,False,False,,0,,False,False,0,0,False,0,False,,,,,
58645,1,1,DOCENTE_NO_TITULAR_OCASIONAL,DOCENTE,PROFESOR NO TITULAR OCASIONAL (TC),FACULTAD DE INGENIERÍA MECÁNICA Y CIENCIAS DE LA PRODUCCIÓN,True,9.11,DOCENTE_NO_TITULAR_OCASIONAL,True,0,0,0,False,False,,0,,False,True,5,2,False,0,True,JEFATURA_SUPERVISION_OPERATIVA,,,,
58710,1,1,DOCENTE_NO_TITULAR_OCASIONAL,DOCENTE,PROFESOR NO TITULAR OCASIONAL (TC),FACULTAD DE INGENIERÍA EN CIENCIAS DE LA TIERRA,False,5.29,DOCENTE_NO_TITULAR_OCASIONAL,True,0,0,0,False,False,,0,,False,True,7,1,False,0,True,JEFATURA_SUPERVISION_OPERATIVA,,,,
58711,2,2,TECNICO_DOCENTE_APOYO,DOCENTE,TÉCNICO DOCENTE 4 (TC),FACULTAD DE CIENCIAS NATURALES Y MATEMÁTICAS,False,8.33,DOCENTE_NO_TITULAR_OCASIONAL,False,1,0,0,False,False,8.69,0,,False,False,0,0,False,0,False,,,,,
58749,4,2,DOCENTE_NO_TITULAR_OCASIONAL,DOCENTE,PROFESOR NO TITULAR OCASIONAL (MT),FACULTAD DE INGENIERÍA EN ELECTRICIDAD Y COMPUTACIÓN,True,0.52,DOCENTE_NO_TITULAR_OCASIONAL,False,2,0,0,False,False,3.94,0,,False,True,2,1,False,0,True,JEFATURA_SUPERVISION_OPERATIVA,,,,
58795,6,1,DOCENTE_NO_TITULAR_OCASIONAL,DOCENTE,PROFESOR NO TITULAR OCASIONAL (TP),FACULTAD DE INGENIERÍA EN CIENCIAS DE LA TIERRA,False,0.76,DOCENTE_NO_TITULAR_OCASIONAL,True,0,0,0,False,False,,0,,False,False,0,0,False,0,False,,,,,
58819,3,2,DOCENTE_NO_TITULAR_OCASIONAL,DOCENTE,PROFESOR NO TITULAR OCASIONAL (TC),FACULTAD DE INGENIERÍA EN ELECTRICIDAD Y COMPUTACIÓN,False,6.35,TECNICO_OPERATIVO_MANTENIMIENTO,False,1,1,0,True,False,10.34,0,,False,True,3,1,False,0,True,JEFATURA_SUPERVISION_OPERATIVA,,,,
58823,1,1,PROFESIONAL_ANALISTA,ADMINISTRATIVO,ANALISTA EN SEGURIDAD Y SALUD OCUPACIONAL,DIRECCIÓN DE SEGURIDAD Y SALUD OCUPACIONAL,False,5.17,PROFESIONAL_ANALISTA,True,0,0,0,False,False,,0,,False,False,0,0,False,0,False,,,,,
58841,1,1,ASISTENCIA_SECRETARIAL_OFICINA,ADMINISTRATIVO,ASISTENTE EJECUTIVA 2,FACULTAD DE CIENCIAS DE LA VIDA,False,1.35,ASISTENCIA_SECRETARIAL_OFICINA,True,0,0,0,False,False,,0,,False,False,0,0,False,0,False,,,,,
58867,1,1,TECNICO_DOCENTE_APOYO,DOCENTE,TÉCNICO DOCENTE 3 (TC),DIRECCIÓN DE ADMISIONES,False,0.28,TECNICO_DOCENTE_APOYO,True,0,0,0,False,False,,0,,False,False,0,0,False,0,False,,,,,
58915,1,1,DOCENTE_NO_TITULAR_OCASIONAL,DOCENTE,PROFESOR NO TITULAR OCASIONAL (TC),FACULTAD DE CIENCIAS SOCIALES Y HUMANÍSTICAS,False,3.81,DOCENTE_NO_TITULAR_OCASIONAL,True,0,0,0,False,False,,0,,False,False,0,0,False,0,False,,,,,
58939,1,1,TECNICO_DOCENTE_APOYO,DOCENTE,TÉCNICO DOCENTE 3 (TC),DIRECCIÓN DE ADMISIONES,False,0.28,TECNICO_DOCENTE_APOYO,True,0,0,0,False,False,,0,,False,False,0,0,False,0,False,,,,,
58968,24,1,DOCENTE_TITULAR_CARRERA,DOCENTE,PROFESOR TITULAR PRINCIPAL 3 (TC),FACULTAD DE CIENCIAS DE LA VIDA,True,0.06,DOCENTE_TITULAR_CARRERA,True,0,0,0,False,False,,0,,False,True,18,3,True,1,True,AUTORIDAD_ADMINISTRATIVA_SUPERIOR,,,,
59059,1,1,DOCENTE_TITULAR_CARRERA,DOCENTE,PROFESOR TITULAR AGREGADO 1 (TC),DECANATO DE POSGRADO,False,11.83,DOCENTE_TITULAR_CARRERA,True,0,0,0,False,False,,0,,False,False,0,0,False,0,False,,,,,
59104,1,1,DOCENTE_NO_TITULAR_OCASIONAL,DOCENTE,PROFESOR NO TITULAR OCASIONAL (TC),FACULTAD DE INGENIERÍA MECÁNICA Y CIENCIAS DE LA PRODUCCIÓN,False,4.4,DOCENTE_NO_TITULAR_OCASIONAL,True,0,0,0,False,False,,0,,False,True,2,1,False,0,True,JEFATURA_SUPERVISION_OPERATIVA,,,,
59151,5,1,DOCENTE_NO_TITULAR_OCASIONAL,DOCENTE,PROFESOR NO TITULAR OCASIONAL (TC),FACULTAD DE INGENIERÍA MARÍTIMA Y CIENCIAS DEL MAR,False,3.38,DOCENTE_NO_TITULAR_OCASIONAL,True,0,0,0,False,False,,0,,False,False,0,0,False,0,False,,,,,
59177,4,1,DOCENTE_NO_TITULAR_OCASIONAL,DOCENTE,PROFESOR NO TITULAR OCASIONAL (TC),FACULTAD DE CIENCIAS SOCIALES Y HUMANÍSTICAS,True,11.95,DOCENTE_NO_TITULAR_OCASIONAL,True,0,0,0,False,False,,0,,False,False,0,0,False,0,False,,,,,
59216,6,1,DOCENTE_NO_TITULAR_OCASIONAL,DOCENTE,PROFESOR NO TITULAR OCASIONAL (TP),FACULTAD DE INGENIERÍA MECÁNICA Y CIENCIAS DE LA PRODUCCIÓN,False,0.38,DOCENTE_NO_TITULAR_OCASIONAL,True,0,0,0,False,False,,0,,False,False,0,0,False,0,False,,,,,
59217,3,3,TECNICO_DOCENTE_APOYO,DOCENTE,TÉCNICO DOCENTE 1 (TC),FACULTAD DE CIENCIAS NATURALES Y MATEMÁTICAS,True,8.69,TECNICO_OPERATIVO_MANTENIMIENTO,False,2,1,0,True,False,8.69,1,ASISTENCIA_SECRETARIAL_OFICINA,True,False,0,0,False,0,False,,,,,
59225,1,1,DOCENTE_NO_TITULAR_OCASIONAL,DOCENTE,PROFESOR NO TITULAR OCASIONAL (TC),FACULTAD DE CIENCIAS NATURALES Y MATEMÁTICAS,True,2.94,DOCENTE_NO_TITULAR_OCASIONAL,True,0,0,0,False,False,,0,,False,False,0,0,False,0,False,,,,,
59234,4,2,DOCENTE_TITULAR_CARRERA,DOCENTE,PROFESOR TITULAR AUXILIAR 1 (TC),FACULTAD DE CIENCIAS DE LA VIDA,True,0.03,DOCENTE_NO_TITULAR_OCASIONAL,False,1,0,0,False,False,0.15,0,,False,False,0,0,False,0,False,,,,,
59237,1,1,DOCENTE_NO_TITULAR_OCASIONAL,DOCENTE,PROFESOR NO TITULAR OCASIONAL (TC),FACULTAD DE CIENCIAS DE LA VIDA,True,1.33,DOCENTE_NO_TITULAR_OCASIONAL,True,0,0,0,False,False,,0,,False,False,0,0,False,0,False,,,,,
59239,3,2,DOCENTE_NO_TITULAR_OCASIONAL,DOCENTE,PROFESOR NO TITULAR OCASIONAL (MT),FACULTAD DE INGENIERÍA EN CIENCIAS DE LA TIERRA,False,0.88,TECNICO_OPERATIVO_MANTENIMIENTO,False,1,1,0,True,False,10.41,0,,False,True,1,1,False,0,True,JEFATURA_SUPERVISION_OPERATIVA,,,,
59277,2,2,PROFESIONAL_ANALISTA,ADMINISTRATIVO,ANALISTA CONTABLE 1,GERENCIA FINANCIERA,True,11.69,AUXILIAR_AYUDANTE_OPERATIVO,False,1,0,0,False,False,11.69,1,JEFATURA_SUPERVISION_OPERATIVA,True,False,0,0,False,0,False,,,,,
59450,1,1,OTROS_AA,ADMINISTRATIVO,PROMOTOR DE ARTE Y CULTURA,GERENCIA DE BIENESTAR POLITÉCNICO,True,0.78,OTROS_AA,True,0,0,0,False,False,,0,,False,False,0,0,False,0,False,,,,,
59468,2,2,TECNICO_DOCENTE_APOYO,DOCENTE,TÉCNICO DE INVESTIGACIÓN 1 (TC),FACULTAD DE INGENIERÍA EN CIENCIAS DE LA TIERRA,False,0.24,TECNICO_OPERATIVO_MANTENIMIENTO,False,1,1,0,True,False,2.94,0,,False,False,0,0,False,0,False,,SERVICIOS PROFESIONALES - EJECUCIÓN DE ACTIVIDADES,GERENCIA DE INFRAESTRUCTURA FÍSICA,CONTRATO_SERVICIOS_PROFESIONALES_PROYECTO,ADMINISTRATIVO
59484,2,2,DOCENTE_NO_TITULAR_OCASIONAL,DOCENTE,PROFESOR NO TITULAR OCASIONAL (TC),FACULTAD DE INGENIERÍA MECÁNICA Y CIENCIAS DE LA PRODUCCIÓN,True,7.78,TECNICO_OPERATIVO_MANTENIMIENTO,False,1,1,0,True,False,7.78,0,,False,True,1,1,False,0,True,JEFATURA_SUPERVISION_OPERATIVA,,,,
59495,1,1,DOCENTE_TITULAR_CARRERA,DOCENTE,PROFESOR TITULAR AUXILIAR 1 (TC),FACULTAD DE CIENCIAS SOCIALES Y HUMANÍSTICAS,True,3.28,DOCENTE_TITULAR_CARRERA,True,0,0,0,False,False,,1,DOCENTE_NO_TITULAR_OCASIONAL,True,False,0,0,False,0,False,,,,,
59524,1,1,PROFESIONAL_ANALISTA,ADMINISTRATIVO,ANALISTA ESTADÍSTICO ACADÉMICO,GERENCIA DE BIENESTAR POLITÉCNICO,True,10.36,PROFESIONAL_ANALISTA,True,0,0,0,False,False,,1,AUTORIDAD_ADMINISTRATIVA_SUPERIOR,True,True,4,1,True,4,True,OTROS_AA,,,,
59525,1,1,DOCENTE_NO_TITULAR_OCASIONAL,DOCENTE,PROFESOR NO TITULAR OCASIONAL (TC),FACULTAD DE CIENCIAS NATURALES Y MATEMÁTICAS,True,3.33,DOCENTE_NO_TITULAR_OCASIONAL,True,0,0,0,False,False,,0,,False,True,1,1,False,0,True,JEFATURA_SUPERVISION_OPERATIVA,,,,
59557,3,2,TECNICO_DOCENTE_APOYO,DOCENTE,TÉCNICO DOCENTE 1 (TC),FACULTAD DE INGENIERÍA EN ELECTRICIDAD Y COMPUTACIÓN,False,1.42,DOCENTE_NO_TITULAR_OCASIONAL,False,1,0,0,False,False,8.69,0,,False,False,0,0,False,0,False,,,,,
59660,1,1,DOCENTE_NO_TITULAR_OCASIONAL,DOCENTE,PROFESOR NO TITULAR OCASIONAL (TC),FACULTAD DE INGENIERÍA MECÁNICA Y CIENCIAS DE LA PRODUCCIÓN,True,8.36,DOCENTE_NO_TITULAR_OCASIONAL,True,0,0,0,False,False,,0,,False,False,0,0,False,0,False,,,,,
59670,1,1,TECNICO_DOCENTE_APOYO,DOCENTE,TÉCNICO DE INVESTIGACIÓN 2 (TC),FACULTAD DE INGENIERÍA EN ELECTRICIDAD Y COMPUTACIÓN,False,8.59,TECNICO_DOCENTE_APOYO,True,0,0,0,False,False,,0,,False,True,1,1,False,0,True,JEFATURA_SUPERVISION_OPERATIVA,,,,
59691,2,2,TECNICO_DOCENTE_APOYO,DOCENTE,TÉCNICO DE LABORATORIO 1 (TC),FACULTAD DE INGENIERÍA EN CIENCIAS DE LA TIERRA,False,0.24,PROFESIONAL_ANALISTA,False,1,1,0,True,False,2.93,1,TECNICO_OPERATIVO_MANTENIMIENTO,True,False,0,0,False,0,False,,SERVICIOS PROFESIONALES - EJECUCIÓN DE ACTIVIDADES,VICERRECTORADO DE DOCENCIA,CONTRATO_SERVICIOS_PROFESIONALES_PROYECTO,ADMINISTRATIVO
59752,2,2,PROFESIONAL_ANALISTA,ADMINISTRATIVO,ANALISTA CONTABLE 1,GERENCIA FINANCIERA,True,11.69,AUXILIAR_AYUDANTE_OPERATIVO,False,1,0,0,False,False,11.69,0,,False,False,0,0,False,0,False,,,,,
59754,1,1,TECNICO_DOCENTE_APOYO,DOCENTE,TÉCNICO DE LABORATORIO 1 (TC),"FACULTAD DE ARTE, DISEÑO Y COMUNICACIÓN AUDIOVISUAL",False,0.24,TECNICO_DOCENTE_APOYO,True,0,0,0,False,False,,0,,False,False,0,0,False,0,False,,,,,
59774,1,1,PROFESIONAL_ANALISTA,ADMINISTRATIVO,ANALISTA ESTADÍSTICO ACADÉMICO,FACULTAD DE CIENCIAS DE LA VIDA,True,8.78,PROFESIONAL_ANALISTA,True,0,0,0,False,False,,1,ASISTENCIA_SECRETARIAL_OFICINA,True,False,0,0,False,0,False,,,,,
59788,1,1,PROFESIONAL_ANALISTA,ADMINISTRATIVO,ANALISTA CONTABLE 1,GERENCIA FINANCIERA,True,0.03,PROFESIONAL_ANALISTA,True,0,0,0,False,False,,1,ASISTENCIA_SECRETARIAL_OFICINA,True,False,0,0,False,0,False,,,,,
59794,1,1,DOCENTE_NO_TITULAR_OCASIONAL,DOCENTE,PROFESOR NO TITULAR OCASIONAL (TC),"FACULTAD DE ARTE, DISEÑO Y COMUNICACIÓN AUDIOVISUAL",False,7.42,DOCENTE_NO_TITULAR_OCASIONAL,True,0,0,0,False,False,,0,,False,False,0,0,False,0,False,,,,,
59818,1,1,TECNICO_DOCENTE_APOYO,DOCENTE,TÉCNICO DE INVESTIGACIÓN 3 (TC),CENTRO NACIONAL DE ACUICULTURA E INVESTIGACIONES MARINAS,False,2.83,TECNICO_DOCENTE_APOYO,True,0,0,0,False,False,,0,,False,False,0,0,False,0,False,,,,,
59822,2,2,TECNICO_DOCENTE_APOYO,DOCENTE,TECNICO DOCENTE 4,FACULTAD DE INGENIERÍA MECÁNICA Y CIENCIAS DE LA PRODUCCIÓN,False,1.74,DOCENTE_NO_TITULAR_OCASIONAL,False,1,0,0,False,False,8.69,0,,False,False,0,0,False,0,False,,,,,
59829,1,1,ASISTENCIA_SECRETARIAL_OFICINA,ADMINISTRATIVO,ASISTENTE DE SOPORTE TÉCNICO,FACULTAD DE INGENIERÍA MECÁNICA Y CIENCIAS DE LA PRODUCCIÓN,False,2.0,ASISTENCIA_SECRETARIAL_OFICINA,True,0,0,0,False,False,,0,,False,False,0,0,False,0,False,,,,,
59852,1,1,PROFESIONAL_ANALISTA,ADMINISTRATIVO,ANALISTA DE COMPRAS PÚBLICAS 3,DIRECCIÓN DE ADQUISICIONES,True,7.11,PROFESIONAL_ANALISTA,True,0,0,0,False,False,,1,AUTORIDAD_ADMINISTRATIVA_SUPERIOR,True,True,1,1,True,1,False,OTROS_AA,,,,
59853,1,1,ASISTENCIA_SECRETARIAL_OFICINA,ADMINISTRATIVO,ASISTENTE DE ACTIVOS FIJOS,FACULTAD DE CIENCIAS SOCIALES Y HUMANÍSTICAS,True,9.03,ASISTENCIA_SECRETARIAL_OFICINA,True,0,0,0,False,False,,0,,False,False,0,0,False,0,False,,,,,
59904,4,4,PROFESIONAL_ANALISTA,ADMINISTRATIVO,ANALISTA ADMINISTRATIVO,OFICINA DE TRANSFERENCIA DE RESULTADOS DE INVESTIGACIÓN - OTRI EN LA ESPOL,True,2.86,ASISTENCIA_SECRETARIAL_OFICINA,False,3,1,1,True,True,2.86,1,ASISTENCIA_SECRETARIAL_OFICINA,True,False,0,0,False,0,False,,,,,
59955,2,2,TECNICO_DOCENTE_APOYO,DOCENTE,TÉCNICO DOCENTE 4 (TC),FACULTAD DE INGENIERÍA EN ELECTRICIDAD Y COMPUTACIÓN,False,7.29,DOCENTE_NO_TITULAR_OCASIONAL,False,1,0,0,False,False,8.69,0,,False,True,1,1,False,0,True,JEFATURA_SUPERVISION_OPERATIVA,,,,
59958,3,3,PROFESIONAL_ANALISTA,ADMINISTRATIVO,ANALISTA FINANCIERO 2,DESCONOCIDA,False,5.0,ASISTENCIA_SECRETARIAL_OFICINA,False,2,0,0,False,False,10.53,3,DOCENTE_NO_TITULAR_OCASIONAL,True,True,1,1,False,0,True,AUTORIDAD_ADMINISTRATIVA_SUPERIOR,,,,
59964,2,2,DOCENTE_NO_TITULAR_OCASIONAL,DOCENTE,PROFESOR NO TITULAR OCASIONAL 2 (TC),DESCONOCIDA,False,0.44,TECNICO_OPERATIVO_MANTENIMIENTO,False,1,1,0,True,False,10.41,0,,False,False,0,0,False,0,False,,,,,
59988,3,1,TECNICO_DOCENTE_APOYO,DOCENTE,TÉCNICO DOCENTE 1 (TC),FACULTAD DE CIENCIAS NATURALES Y MATEMÁTICAS,True,4.32,TECNICO_DOCENTE_APOYO,True,0,0,0,False,False,,0,,False,False,0,0,False,0,False,,,,,
60020,1,1,DOCENTE_NO_TITULAR_OCASIONAL,DOCENTE,PROFESOR NO TITULAR OCASIONAL (TC),FACULTAD DE INGENIERÍA MECÁNICA Y CIENCIAS DE LA PRODUCCIÓN,False,5.81,DOCENTE_NO_TITULAR_OCASIONAL,True,0,0,0,False,False,,0,,False,True,2,2,False,0,True,OTROS_AA,,,,
60112,1,1,TECNICO_DOCENTE_APOYO,DOCENTE,TÉCNICO DOCENTE 1 (TC),FACULTAD DE INGENIERÍA MECÁNICA Y CIENCIAS DE LA PRODUCCIÓN,False,3.75,TECNICO_DOCENTE_APOYO,True,0,0,0,False,False,,0,,False,False,0,0,False,0,False,,,,,
60114,4,3,DOCENTE_TITULAR_CARRERA,DOCENTE,PROFESOR TITULAR AUXILIAR 1 (TC),FACULTAD DE CIENCIAS NATURALES Y MATEMÁTICAS,True,0.15,PROFESIONAL_ANALISTA,False,2,1,0,True,False,0.15,0,,False,True,1,1,False,0,True,JEFATURA_SUPERVISION_OPERATIVA,,,,
60168,1,1,PROFESIONAL_ANALISTA,ADMINISTRATIVO,ANALISTA DE DESARROLLO DE SISTEMAS 1,GERENCIA DE TECNOLOGÍAS Y SISTEMAS DE INFORMACIÓN,True,4.61,PROFESIONAL_ANALISTA,True,0,0,0,False,False,,0,,False,False,0,0,False,0,False,,,,,
60187,1,1,TECNICO_DOCENTE_APOYO,DOCENTE,TÉCNICO DE LABORATORIO 1 (TC),FACULTAD DE INGENIERÍA MECÁNICA Y CIENCIAS DE LA PRODUCCIÓN,False,0.24,TECNICO_DOCENTE_APOYO,True,0,0,0,False,False,,0,,False,False,0,0,False,0,False,,SERVICIOS PROFESIONALES - EJECUCIÓN DE ACTIVIDADES,GERENCIA DE PLANIFICACIÓN ESTRATÉGICA,CONTRATO_SERVICIOS_PROFESIONALES_PROYECTO,ADMINISTRATIVO
60260,1,1,DOCENTE_NO_TITULAR_OCASIONAL,DOCENTE,PROFESOR NO TITULAR OCASIONAL (TC),FACULTAD DE INGENIERÍA EN CIENCIAS DE LA TIERRA,False,7.01,DOCENTE_NO_TITULAR_OCASIONAL,True,0,0,0,False,False,,0,,False,True,3,1,False,0,True,JEFATURA_SUPERVISION_OPERATIVA,,,,
60263,1,1,TECNICO_DOCENTE_APOYO,DOCENTE,TECNICO DOCENTE 3,FACULTAD DE INGENIERÍA MECÁNICA Y CIENCIAS DE LA PRODUCCIÓN,False,0.61,TECNICO_DOCENTE_APOYO,True,0,0,0,False,False,,0,,False,False,0,0,False,0,False,,,,,
60306,1,1,DOCENTE_NO_TITULAR_OCASIONAL,DOCENTE,PROFESOR NO TITULAR OCASIONAL (TP),FACULTAD DE INGENIERÍA MECÁNICA Y CIENCIAS DE LA PRODUCCIÓN,False,0.38,DOCENTE_NO_TITULAR_OCASIONAL,True,0,0,0,False,False,,0,,False,False,0,0,False,0,False,,,,,
60347,4,3,DOCENTE_TITULAR_CARRERA,DOCENTE,PROFESOR TITULAR AGREGADO 1 (TC),FACULTAD DE INGENIERÍA MECÁNICA Y CIENCIAS DE LA PRODUCCIÓN,True,1.75,TECNICO_OPERATIVO_MANTENIMIENTO,False,2,1,0,True,False,1.75,1,TECNICO_OPERATIVO_MANTENIMIENTO,True,True,2,2,False,0,True,AUTORIDAD_ADMINISTRATIVA_SUPERIOR,,,,
60381,3,1,TECNICO_DOCENTE_APOYO,DOCENTE,TÉCNICO DOCENTE 3 (TC),DIRECCIÓN DE ADMISIONES,True,3.29,TECNICO_DOCENTE_APOYO,True,0,0,0,False,False,,0,,False,False,0,0,False,0,False,,,,,
60402,1,1,TECNICO_DOCENTE_APOYO,DOCENTE,TÉCNICO DOCENTE 3 (TC),DIRECCIÓN DE ADMISIONES,False,0.28,TECNICO_DOCENTE_APOYO,True,0,0,0,False,False,,0,,False,False,0,0,False,0,False,,,,,
60408,1,1,TECNICO_DOCENTE_APOYO,DOCENTE,TÉCNICO DOCENTE 3 (TC),DIRECCIÓN DE ADMISIONES,False,0.28,TECNICO_DOCENTE_APOYO,True,0,0,0,False,False,,0,,False,False,0,0,False,0,False,,,,,
60474,2,1,DOCENTE_NO_TITULAR_OCASIONAL,DOCENTE,PROFESOR NO TITULAR OCASIONAL (TC),FACULTAD DE INGENIERÍA MECÁNICA Y CIENCIAS DE LA PRODUCCIÓN,True,2.25,DOCENTE_NO_TITULAR_OCASIONAL,True,0,0,0,False,False,,0,,False,True,3,1,False,0,True,JEFATURA_SUPERVISION_OPERATIVA,SERVICIOS PROFESIONALES - EJECUCIÓN DE ACTIVIDADES,SECRETARÍA TÉCNICA DE ASEGURAMIENTO DE LA CALIDAD,CONTRATO_SERVICIOS_PROFESIONALES_PROYECTO,ADMINISTRATIVO
60511,2,1,TECNICO_DOCENTE_APOYO,DOCENTE,TÉCNICO DOCENTE 1 (TC),FACULTAD DE CIENCIAS NATURALES Y MATEMÁTICAS,True,4.27,TECNICO_DOCENTE_APOYO,True,0,0,0,False,False,,0,,False,False,0,0,False,0,False,,,,,
60559,3,2,DOCENTE_TITULAR_CARRERA,DOCENTE,PROFESOR TITULAR AUXILIAR 2 (TC),FACULTAD DE INGENIERÍA EN ELECTRICIDAD Y COMPUTACIÓN,True,6.44,DOCENTE_NO_TITULAR_OCASIONAL,False,1,0,0,False,False,6.44,1,AUTORIDAD_ACADEMICA_SUPERIOR,True,True,16,2,True,15,True,OTROS_AA,,,,
60619,1,1,TECNICO_DOCENTE_APOYO,DOCENTE,TÉCNICO DE INVESTIGACIÓN 1 (TC),FACULTAD DE CIENCIAS NATURALES Y MATEMÁTICAS,False,0.11,TECNICO_DOCENTE_APOYO,True,0,0,0,False,False,,0,,False,False,0,0,False,0,False,,,,,
60638,1,1,ASISTENCIA_SECRETARIAL_OFICINA,ADMINISTRATIVO,ASISTENTE DE SOPORTE TÉCNICO,FACULTAD DE INGENIERÍA EN ELECTRICIDAD Y COMPUTACIÓN,False,0.34,ASISTENCIA_SECRETARIAL_OFICINA,True,0,0,0,False,False,,0,,False,False,0,0,False,0,False,,,,,
60687,1,1,TECNICO_DOCENTE_APOYO,DOCENTE,TÉCNICO DOCENTE 3 (TC),DIRECCIÓN DE ADMISIONES,False,0.13,TECNICO_DOCENTE_APOYO,True,0,0,0,False,False,,0,,False,False,0,0,False,0,False,,,,,
60737,1,1,PROFESIONAL_ANALISTA,ADMINISTRATIVO,ANALISTA DE DESARROLLO DE SISTEMAS 3,GERENCIA DE TECNOLOGÍAS Y SISTEMAS DE INFORMACIÓN,True,9.86,PROFESIONAL_ANALISTA,True,0,0,0,False,False,,1,AUTORIDAD_ADMINISTRATIVA_SUPERIOR,True,True,23,1,True,23,True,OTROS_AA,,,,
60838,1,1,TECNICO_DOCENTE_APOYO,DOCENTE,TÉCNICO DE INVESTIGACIÓN 2 (TC),FACULTAD DE INGENIERÍA EN ELECTRICIDAD Y COMPUTACIÓN,True,4.69,TECNICO_DOCENTE_APOYO,True,0,0,0,False,False,,0,,False,False,0,0,False,0,False,,,,,
61079,2,2,PROFESIONAL_ANALISTA,ADMINISTRATIVO,ANALISTA DE SOPORTE TÉCNICO,FACULTAD DE INGENIERÍA EN ELECTRICIDAD Y COMPUTACIÓN,True,2.2,ASISTENCIA_SECRETARIAL_OFICINA,False,1,0,0,False,False,2.2,0,,False,False,0,0,False,0,False,,,,,
61199,3,3,DOCENTE_TITULAR_CARRERA,DOCENTE,PROFESOR TITULAR AUXILIAR 1 (TC),"FACULTAD DE ARTE, DISEÑO Y COMUNICACIÓN AUDIOVISUAL",True,3.28,ASISTENCIA_SECRETARIAL_OFICINA,False,2,1,0,True,False,3.28,0,,False,True,1,1,False,0,True,OTROS_AA,,,,
61323,2,2,PROFESIONAL_ANALISTA,ADMINISTRATIVO,ANALISTA DE INFORMACIÓN ESTRATÉGICA,GERENCIA DE PLANIFICACIÓN ESTRATÉGICA,True,10.78,ASISTENCIA_SECRETARIAL_OFICINA,False,1,0,0,False,False,10.78,1,AUTORIDAD_ADMINISTRATIVA_SUPERIOR,True,False,0,0,False,0,False,,,,,
61359,14,2,DOCENTE_NO_TITULAR_OCASIONAL,DOCENTE,PROFESOR NO TITULAR OCASIONAL (TP),FACULTAD DE CIENCIAS SOCIALES Y HUMANÍSTICAS,True,0.36,PROFESIONAL_ANALISTA,False,1,1,0,True,False,0.36,1,PROFESIONAL_ANALISTA,True,False,0,0,False,0,False,,,,,
61592,3,1,ASISTENCIA_SECRETARIAL_OFICINA,ADMINISTRATIVO,ASISTENTE EJECUTIVA 1,FACULTAD DE CIENCIAS SOCIALES Y HUMANÍSTICAS,True,15.45,ASISTENCIA_SECRETARIAL_OFICINA,True,0,0,0,False,False,,0,,False,False,0,0,False,0,False,,,,,
61593,1,1,ASISTENCIA_SECRETARIAL_OFICINA,ADMINISTRATIVO,ASISTENTE EJECUTIVA 1,FACULTAD DE CIENCIAS SOCIALES Y HUMANÍSTICAS,True,17.94,ASISTENCIA_SECRETARIAL_OFICINA,True,0,0,0,False,False,,0,,False,True,2,1,False,0,True,OTROS_AA,,,,
61594,6,3,SERVICIOS_GENERALES_OFICIOS,ADMINISTRATIVO,BIBLIOTECARIO,FACULTAD DE INGENIERÍA MECÁNICA Y CIENCIAS DE LA PRODUCCIÓN,False,14.84,AUXILIAR_AYUDANTE_OPERATIVO,False,2,0,0,False,False,16.69,0,,False,False,0,0,False,0,False,,,,,
61595,3,1,ASISTENCIA_SECRETARIAL_OFICINA,ADMINISTRATIVO,ASISTENTE DE ADMISIONES,DIRECCIÓN DE ADMISIONES,False,9.67,ASISTENCIA_SECRETARIAL_OFICINA,True,0,0,0,False,False,,0,,False,False,0,0,False,0,False,,,,,
61634,3,2,ASISTENCIA_SECRETARIAL_OFICINA,ADMINISTRATIVO,ASISTENTE DE ADMISIONES,DIRECCIÓN DE ADMISIONES,False,8.91,ASISTENCIA_SECRETARIAL_OFICINA,False,2,0,0,False,False,11.69,0,,False,False,0,0,False,0,False,,,,,
61651,1,1,AUXILIAR_AYUDANTE_OPERATIVO,ADMINISTRATIVO,AUXILIAR DE SERVICIOS,DIRECCIÓN DE SERVICIOS GENERALES,True,17.94,AUXILIAR_AYUDANTE_OPERATIVO,True,0,0,0,False,False,,0,,False,False,0,0,False,0,False,,,,,
61653,2,1,AUXILIAR_AYUDANTE_OPERATIVO,ADMINISTRATIVO,AUXILIAR DE SERVICIOS,DIRECCIÓN DE SERVICIOS GENERALES,True,17.94,AUXILIAR_AYUDANTE_OPERATIVO,True,0,0,0,False,False,,0,,False,False,0,0,False,0,False,,,,,
61654,1,1,AUXILIAR_AYUDANTE_OPERATIVO,ADMINISTRATIVO,AUXILIAR DE SERVICIOS,FACULTAD DE INGENIERÍA EN ELECTRICIDAD Y COMPUTACIÓN,True,25.11,AUXILIAR_AYUDANTE_OPERATIVO,True,0,0,0,False,False,,0,,False,False,0,0,False,0,False,,,,,
61664,4,1,DOCENTE_NO_TITULAR_OCASIONAL,DOCENTE,PROFESOR NO TITULAR OCASIONAL (TC),"FACULTAD DE ARTE, DISEÑO Y COMUNICACIÓN AUDIOVISUAL",True,13.33,DOCENTE_NO_TITULAR_OCASIONAL,True,0,0,0,False,False,,0,,False,True,15,1,False,0,True,JEFATURA_SUPERVISION_OPERATIVA,,,,
61688,1,1,AUXILIAR_AYUDANTE_OPERATIVO,ADMINISTRATIVO,AUXILIAR DE SERVICIOS,FACULTAD DE CIENCIAS SOCIALES Y HUMANÍSTICAS,True,17.94,AUXILIAR_AYUDANTE_OPERATIVO,True,0,0,0,False,False,,0,,False,False,0,0,False,0,False,,,,,
61700,3,3,OTROS_AA,ADMINISTRATIVO,PROMOTOR DE ARTE Y CULTURA,GERENCIA DE BIENESTAR POLITÉCNICO,True,11.69,AUTORIDAD_ADMINISTRATIVA_SUPERIOR,False,2,0,0,False,False,11.69,1,DOCENTE_NO_TITULAR_OCASIONAL,True,False,0,0,False,0,False,,,,,
61751,10,1,DOCENTE_NO_TITULAR_OCASIONAL,DOCENTE,PROFESOR NO TITULAR OCASIONAL (TP),FACULTAD DE CIENCIAS DE LA VIDA,False,0.76,DOCENTE_NO_TITULAR_OCASIONAL,True,0,0,0,False,False,,0,,False,False,0,0,False,0,False,,,,,
61775,1,1,DOCENTE_NO_TITULAR_OCASIONAL,DOCENTE,PROFESOR NO TITULAR OCASIONAL (MT),FACULTAD DE INGENIERÍA MECÁNICA Y CIENCIAS DE LA PRODUCCIÓN,False,0.38,DOCENTE_NO_TITULAR_OCASIONAL,True,0,0,0,False,False,,0,,False,False,0,0,False,0,False,,,,,
61948,5,1,DOCENTE_NO_TITULAR_OCASIONAL,DOCENTE,PROFESOR NO TITULAR OCASIONAL (TC),"FACULTAD DE ARTE, DISEÑO Y COMUNICACIÓN AUDIOVISUAL",True,14.32,DOCENTE_NO_TITULAR_OCASIONAL,True,0,0,0,False,False,,0,,False,False,0,0,False,0,False,,,,,
63189,1,1,ASISTENCIA_SECRETARIAL_OFICINA,ADMINISTRATIVO,ASISTENTE DE ACTIVOS FIJOS,GERENCIA FINANCIERA,True,1.75,ASISTENCIA_SECRETARIAL_OFICINA,True,0,0,0,False,False,,0,,False,False,0,0,False,0,False,,,,,
64403,1,1,AUXILIAR_AYUDANTE_OPERATIVO,ADMINISTRATIVO,AUXILIAR DE SERVICIOS,FACULTAD DE CIENCIAS NATURALES Y MATEMÁTICAS,True,1.68,AUXILIAR_AYUDANTE_OPERATIVO,True,0,0,0,False,False,,0,,False,False,0,0,False,0,False,,,,,
64414,8,5,PROFESIONAL_ANALISTA,ADMINISTRATIVO,ANALISTA DE COMPRAS PÚBLICAS 2,DIRECCIÓN DE ADQUISICIONES,True,1.1,OTROS_AA,False,5,0,0,False,False,9.86,1,ASISTENCIA_SECRETARIAL_OFICINA,True,False,0,0,False,0,False,,,,,
64415,1,1,AUXILIAR_AYUDANTE_OPERATIVO,ADMINISTRATIVO,AUXILIAR DE SERVICIOS,CENTRO DE INVESTIGACIONES BIOTECNOLÓGICAS DEL ECUADOR,True,17.69,AUXILIAR_AYUDANTE_OPERATIVO,True,0,0,0,False,False,,0,,False,False,0,0,False,0,False,,,,,
64417,2,2,DOCENTE_NO_TITULAR_OCASIONAL,DOCENTE,PROFESOR NO TITULAR OCASIONAL (TC),FACULTAD DE CIENCIAS DE LA VIDA,False,8.58,ASISTENCIA_SECRETARIAL_OFICINA,False,1,1,0,True,False,11.95,0,,False,False,0,0,False,0,False,,,,,
64418,1,1,AUXILIAR_AYUDANTE_OPERATIVO,ADMINISTRATIVO,AUXILIAR DE SERVICIOS,FACULTAD DE INGENIERÍA MECÁNICA Y CIENCIAS DE LA PRODUCCIÓN,True,17.69,AUXILIAR_AYUDANTE_OPERATIVO,True,0,0,0,False,False,,0,,False,False,0,0,False,0,False,,,,,
64419,1,1,AUXILIAR_AYUDANTE_OPERATIVO,ADMINISTRATIVO,AUXILIAR DE SERVICIOS,FACULTAD DE INGENIERÍA MECÁNICA Y CIENCIAS DE LA PRODUCCIÓN,True,17.69,AUXILIAR_AYUDANTE_OPERATIVO,True,0,0,0,False,False,,0,,False,False,0,0,False,0,False,,,,,
64483,2,2,AUTORIDAD_ADMINISTRATIVA_SUPERIOR,ADMINISTRATIVO,GERENTE DE COMUNICACIÓN SOCIAL Y ASUNTOS PÚBLICOS,GERENCIA DE COMUNICACIÓN SOCIAL Y ASUNTOS PÚBLICOS,False,1.88,PROFESIONAL_ESPECIALIZADO_TECNICO,False,1,0,0,False,False,6.95,0,,False,True,1,1,False,0,False,AUTORIDAD_ADMINISTRATIVA_SUPERIOR,,,,
64647,3,3,DOCENTE_TITULAR_CARRERA,DOCENTE,PROFESOR TITULAR AUXILIAR 2 (TC),FACULTAD DE CIENCIAS NATURALES Y MATEMÁTICAS,True,6.44,PROFESIONAL_ANALISTA,False,2,1,0,True,False,6.44,0,,False,True,5,2,False,0,True,AUTORIDAD_ADMINISTRATIVA_SUPERIOR,,,,
64657,2,2,DOCENTE_TITULAR_CARRERA,DOCENTE,PROFESOR TITULAR AUXILIAR 1 (TC),FACULTAD DE CIENCIAS NATURALES Y MATEMÁTICAS,True,0.15,DOCENTE_NO_TITULAR_OCASIONAL,False,1,0,0,False,False,0.15,0,,False,True,4,1,False,0,True,JEFATURA_SUPERVISION_OPERATIVA,,,,
64903,4,1,DOCENTE_NO_TITULAR_OCASIONAL,DOCENTE,PROFESOR NO TITULAR OCASIONAL (TC),FACULTAD DE CIENCIAS DE LA VIDA,False,3.47,DOCENTE_NO_TITULAR_OCASIONAL,True,0,0,0,False,False,,0,,False,False,0,0,False,0,False,,,,,
65182,17,2,PROFESIONAL_ANALISTA,ADMINISTRATIVO,ANALISTA DE SERVICIOS GENERALES,FACULTAD DE INGENIERÍA EN ELECTRICIDAD Y COMPUTACIÓN,True,0.07,PROFESIONAL_ANALISTA,False,2,0,0,False,False,1.48,0,,False,True,10,2,True,9,True,OTROS_AA,,,,
65191,2,2,TECNICO_DOCENTE_APOYO,DOCENTE,TÉCNICO DOCENTE 4 (TC),FACULTAD DE CIENCIAS NATURALES Y MATEMÁTICAS,False,4.33,DOCENTE_NO_TITULAR_OCASIONAL,False,1,0,0,False,False,8.69,0,,False,False,0,0,False,0,False,,,,,
65192,4,2,TECNICO_DOCENTE_APOYO,DOCENTE,TÉCNICO DOCENTE 4 (TC),FACULTAD DE CIENCIAS NATURALES Y MATEMÁTICAS,False,0.62,DOCENTE_NO_TITULAR_OCASIONAL,False,1,0,0,False,False,8.69,0,,False,False,0,0,False,0,False,,,,,
65357,1,1,DOCENTE_NO_TITULAR_OCASIONAL,DOCENTE,PROFESOR NO TITULAR OCASIONAL (TC),FACULTAD DE INGENIERÍA EN ELECTRICIDAD Y COMPUTACIÓN,False,1.39,DOCENTE_NO_TITULAR_OCASIONAL,True,0,0,0,False,False,,0,,False,False,0,0,False,0,False,,,,,
65359,5,2,DOCENTE_NO_TITULAR_OCASIONAL,DOCENTE,PROFESOR NO TITULAR OCASIONAL (TC),FACULTAD DE INGENIERÍA EN ELECTRICIDAD Y COMPUTACIÓN,True,0.92,DOCENTE_NO_TITULAR_OCASIONAL,False,4,0,0,False,False,0.92,0,,False,True,3,1,False,0,True,JEFATURA_SUPERVISION_OPERATIVA,,,,
65363,1,1,TECNICO_DOCENTE_APOYO,DOCENTE,TÉCNICO DE INVESTIGACIÓN 1 (TC),CENTRO DE TECNOLOGÍAS DE LA INFORMACIÓN,False,5.0,TECNICO_DOCENTE_APOYO,True,0,0,0,False,False,,0,,False,False,0,0,False,0,False,,,,,
65364,1,1,DOCENTE_NO_TITULAR_OCASIONAL,DOCENTE,PROFESOR NO TITULAR OCASIONAL (TC),FACULTAD DE INGENIERÍA EN ELECTRICIDAD Y COMPUTACIÓN,False,5.89,DOCENTE_NO_TITULAR_OCASIONAL,True,0,0,0,False,False,,0,,False,True,2,1,False,0,True,JEFATURA_SUPERVISION_OPERATIVA,,,,
65367,2,2,DOCENTE_TITULAR_CARRERA,DOCENTE,PROFESOR TITULAR AUXILIAR 1 (TC),FACULTAD DE INGENIERÍA MECÁNICA Y CIENCIAS DE LA PRODUCCIÓN,True,0.15,DOCENTE_NO_TITULAR_OCASIONAL,False,1,0,0,False,False,0.15,0,,False,True,2,2,False,0,True,JEFATURA_SUPERVISION_OPERATIVA,,,,
65378,2,1,DOCENTE_NO_TITULAR_OCASIONAL,DOCENTE,PROFESOR NO TITULAR OCASIONAL (TC),FACULTAD DE INGENIERÍA EN ELECTRICIDAD Y COMPUTACIÓN,False,1.74,DOCENTE_NO_TITULAR_OCASIONAL,True,0,0,0,False,False,,0,,False,True,1,1,False,0,True,JEFATURA_SUPERVISION_OPERATIVA,,,,
65380,2,1,DOCENTE_NO_TITULAR_OCASIONAL,DOCENTE,PROFESOR NO TITULAR OCASIONAL (TC),FACULTAD DE INGENIERÍA MECÁNICA Y CIENCIAS DE LA PRODUCCIÓN,True,2.94,DOCENTE_NO_TITULAR_OCASIONAL,True,0,0,0,False,False,,0,,False,True,2,1,False,0,True,JEFATURA_SUPERVISION_OPERATIVA,PRESTACIÓN SERVICIOS PROFESIONALES,DESCONOCIDA,DOCENTE_CONTRATADO_SERVICIOS_CIVILES,DOCENTE
65520,2,2,PROFESIONAL_ANALISTA,ADMINISTRATIVO,ANALISTA DE PLANIFICACIÓN Y PROYECTOS,CENTRO DE TECNOLOGÍAS DE LA INFORMACIÓN,True,2.69,ASISTENCIA_SECRETARIAL_OFICINA,False,1,0,0,False,False,2.69,0,,False,False,0,0,False,0,False,,,,,
65521,1,1,TECNICO_OPERATIVO_MANTENIMIENTO,ADMINISTRATIVO,TÉCNICOS ESPECIALIZADOS - EJECUCIÓN DE PROYECTOS,DESCONOCIDA,False,0.99,TECNICO_OPERATIVO_MANTENIMIENTO,True,0,0,0,False,False,,0,,False,False,0,0,False,0,False,,SERVICIOS PROFESIONALES - EJECUCIÓN DE ACTIVIDADES,RECTORADO,CONTRATO_SERVICIOS_PROFESIONALES_PROYECTO,ADMINISTRATIVO
65530,1,1,ASISTENCIA_SECRETARIAL_OFICINA,ADMINISTRATIVO,ASISTENTE EJECUTIVA 1,"FACULTAD DE ARTE, DISEÑO Y COMUNICACIÓN AUDIOVISUAL",True,0.2,ASISTENCIA_SECRETARIAL_OFICINA,True,0,0,0,False,False,,0,,False,False,0,0,False,0,False,,,,,
65745,2,2,TECNICO_DOCENTE_APOYO,DOCENTE,TÉCNICO DE LABORATORIO 4,FACULTAD DE CIENCIAS DE LA VIDA,False,2.14,DOCENTE_NO_TITULAR_OCASIONAL,False,1,0,0,False,False,8.69,0,,False,False,0,0,False,0,False,,,,,
65828,5,3,DOCENTE_NO_TITULAR_OCASIONAL,DOCENTE,PROFESOR NO TITULAR OCASIONAL (TC),"FACULTAD DE ARTE, DISEÑO Y COMUNICACIÓN AUDIOVISUAL",False,1.37,TECNICO_OPERATIVO_MANTENIMIENTO,False,3,1,0,True,False,4.32,0,,False,False,0,0,False,0,False,,,,,
65904,2,2,PROFESIONAL_ANALISTA,ADMINISTRATIVO,ANALISTA ADMINISTRATIVO,DIRECCIÓN DE SERVICIOS GENERALES,True,3.53,ASISTENCIA_SECRETARIAL_OFICINA,False,1,0,0,False,False,3.53,0,,False,False,0,0,False,0,False,,,,,
66011,1,1,TECNICO_DOCENTE_APOYO,DOCENTE,TÉCNICO DE INVESTIGACIÓN 2 (MT),FACULTAD DE INGENIERÍA EN ELECTRICIDAD Y COMPUTACIÓN,True,2.2,TECNICO_DOCENTE_APOYO,True,0,0,0,False,False,,0,,False,False,0,0,False,0,False,,,,,
66025,2,2,DOCENTE_NO_TITULAR_OCASIONAL,DOCENTE,PROFESOR NO TITULAR OCASIONAL (TC),FACULTAD DE INGENIERÍA EN ELECTRICIDAD Y COMPUTACIÓN,True,2.33,TECNICO_DOCENTE_APOYO,False,1,0,0,False,False,2.33,0,,False,True,1,1,False,0,True,JEFATURA_SUPERVISION_OPERATIVA,,,,
66037,4,1,DOCENTE_NO_TITULAR_OCASIONAL,DOCENTE,PROFESOR NO TITULAR OCASIONAL (TC),FACULTAD DE INGENIERÍA EN ELECTRICIDAD Y COMPUTACIÓN,True,0.56,DOCENTE_NO_TITULAR_OCASIONAL,True,0,0,0,False,False,,0,,False,True,1,1,False,0,True,JEFATURA_SUPERVISION_OPERATIVA,,,,
66041,2,2,TECNICO_DOCENTE_APOYO,DOCENTE,TECNICO DOCENTE,FACULTAD DE CIENCIAS NATURALES Y MATEMÁTICAS,False,0.7,DOCENTE_NO_TITULAR_OCASIONAL,False,1,0,0,False,False,8.69,0,,False,False,0,0,False,0,False,,,,,
66062,1,1,DOCENTE_NO_TITULAR_OCASIONAL,DOCENTE,PROFESOR NO TITULAR OCASIONAL 2 (TC),FACULTAD DE INGENIERÍA EN ELECTRICIDAD Y COMPUTACIÓN,False,1.27,DOCENTE_NO_TITULAR_OCASIONAL,True,0,0,0,False,False,,0,,False,True,1,1,False,0,True,JEFATURA_SUPERVISION_OPERATIVA,,,,
66078,3,2,DOCENTE_NO_TITULAR_OCASIONAL,DOCENTE,PROFESOR NO TITULAR OCASIONAL (TC),FACULTAD DE CIENCIAS NATURALES Y MATEMÁTICAS,True,1.33,TECNICO_DOCENTE_APOYO,False,1,0,0,False,False,1.33,0,,False,False,0,0,False,0,False,,,,,
66149,1,1,DOCENTE_NO_TITULAR_OCASIONAL,DOCENTE,PROFESOR NO TITULAR OCASIONAL (TC),FACULTAD DE CIENCIAS SOCIALES Y HUMANÍSTICAS,True,2.96,DOCENTE_NO_TITULAR_OCASIONAL,True,0,0,0,False,False,,0,,False,True,1,1,False,0,True,JEFATURA_SUPERVISION_OPERATIVA,,,,
66174,3,1,DOCENTE_NO_TITULAR_OCASIONAL,DOCENTE,PROFESOR NO TITULAR OCASIONAL (TC),FACULTAD DE CIENCIAS NATURALES Y MATEMÁTICAS,True,2.33,DOCENTE_NO_TITULAR_OCASIONAL,True,0,0,0,False,False,,0,,False,True,1,1,False,0,True,JEFATURA_SUPERVISION_OPERATIVA,,,,
66177,1,1,DOCENTE_NO_TITULAR_OCASIONAL,DOCENTE,PROFESOR NO TITULAR OCASIONAL (TC),FACULTAD DE INGENIERÍA MECÁNICA Y CIENCIAS DE LA PRODUCCIÓN,True,4.94,DOCENTE_NO_TITULAR_OCASIONAL,True,0,0,0,False,False,,0,,False,True,1,1,False,0,True,JEFATURA_SUPERVISION_OPERATIVA,,,,
66201,1,1,TECNICO_DOCENTE_APOYO,DOCENTE,TÉCNICO DOCENTE 3 (TC),DIRECCIÓN DE ADMISIONES,False,0.27,TECNICO_DOCENTE_APOYO,True,0,0,0,False,False,,0,,False,False,0,0,False,0,False,,,,,
66205,1,1,TECNICO_DOCENTE_APOYO,DOCENTE,TÉCNICO DOCENTE 3 (TC),DIRECCIÓN DE ADMISIONES,False,0.28,TECNICO_DOCENTE_APOYO,True,0,0,0,False,False,,0,,False,False,0,0,False,0,False,,,,,
66209,4,2,DOCENTE_NO_TITULAR_OCASIONAL,DOCENTE,PROFESOR NO TITULAR OCASIONAL (TC),FACULTAD DE CIENCIAS NATURALES Y MATEMÁTICAS,True,4.32,TECNICO_DOCENTE_APOYO,False,1,0,0,False,False,4.32,0,,False,False,0,0,False,0,False,,,,,
66284,2,2,DOCENTE_NO_TITULAR_OCASIONAL,DOCENTE,PROFESOR NO TITULAR OCASIONAL (TC),"FACULTAD DE ARTE, DISEÑO Y COMUNICACIÓN AUDIOVISUAL",False,3.39,OTROS_AA,False,1,1,0,True,False,9.94,1,TECNICO_OPERATIVO_MANTENIMIENTO,True,False,0,0,False,0,False,,,,,
66304,3,2,PROFESIONAL_ANALISTA,ADMINISTRATIVO,ANALISTA DE INFRAESTRUCTURA INFORMÁTICA 2,FACULTAD DE CIENCIAS NATURALES Y MATEMÁTICAS,True,3.69,ASISTENCIA_SECRETARIAL_OFICINA,False,1,0,0,False,False,3.69,0,,False,False,0,0,False,0,False,,,,,
66315,5,4,DOCENTE_NO_TITULAR_OCASIONAL,DOCENTE,PROFESOR NO TITULAR OCASIONAL (TC),FACULTAD DE INGENIERÍA EN ELECTRICIDAD Y COMPUTACIÓN,True,0.16,JEFATURA_SUPERVISION_OPERATIVA,False,4,1,0,True,False,0.16,2,ASISTENCIA_SECRETARIAL_OFICINA,True,False,0,0,False,0,False,,,,,
66546,1,1,ASISTENCIA_SECRETARIAL_OFICINA,ADMINISTRATIVO,ASISTENTE DE ACTIVOS FIJOS,GERENCIA FINANCIERA,True,9.45,ASISTENCIA_SECRETARIAL_OFICINA,True,0,0,0,False,False,,0,,False,False,0,0,False,0,False,,,,,
66602,2,2,PROFESIONAL_ESPECIALIZADO_TECNICO,ADMINISTRATIVO,ABOGADO,DESCONOCIDA,False,5.83,AUTORIDAD_ADMINISTRATIVA_SUPERIOR,False,1,0,0,False,False,11.61,2,ASISTENCIA_SECRETARIAL_OFICINA,True,True,1,1,False,0,True,ASISTENCIA_SECRETARIAL_OFICINA,,,,
66660,1,1,DOCENTE_NO_TITULAR_OCASIONAL,DOCENTE,PROFESOR NO TITULAR OCASIONAL (TC),FACULTAD DE CIENCIAS NATURALES Y MATEMÁTICAS,False,6.78,DOCENTE_NO_TITULAR_OCASIONAL,True,0,0,0,False,False,,0,,False,False,0,0,False,0,False,,,,,
66819,3,1,DOCENTE_NO_TITULAR_OCASIONAL,DOCENTE,PROFESOR NO TITULAR OCASIONAL (TC),FACULTAD DE CIENCIAS SOCIALES Y HUMANÍSTICAS,True,13.33,DOCENTE_NO_TITULAR_OCASIONAL,True,0,0,0,False,False,,1,TECNICO_OPERATIVO_MANTENIMIENTO,True,False,0,0,False,0,False,,,,,
66836,4,1,DOCENTE_TITULAR_CARRERA,DOCENTE,PROFESOR TITULAR AGREGADO 2 (TC),FACULTAD DE INGENIERÍA EN ELECTRICIDAD Y COMPUTACIÓN,False,13.95,DOCENTE_TITULAR_CARRERA,True,0,0,0,False,False,,0,,False,True,1,1,False,0,True,JEFATURA_SUPERVISION_OPERATIVA,,,,
66966,7,1,DOCENTE_NO_TITULAR_OCASIONAL,DOCENTE,PROFESOR NO TITULAR OCASIONAL (TP),"FACULTAD DE ARTE, DISEÑO Y COMUNICACIÓN AUDIOVISUAL",False,2.37,DOCENTE_NO_TITULAR_OCASIONAL,True,0,0,0,False,False,,0,,False,False,0,0,False,0,False,,,,,
66974,8,1,DOCENTE_NO_TITULAR_OCASIONAL,DOCENTE,PROFESOR NO TITULAR OCASIONAL (TP),"FACULTAD DE ARTE, DISEÑO Y COMUNICACIÓN AUDIOVISUAL",True,0.95,DOCENTE_NO_TITULAR_OCASIONAL,True,0,0,0,False,False,,0,,False,False,0,0,False,0,False,,,,,
67008,1,1,DOCENTE_NO_TITULAR_OCASIONAL,DOCENTE,PROFESOR NO TITULAR OCASIONAL (TC),FACULTAD DE INGENIERÍA MECÁNICA Y CIENCIAS DE LA PRODUCCIÓN,False,1.37,DOCENTE_NO_TITULAR_OCASIONAL,True,0,0,0,False,False,,0,,False,False,0,0,False,0,False,,,,,
67133,1,1,DOCENTE_NO_TITULAR_OCASIONAL,DOCENTE,PROFESOR NO TITULAR OCASIONAL (TC),ESCUELA DE POSTGRADO EN ADMINISTRACIÓN DE EMPRESAS,False,0.02,DOCENTE_NO_TITULAR_OCASIONAL,True,0,0,0,False,False,,0,,False,True,4,1,False,0,True,JEFATURA_SUPERVISION_OPERATIVA,,,,
67497,3,2,DOCENTE_NO_TITULAR_OCASIONAL,DOCENTE,PROFESOR NO TITULAR OCASIONAL (TC),FACULTAD DE CIENCIAS DE LA VIDA,False,2.96,ASISTENCIA_SECRETARIAL_OFICINA,False,1,1,0,True,False,9.94,0,,False,True,1,1,False,0,True,JEFATURA_SUPERVISION_OPERATIVA,,,,
67520,3,1,TECNICO_OPERATIVO_MANTENIMIENTO,ADMINISTRATIVO,TÉCNICOS ESPECIALIZADOS - EJECUCIÓN DE ACTIVIDADES,GERENCIA ADMINISTRATIVA,True,0.68,TECNICO_OPERATIVO_MANTENIMIENTO,True,0,0,0,False,False,,0,,False,False,0,0,False,0,False,,,,,
67714,3,2,AUXILIAR_AYUDANTE_OPERATIVO,ADMINISTRATIVO,AUXILIAR DE LABORATORIO DE SUELOS,CENTRO NACIONAL DE ACUICULTURA E INVESTIGACIONES MARINAS,False,6.83,AUXILIAR_AYUDANTE_OPERATIVO,False,2,0,0,False,False,12.69,0,,False,False,0,0,False,0,False,,,,,
67715,1,1,AUXILIAR_AYUDANTE_OPERATIVO,ADMINISTRATIVO,AUXILIAR DE SERVICIOS DE MANTENIMIENTO,CENTRO NACIONAL DE ACUICULTURA E INVESTIGACIONES MARINAS,True,17.11,AUXILIAR_AYUDANTE_OPERATIVO,True,0,0,0,False,False,,0,,False,False,0,0,False,0,False,,,,,
67716,1,1,SERVICIOS_GENERALES_OFICIOS,ADMINISTRATIVO,OPERADOR DE TANQUES Y ESTACIÒN DE BOMBEO,CENTRO NACIONAL DE ACUICULTURA E INVESTIGACIONES MARINAS,True,17.11,SERVICIOS_GENERALES_OFICIOS,True,0,0,0,False,False,,0,,False,False,0,0,False,0,False,,,,,
67717,3,2,AUXILIAR_AYUDANTE_OPERATIVO,ADMINISTRATIVO,AUXILIAR DE LABORATORIO (8HD),CENTRO NACIONAL DE ACUICULTURA E INVESTIGACIONES MARINAS,True,12.69,AUXILIAR_AYUDANTE_OPERATIVO,False,2,0,0,False,False,12.69,0,,False,False,0,0,False,0,False,,,,,
67718,3,2,AUXILIAR_AYUDANTE_OPERATIVO,ADMINISTRATIVO,AUXILIAR DE LABORATORIO (8HD),CENTRO NACIONAL DE ACUICULTURA E INVESTIGACIONES MARINAS,True,12.69,AUXILIAR_AYUDANTE_OPERATIVO,False,2,0,0,False,False,12.69,0,,False,False,0,0,False,0,False,,,,,
67720,3,2,DOCENTE_NO_TITULAR_OCASIONAL,DOCENTE,PROFESOR NO TITULAR OCASIONAL (TC),FACULTAD DE INGENIERÍA MARÍTIMA Y CIENCIAS DEL MAR,True,8.36,PROFESIONAL_ANALISTA,False,1,1,0,True,False,8.36,0,,False,True,12,3,True,2,True,AUTORIDAD_ADMINISTRATIVA_SUPERIOR,,,,
67726,1,1,AUXILIAR_AYUDANTE_OPERATIVO,ADMINISTRATIVO,MAQUINISTA AUXILIAR,CENTRO NACIONAL DE ACUICULTURA E INVESTIGACIONES MARINAS,True,17.11,AUXILIAR_AYUDANTE_OPERATIVO,True,0,0,0,False,False,,0,,False,False,0,0,False,0,False,,,,,
67728,1,1,AUXILIAR_AYUDANTE_OPERATIVO,ADMINISTRATIVO,AUXILIAR DE SERVICIOS DE MANTENIMIENTO,CENTRO NACIONAL DE ACUICULTURA E INVESTIGACIONES MARINAS,False,12.25,AUXILIAR_AYUDANTE_OPERATIVO,True,0,0,0,False,False,,0,,False,False,0,0,False,0,False,,,,,
67730,1,1,SERVICIOS_GENERALES_OFICIOS,ADMINISTRATIVO,OPERARIO DE LABORATORIO DE ACUICULTURA Y BIODIVERSIDAD,CENTRO NACIONAL DE ACUICULTURA E INVESTIGACIONES MARINAS,True,17.11,SERVICIOS_GENERALES_OFICIOS,True,0,0,0,False,False,,0,,False,False,0,0,False,0,False,,,,,
67732,2,2,TECNICO_OPERATIVO_MANTENIMIENTO,ADMINISTRATIVO,TÈCNICO INTEGRAL,CENTRO NACIONAL DE ACUICULTURA E INVESTIGACIONES MARINAS,True,12.69,SERVICIOS_GENERALES_OFICIOS,False,1,0,0,False,False,12.69,0,,False,False,0,0,False,0,False,,,,,
67737,3,3,PROFESIONAL_ANALISTA,ADMINISTRATIVO,ANALISTA DE LABORATORIO DE INVESTIGACIÓN 2,CENTRO NACIONAL DE ACUICULTURA E INVESTIGACIONES MARINAS,True,10.78,ASISTENCIA_SECRETARIAL_OFICINA,False,2,0,0,False,False,10.78,1,TECNICO_OPERATIVO_MANTENIMIENTO,True,False,0,0,False,0,False,,,,,
67739,3,2,AUXILIAR_AYUDANTE_OPERATIVO,ADMINISTRATIVO,AUXILIAR DE LABORATORIO (8HD),CENTRO NACIONAL DE ACUICULTURA E INVESTIGACIONES MARINAS,True,12.69,AUXILIAR_AYUDANTE_OPERATIVO,False,2,0,0,False,False,12.69,0,,False,False,0,0,False,0,False,,,,,
67740,3,3,TECNICO_OPERATIVO_MANTENIMIENTO,ADMINISTRATIVO,TÈCNICO DE MANTENIMIENTO ELÈCTRICO,CENTRO NACIONAL DE ACUICULTURA E INVESTIGACIONES MARINAS,True,12.69,AUXILIAR_AYUDANTE_OPERATIVO,False,2,0,0,False,False,12.69,0,,False,False,0,0,False,0,False,,,,,
67753,2,1,AUXILIAR_AYUDANTE_OPERATIVO,ADMINISTRATIVO,AUXILIAR DE LABORATORIO (8HD),CENTRO NACIONAL DE ACUICULTURA E INVESTIGACIONES MARINAS,True,12.69,AUXILIAR_AYUDANTE_OPERATIVO,True,0,0,0,False,False,,1,SERVICIOS_GENERALES_OFICIOS,True,False,0,0,False,0,False,,,,,
67755,1,1,SERVICIOS_GENERALES_OFICIOS,ADMINISTRATIVO,GUARDIÀN/GUARDIÀN ADMINISTRATIVO,CENTRO NACIONAL DE ACUICULTURA E INVESTIGACIONES MARINAS,True,17.11,SERVICIOS_GENERALES_OFICIOS,True,0,0,0,False,False,,0,,False,False,0,0,False,0,False,,,,,
67809,4,3,TECNICO_OPERATIVO_MANTENIMIENTO,ADMINISTRATIVO,TÈCNICO DE OPERACIÒN Y MANTENIMIENTO DE MAQUINARIA Y/O EQUIPOS/TÈCNICO DE OPERACIONES,CENTRO NACIONAL DE ACUICULTURA E INVESTIGACIONES MARINAS,True,6.69,ASISTENCIA_SECRETARIAL_OFICINA,False,2,0,0,False,False,6.69,0,,False,False,0,0,False,0,False,,,,,
67810,2,1,ASISTENCIA_SECRETARIAL_OFICINA,ADMINISTRATIVO,ASISTENTE EJECUTIVA 2,GERENCIA JURÍDICA,True,15.45,ASISTENCIA_SECRETARIAL_OFICINA,True,0,0,0,False,False,,0,,False,False,0,0,False,0,False,,,,,
67811,3,3,TECNICO_OPERATIVO_MANTENIMIENTO,ADMINISTRATIVO,TÈCNICO DE OPERACIÒN Y MANTENIMIENTO DE MAQUINARIA Y/O EQUIPOS/TÈCNICO DE OPERACIONES,CENTRO NACIONAL DE ACUICULTURA E INVESTIGACIONES MARINAS,True,6.69,ASISTENCIA_SECRETARIAL_OFICINA,False,2,0,0,False,False,6.69,0,,False,False,0,0,False,0,False,,,,,
67838,2,2,AUXILIAR_AYUDANTE_OPERATIVO,ADMINISTRATIVO,AUXILIAR DE SERVICIOS DE MANTENIMIENTO,CENTRO NACIONAL DE ACUICULTURA E INVESTIGACIONES MARINAS,True,11.69,SERVICIOS_GENERALES_OFICIOS,False,1,0,0,False,False,11.69,0,,False,False,0,0,False,0,False,,,,,
67839,1,1,SERVICIOS_GENERALES_OFICIOS,ADMINISTRATIVO,GUARDIÀN/GUARDIÀN ADMINISTRATIVO,CENTRO NACIONAL DE ACUICULTURA E INVESTIGACIONES MARINAS,False,10.58,SERVICIOS_GENERALES_OFICIOS,True,0,0,0,False,False,,0,,False,False,0,0,False,0,False,,,,,
67840,1,1,SERVICIOS_GENERALES_OFICIOS,ADMINISTRATIVO,GUARDIÀN/GUARDIÀN ADMINISTRATIVO,CENTRO NACIONAL DE ACUICULTURA E INVESTIGACIONES MARINAS,True,17.11,SERVICIOS_GENERALES_OFICIOS,True,0,0,0,False,False,,0,,False,False,0,0,False,0,False,,,,,
67842,3,3,TECNICO_OPERATIVO_MANTENIMIENTO,ADMINISTRATIVO,TÈCNICO ELECTRÒNICO,CENTRO NACIONAL DE ACUICULTURA E INVESTIGACIONES MARINAS,True,12.69,ASISTENCIA_SECRETARIAL_OFICINA,False,2,0,0,False,False,12.69,1,PROFESIONAL_ANALISTA,True,False,0,0,False,0,False,,,,,
67843,3,2,AUXILIAR_AYUDANTE_OPERATIVO,ADMINISTRATIVO,AUXILIAR DE LABORATORIO (8HD),CENTRO NACIONAL DE ACUICULTURA E INVESTIGACIONES MARINAS,True,12.69,AUXILIAR_AYUDANTE_OPERATIVO,False,2,0,0,False,False,12.69,0,,False,False,0,0,False,0,False,,,,,
67845,2,2,PROFESIONAL_ANALISTA,ADMINISTRATIVO,ANALISTA DE LABORATORIO DE INVESTIGACIÓN 2,CENTRO NACIONAL DE ACUICULTURA E INVESTIGACIONES MARINAS,True,10.78,OTROS_AA,False,1,0,0,False,False,10.78,1,TECNICO_OPERATIVO_MANTENIMIENTO,True,False,0,0,False,0,False,,,,,
67846,2,2,AUXILIAR_AYUDANTE_OPERATIVO,ADMINISTRATIVO,AUXILIAR DE LABORATORIO (8HD),CENTRO NACIONAL DE ACUICULTURA E INVESTIGACIONES MARINAS,True,12.69,SERVICIOS_GENERALES_OFICIOS,False,1,0,0,False,False,12.69,0,,False,False,0,0,False,0,False,,,,,
67847,1,1,SERVICIOS_GENERALES_OFICIOS,ADMINISTRATIVO,JARDINERO/TRABAJADOR DEL DEPARTAMENTO DE GESTIÒN AMBIENTAL,CENTRO NACIONAL DE ACUICULTURA E INVESTIGACIONES MARINAS,True,19.03,SERVICIOS_GENERALES_OFICIOS,True,0,0,0,False,False,,0,,False,False,0,0,False,0,False,,,,,
67848,3,3,PROFESIONAL_ANALISTA,ADMINISTRATIVO,ANALISTA DE LABORATORIO DE INVESTIGACIÓN 2,CENTRO NACIONAL DE ACUICULTURA E INVESTIGACIONES MARINAS,True,10.78,JEFATURA_SUPERVISION_OPERATIVA,False,2,0,0,False,False,10.78,1,TECNICO_OPERATIVO_MANTENIMIENTO,True,False,0,0,False,0,False,,,,,
67849,1,1,AUXILIAR_AYUDANTE_OPERATIVO,ADMINISTRATIVO,AUXILIAR DE SERVICIOS,DIRECCIÓN DE SERVICIOS GENERALES,True,17.11,AUXILIAR_AYUDANTE_OPERATIVO,True,0,0,0,False,False,,0,,False,False,0,0,False,0,False,,,,,
67850,2,2,AUXILIAR_AYUDANTE_OPERATIVO,ADMINISTRATIVO,AUXILIAR DE SERVICIOS DE MANTENIMIENTO,CENTRO NACIONAL DE ACUICULTURA E INVESTIGACIONES MARINAS,True,11.69,SERVICIOS_GENERALES_OFICIOS,False,1,0,0,False,False,11.69,0,,False,False,0,0,False,0,False,,,,,
67852,3,3,AUXILIAR_AYUDANTE_OPERATIVO,ADMINISTRATIVO,AUXILIAR DE LABORATORIO (8HD),CENTRO NACIONAL DE ACUICULTURA E INVESTIGACIONES MARINAS,True,12.69,ASISTENCIA_SECRETARIAL_OFICINA,False,2,0,0,False,False,12.69,0,,False,False,0,0,False,0,False,,,,,
67854,3,2,AUXILIAR_AYUDANTE_OPERATIVO,ADMINISTRATIVO,AUXILIAR DE LABORATORIO (8HD),CENTRO NACIONAL DE ACUICULTURA E INVESTIGACIONES MARINAS,True,12.69,AUXILIAR_AYUDANTE_OPERATIVO,False,2,0,0,False,False,12.69,0,,False,False,0,0,False,0,False,,,,,
67855,3,2,AUXILIAR_AYUDANTE_OPERATIVO,ADMINISTRATIVO,AUXILIAR DE LABORATORIO (8HD),CENTRO NACIONAL DE ACUICULTURA E INVESTIGACIONES MARINAS,True,12.69,AUXILIAR_AYUDANTE_OPERATIVO,False,2,0,0,False,False,12.69,0,,False,False,0,0,False,0,False,,,,,
67868,1,1,AUXILIAR_AYUDANTE_OPERATIVO,ADMINISTRATIVO,AUXILIAR DE SERVICIOS,CENTRO NACIONAL DE ACUICULTURA E INVESTIGACIONES MARINAS,True,17.11,AUXILIAR_AYUDANTE_OPERATIVO,True,0,0,0,False,False,,0,,False,False,0,0,False,0,False,,,,,
67869,3,2,PROFESIONAL_ANALISTA,ADMINISTRATIVO,ANALISTA DE LABORATORIO DE INVESTIGACIÓN 3,CENTRO NACIONAL DE ACUICULTURA E INVESTIGACIONES MARINAS,True,10.78,TECNICO_OPERATIVO_MANTENIMIENTO,False,1,0,0,False,False,13.69,1,TECNICO_OPERATIVO_MANTENIMIENTO,True,False,0,0,False,0,False,,,,,
67870,2,1,AUXILIAR_AYUDANTE_OPERATIVO,ADMINISTRATIVO,AUXILIAR DE LABORATORIO (8HD),CENTRO NACIONAL DE ACUICULTURA E INVESTIGACIONES MARINAS,True,12.69,AUXILIAR_AYUDANTE_OPERATIVO,True,0,0,0,False,False,,1,SERVICIOS_GENERALES_OFICIOS,True,False,0,0,False,0,False,,,,,
67871,3,2,AUXILIAR_AYUDANTE_OPERATIVO,ADMINISTRATIVO,AUXILIAR DE LABORATORIO (8HD),CENTRO NACIONAL DE ACUICULTURA E INVESTIGACIONES MARINAS,True,12.69,AUXILIAR_AYUDANTE_OPERATIVO,False,2,0,0,False,False,12.69,0,,False,False,0,0,False,0,False,,,,,
67874,4,3,PROFESIONAL_ANALISTA,ADMINISTRATIVO,ANALISTA DE LABORATORIO DE INVESTIGACIÓN 3,CENTRO NACIONAL DE ACUICULTURA E INVESTIGACIONES MARINAS,True,10.78,ASISTENCIA_SECRETARIAL_OFICINA,False,3,0,0,False,False,10.78,0,,False,False,0,0,False,0,False,,,,,
67876,2,2,AUXILIAR_AYUDANTE_OPERATIVO,ADMINISTRATIVO,AUXILIAR DE LABORATORIO (8HD),CENTRO NACIONAL DE ACUICULTURA E INVESTIGACIONES MARINAS,False,9.66,SERVICIOS_GENERALES_OFICIOS,False,1,0,0,False,False,12.69,0,,False,False,0,0,False,0,False,,,,,
67877,1,1,SERVICIOS_GENERALES_OFICIOS,ADMINISTRATIVO,GUARDIÀN/GUARDIÀN ADMINISTRATIVO,CENTRO NACIONAL DE ACUICULTURA E INVESTIGACIONES MARINAS,True,17.11,SERVICIOS_GENERALES_OFICIOS,True,0,0,0,False,False,,0,,False,False,0,0,False,0,False,,,,,
67973,1,1,TECNICO_DOCENTE_APOYO,DOCENTE,TÉCNICO DOCENTE 1 (TC),FACULTAD DE INGENIERÍA EN CIENCIAS DE LA TIERRA,False,1.74,TECNICO_DOCENTE_APOYO,True,0,0,0,False,False,,0,,False,True,1,1,False,0,True,JEFATURA_SUPERVISION_OPERATIVA,,,,
68084,2,1,DOCENTE_NO_TITULAR_OCASIONAL,DOCENTE,PROFESOR NO TITULAR OCASIONAL (TC),FACULTAD DE INGENIERÍA EN CIENCIAS DE LA TIERRA,True,3.78,DOCENTE_NO_TITULAR_OCASIONAL,True,0,0,0,False,False,,0,,False,True,1,1,False,0,True,JEFATURA_SUPERVISION_OPERATIVA,,,,
68186,1,1,TECNICO_DOCENTE_APOYO,DOCENTE,TÉCNICO DE INVESTIGACIÓN 1 (TC),FACULTAD DE INGENIERÍA MECÁNICA Y CIENCIAS DE LA PRODUCCIÓN,False,2.84,TECNICO_DOCENTE_APOYO,True,0,0,0,False,False,,0,,False,False,0,0,False,0,False,,,,,
68191,2,1,DOCENTE_NO_TITULAR_OCASIONAL,DOCENTE,PROFESOR NO TITULAR OCASIONAL (TC),FACULTAD DE INGENIERÍA MECÁNICA Y CIENCIAS DE LA PRODUCCIÓN,True,7.45,DOCENTE_NO_TITULAR_OCASIONAL,True,0,0,0,False,False,,0,,False,True,1,1,False,0,True,JEFATURA_SUPERVISION_OPERATIVA,,,,
68232,3,1,TECNICO_DOCENTE_APOYO,DOCENTE,TÉCNICO DOCENTE 1 (TC),FACULTAD DE INGENIERÍA MECÁNICA Y CIENCIAS DE LA PRODUCCIÓN,False,0.38,TECNICO_DOCENTE_APOYO,True,0,0,0,False,False,,0,,False,True,1,1,False,0,True,JEFATURA_SUPERVISION_OPERATIVA,SERVICIOS PROFESIONALES - EJECUCIÓN DE ACTIVIDADES,GERENCIA DE PLANIFICACIÓN ESTRATÉGICA,CONTRATO_SERVICIOS_PROFESIONALES_PROYECTO,ADMINISTRATIVO
68247,1,1,TECNICO_DOCENTE_APOYO,DOCENTE,TÉCNICO DE INVESTIGACIÓN 1 (TC),FACULTAD DE CIENCIAS NATURALES Y MATEMÁTICAS,False,0.11,TECNICO_DOCENTE_APOYO,True,0,0,0,False,False,,0,,False,False,0,0,False,0,False,,,,,
68354,3,2,PROFESIONAL_ANALISTA,ADMINISTRATIVO,ANALISTA DE LABORATORIO DE INVESTIGACIÓN 3,CENTRO DE INVESTIGACIONES BIOTECNOLÓGICAS DEL ECUADOR,True,11.28,ASISTENCIA_SECRETARIAL_OFICINA,False,1,0,0,False,False,13.69,1,TECNICO_OPERATIVO_MANTENIMIENTO,True,False,0,0,False,0,False,,,,,
68801,2,2,PROFESIONAL_ANALISTA,ADMINISTRATIVO,ANALISTA DE COMPRAS PÚBLICAS 2,DIRECCIÓN DE ADQUISICIONES,True,11.69,AUXILIAR_AYUDANTE_OPERATIVO,False,1,0,0,False,False,11.69,1,AUTORIDAD_ADMINISTRATIVA_SUPERIOR,True,True,1,1,True,1,True,OTROS_AA,,,,
68945,2,1,TECNICO_DOCENTE_APOYO,DOCENTE,TÉCNICO DE INVESTIGACIÓN 1 (TC),FACULTAD DE INGENIERÍA MARÍTIMA Y CIENCIAS DEL MAR,False,0.01,TECNICO_DOCENTE_APOYO,True,0,0,0,False,False,,0,,False,False,0,0,False,0,False,,,,,
69235,4,2,ASISTENCIA_SECRETARIAL_OFICINA,ADMINISTRATIVO,ASISTENTE EJECUTIVA 3,"FACULTAD DE ARTE, DISEÑO Y COMUNICACIÓN AUDIOVISUAL",False,8.91,ASISTENCIA_SECRETARIAL_OFICINA,False,2,0,0,False,False,11.69,0,,False,True,2,1,False,0,True,OTROS_AA,,,,
69247,5,2,ASISTENCIA_SECRETARIAL_OFICINA,ADMINISTRATIVO,ASISTENTE DE TALENTO HUMANO,DIRECCIÓN DE TALENTO HUMANO,False,7.0,ASISTENCIA_SECRETARIAL_OFICINA,False,4,0,0,False,False,11.69,0,,False,False,0,0,False,0,False,,,,,
69756,5,2,ASISTENCIA_SECRETARIAL_OFICINA,ADMINISTRATIVO,ASISTENTE EJECUTIVA 2,SECRETARÍA TÉCNICA DE ASEGURAMIENTO DE LA CALIDAD,False,6.84,ASISTENCIA_SECRETARIAL_OFICINA,False,2,0,0,False,False,14.69,0,,False,False,0,0,False,0,False,,,,,
69846,1,1,TECNICO_DOCENTE_APOYO,DOCENTE,TÉCNICO DOCENTE 3 (TC),DIRECCIÓN DE ADMISIONES,False,0.11,TECNICO_DOCENTE_APOYO,True,0,0,0,False,False,,0,,False,False,0,0,False,0,False,,,,,
70235,2,2,ASISTENCIA_SECRETARIAL_OFICINA,ADMINISTRATIVO,ASISTENTE EJECUTIVA 2,DIRECCIÓN DE LA SECRETARÍA TÉCNICA ACADEMICA,True,4.53,TECNICO_OPERATIVO_MANTENIMIENTO,False,1,0,0,False,False,4.53,1,TECNICO_OPERATIVO_MANTENIMIENTO,True,False,0,0,False,0,False,,,,,
70512,5,3,TECNICO_DOCENTE_APOYO,DOCENTE,TÉCNICO DOCENTE 1 (TC),DECANATO DE GRADO,True,1.69,OTROS_AA,False,2,1,0,True,False,1.69,0,,False,False,0,0,False,0,False,,,,,
71027,1,1,PROFESIONAL_ANALISTA,ADMINISTRATIVO,ANALISTA ADMINISTRATIVO,"FACULTAD DE ARTE, DISEÑO Y COMUNICACIÓN AUDIOVISUAL",True,4.2,PROFESIONAL_ANALISTA,True,0,0,0,False,False,,0,,False,False,0,0,False,0,False,,,,,
71044,2,2,TECNICO_DOCENTE_APOYO,DOCENTE,TÉCNICO DOCENTE 1 (TC),FACULTAD DE CIENCIAS NATURALES Y MATEMÁTICAS,False,8.12,DOCENTE_NO_TITULAR_OCASIONAL,False,1,0,0,False,False,8.69,0,,False,False,0,0,False,0,False,,PROFESOR INVITADO,FACULTAD DE CIENCIAS NATURALES Y MATEMÁTICAS,DOCENTE_HONORARIO_ESPECIAL,DOCENTE
72101,2,2,TECNICO_DOCENTE_APOYO,DOCENTE,TÉCNICO DOCENTE 3 (MT),FACULTAD DE INGENIERÍA EN ELECTRICIDAD Y COMPUTACIÓN,False,3.73,DOCENTE_NO_TITULAR_OCASIONAL,False,1,0,0,False,False,8.69,0,,False,True,2,1,False,0,True,JEFATURA_SUPERVISION_OPERATIVA,,,,
72297,3,2,TECNICO_DOCENTE_APOYO,DOCENTE,TÉCNICO DE INVESTIGACIÓN 2 (TC),FACULTAD DE INGENIERÍA EN ELECTRICIDAD Y COMPUTACIÓN,True,2.2,DOCENTE_NO_TITULAR_OCASIONAL,False,1,0,0,False,False,8.69,0,,False,False,0,0,False,0,False,,,,,
72321,1,1,TECNICO_DOCENTE_APOYO,DOCENTE,TÉCNICO DOCENTE 3 (TC),DIRECCIÓN DE ADMISIONES,False,0.28,TECNICO_DOCENTE_APOYO,True,0,0,0,False,False,,0,,False,False,0,0,False,0,False,,,,,
73369,1,1,ASISTENCIA_SECRETARIAL_OFICINA,ADMINISTRATIVO,ASISTENTE DE LABORATORIO DE INVESTIGACIÓN,FACULTAD DE INGENIERÍA MARÍTIMA Y CIENCIAS DEL MAR,True,10.2,ASISTENCIA_SECRETARIAL_OFICINA,True,0,0,0,False,False,,0,,False,False,0,0,False,0,False,,,,,
73396,1,1,TECNICO_DOCENTE_APOYO,DOCENTE,TÉCNICO DOCENTE 3 (MT),DIRECCIÓN DE ADMISIONES,False,1.59,TECNICO_DOCENTE_APOYO,True,0,0,0,False,False,,0,,False,False,0,0,False,0,False,,,,,
73399,5,2,DOCENTE_NO_TITULAR_OCASIONAL,DOCENTE,PROFESOR NO TITULAR OCASIONAL (MT),FACULTAD DE INGENIERÍA MECÁNICA Y CIENCIAS DE LA PRODUCCIÓN,False,1.59,TECNICO_DOCENTE_APOYO,False,1,0,0,False,False,4.94,0,,False,False,0,0,False,0,False,,,,,
73422,2,2,PROFESIONAL_ANALISTA,ADMINISTRATIVO,ANALISTA DE LABORATORIO,FACULTAD DE CIENCIAS NATURALES Y MATEMÁTICAS,True,10.78,TECNICO_OPERATIVO_MANTENIMIENTO,False,1,0,0,False,False,10.78,0,,False,False,0,0,False,0,False,,,,,
73427,9,1,DOCENTE_NO_TITULAR_OCASIONAL,DOCENTE,PROFESOR NO TITULAR OCASIONAL (TP),FACULTAD DE CIENCIAS SOCIALES Y HUMANÍSTICAS,True,0.36,DOCENTE_NO_TITULAR_OCASIONAL,True,0,0,0,False,False,,0,,False,False,0,0,False,0,False,,,,,
73466,1,1,DOCENTE_NO_TITULAR_OCASIONAL,DOCENTE,PROFESOR NO TITULAR OCASIONAL (TC),DECANATO DE GRADO,True,1.22,DOCENTE_NO_TITULAR_OCASIONAL,True,0,0,0,False,False,,0,,False,False,0,0,False,0,False,,,,,
73485,2,2,TECNICO_DOCENTE_APOYO,DOCENTE,TÉCNICO DOCENTE 3 (TC),DIRECCIÓN DE ADMISIONES,True,1.35,DOCENTE_NO_TITULAR_OCASIONAL,False,1,0,0,False,False,1.35,0,,False,True,1,1,False,0,True,JEFATURA_SUPERVISION_OPERATIVA,,,,
73495,3,2,TECNICO_DOCENTE_APOYO,DOCENTE,TECNICO DOCENTE 1,FACULTAD DE CIENCIAS NATURALES Y MATEMÁTICAS,False,0.39,DOCENTE_NO_TITULAR_OCASIONAL,False,1,0,0,False,False,8.69,0,,False,False,0,0,False,0,False,,,,,
73498,1,1,DOCENTE_NO_TITULAR_OCASIONAL,DOCENTE,PROFESOR NO TITULAR OCASIONAL (TC),FACULTAD DE INGENIERÍA MECÁNICA Y CIENCIAS DE LA PRODUCCIÓN,True,5.32,DOCENTE_NO_TITULAR_OCASIONAL,True,0,0,0,False,False,,0,,False,False,0,0,False,0,False,,,,,
73504,1,1,TECNICO_DOCENTE_APOYO,DOCENTE,TÉCNICO DOCENTE 1 (TC),FACULTAD DE CIENCIAS NATURALES Y MATEMÁTICAS,True,3.33,TECNICO_DOCENTE_APOYO,True,0,0,0,False,False,,0,,False,False,0,0,False,0,False,,,,,
73526,2,2,PROFESIONAL_ANALISTA,ADMINISTRATIVO,ANALISTA DE ASESORÍA JURÍDICA 3,GERENCIA JURÍDICA,True,0.45,PROFESIONAL_ESPECIALIZADO_TECNICO,False,1,0,0,False,False,0.45,1,ASISTENCIA_SECRETARIAL_OFICINA,True,True,5,1,True,5,True,OTROS_AA,,,,
73533,3,1,PROFESIONAL_ANALISTA,ADMINISTRATIVO,ANALISTA DE COMUNICACIÓN 3,GERENCIA DE COMUNICACIÓN,True,0.07,PROFESIONAL_ANALISTA,True,0,0,0,False,False,,0,,False,False,0,0,False,0,False,,,,,
73548,1,1,PROFESIONAL_ANALISTA,ADMINISTRATIVO,ANALISTA DE RELACIONES INTERNACIONALES 3,GERENCIA DE RELACIONES EXTERNAS,False,4.67,PROFESIONAL_ANALISTA,True,0,0,0,False,False,,1,AUTORIDAD_ADMINISTRATIVA_SUPERIOR,True,True,4,1,True,4,True,OTROS_AA,,,,
73563,3,3,PROFESIONAL_ANALISTA,ADMINISTRATIVO,ANALISTA DE INFRAESTRUCTURA INFORMÁTICA 2,GERENCIA DE TECNOLOGÍAS Y SISTEMAS DE INFORMACIÓN,True,10.9,AUXILIAR_AYUDANTE_OPERATIVO,False,2,0,0,False,False,10.9,0,,False,False,0,0,False,0,False,,,,,
73569,3,2,DOCENTE_NO_TITULAR_OCASIONAL,DOCENTE,PROFESOR NO TITULAR OCASIONAL (TC),FACULTAD DE CIENCIAS DE LA VIDA,True,3.69,DOCENTE_NO_TITULAR_OCASIONAL,False,2,0,0,False,False,3.69,0,,False,True,1,1,False,0,True,JEFATURA_SUPERVISION_OPERATIVA,,,,
73609,3,2,TECNICO_DOCENTE_APOYO,DOCENTE,TÉCNICO DOCENTE 1 (TC),FACULTAD DE INGENIERÍA MARÍTIMA Y CIENCIAS DEL MAR,True,0.93,DOCENTE_NO_TITULAR_OCASIONAL,False,1,0,0,False,False,8.69,0,,False,False,0,0,False,0,False,,,,,
73618,3,3,PROFESIONAL_ANALISTA,ADMINISTRATIVO,ANALISTA ESTADÍSTICO ACADÉMICO,ESCUELA DE POSTGRADO EN ADMINISTRACIÓN DE EMPRESAS,True,1.75,AUXILIAR_AYUDANTE_OPERATIVO,False,2,0,0,False,False,1.75,0,,False,False,0,0,False,0,False,,,,,
73639,1,1,PROFESIONAL_ANALISTA,ADMINISTRATIVO,ANALISTA FINANCIERO 1,GERENCIA FINANCIERA,True,6.59,PROFESIONAL_ANALISTA,True,0,0,0,False,False,,0,,False,False,0,0,False,0,False,,,,,
73646,1,1,PROFESIONAL_ANALISTA,ADMINISTRATIVO,ANALISTA DE SEGUROS,DESCONOCIDA,False,2.38,PROFESIONAL_ANALISTA,True,0,0,0,False,False,,1,ASISTENCIA_SECRETARIAL_OFICINA,True,False,0,0,False,0,False,,,,,
73677,1,1,ASISTENCIA_SECRETARIAL_OFICINA,ADMINISTRATIVO,ASISTENTE ADMINISTRATIVO,FACULTAD DE CIENCIAS SOCIALES Y HUMANÍSTICAS,False,5.95,ASISTENCIA_SECRETARIAL_OFICINA,True,0,0,0,False,False,,0,,False,False,0,0,False,0,False,,,,,
73683,1,1,PROFESIONAL_ANALISTA,ADMINISTRATIVO,ANALISTA DE PROYECTOS DE VINCULACIÓN 3,GERENCIA DE PLANIFICACIÓN ESTRATÉGICA,True,2.94,PROFESIONAL_ANALISTA,True,0,0,0,False,False,,1,AUTORIDAD_ADMINISTRATIVA_SUPERIOR,True,True,7,1,True,7,True,OTROS_AA,,,,
73715,2,1,TECNICO_DOCENTE_APOYO,DOCENTE,TÉCNICO DE INVESTIGACIÓN 2 (MT),FACULTAD DE INGENIERÍA MECÁNICA Y CIENCIAS DE LA PRODUCCIÓN,True,0.94,TECNICO_DOCENTE_APOYO,True,0,0,0,False,False,,0,,False,False,0,0,False,0,False,,,,,
73724,3,2,PROFESIONAL_ANALISTA,ADMINISTRATIVO,ANALISTA DE PROYECTOS DE VINCULACIÓN 2,DECANATO DE VINCULACIÓN,True,5.53,TECNICO_OPERATIVO_MANTENIMIENTO,False,1,0,0,False,False,5.53,0,,False,False,0,0,False,0,False,,,,,
73742,2,2,SERVICIOS_GENERALES_OFICIOS,ADMINISTRATIVO,JARDINERO/TRABAJADOR DEL DEPARTAMENTO DE GESTIÒN AMBIENTAL,DIRECCIÓN DE SERVICIOS GENERALES,True,1.69,AUXILIAR_AYUDANTE_OPERATIVO,False,1,0,0,False,False,1.69,1,AUXILIAR_AYUDANTE_OPERATIVO,True,False,0,0,False,0,False,,,,,
73763,1,1,TECNICO_DOCENTE_APOYO,DOCENTE,TÉCNICO DE LABORATORIO 4 (TC),FACULTAD DE CIENCIAS SOCIALES Y HUMANÍSTICAS,False,3.42,TECNICO_DOCENTE_APOYO,True,0,0,0,False,False,,0,,False,False,0,0,False,0,False,,,,,
73767,1,1,JEFATURA_SUPERVISION_OPERATIVA,ADMINISTRATIVO,SUPERVISOR DE DEPORTE,GERENCIA DE BIENESTAR POLITÉCNICO,False,5.67,JEFATURA_SUPERVISION_OPERATIVA,True,0,0,0,False,False,,0,,False,False,0,0,False,0,False,,,,,
73782,1,1,PROFESIONAL_ANALISTA,ADMINISTRATIVO,ANALISTA DE PLANIFICACIÓN Y PROYECTOS,GERENCIA DE PLANIFICACIÓN ESTRATÉGICA,False,4.67,PROFESIONAL_ANALISTA,True,0,0,0,False,False,,1,AUTORIDAD_ADMINISTRATIVA_SUPERIOR,True,True,1,1,True,1,False,OTROS_AA,,,,
73790,2,1,PROFESIONAL_ANALISTA,ADMINISTRATIVO,ANALISTA DE LABORATORIO,FACULTAD DE INGENIERÍA EN CIENCIAS DE LA TIERRA,False,4.83,PROFESIONAL_ANALISTA,True,0,0,0,False,False,,0,,False,False,0,0,False,0,False,,,,,
73799,4,2,DOCENTE_NO_TITULAR_OCASIONAL,DOCENTE,PROFESOR NO TITULAR OCASIONAL (TP),FACULTAD DE CIENCIAS NATURALES Y MATEMÁTICAS,False,0.76,TECNICO_DOCENTE_APOYO,False,1,0,0,False,False,6.28,0,,False,True,1,1,False,0,True,JEFATURA_SUPERVISION_OPERATIVA,,,,
73803,1,1,DOCENTE_NO_TITULAR_OCASIONAL,DOCENTE,PROFESOR NO TITULAR OCASIONAL 2 (TC),FACULTAD DE INGENIERÍA EN CIENCIAS DE LA TIERRA,False,0.35,DOCENTE_NO_TITULAR_OCASIONAL,True,0,0,0,False,False,,0,,False,False,0,0,False,0,False,,,,,
73837,1,1,DOCENTE_NO_TITULAR_OCASIONAL,DOCENTE,PROFESOR NO TITULAR OCASIONAL (TC),FACULTAD DE INGENIERÍA MECÁNICA Y CIENCIAS DE LA PRODUCCIÓN,True,2.94,DOCENTE_NO_TITULAR_OCASIONAL,True,0,0,0,False,False,,0,,False,True,2,1,False,0,True,JEFATURA_SUPERVISION_OPERATIVA,,,,
74185,1,1,PROFESIONAL_ANALISTA,ADMINISTRATIVO,ANALISTA ESTADÍSTICO ACADÉMICO,DECANATO DE GRADO,True,2.86,PROFESIONAL_ANALISTA,True,0,0,0,False,False,,1,DOCENTE_NO_TITULAR_OCASIONAL,True,False,0,0,False,0,False,,,,,
74205,1,1,PROFESIONAL_ANALISTA,ADMINISTRATIVO,ANALISTA DE LABORATORIO,FACULTAD DE CIENCIAS NATURALES Y MATEMÁTICAS,True,9.98,PROFESIONAL_ANALISTA,True,0,0,0,False,False,,0,,False,False,0,0,False,0,False,,,,,
74221,1,1,TECNICO_DOCENTE_APOYO,DOCENTE,TÉCNICO DE INVESTIGACIÓN 1 (TC),FACULTAD DE CIENCIAS NATURALES Y MATEMÁTICAS,False,0.11,TECNICO_DOCENTE_APOYO,True,0,0,0,False,False,,0,,False,False,0,0,False,0,False,,,,,
74257,3,2,DOCENTE_NO_TITULAR_OCASIONAL,DOCENTE,PROFESOR NO TITULAR OCASIONAL (TC),FACULTAD DE INGENIERÍA EN ELECTRICIDAD Y COMPUTACIÓN,False,0.94,DOCENTE_NO_TITULAR_OCASIONAL,False,2,0,0,False,False,5.94,0,,False,False,0,0,False,0,False,,,,,
74261,1,1,DOCENTE_NO_TITULAR_OCASIONAL,DOCENTE,PROFESOR NO TITULAR OCASIONAL (TC),FACULTAD DE INGENIERÍA EN CIENCIAS DE LA TIERRA,True,4.21,DOCENTE_NO_TITULAR_OCASIONAL,True,0,0,0,False,False,,0,,False,True,1,1,False,0,True,JEFATURA_SUPERVISION_OPERATIVA,,,,
74289,1,1,PROFESIONAL_ANALISTA,ADMINISTRATIVO,ANALISTA ESTADÍSTICO ACADÉMICO,FACULTAD DE INGENIERÍA MECÁNICA Y CIENCIAS DE LA PRODUCCIÓN,True,8.75,PROFESIONAL_ANALISTA,True,0,0,0,False,False,,0,,False,False,0,0,False,0,False,,,,,
74317,2,2,SERVICIOS_GENERALES_OFICIOS,ADMINISTRATIVO,OPERADOR DE EQUIPOS DE MONITOREO,DIRECCIÓN DE SERVICIOS GENERALES,False,6.07,AUXILIAR_AYUDANTE_OPERATIVO,False,1,0,0,False,False,10.69,0,,False,False,0,0,False,0,False,,,,,
74334,2,1,TECNICO_DOCENTE_APOYO,DOCENTE,TÉCNICO DE LABORATORIO 1 (TC),DECANATO DE GRADO,False,0.23,TECNICO_DOCENTE_APOYO,True,0,0,0,False,False,,0,,False,False,0,0,False,0,False,,,,,
74410,1,1,ASISTENCIA_SECRETARIAL_OFICINA,ADMINISTRATIVO,ASISTENTE ADMINISTRATIVO,GERENCIA ADMINISTRATIVA,False,5.83,ASISTENCIA_SECRETARIAL_OFICINA,True,0,0,0,False,False,,0,,False,False,0,0,False,0,False,,,,,
74424,1,1,TECNICO_OPERATIVO_MANTENIMIENTO,ADMINISTRATIVO,TÈCNICO DE MANTENIMIENTO,FACULTAD DE CIENCIAS NATURALES Y MATEMÁTICAS,True,8.65,TECNICO_OPERATIVO_MANTENIMIENTO,True,0,0,0,False,False,,0,,False,False,0,0,False,0,False,,,,,
74517,5,1,TECNICO_OPERATIVO_MANTENIMIENTO,ADMINISTRATIVO,TÉCNICOS ESPECIALIZADOS - EJECUCIÓN DE ACTIVIDADES,GERENCIA DE BIENESTAR POLITÉCNICO,False,0.09,TECNICO_OPERATIVO_MANTENIMIENTO,True,0,0,0,False,False,,0,,False,False,0,0,False,0,False,,SERVICIOS PROFESIONALES - EJECUCIÓN DE ACTIVIDADES,GERENCIA DE BIENESTAR POLITÉCNICO,CONTRATO_SERVICIOS_PROFESIONALES_PROYECTO,ADMINISTRATIVO
75199,1,1,PROFESIONAL_ANALISTA,ADMINISTRATIVO,ANALISTA DE TALENTO HUMANO 3,DIRECCIÓN DE TALENTO HUMANO,False,3.16,PROFESIONAL_ANALISTA,True,0,0,0,False,False,,1,AUTORIDAD_ADMINISTRATIVA_SUPERIOR,True,True,3,1,True,3,False,OTROS_AA,,,,
75537,3,3,TECNICO_DOCENTE_APOYO,DOCENTE,TÉCNICO DE LABORATORIO 4,FACULTAD DE CIENCIAS DE LA VIDA,False,2.14,TECNICO_OPERATIVO_MANTENIMIENTO,False,2,1,0,True,False,8.69,0,,False,False,0,0,False,0,False,,,,,
75543,1,1,TECNICO_DOCENTE_APOYO,DOCENTE,TÉCNICO DE LABORATORIO 1,FACULTAD DE INGENIERÍA EN CIENCIAS DE LA TIERRA,False,0.96,TECNICO_DOCENTE_APOYO,True,0,0,0,False,False,,0,,False,False,0,0,False,0,False,,,,,
75611,1,1,ASISTENCIA_SECRETARIAL_OFICINA,ADMINISTRATIVO,ASISTENTE DE SOPORTE TÉCNICO,FACULTAD DE INGENIERÍA EN ELECTRICIDAD Y COMPUTACIÓN,True,2.69,ASISTENCIA_SECRETARIAL_OFICINA,True,0,0,0,False,False,,0,,False,False,0,0,False,0,False,,,,,
75635,2,2,DOCENTE_NO_TITULAR_OCASIONAL,DOCENTE,PROFESOR NO TITULAR OCASIONAL (TC),FACULTAD DE INGENIERÍA EN ELECTRICIDAD Y COMPUTACIÓN,True,0.36,TECNICO_DOCENTE_APOYO,False,1,0,0,False,False,0.36,0,,False,False,0,0,False,0,False,,,,,
75684,1,1,TECNICO_DOCENTE_APOYO,DOCENTE,TÉCNICO DE INVESTIGACIÓN 1 (TC),FACULTAD DE CIENCIAS NATURALES Y MATEMÁTICAS,False,0.35,TECNICO_DOCENTE_APOYO,True,0,0,0,False,False,,0,,False,False,0,0,False,0,False,,,,,
75698,1,1,TECNICO_OPERATIVO_MANTENIMIENTO,ADMINISTRATIVO,TÉCNICOS ESPECIALIZADOS - EJECUCIÓN DE ACTIVIDADES,FACULTAD DE INGENIERÍA MARÍTIMA Y CIENCIAS DEL MAR,False,0.8,TECNICO_OPERATIVO_MANTENIMIENTO,True,0,0,0,False,False,,0,,False,False,0,0,False,0,False,,,,,
75701,4,1,TECNICO_DOCENTE_APOYO,DOCENTE,TÉCNICO DOCENTE 1 (TC),FACULTAD DE INGENIERÍA EN CIENCIAS DE LA TIERRA,True,0.56,TECNICO_DOCENTE_APOYO,True,0,0,0,False,False,,0,,False,False,0,0,False,0,False,,SERVICIOS PROFESIONALES - EJECUCIÓN DE ACTIVIDADES,GERENCIA DE INFRAESTRUCTURA FÍSICA,CONTRATO_SERVICIOS_PROFESIONALES_PROYECTO,ADMINISTRATIVO
75709,3,2,PROFESIONAL_ANALISTA,ADMINISTRATIVO,ANALISTA DE DESARROLLO DE SISTEMAS 1,GERENCIA DE TECNOLOGÍAS Y SISTEMAS DE INFORMACIÓN,True,2.69,TECNICO_OPERATIVO_MANTENIMIENTO,False,1,0,0,False,False,2.69,0,,False,False,0,0,False,0,False,,,,,
75712,2,2,TECNICO_DOCENTE_APOYO,DOCENTE,TÉCNICO DOCENTE 3 (TC),DIRECCIÓN DE ADMISIONES,True,1.11,ASISTENCIA_SECRETARIAL_OFICINA,False,1,1,0,True,False,1.11,0,,False,False,0,0,False,0,False,,,,,
75723,1,1,TECNICO_DOCENTE_APOYO,DOCENTE,TÉCNICO DE INVESTIGACIÓN 1 (TC),FACULTAD DE INGENIERÍA EN CIENCIAS DE LA TIERRA,False,0.24,TECNICO_DOCENTE_APOYO,True,0,0,0,False,False,,0,,False,False,0,0,False,0,False,,,,,
75738,2,2,TECNICO_DOCENTE_APOYO,DOCENTE,TÉCNICO DE INVESTIGACIÓN 2 (TC),CENTRO DE AGUA Y DESARROLLO SUSTENTABLE,True,0.68,TECNICO_OPERATIVO_MANTENIMIENTO,False,1,1,0,True,False,0.68,0,,False,False,0,0,False,0,False,,,,,
75739,2,1,TECNICO_DOCENTE_APOYO,DOCENTE,TÉCNICO DE INVESTIGACIÓN 1 (TC),DECANATO DE INVESTIGACIÓN,False,0.11,TECNICO_DOCENTE_APOYO,True,0,0,0,False,False,,0,,False,False,0,0,False,0,False,,,,,
75747,4,2,TECNICO_DOCENTE_APOYO,DOCENTE,TÉCNICO DOCENTE 3 (TC),DIRECCIÓN DE ADMISIONES,True,1.97,TECNICO_OPERATIVO_MANTENIMIENTO,False,1,1,0,True,False,2.98,0,,False,False,0,0,False,0,False,,,,,
75750,2,1,TECNICO_DOCENTE_APOYO,DOCENTE,TÉCNICO DE INVESTIGACIÓN 1 (TC),CENTRO DE INVESTIGACIÓN Y PROYECTOS APLICADOS A LAS CIENCIAS DE LA TIERRA,False,0.48,TECNICO_DOCENTE_APOYO,True,0,0,0,False,False,,0,,False,False,0,0,False,0,False,,,,,
75751,3,2,DOCENTE_NO_TITULAR_OCASIONAL,DOCENTE,PROFESOR NO TITULAR OCASIONAL (MT),FACULTAD DE INGENIERÍA EN ELECTRICIDAD Y COMPUTACIÓN,True,0.36,TECNICO_DOCENTE_APOYO,False,1,0,0,False,False,1.33,0,,False,False,0,0,False,0,False,,,,,
75755,1,1,TECNICO_DOCENTE_APOYO,DOCENTE,TÉCNICO DOCENTE 1 (TC),FACULTAD DE CIENCIAS DE LA VIDA,False,5.09,TECNICO_DOCENTE_APOYO,True,0,0,0,False,False,,0,,False,False,0,0,False,0,False,,,,,
75790,1,1,ASISTENCIA_SECRETARIAL_OFICINA,ADMINISTRATIVO,ASISTENTE DE SOPORTE TÉCNICO,GERENCIA DE TECNOLOGÍAS Y SISTEMAS DE INFORMACIÓN,False,0.96,ASISTENCIA_SECRETARIAL_OFICINA,True,0,0,0,False,False,,0,,False,False,0,0,False,0,False,,,,,
75804,1,1,TECNICO_DOCENTE_APOYO,DOCENTE,TÉCNICO DE INVESTIGACIÓN 1 (TC),FACULTAD DE CIENCIAS NATURALES Y MATEMÁTICAS,False,0.11,TECNICO_DOCENTE_APOYO,True,0,0,0,False,False,,0,,False,False,0,0,False,0,False,,,,,
75838,2,1,TECNICO_DOCENTE_APOYO,DOCENTE,TÉCNICO DOCENTE 1 (TC),FACULTAD DE INGENIERÍA EN ELECTRICIDAD Y COMPUTACIÓN,True,2.56,TECNICO_DOCENTE_APOYO,True,0,0,0,False,False,,0,,False,False,0,0,False,0,False,,,,,
75859,2,1,TECNICO_DOCENTE_APOYO,DOCENTE,TÉCNICO DE LABORATORIO 1 (TC),FACULTAD DE INGENIERÍA MECÁNICA Y CIENCIAS DE LA PRODUCCIÓN,False,0.58,TECNICO_DOCENTE_APOYO,True,0,0,0,False,False,,0,,False,False,0,0,False,0,False,,,,,
75860,1,1,TECNICO_DOCENTE_APOYO,DOCENTE,TÉCNICO DE LABORATORIO 1 (TC),FACULTAD DE INGENIERÍA MECÁNICA Y CIENCIAS DE LA PRODUCCIÓN,False,2.38,TECNICO_DOCENTE_APOYO,True,0,0,0,False,False,,0,,False,False,0,0,False,0,False,,,,,
75889,1,1,ASISTENCIA_SECRETARIAL_OFICINA,ADMINISTRATIVO,ASISTENTE DE INFRAESTRUCTURA FÍSICA,GERENCIA DE INFRAESTRUCTURA FÍSICA,False,2.91,ASISTENCIA_SECRETARIAL_OFICINA,True,0,0,0,False,False,,0,,False,False,0,0,False,0,False,,,,,
75946,1,1,DOCENTE_NO_TITULAR_OCASIONAL,DOCENTE,PROFESOR NO TITULAR OCASIONAL (TC),FACULTAD DE INGENIERÍA EN CIENCIAS DE LA TIERRA,True,3.33,DOCENTE_NO_TITULAR_OCASIONAL,True,0,0,0,False,False,,0,,False,True,7,1,False,0,True,JEFATURA_SUPERVISION_OPERATIVA,,,,
75961,3,2,DOCENTE_NO_TITULAR_OCASIONAL,DOCENTE,PROFESOR NO TITULAR OCASIONAL (TC),FACULTAD DE INGENIERÍA MARÍTIMA Y CIENCIAS DEL MAR,True,2.33,TECNICO_OPERATIVO_MANTENIMIENTO,False,1,1,0,True,False,2.33,0,,False,True,10,1,False,0,True,JEFATURA_SUPERVISION_OPERATIVA,,,,
75964,1,1,TECNICO_DOCENTE_APOYO,DOCENTE,TÉCNICO DE INVESTIGACIÓN 2 (TC),CENTRO DE INVESTIGACIÓN Y PROYECTOS APLICADOS A LAS CIENCIAS DE LA TIERRA,True,0.68,TECNICO_DOCENTE_APOYO,True,0,0,0,False,False,,0,,False,False,0,0,False,0,False,,,,,
75998,1,1,TECNICO_DOCENTE_APOYO,DOCENTE,TÉCNICO DOCENTE 3 (TC),DIRECCIÓN DE ADMISIONES,False,0.28,TECNICO_DOCENTE_APOYO,True,0,0,0,False,False,,0,,False,False,0,0,False,0,False,,,,,
76024,1,1,TECNICO_DOCENTE_APOYO,DOCENTE,TÉCNICO DE LABORATORIO 1 (TC),FACULTAD DE CIENCIAS NATURALES Y MATEMÁTICAS,False,2.95,TECNICO_DOCENTE_APOYO,True,0,0,0,False,False,,0,,False,False,0,0,False,0,False,,,,,
76043,1,1,TECNICO_DOCENTE_APOYO,DOCENTE,TÉCNICO DE LABORATORIO 1 (TC),FACULTAD DE CIENCIAS DE LA VIDA,False,0.33,TECNICO_DOCENTE_APOYO,True,0,0,0,False,False,,0,,False,False,0,0,False,0,False,,,,,
76063,2,1,TECNICO_DOCENTE_APOYO,DOCENTE,TÉCNICO DOCENTE 1 (TC),FACULTAD DE CIENCIAS NATURALES Y MATEMÁTICAS,True,0.34,TECNICO_DOCENTE_APOYO,True,0,0,0,False,False,,0,,False,False,0,0,False,0,False,,,,,
76065,1,1,TECNICO_DOCENTE_APOYO,DOCENTE,TÉCNICO DOCENTE 3 (TC),DIRECCIÓN DE ADMISIONES,False,0.27,TECNICO_DOCENTE_APOYO,True,0,0,0,False,False,,0,,False,False,0,0,False,0,False,,,,,
76069,1,1,TECNICO_DOCENTE_APOYO,DOCENTE,TÉCNICO DE INVESTIGACIÓN 1 (TC),CENTRO ECUATORIANO DE INVESTIGACIÓN Y DESARROLLO EN NANOTECNOLOGÍA,False,1.41,TECNICO_DOCENTE_APOYO,True,0,0,0,False,False,,0,,False,False,0,0,False,0,False,,,,,
76072,1,1,TECNICO_DOCENTE_APOYO,DOCENTE,TÉCNICO DE INVESTIGACIÓN 1 (TC),FACULTAD DE CIENCIAS NATURALES Y MATEMÁTICAS,True,0.94,TECNICO_DOCENTE_APOYO,True,0,0,0,False,False,,0,,False,False,0,0,False,0,False,,,,,
76092,1,1,TECNICO_DOCENTE_APOYO,DOCENTE,TÉCNICO DE INVESTIGACIÓN 1 (TC),FACULTAD DE CIENCIAS DE LA VIDA,False,2.3,TECNICO_DOCENTE_APOYO,True,0,0,0,False,False,,0,,False,False,0,0,False,0,False,,,,,
76093,2,1,TECNICO_DOCENTE_APOYO,DOCENTE,TÉCNICO DE INVESTIGACIÓN 1 (TC),FACULTAD DE CIENCIAS DE LA VIDA,True,1.91,TECNICO_DOCENTE_APOYO,True,0,0,0,False,False,,0,,False,False,0,0,False,0,False,,,,,
76094,1,1,TECNICO_DOCENTE_APOYO,DOCENTE,TÉCNICO DE LABORATORIO 1 (TC),FACULTAD DE CIENCIAS DE LA VIDA,False,0.24,TECNICO_DOCENTE_APOYO,True,0,0,0,False,False,,0,,False,False,0,0,False,0,False,,,,,
76104,1,1,TECNICO_DOCENTE_APOYO,DOCENTE,TÉCNICO DE INVESTIGACIÓN 1 (TC),"VICERRECTORADO DE INVESTIGACIÓN, DESARROLLO E INNOVACIÓN",False,0.22,TECNICO_DOCENTE_APOYO,True,0,0,0,False,False,,0,,False,False,0,0,False,0,False,,,,,
76115,1,1,TECNICO_DOCENTE_APOYO,DOCENTE,TÉCNICO DOCENTE 3 (TC),DIRECCIÓN DE ADMISIONES,False,0.97,TECNICO_DOCENTE_APOYO,True,0,0,0,False,False,,0,,False,False,0,0,False,0,False,,PROFESOR INVITADO,DECANATO DE GRADO,DOCENTE_HONORARIO_ESPECIAL,DOCENTE
76209,1,1,TECNICO_OPERATIVO_MANTENIMIENTO,ADMINISTRATIVO,TÉCNICOS ESPECIALIZADOS - EJECUCIÓN DE PROYECTOS,DESCONOCIDA,False,0.03,TECNICO_OPERATIVO_MANTENIMIENTO,True,0,0,0,False,False,,0,,False,False,0,0,False,0,False,,PRESTACIÓN SERVICIOS PROFESIONALES,DESCONOCIDA,DOCENTE_CONTRATADO_SERVICIOS_CIVILES,DOCENTE
76217,4,4,PROFESIONAL_ANALISTA,ADMINISTRATIVO,ANALISTA DE TALENTO HUMANO 1,DIRECCIÓN DE TALENTO HUMANO,True,1.19,AUXILIAR_AYUDANTE_OPERATIVO,False,3,0,0,False,False,1.19,0,,False,False,0,0,False,0,False,,,,,
76218,4,1,DOCENTE_NO_TITULAR_OCASIONAL,DOCENTE,PROFESOR NO TITULAR OCASIONAL (TC),"FACULTAD DE ARTE, DISEÑO Y COMUNICACIÓN AUDIOVISUAL",False,3.0,DOCENTE_NO_TITULAR_OCASIONAL,True,0,0,0,False,False,,0,,False,False,0,0,False,0,False,,,,,
76778,2,1,DOCENTE_NO_TITULAR_OCASIONAL,DOCENTE,PROFESOR NO TITULAR OCASIONAL (TC),FACULTAD DE INGENIERÍA EN ELECTRICIDAD Y COMPUTACIÓN,True,7.95,DOCENTE_NO_TITULAR_OCASIONAL,True,0,0,0,False,False,,0,,False,True,2,1,False,0,True,JEFATURA_SUPERVISION_OPERATIVA,,,,
77007,2,1,DOCENTE_NO_TITULAR_OCASIONAL,DOCENTE,PROFESOR NO TITULAR OCASIONAL (TC),FACULTAD DE INGENIERÍA MECÁNICA Y CIENCIAS DE LA PRODUCCIÓN,False,0.95,DOCENTE_NO_TITULAR_OCASIONAL,True,0,0,0,False,False,,0,,False,False,0,0,False,0,False,,,,,
77381,1,1,TECNICO_DOCENTE_APOYO,DOCENTE,TÉCNICO DE INVESTIGACIÓN 1 (TC),"VICERRECTORADO DE INVESTIGACIÓN, DESARROLLO E INNOVACIÓN",True,2.57,TECNICO_DOCENTE_APOYO,True,0,0,0,False,False,,0,,False,False,0,0,False,0,False,,,,,
77389,2,2,PROFESIONAL_ANALISTA,ADMINISTRATIVO,ANALISTA DE LABORATORIO DE INVESTIGACIÓN 2,CENTRO NACIONAL DE ACUICULTURA E INVESTIGACIONES MARINAS,True,10.69,TECNICO_OPERATIVO_MANTENIMIENTO,False,1,0,0,False,False,10.69,0,,False,False,0,0,False,0,False,,,,,
77401,1,1,DOCENTE_NO_TITULAR_OCASIONAL,DOCENTE,PROFESOR NO TITULAR OCASIONAL (TC),FACULTAD DE INGENIERÍA MARÍTIMA Y CIENCIAS DEL MAR,True,9.86,DOCENTE_NO_TITULAR_OCASIONAL,True,0,0,0,False,False,,0,,False,True,8,2,False,0,True,AUTORIDAD_ADMINISTRATIVA_SUPERIOR,,,,
77482,1,1,TECNICO_DOCENTE_APOYO,DOCENTE,TÉCNICO DE INVESTIGACIÓN 1 (TC),FACULTAD DE INGENIERÍA EN ELECTRICIDAD Y COMPUTACIÓN,False,0.24,TECNICO_DOCENTE_APOYO,True,0,0,0,False,False,,0,,False,False,0,0,False,0,False,,,,,
77511,3,3,PROFESIONAL_ESPECIALIZADO_TECNICO,ADMINISTRATIVO,PSICÓLOGO,GERENCIA DE BIENESTAR POLITÉCNICO,False,1.09,AUXILIAR_AYUDANTE_OPERATIVO,False,2,0,0,False,False,2.86,1,ASISTENCIA_SECRETARIAL_OFICINA,True,False,0,0,False,0,False,,,,,
77512,4,3,DOCENTE_NO_TITULAR_OCASIONAL,DOCENTE,PROFESOR NO TITULAR OCASIONAL (TP),DECANATO DE GRADO,False,0.76,TECNICO_OPERATIVO_MANTENIMIENTO,False,3,1,0,True,False,1.33,0,,False,False,0,0,False,0,False,,SERVICIOS PROFESIONALES - EJECUCIÓN DE ACTIVIDADES,GERENCIA DE COMUNICACIÓN,CONTRATO_SERVICIOS_PROFESIONALES_PROYECTO,ADMINISTRATIVO
77520,1,1,AUXILIAR_AYUDANTE_OPERATIVO,ADMINISTRATIVO,AYUDANTE DE SERVICIOS ADMINISTRATIVOS,DIRECCIÓN DE TALENTO HUMANO,True,11.11,AUXILIAR_AYUDANTE_OPERATIVO,True,0,0,0,False,False,,0,,False,False,0,0,False,0,False,,,,,
77528,1,1,DOCENTE_TITULAR_CARRERA,DOCENTE,PROFESOR TITULAR AGREGADO 3 (TC),FACULTAD DE INGENIERÍA MECÁNICA Y CIENCIAS DE LA PRODUCCIÓN,True,11.11,DOCENTE_TITULAR_CARRERA,True,0,0,0,False,False,,0,,False,True,1,1,False,0,True,AUTORIDAD_ADMINISTRATIVA_SUPERIOR,,,,
77558,2,2,PROFESIONAL_ANALISTA,ADMINISTRATIVO,ANALISTA ADMINISTRATIVO,FACULTAD DE INGENIERÍA EN ELECTRICIDAD Y COMPUTACIÓN,True,5.53,AUXILIAR_AYUDANTE_OPERATIVO,False,1,0,0,False,False,5.53,1,ASISTENCIA_SECRETARIAL_OFICINA,True,False,0,0,False,0,False,,,,,
77575,2,2,DOCENTE_TITULAR_CARRERA,DOCENTE,PROFESOR TITULAR AGREGADO 1 (TC),FACULTAD DE CIENCIAS DE LA VIDA,True,6.44,DOCENTE_NO_TITULAR_OCASIONAL,False,1,0,0,False,False,6.44,1,AUTORIDAD_ACADEMICA_SUPERIOR,True,True,26,3,True,12,True,AUTORIDAD_ADMINISTRATIVA_SUPERIOR,,,,
77594,1,1,AUXILIAR_AYUDANTE_OPERATIVO,ADMINISTRATIVO,AUXILIAR DE LABORATORIO (8HD),CENTRO NACIONAL DE ACUICULTURA E INVESTIGACIONES MARINAS,True,10.97,AUXILIAR_AYUDANTE_OPERATIVO,True,0,0,0,False,False,,0,,False,False,0,0,False,0,False,,,,,
77603,1,1,AUXILIAR_AYUDANTE_OPERATIVO,ADMINISTRATIVO,AUXILIAR DE SERVICIOS,GERENCIA DE COMUNICACIÓN,True,10.69,AUXILIAR_AYUDANTE_OPERATIVO,True,0,0,0,False,False,,0,,False,False,0,0,False,0,False,,,,,
77628,1,1,TECNICO_DOCENTE_APOYO,DOCENTE,TÉCNICO DE INVESTIGACIÓN 1 (TC),CENTRO DE AGUA Y DESARROLLO SUSTENTABLE,False,0.24,TECNICO_DOCENTE_APOYO,True,0,0,0,False,False,,0,,False,False,0,0,False,0,False,,,,,
77629,1,1,TECNICO_DOCENTE_APOYO,DOCENTE,TÉCNICO DE INVESTIGACIÓN 1 (TC),"VICERRECTORADO DE INVESTIGACIÓN, DESARROLLO E INNOVACIÓN",True,3.13,TECNICO_DOCENTE_APOYO,True,0,0,0,False,False,,0,,False,False,0,0,False,0,False,,,,,
77663,1,1,TECNICO_DOCENTE_APOYO,DOCENTE,TÉCNICO DE INVESTIGACIÓN 1 (TC),FACULTAD DE INGENIERÍA EN ELECTRICIDAD Y COMPUTACIÓN,False,0.24,TECNICO_DOCENTE_APOYO,True,0,0,0,False,False,,0,,False,False,0,0,False,0,False,,,,,
77679,2,1,TECNICO_DOCENTE_APOYO,DOCENTE,TÉCNICO DOCENTE 1 (TC),FACULTAD DE CIENCIAS NATURALES Y MATEMÁTICAS,True,0.34,TECNICO_DOCENTE_APOYO,True,0,0,0,False,False,,0,,False,False,0,0,False,0,False,,,,,
77712,2,1,TECNICO_DOCENTE_APOYO,DOCENTE,TÉCNICO DOCENTE 3 (TC),DIRECCIÓN DE ADMISIONES,True,0.08,TECNICO_DOCENTE_APOYO,True,0,0,0,False,False,,0,,False,True,1,1,False,0,True,JEFATURA_SUPERVISION_OPERATIVA,,,,
77720,3,2,TECNICO_DOCENTE_APOYO,DOCENTE,TÉCNICO DE LABORATORIO 1 (TC),FACULTAD DE INGENIERÍA EN CIENCIAS DE LA TIERRA,False,0.75,TECNICO_OPERATIVO_MANTENIMIENTO,False,1,1,0,True,False,3.53,0,,False,False,0,0,False,0,False,,,,,
77727,1,1,TECNICO_DOCENTE_APOYO,DOCENTE,TÉCNICO DOCENTE 1 (TC),FACULTAD DE INGENIERÍA MARÍTIMA Y CIENCIAS DEL MAR,False,0.75,TECNICO_DOCENTE_APOYO,True,0,0,0,False,False,,0,,False,False,0,0,False,0,False,,,,,
77734,1,1,TECNICO_DOCENTE_APOYO,DOCENTE,TÉCNICO DE LABORATORIO 1 (TC),FACULTAD DE INGENIERÍA EN CIENCIAS DE LA TIERRA,True,2.83,TECNICO_DOCENTE_APOYO,True,0,0,0,False,False,,0,,False,False,0,0,False,0,False,,,,,
77764,1,1,TECNICO_DOCENTE_APOYO,DOCENTE,TÉCNICO DE INVESTIGACIÓN 1 (TC),FACULTAD DE INGENIERÍA EN CIENCIAS DE LA TIERRA,False,1.1,TECNICO_DOCENTE_APOYO,True,0,0,0,False,False,,0,,False,False,0,0,False,0,False,,,,,
77788,1,1,TECNICO_DOCENTE_APOYO,DOCENTE,TÉCNICO DE LABORATORIO 1 (TC),FACULTAD DE INGENIERÍA MECÁNICA Y CIENCIAS DE LA PRODUCCIÓN,True,4.32,TECNICO_DOCENTE_APOYO,True,0,0,0,False,False,,0,,False,True,1,1,False,0,True,JEFATURA_SUPERVISION_OPERATIVA,,,,
77803,1,1,TECNICO_DOCENTE_APOYO,DOCENTE,TÉCNICO DE LABORATORIO 1 (TC),FACULTAD DE INGENIERÍA EN CIENCIAS DE LA TIERRA,True,1.25,TECNICO_DOCENTE_APOYO,True,0,0,0,False,False,,0,,False,False,0,0,False,0,False,,,,,
77835,1,1,TECNICO_DOCENTE_APOYO,DOCENTE,TÉCNICO DE INVESTIGACIÓN 1 (TC),FACULTAD DE CIENCIAS NATURALES Y MATEMÁTICAS,False,1.0,TECNICO_DOCENTE_APOYO,True,0,0,0,False,False,,0,,False,False,0,0,False,0,False,,,,,
77854,1,1,TECNICO_DOCENTE_APOYO,DOCENTE,TÉCNICO DE LABORATORIO 1 (TC),FACULTAD DE INGENIERÍA MECÁNICA Y CIENCIAS DE LA PRODUCCIÓN,False,0.24,TECNICO_DOCENTE_APOYO,True,0,0,0,False,False,,0,,False,False,0,0,False,0,False,,,,,
77855,1,1,TECNICO_DOCENTE_APOYO,DOCENTE,TÉCNICO DE LABORATORIO 1 (TC),FACULTAD DE INGENIERÍA MECÁNICA Y CIENCIAS DE LA PRODUCCIÓN,False,0.24,TECNICO_DOCENTE_APOYO,True,0,0,0,False,False,,0,,False,False,0,0,False,0,False,,,,,
77881,1,1,AUXILIAR_AYUDANTE_OPERATIVO,ADMINISTRATIVO,AUXILIAR DE INGENIERÌA,DIRECCIÓN DE SERVICIOS GENERALES,True,0.36,AUXILIAR_AYUDANTE_OPERATIVO,True,0,0,0,False,False,,0,,False,False,0,0,False,0,False,,,,,
77927,1,1,TECNICO_DOCENTE_APOYO,DOCENTE,TÉCNICO DE INVESTIGACIÓN 1 (TC),FACULTAD DE INGENIERÍA EN ELECTRICIDAD Y COMPUTACIÓN,False,2.09,TECNICO_DOCENTE_APOYO,True,0,0,0,False,False,,0,,False,False,0,0,False,0,False,,,,,
77935,2,1,TECNICO_DOCENTE_APOYO,DOCENTE,TÉCNICO DE INVESTIGACIÓN 1 (TC),CENTRO DE TECNOLOGÍAS DE LA INFORMACIÓN,True,0.56,TECNICO_DOCENTE_APOYO,True,0,0,0,False,False,,0,,False,False,0,0,False,0,False,,,,,
77974,1,1,TECNICO_DOCENTE_APOYO,DOCENTE,TÉCNICO DE LABORATORIO 1 (TC),FACULTAD DE CIENCIAS SOCIALES Y HUMANÍSTICAS,False,0.24,TECNICO_DOCENTE_APOYO,True,0,0,0,False,False,,0,,False,False,0,0,False,0,False,,,,,
77994,2,1,TECNICO_DOCENTE_APOYO,DOCENTE,TÉCNICO DOCENTE 4 (MT),DIRECCIÓN DE ADMISIONES,False,0.22,TECNICO_DOCENTE_APOYO,True,0,0,0,False,False,,0,,False,False,0,0,False,0,False,,,,,
78002,2,2,DOCENTE_NO_TITULAR_OCASIONAL,DOCENTE,PROFESOR NO TITULAR OCASIONAL (TC),FACULTAD DE CIENCIAS SOCIALES Y HUMANÍSTICAS,True,0.88,TECNICO_DOCENTE_APOYO,False,1,0,0,False,False,0.88,0,,False,False,0,0,False,0,False,,,,,
78035,1,1,ASISTENCIA_SECRETARIAL_OFICINA,ADMINISTRATIVO,ASISTENTE EJECUTIVA 3,RECTORADO,True,2.1,ASISTENCIA_SECRETARIAL_OFICINA,True,0,0,0,False,False,,0,,False,False,0,0,False,0,False,,,,,
78066,2,1,TECNICO_DOCENTE_APOYO,DOCENTE,TÉCNICO DE INVESTIGACIÓN 1 (TC),FACULTAD DE CIENCIAS SOCIALES Y HUMANÍSTICAS,False,1.7,TECNICO_DOCENTE_APOYO,True,0,0,0,False,False,,0,,False,False,0,0,False,0,False,,,,,
78086,2,1,TECNICO_DOCENTE_APOYO,DOCENTE,TÉCNICO DE INVESTIGACIÓN 1 (TC),CENTRO DE INVESTIGACIONES BIOTECNOLÓGICAS DEL ECUADOR,True,0.58,TECNICO_DOCENTE_APOYO,True,0,0,0,False,False,,0,,False,False,0,0,False,0,False,,,,,
78101,1,1,TECNICO_DOCENTE_APOYO,DOCENTE,TÉCNICO DE INVESTIGACIÓN 1 (TC),"FACULTAD DE ARTE, DISEÑO Y COMUNICACIÓN AUDIOVISUAL",False,1.74,TECNICO_DOCENTE_APOYO,True,0,0,0,False,False,,0,,False,False,0,0,False,0,False,,,,,
78121,1,1,TECNICO_DOCENTE_APOYO,DOCENTE,TÉCNICO DE LABORATORIO 1 (TC),"FACULTAD DE ARTE, DISEÑO Y COMUNICACIÓN AUDIOVISUAL",False,0.24,TECNICO_DOCENTE_APOYO,True,0,0,0,False,False,,0,,False,False,0,0,False,0,False,,,,,
78135,1,1,ASISTENCIA_SECRETARIAL_OFICINA,ADMINISTRATIVO,ASISTENTE DE BIENESTAR POLITÉCNICO,GERENCIA DE BIENESTAR POLITÉCNICO,True,4.36,ASISTENCIA_SECRETARIAL_OFICINA,True,0,0,0,False,False,,0,,False,False,0,0,False,0,False,,,,,
78220,1,1,TECNICO_DOCENTE_APOYO,DOCENTE,TÉCNICO DOCENTE 3 (TC),DIRECCIÓN DE ADMISIONES,True,1.94,TECNICO_DOCENTE_APOYO,True,0,0,0,False,False,,0,,False,False,0,0,False,0,False,,,,,
78260,1,1,TECNICO_DOCENTE_APOYO,DOCENTE,TÉCNICO DOCENTE 3 (TC),DIRECCIÓN DE ADMISIONES,False,0.28,TECNICO_DOCENTE_APOYO,True,0,0,0,False,False,,0,,False,False,0,0,False,0,False,,,,,
78305,2,1,TECNICO_DOCENTE_APOYO,DOCENTE,TÉCNICO DOCENTE 4 (TC),DIRECCIÓN DE ADMISIONES,False,0.22,TECNICO_DOCENTE_APOYO,True,0,0,0,False,False,,0,,False,False,0,0,False,0,False,,,,,
78314,2,2,DOCENTE_NO_TITULAR_OCASIONAL,DOCENTE,PROFESOR NO TITULAR OCASIONAL (TC),FACULTAD DE INGENIERÍA EN ELECTRICIDAD Y COMPUTACIÓN,True,1.95,TECNICO_DOCENTE_APOYO,False,1,0,0,False,False,1.95,0,,False,False,0,0,False,0,False,,,,,
78357,2,1,TECNICO_DOCENTE_APOYO,DOCENTE,TÉCNICO DE INVESTIGACIÓN 1 (TC),CENTRO ECUATORIANO DE INVESTIGACIÓN Y DESARROLLO EN NANOTECNOLOGÍA,False,0.52,TECNICO_DOCENTE_APOYO,True,0,0,0,False,False,,0,,False,False,0,0,False,0,False,,,,,
78381,1,1,TECNICO_DOCENTE_APOYO,DOCENTE,TÉCNICO DE LABORATORIO 1 (TC),FACULTAD DE CIENCIAS SOCIALES Y HUMANÍSTICAS,False,0.11,TECNICO_DOCENTE_APOYO,True,0,0,0,False,False,,0,,False,False,0,0,False,0,False,,,,,
78432,1,1,TECNICO_DOCENTE_APOYO,DOCENTE,TÉCNICO DE INVESTIGACIÓN 1 (TC),DECANATO DE INVESTIGACIÓN,False,0.84,TECNICO_DOCENTE_APOYO,True,0,0,0,False,False,,0,,False,False,0,0,False,0,False,,,,,
78450,1,1,TECNICO_OPERATIVO_MANTENIMIENTO,ADMINISTRATIVO,TÉCNICOS ESPECIALIZADOS - EJECUCIÓN DE ACTIVIDADES,UNIDAD DE VINCULACIÓN CON LA SOCIEDAD,False,0.02,TECNICO_OPERATIVO_MANTENIMIENTO,True,0,0,0,False,False,,0,,False,False,0,0,False,0,False,,,,,
78479,1,1,PROFESIONAL_ANALISTA,ADMINISTRATIVO,ANALISTA DE DESARROLLO DE SISTEMAS 1,GERENCIA DE TECNOLOGÍAS Y SISTEMAS DE INFORMACIÓN,True,3.69,PROFESIONAL_ANALISTA,True,0,0,0,False,False,,0,,False,False,0,0,False,0,False,,,,,
78499,2,1,TECNICO_DOCENTE_APOYO,DOCENTE,TÉCNICO DE INVESTIGACIÓN 1 (TC),CENTRO DE INVESTIGACIÓN Y PROYECTOS APLICADOS A LAS CIENCIAS DE LA TIERRA,False,0.47,TECNICO_DOCENTE_APOYO,True,0,0,0,False,False,,0,,False,False,0,0,False,0,False,,,,,
78513,1,1,PROFESIONAL_ANALISTA,ADMINISTRATIVO,ANALISTA DE PLANIFICACIÓN Y PROYECTOS,GERENCIA DE PLANIFICACIÓN ESTRATÉGICA,True,2.86,PROFESIONAL_ANALISTA,True,0,0,0,False,False,,0,,False,False,0,0,False,0,False,,,,,
78520,2,1,TECNICO_DOCENTE_APOYO,DOCENTE,TÉCNICO DE INVESTIGACIÓN 1 (TC),"CENTRO DE INVESTIGACIÓN, DESARROLLO E INNOVACIÓN DE SISTEMAS COMPUTACIONALES",True,0.68,TECNICO_DOCENTE_APOYO,True,0,0,0,False,False,,0,,False,False,0,0,False,0,False,,,,,
78528,1,1,TECNICO_OPERATIVO_MANTENIMIENTO,ADMINISTRATIVO,TÉCNICOS ESPECIALIZADOS - EJECUCIÓN DE ACTIVIDADES DE INVESTIGACIÓN,DECANATO DE INVESTIGACIÓN,False,0.36,TECNICO_OPERATIVO_MANTENIMIENTO,True,0,0,0,False,False,,0,,False,False,0,0,False,0,False,,,,,
78543,2,1,TECNICO_DOCENTE_APOYO,DOCENTE,TÉCNICO DE LABORATORIO 1 (TC),FACULTAD DE CIENCIAS DE LA VIDA,False,0.33,TECNICO_DOCENTE_APOYO,True,0,0,0,False,False,,0,,False,False,0,0,False,0,False,,,,,
78638,1,1,TECNICO_OPERATIVO_MANTENIMIENTO,ADMINISTRATIVO,TÉCNICOS ESPECIALIZADOS - EJECUCIÓN DE ACTIVIDADES,UNIDAD DE VINCULACIÓN CON LA SOCIEDAD,False,0.08,TECNICO_OPERATIVO_MANTENIMIENTO,True,0,0,0,False,False,,0,,False,False,0,0,False,0,False,,,,,
78656,2,2,DOCENTE_TITULAR_CARRERA,DOCENTE,PROFESOR TITULAR AGREGADO 1 (TC),"FACULTAD DE ARTE, DISEÑO Y COMUNICACIÓN AUDIOVISUAL",False,7.66,DOCENTE_NO_TITULAR_OCASIONAL,False,1,0,0,False,False,10.11,0,,False,True,3,1,False,0,True,OTROS_AA,,,,
78685,1,1,DOCENTE_NO_TITULAR_OCASIONAL,DOCENTE,PROFESOR NO TITULAR OCASIONAL (TC),FACULTAD DE INGENIERÍA MARÍTIMA Y CIENCIAS DEL MAR,False,6.98,DOCENTE_NO_TITULAR_OCASIONAL,True,0,0,0,False,False,,0,,False,True,15,1,False,0,True,JEFATURA_SUPERVISION_OPERATIVA,,,,
78701,25,4,DOCENTE_NO_TITULAR_OCASIONAL,DOCENTE,PROFESOR NO TITULAR OCASIONAL (TP),FACULTAD DE CIENCIAS SOCIALES Y HUMANÍSTICAS,True,0.36,PROFESIONAL_ESPECIALIZADO_TECNICO,False,14,1,0,True,False,0.36,1,PROFESIONAL_ESPECIALIZADO_TECNICO,True,True,8,1,True,8,True,OTROS_AA,,,,
78729,1,1,PROFESIONAL_ANALISTA,ADMINISTRATIVO,ANALISTA DE INFRAESTRUCTURA INFORMÁTICA 2,FACULTAD DE INGENIERÍA MECÁNICA Y CIENCIAS DE LA PRODUCCIÓN,True,10.9,PROFESIONAL_ANALISTA,True,0,0,0,False,False,,0,,False,False,0,0,False,0,False,,,,,
78731,2,2,DOCENTE_TITULAR_CARRERA,DOCENTE,PROFESOR TITULAR AUXILIAR 2 (TC),FACULTAD DE INGENIERÍA EN CIENCIAS DE LA TIERRA,True,6.44,DOCENTE_NO_TITULAR_OCASIONAL,False,1,0,0,False,False,6.44,0,,False,True,7,2,True,1,True,OTROS_AA,PRESTACIÓN SERVICIOS PROFESIONALES,DESCONOCIDA,DOCENTE_CONTRATADO_SERVICIOS_CIVILES,DOCENTE
78761,1,1,TECNICO_DOCENTE_APOYO,DOCENTE,TÉCNICO DOCENTE 1 (TC),FACULTAD DE INGENIERÍA EN CIENCIAS DE LA TIERRA,False,3.75,TECNICO_DOCENTE_APOYO,True,0,0,0,False,False,,0,,False,True,1,1,False,0,True,JEFATURA_SUPERVISION_OPERATIVA,,,,
78762,2,1,TECNICO_DOCENTE_APOYO,DOCENTE,TÉCNICO DOCENTE 1 (TC),FACULTAD DE INGENIERÍA MECÁNICA Y CIENCIAS DE LA PRODUCCIÓN,True,1.95,TECNICO_DOCENTE_APOYO,True,0,0,0,False,False,,0,,False,False,0,0,False,0,False,,,,,
78783,1,1,SERVICIOS_GENERALES_OFICIOS,ADMINISTRATIVO,OPERADOR DE EQUIPOS DE MONITOREO,DIRECCIÓN DE SERVICIOS GENERALES,False,5.83,SERVICIOS_GENERALES_OFICIOS,True,0,0,0,False,False,,0,,False,False,0,0,False,0,False,,,,,
78814,1,1,TECNICO_DOCENTE_APOYO,DOCENTE,TÉCNICO DOCENTE 1 (TC),FACULTAD DE CIENCIAS NATURALES Y MATEMÁTICAS,False,0.38,TECNICO_DOCENTE_APOYO,True,0,0,0,False,False,,0,,False,False,0,0,False,0,False,,,,,
78866,2,2,DOCENTE_TITULAR_CARRERA,DOCENTE,PROFESOR TITULAR AGREGADO 1 (TC),FACULTAD DE CIENCIAS DE LA VIDA,False,0.91,DOCENTE_NO_TITULAR_OCASIONAL,False,1,0,0,False,False,5.11,0,,False,False,0,0,False,0,False,,,,,
78867,5,1,DOCENTE_NO_TITULAR_OCASIONAL,DOCENTE,PROFESOR NO TITULAR OCASIONAL (TC),FACULTAD DE CIENCIAS SOCIALES Y HUMANÍSTICAS,False,1.39,DOCENTE_NO_TITULAR_OCASIONAL,True,0,0,0,False,False,,1,TECNICO_OPERATIVO_MANTENIMIENTO,True,False,0,0,False,0,False,,,,,
78898,2,2,DOCENTE_TITULAR_CARRERA,DOCENTE,PROFESOR TITULAR AGREGADO 2 (TC),FACULTAD DE CIENCIAS SOCIALES Y HUMANÍSTICAS,True,6.44,DOCENTE_NO_TITULAR_OCASIONAL,False,1,0,0,False,False,6.44,0,,False,True,1,1,False,0,True,OTROS_AA,,,,
78901,1,1,TECNICO_DOCENTE_APOYO,DOCENTE,TÉCNICO DE INVESTIGACIÓN 1 (TC),CENTRO DE INVESTIGACIÓN Y PROYECTOS APLICADOS A LAS CIENCIAS DE LA TIERRA,False,0.24,TECNICO_DOCENTE_APOYO,True,0,0,0,False,False,,0,,False,False,0,0,False,0,False,,SERVICIOS PROFESIONALES - EJECUCIÓN DE ACTIVIDADES,CENTRO DE INVESTIGACIÓN Y PROYECTOS APLICADOS A LAS CIENCIAS DE LA TIERRA,CONTRATO_SERVICIOS_PROFESIONALES_PROYECTO,ADMINISTRATIVO
78953,1,1,DOCENTE_NO_TITULAR_OCASIONAL,DOCENTE,PROFESOR NO TITULAR OCASIONAL (MT),DECANATO DE GRADO,False,4.62,DOCENTE_NO_TITULAR_OCASIONAL,True,0,0,0,False,False,,0,,False,False,0,0,False,0,False,,,,,
78970,2,2,ASISTENCIA_SECRETARIAL_OFICINA,ADMINISTRATIVO,ASISTENTE DE COMUNICACIÓN,GERENCIA DE COMUNICACIÓN,False,6.41,PROFESIONAL_ANALISTA,False,1,0,0,False,False,9.69,0,,False,False,0,0,False,0,False,,,,,
79361,1,1,AUXILIAR_AYUDANTE_OPERATIVO,ADMINISTRATIVO,AUXILIAR DE SERVICIOS,FACULTAD DE INGENIERÍA EN ELECTRICIDAD Y COMPUTACIÓN,False,0.0,AUXILIAR_AYUDANTE_OPERATIVO,True,0,0,0,False,False,,0,,False,False,0,0,False,0,False,,,,,
79972,3,3,PROFESIONAL_ANALISTA,ADMINISTRATIVO,ANALISTA DE TALENTO HUMANO 1,DIRECCIÓN DE TALENTO HUMANO,True,4.2,TECNICO_OPERATIVO_MANTENIMIENTO,False,2,0,0,False,False,4.2,1,ASISTENCIA_SECRETARIAL_OFICINA,True,False,0,0,False,0,False,,,,,
80032,3,1,DOCENTE_NO_TITULAR_OCASIONAL,DOCENTE,PROFESOR NO TITULAR OCASIONAL (TP),FACULTAD DE CIENCIAS SOCIALES Y HUMANÍSTICAS,False,0.27,DOCENTE_NO_TITULAR_OCASIONAL,True,0,0,0,False,False,,0,,False,False,0,0,False,0,False,,,,,
80194,1,1,DOCENTE_NO_TITULAR_OCASIONAL,DOCENTE,PROFESOR NO TITULAR OCASIONAL (TC),FACULTAD DE CIENCIAS SOCIALES Y HUMANÍSTICAS,True,2.31,DOCENTE_NO_TITULAR_OCASIONAL,True,0,0,0,False,False,,0,,False,False,0,0,False,0,False,,,,,
80200,1,1,DOCENTE_NO_TITULAR_OCASIONAL,DOCENTE,PROFESOR NO TITULAR OCASIONAL (TC),FACULTAD DE CIENCIAS SOCIALES Y HUMANÍSTICAS,True,8.36,DOCENTE_NO_TITULAR_OCASIONAL,True,0,0,0,False,False,,0,,False,False,0,0,False,0,False,,,,,
80206,1,1,DOCENTE_NO_TITULAR_OCASIONAL,DOCENTE,PROFESOR NO TITULAR OCASIONAL (TC),FACULTAD DE CIENCIAS SOCIALES Y HUMANÍSTICAS,True,8.36,DOCENTE_NO_TITULAR_OCASIONAL,True,0,0,0,False,False,,0,,False,False,0,0,False,0,False,,,,,
80235,1,1,TECNICO_DOCENTE_APOYO,DOCENTE,TÉCNICO DOCENTE 3 (TC),DIRECCIÓN DE ADMISIONES,True,1.35,TECNICO_DOCENTE_APOYO,True,0,0,0,False,False,,0,,False,False,0,0,False,0,False,,,,,
80316,1,1,DOCENTE_NO_TITULAR_OCASIONAL,DOCENTE,PROFESOR NO TITULAR OCASIONAL (TC),FACULTAD DE CIENCIAS SOCIALES Y HUMANÍSTICAS,False,0.61,DOCENTE_NO_TITULAR_OCASIONAL,True,0,0,0,False,False,,0,,False,False,0,0,False,0,False,,,,,
80318,3,1,DOCENTE_NO_TITULAR_OCASIONAL,DOCENTE,PROFESOR NO TITULAR OCASIONAL (TC),FACULTAD DE CIENCIAS SOCIALES Y HUMANÍSTICAS,False,4.96,DOCENTE_NO_TITULAR_OCASIONAL,True,0,0,0,False,False,,0,,False,True,1,1,False,0,True,JEFATURA_SUPERVISION_OPERATIVA,,,,
80918,3,1,DOCENTE_NO_TITULAR_OCASIONAL,DOCENTE,PROFESOR NO TITULAR OCASIONAL (TP),FACULTAD DE INGENIERÍA MARÍTIMA Y CIENCIAS DEL MAR,False,3.24,DOCENTE_NO_TITULAR_OCASIONAL,True,0,0,0,False,False,,0,,False,False,0,0,False,0,False,,,,,
81202,1,1,AUTORIDAD_ADMINISTRATIVA_SUPERIOR,ADMINISTRATIVO,GERENTE DE COMUNICACIÓN,GERENCIA DE COMUNICACIÓN,True,5.07,AUTORIDAD_ADMINISTRATIVA_SUPERIOR,True,0,0,0,False,False,,0,,False,True,2,1,False,0,False,AUTORIDAD_ADMINISTRATIVA_SUPERIOR,,,,
81247,3,1,DOCENTE_NO_TITULAR_OCASIONAL,DOCENTE,PROFESOR NO TITULAR OCASIONAL (TP),FACULTAD DE CIENCIAS SOCIALES Y HUMANÍSTICAS,False,0.85,DOCENTE_NO_TITULAR_OCASIONAL,True,0,0,0,False,False,,0,,False,False,0,0,False,0,False,,,,,
81391,1,1,DOCENTE_NO_TITULAR_OCASIONAL,DOCENTE,PROFESOR NO TITULAR OCASIONAL (TC),FACULTAD DE CIENCIAS SOCIALES Y HUMANÍSTICAS,True,0.94,DOCENTE_NO_TITULAR_OCASIONAL,True,0,0,0,False,False,,0,,False,True,1,1,False,0,True,JEFATURA_SUPERVISION_OPERATIVA,,,,
81684,1,1,DOCENTE_NO_TITULAR_OCASIONAL,DOCENTE,PROFESOR NO TITULAR OCASIONAL (TC),FACULTAD DE CIENCIAS SOCIALES Y HUMANÍSTICAS,True,3.33,DOCENTE_NO_TITULAR_OCASIONAL,True,0,0,0,False,False,,0,,False,False,0,0,False,0,False,,,,,
81761,2,1,DOCENTE_NO_TITULAR_OCASIONAL,DOCENTE,PROFESOR NO TITULAR OCASIONAL (MT),FACULTAD DE CIENCIAS SOCIALES Y HUMANÍSTICAS,True,0.51,DOCENTE_NO_TITULAR_OCASIONAL,True,0,0,0,False,False,,0,,False,False,0,0,False,0,False,,,,,
81832,2,1,DOCENTE_NO_TITULAR_OCASIONAL,DOCENTE,PROFESOR NO TITULAR OCASIONAL (TC),FACULTAD DE INGENIERÍA EN ELECTRICIDAD Y COMPUTACIÓN,False,1.6,DOCENTE_NO_TITULAR_OCASIONAL,True,0,0,0,False,False,,0,,False,False,0,0,False,0,False,,,,,
82056,1,1,PROFESIONAL_ANALISTA,ADMINISTRATIVO,ANALISTA ADMINISTRATIVO,DECANATO DE VINCULACIÓN,True,10.36,PROFESIONAL_ANALISTA,True,0,0,0,False,False,,0,,False,False,0,0,False,0,False,,,,,
82478,1,1,TECNICO_DOCENTE_APOYO,DOCENTE,TÉCNICO DE INVESTIGACIÓN 1 (TC),"FACULTAD DE ARTE, DISEÑO Y COMUNICACIÓN AUDIOVISUAL",False,1.19,TECNICO_DOCENTE_APOYO,True,0,0,0,False,False,,0,,False,False,0,0,False,0,False,,,,,
82483,5,2,TECNICO_DOCENTE_APOYO,DOCENTE,TÉCNICO DE INVESTIGACIÓN 1 (TC),DECANATO DE INVESTIGACIÓN,False,0.17,TECNICO_OPERATIVO_MANTENIMIENTO,False,1,1,0,True,False,0.41,0,,False,False,0,0,False,0,False,,,,,
82497,1,1,PROFESIONAL_ANALISTA,ADMINISTRATIVO,ANALISTA DE CALIDAD Y ACREDITACIÓN 1,SECRETARÍA TÉCNICA DE ASEGURAMIENTO DE LA CALIDAD,True,1.6,PROFESIONAL_ANALISTA,True,0,0,0,False,False,,0,,False,False,0,0,False,0,False,,,,,
83678,1,1,PROFESIONAL_ANALISTA,ADMINISTRATIVO,AUDITOR INTERNO 2,AUDITORÍA INTERNA,False,8.0,PROFESIONAL_ANALISTA,True,0,0,0,False,False,,0,,False,True,3,1,True,3,False,OTROS_AA,,,,
84005,2,2,ASISTENCIA_SECRETARIAL_OFICINA,ADMINISTRATIVO,ASISTENTE EJECUTIVA 2,FACULTAD DE CIENCIAS NATURALES Y MATEMÁTICAS,True,0.45,TECNICO_DOCENTE_APOYO,False,1,0,1,False,True,0.45,0,,False,False,0,0,False,0,False,,,,,
86407,1,1,TECNICO_DOCENTE_APOYO,DOCENTE,TÉCNICO DE INVESTIGACIÓN 1 (TC),CENTRO NACIONAL DE ACUICULTURA E INVESTIGACIONES MARINAS,False,5.91,TECNICO_DOCENTE_APOYO,True,0,0,0,False,False,,0,,False,False,0,0,False,0,False,,,,,
86476,1,1,PROFESIONAL_ANALISTA,ADMINISTRATIVO,ANALISTA DE COMPRAS PÚBLICAS 1,DESCONOCIDA,False,5.18,PROFESIONAL_ANALISTA,True,0,0,0,False,False,,0,,False,False,0,0,False,0,False,,,,,
86483,1,1,AUXILIAR_AYUDANTE_OPERATIVO,ADMINISTRATIVO,AUXILIAR DE SERVICIOS,DIRECCIÓN DE SERVICIOS GENERALES,True,10.69,AUXILIAR_AYUDANTE_OPERATIVO,True,0,0,0,False,False,,0,,False,False,0,0,False,0,False,,,,,
86484,1,1,AUXILIAR_AYUDANTE_OPERATIVO,ADMINISTRATIVO,AUXILIAR DE SERVICIOS DE MANTENIMIENTO,DIRECCIÓN DE SERVICIOS GENERALES,True,10.69,AUXILIAR_AYUDANTE_OPERATIVO,True,0,0,0,False,False,,0,,False,False,0,0,False,0,False,,,,,
86486,2,2,JEFATURA_SUPERVISION_OPERATIVA,ADMINISTRATIVO,SUPERVISOR DE CONSERJERÌA,DIRECCIÓN DE SERVICIOS GENERALES,True,1.69,AUXILIAR_AYUDANTE_OPERATIVO,False,1,0,0,False,False,1.69,1,AUXILIAR_AYUDANTE_OPERATIVO,True,False,0,0,False,0,False,,,,,
86488,1,1,AUXILIAR_AYUDANTE_OPERATIVO,ADMINISTRATIVO,AUXILIAR DE SERVICIOS,DIRECCIÓN DE SERVICIOS GENERALES,True,10.69,AUXILIAR_AYUDANTE_OPERATIVO,True,0,0,0,False,False,,0,,False,False,0,0,False,0,False,,,,,
86489,1,1,AUXILIAR_AYUDANTE_OPERATIVO,ADMINISTRATIVO,AUXILIAR DE SERVICIOS DE MANTENIMIENTO,AJÁ PARQUE DE LA CIENCIA,True,10.63,AUXILIAR_AYUDANTE_OPERATIVO,True,0,0,0,False,False,,0,,False,False,0,0,False,0,False,,,,,
86490,2,2,TECNICO_OPERATIVO_MANTENIMIENTO,ADMINISTRATIVO,TÈCNICO DE ANDAMIAJE Y LIMPIEZA INDUSTRIAL,DIRECCIÓN DE SERVICIOS GENERALES,True,1.69,AUXILIAR_AYUDANTE_OPERATIVO,False,1,0,0,False,False,1.69,1,AUXILIAR_AYUDANTE_OPERATIVO,True,False,0,0,False,0,False,,,,,
86494,2,2,DOCENTE_TITULAR_CARRERA,DOCENTE,PROFESOR TITULAR AGREGADO 1 (TC),FACULTAD DE CIENCIAS DE LA VIDA,True,3.28,DOCENTE_NO_TITULAR_OCASIONAL,False,1,0,0,False,False,3.28,0,,False,True,6,2,True,1,True,OTROS_AA,,,,
86495,2,2,SERVICIOS_GENERALES_OFICIOS,ADMINISTRATIVO,INSPECTOR DE MEDIDORES DE ENERGÌA ELÈCTRICA Y AGUA POTABLE,DIRECCIÓN DE SERVICIOS GENERALES,True,1.69,AUXILIAR_AYUDANTE_OPERATIVO,False,1,0,0,False,False,1.69,1,AUXILIAR_AYUDANTE_OPERATIVO,True,False,0,0,False,0,False,,,,,
86496,2,2,SERVICIOS_GENERALES_OFICIOS,ADMINISTRATIVO,PINTOR,DIRECCIÓN DE SERVICIOS GENERALES,True,1.69,AUXILIAR_AYUDANTE_OPERATIVO,False,1,0,0,False,False,1.69,0,,False,False,0,0,False,0,False,,,,,
86515,1,1,AUXILIAR_AYUDANTE_OPERATIVO,ADMINISTRATIVO,AUXILIAR DE SERVICIOS DE MANTENIMIENTO,CENTRO DE EMPRENDIMIENTO E INNOVACIÓN I3LAB,True,10.69,AUXILIAR_AYUDANTE_OPERATIVO,True,0,0,0,False,False,,0,,False,False,0,0,False,0,False,,,,,
86548,1,1,PROFESIONAL_ESPECIALIZADO_TECNICO,ADMINISTRATIVO,MÉDICO OCUPACIONAL,DIRECCIÓN DE SEGURIDAD Y SALUD OCUPACIONAL,True,10.55,PROFESIONAL_ESPECIALIZADO_TECNICO,True,0,0,0,False,False,,0,,False,False,0,0,False,0,False,,,,,
87496,1,1,TECNICO_OPERATIVO_MANTENIMIENTO,ADMINISTRATIVO,TÉCNICOS ESPECIALIZADOS - EJECUCIÓN DE PROYECTOS,DESCONOCIDA,False,0.01,TECNICO_OPERATIVO_MANTENIMIENTO,True,0,0,0,False,False,,0,,False,False,0,0,False,0,False,,,,,
90113,1,1,DOCENTE_NO_TITULAR_OCASIONAL,DOCENTE,PROFESOR NO TITULAR OCASIONAL (TC),DECANATO DE GRADO,False,3.37,DOCENTE_NO_TITULAR_OCASIONAL,True,0,0,0,False,False,,0,,False,False,0,0,False,0,False,,,,,
90862,1,1,TECNICO_OPERATIVO_MANTENIMIENTO,ADMINISTRATIVO,TÉCNICO DE ARCHIVO Y DIGITALIZACIÓN,GERENCIA FINANCIERA,True,5.34,TECNICO_OPERATIVO_MANTENIMIENTO,True,0,0,0,False,False,,0,,False,False,0,0,False,0,False,,,,,
91014,1,1,DOCENTE_NO_TITULAR_OCASIONAL,DOCENTE,PROFESOR NO TITULAR OCASIONAL (MT),FACULTAD DE CIENCIAS DE LA VIDA,True,1.26,DOCENTE_NO_TITULAR_OCASIONAL,True,0,0,0,False,False,,0,,False,False,0,0,False,0,False,,,,,
93997,1,1,SERVICIOS_GENERALES_OFICIOS,ADMINISTRATIVO,CHOFER DE VEHÌCULOS PESADOS,DIRECCIÓN DE SERVICIOS GENERALES,True,4.78,SERVICIOS_GENERALES_OFICIOS,True,0,0,0,False,False,,0,,False,False,0,0,False,0,False,,,,,
94437,1,1,TECNICO_DOCENTE_APOYO,DOCENTE,TÉCNICO DE INVESTIGACIÓN 1 (TC),FACULTAD DE INGENIERÍA EN ELECTRICIDAD Y COMPUTACIÓN,False,0.22,TECNICO_DOCENTE_APOYO,True,0,0,0,False,False,,0,,False,False,0,0,False,0,False,,,,,
94835,1,1,TECNICO_DOCENTE_APOYO,DOCENTE,TÉCNICO DE INVESTIGACIÓN 1 (TC),CENTRO DE INVESTIGACIÓN Y PROYECTOS APLICADOS A LAS CIENCIAS DE LA TIERRA,True,1.03,TECNICO_DOCENTE_APOYO,True,0,0,0,False,False,,0,,False,False,0,0,False,0,False,,,,,
94929,2,1,PROFESIONAL_ESPECIALIZADO_TECNICO,ADMINISTRATIVO,ABOGADO,GERENCIA JURÍDICA,False,1.58,PROFESIONAL_ESPECIALIZADO_TECNICO,True,0,0,0,False,False,,2,AUTORIDAD_ADMINISTRATIVA_SUPERIOR,True,True,4,2,True,3,True,OTROS_AA,SERVICIOS PROFESIONALES - EJECUCIÓN DE ACTIVIDADES,RECTORADO,CONTRATO_SERVICIOS_PROFESIONALES_PROYECTO,ADMINISTRATIVO
95251,1,1,ASISTENCIA_SECRETARIAL_OFICINA,ADMINISTRATIVO,ASISTENTE DE BIENESTAR POLITÉCNICO,GERENCIA DE BIENESTAR POLITÉCNICO,False,9.6,ASISTENCIA_SECRETARIAL_OFICINA,True,0,0,0,False,False,,0,,False,False,0,0,False,0,False,,,,,
95278,2,2,DOCENTE_NO_TITULAR_OCASIONAL,DOCENTE,PROFESOR NO TITULAR OCASIONAL (TC),FACULTAD DE CIENCIAS DE LA VIDA,True,1.77,TECNICO_DOCENTE_APOYO,False,1,0,0,False,False,1.77,0,,False,False,0,0,False,0,False,,,,,
95335,1,1,DOCENTE_NO_TITULAR_OCASIONAL,DOCENTE,PROFESOR NO TITULAR OCASIONAL (TC),FACULTAD DE CIENCIAS DE LA VIDA,False,6.8,DOCENTE_NO_TITULAR_OCASIONAL,True,0,0,0,False,False,,0,,False,False,0,0,False,0,False,,,,,
95471,1,1,TECNICO_DOCENTE_APOYO,DOCENTE,TÉCNICO DOCENTE 1 (TC),FACULTAD DE INGENIERÍA MARÍTIMA Y CIENCIAS DEL MAR,False,1.37,TECNICO_DOCENTE_APOYO,True,0,0,0,False,False,,0,,False,False,0,0,False,0,False,,,,,
95473,1,1,OTROS_AA,ADMINISTRATIVO,PROMOTOR DE ARTE Y CULTURA,GERENCIA DE BIENESTAR POLITÉCNICO,True,10.44,OTROS_AA,True,0,0,0,False,False,,1,TECNICO_DOCENTE_APOYO,True,False,0,0,False,0,False,,,,,
95480,1,1,TECNICO_DOCENTE_APOYO,DOCENTE,TÉCNICO DE INVESTIGACIÓN 1 (TC),FACULTAD DE INGENIERÍA EN CIENCIAS DE LA TIERRA,False,0.24,TECNICO_DOCENTE_APOYO,True,0,0,0,False,False,,0,,False,False,0,0,False,0,False,,,,,
95491,1,1,ASISTENCIA_SECRETARIAL_OFICINA,ADMINISTRATIVO,ASISTENTE EJECUTIVA 2,DESCONOCIDA,False,4.08,ASISTENCIA_SECRETARIAL_OFICINA,True,0,0,0,False,False,,0,,False,False,0,0,False,0,False,,,,,
95498,4,2,DOCENTE_TITULAR_CARRERA,DOCENTE,PROFESOR TITULAR AUXILIAR 2 (MT),FACULTAD DE CIENCIAS DE LA VIDA,True,5.11,DOCENTE_NO_TITULAR_OCASIONAL,False,1,0,0,False,False,5.11,0,,False,True,2,1,False,0,True,JEFATURA_SUPERVISION_OPERATIVA,,,,
95506,1,1,DOCENTE_NO_TITULAR_OCASIONAL,DOCENTE,PROFESOR NO TITULAR OCASIONAL (TC),FACULTAD DE INGENIERÍA EN CIENCIAS DE LA TIERRA,True,10.44,DOCENTE_NO_TITULAR_OCASIONAL,True,0,0,0,False,False,,0,,False,False,0,0,False,0,False,,,,,
95516,36,3,AUTORIDAD_ACADEMICA_SUPERIOR,DOCENTE,DECANO(A),FACULTAD DE INGENIERÍA MECÁNICA Y CIENCIAS DE LA PRODUCCIÓN,True,0.05,DOCENTE_NO_TITULAR_OCASIONAL,False,2,0,0,False,False,3.83,2,DOCENTE_TITULAR_CARRERA,True,True,38,3,True,32,True,OTROS_AA,,,,
95517,1,1,DOCENTE_NO_TITULAR_OCASIONAL,DOCENTE,PROFESOR NO TITULAR OCASIONAL 1 (MT),DIRECCIÓN DE LA SECRETARÍA TÉCNICA DE ASEGURAMIENTO DE LA CALIDAD DE LA EDUCACIÓN SUPERIOR,False,0.96,DOCENTE_NO_TITULAR_OCASIONAL,True,0,0,0,False,False,,1,TECNICO_OPERATIVO_MANTENIMIENTO,True,False,0,0,False,0,False,,,,,
95523,1,1,TECNICO_OPERATIVO_MANTENIMIENTO,ADMINISTRATIVO,TÉCNICOS ESPECIALIZADOS - EJECUCIÓN DE PROYECTOS,DIRECCIÓN DE TALENTO HUMANO,False,0.91,TECNICO_OPERATIVO_MANTENIMIENTO,True,0,0,0,False,False,,0,,False,False,0,0,False,0,False,,SERVICIOS PROFESIONALES - EJECUCIÓN DE ACTIVIDADES,SECRETARIA ADMINISTRATIVA,CONTRATO_SERVICIOS_PROFESIONALES_PROYECTO,ADMINISTRATIVO
95527,3,2,ASISTENCIA_SECRETARIAL_OFICINA,ADMINISTRATIVO,ASISTENTE DE TALENTO HUMANO,DIRECCIÓN DE TALENTO HUMANO,True,1.26,TECNICO_OPERATIVO_MANTENIMIENTO,False,1,0,0,False,False,8.86,2,PROFESIONAL_ANALISTA,True,False,0,0,False,0,False,,,,,
95538,1,1,ASISTENCIA_SECRETARIAL_OFICINA,ADMINISTRATIVO,ASISTENTE EJECUTIVA 2,FACULTAD DE INGENIERÍA EN ELECTRICIDAD Y COMPUTACIÓN,True,10.36,ASISTENCIA_SECRETARIAL_OFICINA,True,0,0,0,False,False,,0,,False,False,0,0,False,0,False,,,,,
95539,1,1,DOCENTE_NO_TITULAR_OCASIONAL,DOCENTE,PROFESOR NO TITULAR OCASIONAL (TC),"FACULTAD DE ARTE, DISEÑO Y COMUNICACIÓN AUDIOVISUAL",False,4.16,DOCENTE_NO_TITULAR_OCASIONAL,True,0,0,0,False,False,,0,,False,False,0,0,False,0,False,,,,,
95540,1,1,TECNICO_OPERATIVO_MANTENIMIENTO,ADMINISTRATIVO,TÉCNICOS ESPECIALIZADOS - EJECUCIÓN DE PROYECTOS,FACULTAD DE INGENIERÍA EN CIENCIAS DE LA TIERRA,False,0.03,TECNICO_OPERATIVO_MANTENIMIENTO,True,0,0,0,False,False,,0,,False,False,0,0,False,0,False,,SERVICIOS PROFESIONALES - EJECUCIÓN DE ACTIVIDADES,CENTRO DE INVESTIGACIÓN Y PROYECTOS APLICADOS A LAS CIENCIAS DE LA TIERRA,CONTRATO_SERVICIOS_PROFESIONALES_PROYECTO,ADMINISTRATIVO
95541,4,2,TECNICO_OPERATIVO_MANTENIMIENTO,ADMINISTRATIVO,TÉCNICOS ESPECIALIZADOS - EJECUCIÓN DE ACTIVIDADES,CENTRO DE INVESTIGACIÓN Y PROYECTOS APLICADOS A LAS CIENCIAS DE LA TIERRA,False,0.23,OTROS_AA,False,1,0,0,False,False,7.49,0,,False,False,0,0,False,0,False,,,,,
95545,1,1,ASISTENCIA_SECRETARIAL_OFICINA,ADMINISTRATIVO,ASISTENTE EJECUTIVA 2,DIRECCIÓN DE LA SECRETARÍA TÉCNICA ACADEMICA,True,10.36,ASISTENCIA_SECRETARIAL_OFICINA,True,0,0,0,False,False,,0,,False,False,0,0,False,0,False,,,,,
95548,1,1,ASISTENCIA_SECRETARIAL_OFICINA,ADMINISTRATIVO,ASISTENTE DE ACTIVOS FIJOS,GERENCIA FINANCIERA,False,5.67,ASISTENCIA_SECRETARIAL_OFICINA,True,0,0,0,False,False,,0,,False,False,0,0,False,0,False,,,,,
95549,3,2,AUXILIAR_AYUDANTE_OPERATIVO,ADMINISTRATIVO,AUXILIAR DE SERVICIOS,DIRECCIÓN DE SERVICIOS GENERALES,False,7.0,AUXILIAR_AYUDANTE_OPERATIVO,False,2,0,0,False,False,7.69,0,,False,False,0,0,False,0,False,,,,,
95564,2,2,DOCENTE_TITULAR_CARRERA,DOCENTE,PROFESOR TITULAR AGREGADO 2 (TC),FACULTAD DE INGENIERÍA EN CIENCIAS DE LA TIERRA,True,6.44,DOCENTE_NO_TITULAR_OCASIONAL,False,1,0,0,False,False,6.44,1,AUTORIDAD_ACADEMICA_SUPERIOR,True,True,8,2,True,3,True,OTROS_AA,,,,
95565,1,1,DOCENTE_NO_TITULAR_OCASIONAL,DOCENTE,PROFESOR NO TITULAR OCASIONAL (TC),FACULTAD DE CIENCIAS DE LA VIDA,True,9.94,DOCENTE_NO_TITULAR_OCASIONAL,True,0,0,0,False,False,,0,,False,False,0,0,False,0,False,,,,,
95575,1,1,DOCENTE_NO_TITULAR_OCASIONAL,DOCENTE,PROFESOR NO TITULAR OCASIONAL (TC),FACULTAD DE INGENIERÍA EN ELECTRICIDAD Y COMPUTACIÓN,True,10.44,DOCENTE_NO_TITULAR_OCASIONAL,True,0,0,0,False,False,,0,,False,False,0,0,False,0,False,,,,,
95580,1,1,DOCENTE_NO_TITULAR_OCASIONAL,DOCENTE,PROFESOR NO TITULAR OCASIONAL (TC),FACULTAD DE CIENCIAS DE LA VIDA,False,1.83,DOCENTE_NO_TITULAR_OCASIONAL,True,0,0,0,False,False,,0,,False,False,0,0,False,0,False,,,,,
95586,1,1,DOCENTE_NO_TITULAR_OCASIONAL,DOCENTE,PROFESOR NO TITULAR OCASIONAL (TP),FACULTAD DE CIENCIAS DE LA VIDA,False,1.92,DOCENTE_NO_TITULAR_OCASIONAL,True,0,0,0,False,False,,0,,False,False,0,0,False,0,False,,,,,
95600,1,1,PROFESIONAL_ANALISTA,ADMINISTRATIVO,ANALISTA ESTADÍSTICO ACADÉMICO,FACULTAD DE CIENCIAS SOCIALES Y HUMANÍSTICAS,True,10.36,PROFESIONAL_ANALISTA,True,0,0,0,False,False,,1,DOCENTE_NO_TITULAR_OCASIONAL,True,False,0,0,False,0,False,,,,,
95603,1,1,PROFESIONAL_ANALISTA,ADMINISTRATIVO,ANALISTA DE INFORMACIÓN ACADÉMICA 2,DIRECCIÓN DE LA SECRETARÍA TÉCNICA ACADEMICA,True,10.36,PROFESIONAL_ANALISTA,True,0,0,0,False,False,,0,,False,False,0,0,False,0,False,,,,,
95607,11,1,DOCENTE_NO_TITULAR_OCASIONAL,DOCENTE,PROFESOR NO TITULAR OCASIONAL (TP),"FACULTAD DE ARTE, DISEÑO Y COMUNICACIÓN AUDIOVISUAL",True,0.34,DOCENTE_NO_TITULAR_OCASIONAL,True,0,0,0,False,False,,0,,False,False,0,0,False,0,False,,,,,
95633,1,1,DOCENTE_NO_TITULAR_OCASIONAL,DOCENTE,PROFESOR NO TITULAR OCASIONAL (TC),FACULTAD DE CIENCIAS DE LA VIDA,False,2.87,DOCENTE_NO_TITULAR_OCASIONAL,True,0,0,0,False,False,,0,,False,False,0,0,False,0,False,,SERVICIOS PROFESIONALES - EJECUCIÓN DE ACTIVIDADES,"VICERRECTORADO DE INVESTIGACIÓN, DESARROLLO E INNOVACIÓN",CONTRATO_SERVICIOS_PROFESIONALES_PROYECTO,ADMINISTRATIVO
95652,1,1,TECNICO_OPERATIVO_MANTENIMIENTO,ADMINISTRATIVO,TÉCNICOS ESPECIALIZADOS - EJECUCIÓN DE ACTIVIDADES DE INVESTIGACIÓN,DECANATO DE INVESTIGACIÓN,False,0.12,TECNICO_OPERATIVO_MANTENIMIENTO,True,0,0,0,False,False,,0,,False,False,0,0,False,0,False,,,,,
95657,1,1,ASISTENCIA_SECRETARIAL_OFICINA,ADMINISTRATIVO,ASISTENTE DE SOPORTE TÉCNICO,GERENCIA DE TECNOLOGÍAS Y SISTEMAS DE INFORMACIÓN,True,1.68,ASISTENCIA_SECRETARIAL_OFICINA,True,0,0,0,False,False,,0,,False,False,0,0,False,0,False,,,,,
95687,1,1,TECNICO_DOCENTE_APOYO,DOCENTE,TÉCNICO DE LABORATORIO 1 (TC),FACULTAD DE CIENCIAS SOCIALES Y HUMANÍSTICAS,False,0.46,TECNICO_DOCENTE_APOYO,True,0,0,0,False,False,,0,,False,False,0,0,False,0,False,,,,,
95689,1,1,TECNICO_DOCENTE_APOYO,DOCENTE,TÉCNICO DE LABORATORIO 1 (TC),FACULTAD DE CIENCIAS SOCIALES Y HUMANÍSTICAS,False,2.82,TECNICO_DOCENTE_APOYO,True,0,0,0,False,False,,0,,False,False,0,0,False,0,False,,,,,
95732,3,2,TECNICO_DOCENTE_APOYO,DOCENTE,TÉCNICO DE INVESTIGACIÓN 1 (MT),DECANATO DE INVESTIGACIÓN,False,0.14,TECNICO_OPERATIVO_MANTENIMIENTO,False,1,1,0,True,False,3.53,0,,False,False,0,0,False,0,False,,,,,
95746,1,1,TECNICO_DOCENTE_APOYO,DOCENTE,TÉCNICO DE INVESTIGACIÓN 1 (TC),FACULTAD DE INGENIERÍA EN ELECTRICIDAD Y COMPUTACIÓN,False,0.21,TECNICO_DOCENTE_APOYO,True,0,0,0,False,False,,0,,False,False,0,0,False,0,False,,,,,
95751,1,1,TECNICO_DOCENTE_APOYO,DOCENTE,TÉCNICO DOCENTE 1 (TC),FACULTAD DE INGENIERÍA MECÁNICA Y CIENCIAS DE LA PRODUCCIÓN,False,1.31,TECNICO_DOCENTE_APOYO,True,0,0,0,False,False,,0,,False,False,0,0,False,0,False,,,,,
95763,1,1,TECNICO_DOCENTE_APOYO,DOCENTE,TÉCNICO DE INVESTIGACIÓN 1 (TC),CENTRO DE INVESTIGACIONES BIOTECNOLÓGICAS DEL ECUADOR,False,0.24,TECNICO_DOCENTE_APOYO,True,0,0,0,False,False,,0,,False,False,0,0,False,0,False,,,,,
95770,2,2,ASISTENCIA_SECRETARIAL_OFICINA,ADMINISTRATIVO,ASISTENTE ADMINISTRATIVO,GERENCIA DE BIENESTAR POLITÉCNICO,True,0.68,TECNICO_DOCENTE_APOYO,False,1,0,1,False,True,0.68,0,,False,False,0,0,False,0,False,,,,,
95787,2,1,TECNICO_DOCENTE_APOYO,DOCENTE,TÉCNICO DOCENTE 1 (TC),FACULTAD DE INGENIERÍA EN ELECTRICIDAD Y COMPUTACIÓN,False,0.86,TECNICO_DOCENTE_APOYO,True,0,0,0,False,False,,0,,False,False,0,0,False,0,False,,,,,
95807,1,1,TECNICO_DOCENTE_APOYO,DOCENTE,TÉCNICO DOCENTE 1 (TC),FACULTAD DE INGENIERÍA EN ELECTRICIDAD Y COMPUTACIÓN,False,0.48,TECNICO_DOCENTE_APOYO,True,0,0,0,False,False,,0,,False,False,0,0,False,0,False,,,,,
95813,1,1,TECNICO_OPERATIVO_MANTENIMIENTO,ADMINISTRATIVO,TÉCNICOS ESPECIALIZADOS - EJECUCIÓN DE ACTIVIDADES,CENTRO DE ESTUDIOS E INVESTIGACIONES ESTADÍSTICAS,False,0.09,TECNICO_OPERATIVO_MANTENIMIENTO,True,0,0,0,False,False,,0,,False,False,0,0,False,0,False,,,,,
95830,2,1,TECNICO_DOCENTE_APOYO,DOCENTE,TÉCNICO DOCENTE 3 (TC),DIRECCIÓN DE ADMISIONES,True,0.34,TECNICO_DOCENTE_APOYO,True,0,0,0,False,False,,0,,False,False,0,0,False,0,False,,,,,
95870,3,2,TECNICO_DOCENTE_APOYO,DOCENTE,TÉCNICO DE INVESTIGACIÓN 1 (MT),DECANATO DE INVESTIGACIÓN,False,0.84,TECNICO_OPERATIVO_MANTENIMIENTO,False,1,1,0,True,False,3.53,0,,False,False,0,0,False,0,False,,,,,
95878,1,1,TECNICO_DOCENTE_APOYO,DOCENTE,TÉCNICO DE INVESTIGACIÓN 1 (TC),"CENTRO DE INVESTIGACIÓN, DESARROLLO E INNOVACIÓN DE SISTEMAS COMPUTACIONALES",False,0.24,TECNICO_DOCENTE_APOYO,True,0,0,0,False,False,,0,,False,False,0,0,False,0,False,,,,,
95911,1,1,TECNICO_DOCENTE_APOYO,DOCENTE,TÉCNICO DE LABORATORIO 1 (TC),FACULTAD DE INGENIERÍA EN CIENCIAS DE LA TIERRA,False,2.82,TECNICO_DOCENTE_APOYO,True,0,0,0,False,False,,0,,False,False,0,0,False,0,False,,,,,
95923,1,1,DOCENTE_NO_TITULAR_OCASIONAL,DOCENTE,PROFESOR NO TITULAR OCASIONAL (TP),FACULTAD DE INGENIERÍA MECÁNICA Y CIENCIAS DE LA PRODUCCIÓN,False,0.56,DOCENTE_NO_TITULAR_OCASIONAL,True,0,0,0,False,False,,0,,False,False,0,0,False,0,False,,,,,
95965,1,1,TECNICO_DOCENTE_APOYO,DOCENTE,TÉCNICO DE INVESTIGACIÓN 1 (TC),"VICERRECTORADO DE INVESTIGACIÓN, DESARROLLO E INNOVACIÓN",False,2.44,TECNICO_DOCENTE_APOYO,True,0,0,0,False,False,,0,,False,False,0,0,False,0,False,,,,,
95980,1,1,TECNICO_DOCENTE_APOYO,DOCENTE,TÉCNICO DE LABORATORIO 1 (TC),FACULTAD DE INGENIERÍA MECÁNICA Y CIENCIAS DE LA PRODUCCIÓN,False,0.13,TECNICO_DOCENTE_APOYO,True,0,0,0,False,False,,0,,False,False,0,0,False,0,False,,,,,
95985,2,1,TECNICO_DOCENTE_APOYO,DOCENTE,TÉCNICO DE LABORATORIO 1 (TC),FACULTAD DE INGENIERÍA MECÁNICA Y CIENCIAS DE LA PRODUCCIÓN,True,1.31,TECNICO_DOCENTE_APOYO,True,0,0,0,False,False,,0,,False,False,0,0,False,0,False,,,,,
95988,1,1,TECNICO_DOCENTE_APOYO,DOCENTE,TÉCNICO DE INVESTIGACIÓN 1 (TC),FACULTAD DE INGENIERÍA EN ELECTRICIDAD Y COMPUTACIÓN,False,0.21,TECNICO_DOCENTE_APOYO,True,0,0,0,False,False,,0,,False,False,0,0,False,0,False,,,,,
95991,1,1,TECNICO_OPERATIVO_MANTENIMIENTO,ADMINISTRATIVO,TÉCNICOS ESPECIALIZADOS - EJECUCIÓN DE ACTIVIDADES DE INVESTIGACIÓN,DECANATO DE INVESTIGACIÓN,False,0.2,TECNICO_OPERATIVO_MANTENIMIENTO,True,0,0,0,False,False,,0,,False,False,0,0,False,0,False,,,,,
96023,2,2,DOCENTE_NO_TITULAR_OCASIONAL,DOCENTE,PROFESOR NO TITULAR OCASIONAL (TC),FACULTAD DE INGENIERÍA EN ELECTRICIDAD Y COMPUTACIÓN,False,1.06,TECNICO_DOCENTE_APOYO,False,1,0,0,False,False,1.26,0,,False,False,0,0,False,0,False,,,,,
96029,1,1,ASISTENCIA_SECRETARIAL_OFICINA,ADMINISTRATIVO,ASISTENTE DE SOPORTE TÉCNICO,GERENCIA DE TECNOLOGÍAS Y SISTEMAS DE INFORMACIÓN,False,1.38,ASISTENCIA_SECRETARIAL_OFICINA,True,0,0,0,False,False,,0,,False,False,0,0,False,0,False,,,,,
96034,2,2,DOCENTE_NO_TITULAR_OCASIONAL,DOCENTE,PROFESOR NO TITULAR OCASIONAL (TC),FACULTAD DE INGENIERÍA EN ELECTRICIDAD Y COMPUTACIÓN,True,0.34,TECNICO_DOCENTE_APOYO,False,1,0,0,False,False,0.34,0,,False,False,0,0,False,0,False,,,,,
96042,1,1,TECNICO_DOCENTE_APOYO,DOCENTE,TÉCNICO DE LABORATORIO 1 (TC),DECANATO DE GRADO,False,1.25,TECNICO_DOCENTE_APOYO,True,0,0,0,False,False,,0,,False,False,0,0,False,0,False,,,,,
96048,3,1,TECNICO_OPERATIVO_MANTENIMIENTO,ADMINISTRATIVO,TÉCNICOS ESPECIALIZADOS - EJECUCIÓN DE ACTIVIDADES,CENTRO DE INVESTIGACIONES BIOTECNOLÓGICAS DEL ECUADOR,False,0.64,TECNICO_OPERATIVO_MANTENIMIENTO,True,0,0,0,False,False,,0,,False,False,0,0,False,0,False,,,,,
96050,2,2,TECNICO_DOCENTE_APOYO,DOCENTE,TÉCNICO DE LABORATORIO 1 (TC),CENTRO DE TECNOLOGÍAS DE LA INFORMACIÓN,False,2.12,TECNICO_OPERATIVO_MANTENIMIENTO,False,1,1,0,True,False,2.69,0,,False,False,0,0,False,0,False,,,,,
96064,1,1,TECNICO_DOCENTE_APOYO,DOCENTE,TÉCNICO DE INVESTIGACIÓN 1 (TC),CENTRO DE TECNOLOGÍAS DE LA INFORMACIÓN,False,1.49,TECNICO_DOCENTE_APOYO,True,0,0,0,False,False,,0,,False,False,0,0,False,0,False,,,,,
96137,1,1,TECNICO_DOCENTE_APOYO,DOCENTE,TÉCNICO DE LABORATORIO 1 (TC),FACULTAD DE INGENIERÍA EN CIENCIAS DE LA TIERRA,True,3.53,TECNICO_DOCENTE_APOYO,True,0,0,0,False,False,,0,,False,False,0,0,False,0,False,,,,,
96145,1,1,TECNICO_DOCENTE_APOYO,DOCENTE,TÉCNICO DOCENTE 1 (TC),FACULTAD DE INGENIERÍA EN ELECTRICIDAD Y COMPUTACIÓN,False,0.41,TECNICO_DOCENTE_APOYO,True,0,0,0,False,False,,0,,False,False,0,0,False,0,False,,,,,
96166,2,1,TECNICO_DOCENTE_APOYO,DOCENTE,TÉCNICO DE LABORATORIO 1 (TC),FACULTAD DE INGENIERÍA EN ELECTRICIDAD Y COMPUTACIÓN,True,0.36,TECNICO_DOCENTE_APOYO,True,0,0,0,False,False,,0,,False,False,0,0,False,0,False,,,,,
96198,1,1,TECNICO_DOCENTE_APOYO,DOCENTE,TÉCNICO DE LABORATORIO 1 (TC),FACULTAD DE CIENCIAS DE LA VIDA,False,0.24,TECNICO_DOCENTE_APOYO,True,0,0,0,False,False,,0,,False,False,0,0,False,0,False,,,,,
96208,1,1,TECNICO_DOCENTE_APOYO,DOCENTE,TÉCNICO DOCENTE 1 (TC),FACULTAD DE INGENIERÍA MECÁNICA Y CIENCIAS DE LA PRODUCCIÓN,False,0.64,TECNICO_DOCENTE_APOYO,True,0,0,0,False,False,,0,,False,False,0,0,False,0,False,,,,,
96213,1,1,TECNICO_DOCENTE_APOYO,DOCENTE,TÉCNICO DE INVESTIGACIÓN 1 (TC),CENTRO DE INVESTIGACIONES BIOTECNOLÓGICAS DEL ECUADOR,False,0.24,TECNICO_DOCENTE_APOYO,True,0,0,0,False,False,,0,,False,False,0,0,False,0,False,,SERVICIOS PROFESIONALES - EJECUCIÓN DE ACTIVIDADES,CENTRO DE INVESTIGACIONES BIOTECNOLÓGICAS DEL ECUADOR,CONTRATO_SERVICIOS_PROFESIONALES_PROYECTO,ADMINISTRATIVO
96225,1,1,TECNICO_OPERATIVO_MANTENIMIENTO,ADMINISTRATIVO,TÉCNICOS ESPECIALIZADOS - EJECUCIÓN DE ACTIVIDADES DE INVESTIGACIÓN,DECANATO DE INVESTIGACIÓN,False,0.64,TECNICO_OPERATIVO_MANTENIMIENTO,True,0,0,0,False,False,,0,,False,False,0,0,False,0,False,,,,,
96232,1,1,TECNICO_DOCENTE_APOYO,DOCENTE,TÉCNICO DE INVESTIGACIÓN 1 (MT),FACULTAD DE INGENIERÍA MECÁNICA Y CIENCIAS DE LA PRODUCCIÓN,False,1.08,TECNICO_DOCENTE_APOYO,True,0,0,0,False,False,,0,,False,False,0,0,False,0,False,,,,,
96244,1,1,TECNICO_DOCENTE_APOYO,DOCENTE,TÉCNICO DE LABORATORIO 1 (TC),AJÁ PARQUE DE LA CIENCIA,True,1.58,TECNICO_DOCENTE_APOYO,True,0,0,0,False,False,,0,,False,False,0,0,False,0,False,,,,,
96289,6,4,PROFESIONAL_ANALISTA,ADMINISTRATIVO,ANALISTA DE TALENTO HUMANO 1,DIRECCIÓN DE TALENTO HUMANO,True,4.2,TECNICO_OPERATIVO_MANTENIMIENTO,False,4,0,0,False,False,4.2,2,ASISTENCIA_SECRETARIAL_OFICINA,True,False,0,0,False,0,False,,,,,
96298,1,1,DOCENTE_NO_TITULAR_OCASIONAL,DOCENTE,PROFESOR NO TITULAR OCASIONAL (TC),FACULTAD DE CIENCIAS NATURALES Y MATEMÁTICAS,False,5.34,DOCENTE_NO_TITULAR_OCASIONAL,True,0,0,0,False,False,,0,,False,False,0,0,False,0,False,,,,,
96309,1,1,PROFESIONAL_ESPECIALIZADO_TECNICO,ADMINISTRATIVO,PSICÓLOGO,GERENCIA DE BIENESTAR POLITÉCNICO,True,10.2,PROFESIONAL_ESPECIALIZADO_TECNICO,True,0,0,0,False,False,,0,,False,False,0,0,False,0,False,,,,,
96314,1,1,AUXILIAR_AYUDANTE_OPERATIVO,ADMINISTRATIVO,AUXILIAR DE LABORATORIO (8HD),CENTRO NACIONAL DE ACUICULTURA E INVESTIGACIONES MARINAS,True,5.03,AUXILIAR_AYUDANTE_OPERATIVO,True,0,0,0,False,False,,0,,False,False,0,0,False,0,False,,,,,
96315,3,2,DOCENTE_NO_TITULAR_OCASIONAL,DOCENTE,PROFESOR NO TITULAR OCASIONAL (TC),DECANATO DE GRADO,True,3.33,DOCENTE_NO_TITULAR_OCASIONAL,False,2,0,0,False,False,3.33,0,,False,False,0,0,False,0,False,,,,,
96324,1,1,DOCENTE_NO_TITULAR_OCASIONAL,DOCENTE,PROFESOR NO TITULAR OCASIONAL (TC),FACULTAD DE INGENIERÍA EN ELECTRICIDAD Y COMPUTACIÓN,True,9.42,DOCENTE_NO_TITULAR_OCASIONAL,True,0,0,0,False,False,,0,,False,False,0,0,False,0,False,,,,,
96345,2,1,DOCENTE_NO_TITULAR_OCASIONAL,DOCENTE,PROFESOR NO TITULAR OCASIONAL (TC),FACULTAD DE CIENCIAS DE LA VIDA,False,2.38,DOCENTE_NO_TITULAR_OCASIONAL,True,0,0,0,False,False,,0,,False,True,1,1,False,0,True,JEFATURA_SUPERVISION_OPERATIVA,,,,
96391,1,1,DOCENTE_NO_TITULAR_OCASIONAL,DOCENTE,PROFESOR NO TITULAR OCASIONAL (TC),FACULTAD DE CIENCIAS SOCIALES Y HUMANÍSTICAS,True,9.94,DOCENTE_NO_TITULAR_OCASIONAL,True,0,0,0,False,False,,0,,False,False,0,0,False,0,False,,,,,
96448,3,1,TECNICO_OPERATIVO_MANTENIMIENTO,ADMINISTRATIVO,TÉCNICOS ESPECIALIZADOS - EJECUCIÓN DE PROYECTOS,CENTRO DE INVESTIGACIONES Y SERVICIOS EDUCATIVOS,False,0.99,TECNICO_OPERATIVO_MANTENIMIENTO,True,0,0,0,False,False,,0,,False,False,0,0,False,0,False,,,,,
96491,1,1,PROFESIONAL_ANALISTA,ADMINISTRATIVO,ANALISTA DE LABORATORIO DE INVESTIGACIÓN 2,CENTRO DE INVESTIGACIONES BIOTECNOLÓGICAS DEL ECUADOR,True,10.03,PROFESIONAL_ANALISTA,True,0,0,0,False,False,,0,,False,False,0,0,False,0,False,,,,,
96499,2,1,DOCENTE_TITULAR_CARRERA,DOCENTE,PROFESOR TITULAR AGREGADO 2 (TC),FACULTAD DE CIENCIAS NATURALES Y MATEMÁTICAS,True,0.03,DOCENTE_TITULAR_CARRERA,True,0,0,0,False,False,,0,,False,True,1,1,False,0,True,AUTORIDAD_ADMINISTRATIVA_SUPERIOR,,,,
96556,1,1,TECNICO_DOCENTE_APOYO,DOCENTE,TÉCNICO DE INVESTIGACIÓN 1 (TC),"FACULTAD DE ARTE, DISEÑO Y COMUNICACIÓN AUDIOVISUAL",True,3.53,TECNICO_DOCENTE_APOYO,True,0,0,0,False,False,,0,,False,False,0,0,False,0,False,,,,,
96570,1,1,TECNICO_DOCENTE_APOYO,DOCENTE,TÉCNICO DE LABORATORIO 1 (TC),"FACULTAD DE ARTE, DISEÑO Y COMUNICACIÓN AUDIOVISUAL",False,0.24,TECNICO_DOCENTE_APOYO,True,0,0,0,False,False,,0,,False,False,0,0,False,0,False,,,,,
96574,1,1,TECNICO_OPERATIVO_MANTENIMIENTO,ADMINISTRATIVO,TÉCNICOS ESPECIALIZADOS - EJECUCIÓN DE ACTIVIDADES,UNIDAD DE VINCULACIÓN CON LA SOCIEDAD,False,0.48,TECNICO_OPERATIVO_MANTENIMIENTO,True,0,0,0,False,False,,0,,False,False,0,0,False,0,False,,,,,
96607,2,1,TECNICO_DOCENTE_APOYO,DOCENTE,TÉCNICO DE LABORATORIO 1 (TC),FACULTAD DE CIENCIAS DE LA VIDA,True,2.56,TECNICO_DOCENTE_APOYO,True,0,0,0,False,False,,0,,False,False,0,0,False,0,False,,,,,
96618,1,1,TECNICO_DOCENTE_APOYO,DOCENTE,TÉCNICO DOCENTE 3 (TC),DIRECCIÓN DE ADMISIONES,False,1.39,TECNICO_DOCENTE_APOYO,True,0,0,0,False,False,,0,,False,False,0,0,False,0,False,,,,,
96625,1,1,TECNICO_DOCENTE_APOYO,DOCENTE,TÉCNICO DE LABORATORIO 1 (TC),FACULTAD DE CIENCIAS DE LA VIDA,False,0.24,TECNICO_DOCENTE_APOYO,True,0,0,0,False,False,,0,,False,False,0,0,False,0,False,,,,,
96626,1,1,TECNICO_DOCENTE_APOYO,DOCENTE,TÉCNICO DE LABORATORIO 1 (TC),FACULTAD DE CIENCIAS DE LA VIDA,True,3.3,TECNICO_DOCENTE_APOYO,True,0,0,0,False,False,,0,,False,False,0,0,False,0,False,,,,,
96660,1,1,TECNICO_DOCENTE_APOYO,DOCENTE,TÉCNICO DE INVESTIGACIÓN 1 (TC),FACULTAD DE INGENIERÍA EN CIENCIAS DE LA TIERRA,True,0.91,TECNICO_DOCENTE_APOYO,True,0,0,0,False,False,,0,,False,False,0,0,False,0,False,,,,,
96672,1,1,TECNICO_DOCENTE_APOYO,DOCENTE,TÉCNICO DE INVESTIGACIÓN 1 (TC),FACULTAD DE INGENIERÍA EN ELECTRICIDAD Y COMPUTACIÓN,False,0.24,TECNICO_DOCENTE_APOYO,True,0,0,0,False,False,,0,,False,False,0,0,False,0,False,,,,,
96707,1,1,TECNICO_DOCENTE_APOYO,DOCENTE,TÉCNICO DE LABORATORIO 1 (TC),FACULTAD DE INGENIERÍA MECÁNICA Y CIENCIAS DE LA PRODUCCIÓN,False,0.24,TECNICO_DOCENTE_APOYO,True,0,0,0,False,False,,0,,False,False,0,0,False,0,False,,,,,
96713,1,1,TECNICO_DOCENTE_APOYO,DOCENTE,TÉCNICO DE LABORATORIO 1 (TC),FACULTAD DE INGENIERÍA MECÁNICA Y CIENCIAS DE LA PRODUCCIÓN,False,0.13,TECNICO_DOCENTE_APOYO,True,0,0,0,False,False,,0,,False,False,0,0,False,0,False,,,,,
96742,3,1,TECNICO_OPERATIVO_MANTENIMIENTO,ADMINISTRATIVO,TÉCNICOS ESPECIALIZADOS - EJECUCIÓN DE ACTIVIDADES DE INVESTIGACIÓN,DECANATO DE INVESTIGACIÓN,False,0.3,TECNICO_OPERATIVO_MANTENIMIENTO,True,0,0,0,False,False,,0,,False,False,0,0,False,0,False,,,,,
96832,3,2,PROFESIONAL_ANALISTA,ADMINISTRATIVO,ANALISTA DE DESARROLLO DE SISTEMAS 1,GERENCIA DE TECNOLOGÍAS Y SISTEMAS DE INFORMACIÓN,True,2.69,TECNICO_OPERATIVO_MANTENIMIENTO,False,1,0,0,False,False,2.69,0,,False,False,0,0,False,0,False,,,,,
96833,1,1,TECNICO_OPERATIVO_MANTENIMIENTO,ADMINISTRATIVO,TÉCNICOS ESPECIALIZADOS - EJECUCIÓN DE ACTIVIDADES,UNIDAD DE VINCULACIÓN CON LA SOCIEDAD,False,0.48,TECNICO_OPERATIVO_MANTENIMIENTO,True,0,0,0,False,False,,0,,False,False,0,0,False,0,False,,,,,
96841,2,1,TECNICO_OPERATIVO_MANTENIMIENTO,ADMINISTRATIVO,TÉCNICOS ESPECIALIZADOS - EJECUCIÓN DE PROYECTOS,GERENCIA DE TECNOLOGÍAS Y SISTEMAS DE INFORMACIÓN,False,0.02,TECNICO_OPERATIVO_MANTENIMIENTO,True,0,0,0,False,False,,0,,False,False,0,0,False,0,False,,,,,
96852,2,1,TECNICO_OPERATIVO_MANTENIMIENTO,ADMINISTRATIVO,TÉCNICOS ESPECIALIZADOS - EJECUCIÓN DE PROYECTOS,GERENCIA DE TECNOLOGÍAS Y SISTEMAS DE INFORMACIÓN,False,0.07,TECNICO_OPERATIVO_MANTENIMIENTO,True,0,0,0,False,False,,0,,False,False,0,0,False,0,False,,SERVICIOS PROFESIONALES - EJECUCIÓN DE ACTIVIDADES,GERENCIA DE TECNOLOGÍAS Y SISTEMAS DE INFORMACIÓN,CONTRATO_SERVICIOS_PROFESIONALES_PROYECTO,ADMINISTRATIVO
96856,17,1,ASISTENCIA_SECRETARIAL_OFICINA,ADMINISTRATIVO,ASISTENTE DE SOPORTE TÉCNICO,FACULTAD DE INGENIERÍA EN ELECTRICIDAD Y COMPUTACIÓN,True,0.03,ASISTENCIA_SECRETARIAL_OFICINA,True,0,0,0,False,False,,0,,False,False,0,0,False,0,False,,,,,
96863,1,1,TECNICO_DOCENTE_APOYO,DOCENTE,TÉCNICO DE INVESTIGACIÓN 1 (TC),CENTRO ECUATORIANO DE INVESTIGACIÓN Y DESARROLLO EN NANOTECNOLOGÍA,False,0.24,TECNICO_DOCENTE_APOYO,True,0,0,0,False,False,,0,,False,False,0,0,False,0,False,,,,,
96867,2,1,TECNICO_DOCENTE_APOYO,DOCENTE,TÉCNICO DE INVESTIGACIÓN 2 (TC),FACULTAD DE INGENIERÍA MECÁNICA Y CIENCIAS DE LA PRODUCCIÓN,True,0.64,TECNICO_DOCENTE_APOYO,True,0,0,0,False,False,,0,,False,False,0,0,False,0,False,,,,,
96877,1,1,TECNICO_DOCENTE_APOYO,DOCENTE,TÉCNICO DE INVESTIGACIÓN 1 (TC),FACULTAD DE CIENCIAS NATURALES Y MATEMÁTICAS,False,1.84,TECNICO_DOCENTE_APOYO,True,0,0,0,False,False,,0,,False,False,0,0,False,0,False,,SERVICIOS PROFESIONALES - EJECUCIÓN DE ACTIVIDADES,CENTRO DE INVESTIGACIONES BIOTECNOLÓGICAS DEL ECUADOR,CONTRATO_SERVICIOS_PROFESIONALES_PROYECTO,ADMINISTRATIVO
96900,1,1,TECNICO_DOCENTE_APOYO,DOCENTE,TÉCNICO DE INVESTIGACIÓN 1 (TC),FACULTAD DE INGENIERÍA MARÍTIMA Y CIENCIAS DEL MAR,False,0.62,TECNICO_DOCENTE_APOYO,True,0,0,0,False,False,,0,,False,False,0,0,False,0,False,,,,,
96905,1,1,DOCENTE_NO_TITULAR_OCASIONAL,DOCENTE,PROFESOR NO TITULAR OCASIONAL (TC),FACULTAD DE INGENIERÍA MECÁNICA Y CIENCIAS DE LA PRODUCCIÓN,True,1.95,DOCENTE_NO_TITULAR_OCASIONAL,True,0,0,0,False,False,,0,,False,True,3,1,False,0,True,JEFATURA_SUPERVISION_OPERATIVA,,,,
96906,1,1,TECNICO_OPERATIVO_MANTENIMIENTO,ADMINISTRATIVO,TÉCNICOS ESPECIALIZADOS - EJECUCIÓN DE ACTIVIDADES DE INVESTIGACIÓN,CENTRO DE ENERGÍAS RENOVABLES Y ALTERNATIVAS,False,0.98,TECNICO_OPERATIVO_MANTENIMIENTO,True,0,0,0,False,False,,0,,False,False,0,0,False,0,False,,,,,
96924,2,1,TECNICO_DOCENTE_APOYO,DOCENTE,TÉCNICO DE INVESTIGACIÓN 2 (TC),FACULTAD DE INGENIERÍA MECÁNICA Y CIENCIAS DE LA PRODUCCIÓN,True,0.28,TECNICO_DOCENTE_APOYO,True,0,0,0,False,False,,0,,False,False,0,0,False,0,False,,,,,
96954,1,1,TECNICO_DOCENTE_APOYO,DOCENTE,TÉCNICO DE INVESTIGACIÓN 1 (TC),DECANATO DE INVESTIGACIÓN,False,0.84,TECNICO_DOCENTE_APOYO,True,0,0,0,False,False,,0,,False,False,0,0,False,0,False,,,,,
96958,5,2,TECNICO_DOCENTE_APOYO,DOCENTE,TÉCNICO DE INVESTIGACIÓN 1 (TC),FACULTAD DE CIENCIAS SOCIALES Y HUMANÍSTICAS,False,1.97,TECNICO_OPERATIVO_MANTENIMIENTO,False,1,1,0,True,False,3.53,0,,False,False,0,0,False,0,False,,,,,
97002,4,2,TECNICO_DOCENTE_APOYO,DOCENTE,TÉCNICO DE INVESTIGACIÓN 1 (TC),FACULTAD DE CIENCIAS SOCIALES Y HUMANÍSTICAS,False,0.22,TECNICO_OPERATIVO_MANTENIMIENTO,False,1,1,0,True,False,3.33,0,,False,False,0,0,False,0,False,,,,,
97011,1,1,TECNICO_DOCENTE_APOYO,DOCENTE,TÉCNICO DE LABORATORIO 1 (TC),FACULTAD DE INGENIERÍA MECÁNICA Y CIENCIAS DE LA PRODUCCIÓN,False,0.24,TECNICO_DOCENTE_APOYO,True,0,0,0,False,False,,0,,False,False,0,0,False,0,False,,,,,
97024,1,1,TECNICO_DOCENTE_APOYO,DOCENTE,TÉCNICO DE INVESTIGACIÓN 1 (TC),FACULTAD DE INGENIERÍA EN ELECTRICIDAD Y COMPUTACIÓN,False,0.24,TECNICO_DOCENTE_APOYO,True,0,0,0,False,False,,0,,False,False,0,0,False,0,False,,,,,
97029,1,1,TECNICO_DOCENTE_APOYO,DOCENTE,TÉCNICO DE LABORATORIO 1 (TC),FACULTAD DE INGENIERÍA EN CIENCIAS DE LA TIERRA,False,1.51,TECNICO_DOCENTE_APOYO,True,0,0,0,False,False,,0,,False,False,0,0,False,0,False,,,,,
97037,1,1,TECNICO_DOCENTE_APOYO,DOCENTE,TÉCNICO DOCENTE 1 (TC),FACULTAD DE INGENIERÍA EN ELECTRICIDAD Y COMPUTACIÓN,False,0.38,TECNICO_DOCENTE_APOYO,True,0,0,0,False,False,,0,,False,False,0,0,False,0,False,,,,,
97056,1,1,TECNICO_DOCENTE_APOYO,DOCENTE,TÉCNICO DOCENTE 1 (TC),FACULTAD DE CIENCIAS NATURALES Y MATEMÁTICAS,False,1.37,TECNICO_DOCENTE_APOYO,True,0,0,0,False,False,,0,,False,False,0,0,False,0,False,,,,,
97077,1,1,TECNICO_DOCENTE_APOYO,DOCENTE,TÉCNICO DE INVESTIGACIÓN 1 (TC),FACULTAD DE INGENIERÍA EN CIENCIAS DE LA TIERRA,False,0.24,TECNICO_DOCENTE_APOYO,True,0,0,0,False,False,,0,,False,False,0,0,False,0,False,,,,,
97130,2,2,TECNICO_DOCENTE_APOYO,DOCENTE,TÉCNICO DOCENTE 1 (TC),FACULTAD DE INGENIERÍA MECÁNICA Y CIENCIAS DE LA PRODUCCIÓN,True,3.53,TECNICO_OPERATIVO_MANTENIMIENTO,False,1,1,0,True,False,3.53,0,,False,True,1,1,False,0,True,JEFATURA_SUPERVISION_OPERATIVA,,,,
97137,1,1,TECNICO_DOCENTE_APOYO,DOCENTE,TÉCNICO DE INVESTIGACIÓN 1 (TC),FACULTAD DE INGENIERÍA EN CIENCIAS DE LA TIERRA,False,1.08,TECNICO_DOCENTE_APOYO,True,0,0,0,False,False,,0,,False,False,0,0,False,0,False,,,,,
97139,2,2,TECNICO_DOCENTE_APOYO,DOCENTE,TÉCNICO DE LABORATORIO 1 (TC),FACULTAD DE INGENIERÍA EN CIENCIAS DE LA TIERRA,True,3.58,TECNICO_OPERATIVO_MANTENIMIENTO,False,1,1,0,True,False,3.58,0,,False,False,0,0,False,0,False,,,,,
97140,1,1,TECNICO_DOCENTE_APOYO,DOCENTE,TÉCNICO DE INVESTIGACIÓN 1 (TC),FACULTAD DE CIENCIAS NATURALES Y MATEMÁTICAS,False,2.21,TECNICO_DOCENTE_APOYO,True,0,0,0,False,False,,0,,False,False,0,0,False,0,False,,,,,
97145,2,1,TECNICO_DOCENTE_APOYO,DOCENTE,TÉCNICO DOCENTE 1 (TC),FACULTAD DE INGENIERÍA MARÍTIMA Y CIENCIAS DEL MAR,True,1.95,TECNICO_DOCENTE_APOYO,True,0,0,0,False,False,,0,,False,False,0,0,False,0,False,,,,,
97155,3,2,DOCENTE_NO_TITULAR_OCASIONAL,DOCENTE,PROFESOR NO TITULAR OCASIONAL (TC),FACULTAD DE CIENCIAS NATURALES Y MATEMÁTICAS,False,0.34,TECNICO_DOCENTE_APOYO,False,1,0,0,False,False,0.95,0,,False,False,0,0,False,0,False,,,,,
97158,2,1,TECNICO_OPERATIVO_MANTENIMIENTO,ADMINISTRATIVO,TÉCNICOS ESPECIALIZADOS - EJECUCIÓN DE ACTIVIDADES DE INVESTIGACIÓN,FACULTAD DE INGENIERÍA MECÁNICA Y CIENCIAS DE LA PRODUCCIÓN,False,0.97,TECNICO_OPERATIVO_MANTENIMIENTO,True,0,0,0,False,False,,0,,False,False,0,0,False,0,False,,,,,
97195,1,1,TECNICO_DOCENTE_APOYO,DOCENTE,TÉCNICO DOCENTE 1 (TC),FACULTAD DE CIENCIAS SOCIALES Y HUMANÍSTICAS,False,2.77,TECNICO_DOCENTE_APOYO,True,0,0,0,False,False,,0,,False,False,0,0,False,0,False,,,,,
97239,2,1,TECNICO_DOCENTE_APOYO,DOCENTE,TÉCNICO DOCENTE 3 (TC),DIRECCIÓN DE ADMISIONES,False,0.67,TECNICO_DOCENTE_APOYO,True,0,0,0,False,False,,0,,False,False,0,0,False,0,False,,,,,
97254,1,1,TECNICO_DOCENTE_APOYO,DOCENTE,TÉCNICO DE INVESTIGACIÓN 1 (TC),FACULTAD DE INGENIERÍA EN CIENCIAS DE LA TIERRA,False,0.24,TECNICO_DOCENTE_APOYO,True,0,0,0,False,False,,0,,False,False,0,0,False,0,False,,,,,
97298,2,1,TECNICO_OPERATIVO_MANTENIMIENTO,ADMINISTRATIVO,TÉCNICOS ESPECIALIZADOS - EJECUCIÓN DE PROYECTOS DE INVESTIGACIÓN,GERENCIA DE TECNOLOGÍAS Y SISTEMAS DE INFORMACIÓN,False,0.07,TECNICO_OPERATIVO_MANTENIMIENTO,True,0,0,0,False,False,,0,,False,False,0,0,False,0,False,,,,,
97299,1,1,TECNICO_DOCENTE_APOYO,DOCENTE,TÉCNICO DOCENTE 3 (TC),DIRECCIÓN DE ADMISIONES,True,0.2,TECNICO_DOCENTE_APOYO,True,0,0,0,False,False,,0,,False,False,0,0,False,0,False,,,,,
97328,1,1,TECNICO_DOCENTE_APOYO,DOCENTE,TÉCNICO DE LABORATORIO 1 (TC),FACULTAD DE INGENIERÍA EN CIENCIAS DE LA TIERRA,True,2.9,TECNICO_DOCENTE_APOYO,True,0,0,0,False,False,,0,,False,False,0,0,False,0,False,,,,,
97362,1,1,TECNICO_DOCENTE_APOYO,DOCENTE,TÉCNICO DOCENTE 3 (TC),DIRECCIÓN DE ADMISIONES,False,2.32,TECNICO_DOCENTE_APOYO,True,0,0,0,False,False,,0,,False,False,0,0,False,0,False,,SERVICIOS PROFESIONALES - EJECUCIÓN DE ACTIVIDADES,DECANATO DE GRADO,CONTRATO_SERVICIOS_PROFESIONALES_PROYECTO,ADMINISTRATIVO
97379,1,1,TECNICO_DOCENTE_APOYO,DOCENTE,TÉCNICO DE LABORATORIO 1 (TC),"FACULTAD DE ARTE, DISEÑO Y COMUNICACIÓN AUDIOVISUAL",False,0.24,TECNICO_DOCENTE_APOYO,True,0,0,0,False,False,,0,,False,False,0,0,False,0,False,,,,,
97410,1,1,TECNICO_DOCENTE_APOYO,DOCENTE,TÉCNICO DE LABORATORIO 1 (TC),FACULTAD DE INGENIERÍA MECÁNICA Y CIENCIAS DE LA PRODUCCIÓN,True,0.91,TECNICO_DOCENTE_APOYO,True,0,0,0,False,False,,0,,False,False,0,0,False,0,False,,,,,
97455,2,1,TECNICO_OPERATIVO_MANTENIMIENTO,ADMINISTRATIVO,TÉCNICOS ESPECIALIZADOS - EJECUCIÓN DE PROYECTOS,CENTRO DE INVESTIGACIONES Y SERVICIOS EDUCATIVOS,False,0.0,TECNICO_OPERATIVO_MANTENIMIENTO,True,0,0,0,False,False,,0,,False,False,0,0,False,0,False,,,,,
97461,3,2,DOCENTE_TITULAR_CARRERA,DOCENTE,PROFESOR TITULAR AUXILIAR 1 (TC),FACULTAD DE CIENCIAS NATURALES Y MATEMÁTICAS,True,0.15,DOCENTE_NO_TITULAR_OCASIONAL,False,1,0,0,False,False,0.15,1,DOCENTE_TITULAR_CARRERA,True,True,1,1,False,0,True,JEFATURA_SUPERVISION_OPERATIVA,,,,
97463,1,1,DOCENTE_NO_TITULAR_OCASIONAL,DOCENTE,PROFESOR NO TITULAR OCASIONAL (TC),FACULTAD DE CIENCIAS DE LA VIDA,True,9.94,DOCENTE_NO_TITULAR_OCASIONAL,True,0,0,0,False,False,,0,,False,True,1,1,False,0,True,JEFATURA_SUPERVISION_OPERATIVA,,,,
97465,2,2,DOCENTE_TITULAR_CARRERA,DOCENTE,PROFESOR TITULAR AUXILIAR 1 (TC),"FACULTAD DE ARTE, DISEÑO Y COMUNICACIÓN AUDIOVISUAL",True,0.15,DOCENTE_NO_TITULAR_OCASIONAL,False,1,0,0,False,False,0.15,0,,False,False,0,0,False,0,False,,,,,
97468,1,1,DOCENTE_NO_TITULAR_OCASIONAL,DOCENTE,PROFESOR NO TITULAR OCASIONAL (TC),FACULTAD DE CIENCIAS DE LA VIDA,True,9.94,DOCENTE_NO_TITULAR_OCASIONAL,True,0,0,0,False,False,,0,,False,True,1,1,False,0,True,JEFATURA_SUPERVISION_OPERATIVA,,,,
97471,2,2,DOCENTE_NO_TITULAR_OCASIONAL,DOCENTE,PROFESOR NO TITULAR OCASIONAL (TC),DECANATO DE GRADO,False,5.0,TECNICO_OPERATIVO_MANTENIMIENTO,False,1,1,0,True,False,9.94,0,,False,False,0,0,False,0,False,,,,,
97472,1,1,DOCENTE_NO_TITULAR_OCASIONAL,DOCENTE,PROFESOR NO TITULAR OCASIONAL (TC),DECANATO DE GRADO,False,7.38,DOCENTE_NO_TITULAR_OCASIONAL,True,0,0,0,False,False,,0,,False,False,0,0,False,0,False,,,,,
97473,1,1,DOCENTE_NO_TITULAR_OCASIONAL,DOCENTE,PROFESOR NO TITULAR OCASIONAL (TC),FACULTAD DE CIENCIAS SOCIALES Y HUMANÍSTICAS,True,9.86,DOCENTE_NO_TITULAR_OCASIONAL,True,0,0,0,False,False,,0,,False,False,0,0,False,0,False,,,,,
97486,1,1,DOCENTE_NO_TITULAR_OCASIONAL,DOCENTE,PROFESOR NO TITULAR OCASIONAL (TC),DIRECCIÓN DE ADMISIONES,False,3.39,DOCENTE_NO_TITULAR_OCASIONAL,True,0,0,0,False,False,,0,,False,True,2,1,False,0,True,JEFATURA_SUPERVISION_OPERATIVA,,,,
97530,1,1,DOCENTE_NO_TITULAR_OCASIONAL,DOCENTE,PROFESOR NO TITULAR OCASIONAL (TC),FACULTAD DE CIENCIAS NATURALES Y MATEMÁTICAS,True,9.42,DOCENTE_NO_TITULAR_OCASIONAL,True,0,0,0,False,False,,0,,False,True,1,1,False,0,True,AUTORIDAD_ADMINISTRATIVA_SUPERIOR,,,,
97562,1,1,TECNICO_DOCENTE_APOYO,DOCENTE,TÉCNICO DE INVESTIGACIÓN 2 (TC),CENTRO NACIONAL DE ACUICULTURA E INVESTIGACIONES MARINAS,True,0.94,TECNICO_DOCENTE_APOYO,True,0,0,0,False,False,,1,ASISTENCIA_SECRETARIAL_OFICINA,True,False,0,0,False,0,False,,,,,
97570,1,1,ASISTENCIA_SECRETARIAL_OFICINA,ADMINISTRATIVO,ASISTENTE DE CALIDAD Y EVALUACIÓN,DESCONOCIDA,False,0.58,ASISTENCIA_SECRETARIAL_OFICINA,True,0,0,0,False,False,,0,,False,False,0,0,False,0,False,,,,,
97577,1,1,TECNICO_OPERATIVO_MANTENIMIENTO,ADMINISTRATIVO,TÉCNICOS ESPECIALIZADOS - EJECUCIÓN DE PROYECTOS,DESCONOCIDA,False,0.99,TECNICO_OPERATIVO_MANTENIMIENTO,True,0,0,0,False,False,,0,,False,False,0,0,False,0,False,,SERVICIOS PROFESIONALES - EJECUCIÓN DE ACTIVIDADES,DECANATO DE INVESTIGACIÓN,CONTRATO_SERVICIOS_PROFESIONALES_PROYECTO,ADMINISTRATIVO
97601,1,1,AUXILIAR_AYUDANTE_OPERATIVO,ADMINISTRATIVO,AUXILIAR DE SERVICIOS,FACULTAD DE CIENCIAS SOCIALES Y HUMANÍSTICAS,False,7.41,AUXILIAR_AYUDANTE_OPERATIVO,True,0,0,0,False,False,,0,,False,False,0,0,False,0,False,,,,,
97602,3,2,TECNICO_DOCENTE_APOYO,DOCENTE,TÉCNICO DOCENTE 1 (TC),FACULTAD DE CIENCIAS NATURALES Y MATEMÁTICAS,False,4.07,DOCENTE_NO_TITULAR_OCASIONAL,False,1,0,0,False,False,8.69,0,,False,False,0,0,False,0,False,,,,,
97637,1,1,AUXILIAR_AYUDANTE_OPERATIVO,ADMINISTRATIVO,AUXILIAR DE SERVICIOS,"FACULTAD DE ARTE, DISEÑO Y COMUNICACIÓN AUDIOVISUAL",True,9.86,AUXILIAR_AYUDANTE_OPERATIVO,True,0,0,0,False,False,,0,,False,False,0,0,False,0,False,,,,,
97664,3,2,DOCENTE_NO_TITULAR_OCASIONAL,DOCENTE,PROFESOR NO TITULAR OCASIONAL (TC),FACULTAD DE CIENCIAS SOCIALES Y HUMANÍSTICAS,True,6.28,DOCENTE_NO_TITULAR_OCASIONAL,False,2,0,0,False,False,6.28,0,,False,True,1,1,False,0,True,JEFATURA_SUPERVISION_OPERATIVA,,,,
97667,1,1,PROFESIONAL_ANALISTA,ADMINISTRATIVO,ANALISTA DE COMUNICACIÓN 2,GERENCIA DE COMUNICACIÓN,True,9.69,PROFESIONAL_ANALISTA,True,0,0,0,False,False,,0,,False,False,0,0,False,0,False,,,,,
97668,1,1,PROFESIONAL_ANALISTA,ADMINISTRATIVO,ANALISTA DE INFORMACIÓN BIBLIOTECARIO,CENTRO DE INFORMACIÓN BIBLIOTECARIA,True,9.69,PROFESIONAL_ANALISTA,True,0,0,0,False,False,,0,,False,False,0,0,False,0,False,,,,,
97687,1,1,PROFESIONAL_ANALISTA,ADMINISTRATIVO,ANALISTA DE LABORATORIO DE INVESTIGACIÓN 2,CENTRO NACIONAL DE ACUICULTURA E INVESTIGACIONES MARINAS,False,7.66,PROFESIONAL_ANALISTA,True,0,0,0,False,False,,0,,False,False,0,0,False,0,False,,,,,
97703,3,3,TECNICO_DOCENTE_APOYO,DOCENTE,TÉCNICO DE INVESTIGACIÓN 1 (TC),CENTRO DE INVESTIGACIONES BIOTECNOLÓGICAS DEL ECUADOR,False,0.62,TECNICO_OPERATIVO_MANTENIMIENTO,False,2,1,0,True,False,0.94,0,,False,False,0,0,False,0,False,,SERVICIOS PROFESIONALES - EJECUCIÓN DE ACTIVIDADES,CENTRO DE INVESTIGACIONES BIOTECNOLÓGICAS DEL ECUADOR,CONTRATO_SERVICIOS_PROFESIONALES_PROYECTO,ADMINISTRATIVO
97706,1,1,PROFESIONAL_ANALISTA,ADMINISTRATIVO,AUDITOR INTERNO 1,DESCONOCIDA,False,3.43,PROFESIONAL_ANALISTA,True,0,0,0,False,False,,0,,False,True,1,1,True,1,False,OTROS_AA,,,,
97741,2,1,TECNICO_OPERATIVO_MANTENIMIENTO,ADMINISTRATIVO,TÉCNICOS ESPECIALIZADOS - EJECUCIÓN DE PROYECTOS,DESCONOCIDA,False,0.08,TECNICO_OPERATIVO_MANTENIMIENTO,True,0,0,0,False,False,,0,,False,False,0,0,False,0,False,,,,,
97762,1,1,PROFESIONAL_ANALISTA,ADMINISTRATIVO,ANALISTA ADMINISTRATIVO,"FACULTAD DE ARTE, DISEÑO Y COMUNICACIÓN AUDIOVISUAL",False,2.58,PROFESIONAL_ANALISTA,True,0,0,0,False,False,,1,ASISTENCIA_SECRETARIAL_OFICINA,True,False,0,0,False,0,False,,,,,
97773,6,3,PROFESIONAL_ANALISTA,ADMINISTRATIVO,ANALISTA DE INFRAESTRUCTURA FÍSICA 2,GERENCIA DE INFRAESTRUCTURA FÍSICA,True,5.68,JEFATURA_SUPERVISION_OPERATIVA,False,2,0,0,False,False,5.68,0,,False,False,0,0,False,0,False,,,,,
97829,1,1,TECNICO_DOCENTE_APOYO,DOCENTE,TÉCNICO DOCENTE 1 (TC),FACULTAD DE INGENIERÍA MECÁNICA Y CIENCIAS DE LA PRODUCCIÓN,True,2.92,TECNICO_DOCENTE_APOYO,True,0,0,0,False,False,,0,,False,False,0,0,False,0,False,,,,,
97836,2,2,ASISTENCIA_SECRETARIAL_OFICINA,ADMINISTRATIVO,ASISTENTE DE INFRAESTRUCTURA FÍSICA,GERENCIA DE INFRAESTRUCTURA FÍSICA,False,1.83,TECNICO_OPERATIVO_MANTENIMIENTO,False,1,0,0,False,False,3.11,0,,False,False,0,0,False,0,False,,,,,
97845,1,1,TECNICO_DOCENTE_APOYO,DOCENTE,TÉCNICO DOCENTE 1 (TC),FACULTAD DE INGENIERÍA EN ELECTRICIDAD Y COMPUTACIÓN,False,1.75,TECNICO_DOCENTE_APOYO,True,0,0,0,False,False,,0,,False,True,1,1,False,0,True,JEFATURA_SUPERVISION_OPERATIVA,,,,
97846,1,1,TECNICO_DOCENTE_APOYO,DOCENTE,TÉCNICO DE INVESTIGACIÓN 1 (MT),DECANATO DE INVESTIGACIÓN,False,0.84,TECNICO_DOCENTE_APOYO,True,0,0,0,False,False,,0,,False,False,0,0,False,0,False,,,,,
97853,2,2,TECNICO_DOCENTE_APOYO,DOCENTE,TÉCNICO DE INVESTIGACIÓN 1 (TC),FACULTAD DE INGENIERÍA MECÁNICA Y CIENCIAS DE LA PRODUCCIÓN,False,1.25,TECNICO_OPERATIVO_MANTENIMIENTO,False,1,1,0,True,False,3.53,0,,False,False,0,0,False,0,False,,,,,
97876,1,1,TECNICO_DOCENTE_APOYO,DOCENTE,TÉCNICO DE INVESTIGACIÓN 1 (TC),DECANATO DE INVESTIGACIÓN,False,0.26,TECNICO_DOCENTE_APOYO,True,0,0,0,False,False,,0,,False,False,0,0,False,0,False,,,,,
97894,2,1,TECNICO_OPERATIVO_MANTENIMIENTO,ADMINISTRATIVO,TÉCNICOS ESPECIALIZADOS - EJECUCIÓN DE ACTIVIDADES DE INVESTIGACIÓN,FACULTAD DE CIENCIAS SOCIALES Y HUMANÍSTICAS,False,0.14,TECNICO_OPERATIVO_MANTENIMIENTO,True,0,0,0,False,False,,0,,False,False,0,0,False,0,False,,,,,
97926,2,1,TECNICO_DOCENTE_APOYO,DOCENTE,TÉCNICO DOCENTE 3 (TC),DIRECCIÓN DE ADMISIONES,True,1.97,TECNICO_DOCENTE_APOYO,True,0,0,0,False,False,,0,,False,False,0,0,False,0,False,,,,,
97928,2,1,TECNICO_DOCENTE_APOYO,DOCENTE,TÉCNICO DE INVESTIGACIÓN 1 (TC),"FACULTAD DE ARTE, DISEÑO Y COMUNICACIÓN AUDIOVISUAL",True,2.27,TECNICO_DOCENTE_APOYO,True,0,0,0,False,False,,0,,False,False,0,0,False,0,False,,,,,
97933,1,1,TECNICO_OPERATIVO_MANTENIMIENTO,ADMINISTRATIVO,TÉCNICOS ESPECIALIZADOS - EJECUCIÓN DE ACTIVIDADES DE INVESTIGACIÓN,DECANATO DE INVESTIGACIÓN,False,0.58,TECNICO_OPERATIVO_MANTENIMIENTO,True,0,0,0,False,False,,0,,False,False,0,0,False,0,False,,,,,
98030,2,2,TECNICO_DOCENTE_APOYO,DOCENTE,TECNICO DOCENTE 1,FACULTAD DE CIENCIAS NATURALES Y MATEMÁTICAS,False,2.14,DOCENTE_NO_TITULAR_OCASIONAL,False,1,0,0,False,False,8.69,0,,False,False,0,0,False,0,False,,,,,
98034,2,2,DOCENTE_TITULAR_CARRERA,DOCENTE,PROFESOR TITULAR AGREGADO 1 (TC),FACULTAD DE CIENCIAS DE LA VIDA,True,3.28,DOCENTE_NO_TITULAR_OCASIONAL,False,1,0,0,False,False,3.28,0,,False,True,1,1,False,0,True,OTROS_AA,,,,
98037,2,1,DOCENTE_NO_TITULAR_OCASIONAL,DOCENTE,PROFESOR NO TITULAR OCASIONAL (TC),FACULTAD DE CIENCIAS NATURALES Y MATEMÁTICAS,False,1.1,DOCENTE_NO_TITULAR_OCASIONAL,True,0,0,0,False,False,,0,,False,True,1,1,False,0,True,AUTORIDAD_ADMINISTRATIVA_SUPERIOR,,,,
98038,1,1,DOCENTE_NO_TITULAR_OCASIONAL,DOCENTE,PROFESOR NO TITULAR OCASIONAL (TC),FACULTAD DE CIENCIAS NATURALES Y MATEMÁTICAS,True,8.94,DOCENTE_NO_TITULAR_OCASIONAL,True,0,0,0,False,False,,0,,False,True,1,1,False,0,True,JEFATURA_SUPERVISION_OPERATIVA,,,,
98040,1,1,DOCENTE_NO_TITULAR_OCASIONAL,DOCENTE,PROFESOR NO TITULAR OCASIONAL (TC),FACULTAD DE CIENCIAS NATURALES Y MATEMÁTICAS,True,8.94,DOCENTE_NO_TITULAR_OCASIONAL,True,0,0,0,False,False,,0,,False,True,3,2,False,0,True,JEFATURA_SUPERVISION_OPERATIVA,,,,
98044,1,1,TECNICO_DOCENTE_APOYO,DOCENTE,TÉCNICO DOCENTE 3 (TC),DIRECCIÓN DE ADMISIONES,True,2.98,TECNICO_DOCENTE_APOYO,True,0,0,0,False,False,,0,,False,False,0,0,False,0,False,,,,,
98053,3,2,TECNICO_DOCENTE_APOYO,DOCENTE,TÉCNICO DE INVESTIGACIÓN 1 (TC),FACULTAD DE CIENCIAS SOCIALES Y HUMANÍSTICAS,False,1.34,TECNICO_OPERATIVO_MANTENIMIENTO,False,1,1,0,True,False,2.9,0,,False,False,0,0,False,0,False,,,,,
98113,1,1,TECNICO_DOCENTE_APOYO,DOCENTE,TÉCNICO DE LABORATORIO 1 (TC),FACULTAD DE CIENCIAS SOCIALES Y HUMANÍSTICAS,False,0.24,TECNICO_DOCENTE_APOYO,True,0,0,0,False,False,,0,,False,False,0,0,False,0,False,,,,,
98201,1,1,TECNICO_DOCENTE_APOYO,DOCENTE,TÉCNICO DOCENTE 3 (TC),DIRECCIÓN DE ADMISIONES,False,0.28,TECNICO_DOCENTE_APOYO,True,0,0,0,False,False,,0,,False,False,0,0,False,0,False,,,,,
98214,1,1,ASISTENCIA_SECRETARIAL_OFICINA,ADMINISTRATIVO,ASISTENTE EJECUTIVA 1,CENTRO NACIONAL DE ACUICULTURA E INVESTIGACIONES MARINAS,False,0.85,ASISTENCIA_SECRETARIAL_OFICINA,True,0,0,0,False,False,,0,,False,False,0,0,False,0,False,,,,,
98233,1,1,TECNICO_OPERATIVO_MANTENIMIENTO,ADMINISTRATIVO,TÉCNICOS ESPECIALIZADOS - EJECUCIÓN DE PROYECTOS DE INVESTIGACIÓN,CENTRO INTERNACIONAL DEL PACÍFICO PARA LA REDUCCIÓN DEL RIESGO DE DESASTRES,False,0.34,TECNICO_OPERATIVO_MANTENIMIENTO,True,0,0,0,False,False,,0,,False,False,0,0,False,0,False,,,,,
98256,1,1,TECNICO_DOCENTE_APOYO,DOCENTE,TÉCNICO DE INVESTIGACIÓN 1 (TC),FACULTAD DE INGENIERÍA EN CIENCIAS DE LA TIERRA,False,1.11,TECNICO_DOCENTE_APOYO,True,0,0,0,False,False,,0,,False,False,0,0,False,0,False,,,,,
98296,2,2,ASISTENCIA_SECRETARIAL_OFICINA,ADMINISTRATIVO,ASISTENTE ADMINISTRATIVO,GERENCIA ADMINISTRATIVA,True,3.69,SERVICIOS_GENERALES_OFICIOS,False,1,0,0,False,False,3.69,0,,False,False,0,0,False,0,False,,,,,
98297,1,1,AUXILIAR_AYUDANTE_OPERATIVO,ADMINISTRATIVO,AUXILIAR DE SERVICIOS DE MANTENIMIENTO,"FACULTAD DE ARTE, DISEÑO Y COMUNICACIÓN AUDIOVISUAL",True,9.3,AUXILIAR_AYUDANTE_OPERATIVO,True,0,0,0,False,False,,0,,False,False,0,0,False,0,False,,,,,
98299,1,1,AUXILIAR_AYUDANTE_OPERATIVO,ADMINISTRATIVO,AUXILIAR DE SERVICIOS DE MANTENIMIENTO,DIRECCIÓN DE SERVICIOS GENERALES,True,9.3,AUXILIAR_AYUDANTE_OPERATIVO,True,0,0,0,False,False,,0,,False,False,0,0,False,0,False,,,,,
98307,2,2,TECNICO_OPERATIVO_MANTENIMIENTO,ADMINISTRATIVO,TÉCNICO DE ARCHIVO Y DIGITALIZACIÓN,DIRECCIÓN DE LA SECRETARÍA TÉCNICA ACADEMICA,True,7.95,AUXILIAR_AYUDANTE_OPERATIVO,False,1,0,0,False,False,7.95,0,,False,False,0,0,False,0,False,,,,,
98308,2,2,AUXILIAR_AYUDANTE_OPERATIVO,ADMINISTRATIVO,AUXILIAR DE SERVICIOS,DIRECCIÓN DE SERVICIOS GENERALES,True,3.69,SERVICIOS_GENERALES_OFICIOS,False,1,0,0,False,False,3.69,1,SERVICIOS_GENERALES_OFICIOS,True,False,0,0,False,0,False,,,,,
98309,1,1,AUXILIAR_AYUDANTE_OPERATIVO,ADMINISTRATIVO,AUXILIAR DE SERVICIOS,GERENCIA DE BIENESTAR POLITÉCNICO,True,9.3,AUXILIAR_AYUDANTE_OPERATIVO,True,0,0,0,False,False,,0,,False,False,0,0,False,0,False,,,,,
98310,2,2,SERVICIOS_GENERALES_OFICIOS,ADMINISTRATIVO,GUARDIA DE SEGURIDAD/GUARDIA ARMADO/VIGILANTE UNIFORMADO,DIRECCION DE SEGURIDAD FISICA,False,0.41,AUXILIAR_AYUDANTE_OPERATIVO,False,1,0,0,False,False,1.69,1,AUXILIAR_AYUDANTE_OPERATIVO,True,False,0,0,False,0,False,,,,,
98311,1,1,SERVICIOS_GENERALES_OFICIOS,ADMINISTRATIVO,JARDINERO/TRABAJADOR DEL DEPARTAMENTO DE GESTIÒN AMBIENTAL,FACULTAD DE INGENIERÍA EN ELECTRICIDAD Y COMPUTACIÓN,False,5.84,SERVICIOS_GENERALES_OFICIOS,True,0,0,0,False,False,,0,,False,False,0,0,False,0,False,,,,,
98340,1,1,TECNICO_DOCENTE_APOYO,DOCENTE,TÉCNICO DE INVESTIGACIÓN 1 (TC),FACULTAD DE CIENCIAS DE LA VIDA,False,0.79,TECNICO_DOCENTE_APOYO,True,0,0,0,False,False,,0,,False,False,0,0,False,0,False,,,,,
98342,1,1,TECNICO_DOCENTE_APOYO,DOCENTE,TÉCNICO DE INVESTIGACIÓN 1 (TC),DECANATO DE INVESTIGACIÓN,False,0.99,TECNICO_DOCENTE_APOYO,True,0,0,0,False,False,,0,,False,False,0,0,False,0,False,,,,,
98344,1,1,TECNICO_DOCENTE_APOYO,DOCENTE,TÉCNICO DE INVESTIGACIÓN 1 (TC),"VICERRECTORADO DE INVESTIGACIÓN, DESARROLLO E INNOVACIÓN",False,0.84,TECNICO_DOCENTE_APOYO,True,0,0,0,False,False,,0,,False,False,0,0,False,0,False,,,,,
98357,1,1,TECNICO_DOCENTE_APOYO,DOCENTE,TÉCNICO DE INVESTIGACIÓN 1 (TC),FACULTAD DE INGENIERÍA EN CIENCIAS DE LA TIERRA,False,0.82,TECNICO_DOCENTE_APOYO,True,0,0,0,False,False,,0,,False,False,0,0,False,0,False,,,,,
98372,3,1,TECNICO_OPERATIVO_MANTENIMIENTO,ADMINISTRATIVO,TÉCNICOS ESPECIALIZADOS - EJECUCIÓN DE PROYECTOS DE INVESTIGACIÓN,DECANATO DE INVESTIGACIÓN,False,0.24,TECNICO_OPERATIVO_MANTENIMIENTO,True,0,0,0,False,False,,0,,False,False,0,0,False,0,False,,,,,
98376,2,1,TECNICO_OPERATIVO_MANTENIMIENTO,ADMINISTRATIVO,TÉCNICOS ESPECIALIZADOS - EJECUCIÓN DE ACTIVIDADES DE INVESTIGACIÓN,DECANATO DE INVESTIGACIÓN,False,0.73,TECNICO_OPERATIVO_MANTENIMIENTO,True,0,0,0,False,False,,0,,False,False,0,0,False,0,False,,,,,
98380,1,1,TECNICO_DOCENTE_APOYO,DOCENTE,TÉCNICO DE LABORATORIO 1 (TC),FACULTAD DE INGENIERÍA MECÁNICA Y CIENCIAS DE LA PRODUCCIÓN,False,0.24,TECNICO_DOCENTE_APOYO,True,0,0,0,False,False,,0,,False,False,0,0,False,0,False,,,,,
98398,1,1,TECNICO_OPERATIVO_MANTENIMIENTO,ADMINISTRATIVO,TÉCNICOS ESPECIALIZADOS - EJECUCIÓN DE ACTIVIDADES DE INVESTIGACIÓN,DECANATO DE INVESTIGACIÓN,False,0.15,TECNICO_OPERATIVO_MANTENIMIENTO,True,0,0,0,False,False,,0,,False,False,0,0,False,0,False,,,,,
98413,3,1,TECNICO_DOCENTE_APOYO,DOCENTE,TÉCNICO DE INVESTIGACIÓN 1 (TC),CENTRO DE INVESTIGACIONES Y SERVICIOS EDUCATIVOS,True,0.24,TECNICO_DOCENTE_APOYO,True,0,0,0,False,False,,0,,False,False,0,0,False,0,False,,,,,
98417,2,1,TECNICO_DOCENTE_APOYO,DOCENTE,TÉCNICO DE INVESTIGACIÓN 1 (TC),CENTRO DE TECNOLOGÍAS DE LA INFORMACIÓN,False,0.24,TECNICO_DOCENTE_APOYO,True,0,0,0,False,False,,0,,False,False,0,0,False,0,False,,,,,
98433,5,2,TECNICO_DOCENTE_APOYO,DOCENTE,TÉCNICO DE INVESTIGACIÓN 1 (TC),DECANATO DE INVESTIGACIÓN,False,0.5,TECNICO_OPERATIVO_MANTENIMIENTO,False,1,1,0,True,False,3.53,0,,False,False,0,0,False,0,False,,,,,
98467,1,1,TECNICO_DOCENTE_APOYO,DOCENTE,TÉCNICO DE LABORATORIO 1 (TC),FACULTAD DE INGENIERÍA MECÁNICA Y CIENCIAS DE LA PRODUCCIÓN,False,0.24,TECNICO_DOCENTE_APOYO,True,0,0,0,False,False,,0,,False,False,0,0,False,0,False,,,,,
98468,1,1,TECNICO_DOCENTE_APOYO,DOCENTE,TÉCNICO DE LABORATORIO 1 (TC),FACULTAD DE INGENIERÍA MECÁNICA Y CIENCIAS DE LA PRODUCCIÓN,False,0.24,TECNICO_DOCENTE_APOYO,True,0,0,0,False,False,,0,,False,False,0,0,False,0,False,,,,,
98473,1,1,TECNICO_DOCENTE_APOYO,DOCENTE,TÉCNICO DE INVESTIGACIÓN 1 (MT),DECANATO DE INVESTIGACIÓN,False,0.84,TECNICO_DOCENTE_APOYO,True,0,0,0,False,False,,0,,False,False,0,0,False,0,False,,,,,
98482,1,1,TECNICO_DOCENTE_APOYO,DOCENTE,TÉCNICO DOCENTE 1 (TC),FACULTAD DE CIENCIAS SOCIALES Y HUMANÍSTICAS,True,3.27,TECNICO_DOCENTE_APOYO,True,0,0,0,False,False,,0,,False,False,0,0,False,0,False,,,,,
98513,1,1,TECNICO_OPERATIVO_MANTENIMIENTO,ADMINISTRATIVO,TÉCNICOS ESPECIALIZADOS - EJECUCIÓN DE ACTIVIDADES,UNIDAD DE VINCULACIÓN CON LA SOCIEDAD,False,0.43,TECNICO_OPERATIVO_MANTENIMIENTO,True,0,0,0,False,False,,0,,False,False,0,0,False,0,False,,,,,
98536,1,1,TECNICO_DOCENTE_APOYO,DOCENTE,TÉCNICO DE LABORATORIO 1 (TC),FACULTAD DE CIENCIAS DE LA VIDA,False,0.24,TECNICO_DOCENTE_APOYO,True,0,0,0,False,False,,0,,False,False,0,0,False,0,False,,,,,
98544,2,1,TECNICO_OPERATIVO_MANTENIMIENTO,ADMINISTRATIVO,TÉCNICOS ESPECIALIZADOS - EJECUCIÓN DE ACTIVIDADES DE INVESTIGACIÓN,DECANATO DE INVESTIGACIÓN,False,0.15,TECNICO_OPERATIVO_MANTENIMIENTO,True,0,0,0,False,False,,0,,False,False,0,0,False,0,False,,,,,
98581,1,1,TECNICO_DOCENTE_APOYO,DOCENTE,TÉCNICO DOCENTE 1 (TC),FACULTAD DE INGENIERÍA MARÍTIMA Y CIENCIAS DEL MAR,True,1.33,TECNICO_DOCENTE_APOYO,True,0,0,0,False,False,,0,,False,False,0,0,False,0,False,,,,,
98590,4,1,TECNICO_OPERATIVO_MANTENIMIENTO,ADMINISTRATIVO,TÉCNICOS ESPECIALIZADOS - EJECUCIÓN DE ACTIVIDADES DE INVESTIGACIÓN,FACULTAD DE CIENCIAS SOCIALES Y HUMANÍSTICAS,False,0.98,TECNICO_OPERATIVO_MANTENIMIENTO,True,0,0,0,False,False,,0,,False,False,0,0,False,0,False,,,,,
98610,3,1,TECNICO_DOCENTE_APOYO,DOCENTE,TÉCNICO DE LABORATORIO 1 (TC),FACULTAD DE CIENCIAS DE LA VIDA,True,0.14,TECNICO_DOCENTE_APOYO,True,0,0,0,False,False,,0,,False,False,0,0,False,0,False,,,,,
98657,1,1,TECNICO_DOCENTE_APOYO,DOCENTE,TÉCNICO DE LABORATORIO 1 (TC),FACULTAD DE CIENCIAS DE LA VIDA,False,0.24,TECNICO_DOCENTE_APOYO,True,0,0,0,False,False,,0,,False,False,0,0,False,0,False,,,,,
98678,1,1,TECNICO_DOCENTE_APOYO,DOCENTE,TÉCNICO DE LABORATORIO 1 (TC),FACULTAD DE CIENCIAS DE LA VIDA,False,0.24,TECNICO_DOCENTE_APOYO,True,0,0,0,False,False,,0,,False,False,0,0,False,0,False,,,,,
98684,1,1,TECNICO_DOCENTE_APOYO,DOCENTE,TÉCNICO DE LABORATORIO 1 (TC),FACULTAD DE CIENCIAS DE LA VIDA,False,0.34,TECNICO_DOCENTE_APOYO,True,0,0,0,False,False,,0,,False,False,0,0,False,0,False,,,,,
98686,2,1,TECNICO_DOCENTE_APOYO,DOCENTE,TÉCNICO DE INVESTIGACIÓN 1 (TC),FACULTAD DE CIENCIAS NATURALES Y MATEMÁTICAS,True,0.28,TECNICO_DOCENTE_APOYO,True,0,0,0,False,False,,0,,False,False,0,0,False,0,False,,,,,
98706,3,1,TECNICO_DOCENTE_APOYO,DOCENTE,TÉCNICO DOCENTE 1 (TC),FACULTAD DE CIENCIAS NATURALES Y MATEMÁTICAS,True,0.51,TECNICO_DOCENTE_APOYO,True,0,0,0,False,False,,0,,False,False,0,0,False,0,False,,,,,
98732,4,2,TECNICO_DOCENTE_APOYO,DOCENTE,TÉCNICO DE LABORATORIO 1 (TC),FACULTAD DE CIENCIAS DE LA VIDA,False,0.12,TECNICO_OPERATIVO_MANTENIMIENTO,False,1,1,0,True,False,3.53,0,,False,False,0,0,False,0,False,,SERVICIOS PROFESIONALES - EJECUCIÓN DE ACTIVIDADES,OFICINA DE TRANSFERENCIA DE RESULTADOS DE INVESTIGACIÓN - OTRI EN LA ESPOL,CONTRATO_SERVICIOS_PROFESIONALES_PROYECTO,ADMINISTRATIVO
98757,2,1,TECNICO_DOCENTE_APOYO,DOCENTE,TÉCNICO DE LABORATORIO 1 (TC),FACULTAD DE INGENIERÍA EN CIENCIAS DE LA TIERRA,True,0.68,TECNICO_DOCENTE_APOYO,True,0,0,0,False,False,,0,,False,False,0,0,False,0,False,,,,,
98780,1,1,TECNICO_DOCENTE_APOYO,DOCENTE,TÉCNICO DE LABORATORIO 1 (TC),FACULTAD DE INGENIERÍA EN CIENCIAS DE LA TIERRA,True,3.58,TECNICO_DOCENTE_APOYO,True,0,0,0,False,False,,0,,False,False,0,0,False,0,False,,,,,
98828,1,1,TECNICO_DOCENTE_APOYO,DOCENTE,TÉCNICO DE INVESTIGACIÓN 1 (TC),FACULTAD DE CIENCIAS NATURALES Y MATEMÁTICAS,False,1.18,TECNICO_DOCENTE_APOYO,True,0,0,0,False,False,,0,,False,False,0,0,False,0,False,,,,,
98838,1,1,TECNICO_DOCENTE_APOYO,DOCENTE,TÉCNICO DE INVESTIGACIÓN 1 (TC),FACULTAD DE CIENCIAS NATURALES Y MATEMÁTICAS,False,0.16,TECNICO_DOCENTE_APOYO,True,0,0,0,False,False,,0,,False,False,0,0,False,0,False,,,,,
98842,2,1,TECNICO_DOCENTE_APOYO,DOCENTE,TÉCNICO DE LABORATORIO 1 (TC),FACULTAD DE INGENIERÍA MECÁNICA Y CIENCIAS DE LA PRODUCCIÓN,True,0.97,TECNICO_DOCENTE_APOYO,True,0,0,0,False,False,,0,,False,False,0,0,False,0,False,,,,,
98851,1,1,TECNICO_DOCENTE_APOYO,DOCENTE,TÉCNICO DE LABORATORIO 1 (TC),FACULTAD DE INGENIERÍA MECÁNICA Y CIENCIAS DE LA PRODUCCIÓN,False,0.24,TECNICO_DOCENTE_APOYO,True,0,0,0,False,False,,0,,False,False,0,0,False,0,False,,SERVICIOS PROFESIONALES - EJECUCIÓN DE ACTIVIDADES,GERENCIA DE TECNOLOGÍAS Y SISTEMAS DE INFORMACIÓN,CONTRATO_SERVICIOS_PROFESIONALES_PROYECTO,ADMINISTRATIVO
98855,1,1,TECNICO_DOCENTE_APOYO,DOCENTE,TÉCNICO DE INVESTIGACIÓN 1 (TC),CENTRO DE TECNOLOGÍAS DE LA INFORMACIÓN,False,2.75,TECNICO_DOCENTE_APOYO,True,0,0,0,False,False,,0,,False,False,0,0,False,0,False,,,,,
98856,1,1,TECNICO_OPERATIVO_MANTENIMIENTO,ADMINISTRATIVO,TÉCNICOS ESPECIALIZADOS - EJECUCIÓN DE ACTIVIDADES DE INVESTIGACIÓN,DECANATO DE INVESTIGACIÓN,False,0.08,TECNICO_OPERATIVO_MANTENIMIENTO,True,0,0,0,False,False,,0,,False,False,0,0,False,0,False,,,,,
98892,2,1,TECNICO_DOCENTE_APOYO,DOCENTE,TÉCNICO DOCENTE 3 (TC),DIRECCIÓN DE ADMISIONES,True,2.33,TECNICO_DOCENTE_APOYO,True,0,0,0,False,False,,0,,False,False,0,0,False,0,False,,,,,
98896,1,1,TECNICO_DOCENTE_APOYO,DOCENTE,TÉCNICO DE INVESTIGACIÓN 1 (TC),FACULTAD DE INGENIERÍA EN CIENCIAS DE LA TIERRA,False,0.24,TECNICO_DOCENTE_APOYO,True,0,0,0,False,False,,0,,False,False,0,0,False,0,False,,SERVICIOS PROFESIONALES - EJECUCIÓN DE ACTIVIDADES,GERENCIA ADMINISTRATIVA,CONTRATO_SERVICIOS_PROFESIONALES_PROYECTO,ADMINISTRATIVO
98923,1,1,AUXILIAR_AYUDANTE_OPERATIVO,ADMINISTRATIVO,AUXILIAR DE SERVICIOS DE MANTENIMIENTO,DIRECCIÓN DE SERVICIOS GENERALES,True,9.3,AUXILIAR_AYUDANTE_OPERATIVO,True,0,0,0,False,False,,1,SERVICIOS_GENERALES_OFICIOS,True,False,0,0,False,0,False,,,,,
98935,6,2,TECNICO_DOCENTE_APOYO,DOCENTE,TÉCNICO DOCENTE 3 (MT),DIRECCIÓN DE ADMISIONES,False,0.22,DOCENTE_NO_TITULAR_OCASIONAL,False,3,0,0,False,False,2.92,0,,False,False,0,0,False,0,False,,,,,
98936,5,2,DOCENTE_NO_TITULAR_OCASIONAL,DOCENTE,PROFESOR NO TITULAR OCASIONAL (TC),DECANATO DE GRADO,True,4.94,DOCENTE_NO_TITULAR_OCASIONAL,False,2,0,0,False,False,4.94,0,,False,False,0,0,False,0,False,,,,,
98950,1,1,DOCENTE_NO_TITULAR_OCASIONAL,DOCENTE,PROFESOR NO TITULAR OCASIONAL 2 (TC),DESCONOCIDA,False,0.39,DOCENTE_NO_TITULAR_OCASIONAL,True,0,0,0,False,False,,0,,False,False,0,0,False,0,False,,,,,
98956,1,1,AUXILIAR_AYUDANTE_OPERATIVO,ADMINISTRATIVO,AYUDANTE DE SERVICIOS ADMINISTRATIVOS,CENTRO NACIONAL DE ACUICULTURA E INVESTIGACIONES MARINAS,False,4.34,AUXILIAR_AYUDANTE_OPERATIVO,True,0,0,0,False,False,,0,,False,False,0,0,False,0,False,,,,,
98960,1,1,PROFESIONAL_ANALISTA,ADMINISTRATIVO,ANALISTA DE ARCHIVO,SECRETARIA ADMINISTRATIVA,True,9.2,PROFESIONAL_ANALISTA,True,0,0,0,False,False,,0,,False,False,0,0,False,0,False,,,,,
98962,1,1,TECNICO_DOCENTE_APOYO,DOCENTE,TÉCNICO DOCENTE 4 (TC),DIRECCIÓN DE ADMISIONES,False,0.6,TECNICO_DOCENTE_APOYO,True,0,0,0,False,False,,0,,False,False,0,0,False,0,False,,,,,
98966,1,1,DOCENTE_NO_TITULAR_OCASIONAL,DOCENTE,PROFESOR NO TITULAR OCASIONAL (TC),FACULTAD DE INGENIERÍA EN CIENCIAS DE LA TIERRA,False,0.02,DOCENTE_NO_TITULAR_OCASIONAL,True,0,0,0,False,False,,0,,False,False,0,0,False,0,False,,PROFESOR INVITADO,FACULTAD DE INGENIERÍA EN CIENCIAS DE LA TIERRA,DOCENTE_HONORARIO_ESPECIAL,DOCENTE
98968,1,1,TECNICO_DOCENTE_APOYO,DOCENTE,TÉCNICO DOCENTE 3 (TC),DIRECCIÓN DE ADMISIONES,False,0.28,TECNICO_DOCENTE_APOYO,True,0,0,0,False,False,,0,,False,False,0,0,False,0,False,,,,,
98971,1,1,TECNICO_DOCENTE_APOYO,DOCENTE,TÉCNICO DOCENTE 4 (MT),DIRECCIÓN DE ADMISIONES,False,0.27,TECNICO_DOCENTE_APOYO,True,0,0,0,False,False,,0,,False,False,0,0,False,0,False,,,,,
98973,1,1,TECNICO_DOCENTE_APOYO,DOCENTE,TÉCNICO DOCENTE 1 (TC),FACULTAD DE CIENCIAS NATURALES Y MATEMÁTICAS,True,8.36,TECNICO_DOCENTE_APOYO,True,0,0,0,False,False,,0,,False,False,0,0,False,0,False,,,,,
98980,3,1,TECNICO_DOCENTE_APOYO,DOCENTE,TÉCNICO DOCENTE 3 (TC),DIRECCIÓN DE ADMISIONES,True,3.29,TECNICO_DOCENTE_APOYO,True,0,0,0,False,False,,0,,False,False,0,0,False,0,False,,,,,
98984,2,2,SERVICIOS_GENERALES_OFICIOS,ADMINISTRATIVO,OPERADOR DE ACABADOS DE IMPRESIÒN,GERENCIA DE COMUNICACIÓN,True,9.2,TECNICO_OPERATIVO_MANTENIMIENTO,False,1,0,0,False,False,9.2,0,,False,False,0,0,False,0,False,,,,,
99043,2,2,DOCENTE_NO_TITULAR_OCASIONAL,DOCENTE,PROFESOR NO TITULAR OCASIONAL (TC),FACULTAD DE CIENCIAS NATURALES Y MATEMÁTICAS,True,2.92,TECNICO_DOCENTE_APOYO,False,1,0,0,False,False,2.92,0,,False,False,0,0,False,0,False,,,,,
99083,1,1,DOCENTE_NO_TITULAR_OCASIONAL,DOCENTE,PROFESOR NO TITULAR OCASIONAL (TP),"FACULTAD DE ARTE, DISEÑO Y COMUNICACIÓN AUDIOVISUAL",False,0.27,DOCENTE_NO_TITULAR_OCASIONAL,True,0,0,0,False,False,,0,,False,False,0,0,False,0,False,,PROFESOR INVITADO,"FACULTAD DE ARTE, DISEÑO Y COMUNICACIÓN AUDIOVISUAL",DOCENTE_HONORARIO_ESPECIAL,DOCENTE
99100,1,1,TECNICO_DOCENTE_APOYO,DOCENTE,TÉCNICO DOCENTE 3 (TC),DIRECCIÓN DE ADMISIONES,False,0.22,TECNICO_DOCENTE_APOYO,True,0,0,0,False,False,,0,,False,False,0,0,False,0,False,,,,,
99102,1,1,TECNICO_OPERATIVO_MANTENIMIENTO,ADMINISTRATIVO,TÉCNICOS ESPECIALIZADOS - EJECUCIÓN DE ACTIVIDADES DE INVESTIGACIÓN,DECANATO DE INVESTIGACIÓN,False,0.63,TECNICO_OPERATIVO_MANTENIMIENTO,True,0,0,0,False,False,,0,,False,False,0,0,False,0,False,,,,,
99110,2,2,TECNICO_DOCENTE_APOYO,DOCENTE,TÉCNICO DE INVESTIGACIÓN 1 (TC),CENTRO DE TECNOLOGÍAS DE LA INFORMACIÓN,False,2.0,TECNICO_OPERATIVO_MANTENIMIENTO,False,1,1,0,True,False,2.69,0,,False,False,0,0,False,0,False,,,,,
99124,1,1,TECNICO_DOCENTE_APOYO,DOCENTE,TÉCNICO DOCENTE 3 (MT),DIRECCIÓN DE ADMISIONES,False,0.28,TECNICO_DOCENTE_APOYO,True,0,0,0,False,False,,0,,False,False,0,0,False,0,False,,,,,
99136,1,1,TECNICO_DOCENTE_APOYO,DOCENTE,TÉCNICO DE LABORATORIO 1 (TC),FACULTAD DE INGENIERÍA MECÁNICA Y CIENCIAS DE LA PRODUCCIÓN,False,0.24,TECNICO_DOCENTE_APOYO,True,0,0,0,False,False,,0,,False,False,0,0,False,0,False,,,,,
99138,1,1,TECNICO_DOCENTE_APOYO,DOCENTE,TÉCNICO DE LABORATORIO 1 (TC),FACULTAD DE INGENIERÍA MECÁNICA Y CIENCIAS DE LA PRODUCCIÓN,False,0.24,TECNICO_DOCENTE_APOYO,True,0,0,0,False,False,,0,,False,False,0,0,False,0,False,,,,,
99141,2,1,TECNICO_DOCENTE_APOYO,DOCENTE,TÉCNICO DE INVESTIGACIÓN 1 (TC),"CENTRO DE INVESTIGACIÓN, DESARROLLO E INNOVACIÓN DE SISTEMAS COMPUTACIONALES",True,1.6,TECNICO_DOCENTE_APOYO,True,0,0,0,False,False,,0,,False,False,0,0,False,0,False,,,,,
99143,2,1,TECNICO_DOCENTE_APOYO,DOCENTE,TÉCNICO DOCENTE 1 (TC),FACULTAD DE INGENIERÍA EN ELECTRICIDAD Y COMPUTACIÓN,True,0.33,TECNICO_DOCENTE_APOYO,True,0,0,0,False,False,,0,,False,False,0,0,False,0,False,,,,,
99225,1,1,TECNICO_DOCENTE_APOYO,DOCENTE,TÉCNICO DE INVESTIGACIÓN 1 (TC),FACULTAD DE CIENCIAS NATURALES Y MATEMÁTICAS,True,1.85,TECNICO_DOCENTE_APOYO,True,0,0,0,False,False,,0,,False,False,0,0,False,0,False,,,,,
99249,1,1,TECNICO_DOCENTE_APOYO,DOCENTE,TÉCNICO DE LABORATORIO 1 (TC),FACULTAD DE INGENIERÍA MECÁNICA Y CIENCIAS DE LA PRODUCCIÓN,False,0.24,TECNICO_DOCENTE_APOYO,True,0,0,0,False,False,,0,,False,False,0,0,False,0,False,,,,,
99267,1,1,TECNICO_DOCENTE_APOYO,DOCENTE,TÉCNICO DE INVESTIGACIÓN 1 (TC),CENTRO INTERNACIONAL DEL PACÍFICO PARA LA REDUCCIÓN DEL RIESGO DE DESASTRES,False,0.24,TECNICO_DOCENTE_APOYO,True,0,0,0,False,False,,0,,False,False,0,0,False,0,False,,,,,
99308,1,1,TECNICO_DOCENTE_APOYO,DOCENTE,TÉCNICO DOCENTE 1 (TC),FACULTAD DE CIENCIAS NATURALES Y MATEMÁTICAS,False,1.33,TECNICO_DOCENTE_APOYO,True,0,0,0,False,False,,0,,False,False,0,0,False,0,False,,,,,
99419,1,1,TECNICO_DOCENTE_APOYO,DOCENTE,TÉCNICO DE LABORATORIO 1 (TC),FACULTAD DE INGENIERÍA MECÁNICA Y CIENCIAS DE LA PRODUCCIÓN,False,0.17,TECNICO_DOCENTE_APOYO,True,0,0,0,False,False,,0,,False,False,0,0,False,0,False,,,,,
99442,2,1,TECNICO_OPERATIVO_MANTENIMIENTO,ADMINISTRATIVO,TÉCNICOS ESPECIALIZADOS - EJECUCIÓN DE ACTIVIDADES,GERENCIA DE TECNOLOGÍAS Y SISTEMAS DE INFORMACIÓN,False,0.41,TECNICO_OPERATIVO_MANTENIMIENTO,True,0,0,0,False,False,,0,,False,False,0,0,False,0,False,,SERVICIOS PROFESIONALES - EJECUCIÓN DE ACTIVIDADES,GERENCIA DE TECNOLOGÍAS Y SISTEMAS DE INFORMACIÓN,CONTRATO_SERVICIOS_PROFESIONALES_PROYECTO,ADMINISTRATIVO
99588,1,1,TECNICO_DOCENTE_APOYO,DOCENTE,TÉCNICO DE INVESTIGACIÓN 1 (TC),FACULTAD DE CIENCIAS SOCIALES Y HUMANÍSTICAS,False,1.76,TECNICO_DOCENTE_APOYO,True,0,0,0,False,False,,0,,False,False,0,0,False,0,False,,,,,
99596,1,1,ASISTENCIA_SECRETARIAL_OFICINA,ADMINISTRATIVO,ASISTENTE DE PLANIFICACIÓN Y PROYECTOS,GERENCIA DE PLANIFICACIÓN ESTRATÉGICA,False,1.22,ASISTENCIA_SECRETARIAL_OFICINA,True,0,0,0,False,False,,0,,False,False,0,0,False,0,False,,,,,
99686,1,1,TECNICO_OPERATIVO_MANTENIMIENTO,ADMINISTRATIVO,TÉCNICOS ESPECIALIZADOS - EJECUCIÓN DE ACTIVIDADES,GERENCIA DE TECNOLOGÍAS Y SISTEMAS DE INFORMACIÓN,False,0.13,TECNICO_OPERATIVO_MANTENIMIENTO,True,0,0,0,False,False,,0,,False,False,0,0,False,0,False,,,,,
99718,1,1,TECNICO_DOCENTE_APOYO,DOCENTE,TÉCNICO DE INVESTIGACIÓN 1 (TC),FACULTAD DE CIENCIAS DE LA VIDA,True,1.03,TECNICO_DOCENTE_APOYO,True,0,0,0,False,False,,0,,False,False,0,0,False,0,False,,,,,
99736,2,2,DOCENTE_TITULAR_CARRERA,DOCENTE,PROFESOR TITULAR AGREGADO 1 (TC),"FACULTAD DE ARTE, DISEÑO Y COMUNICACIÓN AUDIOVISUAL",True,5.11,DOCENTE_NO_TITULAR_OCASIONAL,False,1,0,0,False,False,5.11,0,,False,True,1,1,False,0,True,OTROS_AA,,,,
99772,1,1,TECNICO_DOCENTE_APOYO,DOCENTE,TÉCNICO DOCENTE 1 (TC),FACULTAD DE INGENIERÍA MECÁNICA Y CIENCIAS DE LA PRODUCCIÓN,False,1.05,TECNICO_DOCENTE_APOYO,True,0,0,0,False,False,,0,,False,False,0,0,False,0,False,,,,,
99852,2,2,PROFESIONAL_ANALISTA,ADMINISTRATIVO,ANALISTA DE COMUNICACIÓN 2,GERENCIA DE COMUNICACIÓN,True,8.2,TECNICO_DOCENTE_APOYO,False,1,0,1,False,True,8.2,0,,False,False,0,0,False,0,False,,,,,
99869,1,1,TECNICO_DOCENTE_APOYO,DOCENTE,TÉCNICO DE LABORATORIO 1 (TC),FACULTAD DE CIENCIAS SOCIALES Y HUMANÍSTICAS,False,0.24,TECNICO_DOCENTE_APOYO,True,0,0,0,False,False,,0,,False,False,0,0,False,0,False,,,,,
99877,1,1,TECNICO_DOCENTE_APOYO,DOCENTE,TÉCNICO DE INVESTIGACIÓN 1 (TC),CENTRO DE AGUA Y DESARROLLO SUSTENTABLE,False,0.24,TECNICO_DOCENTE_APOYO,True,0,0,0,False,False,,0,,False,False,0,0,False,0,False,,,,,
99883,2,1,DOCENTE_NO_TITULAR_OCASIONAL,DOCENTE,PROFESOR NO TITULAR OCASIONAL (TP),"FACULTAD DE ARTE, DISEÑO Y COMUNICACIÓN AUDIOVISUAL",True,0.34,DOCENTE_NO_TITULAR_OCASIONAL,True,0,0,0,False,False,,0,,False,False,0,0,False,0,False,,,,,
99887,1,1,TECNICO_DOCENTE_APOYO,DOCENTE,TÉCNICO DE INVESTIGACIÓN 1 (TC),FACULTAD DE INGENIERÍA EN CIENCIAS DE LA TIERRA,True,0.28,TECNICO_DOCENTE_APOYO,True,0,0,0,False,False,,0,,False,False,0,0,False,0,False,,,,,
99944,2,1,TECNICO_DOCENTE_APOYO,DOCENTE,TÉCNICO DOCENTE 1 (TC),FACULTAD DE CIENCIAS NATURALES Y MATEMÁTICAS,True,0.36,TECNICO_DOCENTE_APOYO,True,0,0,0,False,False,,0,,False,False,0,0,False,0,False,,,,,
99956,1,1,TECNICO_DOCENTE_APOYO,DOCENTE,TÉCNICO DOCENTE 3 (MT),DIRECCIÓN DE ADMISIONES,False,0.15,TECNICO_DOCENTE_APOYO,True,0,0,0,False,False,,0,,False,False,0,0,False,0,False,,SERVICIOS PROFESIONALES - EJECUCIÓN DE ACTIVIDADES,VICERRECTORADO DE DOCENCIA,CONTRATO_SERVICIOS_PROFESIONALES_PROYECTO,ADMINISTRATIVO
99983,1,1,AUXILIAR_AYUDANTE_OPERATIVO,ADMINISTRATIVO,AUXILIAR DE SERVICIOS DE MANTENIMIENTO,DIRECCIÓN DE SERVICIOS GENERALES,True,7.53,AUXILIAR_AYUDANTE_OPERATIVO,True,0,0,0,False,False,,0,,False,False,0,0,False,0,False,,,,,
100016,1,1,TECNICO_DOCENTE_APOYO,DOCENTE,TÉCNICO DE LABORATORIO 1 (TC),FACULTAD DE CIENCIAS DE LA VIDA,False,0.24,TECNICO_DOCENTE_APOYO,True,0,0,0,False,False,,0,,False,False,0,0,False,0,False,,,,,
100055,4,2,TECNICO_DOCENTE_APOYO,DOCENTE,TÉCNICO DE INVESTIGACIÓN 1 (TC),"CENTRO DE INVESTIGACIÓN, DESARROLLO E INNOVACIÓN DE SISTEMAS COMPUTACIONALES",True,2.69,TECNICO_OPERATIVO_MANTENIMIENTO,False,1,1,0,True,False,2.69,0,,False,False,0,0,False,0,False,,,,,
100136,1,1,TECNICO_DOCENTE_APOYO,DOCENTE,TÉCNICO DE LABORATORIO 1 (TC),FACULTAD DE INGENIERÍA MECÁNICA Y CIENCIAS DE LA PRODUCCIÓN,False,0.24,TECNICO_DOCENTE_APOYO,True,0,0,0,False,False,,0,,False,False,0,0,False,0,False,,SERVICIOS PROFESIONALES - EJECUCIÓN DE ACTIVIDADES,GERENCIA DE TECNOLOGÍAS Y SISTEMAS DE INFORMACIÓN,CONTRATO_SERVICIOS_PROFESIONALES_PROYECTO,ADMINISTRATIVO
100228,1,1,DOCENTE_NO_TITULAR_OCASIONAL,DOCENTE,PROFESOR NO TITULAR OCASIONAL (TC),FACULTAD DE INGENIERÍA EN CIENCIAS DE LA TIERRA,True,8.94,DOCENTE_NO_TITULAR_OCASIONAL,True,0,0,0,False,False,,0,,False,True,1,1,False,0,True,JEFATURA_SUPERVISION_OPERATIVA,,,,
100259,1,1,TECNICO_OPERATIVO_MANTENIMIENTO,ADMINISTRATIVO,TÉCNICOS ESPECIALIZADOS - EJECUCIÓN DE ACTIVIDADES DE INVESTIGACIÓN,DECANATO DE INVESTIGACIÓN,False,0.54,TECNICO_OPERATIVO_MANTENIMIENTO,True,0,0,0,False,False,,0,,False,False,0,0,False,0,False,,,,,
100262,1,1,TECNICO_OPERATIVO_MANTENIMIENTO,ADMINISTRATIVO,TÉCNICOS ESPECIALIZADOS - EJECUCIÓN DE ACTIVIDADES DE INVESTIGACIÓN,DECANATO DE INVESTIGACIÓN,False,0.62,TECNICO_OPERATIVO_MANTENIMIENTO,True,0,0,0,False,False,,0,,False,False,0,0,False,0,False,,,,,
100276,1,1,TECNICO_DOCENTE_APOYO,DOCENTE,TÉCNICO DE LABORATORIO 1 (TC),FACULTAD DE INGENIERÍA EN ELECTRICIDAD Y COMPUTACIÓN,True,2.25,TECNICO_DOCENTE_APOYO,True,0,0,0,False,False,,0,,False,False,0,0,False,0,False,,,,,
100304,1,1,TECNICO_DOCENTE_APOYO,DOCENTE,TÉCNICO DE LABORATORIO 1 (TC),FACULTAD DE CIENCIAS SOCIALES Y HUMANÍSTICAS,False,0.24,TECNICO_DOCENTE_APOYO,True,0,0,0,False,False,,0,,False,False,0,0,False,0,False,,,,,
100334,1,1,TECNICO_DOCENTE_APOYO,DOCENTE,TÉCNICO DE LABORATORIO 1 (TC),FACULTAD DE CIENCIAS SOCIALES Y HUMANÍSTICAS,False,0.24,TECNICO_DOCENTE_APOYO,True,0,0,0,False,False,,0,,False,False,0,0,False,0,False,,,,,
100423,1,1,TECNICO_DOCENTE_APOYO,DOCENTE,TÉCNICO DE LABORATORIO 1 (TC),FACULTAD DE CIENCIAS DE LA VIDA,False,0.24,TECNICO_DOCENTE_APOYO,True,0,0,0,False,False,,0,,False,False,0,0,False,0,False,,,,,
100424,1,1,TECNICO_OPERATIVO_MANTENIMIENTO,ADMINISTRATIVO,TÉCNICOS ESPECIALIZADOS - EJECUCIÓN DE ACTIVIDADES DE INVESTIGACIÓN,DECANATO DE INVESTIGACIÓN,False,0.29,TECNICO_OPERATIVO_MANTENIMIENTO,True,0,0,0,False,False,,0,,False,False,0,0,False,0,False,,,,,
100427,1,1,TECNICO_DOCENTE_APOYO,DOCENTE,TÉCNICO DE LABORATORIO 1 (TC),FACULTAD DE CIENCIAS DE LA VIDA,True,3.11,TECNICO_DOCENTE_APOYO,True,0,0,0,False,False,,0,,False,False,0,0,False,0,False,,,,,
100434,1,1,TECNICO_OPERATIVO_MANTENIMIENTO,ADMINISTRATIVO,TÉCNICOS ESPECIALIZADOS - EJECUCIÓN DE ACTIVIDADES,FACULTAD DE INGENIERÍA MECÁNICA Y CIENCIAS DE LA PRODUCCIÓN,False,0.31,TECNICO_OPERATIVO_MANTENIMIENTO,True,0,0,0,False,False,,0,,False,False,0,0,False,0,False,,,,,
100437,1,1,TECNICO_DOCENTE_APOYO,DOCENTE,TÉCNICO DOCENTE 3 (TC),DIRECCIÓN DE ADMISIONES,False,0.98,TECNICO_DOCENTE_APOYO,True,0,0,0,False,False,,0,,False,False,0,0,False,0,False,,,,,
100450,1,1,ASISTENCIA_SECRETARIAL_OFICINA,ADMINISTRATIVO,ASISTENTE DE SOPORTE TÉCNICO,GERENCIA DE TECNOLOGÍAS Y SISTEMAS DE INFORMACIÓN,False,0.08,ASISTENCIA_SECRETARIAL_OFICINA,True,0,0,0,False,False,,0,,False,False,0,0,False,0,False,,,,,
100470,1,1,TECNICO_OPERATIVO_MANTENIMIENTO,ADMINISTRATIVO,TÉCNICOS ESPECIALIZADOS - EJECUCIÓN DE ACTIVIDADES,FACULTAD DE INGENIERÍA MARÍTIMA Y CIENCIAS DEL MAR,False,0.11,TECNICO_OPERATIVO_MANTENIMIENTO,True,0,0,0,False,False,,0,,False,False,0,0,False,0,False,,,,,
100471,1,1,TECNICO_OPERATIVO_MANTENIMIENTO,ADMINISTRATIVO,TÉCNICOS ESPECIALIZADOS - EJECUCIÓN DE ACTIVIDADES,FACULTAD DE INGENIERÍA MARÍTIMA Y CIENCIAS DEL MAR,False,0.11,TECNICO_OPERATIVO_MANTENIMIENTO,True,0,0,0,False,False,,0,,False,False,0,0,False,0,False,,,,,
100484,2,1,TECNICO_DOCENTE_APOYO,DOCENTE,TÉCNICO DOCENTE 1 (TC),FACULTAD DE CIENCIAS NATURALES Y MATEMÁTICAS,True,0.32,TECNICO_DOCENTE_APOYO,True,0,0,0,False,False,,0,,False,False,0,0,False,0,False,,,,,
100490,1,1,TECNICO_DOCENTE_APOYO,DOCENTE,TÉCNICO DE INVESTIGACIÓN 1 (TC),FACULTAD DE INGENIERÍA EN ELECTRICIDAD Y COMPUTACIÓN,False,0.19,TECNICO_DOCENTE_APOYO,True,0,0,0,False,False,,0,,False,False,0,0,False,0,False,,,,,
100518,1,1,TECNICO_DOCENTE_APOYO,DOCENTE,TÉCNICO DE LABORATORIO 1 (TC),FACULTAD DE INGENIERÍA MECÁNICA Y CIENCIAS DE LA PRODUCCIÓN,False,0.27,TECNICO_DOCENTE_APOYO,True,0,0,0,False,False,,0,,False,False,0,0,False,0,False,,,,,
100523,1,1,TECNICO_DOCENTE_APOYO,DOCENTE,TÉCNICO DE LABORATORIO 1 (TC),FACULTAD DE INGENIERÍA MECÁNICA Y CIENCIAS DE LA PRODUCCIÓN,False,0.13,TECNICO_DOCENTE_APOYO,True,0,0,0,False,False,,0,,False,False,0,0,False,0,False,,,,,
100555,1,1,TECNICO_DOCENTE_APOYO,DOCENTE,TÉCNICO DE LABORATORIO 1 (TC),FACULTAD DE CIENCIAS SOCIALES Y HUMANÍSTICAS,False,0.24,TECNICO_DOCENTE_APOYO,True,0,0,0,False,False,,0,,False,False,0,0,False,0,False,,,,,
100573,2,1,TECNICO_OPERATIVO_MANTENIMIENTO,ADMINISTRATIVO,TÉCNICOS ESPECIALIZADOS - EJECUCIÓN DE ACTIVIDADES DE INVESTIGACIÓN,FACULTAD DE INGENIERÍA EN ELECTRICIDAD Y COMPUTACIÓN,False,0.82,TECNICO_OPERATIVO_MANTENIMIENTO,True,0,0,0,False,False,,0,,False,False,0,0,False,0,False,,,,,
100591,1,1,TECNICO_OPERATIVO_MANTENIMIENTO,ADMINISTRATIVO,TÉCNICOS ESPECIALIZADOS - EJECUCIÓN DE PROYECTOS DE INVESTIGACIÓN,CENTRO DE INVESTIGACIONES BIOTECNOLÓGICAS DEL ECUADOR,False,0.34,TECNICO_OPERATIVO_MANTENIMIENTO,True,0,0,0,False,False,,0,,False,False,0,0,False,0,False,,,,,
100592,2,1,TECNICO_OPERATIVO_MANTENIMIENTO,ADMINISTRATIVO,TÉCNICOS ESPECIALIZADOS - EJECUCIÓN DE ACTIVIDADES DE INVESTIGACIÓN,FACULTAD DE INGENIERÍA EN ELECTRICIDAD Y COMPUTACIÓN,False,0.14,TECNICO_OPERATIVO_MANTENIMIENTO,True,0,0,0,False,False,,0,,False,False,0,0,False,0,False,,SERVICIOS PROFESIONALES - EJECUCIÓN DE ACTIVIDADES,GERENCIA DE TECNOLOGÍAS Y SISTEMAS DE INFORMACIÓN,CONTRATO_SERVICIOS_PROFESIONALES_PROYECTO,ADMINISTRATIVO
100664,3,2,TECNICO_DOCENTE_APOYO,DOCENTE,TÉCNICO DE INVESTIGACIÓN 1 (TC),FACULTAD DE CIENCIAS NATURALES Y MATEMÁTICAS,False,2.84,TECNICO_OPERATIVO_MANTENIMIENTO,False,1,1,0,True,False,3.53,0,,False,False,0,0,False,0,False,,,,,
100675,3,2,TECNICO_DOCENTE_APOYO,DOCENTE,TÉCNICO DE LABORATORIO 1 (TC),FACULTAD DE INGENIERÍA EN CIENCIAS DE LA TIERRA,False,0.29,TECNICO_OPERATIVO_MANTENIMIENTO,False,1,1,0,True,False,2.93,0,,False,False,0,0,False,0,False,,,,,
100682,5,2,TECNICO_OPERATIVO_MANTENIMIENTO,ADMINISTRATIVO,TÉCNICOS ESPECIALIZADOS - EJECUCIÓN DE ACTIVIDADES,FACULTAD DE CIENCIAS DE LA VIDA,False,0.25,TECNICO_OPERATIVO_MANTENIMIENTO,False,2,1,1,True,True,1.32,0,,False,False,0,0,False,0,False,,,,,
100696,1,1,TECNICO_DOCENTE_APOYO,DOCENTE,TÉCNICO DE INVESTIGACIÓN 1 (TC),FACULTAD DE INGENIERÍA EN CIENCIAS DE LA TIERRA,False,0.24,TECNICO_DOCENTE_APOYO,True,0,0,0,False,False,,0,,False,False,0,0,False,0,False,,,,,
100722,4,2,TECNICO_DOCENTE_APOYO,DOCENTE,TÉCNICO DE INVESTIGACIÓN 1 (TC),CENTRO DE INVESTIGACIONES BIOTECNOLÓGICAS DEL ECUADOR,True,0.28,TECNICO_OPERATIVO_MANTENIMIENTO,False,1,1,0,True,False,3.53,0,,False,False,0,0,False,0,False,,,,,
100730,2,2,AUTORIDAD_ADMINISTRATIVA_SUPERIOR,ADMINISTRATIVO,GERENTE DE RELACIONES EXTERNAS Y VINCULACIÓN CORPORATIVA,GERENCIA DE RELACIONES EXTERNAS Y VINCULACIÓN CORPORATIVA,False,2.91,PROFESIONAL_ANALISTA,False,1,0,0,False,False,3.94,1,AUTORIDAD_ADMINISTRATIVA_SUPERIOR,True,True,3,1,False,0,True,AUTORIDAD_ADMINISTRATIVA_SUPERIOR,,,,
100731,1,1,DOCENTE_NO_TITULAR_OCASIONAL,DOCENTE,PROFESOR NO TITULAR OCASIONAL (TC),FACULTAD DE CIENCIAS DE LA VIDA,True,8.36,DOCENTE_NO_TITULAR_OCASIONAL,True,0,0,0,False,False,,0,,False,True,4,1,False,0,True,JEFATURA_SUPERVISION_OPERATIVA,,,,
100792,1,1,DOCENTE_NO_TITULAR_OCASIONAL,DOCENTE,PROFESOR NO TITULAR OCASIONAL (TC),FACULTAD DE CIENCIAS NATURALES Y MATEMÁTICAS,True,8.69,DOCENTE_NO_TITULAR_OCASIONAL,True,0,0,0,False,False,,0,,False,False,0,0,False,0,False,,,,,
100801,1,1,ASISTENCIA_SECRETARIAL_OFICINA,ADMINISTRATIVO,SECRETARIO ADMINISTRATIVO,DESCONOCIDA,False,2.79,ASISTENCIA_SECRETARIAL_OFICINA,True,0,0,0,False,False,,2,DOCENTE_NO_TITULAR_OCASIONAL,True,True,2,1,False,0,False,ASISTENCIA_SECRETARIAL_OFICINA,,,,
100940,2,1,DOCENTE_NO_TITULAR_OCASIONAL,DOCENTE,PROFESOR NO TITULAR OCASIONAL (MT),FACULTAD DE INGENIERÍA EN CIENCIAS DE LA TIERRA,False,1.52,DOCENTE_NO_TITULAR_OCASIONAL,True,0,0,0,False,False,,0,,False,False,0,0,False,0,False,,,,,
101041,1,1,PROFESIONAL_ANALISTA,ADMINISTRATIVO,ASESOR 2,VICERRECTORADO ACADÉMICO,False,0.13,PROFESIONAL_ANALISTA,True,0,0,0,False,False,,0,,False,False,0,0,False,0,False,,,,,
101161,2,1,TECNICO_OPERATIVO_MANTENIMIENTO,ADMINISTRATIVO,TÉCNICOS ESPECIALIZADOS - EJECUCIÓN DE ACTIVIDADES,GERENCIA DE BIENESTAR POLITÉCNICO,False,0.11,TECNICO_OPERATIVO_MANTENIMIENTO,True,0,0,0,False,False,,0,,False,False,0,0,False,0,False,,,,,
101233,1,1,TECNICO_DOCENTE_APOYO,DOCENTE,TÉCNICO DE INVESTIGACIÓN 1 (TC),FACULTAD DE INGENIERÍA MARÍTIMA Y CIENCIAS DEL MAR,False,5.31,TECNICO_DOCENTE_APOYO,True,0,0,0,False,False,,0,,False,False,0,0,False,0,False,,,,,
101234,1,1,ASISTENCIA_SECRETARIAL_OFICINA,ADMINISTRATIVO,ASISTENTE ADMINISTRATIVO,GERENCIA JURÍDICA,True,8.77,ASISTENCIA_SECRETARIAL_OFICINA,True,0,0,0,False,False,,0,,False,False,0,0,False,0,False,,,,,
101236,8,1,ASISTENCIA_SECRETARIAL_OFICINA,ADMINISTRATIVO,ASISTENTE DE GESTIÓN DE PROYECTOS DE INVESTIGACIÓN,FACULTAD DE CIENCIAS SOCIALES Y HUMANÍSTICAS,True,0.03,ASISTENCIA_SECRETARIAL_OFICINA,True,0,0,0,False,False,,0,,False,False,0,0,False,0,False,,,,,
101237,1,1,PROFESIONAL_ANALISTA,ADMINISTRATIVO,ANALISTA DE COMUNICACIÓN 3,GERENCIA DE COMUNICACIÓN,True,7.36,PROFESIONAL_ANALISTA,True,0,0,0,False,False,,0,,False,False,0,0,False,0,False,,,,,
101243,1,1,TECNICO_DOCENTE_APOYO,DOCENTE,TÉCNICO DE LABORATORIO 1 (TC),FACULTAD DE CIENCIAS SOCIALES Y HUMANÍSTICAS,False,0.24,TECNICO_DOCENTE_APOYO,True,0,0,0,False,False,,0,,False,False,0,0,False,0,False,,,,,
101247,2,2,PROFESIONAL_ANALISTA,ADMINISTRATIVO,ASESOR 2,RECTORADO,False,2.25,TECNICO_OPERATIVO_MANTENIMIENTO,False,1,0,0,False,False,3.94,1,DOCENTE_NO_TITULAR_OCASIONAL,True,False,0,0,False,0,False,,,,,
101253,1,1,PROFESIONAL_ESPECIALIZADO_TECNICO,ADMINISTRATIVO,ABOGADO,DESCONOCIDA,False,3.23,PROFESIONAL_ESPECIALIZADO_TECNICO,True,0,0,0,False,False,,1,AUTORIDAD_ADMINISTRATIVA_SUPERIOR,True,False,0,0,False,0,False,,,,,
101265,1,1,TECNICO_DOCENTE_APOYO,DOCENTE,TÉCNICO DOCENTE 1 (TC),FACULTAD DE CIENCIAS SOCIALES Y HUMANÍSTICAS,False,1.35,TECNICO_DOCENTE_APOYO,True,0,0,0,False,False,,0,,False,False,0,0,False,0,False,,,,,
101268,1,1,AUXILIAR_AYUDANTE_OPERATIVO,ADMINISTRATIVO,AUXILIAR DE SERVICIOS,GERENCIA DE BIENESTAR POLITÉCNICO,True,8.67,AUXILIAR_AYUDANTE_OPERATIVO,True,0,0,0,False,False,,0,,False,False,0,0,False,0,False,,,,,
101281,2,1,TECNICO_DOCENTE_APOYO,DOCENTE,TÉCNICO DOCENTE 1 (TC),FACULTAD DE INGENIERÍA EN ELECTRICIDAD Y COMPUTACIÓN,True,1.95,TECNICO_DOCENTE_APOYO,True,0,0,0,False,False,,0,,False,False,0,0,False,0,False,,,,,
101290,1,1,TECNICO_DOCENTE_APOYO,DOCENTE,TÉCNICO DE INVESTIGACIÓN 1 (TC),FACULTAD DE INGENIERÍA MECÁNICA Y CIENCIAS DE LA PRODUCCIÓN,False,1.58,TECNICO_DOCENTE_APOYO,True,0,0,0,False,False,,0,,False,False,0,0,False,0,False,,,,,
101297,1,1,TECNICO_DOCENTE_APOYO,DOCENTE,TÉCNICO DE LABORATORIO 1 (TC),FACULTAD DE INGENIERÍA MECÁNICA Y CIENCIAS DE LA PRODUCCIÓN,False,0.24,TECNICO_DOCENTE_APOYO,True,0,0,0,False,False,,0,,False,False,0,0,False,0,False,,SERVICIOS PROFESIONALES - EJECUCIÓN DE ACTIVIDADES,GERENCIA DE PLANIFICACIÓN ESTRATÉGICA,CONTRATO_SERVICIOS_PROFESIONALES_PROYECTO,ADMINISTRATIVO
101329,2,1,TECNICO_DOCENTE_APOYO,DOCENTE,TÉCNICO DE LABORATORIO 1 (TC),FACULTAD DE CIENCIAS NATURALES Y MATEMÁTICAS,True,0.95,TECNICO_DOCENTE_APOYO,True,0,0,0,False,False,,0,,False,False,0,0,False,0,False,,,,,
101371,2,1,TECNICO_OPERATIVO_MANTENIMIENTO,ADMINISTRATIVO,TÉCNICOS ESPECIALIZADOS - EJECUCIÓN DE ACTIVIDADES,GERENCIA ADMINISTRATIVA,False,0.38,TECNICO_OPERATIVO_MANTENIMIENTO,True,0,0,0,False,False,,0,,False,False,0,0,False,0,False,,SERVICIOS PROFESIONALES - EJECUCIÓN DE ACTIVIDADES,GERENCIA ADMINISTRATIVA,CONTRATO_SERVICIOS_PROFESIONALES_PROYECTO,ADMINISTRATIVO
101480,1,1,TECNICO_DOCENTE_APOYO,DOCENTE,TÉCNICO DE LABORATORIO 1 (TC),FACULTAD DE INGENIERÍA MECÁNICA Y CIENCIAS DE LA PRODUCCIÓN,False,0.13,TECNICO_DOCENTE_APOYO,True,0,0,0,False,False,,0,,False,False,0,0,False,0,False,,,,,
101818,1,1,TECNICO_DOCENTE_APOYO,DOCENTE,TÉCNICO DOCENTE 3 (MT),DIRECCIÓN DE ADMISIONES,False,0.52,TECNICO_DOCENTE_APOYO,True,0,0,0,False,False,,0,,False,False,0,0,False,0,False,,,,,
101883,1,1,TECNICO_DOCENTE_APOYO,DOCENTE,TÉCNICO DE LABORATORIO 1 (TC),FACULTAD DE INGENIERÍA MECÁNICA Y CIENCIAS DE LA PRODUCCIÓN,False,0.24,TECNICO_DOCENTE_APOYO,True,0,0,0,False,False,,0,,False,False,0,0,False,0,False,,,,,
101896,1,1,TECNICO_DOCENTE_APOYO,DOCENTE,TÉCNICO DE LABORATORIO 1 (TC),FACULTAD DE CIENCIAS SOCIALES Y HUMANÍSTICAS,False,0.24,TECNICO_DOCENTE_APOYO,True,0,0,0,False,False,,0,,False,False,0,0,False,0,False,,,,,
102035,1,1,TECNICO_DOCENTE_APOYO,DOCENTE,TÉCNICO DE INVESTIGACIÓN 1 (TC),FACULTAD DE CIENCIAS NATURALES Y MATEMÁTICAS,True,1.17,TECNICO_DOCENTE_APOYO,True,0,0,0,False,False,,0,,False,False,0,0,False,0,False,,,,,
102049,3,1,ASISTENCIA_SECRETARIAL_OFICINA,ADMINISTRATIVO,ASISTENTE EJECUTIVA 2,SECRETARÍA TÉCNICA DE ASEGURAMIENTO DE LA CALIDAD,True,0.05,ASISTENCIA_SECRETARIAL_OFICINA,True,0,0,0,False,False,,0,,False,False,0,0,False,0,False,,,,,
102074,1,1,ASISTENCIA_SECRETARIAL_OFICINA,ADMINISTRATIVO,ASISTENTE EJECUTIVA 1,FACULTAD DE CIENCIAS DE LA VIDA,True,8.61,ASISTENCIA_SECRETARIAL_OFICINA,True,0,0,0,False,False,,0,,False,False,0,0,False,0,False,,,,,
102085,1,1,PROFESIONAL_ESPECIALIZADO_TECNICO,ADMINISTRATIVO,TRABAJADOR SOCIAL,GERENCIA DE BIENESTAR POLITÉCNICO,True,8.53,PROFESIONAL_ESPECIALIZADO_TECNICO,True,0,0,0,False,False,,0,,False,False,0,0,False,0,False,,,,,
102302,1,1,PROFESIONAL_ANALISTA,ADMINISTRATIVO,ASESOR 2,DIRECCIÓN DE TALENTO HUMANO,False,0.69,PROFESIONAL_ANALISTA,True,0,0,0,False,False,,0,,False,True,1,1,False,0,True,AUTORIDAD_ADMINISTRATIVA_SUPERIOR,,,,
102314,1,1,ASISTENCIA_SECRETARIAL_OFICINA,ADMINISTRATIVO,ASISTENTE EJECUTIVA 2,FACULTAD DE INGENIERÍA MECÁNICA Y CIENCIAS DE LA PRODUCCIÓN,True,8.53,ASISTENCIA_SECRETARIAL_OFICINA,True,0,0,0,False,False,,0,,False,False,0,0,False,0,False,,,,,
102363,7,1,TECNICO_OPERATIVO_MANTENIMIENTO,ADMINISTRATIVO,TÉCNICOS ESPECIALIZADOS - EJECUCIÓN DE ACTIVIDADES,UNIDAD DE BIENESTAR ESTUDIANTIL Y POLITÉCNICO,False,0.01,TECNICO_OPERATIVO_MANTENIMIENTO,True,0,0,0,False,False,,0,,False,False,0,0,False,0,False,,,,,
102368,2,1,SERVICIOS_GENERALES_OFICIOS,ADMINISTRATIVO,CHOFER DE VEHÌCULOS PESADOS,CENTRO NACIONAL DE ACUICULTURA E INVESTIGACIONES MARINAS,True,6.6,SERVICIOS_GENERALES_OFICIOS,True,0,0,0,False,False,,0,,False,False,0,0,False,0,False,,,,,
102374,1,1,PROFESIONAL_ANALISTA,ADMINISTRATIVO,AUDITOR INTERNO 1,AUDITORÍA INTERNA,False,2.94,PROFESIONAL_ANALISTA,True,0,0,0,False,False,,0,,False,False,0,0,False,0,False,,,,,
102448,3,2,AUTORIDAD_ADMINISTRATIVA_SUPERIOR,ADMINISTRATIVO,GERENTE JURÍDICO,GERENCIA JURÍDICA,True,6.61,PROFESIONAL_ESPECIALIZADO_TECNICO,False,1,0,0,False,False,7.66,0,,False,True,1,1,False,0,False,AUTORIDAD_ADMINISTRATIVA_SUPERIOR,,,,
102449,3,3,PROFESIONAL_ANALISTA,ADMINISTRATIVO,ANALISTA DE TALENTO HUMANO 1,DIRECCIÓN DE TALENTO HUMANO,True,3.69,TECNICO_OPERATIVO_MANTENIMIENTO,False,2,0,0,False,False,3.69,0,,False,False,0,0,False,0,False,,,,,
102504,3,1,TECNICO_DOCENTE_APOYO,DOCENTE,TÉCNICO DOCENTE 1 (TC),FACULTAD DE INGENIERÍA MECÁNICA Y CIENCIAS DE LA PRODUCCIÓN,True,1.95,TECNICO_DOCENTE_APOYO,True,0,0,0,False,False,,0,,False,False,0,0,False,0,False,,,,,
102508,1,1,TECNICO_DOCENTE_APOYO,DOCENTE,TÉCNICO DE INVESTIGACIÓN 1 (TC),FACULTAD DE CIENCIAS NATURALES Y MATEMÁTICAS,False,1.45,TECNICO_DOCENTE_APOYO,True,0,0,0,False,False,,0,,False,False,0,0,False,0,False,,,,,
102509,1,1,TECNICO_OPERATIVO_MANTENIMIENTO,ADMINISTRATIVO,TÉCNICOS ESPECIALIZADOS - EJECUCIÓN DE ACTIVIDADES,FACULTAD DE INGENIERÍA MECÁNICA Y CIENCIAS DE LA PRODUCCIÓN,False,0.97,TECNICO_OPERATIVO_MANTENIMIENTO,True,0,0,0,False,False,,1,TECNICO_DOCENTE_APOYO,True,False,0,0,False,0,False,,,,,
102518,1,1,TECNICO_DOCENTE_APOYO,DOCENTE,TÉCNICO DE INVESTIGACIÓN 1 (TC),FACULTAD DE CIENCIAS NATURALES Y MATEMÁTICAS,False,2.75,TECNICO_DOCENTE_APOYO,True,0,0,0,False,False,,0,,False,False,0,0,False,0,False,,,,,
102520,1,1,TECNICO_OPERATIVO_MANTENIMIENTO,ADMINISTRATIVO,TÉCNICOS ESPECIALIZADOS - EJECUCIÓN DE PROYECTOS DE INVESTIGACIÓN,CENTRO INTERNACIONAL DEL PACÍFICO PARA LA REDUCCIÓN DEL RIESGO DE DESASTRES,False,0.5,TECNICO_OPERATIVO_MANTENIMIENTO,True,0,0,0,False,False,,0,,False,False,0,0,False,0,False,,,,,
102524,2,1,TECNICO_OPERATIVO_MANTENIMIENTO,ADMINISTRATIVO,TÉCNICOS ESPECIALIZADOS - EJECUCIÓN DE ACTIVIDADES DE INVESTIGACIÓN,DECANATO DE INVESTIGACIÓN,False,0.41,TECNICO_OPERATIVO_MANTENIMIENTO,True,0,0,0,False,False,,0,,False,False,0,0,False,0,False,,,,,
102526,1,1,TECNICO_DOCENTE_APOYO,DOCENTE,TÉCNICO DOCENTE 1 (TC),FACULTAD DE CIENCIAS NATURALES Y MATEMÁTICAS,True,3.33,TECNICO_DOCENTE_APOYO,True,0,0,0,False,False,,0,,False,False,0,0,False,0,False,,,,,
102559,1,1,TECNICO_DOCENTE_APOYO,DOCENTE,TÉCNICO DOCENTE 1 (TC),FACULTAD DE INGENIERÍA MECÁNICA Y CIENCIAS DE LA PRODUCCIÓN,True,3.33,TECNICO_DOCENTE_APOYO,True,0,0,0,False,False,,0,,False,False,0,0,False,0,False,,,,,
102560,1,1,TECNICO_DOCENTE_APOYO,DOCENTE,TÉCNICO DE LABORATORIO 1 (TC),FACULTAD DE INGENIERÍA MECÁNICA Y CIENCIAS DE LA PRODUCCIÓN,False,0.13,TECNICO_DOCENTE_APOYO,True,0,0,0,False,False,,0,,False,False,0,0,False,0,False,,,,,
102572,1,1,TECNICO_DOCENTE_APOYO,DOCENTE,TÉCNICO DE INVESTIGACIÓN 1 (TC),FACULTAD DE CIENCIAS NATURALES Y MATEMÁTICAS,False,1.15,TECNICO_DOCENTE_APOYO,True,0,0,0,False,False,,0,,False,False,0,0,False,0,False,,,,,
102575,2,1,TECNICO_DOCENTE_APOYO,DOCENTE,TÉCNICO DE INVESTIGACIÓN 2 (MT),FACULTAD DE INGENIERÍA EN CIENCIAS DE LA TIERRA,True,0.64,TECNICO_DOCENTE_APOYO,True,0,0,0,False,False,,0,,False,False,0,0,False,0,False,,,,,
102576,1,1,TECNICO_DOCENTE_APOYO,DOCENTE,TÉCNICO DE LABORATORIO 1 (TC),FACULTAD DE INGENIERÍA EN CIENCIAS DE LA TIERRA,True,0.79,TECNICO_DOCENTE_APOYO,True,0,0,0,False,False,,0,,False,False,0,0,False,0,False,,,,,
102577,1,1,TECNICO_DOCENTE_APOYO,DOCENTE,TÉCNICO DE LABORATORIO 1 (TC),FACULTAD DE INGENIERÍA MECÁNICA Y CIENCIAS DE LA PRODUCCIÓN,False,0.17,TECNICO_DOCENTE_APOYO,True,0,0,0,False,False,,0,,False,False,0,0,False,0,False,,,,,
102594,3,1,TECNICO_OPERATIVO_MANTENIMIENTO,ADMINISTRATIVO,TÉCNICOS ESPECIALIZADOS - EJECUCIÓN DE ACTIVIDADES DE INVESTIGACIÓN,DECANATO DE INVESTIGACIÓN,False,0.24,TECNICO_OPERATIVO_MANTENIMIENTO,True,0,0,0,False,False,,0,,False,False,0,0,False,0,False,,,,,
102604,1,1,TECNICO_DOCENTE_APOYO,DOCENTE,TÉCNICO DE LABORATORIO 1 (TC),FACULTAD DE CIENCIAS DE LA VIDA,False,0.09,TECNICO_DOCENTE_APOYO,True,0,0,0,False,False,,0,,False,False,0,0,False,0,False,,,,,
102634,1,1,TECNICO_DOCENTE_APOYO,DOCENTE,TÉCNICO DE LABORATORIO 1 (TC),FACULTAD DE INGENIERÍA EN ELECTRICIDAD Y COMPUTACIÓN,True,2.26,TECNICO_DOCENTE_APOYO,True,0,0,0,False,False,,0,,False,False,0,0,False,0,False,,,,,
102644,2,1,TECNICO_OPERATIVO_MANTENIMIENTO,ADMINISTRATIVO,TÉCNICOS ESPECIALIZADOS - EJECUCIÓN DE ACTIVIDADES,DECANATO DE INVESTIGACIÓN,False,0.17,TECNICO_OPERATIVO_MANTENIMIENTO,True,0,0,0,False,False,,0,,False,False,0,0,False,0,False,,,,,
102655,1,1,TECNICO_DOCENTE_APOYO,DOCENTE,TÉCNICO DE LABORATORIO 1 (TC),FACULTAD DE INGENIERÍA MECÁNICA Y CIENCIAS DE LA PRODUCCIÓN,False,0.24,TECNICO_DOCENTE_APOYO,True,0,0,0,False,False,,0,,False,False,0,0,False,0,False,,,,,
102656,1,1,TECNICO_DOCENTE_APOYO,DOCENTE,TÉCNICO DE LABORATORIO 1 (TC),FACULTAD DE INGENIERÍA MECÁNICA Y CIENCIAS DE LA PRODUCCIÓN,False,0.24,TECNICO_DOCENTE_APOYO,True,0,0,0,False,False,,0,,False,False,0,0,False,0,False,,,,,
102662,1,1,TECNICO_OPERATIVO_MANTENIMIENTO,ADMINISTRATIVO,TÉCNICOS ESPECIALIZADOS - EJECUCIÓN DE PROYECTOS DE INVESTIGACIÓN,CENTRO INTERNACIONAL DEL PACÍFICO PARA LA REDUCCIÓN DEL RIESGO DE DESASTRES,False,0.5,TECNICO_OPERATIVO_MANTENIMIENTO,True,0,0,0,False,False,,0,,False,False,0,0,False,0,False,,,,,
102665,1,1,TECNICO_DOCENTE_APOYO,DOCENTE,TÉCNICO DE LABORATORIO 1 (TC),FACULTAD DE INGENIERÍA MECÁNICA Y CIENCIAS DE LA PRODUCCIÓN,False,0.24,TECNICO_DOCENTE_APOYO,True,0,0,0,False,False,,0,,False,False,0,0,False,0,False,,,,,
102668,1,1,TECNICO_DOCENTE_APOYO,DOCENTE,TÉCNICO DE LABORATORIO 1 (TC),FACULTAD DE INGENIERÍA MECÁNICA Y CIENCIAS DE LA PRODUCCIÓN,False,0.24,TECNICO_DOCENTE_APOYO,True,0,0,0,False,False,,0,,False,False,0,0,False,0,False,,,,,
102670,1,1,TECNICO_DOCENTE_APOYO,DOCENTE,TÉCNICO DOCENTE 1 (TC),FACULTAD DE INGENIERÍA MECÁNICA Y CIENCIAS DE LA PRODUCCIÓN,False,0.36,TECNICO_DOCENTE_APOYO,True,0,0,0,False,False,,0,,False,False,0,0,False,0,False,,,,,
102674,1,1,TECNICO_DOCENTE_APOYO,DOCENTE,TÉCNICO DE LABORATORIO 1 (TC),FACULTAD DE INGENIERÍA MECÁNICA Y CIENCIAS DE LA PRODUCCIÓN,False,0.24,TECNICO_DOCENTE_APOYO,True,0,0,0,False,False,,0,,False,False,0,0,False,0,False,,,,,
102688,1,1,TECNICO_DOCENTE_APOYO,DOCENTE,TÉCNICO DE INVESTIGACIÓN 1 (TC),FACULTAD DE INGENIERÍA EN ELECTRICIDAD Y COMPUTACIÓN,False,0.24,TECNICO_DOCENTE_APOYO,True,0,0,0,False,False,,0,,False,False,0,0,False,0,False,,,,,
102747,2,1,TECNICO_DOCENTE_APOYO,DOCENTE,TÉCNICO DOCENTE 3 (TC),DIRECCIÓN DE ADMISIONES,True,2.27,TECNICO_DOCENTE_APOYO,True,0,0,0,False,False,,0,,False,False,0,0,False,0,False,,,,,
102812,1,1,TECNICO_DOCENTE_APOYO,DOCENTE,TÉCNICO DE LABORATORIO 1 (TC),FACULTAD DE INGENIERÍA MECÁNICA Y CIENCIAS DE LA PRODUCCIÓN,False,0.24,TECNICO_DOCENTE_APOYO,True,0,0,0,False,False,,0,,False,False,0,0,False,0,False,,,,,
102901,1,1,TECNICO_DOCENTE_APOYO,DOCENTE,TÉCNICO DE INVESTIGACIÓN 1 (TC),FACULTAD DE INGENIERÍA MECÁNICA Y CIENCIAS DE LA PRODUCCIÓN,False,1.58,TECNICO_DOCENTE_APOYO,True,0,0,0,False,False,,0,,False,False,0,0,False,0,False,,,,,
102915,1,1,TECNICO_DOCENTE_APOYO,DOCENTE,TÉCNICO DOCENTE 1 (TC),FACULTAD DE CIENCIAS NATURALES Y MATEMÁTICAS,False,2.43,TECNICO_DOCENTE_APOYO,True,0,0,0,False,False,,0,,False,False,0,0,False,0,False,,,,,
102964,1,1,DOCENTE_NO_TITULAR_OCASIONAL,DOCENTE,PROFESOR NO TITULAR OCASIONAL (TC),FACULTAD DE INGENIERÍA EN ELECTRICIDAD Y COMPUTACIÓN,False,5.01,DOCENTE_NO_TITULAR_OCASIONAL,True,0,0,0,False,False,,0,,False,True,1,1,False,0,True,JEFATURA_SUPERVISION_OPERATIVA,,,,
102965,1,1,DOCENTE_NO_TITULAR_OCASIONAL,DOCENTE,PROFESOR NO TITULAR OCASIONAL (TP),FACULTAD DE INGENIERÍA EN CIENCIAS DE LA TIERRA,False,0.76,DOCENTE_NO_TITULAR_OCASIONAL,True,0,0,0,False,False,,0,,False,False,0,0,False,0,False,,,,,
102966,1,1,DOCENTE_NO_TITULAR_OCASIONAL,DOCENTE,PROFESOR NO TITULAR OCASIONAL (TC),FACULTAD DE CIENCIAS DE LA VIDA,False,5.8,DOCENTE_NO_TITULAR_OCASIONAL,True,0,0,0,False,False,,0,,False,False,0,0,False,0,False,,,,,
102968,4,1,DOCENTE_NO_TITULAR_OCASIONAL,DOCENTE,PROFESOR NO TITULAR OCASIONAL (TP),FACULTAD DE INGENIERÍA EN CIENCIAS DE LA TIERRA,False,0.76,DOCENTE_NO_TITULAR_OCASIONAL,True,0,0,0,False,False,,0,,False,False,0,0,False,0,False,,,,,
102970,1,1,DOCENTE_NO_TITULAR_OCASIONAL,DOCENTE,PROFESOR NO TITULAR OCASIONAL (TC),CENTRO DE EMPRENDIMIENTO E INNOVACIÓN I3LAB,True,8.36,DOCENTE_NO_TITULAR_OCASIONAL,True,0,0,0,False,False,,0,,False,False,0,0,False,0,False,,,,,
102971,1,1,DOCENTE_NO_TITULAR_OCASIONAL,DOCENTE,PROFESOR NO TITULAR OCASIONAL (TC),FACULTAD DE CIENCIAS NATURALES Y MATEMÁTICAS,True,8.36,DOCENTE_NO_TITULAR_OCASIONAL,True,0,0,0,False,False,,0,,False,True,3,1,False,0,True,JEFATURA_SUPERVISION_OPERATIVA,,,,
102974,1,1,DOCENTE_NO_TITULAR_OCASIONAL,DOCENTE,PROFESOR NO TITULAR OCASIONAL (TC),FACULTAD DE CIENCIAS SOCIALES Y HUMANÍSTICAS,True,8.36,DOCENTE_NO_TITULAR_OCASIONAL,True,0,0,0,False,False,,0,,False,False,0,0,False,0,False,,,,,
102988,1,1,TECNICO_DOCENTE_APOYO,DOCENTE,TÉCNICO DOCENTE 1 (TC),FACULTAD DE INGENIERÍA MECÁNICA Y CIENCIAS DE LA PRODUCCIÓN,False,1.37,TECNICO_DOCENTE_APOYO,True,0,0,0,False,False,,0,,False,False,0,0,False,0,False,,,,,
103007,1,1,TECNICO_DOCENTE_APOYO,DOCENTE,TÉCNICO DE LABORATORIO 1 (TC),FACULTAD DE CIENCIAS SOCIALES Y HUMANÍSTICAS,False,0.11,TECNICO_DOCENTE_APOYO,True,0,0,0,False,False,,0,,False,False,0,0,False,0,False,,,,,
103016,1,1,TECNICO_DOCENTE_APOYO,DOCENTE,TÉCNICO DE LABORATORIO 1 (TC),FACULTAD DE INGENIERÍA MECÁNICA Y CIENCIAS DE LA PRODUCCIÓN,False,0.24,TECNICO_DOCENTE_APOYO,True,0,0,0,False,False,,0,,False,False,0,0,False,0,False,,,,,
103051,1,1,TECNICO_DOCENTE_APOYO,DOCENTE,TÉCNICO DE LABORATORIO 1 (TC),FACULTAD DE CIENCIAS DE LA VIDA,False,0.24,TECNICO_DOCENTE_APOYO,True,0,0,0,False,False,,0,,False,False,0,0,False,0,False,,,,,
103052,1,1,TECNICO_DOCENTE_APOYO,DOCENTE,TÉCNICO DE LABORATORIO 1 (TC),FACULTAD DE INGENIERÍA MECÁNICA Y CIENCIAS DE LA PRODUCCIÓN,False,0.24,TECNICO_DOCENTE_APOYO,True,0,0,0,False,False,,0,,False,False,0,0,False,0,False,,,,,
103060,2,1,TECNICO_DOCENTE_APOYO,DOCENTE,TÉCNICO DE INVESTIGACIÓN 1 (TC),FACULTAD DE CIENCIAS NATURALES Y MATEMÁTICAS,True,0.28,TECNICO_DOCENTE_APOYO,True,0,0,0,False,False,,0,,False,False,0,0,False,0,False,,,,,
103076,1,1,TECNICO_DOCENTE_APOYO,DOCENTE,TÉCNICO DE INVESTIGACIÓN 1 (TC),FACULTAD DE INGENIERÍA EN ELECTRICIDAD Y COMPUTACIÓN,False,0.18,TECNICO_DOCENTE_APOYO,True,0,0,0,False,False,,0,,False,False,0,0,False,0,False,,,,,
103094,5,2,DOCENTE_NO_TITULAR_OCASIONAL,DOCENTE,PROFESOR NO TITULAR OCASIONAL (TC),FACULTAD DE INGENIERÍA MECÁNICA Y CIENCIAS DE LA PRODUCCIÓN,True,3.94,TECNICO_DOCENTE_APOYO,False,1,0,0,False,False,5.32,0,,False,False,0,0,False,0,False,,,,,
103095,1,1,DOCENTE_NO_TITULAR_OCASIONAL,DOCENTE,PROFESOR NO TITULAR OCASIONAL (TC),FACULTAD DE INGENIERÍA EN CIENCIAS DE LA TIERRA,False,0.97,DOCENTE_NO_TITULAR_OCASIONAL,True,0,0,0,False,False,,0,,False,True,2,1,False,0,True,JEFATURA_SUPERVISION_OPERATIVA,,,,
103096,2,2,DOCENTE_NO_TITULAR_OCASIONAL,DOCENTE,PROFESOR NO TITULAR OCASIONAL (TC),FACULTAD DE INGENIERÍA EN CIENCIAS DE LA TIERRA,True,1.35,TECNICO_DOCENTE_APOYO,False,1,0,0,False,False,1.35,0,,False,True,2,1,False,0,True,JEFATURA_SUPERVISION_OPERATIVA,,,,
103128,1,1,DOCENTE_NO_TITULAR_OCASIONAL,DOCENTE,PROFESOR NO TITULAR OCASIONAL (TC),FACULTAD DE CIENCIAS NATURALES Y MATEMÁTICAS,False,4.68,DOCENTE_NO_TITULAR_OCASIONAL,True,0,0,0,False,False,,0,,False,False,0,0,False,0,False,,,,,
103135,1,1,DOCENTE_NO_TITULAR_OCASIONAL,DOCENTE,PROFESOR NO TITULAR OCASIONAL (TC),FACULTAD DE CIENCIAS NATURALES Y MATEMÁTICAS,True,8.36,DOCENTE_NO_TITULAR_OCASIONAL,True,0,0,0,False,False,,0,,False,True,3,1,False,0,True,JEFATURA_SUPERVISION_OPERATIVA,,,,
103141,1,1,DOCENTE_NO_TITULAR_OCASIONAL,DOCENTE,PROFESOR NO TITULAR OCASIONAL (TC),FACULTAD DE CIENCIAS SOCIALES Y HUMANÍSTICAS,False,2.08,DOCENTE_NO_TITULAR_OCASIONAL,True,0,0,0,False,False,,0,,False,False,0,0,False,0,False,,,,,
103143,3,1,TECNICO_OPERATIVO_MANTENIMIENTO,ADMINISTRATIVO,TÉCNICOS ESPECIALIZADOS - EJECUCIÓN DE ACTIVIDADES,DECANATO DE INVESTIGACIÓN,False,0.23,TECNICO_OPERATIVO_MANTENIMIENTO,True,0,0,0,False,False,,0,,False,False,0,0,False,0,False,,SERVICIOS PROFESIONALES - EJECUCIÓN DE ACTIVIDADES,CENTRO DE AGUA Y DESARROLLO SUSTENTABLE,CONTRATO_SERVICIOS_PROFESIONALES_PROYECTO,ADMINISTRATIVO
103174,1,1,DOCENTE_NO_TITULAR_OCASIONAL,DOCENTE,PROFESOR NO TITULAR OCASIONAL (TP),CENTRO DE EMPRENDIMIENTO E INNOVACIÓN I3LAB,False,0.24,DOCENTE_NO_TITULAR_OCASIONAL,True,0,0,0,False,False,,0,,False,False,0,0,False,0,False,,PROFESOR INVITADO,DECANATO DE GRADO,DOCENTE_HONORARIO_ESPECIAL,DOCENTE
103178,1,1,TECNICO_DOCENTE_APOYO,DOCENTE,TÉCNICO DOCENTE 4 (MT),DIRECCIÓN DE ADMISIONES,False,0.27,TECNICO_DOCENTE_APOYO,True,0,0,0,False,False,,0,,False,False,0,0,False,0,False,,,,,
103189,1,1,TECNICO_DOCENTE_APOYO,DOCENTE,TÉCNICO DOCENTE 4 (TC),DIRECCIÓN DE ADMISIONES,False,0.27,TECNICO_DOCENTE_APOYO,True,0,0,0,False,False,,0,,False,False,0,0,False,0,False,,,,,
103193,1,1,AUTORIDAD_ADMINISTRATIVA_SUPERIOR,ADMINISTRATIVO,GERENTE DE TECNOLOGÍAS Y SISTEMAS DE INFORMACIÓN,DESCONOCIDA,False,3.71,AUTORIDAD_ADMINISTRATIVA_SUPERIOR,True,0,0,0,False,False,,0,,False,True,1,1,False,0,False,AUTORIDAD_ADMINISTRATIVA_SUPERIOR,,,,
103195,1,1,DOCENTE_NO_TITULAR_OCASIONAL,DOCENTE,PROFESOR NO TITULAR OCASIONAL (TC),FACULTAD DE CIENCIAS NATURALES Y MATEMÁTICAS,False,6.46,DOCENTE_NO_TITULAR_OCASIONAL,True,0,0,0,False,False,,0,,False,True,2,2,False,0,True,JEFATURA_SUPERVISION_OPERATIVA,,,,
103196,1,1,DOCENTE_NO_TITULAR_OCASIONAL,DOCENTE,PROFESOR NO TITULAR OCASIONAL (TC),FACULTAD DE CIENCIAS NATURALES Y MATEMÁTICAS,False,1.53,DOCENTE_NO_TITULAR_OCASIONAL,True,0,0,0,False,False,,0,,False,False,0,0,False,0,False,,,,,
103211,1,1,PROFESIONAL_ANALISTA,ADMINISTRATIVO,ANALISTA ADMINISTRATIVO,GERENCIA ADMINISTRATIVA,False,4.67,PROFESIONAL_ANALISTA,True,0,0,0,False,False,,0,,False,False,0,0,False,0,False,,,,,
103213,1,1,SERVICIOS_GENERALES_OFICIOS,ADMINISTRATIVO,JARDINERO/TRABAJADOR DEL DEPARTAMENTO DE GESTIÒN AMBIENTAL,DIRECCIÓN DE SERVICIOS GENERALES,True,8.2,SERVICIOS_GENERALES_OFICIOS,True,0,0,0,False,False,,0,,False,False,0,0,False,0,False,,,,,
103214,2,2,AUXILIAR_AYUDANTE_OPERATIVO,ADMINISTRATIVO,AUXILIAR DE SERVICIOS,DIRECCIÓN DE ADMISIONES,True,1.69,SERVICIOS_GENERALES_OFICIOS,False,1,0,0,False,False,1.69,1,SERVICIOS_GENERALES_OFICIOS,True,False,0,0,False,0,False,,,,,
103215,2,2,AUXILIAR_AYUDANTE_OPERATIVO,ADMINISTRATIVO,AUXILIAR DE SERVICIOS,FACULTAD DE CIENCIAS SOCIALES Y HUMANÍSTICAS,True,1.69,SERVICIOS_GENERALES_OFICIOS,False,1,0,0,False,False,1.69,1,SERVICIOS_GENERALES_OFICIOS,True,False,0,0,False,0,False,,,,,
103216,1,1,SERVICIOS_GENERALES_OFICIOS,ADMINISTRATIVO,OPERADOR DE VÀLVULA SURTIDORA DE AGUA POTABLE,DIRECCIÓN DE SERVICIOS GENERALES,True,8.2,SERVICIOS_GENERALES_OFICIOS,True,0,0,0,False,False,,0,,False,False,0,0,False,0,False,,,,,
103218,1,1,SERVICIOS_GENERALES_OFICIOS,ADMINISTRATIVO,JARDINERO/TRABAJADOR DEL DEPARTAMENTO DE GESTIÒN AMBIENTAL,DIRECCIÓN DE SERVICIOS GENERALES,True,8.2,SERVICIOS_GENERALES_OFICIOS,True,0,0,0,False,False,,0,,False,False,0,0,False,0,False,,,,,
103220,1,1,SERVICIOS_GENERALES_OFICIOS,ADMINISTRATIVO,JARDINERO/TRABAJADOR DEL DEPARTAMENTO DE GESTIÒN AMBIENTAL,DIRECCIÓN DE SERVICIOS GENERALES,True,8.2,SERVICIOS_GENERALES_OFICIOS,True,0,0,0,False,False,,0,,False,False,0,0,False,0,False,,,,,
103221,1,1,PROFESIONAL_ANALISTA,ADMINISTRATIVO,ANALISTA DE INFRAESTRUCTURA FÍSICA 2,GERENCIA DE INFRAESTRUCTURA FÍSICA,False,2.5,PROFESIONAL_ANALISTA,True,0,0,0,False,False,,0,,False,False,0,0,False,0,False,,,,,
103230,1,1,TECNICO_DOCENTE_APOYO,DOCENTE,TÉCNICO DE LABORATORIO 1 (TC),FACULTAD DE CIENCIAS DE LA VIDA,True,8.2,TECNICO_DOCENTE_APOYO,True,0,0,0,False,False,,0,,False,False,0,0,False,0,False,,,,,
103260,2,1,TECNICO_OPERATIVO_MANTENIMIENTO,ADMINISTRATIVO,TÉCNICOS ESPECIALIZADOS - EJECUCIÓN DE ACTIVIDADES,FACULTAD DE CIENCIAS SOCIALES Y HUMANÍSTICAS,False,0.82,TECNICO_OPERATIVO_MANTENIMIENTO,True,0,0,0,False,False,,0,,False,False,0,0,False,0,False,,,,,
103262,1,1,AUXILIAR_AYUDANTE_OPERATIVO,ADMINISTRATIVO,AUXILIAR DE SERVICIOS,DIRECCIÓN DE SERVICIOS GENERALES,True,8.1,AUXILIAR_AYUDANTE_OPERATIVO,True,0,0,0,False,False,,0,,False,False,0,0,False,0,False,,,,,
103264,1,1,PROFESIONAL_ANALISTA,ADMINISTRATIVO,AUDITOR INTERNO 1,AUDITORÍA INTERNA,False,7.0,PROFESIONAL_ANALISTA,True,0,0,0,False,False,,0,,False,False,0,0,False,0,False,,,,,
152512,1,1,DOCENTE_TITULAR_CARRERA,DOCENTE,PROFESOR TITULAR AGREGADO 3 (TC),FACULTAD DE CIENCIAS NATURALES Y MATEMÁTICAS,True,16.36,DOCENTE_TITULAR_CARRERA,True,0,0,0,False,False,,1,AUTORIDAD_ACADEMICA_SUPERIOR,True,True,6,3,True,2,True,JEFATURA_SUPERVISION_OPERATIVA,,,,
258576,1,1,SERVICIOS_GENERALES_OFICIOS,ADMINISTRATIVO,CHOFER,RECTORADO,False,14.08,SERVICIOS_GENERALES_OFICIOS,True,0,0,0,False,False,,0,,False,False,0,0,False,0,False,,,,,
441188,2,1,SERVICIOS_GENERALES_OFICIOS,ADMINISTRATIVO,CHOFER DE VEHÌCULOS PESADOS,DIRECCIÓN DE SERVICIOS GENERALES,True,4.03,SERVICIOS_GENERALES_OFICIOS,True,0,0,0,False,False,,0,,False,False,0,0,False,0,False,,,,,
480354,2,1,DOCENTE_NO_TITULAR_OCASIONAL,DOCENTE,PROFESOR NO TITULAR OCASIONAL (TC),DECANATO DE GRADO,True,5.94,DOCENTE_NO_TITULAR_OCASIONAL,True,0,0,0,False,False,,0,,False,True,1,1,False,0,True,JEFATURA_SUPERVISION_OPERATIVA,,,,
550294,1,1,AUXILIAR_AYUDANTE_OPERATIVO,ADMINISTRATIVO,AUXILIAR DE SERVICIOS DE MANTENIMIENTO,DIRECCIÓN DE SERVICIOS GENERALES,True,9.3,AUXILIAR_AYUDANTE_OPERATIVO,True,0,0,0,False,False,,0,,False,False,0,0,False,0,False,,,,,
552319,1,1,ASISTENCIA_SECRETARIAL_OFICINA,ADMINISTRATIVO,ASISTENTE DE RELACIONES EXTERNAS Y VINCULACIÓN CORPORATIVA,GERENCIA DE RELACIONES EXTERNAS Y VINCULACIÓN CORPORATIVA,True,8.78,ASISTENCIA_SECRETARIAL_OFICINA,True,0,0,0,False,False,,0,,False,False,0,0,False,0,False,,,,,
574968,16,1,PROFESIONAL_ANALISTA,ADMINISTRATIVO,ANALISTA DE LABORATORIO DE INVESTIGACIÓN 2,CENTRO DE INVESTIGACIONES BIOTECNOLÓGICAS DEL ECUADOR,True,0.05,PROFESIONAL_ANALISTA,True,0,0,0,False,False,,1,TECNICO_OPERATIVO_MANTENIMIENTO,True,False,0,0,False,0,False,,,,,
634492,1,1,TECNICO_DOCENTE_APOYO,DOCENTE,TÉCNICO DOCENTE 3 (TC),DIRECCIÓN DE ADMISIONES,True,1.69,TECNICO_DOCENTE_APOYO,True,0,0,0,False,False,,0,,False,False,0,0,False,0,False,,,,,
634493,1,1,TECNICO_DOCENTE_APOYO,DOCENTE,TÉCNICO DOCENTE 3 (TC),DIRECCIÓN DE ADMISIONES,True,3.29,TECNICO_DOCENTE_APOYO,True,0,0,0,False,False,,0,,False,False,0,0,False,0,False,,,,,
634521,1,1,TECNICO_DOCENTE_APOYO,DOCENTE,TÉCNICO DE LABORATORIO 1 (TC),FACULTAD DE INGENIERÍA MECÁNICA Y CIENCIAS DE LA PRODUCCIÓN,True,0.8,TECNICO_DOCENTE_APOYO,True,0,0,0,False,False,,0,,False,False,0,0,False,0,False,,,,,
634530,4,3,AUTORIDAD_ADMINISTRATIVA_SUPERIOR,ADMINISTRATIVO,DIRECTOR DE SERVICIOS GENERALES,DIRECCIÓN DE SERVICIOS GENERALES,True,1.68,TECNICO_OPERATIVO_MANTENIMIENTO,False,2,1,1,True,True,1.68,0,,False,True,5,2,True,4,False,OTROS_AA,,,,
634579,2,2,TECNICO_DOCENTE_APOYO,DOCENTE,TÉCNICO DE INVESTIGACIÓN 3 (TC),CENTRO DE TECNOLOGÍAS DE LA INFORMACIÓN,False,0.8,ASISTENCIA_SECRETARIAL_OFICINA,False,1,1,0,True,False,6.08,0,,False,False,0,0,False,0,False,,,,,
634587,2,2,TECNICO_DOCENTE_APOYO,DOCENTE,TÉCNICO DE LABORATORIO 1 (TC),FACULTAD DE INGENIERÍA EN ELECTRICIDAD Y COMPUTACIÓN,True,8.69,DOCENTE_NO_TITULAR_OCASIONAL,False,1,0,0,False,False,8.69,0,,False,False,0,0,False,0,False,,,,,
634588,1,1,TECNICO_DOCENTE_APOYO,DOCENTE,TÉCNICO DOCENTE 3 (TC),DIRECCIÓN DE ADMISIONES,False,0.28,TECNICO_DOCENTE_APOYO,True,0,0,0,False,False,,0,,False,False,0,0,False,0,False,,,,,
634593,2,2,TECNICO_DOCENTE_APOYO,DOCENTE,TÉCNICO DE INVESTIGACIÓN 1 (TC),CENTRO DE TECNOLOGÍAS DE LA INFORMACIÓN,False,4.34,ASISTENCIA_SECRETARIAL_OFICINA,False,1,1,0,True,False,7.69,0,,False,False,0,0,False,0,False,,,,,
634600,3,3,PROFESIONAL_ANALISTA,ADMINISTRATIVO,ANALISTA DE COMUNICACIÓN 2,GERENCIA DE COMUNICACIÓN,True,6.69,OTROS_AA,False,2,0,0,False,False,6.69,0,,False,False,0,0,False,0,False,,,,,
634614,2,2,PROFESIONAL_ANALISTA,ADMINISTRATIVO,ANALISTA DE SOPORTE TÉCNICO,DIRECCIÓN DE ADMISIONES,True,4.61,ASISTENCIA_SECRETARIAL_OFICINA,False,1,0,0,False,False,4.61,2,ASISTENCIA_SECRETARIAL_OFICINA,True,False,0,0,False,0,False,,,,,
634625,4,3,TECNICO_DOCENTE_APOYO,DOCENTE,TÉCNICO DE LABORATORIO 1 (TC),CENTRO DE AGUA Y DESARROLLO SUSTENTABLE,True,2.69,TECNICO_OPERATIVO_MANTENIMIENTO,False,2,1,0,True,False,7.69,0,,False,False,0,0,False,0,False,,,,,
634645,1,1,TECNICO_DOCENTE_APOYO,DOCENTE,TÉCNICO DOCENTE 3 (MT),DIRECCIÓN DE ADMISIONES,False,0.22,TECNICO_DOCENTE_APOYO,True,0,0,0,False,False,,0,,False,False,0,0,False,0,False,,,,,
634661,2,1,DOCENTE_NO_TITULAR_OCASIONAL,DOCENTE,PROFESOR NO TITULAR OCASIONAL (TP),FACULTAD DE INGENIERÍA MECÁNICA Y CIENCIAS DE LA PRODUCCIÓN,False,0.1,DOCENTE_NO_TITULAR_OCASIONAL,True,0,0,0,False,False,,0,,False,False,0,0,False,0,False,,,,,
634684,1,1,AUXILIAR_AYUDANTE_OPERATIVO,ADMINISTRATIVO,AUXILIAR DE SERVICIOS DE MANTENIMIENTO,DIRECCIÓN DE SERVICIOS GENERALES,True,7.53,AUXILIAR_AYUDANTE_OPERATIVO,True,0,0,0,False,False,,0,,False,False,0,0,False,0,False,,,,,
634709,2,1,TECNICO_DOCENTE_APOYO,DOCENTE,TÉCNICO DOCENTE 3 (TC),DIRECCIÓN DE ADMISIONES,False,1.37,TECNICO_DOCENTE_APOYO,True,0,0,0,False,False,,0,,False,False,0,0,False,0,False,,,,,
634728,1,1,TECNICO_DOCENTE_APOYO,DOCENTE,TÉCNICO DE LABORATORIO 1 (TC),FACULTAD DE CIENCIAS DE LA VIDA,False,2.12,TECNICO_DOCENTE_APOYO,True,0,0,0,False,False,,0,,False,False,0,0,False,0,False,,,,,
634762,1,1,TECNICO_OPERATIVO_MANTENIMIENTO,ADMINISTRATIVO,TÉCNICOS ESPECIALIZADOS - EJECUCIÓN DE ACTIVIDADES,FACULTAD DE INGENIERÍA MARÍTIMA Y CIENCIAS DEL MAR,False,0.33,TECNICO_OPERATIVO_MANTENIMIENTO,True,0,0,0,False,False,,0,,False,False,0,0,False,0,False,,,,,
634773,1,1,TECNICO_DOCENTE_APOYO,DOCENTE,TÉCNICO DE INVESTIGACIÓN 1 (TC),FACULTAD DE INGENIERÍA EN CIENCIAS DE LA TIERRA,False,0.24,TECNICO_DOCENTE_APOYO,True,0,0,0,False,False,,0,,False,False,0,0,False,0,False,,,,,
634789,1,1,TECNICO_DOCENTE_APOYO,DOCENTE,TÉCNICO DE INVESTIGACIÓN 1,"CENTRO DE INVESTIGACIÓN, DESARROLLO E INNOVACIÓN DE SISTEMAS COMPUTACIONALES",False,1.25,TECNICO_DOCENTE_APOYO,True,0,0,0,False,False,,0,,False,False,0,0,False,0,False,,,,,
634797,2,2,TECNICO_DOCENTE_APOYO,DOCENTE,TÉCNICO DOCENTE 3 (TC),DIRECCIÓN DE ADMISIONES,True,3.29,TECNICO_OPERATIVO_MANTENIMIENTO,False,1,1,0,True,False,3.29,0,,False,False,0,0,False,0,False,,,,,
634800,2,2,TECNICO_DOCENTE_APOYO,DOCENTE,TÉCNICO DE LABORATORIO 1 (TC),FACULTAD DE CIENCIAS NATURALES Y MATEMÁTICAS,True,8.69,DOCENTE_NO_TITULAR_OCASIONAL,False,1,0,0,False,False,8.69,0,,False,False,0,0,False,0,False,,,,,
634801,2,2,DOCENTE_TITULAR_CARRERA,DOCENTE,PROFESOR TITULAR AGREGADO 1 (TC),FACULTAD DE CIENCIAS NATURALES Y MATEMÁTICAS,False,2.43,DOCENTE_NO_TITULAR_OCASIONAL,False,1,0,0,False,False,3.28,0,,False,False,0,0,False,0,False,,,,,
635361,3,3,TECNICO_OPERATIVO_MANTENIMIENTO,ADMINISTRATIVO,TÈCNICO DE ENERGÌA Y CLIMATIZACIÒN,DIRECCIÓN DE SERVICIOS GENERALES,True,1.69,AUXILIAR_AYUDANTE_OPERATIVO,False,2,0,0,False,False,1.69,1,SERVICIOS_GENERALES_OFICIOS,True,False,0,0,False,0,False,,,,,
635447,3,3,PROFESIONAL_ANALISTA,ADMINISTRATIVO,ANALISTA DE LABORATORIO DE INVESTIGACIÓN 2,"VICERRECTORADO DE INVESTIGACIÓN, DESARROLLO E INNOVACIÓN",True,10.78,ASISTENCIA_SECRETARIAL_OFICINA,False,2,0,0,False,False,10.78,0,,False,False,0,0,False,0,False,,,,,
635564,2,2,SERVICIOS_GENERALES_OFICIOS,ADMINISTRATIVO,MENSAJERO,DIRECCIÓN DE SERVICIOS GENERALES,True,8.69,AUXILIAR_AYUDANTE_OPERATIVO,False,1,0,0,False,False,8.69,0,,False,False,0,0,False,0,False,,,,,
635587,1,1,PROFESIONAL_ANALISTA,ADMINISTRATIVO,ANALISTA DE TALENTO HUMANO 3,DIRECCIÓN DE TALENTO HUMANO,True,9.8,PROFESIONAL_ANALISTA,True,0,0,0,False,False,,1,AUTORIDAD_ADMINISTRATIVA_SUPERIOR,True,True,13,1,True,13,True,OTROS_AA,,,,
635845,1,1,DOCENTE_NO_TITULAR_OCASIONAL,DOCENTE,PROFESOR NO TITULAR OCASIONAL 1 (TC),DESCONOCIDA,False,2.5,DOCENTE_NO_TITULAR_OCASIONAL,True,0,0,0,False,False,,0,,False,False,0,0,False,0,False,,,,,
636088,4,2,TECNICO_DOCENTE_APOYO,DOCENTE,TÉCNICO DOCENTE 3 (TC),DIRECCIÓN DE ADMISIONES,True,3.29,DOCENTE_PREPOLITECNICO,False,1,0,0,False,False,5.3,0,,False,False,0,0,False,0,False,,,,,
637327,9,2,TECNICO_OPERATIVO_MANTENIMIENTO,ADMINISTRATIVO,TÉCNICOS ESPECIALIZADOS - EJECUCIÓN DE ACTIVIDADES,CENTRO DE INVESTIGACIÓN Y PROYECTOS APLICADOS A LAS CIENCIAS DE LA TIERRA,False,0.73,ASISTENCIA_SECRETARIAL_OFICINA,False,1,0,0,False,False,9.11,0,,False,False,0,0,False,0,False,,SERVICIOS PROFESIONALES - EJECUCIÓN DE ACTIVIDADES,FACULTAD DE INGENIERÍA EN CIENCIAS DE LA TIERRA,CONTRATO_SERVICIOS_PROFESIONALES_PROYECTO,ADMINISTRATIVO
637706,1,1,DOCENTE_NO_TITULAR_OCASIONAL,DOCENTE,PROFESOR NO TITULAR OCASIONAL 1 (TC),FACULTAD DE CIENCIAS NATURALES Y MATEMÁTICAS,False,2.98,DOCENTE_NO_TITULAR_OCASIONAL,True,0,0,0,False,False,,0,,False,False,0,0,False,0,False,,,,,
638396,2,1,ASISTENCIA_SECRETARIAL_OFICINA,ADMINISTRATIVO,ASISTENTE DE ACTIVOS FIJOS,GERENCIA DE BIENESTAR POLITÉCNICO,True,0.02,ASISTENCIA_SECRETARIAL_OFICINA,True,0,0,0,False,False,,1,PROFESIONAL_ANALISTA,True,False,0,0,False,0,False,,,,,
638474,2,2,PROFESIONAL_ANALISTA,ADMINISTRATIVO,ANALISTA DE PROYECTOS DE VINCULACIÓN 3,CENTRO DE EMPRENDIMIENTO E INNOVACIÓN I3LAB,True,1.85,ASISTENCIA_SECRETARIAL_OFICINA,False,1,0,0,False,False,1.85,0,,False,False,0,0,False,0,False,,PROFESOR INVITADO,DECANATO DE GRADO,DOCENTE_HONORARIO_ESPECIAL,DOCENTE
638504,4,2,DOCENTE_NO_TITULAR_OCASIONAL,DOCENTE,PROFESOR NO TITULAR OCASIONAL (TC),FACULTAD DE CIENCIAS NATURALES Y MATEMÁTICAS,True,1.33,DOCENTE_NO_TITULAR_OCASIONAL,False,2,0,0,False,False,1.33,0,,False,False,0,0,False,0,False,,,,,
638513,2,1,TECNICO_DOCENTE_APOYO,DOCENTE,TÉCNICO DE LABORATORIO 1 (TC),FACULTAD DE INGENIERÍA MECÁNICA Y CIENCIAS DE LA PRODUCCIÓN,True,1.31,TECNICO_DOCENTE_APOYO,True,0,0,0,False,False,,0,,False,True,1,1,False,0,True,JEFATURA_SUPERVISION_OPERATIVA,,,,
638554,2,1,TECNICO_DOCENTE_APOYO,DOCENTE,TÉCNICO DOCENTE 1 (TC),FACULTAD DE INGENIERÍA MECÁNICA Y CIENCIAS DE LA PRODUCCIÓN,False,2.35,TECNICO_DOCENTE_APOYO,True,0,0,0,False,False,,0,,False,False,0,0,False,0,False,,,,,
638611,1,1,TECNICO_DOCENTE_APOYO,DOCENTE,TÉCNICO DE INVESTIGACIÓN 1 (MT),DECANATO DE INVESTIGACIÓN,False,0.84,TECNICO_DOCENTE_APOYO,True,0,0,0,False,False,,0,,False,False,0,0,False,0,False,,,,,
638638,1,1,ASISTENCIA_SECRETARIAL_OFICINA,ADMINISTRATIVO,ASISTENTE EJECUTIVA 2,FACULTAD DE CIENCIAS SOCIALES Y HUMANÍSTICAS,False,3.5,ASISTENCIA_SECRETARIAL_OFICINA,True,0,0,0,False,False,,0,,False,False,0,0,False,0,False,,,,,
638661,1,1,TECNICO_DOCENTE_APOYO,DOCENTE,TECNICO DOCENTE 1,FACULTAD DE INGENIERÍA EN ELECTRICIDAD Y COMPUTACIÓN,False,2.35,TECNICO_DOCENTE_APOYO,True,0,0,0,False,False,,0,,False,False,0,0,False,0,False,,,,,
638813,1,1,DOCENTE_NO_TITULAR_OCASIONAL,DOCENTE,PROFESOR NO TITULAR OCASIONAL (TC),FACULTAD DE INGENIERÍA EN CIENCIAS DE LA TIERRA,False,3.04,DOCENTE_NO_TITULAR_OCASIONAL,True,0,0,0,False,False,,0,,False,False,0,0,False,0,False,,,,,
638919,2,2,TECNICO_DOCENTE_APOYO,DOCENTE,TECNICO DOCENTE 1,FACULTAD DE INGENIERÍA MARÍTIMA Y CIENCIAS DEL MAR,False,2.12,DOCENTE_NO_TITULAR_OCASIONAL,False,1,0,0,False,False,8.69,0,,False,False,0,0,False,0,False,,,,,
638921,2,2,TECNICO_DOCENTE_APOYO,DOCENTE,TÉCNICO DE INVESTIGACIÓN 2 (TC),FACULTAD DE INGENIERÍA MECÁNICA Y CIENCIAS DE LA PRODUCCIÓN,True,1.85,ASISTENCIA_SECRETARIAL_OFICINA,False,1,1,0,True,False,1.85,0,,False,False,0,0,False,0,False,,,,,
638933,1,1,TECNICO_DOCENTE_APOYO,DOCENTE,TECNICO DOCENTE 1,FACULTAD DE INGENIERÍA MARÍTIMA Y CIENCIAS DEL MAR,False,1.31,TECNICO_DOCENTE_APOYO,True,0,0,0,False,False,,0,,False,False,0,0,False,0,False,,,,,
638937,1,1,TECNICO_DOCENTE_APOYO,DOCENTE,TÉCNICO DOCENTE 1 (TC),FACULTAD DE CIENCIAS NATURALES Y MATEMÁTICAS,False,3.36,TECNICO_DOCENTE_APOYO,True,0,0,0,False,False,,0,,False,False,0,0,False,0,False,,,,,
638941,2,1,DOCENTE_NO_TITULAR_OCASIONAL,DOCENTE,PROFESOR NO TITULAR OCASIONAL (TP),FACULTAD DE CIENCIAS NATURALES Y MATEMÁTICAS,False,0.37,DOCENTE_NO_TITULAR_OCASIONAL,True,0,0,0,False,False,,0,,False,False,0,0,False,0,False,,,,,
638950,1,1,TECNICO_DOCENTE_APOYO,DOCENTE,TÉCNICO DE INVESTIGACIÓN 1 (TC),DECANATO DE INVESTIGACIÓN,False,0.84,TECNICO_DOCENTE_APOYO,True,0,0,0,False,False,,0,,False,False,0,0,False,0,False,,,,,
639024,2,2,TECNICO_DOCENTE_APOYO,DOCENTE,TÉCNICO DOCENTE 1 (TC),FACULTAD DE INGENIERÍA MECÁNICA Y CIENCIAS DE LA PRODUCCIÓN,True,5.49,TECNICO_OPERATIVO_MANTENIMIENTO,False,1,1,0,True,False,5.49,0,,False,False,0,0,False,0,False,,,,,
639046,1,1,TECNICO_DOCENTE_APOYO,DOCENTE,TÉCNICO DE LABORATORIO 1 (TC),FACULTAD DE INGENIERÍA MECÁNICA Y CIENCIAS DE LA PRODUCCIÓN,False,0.24,TECNICO_DOCENTE_APOYO,True,0,0,0,False,False,,0,,False,False,0,0,False,0,False,,,,,
639057,1,1,TECNICO_DOCENTE_APOYO,DOCENTE,TÉCNICO DE INVESTIGACIÓN 1 (TC),FACULTAD DE INGENIERÍA MECÁNICA Y CIENCIAS DE LA PRODUCCIÓN,False,1.3,TECNICO_DOCENTE_APOYO,True,0,0,0,False,False,,0,,False,False,0,0,False,0,False,,,,,
639058,2,2,TECNICO_DOCENTE_APOYO,DOCENTE,TÉCNICO DOCENTE 4 (TC),FACULTAD DE INGENIERÍA EN ELECTRICIDAD Y COMPUTACIÓN,False,2.75,DOCENTE_NO_TITULAR_OCASIONAL,False,1,0,0,False,False,8.69,0,,False,False,0,0,False,0,False,,,,,
639176,1,1,DOCENTE_NO_TITULAR_OCASIONAL,DOCENTE,PROFESOR NO TITULAR OCASIONAL (TC),FACULTAD DE CIENCIAS NATURALES Y MATEMÁTICAS,False,0.31,DOCENTE_NO_TITULAR_OCASIONAL,True,0,0,0,False,False,,0,,False,False,0,0,False,0,False,,,,,
639198,3,2,DOCENTE_NO_TITULAR_OCASIONAL,DOCENTE,PROFESOR NO TITULAR OCASIONAL (TC),FACULTAD DE INGENIERÍA EN ELECTRICIDAD Y COMPUTACIÓN,True,3.33,DOCENTE_NO_TITULAR_OCASIONAL,False,2,0,0,False,False,3.33,0,,False,True,2,1,False,0,True,JEFATURA_SUPERVISION_OPERATIVA,,,,
639200,1,1,TECNICO_DOCENTE_APOYO,DOCENTE,TÉCNICO DE INVESTIGACIÓN 1 (TC),FACULTAD DE INGENIERÍA EN ELECTRICIDAD Y COMPUTACIÓN,False,1.07,TECNICO_DOCENTE_APOYO,True,0,0,0,False,False,,0,,False,False,0,0,False,0,False,,,,,
639213,2,1,TECNICO_DOCENTE_APOYO,DOCENTE,TÉCNICO DOCENTE 4 (TC),DIRECCIÓN DE ADMISIONES,False,0.22,TECNICO_DOCENTE_APOYO,True,0,0,0,False,False,,0,,False,False,0,0,False,0,False,,,,,
639241,3,1,TECNICO_DOCENTE_APOYO,DOCENTE,TÉCNICO DOCENTE 3 (TC),DIRECCIÓN DE ADMISIONES,False,1.38,TECNICO_DOCENTE_APOYO,True,0,0,0,False,False,,0,,False,False,0,0,False,0,False,,,,,
639243,3,2,TECNICO_DOCENTE_APOYO,DOCENTE,TÉCNICO DE INVESTIGACIÓN 2 (TC),FACULTAD DE INGENIERÍA MECÁNICA Y CIENCIAS DE LA PRODUCCIÓN,False,1.57,DOCENTE_NO_TITULAR_OCASIONAL,False,1,0,0,False,False,8.69,0,,False,False,0,0,False,0,False,,,,,
639250,2,1,TECNICO_DOCENTE_APOYO,DOCENTE,TÉCNICO DE INVESTIGACIÓN 2 (TC),FACULTAD DE INGENIERÍA MECÁNICA Y CIENCIAS DE LA PRODUCCIÓN,True,3.32,TECNICO_DOCENTE_APOYO,True,0,0,0,False,False,,0,,False,False,0,0,False,0,False,,,,,
639257,2,2,TECNICO_DOCENTE_APOYO,DOCENTE,TÉCNICO DOCENTE 1 (TC),FACULTAD DE INGENIERÍA MECÁNICA Y CIENCIAS DE LA PRODUCCIÓN,False,5.38,TECNICO_OPERATIVO_MANTENIMIENTO,False,1,1,0,True,False,6.95,0,,False,False,0,0,False,0,False,,,,,
639269,1,1,TECNICO_DOCENTE_APOYO,DOCENTE,TÉCNICO DE INVESTIGACIÓN 1 (TC),FACULTAD DE INGENIERÍA MECÁNICA Y CIENCIAS DE LA PRODUCCIÓN,False,1.46,TECNICO_DOCENTE_APOYO,True,0,0,0,False,False,,0,,False,False,0,0,False,0,False,,,,,
639300,4,2,DOCENTE_NO_TITULAR_OCASIONAL,DOCENTE,PROFESOR NO TITULAR OCASIONAL (TC),FACULTAD DE INGENIERÍA EN ELECTRICIDAD Y COMPUTACIÓN,True,3.55,TECNICO_DOCENTE_APOYO,False,1,0,0,False,False,3.94,0,,False,False,0,0,False,0,False,,PRESTACIÓN SERVICIOS PROFESIONALES,DESCONOCIDA,DOCENTE_CONTRATADO_SERVICIOS_CIVILES,DOCENTE
639307,3,2,DOCENTE_NO_TITULAR_OCASIONAL,DOCENTE,PROFESOR NO TITULAR OCASIONAL (TC),FACULTAD DE INGENIERÍA EN ELECTRICIDAD Y COMPUTACIÓN,True,3.55,TECNICO_DOCENTE_APOYO,False,1,0,0,False,False,3.94,0,,False,True,1,1,False,0,True,JEFATURA_SUPERVISION_OPERATIVA,,,,
639308,1,1,TECNICO_DOCENTE_APOYO,DOCENTE,TECNICO DOCENTE 1,FACULTAD DE INGENIERÍA MECÁNICA Y CIENCIAS DE LA PRODUCCIÓN,False,1.39,TECNICO_DOCENTE_APOYO,True,0,0,0,False,False,,0,,False,False,0,0,False,0,False,,,,,
639423,1,1,ASISTENCIA_SECRETARIAL_OFICINA,ADMINISTRATIVO,ASISTENTE DE SOPORTE TÉCNICO,DESCONOCIDA,False,6.86,ASISTENCIA_SECRETARIAL_OFICINA,True,0,0,0,False,False,,0,,False,False,0,0,False,0,False,,,,,
639425,1,1,TECNICO_DOCENTE_APOYO,DOCENTE,TECNICO DOCENTE 1,FACULTAD DE INGENIERÍA MECÁNICA Y CIENCIAS DE LA PRODUCCIÓN,False,1.0,TECNICO_DOCENTE_APOYO,True,0,0,0,False,False,,0,,False,False,0,0,False,0,False,,,,,
639454,1,1,PROFESIONAL_ANALISTA,ADMINISTRATIVO,ANALISTA DE SOPORTE TÉCNICO,GERENCIA DE BIENESTAR POLITÉCNICO,True,5.28,PROFESIONAL_ANALISTA,True,0,0,0,False,False,,0,,False,False,0,0,False,0,False,,,,,
639460,1,1,TECNICO_DOCENTE_APOYO,DOCENTE,TÉCNICO DE INVESTIGACIÓN 1 (TC),CENTRO DE TECNOLOGÍAS DE LA INFORMACIÓN,False,2.38,TECNICO_DOCENTE_APOYO,True,0,0,0,False,False,,0,,False,False,0,0,False,0,False,,,,,
639481,2,2,TECNICO_DOCENTE_APOYO,DOCENTE,TÉCNICO DE INVESTIGACIÓN 3 (TC),FACULTAD DE CIENCIAS DE LA VIDA,False,1.75,ASISTENCIA_SECRETARIAL_OFICINA,False,1,1,0,True,False,7.69,0,,False,False,0,0,False,0,False,,,,,
639500,1,1,TECNICO_DOCENTE_APOYO,DOCENTE,TÉCNICO DOCENTE 1 (TC),FACULTAD DE CIENCIAS DE LA VIDA,True,2.94,TECNICO_DOCENTE_APOYO,True,0,0,0,False,False,,0,,False,False,0,0,False,0,False,,,,,
639501,4,2,DOCENTE_NO_TITULAR_OCASIONAL,DOCENTE,PROFESOR NO TITULAR OCASIONAL (TC),FACULTAD DE CIENCIAS NATURALES Y MATEMÁTICAS,True,3.53,DOCENTE_NO_TITULAR_OCASIONAL,False,2,0,0,False,False,3.53,0,,False,True,3,1,False,0,True,JEFATURA_SUPERVISION_OPERATIVA,,,,
639518,2,2,PROFESIONAL_ANALISTA,ADMINISTRATIVO,ANALISTA DE SERVICIOS GENERALES DE UNIDAD ACADÉMICA,DESCONOCIDA,False,5.83,AUXILIAR_AYUDANTE_OPERATIVO,False,1,0,0,False,False,11.69,0,,False,False,0,0,False,0,False,,,,,
639791,2,2,DOCENTE_NO_TITULAR_OCASIONAL,DOCENTE,PROFESOR NO TITULAR OCASIONAL (TC),FACULTAD DE INGENIERÍA EN CIENCIAS DE LA TIERRA,True,4.69,TECNICO_DOCENTE_APOYO,False,1,0,0,False,False,4.69,0,,False,True,6,1,False,0,True,JEFATURA_SUPERVISION_OPERATIVA,,,,
639811,1,1,ASISTENCIA_SECRETARIAL_OFICINA,ADMINISTRATIVO,ASISTENTE EJECUTIVA 2,DECANATO DE INVESTIGACIÓN,True,15.36,ASISTENCIA_SECRETARIAL_OFICINA,True,0,0,0,False,False,,0,,False,False,0,0,False,0,False,,,,,
639834,1,1,ASISTENCIA_SECRETARIAL_OFICINA,ADMINISTRATIVO,ASISTENTE DE ACTIVOS FIJOS,FACULTAD DE CIENCIAS NATURALES Y MATEMÁTICAS,True,15.36,ASISTENCIA_SECRETARIAL_OFICINA,True,0,0,0,False,False,,0,,False,False,0,0,False,0,False,,,,,
639835,2,2,PROFESIONAL_ANALISTA,ADMINISTRATIVO,ANALISTA DE SERVICIOS GENERALES,FACULTAD DE CIENCIAS NATURALES Y MATEMÁTICAS,True,11.69,AUXILIAR_AYUDANTE_OPERATIVO,False,1,0,0,False,False,11.69,0,,False,False,0,0,False,0,False,,,,,
640644,4,4,PROFESIONAL_ANALISTA,ADMINISTRATIVO,ANALISTA DE TALENTO HUMANO 3,DIRECCIÓN DE TALENTO HUMANO,False,4.15,OTROS_AA,False,3,0,0,False,False,11.01,1,AUTORIDAD_ADMINISTRATIVA_SUPERIOR,True,False,0,0,False,0,False,,,,,
641217,2,2,AUXILIAR_AYUDANTE_OPERATIVO,ADMINISTRATIVO,AUXILIAR DE LABORATORIO (8HD),CENTRO NACIONAL DE ACUICULTURA E INVESTIGACIONES MARINAS,True,12.69,SERVICIOS_GENERALES_OFICIOS,False,1,0,0,False,False,12.69,0,,False,False,0,0,False,0,False,,,,,
641237,14,1,DOCENTE_TITULAR_CARRERA,DOCENTE,PROFESOR TITULAR AGREGADO 3 (TC),FACULTAD DE CIENCIAS NATURALES Y MATEMÁTICAS,True,0.26,DOCENTE_TITULAR_CARRERA,True,0,0,0,False,False,,0,,False,False,0,0,False,0,False,,,,,
642021,1,1,PROFESIONAL_ESPECIALIZADO_TECNICO,ADMINISTRATIVO,CONTADOR GENERAL,GERENCIA FINANCIERA,False,6.0,PROFESIONAL_ESPECIALIZADO_TECNICO,True,0,0,0,False,False,,0,,False,False,0,0,False,0,False,,,,,
642071,1,1,TECNICO_DOCENTE_APOYO,DOCENTE,TÉCNICO DE INVESTIGACIÓN 1 (TC),FACULTAD DE INGENIERÍA MECÁNICA Y CIENCIAS DE LA PRODUCCIÓN,False,7.25,TECNICO_DOCENTE_APOYO,True,0,0,0,False,False,,0,,False,True,2,1,False,0,True,JEFATURA_SUPERVISION_OPERATIVA,,,,
642127,4,3,DOCENTE_NO_TITULAR_OCASIONAL,DOCENTE,PROFESOR NO TITULAR OCASIONAL (TC),FACULTAD DE CIENCIAS NATURALES Y MATEMÁTICAS,True,0.93,DOCENTE_NO_TITULAR_OCASIONAL,False,3,1,1,True,True,0.93,2,PROFESIONAL_ANALISTA,True,False,0,0,False,0,False,,,,,
642192,1,1,TECNICO_DOCENTE_APOYO,DOCENTE,TÉCNICO DOCENTE 1 (TC),FACULTAD DE INGENIERÍA EN ELECTRICIDAD Y COMPUTACIÓN,False,5.93,TECNICO_DOCENTE_APOYO,True,0,0,0,False,False,,0,,False,True,1,1,False,0,True,JEFATURA_SUPERVISION_OPERATIVA,,,,
642219,1,1,TECNICO_DOCENTE_APOYO,DOCENTE,TÉCNICO DE INVESTIGACIÓN 2 (TC),CENTRO DE TECNOLOGÍAS DE LA INFORMACIÓN,True,7.95,TECNICO_DOCENTE_APOYO,True,0,0,0,False,False,,0,,False,False,0,0,False,0,False,,,,,
642252,2,2,DOCENTE_NO_TITULAR_OCASIONAL,DOCENTE,PROFESOR NO TITULAR OCASIONAL (TC),FACULTAD DE INGENIERÍA EN ELECTRICIDAD Y COMPUTACIÓN,True,0.36,TECNICO_DOCENTE_APOYO,False,1,0,0,False,False,0.36,0,,False,False,0,0,False,0,False,,,,,
642311,2,2,DOCENTE_NO_TITULAR_OCASIONAL,DOCENTE,PROFESOR NO TITULAR OCASIONAL (TC),FACULTAD DE INGENIERÍA EN CIENCIAS DE LA TIERRA,True,2.94,TECNICO_DOCENTE_APOYO,False,1,0,0,False,False,2.94,0,,False,True,5,1,False,0,True,JEFATURA_SUPERVISION_OPERATIVA,,,,
642325,1,1,TECNICO_DOCENTE_APOYO,DOCENTE,TÉCNICO DOCENTE 1 (TC),FACULTAD DE CIENCIAS NATURALES Y MATEMÁTICAS,False,4.94,TECNICO_DOCENTE_APOYO,True,0,0,0,False,False,,0,,False,False,0,0,False,0,False,,,,,
642330,1,1,TECNICO_DOCENTE_APOYO,DOCENTE,TECNICO DOCENTE 1,FACULTAD DE INGENIERÍA MECÁNICA Y CIENCIAS DE LA PRODUCCIÓN,False,0.78,TECNICO_DOCENTE_APOYO,True,0,0,0,False,False,,0,,False,False,0,0,False,0,False,,,,,
642360,3,1,TECNICO_DOCENTE_APOYO,DOCENTE,TÉCNICO DE LABORATORIO 1 (TC),FACULTAD DE CIENCIAS DE LA VIDA,True,1.03,TECNICO_DOCENTE_APOYO,True,0,0,0,False,False,,0,,False,False,0,0,False,0,False,,,,,
642382,2,1,TECNICO_DOCENTE_APOYO,DOCENTE,TÉCNICO DE INVESTIGACIÓN 2 (TC),FACULTAD DE INGENIERÍA MECÁNICA Y CIENCIAS DE LA PRODUCCIÓN,True,0.28,TECNICO_DOCENTE_APOYO,True,0,0,0,False,False,,0,,False,False,0,0,False,0,False,,,,,
642402,1,1,TECNICO_DOCENTE_APOYO,DOCENTE,TÉCNICO DOCENTE 1 (TC),FACULTAD DE INGENIERÍA EN ELECTRICIDAD Y COMPUTACIÓN,False,0.45,TECNICO_DOCENTE_APOYO,True,0,0,0,False,False,,0,,False,False,0,0,False,0,False,,,,,
642404,1,1,TECNICO_DOCENTE_APOYO,DOCENTE,TÉCNICO DE LABORATORIO 1 (TC),FACULTAD DE INGENIERÍA EN ELECTRICIDAD Y COMPUTACIÓN,True,7.53,TECNICO_DOCENTE_APOYO,True,0,0,0,False,False,,0,,False,False,0,0,False,0,False,,,,,
642424,1,1,DOCENTE_NO_TITULAR_OCASIONAL,DOCENTE,PROFESOR NO TITULAR OCASIONAL (TC),FACULTAD DE INGENIERÍA MARÍTIMA Y CIENCIAS DEL MAR,False,0.74,DOCENTE_NO_TITULAR_OCASIONAL,True,0,0,0,False,False,,0,,False,True,1,1,False,0,True,JEFATURA_SUPERVISION_OPERATIVA,,,,
642433,2,2,TECNICO_DOCENTE_APOYO,DOCENTE,TECNICO DOCENTE 1,FACULTAD DE INGENIERÍA MARÍTIMA Y CIENCIAS DEL MAR,False,2.75,DOCENTE_NO_TITULAR_OCASIONAL,False,1,0,0,False,False,8.69,0,,False,False,0,0,False,0,False,,,,,
642558,3,1,PROFESIONAL_ANALISTA,ADMINISTRATIVO,AUDITOR GENERAL,AUDITORÍA INTERNA,True,2.63,PROFESIONAL_ANALISTA,True,0,0,0,False,False,,0,,False,True,2,1,False,0,False,PROFESIONAL_ANALISTA,,,,
642599,1,1,PROFESIONAL_ANALISTA,ADMINISTRATIVO,ANALISTA DE PROYECTOS DE VINCULACIÓN 3,CENTRO DE EMPRENDIMIENTO E INNOVACIÓN I3LAB,False,10.12,PROFESIONAL_ANALISTA,True,0,0,0,False,False,,2,DOCENTE_NO_TITULAR_OCASIONAL,True,False,0,0,False,0,False,,,,,
642649,5,3,AUTORIDAD_ACADEMICA_SUPERIOR,DOCENTE,DECANO(A),"FACULTAD DE ARTE, DISEÑO Y COMUNICACIÓN AUDIOVISUAL",True,3.83,DOCENTE_TITULAR_CARRERA,False,3,0,0,False,False,3.83,2,DIRECCION_ACADEMICA_INTERMEDIA,True,True,37,2,True,32,True,OTROS_AA,,,,
642708,2,1,DOCENTE_NO_TITULAR_OCASIONAL,DOCENTE,PROFESOR NO TITULAR OCASIONAL (TC),"FACULTAD DE ARTE, DISEÑO Y COMUNICACIÓN AUDIOVISUAL",True,11.95,DOCENTE_NO_TITULAR_OCASIONAL,True,0,0,0,False,False,,0,,False,True,5,1,False,0,True,JEFATURA_SUPERVISION_OPERATIVA,,,,
642713,1,1,SERVICIOS_GENERALES_OFICIOS,ADMINISTRATIVO,GUARDIÀN/GUARDIÀN ADMINISTRATIVO,CENTRO NACIONAL DE ACUICULTURA E INVESTIGACIONES MARINAS,True,14.69,SERVICIOS_GENERALES_OFICIOS,True,0,0,0,False,False,,0,,False,False,0,0,False,0,False,,,,,
642714,1,1,SERVICIOS_GENERALES_OFICIOS,ADMINISTRATIVO,GUARDIÀN/GUARDIÀN ADMINISTRATIVO,CENTRO NACIONAL DE ACUICULTURA E INVESTIGACIONES MARINAS,True,13.69,SERVICIOS_GENERALES_OFICIOS,True,0,0,0,False,False,,0,,False,False,0,0,False,0,False,,,,,
642717,4,1,SERVICIOS_GENERALES_OFICIOS,ADMINISTRATIVO,GUARDIÀN/GUARDIÀN ADMINISTRATIVO,CENTRO NACIONAL DE ACUICULTURA E INVESTIGACIONES MARINAS,True,0.03,SERVICIOS_GENERALES_OFICIOS,True,0,0,0,False,False,,0,,False,False,0,0,False,0,False,,,,,
642720,1,1,AUXILIAR_AYUDANTE_OPERATIVO,ADMINISTRATIVO,AUXILIAR DE SERVICIOS,DIRECCIÓN DE SERVICIOS GENERALES,True,14.74,AUXILIAR_AYUDANTE_OPERATIVO,True,0,0,0,False,False,,0,,False,False,0,0,False,0,False,,,,,
642759,2,2,TECNICO_DOCENTE_APOYO,DOCENTE,TÉCNICO DE INVESTIGACIÓN 1 (TC),"VICERRECTORADO DE INVESTIGACIÓN, DESARROLLO E INNOVACIÓN",True,2.96,DOCENTE_NO_TITULAR_OCASIONAL,False,1,0,0,False,False,2.96,0,,False,True,1,1,False,0,True,JEFATURA_SUPERVISION_OPERATIVA,,,,
642784,2,2,ASISTENCIA_SECRETARIAL_OFICINA,ADMINISTRATIVO,ASISTENTE EJECUTIVA 2,FACULTAD DE INGENIERÍA EN ELECTRICIDAD Y COMPUTACIÓN,True,10.53,AUXILIAR_AYUDANTE_OPERATIVO,False,1,0,0,False,False,10.53,0,,False,False,0,0,False,0,False,,,,,
642847,2,2,ASISTENCIA_SECRETARIAL_OFICINA,ADMINISTRATIVO,ASISTENTE EJECUTIVA 3,FACULTAD DE CIENCIAS NATURALES Y MATEMÁTICAS,False,6.57,AUXILIAR_AYUDANTE_OPERATIVO,False,1,0,0,False,False,7.26,0,,False,False,0,0,False,0,False,,,,,
642871,2,1,TECNICO_DOCENTE_APOYO,DOCENTE,TÉCNICO DE LABORATORIO 1 (TC),FACULTAD DE CIENCIAS DE LA VIDA,False,2.07,TECNICO_DOCENTE_APOYO,True,0,0,0,False,False,,0,,False,False,0,0,False,0,False,,,,,
642876,1,1,TECNICO_DOCENTE_APOYO,DOCENTE,TÉCNICO DE INVESTIGACIÓN 1 (TC),DECANATO DE INVESTIGACIÓN,False,0.84,TECNICO_DOCENTE_APOYO,True,0,0,0,False,False,,0,,False,False,0,0,False,0,False,,,,,
642966,1,1,TECNICO_DOCENTE_APOYO,DOCENTE,TÉCNICO DOCENTE 3 (TC),DIRECCIÓN DE ADMISIONES,False,0.28,TECNICO_DOCENTE_APOYO,True,0,0,0,False,False,,0,,False,False,0,0,False,0,False,,,,,
642985,2,2,TECNICO_OPERATIVO_MANTENIMIENTO,ADMINISTRATIVO,TÉCNICOS ESPECIALIZADOS - EJECUCIÓN DE ACTIVIDADES,DECANATO DE GRADO,False,0.98,TECNICO_DOCENTE_APOYO,False,1,0,1,False,True,2.67,0,,False,False,0,0,False,0,False,,SERVICIOS PROFESIONALES - EJECUCIÓN DE ACTIVIDADES,DECANATO DE GRADO,CONTRATO_SERVICIOS_PROFESIONALES_PROYECTO,ADMINISTRATIVO
643054,1,1,TECNICO_DOCENTE_APOYO,DOCENTE,TÉCNICO DE INVESTIGACIÓN 3 (TC),CENTRO NACIONAL DE ACUICULTURA E INVESTIGACIONES MARINAS,False,2.58,TECNICO_DOCENTE_APOYO,True,0,0,0,False,False,,0,,False,False,0,0,False,0,False,,,,,
643058,1,1,ASISTENCIA_SECRETARIAL_OFICINA,ADMINISTRATIVO,ASISTENTE DE LABORATORIO DE INVESTIGACIÓN,DESCONOCIDA,False,1.08,ASISTENCIA_SECRETARIAL_OFICINA,True,0,0,0,False,False,,0,,False,False,0,0,False,0,False,,,,,
643061,2,1,TECNICO_DOCENTE_APOYO,DOCENTE,TÉCNICO DE LABORATORIO 4 (TC),FACULTAD DE CIENCIAS DE LA VIDA,False,2.91,TECNICO_DOCENTE_APOYO,True,0,0,0,False,False,,0,,False,False,0,0,False,0,False,,,,,
643117,2,1,DOCENTE_NO_TITULAR_OCASIONAL,DOCENTE,PROFESOR NO TITULAR OCASIONAL (TC),FACULTAD DE CIENCIAS SOCIALES Y HUMANÍSTICAS,True,0.1,DOCENTE_NO_TITULAR_OCASIONAL,True,0,0,0,False,False,,0,,False,False,0,0,False,0,False,,,,,
643166,2,2,ASISTENCIA_SECRETARIAL_OFICINA,ADMINISTRATIVO,ASISTENTE DE COMUNICACIÓN,CENTRO DE INVESTIGACIONES Y SERVICIOS EDUCATIVOS,True,1.28,TECNICO_OPERATIVO_MANTENIMIENTO,False,1,0,0,False,False,1.28,0,,False,False,0,0,False,0,False,,,,,
643204,1,1,ASISTENCIA_SECRETARIAL_OFICINA,ADMINISTRATIVO,ASISTENTE DE COMUNICACIÓN,CENTRO DE INVESTIGACIONES Y SERVICIOS EDUCATIVOS,False,1.76,ASISTENCIA_SECRETARIAL_OFICINA,True,0,0,0,False,False,,0,,False,False,0,0,False,0,False,,,,,
643247,1,1,TECNICO_OPERATIVO_MANTENIMIENTO,ADMINISTRATIVO,TÉCNICOS ESPECIALIZADOS - EJECUCIÓN DE ACTIVIDADES,FACULTAD DE CIENCIAS DE LA VIDA,False,0.25,TECNICO_OPERATIVO_MANTENIMIENTO,True,0,0,0,False,False,,0,,False,False,0,0,False,0,False,,,,,
643248,2,2,DOCENTE_NO_TITULAR_OCASIONAL,DOCENTE,PROFESOR NO TITULAR OCASIONAL (TC),FACULTAD DE CIENCIAS DE LA VIDA,True,3.69,TECNICO_DOCENTE_APOYO,False,1,0,0,False,False,3.69,0,,False,True,1,1,False,0,True,JEFATURA_SUPERVISION_OPERATIVA,,,,
643299,1,1,ASISTENCIA_SECRETARIAL_OFICINA,ADMINISTRATIVO,ASISTENTE EJECUTIVA 2,GERENCIA ADMINISTRATIVA,False,2.9,ASISTENCIA_SECRETARIAL_OFICINA,True,0,0,0,False,False,,0,,False,False,0,0,False,0,False,,,,,
643304,1,1,TECNICO_DOCENTE_APOYO,DOCENTE,TÉCNICO DOCENTE 1 (TC),FACULTAD DE INGENIERÍA MECÁNICA Y CIENCIAS DE LA PRODUCCIÓN,False,2.85,TECNICO_DOCENTE_APOYO,True,0,0,0,False,False,,0,,False,False,0,0,False,0,False,,,,,
643308,1,1,TECNICO_DOCENTE_APOYO,DOCENTE,TÉCNICO DE LABORATORIO 1 (TC),FACULTAD DE INGENIERÍA EN ELECTRICIDAD Y COMPUTACIÓN,True,7.36,TECNICO_DOCENTE_APOYO,True,0,0,0,False,False,,1,TECNICO_OPERATIVO_MANTENIMIENTO,True,False,0,0,False,0,False,,,,,
643309,2,2,DOCENTE_NO_TITULAR_OCASIONAL,DOCENTE,PROFESOR NO TITULAR OCASIONAL (MT),FACULTAD DE CIENCIAS NATURALES Y MATEMÁTICAS,False,0.15,TECNICO_DOCENTE_APOYO,False,1,0,0,False,False,0.51,0,,False,False,0,0,False,0,False,,,,,
643312,2,1,TECNICO_DOCENTE_APOYO,DOCENTE,TÉCNICO DOCENTE 3 (TC),DIRECCIÓN DE ADMISIONES,False,0.27,TECNICO_DOCENTE_APOYO,True,0,0,0,False,False,,0,,False,False,0,0,False,0,False,,,,,
643321,1,1,TECNICO_DOCENTE_APOYO,DOCENTE,TÉCNICO DE LABORATORIO 1 (TC),FACULTAD DE INGENIERÍA MECÁNICA Y CIENCIAS DE LA PRODUCCIÓN,False,0.13,TECNICO_DOCENTE_APOYO,True,0,0,0,False,False,,0,,False,False,0,0,False,0,False,,SERVICIOS PROFESIONALES - EJECUCIÓN DE ACTIVIDADES,"VICERRECTORADO DE INVESTIGACIÓN, DESARROLLO E INNOVACIÓN",CONTRATO_SERVICIOS_PROFESIONALES_PROYECTO,ADMINISTRATIVO
643322,1,1,PROFESIONAL_ANALISTA,ADMINISTRATIVO,ANALISTA ADMINISTRATIVO,FACULTAD DE CIENCIAS DE LA VIDA,False,1.29,PROFESIONAL_ANALISTA,True,0,0,0,False,False,,0,,False,False,0,0,False,0,False,,,,,
643333,1,1,TECNICO_DOCENTE_APOYO,DOCENTE,TÉCNICO DE INVESTIGACIÓN 1 (TC),CENTRO DE TECNOLOGÍAS DE LA INFORMACIÓN,False,3.24,TECNICO_DOCENTE_APOYO,True,0,0,0,False,False,,0,,False,False,0,0,False,0,False,,,,,
643337,2,1,TECNICO_DOCENTE_APOYO,DOCENTE,TÉCNICO DOCENTE 3 (TC),DIRECCIÓN DE ADMISIONES,True,1.97,TECNICO_DOCENTE_APOYO,True,0,0,0,False,False,,0,,False,False,0,0,False,0,False,,,,,
643351,1,1,TECNICO_DOCENTE_APOYO,DOCENTE,TÉCNICO DOCENTE 1 (TC),FACULTAD DE CIENCIAS NATURALES Y MATEMÁTICAS,False,0.22,TECNICO_DOCENTE_APOYO,True,0,0,0,False,False,,0,,False,False,0,0,False,0,False,,,,,
643361,1,1,TECNICO_DOCENTE_APOYO,DOCENTE,TÉCNICO DOCENTE 3 (TC),DIRECCIÓN DE ADMISIONES,True,4.44,TECNICO_DOCENTE_APOYO,True,0,0,0,False,False,,0,,False,False,0,0,False,0,False,,,,,
643377,1,1,TECNICO_DOCENTE_APOYO,DOCENTE,TÉCNICO DE INVESTIGACIÓN 1 (TC),FACULTAD DE INGENIERÍA EN ELECTRICIDAD Y COMPUTACIÓN,False,0.24,TECNICO_DOCENTE_APOYO,True,0,0,0,False,False,,0,,False,False,0,0,False,0,False,,,,,
643378,1,1,TECNICO_DOCENTE_APOYO,DOCENTE,TÉCNICO DOCENTE 1 (TC),FACULTAD DE INGENIERÍA EN ELECTRICIDAD Y COMPUTACIÓN,False,4.32,TECNICO_DOCENTE_APOYO,True,0,0,0,False,False,,0,,False,False,0,0,False,0,False,,,,,
643396,1,1,TECNICO_DOCENTE_APOYO,DOCENTE,TÉCNICO DE INVESTIGACIÓN 2 (TC),FACULTAD DE INGENIERÍA MECÁNICA Y CIENCIAS DE LA PRODUCCIÓN,True,1.83,TECNICO_DOCENTE_APOYO,True,0,0,0,False,False,,0,,False,False,0,0,False,0,False,,,,,
643421,2,2,DOCENTE_NO_TITULAR_OCASIONAL,DOCENTE,PROFESOR NO TITULAR OCASIONAL (TC),FACULTAD DE INGENIERÍA MARÍTIMA Y CIENCIAS DEL MAR,True,2.84,TECNICO_DOCENTE_APOYO,False,1,0,0,False,False,2.84,0,,False,True,3,1,False,0,True,JEFATURA_SUPERVISION_OPERATIVA,,,,
643445,1,1,TECNICO_DOCENTE_APOYO,DOCENTE,TÉCNICO DE INVESTIGACIÓN 1 (TC),DECANATO DE INVESTIGACIÓN,False,0.24,TECNICO_DOCENTE_APOYO,True,0,0,0,False,False,,0,,False,False,0,0,False,0,False,,,,,
643480,3,2,DOCENTE_NO_TITULAR_OCASIONAL,DOCENTE,PROFESOR NO TITULAR OCASIONAL (TC),FACULTAD DE INGENIERÍA EN CIENCIAS DE LA TIERRA,True,0.95,TECNICO_DOCENTE_APOYO,False,1,0,0,False,False,0.95,0,,False,True,4,2,False,0,True,AUTORIDAD_ADMINISTRATIVA_SUPERIOR,,,,
643498,1,1,TECNICO_DOCENTE_APOYO,DOCENTE,TÉCNICO DOCENTE 1 (TC),FACULTAD DE INGENIERÍA EN CIENCIAS DE LA TIERRA,False,2.83,TECNICO_DOCENTE_APOYO,True,0,0,0,False,False,,0,,False,True,1,1,False,0,True,JEFATURA_SUPERVISION_OPERATIVA,,,,
643562,1,1,TECNICO_DOCENTE_APOYO,DOCENTE,TÉCNICO DOCENTE 1 (TC),FACULTAD DE INGENIERÍA EN ELECTRICIDAD Y COMPUTACIÓN,False,2.98,TECNICO_DOCENTE_APOYO,True,0,0,0,False,False,,0,,False,True,1,1,False,0,False,OTROS_AA,,,,
643578,1,1,TECNICO_DOCENTE_APOYO,DOCENTE,TÉCNICO DE LABORATORIO 1 (TC),FACULTAD DE CIENCIAS DE LA VIDA,False,0.24,TECNICO_DOCENTE_APOYO,True,0,0,0,False,False,,0,,False,False,0,0,False,0,False,,,,,
643587,2,1,TECNICO_DOCENTE_APOYO,DOCENTE,TÉCNICO DOCENTE 4 (TC),DIRECCIÓN DE ADMISIONES,False,0.27,TECNICO_DOCENTE_APOYO,True,0,0,0,False,False,,0,,False,False,0,0,False,0,False,,,,,
643647,1,1,TECNICO_DOCENTE_APOYO,DOCENTE,TÉCNICO DE LABORATORIO 1 (TC),DECANATO DE GRADO,True,4.69,TECNICO_DOCENTE_APOYO,True,0,0,0,False,False,,0,,False,False,0,0,False,0,False,,,,,
643656,2,2,TECNICO_DOCENTE_APOYO,DOCENTE,TECNICO DOCENTE,FACULTAD DE CIENCIAS NATURALES Y MATEMÁTICAS,False,0.72,DOCENTE_NO_TITULAR_OCASIONAL,False,1,0,0,False,False,8.69,0,,False,False,0,0,False,0,False,,,,,
643699,3,2,ASISTENCIA_SECRETARIAL_OFICINA,ADMINISTRATIVO,ASISTENTE DE SOPORTE TÉCNICO,FACULTAD DE INGENIERÍA EN ELECTRICIDAD Y COMPUTACIÓN,True,1.55,ASISTENCIA_SECRETARIAL_OFICINA,False,2,0,0,False,False,1.55,1,PROFESIONAL_ANALISTA,True,False,0,0,False,0,False,,,,,
643705,1,1,TECNICO_DOCENTE_APOYO,DOCENTE,TÉCNICO DOCENTE 1 (TC),FACULTAD DE INGENIERÍA EN ELECTRICIDAD Y COMPUTACIÓN,False,2.98,TECNICO_DOCENTE_APOYO,True,0,0,0,False,False,,0,,False,False,0,0,False,0,False,,,,,
643715,1,1,TECNICO_DOCENTE_APOYO,DOCENTE,TECNICO DOCENTE 1,FACULTAD DE CIENCIAS NATURALES Y MATEMÁTICAS,False,1.81,TECNICO_DOCENTE_APOYO,True,0,0,0,False,False,,0,,False,False,0,0,False,0,False,,,,,
643723,2,1,TECNICO_DOCENTE_APOYO,DOCENTE,TÉCNICO DOCENTE 3 (TC),DIRECCIÓN DE ADMISIONES,False,1.94,TECNICO_DOCENTE_APOYO,True,0,0,0,False,False,,0,,False,False,0,0,False,0,False,,,,,
643726,1,1,DOCENTE_NO_TITULAR_OCASIONAL,DOCENTE,PROFESOR NO TITULAR OCASIONAL (TC),FACULTAD DE INGENIERÍA EN CIENCIAS DE LA TIERRA,True,6.55,DOCENTE_NO_TITULAR_OCASIONAL,True,0,0,0,False,False,,0,,False,False,0,0,False,0,False,,PRESTACIÓN SERVICIOS PROFESIONALES,DESCONOCIDA,DOCENTE_CONTRATADO_SERVICIOS_CIVILES,DOCENTE
643742,1,1,TECNICO_DOCENTE_APOYO,DOCENTE,TÉCNICO DE INVESTIGACIÓN 1 (TC),CENTRO DE TECNOLOGÍAS DE LA INFORMACIÓN,False,5.63,TECNICO_DOCENTE_APOYO,True,0,0,0,False,False,,0,,False,False,0,0,False,0,False,,,,,
643773,1,1,TECNICO_DOCENTE_APOYO,DOCENTE,TÉCNICO DOCENTE 3 (TC),DIRECCIÓN DE ADMISIONES,False,0.37,TECNICO_DOCENTE_APOYO,True,0,0,0,False,False,,0,,False,False,0,0,False,0,False,,,,,
643789,1,1,DOCENTE_NO_TITULAR_OCASIONAL,DOCENTE,PROFESOR NO TITULAR OCASIONAL (MT),DECANATO DE GRADO,True,0.34,DOCENTE_NO_TITULAR_OCASIONAL,True,0,0,0,False,False,,0,,False,False,0,0,False,0,False,,,,,
643819,1,1,ASISTENCIA_SECRETARIAL_OFICINA,ADMINISTRATIVO,ASISTENTE DE COMUNICACIÓN SOCIAL,FACULTAD DE INGENIERÍA EN CIENCIAS DE LA TIERRA,False,3.0,ASISTENCIA_SECRETARIAL_OFICINA,True,0,0,0,False,False,,0,,False,False,0,0,False,0,False,,,,,
643873,1,1,ASISTENCIA_SECRETARIAL_OFICINA,ADMINISTRATIVO,ASISTENTE ADMINISTRATIVO,FACULTAD DE CIENCIAS SOCIALES Y HUMANÍSTICAS,True,5.03,ASISTENCIA_SECRETARIAL_OFICINA,True,0,0,0,False,False,,0,,False,False,0,0,False,0,False,,,,,
643899,2,1,TECNICO_DOCENTE_APOYO,DOCENTE,TÉCNICO DOCENTE 3 (TC),DIRECCIÓN DE ADMISIONES,True,3.29,TECNICO_DOCENTE_APOYO,True,0,0,0,False,False,,0,,False,False,0,0,False,0,False,,,,,
643995,1,1,TECNICO_DOCENTE_APOYO,DOCENTE,TÉCNICO DE INVESTIGACIÓN 1 (TC),FACULTAD DE INGENIERÍA EN CIENCIAS DE LA TIERRA,False,0.24,TECNICO_DOCENTE_APOYO,True,0,0,0,False,False,,0,,False,False,0,0,False,0,False,,,,,
644047,2,1,DOCENTE_NO_TITULAR_OCASIONAL,DOCENTE,PROFESOR NO TITULAR OCASIONAL (TC),"FACULTAD DE ARTE, DISEÑO Y COMUNICACIÓN AUDIOVISUAL",False,4.99,DOCENTE_NO_TITULAR_OCASIONAL,True,0,0,0,False,False,,0,,False,False,0,0,False,0,False,,,,,
644129,1,1,AUXILIAR_AYUDANTE_OPERATIVO,ADMINISTRATIVO,AUXILIAR DE SERVICIOS,FACULTAD DE INGENIERÍA EN ELECTRICIDAD Y COMPUTACIÓN,True,14.23,AUXILIAR_AYUDANTE_OPERATIVO,True,0,0,0,False,False,,0,,False,False,0,0,False,0,False,,,,,
644132,2,2,PROFESIONAL_ANALISTA,ADMINISTRATIVO,ANALISTA DE GESTIÓN DE PROYECTOS DE INVESTIGACIÓN,DECANATO DE INVESTIGACIÓN,True,11.69,ASISTENCIA_SECRETARIAL_OFICINA,False,1,0,0,False,False,11.69,0,,False,False,0,0,False,0,False,,,,,
644133,1,1,TECNICO_DOCENTE_APOYO,DOCENTE,TÉCNICO DE INVESTIGACIÓN 4 (TC),CENTRO NACIONAL DE ACUICULTURA E INVESTIGACIONES MARINAS,False,1.58,TECNICO_DOCENTE_APOYO,True,0,0,0,False,False,,0,,False,False,0,0,False,0,False,,,,,
644134,4,3,PROFESIONAL_ANALISTA,ADMINISTRATIVO,ANALISTA ADMINISTRATIVO FINANCIERO 3,CENTRO DE INVESTIGACIONES BIOTECNOLÓGICAS DEL ECUADOR,True,9.45,ASISTENCIA_SECRETARIAL_OFICINA,False,2,0,0,False,False,11.28,0,,False,False,0,0,False,0,False,,,,,
644141,2,1,TECNICO_DOCENTE_APOYO,DOCENTE,TÉCNICO DOCENTE 3 (TC),DIRECCIÓN DE ADMISIONES,True,1.95,TECNICO_DOCENTE_APOYO,True,0,0,0,False,False,,0,,False,False,0,0,False,0,False,,,,,
644153,1,1,TECNICO_DOCENTE_APOYO,DOCENTE,TÉCNICO DOCENTE 1 (TC),FACULTAD DE INGENIERÍA EN ELECTRICIDAD Y COMPUTACIÓN,True,3.33,TECNICO_DOCENTE_APOYO,True,0,0,0,False,False,,0,,False,False,0,0,False,0,False,,,,,
644158,3,2,TECNICO_DOCENTE_APOYO,DOCENTE,TÉCNICO DOCENTE 3 (TC),DIRECCIÓN DE ADMISIONES,True,1.52,TECNICO_DOCENTE_APOYO,False,2,1,1,True,True,1.52,0,,False,False,0,0,False,0,False,,,,,
644211,1,1,TECNICO_DOCENTE_APOYO,DOCENTE,TÉCNICO DE LABORATORIO 1 (TC),FACULTAD DE INGENIERÍA MECÁNICA Y CIENCIAS DE LA PRODUCCIÓN,False,0.24,TECNICO_DOCENTE_APOYO,True,0,0,0,False,False,,0,,False,False,0,0,False,0,False,,,,,
644262,1,1,TECNICO_DOCENTE_APOYO,DOCENTE,TÉCNICO DOCENTE 1 (TC),FACULTAD DE INGENIERÍA MECÁNICA Y CIENCIAS DE LA PRODUCCIÓN,False,2.64,TECNICO_DOCENTE_APOYO,True,0,0,0,False,False,,0,,False,False,0,0,False,0,False,,,,,
644281,1,1,TECNICO_DOCENTE_APOYO,DOCENTE,TÉCNICO DOCENTE 1 (TC),FACULTAD DE INGENIERÍA MECÁNICA Y CIENCIAS DE LA PRODUCCIÓN,False,2.31,TECNICO_DOCENTE_APOYO,True,0,0,0,False,False,,0,,False,False,0,0,False,0,False,,,,,
644298,2,2,PROFESIONAL_ANALISTA,ADMINISTRATIVO,ANALISTA DE PLANIFICACIÓN Y PROYECTOS,GERENCIA DE PLANIFICACIÓN ESTRATÉGICA,False,0.96,TECNICO_OPERATIVO_MANTENIMIENTO,False,1,0,0,False,False,3.94,0,,False,False,0,0,False,0,False,,,,,
644312,1,1,TECNICO_DOCENTE_APOYO,DOCENTE,TÉCNICO DE INVESTIGACIÓN 1 (TC),FACULTAD DE INGENIERÍA EN CIENCIAS DE LA TIERRA,False,0.24,TECNICO_DOCENTE_APOYO,True,0,0,0,False,False,,0,,False,False,0,0,False,0,False,,,,,
644365,2,1,TECNICO_DOCENTE_APOYO,DOCENTE,TÉCNICO DOCENTE 3 (TC),DIRECCIÓN DE ADMISIONES,False,2.05,TECNICO_DOCENTE_APOYO,True,0,0,0,False,False,,0,,False,False,0,0,False,0,False,,,,,
644368,1,1,TECNICO_DOCENTE_APOYO,DOCENTE,TÉCNICO DOCENTE 3 (TC),DIRECCIÓN DE ADMISIONES,True,1.93,TECNICO_DOCENTE_APOYO,True,0,0,0,False,False,,0,,False,False,0,0,False,0,False,,,,,
644382,3,3,DOCENTE_NO_TITULAR_OCASIONAL,DOCENTE,PROFESOR NO TITULAR OCASIONAL (TC),FACULTAD DE INGENIERÍA EN CIENCIAS DE LA TIERRA,True,2.69,PROFESIONAL_ANALISTA,False,2,1,0,True,False,2.69,0,,False,False,0,0,False,0,False,,,,,
644384,1,1,TECNICO_DOCENTE_APOYO,DOCENTE,TÉCNICO DOCENTE 3 (TC),DIRECCIÓN DE ADMISIONES,True,3.29,TECNICO_DOCENTE_APOYO,True,0,0,0,False,False,,0,,False,False,0,0,False,0,False,,,,,
644387,1,1,TECNICO_DOCENTE_APOYO,DOCENTE,TÉCNICO DOCENTE 1 (TC),FACULTAD DE INGENIERÍA EN CIENCIAS DE LA TIERRA,False,2.76,TECNICO_DOCENTE_APOYO,True,0,0,0,False,False,,0,,False,True,1,1,False,0,True,JEFATURA_SUPERVISION_OPERATIVA,,,,
644388,1,1,TECNICO_DOCENTE_APOYO,DOCENTE,TÉCNICO DE LABORATORIO 1 (TC),FACULTAD DE INGENIERÍA EN CIENCIAS DE LA TIERRA,False,2.92,TECNICO_DOCENTE_APOYO,True,0,0,0,False,False,,0,,False,False,0,0,False,0,False,,,,,
644399,1,1,TECNICO_OPERATIVO_MANTENIMIENTO,ADMINISTRATIVO,TÉCNICOS ESPECIALIZADOS - EJECUCIÓN DE ACTIVIDADES,RECTORADO,False,0.25,TECNICO_OPERATIVO_MANTENIMIENTO,True,0,0,0,False,False,,0,,False,False,0,0,False,0,False,,,,,
644406,1,1,TECNICO_DOCENTE_APOYO,DOCENTE,TÉCNICO DOCENTE 3 (TC),FACULTAD DE CIENCIAS NATURALES Y MATEMÁTICAS,False,4.01,TECNICO_DOCENTE_APOYO,True,0,0,0,False,False,,0,,False,False,0,0,False,0,False,,,,,
644440,3,2,TECNICO_DOCENTE_APOYO,DOCENTE,TÉCNICO DOCENTE 3 (TC),DIRECCIÓN DE ADMISIONES,True,1.11,TECNICO_OPERATIVO_MANTENIMIENTO,False,1,1,0,True,False,1.11,0,,False,False,0,0,False,0,False,,,,,
644484,1,1,TECNICO_DOCENTE_APOYO,DOCENTE,TÉCNICO DE INVESTIGACIÓN 1 (TC),FACULTAD DE INGENIERÍA EN CIENCIAS DE LA TIERRA,False,0.24,TECNICO_DOCENTE_APOYO,True,0,0,0,False,False,,0,,False,False,0,0,False,0,False,,,,,
644500,1,1,TECNICO_DOCENTE_APOYO,DOCENTE,TÉCNICO DOCENTE 1 (TC),FACULTAD DE INGENIERÍA MARÍTIMA Y CIENCIAS DEL MAR,False,4.39,TECNICO_DOCENTE_APOYO,True,0,0,0,False,False,,0,,False,False,0,0,False,0,False,,,,,
644515,1,1,TECNICO_DOCENTE_APOYO,DOCENTE,TÉCNICO DE LABORATORIO 1 (TC),FACULTAD DE CIENCIAS NATURALES Y MATEMÁTICAS,True,1.92,TECNICO_DOCENTE_APOYO,True,0,0,0,False,False,,0,,False,False,0,0,False,0,False,,,,,
644516,4,2,DOCENTE_NO_TITULAR_OCASIONAL,DOCENTE,PROFESOR NO TITULAR OCASIONAL (MT),FACULTAD DE CIENCIAS NATURALES Y MATEMÁTICAS,True,0.34,TECNICO_DOCENTE_APOYO,False,1,0,0,False,False,0.34,0,,False,False,0,0,False,0,False,,,,,
644521,1,1,TECNICO_DOCENTE_APOYO,DOCENTE,TÉCNICO DOCENTE 1 (TC),FACULTAD DE CIENCIAS NATURALES Y MATEMÁTICAS,False,7.04,TECNICO_DOCENTE_APOYO,True,0,0,0,False,False,,0,,False,False,0,0,False,0,False,,,,,
644526,2,2,DOCENTE_NO_TITULAR_OCASIONAL,DOCENTE,PROFESOR NO TITULAR OCASIONAL (MT),FACULTAD DE CIENCIAS NATURALES Y MATEMÁTICAS,False,0.15,TECNICO_DOCENTE_APOYO,False,1,0,0,False,False,0.51,0,,False,False,0,0,False,0,False,,PROFESOR INVITADO,FACULTAD DE CIENCIAS NATURALES Y MATEMÁTICAS,DOCENTE_HONORARIO_ESPECIAL,DOCENTE
644527,1,1,TECNICO_DOCENTE_APOYO,DOCENTE,TÉCNICO DE INVESTIGACIÓN 1 (MT),FACULTAD DE INGENIERÍA MECÁNICA Y CIENCIAS DE LA PRODUCCIÓN,False,0.84,TECNICO_DOCENTE_APOYO,True,0,0,0,False,False,,0,,False,False,0,0,False,0,False,,,,,
644530,1,1,TECNICO_DOCENTE_APOYO,DOCENTE,TÉCNICO DOCENTE 1 (TC),FACULTAD DE CIENCIAS NATURALES Y MATEMÁTICAS,False,1.1,TECNICO_DOCENTE_APOYO,True,0,0,0,False,False,,0,,False,False,0,0,False,0,False,,,,,
644571,1,1,TECNICO_DOCENTE_APOYO,DOCENTE,TÉCNICO EN EL CAMPO DE LAS ARTES 1 (TC),"FACULTAD DE ARTE, DISEÑO Y COMUNICACIÓN AUDIOVISUAL",True,3.24,TECNICO_DOCENTE_APOYO,True,0,0,0,False,False,,0,,False,False,0,0,False,0,False,,,,,
644579,1,1,TECNICO_DOCENTE_APOYO,DOCENTE,TÉCNICO DOCENTE 3 (TC),DIRECCIÓN DE ADMISIONES,True,0.97,TECNICO_DOCENTE_APOYO,True,0,0,0,False,False,,0,,False,False,0,0,False,0,False,,,,,
644606,1,1,TECNICO_DOCENTE_APOYO,DOCENTE,TÉCNICO DOCENTE 1 (TC),FACULTAD DE INGENIERÍA MECÁNICA Y CIENCIAS DE LA PRODUCCIÓN,True,2.92,TECNICO_DOCENTE_APOYO,True,0,0,0,False,False,,0,,False,False,0,0,False,0,False,,,,,
644623,2,1,TECNICO_OPERATIVO_MANTENIMIENTO,ADMINISTRATIVO,TÉCNICOS ESPECIALIZADOS - EJECUCIÓN DE PROYECTOS,FACULTAD DE INGENIERÍA MARÍTIMA Y CIENCIAS DEL MAR,False,0.01,TECNICO_OPERATIVO_MANTENIMIENTO,True,0,0,0,False,False,,0,,False,False,0,0,False,0,False,,,,,
644630,1,1,PROFESIONAL_ANALISTA,ADMINISTRATIVO,ANALISTA ADMINISTRATIVO,OFICINA DE TRANSFERENCIA DE RESULTADOS DE INVESTIGACIÓN - OTRI EN LA ESPOL,True,6.69,PROFESIONAL_ANALISTA,True,0,0,0,False,False,,0,,False,False,0,0,False,0,False,,,,,
644698,1,1,TECNICO_DOCENTE_APOYO,DOCENTE,TECNICO DOCENTE 1,FACULTAD DE INGENIERÍA MARÍTIMA Y CIENCIAS DEL MAR,False,1.75,TECNICO_DOCENTE_APOYO,True,0,0,0,False,False,,0,,False,False,0,0,False,0,False,,,,,
644719,1,1,SERVICIOS_GENERALES_OFICIOS,ADMINISTRATIVO,OPERARIO DE LABORATORIO DE ACUICULTURA Y BIODIVERSIDAD,CENTRO NACIONAL DE ACUICULTURA E INVESTIGACIONES MARINAS,True,12.69,SERVICIOS_GENERALES_OFICIOS,True,0,0,0,False,False,,0,,False,False,0,0,False,0,False,,,,,
644781,1,1,PROFESIONAL_ANALISTA,ADMINISTRATIVO,ASESOR TÉCNICO,DESCONOCIDA,False,3.17,PROFESIONAL_ANALISTA,True,0,0,0,False,False,,0,,False,False,0,0,False,0,False,,,,,
644946,1,1,ASISTENCIA_SECRETARIAL_OFICINA,ADMINISTRATIVO,ASISTENTE EJECUTIVA 2,FACULTAD DE INGENIERÍA MECÁNICA Y CIENCIAS DE LA PRODUCCIÓN,False,2.08,ASISTENCIA_SECRETARIAL_OFICINA,True,0,0,0,False,False,,0,,False,False,0,0,False,0,False,,,,,
645005,3,3,PROFESIONAL_ANALISTA,ADMINISTRATIVO,ANALISTA DE LABORATORIO DE INVESTIGACIÓN 2,CENTRO DE INVESTIGACIONES BIOTECNOLÓGICAS DEL ECUADOR,True,10.78,AUXILIAR_AYUDANTE_OPERATIVO,False,2,0,0,False,False,10.78,0,,False,False,0,0,False,0,False,,,,,
645089,1,1,TECNICO_DOCENTE_APOYO,DOCENTE,TÉCNICO DOCENTE 1 (TC),DIRECCIÓN DE ADMISIONES,False,0.25,TECNICO_DOCENTE_APOYO,True,0,0,0,False,False,,0,,False,False,0,0,False,0,False,,,,,
645105,1,1,TECNICO_DOCENTE_APOYO,DOCENTE,TÉCNICO DE LABORATORIO 1 (TC),FACULTAD DE CIENCIAS DE LA VIDA,False,0.24,TECNICO_DOCENTE_APOYO,True,0,0,0,False,False,,0,,False,False,0,0,False,0,False,,,,,
645142,1,1,TECNICO_DOCENTE_APOYO,DOCENTE,TÉCNICO DE INVESTIGACIÓN 1 (TC),CENTRO DE TECNOLOGÍAS DE LA INFORMACIÓN,False,0.03,TECNICO_DOCENTE_APOYO,True,0,0,0,False,False,,0,,False,False,0,0,False,0,False,,,,,
645153,2,1,TECNICO_DOCENTE_APOYO,DOCENTE,TÉCNICO DOCENTE 3 (MT),DIRECCIÓN DE ADMISIONES,False,0.33,TECNICO_DOCENTE_APOYO,True,0,0,0,False,False,,0,,False,False,0,0,False,0,False,,,,,
645159,1,1,TECNICO_DOCENTE_APOYO,DOCENTE,TÉCNICO DE LABORATORIO 1 (TC),FACULTAD DE INGENIERÍA EN CIENCIAS DE LA TIERRA,True,0.95,TECNICO_DOCENTE_APOYO,True,0,0,0,False,False,,0,,False,False,0,0,False,0,False,,,,,
645207,1,1,TECNICO_DOCENTE_APOYO,DOCENTE,TÉCNICO DE INVESTIGACIÓN 1 (TC),FACULTAD DE INGENIERÍA MARÍTIMA Y CIENCIAS DEL MAR,False,1.25,TECNICO_DOCENTE_APOYO,True,0,0,0,False,False,,0,,False,False,0,0,False,0,False,,,,,
645214,1,1,TECNICO_DOCENTE_APOYO,DOCENTE,TÉCNICO DE LABORATORIO 1 (TC),FACULTAD DE CIENCIAS NATURALES Y MATEMÁTICAS,True,8.36,TECNICO_DOCENTE_APOYO,True,0,0,0,False,False,,0,,False,False,0,0,False,0,False,,,,,
645261,2,1,TECNICO_DOCENTE_APOYO,DOCENTE,TÉCNICO DE LABORATORIO 1 (TC),FACULTAD DE CIENCIAS DE LA VIDA,False,0.24,TECNICO_DOCENTE_APOYO,True,0,0,0,False,False,,0,,False,False,0,0,False,0,False,,,,,
645277,1,1,TECNICO_DOCENTE_APOYO,DOCENTE,TÉCNICO DOCENTE 3 (TC),DIRECCIÓN DE ADMISIONES,True,1.35,TECNICO_DOCENTE_APOYO,True,0,0,0,False,False,,0,,False,False,0,0,False,0,False,,,,,
645293,1,1,TECNICO_DOCENTE_APOYO,DOCENTE,TÉCNICO DE INVESTIGACIÓN 1 (TC),DECANATO DE INVESTIGACIÓN,False,0.84,TECNICO_DOCENTE_APOYO,True,0,0,0,False,False,,0,,False,False,0,0,False,0,False,,,,,
645317,1,1,TECNICO_OPERATIVO_MANTENIMIENTO,ADMINISTRATIVO,TÉCNICOS ESPECIALIZADOS - EJECUCIÓN DE ACTIVIDADES,FACULTAD DE INGENIERÍA MECÁNICA Y CIENCIAS DE LA PRODUCCIÓN,False,1.02,TECNICO_OPERATIVO_MANTENIMIENTO,True,0,0,0,False,False,,0,,False,False,0,0,False,0,False,,,,,
645395,1,1,ASISTENCIA_SECRETARIAL_OFICINA,ADMINISTRATIVO,ASISTENTE DE SOPORTE TÉCNICO,FACULTAD DE INGENIERÍA EN ELECTRICIDAD Y COMPUTACIÓN,False,0.56,ASISTENCIA_SECRETARIAL_OFICINA,True,0,0,0,False,False,,0,,False,False,0,0,False,0,False,,,,,
645468,1,1,TECNICO_DOCENTE_APOYO,DOCENTE,TÉCNICO DOCENTE 1 (TC),FACULTAD DE INGENIERÍA EN ELECTRICIDAD Y COMPUTACIÓN,False,2.89,TECNICO_DOCENTE_APOYO,True,0,0,0,False,False,,0,,False,False,0,0,False,0,False,,,,,
645471,5,1,TECNICO_OPERATIVO_MANTENIMIENTO,ADMINISTRATIVO,TÉCNICOS ESPECIALIZADOS - EJECUCIÓN DE ACTIVIDADES,DECANATO DE INVESTIGACIÓN,False,0.04,TECNICO_OPERATIVO_MANTENIMIENTO,True,0,0,0,False,False,,0,,False,False,0,0,False,0,False,,,,,
645513,2,1,TECNICO_DOCENTE_APOYO,DOCENTE,TÉCNICO DE LABORATORIO 1 (TC),FACULTAD DE INGENIERÍA EN ELECTRICIDAD Y COMPUTACIÓN,False,0.16,TECNICO_DOCENTE_APOYO,True,0,0,0,False,False,,0,,False,False,0,0,False,0,False,,,,,
645542,3,1,TECNICO_DOCENTE_APOYO,DOCENTE,TÉCNICO DOCENTE 1 (TC),FACULTAD DE CIENCIAS NATURALES Y MATEMÁTICAS,True,0.34,TECNICO_DOCENTE_APOYO,True,0,0,0,False,False,,0,,False,False,0,0,False,0,False,,,,,
645553,2,1,TECNICO_DOCENTE_APOYO,DOCENTE,TÉCNICO DE INVESTIGACIÓN 1 (TC),DECANATO DE INVESTIGACIÓN,False,0.11,TECNICO_DOCENTE_APOYO,True,0,0,0,False,False,,0,,False,False,0,0,False,0,False,,,,,
645591,1,1,TECNICO_DOCENTE_APOYO,DOCENTE,TÉCNICO DE LABORATORIO 1 (TC),FACULTAD DE INGENIERÍA MECÁNICA Y CIENCIAS DE LA PRODUCCIÓN,False,0.24,TECNICO_DOCENTE_APOYO,True,0,0,0,False,False,,0,,False,False,0,0,False,0,False,,,,,
645627,2,2,TECNICO_DOCENTE_APOYO,DOCENTE,TÉCNICO DE INVESTIGACIÓN 1 (TC),CENTRO DE TECNOLOGÍAS DE LA INFORMACIÓN,False,5.0,TECNICO_OPERATIVO_MANTENIMIENTO,False,1,1,0,True,False,7.69,0,,False,False,0,0,False,0,False,,,,,
645689,49,3,AUTORIDAD_ACADEMICA_SUPERIOR,DOCENTE,DECANO(A),FACULTAD DE CIENCIAS DE LA VIDA,True,0.04,DOCENTE_NO_TITULAR_OCASIONAL,False,2,0,0,False,False,3.83,1,AUTORIDAD_ACADEMICA_SUPERIOR,True,True,41,3,True,37,True,OTROS_AA,,,,
645695,4,1,DOCENTE_NO_TITULAR_OCASIONAL,DOCENTE,PROFESOR NO TITULAR OCASIONAL 1 (MT),FACULTAD DE CIENCIAS NATURALES Y MATEMÁTICAS,False,0.39,DOCENTE_NO_TITULAR_OCASIONAL,True,0,0,0,False,False,,0,,False,False,0,0,False,0,False,,,,,
645700,3,2,ASISTENCIA_SECRETARIAL_OFICINA,ADMINISTRATIVO,ASISTENTE EJECUTIVA 3,RECTORADO,False,6.63,ASISTENCIA_SECRETARIAL_OFICINA,False,2,0,0,False,False,8.78,0,,False,False,0,0,False,0,False,,,,,
645722,5,2,TECNICO_DOCENTE_APOYO,DOCENTE,TÉCNICO DOCENTE 1 (TC),FACULTAD DE CIENCIAS SOCIALES Y HUMANÍSTICAS,True,1.52,DOCENTE_NO_TITULAR_OCASIONAL,False,1,0,0,False,False,6.55,0,,False,False,0,0,False,0,False,,,,,
645724,11,1,DOCENTE_NO_TITULAR_OCASIONAL,DOCENTE,PROFESOR NO TITULAR OCASIONAL (TC),FACULTAD DE CIENCIAS NATURALES Y MATEMÁTICAS,True,7.33,DOCENTE_NO_TITULAR_OCASIONAL,True,0,0,0,False,False,,2,OTROS_DD,True,False,0,0,False,0,False,,,,,
645785,3,2,ASISTENCIA_SECRETARIAL_OFICINA,ADMINISTRATIVO,ASISTENTE EJECUTIVA 2,FACULTAD DE INGENIERÍA EN ELECTRICIDAD Y COMPUTACIÓN,True,10.25,ASISTENCIA_SECRETARIAL_OFICINA,False,2,0,0,False,False,10.25,1,ASISTENCIA_SECRETARIAL_OFICINA,True,False,0,0,False,0,False,,,,,
645794,3,3,PROFESIONAL_ANALISTA,ADMINISTRATIVO,ANALISTA DE LABORATORIO DE INVESTIGACIÓN 2,CENTRO DE INVESTIGACIONES BIOTECNOLÓGICAS DEL ECUADOR,True,10.78,ASISTENCIA_SECRETARIAL_OFICINA,False,2,0,0,False,False,10.78,0,,False,False,0,0,False,0,False,,,,,
645801,3,1,DOCENTE_NO_TITULAR_OCASIONAL,DOCENTE,PROFESOR NO TITULAR OCASIONAL (TC),FACULTAD DE CIENCIAS SOCIALES Y HUMANÍSTICAS,True,12.33,DOCENTE_NO_TITULAR_OCASIONAL,True,0,0,0,False,False,,1,TECNICO_OPERATIVO_MANTENIMIENTO,True,False,0,0,False,0,False,,,,,
645829,3,3,TECNICO_DOCENTE_APOYO,DOCENTE,TECNICO DOCENTE 4,VICERRECTORADO ACADÉMICO,False,1.72,TECNICO_OPERATIVO_MANTENIMIENTO,False,2,1,0,True,False,8.69,0,,False,False,0,0,False,0,False,,,,,
645940,3,1,DOCENTE_NO_TITULAR_OCASIONAL,DOCENTE,PROFESOR NO TITULAR OCASIONAL (TC),FACULTAD DE CIENCIAS NATURALES Y MATEMÁTICAS,True,4.94,DOCENTE_NO_TITULAR_OCASIONAL,True,0,0,0,False,False,,0,,False,False,0,0,False,0,False,,,,,
645943,2,2,ASISTENCIA_SECRETARIAL_OFICINA,ADMINISTRATIVO,ASISTENTE EJECUTIVA 1,GERENCIA DE BIENESTAR POLITÉCNICO,True,11.69,AUXILIAR_AYUDANTE_OPERATIVO,False,1,0,0,False,False,11.69,0,,False,False,0,0,False,0,False,,,,,
645953,4,3,PROFESIONAL_ANALISTA,ADMINISTRATIVO,ANALISTA ESTADÍSTICO ACADÉMICO,FACULTAD DE CIENCIAS DE LA VIDA,True,4.69,AUXILIAR_AYUDANTE_OPERATIVO,False,2,0,0,False,False,4.69,0,,False,False,0,0,False,0,False,,,,,
646025,3,3,DOCENTE_NO_TITULAR_OCASIONAL,DOCENTE,PROFESOR NO TITULAR OCASIONAL (TC),FACULTAD DE CIENCIAS SOCIALES Y HUMANÍSTICAS,True,1.52,TECNICO_OPERATIVO_MANTENIMIENTO,False,2,1,0,True,False,1.52,0,,False,True,2,1,False,0,True,JEFATURA_SUPERVISION_OPERATIVA,,,,
646043,2,2,ASISTENCIA_SECRETARIAL_OFICINA,ADMINISTRATIVO,ASISTENTE DE GESTIÓN DE PROYECTOS DE INVESTIGACIÓN,FACULTAD DE CIENCIAS SOCIALES Y HUMANÍSTICAS,False,0.42,TECNICO_DOCENTE_APOYO,False,1,0,1,False,True,2.61,0,,False,False,0,0,False,0,False,,SERVICIOS PROFESIONALES - EJECUCIÓN DE ACTIVIDADES,OFICINA DE TRANSFERENCIA DE RESULTADOS DE INVESTIGACIÓN - OTRI EN LA ESPOL,CONTRATO_SERVICIOS_PROFESIONALES_PROYECTO,ADMINISTRATIVO
646044,1,1,TECNICO_OPERATIVO_MANTENIMIENTO,ADMINISTRATIVO,TÉCNICOS ESPECIALIZADOS - EJECUCIÓN DE ACTIVIDADES,RECTORADO,False,0.65,TECNICO_OPERATIVO_MANTENIMIENTO,True,0,0,0,False,False,,0,,False,False,0,0,False,0,False,,SERVICIOS PROFESIONALES - EJECUCIÓN DE ACTIVIDADES,RECTORADO,CONTRATO_SERVICIOS_PROFESIONALES_PROYECTO,ADMINISTRATIVO
646055,1,1,TECNICO_DOCENTE_APOYO,DOCENTE,TÉCNICO DOCENTE 1 (TC),FACULTAD DE CIENCIAS SOCIALES Y HUMANÍSTICAS,False,2.58,TECNICO_DOCENTE_APOYO,True,0,0,0,False,False,,0,,False,False,0,0,False,0,False,,,,,
646111,1,1,TECNICO_DOCENTE_APOYO,DOCENTE,TÉCNICO DE INVESTIGACIÓN 1 (TC),ESCUELA DE POSTGRADO EN ADMINISTRACIÓN DE EMPRESAS,False,2.05,TECNICO_DOCENTE_APOYO,True,0,0,0,False,False,,0,,False,False,0,0,False,0,False,,,,,
646191,1,1,TECNICO_DOCENTE_APOYO,DOCENTE,TÉCNICO DE INVESTIGACIÓN 2 (TC),CENTRO DE INVESTIGACIÓN Y PROYECTOS APLICADOS A LAS CIENCIAS DE LA TIERRA,True,1.85,TECNICO_DOCENTE_APOYO,True,0,0,0,False,False,,0,,False,False,0,0,False,0,False,,,,,
646192,2,2,DOCENTE_NO_TITULAR_OCASIONAL,DOCENTE,PROFESOR NO TITULAR OCASIONAL (TC),FACULTAD DE INGENIERÍA EN CIENCIAS DE LA TIERRA,True,0.36,TECNICO_DOCENTE_APOYO,False,1,0,0,False,False,0.36,0,,False,False,0,0,False,0,False,,,,,
646196,1,1,TECNICO_DOCENTE_APOYO,DOCENTE,TÉCNICO DE LABORATORIO 1 (TC),FACULTAD DE CIENCIAS DE LA VIDA,False,0.24,TECNICO_DOCENTE_APOYO,True,0,0,0,False,False,,0,,False,False,0,0,False,0,False,,,,,
646202,1,1,TECNICO_DOCENTE_APOYO,DOCENTE,TÉCNICO DE LABORATORIO 1 (TC),FACULTAD DE INGENIERÍA EN CIENCIAS DE LA TIERRA,True,3.53,TECNICO_DOCENTE_APOYO,True,0,0,0,False,False,,0,,False,False,0,0,False,0,False,,,,,
646220,1,1,TECNICO_DOCENTE_APOYO,DOCENTE,TÉCNICO DOCENTE 3 (TC),DIRECCIÓN DE ADMISIONES,False,0.28,TECNICO_DOCENTE_APOYO,True,0,0,0,False,False,,0,,False,False,0,0,False,0,False,,,,,
646222,2,2,DOCENTE_NO_TITULAR_OCASIONAL,DOCENTE,PROFESOR NO TITULAR OCASIONAL (TC),FACULTAD DE INGENIERÍA EN ELECTRICIDAD Y COMPUTACIÓN,True,1.95,TECNICO_DOCENTE_APOYO,False,1,0,0,False,False,1.95,0,,False,True,1,1,False,0,True,JEFATURA_SUPERVISION_OPERATIVA,,,,
646256,1,1,TECNICO_DOCENTE_APOYO,DOCENTE,TÉCNICO DE LABORATORIO 1 (TC),FACULTAD DE CIENCIAS DE LA VIDA,False,0.24,TECNICO_DOCENTE_APOYO,True,0,0,0,False,False,,0,,False,False,0,0,False,0,False,,,,,
646262,10,1,PROFESIONAL_ANALISTA,ADMINISTRATIVO,ANALISTA DE TRANSPORTE,DIRECCIÓN DE SERVICIOS GENERALES,True,0.15,PROFESIONAL_ANALISTA,True,0,0,0,False,False,,0,,False,False,0,0,False,0,False,,,,,
646364,1,1,ASISTENCIA_SECRETARIAL_OFICINA,ADMINISTRATIVO,ASISTENTE EJECUTIVA 2,"FACULTAD DE ARTE, DISEÑO Y COMUNICACIÓN AUDIOVISUAL",True,2.61,ASISTENCIA_SECRETARIAL_OFICINA,True,0,0,0,False,False,,0,,False,False,0,0,False,0,False,,,,,
646401,1,1,TECNICO_OPERATIVO_MANTENIMIENTO,ADMINISTRATIVO,TÉCNICOS ESPECIALIZADOS - EJECUCIÓN DE ACTIVIDADES DE INVESTIGACIÓN,DECANATO DE INVESTIGACIÓN,False,0.22,TECNICO_OPERATIVO_MANTENIMIENTO,True,0,0,0,False,False,,0,,False,False,0,0,False,0,False,,,,,
646418,2,2,DOCENTE_NO_TITULAR_OCASIONAL,DOCENTE,PROFESOR NO TITULAR OCASIONAL (TC),ESCUELA DE POSTGRADO EN ADMINISTRACIÓN DE EMPRESAS,True,1.33,TECNICO_DOCENTE_APOYO,False,1,0,0,False,False,1.33,0,,False,True,2,1,False,0,True,JEFATURA_SUPERVISION_OPERATIVA,PRESTACIÓN SERVICIOS PROFESIONALES,DESCONOCIDA,DOCENTE_CONTRATADO_SERVICIOS_CIVILES,DOCENTE
646519,1,1,DOCENTE_NO_TITULAR_OCASIONAL,DOCENTE,PROFESOR NO TITULAR OCASIONAL (TC),FACULTAD DE CIENCIAS SOCIALES Y HUMANÍSTICAS,True,2.27,DOCENTE_NO_TITULAR_OCASIONAL,True,0,0,0,False,False,,0,,False,True,4,1,False,0,True,JEFATURA_SUPERVISION_OPERATIVA,,,,
646521,1,1,TECNICO_DOCENTE_APOYO,DOCENTE,TÉCNICO DE INVESTIGACIÓN 1 (TC),"CENTRO DE INVESTIGACIÓN, DESARROLLO E INNOVACIÓN DE SISTEMAS COMPUTACIONALES",False,0.24,TECNICO_DOCENTE_APOYO,True,0,0,0,False,False,,0,,False,False,0,0,False,0,False,,,,,
646525,1,1,TECNICO_DOCENTE_APOYO,DOCENTE,TÉCNICO DE INVESTIGACIÓN 1 (TC),"VICERRECTORADO DE INVESTIGACIÓN, DESARROLLO E INNOVACIÓN",True,3.13,TECNICO_DOCENTE_APOYO,True,0,0,0,False,False,,0,,False,False,0,0,False,0,False,,,,,
646567,1,1,ASISTENCIA_SECRETARIAL_OFICINA,ADMINISTRATIVO,ASISTENTE DE PLANIFICACIÓN Y PROYECTOS,GERENCIA DE PLANIFICACIÓN ESTRATÉGICA,False,3.83,ASISTENCIA_SECRETARIAL_OFICINA,True,0,0,0,False,False,,0,,False,False,0,0,False,0,False,,,,,
646695,1,1,TECNICO_DOCENTE_APOYO,DOCENTE,TÉCNICO DE LABORATORIO 1 (TC),CENTRO DE INVESTIGACIONES BIOTECNOLÓGICAS DEL ECUADOR,True,2.69,TECNICO_DOCENTE_APOYO,True,0,0,0,False,False,,0,,False,False,0,0,False,0,False,,,,,
646717,1,1,TECNICO_DOCENTE_APOYO,DOCENTE,TÉCNICO DE INVESTIGACIÓN 1 (TC),"CENTRO DE INVESTIGACIÓN, DESARROLLO E INNOVACIÓN DE SISTEMAS COMPUTACIONALES",False,3.35,TECNICO_DOCENTE_APOYO,True,0,0,0,False,False,,0,,False,False,0,0,False,0,False,,,,,
646749,2,1,TECNICO_DOCENTE_APOYO,DOCENTE,TÉCNICO DE INVESTIGACIÓN 1 (TC),CENTRO DE INVESTIGACIONES BIOTECNOLÓGICAS DEL ECUADOR,True,0.24,TECNICO_DOCENTE_APOYO,True,0,0,0,False,False,,0,,False,False,0,0,False,0,False,,,,,
646751,1,1,TECNICO_OPERATIVO_MANTENIMIENTO,ADMINISTRATIVO,TÉCNICOS ESPECIALIZADOS - EJECUCIÓN DE ACTIVIDADES,FACULTAD DE INGENIERÍA MARÍTIMA Y CIENCIAS DEL MAR,False,0.08,TECNICO_OPERATIVO_MANTENIMIENTO,True,0,0,0,False,False,,0,,False,False,0,0,False,0,False,,,,,
646776,1,1,TECNICO_OPERATIVO_MANTENIMIENTO,ADMINISTRATIVO,TÉCNICOS ESPECIALIZADOS - EJECUCIÓN DE ACTIVIDADES,DECANATO DE GRADO,False,0.56,TECNICO_OPERATIVO_MANTENIMIENTO,True,0,0,0,False,False,,0,,False,False,0,0,False,0,False,,SERVICIOS PROFESIONALES - EJECUCIÓN DE ACTIVIDADES,DECANATO DE GRADO,CONTRATO_SERVICIOS_PROFESIONALES_PROYECTO,ADMINISTRATIVO
646785,1,1,TECNICO_DOCENTE_APOYO,DOCENTE,TÉCNICO DE LABORATORIO 1 (TC),FACULTAD DE INGENIERÍA MECÁNICA Y CIENCIAS DE LA PRODUCCIÓN,False,0.27,TECNICO_DOCENTE_APOYO,True,0,0,0,False,False,,0,,False,False,0,0,False,0,False,,,,,
646794,3,1,TECNICO_OPERATIVO_MANTENIMIENTO,ADMINISTRATIVO,TÉCNICOS ESPECIALIZADOS - EJECUCIÓN DE ACTIVIDADES,ESCUELA DE POSTGRADO EN ADMINISTRACIÓN DE EMPRESAS,True,0.68,TECNICO_OPERATIVO_MANTENIMIENTO,True,0,0,0,False,False,,0,,False,False,0,0,False,0,False,,,,,
646835,1,1,TECNICO_DOCENTE_APOYO,DOCENTE,TÉCNICO DE LABORATORIO 1 (TC),FACULTAD DE CIENCIAS DE LA VIDA,False,5.34,TECNICO_DOCENTE_APOYO,True,0,0,0,False,False,,0,,False,False,0,0,False,0,False,,,,,
646881,1,1,TECNICO_DOCENTE_APOYO,DOCENTE,TÉCNICO DE LABORATORIO 1 (TC),FACULTAD DE CIENCIAS DE LA VIDA,False,0.24,TECNICO_DOCENTE_APOYO,True,0,0,0,False,False,,0,,False,False,0,0,False,0,False,,,,,
646897,1,1,ASISTENCIA_SECRETARIAL_OFICINA,ADMINISTRATIVO,ASISTENTE DE COMUNICACIÓN,GERENCIA DE COMUNICACIÓN,True,1.85,ASISTENCIA_SECRETARIAL_OFICINA,True,0,0,0,False,False,,0,,False,False,0,0,False,0,False,,,,,
647000,1,1,TECNICO_DOCENTE_APOYO,DOCENTE,TÉCNICO DE INVESTIGACIÓN 1 (TC),FACULTAD DE CIENCIAS NATURALES Y MATEMÁTICAS,False,2.19,TECNICO_DOCENTE_APOYO,True,0,0,0,False,False,,0,,False,False,0,0,False,0,False,,,,,
647012,2,2,PROFESIONAL_ANALISTA,ADMINISTRATIVO,ANALISTA DE ARCHIVO,DIRECCIÓN DE LA SECRETARÍA TÉCNICA ACADEMICA,True,11.69,ASISTENCIA_SECRETARIAL_OFICINA,False,1,0,0,False,False,11.69,0,,False,False,0,0,False,0,False,,,,,
647015,4,2,TECNICO_OPERATIVO_MANTENIMIENTO,ADMINISTRATIVO,TÉCNICOS ESPECIALIZADOS - EJECUCIÓN DE ACTIVIDADES,UNIDAD DE BIENESTAR ESTUDIANTIL Y POLITÉCNICO,False,0.24,OTROS_AA,False,1,0,0,False,False,8.69,0,,False,False,0,0,False,0,False,,,,,
647036,3,2,DOCENTE_NO_TITULAR_OCASIONAL,DOCENTE,PROFESOR NO TITULAR OCASIONAL (TC),FACULTAD DE CIENCIAS SOCIALES Y HUMANÍSTICAS,True,3.94,DOCENTE_NO_TITULAR_OCASIONAL,False,2,1,1,True,True,3.94,2,AUTORIDAD_ADMINISTRATIVA_SUPERIOR,True,True,5,2,False,0,True,JEFATURA_SUPERVISION_OPERATIVA,,,,
647047,3,3,PROFESIONAL_ANALISTA,ADMINISTRATIVO,ANALISTA DE LABORATORIO,FACULTAD DE CIENCIAS NATURALES Y MATEMÁTICAS,True,10.78,ASISTENCIA_SECRETARIAL_OFICINA,False,2,0,0,False,False,10.78,0,,False,False,0,0,False,0,False,,,,,
647101,2,2,AUXILIAR_AYUDANTE_OPERATIVO,ADMINISTRATIVO,AYUDANTE DE SERVICIOS ADMINISTRATIVOS,GERENCIA FINANCIERA,True,11.69,ASISTENCIA_SECRETARIAL_OFICINA,False,1,0,0,False,False,11.69,0,,False,False,0,0,False,0,False,,,,,
647104,2,2,AUXILIAR_AYUDANTE_OPERATIVO,ADMINISTRATIVO,AYUDANTE DE SERVICIOS ADMINISTRATIVOS,GERENCIA DE COMUNICACIÓN,True,11.69,ASISTENCIA_SECRETARIAL_OFICINA,False,1,0,0,False,False,11.69,0,,False,False,0,0,False,0,False,,,,,
647105,2,2,PROFESIONAL_ANALISTA,ADMINISTRATIVO,ANALISTA DE INFORMACIÓN BIBLIOTECARIO,CENTRO DE INFORMACIÓN BIBLIOTECARIA,True,9.69,AUXILIAR_AYUDANTE_OPERATIVO,False,1,0,0,False,False,9.69,1,AUTORIDAD_ADMINISTRATIVA_SUPERIOR,True,True,14,1,True,14,True,OTROS_AA,,,,
647106,1,1,SERVICIOS_GENERALES_OFICIOS,ADMINISTRATIVO,MENSAJERO,DIRECCIÓN DE SERVICIOS GENERALES,False,9.2,SERVICIOS_GENERALES_OFICIOS,True,0,0,0,False,False,,0,,False,False,0,0,False,0,False,,,,,
647109,1,1,AUXILIAR_AYUDANTE_OPERATIVO,ADMINISTRATIVO,AUXILIAR DE SERVICIOS,FACULTAD DE INGENIERÍA EN ELECTRICIDAD Y COMPUTACIÓN,True,12.81,AUXILIAR_AYUDANTE_OPERATIVO,True,0,0,0,False,False,,0,,False,False,0,0,False,0,False,,,,,
647120,3,3,TECNICO_OPERATIVO_MANTENIMIENTO,ADMINISTRATIVO,TÉCNICOS ESPECIALIZADOS - EJECUCIÓN DE ACTIVIDADES,DIRECCIÓN DE ADQUISICIONES Y SUMINISTROS,False,0.92,ASISTENCIA_SECRETARIAL_OFICINA,False,2,0,0,False,False,7.31,0,,False,False,0,0,False,0,False,,,,,
647125,1,1,AUXILIAR_AYUDANTE_OPERATIVO,ADMINISTRATIVO,AYUDANTE DE SERVICIOS ADMINISTRATIVOS,DIRECCIÓN DE TALENTO HUMANO,True,12.81,AUXILIAR_AYUDANTE_OPERATIVO,True,0,0,0,False,False,,0,,False,False,0,0,False,0,False,,,,,
647169,1,1,AUXILIAR_AYUDANTE_OPERATIVO,ADMINISTRATIVO,AUXILIAR DE SERVICIOS,FACULTAD DE INGENIERÍA MECÁNICA Y CIENCIAS DE LA PRODUCCIÓN,False,12.26,AUXILIAR_AYUDANTE_OPERATIVO,True,0,0,0,False,False,,0,,False,False,0,0,False,0,False,,,,,
647170,1,1,AUXILIAR_AYUDANTE_OPERATIVO,ADMINISTRATIVO,AUXILIAR DE SERVICIOS,DIRECCIÓN DE SERVICIOS GENERALES,False,5.12,AUXILIAR_AYUDANTE_OPERATIVO,True,0,0,0,False,False,,0,,False,False,0,0,False,0,False,,,,,
647206,3,2,SERVICIOS_GENERALES_OFICIOS,ADMINISTRATIVO,GUARDIÀN/GUARDIÀN ADMINISTRATIVO,FACULTAD DE CIENCIAS SOCIALES Y HUMANÍSTICAS,True,8.69,SERVICIOS_GENERALES_OFICIOS,False,2,0,0,False,False,8.69,0,,False,False,0,0,False,0,False,,,,,
647234,1,1,TECNICO_DOCENTE_APOYO,DOCENTE,TÉCNICO DE INVESTIGACIÓN 1 (TC),CENTRO DE INVESTIGACIÓN Y PROYECTOS APLICADOS A LAS CIENCIAS DE LA TIERRA,True,1.24,TECNICO_DOCENTE_APOYO,True,0,0,0,False,False,,0,,False,False,0,0,False,0,False,,,,,
647259,1,1,JEFATURA_SUPERVISION_OPERATIVA,ADMINISTRATIVO,SUPERVISOR DE TALLER DE IMPRENTA,GERENCIA DE COMUNICACIÓN,True,12.61,JEFATURA_SUPERVISION_OPERATIVA,True,0,0,0,False,False,,0,,False,False,0,0,False,0,False,,,,,
647308,4,3,DOCENTE_NO_TITULAR_OCASIONAL,DOCENTE,PROFESOR NO TITULAR OCASIONAL (MT),DECANATO DE GRADO,True,3.33,TECNICO_OPERATIVO_MANTENIMIENTO,False,3,1,0,True,False,3.33,1,TECNICO_DOCENTE_APOYO,True,False,0,0,False,0,False,,,,,
647358,3,3,AUTORIDAD_ADMINISTRATIVA_SUPERIOR,ADMINISTRATIVO,DIRECTOR DEL CENTRO DE INVESTIGACIONES Y SERVICIOS EDUCATIVOS,CENTRO DE INVESTIGACIONES Y SERVICIOS EDUCATIVOS,True,6.11,PROFESIONAL_ANALISTA,False,2,1,1,True,True,6.11,1,TECNICO_OPERATIVO_MANTENIMIENTO,True,True,1,1,False,0,False,AUTORIDAD_ADMINISTRATIVA_SUPERIOR,,,,
647364,1,1,DOCENTE_NO_TITULAR_OCASIONAL,DOCENTE,PROFESOR NO TITULAR OCASIONAL 1 (TC),DESCONOCIDA,False,1.89,DOCENTE_NO_TITULAR_OCASIONAL,True,0,0,0,False,False,,0,,False,False,0,0,False,0,False,,,,,
647432,3,3,PROFESIONAL_ANALISTA,ADMINISTRATIVO,ANALISTA DE BIENESTAR POLITÉCNICO 2,DIRECCIÓN DE SEGURIDAD Y SALUD OCUPACIONAL,True,9.61,ASISTENCIA_SECRETARIAL_OFICINA,False,2,0,0,False,False,9.61,2,AUXILIAR_AYUDANTE_OPERATIVO,True,False,0,0,False,0,False,,,,,
647469,30,2,PROFESIONAL_ANALISTA,ADMINISTRATIVO,ANALISTA DE SOPORTE TÉCNICO,CENTRO NACIONAL DE ACUICULTURA E INVESTIGACIONES MARINAS,True,0.03,TECNICO_OPERATIVO_MANTENIMIENTO,False,3,0,0,False,False,7.69,0,,False,False,0,0,False,0,False,,,,,
647470,2,2,PROFESIONAL_ANALISTA,ADMINISTRATIVO,ANALISTA DE COMUNICACIÓN 3,GERENCIA DE COMUNICACIÓN,True,11.69,ASISTENCIA_SECRETARIAL_OFICINA,False,1,0,0,False,False,11.69,1,AUTORIDAD_ADMINISTRATIVA_SUPERIOR,True,True,13,1,True,13,True,OTROS_AA,,,,
647524,1,1,TECNICO_DOCENTE_APOYO,DOCENTE,TÉCNICO EN EL CAMPO DE LAS ARTES 1 (TC),DECANATO DE GRADO,True,1.52,TECNICO_DOCENTE_APOYO,True,0,0,0,False,False,,0,,False,False,0,0,False,0,False,,,,,
647678,1,1,TECNICO_DOCENTE_APOYO,DOCENTE,TÉCNICO DOCENTE 1 (TC),FACULTAD DE INGENIERÍA MECÁNICA Y CIENCIAS DE LA PRODUCCIÓN,True,3.03,TECNICO_DOCENTE_APOYO,True,0,0,0,False,False,,0,,False,False,0,0,False,0,False,,,,,
647711,1,1,TECNICO_DOCENTE_APOYO,DOCENTE,TÉCNICO DE INVESTIGACIÓN 1 (TC),"FACULTAD DE ARTE, DISEÑO Y COMUNICACIÓN AUDIOVISUAL",False,0.96,TECNICO_DOCENTE_APOYO,True,0,0,0,False,False,,1,TECNICO_OPERATIVO_MANTENIMIENTO,True,False,0,0,False,0,False,,,,,
647747,1,1,TECNICO_DOCENTE_APOYO,DOCENTE,TÉCNICO DE INVESTIGACIÓN 1 (TC),CENTRO DE INVESTIGACIONES Y SERVICIOS EDUCATIVOS,False,5.33,TECNICO_DOCENTE_APOYO,True,0,0,0,False,False,,0,,False,False,0,0,False,0,False,,SERVICIOS PROFESIONALES - EJECUCIÓN DE ACTIVIDADES,CENTRO DE TECNOLOGÍAS DE LA INFORMACIÓN,CONTRATO_SERVICIOS_PROFESIONALES_PROYECTO,ADMINISTRATIVO
647813,1,1,TECNICO_DOCENTE_APOYO,DOCENTE,TÉCNICO DE LABORATORIO 1 (TC),"FACULTAD DE ARTE, DISEÑO Y COMUNICACIÓN AUDIOVISUAL",False,0.24,TECNICO_DOCENTE_APOYO,True,0,0,0,False,False,,0,,False,False,0,0,False,0,False,,,,,
647831,1,1,TECNICO_DOCENTE_APOYO,DOCENTE,TÉCNICO DE INVESTIGACIÓN 1 (MT),DECANATO DE INVESTIGACIÓN,False,0.84,TECNICO_DOCENTE_APOYO,True,0,0,0,False,False,,0,,False,False,0,0,False,0,False,,,,,
647862,1,1,ASISTENCIA_SECRETARIAL_OFICINA,ADMINISTRATIVO,ASISTENTE EJECUTIVA 1,FACULTAD DE INGENIERÍA MECÁNICA Y CIENCIAS DE LA PRODUCCIÓN,False,1.88,ASISTENCIA_SECRETARIAL_OFICINA,True,0,0,0,False,False,,0,,False,False,0,0,False,0,False,,,,,
647873,1,1,TECNICO_DOCENTE_APOYO,DOCENTE,TÉCNICO DOCENTE 1 (MT),FACULTAD DE CIENCIAS NATURALES Y MATEMÁTICAS,False,0.36,TECNICO_DOCENTE_APOYO,True,0,0,0,False,False,,0,,False,False,0,0,False,0,False,,,,,
647955,2,1,TECNICO_DOCENTE_APOYO,DOCENTE,TÉCNICO DE INVESTIGACIÓN 2 (TC),FACULTAD DE INGENIERÍA MECÁNICA Y CIENCIAS DE LA PRODUCCIÓN,True,0.28,TECNICO_DOCENTE_APOYO,True,0,0,0,False,False,,0,,False,False,0,0,False,0,False,,,,,
647957,2,1,TECNICO_DOCENTE_APOYO,DOCENTE,TÉCNICO DE LABORATORIO 1 (TC),FACULTAD DE CIENCIAS DE LA VIDA,False,0.13,TECNICO_DOCENTE_APOYO,True,0,0,0,False,False,,0,,False,False,0,0,False,0,False,,,,,
647968,2,1,TECNICO_DOCENTE_APOYO,DOCENTE,TÉCNICO DE INVESTIGACIÓN 1 (TC),FACULTAD DE CIENCIAS DE LA VIDA,False,0.26,TECNICO_DOCENTE_APOYO,True,0,0,0,False,False,,0,,False,False,0,0,False,0,False,,,,,
648005,2,2,DOCENTE_NO_TITULAR_OCASIONAL,DOCENTE,PROFESOR NO TITULAR OCASIONAL (TC),FACULTAD DE INGENIERÍA MECÁNICA Y CIENCIAS DE LA PRODUCCIÓN,True,2.94,TECNICO_DOCENTE_APOYO,False,1,0,0,False,False,2.94,0,,False,False,0,0,False,0,False,,,,,
648036,1,1,TECNICO_DOCENTE_APOYO,DOCENTE,TÉCNICO DOCENTE 1 (TC),FACULTAD DE INGENIERÍA MARÍTIMA Y CIENCIAS DEL MAR,False,1.28,TECNICO_DOCENTE_APOYO,True,0,0,0,False,False,,0,,False,False,0,0,False,0,False,,,,,
648047,2,1,TECNICO_DOCENTE_APOYO,DOCENTE,TÉCNICO DE INVESTIGACIÓN 1 (TC),CENTRO DE TECNOLOGÍAS DE LA INFORMACIÓN,False,0.24,TECNICO_DOCENTE_APOYO,True,0,0,0,False,False,,0,,False,False,0,0,False,0,False,,,,,
648076,1,1,TECNICO_DOCENTE_APOYO,DOCENTE,TÉCNICO DE INVESTIGACIÓN 1 (TC),FACULTAD DE CIENCIAS SOCIALES Y HUMANÍSTICAS,False,2.56,TECNICO_DOCENTE_APOYO,True,0,0,0,False,False,,0,,False,False,0,0,False,0,False,,,,,
648129,2,2,PROFESIONAL_ANALISTA,ADMINISTRATIVO,ANALISTA DE SOPORTE TÉCNICO,FACULTAD DE INGENIERÍA EN ELECTRICIDAD Y COMPUTACIÓN,True,4.45,ASISTENCIA_SECRETARIAL_OFICINA,False,1,0,0,False,False,4.45,0,,False,False,0,0,False,0,False,,,,,
648247,1,1,TECNICO_DOCENTE_APOYO,DOCENTE,TÉCNICO DE INVESTIGACIÓN 1 (TC),FACULTAD DE INGENIERÍA EN CIENCIAS DE LA TIERRA,False,0.24,TECNICO_DOCENTE_APOYO,True,0,0,0,False,False,,0,,False,False,0,0,False,0,False,,,,,
648262,1,1,TECNICO_DOCENTE_APOYO,DOCENTE,TÉCNICO DE INVESTIGACIÓN 1 (TC),FACULTAD DE INGENIERÍA EN CIENCIAS DE LA TIERRA,False,0.4,TECNICO_DOCENTE_APOYO,True,0,0,0,False,False,,0,,False,False,0,0,False,0,False,,,,,
648265,1,1,TECNICO_DOCENTE_APOYO,DOCENTE,TÉCNICO DE INVESTIGACIÓN 1 (TC),DECANATO DE INVESTIGACIÓN,False,0.84,TECNICO_DOCENTE_APOYO,True,0,0,0,False,False,,0,,False,False,0,0,False,0,False,,,,,
648267,2,2,TECNICO_DOCENTE_APOYO,DOCENTE,TÉCNICO DOCENTE 1 (TC),FACULTAD DE CIENCIAS NATURALES Y MATEMÁTICAS,True,1.3,TECNICO_OPERATIVO_MANTENIMIENTO,False,1,1,0,True,False,1.3,0,,False,False,0,0,False,0,False,,,,,
648282,1,1,TECNICO_DOCENTE_APOYO,DOCENTE,TÉCNICO DE INVESTIGACIÓN 1 (TC),CENTRO DE INVESTIGACIONES BIOTECNOLÓGICAS DEL ECUADOR,False,1.49,TECNICO_DOCENTE_APOYO,True,0,0,0,False,False,,0,,False,False,0,0,False,0,False,,,,,
648427,2,1,TECNICO_DOCENTE_APOYO,DOCENTE,TÉCNICO DOCENTE 1 (TC),FACULTAD DE INGENIERÍA MARÍTIMA Y CIENCIAS DEL MAR,False,0.99,TECNICO_DOCENTE_APOYO,True,0,0,0,False,False,,0,,False,False,0,0,False,0,False,,,,,
648455,1,1,TECNICO_DOCENTE_APOYO,DOCENTE,TÉCNICO DE INVESTIGACIÓN 2 (TC),CENTRO NACIONAL DE ACUICULTURA E INVESTIGACIONES MARINAS,True,4.45,TECNICO_DOCENTE_APOYO,True,0,0,0,False,False,,0,,False,False,0,0,False,0,False,,,,,
648513,1,1,TECNICO_DOCENTE_APOYO,DOCENTE,TÉCNICO DOCENTE 3 (TC),DIRECCIÓN DE ADMISIONES,False,0.28,TECNICO_DOCENTE_APOYO,True,0,0,0,False,False,,0,,False,False,0,0,False,0,False,,,,,
648569,1,1,PROFESIONAL_ANALISTA,ADMINISTRATIVO,ANALISTA DE SERVICIOS GENERALES,FACULTAD DE INGENIERÍA MECÁNICA Y CIENCIAS DE LA PRODUCCIÓN,False,1.08,PROFESIONAL_ANALISTA,True,0,0,0,False,False,,0,,False,False,0,0,False,0,False,,,,,
648615,3,1,DOCENTE_NO_TITULAR_OCASIONAL,DOCENTE,PROFESOR NO TITULAR OCASIONAL (TC),"FACULTAD DE ARTE, DISEÑO Y COMUNICACIÓN AUDIOVISUAL",False,2.94,DOCENTE_NO_TITULAR_OCASIONAL,True,0,0,0,False,False,,2,AUTORIDAD_ADMINISTRATIVA_SUPERIOR,True,False,0,0,False,0,False,,,,,
648616,2,1,DOCENTE_NO_TITULAR_OCASIONAL,DOCENTE,PROFESOR NO TITULAR OCASIONAL (TC),DECANATO DE GRADO,False,4.41,DOCENTE_NO_TITULAR_OCASIONAL,True,0,0,0,False,False,,2,TECNICO_OPERATIVO_MANTENIMIENTO,True,False,0,0,False,0,False,,SERVICIOS PROFESIONALES - EJECUCIÓN DE ACTIVIDADES,GERENCIA DE BIENESTAR POLITÉCNICO,CONTRATO_SERVICIOS_PROFESIONALES_PROYECTO,ADMINISTRATIVO
648617,2,2,DOCENTE_TITULAR_CARRERA,DOCENTE,PROFESOR TITULAR AGREGADO 2 (TC),FACULTAD DE INGENIERÍA MECÁNICA Y CIENCIAS DE LA PRODUCCIÓN,True,10.11,DOCENTE_NO_TITULAR_OCASIONAL,False,1,0,0,False,False,10.11,0,,False,True,2,1,False,0,True,JEFATURA_SUPERVISION_OPERATIVA,,,,
648623,2,2,DOCENTE_TITULAR_CARRERA,DOCENTE,PROFESOR TITULAR AGREGADO 3 (TC),FACULTAD DE CIENCIAS DE LA VIDA,True,10.11,DOCENTE_NO_TITULAR_OCASIONAL,False,1,0,0,False,False,10.11,1,AUTORIDAD_ACADEMICA_SUPERIOR,True,True,13,2,True,4,True,JEFATURA_SUPERVISION_OPERATIVA,,,,
648638,3,3,TECNICO_DOCENTE_APOYO,DOCENTE,TECNICO DOCENTE 4,DECANATO DE GRADO,False,2.37,TECNICO_OPERATIVO_MANTENIMIENTO,False,2,1,0,True,False,8.69,0,,False,False,0,0,False,0,False,,,,,
648639,2,1,DOCENTE_NO_TITULAR_OCASIONAL,DOCENTE,PROFESOR NO TITULAR OCASIONAL (TC),VICERRECTORADO ACADÉMICO,False,4.78,DOCENTE_NO_TITULAR_OCASIONAL,True,0,0,0,False,False,,0,,False,False,0,0,False,0,False,,,,,
648642,2,2,ASISTENCIA_SECRETARIAL_OFICINA,ADMINISTRATIVO,ASISTENTE DE ACTIVOS FIJOS,DIRECCIÓN DE ADMISIONES,True,11.69,AUXILIAR_AYUDANTE_OPERATIVO,False,1,0,0,False,False,11.69,0,,False,False,0,0,False,0,False,,,,,
648667,1,1,TECNICO_DOCENTE_APOYO,DOCENTE,TÉCNICO DOCENTE 1 (TC),FACULTAD DE INGENIERÍA EN ELECTRICIDAD Y COMPUTACIÓN,False,6.12,TECNICO_DOCENTE_APOYO,True,0,0,0,False,False,,0,,False,True,1,1,False,0,True,JEFATURA_SUPERVISION_OPERATIVA,,,,
648694,3,2,DOCENTE_TITULAR_CARRERA,DOCENTE,PROFESOR TITULAR AUXILIAR 2 (TC),"FACULTAD DE ARTE, DISEÑO Y COMUNICACIÓN AUDIOVISUAL",True,10.11,DOCENTE_TITULAR_CARRERA,False,2,0,0,False,False,10.11,0,,False,False,0,0,False,0,False,,,,,
648710,1,1,DOCENTE_NO_TITULAR_OCASIONAL,DOCENTE,PROFESOR NO TITULAR OCASIONAL (MT),FACULTAD DE CIENCIAS SOCIALES Y HUMANÍSTICAS,False,7.38,DOCENTE_NO_TITULAR_OCASIONAL,True,0,0,0,False,False,,0,,False,False,0,0,False,0,False,,,,,
648757,3,2,JEFATURA_SUPERVISION_OPERATIVA,ADMINISTRATIVO,COORDINACIÓN DE POLÍTICAS INSTITUCIONALES Y RESPONSABILIDAD SOCIAL,RECTORADO,True,1.61,PROFESIONAL_ANALISTA,False,1,0,0,False,False,1.61,1,AUTORIDAD_ADMINISTRATIVA_SUPERIOR,True,True,1,1,False,0,False,AUTORIDAD_ADMINISTRATIVA_SUPERIOR,,,,
648765,2,1,PROFESIONAL_ANALISTA,ADMINISTRATIVO,ANALISTA DE LABORATORIO DE INVESTIGACIÓN 3,CENTRO NACIONAL DE ACUICULTURA E INVESTIGACIONES MARINAS,True,10.78,PROFESIONAL_ANALISTA,True,0,0,0,False,False,,1,TECNICO_OPERATIVO_MANTENIMIENTO,True,False,0,0,False,0,False,,,,,
648775,1,1,TECNICO_DOCENTE_APOYO,DOCENTE,TÉCNICO DE INVESTIGACIÓN 1 (TC),FACULTAD DE CIENCIAS NATURALES Y MATEMÁTICAS,False,0.11,TECNICO_DOCENTE_APOYO,True,0,0,0,False,False,,0,,False,False,0,0,False,0,False,,,,,
648778,2,1,TECNICO_DOCENTE_APOYO,DOCENTE,TÉCNICO DOCENTE 3 (TC),DIRECCIÓN DE ADMISIONES,True,0.44,TECNICO_DOCENTE_APOYO,True,0,0,0,False,False,,0,,False,False,0,0,False,0,False,,,,,
648810,1,1,TECNICO_DOCENTE_APOYO,DOCENTE,TÉCNICO DE LABORATORIO 1 (TC),FACULTAD DE CIENCIAS DE LA VIDA,False,0.24,TECNICO_DOCENTE_APOYO,True,0,0,0,False,False,,0,,False,False,0,0,False,0,False,,,,,
648841,1,1,TECNICO_DOCENTE_APOYO,DOCENTE,TÉCNICO DE INVESTIGACIÓN 1 (TC),DECANATO DE INVESTIGACIÓN,False,0.25,TECNICO_DOCENTE_APOYO,True,0,0,0,False,False,,0,,False,False,0,0,False,0,False,,,,,
648866,2,2,PROFESIONAL_ANALISTA,ADMINISTRATIVO,ANALISTA DE SOPORTE TÉCNICO,GERENCIA DE TECNOLOGÍAS Y SISTEMAS DE INFORMACIÓN,True,4.61,AUXILIAR_AYUDANTE_OPERATIVO,False,1,0,0,False,False,4.61,1,ASISTENCIA_SECRETARIAL_OFICINA,True,False,0,0,False,0,False,,,,,
648983,2,2,TECNICO_DOCENTE_APOYO,DOCENTE,TÉCNICO DOCENTE 1 (TC),"FACULTAD DE ARTE, DISEÑO Y COMUNICACIÓN AUDIOVISUAL",True,0.32,ASISTENCIA_SECRETARIAL_OFICINA,False,1,1,0,True,False,0.32,1,ASISTENCIA_SECRETARIAL_OFICINA,True,True,1,1,False,0,True,OTROS_AA,,,,
649043,1,1,PROFESIONAL_ANALISTA,ADMINISTRATIVO,ANALISTA ADMINISTRATIVO,DIRECCIÓN DE SERVICIOS GENERALES,True,3.69,PROFESIONAL_ANALISTA,True,0,0,0,False,False,,1,AUTORIDAD_ADMINISTRATIVA_SUPERIOR,True,True,4,1,True,4,True,OTROS_AA,,,,
649047,3,2,TECNICO_DOCENTE_APOYO,DOCENTE,TÉCNICO DOCENTE 4 (MT),DECANATO DE GRADO,False,2.75,DOCENTE_NO_TITULAR_OCASIONAL,False,1,0,0,False,False,8.69,1,TECNICO_OPERATIVO_MANTENIMIENTO,True,False,0,0,False,0,False,,SERVICIOS PROFESIONALES - EJECUCIÓN DE ACTIVIDADES,VICERRECTORADO DE DOCENCIA,CONTRATO_SERVICIOS_PROFESIONALES_PROYECTO,ADMINISTRATIVO
649051,1,1,TECNICO_OPERATIVO_MANTENIMIENTO,ADMINISTRATIVO,TÈCNICO DE MANTENIMIENTO,CENTRO NACIONAL DE ACUICULTURA E INVESTIGACIONES MARINAS,True,12.11,TECNICO_OPERATIVO_MANTENIMIENTO,True,0,0,0,False,False,,0,,False,False,0,0,False,0,False,,,,,
649060,2,2,PROFESIONAL_ANALISTA,ADMINISTRATIVO,ANALISTA DE COMPRAS PÚBLICAS 2,DESCONOCIDA,False,1.0,AUXILIAR_AYUDANTE_OPERATIVO,False,1,0,0,False,False,11.69,0,,False,False,0,0,False,0,False,,SERVICIOS PROFESIONALES - EJECUCIÓN DE ACTIVIDADES,DIRECCIÓN DE ADQUISICIONES,CONTRATO_SERVICIOS_PROFESIONALES_PROYECTO,ADMINISTRATIVO
649137,1,1,ASISTENCIA_SECRETARIAL_OFICINA,ADMINISTRATIVO,ASISTENTE EJECUTIVA 3,FACULTAD DE CIENCIAS SOCIALES Y HUMANÍSTICAS,True,12.11,ASISTENCIA_SECRETARIAL_OFICINA,True,0,0,0,False,False,,0,,False,False,0,0,False,0,False,,,,,
649148,33,2,ASISTENCIA_SECRETARIAL_OFICINA,ADMINISTRATIVO,ASISTENTE DE LABORATORIO DE INVESTIGACIÓN,CENTRO NACIONAL DE ACUICULTURA E INVESTIGACIONES MARINAS,True,0.04,OTROS_AA,False,1,0,0,False,False,11.69,0,,False,False,0,0,False,0,False,,,,,
649157,2,2,TECNICO_OPERATIVO_MANTENIMIENTO,ADMINISTRATIVO,TÈCNICO DE OPERACIÒN Y MANTENIMIENTO DE MAQUINARIA Y/O EQUIPOS/TÈCNICO DE OPERACIONES,CENTRO DE INVESTIGACIONES BIOTECNOLÓGICAS DEL ECUADOR,True,3.69,AUXILIAR_AYUDANTE_OPERATIVO,False,1,0,0,False,False,3.69,1,AUXILIAR_AYUDANTE_OPERATIVO,True,False,0,0,False,0,False,,,,,
649184,28,3,AUTORIDAD_ACADEMICA_SUPERIOR,DOCENTE,DECANO(A),FACULTAD DE INGENIERÍA MECÁNICA Y CIENCIAS DE LA PRODUCCIÓN,True,0.03,DOCENTE_NO_TITULAR_OCASIONAL,False,4,0,0,False,False,0.97,1,AUTORIDAD_ACADEMICA_SUPERIOR,True,True,3,2,True,1,True,OTROS_AA,,,,
649206,2,1,DOCENTE_NO_TITULAR_OCASIONAL,DOCENTE,PROFESOR NO TITULAR OCASIONAL (TC),FACULTAD DE INGENIERÍA MARÍTIMA Y CIENCIAS DEL MAR,False,6.67,DOCENTE_NO_TITULAR_OCASIONAL,True,0,0,0,False,False,,0,,False,False,0,0,False,0,False,,,,,
649207,2,2,DOCENTE_TITULAR_CARRERA,DOCENTE,PROFESOR TITULAR AGREGADO 1 (TC),FACULTAD DE CIENCIAS DE LA VIDA,True,5.11,DOCENTE_NO_TITULAR_OCASIONAL,False,1,0,0,False,False,5.11,0,,False,True,2,1,True,1,True,OTROS_AA,,,,
649239,4,2,AUTORIDAD_ACADEMICA_SUPERIOR,DOCENTE,SUBDECANO(A),ESCUELA DE POSTGRADO EN ADMINISTRACIÓN DE EMPRESAS,True,0.03,DOCENTE_TITULAR_CARRERA,False,1,0,0,False,False,0.07,0,,False,True,8,3,True,3,True,OTROS_AA,,,,
649245,13,2,DOCENTE_TITULAR_CARRERA,DOCENTE,PROFESOR TITULAR AGREGADO 1 (TC),FACULTAD DE INGENIERÍA MECÁNICA Y CIENCIAS DE LA PRODUCCIÓN,True,0.93,DOCENTE_NO_TITULAR_OCASIONAL,False,1,0,0,False,False,5.11,0,,False,True,1,1,False,0,True,OTROS_AA,,,,
649255,1,1,DOCENTE_NO_TITULAR_OCASIONAL,DOCENTE,PROFESOR NO TITULAR OCASIONAL (TC),FACULTAD DE INGENIERÍA EN ELECTRICIDAD Y COMPUTACIÓN,True,10.95,DOCENTE_NO_TITULAR_OCASIONAL,True,0,0,0,False,False,,0,,False,True,4,1,False,0,True,JEFATURA_SUPERVISION_OPERATIVA,SERVICIOS PROFESIONALES - EJECUCIÓN DE ACTIVIDADES,CENTRO DE TECNOLOGÍAS DE LA INFORMACIÓN,CONTRATO_SERVICIOS_PROFESIONALES_PROYECTO,ADMINISTRATIVO
649260,2,1,DOCENTE_NO_TITULAR_OCASIONAL,DOCENTE,PROFESOR NO TITULAR OCASIONAL (TC),DECANATO DE GRADO,False,9.07,DOCENTE_NO_TITULAR_OCASIONAL,True,0,0,0,False,False,,1,TECNICO_OPERATIVO_MANTENIMIENTO,True,True,3,1,False,0,True,JEFATURA_SUPERVISION_OPERATIVA,,,,
649282,4,1,DOCENTE_NO_TITULAR_OCASIONAL,DOCENTE,PROFESOR NO TITULAR OCASIONAL (TP),FACULTAD DE INGENIERÍA EN CIENCIAS DE LA TIERRA,True,0.34,DOCENTE_NO_TITULAR_OCASIONAL,True,0,0,0,False,False,,0,,False,False,0,0,False,0,False,,,,,
649294,10,1,DOCENTE_NO_TITULAR_OCASIONAL,DOCENTE,PROFESOR NO TITULAR OCASIONAL (MT),FACULTAD DE CIENCIAS SOCIALES Y HUMANÍSTICAS,False,0.29,DOCENTE_NO_TITULAR_OCASIONAL,True,0,0,0,False,False,,1,TECNICO_OPERATIVO_MANTENIMIENTO,True,False,0,0,False,0,False,,,,,
649313,2,2,PROFESIONAL_ANALISTA,ADMINISTRATIVO,ANALISTA CONTABLE 1,GERENCIA FINANCIERA,True,11.61,AUXILIAR_AYUDANTE_OPERATIVO,False,1,0,0,False,False,11.61,0,,False,False,0,0,False,0,False,,,,,
649335,2,2,DOCENTE_NO_TITULAR_OCASIONAL,DOCENTE,PROFESOR NO TITULAR OCASIONAL (TC),FACULTAD DE CIENCIAS SOCIALES Y HUMANÍSTICAS,True,10.41,TECNICO_OPERATIVO_MANTENIMIENTO,False,1,1,0,True,False,10.41,1,TECNICO_OPERATIVO_MANTENIMIENTO,True,False,0,0,False,0,False,,,,,
649338,4,3,DOCENTE_NO_TITULAR_OCASIONAL,DOCENTE,PROFESOR NO TITULAR OCASIONAL (TC),FACULTAD DE CIENCIAS SOCIALES Y HUMANÍSTICAS,False,4.53,TECNICO_OPERATIVO_MANTENIMIENTO,False,3,1,0,True,False,8.03,0,,False,False,0,0,False,0,False,,,,,
649373,1,1,TECNICO_DOCENTE_APOYO,DOCENTE,TÉCNICO DE INVESTIGACIÓN 1 (TC),FACULTAD DE INGENIERÍA MECÁNICA Y CIENCIAS DE LA PRODUCCIÓN,True,0.34,TECNICO_DOCENTE_APOYO,True,0,0,0,False,False,,0,,False,False,0,0,False,0,False,,,,,
649377,3,3,DOCENTE_NO_TITULAR_OCASIONAL,DOCENTE,PROFESOR NO TITULAR OCASIONAL (TC),FACULTAD DE CIENCIAS SOCIALES Y HUMANÍSTICAS,True,10.41,TECNICO_DOCENTE_APOYO,False,2,1,1,True,True,10.41,0,,False,True,1,1,False,0,True,JEFATURA_SUPERVISION_OPERATIVA,,,,
649383,2,1,TECNICO_DOCENTE_APOYO,DOCENTE,TÉCNICO DOCENTE 3 (TC),DIRECCIÓN DE ADMISIONES,True,0.34,TECNICO_DOCENTE_APOYO,True,0,0,0,False,False,,0,,False,False,0,0,False,0,False,,,,,
649396,1,1,TECNICO_DOCENTE_APOYO,DOCENTE,TÉCNICO DE LABORATORIO 1 (TC),FACULTAD DE INGENIERÍA MECÁNICA Y CIENCIAS DE LA PRODUCCIÓN,True,0.97,TECNICO_DOCENTE_APOYO,True,0,0,0,False,False,,0,,False,False,0,0,False,0,False,,,,,
649398,1,1,TECNICO_DOCENTE_APOYO,DOCENTE,TÉCNICO DE INVESTIGACIÓN 1 (TC),FACULTAD DE INGENIERÍA EN ELECTRICIDAD Y COMPUTACIÓN,False,1.41,TECNICO_DOCENTE_APOYO,True,0,0,0,False,False,,0,,False,False,0,0,False,0,False,,,,,
649411,1,1,TECNICO_DOCENTE_APOYO,DOCENTE,TÉCNICO DOCENTE 1 (TC),FACULTAD DE INGENIERÍA MARÍTIMA Y CIENCIAS DEL MAR,True,1.95,TECNICO_DOCENTE_APOYO,True,0,0,0,False,False,,0,,False,False,0,0,False,0,False,,,,,
649436,1,1,TECNICO_DOCENTE_APOYO,DOCENTE,TÉCNICO DOCENTE 1 (TC),FACULTAD DE INGENIERÍA EN ELECTRICIDAD Y COMPUTACIÓN,False,0.38,TECNICO_DOCENTE_APOYO,True,0,0,0,False,False,,0,,False,False,0,0,False,0,False,,,,,
649460,1,1,TECNICO_DOCENTE_APOYO,DOCENTE,TÉCNICO DE INVESTIGACIÓN 1 (TC),FACULTAD DE CIENCIAS NATURALES Y MATEMÁTICAS,False,1.51,TECNICO_DOCENTE_APOYO,True,0,0,0,False,False,,0,,False,False,0,0,False,0,False,,,,,
649516,2,2,DOCENTE_NO_TITULAR_OCASIONAL,DOCENTE,PROFESOR NO TITULAR OCASIONAL (TC),FACULTAD DE INGENIERÍA EN ELECTRICIDAD Y COMPUTACIÓN,True,1.95,TECNICO_DOCENTE_APOYO,False,1,0,0,False,False,1.95,0,,False,True,1,1,False,0,True,JEFATURA_SUPERVISION_OPERATIVA,PRESTACIÓN SERVICIOS PROFESIONALES,DESCONOCIDA,DOCENTE_CONTRATADO_SERVICIOS_CIVILES,DOCENTE
649573,1,1,TECNICO_DOCENTE_APOYO,DOCENTE,TÉCNICO DOCENTE 1 (TC),FACULTAD DE INGENIERÍA MARÍTIMA Y CIENCIAS DEL MAR,True,3.84,TECNICO_DOCENTE_APOYO,True,0,0,0,False,False,,0,,False,False,0,0,False,0,False,,,,,
649590,1,1,TECNICO_OPERATIVO_MANTENIMIENTO,ADMINISTRATIVO,TÉCNICOS ESPECIALIZADOS - EJECUCIÓN DE PROYECTOS,DECANATO DE INVESTIGACIÓN,False,0.75,TECNICO_OPERATIVO_MANTENIMIENTO,True,0,0,0,False,False,,0,,False,False,0,0,False,0,False,,,,,
649592,1,1,TECNICO_DOCENTE_APOYO,DOCENTE,TÉCNICO DE INVESTIGACIÓN 1 (TC),FACULTAD DE CIENCIAS DE LA VIDA,False,4.82,TECNICO_DOCENTE_APOYO,True,0,0,0,False,False,,0,,False,False,0,0,False,0,False,,,,,
649600,1,1,TECNICO_DOCENTE_APOYO,DOCENTE,TÉCNICO DE LABORATORIO 1 (TC),FACULTAD DE CIENCIAS DE LA VIDA,False,0.24,TECNICO_DOCENTE_APOYO,True,0,0,0,False,False,,0,,False,False,0,0,False,0,False,,,,,
649602,1,1,TECNICO_DOCENTE_APOYO,DOCENTE,TÉCNICO DE LABORATORIO 1 (TC),FACULTAD DE INGENIERÍA MECÁNICA Y CIENCIAS DE LA PRODUCCIÓN,False,0.24,TECNICO_DOCENTE_APOYO,True,0,0,0,False,False,,0,,False,False,0,0,False,0,False,,,,,
649603,2,1,TECNICO_OPERATIVO_MANTENIMIENTO,ADMINISTRATIVO,TÉCNICOS ESPECIALIZADOS - EJECUCIÓN DE PROYECTOS,FACULTAD DE INGENIERÍA MARÍTIMA Y CIENCIAS DEL MAR,False,0.01,TECNICO_OPERATIVO_MANTENIMIENTO,True,0,0,0,False,False,,0,,False,False,0,0,False,0,False,,,,,
649629,1,1,ASISTENCIA_SECRETARIAL_OFICINA,ADMINISTRATIVO,ASISTENTE DE SOPORTE TÉCNICO,"FACULTAD DE ARTE, DISEÑO Y COMUNICACIÓN AUDIOVISUAL",True,6.44,ASISTENCIA_SECRETARIAL_OFICINA,True,0,0,0,False,False,,0,,False,False,0,0,False,0,False,,,,,
649630,1,1,ASISTENCIA_SECRETARIAL_OFICINA,ADMINISTRATIVO,ASISTENTE DE SOPORTE TÉCNICO,GERENCIA DE TECNOLOGÍAS Y SISTEMAS DE INFORMACIÓN,False,2.97,ASISTENCIA_SECRETARIAL_OFICINA,True,0,0,0,False,False,,0,,False,False,0,0,False,0,False,,SERVICIOS PROFESIONALES - EJECUCIÓN DE ACTIVIDADES,GERENCIA DE TECNOLOGÍAS Y SISTEMAS DE INFORMACIÓN,CONTRATO_SERVICIOS_PROFESIONALES_PROYECTO,ADMINISTRATIVO
649631,1,1,TECNICO_DOCENTE_APOYO,DOCENTE,TÉCNICO DE LABORATORIO 1 (TC),FACULTAD DE INGENIERÍA MECÁNICA Y CIENCIAS DE LA PRODUCCIÓN,False,0.13,TECNICO_DOCENTE_APOYO,True,0,0,0,False,False,,0,,False,False,0,0,False,0,False,,,,,
649634,1,1,TECNICO_DOCENTE_APOYO,DOCENTE,TÉCNICO DOCENTE 3 (MT),DIRECCIÓN DE ADMISIONES,False,0.22,TECNICO_DOCENTE_APOYO,True,0,0,0,False,False,,0,,False,False,0,0,False,0,False,,SERVICIOS PROFESIONALES - EJECUCIÓN DE ACTIVIDADES,SECRETARÍA TÉCNICA DE ASEGURAMIENTO DE LA CALIDAD,CONTRATO_SERVICIOS_PROFESIONALES_PROYECTO,ADMINISTRATIVO
649635,1,1,TECNICO_DOCENTE_APOYO,DOCENTE,TÉCNICO DE INVESTIGACIÓN 1 (TC),CENTRO NACIONAL DE ACUICULTURA E INVESTIGACIONES MARINAS,True,1.81,TECNICO_DOCENTE_APOYO,True,0,0,0,False,False,,0,,False,False,0,0,False,0,False,,,,,
649650,1,1,TECNICO_DOCENTE_APOYO,DOCENTE,TÉCNICO DE INVESTIGACIÓN 2 (TC),CENTRO DE INVESTIGACIÓN Y PROYECTOS APLICADOS A LAS CIENCIAS DE LA TIERRA,True,3.13,TECNICO_DOCENTE_APOYO,True,0,0,0,False,False,,0,,False,False,0,0,False,0,False,,,,,
649656,1,1,DOCENTE_NO_TITULAR_OCASIONAL,DOCENTE,PROFESOR NO TITULAR OCASIONAL (TC),FACULTAD DE INGENIERÍA EN CIENCIAS DE LA TIERRA,True,2.94,DOCENTE_NO_TITULAR_OCASIONAL,True,0,0,0,False,False,,0,,False,True,4,1,False,0,True,JEFATURA_SUPERVISION_OPERATIVA,,,,
649663,1,1,TECNICO_DOCENTE_APOYO,DOCENTE,TÉCNICO DE LABORATORIO 1 (TC),FACULTAD DE INGENIERÍA EN CIENCIAS DE LA TIERRA,False,1.4,TECNICO_DOCENTE_APOYO,True,0,0,0,False,False,,0,,False,False,0,0,False,0,False,,,,,
649708,1,1,TECNICO_DOCENTE_APOYO,DOCENTE,TÉCNICO DOCENTE 1 (TC),FACULTAD DE INGENIERÍA EN ELECTRICIDAD Y COMPUTACIÓN,False,1.21,TECNICO_DOCENTE_APOYO,True,0,0,0,False,False,,0,,False,False,0,0,False,0,False,,,,,
649715,1,1,TECNICO_DOCENTE_APOYO,DOCENTE,TÉCNICO DOCENTE 1 (TC),FACULTAD DE INGENIERÍA EN ELECTRICIDAD Y COMPUTACIÓN,False,1.37,TECNICO_DOCENTE_APOYO,True,0,0,0,False,False,,0,,False,True,1,1,False,0,True,JEFATURA_SUPERVISION_OPERATIVA,,,,
649778,3,2,DOCENTE_NO_TITULAR_OCASIONAL,DOCENTE,PROFESOR NO TITULAR OCASIONAL (TC),FACULTAD DE CIENCIAS NATURALES Y MATEMÁTICAS,True,0.32,TECNICO_DOCENTE_APOYO,False,1,0,0,False,False,0.32,0,,False,False,0,0,False,0,False,,,,,
649788,2,2,TECNICO_DOCENTE_APOYO,DOCENTE,TÉCNICO DE INVESTIGACIÓN 1 (TC),FACULTAD DE INGENIERÍA EN CIENCIAS DE LA TIERRA,False,0.19,TECNICO_OPERATIVO_MANTENIMIENTO,False,1,1,0,True,False,2.89,0,,False,False,0,0,False,0,False,,,,,
649825,1,1,TECNICO_OPERATIVO_MANTENIMIENTO,ADMINISTRATIVO,TÉCNICOS ESPECIALIZADOS - EJECUCIÓN DE PROYECTOS,CENTRO DE EMPRENDIMIENTO E INNOVACIÓN I3LAB,False,0.0,TECNICO_OPERATIVO_MANTENIMIENTO,True,0,0,0,False,False,,0,,False,False,0,0,False,0,False,,,,,
649827,2,2,TECNICO_DOCENTE_APOYO,DOCENTE,TÉCNICO DE INVESTIGACIÓN 1 (TC),FACULTAD DE INGENIERÍA EN ELECTRICIDAD Y COMPUTACIÓN,False,1.22,TECNICO_OPERATIVO_MANTENIMIENTO,False,1,1,0,True,False,5.05,0,,False,False,0,0,False,0,False,,,,,
649829,1,1,TECNICO_DOCENTE_APOYO,DOCENTE,TÉCNICO DOCENTE 3 (TC),DIRECCIÓN DE ADMISIONES,False,0.24,TECNICO_DOCENTE_APOYO,True,0,0,0,False,False,,0,,False,False,0,0,False,0,False,,,,,
649836,1,1,TECNICO_DOCENTE_APOYO,DOCENTE,TÉCNICO DE INVESTIGACIÓN 1 (TC),FACULTAD DE INGENIERÍA MARÍTIMA Y CIENCIAS DEL MAR,False,2.96,TECNICO_DOCENTE_APOYO,True,0,0,0,False,False,,0,,False,False,0,0,False,0,False,,,,,
649921,1,1,TECNICO_DOCENTE_APOYO,DOCENTE,TÉCNICO DOCENTE 3 (MT),DIRECCIÓN DE ADMISIONES,False,0.24,TECNICO_DOCENTE_APOYO,True,0,0,0,False,False,,0,,False,False,0,0,False,0,False,,,,,
649959,1,1,TECNICO_DOCENTE_APOYO,DOCENTE,TÉCNICO DE INVESTIGACIÓN 1 (TC),"VICERRECTORADO DE INVESTIGACIÓN, DESARROLLO E INNOVACIÓN",True,3.13,TECNICO_DOCENTE_APOYO,True,0,0,0,False,False,,0,,False,False,0,0,False,0,False,,,,,
650090,1,1,TECNICO_DOCENTE_APOYO,DOCENTE,TÉCNICO DE INVESTIGACIÓN 2 (TC),FACULTAD DE CIENCIAS SOCIALES Y HUMANÍSTICAS,False,1.64,TECNICO_DOCENTE_APOYO,True,0,0,0,False,False,,0,,False,False,0,0,False,0,False,,,,,
650114,1,1,ASISTENCIA_SECRETARIAL_OFICINA,ADMINISTRATIVO,ASISTENTE ADMINISTRATIVO,CENTRO DE INVESTIGACIONES Y SERVICIOS EDUCATIVOS,True,1.68,ASISTENCIA_SECRETARIAL_OFICINA,True,0,0,0,False,False,,0,,False,False,0,0,False,0,False,,,,,
650129,1,1,TECNICO_DOCENTE_APOYO,DOCENTE,TÉCNICO DOCENTE 1 (TC),FACULTAD DE CIENCIAS SOCIALES Y HUMANÍSTICAS,False,1.93,TECNICO_DOCENTE_APOYO,True,0,0,0,False,False,,0,,False,False,0,0,False,0,False,,,,,
650143,1,1,TECNICO_DOCENTE_APOYO,DOCENTE,TÉCNICO DE LABORATORIO 1 (TC),FACULTAD DE INGENIERÍA MECÁNICA Y CIENCIAS DE LA PRODUCCIÓN,True,1.89,TECNICO_DOCENTE_APOYO,True,0,0,0,False,False,,0,,False,False,0,0,False,0,False,,,,,
650162,1,1,TECNICO_DOCENTE_APOYO,DOCENTE,TÉCNICO DE LABORATORIO 1 (TC),FACULTAD DE CIENCIAS NATURALES Y MATEMÁTICAS,True,4.94,TECNICO_DOCENTE_APOYO,True,0,0,0,False,False,,0,,False,False,0,0,False,0,False,,,,,
650168,3,1,TECNICO_DOCENTE_APOYO,DOCENTE,TÉCNICO DOCENTE 3 (TC),DIRECCIÓN DE ADMISIONES,False,0.28,TECNICO_DOCENTE_APOYO,True,0,0,0,False,False,,0,,False,False,0,0,False,0,False,,,,,
650192,1,1,TECNICO_DOCENTE_APOYO,DOCENTE,TÉCNICO DE LABORATORIO 1 (TC),FACULTAD DE CIENCIAS SOCIALES Y HUMANÍSTICAS,False,0.24,TECNICO_DOCENTE_APOYO,True,0,0,0,False,False,,0,,False,False,0,0,False,0,False,,,,,
650194,1,1,ASISTENCIA_SECRETARIAL_OFICINA,ADMINISTRATIVO,ASISTENTE EJECUTIVA 2,FACULTAD DE CIENCIAS SOCIALES Y HUMANÍSTICAS,True,4.36,ASISTENCIA_SECRETARIAL_OFICINA,True,0,0,0,False,False,,0,,False,False,0,0,False,0,False,,,,,
650342,1,1,TECNICO_DOCENTE_APOYO,DOCENTE,TÉCNICO DE INVESTIGACIÓN 1 (TC),CENTRO DE INVESTIGACIONES ECONÓMICAS,False,0.63,TECNICO_DOCENTE_APOYO,True,0,0,0,False,False,,0,,False,False,0,0,False,0,False,,,,,
650462,2,2,ASISTENCIA_SECRETARIAL_OFICINA,ADMINISTRATIVO,ASISTENTE ADMINISTRATIVO,FACULTAD DE INGENIERÍA MARÍTIMA Y CIENCIAS DEL MAR,True,9.86,TECNICO_OPERATIVO_MANTENIMIENTO,False,1,0,0,False,False,9.86,0,,False,False,0,0,False,0,False,,,,,
650463,3,2,PROFESIONAL_ANALISTA,ADMINISTRATIVO,ANALISTA DE LABORATORIO DE INVESTIGACIÓN 2,CENTRO NACIONAL DE ACUICULTURA E INVESTIGACIONES MARINAS,True,10.78,PROFESIONAL_ANALISTA,False,2,0,0,False,False,10.78,0,,False,False,0,0,False,0,False,,,,,
650482,2,1,TECNICO_DOCENTE_APOYO,DOCENTE,TÉCNICO DOCENTE 1 (TC),FACULTAD DE CIENCIAS NATURALES Y MATEMÁTICAS,True,1.95,TECNICO_DOCENTE_APOYO,True,0,0,0,False,False,,0,,False,False,0,0,False,0,False,,,,,
650503,2,2,PROFESIONAL_ANALISTA,ADMINISTRATIVO,ANALISTA ADMINISTRATIVO,"VICERRECTORADO DE INVESTIGACIÓN, DESARROLLO E INNOVACIÓN",True,11.69,ASISTENCIA_SECRETARIAL_OFICINA,False,1,0,0,False,False,11.69,0,,False,False,0,0,False,0,False,,,,,
650513,1,1,AUXILIAR_AYUDANTE_OPERATIVO,ADMINISTRATIVO,AUXILIAR DE SERVICIOS,FACULTAD DE CIENCIAS DE LA VIDA,True,7.53,AUXILIAR_AYUDANTE_OPERATIVO,True,0,0,0,False,False,,0,,False,False,0,0,False,0,False,,,,,
650523,1,1,PROFESIONAL_ANALISTA,ADMINISTRATIVO,ANALISTA DE INFRAESTRUCTURA FÍSICA 3,DIRECCIÓN DE SERVICIOS GENERALES,True,11.78,PROFESIONAL_ANALISTA,True,0,0,0,False,False,,1,AUTORIDAD_ADMINISTRATIVA_SUPERIOR,True,False,0,0,False,0,False,,,,,
650540,2,1,AUXILIAR_AYUDANTE_OPERATIVO,ADMINISTRATIVO,AUXILIAR DE SERVICIOS,FACULTAD DE CIENCIAS NATURALES Y MATEMÁTICAS,False,7.0,AUXILIAR_AYUDANTE_OPERATIVO,True,0,0,0,False,False,,0,,False,False,0,0,False,0,False,,,,,
650568,6,2,DOCENTE_TITULAR_CARRERA,DOCENTE,PROFESOR TITULAR AUXILIAR 2 (TC),FACULTAD DE INGENIERÍA MARÍTIMA Y CIENCIAS DEL MAR,True,0.05,DOCENTE_NO_TITULAR_OCASIONAL,False,1,0,0,False,False,6.44,0,,False,True,7,2,False,0,True,OTROS_AA,,,,
650613,1,1,TECNICO_DOCENTE_APOYO,DOCENTE,TÉCNICO DE LABORATORIO 1 (TC),FACULTAD DE INGENIERÍA MECÁNICA Y CIENCIAS DE LA PRODUCCIÓN,False,0.24,TECNICO_DOCENTE_APOYO,True,0,0,0,False,False,,0,,False,False,0,0,False,0,False,,,,,
650857,1,1,AUXILIAR_AYUDANTE_OPERATIVO,ADMINISTRATIVO,AUXILIAR DE SERVICIOS,FACULTAD DE CIENCIAS NATURALES Y MATEMÁTICAS,True,11.62,AUXILIAR_AYUDANTE_OPERATIVO,True,0,0,0,False,False,,0,,False,False,0,0,False,0,False,,,,,
650954,4,3,DOCENTE_NO_TITULAR_OCASIONAL,DOCENTE,PROFESOR NO TITULAR OCASIONAL (TC),DECANATO DE GRADO,True,3.53,TECNICO_OPERATIVO_MANTENIMIENTO,False,3,1,0,True,False,3.53,1,TECNICO_OPERATIVO_MANTENIMIENTO,True,False,0,0,False,0,False,,,,,
650956,1,1,PROFESIONAL_ANALISTA,ADMINISTRATIVO,ANALISTA DE INFRAESTRUCTURA FÍSICA 2,GERENCIA DE INFRAESTRUCTURA FÍSICA,True,11.61,PROFESIONAL_ANALISTA,True,0,0,0,False,False,,0,,False,False,0,0,False,0,False,,,,,
650957,1,1,PROFESIONAL_ANALISTA,ADMINISTRATIVO,ANALISTA DE INFRAESTRUCTURA FÍSICA 2,GERENCIA DE INFRAESTRUCTURA FÍSICA,False,10.7,PROFESIONAL_ANALISTA,True,0,0,0,False,False,,0,,False,False,0,0,False,0,False,,,,,
651029,2,2,PROFESIONAL_ANALISTA,ADMINISTRATIVO,ANALISTA DE TALENTO HUMANO 2,DIRECCIÓN DE TALENTO HUMANO,True,10.78,ASISTENCIA_SECRETARIAL_OFICINA,False,1,0,0,False,False,10.78,0,,False,False,0,0,False,0,False,,,,,
651067,2,2,PROFESIONAL_ANALISTA,ADMINISTRATIVO,ANALISTA CONTABLE 1,GERENCIA FINANCIERA,False,0.75,ASISTENCIA_SECRETARIAL_OFICINA,False,1,0,0,False,False,2.69,1,ASISTENCIA_SECRETARIAL_OFICINA,True,False,0,0,False,0,False,,,,,
651069,1,1,PROFESIONAL_ANALISTA,ADMINISTRATIVO,ANALISTA DE TALENTO HUMANO 2,DIRECCIÓN DE TALENTO HUMANO,True,11.59,PROFESIONAL_ANALISTA,True,0,0,0,False,False,,0,,False,False,0,0,False,0,False,,,,,
651104,1,1,DOCENTE_NO_TITULAR_OCASIONAL,DOCENTE,PROFESOR NO TITULAR OCASIONAL (TC),FACULTAD DE CIENCIAS NATURALES Y MATEMÁTICAS,False,2.89,DOCENTE_NO_TITULAR_OCASIONAL,True,0,0,0,False,False,,0,,False,False,0,0,False,0,False,,,,,
651108,50,2,DOCENTE_TITULAR_CARRERA,DOCENTE,PROFESOR TITULAR PRINCIPAL 3 (TC),FACULTAD DE CIENCIAS DE LA VIDA,True,0.05,DOCENTE_TITULAR_CARRERA,False,10,0,0,False,False,2.04,0,,False,True,37,2,True,9,True,AUTORIDAD_ADMINISTRATIVA_SUPERIOR,SERVICIOS PROFESIONALES - EJECUCIÓN DE ACTIVIDADES,SECRETARÍA TÉCNICA DE ASEGURAMIENTO DE LA CALIDAD,CONTRATO_SERVICIOS_PROFESIONALES_PROYECTO,ADMINISTRATIVO
651120,1,1,DOCENTE_TITULAR_CARRERA,DOCENTE,PROFESOR TITULAR PRINCIPAL 3 (TC),FACULTAD DE INGENIERÍA EN ELECTRICIDAD Y COMPUTACIÓN,True,10.11,DOCENTE_TITULAR_CARRERA,True,0,0,0,False,False,,0,,False,True,3,2,False,0,True,AUTORIDAD_ADMINISTRATIVA_SUPERIOR,,,,
651128,4,1,DOCENTE_NO_TITULAR_OCASIONAL,DOCENTE,PROFESOR NO TITULAR OCASIONAL (TC),FACULTAD DE CIENCIAS SOCIALES Y HUMANÍSTICAS,True,0.36,DOCENTE_NO_TITULAR_OCASIONAL,True,0,0,0,False,False,,0,,False,False,0,0,False,0,False,,,,,
651135,1,1,PROFESIONAL_ANALISTA,ADMINISTRATIVO,ANALISTA DE SEGURIDAD Y VIGILANCIA INSTITUCIONAL,DIRECCION DE SEGURIDAD FISICA,True,11.28,PROFESIONAL_ANALISTA,True,0,0,0,False,False,,0,,False,False,0,0,False,0,False,,,,,
651142,1,1,ASISTENCIA_SECRETARIAL_OFICINA,ADMINISTRATIVO,ASISTENTE DE ACTIVOS FIJOS,CENTRO DE INFORMACIÓN BIBLIOTECARIA,True,11.52,ASISTENCIA_SECRETARIAL_OFICINA,True,0,0,0,False,False,,1,PROFESIONAL_ANALISTA,True,False,0,0,False,0,False,,,,,
651144,1,1,TECNICO_DOCENTE_APOYO,DOCENTE,TÉCNICO DE INVESTIGACIÓN 2 (TC),CENTRO NACIONAL DE ACUICULTURA E INVESTIGACIONES MARINAS,False,6.75,TECNICO_DOCENTE_APOYO,True,0,0,0,False,False,,0,,False,False,0,0,False,0,False,,,,,
651206,2,2,PROFESIONAL_ANALISTA,ADMINISTRATIVO,ANALISTA DE LABORATORIO DE INVESTIGACIÓN 2,CENTRO NACIONAL DE ACUICULTURA E INVESTIGACIONES MARINAS,True,10.69,TECNICO_OPERATIVO_MANTENIMIENTO,False,1,0,0,False,False,10.69,0,,False,False,0,0,False,0,False,,,,,
651227,1,1,ASISTENCIA_SECRETARIAL_OFICINA,ADMINISTRATIVO,ASISTENTE DE COMPRAS PÚBLICAS,DIRECCIÓN DE ADQUISICIONES Y SUMINISTROS,False,0.71,ASISTENCIA_SECRETARIAL_OFICINA,True,0,0,0,False,False,,0,,False,False,0,0,False,0,False,,,,,
651268,1,1,DOCENTE_NO_TITULAR_OCASIONAL,DOCENTE,PROFESOR NO TITULAR OCASIONAL (TC),FACULTAD DE CIENCIAS NATURALES Y MATEMÁTICAS,False,5.38,DOCENTE_NO_TITULAR_OCASIONAL,True,0,0,0,False,False,,0,,False,True,3,1,False,0,True,JEFATURA_SUPERVISION_OPERATIVA,,,,
651294,2,2,DOCENTE_TITULAR_CARRERA,DOCENTE,PROFESOR TITULAR AGREGADO 1 (TC),FACULTAD DE CIENCIAS SOCIALES Y HUMANÍSTICAS,True,0.15,DOCENTE_NO_TITULAR_OCASIONAL,False,1,0,0,False,False,0.15,0,,False,False,0,0,False,0,False,,,,,
651295,1,1,DOCENTE_NO_TITULAR_OCASIONAL,DOCENTE,PROFESOR NO TITULAR OCASIONAL (TC),FACULTAD DE CIENCIAS SOCIALES Y HUMANÍSTICAS,False,10.83,DOCENTE_NO_TITULAR_OCASIONAL,True,0,0,0,False,False,,1,TECNICO_OPERATIVO_MANTENIMIENTO,True,True,1,1,False,0,True,JEFATURA_SUPERVISION_OPERATIVA,,,,
651323,2,2,SERVICIOS_GENERALES_OFICIOS,ADMINISTRATIVO,BIBLIOTECARIO,CENTRO DE INFORMACIÓN BIBLIOTECARIA,True,10.53,PROFESIONAL_ANALISTA,False,1,0,0,False,False,10.53,0,,False,False,0,0,False,0,False,,,,,
651324,2,2,SERVICIOS_GENERALES_OFICIOS,ADMINISTRATIVO,BIBLIOTECARIO,CENTRO DE INFORMACIÓN BIBLIOTECARIA,True,9.94,TECNICO_OPERATIVO_MANTENIMIENTO,False,1,0,0,False,False,9.94,0,,False,False,0,0,False,0,False,,,,,
651339,2,2,SERVICIOS_GENERALES_OFICIOS,ADMINISTRATIVO,BIBLIOTECARIO,CENTRO DE INFORMACIÓN BIBLIOTECARIA,True,9.94,TECNICO_OPERATIVO_MANTENIMIENTO,False,1,0,0,False,False,9.94,0,,False,False,0,0,False,0,False,,,,,
651346,6,1,DOCENTE_NO_TITULAR_OCASIONAL,DOCENTE,PROFESOR NO TITULAR OCASIONAL (TC),FACULTAD DE CIENCIAS DE LA VIDA,False,5.24,DOCENTE_NO_TITULAR_OCASIONAL,True,0,0,0,False,False,,0,,False,True,3,1,False,0,True,JEFATURA_SUPERVISION_OPERATIVA,,,,
651347,3,3,TECNICO_DOCENTE_APOYO,DOCENTE,TECNICO DOCENTE 4,ESCUELA DE DISEÑO Y COMUNICACIÓN VISUAL,False,1.99,TECNICO_OPERATIVO_MANTENIMIENTO,False,2,1,0,True,False,8.94,1,TECNICO_OPERATIVO_MANTENIMIENTO,True,False,0,0,False,0,False,,,,,
651350,11,1,DOCENTE_NO_TITULAR_OCASIONAL,DOCENTE,PROFESOR NO TITULAR OCASIONAL (MT),FACULTAD DE INGENIERÍA EN CIENCIAS DE LA TIERRA,False,0.36,DOCENTE_NO_TITULAR_OCASIONAL,True,0,0,0,False,False,,0,,False,False,0,0,False,0,False,,,,,
651366,2,2,DOCENTE_TITULAR_CARRERA,DOCENTE,PROFESOR TITULAR AGREGADO 2 (TC),FACULTAD DE CIENCIAS SOCIALES Y HUMANÍSTICAS,True,6.44,DOCENTE_NO_TITULAR_OCASIONAL,False,1,0,0,False,False,6.44,0,,False,True,1,1,False,0,True,AUTORIDAD_ADMINISTRATIVA_SUPERIOR,,,,
651370,2,1,DOCENTE_NO_TITULAR_OCASIONAL,DOCENTE,PROFESOR NO TITULAR OCASIONAL 1 (TP),FACULTAD DE INGENIERÍA MECÁNICA Y CIENCIAS DE LA PRODUCCIÓN,False,1.41,DOCENTE_NO_TITULAR_OCASIONAL,True,0,0,0,False,False,,0,,False,False,0,0,False,0,False,,PRESTACIÓN SERVICIOS PROFESIONALES,DESCONOCIDA,DOCENTE_CONTRATADO_SERVICIOS_CIVILES,DOCENTE
651372,2,1,DOCENTE_NO_TITULAR_OCASIONAL,DOCENTE,PROFESOR NO TITULAR OCASIONAL (TC),FACULTAD DE CIENCIAS DE LA VIDA,True,8.86,DOCENTE_NO_TITULAR_OCASIONAL,True,0,0,0,False,False,,0,,False,True,2,1,False,0,True,JEFATURA_SUPERVISION_OPERATIVA,,,,
651387,1,1,TECNICO_OPERATIVO_MANTENIMIENTO,ADMINISTRATIVO,TÈCNICO DE MANTENIMIENTO,DIRECCIÓN DE SERVICIOS GENERALES,True,0.62,TECNICO_OPERATIVO_MANTENIMIENTO,True,0,0,0,False,False,,0,,False,False,0,0,False,0,False,,,,,
651451,3,1,TECNICO_OPERATIVO_MANTENIMIENTO,ADMINISTRATIVO,TÉCNICOS ESPECIALIZADOS - EJECUCIÓN DE ACTIVIDADES,RECTORADO,False,0.67,TECNICO_OPERATIVO_MANTENIMIENTO,True,0,0,0,False,False,,0,,False,False,0,0,False,0,False,,,,,
651497,1,1,AUXILIAR_AYUDANTE_OPERATIVO,ADMINISTRATIVO,AUXILIAR DE LABORATORIO (8HD),CENTRO DE INVESTIGACIONES BIOTECNOLÓGICAS DEL ECUADOR,True,8.02,AUXILIAR_AYUDANTE_OPERATIVO,True,0,0,0,False,False,,0,,False,False,0,0,False,0,False,,,,,
651513,1,1,DOCENTE_NO_TITULAR_OCASIONAL,DOCENTE,PROFESOR NO TITULAR OCASIONAL (TC),FACULTAD DE CIENCIAS NATURALES Y MATEMÁTICAS,False,2.08,DOCENTE_NO_TITULAR_OCASIONAL,True,0,0,0,False,False,,0,,False,False,0,0,False,0,False,,,,,
651665,2,1,TECNICO_DOCENTE_APOYO,DOCENTE,TÉCNICO DE LABORATORIO 1 (TC),FACULTAD DE INGENIERÍA EN ELECTRICIDAD Y COMPUTACIÓN,True,1.08,TECNICO_DOCENTE_APOYO,True,0,0,0,False,False,,0,,False,False,0,0,False,0,False,,,,,
651675,1,1,ASISTENCIA_SECRETARIAL_OFICINA,ADMINISTRATIVO,ASISTENTE EJECUTIVA 1,FACULTAD DE INGENIERÍA MARÍTIMA Y CIENCIAS DEL MAR,True,2.61,ASISTENCIA_SECRETARIAL_OFICINA,True,0,0,0,False,False,,0,,False,False,0,0,False,0,False,,,,,
651680,1,1,TECNICO_DOCENTE_APOYO,DOCENTE,TÉCNICO DE LABORATORIO 1 (TC),FACULTAD DE CIENCIAS SOCIALES Y HUMANÍSTICAS,True,0.97,TECNICO_DOCENTE_APOYO,True,0,0,0,False,False,,0,,False,False,0,0,False,0,False,,,,,
651729,1,1,TECNICO_DOCENTE_APOYO,DOCENTE,TÉCNICO DE LABORATORIO 1 (TC),FACULTAD DE CIENCIAS SOCIALES Y HUMANÍSTICAS,False,0.08,TECNICO_DOCENTE_APOYO,True,0,0,0,False,False,,0,,False,False,0,0,False,0,False,,,,,
651738,2,1,TECNICO_DOCENTE_APOYO,DOCENTE,TÉCNICO DOCENTE 1 (TC),FACULTAD DE CIENCIAS NATURALES Y MATEMÁTICAS,True,1.95,TECNICO_DOCENTE_APOYO,True,0,0,0,False,False,,0,,False,False,0,0,False,0,False,,,,,
651745,2,1,TECNICO_OPERATIVO_MANTENIMIENTO,ADMINISTRATIVO,TÉCNICOS ESPECIALIZADOS - EJECUCIÓN DE ACTIVIDADES,GERENCIA DE TECNOLOGÍAS Y SISTEMAS DE INFORMACIÓN,False,0.36,TECNICO_OPERATIVO_MANTENIMIENTO,True,0,0,0,False,False,,0,,False,False,0,0,False,0,False,,,,,
651763,1,1,TECNICO_DOCENTE_APOYO,DOCENTE,TÉCNICO DOCENTE 3 (TC),DIRECCIÓN DE ADMISIONES,False,0.66,TECNICO_DOCENTE_APOYO,True,0,0,0,False,False,,0,,False,False,0,0,False,0,False,,,,,
651799,2,1,TECNICO_DOCENTE_APOYO,DOCENTE,TÉCNICO DE INVESTIGACIÓN 1 (TC),CENTRO DE TECNOLOGÍAS DE LA INFORMACIÓN,False,1.08,TECNICO_DOCENTE_APOYO,True,0,0,0,False,False,,0,,False,False,0,0,False,0,False,,,,,
651902,1,1,TECNICO_OPERATIVO_MANTENIMIENTO,ADMINISTRATIVO,TÉCNICOS ESPECIALIZADOS - EJECUCIÓN DE ACTIVIDADES DE INVESTIGACIÓN,DECANATO DE INVESTIGACIÓN,False,0.12,TECNICO_OPERATIVO_MANTENIMIENTO,True,0,0,0,False,False,,0,,False,False,0,0,False,0,False,,,,,
652047,1,1,TECNICO_DOCENTE_APOYO,DOCENTE,TÉCNICO DOCENTE 3 (TC),DIRECCIÓN DE ADMISIONES,False,0.74,TECNICO_DOCENTE_APOYO,True,0,0,0,False,False,,0,,False,False,0,0,False,0,False,,,,,
652058,1,1,TECNICO_DOCENTE_APOYO,DOCENTE,TÉCNICO DE LABORATORIO 1 (TC),FACULTAD DE CIENCIAS SOCIALES Y HUMANÍSTICAS,False,0.11,TECNICO_DOCENTE_APOYO,True,0,0,0,False,False,,0,,False,False,0,0,False,0,False,,,,,
652072,1,1,TECNICO_DOCENTE_APOYO,DOCENTE,TÉCNICO DE INVESTIGACIÓN 1 (TC),CENTRO DE INVESTIGACIONES BIOTECNOLÓGICAS DEL ECUADOR,False,0.11,TECNICO_DOCENTE_APOYO,True,0,0,0,False,False,,0,,False,False,0,0,False,0,False,,,,,
652275,1,1,TECNICO_DOCENTE_APOYO,DOCENTE,TÉCNICO DE LABORATORIO 1 (TC),FACULTAD DE CIENCIAS DE LA VIDA,False,0.24,TECNICO_DOCENTE_APOYO,True,0,0,0,False,False,,0,,False,False,0,0,False,0,False,,,,,
652412,1,1,TECNICO_DOCENTE_APOYO,DOCENTE,TÉCNICO DE INVESTIGACIÓN 1 (TC),CENTRO NACIONAL DE ACUICULTURA E INVESTIGACIONES MARINAS,True,1.1,TECNICO_DOCENTE_APOYO,True,0,0,0,False,False,,0,,False,False,0,0,False,0,False,,,,,
652450,1,1,TECNICO_DOCENTE_APOYO,DOCENTE,TÉCNICO DE LABORATORIO 1 (TC),FACULTAD DE CIENCIAS SOCIALES Y HUMANÍSTICAS,False,0.24,TECNICO_DOCENTE_APOYO,True,0,0,0,False,False,,0,,False,False,0,0,False,0,False,,,,,
652462,4,1,TECNICO_DOCENTE_APOYO,DOCENTE,TÉCNICO DE INVESTIGACIÓN 1 (TC),FACULTAD DE CIENCIAS NATURALES Y MATEMÁTICAS,True,0.34,TECNICO_DOCENTE_APOYO,True,0,0,0,False,False,,0,,False,False,0,0,False,0,False,,,,,
652543,1,1,TECNICO_DOCENTE_APOYO,DOCENTE,TÉCNICO DOCENTE 1 (TC),FACULTAD DE INGENIERÍA EN CIENCIAS DE LA TIERRA,False,6.37,TECNICO_DOCENTE_APOYO,True,0,0,0,False,False,,0,,False,True,3,1,False,0,True,JEFATURA_SUPERVISION_OPERATIVA,SERVICIOS PROFESIONALES - EJECUCIÓN DE ACTIVIDADES,GERENCIA DE INFRAESTRUCTURA FÍSICA,CONTRATO_SERVICIOS_PROFESIONALES_PROYECTO,ADMINISTRATIVO
652545,2,2,DOCENTE_NO_TITULAR_OCASIONAL,DOCENTE,PROFESOR NO TITULAR OCASIONAL (TC),FACULTAD DE CIENCIAS SOCIALES Y HUMANÍSTICAS,True,4.94,TECNICO_DOCENTE_APOYO,False,1,0,0,False,False,4.94,0,,False,False,0,0,False,0,False,,,,,
652546,2,2,DOCENTE_NO_TITULAR_OCASIONAL,DOCENTE,PROFESOR NO TITULAR OCASIONAL (TC),FACULTAD DE CIENCIAS SOCIALES Y HUMANÍSTICAS,True,4.94,TECNICO_DOCENTE_APOYO,False,1,0,0,False,False,4.94,0,,False,False,0,0,False,0,False,,,,,
652557,5,1,DOCENTE_NO_TITULAR_OCASIONAL,DOCENTE,PROFESOR NO TITULAR OCASIONAL (TP),FACULTAD DE CIENCIAS SOCIALES Y HUMANÍSTICAS,False,0.36,DOCENTE_NO_TITULAR_OCASIONAL,True,0,0,0,False,False,,0,,False,False,0,0,False,0,False,,,,,
652562,1,1,DOCENTE_NO_TITULAR_OCASIONAL,DOCENTE,PROFESOR NO TITULAR OCASIONAL (TC),FACULTAD DE CIENCIAS NATURALES Y MATEMÁTICAS,True,7.95,DOCENTE_NO_TITULAR_OCASIONAL,True,0,0,0,False,False,,0,,False,False,0,0,False,0,False,,,,,
652563,2,1,DOCENTE_NO_TITULAR_OCASIONAL,DOCENTE,PROFESOR NO TITULAR OCASIONAL (TP),FACULTAD DE INGENIERÍA EN CIENCIAS DE LA TIERRA,False,0.36,DOCENTE_NO_TITULAR_OCASIONAL,True,0,0,0,False,False,,0,,False,False,0,0,False,0,False,,,,,
652564,1,1,DOCENTE_NO_TITULAR_OCASIONAL,DOCENTE,PROFESOR NO TITULAR OCASIONAL (MT),FACULTAD DE CIENCIAS SOCIALES Y HUMANÍSTICAS,False,0.39,DOCENTE_NO_TITULAR_OCASIONAL,True,0,0,0,False,False,,0,,False,False,0,0,False,0,False,,,,,
652579,1,1,DOCENTE_NO_TITULAR_OCASIONAL,DOCENTE,PROFESOR NO TITULAR OCASIONAL (TC),FACULTAD DE CIENCIAS NATURALES Y MATEMÁTICAS,True,7.95,DOCENTE_NO_TITULAR_OCASIONAL,True,0,0,0,False,False,,0,,False,True,1,1,False,0,True,JEFATURA_SUPERVISION_OPERATIVA,,,,
652580,1,1,DOCENTE_NO_TITULAR_OCASIONAL,DOCENTE,PROFESOR NO TITULAR OCASIONAL (TC),FACULTAD DE CIENCIAS NATURALES Y MATEMÁTICAS,True,7.95,DOCENTE_NO_TITULAR_OCASIONAL,True,0,0,0,False,False,,0,,False,False,0,0,False,0,False,,,,,
652582,1,1,DOCENTE_NO_TITULAR_OCASIONAL,DOCENTE,PROFESOR NO TITULAR OCASIONAL (TP),FACULTAD DE INGENIERÍA MECÁNICA Y CIENCIAS DE LA PRODUCCIÓN,False,0.39,DOCENTE_NO_TITULAR_OCASIONAL,True,0,0,0,False,False,,0,,False,False,0,0,False,0,False,,,,,
652588,1,1,PROFESIONAL_ANALISTA,ADMINISTRATIVO,ANALISTA DE DESARROLLO DE SISTEMAS 1,GERENCIA DE TECNOLOGÍAS Y SISTEMAS DE INFORMACIÓN,True,2.86,PROFESIONAL_ANALISTA,True,0,0,0,False,False,,0,,False,False,0,0,False,0,False,,,,,
652589,2,1,TECNICO_DOCENTE_APOYO,DOCENTE,TÉCNICO DE INVESTIGACIÓN 1 (TC),ESCUELA DE POSTGRADO EN ADMINISTRACIÓN DE EMPRESAS,True,0.64,TECNICO_DOCENTE_APOYO,True,0,0,0,False,False,,0,,False,False,0,0,False,0,False,,,,,
652590,1,1,TECNICO_DOCENTE_APOYO,DOCENTE,TÉCNICO DE LABORATORIO 1 (TC),FACULTAD DE INGENIERÍA MECÁNICA Y CIENCIAS DE LA PRODUCCIÓN,False,0.24,TECNICO_DOCENTE_APOYO,True,0,0,0,False,False,,0,,False,False,0,0,False,0,False,,,,,
652613,1,1,TECNICO_OPERATIVO_MANTENIMIENTO,ADMINISTRATIVO,TÉCNICOS ESPECIALIZADOS - EJECUCIÓN DE ACTIVIDADES,"FACULTAD DE ARTE, DISEÑO Y COMUNICACIÓN AUDIOVISUAL",False,0.25,TECNICO_OPERATIVO_MANTENIMIENTO,True,0,0,0,False,False,,0,,False,False,0,0,False,0,False,,,,,
652624,1,1,TECNICO_DOCENTE_APOYO,DOCENTE,TÉCNICO DE INVESTIGACIÓN 1 (TC),FACULTAD DE INGENIERÍA MECÁNICA Y CIENCIAS DE LA PRODUCCIÓN,False,1.58,TECNICO_DOCENTE_APOYO,True,0,0,0,False,False,,0,,False,False,0,0,False,0,False,,,,,
652641,1,1,TECNICO_DOCENTE_APOYO,DOCENTE,TÉCNICO DE LABORATORIO 1 (TC),FACULTAD DE INGENIERÍA MECÁNICA Y CIENCIAS DE LA PRODUCCIÓN,False,0.24,TECNICO_DOCENTE_APOYO,True,0,0,0,False,False,,0,,False,False,0,0,False,0,False,,,,,
652655,1,1,TECNICO_DOCENTE_APOYO,DOCENTE,TÉCNICO DE LABORATORIO 1 (TC),FACULTAD DE CIENCIAS DE LA VIDA,False,0.2,TECNICO_DOCENTE_APOYO,True,0,0,0,False,False,,0,,False,False,0,0,False,0,False,,,,,
652656,1,1,TECNICO_DOCENTE_APOYO,DOCENTE,TÉCNICO DE LABORATORIO 1 (TC),FACULTAD DE CIENCIAS DE LA VIDA,False,0.2,TECNICO_DOCENTE_APOYO,True,0,0,0,False,False,,0,,False,False,0,0,False,0,False,,,,,
652665,1,1,TECNICO_DOCENTE_APOYO,DOCENTE,TÉCNICO DE LABORATORIO 1 (TC),FACULTAD DE INGENIERÍA MECÁNICA Y CIENCIAS DE LA PRODUCCIÓN,False,0.24,TECNICO_DOCENTE_APOYO,True,0,0,0,False,False,,0,,False,False,0,0,False,0,False,,,,,
652684,1,1,TECNICO_DOCENTE_APOYO,DOCENTE,TÉCNICO DE LABORATORIO 1 (TC),FACULTAD DE CIENCIAS SOCIALES Y HUMANÍSTICAS,False,0.24,TECNICO_DOCENTE_APOYO,True,0,0,0,False,False,,0,,False,False,0,0,False,0,False,,,,,
652704,1,1,ASISTENCIA_SECRETARIAL_OFICINA,ADMINISTRATIVO,ASISTENTE DE PLANIFICACIÓN Y PROYECTOS,GERENCIA DE PLANIFICACIÓN ESTRATÉGICA,True,2.2,ASISTENCIA_SECRETARIAL_OFICINA,True,0,0,0,False,False,,0,,False,False,0,0,False,0,False,,,,,
652714,1,1,TECNICO_DOCENTE_APOYO,DOCENTE,TÉCNICO DE LABORATORIO 1 (TC),FACULTAD DE INGENIERÍA MECÁNICA Y CIENCIAS DE LA PRODUCCIÓN,False,0.24,TECNICO_DOCENTE_APOYO,True,0,0,0,False,False,,0,,False,False,0,0,False,0,False,,,,,
652724,2,2,PROFESIONAL_ANALISTA,ADMINISTRATIVO,ANALISTA DE PLANIFICACIÓN Y PROYECTOS,GERENCIA DE PLANIFICACIÓN ESTRATÉGICA,True,0.52,TECNICO_OPERATIVO_MANTENIMIENTO,False,1,0,0,False,False,0.52,1,TECNICO_DOCENTE_APOYO,True,False,0,0,False,0,False,,,,,
652759,3,2,TECNICO_DOCENTE_APOYO,DOCENTE,TÉCNICO DE LABORATORIO 1 (TC),CENTRO DE ESTUDIOS E INVESTIGACIONES ESTADÍSTICAS,True,0.14,TECNICO_OPERATIVO_MANTENIMIENTO,False,1,1,0,True,False,0.91,0,,False,False,0,0,False,0,False,,,,,
652768,3,1,TECNICO_DOCENTE_APOYO,DOCENTE,TÉCNICO DOCENTE 3 (TC),DIRECCIÓN DE ADMISIONES,True,0.34,TECNICO_DOCENTE_APOYO,True,0,0,0,False,False,,0,,False,False,0,0,False,0,False,,,,,
652796,2,2,TECNICO_DOCENTE_APOYO,DOCENTE,TÉCNICO DOCENTE 3 (TC),DIRECCIÓN DE ADMISIONES,True,1.11,TECNICO_OPERATIVO_MANTENIMIENTO,False,1,1,0,True,False,1.11,0,,False,False,0,0,False,0,False,,,,,
652798,3,3,DOCENTE_NO_TITULAR_OCASIONAL,DOCENTE,PROFESOR NO TITULAR OCASIONAL (TC),"FACULTAD DE ARTE, DISEÑO Y COMUNICACIÓN AUDIOVISUAL",True,0.36,TECNICO_OPERATIVO_MANTENIMIENTO,False,2,1,0,True,False,0.36,1,TECNICO_OPERATIVO_MANTENIMIENTO,True,False,0,0,False,0,False,,,,,
652800,1,1,TECNICO_OPERATIVO_MANTENIMIENTO,ADMINISTRATIVO,TÉCNICOS ESPECIALIZADOS - EJECUCIÓN DE ACTIVIDADES,GERENCIA DE TECNOLOGÍAS Y SISTEMAS DE INFORMACIÓN,False,0.38,TECNICO_OPERATIVO_MANTENIMIENTO,True,0,0,0,False,False,,0,,False,False,0,0,False,0,False,,,,,
652808,1,1,TECNICO_OPERATIVO_MANTENIMIENTO,ADMINISTRATIVO,TÉCNICOS ESPECIALIZADOS - EJECUCIÓN DE PROYECTOS DE INVESTIGACIÓN,CENTRO INTERNACIONAL DEL PACÍFICO PARA LA REDUCCIÓN DEL RIESGO DE DESASTRES,False,0.5,TECNICO_OPERATIVO_MANTENIMIENTO,True,0,0,0,False,False,,0,,False,False,0,0,False,0,False,,SERVICIOS PROFESIONALES - EJECUCIÓN DE ACTIVIDADES,CENTRO DE TECNOLOGÍAS DE LA INFORMACIÓN,CONTRATO_SERVICIOS_PROFESIONALES_PROYECTO,ADMINISTRATIVO
652810,1,1,TECNICO_OPERATIVO_MANTENIMIENTO,ADMINISTRATIVO,TÉCNICOS ESPECIALIZADOS - EJECUCIÓN DE ACTIVIDADES,CENTRO DE INVESTIGACIONES BIOTECNOLÓGICAS DEL ECUADOR,False,0.34,TECNICO_OPERATIVO_MANTENIMIENTO,True,0,0,0,False,False,,0,,False,False,0,0,False,0,False,,,,,
652816,2,1,TECNICO_DOCENTE_APOYO,DOCENTE,TÉCNICO DE LABORATORIO 1 (TC),FACULTAD DE INGENIERÍA MECÁNICA Y CIENCIAS DE LA PRODUCCIÓN,True,0.2,TECNICO_DOCENTE_APOYO,True,0,0,0,False,False,,0,,False,False,0,0,False,0,False,,,,,
652823,1,1,TECNICO_DOCENTE_APOYO,DOCENTE,TÉCNICO DE INVESTIGACIÓN 1 (TC),CENTRO DE ENERGÍAS RENOVABLES Y ALTERNATIVAS,True,0.94,TECNICO_DOCENTE_APOYO,True,0,0,0,False,False,,0,,False,False,0,0,False,0,False,,,,,
652826,1,1,TECNICO_DOCENTE_APOYO,DOCENTE,TÉCNICO DE LABORATORIO 1 (TC),FACULTAD DE CIENCIAS DE LA VIDA,False,0.24,TECNICO_DOCENTE_APOYO,True,0,0,0,False,False,,0,,False,False,0,0,False,0,False,,,,,
652839,1,1,TECNICO_DOCENTE_APOYO,DOCENTE,TÉCNICO DE INVESTIGACIÓN 1 (TC),FACULTAD DE CIENCIAS SOCIALES Y HUMANÍSTICAS,False,1.76,TECNICO_DOCENTE_APOYO,True,0,0,0,False,False,,0,,False,False,0,0,False,0,False,,,,,
652859,1,1,TECNICO_DOCENTE_APOYO,DOCENTE,TÉCNICO DE LABORATORIO 1 (TC),FACULTAD DE CIENCIAS SOCIALES Y HUMANÍSTICAS,False,0.24,TECNICO_DOCENTE_APOYO,True,0,0,0,False,False,,0,,False,False,0,0,False,0,False,,,,,
652898,1,1,DOCENTE_NO_TITULAR_OCASIONAL,DOCENTE,PROFESOR NO TITULAR OCASIONAL (TC),FACULTAD DE CIENCIAS SOCIALES Y HUMANÍSTICAS,False,5.5,DOCENTE_NO_TITULAR_OCASIONAL,True,0,0,0,False,False,,0,,False,False,0,0,False,0,False,,,,,
652902,1,1,DOCENTE_NO_TITULAR_OCASIONAL,DOCENTE,PROFESOR NO TITULAR OCASIONAL (TC),FACULTAD DE INGENIERÍA EN CIENCIAS DE LA TIERRA,True,7.9,DOCENTE_NO_TITULAR_OCASIONAL,True,0,0,0,False,False,,0,,False,False,0,0,False,0,False,,,,,
652917,1,1,PROFESIONAL_ANALISTA,ADMINISTRATIVO,ANALISTA DE MANTENIMIENTO,DIRECCIÓN DE SERVICIOS GENERALES,True,7.86,PROFESIONAL_ANALISTA,True,0,0,0,False,False,,0,,False,False,0,0,False,0,False,,,,,
652921,1,1,AUXILIAR_AYUDANTE_OPERATIVO,ADMINISTRATIVO,AUXILIAR DE SERVICIOS,CENTRO NACIONAL DE ACUICULTURA E INVESTIGACIONES MARINAS,True,7.86,AUXILIAR_AYUDANTE_OPERATIVO,True,0,0,0,False,False,,0,,False,False,0,0,False,0,False,,,,,
652925,1,1,AUTORIDAD_ADMINISTRATIVA_SUPERIOR,ADMINISTRATIVO,DIRECTOR DE SEGURIDAD Y SALUD OCUPACIONAL,DIRECCIÓN DE SEGURIDAD Y SALUD OCUPACIONAL,True,7.86,AUTORIDAD_ADMINISTRATIVA_SUPERIOR,True,0,0,0,False,False,,0,,False,True,1,1,False,0,False,AUTORIDAD_ADMINISTRATIVA_SUPERIOR,,,,
652934,5,2,DOCENTE_NO_TITULAR_OCASIONAL,DOCENTE,PROFESOR NO TITULAR OCASIONAL (TC),FACULTAD DE CIENCIAS SOCIALES Y HUMANÍSTICAS,True,1.35,TECNICO_DOCENTE_APOYO,False,1,0,0,False,False,1.35,0,,False,False,0,0,False,0,False,,,,,
652972,1,1,SERVICIOS_GENERALES_OFICIOS,ADMINISTRATIVO,CHOFER DE VEHÌCULOS PESADOS,DIRECCIÓN DE SERVICIOS GENERALES,True,5.78,SERVICIOS_GENERALES_OFICIOS,True,0,0,0,False,False,,0,,False,False,0,0,False,0,False,,,,,
652989,1,1,DOCENTE_NO_TITULAR_OCASIONAL,DOCENTE,PROFESOR NO TITULAR OCASIONAL (TC),FACULTAD DE CIENCIAS NATURALES Y MATEMÁTICAS,False,7.2,DOCENTE_NO_TITULAR_OCASIONAL,True,0,0,0,False,False,,0,,False,True,1,1,False,0,True,JEFATURA_SUPERVISION_OPERATIVA,,,,
653004,3,2,ASISTENCIA_SECRETARIAL_OFICINA,ADMINISTRATIVO,ASISTENTE EJECUTIVA 2,DIRECCIÓN DE ADQUISICIONES,True,5.2,TECNICO_OPERATIVO_MANTENIMIENTO,False,1,0,0,False,False,5.2,0,,False,False,0,0,False,0,False,,,,,
653010,1,1,DOCENTE_NO_TITULAR_OCASIONAL,DOCENTE,PROFESOR NO TITULAR OCASIONAL (TC),FACULTAD DE INGENIERÍA EN CIENCIAS DE LA TIERRA,False,7.12,DOCENTE_NO_TITULAR_OCASIONAL,True,0,0,0,False,False,,0,,False,True,4,1,False,0,True,JEFATURA_SUPERVISION_OPERATIVA,,,,
653075,9,3,DOCENTE_NO_TITULAR_OCASIONAL,DOCENTE,PROFESOR NO TITULAR OCASIONAL (TP),DECANATO DE GRADO,True,0.34,TECNICO_OPERATIVO_MANTENIMIENTO,False,5,3,2,True,True,0.34,1,PROFESIONAL_ANALISTA,True,False,0,0,False,0,False,,,,,
653183,1,1,TECNICO_DOCENTE_APOYO,DOCENTE,TÉCNICO DE INVESTIGACIÓN 1 (TC),FACULTAD DE CIENCIAS NATURALES Y MATEMÁTICAS,False,0.11,TECNICO_DOCENTE_APOYO,True,0,0,0,False,False,,0,,False,False,0,0,False,0,False,,,,,
653534,1,1,TECNICO_DOCENTE_APOYO,DOCENTE,TÉCNICO DOCENTE 1 (TC),FACULTAD DE INGENIERÍA MARÍTIMA Y CIENCIAS DEL MAR,True,1.33,TECNICO_DOCENTE_APOYO,True,0,0,0,False,False,,0,,False,False,0,0,False,0,False,,,,,
653547,2,1,TECNICO_DOCENTE_APOYO,DOCENTE,TÉCNICO DOCENTE 3 (TC),DIRECCIÓN DE ADMISIONES,True,0.34,TECNICO_DOCENTE_APOYO,True,0,0,0,False,False,,0,,False,False,0,0,False,0,False,,,,,
653585,1,1,TECNICO_OPERATIVO_MANTENIMIENTO,ADMINISTRATIVO,TÉCNICOS ESPECIALIZADOS - EJECUCIÓN DE ACTIVIDADES,GERENCIA DE TECNOLOGÍAS Y SISTEMAS DE INFORMACIÓN,False,0.57,TECNICO_OPERATIVO_MANTENIMIENTO,True,0,0,0,False,False,,0,,False,False,0,0,False,0,False,,,,,
653651,1,1,TECNICO_DOCENTE_APOYO,DOCENTE,TÉCNICO DOCENTE 1 (TC),FACULTAD DE CIENCIAS NATURALES Y MATEMÁTICAS,False,1.64,TECNICO_DOCENTE_APOYO,True,0,0,0,False,False,,0,,False,False,0,0,False,0,False,,,,,
653690,2,1,TECNICO_OPERATIVO_MANTENIMIENTO,ADMINISTRATIVO,TÉCNICOS ESPECIALIZADOS - EJECUCIÓN DE ACTIVIDADES,GERENCIA DE TECNOLOGÍAS Y SISTEMAS DE INFORMACIÓN,False,0.88,TECNICO_OPERATIVO_MANTENIMIENTO,True,0,0,0,False,False,,0,,False,False,0,0,False,0,False,,SERVICIOS PROFESIONALES - EJECUCIÓN DE ACTIVIDADES,GERENCIA DE TECNOLOGÍAS Y SISTEMAS DE INFORMACIÓN,CONTRATO_SERVICIOS_PROFESIONALES_PROYECTO,ADMINISTRATIVO
653764,3,1,TECNICO_OPERATIVO_MANTENIMIENTO,ADMINISTRATIVO,TÉCNICOS ESPECIALIZADOS - EJECUCIÓN DE ACTIVIDADES,GERENCIA ADMINISTRATIVA,False,0.49,TECNICO_OPERATIVO_MANTENIMIENTO,True,0,0,0,False,False,,0,,False,False,0,0,False,0,False,,,,,
653770,1,1,TECNICO_DOCENTE_APOYO,DOCENTE,TÉCNICO DE INVESTIGACIÓN 1 (TC),"CENTRO DE INVESTIGACIÓN, DESARROLLO E INNOVACIÓN DE SISTEMAS COMPUTACIONALES",False,4.67,TECNICO_DOCENTE_APOYO,True,0,0,0,False,False,,0,,False,False,0,0,False,0,False,,,,,
653775,1,1,AUXILIAR_AYUDANTE_OPERATIVO,ADMINISTRATIVO,AUXILIAR DE SERVICIOS DE MANTENIMIENTO,FACULTAD DE INGENIERÍA EN ELECTRICIDAD Y COMPUTACIÓN,False,4.67,AUXILIAR_AYUDANTE_OPERATIVO,True,0,0,0,False,False,,0,,False,False,0,0,False,0,False,,,,,
653777,1,1,TECNICO_OPERATIVO_MANTENIMIENTO,ADMINISTRATIVO,TÉCNICOS ESPECIALIZADOS - EJECUCIÓN DE ACTIVIDADES,UNIDAD DE BIENESTAR ESTUDIANTIL Y POLITÉCNICO,False,0.84,TECNICO_OPERATIVO_MANTENIMIENTO,True,0,0,0,False,False,,0,,False,False,0,0,False,0,False,,,,,
653778,2,2,SERVICIOS_GENERALES_OFICIOS,ADMINISTRATIVO,CHOFER DE VEHÌCULOS PESADOS,DIRECCIÓN DE SERVICIOS GENERALES,True,1.69,AUXILIAR_AYUDANTE_OPERATIVO,False,1,0,0,False,False,1.69,1,AUXILIAR_AYUDANTE_OPERATIVO,True,False,0,0,False,0,False,,,,,
653814,1,1,ASISTENCIA_SECRETARIAL_OFICINA,ADMINISTRATIVO,ASISTENTE EJECUTIVA 1,GERENCIA DE BIENESTAR POLITÉCNICO,True,7.53,ASISTENCIA_SECRETARIAL_OFICINA,True,0,0,0,False,False,,0,,False,False,0,0,False,0,False,,,,,
653815,1,1,AUXILIAR_AYUDANTE_OPERATIVO,ADMINISTRATIVO,AUXILIAR DE SERVICIOS,GERENCIA DE BIENESTAR POLITÉCNICO,True,7.53,AUXILIAR_AYUDANTE_OPERATIVO,True,0,0,0,False,False,,0,,False,False,0,0,False,0,False,,,,,
653816,2,2,PROFESIONAL_ANALISTA,ADMINISTRATIVO,ANALISTA DE BIENESTAR POLITÉCNICO 2,GERENCIA DE BIENESTAR POLITÉCNICO,True,6.78,TECNICO_OPERATIVO_MANTENIMIENTO,False,1,0,0,False,False,6.78,0,,False,False,0,0,False,0,False,,,,,
653827,1,1,JEFATURA_SUPERVISION_OPERATIVA,ADMINISTRATIVO,SUPERVISOR DE SEGURIDAD,DIRECCION DE SEGURIDAD FISICA,True,7.45,JEFATURA_SUPERVISION_OPERATIVA,True,0,0,0,False,False,,0,,False,False,0,0,False,0,False,,,,,
653835,8,1,TECNICO_OPERATIVO_MANTENIMIENTO,ADMINISTRATIVO,TÉCNICOS ESPECIALIZADOS - EJECUCIÓN DE ACTIVIDADES,SECRETARIA ADMINISTRATIVA,True,0.68,TECNICO_OPERATIVO_MANTENIMIENTO,True,0,0,0,False,False,,0,,False,False,0,0,False,0,False,,,,,
653837,1,1,TECNICO_OPERATIVO_MANTENIMIENTO,ADMINISTRATIVO,TÉCNICOS ESPECIALIZADOS - EJECUCIÓN DE ACTIVIDADES,GERENCIA DE COMUNICACIÓN SOCIAL Y ASUNTOS PÚBLICOS,False,1.0,TECNICO_OPERATIVO_MANTENIMIENTO,True,0,0,0,False,False,,0,,False,False,0,0,False,0,False,,,,,
653852,2,2,DOCENTE_NO_TITULAR_OCASIONAL,DOCENTE,PROFESOR NO TITULAR OCASIONAL (TC),FACULTAD DE INGENIERÍA MECÁNICA Y CIENCIAS DE LA PRODUCCIÓN,True,5.32,TECNICO_DOCENTE_APOYO,False,1,0,0,False,False,5.32,0,,False,True,2,1,False,0,True,JEFATURA_SUPERVISION_OPERATIVA,,,,
653854,1,1,TECNICO_DOCENTE_APOYO,DOCENTE,TÉCNICO DE INVESTIGACIÓN 1 (TC),CENTRO DE INVESTIGACIONES BIOTECNOLÓGICAS DEL ECUADOR,True,5.24,TECNICO_DOCENTE_APOYO,True,0,0,0,False,False,,0,,False,False,0,0,False,0,False,,,,,
653858,1,1,PROFESIONAL_ANALISTA,ADMINISTRATIVO,ANALISTA DE INFRAESTRUCTURA FÍSICA 2,GERENCIA DE INFRAESTRUCTURA FÍSICA,False,1.67,PROFESIONAL_ANALISTA,True,0,0,0,False,False,,0,,False,False,0,0,False,0,False,,,,,
653884,1,1,TECNICO_DOCENTE_APOYO,DOCENTE,TÉCNICO DE INVESTIGACIÓN 1 (TC),FACULTAD DE INGENIERÍA MECÁNICA Y CIENCIAS DE LA PRODUCCIÓN,False,1.3,TECNICO_DOCENTE_APOYO,True,0,0,0,False,False,,0,,False,False,0,0,False,0,False,,,,,
653914,3,1,TECNICO_DOCENTE_APOYO,DOCENTE,TÉCNICO DE LABORATORIO 1 (TC),DECANATO DE GRADO,True,1.33,TECNICO_DOCENTE_APOYO,True,0,0,0,False,False,,0,,False,False,0,0,False,0,False,,,,,
653985,2,1,TECNICO_DOCENTE_APOYO,DOCENTE,TÉCNICO DE LABORATORIO 1 (TC),FACULTAD DE INGENIERÍA MECÁNICA Y CIENCIAS DE LA PRODUCCIÓN,True,1.95,TECNICO_DOCENTE_APOYO,True,0,0,0,False,False,,0,,False,False,0,0,False,0,False,,,,,
654017,1,1,TECNICO_OPERATIVO_MANTENIMIENTO,ADMINISTRATIVO,TÉCNICOS ESPECIALIZADOS - EJECUCIÓN DE PROYECTOS,GERENCIA DE TECNOLOGÍAS Y SISTEMAS DE INFORMACIÓN,False,0.54,TECNICO_OPERATIVO_MANTENIMIENTO,True,0,0,0,False,False,,0,,False,False,0,0,False,0,False,,,,,
654027,1,1,ASISTENCIA_SECRETARIAL_OFICINA,ADMINISTRATIVO,ASISTENTE EJECUTIVA 1,CENTRO DE EMPRENDIMIENTO E INNOVACIÓN I3LAB,True,1.75,ASISTENCIA_SECRETARIAL_OFICINA,True,0,0,0,False,False,,0,,False,False,0,0,False,0,False,,,,,
654081,1,1,TECNICO_OPERATIVO_MANTENIMIENTO,ADMINISTRATIVO,TÉCNICOS ESPECIALIZADOS - EJECUCIÓN DE PROYECTOS,GERENCIA DE TECNOLOGÍAS Y SISTEMAS DE INFORMACIÓN,False,0.49,TECNICO_OPERATIVO_MANTENIMIENTO,True,0,0,0,False,False,,0,,False,False,0,0,False,0,False,,,,,
654082,1,1,TECNICO_OPERATIVO_MANTENIMIENTO,ADMINISTRATIVO,TÉCNICOS ESPECIALIZADOS - EJECUCIÓN DE PROYECTOS,GERENCIA DE TECNOLOGÍAS Y SISTEMAS DE INFORMACIÓN,False,0.54,TECNICO_OPERATIVO_MANTENIMIENTO,True,0,0,0,False,False,,0,,False,False,0,0,False,0,False,,,,,
654104,1,1,TECNICO_DOCENTE_APOYO,DOCENTE,TÉCNICO DOCENTE 3 (TC),DIRECCIÓN DE ADMISIONES,True,1.35,TECNICO_DOCENTE_APOYO,True,0,0,0,False,False,,0,,False,False,0,0,False,0,False,,,,,
654107,1,1,TECNICO_DOCENTE_APOYO,DOCENTE,TÉCNICO DOCENTE 1 (TC),FACULTAD DE CIENCIAS NATURALES Y MATEMÁTICAS,False,0.97,TECNICO_DOCENTE_APOYO,True,0,0,0,False,False,,0,,False,False,0,0,False,0,False,,,,,
654118,2,1,TECNICO_OPERATIVO_MANTENIMIENTO,ADMINISTRATIVO,TÉCNICOS ESPECIALIZADOS - EJECUCIÓN DE ACTIVIDADES,DECANATO DE INVESTIGACIÓN,False,0.97,TECNICO_OPERATIVO_MANTENIMIENTO,True,0,0,0,False,False,,0,,False,False,0,0,False,0,False,,,,,
654129,1,1,TECNICO_OPERATIVO_MANTENIMIENTO,ADMINISTRATIVO,TÉCNICOS ESPECIALIZADOS - EJECUCIÓN DE ACTIVIDADES,GERENCIA DE PLANIFICACIÓN ESTRATÉGICA,False,0.15,TECNICO_OPERATIVO_MANTENIMIENTO,True,0,0,0,False,False,,0,,False,False,0,0,False,0,False,,,,,
654169,2,1,TECNICO_DOCENTE_APOYO,DOCENTE,TÉCNICO DOCENTE 1 (TC),FACULTAD DE CIENCIAS NATURALES Y MATEMÁTICAS,True,1.33,TECNICO_DOCENTE_APOYO,True,0,0,0,False,False,,0,,False,False,0,0,False,0,False,,,,,
654191,1,1,TECNICO_DOCENTE_APOYO,DOCENTE,TÉCNICO DOCENTE 1 (TC),FACULTAD DE INGENIERÍA MECÁNICA Y CIENCIAS DE LA PRODUCCIÓN,False,0.33,TECNICO_DOCENTE_APOYO,True,0,0,0,False,False,,0,,False,False,0,0,False,0,False,,,,,
654197,1,1,TECNICO_DOCENTE_APOYO,DOCENTE,TÉCNICO DE LABORATORIO 1 (TC),FACULTAD DE INGENIERÍA MECÁNICA Y CIENCIAS DE LA PRODUCCIÓN,False,0.49,TECNICO_DOCENTE_APOYO,True,0,0,0,False,False,,0,,False,False,0,0,False,0,False,,,,,
654221,1,1,TECNICO_DOCENTE_APOYO,DOCENTE,TÉCNICO DE LABORATORIO 1 (TC),FACULTAD DE INGENIERÍA MECÁNICA Y CIENCIAS DE LA PRODUCCIÓN,False,0.24,TECNICO_DOCENTE_APOYO,True,0,0,0,False,False,,0,,False,False,0,0,False,0,False,,,,,
654247,2,2,TECNICO_DOCENTE_APOYO,DOCENTE,TÉCNICO DE LABORATORIO 1 (TC),FACULTAD DE INGENIERÍA EN ELECTRICIDAD Y COMPUTACIÓN,True,3.33,TECNICO_OPERATIVO_MANTENIMIENTO,False,1,1,0,True,False,3.33,0,,False,False,0,0,False,0,False,,,,,
654250,1,1,TECNICO_DOCENTE_APOYO,DOCENTE,TÉCNICO DOCENTE 1 (TC),FACULTAD DE CIENCIAS NATURALES Y MATEMÁTICAS,False,1.77,TECNICO_DOCENTE_APOYO,True,0,0,0,False,False,,0,,False,False,0,0,False,0,False,,,,,
654253,2,1,TECNICO_DOCENTE_APOYO,DOCENTE,TÉCNICO DOCENTE 3 (TC),DIRECCIÓN DE ADMISIONES,True,2.33,TECNICO_DOCENTE_APOYO,True,0,0,0,False,False,,0,,False,False,0,0,False,0,False,,,,,
654262,3,2,TECNICO_DOCENTE_APOYO,DOCENTE,TÉCNICO DE INVESTIGACIÓN 1 (TC),FACULTAD DE CIENCIAS SOCIALES Y HUMANÍSTICAS,False,1.58,TECNICO_OPERATIVO_MANTENIMIENTO,False,1,1,0,True,False,2.27,0,,False,False,0,0,False,0,False,,,,,
654297,1,1,TECNICO_DOCENTE_APOYO,DOCENTE,TÉCNICO DE LABORATORIO 1 (TC),FACULTAD DE INGENIERÍA EN CIENCIAS DE LA TIERRA,True,0.34,TECNICO_DOCENTE_APOYO,True,0,0,0,False,False,,0,,False,False,0,0,False,0,False,,,,,
654344,1,1,TECNICO_OPERATIVO_MANTENIMIENTO,ADMINISTRATIVO,TÉCNICOS ESPECIALIZADOS - EJECUCIÓN DE ACTIVIDADES,GERENCIA DE TECNOLOGÍAS Y SISTEMAS DE INFORMACIÓN,False,0.11,TECNICO_OPERATIVO_MANTENIMIENTO,True,0,0,0,False,False,,0,,False,False,0,0,False,0,False,,SERVICIOS PROFESIONALES - EJECUCIÓN DE ACTIVIDADES,GERENCIA DE TECNOLOGÍAS Y SISTEMAS DE INFORMACIÓN,CONTRATO_SERVICIOS_PROFESIONALES_PROYECTO,ADMINISTRATIVO
654349,1,1,SERVICIOS_GENERALES_OFICIOS,ADMINISTRATIVO,OPERADOR DE EQUIPOS DE MONITOREO,DIRECCION DE SEGURIDAD FISICA,True,7.36,SERVICIOS_GENERALES_OFICIOS,True,0,0,0,False,False,,0,,False,False,0,0,False,0,False,,,,,
654350,1,1,AUXILIAR_AYUDANTE_OPERATIVO,ADMINISTRATIVO,AUXILIAR DE SERVICIOS,FACULTAD DE CIENCIAS DE LA VIDA,True,7.36,AUXILIAR_AYUDANTE_OPERATIVO,True,0,0,0,False,False,,0,,False,False,0,0,False,0,False,,,,,
654351,1,1,AUXILIAR_AYUDANTE_OPERATIVO,ADMINISTRATIVO,AUXILIAR DE SERVICIOS,DIRECCIÓN DE SERVICIOS GENERALES,True,7.36,AUXILIAR_AYUDANTE_OPERATIVO,True,0,0,0,False,False,,0,,False,False,0,0,False,0,False,,,,,
654354,12,2,DOCENTE_TITULAR_CARRERA,DOCENTE,PROFESOR TITULAR AGREGADO 1 (TC),FACULTAD DE INGENIERÍA MECÁNICA Y CIENCIAS DE LA PRODUCCIÓN,True,0.03,DOCENTE_NO_TITULAR_OCASIONAL,False,1,0,0,False,False,3.28,0,,False,True,2,2,False,0,True,OTROS_AA,PRESTACIÓN SERVICIOS PROFESIONALES,DESCONOCIDA,DOCENTE_CONTRATADO_SERVICIOS_CIVILES,DOCENTE
654355,2,2,DOCENTE_TITULAR_CARRERA,DOCENTE,PROFESOR TITULAR AGREGADO 1 (TC),FACULTAD DE INGENIERÍA MECÁNICA Y CIENCIAS DE LA PRODUCCIÓN,True,0.15,DOCENTE_NO_TITULAR_OCASIONAL,False,1,0,0,False,False,0.15,0,,False,True,1,1,False,0,True,JEFATURA_SUPERVISION_OPERATIVA,,,,
654356,1,1,DOCENTE_NO_TITULAR_OCASIONAL,DOCENTE,PROFESOR NO TITULAR OCASIONAL (TC),FACULTAD DE CIENCIAS SOCIALES Y HUMANÍSTICAS,False,4.46,DOCENTE_NO_TITULAR_OCASIONAL,True,0,0,0,False,False,,0,,False,True,3,1,False,0,True,JEFATURA_SUPERVISION_OPERATIVA,,,,
654357,1,1,DOCENTE_NO_TITULAR_OCASIONAL,DOCENTE,PROFESOR NO TITULAR OCASIONAL (TC),FACULTAD DE CIENCIAS SOCIALES Y HUMANÍSTICAS,False,2.64,DOCENTE_NO_TITULAR_OCASIONAL,True,0,0,0,False,False,,0,,False,False,0,0,False,0,False,,,,,
654358,1,1,DOCENTE_NO_TITULAR_OCASIONAL,DOCENTE,PROFESOR NO TITULAR OCASIONAL (TC),FACULTAD DE INGENIERÍA EN CIENCIAS DE LA TIERRA,False,3.06,DOCENTE_NO_TITULAR_OCASIONAL,True,0,0,0,False,False,,0,,False,False,0,0,False,0,False,,,,,
654359,1,1,DOCENTE_NO_TITULAR_OCASIONAL,DOCENTE,PROFESOR NO TITULAR OCASIONAL (TC),FACULTAD DE CIENCIAS NATURALES Y MATEMÁTICAS,False,4.36,DOCENTE_NO_TITULAR_OCASIONAL,True,0,0,0,False,False,,0,,False,False,0,0,False,0,False,,,,,
654360,1,1,DOCENTE_NO_TITULAR_OCASIONAL,DOCENTE,PROFESOR NO TITULAR OCASIONAL (TC),FACULTAD DE CIENCIAS NATURALES Y MATEMÁTICAS,True,7.33,DOCENTE_NO_TITULAR_OCASIONAL,True,0,0,0,False,False,,1,TECNICO_OPERATIVO_MANTENIMIENTO,True,True,2,1,False,0,True,JEFATURA_SUPERVISION_OPERATIVA,,,,
654361,1,1,DOCENTE_NO_TITULAR_OCASIONAL,DOCENTE,PROFESOR NO TITULAR OCASIONAL (TC),FACULTAD DE CIENCIAS NATURALES Y MATEMÁTICAS,False,4.76,DOCENTE_NO_TITULAR_OCASIONAL,True,0,0,0,False,False,,0,,False,True,2,1,False,0,True,JEFATURA_SUPERVISION_OPERATIVA,,,,
654363,1,1,DOCENTE_NO_TITULAR_OCASIONAL,DOCENTE,PROFESOR NO TITULAR OCASIONAL (TC),FACULTAD DE CIENCIAS NATURALES Y MATEMÁTICAS,True,6.78,DOCENTE_NO_TITULAR_OCASIONAL,True,0,0,0,False,False,,0,,False,False,0,0,False,0,False,,,,,
654364,1,1,DOCENTE_NO_TITULAR_OCASIONAL,DOCENTE,PROFESOR NO TITULAR OCASIONAL (TC),FACULTAD DE CIENCIAS NATURALES Y MATEMÁTICAS,False,3.98,DOCENTE_NO_TITULAR_OCASIONAL,True,0,0,0,False,False,,0,,False,False,0,0,False,0,False,,,,,
654365,1,1,DOCENTE_NO_TITULAR_OCASIONAL,DOCENTE,PROFESOR NO TITULAR OCASIONAL (TC),FACULTAD DE CIENCIAS NATURALES Y MATEMÁTICAS,False,2.33,DOCENTE_NO_TITULAR_OCASIONAL,True,0,0,0,False,False,,0,,False,False,0,0,False,0,False,,,,,
654370,1,1,TECNICO_DOCENTE_APOYO,DOCENTE,TECNICO DOCENTE 1,FACULTAD DE CIENCIAS NATURALES Y MATEMÁTICAS,False,0.78,TECNICO_DOCENTE_APOYO,True,0,0,0,False,False,,0,,False,False,0,0,False,0,False,,,,,
654372,1,1,PROFESIONAL_ANALISTA,ADMINISTRATIVO,ANALISTA DE CALIDAD Y ACREDITACIÓN 2,GERENCIA DE BIENESTAR POLITÉCNICO,True,6.78,PROFESIONAL_ANALISTA,True,0,0,0,False,False,,1,AUTORIDAD_ADMINISTRATIVA_SUPERIOR,True,True,5,1,True,5,True,OTROS_AA,,,,
654374,5,1,DOCENTE_NO_TITULAR_OCASIONAL,DOCENTE,PROFESOR NO TITULAR OCASIONAL (TP),FACULTAD DE INGENIERÍA EN CIENCIAS DE LA TIERRA,False,0.76,DOCENTE_NO_TITULAR_OCASIONAL,True,0,0,0,False,False,,0,,False,False,0,0,False,0,False,,,,,
654376,1,1,DOCENTE_NO_TITULAR_OCASIONAL,DOCENTE,PROFESOR NO TITULAR OCASIONAL (TC),DECANATO DE GRADO,False,2.77,DOCENTE_NO_TITULAR_OCASIONAL,True,0,0,0,False,False,,0,,False,False,0,0,False,0,False,,,,,
654379,1,1,TECNICO_DOCENTE_APOYO,DOCENTE,TÉCNICO DE INVESTIGACIÓN 2 (TC),FACULTAD DE CIENCIAS DE LA VIDA,False,0.25,TECNICO_DOCENTE_APOYO,True,0,0,0,False,False,,0,,False,False,0,0,False,0,False,,,,,
654381,2,2,SERVICIOS_GENERALES_OFICIOS,ADMINISTRATIVO,JARDINERO/TRABAJADOR DEL DEPARTAMENTO DE GESTIÒN AMBIENTAL,DIRECCIÓN DE SERVICIOS GENERALES,True,1.69,AUXILIAR_AYUDANTE_OPERATIVO,False,1,0,0,False,False,1.69,1,AUXILIAR_AYUDANTE_OPERATIVO,True,False,0,0,False,0,False,,,,,
654387,2,1,DOCENTE_NO_TITULAR_OCASIONAL,DOCENTE,PROFESOR NO TITULAR OCASIONAL (MT),FACULTAD DE CIENCIAS NATURALES Y MATEMÁTICAS,False,1.99,DOCENTE_NO_TITULAR_OCASIONAL,True,0,0,0,False,False,,0,,False,False,0,0,False,0,False,,,,,
654388,2,1,TECNICO_OPERATIVO_MANTENIMIENTO,ADMINISTRATIVO,TÉCNICOS ESPECIALIZADOS - EJECUCIÓN DE ACTIVIDADES,GERENCIA DE COMUNICACIÓN,False,0.25,TECNICO_OPERATIVO_MANTENIMIENTO,True,0,0,0,False,False,,0,,False,False,0,0,False,0,False,,,,,
654392,1,1,DOCENTE_NO_TITULAR_OCASIONAL,DOCENTE,PROFESOR NO TITULAR OCASIONAL (TC),FACULTAD DE CIENCIAS NATURALES Y MATEMÁTICAS,False,2.64,DOCENTE_NO_TITULAR_OCASIONAL,True,0,0,0,False,False,,0,,False,False,0,0,False,0,False,,,,,
654402,3,1,TECNICO_OPERATIVO_MANTENIMIENTO,ADMINISTRATIVO,TÉCNICOS ESPECIALIZADOS - EJECUCIÓN DE ACTIVIDADES,UNIDAD DE VINCULACIÓN CON LA SOCIEDAD,False,0.99,TECNICO_OPERATIVO_MANTENIMIENTO,True,0,0,0,False,False,,0,,False,False,0,0,False,0,False,,,,,
654407,2,2,DOCENTE_TITULAR_CARRERA,DOCENTE,PROFESOR TITULAR AGREGADO 1 (TC),FACULTAD DE CIENCIAS NATURALES Y MATEMÁTICAS,True,3.28,DOCENTE_NO_TITULAR_OCASIONAL,False,1,0,0,False,False,3.28,0,,False,True,1,1,False,0,True,OTROS_AA,,,,
654412,1,1,ASISTENCIA_SECRETARIAL_OFICINA,ADMINISTRATIVO,ASISTENTE ADMINISTRATIVO,DIRECCIÓN DE SERVICIOS GENERALES,True,3.53,ASISTENCIA_SECRETARIAL_OFICINA,True,0,0,0,False,False,,0,,False,False,0,0,False,0,False,,,,,
654428,1,1,AUTORIDAD_ADMINISTRATIVA_SUPERIOR,ADMINISTRATIVO,DIRECTOR DE TALENTO HUMANO,DESCONOCIDA,False,1.09,AUTORIDAD_ADMINISTRATIVA_SUPERIOR,True,0,0,0,False,False,,0,,False,True,1,1,False,0,False,AUTORIDAD_ADMINISTRATIVA_SUPERIOR,,,,
654444,1,1,TECNICO_OPERATIVO_MANTENIMIENTO,ADMINISTRATIVO,TÉCNICOS ESPECIALIZADOS - EJECUCIÓN DE ACTIVIDADES,RECTORADO,False,0.57,TECNICO_OPERATIVO_MANTENIMIENTO,True,0,0,0,False,False,,0,,False,False,0,0,False,0,False,,,,,
654445,1,1,TECNICO_OPERATIVO_MANTENIMIENTO,ADMINISTRATIVO,TÉCNICOS ESPECIALIZADOS - EJECUCIÓN DE PROYECTOS,CENTRO DE INVESTIGACIÓN Y PROYECTOS APLICADOS A LAS CIENCIAS DE LA TIERRA,False,0.5,TECNICO_OPERATIVO_MANTENIMIENTO,True,0,0,0,False,False,,0,,False,False,0,0,False,0,False,,,,,
654455,1,1,TECNICO_DOCENTE_APOYO,DOCENTE,TÉCNICO DE LABORATORIO 1,FACULTAD DE CIENCIAS NATURALES Y MATEMÁTICAS,False,0.78,TECNICO_DOCENTE_APOYO,True,0,0,0,False,False,,0,,False,False,0,0,False,0,False,,,,,
654462,1,1,TECNICO_OPERATIVO_MANTENIMIENTO,ADMINISTRATIVO,TÉCNICOS ESPECIALIZADOS - EJECUCIÓN DE ACTIVIDADES,RECTORADO,False,0.99,TECNICO_OPERATIVO_MANTENIMIENTO,True,0,0,0,False,False,,0,,False,False,0,0,False,0,False,,,,,
654490,2,1,DOCENTE_NO_TITULAR_OCASIONAL,DOCENTE,PROFESOR NO TITULAR OCASIONAL (TC),DECANATO DE GRADO,True,5.32,DOCENTE_NO_TITULAR_OCASIONAL,True,0,0,0,False,False,,0,,False,False,0,0,False,0,False,,,,,
654511,1,1,AUTORIDAD_ADMINISTRATIVA_SUPERIOR,ADMINISTRATIVO,DIRECTOR DE ADQUISICIONES Y SUMINISTROS,DIRECCIÓN DE ADQUISICIONES Y SUMINISTROS,False,1.83,AUTORIDAD_ADMINISTRATIVA_SUPERIOR,True,0,0,0,False,False,,0,,False,True,1,1,False,0,False,AUTORIDAD_ADMINISTRATIVA_SUPERIOR,,,,
654527,1,1,ASISTENCIA_SECRETARIAL_OFICINA,ADMINISTRATIVO,ASISTENTE ADMINISTRATIVO,DIRECCIÓN DE TALENTO HUMANO,True,7.11,ASISTENCIA_SECRETARIAL_OFICINA,True,0,0,0,False,False,,0,,False,False,0,0,False,0,False,,,,,
654548,1,1,AUXILIAR_AYUDANTE_OPERATIVO,ADMINISTRATIVO,AUXILIAR DE SERVICIOS,FACULTAD DE CIENCIAS SOCIALES Y HUMANÍSTICAS,True,5.03,AUXILIAR_AYUDANTE_OPERATIVO,True,0,0,0,False,False,,0,,False,False,0,0,False,0,False,,,,,
654570,1,1,PROFESIONAL_ESPECIALIZADO_TECNICO,ADMINISTRATIVO,ABOGADO,GERENCIA JURÍDICA,False,0.08,PROFESIONAL_ESPECIALIZADO_TECNICO,True,0,0,0,False,False,,1,ASISTENCIA_SECRETARIAL_OFICINA,True,True,1,1,True,1,True,OTROS_AA,,,,
654583,1,1,PROFESIONAL_ANALISTA,ADMINISTRATIVO,ANALISTA DE COMPRAS PÚBLICAS 3,DIRECCIÓN DE ADQUISICIONES,True,6.11,PROFESIONAL_ANALISTA,True,0,0,0,False,False,,1,AUTORIDAD_ADMINISTRATIVA_SUPERIOR,True,True,1,1,True,1,True,OTROS_AA,,,,
655235,1,1,TECNICO_DOCENTE_APOYO,DOCENTE,TÉCNICO DE LABORATORIO 1 (TC),FACULTAD DE CIENCIAS DE LA VIDA,False,0.15,TECNICO_DOCENTE_APOYO,True,0,0,0,False,False,,0,,False,False,0,0,False,0,False,,,,,
655447,1,1,TECNICO_DOCENTE_APOYO,DOCENTE,TÉCNICO DE LABORATORIO 1 (TC),FACULTAD DE CIENCIAS SOCIALES Y HUMANÍSTICAS,False,0.11,TECNICO_DOCENTE_APOYO,True,0,0,0,False,False,,0,,False,False,0,0,False,0,False,,,,,
655509,1,1,TECNICO_DOCENTE_APOYO,DOCENTE,TÉCNICO DE LABORATORIO 1 (TC),FACULTAD DE CIENCIAS DE LA VIDA,False,0.24,TECNICO_DOCENTE_APOYO,True,0,0,0,False,False,,0,,False,False,0,0,False,0,False,,,,,
655515,1,1,TECNICO_OPERATIVO_MANTENIMIENTO,ADMINISTRATIVO,TÉCNICOS ESPECIALIZADOS - EJECUCIÓN DE ACTIVIDADES,GERENCIA DE TECNOLOGÍAS Y SISTEMAS DE INFORMACIÓN,False,0.57,TECNICO_OPERATIVO_MANTENIMIENTO,True,0,0,0,False,False,,0,,False,False,0,0,False,0,False,,SERVICIOS PROFESIONALES - EJECUCIÓN DE ACTIVIDADES,GERENCIA DE TECNOLOGÍAS Y SISTEMAS DE INFORMACIÓN,CONTRATO_SERVICIOS_PROFESIONALES_PROYECTO,ADMINISTRATIVO
655516,1,1,TECNICO_OPERATIVO_MANTENIMIENTO,ADMINISTRATIVO,TÉCNICOS ESPECIALIZADOS - EJECUCIÓN DE ACTIVIDADES DE INVESTIGACIÓN,"CENTRO DE INVESTIGACIÓN, DESARROLLO E INNOVACIÓN DE SISTEMAS COMPUTACIONALES",False,0.08,TECNICO_OPERATIVO_MANTENIMIENTO,True,0,0,0,False,False,,0,,False,False,0,0,False,0,False,,,,,
655517,2,1,TECNICO_OPERATIVO_MANTENIMIENTO,ADMINISTRATIVO,TÉCNICOS ESPECIALIZADOS - EJECUCIÓN DE ACTIVIDADES,GERENCIA DE TECNOLOGÍAS Y SISTEMAS DE INFORMACIÓN,False,0.88,TECNICO_OPERATIVO_MANTENIMIENTO,True,0,0,0,False,False,,0,,False,False,0,0,False,0,False,,SERVICIOS PROFESIONALES - EJECUCIÓN DE ACTIVIDADES,GERENCIA DE TECNOLOGÍAS Y SISTEMAS DE INFORMACIÓN,CONTRATO_SERVICIOS_PROFESIONALES_PROYECTO,ADMINISTRATIVO
655520,1,1,TECNICO_OPERATIVO_MANTENIMIENTO,ADMINISTRATIVO,TÉCNICOS ESPECIALIZADOS - EJECUCIÓN DE ACTIVIDADES DE INVESTIGACIÓN,"CENTRO DE INVESTIGACIÓN, DESARROLLO E INNOVACIÓN DE SISTEMAS COMPUTACIONALES",False,0.23,TECNICO_OPERATIVO_MANTENIMIENTO,True,0,0,0,False,False,,0,,False,False,0,0,False,0,False,,,,,
655522,1,1,TECNICO_DOCENTE_APOYO,DOCENTE,TÉCNICO DE INVESTIGACIÓN 1 (TC),"CENTRO DE INVESTIGACIÓN, DESARROLLO E INNOVACIÓN DE SISTEMAS COMPUTACIONALES",False,0.24,TECNICO_DOCENTE_APOYO,True,0,0,0,False,False,,0,,False,False,0,0,False,0,False,,,,,
655525,1,1,TECNICO_OPERATIVO_MANTENIMIENTO,ADMINISTRATIVO,TÉCNICOS ESPECIALIZADOS - EJECUCIÓN DE ACTIVIDADES,GERENCIA DE TECNOLOGÍAS Y SISTEMAS DE INFORMACIÓN,False,0.34,TECNICO_OPERATIVO_MANTENIMIENTO,True,0,0,0,False,False,,0,,False,False,0,0,False,0,False,,SERVICIOS PROFESIONALES - EJECUCIÓN DE ACTIVIDADES,"CENTRO DE INVESTIGACIÓN, DESARROLLO E INNOVACIÓN DE SISTEMAS COMPUTACIONALES",CONTRATO_SERVICIOS_PROFESIONALES_PROYECTO,ADMINISTRATIVO
655538,1,1,TECNICO_DOCENTE_APOYO,DOCENTE,TÉCNICO DE INVESTIGACIÓN 1 (TC),CENTRO DE TECNOLOGÍAS DE LA INFORMACIÓN,False,0.12,TECNICO_DOCENTE_APOYO,True,0,0,0,False,False,,0,,False,False,0,0,False,0,False,,,,,
655555,1,1,TECNICO_DOCENTE_APOYO,DOCENTE,TÉCNICO DOCENTE 1 (TC),FACULTAD DE INGENIERÍA EN ELECTRICIDAD Y COMPUTACIÓN,False,0.36,TECNICO_DOCENTE_APOYO,True,0,0,0,False,False,,0,,False,False,0,0,False,0,False,,,,,
655569,1,1,TECNICO_DOCENTE_APOYO,DOCENTE,TÉCNICO DE LABORATORIO 1 (TC),FACULTAD DE INGENIERÍA EN ELECTRICIDAD Y COMPUTACIÓN,True,1.33,TECNICO_DOCENTE_APOYO,True,0,0,0,False,False,,0,,False,False,0,0,False,0,False,,,,,
655570,1,1,TECNICO_DOCENTE_APOYO,DOCENTE,TÉCNICO DOCENTE 1 (TC),FACULTAD DE INGENIERÍA EN ELECTRICIDAD Y COMPUTACIÓN,False,0.12,TECNICO_DOCENTE_APOYO,True,0,0,0,False,False,,0,,False,False,0,0,False,0,False,,,,,
655588,1,1,TECNICO_DOCENTE_APOYO,DOCENTE,TÉCNICO DE LABORATORIO 1 (TC),FACULTAD DE INGENIERÍA MECÁNICA Y CIENCIAS DE LA PRODUCCIÓN,False,0.25,TECNICO_DOCENTE_APOYO,True,0,0,0,False,False,,0,,False,False,0,0,False,0,False,,,,,
655596,1,1,TECNICO_OPERATIVO_MANTENIMIENTO,ADMINISTRATIVO,TÉCNICOS ESPECIALIZADOS - EJECUCIÓN DE PROYECTOS,GERENCIA DE TECNOLOGÍAS Y SISTEMAS DE INFORMACIÓN,False,0.19,TECNICO_OPERATIVO_MANTENIMIENTO,True,0,0,0,False,False,,0,,False,False,0,0,False,0,False,,,,,
655624,1,1,TECNICO_DOCENTE_APOYO,DOCENTE,TÉCNICO DE INVESTIGACIÓN 1 (TC),FACULTAD DE CIENCIAS NATURALES Y MATEMÁTICAS,False,0.11,TECNICO_DOCENTE_APOYO,True,0,0,0,False,False,,0,,False,False,0,0,False,0,False,,,,,
655702,1,1,TECNICO_OPERATIVO_MANTENIMIENTO,ADMINISTRATIVO,TÉCNICOS ESPECIALIZADOS - EJECUCIÓN DE PROYECTOS,DIRECCIÓN DE TALENTO HUMANO,False,0.19,TECNICO_OPERATIVO_MANTENIMIENTO,True,0,0,0,False,False,,0,,False,False,0,0,False,0,False,,SERVICIOS PROFESIONALES - EJECUCIÓN DE ACTIVIDADES,DIRECCIÓN DE TALENTO HUMANO,CONTRATO_SERVICIOS_PROFESIONALES_PROYECTO,ADMINISTRATIVO
655729,2,2,TECNICO_DOCENTE_APOYO,DOCENTE,TÉCNICO DOCENTE 1 (TC),FACULTAD DE CIENCIAS SOCIALES Y HUMANÍSTICAS,True,0.36,TECNICO_OPERATIVO_MANTENIMIENTO,False,1,1,0,True,False,0.36,0,,False,False,0,0,False,0,False,,,,,
655736,1,1,TECNICO_DOCENTE_APOYO,DOCENTE,TÉCNICO DE LABORATORIO 1 (TC),FACULTAD DE CIENCIAS SOCIALES Y HUMANÍSTICAS,False,0.11,TECNICO_DOCENTE_APOYO,True,0,0,0,False,False,,0,,False,False,0,0,False,0,False,,,,,
655747,1,1,TECNICO_OPERATIVO_MANTENIMIENTO,ADMINISTRATIVO,TÉCNICOS ESPECIALIZADOS - EJECUCIÓN DE ACTIVIDADES,FACULTAD DE CIENCIAS NATURALES Y MATEMÁTICAS,False,0.34,TECNICO_OPERATIVO_MANTENIMIENTO,True,0,0,0,False,False,,0,,False,False,0,0,False,0,False,,,,,
655764,1,1,TECNICO_OPERATIVO_MANTENIMIENTO,ADMINISTRATIVO,TÉCNICOS ESPECIALIZADOS - EJECUCIÓN DE ACTIVIDADES,CENTRO DE ESTUDIOS ASIA-PACÍFICO,False,0.78,TECNICO_OPERATIVO_MANTENIMIENTO,True,0,0,0,False,False,,0,,False,False,0,0,False,0,False,,SERVICIOS PROFESIONALES - EJECUCIÓN DE ACTIVIDADES,CENTRO DE ESTUDIOS ASIA-PACÍFICO,CONTRATO_SERVICIOS_PROFESIONALES_PROYECTO,ADMINISTRATIVO
655773,2,1,TECNICO_OPERATIVO_MANTENIMIENTO,ADMINISTRATIVO,TÉCNICOS ESPECIALIZADOS - EJECUCIÓN DE ACTIVIDADES,"VICERRECTORADO DE INVESTIGACIÓN, DESARROLLO E INNOVACIÓN",False,0.26,TECNICO_OPERATIVO_MANTENIMIENTO,True,0,0,0,False,False,,0,,False,False,0,0,False,0,False,,,,,
655779,1,1,TECNICO_DOCENTE_APOYO,DOCENTE,TÉCNICO DE LABORATORIO 1 (TC),FACULTAD DE CIENCIAS SOCIALES Y HUMANÍSTICAS,False,0.11,TECNICO_DOCENTE_APOYO,True,0,0,0,False,False,,0,,False,False,0,0,False,0,False,,,,,
655925,1,1,TECNICO_DOCENTE_APOYO,DOCENTE,TÉCNICO DE INVESTIGACIÓN 1 (TC),DECANATO DE INVESTIGACIÓN,False,0.36,TECNICO_DOCENTE_APOYO,True,0,0,0,False,False,,0,,False,False,0,0,False,0,False,,,,,
655963,1,1,DOCENTE_NO_TITULAR_OCASIONAL,DOCENTE,PROFESOR NO TITULAR OCASIONAL (TC),FACULTAD DE CIENCIAS DE LA VIDA,False,3.13,DOCENTE_NO_TITULAR_OCASIONAL,True,0,0,0,False,False,,0,,False,True,2,1,False,0,True,JEFATURA_SUPERVISION_OPERATIVA,,,,
655964,14,1,PROFESIONAL_ANALISTA,ADMINISTRATIVO,ANALISTA ADMINISTRATIVO FINANCIERO 3,CENTRO NACIONAL DE ACUICULTURA E INVESTIGACIONES MARINAS,True,0.03,PROFESIONAL_ANALISTA,True,0,0,0,False,False,,0,,False,False,0,0,False,0,False,,,,,
655974,1,1,TECNICO_DOCENTE_APOYO,DOCENTE,TÉCNICO DOCENTE 1 (TC),FACULTAD DE CIENCIAS NATURALES Y MATEMÁTICAS,False,1.94,TECNICO_DOCENTE_APOYO,True,0,0,0,False,False,,0,,False,False,0,0,False,0,False,,,,,
655976,1,1,TECNICO_OPERATIVO_MANTENIMIENTO,ADMINISTRATIVO,TÉCNICOS ESPECIALIZADOS - EJECUCIÓN DE ACTIVIDADES,RECTORADO,False,0.21,TECNICO_OPERATIVO_MANTENIMIENTO,True,0,0,0,False,False,,0,,False,False,0,0,False,0,False,,,,,
655982,3,2,DOCENTE_NO_TITULAR_OCASIONAL,DOCENTE,PROFESOR NO TITULAR OCASIONAL (TC),FACULTAD DE CIENCIAS NATURALES Y MATEMÁTICAS,True,1.95,TECNICO_DOCENTE_APOYO,False,1,0,0,False,False,1.95,0,,False,False,0,0,False,0,False,,,,,
655989,2,1,DOCENTE_NO_TITULAR_OCASIONAL,DOCENTE,PROFESOR NO TITULAR OCASIONAL (TC),FACULTAD DE INGENIERÍA EN CIENCIAS DE LA TIERRA,True,3.36,DOCENTE_NO_TITULAR_OCASIONAL,True,0,0,0,False,False,,0,,False,True,2,1,False,0,True,JEFATURA_SUPERVISION_OPERATIVA,,,,
655995,1,1,AUXILIAR_AYUDANTE_OPERATIVO,ADMINISTRATIVO,AUXILIAR DE SERVICIOS,FACULTAD DE CIENCIAS NATURALES Y MATEMÁTICAS,True,6.85,AUXILIAR_AYUDANTE_OPERATIVO,True,0,0,0,False,False,,0,,False,False,0,0,False,0,False,,,,,
655996,1,1,AUXILIAR_AYUDANTE_OPERATIVO,ADMINISTRATIVO,AUXILIAR DE SERVICIOS,DIRECCIÓN DE SERVICIOS GENERALES,True,6.85,AUXILIAR_AYUDANTE_OPERATIVO,True,0,0,0,False,False,,0,,False,False,0,0,False,0,False,,,,,
655997,1,1,AUXILIAR_AYUDANTE_OPERATIVO,ADMINISTRATIVO,AUXILIAR DE SERVICIOS,DIRECCIÓN DE ADQUISICIONES Y SUMINISTROS,False,0.86,AUXILIAR_AYUDANTE_OPERATIVO,True,0,0,0,False,False,,0,,False,False,0,0,False,0,False,,,,,
655998,1,1,AUXILIAR_AYUDANTE_OPERATIVO,ADMINISTRATIVO,AUXILIAR DE SERVICIOS DE MANTENIMIENTO,CENTRO DE INFORMACIÓN BIBLIOTECARIA,True,6.85,AUXILIAR_AYUDANTE_OPERATIVO,True,0,0,0,False,False,,0,,False,False,0,0,False,0,False,,,,,
656001,1,1,TECNICO_OPERATIVO_MANTENIMIENTO,ADMINISTRATIVO,TÉCNICOS ESPECIALIZADOS - EJECUCIÓN DE ACTIVIDADES DE INVESTIGACIÓN,DECANATO DE INVESTIGACIÓN,False,0.54,TECNICO_OPERATIVO_MANTENIMIENTO,True,0,0,0,False,False,,0,,False,False,0,0,False,0,False,,,,,
656002,1,1,PROFESIONAL_ESPECIALIZADO_TECNICO,ADMINISTRATIVO,MÉDICO,GERENCIA DE BIENESTAR POLITÉCNICO,True,1.77,PROFESIONAL_ESPECIALIZADO_TECNICO,True,0,0,0,False,False,,0,,False,False,0,0,False,0,False,,,,,
656003,1,1,PROFESIONAL_ESPECIALIZADO_TECNICO,ADMINISTRATIVO,MÉDICO,GERENCIA DE BIENESTAR POLITÉCNICO,True,4.69,PROFESIONAL_ESPECIALIZADO_TECNICO,True,0,0,0,False,False,,0,,False,False,0,0,False,0,False,,,,,
656019,2,1,DOCENTE_NO_TITULAR_OCASIONAL,DOCENTE,PROFESOR NO TITULAR OCASIONAL (TP),DECANATO DE GRADO,False,0.76,DOCENTE_NO_TITULAR_OCASIONAL,True,0,0,0,False,False,,0,,False,False,0,0,False,0,False,,SERVICIOS PROFESIONALES - EJECUCIÓN DE ACTIVIDADES,GERENCIA DE COMUNICACIÓN,CONTRATO_SERVICIOS_PROFESIONALES_PROYECTO,ADMINISTRATIVO
656027,1,1,PROFESIONAL_ANALISTA,ADMINISTRATIVO,ANALISTA DE DESARROLLO DE SISTEMAS 2,DESCONOCIDA,False,0.24,PROFESIONAL_ANALISTA,True,0,0,0,False,False,,0,,False,False,0,0,False,0,False,,,,,
656028,1,1,AUXILIAR_AYUDANTE_OPERATIVO,ADMINISTRATIVO,AUXILIAR DE SERVICIOS,FACULTAD DE INGENIERÍA EN CIENCIAS DE LA TIERRA,True,6.78,AUXILIAR_AYUDANTE_OPERATIVO,True,0,0,0,False,False,,0,,False,False,0,0,False,0,False,,,,,
656039,2,1,TECNICO_OPERATIVO_MANTENIMIENTO,ADMINISTRATIVO,TÉCNICOS ESPECIALIZADOS - EJECUCIÓN DE ACTIVIDADES,DECANATO DE INVESTIGACIÓN,False,0.07,TECNICO_OPERATIVO_MANTENIMIENTO,True,0,0,0,False,False,,0,,False,False,0,0,False,0,False,,,,,
656052,1,1,ASISTENCIA_SECRETARIAL_OFICINA,ADMINISTRATIVO,ASISTENTE EJECUTIVA 2,FACULTAD DE INGENIERÍA EN ELECTRICIDAD Y COMPUTACIÓN,True,1.94,ASISTENCIA_SECRETARIAL_OFICINA,True,0,0,0,False,False,,0,,False,False,0,0,False,0,False,,,,,
656162,1,1,ASISTENCIA_SECRETARIAL_OFICINA,ADMINISTRATIVO,ASISTENTE DE ACTIVOS FIJOS,FACULTAD DE INGENIERÍA MECÁNICA Y CIENCIAS DE LA PRODUCCIÓN,True,4.11,ASISTENCIA_SECRETARIAL_OFICINA,True,0,0,0,False,False,,0,,False,False,0,0,False,0,False,,,,,
656168,3,1,TECNICO_OPERATIVO_MANTENIMIENTO,ADMINISTRATIVO,TÉCNICOS ESPECIALIZADOS - EJECUCIÓN DE ACTIVIDADES,DECANATO DE GRADO,True,0.68,TECNICO_OPERATIVO_MANTENIMIENTO,True,0,0,0,False,False,,0,,False,False,0,0,False,0,False,,,,,
656194,1,1,TECNICO_OPERATIVO_MANTENIMIENTO,ADMINISTRATIVO,TÉCNICOS ESPECIALIZADOS - EJECUCIÓN DE ACTIVIDADES,GERENCIA DE TECNOLOGÍAS Y SISTEMAS DE INFORMACIÓN,False,0.08,TECNICO_OPERATIVO_MANTENIMIENTO,True,0,0,0,False,False,,0,,False,False,0,0,False,0,False,,,,,
656311,1,1,OTROS_AA,ADMINISTRATIVO,PROMOTOR DE ARTE Y CULTURA,GERENCIA DE BIENESTAR POLITÉCNICO,False,4.75,OTROS_AA,True,0,0,0,False,False,,0,,False,False,0,0,False,0,False,,,,,
656459,2,1,TECNICO_OPERATIVO_MANTENIMIENTO,ADMINISTRATIVO,TÉCNICOS ESPECIALIZADOS - EJECUCIÓN DE ACTIVIDADES DE INVESTIGACIÓN,DECANATO DE INVESTIGACIÓN,False,0.73,TECNICO_OPERATIVO_MANTENIMIENTO,True,0,0,0,False,False,,0,,False,False,0,0,False,0,False,,,,,
656587,1,1,TECNICO_DOCENTE_APOYO,DOCENTE,TÉCNICO DE LABORATORIO 1 (TC),FACULTAD DE CIENCIAS DE LA VIDA,False,0.33,TECNICO_DOCENTE_APOYO,True,0,0,0,False,False,,0,,False,False,0,0,False,0,False,,,,,
656651,3,1,TECNICO_OPERATIVO_MANTENIMIENTO,ADMINISTRATIVO,TÉCNICOS ESPECIALIZADOS - EJECUCIÓN DE ACTIVIDADES,GERENCIA DE TECNOLOGÍAS Y SISTEMAS DE INFORMACIÓN,False,0.2,TECNICO_OPERATIVO_MANTENIMIENTO,True,0,0,0,False,False,,0,,False,False,0,0,False,0,False,,,,,
656709,1,1,SERVICIOS_GENERALES_OFICIOS,ADMINISTRATIVO,CHOFER,DIRECCIÓN DE SERVICIOS GENERALES,True,5.03,SERVICIOS_GENERALES_OFICIOS,True,0,0,0,False,False,,0,,False,False,0,0,False,0,False,,,,,
656718,1,1,SERVICIOS_GENERALES_OFICIOS,ADMINISTRATIVO,CHOFER,DIRECCIÓN DE SERVICIOS GENERALES,False,0.0,SERVICIOS_GENERALES_OFICIOS,True,0,0,0,False,False,,0,,False,False,0,0,False,0,False,,,,,
656719,2,1,SERVICIOS_GENERALES_OFICIOS,ADMINISTRATIVO,CHOFER,DIRECCIÓN DE SERVICIOS GENERALES,False,2.51,SERVICIOS_GENERALES_OFICIOS,True,0,0,0,False,False,,0,,False,False,0,0,False,0,False,,,,,
656754,1,1,PROFESIONAL_ESPECIALIZADO_TECNICO,ADMINISTRATIVO,ABOGADO,GERENCIA JURÍDICA,False,4.85,PROFESIONAL_ESPECIALIZADO_TECNICO,True,0,0,0,False,False,,2,ASISTENCIA_SECRETARIAL_OFICINA,True,True,7,1,True,7,True,OTROS_AA,,,,
656778,1,1,TECNICO_OPERATIVO_MANTENIMIENTO,ADMINISTRATIVO,TÉCNICOS ESPECIALIZADOS - EJECUCIÓN DE ACTIVIDADES,UNIDAD DE BIENESTAR ESTUDIANTIL Y POLITÉCNICO,False,0.01,TECNICO_OPERATIVO_MANTENIMIENTO,True,0,0,0,False,False,,0,,False,False,0,0,False,0,False,,,,,
656779,1,1,AUXILIAR_AYUDANTE_OPERATIVO,ADMINISTRATIVO,AUXILIAR DE SERVICIOS,GERENCIA DE BIENESTAR POLITÉCNICO,False,4.3,AUXILIAR_AYUDANTE_OPERATIVO,True,0,0,0,False,False,,0,,False,False,0,0,False,0,False,,,,,
656780,1,1,AUXILIAR_AYUDANTE_OPERATIVO,ADMINISTRATIVO,AUXILIAR DE SERVICIOS,DIRECCIÓN DE SERVICIOS GENERALES,False,2.59,AUXILIAR_AYUDANTE_OPERATIVO,True,0,0,0,False,False,,0,,False,False,0,0,False,0,False,,,,,
656781,1,1,PROFESIONAL_ANALISTA,ADMINISTRATIVO,ANALISTA DE LABORATORIO DE INVESTIGACIÓN 2,CENTRO DE INVESTIGACIONES BIOTECNOLÓGICAS DEL ECUADOR,False,1.5,PROFESIONAL_ANALISTA,True,0,0,0,False,False,,0,,False,False,0,0,False,0,False,,,,,
656831,1,1,AUXILIAR_AYUDANTE_OPERATIVO,ADMINISTRATIVO,AUXILIAR DE SERVICIOS,FACULTAD DE CIENCIAS DE LA VIDA,True,0.78,AUXILIAR_AYUDANTE_OPERATIVO,True,0,0,0,False,False,,0,,False,False,0,0,False,0,False,,,,,
656842,1,1,PROFESIONAL_ANALISTA,ADMINISTRATIVO,ANALISTA ADMINISTRATIVO,"FACULTAD DE ARTE, DISEÑO Y COMUNICACIÓN AUDIOVISUAL",False,1.36,PROFESIONAL_ANALISTA,True,0,0,0,False,False,,0,,False,False,0,0,False,0,False,,,,,
656852,1,1,AUXILIAR_AYUDANTE_OPERATIVO,ADMINISTRATIVO,AUXILIAR DE SERVICIOS DE MANTENIMIENTO,DIRECCIÓN DE SERVICIOS GENERALES,True,3.86,AUXILIAR_AYUDANTE_OPERATIVO,True,0,0,0,False,False,,0,,False,False,0,0,False,0,False,,,,,
657132,1,1,SERVICIOS_GENERALES_OFICIOS,ADMINISTRATIVO,CHOFER,DIRECCIÓN DE SERVICIOS GENERALES,False,0.16,SERVICIOS_GENERALES_OFICIOS,True,0,0,0,False,False,,0,,False,False,0,0,False,0,False,,,,,
657168,1,1,TECNICO_OPERATIVO_MANTENIMIENTO,ADMINISTRATIVO,TÉCNICOS ESPECIALIZADOS - EJECUCIÓN DE ACTIVIDADES,GERENCIA DE INFRAESTRUCTURA FÍSICA,False,0.04,TECNICO_OPERATIVO_MANTENIMIENTO,True,0,0,0,False,False,,0,,False,False,0,0,False,0,False,,,,,
657319,1,1,TECNICO_DOCENTE_APOYO,DOCENTE,TÉCNICO DE INVESTIGACIÓN 1 (TC),CENTRO DE TECNOLOGÍAS DE LA INFORMACIÓN,True,0.68,TECNICO_DOCENTE_APOYO,True,0,0,0,False,False,,0,,False,False,0,0,False,0,False,,,,,
657331,1,1,TECNICO_DOCENTE_APOYO,DOCENTE,TÉCNICO DE LABORATORIO 1 (TC),FACULTAD DE CIENCIAS SOCIALES Y HUMANÍSTICAS,False,0.32,TECNICO_DOCENTE_APOYO,True,0,0,0,False,False,,0,,False,False,0,0,False,0,False,,SERVICIOS PROFESIONALES - EJECUCIÓN DE ACTIVIDADES,DECANATO DE VINCULACIÓN,CONTRATO_SERVICIOS_PROFESIONALES_PROYECTO,ADMINISTRATIVO
657356,1,1,TECNICO_DOCENTE_APOYO,DOCENTE,TÉCNICO DE INVESTIGACIÓN 1 (TC),FACULTAD DE CIENCIAS DE LA VIDA,True,0.68,TECNICO_DOCENTE_APOYO,True,0,0,0,False,False,,0,,False,False,0,0,False,0,False,,,,,
657391,1,1,TECNICO_OPERATIVO_MANTENIMIENTO,ADMINISTRATIVO,TÉCNICOS ESPECIALIZADOS - EJECUCIÓN DE ACTIVIDADES,OFICINA DE TRANSFERENCIA DE RESULTADOS DE INVESTIGACIÓN - OTRI EN LA ESPOL,False,0.2,TECNICO_OPERATIVO_MANTENIMIENTO,True,0,0,0,False,False,,0,,False,False,0,0,False,0,False,,SERVICIOS PROFESIONALES - EJECUCIÓN DE ACTIVIDADES,OFICINA DE TRANSFERENCIA DE RESULTADOS DE INVESTIGACIÓN - OTRI EN LA ESPOL,CONTRATO_SERVICIOS_PROFESIONALES_PROYECTO,ADMINISTRATIVO
657449,1,1,TECNICO_DOCENTE_APOYO,DOCENTE,TÉCNICO DE LABORATORIO 1 (TC),FACULTAD DE INGENIERÍA EN CIENCIAS DE LA TIERRA,True,1.33,TECNICO_DOCENTE_APOYO,True,0,0,0,False,False,,0,,False,False,0,0,False,0,False,,,,,
657500,1,1,TECNICO_DOCENTE_APOYO,DOCENTE,TÉCNICO DOCENTE 3 (TC),DIRECCIÓN DE ADMISIONES,False,0.38,TECNICO_DOCENTE_APOYO,True,0,0,0,False,False,,0,,False,False,0,0,False,0,False,,,,,
657523,1,1,TECNICO_DOCENTE_APOYO,DOCENTE,TÉCNICO DE INVESTIGACIÓN 1 (TC),FACULTAD DE INGENIERÍA EN ELECTRICIDAD Y COMPUTACIÓN,True,0.94,TECNICO_DOCENTE_APOYO,True,0,0,0,False,False,,0,,False,False,0,0,False,0,False,,,,,
658070,2,1,TECNICO_OPERATIVO_MANTENIMIENTO,ADMINISTRATIVO,TÉCNICOS ESPECIALIZADOS - EJECUCIÓN DE ACTIVIDADES,"VICERRECTORADO DE INVESTIGACIÓN, DESARROLLO E INNOVACIÓN",True,0.68,TECNICO_OPERATIVO_MANTENIMIENTO,True,0,0,0,False,False,,0,,False,False,0,0,False,0,False,,,,,
658075,1,1,SERVICIOS_GENERALES_OFICIOS,ADMINISTRATIVO,OPERADOR DE EQUIPOS DE MONITOREO,DIRECCION DE SEGURIDAD FISICA,True,1.68,SERVICIOS_GENERALES_OFICIOS,True,0,0,0,False,False,,0,,False,False,0,0,False,0,False,,,,,
658138,2,2,DOCENTE_TITULAR_CARRERA,DOCENTE,PROFESOR TITULAR AUXILIAR 1 (TC),"FACULTAD DE ARTE, DISEÑO Y COMUNICACIÓN AUDIOVISUAL",True,3.28,DOCENTE_NO_TITULAR_OCASIONAL,False,1,0,0,False,False,3.28,0,,False,False,0,0,False,0,False,,,,,
658200,1,1,TECNICO_OPERATIVO_MANTENIMIENTO,ADMINISTRATIVO,TÉCNICOS ESPECIALIZADOS - EJECUCIÓN DE CAPACITACIÓN,UNIDAD DE BIENESTAR ESTUDIANTIL Y POLITÉCNICO,False,0.25,TECNICO_OPERATIVO_MANTENIMIENTO,True,0,0,0,False,False,,0,,False,False,0,0,False,0,False,,,,,
658206,1,1,PROFESIONAL_ANALISTA,ADMINISTRATIVO,AUDITOR INTERNO 1,AUDITORÍA INTERNA,False,3.47,PROFESIONAL_ANALISTA,True,0,0,0,False,False,,0,,False,False,0,0,False,0,False,,,,,
658319,1,1,TECNICO_DOCENTE_APOYO,DOCENTE,TÉCNICO DE INVESTIGACIÓN 1 (TC),CENTRO DE INVESTIGACIONES BIOTECNOLÓGICAS DEL ECUADOR,True,0.68,TECNICO_DOCENTE_APOYO,True,0,0,0,False,False,,0,,False,False,0,0,False,0,False,,,,,
658334,1,1,TECNICO_DOCENTE_APOYO,DOCENTE,TÉCNICO DE INVESTIGACIÓN 2 (TC),"CENTRO DE INVESTIGACIÓN, DESARROLLO E INNOVACIÓN DE SISTEMAS COMPUTACIONALES",False,0.24,TECNICO_DOCENTE_APOYO,True,0,0,0,False,False,,0,,False,False,0,0,False,0,False,,,,,
658349,1,1,TECNICO_OPERATIVO_MANTENIMIENTO,ADMINISTRATIVO,TÉCNICOS ESPECIALIZADOS - EJECUCIÓN DE ACTIVIDADES,DECANATO DE INVESTIGACIÓN,False,0.54,TECNICO_OPERATIVO_MANTENIMIENTO,True,0,0,0,False,False,,0,,False,False,0,0,False,0,False,,,,,
658362,2,2,DOCENTE_NO_TITULAR_OCASIONAL,DOCENTE,PROFESOR NO TITULAR OCASIONAL (TC),FACULTAD DE INGENIERÍA MECÁNICA Y CIENCIAS DE LA PRODUCCIÓN,False,3.37,TECNICO_DOCENTE_APOYO,False,1,0,0,False,False,5.32,0,,False,True,3,1,False,0,True,JEFATURA_SUPERVISION_OPERATIVA,,,,
658363,1,1,TECNICO_DOCENTE_APOYO,DOCENTE,TÉCNICO DOCENTE 1 (TC),FACULTAD DE INGENIERÍA MECÁNICA Y CIENCIAS DE LA PRODUCCIÓN,False,0.5,TECNICO_DOCENTE_APOYO,True,0,0,0,False,False,,0,,False,True,1,1,False,0,True,JEFATURA_SUPERVISION_OPERATIVA,,,,
658364,1,1,TECNICO_DOCENTE_APOYO,DOCENTE,TÉCNICO DE INVESTIGACIÓN 4 (TC),FACULTAD DE CIENCIAS DE LA VIDA,False,1.69,TECNICO_DOCENTE_APOYO,True,0,0,0,False,False,,0,,False,False,0,0,False,0,False,,,,,
658365,2,1,DOCENTE_NO_TITULAR_OCASIONAL,DOCENTE,PROFESOR NO TITULAR OCASIONAL (TC),FACULTAD DE CIENCIAS SOCIALES Y HUMANÍSTICAS,False,3.19,DOCENTE_NO_TITULAR_OCASIONAL,True,0,0,0,False,False,,0,,False,False,0,0,False,0,False,,,,,
658366,1,1,TECNICO_DOCENTE_APOYO,DOCENTE,TÉCNICO DE INVESTIGACIÓN 1 (TC),CENTRO DE TECNOLOGÍAS DE LA INFORMACIÓN,False,3.0,TECNICO_DOCENTE_APOYO,True,0,0,0,False,False,,0,,False,False,0,0,False,0,False,,,,,
658370,1,1,PROFESIONAL_ESPECIALIZADO_TECNICO,ADMINISTRATIVO,ENFERMERA,GERENCIA DE BIENESTAR POLITÉCNICO,True,5.94,PROFESIONAL_ESPECIALIZADO_TECNICO,True,0,0,0,False,False,,0,,False,False,0,0,False,0,False,,,,,
658371,1,1,TECNICO_DOCENTE_APOYO,DOCENTE,TÉCNICO DE INVESTIGACIÓN 1 (TC),CENTRO NACIONAL DE ACUICULTURA E INVESTIGACIONES MARINAS,True,5.94,TECNICO_DOCENTE_APOYO,True,0,0,0,False,False,,0,,False,False,0,0,False,0,False,,,,,
658467,1,1,TECNICO_OPERATIVO_MANTENIMIENTO,ADMINISTRATIVO,TÉCNICOS ESPECIALIZADOS - EJECUCIÓN DE ACTIVIDADES,OFICINA DE TRANSFERENCIA DE RESULTADOS DE INVESTIGACIÓN - OTRI EN LA ESPOL,False,0.22,TECNICO_OPERATIVO_MANTENIMIENTO,True,0,0,0,False,False,,0,,False,False,0,0,False,0,False,,,,,
658478,1,1,TECNICO_OPERATIVO_MANTENIMIENTO,ADMINISTRATIVO,TÉCNICOS ESPECIALIZADOS - EJECUCIÓN DE PROYECTOS,CENTRO INTERNACIONAL DEL PACÍFICO PARA LA REDUCCIÓN DEL RIESGO DE DESASTRES,False,0.16,TECNICO_OPERATIVO_MANTENIMIENTO,True,0,0,0,False,False,,0,,False,False,0,0,False,0,False,,,,,
658481,1,1,TECNICO_OPERATIVO_MANTENIMIENTO,ADMINISTRATIVO,TÉCNICOS ESPECIALIZADOS - EJECUCIÓN DE PROYECTOS,GERENCIA DE TECNOLOGÍAS Y SISTEMAS DE INFORMACIÓN,False,0.15,TECNICO_OPERATIVO_MANTENIMIENTO,True,0,0,0,False,False,,0,,False,False,0,0,False,0,False,,,,,
658560,2,1,TECNICO_DOCENTE_APOYO,DOCENTE,TÉCNICO DE LABORATORIO 1 (TC),FACULTAD DE CIENCIAS DE LA VIDA,True,0.16,TECNICO_DOCENTE_APOYO,True,0,0,0,False,False,,0,,False,False,0,0,False,0,False,,,,,
658647,1,1,SERVICIOS_GENERALES_OFICIOS,ADMINISTRATIVO,OPERADOR DE EQUIPOS DE MONITOREO,DIRECCION DE SEGURIDAD FISICA,True,4.78,SERVICIOS_GENERALES_OFICIOS,True,0,0,0,False,False,,0,,False,False,0,0,False,0,False,,,,,
658658,1,1,TECNICO_OPERATIVO_MANTENIMIENTO,ADMINISTRATIVO,TÈCNICO DE MANTENIMIENTO ELÈCTRICO,DIRECCIÓN DE SERVICIOS GENERALES,True,5.94,TECNICO_OPERATIVO_MANTENIMIENTO,True,0,0,0,False,False,,0,,False,False,0,0,False,0,False,,,,,
658659,2,2,PROFESIONAL_ANALISTA,ADMINISTRATIVO,ESPECIALISTA DE MANTENIMIENTO,DIRECCIÓN DE SERVICIOS GENERALES,True,1.69,TECNICO_OPERATIVO_MANTENIMIENTO,False,1,0,0,False,False,1.69,1,TECNICO_OPERATIVO_MANTENIMIENTO,True,False,0,0,False,0,False,,,,,
658674,3,1,DOCENTE_NO_TITULAR_OCASIONAL,DOCENTE,PROFESOR NO TITULAR OCASIONAL (TC),DECANATO DE GRADO,False,0.76,DOCENTE_NO_TITULAR_OCASIONAL,True,0,0,0,False,False,,0,,False,False,0,0,False,0,False,,,,,
658676,1,1,DOCENTE_NO_TITULAR_OCASIONAL,DOCENTE,PROFESOR NO TITULAR OCASIONAL (TP),FACULTAD DE INGENIERÍA EN CIENCIAS DE LA TIERRA,False,0.38,DOCENTE_NO_TITULAR_OCASIONAL,True,0,0,0,False,False,,0,,False,False,0,0,False,0,False,,,,,
658678,1,1,DOCENTE_NO_TITULAR_OCASIONAL,DOCENTE,PROFESOR NO TITULAR OCASIONAL (TC),DECANATO DE GRADO,True,5.32,DOCENTE_NO_TITULAR_OCASIONAL,True,0,0,0,False,False,,0,,False,False,0,0,False,0,False,,,,,
658679,1,1,JEFATURA_SUPERVISION_OPERATIVA,ADMINISTRATIVO,GUARDALMACÉN,GERENCIA ADMINISTRATIVA,False,5.08,JEFATURA_SUPERVISION_OPERATIVA,True,0,0,0,False,False,,0,,False,False,0,0,False,0,False,,,,,
658681,1,1,TECNICO_OPERATIVO_MANTENIMIENTO,ADMINISTRATIVO,TÉCNICOS ESPECIALIZADOS - EJECUCIÓN DE PROYECTOS,UNIDAD DE VINCULACIÓN CON LA SOCIEDAD,False,0.07,TECNICO_OPERATIVO_MANTENIMIENTO,True,0,0,0,False,False,,0,,False,False,0,0,False,0,False,,,,,
658687,2,2,PROFESIONAL_ANALISTA,ADMINISTRATIVO,ANALISTA DE ASESORÍA JURÍDICA 3,GERENCIA JURÍDICA,True,0.45,PROFESIONAL_ESPECIALIZADO_TECNICO,False,1,0,0,False,False,0.45,2,AUTORIDAD_ADMINISTRATIVA_SUPERIOR,True,True,12,1,True,12,True,OTROS_AA,,,,
658694,1,1,PROFESIONAL_ESPECIALIZADO_TECNICO,ADMINISTRATIVO,PSICÓLOGO,GERENCIA DE BIENESTAR POLITÉCNICO,True,2.86,PROFESIONAL_ESPECIALIZADO_TECNICO,True,0,0,0,False,False,,0,,False,False,0,0,False,0,False,,,,,
658714,2,1,PROFESIONAL_ANALISTA,ADMINISTRATIVO,ANALISTA DE COMPRAS PÚBLICAS 3,GERENCIA ADMINISTRATIVA,False,0.95,PROFESIONAL_ANALISTA,True,0,0,0,False,False,,1,AUTORIDAD_ADMINISTRATIVA_SUPERIOR,True,True,2,1,False,0,False,AUTORIDAD_ADMINISTRATIVA_SUPERIOR,,,,
658716,1,1,PROFESIONAL_ANALISTA,ADMINISTRATIVO,ANALISTA DE INFRAESTRUCTURA FÍSICA 2,GERENCIA DE INFRAESTRUCTURA FÍSICA,False,5.01,PROFESIONAL_ANALISTA,True,0,0,0,False,False,,0,,False,False,0,0,False,0,False,,,,,
659263,1,1,TECNICO_DOCENTE_APOYO,DOCENTE,TÉCNICO DE LABORATORIO 1 (TC),FACULTAD DE INGENIERÍA MECÁNICA Y CIENCIAS DE LA PRODUCCIÓN,False,0.48,TECNICO_DOCENTE_APOYO,True,0,0,0,False,False,,0,,False,False,0,0,False,0,False,,,,,
659295,1,1,TECNICO_DOCENTE_APOYO,DOCENTE,TÉCNICO DE LABORATORIO 1 (TC),FACULTAD DE CIENCIAS DE LA VIDA,False,0.15,TECNICO_DOCENTE_APOYO,True,0,0,0,False,False,,0,,False,False,0,0,False,0,False,,,,,
659311,1,1,TECNICO_OPERATIVO_MANTENIMIENTO,ADMINISTRATIVO,TÉCNICOS ESPECIALIZADOS - EJECUCIÓN DE ACTIVIDADES,GERENCIA DE TECNOLOGÍAS Y SISTEMAS DE INFORMACIÓN,False,0.13,TECNICO_OPERATIVO_MANTENIMIENTO,True,0,0,0,False,False,,0,,False,False,0,0,False,0,False,,,,,
659315,2,1,TECNICO_OPERATIVO_MANTENIMIENTO,ADMINISTRATIVO,TÉCNICOS ESPECIALIZADOS - EJECUCIÓN DE ACTIVIDADES,DECANATO DE GRADO,False,0.41,TECNICO_OPERATIVO_MANTENIMIENTO,True,0,0,0,False,False,,0,,False,False,0,0,False,0,False,,,,,
659325,2,1,TECNICO_OPERATIVO_MANTENIMIENTO,ADMINISTRATIVO,TÉCNICOS ESPECIALIZADOS - EJECUCIÓN DE ACTIVIDADES,GERENCIA DE TECNOLOGÍAS Y SISTEMAS DE INFORMACIÓN,False,0.1,TECNICO_OPERATIVO_MANTENIMIENTO,True,0,0,0,False,False,,0,,False,False,0,0,False,0,False,,,,,
659575,1,1,AUXILIAR_AYUDANTE_OPERATIVO,ADMINISTRATIVO,AUXILIAR DE LABORATORIO (8HD),CENTRO NACIONAL DE ACUICULTURA E INVESTIGACIONES MARINAS,True,5.61,AUXILIAR_AYUDANTE_OPERATIVO,True,0,0,0,False,False,,0,,False,False,0,0,False,0,False,,,,,
659576,1,1,ASISTENCIA_SECRETARIAL_OFICINA,ADMINISTRATIVO,SECRETARIO ADMINISTRATIVO,SECRETARIA ADMINISTRATIVA,True,5.61,ASISTENCIA_SECRETARIAL_OFICINA,True,0,0,0,False,False,,1,DOCENTE_NO_TITULAR_OCASIONAL,True,True,1,1,False,0,False,ASISTENCIA_SECRETARIAL_OFICINA,,,,
659580,1,1,TECNICO_OPERATIVO_MANTENIMIENTO,ADMINISTRATIVO,TÉCNICOS ESPECIALIZADOS - EJECUCIÓN DE ACTIVIDADES,FACULTAD DE CIENCIAS SOCIALES Y HUMANÍSTICAS,False,0.87,TECNICO_OPERATIVO_MANTENIMIENTO,True,0,0,0,False,False,,0,,False,False,0,0,False,0,False,,,,,
659582,1,1,TECNICO_DOCENTE_APOYO,DOCENTE,TÉCNICO DOCENTE 1 (TC),FACULTAD DE INGENIERÍA MECÁNICA Y CIENCIAS DE LA PRODUCCIÓN,False,0.1,TECNICO_DOCENTE_APOYO,True,0,0,0,False,False,,0,,False,False,0,0,False,0,False,,,,,
659590,1,1,PROFESIONAL_ANALISTA,ADMINISTRATIVO,ANALISTA DE PROYECTOS DE VINCULACIÓN 2,DECANATO DE VINCULACIÓN,False,0.68,PROFESIONAL_ANALISTA,True,0,0,0,False,False,,0,,False,False,0,0,False,0,False,,,,,
659592,1,1,ASISTENCIA_SECRETARIAL_OFICINA,ADMINISTRATIVO,ASISTENTE ADMINISTRATIVO,DIRECCIÓN DE SERVICIOS GENERALES,False,3.57,ASISTENCIA_SECRETARIAL_OFICINA,True,0,0,0,False,False,,0,,False,False,0,0,False,0,False,,,,,
659596,1,1,TECNICO_DOCENTE_APOYO,DOCENTE,TÉCNICO DE LABORATORIO 1 (TC),FACULTAD DE CIENCIAS DE LA VIDA,True,5.49,TECNICO_DOCENTE_APOYO,True,0,0,0,False,False,,0,,False,False,0,0,False,0,False,,,,,
659622,1,1,PROFESIONAL_ESPECIALIZADO_TECNICO,ADMINISTRATIVO,ABOGADO,GERENCIA JURÍDICA,False,0.96,PROFESIONAL_ESPECIALIZADO_TECNICO,True,0,0,0,False,False,,0,,False,False,0,0,False,0,False,,,,,
659627,1,1,DOCENTE_NO_TITULAR_OCASIONAL,DOCENTE,PROFESOR NO TITULAR OCASIONAL (TC),FACULTAD DE INGENIERÍA MECÁNICA Y CIENCIAS DE LA PRODUCCIÓN,False,1.84,DOCENTE_NO_TITULAR_OCASIONAL,True,0,0,0,False,False,,0,,False,False,0,0,False,0,False,,,,,
659644,2,2,DOCENTE_NO_TITULAR_OCASIONAL,DOCENTE,PROFESOR NO TITULAR OCASIONAL (TC),FACULTAD DE INGENIERÍA MECÁNICA Y CIENCIAS DE LA PRODUCCIÓN,False,1.35,TECNICO_DOCENTE_APOYO,False,1,0,0,False,False,4.32,0,,False,True,1,1,False,0,True,JEFATURA_SUPERVISION_OPERATIVA,,,,
659653,1,1,PROFESIONAL_ANALISTA,ADMINISTRATIVO,ANALISTA ADMINISTRATIVO,GERENCIA ADMINISTRATIVA,True,5.11,PROFESIONAL_ANALISTA,True,0,0,0,False,False,,1,AUTORIDAD_ADMINISTRATIVA_SUPERIOR,True,True,18,2,True,17,True,OTROS_AA,,,,
659660,1,1,PROFESIONAL_ANALISTA,ADMINISTRATIVO,ANALISTA DE COMPRAS PÚBLICAS 1,DIRECCIÓN DE ADQUISICIONES Y SUMINISTROS,False,0.25,PROFESIONAL_ANALISTA,True,0,0,0,False,False,,0,,False,False,0,0,False,0,False,,,,,
659664,2,1,TECNICO_DOCENTE_APOYO,DOCENTE,TÉCNICO DOCENTE 1 (TC),FACULTAD DE INGENIERÍA MECÁNICA Y CIENCIAS DE LA PRODUCCIÓN,False,0.16,TECNICO_DOCENTE_APOYO,True,0,0,0,False,False,,0,,False,True,1,1,False,0,True,JEFATURA_SUPERVISION_OPERATIVA,,,,
659665,1,1,TECNICO_DOCENTE_APOYO,DOCENTE,TÉCNICO DOCENTE 1 (TC),FACULTAD DE INGENIERÍA MECÁNICA Y CIENCIAS DE LA PRODUCCIÓN,True,5.32,TECNICO_DOCENTE_APOYO,True,0,0,0,False,False,,0,,False,True,1,1,False,0,True,JEFATURA_SUPERVISION_OPERATIVA,,,,
659674,2,1,DOCENTE_NO_TITULAR_OCASIONAL,DOCENTE,PROFESOR NO TITULAR OCASIONAL (MT),FACULTAD DE CIENCIAS SOCIALES Y HUMANÍSTICAS,False,0.94,DOCENTE_NO_TITULAR_OCASIONAL,True,0,0,0,False,False,,0,,False,False,0,0,False,0,False,,,,,
659678,5,1,DOCENTE_NO_TITULAR_OCASIONAL,DOCENTE,PROFESOR NO TITULAR OCASIONAL (MT),FACULTAD DE INGENIERÍA MECÁNICA Y CIENCIAS DE LA PRODUCCIÓN,False,0.76,DOCENTE_NO_TITULAR_OCASIONAL,True,0,0,0,False,False,,0,,False,False,0,0,False,0,False,,,,,
659679,1,1,DOCENTE_NO_TITULAR_OCASIONAL,DOCENTE,PROFESOR NO TITULAR OCASIONAL (TP),FACULTAD DE INGENIERÍA MECÁNICA Y CIENCIAS DE LA PRODUCCIÓN,True,5.32,DOCENTE_NO_TITULAR_OCASIONAL,True,0,0,0,False,False,,0,,False,False,0,0,False,0,False,,,,,
659680,2,1,DOCENTE_NO_TITULAR_OCASIONAL,DOCENTE,PROFESOR NO TITULAR OCASIONAL (MT),FACULTAD DE CIENCIAS DE LA VIDA,True,3.33,DOCENTE_NO_TITULAR_OCASIONAL,True,0,0,0,False,False,,0,,False,False,0,0,False,0,False,,,,,
659690,1,1,DOCENTE_NO_TITULAR_OCASIONAL,DOCENTE,PROFESOR NO TITULAR OCASIONAL (TP),FACULTAD DE INGENIERÍA MECÁNICA Y CIENCIAS DE LA PRODUCCIÓN,False,0.34,DOCENTE_NO_TITULAR_OCASIONAL,True,0,0,0,False,False,,0,,False,False,0,0,False,0,False,,,,,
659691,1,1,DOCENTE_NO_TITULAR_OCASIONAL,DOCENTE,PROFESOR NO TITULAR OCASIONAL (TC),FACULTAD DE CIENCIAS NATURALES Y MATEMÁTICAS,False,0.79,DOCENTE_NO_TITULAR_OCASIONAL,True,0,0,0,False,False,,0,,False,False,0,0,False,0,False,,,,,
659692,1,1,DOCENTE_NO_TITULAR_OCASIONAL,DOCENTE,PROFESOR NO TITULAR OCASIONAL (TC),"FACULTAD DE ARTE, DISEÑO Y COMUNICACIÓN AUDIOVISUAL",True,1.77,DOCENTE_NO_TITULAR_OCASIONAL,True,0,0,0,False,False,,0,,False,False,0,0,False,0,False,,,,,
659693,1,1,ASISTENCIA_SECRETARIAL_OFICINA,ADMINISTRATIVO,ASISTENTE DE ACTIVOS FIJOS,GERENCIA FINANCIERA,True,5.36,ASISTENCIA_SECRETARIAL_OFICINA,True,0,0,0,False,False,,0,,False,False,0,0,False,0,False,,,,,
659728,3,1,TECNICO_OPERATIVO_MANTENIMIENTO,ADMINISTRATIVO,TÉCNICOS ESPECIALIZADOS - EJECUCIÓN DE ACTIVIDADES,GERENCIA DE TECNOLOGÍAS Y SISTEMAS DE INFORMACIÓN,True,0.43,TECNICO_OPERATIVO_MANTENIMIENTO,True,0,0,0,False,False,,0,,False,False,0,0,False,0,False,,,,,
659818,1,1,TECNICO_DOCENTE_APOYO,DOCENTE,TÉCNICO DOCENTE 1 (TC),DECANATO DE GRADO,True,5.32,TECNICO_DOCENTE_APOYO,True,0,0,0,False,False,,0,,False,False,0,0,False,0,False,,,,,
659820,1,1,TECNICO_OPERATIVO_MANTENIMIENTO,ADMINISTRATIVO,TÉCNICOS ESPECIALIZADOS - EJECUCIÓN DE ACTIVIDADES DE INVESTIGACIÓN,DECANATO DE INVESTIGACIÓN,False,0.6,TECNICO_OPERATIVO_MANTENIMIENTO,True,0,0,0,False,False,,0,,False,False,0,0,False,0,False,,,,,
659822,1,1,TECNICO_DOCENTE_APOYO,DOCENTE,TÉCNICO DE INVESTIGACIÓN 1 (MT),DECANATO DE INVESTIGACIÓN,False,0.84,TECNICO_DOCENTE_APOYO,True,0,0,0,False,False,,0,,False,False,0,0,False,0,False,,,,,
659823,4,1,DOCENTE_NO_TITULAR_OCASIONAL,DOCENTE,PROFESOR NO TITULAR OCASIONAL (MT),FACULTAD DE INGENIERÍA EN CIENCIAS DE LA TIERRA,False,0.27,DOCENTE_NO_TITULAR_OCASIONAL,True,0,0,0,False,False,,0,,False,False,0,0,False,0,False,,,,,
660059,1,1,TECNICO_DOCENTE_APOYO,DOCENTE,TÉCNICO DE LABORATORIO 1 (TC),FACULTAD DE INGENIERÍA MARÍTIMA Y CIENCIAS DEL MAR,True,5.25,TECNICO_DOCENTE_APOYO,True,0,0,0,False,False,,0,,False,False,0,0,False,0,False,,,,,
660310,2,1,TECNICO_DOCENTE_APOYO,DOCENTE,TÉCNICO DOCENTE 4 (TC),DIRECCIÓN DE ADMISIONES,False,0.22,TECNICO_DOCENTE_APOYO,True,0,0,0,False,False,,0,,False,False,0,0,False,0,False,,,,,
660358,3,1,TECNICO_DOCENTE_APOYO,DOCENTE,TÉCNICO DOCENTE 3 (TC),DIRECCIÓN DE ADMISIONES,False,0.28,TECNICO_DOCENTE_APOYO,True,0,0,0,False,False,,0,,False,False,0,0,False,0,False,,,,,
660643,2,2,PROFESIONAL_ANALISTA,ADMINISTRATIVO,ANALISTA FINANCIERO 1,GERENCIA FINANCIERA,True,2.69,ASISTENCIA_SECRETARIAL_OFICINA,False,1,0,0,False,False,2.69,1,ASISTENCIA_SECRETARIAL_OFICINA,True,False,0,0,False,0,False,,,,,
660648,1,1,PROFESIONAL_ANALISTA,ADMINISTRATIVO,ANALISTA DE PÓLIZAS Y SEGUROS,GERENCIA FINANCIERA,True,5.28,PROFESIONAL_ANALISTA,True,0,0,0,False,False,,0,,False,False,0,0,False,0,False,,,,,
660656,1,1,PROFESIONAL_ANALISTA,ADMINISTRATIVO,AUDITOR GENERAL,AUDITORÍA INTERNA,False,2.61,PROFESIONAL_ANALISTA,True,0,0,0,False,False,,0,,False,True,1,1,False,0,False,PROFESIONAL_ANALISTA,,,,
660675,1,1,TECNICO_DOCENTE_APOYO,DOCENTE,TÉCNICO DOCENTE 1 (TC),CENTRO ECUATORIANO DE INVESTIGACIÓN Y DESARROLLO EN NANOTECNOLOGÍA,False,0.73,TECNICO_DOCENTE_APOYO,True,0,0,0,False,False,,0,,False,False,0,0,False,0,False,,,,,
660682,1,1,TECNICO_OPERATIVO_MANTENIMIENTO,ADMINISTRATIVO,TÉCNICOS ESPECIALIZADOS - EJECUCIÓN DE ACTIVIDADES,GERENCIA DE COMUNICACIÓN SOCIAL Y ASUNTOS PÚBLICOS,False,0.4,TECNICO_OPERATIVO_MANTENIMIENTO,True,0,0,0,False,False,,0,,False,False,0,0,False,0,False,,,,,
660685,2,1,TECNICO_OPERATIVO_MANTENIMIENTO,ADMINISTRATIVO,TÉCNICOS ESPECIALIZADOS - EJECUCIÓN DE CAPACITACIÓN,FACULTAD DE CIENCIAS SOCIALES Y HUMANÍSTICAS,False,0.01,TECNICO_OPERATIVO_MANTENIMIENTO,True,0,0,0,False,False,,0,,False,False,0,0,False,0,False,,,,,
660708,1,1,SERVICIOS_GENERALES_OFICIOS,ADMINISTRATIVO,SOLDADOR,DIRECCIÓN DE SERVICIOS GENERALES,True,5.03,SERVICIOS_GENERALES_OFICIOS,True,0,0,0,False,False,,0,,False,False,0,0,False,0,False,,,,,
660709,1,1,AUXILIAR_AYUDANTE_OPERATIVO,ADMINISTRATIVO,AUXILIAR DE SERVICIOS,FACULTAD DE INGENIERÍA MARÍTIMA Y CIENCIAS DEL MAR,True,5.03,AUXILIAR_AYUDANTE_OPERATIVO,True,0,0,0,False,False,,0,,False,False,0,0,False,0,False,,,,,
660710,1,1,AUXILIAR_AYUDANTE_OPERATIVO,ADMINISTRATIVO,AUXILIAR DE SERVICIOS,FACULTAD DE INGENIERÍA MARÍTIMA Y CIENCIAS DEL MAR,True,5.03,AUXILIAR_AYUDANTE_OPERATIVO,True,0,0,0,False,False,,0,,False,False,0,0,False,0,False,,,,,
660711,1,1,SERVICIOS_GENERALES_OFICIOS,ADMINISTRATIVO,CHOFER DE VEHÌCULOS PESADOS,DIRECCIÓN DE SERVICIOS GENERALES,True,5.03,SERVICIOS_GENERALES_OFICIOS,True,0,0,0,False,False,,0,,False,False,0,0,False,0,False,,,,,
660716,1,1,PROFESIONAL_ESPECIALIZADO_TECNICO,ADMINISTRATIVO,ABOGADO,GERENCIA JURÍDICA,False,0.83,PROFESIONAL_ESPECIALIZADO_TECNICO,True,0,0,0,False,False,,0,,False,False,0,0,False,0,False,,,,,
660726,2,2,DOCENTE_NO_TITULAR_OCASIONAL,DOCENTE,PROFESOR NO TITULAR OCASIONAL (TC),"FACULTAD DE ARTE, DISEÑO Y COMUNICACIÓN AUDIOVISUAL",True,1.46,TECNICO_DOCENTE_APOYO,False,1,0,0,False,False,1.46,0,,False,True,2,1,False,0,True,JEFATURA_SUPERVISION_OPERATIVA,,,,
660727,1,1,DOCENTE_NO_TITULAR_OCASIONAL,DOCENTE,PROFESOR NO TITULAR OCASIONAL (TC),FACULTAD DE CIENCIAS SOCIALES Y HUMANÍSTICAS,True,4.94,DOCENTE_NO_TITULAR_OCASIONAL,True,0,0,0,False,False,,0,,False,True,2,1,False,0,True,JEFATURA_SUPERVISION_OPERATIVA,,,,
660730,1,1,DOCENTE_NO_TITULAR_OCASIONAL,DOCENTE,PROFESOR NO TITULAR OCASIONAL (TC),FACULTAD DE CIENCIAS DE LA VIDA,True,4.94,DOCENTE_NO_TITULAR_OCASIONAL,True,0,0,0,False,False,,0,,False,True,2,1,False,0,True,JEFATURA_SUPERVISION_OPERATIVA,,,,
661047,1,1,TECNICO_OPERATIVO_MANTENIMIENTO,ADMINISTRATIVO,TÉCNICOS ESPECIALIZADOS - EJECUCIÓN DE ACTIVIDADES,FACULTAD DE INGENIERÍA MARÍTIMA Y CIENCIAS DEL MAR,False,0.16,TECNICO_OPERATIVO_MANTENIMIENTO,True,0,0,0,False,False,,0,,False,False,0,0,False,0,False,,,,,
661227,2,1,TECNICO_OPERATIVO_MANTENIMIENTO,ADMINISTRATIVO,TÉCNICOS ESPECIALIZADOS - EJECUCIÓN DE ACTIVIDADES,"CENTRO DE INVESTIGACIÓN, DESARROLLO E INNOVACIÓN DE SISTEMAS COMPUTACIONALES",True,0.68,TECNICO_OPERATIVO_MANTENIMIENTO,True,0,0,0,False,False,,0,,False,False,0,0,False,0,False,,,,,
661234,2,1,TECNICO_OPERATIVO_MANTENIMIENTO,ADMINISTRATIVO,TÉCNICOS ESPECIALIZADOS - EJECUCIÓN DE ACTIVIDADES,GERENCIA DE TECNOLOGÍAS Y SISTEMAS DE INFORMACIÓN,True,0.68,TECNICO_OPERATIVO_MANTENIMIENTO,True,0,0,0,False,False,,0,,False,False,0,0,False,0,False,,,,,
661261,3,1,TECNICO_OPERATIVO_MANTENIMIENTO,ADMINISTRATIVO,TÉCNICOS ESPECIALIZADOS - EJECUCIÓN DE ACTIVIDADES,GERENCIA DE TECNOLOGÍAS Y SISTEMAS DE INFORMACIÓN,True,0.68,TECNICO_OPERATIVO_MANTENIMIENTO,True,0,0,0,False,False,,0,,False,False,0,0,False,0,False,,,,,
661986,1,1,SERVICIOS_GENERALES_OFICIOS,ADMINISTRATIVO,CHOFER DE VEHÌCULOS PESADOS,DIRECCIÓN DE SERVICIOS GENERALES,True,4.94,SERVICIOS_GENERALES_OFICIOS,True,0,0,0,False,False,,0,,False,False,0,0,False,0,False,,,,,
662018,3,1,DOCENTE_NO_TITULAR_OCASIONAL,DOCENTE,PROFESOR NO TITULAR OCASIONAL (TC),FACULTAD DE CIENCIAS SOCIALES Y HUMANÍSTICAS,True,2.31,DOCENTE_NO_TITULAR_OCASIONAL,True,0,0,0,False,False,,0,,False,True,4,1,False,0,True,JEFATURA_SUPERVISION_OPERATIVA,,,,
662044,1,1,TECNICO_DOCENTE_APOYO,DOCENTE,TÉCNICO DE INVESTIGACIÓN 1 (TC),CENTRO NACIONAL DE ACUICULTURA E INVESTIGACIONES MARINAS,False,2.19,TECNICO_DOCENTE_APOYO,True,0,0,0,False,False,,0,,False,False,0,0,False,0,False,,,,,
662064,1,1,DOCENTE_NO_TITULAR_OCASIONAL,DOCENTE,PROFESOR NO TITULAR OCASIONAL (TC),FACULTAD DE INGENIERÍA EN CIENCIAS DE LA TIERRA,False,0.4,DOCENTE_NO_TITULAR_OCASIONAL,True,0,0,0,False,False,,0,,False,False,0,0,False,0,False,,,,,
662067,1,1,PROFESIONAL_ANALISTA,ADMINISTRATIVO,AUDITOR INTERNO 1,AUDITORÍA INTERNA,False,2.58,PROFESIONAL_ANALISTA,True,0,0,0,False,False,,0,,False,False,0,0,False,0,False,,,,,
662109,2,2,DOCENTE_NO_TITULAR_OCASIONAL,DOCENTE,PROFESOR NO TITULAR OCASIONAL (TC),"FACULTAD DE ARTE, DISEÑO Y COMUNICACIÓN AUDIOVISUAL",True,1.35,TECNICO_DOCENTE_APOYO,False,1,0,0,False,False,1.35,0,,False,False,0,0,False,0,False,,,,,
662147,1,1,ASISTENCIA_SECRETARIAL_OFICINA,ADMINISTRATIVO,ASISTENTE DE SOPORTE TÉCNICO,FACULTAD DE CIENCIAS SOCIALES Y HUMANÍSTICAS,True,4.78,ASISTENCIA_SECRETARIAL_OFICINA,True,0,0,0,False,False,,0,,False,False,0,0,False,0,False,,,,,
662157,1,1,TECNICO_DOCENTE_APOYO,DOCENTE,TÉCNICO DE INVESTIGACIÓN 1 (TC),CENTRO NACIONAL DE ACUICULTURA E INVESTIGACIONES MARINAS,False,3.58,TECNICO_DOCENTE_APOYO,True,0,0,0,False,False,,0,,False,False,0,0,False,0,False,,,,,
662172,1,1,TECNICO_DOCENTE_APOYO,DOCENTE,TÉCNICO DE INVESTIGACIÓN 1 (TC),CENTRO DE INVESTIGACIONES BIOTECNOLÓGICAS DEL ECUADOR,False,4.11,TECNICO_DOCENTE_APOYO,True,0,0,0,False,False,,0,,False,False,0,0,False,0,False,,,,,
662177,1,1,PROFESIONAL_ANALISTA,ADMINISTRATIVO,ANALISTA ADMINISTRATIVO,FACULTAD DE INGENIERÍA MECÁNICA Y CIENCIAS DE LA PRODUCCIÓN,True,2.86,PROFESIONAL_ANALISTA,True,0,0,0,False,False,,1,ASISTENCIA_SECRETARIAL_OFICINA,True,False,0,0,False,0,False,,,,,
662183,1,1,TECNICO_DOCENTE_APOYO,DOCENTE,TÉCNICO DE INVESTIGACIÓN 1 (TC),FACULTAD DE CIENCIAS DE LA VIDA,False,0.28,TECNICO_DOCENTE_APOYO,True,0,0,0,False,False,,0,,False,False,0,0,False,0,False,,,,,
662184,2,1,TECNICO_DOCENTE_APOYO,DOCENTE,TÉCNICO DE INVESTIGACIÓN 1 (TC),CENTRO DE INVESTIGACIONES BIOTECNOLÓGICAS DEL ECUADOR,False,0.24,TECNICO_DOCENTE_APOYO,True,0,0,0,False,False,,0,,False,False,0,0,False,0,False,,,,,
662436,4,1,TECNICO_OPERATIVO_MANTENIMIENTO,ADMINISTRATIVO,TÉCNICOS ESPECIALIZADOS - EJECUCIÓN DE ACTIVIDADES,FACULTAD DE CIENCIAS SOCIALES Y HUMANÍSTICAS,False,0.98,TECNICO_OPERATIVO_MANTENIMIENTO,True,0,0,0,False,False,,0,,False,False,0,0,False,0,False,,SERVICIOS PROFESIONALES - EJECUCIÓN DE ACTIVIDADES,"VICERRECTORADO DE INVESTIGACIÓN, DESARROLLO E INNOVACIÓN",CONTRATO_SERVICIOS_PROFESIONALES_PROYECTO,ADMINISTRATIVO
662490,1,1,TECNICO_DOCENTE_APOYO,DOCENTE,TÉCNICO DE INVESTIGACIÓN 1 (TC),FACULTAD DE INGENIERÍA EN CIENCIAS DE LA TIERRA,False,0.24,TECNICO_DOCENTE_APOYO,True,0,0,0,False,False,,0,,False,False,0,0,False,0,False,,,,,
662510,1,1,TECNICO_DOCENTE_APOYO,DOCENTE,TÉCNICO DE LABORATORIO 1 (TC),DECANATO DE GRADO,True,0.97,TECNICO_DOCENTE_APOYO,True,0,0,0,False,False,,0,,False,False,0,0,False,0,False,,,,,
662512,1,1,PROFESIONAL_ANALISTA,ADMINISTRATIVO,ANALISTA DE INVENTARIO,GERENCIA ADMINISTRATIVA,False,2.6,PROFESIONAL_ANALISTA,True,0,0,0,False,False,,0,,False,False,0,0,False,0,False,,,,,
662520,1,1,AUXILIAR_AYUDANTE_OPERATIVO,ADMINISTRATIVO,AUXILIAR DE SERVICIOS,FACULTAD DE CIENCIAS SOCIALES Y HUMANÍSTICAS,True,3.28,AUXILIAR_AYUDANTE_OPERATIVO,True,0,0,0,False,False,,0,,False,False,0,0,False,0,False,,,,,
662522,1,1,TECNICO_OPERATIVO_MANTENIMIENTO,ADMINISTRATIVO,TÉCNICO DE ARCHIVO Y DIGITALIZACIÓN,DIRECCIÓN DE LA SECRETARÍA TÉCNICA ACADEMICA,False,2.22,TECNICO_OPERATIVO_MANTENIMIENTO,True,0,0,0,False,False,,0,,False,False,0,0,False,0,False,,,,,
662524,1,1,SERVICIOS_GENERALES_OFICIOS,ADMINISTRATIVO,OPERADOR DE EQUIPOS DE MONITOREO,DESCONOCIDA,False,0.92,SERVICIOS_GENERALES_OFICIOS,True,0,0,0,False,False,,0,,False,False,0,0,False,0,False,,,,,
662525,1,1,ASISTENCIA_SECRETARIAL_OFICINA,ADMINISTRATIVO,ASISTENTE DE ACTIVOS FIJOS DE UNIDAD ACADÉMICA,FACULTAD DE INGENIERÍA MECÁNICA Y CIENCIAS DE LA PRODUCCIÓN,False,0.31,ASISTENCIA_SECRETARIAL_OFICINA,True,0,0,0,False,False,,0,,False,False,0,0,False,0,False,,,,,
662673,1,1,TECNICO_DOCENTE_APOYO,DOCENTE,TÉCNICO DE INVESTIGACIÓN 1 (TC),DECANATO DE INVESTIGACIÓN,False,0.5,TECNICO_DOCENTE_APOYO,True,0,0,0,False,False,,0,,False,False,0,0,False,0,False,,,,,
662677,1,1,TECNICO_OPERATIVO_MANTENIMIENTO,ADMINISTRATIVO,TÉCNICOS ESPECIALIZADOS - EJECUCIÓN DE ACTIVIDADES,DECANATO DE INVESTIGACIÓN,False,0.32,TECNICO_OPERATIVO_MANTENIMIENTO,True,0,0,0,False,False,,0,,False,False,0,0,False,0,False,,,,,
662678,1,1,ASISTENCIA_SECRETARIAL_OFICINA,ADMINISTRATIVO,ASISTENTE DE ACTIVOS FIJOS,FACULTAD DE INGENIERÍA MECÁNICA Y CIENCIAS DE LA PRODUCCIÓN,True,4.42,ASISTENCIA_SECRETARIAL_OFICINA,True,0,0,0,False,False,,0,,False,False,0,0,False,0,False,,,,,
662679,1,1,TECNICO_DOCENTE_APOYO,DOCENTE,TÉCNICO DE INVESTIGACIÓN 1 (TC),DECANATO DE INVESTIGACIÓN,False,0.84,TECNICO_DOCENTE_APOYO,True,0,0,0,False,False,,0,,False,False,0,0,False,0,False,,,,,
662684,1,1,DOCENTE_NO_TITULAR_OCASIONAL,DOCENTE,PROFESOR NO TITULAR OCASIONAL (TC),FACULTAD DE CIENCIAS NATURALES Y MATEMÁTICAS,True,4.32,DOCENTE_NO_TITULAR_OCASIONAL,True,0,0,0,False,False,,0,,False,False,0,0,False,0,False,,,,,
662687,1,1,TECNICO_OPERATIVO_MANTENIMIENTO,ADMINISTRATIVO,TÉCNICOS ESPECIALIZADOS - EJECUCIÓN DE ACTIVIDADES,GERENCIA DE COMUNICACIÓN SOCIAL Y ASUNTOS PÚBLICOS,False,0.24,TECNICO_OPERATIVO_MANTENIMIENTO,True,0,0,0,False,False,,0,,False,False,0,0,False,0,False,,,,,
662688,1,1,TECNICO_DOCENTE_APOYO,DOCENTE,TÉCNICO DOCENTE 1 (TC),FACULTAD DE INGENIERÍA MECÁNICA Y CIENCIAS DE LA PRODUCCIÓN,True,4.32,TECNICO_DOCENTE_APOYO,True,0,0,0,False,False,,0,,False,False,0,0,False,0,False,,,,,
662694,5,1,DOCENTE_NO_TITULAR_OCASIONAL,DOCENTE,PROFESOR NO TITULAR OCASIONAL (TP),FACULTAD DE CIENCIAS SOCIALES Y HUMANÍSTICAS,True,0.36,DOCENTE_NO_TITULAR_OCASIONAL,True,0,0,0,False,False,,0,,False,False,0,0,False,0,False,,,,,
662695,1,1,AUXILIAR_AYUDANTE_OPERATIVO,ADMINISTRATIVO,AUXILIAR DE SERVICIOS,GERENCIA ADMINISTRATIVA,True,4.36,AUXILIAR_AYUDANTE_OPERATIVO,True,0,0,0,False,False,,0,,False,False,0,0,False,0,False,,,,,
662706,1,1,TECNICO_OPERATIVO_MANTENIMIENTO,ADMINISTRATIVO,TÉCNICOS ESPECIALIZADOS - EJECUCIÓN DE ACTIVIDADES,GERENCIA DE COMUNICACIÓN SOCIAL Y ASUNTOS PÚBLICOS,False,0.16,TECNICO_OPERATIVO_MANTENIMIENTO,True,0,0,0,False,False,,0,,False,False,0,0,False,0,False,,,,,
662717,1,1,DOCENTE_NO_TITULAR_OCASIONAL,DOCENTE,PROFESOR NO TITULAR OCASIONAL (TP),FACULTAD DE INGENIERÍA EN CIENCIAS DE LA TIERRA,False,0.96,DOCENTE_NO_TITULAR_OCASIONAL,True,0,0,0,False,False,,0,,False,False,0,0,False,0,False,,PRESTACIÓN SERVICIOS PROFESIONALES,DESCONOCIDA,DOCENTE_CONTRATADO_SERVICIOS_CIVILES,DOCENTE
662718,2,1,DOCENTE_NO_TITULAR_OCASIONAL,DOCENTE,PROFESOR NO TITULAR OCASIONAL (TC),FACULTAD DE INGENIERÍA EN ELECTRICIDAD Y COMPUTACIÓN,True,3.33,DOCENTE_NO_TITULAR_OCASIONAL,True,0,0,0,False,False,,0,,False,False,0,0,False,0,False,,,,,
662721,1,1,DOCENTE_NO_TITULAR_OCASIONAL,DOCENTE,PROFESOR NO TITULAR OCASIONAL (MT),FACULTAD DE INGENIERÍA EN CIENCIAS DE LA TIERRA,False,2.75,DOCENTE_NO_TITULAR_OCASIONAL,True,0,0,0,False,False,,0,,False,False,0,0,False,0,False,,,,,
662765,2,2,DOCENTE_NO_TITULAR_OCASIONAL,DOCENTE,PROFESOR NO TITULAR OCASIONAL (MT),FACULTAD DE CIENCIAS NATURALES Y MATEMÁTICAS,False,0.38,TECNICO_DOCENTE_APOYO,False,1,0,0,False,False,1.95,0,,False,False,0,0,False,0,False,,,,,
662771,1,1,TECNICO_DOCENTE_APOYO,DOCENTE,TÉCNICO DE LABORATORIO 1 (TC),CENTRO DE TECNOLOGÍAS DE LA INFORMACIÓN,False,1.55,TECNICO_DOCENTE_APOYO,True,0,0,0,False,False,,0,,False,False,0,0,False,0,False,,SERVICIOS PROFESIONALES - EJECUCIÓN DE ACTIVIDADES,CENTRO DE TECNOLOGÍAS DE LA INFORMACIÓN,CONTRATO_SERVICIOS_PROFESIONALES_PROYECTO,ADMINISTRATIVO
662829,1,1,ASISTENCIA_SECRETARIAL_OFICINA,ADMINISTRATIVO,ASISTENTE DE ACTIVOS FIJOS,FACULTAD DE INGENIERÍA EN CIENCIAS DE LA TIERRA,True,4.28,ASISTENCIA_SECRETARIAL_OFICINA,True,0,0,0,False,False,,0,,False,False,0,0,False,0,False,,,,,
662846,1,1,PROFESIONAL_ESPECIALIZADO_TECNICO,ADMINISTRATIVO,TUTOR PARVULARIO,GERENCIA DE BIENESTAR POLITÉCNICO,True,2.86,PROFESIONAL_ESPECIALIZADO_TECNICO,True,0,0,0,False,False,,0,,False,False,0,0,False,0,False,,,,,
662857,1,1,PROFESIONAL_ESPECIALIZADO_TECNICO,ADMINISTRATIVO,TUTOR PARVULARIO,GERENCIA DE BIENESTAR POLITÉCNICO,True,2.86,PROFESIONAL_ESPECIALIZADO_TECNICO,True,0,0,0,False,False,,0,,False,False,0,0,False,0,False,,,,,
662863,2,1,TECNICO_OPERATIVO_MANTENIMIENTO,ADMINISTRATIVO,TÉCNICOS ESPECIALIZADOS - EJECUCIÓN DE ACTIVIDADES,GERENCIA DE BIENESTAR POLITÉCNICO,False,0.97,TECNICO_OPERATIVO_MANTENIMIENTO,True,0,0,0,False,False,,0,,False,False,0,0,False,0,False,,,,,
662864,2,1,TECNICO_OPERATIVO_MANTENIMIENTO,ADMINISTRATIVO,TÉCNICOS ESPECIALIZADOS - EJECUCIÓN DE ACTIVIDADES,GERENCIA DE BIENESTAR POLITÉCNICO,False,0.6,TECNICO_OPERATIVO_MANTENIMIENTO,True,0,0,0,False,False,,0,,False,False,0,0,False,0,False,,,,,
662865,3,1,TECNICO_OPERATIVO_MANTENIMIENTO,ADMINISTRATIVO,TÉCNICOS ESPECIALIZADOS - EJECUCIÓN DE ACTIVIDADES,GERENCIA DE BIENESTAR POLITÉCNICO,False,0.98,TECNICO_OPERATIVO_MANTENIMIENTO,True,0,0,0,False,False,,0,,False,False,0,0,False,0,False,,,,,
663058,1,1,DOCENTE_NO_TITULAR_OCASIONAL,DOCENTE,PROFESOR NO TITULAR OCASIONAL (MT),FACULTAD DE CIENCIAS DE LA VIDA,True,2.53,DOCENTE_NO_TITULAR_OCASIONAL,True,0,0,0,False,False,,0,,False,False,0,0,False,0,False,,,,,
663105,1,1,JEFATURA_SUPERVISION_OPERATIVA,ADMINISTRATIVO,SUPERVISOR DE DEPORTE,GERENCIA DE BIENESTAR POLITÉCNICO,True,1.94,JEFATURA_SUPERVISION_OPERATIVA,True,0,0,0,False,False,,0,,False,False,0,0,False,0,False,,,,,
663487,1,1,OTROS_AA,ADMINISTRATIVO,PRESTACIÓN DE SERVICIOS,DESCONOCIDA,False,0.38,OTROS_AA,True,0,0,0,False,False,,0,,False,False,0,0,False,0,False,,,,,
664061,8,1,PROFESIONAL_ANALISTA,ADMINISTRATIVO,ANALISTA FINANCIERO 2,GERENCIA FINANCIERA,True,0.04,PROFESIONAL_ANALISTA,True,0,0,0,False,False,,0,,False,False,0,0,False,0,False,,,,,
664776,1,1,TECNICO_DOCENTE_APOYO,DOCENTE,TÉCNICO DE INVESTIGACIÓN 1 (TC),FACULTAD DE INGENIERÍA EN CIENCIAS DE LA TIERRA,False,0.24,TECNICO_DOCENTE_APOYO,True,0,0,0,False,False,,0,,False,False,0,0,False,0,False,,,,,
664869,2,1,DOCENTE_NO_TITULAR_OCASIONAL,DOCENTE,PROFESOR NO TITULAR OCASIONAL (TC),FACULTAD DE CIENCIAS SOCIALES Y HUMANÍSTICAS,True,2.56,DOCENTE_NO_TITULAR_OCASIONAL,True,0,0,0,False,False,,0,,False,True,3,2,False,0,True,JEFATURA_SUPERVISION_OPERATIVA,,,,
665063,1,1,TECNICO_DOCENTE_APOYO,DOCENTE,TÉCNICO DOCENTE 1 (TC),FACULTAD DE INGENIERÍA EN ELECTRICIDAD Y COMPUTACIÓN,False,0.11,TECNICO_DOCENTE_APOYO,True,0,0,0,False,False,,0,,False,False,0,0,False,0,False,,,,,
665145,1,1,TECNICO_DOCENTE_APOYO,DOCENTE,TÉCNICO DE INVESTIGACIÓN 2 (MT),FACULTAD DE INGENIERÍA EN ELECTRICIDAD Y COMPUTACIÓN,True,2.2,TECNICO_DOCENTE_APOYO,True,0,0,0,False,False,,0,,False,False,0,0,False,0,False,,,,,
665207,1,1,TECNICO_DOCENTE_APOYO,DOCENTE,TÉCNICO DOCENTE 3 (TC),DIRECCIÓN DE ADMISIONES,False,0.13,TECNICO_DOCENTE_APOYO,True,0,0,0,False,False,,0,,False,False,0,0,False,0,False,,,,,
665236,1,1,ASISTENCIA_SECRETARIAL_OFICINA,ADMINISTRATIVO,ASISTENTE DE TALENTO HUMANO,DIRECCIÓN DE TALENTO HUMANO,True,4.2,ASISTENCIA_SECRETARIAL_OFICINA,True,0,0,0,False,False,,0,,False,False,0,0,False,0,False,,,,,
665268,1,1,TECNICO_OPERATIVO_MANTENIMIENTO,ADMINISTRATIVO,TÉCNICOS ESPECIALIZADOS - EJECUCIÓN DE CAPACITACIÓN,UNIDAD DE BIENESTAR ESTUDIANTIL Y POLITÉCNICO,False,0.01,TECNICO_OPERATIVO_MANTENIMIENTO,True,0,0,0,False,False,,0,,False,False,0,0,False,0,False,,,,,
665316,1,1,TECNICO_DOCENTE_APOYO,DOCENTE,TÉCNICO DE INVESTIGACIÓN 1 (TC),CENTRO DE INVESTIGACIONES BIOTECNOLÓGICAS DEL ECUADOR,False,2.84,TECNICO_DOCENTE_APOYO,True,0,0,0,False,False,,0,,False,False,0,0,False,0,False,,,,,
665320,1,1,PROFESIONAL_ANALISTA,ADMINISTRATIVO,ANALISTA DE RELACIONES EXTERNAS Y VINCULACIÓN CORPORATIVA 3,GERENCIA DE RELACIONES EXTERNAS Y VINCULACIÓN CORPORATIVA,True,4.11,PROFESIONAL_ANALISTA,True,0,0,0,False,False,,2,AUTORIDAD_ADMINISTRATIVA_SUPERIOR,True,True,28,1,True,28,True,OTROS_AA,,,,
665421,1,1,AUXILIAR_AYUDANTE_OPERATIVO,ADMINISTRATIVO,AUXILIAR DE SERVICIOS,DIRECCIÓN DE SERVICIOS GENERALES,True,4.03,AUXILIAR_AYUDANTE_OPERATIVO,True,0,0,0,False,False,,0,,False,False,0,0,False,0,False,,,,,
665432,1,1,DOCENTE_NO_TITULAR_OCASIONAL,DOCENTE,PROFESOR NO TITULAR OCASIONAL (TC),FACULTAD DE INGENIERÍA MECÁNICA Y CIENCIAS DE LA PRODUCCIÓN,False,1.97,DOCENTE_NO_TITULAR_OCASIONAL,True,0,0,0,False,False,,0,,False,True,3,1,False,0,True,JEFATURA_SUPERVISION_OPERATIVA,,,,
665440,1,1,DOCENTE_NO_TITULAR_OCASIONAL,DOCENTE,PROFESOR NO TITULAR OCASIONAL (TP),FACULTAD DE CIENCIAS NATURALES Y MATEMÁTICAS,False,0.38,DOCENTE_NO_TITULAR_OCASIONAL,True,0,0,0,False,False,,0,,False,False,0,0,False,0,False,,,,,
665621,2,1,TECNICO_OPERATIVO_MANTENIMIENTO,ADMINISTRATIVO,TÉCNICOS ESPECIALIZADOS - EJECUCIÓN DE ACTIVIDADES,DECANATO DE GRADO,True,0.68,TECNICO_OPERATIVO_MANTENIMIENTO,True,0,0,0,False,False,,0,,False,False,0,0,False,0,False,,,,,
666375,2,2,DOCENTE_NO_TITULAR_OCASIONAL,DOCENTE,PROFESOR NO TITULAR OCASIONAL (TC),FACULTAD DE CIENCIAS NATURALES Y MATEMÁTICAS,True,0.36,TECNICO_DOCENTE_APOYO,False,1,0,0,False,False,0.36,0,,False,False,0,0,False,0,False,,,,,
666382,5,1,TECNICO_OPERATIVO_MANTENIMIENTO,ADMINISTRATIVO,TÉCNICOS ESPECIALIZADOS - EJECUCIÓN DE ACTIVIDADES,GERENCIA DE BIENESTAR POLITÉCNICO,False,0.24,TECNICO_OPERATIVO_MANTENIMIENTO,True,0,0,0,False,False,,0,,False,False,0,0,False,0,False,,,,,
666479,1,1,ASISTENCIA_SECRETARIAL_OFICINA,ADMINISTRATIVO,ASISTENTE EJECUTIVA 2,FACULTAD DE CIENCIAS DE LA VIDA,True,2.35,ASISTENCIA_SECRETARIAL_OFICINA,True,0,0,0,False,False,,0,,False,False,0,0,False,0,False,,,,,
666552,1,1,ASISTENCIA_SECRETARIAL_OFICINA,ADMINISTRATIVO,ASISTENTE EJECUTIVA 2,GERENCIA ADMINISTRATIVA,False,0.52,ASISTENCIA_SECRETARIAL_OFICINA,True,0,0,0,False,False,,0,,False,False,0,0,False,0,False,,,,,
666633,1,1,TECNICO_DOCENTE_APOYO,DOCENTE,TÉCNICO DE INVESTIGACIÓN 1 (TC),FACULTAD DE CIENCIAS NATURALES Y MATEMÁTICAS,False,1.1,TECNICO_DOCENTE_APOYO,True,0,0,0,False,False,,0,,False,False,0,0,False,0,False,,,,,
666652,1,1,PROFESIONAL_ANALISTA,ADMINISTRATIVO,ANALISTA DE ASESORÍA JURÍDICA 3,GERENCIA JURÍDICA,True,0.53,PROFESIONAL_ANALISTA,True,0,0,0,False,False,,0,,False,False,0,0,False,0,False,,,,,
666805,1,1,TECNICO_DOCENTE_APOYO,DOCENTE,TÉCNICO DOCENTE 1 (TC),FACULTAD DE INGENIERÍA EN CIENCIAS DE LA TIERRA,True,3.53,TECNICO_DOCENTE_APOYO,True,0,0,0,False,False,,0,,False,False,0,0,False,0,False,,,,,
667194,1,1,DOCENTE_NO_TITULAR_OCASIONAL,DOCENTE,PROFESOR NO TITULAR OCASIONAL (TP),FACULTAD DE INGENIERÍA MARÍTIMA Y CIENCIAS DEL MAR,True,1.94,DOCENTE_NO_TITULAR_OCASIONAL,True,0,0,0,False,False,,0,,False,False,0,0,False,0,False,,,,,
667326,1,1,TECNICO_DOCENTE_APOYO,DOCENTE,TÉCNICO DE LABORATORIO 1 (TC),FACULTAD DE INGENIERÍA EN CIENCIAS DE LA TIERRA,False,0.64,TECNICO_DOCENTE_APOYO,True,0,0,0,False,False,,0,,False,False,0,0,False,0,False,,,,,
667327,1,1,TECNICO_DOCENTE_APOYO,DOCENTE,TÉCNICO DOCENTE 3 (TC),DIRECCIÓN DE ADMISIONES,False,0.13,TECNICO_DOCENTE_APOYO,True,0,0,0,False,False,,0,,False,False,0,0,False,0,False,,SERVICIOS PROFESIONALES - EJECUCIÓN DE ACTIVIDADES,DECANATO DE GRADO,CONTRATO_SERVICIOS_PROFESIONALES_PROYECTO,ADMINISTRATIVO
667339,1,1,SERVICIOS_GENERALES_OFICIOS,ADMINISTRATIVO,OPERARIO DE TALLER DE IMPRENTA,GERENCIA DE COMUNICACIÓN,True,3.86,SERVICIOS_GENERALES_OFICIOS,True,0,0,0,False,False,,1,AUXILIAR_AYUDANTE_OPERATIVO,True,False,0,0,False,0,False,,,,,
667381,1,1,TECNICO_DOCENTE_APOYO,DOCENTE,TÉCNICO DOCENTE 1 (TC),FACULTAD DE INGENIERÍA MECÁNICA Y CIENCIAS DE LA PRODUCCIÓN,False,0.08,TECNICO_DOCENTE_APOYO,True,0,0,0,False,False,,0,,False,False,0,0,False,0,False,,,,,
667392,1,1,ASISTENCIA_SECRETARIAL_OFICINA,ADMINISTRATIVO,ASISTENTE EJECUTIVA 1,CENTRO NACIONAL DE ACUICULTURA E INVESTIGACIONES MARINAS,True,3.78,ASISTENCIA_SECRETARIAL_OFICINA,True,0,0,0,False,False,,0,,False,False,0,0,False,0,False,,,,,
667396,2,1,TECNICO_OPERATIVO_MANTENIMIENTO,ADMINISTRATIVO,TÉCNICOS ESPECIALIZADOS - EJECUCIÓN DE ACTIVIDADES,FACULTAD DE INGENIERÍA MARÍTIMA Y CIENCIAS DEL MAR,False,0.02,TECNICO_OPERATIVO_MANTENIMIENTO,True,0,0,0,False,False,,0,,False,False,0,0,False,0,False,,,,,
667452,2,2,PROFESIONAL_ANALISTA,ADMINISTRATIVO,ANALISTA DE ASESORÍA JURÍDICA 3,GERENCIA JURÍDICA,True,0.45,PROFESIONAL_ESPECIALIZADO_TECNICO,False,1,0,0,False,False,0.45,1,ASISTENCIA_SECRETARIAL_OFICINA,True,True,1,1,True,1,False,OTROS_AA,,,,
667455,1,1,PROFESIONAL_ESPECIALIZADO_TECNICO,ADMINISTRATIVO,PSICÓLOGO,GERENCIA DE BIENESTAR POLITÉCNICO,True,1.6,PROFESIONAL_ESPECIALIZADO_TECNICO,True,0,0,0,False,False,,0,,False,False,0,0,False,0,False,,,,,
667482,1,1,PROFESIONAL_ANALISTA,ADMINISTRATIVO,ANALISTA DE SEGURIDAD Y VIGILANCIA INSTITUCIONAL,DIRECCION DE SEGURIDAD FISICA,True,3.69,PROFESIONAL_ANALISTA,True,0,0,0,False,False,,1,AUTORIDAD_ADMINISTRATIVA_SUPERIOR,True,True,3,2,True,2,True,OTROS_AA,,,,
667490,1,1,SERVICIOS_GENERALES_OFICIOS,ADMINISTRATIVO,CHOFER,DIRECCIÓN DE SERVICIOS GENERALES,True,3.69,SERVICIOS_GENERALES_OFICIOS,True,0,0,0,False,False,,0,,False,False,0,0,False,0,False,,,,,
667519,2,1,TECNICO_DOCENTE_APOYO,DOCENTE,TÉCNICO DE LABORATORIO 1 (TC),FACULTAD DE CIENCIAS DE LA VIDA,True,2.56,TECNICO_DOCENTE_APOYO,True,0,0,0,False,False,,0,,False,False,0,0,False,0,False,,,,,
667527,1,1,AUXILIAR_AYUDANTE_OPERATIVO,ADMINISTRATIVO,AUXILIAR DE SERVICIOS,RECTORADO,True,3.61,AUXILIAR_AYUDANTE_OPERATIVO,True,0,0,0,False,False,,0,,False,False,0,0,False,0,False,,,,,
667562,1,1,TECNICO_DOCENTE_APOYO,DOCENTE,TÉCNICO DE INVESTIGACIÓN 1 (TC),FACULTAD DE INGENIERÍA EN ELECTRICIDAD Y COMPUTACIÓN,False,0.24,TECNICO_DOCENTE_APOYO,True,0,0,0,False,False,,0,,False,False,0,0,False,0,False,,,,,
667566,1,1,TECNICO_DOCENTE_APOYO,DOCENTE,TÉCNICO DE INVESTIGACIÓN 1 (TC),DECANATO DE INVESTIGACIÓN,False,0.08,TECNICO_DOCENTE_APOYO,True,0,0,0,False,False,,0,,False,False,0,0,False,0,False,,,,,
667610,2,2,SERVICIOS_GENERALES_OFICIOS,ADMINISTRATIVO,PINTOR,DIRECCIÓN DE SERVICIOS GENERALES,True,1.69,AUXILIAR_AYUDANTE_OPERATIVO,False,1,0,0,False,False,1.69,0,,False,False,0,0,False,0,False,,,,,
667636,1,1,TECNICO_OPERATIVO_MANTENIMIENTO,ADMINISTRATIVO,TÉCNICOS ESPECIALIZADOS - EJECUCIÓN DE ACTIVIDADES,DECANATO DE VINCULACIÓN,False,0.02,TECNICO_OPERATIVO_MANTENIMIENTO,True,0,0,0,False,False,,0,,False,False,0,0,False,0,False,,,,,
667876,1,1,TECNICO_DOCENTE_APOYO,DOCENTE,TÉCNICO DOCENTE 1 (TC),FACULTAD DE CIENCIAS NATURALES Y MATEMÁTICAS,True,3.29,TECNICO_DOCENTE_APOYO,True,0,0,0,False,False,,0,,False,False,0,0,False,0,False,,,,,
667929,1,1,TECNICO_OPERATIVO_MANTENIMIENTO,ADMINISTRATIVO,TÉCNICOS ESPECIALIZADOS - EJECUCIÓN DE ACTIVIDADES DE INVESTIGACIÓN,CENTRO DE INVESTIGACIÓN Y PROYECTOS APLICADOS A LAS CIENCIAS DE LA TIERRA,False,0.33,TECNICO_OPERATIVO_MANTENIMIENTO,True,0,0,0,False,False,,0,,False,False,0,0,False,0,False,,,,,
667930,1,1,TECNICO_OPERATIVO_MANTENIMIENTO,ADMINISTRATIVO,TÉCNICOS ESPECIALIZADOS - EJECUCIÓN DE ACTIVIDADES DE INVESTIGACIÓN,CENTRO DE INVESTIGACIÓN Y PROYECTOS APLICADOS A LAS CIENCIAS DE LA TIERRA,False,0.33,TECNICO_OPERATIVO_MANTENIMIENTO,True,0,0,0,False,False,,0,,False,False,0,0,False,0,False,,,,,
667946,1,1,ASISTENCIA_SECRETARIAL_OFICINA,ADMINISTRATIVO,ASISTENTE DE ADMISIONES,DIRECCIÓN DE ADMISIONES,True,2.69,ASISTENCIA_SECRETARIAL_OFICINA,True,0,0,0,False,False,,0,,False,False,0,0,False,0,False,,,,,
667961,3,2,ASISTENCIA_SECRETARIAL_OFICINA,ADMINISTRATIVO,ASISTENTE EJECUTIVA 1,GERENCIA ADMINISTRATIVA,True,2.36,TECNICO_OPERATIVO_MANTENIMIENTO,False,1,0,0,False,False,2.36,0,,False,False,0,0,False,0,False,,,,,
667972,1,1,SERVICIOS_GENERALES_OFICIOS,ADMINISTRATIVO,CHOFER DE VEHÌCULOS PESADOS,DIRECCIÓN DE SERVICIOS GENERALES,True,3.53,SERVICIOS_GENERALES_OFICIOS,True,0,0,0,False,False,,0,,False,False,0,0,False,0,False,,,,,
667973,1,1,AUXILIAR_AYUDANTE_OPERATIVO,ADMINISTRATIVO,AUXILIAR DE SERVICIOS,FACULTAD DE CIENCIAS NATURALES Y MATEMÁTICAS,True,3.53,AUXILIAR_AYUDANTE_OPERATIVO,True,0,0,0,False,False,,0,,False,False,0,0,False,0,False,,,,,
667976,18,1,PROFESIONAL_ANALISTA,ADMINISTRATIVO,ANALISTA DE ARCHIVO,DIRECCIÓN DE TALENTO HUMANO,True,0.24,PROFESIONAL_ANALISTA,True,0,0,0,False,False,,0,,False,False,0,0,False,0,False,,,,,
668010,1,1,TECNICO_DOCENTE_APOYO,DOCENTE,TÉCNICO DE INVESTIGACIÓN 2 (TC),FACULTAD DE INGENIERÍA EN ELECTRICIDAD Y COMPUTACIÓN,True,1.28,TECNICO_DOCENTE_APOYO,True,0,0,0,False,False,,0,,False,False,0,0,False,0,False,,,,,
668040,1,1,ASISTENCIA_SECRETARIAL_OFICINA,ADMINISTRATIVO,ASISTENTE EJECUTIVA 2,CENTRO DE INVESTIGACIONES BIOTECNOLÓGICAS DEL ECUADOR,True,3.44,ASISTENCIA_SECRETARIAL_OFICINA,True,0,0,0,False,False,,0,,False,False,0,0,False,0,False,,,,,
668042,1,1,SERVICIOS_GENERALES_OFICIOS,ADMINISTRATIVO,OPERADOR DE EQUIPOS DE MONITOREO,DIRECCION DE SEGURIDAD FISICA,True,3.44,SERVICIOS_GENERALES_OFICIOS,True,0,0,0,False,False,,0,,False,False,0,0,False,0,False,,,,,
668065,1,1,PROFESIONAL_ESPECIALIZADO_TECNICO,ADMINISTRATIVO,TUTOR PARVULARIO,GERENCIA DE BIENESTAR POLITÉCNICO,True,2.86,PROFESIONAL_ESPECIALIZADO_TECNICO,True,0,0,0,False,False,,0,,False,False,0,0,False,0,False,,,,,
668114,1,1,AUXILIAR_AYUDANTE_OPERATIVO,ADMINISTRATIVO,AUXILIAR DE SERVICIOS DE MANTENIMIENTO,DIRECCIÓN DE SERVICIOS GENERALES,True,3.44,AUXILIAR_AYUDANTE_OPERATIVO,True,0,0,0,False,False,,0,,False,False,0,0,False,0,False,,,,,
668121,1,1,TECNICO_DOCENTE_APOYO,DOCENTE,TÉCNICO DE INVESTIGACIÓN 1 (TC),CENTRO DE INVESTIGACIONES BIOTECNOLÓGICAS DEL ECUADOR,False,2.81,TECNICO_DOCENTE_APOYO,True,0,0,0,False,False,,0,,False,False,0,0,False,0,False,,SERVICIOS PROFESIONALES - EJECUCIÓN DE ACTIVIDADES,CENTRO DE INVESTIGACIONES BIOTECNOLÓGICAS DEL ECUADOR,CONTRATO_SERVICIOS_PROFESIONALES_PROYECTO,ADMINISTRATIVO
668122,1,1,TECNICO_DOCENTE_APOYO,DOCENTE,TÉCNICO DE INVESTIGACIÓN 1 (TC),CENTRO DE INVESTIGACIONES BIOTECNOLÓGICAS DEL ECUADOR,False,0.69,TECNICO_DOCENTE_APOYO,True,0,0,0,False,False,,0,,False,False,0,0,False,0,False,,,,,
668132,1,1,TECNICO_DOCENTE_APOYO,DOCENTE,TÉCNICO DE INVESTIGACIÓN 1 (TC),CENTRO DE INVESTIGACIONES BIOTECNOLÓGICAS DEL ECUADOR,True,3.38,TECNICO_DOCENTE_APOYO,True,0,0,0,False,False,,0,,False,False,0,0,False,0,False,,,,,
668310,1,1,PROFESIONAL_ANALISTA,ADMINISTRATIVO,ANALISTA DE PROYECTOS DE VINCULACIÓN 2,DECANATO DE VINCULACIÓN,False,0.24,PROFESIONAL_ANALISTA,True,0,0,0,False,False,,0,,False,False,0,0,False,0,False,,,,,
668324,1,1,ASISTENCIA_SECRETARIAL_OFICINA,ADMINISTRATIVO,ASISTENTE EJECUTIVA 2,GERENCIA ADMINISTRATIVA,True,3.36,ASISTENCIA_SECRETARIAL_OFICINA,True,0,0,0,False,False,,0,,False,False,0,0,False,0,False,,,,,
668325,1,1,AUXILIAR_AYUDANTE_OPERATIVO,ADMINISTRATIVO,AUXILIAR DE SERVICIOS,FACULTAD DE INGENIERÍA EN ELECTRICIDAD Y COMPUTACIÓN,True,3.36,AUXILIAR_AYUDANTE_OPERATIVO,True,0,0,0,False,False,,0,,False,False,0,0,False,0,False,,,,,
668333,1,1,TECNICO_DOCENTE_APOYO,DOCENTE,TÉCNICO DE INVESTIGACIÓN 1 (TC),FACULTAD DE CIENCIAS DE LA VIDA,False,1.71,TECNICO_DOCENTE_APOYO,True,0,0,0,False,False,,0,,False,False,0,0,False,0,False,,,,,
668337,1,1,TECNICO_DOCENTE_APOYO,DOCENTE,TÉCNICO DE INVESTIGACIÓN 1 (TC),FACULTAD DE CIENCIAS DE LA VIDA,False,0.98,TECNICO_DOCENTE_APOYO,True,0,0,0,False,False,,0,,False,False,0,0,False,0,False,,,,,
668363,2,2,DOCENTE_TITULAR_CARRERA,DOCENTE,PROFESOR TITULAR AUXILIAR 1 (TC),FACULTAD DE CIENCIAS NATURALES Y MATEMÁTICAS,True,1.75,DOCENTE_NO_TITULAR_OCASIONAL,False,1,0,0,False,False,1.75,0,,False,False,0,0,False,0,False,,,,,
668407,1,1,DOCENTE_NO_TITULAR_OCASIONAL,DOCENTE,PROFESOR NO TITULAR OCASIONAL (TC),FACULTAD DE CIENCIAS DE LA VIDA,True,3.33,DOCENTE_NO_TITULAR_OCASIONAL,True,0,0,0,False,False,,0,,False,False,0,0,False,0,False,,,,,
668408,1,1,TECNICO_DOCENTE_APOYO,DOCENTE,TÉCNICO DE INVESTIGACIÓN 1 (TC),FACULTAD DE CIENCIAS SOCIALES Y HUMANÍSTICAS,False,0.63,TECNICO_DOCENTE_APOYO,True,0,0,0,False,False,,0,,False,False,0,0,False,0,False,,,,,
668898,2,1,TECNICO_OPERATIVO_MANTENIMIENTO,ADMINISTRATIVO,TÉCNICOS ESPECIALIZADOS - EJECUCIÓN DE ACTIVIDADES,GERENCIA ADMINISTRATIVA,True,0.64,TECNICO_OPERATIVO_MANTENIMIENTO,True,0,0,0,False,False,,0,,False,False,0,0,False,0,False,,,,,
668935,1,1,TECNICO_DOCENTE_APOYO,DOCENTE,TÉCNICO DE LABORATORIO 1 (TC),FACULTAD DE CIENCIAS DE LA VIDA,True,3.3,TECNICO_DOCENTE_APOYO,True,0,0,0,False,False,,0,,False,False,0,0,False,0,False,,,,,
669206,1,1,TECNICO_DOCENTE_APOYO,DOCENTE,TÉCNICO DOCENTE 3 (TC),DIRECCIÓN DE ADMISIONES,True,3.29,TECNICO_DOCENTE_APOYO,True,0,0,0,False,False,,0,,False,False,0,0,False,0,False,,,,,
669390,1,1,TECNICO_DOCENTE_APOYO,DOCENTE,TÉCNICO DE INVESTIGACIÓN 1 (TC),CENTRO DE INVESTIGACIONES BIOTECNOLÓGICAS DEL ECUADOR,True,0.68,TECNICO_DOCENTE_APOYO,True,0,0,0,False,False,,0,,False,False,0,0,False,0,False,,,,,
669423,1,1,ASISTENCIA_SECRETARIAL_OFICINA,ADMINISTRATIVO,ASISTENTE EJECUTIVA 2,FACULTAD DE CIENCIAS DE LA VIDA,False,0.78,ASISTENCIA_SECRETARIAL_OFICINA,True,0,0,0,False,False,,0,,False,False,0,0,False,0,False,,,,,
669436,2,1,PROFESIONAL_ANALISTA,ADMINISTRATIVO,ANALISTA DE INFRAESTRUCTURA FÍSICA 2,GERENCIA DE INFRAESTRUCTURA FÍSICA,True,0.78,PROFESIONAL_ANALISTA,True,0,0,0,False,False,,1,AUTORIDAD_ADMINISTRATIVA_SUPERIOR,True,True,1,1,True,1,False,OTROS_AA,,,,
669472,1,1,ASISTENCIA_SECRETARIAL_OFICINA,ADMINISTRATIVO,ASISTENTE DE COMUNICACIÓN,GERENCIA DE COMUNICACIÓN,False,3.0,ASISTENCIA_SECRETARIAL_OFICINA,True,0,0,0,False,False,,0,,False,False,0,0,False,0,False,,SERVICIOS PROFESIONALES - EJECUCIÓN DE ACTIVIDADES,GERENCIA DE COMUNICACIÓN,CONTRATO_SERVICIOS_PROFESIONALES_PROYECTO,ADMINISTRATIVO
669476,1,1,TECNICO_DOCENTE_APOYO,DOCENTE,TÉCNICO DE INVESTIGACIÓN 1 (TC),FACULTAD DE CIENCIAS NATURALES Y MATEMÁTICAS,False,0.11,TECNICO_DOCENTE_APOYO,True,0,0,0,False,False,,0,,False,False,0,0,False,0,False,,,,,
669596,2,1,TECNICO_OPERATIVO_MANTENIMIENTO,ADMINISTRATIVO,TÉCNICOS ESPECIALIZADOS - EJECUCIÓN DE PROYECTOS DE INVESTIGACIÓN,CENTRO INTERNACIONAL DEL PACÍFICO PARA LA REDUCCIÓN DEL RIESGO DE DESASTRES,False,0.1,TECNICO_OPERATIVO_MANTENIMIENTO,True,0,0,0,False,False,,0,,False,False,0,0,False,0,False,,,,,
669597,1,1,TECNICO_OPERATIVO_MANTENIMIENTO,ADMINISTRATIVO,TÉCNICOS ESPECIALIZADOS - EJECUCIÓN DE PROYECTOS DE INVESTIGACIÓN,CENTRO INTERNACIONAL DEL PACÍFICO PARA LA REDUCCIÓN DEL RIESGO DE DESASTRES,False,0.11,TECNICO_OPERATIVO_MANTENIMIENTO,True,0,0,0,False,False,,0,,False,False,0,0,False,0,False,,,,,
669599,1,1,TECNICO_DOCENTE_APOYO,DOCENTE,TÉCNICO DE INVESTIGACIÓN 1 (TC),FACULTAD DE CIENCIAS DE LA VIDA,False,0.42,TECNICO_DOCENTE_APOYO,True,0,0,0,False,False,,0,,False,False,0,0,False,0,False,,,,,
669691,1,1,TECNICO_DOCENTE_APOYO,DOCENTE,TÉCNICO DE INVESTIGACIÓN 1 (TC),CENTRO ECUATORIANO DE INVESTIGACIÓN Y DESARROLLO EN NANOTECNOLOGÍA,False,2.27,TECNICO_DOCENTE_APOYO,True,0,0,0,False,False,,0,,False,False,0,0,False,0,False,,SERVICIOS PROFESIONALES - EJECUCIÓN DE ACTIVIDADES,CENTRO ECUATORIANO DE INVESTIGACIÓN Y DESARROLLO EN NANOTECNOLOGÍA,CONTRATO_SERVICIOS_PROFESIONALES_PROYECTO,ADMINISTRATIVO
669752,1,1,PROFESIONAL_ESPECIALIZADO_TECNICO,ADMINISTRATIVO,TUTOR PARVULARIO,GERENCIA DE BIENESTAR POLITÉCNICO,True,2.86,PROFESIONAL_ESPECIALIZADO_TECNICO,True,0,0,0,False,False,,0,,False,False,0,0,False,0,False,,,,,
669767,1,1,PROFESIONAL_ANALISTA,ADMINISTRATIVO,ANALISTA DE TALENTO HUMANO 2,DIRECCIÓN DE TALENTO HUMANO,True,2.84,PROFESIONAL_ANALISTA,True,0,0,0,False,False,,0,,False,False,0,0,False,0,False,,,,,
669824,1,1,PROFESIONAL_ANALISTA,ADMINISTRATIVO,ANALISTA DE PROYECTOS DE VINCULACIÓN 2,DECANATO DE VINCULACIÓN,True,3.03,PROFESIONAL_ANALISTA,True,0,0,0,False,False,,0,,False,False,0,0,False,0,False,,,,,
669861,1,1,JEFATURA_SUPERVISION_OPERATIVA,ADMINISTRATIVO,ASISTENTE DE GUARDALMACÉN,DIRECCIÓN DE SERVICIOS GENERALES,True,3.03,JEFATURA_SUPERVISION_OPERATIVA,True,0,0,0,False,False,,0,,False,False,0,0,False,0,False,,,,,
669912,1,1,DOCENTE_NO_TITULAR_OCASIONAL,DOCENTE,PROFESOR NO TITULAR OCASIONAL (TC),"FACULTAD DE ARTE, DISEÑO Y COMUNICACIÓN AUDIOVISUAL",True,2.96,DOCENTE_NO_TITULAR_OCASIONAL,True,0,0,0,False,False,,0,,False,False,0,0,False,0,False,,,,,
669913,1,1,DOCENTE_NO_TITULAR_OCASIONAL,DOCENTE,PROFESOR NO TITULAR OCASIONAL (TC),FACULTAD DE INGENIERÍA MECÁNICA Y CIENCIAS DE LA PRODUCCIÓN,True,2.94,DOCENTE_NO_TITULAR_OCASIONAL,True,0,0,0,False,False,,0,,False,False,0,0,False,0,False,,,,,
669925,3,1,DOCENTE_NO_TITULAR_OCASIONAL,DOCENTE,PROFESOR NO TITULAR OCASIONAL (TC),FACULTAD DE CIENCIAS DE LA VIDA,True,1.33,DOCENTE_NO_TITULAR_OCASIONAL,True,0,0,0,False,False,,0,,False,False,0,0,False,0,False,,,,,
669952,3,1,DOCENTE_NO_TITULAR_OCASIONAL,DOCENTE,PROFESOR NO TITULAR OCASIONAL (TP),FACULTAD DE CIENCIAS DE LA VIDA,False,0.78,DOCENTE_NO_TITULAR_OCASIONAL,True,0,0,0,False,False,,0,,False,False,0,0,False,0,False,,,,,
669959,1,1,TECNICO_DOCENTE_APOYO,DOCENTE,TÉCNICO DOCENTE 3 (TC),DIRECCIÓN DE ADMISIONES,False,0.28,TECNICO_DOCENTE_APOYO,True,0,0,0,False,False,,0,,False,False,0,0,False,0,False,,,,,
669971,1,1,TECNICO_DOCENTE_APOYO,DOCENTE,TÉCNICO DOCENTE 3 (TC),DIRECCIÓN DE ADMISIONES,False,0.27,TECNICO_DOCENTE_APOYO,True,0,0,0,False,False,,0,,False,False,0,0,False,0,False,,,,,
670083,2,1,DOCENTE_NO_TITULAR_OCASIONAL,DOCENTE,PROFESOR NO TITULAR OCASIONAL (MT),FACULTAD DE CIENCIAS DE LA VIDA,True,2.56,DOCENTE_NO_TITULAR_OCASIONAL,True,0,0,0,False,False,,0,,False,False,0,0,False,0,False,,,,,
670664,1,1,DOCENTE_NO_TITULAR_OCASIONAL,DOCENTE,PROFESOR NO TITULAR OCASIONAL (TC),FACULTAD DE INGENIERÍA MECÁNICA Y CIENCIAS DE LA PRODUCCIÓN,True,2.94,DOCENTE_NO_TITULAR_OCASIONAL,True,0,0,0,False,False,,0,,False,True,5,1,False,0,True,JEFATURA_SUPERVISION_OPERATIVA,,,,
670716,2,1,SERVICIOS_GENERALES_OFICIOS,ADMINISTRATIVO,JARDINERO/TRABAJADOR DEL DEPARTAMENTO DE GESTIÒN AMBIENTAL,DIRECCIÓN DE SERVICIOS GENERALES,True,2.86,SERVICIOS_GENERALES_OFICIOS,True,0,0,0,False,False,,0,,False,False,0,0,False,0,False,,,,,
671081,1,1,TECNICO_DOCENTE_APOYO,DOCENTE,TÉCNICO DOCENTE 3 (TC),DIRECCIÓN DE ADMISIONES,False,0.22,TECNICO_DOCENTE_APOYO,True,0,0,0,False,False,,0,,False,False,0,0,False,0,False,,,,,
671086,1,1,SERVICIOS_GENERALES_OFICIOS,ADMINISTRATIVO,GASFITERO O PLOMERO,DIRECCIÓN DE SERVICIOS GENERALES,True,1.69,SERVICIOS_GENERALES_OFICIOS,True,0,0,0,False,False,,1,AUXILIAR_AYUDANTE_OPERATIVO,True,False,0,0,False,0,False,,,,,
671098,1,1,TECNICO_DOCENTE_APOYO,DOCENTE,TÉCNICO DE LABORATORIO 1 (TC),FACULTAD DE CIENCIAS DE LA VIDA,False,0.24,TECNICO_DOCENTE_APOYO,True,0,0,0,False,False,,0,,False,False,0,0,False,0,False,,,,,
671100,1,1,TECNICO_DOCENTE_APOYO,DOCENTE,TÉCNICO DE LABORATORIO 1 (TC),FACULTAD DE CIENCIAS DE LA VIDA,False,0.24,TECNICO_DOCENTE_APOYO,True,0,0,0,False,False,,0,,False,False,0,0,False,0,False,,,,,
671102,1,1,TECNICO_DOCENTE_APOYO,DOCENTE,TÉCNICO DE LABORATORIO 1 (TC),FACULTAD DE CIENCIAS DE LA VIDA,False,0.24,TECNICO_DOCENTE_APOYO,True,0,0,0,False,False,,0,,False,False,0,0,False,0,False,,SERVICIOS PROFESIONALES - EJECUCIÓN DE ACTIVIDADES,DIRECCIÓN DE SOSTENIBILIDAD,CONTRATO_SERVICIOS_PROFESIONALES_PROYECTO,ADMINISTRATIVO
671165,1,1,TECNICO_DOCENTE_APOYO,DOCENTE,TÉCNICO DE INVESTIGACIÓN 1 (TC),FACULTAD DE INGENIERÍA EN CIENCIAS DE LA TIERRA,False,0.24,TECNICO_DOCENTE_APOYO,True,0,0,0,False,False,,0,,False,False,0,0,False,0,False,,,,,
671174,1,1,TECNICO_DOCENTE_APOYO,DOCENTE,TÉCNICO DE INVESTIGACIÓN 1 (TC),FACULTAD DE INGENIERÍA EN CIENCIAS DE LA TIERRA,False,0.24,TECNICO_DOCENTE_APOYO,True,0,0,0,False,False,,0,,False,False,0,0,False,0,False,,,,,
671175,1,1,TECNICO_DOCENTE_APOYO,DOCENTE,TÉCNICO DE INVESTIGACIÓN 1 (TC),FACULTAD DE INGENIERÍA EN CIENCIAS DE LA TIERRA,False,0.24,TECNICO_DOCENTE_APOYO,True,0,0,0,False,False,,0,,False,False,0,0,False,0,False,,,,,
671178,1,1,TECNICO_DOCENTE_APOYO,DOCENTE,TÉCNICO DE INVESTIGACIÓN 1 (TC),FACULTAD DE INGENIERÍA EN CIENCIAS DE LA TIERRA,False,0.24,TECNICO_DOCENTE_APOYO,True,0,0,0,False,False,,0,,False,False,0,0,False,0,False,,,,,
671186,1,1,TECNICO_DOCENTE_APOYO,DOCENTE,TÉCNICO DE INVESTIGACIÓN 1 (TC),FACULTAD DE INGENIERÍA EN CIENCIAS DE LA TIERRA,False,0.24,TECNICO_DOCENTE_APOYO,True,0,0,0,False,False,,0,,False,False,0,0,False,0,False,,,,,
671187,1,1,TECNICO_DOCENTE_APOYO,DOCENTE,TÉCNICO DE INVESTIGACIÓN 1 (TC),FACULTAD DE INGENIERÍA EN CIENCIAS DE LA TIERRA,False,0.24,TECNICO_DOCENTE_APOYO,True,0,0,0,False,False,,0,,False,False,0,0,False,0,False,,,,,
671192,1,1,TECNICO_DOCENTE_APOYO,DOCENTE,TÉCNICO DE INVESTIGACIÓN 1 (TC),FACULTAD DE INGENIERÍA EN CIENCIAS DE LA TIERRA,False,0.24,TECNICO_DOCENTE_APOYO,True,0,0,0,False,False,,0,,False,False,0,0,False,0,False,,,,,
671194,1,1,TECNICO_DOCENTE_APOYO,DOCENTE,TÉCNICO DE INVESTIGACIÓN 1 (TC),FACULTAD DE INGENIERÍA EN CIENCIAS DE LA TIERRA,False,0.24,TECNICO_DOCENTE_APOYO,True,0,0,0,False,False,,0,,False,False,0,0,False,0,False,,,,,
671195,1,1,TECNICO_DOCENTE_APOYO,DOCENTE,TÉCNICO DE INVESTIGACIÓN 1 (TC),FACULTAD DE INGENIERÍA EN CIENCIAS DE LA TIERRA,False,0.24,TECNICO_DOCENTE_APOYO,True,0,0,0,False,False,,0,,False,False,0,0,False,0,False,,,,,
671202,1,1,TECNICO_DOCENTE_APOYO,DOCENTE,TÉCNICO DE INVESTIGACIÓN 1 (TC),FACULTAD DE INGENIERÍA EN CIENCIAS DE LA TIERRA,False,0.24,TECNICO_DOCENTE_APOYO,True,0,0,0,False,False,,0,,False,False,0,0,False,0,False,,,,,
671206,1,1,TECNICO_DOCENTE_APOYO,DOCENTE,TÉCNICO DE INVESTIGACIÓN 1 (TC),FACULTAD DE INGENIERÍA EN CIENCIAS DE LA TIERRA,False,0.24,TECNICO_DOCENTE_APOYO,True,0,0,0,False,False,,0,,False,False,0,0,False,0,False,,,,,
671346,1,1,TECNICO_DOCENTE_APOYO,DOCENTE,TÉCNICO DE LABORATORIO 1 (TC),DECANATO DE GRADO,False,0.19,TECNICO_DOCENTE_APOYO,True,0,0,0,False,False,,0,,False,False,0,0,False,0,False,,,,,
671348,1,1,TECNICO_DOCENTE_APOYO,DOCENTE,TÉCNICO DOCENTE 3 (TC),DIRECCIÓN DE ADMISIONES,False,0.19,TECNICO_DOCENTE_APOYO,True,0,0,0,False,False,,0,,False,False,0,0,False,0,False,,,,,
671383,1,1,TECNICO_DOCENTE_APOYO,DOCENTE,TÉCNICO DE INVESTIGACIÓN 1 (TC),FACULTAD DE INGENIERÍA EN ELECTRICIDAD Y COMPUTACIÓN,False,0.24,TECNICO_DOCENTE_APOYO,True,0,0,0,False,False,,0,,False,False,0,0,False,0,False,,,,,
671384,1,1,TECNICO_DOCENTE_APOYO,DOCENTE,TÉCNICO DE INVESTIGACIÓN 1 (TC),FACULTAD DE INGENIERÍA EN ELECTRICIDAD Y COMPUTACIÓN,False,0.24,TECNICO_DOCENTE_APOYO,True,0,0,0,False,False,,0,,False,False,0,0,False,0,False,,,,,
671389,1,1,TECNICO_DOCENTE_APOYO,DOCENTE,TÉCNICO DE LABORATORIO 1 (TC),FACULTAD DE CIENCIAS DE LA VIDA,False,0.24,TECNICO_DOCENTE_APOYO,True,0,0,0,False,False,,0,,False,False,0,0,False,0,False,,,,,
671393,1,1,TECNICO_DOCENTE_APOYO,DOCENTE,TÉCNICO DE LABORATORIO 1 (TC),DECANATO DE GRADO,False,0.24,TECNICO_DOCENTE_APOYO,True,0,0,0,False,False,,0,,False,False,0,0,False,0,False,,,,,
671402,2,1,TECNICO_OPERATIVO_MANTENIMIENTO,ADMINISTRATIVO,TÉCNICOS ESPECIALIZADOS - EJECUCIÓN DE ACTIVIDADES,GERENCIA FINANCIERA,False,0.39,TECNICO_OPERATIVO_MANTENIMIENTO,True,0,0,0,False,False,,0,,False,False,0,0,False,0,False,,,,,
671417,1,1,TECNICO_DOCENTE_APOYO,DOCENTE,TÉCNICO DE INVESTIGACIÓN 1 (TC),FACULTAD DE INGENIERÍA EN CIENCIAS DE LA TIERRA,False,0.24,TECNICO_DOCENTE_APOYO,True,0,0,0,False,False,,0,,False,False,0,0,False,0,False,,,,,
671449,3,1,TECNICO_DOCENTE_APOYO,DOCENTE,TÉCNICO DOCENTE 3 (TC),DIRECCIÓN DE ADMISIONES,False,0.23,TECNICO_DOCENTE_APOYO,True,0,0,0,False,False,,0,,False,False,0,0,False,0,False,,SERVICIOS PROFESIONALES - EJECUCIÓN DE ACTIVIDADES,DECANATO DE GRADO,CONTRATO_SERVICIOS_PROFESIONALES_PROYECTO,ADMINISTRATIVO
671495,1,1,AUXILIAR_AYUDANTE_OPERATIVO,ADMINISTRATIVO,AUXILIAR DE SERVICIOS DE MANTENIMIENTO,DIRECCIÓN DE SERVICIOS GENERALES,True,2.86,AUXILIAR_AYUDANTE_OPERATIVO,True,0,0,0,False,False,,0,,False,False,0,0,False,0,False,,,,,
671497,1,1,SERVICIOS_GENERALES_OFICIOS,ADMINISTRATIVO,GUARDIÀN/GUARDIÀN ADMINISTRATIVO,DIRECCION DE SEGURIDAD FISICA,True,2.86,SERVICIOS_GENERALES_OFICIOS,True,0,0,0,False,False,,0,,False,False,0,0,False,0,False,,,,,
671504,1,1,TECNICO_DOCENTE_APOYO,DOCENTE,TÉCNICO DE INVESTIGACIÓN 1 (TC),CENTRO NACIONAL DE ACUICULTURA E INVESTIGACIONES MARINAS,False,2.11,TECNICO_DOCENTE_APOYO,True,0,0,0,False,False,,0,,False,False,0,0,False,0,False,,,,,
671519,1,1,PROFESIONAL_ANALISTA,ADMINISTRATIVO,ANALISTA DE RELACIONES EXTERNAS Y VINCULACIÓN CORPORATIVA 2,GERENCIA DE RELACIONES EXTERNAS Y VINCULACIÓN CORPORATIVA,True,2.86,PROFESIONAL_ANALISTA,True,0,0,0,False,False,,1,AUTORIDAD_ADMINISTRATIVA_SUPERIOR,True,True,1,1,True,1,True,OTROS_AA,,,,
671521,1,1,TECNICO_DOCENTE_APOYO,DOCENTE,TÉCNICO DE LABORATORIO 1 (TC),"FACULTAD DE ARTE, DISEÑO Y COMUNICACIÓN AUDIOVISUAL",False,0.15,TECNICO_DOCENTE_APOYO,True,0,0,0,False,False,,0,,False,False,0,0,False,0,False,,,,,
671522,1,1,ASISTENCIA_SECRETARIAL_OFICINA,ADMINISTRATIVO,ASISTENTE EJECUTIVA 2,SECRETARÍA TÉCNICA DE ASEGURAMIENTO DE LA CALIDAD,False,0.42,ASISTENCIA_SECRETARIAL_OFICINA,True,0,0,0,False,False,,0,,False,False,0,0,False,0,False,,,,,
671524,1,1,PROFESIONAL_ANALISTA,ADMINISTRATIVO,ANALISTA DE INFRAESTRUCTURA FÍSICA 2,GERENCIA DE INFRAESTRUCTURA FÍSICA,True,0.53,PROFESIONAL_ANALISTA,True,0,0,0,False,False,,0,,False,False,0,0,False,0,False,,,,,
671527,1,1,PROFESIONAL_ANALISTA,ADMINISTRATIVO,ANALISTA EN SEGURIDAD Y SALUD OCUPACIONAL,DIRECCIÓN DE SEGURIDAD Y SALUD OCUPACIONAL,False,1.17,PROFESIONAL_ANALISTA,True,0,0,0,False,False,,0,,False,False,0,0,False,0,False,,,,,
671563,2,1,DOCENTE_NO_TITULAR_OCASIONAL,DOCENTE,PROFESOR NO TITULAR OCASIONAL (TP),FACULTAD DE CIENCIAS SOCIALES Y HUMANÍSTICAS,True,0.51,DOCENTE_NO_TITULAR_OCASIONAL,True,0,0,0,False,False,,0,,False,True,1,1,False,0,True,JEFATURA_SUPERVISION_OPERATIVA,,,,
671565,1,1,AUXILIAR_AYUDANTE_OPERATIVO,ADMINISTRATIVO,AUXILIAR DE LABORATORIO (8HD),CENTRO NACIONAL DE ACUICULTURA E INVESTIGACIONES MARINAS,True,2.78,AUXILIAR_AYUDANTE_OPERATIVO,True,0,0,0,False,False,,0,,False,False,0,0,False,0,False,,,,,
671567,1,1,ASISTENCIA_SECRETARIAL_OFICINA,ADMINISTRATIVO,ASISTENTE EJECUTIVA 1,FACULTAD DE INGENIERÍA MECÁNICA Y CIENCIAS DE LA PRODUCCIÓN,True,2.78,ASISTENCIA_SECRETARIAL_OFICINA,True,0,0,0,False,False,,0,,False,False,0,0,False,0,False,,,,,
671568,1,1,ASISTENCIA_SECRETARIAL_OFICINA,ADMINISTRATIVO,ASISTENTE EJECUTIVA 1,FACULTAD DE INGENIERÍA MECÁNICA Y CIENCIAS DE LA PRODUCCIÓN,True,2.78,ASISTENCIA_SECRETARIAL_OFICINA,True,0,0,0,False,False,,0,,False,False,0,0,False,0,False,,,,,
671577,1,1,SERVICIOS_GENERALES_OFICIOS,ADMINISTRATIVO,JARDINERO/TRABAJADOR DEL DEPARTAMENTO DE GESTIÒN AMBIENTAL,DIRECCIÓN DE SERVICIOS GENERALES,False,1.83,SERVICIOS_GENERALES_OFICIOS,True,0,0,0,False,False,,0,,False,False,0,0,False,0,False,,,,,
671578,1,1,SERVICIOS_GENERALES_OFICIOS,ADMINISTRATIVO,GUARDIÀN/GUARDIÀN ADMINISTRATIVO,CENTRO NACIONAL DE ACUICULTURA E INVESTIGACIONES MARINAS,True,2.78,SERVICIOS_GENERALES_OFICIOS,True,0,0,0,False,False,,0,,False,False,0,0,False,0,False,,,,,
671580,1,1,AUXILIAR_AYUDANTE_OPERATIVO,ADMINISTRATIVO,AUXILIAR DE SERVICIOS,FACULTAD DE INGENIERÍA EN ELECTRICIDAD Y COMPUTACIÓN,True,2.78,AUXILIAR_AYUDANTE_OPERATIVO,True,0,0,0,False,False,,0,,False,False,0,0,False,0,False,,,,,
671589,1,1,AUTORIDAD_ADMINISTRATIVA_SUPERIOR,ADMINISTRATIVO,DIRECTOR DE SEGURIDAD FISICA,DIRECCION DE SEGURIDAD FISICA,False,0.5,AUTORIDAD_ADMINISTRATIVA_SUPERIOR,True,0,0,0,False,False,,0,,False,True,1,1,False,0,False,AUTORIDAD_ADMINISTRATIVA_SUPERIOR,,,,
671628,1,1,JEFATURA_SUPERVISION_OPERATIVA,ADMINISTRATIVO,COORDINACIÓN DE RELACIONES ESTRATÉGICAS Y GUBERNAMENTALES,RECTORADO,True,1.61,JEFATURA_SUPERVISION_OPERATIVA,True,0,0,0,False,False,,1,AUTORIDAD_ADMINISTRATIVA_SUPERIOR,True,True,8,2,True,6,True,OTROS_AA,,,,
671718,1,1,ASISTENCIA_SECRETARIAL_OFICINA,ADMINISTRATIVO,ASISTENTE EJECUTIVA 1,FACULTAD DE CIENCIAS SOCIALES Y HUMANÍSTICAS,True,2.36,ASISTENCIA_SECRETARIAL_OFICINA,True,0,0,0,False,False,,0,,False,False,0,0,False,0,False,,,,,
671732,1,1,ASISTENCIA_SECRETARIAL_OFICINA,ADMINISTRATIVO,ASISTENTE DE ADMISIONES,DIRECCIÓN DE ADMISIONES,True,2.61,ASISTENCIA_SECRETARIAL_OFICINA,True,0,0,0,False,False,,0,,False,False,0,0,False,0,False,,,,,
671753,1,1,ASISTENCIA_SECRETARIAL_OFICINA,ADMINISTRATIVO,ASISTENTE DE ACTIVOS FIJOS,GERENCIA FINANCIERA,True,2.67,ASISTENCIA_SECRETARIAL_OFICINA,True,0,0,0,False,False,,0,,False,False,0,0,False,0,False,,,,,
671911,1,1,PROFESIONAL_ANALISTA,ADMINISTRATIVO,ANALISTA DE COMPRAS PÚBLICAS 2,DIRECCIÓN DE ADQUISICIONES,True,2.61,PROFESIONAL_ANALISTA,True,0,0,0,False,False,,0,,False,False,0,0,False,0,False,,,,,
671929,1,1,TECNICO_DOCENTE_APOYO,DOCENTE,TÉCNICO DE INVESTIGACIÓN 1 (TC),FACULTAD DE INGENIERÍA MARÍTIMA Y CIENCIAS DEL MAR,True,2.54,TECNICO_DOCENTE_APOYO,True,0,0,0,False,False,,0,,False,False,0,0,False,0,False,,,,,
671930,1,1,DOCENTE_NO_TITULAR_OCASIONAL,DOCENTE,PROFESOR NO TITULAR OCASIONAL (TP),FACULTAD DE CIENCIAS DE LA VIDA,False,0.96,DOCENTE_NO_TITULAR_OCASIONAL,True,0,0,0,False,False,,0,,False,False,0,0,False,0,False,,,,,
671949,1,1,TECNICO_DOCENTE_APOYO,DOCENTE,TÉCNICO DE LABORATORIO 1 (TC),FACULTAD DE CIENCIAS DE LA VIDA,False,0.1,TECNICO_DOCENTE_APOYO,True,0,0,0,False,False,,0,,False,False,0,0,False,0,False,,,,,
672376,1,1,PROFESIONAL_ANALISTA,ADMINISTRATIVO,ANALISTA FINANCIERO 2,GERENCIA FINANCIERA,False,0.06,PROFESIONAL_ANALISTA,True,0,0,0,False,False,,0,,False,False,0,0,False,0,False,,,,,
672387,1,1,TECNICO_DOCENTE_APOYO,DOCENTE,TÉCNICO DOCENTE 3 (TC),DIRECCIÓN DE ADMISIONES,False,0.55,TECNICO_DOCENTE_APOYO,True,0,0,0,False,False,,0,,False,False,0,0,False,0,False,,,,,
672396,1,1,TECNICO_DOCENTE_APOYO,DOCENTE,TÉCNICO DE LABORATORIO 1 (TC),FACULTAD DE CIENCIAS DE LA VIDA,False,0.33,TECNICO_DOCENTE_APOYO,True,0,0,0,False,False,,0,,False,False,0,0,False,0,False,,,,,
672397,1,1,AUXILIAR_AYUDANTE_OPERATIVO,ADMINISTRATIVO,AUXILIAR DE LABORATORIO (8HD),CENTRO NACIONAL DE ACUICULTURA E INVESTIGACIONES MARINAS,True,2.36,AUXILIAR_AYUDANTE_OPERATIVO,True,0,0,0,False,False,,0,,False,False,0,0,False,0,False,,,,,
672402,1,1,ASISTENCIA_SECRETARIAL_OFICINA,ADMINISTRATIVO,ASISTENTE EJECUTIVA 1,DIRECCIÓN DE TALENTO HUMANO,True,2.52,ASISTENCIA_SECRETARIAL_OFICINA,True,0,0,0,False,False,,0,,False,False,0,0,False,0,False,,,,,
672528,1,1,DOCENTE_NO_TITULAR_OCASIONAL,DOCENTE,PROFESOR NO TITULAR OCASIONAL (TP),FACULTAD DE CIENCIAS NATURALES Y MATEMÁTICAS,False,0.33,DOCENTE_NO_TITULAR_OCASIONAL,True,0,0,0,False,False,,0,,False,False,0,0,False,0,False,,,,,
672832,2,1,DOCENTE_NO_TITULAR_OCASIONAL,DOCENTE,PROFESOR NO TITULAR OCASIONAL (TP),ESCUELA DE POSTGRADO EN ADMINISTRACIÓN DE EMPRESAS,False,0.22,DOCENTE_NO_TITULAR_OCASIONAL,True,0,0,0,False,False,,0,,False,True,2,1,False,0,True,JEFATURA_SUPERVISION_OPERATIVA,,,,
672871,1,1,PROFESIONAL_ANALISTA,ADMINISTRATIVO,AUDITOR INTERNO 1,AUDITORÍA INTERNA,False,1.06,PROFESIONAL_ANALISTA,True,0,0,0,False,False,,0,,False,False,0,0,False,0,False,,,,,
672872,2,1,TECNICO_OPERATIVO_MANTENIMIENTO,ADMINISTRATIVO,TÉCNICOS ESPECIALIZADOS - EJECUCIÓN DE ACTIVIDADES,GERENCIA JURÍDICA,False,0.68,TECNICO_OPERATIVO_MANTENIMIENTO,True,0,0,0,False,False,,0,,False,False,0,0,False,0,False,,,,,
672911,1,1,TECNICO_DOCENTE_APOYO,DOCENTE,TÉCNICO DE INVESTIGACIÓN 1 (TC),"FACULTAD DE ARTE, DISEÑO Y COMUNICACIÓN AUDIOVISUAL",False,1.74,TECNICO_DOCENTE_APOYO,True,0,0,0,False,False,,0,,False,False,0,0,False,0,False,,,,,
672952,2,1,DOCENTE_NO_TITULAR_OCASIONAL,DOCENTE,PROFESOR NO TITULAR OCASIONAL (TC),"FACULTAD DE ARTE, DISEÑO Y COMUNICACIÓN AUDIOVISUAL",True,1.95,DOCENTE_NO_TITULAR_OCASIONAL,True,0,0,0,False,False,,0,,False,True,2,1,False,0,True,JEFATURA_SUPERVISION_OPERATIVA,,,,
672957,1,1,TECNICO_DOCENTE_APOYO,DOCENTE,TÉCNICO DE INVESTIGACIÓN 1 (TC),FACULTAD DE CIENCIAS NATURALES Y MATEMÁTICAS,False,0.71,TECNICO_DOCENTE_APOYO,True,0,0,0,False,False,,0,,False,False,0,0,False,0,False,,,,,
672998,1,1,DOCENTE_NO_TITULAR_OCASIONAL,DOCENTE,PROFESOR NO TITULAR OCASIONAL (TC),FACULTAD DE CIENCIAS SOCIALES Y HUMANÍSTICAS,True,2.14,DOCENTE_NO_TITULAR_OCASIONAL,True,0,0,0,False,False,,0,,False,True,1,1,False,0,True,JEFATURA_SUPERVISION_OPERATIVA,,,,
673016,3,1,DOCENTE_NO_TITULAR_OCASIONAL,DOCENTE,PROFESOR NO TITULAR OCASIONAL (MT),FACULTAD DE CIENCIAS SOCIALES Y HUMANÍSTICAS,True,0.51,DOCENTE_NO_TITULAR_OCASIONAL,True,0,0,0,False,False,,0,,False,False,0,0,False,0,False,,,,,
673021,2,1,DOCENTE_NO_TITULAR_OCASIONAL,DOCENTE,PROFESOR NO TITULAR OCASIONAL (TC),"FACULTAD DE ARTE, DISEÑO Y COMUNICACIÓN AUDIOVISUAL",True,1.95,DOCENTE_NO_TITULAR_OCASIONAL,True,0,0,0,False,False,,0,,False,False,0,0,False,0,False,,,,,
673037,1,1,DOCENTE_NO_TITULAR_OCASIONAL,DOCENTE,PROFESOR NO TITULAR OCASIONAL (TP),FACULTAD DE CIENCIAS SOCIALES Y HUMANÍSTICAS,False,0.0,DOCENTE_NO_TITULAR_OCASIONAL,True,0,0,0,False,False,,0,,False,False,0,0,False,0,False,,,,,
673038,1,1,DOCENTE_NO_TITULAR_OCASIONAL,DOCENTE,PROFESOR NO TITULAR OCASIONAL (TC),FACULTAD DE CIENCIAS NATURALES Y MATEMÁTICAS,False,0.36,DOCENTE_NO_TITULAR_OCASIONAL,True,0,0,0,False,False,,0,,False,False,0,0,False,0,False,,,,,
673473,1,1,TECNICO_DOCENTE_APOYO,DOCENTE,TÉCNICO DE INVESTIGACIÓN 1 (TC),FACULTAD DE CIENCIAS NATURALES Y MATEMÁTICAS,True,1.83,TECNICO_DOCENTE_APOYO,True,0,0,0,False,False,,0,,False,False,0,0,False,0,False,,,,,
673638,1,1,TECNICO_DOCENTE_APOYO,DOCENTE,TÉCNICO DE INVESTIGACIÓN 2 (TC),FACULTAD DE INGENIERÍA EN ELECTRICIDAD Y COMPUTACIÓN,True,2.2,TECNICO_DOCENTE_APOYO,True,0,0,0,False,False,,0,,False,False,0,0,False,0,False,,,,,
674043,2,1,TECNICO_OPERATIVO_MANTENIMIENTO,ADMINISTRATIVO,TÉCNICOS ESPECIALIZADOS - EJECUCIÓN DE PROYECTOS,GERENCIA DE TECNOLOGÍAS Y SISTEMAS DE INFORMACIÓN,False,0.15,TECNICO_OPERATIVO_MANTENIMIENTO,True,0,0,0,False,False,,0,,False,False,0,0,False,0,False,,,,,
674064,4,1,TECNICO_OPERATIVO_MANTENIMIENTO,ADMINISTRATIVO,TÉCNICOS ESPECIALIZADOS - EJECUCIÓN DE ACTIVIDADES,GERENCIA DE INFRAESTRUCTURA FÍSICA,True,0.68,TECNICO_OPERATIVO_MANTENIMIENTO,True,0,0,0,False,False,,0,,False,False,0,0,False,0,False,,,,,
674089,1,1,PROFESIONAL_ANALISTA,ADMINISTRATIVO,AUDITOR INTERNO 1,AUDITORÍA INTERNA,False,1.25,PROFESIONAL_ANALISTA,True,0,0,0,False,False,,0,,False,True,1,1,True,1,False,OTROS_AA,,,,
674159,1,1,AUXILIAR_AYUDANTE_OPERATIVO,ADMINISTRATIVO,AYUDANTE DE SERVICIOS ADMINISTRATIVOS,GERENCIA DE COMUNICACIÓN,True,2.2,AUXILIAR_AYUDANTE_OPERATIVO,True,0,0,0,False,False,,0,,False,False,0,0,False,0,False,,,,,
674170,1,1,TECNICO_DOCENTE_APOYO,DOCENTE,TÉCNICO DE LABORATORIO 1 (TC),FACULTAD DE CIENCIAS DE LA VIDA,True,1.52,TECNICO_DOCENTE_APOYO,True,0,0,0,False,False,,0,,False,False,0,0,False,0,False,,,,,
674257,2,2,TECNICO_DOCENTE_APOYO,DOCENTE,TÉCNICO DOCENTE 3 (TC),DIRECCIÓN DE ADMISIONES,True,1.35,DOCENTE_NO_TITULAR_OCASIONAL,False,1,0,0,False,False,1.35,0,,False,False,0,0,False,0,False,,,,,
674524,4,1,TECNICO_OPERATIVO_MANTENIMIENTO,ADMINISTRATIVO,TÉCNICOS ESPECIALIZADOS - EJECUCIÓN DE ACTIVIDADES,CENTRO DE INVESTIGACIÓN Y PROYECTOS APLICADOS A LAS CIENCIAS DE LA TIERRA,True,0.66,TECNICO_OPERATIVO_MANTENIMIENTO,True,0,0,0,False,False,,0,,False,False,0,0,False,0,False,,,,,
674540,1,1,PROFESIONAL_ANALISTA,ADMINISTRATIVO,ANALISTA DE PLANIFICACIÓN Y PROYECTOS,GERENCIA DE PLANIFICACIÓN ESTRATÉGICA,True,2.07,PROFESIONAL_ANALISTA,True,0,0,0,False,False,,0,,False,False,0,0,False,0,False,,,,,
674610,1,1,TECNICO_DOCENTE_APOYO,DOCENTE,TÉCNICO DE INVESTIGACIÓN 1 (TC),FACULTAD DE CIENCIAS SOCIALES Y HUMANÍSTICAS,False,1.14,TECNICO_DOCENTE_APOYO,True,0,0,0,False,False,,0,,False,False,0,0,False,0,False,,,,,
674620,8,1,TECNICO_OPERATIVO_MANTENIMIENTO,ADMINISTRATIVO,TÉCNICO DE ARCHIVO Y DIGITALIZACIÓN,DIRECCIÓN DE LA SECRETARÍA TÉCNICA ACADEMICA,True,0.03,TECNICO_OPERATIVO_MANTENIMIENTO,True,0,0,0,False,False,,0,,False,False,0,0,False,0,False,,,,,
674686,1,1,DOCENTE_NO_TITULAR_OCASIONAL,DOCENTE,PROFESOR NO TITULAR OCASIONAL (TC),FACULTAD DE INGENIERÍA MECÁNICA Y CIENCIAS DE LA PRODUCCIÓN,True,1.95,DOCENTE_NO_TITULAR_OCASIONAL,True,0,0,0,False,False,,0,,False,True,5,1,False,0,True,JEFATURA_SUPERVISION_OPERATIVA,,,,
674697,2,1,DOCENTE_NO_TITULAR_OCASIONAL,DOCENTE,PROFESOR NO TITULAR OCASIONAL (TC),FACULTAD DE CIENCIAS SOCIALES Y HUMANÍSTICAS,True,1.5,DOCENTE_NO_TITULAR_OCASIONAL,True,0,0,0,False,False,,0,,False,False,0,0,False,0,False,,,,,
676144,1,1,PROFESIONAL_ANALISTA,ADMINISTRATIVO,ANALISTA DE INVENTARIO,GERENCIA ADMINISTRATIVA,False,1.48,PROFESIONAL_ANALISTA,True,0,0,0,False,False,,0,,False,False,0,0,False,0,False,,,,,
676206,2,1,TECNICO_DOCENTE_APOYO,DOCENTE,TÉCNICO DOCENTE 3 (TC),DIRECCIÓN DE ADMISIONES,False,0.07,TECNICO_DOCENTE_APOYO,True,0,0,0,False,False,,0,,False,False,0,0,False,0,False,,,,,
676235,1,1,TECNICO_DOCENTE_APOYO,DOCENTE,TÉCNICO DOCENTE 3 (TC),DIRECCIÓN DE ADMISIONES,False,0.55,TECNICO_DOCENTE_APOYO,True,0,0,0,False,False,,0,,False,False,0,0,False,0,False,,SERVICIOS PROFESIONALES - EJECUCIÓN DE ACTIVIDADES,VICERRECTORADO DE DOCENCIA,CONTRATO_SERVICIOS_PROFESIONALES_PROYECTO,ADMINISTRATIVO
676278,1,1,PROFESIONAL_ANALISTA,ADMINISTRATIVO,AUDITOR INTERNO 2,AUDITORÍA INTERNA,True,1.91,PROFESIONAL_ANALISTA,True,0,0,0,False,False,,0,,False,False,0,0,False,0,False,,,,,
676282,1,1,TECNICO_DOCENTE_APOYO,DOCENTE,TÉCNICO DOCENTE 1 (TC),FACULTAD DE INGENIERÍA MECÁNICA Y CIENCIAS DE LA PRODUCCIÓN,True,1.85,TECNICO_DOCENTE_APOYO,True,0,0,0,False,False,,0,,False,False,0,0,False,0,False,,,,,
676325,1,1,PROFESIONAL_ANALISTA,ADMINISTRATIVO,AUDITOR INTERNO 1,AUDITORÍA INTERNA,True,1.89,PROFESIONAL_ANALISTA,True,0,0,0,False,False,,0,,False,False,0,0,False,0,False,,,,,
676329,1,1,TECNICO_DOCENTE_APOYO,DOCENTE,TÉCNICO DE INVESTIGACIÓN 1 (TC),FACULTAD DE CIENCIAS NATURALES Y MATEMÁTICAS,False,0.11,TECNICO_DOCENTE_APOYO,True,0,0,0,False,False,,0,,False,False,0,0,False,0,False,,,,,
676330,1,1,TECNICO_DOCENTE_APOYO,DOCENTE,TÉCNICO DE INVESTIGACIÓN 1 (TC),FACULTAD DE CIENCIAS NATURALES Y MATEMÁTICAS,False,0.11,TECNICO_DOCENTE_APOYO,True,0,0,0,False,False,,0,,False,False,0,0,False,0,False,,,,,
676335,1,1,TECNICO_DOCENTE_APOYO,DOCENTE,TÉCNICO DE INVESTIGACIÓN 1 (TC),FACULTAD DE CIENCIAS NATURALES Y MATEMÁTICAS,False,0.11,TECNICO_DOCENTE_APOYO,True,0,0,0,False,False,,0,,False,False,0,0,False,0,False,,SERVICIOS PROFESIONALES - EJECUCIÓN DE ACTIVIDADES,"VICERRECTORADO DE INVESTIGACIÓN, DESARROLLO E INNOVACIÓN",CONTRATO_SERVICIOS_PROFESIONALES_PROYECTO,ADMINISTRATIVO
676337,1,1,TECNICO_DOCENTE_APOYO,DOCENTE,TÉCNICO DE INVESTIGACIÓN 1 (TC),FACULTAD DE CIENCIAS NATURALES Y MATEMÁTICAS,False,0.11,TECNICO_DOCENTE_APOYO,True,0,0,0,False,False,,0,,False,False,0,0,False,0,False,,,,,
676339,1,1,TECNICO_DOCENTE_APOYO,DOCENTE,TÉCNICO DE LABORATORIO 1 (TC),"FACULTAD DE ARTE, DISEÑO Y COMUNICACIÓN AUDIOVISUAL",False,0.13,TECNICO_DOCENTE_APOYO,True,0,0,0,False,False,,0,,False,False,0,0,False,0,False,,,,,
676341,1,1,TECNICO_DOCENTE_APOYO,DOCENTE,TÉCNICO DE INVESTIGACIÓN 1 (TC),CENTRO NACIONAL DE ACUICULTURA E INVESTIGACIONES MARINAS,True,1.8,TECNICO_DOCENTE_APOYO,True,0,0,0,False,False,,0,,False,False,0,0,False,0,False,,,,,
676346,1,1,TECNICO_DOCENTE_APOYO,DOCENTE,TÉCNICO DE INVESTIGACIÓN 1 (TC),FACULTAD DE CIENCIAS NATURALES Y MATEMÁTICAS,False,0.11,TECNICO_DOCENTE_APOYO,True,0,0,0,False,False,,0,,False,False,0,0,False,0,False,,,,,
676413,1,1,PROFESIONAL_ANALISTA,ADMINISTRATIVO,ANALISTA FINANCIERO 1,GERENCIA FINANCIERA,True,0.03,PROFESIONAL_ANALISTA,True,0,0,0,False,False,,1,ASISTENCIA_SECRETARIAL_OFICINA,True,False,0,0,False,0,False,,,,,
676417,1,1,ASISTENCIA_SECRETARIAL_OFICINA,ADMINISTRATIVO,ASISTENTE EJECUTIVA 2,RECTORADO,True,1.75,ASISTENCIA_SECRETARIAL_OFICINA,True,0,0,0,False,False,,0,,False,False,0,0,False,0,False,,,,,
676420,1,1,ASISTENCIA_SECRETARIAL_OFICINA,ADMINISTRATIVO,ASISTENTE EJECUTIVA 2,ESCUELA DE POSTGRADO EN ADMINISTRACIÓN DE EMPRESAS,True,1.75,ASISTENCIA_SECRETARIAL_OFICINA,True,0,0,0,False,False,,0,,False,False,0,0,False,0,False,,,,,
676429,1,1,AUXILIAR_AYUDANTE_OPERATIVO,ADMINISTRATIVO,AUXILIAR DE SERVICIOS DE MANTENIMIENTO,DIRECCIÓN DE SERVICIOS GENERALES,True,1.28,AUXILIAR_AYUDANTE_OPERATIVO,True,0,0,0,False,False,,0,,False,False,0,0,False,0,False,,,,,
676507,1,1,AUXILIAR_AYUDANTE_OPERATIVO,ADMINISTRATIVO,AUXILIAR DE SERVICIOS,FACULTAD DE CIENCIAS SOCIALES Y HUMANÍSTICAS,True,1.68,AUXILIAR_AYUDANTE_OPERATIVO,True,0,0,0,False,False,,0,,False,False,0,0,False,0,False,,,,,
676508,1,1,AUXILIAR_AYUDANTE_OPERATIVO,ADMINISTRATIVO,AUXILIAR DE SERVICIOS DE MANTENIMIENTO,DIRECCIÓN DE SERVICIOS GENERALES,True,1.68,AUXILIAR_AYUDANTE_OPERATIVO,True,0,0,0,False,False,,0,,False,False,0,0,False,0,False,,,,,
676509,1,1,AUXILIAR_AYUDANTE_OPERATIVO,ADMINISTRATIVO,AUXILIAR DE SERVICIOS,CENTRO DE TECNOLOGÍAS DE LA INFORMACIÓN,True,1.68,AUXILIAR_AYUDANTE_OPERATIVO,True,0,0,0,False,False,,0,,False,False,0,0,False,0,False,,,,,
676510,1,1,AUXILIAR_AYUDANTE_OPERATIVO,ADMINISTRATIVO,AUXILIAR DE SERVICIOS,FACULTAD DE CIENCIAS NATURALES Y MATEMÁTICAS,True,1.68,AUXILIAR_AYUDANTE_OPERATIVO,True,0,0,0,False,False,,0,,False,False,0,0,False,0,False,,,,,
676511,1,1,AUXILIAR_AYUDANTE_OPERATIVO,ADMINISTRATIVO,AUXILIAR DE SERVICIOS DE MANTENIMIENTO,DIRECCIÓN DE SERVICIOS GENERALES,True,1.68,AUXILIAR_AYUDANTE_OPERATIVO,True,0,0,0,False,False,,0,,False,False,0,0,False,0,False,,,,,
676513,1,1,AUXILIAR_AYUDANTE_OPERATIVO,ADMINISTRATIVO,AUXILIAR DE SERVICIOS,FACULTAD DE CIENCIAS SOCIALES Y HUMANÍSTICAS,True,1.68,AUXILIAR_AYUDANTE_OPERATIVO,True,0,0,0,False,False,,0,,False,False,0,0,False,0,False,,,,,
676557,1,1,TECNICO_DOCENTE_APOYO,DOCENTE,TÉCNICO DE INVESTIGACIÓN 1 (TC),FACULTAD DE INGENIERÍA EN CIENCIAS DE LA TIERRA,True,0.91,TECNICO_DOCENTE_APOYO,True,0,0,0,False,False,,0,,False,False,0,0,False,0,False,,,,,
676630,2,1,TECNICO_OPERATIVO_MANTENIMIENTO,ADMINISTRATIVO,TÉCNICOS ESPECIALIZADOS - EJECUCIÓN DE ACTIVIDADES,GERENCIA ADMINISTRATIVA,True,0.68,TECNICO_OPERATIVO_MANTENIMIENTO,True,0,0,0,False,False,,0,,False,False,0,0,False,0,False,,,,,
677176,2,1,TECNICO_OPERATIVO_MANTENIMIENTO,ADMINISTRATIVO,TÉCNICOS ESPECIALIZADOS - EJECUCIÓN DE ACTIVIDADES,GERENCIA DE INFRAESTRUCTURA FÍSICA,True,0.68,TECNICO_OPERATIVO_MANTENIMIENTO,True,0,0,0,False,False,,0,,False,False,0,0,False,0,False,,,,,
677353,1,1,AUXILIAR_AYUDANTE_OPERATIVO,ADMINISTRATIVO,AUXILIAR DE SERVICIOS,FACULTAD DE CIENCIAS DE LA VIDA,True,1.45,AUXILIAR_AYUDANTE_OPERATIVO,True,0,0,0,False,False,,0,,False,False,0,0,False,0,False,,,,,
677355,1,1,AUXILIAR_AYUDANTE_OPERATIVO,ADMINISTRATIVO,AUXILIAR DE SERVICIOS,DIRECCIÓN DE SERVICIOS GENERALES,True,1.45,AUXILIAR_AYUDANTE_OPERATIVO,True,0,0,0,False,False,,0,,False,False,0,0,False,0,False,,,,,
677356,1,1,SERVICIOS_GENERALES_OFICIOS,ADMINISTRATIVO,CHOFER,DIRECCIÓN DE SERVICIOS GENERALES,True,1.45,SERVICIOS_GENERALES_OFICIOS,True,0,0,0,False,False,,0,,False,False,0,0,False,0,False,,,,,
677411,1,1,TECNICO_DOCENTE_APOYO,DOCENTE,TÉCNICO DOCENTE 3 (MT),DIRECCIÓN DE ADMISIONES,False,0.84,TECNICO_DOCENTE_APOYO,True,0,0,0,False,False,,0,,False,False,0,0,False,0,False,,,,,
677434,1,1,TECNICO_DOCENTE_APOYO,DOCENTE,TÉCNICO DE INVESTIGACIÓN 2 (MT),FACULTAD DE INGENIERÍA EN ELECTRICIDAD Y COMPUTACIÓN,True,1.2,TECNICO_DOCENTE_APOYO,True,0,0,0,False,False,,0,,False,False,0,0,False,0,False,,,,,
677460,1,1,DOCENTE_NO_TITULAR_OCASIONAL,DOCENTE,PROFESOR NO TITULAR OCASIONAL (MT),FACULTAD DE CIENCIAS DE LA VIDA,False,0.0,DOCENTE_NO_TITULAR_OCASIONAL,True,0,0,0,False,False,,0,,False,False,0,0,False,0,False,,,,,
677461,1,1,DOCENTE_NO_TITULAR_OCASIONAL,DOCENTE,PROFESOR NO TITULAR OCASIONAL (TC),FACULTAD DE CIENCIAS NATURALES Y MATEMÁTICAS,True,1.33,DOCENTE_NO_TITULAR_OCASIONAL,True,0,0,0,False,False,,0,,False,False,0,0,False,0,False,,,,,
677462,1,1,DOCENTE_NO_TITULAR_OCASIONAL,DOCENTE,PROFESOR NO TITULAR OCASIONAL (TP),FACULTAD DE CIENCIAS NATURALES Y MATEMÁTICAS,False,0.78,DOCENTE_NO_TITULAR_OCASIONAL,True,0,0,0,False,False,,0,,False,False,0,0,False,0,False,,,,,
677480,2,2,DOCENTE_NO_TITULAR_OCASIONAL,DOCENTE,PROFESOR NO TITULAR OCASIONAL (TC),DECANATO DE GRADO,True,0.36,TECNICO_DOCENTE_APOYO,False,1,0,0,False,False,0.36,0,,False,False,0,0,False,0,False,,,,,
677485,2,1,TECNICO_DOCENTE_APOYO,DOCENTE,TÉCNICO DE INVESTIGACIÓN 1 (TC),CENTRO DE INVESTIGACIONES BIOTECNOLÓGICAS DEL ECUADOR,True,0.28,TECNICO_DOCENTE_APOYO,True,0,0,0,False,False,,0,,False,False,0,0,False,0,False,,,,,
677508,1,1,TECNICO_DOCENTE_APOYO,DOCENTE,TÉCNICO DE INVESTIGACIÓN 1 (TC),FACULTAD DE CIENCIAS DE LA VIDA,True,1.03,TECNICO_DOCENTE_APOYO,True,0,0,0,False,False,,0,,False,False,0,0,False,0,False,,,,,
678097,1,1,DOCENTE_NO_TITULAR_OCASIONAL,DOCENTE,PROFESOR NO TITULAR OCASIONAL (TC),FACULTAD DE CIENCIAS SOCIALES Y HUMANÍSTICAS,False,0.89,DOCENTE_NO_TITULAR_OCASIONAL,True,0,0,0,False,False,,0,,False,False,0,0,False,0,False,,,,,
678266,1,1,DOCENTE_NO_TITULAR_OCASIONAL,DOCENTE,PROFESOR NO TITULAR OCASIONAL (MT),FACULTAD DE CIENCIAS SOCIALES Y HUMANÍSTICAS,False,0.73,DOCENTE_NO_TITULAR_OCASIONAL,True,0,0,0,False,False,,0,,False,False,0,0,False,0,False,,,,,
678924,1,1,TECNICO_DOCENTE_APOYO,DOCENTE,TÉCNICO DE INVESTIGACIÓN 1 (TC),CENTRO NACIONAL DE ACUICULTURA E INVESTIGACIONES MARINAS,False,0.45,TECNICO_DOCENTE_APOYO,True,0,0,0,False,False,,0,,False,False,0,0,False,0,False,,,,,
679008,1,1,TECNICO_DOCENTE_APOYO,DOCENTE,TÉCNICO DOCENTE 3 (MT),DIRECCIÓN DE ADMISIONES,False,0.89,TECNICO_DOCENTE_APOYO,True,0,0,0,False,False,,0,,False,False,0,0,False,0,False,,,,,
679011,2,2,ASISTENCIA_SECRETARIAL_OFICINA,ADMINISTRATIVO,ASISTENTE DE INFRAESTRUCTURA FÍSICA,GERENCIA DE INFRAESTRUCTURA FÍSICA,True,0.85,TECNICO_OPERATIVO_MANTENIMIENTO,False,1,0,0,False,False,0.85,0,,False,False,0,0,False,0,False,,,,,
679258,1,1,JEFATURA_SUPERVISION_OPERATIVA,ADMINISTRATIVO,SUPERVISOR DE SEGURIDAD,DIRECCION DE SEGURIDAD FISICA,False,0.24,JEFATURA_SUPERVISION_OPERATIVA,True,0,0,0,False,False,,0,,False,False,0,0,False,0,False,,,,,
679328,1,1,TECNICO_DOCENTE_APOYO,DOCENTE,TÉCNICO DOCENTE 3 (TC),DIRECCIÓN DE ADMISIONES,False,0.27,TECNICO_DOCENTE_APOYO,True,0,0,0,False,False,,0,,False,False,0,0,False,0,False,,,,,
679351,1,1,AUXILIAR_AYUDANTE_OPERATIVO,ADMINISTRATIVO,AUXILIAR DE SERVICIOS,DIRECCIÓN DE SERVICIOS GENERALES,True,1.11,AUXILIAR_AYUDANTE_OPERATIVO,True,0,0,0,False,False,,0,,False,False,0,0,False,0,False,,,,,
679352,1,1,SERVICIOS_GENERALES_OFICIOS,ADMINISTRATIVO,CHOFER,DIRECCIÓN DE SERVICIOS GENERALES,True,1.11,SERVICIOS_GENERALES_OFICIOS,True,0,0,0,False,False,,0,,False,False,0,0,False,0,False,,,,,
679353,1,1,SERVICIOS_GENERALES_OFICIOS,ADMINISTRATIVO,MENSAJERO,DIRECCIÓN DE SERVICIOS GENERALES,True,1.11,SERVICIOS_GENERALES_OFICIOS,True,0,0,0,False,False,,0,,False,False,0,0,False,0,False,,,,,
679371,1,1,ASISTENCIA_SECRETARIAL_OFICINA,ADMINISTRATIVO,ASISTENTE DE TALENTO HUMANO,DIRECCIÓN DE TALENTO HUMANO,True,1.11,ASISTENCIA_SECRETARIAL_OFICINA,True,0,0,0,False,False,,0,,False,False,0,0,False,0,False,,,,,
679385,3,1,TECNICO_OPERATIVO_MANTENIMIENTO,ADMINISTRATIVO,TÉCNICOS ESPECIALIZADOS - EJECUCIÓN DE ACTIVIDADES,GERENCIA DE COMUNICACIÓN,True,0.34,TECNICO_OPERATIVO_MANTENIMIENTO,True,0,0,0,False,False,,0,,False,False,0,0,False,0,False,,,,,
679425,1,1,TECNICO_OPERATIVO_MANTENIMIENTO,ADMINISTRATIVO,TÉCNICOS ESPECIALIZADOS - EJECUCIÓN DE ACTIVIDADES,GERENCIA JURÍDICA,False,0.16,TECNICO_OPERATIVO_MANTENIMIENTO,True,0,0,0,False,False,,0,,False,False,0,0,False,0,False,,,,,
679555,2,1,TECNICO_DOCENTE_APOYO,DOCENTE,TÉCNICO DE INVESTIGACIÓN 1 (TC),FACULTAD DE INGENIERÍA EN CIENCIAS DE LA TIERRA,True,0.34,TECNICO_DOCENTE_APOYO,True,0,0,0,False,False,,0,,False,False,0,0,False,0,False,,,,,
679569,2,1,TECNICO_OPERATIVO_MANTENIMIENTO,ADMINISTRATIVO,TÉCNICOS ESPECIALIZADOS - EJECUCIÓN DE ACTIVIDADES,GERENCIA DE BIENESTAR POLITÉCNICO,True,0.24,TECNICO_OPERATIVO_MANTENIMIENTO,True,0,0,0,False,False,,0,,False,False,0,0,False,0,False,,,,,
679595,1,1,TECNICO_DOCENTE_APOYO,DOCENTE,TÉCNICO DE LABORATORIO 1 (TC),FACULTAD DE CIENCIAS DE LA VIDA,False,0.33,TECNICO_DOCENTE_APOYO,True,0,0,0,False,False,,0,,False,False,0,0,False,0,False,,,,,
679622,1,1,SERVICIOS_GENERALES_OFICIOS,ADMINISTRATIVO,JARDINERO/TRABAJADOR DEL DEPARTAMENTO DE GESTIÒN AMBIENTAL,DIRECCIÓN DE SERVICIOS GENERALES,True,1.03,SERVICIOS_GENERALES_OFICIOS,True,0,0,0,False,False,,0,,False,False,0,0,False,0,False,,,,,
679623,1,1,SERVICIOS_GENERALES_OFICIOS,ADMINISTRATIVO,JARDINERO/TRABAJADOR DEL DEPARTAMENTO DE GESTIÒN AMBIENTAL,DIRECCIÓN DE SERVICIOS GENERALES,True,1.03,SERVICIOS_GENERALES_OFICIOS,True,0,0,0,False,False,,0,,False,False,0,0,False,0,False,,,,,
679666,1,1,TECNICO_DOCENTE_APOYO,DOCENTE,TÉCNICO DOCENTE 3 (TC),DIRECCIÓN DE ADMISIONES,False,0.27,TECNICO_DOCENTE_APOYO,True,0,0,0,False,False,,0,,False,False,0,0,False,0,False,,,,,
679669,1,1,TECNICO_DOCENTE_APOYO,DOCENTE,TÉCNICO DE LABORATORIO 1 (TC),FACULTAD DE INGENIERÍA EN CIENCIAS DE LA TIERRA,True,0.89,TECNICO_DOCENTE_APOYO,True,0,0,0,False,False,,0,,False,False,0,0,False,0,False,,,,,
683216,1,1,TECNICO_DOCENTE_APOYO,DOCENTE,TÉCNICO DE INVESTIGACIÓN 1 (TC),FACULTAD DE CIENCIAS DE LA VIDA,False,0.24,TECNICO_DOCENTE_APOYO,True,0,0,0,False,False,,0,,False,False,0,0,False,0,False,,SERVICIOS PROFESIONALES - EJECUCIÓN DE ACTIVIDADES,DECANATO DE VINCULACIÓN,CONTRATO_SERVICIOS_PROFESIONALES_PROYECTO,ADMINISTRATIVO
683250,1,1,TECNICO_DOCENTE_APOYO,DOCENTE,TÉCNICO DOCENTE 3 (MT),DIRECCIÓN DE ADMISIONES,False,0.15,TECNICO_DOCENTE_APOYO,True,0,0,0,False,False,,0,,False,False,0,0,False,0,False,,,,,
683340,1,1,TECNICO_DOCENTE_APOYO,DOCENTE,TÉCNICO DE INVESTIGACIÓN 1 (TC),CENTRO DE AGUA Y DESARROLLO SUSTENTABLE,False,0.24,TECNICO_DOCENTE_APOYO,True,0,0,0,False,False,,0,,False,False,0,0,False,0,False,,,,,
683347,1,1,TECNICO_DOCENTE_APOYO,DOCENTE,TÉCNICO DE INVESTIGACIÓN 1 (TC),CENTRO DE INVESTIGACIONES BIOTECNOLÓGICAS DEL ECUADOR,False,0.24,TECNICO_DOCENTE_APOYO,True,0,0,0,False,False,,0,,False,False,0,0,False,0,False,,,,,
683349,1,1,TECNICO_DOCENTE_APOYO,DOCENTE,TÉCNICO DE INVESTIGACIÓN 1 (TC),CENTRO ECUATORIANO DE INVESTIGACIÓN Y DESARROLLO EN NANOTECNOLOGÍA,True,0.94,TECNICO_DOCENTE_APOYO,True,0,0,0,False,False,,0,,False,False,0,0,False,0,False,,,,,
683529,1,1,TECNICO_DOCENTE_APOYO,DOCENTE,TÉCNICO DE LABORATORIO 1 (TC),DECANATO DE GRADO,False,0.23,TECNICO_DOCENTE_APOYO,True,0,0,0,False,False,,0,,False,False,0,0,False,0,False,,,,,
683578,1,1,TECNICO_DOCENTE_APOYO,DOCENTE,TÉCNICO DE INVESTIGACIÓN 1 (TC),CENTRO DE INVESTIGACIONES BIOTECNOLÓGICAS DEL ECUADOR,False,0.24,TECNICO_DOCENTE_APOYO,True,0,0,0,False,False,,0,,False,False,0,0,False,0,False,,,,,
683587,1,1,TECNICO_DOCENTE_APOYO,DOCENTE,TÉCNICO DE INVESTIGACIÓN 1 (TC),CENTRO DE INVESTIGACIONES BIOTECNOLÓGICAS DEL ECUADOR,False,0.24,TECNICO_DOCENTE_APOYO,True,0,0,0,False,False,,0,,False,False,0,0,False,0,False,,,,,
683629,1,1,TECNICO_DOCENTE_APOYO,DOCENTE,TÉCNICO DOCENTE 3 (TC),DIRECCIÓN DE ADMISIONES,False,0.23,TECNICO_DOCENTE_APOYO,True,0,0,0,False,False,,0,,False,False,0,0,False,0,False,,SERVICIOS PROFESIONALES - EJECUCIÓN DE ACTIVIDADES,DECANATO DE GRADO,CONTRATO_SERVICIOS_PROFESIONALES_PROYECTO,ADMINISTRATIVO
683638,1,1,TECNICO_OPERATIVO_MANTENIMIENTO,ADMINISTRATIVO,TÉCNICOS ESPECIALIZADOS - EJECUCIÓN DE ACTIVIDADES,GERENCIA JURÍDICA,False,0.21,TECNICO_OPERATIVO_MANTENIMIENTO,True,0,0,0,False,False,,0,,False,False,0,0,False,0,False,,,,,
683672,1,1,PROFESIONAL_ANALISTA,ADMINISTRATIVO,AUDITOR INTERNO 1,AUDITORÍA INTERNA,True,0.94,PROFESIONAL_ANALISTA,True,0,0,0,False,False,,0,,False,False,0,0,False,0,False,,,,,
683673,1,1,PROFESIONAL_ANALISTA,ADMINISTRATIVO,AUDITOR INTERNO 1,AUDITORÍA INTERNA,True,0.94,PROFESIONAL_ANALISTA,True,0,0,0,False,False,,0,,False,False,0,0,False,0,False,,,,,
683722,1,1,TECNICO_OPERATIVO_MANTENIMIENTO,ADMINISTRATIVO,TÉCNICOS ESPECIALIZADOS - EJECUCIÓN DE ACTIVIDADES,GERENCIA JURÍDICA,False,0.15,TECNICO_OPERATIVO_MANTENIMIENTO,True,0,0,0,False,False,,0,,False,False,0,0,False,0,False,,,,,
683904,1,1,AUXILIAR_AYUDANTE_OPERATIVO,ADMINISTRATIVO,AUXILIAR DE SERVICIOS DE MANTENIMIENTO,DIRECCIÓN DE SERVICIOS GENERALES,False,0.18,AUXILIAR_AYUDANTE_OPERATIVO,True,0,0,0,False,False,,0,,False,False,0,0,False,0,False,,,,,
683905,1,1,SERVICIOS_GENERALES_OFICIOS,ADMINISTRATIVO,JARDINERO/TRABAJADOR DEL DEPARTAMENTO DE GESTIÒN AMBIENTAL,DIRECCIÓN DE SERVICIOS GENERALES,True,0.78,SERVICIOS_GENERALES_OFICIOS,True,0,0,0,False,False,,0,,False,False,0,0,False,0,False,,,,,
683917,1,1,SERVICIOS_GENERALES_OFICIOS,ADMINISTRATIVO,OPERADOR DE TANQUES Y ESTACIÒN DE BOMBEO,CENTRO NACIONAL DE ACUICULTURA E INVESTIGACIONES MARINAS,True,0.78,SERVICIOS_GENERALES_OFICIOS,True,0,0,0,False,False,,0,,False,False,0,0,False,0,False,,,,,
