IDPERSONA,IDESTRUCTURAORGANICA,UNIDAD_FUNCION,FUNCION_ADICIONAL,CATEGORIA_FUNCION_ADICIONAL,ES_SUBROGACION,ROL_SUBROGADO,CATEGORIA_ROL_SUBROGADO,NIVEL_FUNCION,DETALLE_NIVEL_FUNCION,FECHA_DESDE,FECHA_HASTA,DURACION_DIAS,ES_REPRESENTANTE_ESTUDIANTIL,ES_RUIDO_CALIDAD_DATOS,ES_DUPLICADO_EXACTO,ES_RUIDO_FUERA_DE_POBLACION,TIPOEMPLEADO_CONTRATO_DURANTE,CATEGORIA_CARGO_CONTRATO_DURANTE,ES_COINCIDENTE_CONTRATO
26,22,FACULTAD DE INGENIERÍA MECÁNICA Y CIENCIAS DE LA PRODUCCIÓN,Miembro del consejo directivo,OTROS_AA,False,,,,,2016-01-04,2019-01-03,1095,False,False,False,False,DOCENTE,DOCENTE_TITULAR_CARRERA,False
26,22,FACULTAD DE INGENIERÍA MECÁNICA Y CIENCIAS DE LA PRODUCCIÓN,Coordinador de carrera,JEFATURA_SUPERVISION_OPERATIVA,False,,,GRADO,Ingeniería Mecánica,2016-12-09,2017-01-08,30,False,False,False,False,DOCENTE,DOCENTE_TITULAR_CARRERA,False
26,22,FACULTAD DE INGENIERÍA MECÁNICA Y CIENCIAS DE LA PRODUCCIÓN,Coordinador de carrera,JEFATURA_SUPERVISION_OPERATIVA,False,,,GRADO,Mecánica,2017-01-09,2017-10-27,291,False,False,False,False,DOCENTE,DOCENTE_TITULAR_CARRERA,False
26,22,FACULTAD DE INGENIERÍA MECÁNICA Y CIENCIAS DE LA PRODUCCIÓN,Miembro del consejo directivo,OTROS_AA,False,,,,,2019-12-10,2022-08-31,995,False,False,False,False,DOCENTE,DOCENTE_TITULAR_CARRERA,False
26,22,FACULTAD DE INGENIERÍA MECÁNICA Y CIENCIAS DE LA PRODUCCIÓN,Subrogación,OTROS_AA,True,Subdecano,AUTORIDAD_ACADEMICA_SUPERIOR,,,2021-03-01,2021-03-14,13,False,False,False,False,DOCENTE,AUTORIDAD_ACADEMICA_SUPERIOR,True
26,22,FACULTAD DE INGENIERÍA MECÁNICA Y CIENCIAS DE LA PRODUCCIÓN,Subrogación,OTROS_AA,True,Subdecano,AUTORIDAD_ACADEMICA_SUPERIOR,,,2021-04-19,2021-04-19,0,False,False,False,False,DOCENTE,AUTORIDAD_ACADEMICA_SUPERIOR,True
26,22,FACULTAD DE INGENIERÍA MECÁNICA Y CIENCIAS DE LA PRODUCCIÓN,Subrogación,OTROS_AA,True,Subdecano,AUTORIDAD_ACADEMICA_SUPERIOR,,,2021-04-26,2021-04-27,1,False,False,False,False,DOCENTE,AUTORIDAD_ACADEMICA_SUPERIOR,True
26,22,FACULTAD DE INGENIERÍA MECÁNICA Y CIENCIAS DE LA PRODUCCIÓN,Subrogación,OTROS_AA,True,Subdecano,AUTORIDAD_ACADEMICA_SUPERIOR,,,2021-05-03,2021-05-07,4,False,False,False,False,DOCENTE,AUTORIDAD_ACADEMICA_SUPERIOR,True
26,22,FACULTAD DE INGENIERÍA MECÁNICA Y CIENCIAS DE LA PRODUCCIÓN,Subrogación,OTROS_AA,True,Subdecano,AUTORIDAD_ACADEMICA_SUPERIOR,,,2021-07-02,2021-07-02,0,False,False,False,False,DOCENTE,AUTORIDAD_ACADEMICA_SUPERIOR,True
26,22,FACULTAD DE INGENIERÍA MECÁNICA Y CIENCIAS DE LA PRODUCCIÓN,Subrogación,OTROS_AA,True,Subdecano,AUTORIDAD_ACADEMICA_SUPERIOR,,,2021-07-14,2021-07-17,3,False,False,False,False,DOCENTE,AUTORIDAD_ACADEMICA_SUPERIOR,True
26,22,FACULTAD DE INGENIERÍA MECÁNICA Y CIENCIAS DE LA PRODUCCIÓN,Subrogación,OTROS_AA,True,Subdecano,AUTORIDAD_ACADEMICA_SUPERIOR,,,2021-08-23,2021-09-21,29,False,False,False,False,DOCENTE,AUTORIDAD_ACADEMICA_SUPERIOR,True
26,22,FACULTAD DE INGENIERÍA MECÁNICA Y CIENCIAS DE LA PRODUCCIÓN,Subrogación,OTROS_AA,True,Subdecano,AUTORIDAD_ACADEMICA_SUPERIOR,,,2021-12-29,2021-12-30,1,False,False,False,False,DOCENTE,DOCENTE_TITULAR_CARRERA,False
26,22,FACULTAD DE INGENIERÍA MECÁNICA Y CIENCIAS DE LA PRODUCCIÓN,Subrogación,OTROS_AA,True,Subdecano,AUTORIDAD_ACADEMICA_SUPERIOR,,,2022-03-09,2022-03-21,12,False,False,False,False,DOCENTE,DOCENTE_TITULAR_CARRERA,False
26,22,FACULTAD DE INGENIERÍA MECÁNICA Y CIENCIAS DE LA PRODUCCIÓN,Subrogación,OTROS_AA,True,Subdecano,AUTORIDAD_ACADEMICA_SUPERIOR,,,2022-03-24,2022-03-25,1,False,False,False,False,DOCENTE,DOCENTE_TITULAR_CARRERA,False
26,22,FACULTAD DE INGENIERÍA MECÁNICA Y CIENCIAS DE LA PRODUCCIÓN,Subrogación,OTROS_AA,True,Subdecano,AUTORIDAD_ACADEMICA_SUPERIOR,,,2022-04-27,2022-04-29,2,False,False,False,False,DOCENTE,DOCENTE_TITULAR_CARRERA,False
26,22,FACULTAD DE INGENIERÍA MECÁNICA Y CIENCIAS DE LA PRODUCCIÓN,Subrogación,OTROS_AA,True,Subdecano,AUTORIDAD_ACADEMICA_SUPERIOR,,,2022-05-04,2022-05-07,3,False,False,False,False,DOCENTE,DOCENTE_TITULAR_CARRERA,False
26,22,FACULTAD DE INGENIERÍA MECÁNICA Y CIENCIAS DE LA PRODUCCIÓN,Subrogación,OTROS_AA,True,Subdecano,AUTORIDAD_ACADEMICA_SUPERIOR,,,2022-05-30,2022-06-03,4,False,False,False,False,DOCENTE,DOCENTE_CONTRATADO_SERVICIOS_CIVILES,False
26,22,FACULTAD DE INGENIERÍA MECÁNICA Y CIENCIAS DE LA PRODUCCIÓN,Subrogación,OTROS_AA,True,Subdecano,AUTORIDAD_ACADEMICA_SUPERIOR,,,2022-07-04,2022-07-12,8,False,False,False,False,DOCENTE,DOCENTE_TITULAR_CARRERA,False
26,22,FACULTAD DE INGENIERÍA MECÁNICA Y CIENCIAS DE LA PRODUCCIÓN,Subrogación,OTROS_AA,True,Subdecano,AUTORIDAD_ACADEMICA_SUPERIOR,,,2022-08-03,2022-08-06,3,False,False,False,False,DOCENTE,DOCENTE_TITULAR_CARRERA,False
26,22,FACULTAD DE INGENIERÍA MECÁNICA Y CIENCIAS DE LA PRODUCCIÓN,Miembro del consejo politécnico,OTROS_AA,False,,,,,2022-09-01,2025-08-31,1095,False,False,False,False,DOCENTE,DOCENTE_TITULAR_CARRERA,False
26,22,FACULTAD DE INGENIERÍA MECÁNICA Y CIENCIAS DE LA PRODUCCIÓN,Coordinador de programa de postgrado,JEFATURA_SUPERVISION_OPERATIVA,False,,,POSGRADO,Doctorado en Ingeniería,2023-09-26,2027-11-01,1497,False,False,False,False,DOCENTE,DOCENTE_TITULAR_CARRERA,False
26,22,FACULTAD DE INGENIERÍA MECÁNICA Y CIENCIAS DE LA PRODUCCIÓN,Subrogación,OTROS_AA,True,Decano,AUTORIDAD_ACADEMICA_SUPERIOR,,,2025-02-17,2025-03-05,16,False,False,False,False,DOCENTE,DOCENTE_TITULAR_CARRERA,False
26,22,FACULTAD DE INGENIERÍA MECÁNICA Y CIENCIAS DE LA PRODUCCIÓN,Subrogación,OTROS_AA,True,Subdecano,AUTORIDAD_ACADEMICA_SUPERIOR,,,2025-04-12,2025-04-14,2,False,False,False,False,DOCENTE,DOCENTE_TITULAR_CARRERA,False
26,22,FACULTAD DE INGENIERÍA MECÁNICA Y CIENCIAS DE LA PRODUCCIÓN,Subrogación,OTROS_AA,True,Subdecano,AUTORIDAD_ACADEMICA_SUPERIOR,,,2025-04-26,2025-05-01,5,False,False,False,False,DOCENTE,DOCENTE_TITULAR_CARRERA,False
26,22,FACULTAD DE INGENIERÍA MECÁNICA Y CIENCIAS DE LA PRODUCCIÓN,Subrogación,OTROS_AA,True,Subdecano,AUTORIDAD_ACADEMICA_SUPERIOR,,,2025-06-25,2025-07-01,6,False,False,False,False,DOCENTE,DOCENTE_TITULAR_CARRERA,False
26,22,FACULTAD DE INGENIERÍA MECÁNICA Y CIENCIAS DE LA PRODUCCIÓN,Subrogación,OTROS_AA,True,Subdecano,AUTORIDAD_ACADEMICA_SUPERIOR,,,2025-10-02,2025-10-24,22,False,False,False,False,DOCENTE,DOCENTE_TITULAR_CARRERA,False
26,22,FACULTAD DE INGENIERÍA MECÁNICA Y CIENCIAS DE LA PRODUCCIÓN,Subrogación,OTROS_AA,True,Subdecano,AUTORIDAD_ACADEMICA_SUPERIOR,,,2025-11-25,2025-11-27,2,False,False,False,False,DOCENTE,DOCENTE_TITULAR_CARRERA,False
26,22,FACULTAD DE INGENIERÍA MECÁNICA Y CIENCIAS DE LA PRODUCCIÓN,Subrogación,OTROS_AA,True,Subdecano,AUTORIDAD_ACADEMICA_SUPERIOR,,,2026-01-27,2026-01-30,3,False,False,False,False,DOCENTE,DOCENTE_TITULAR_CARRERA,False
26,22,FACULTAD DE INGENIERÍA MECÁNICA Y CIENCIAS DE LA PRODUCCIÓN,Subrogación,OTROS_AA,True,Subdecano,AUTORIDAD_ACADEMICA_SUPERIOR,,,2026-02-12,2026-02-13,1,False,False,False,False,DOCENTE,DOCENTE_CONTRATADO_SERVICIOS_CIVILES,False
26,22,FACULTAD DE INGENIERÍA MECÁNICA Y CIENCIAS DE LA PRODUCCIÓN,Subrogación,OTROS_AA,True,Subdecano,AUTORIDAD_ACADEMICA_SUPERIOR,,,2026-03-02,2026-03-03,1,False,False,False,False,DOCENTE,AUTORIDAD_ACADEMICA_SUPERIOR,True
26,54,GERENCIA ADMINISTRATIVA,Subrogación,OTROS_AA,True,Gerente,AUTORIDAD_ADMINISTRATIVA_SUPERIOR,,,2026-03-23,2026-04-02,10,False,False,False,False,DOCENTE,AUTORIDAD_ACADEMICA_SUPERIOR,False
26,22,FACULTAD DE INGENIERÍA MECÁNICA Y CIENCIAS DE LA PRODUCCIÓN,Subrogación,OTROS_AA,True,Subdecano,AUTORIDAD_ACADEMICA_SUPERIOR,,,2026-03-23,2026-04-02,10,False,False,False,False,DOCENTE,AUTORIDAD_ACADEMICA_SUPERIOR,True
26,22,FACULTAD DE INGENIERÍA MECÁNICA Y CIENCIAS DE LA PRODUCCIÓN,Subrogación,OTROS_AA,True,Subdecano,AUTORIDAD_ACADEMICA_SUPERIOR,,,2026-04-13,2026-04-17,4,False,False,False,False,DOCENTE,AUTORIDAD_ACADEMICA_SUPERIOR,True
26,22,FACULTAD DE INGENIERÍA MECÁNICA Y CIENCIAS DE LA PRODUCCIÓN,Subrogación,OTROS_AA,True,Subdecano,AUTORIDAD_ACADEMICA_SUPERIOR,,,2026-05-16,2026-05-21,5,False,False,False,False,DOCENTE,AUTORIDAD_ACADEMICA_SUPERIOR,True
26,22,FACULTAD DE INGENIERÍA MECÁNICA Y CIENCIAS DE LA PRODUCCIÓN,Subrogación,OTROS_AA,True,Subdecano,AUTORIDAD_ACADEMICA_SUPERIOR,,,2026-06-03,2026-06-09,6,False,False,False,False,DOCENTE,AUTORIDAD_ACADEMICA_SUPERIOR,True
26,22,FACULTAD DE INGENIERÍA MECÁNICA Y CIENCIAS DE LA PRODUCCIÓN,Subrogación,OTROS_AA,True,Subdecano,AUTORIDAD_ACADEMICA_SUPERIOR,,,2026-08-24,2026-09-03,10,False,False,False,False,DOCENTE,DOCENTE_CONTRATADO_SERVICIOS_CIVILES,False
86,22,FACULTAD DE INGENIERÍA MECÁNICA Y CIENCIAS DE LA PRODUCCIÓN,Miembro del consejo directivo,OTROS_AA,False,,,,,2017-01-27,2020-01-26,1094,False,False,False,False,DOCENTE,DOCENTE_TITULAR_CARRERA,False
86,22,FACULTAD DE INGENIERÍA MECÁNICA Y CIENCIAS DE LA PRODUCCIÓN,Coordinador de prácticas empresariales,JEFATURA_SUPERVISION_OPERATIVA,False,,,GRADO,Mecánica,2017-04-07,2018-01-17,285,False,False,False,False,DOCENTE,DOCENTE_TITULAR_CARRERA,False
86,22,FACULTAD DE INGENIERÍA MECÁNICA Y CIENCIAS DE LA PRODUCCIÓN,Subrogación,OTROS_AA,True,Subdecano,AUTORIDAD_ACADEMICA_SUPERIOR,,,2019-09-16,2019-09-23,7,False,False,False,False,DOCENTE,DOCENTE_TITULAR_CARRERA,False
86,22,FACULTAD DE INGENIERÍA MECÁNICA Y CIENCIAS DE LA PRODUCCIÓN,Coordinador de vinculación con la sociedad,JEFATURA_SUPERVISION_OPERATIVA,False,,,GRADO,Mecánica,2025-02-17,2027-11-01,987,False,False,False,False,DOCENTE,DOCENTE_TITULAR_CARRERA,False
90,22,FACULTAD DE INGENIERÍA MECÁNICA Y CIENCIAS DE LA PRODUCCIÓN,Miembro del consejo directivo - trabajadores,OTROS_AA,False,,,,,2016-05-09,2018-05-08,729,False,False,False,False,ADMINISTRATIVO,PROFESIONAL_ANALISTA,False
94,17,FACULTAD DE CIENCIAS SOCIALES Y HUMANÍSTICAS,Coordinador general de postgrado,JEFATURA_SUPERVISION_OPERATIVA,False,,,,,2024-08-16,2026-05-31,653,False,False,False,False,DOCENTE,DOCENTE_NO_TITULAR_OCASIONAL,False
94,17,FACULTAD DE CIENCIAS SOCIALES Y HUMANÍSTICAS,Coordinador de programa de postgrado,JEFATURA_SUPERVISION_OPERATIVA,False,,,POSGRADO,Maestría en Marketing de Destinos y Productos Turísticos,2024-08-16,2026-07-12,695,False,False,False,False,DOCENTE,DOCENTE_NO_TITULAR_OCASIONAL,False
96,29,DECANATO DE POSTGRADO,Decano,AUTORIDAD_ACADEMICA_SUPERIOR,False,,,,,2013-08-09,2015-06-04,664,False,False,False,False,DOCENTE,AUTORIDAD_ACADEMICA_SUPERIOR,True
96,61,FACULTAD DE CIENCIAS DE LA VIDA,Miembro del consejo directivo,OTROS_AA,False,,,,,2015-10-14,2018-10-13,1095,False,False,False,False,DOCENTE,DOCENTE_TITULAR_CARRERA,False
96,3,VICERRECTORADO ACADÉMICO,Vicerrector,AUTORIDAD_ACADEMICA_SUPERIOR,False,,,,,2017-11-13,2022-11-13,1826,False,False,False,False,DOCENTE,DOCENTE_TITULAR_CARRERA,False
96,2,RECTORADO,Subrogación,OTROS_AA,True,Rector,AUTORIDAD_ACADEMICA_SUPERIOR,,,2018-12-07,2018-12-14,7,False,False,False,False,DOCENTE,AUTORIDAD_ACADEMICA_SUPERIOR,True
96,2,RECTORADO,Subrogación,OTROS_AA,True,Rector,AUTORIDAD_ACADEMICA_SUPERIOR,,,2019-02-13,2019-02-18,5,False,False,False,False,DOCENTE,AUTORIDAD_ACADEMICA_SUPERIOR,True
96,2,RECTORADO,Subrogación,OTROS_AA,True,Rector,AUTORIDAD_ACADEMICA_SUPERIOR,,,2019-03-01,2019-03-09,8,False,False,False,False,DOCENTE,AUTORIDAD_ACADEMICA_SUPERIOR,True
96,2,RECTORADO,Subrogación,OTROS_AA,True,Rector,AUTORIDAD_ACADEMICA_SUPERIOR,,,2019-03-28,2019-03-30,2,False,False,False,False,DOCENTE,AUTORIDAD_ACADEMICA_SUPERIOR,True
96,2,RECTORADO,Subrogación,OTROS_AA,True,Rector,AUTORIDAD_ACADEMICA_SUPERIOR,,,2019-06-19,2019-06-22,3,False,False,False,False,DOCENTE,AUTORIDAD_ACADEMICA_SUPERIOR,True
96,2,RECTORADO,Subrogación,OTROS_AA,True,Rector,AUTORIDAD_ACADEMICA_SUPERIOR,,,2019-07-18,2019-07-20,2,False,False,False,False,DOCENTE,AUTORIDAD_ACADEMICA_SUPERIOR,True
96,2,RECTORADO,Subrogación,OTROS_AA,True,Rector,AUTORIDAD_ACADEMICA_SUPERIOR,,,2019-08-11,2019-08-15,4,False,False,False,False,DOCENTE,DOCENTE_CONTRATADO_SERVICIOS_CIVILES,False
96,2,RECTORADO,Subrogación,OTROS_AA,True,Rector,AUTORIDAD_ACADEMICA_SUPERIOR,,,2019-10-16,2019-10-19,3,False,False,False,False,DOCENTE,AUTORIDAD_ACADEMICA_SUPERIOR,True
96,2,RECTORADO,Subrogación,OTROS_AA,True,Rector,AUTORIDAD_ACADEMICA_SUPERIOR,,,2020-02-21,2020-03-02,10,False,False,False,False,DOCENTE,AUTORIDAD_ACADEMICA_SUPERIOR,True
96,2,RECTORADO,Subrogación,OTROS_AA,True,Rector,AUTORIDAD_ACADEMICA_SUPERIOR,,,2020-10-12,2020-10-13,1,False,False,False,False,DOCENTE,AUTORIDAD_ACADEMICA_SUPERIOR,True
96,2,RECTORADO,Subrogación,OTROS_AA,True,Rector,AUTORIDAD_ACADEMICA_SUPERIOR,,,2021-04-05,2021-04-09,4,False,False,False,False,DOCENTE,AUTORIDAD_ACADEMICA_SUPERIOR,True
96,2,RECTORADO,Subrogación,OTROS_AA,True,Rector,AUTORIDAD_ACADEMICA_SUPERIOR,,,2021-05-03,2021-05-05,2,False,False,False,False,DOCENTE,AUTORIDAD_ACADEMICA_SUPERIOR,True
96,2,RECTORADO,Subrogación,OTROS_AA,True,Rector,AUTORIDAD_ACADEMICA_SUPERIOR,,,2021-07-14,2021-07-17,3,False,False,False,False,DOCENTE,AUTORIDAD_ACADEMICA_SUPERIOR,True
96,2,RECTORADO,Subrogación,OTROS_AA,True,Rector,AUTORIDAD_ACADEMICA_SUPERIOR,,,2021-09-04,2021-09-15,11,False,False,False,False,DOCENTE,AUTORIDAD_ACADEMICA_SUPERIOR,True
96,2,RECTORADO,Subrogación,OTROS_AA,True,Rector,AUTORIDAD_ACADEMICA_SUPERIOR,,,2021-09-30,2021-10-01,1,False,False,False,False,DOCENTE,AUTORIDAD_ACADEMICA_SUPERIOR,True
96,2,RECTORADO,Subrogación,OTROS_AA,True,Rector,AUTORIDAD_ACADEMICA_SUPERIOR,,,2021-11-15,2021-11-24,9,False,False,False,False,DOCENTE,AUTORIDAD_ACADEMICA_SUPERIOR,True
96,2,RECTORADO,Subrogación,OTROS_AA,True,Rector,AUTORIDAD_ACADEMICA_SUPERIOR,,,2022-03-02,2022-03-12,10,False,False,False,False,DOCENTE,AUTORIDAD_ACADEMICA_SUPERIOR,True
96,2,RECTORADO,Subrogación,OTROS_AA,True,Rector,AUTORIDAD_ACADEMICA_SUPERIOR,,,2022-03-28,2022-04-01,4,False,False,False,False,DOCENTE,AUTORIDAD_ACADEMICA_SUPERIOR,True
96,2,RECTORADO,Subrogación,OTROS_AA,True,Rector,AUTORIDAD_ACADEMICA_SUPERIOR,,,2022-05-02,2022-05-07,5,False,False,False,False,DOCENTE,AUTORIDAD_ACADEMICA_SUPERIOR,True
96,2,RECTORADO,Subrogación,OTROS_AA,True,Rector,AUTORIDAD_ACADEMICA_SUPERIOR,,,2022-07-11,2022-07-12,1,False,False,False,False,DOCENTE,AUTORIDAD_ACADEMICA_SUPERIOR,True
96,2,RECTORADO,Subrogación,OTROS_AA,True,Rector,AUTORIDAD_ACADEMICA_SUPERIOR,,,2022-09-12,2022-09-14,2,False,False,False,False,DOCENTE,AUTORIDAD_ACADEMICA_SUPERIOR,True
96,2,RECTORADO,Subrogación,OTROS_AA,True,Rector,AUTORIDAD_ACADEMICA_SUPERIOR,,,2022-09-18,2022-09-24,6,False,False,False,False,DOCENTE,AUTORIDAD_ACADEMICA_SUPERIOR,True
96,2,RECTORADO,Subrogación,OTROS_AA,True,Rector,AUTORIDAD_ACADEMICA_SUPERIOR,,,2022-10-10,2022-10-16,6,False,False,False,False,DOCENTE,AUTORIDAD_ACADEMICA_SUPERIOR,True
96,2,RECTORADO,Subrogación,OTROS_AA,True,Rector,AUTORIDAD_ACADEMICA_SUPERIOR,,,2022-10-30,2022-11-06,7,False,False,False,False,DOCENTE,AUTORIDAD_ACADEMICA_SUPERIOR,True
129,17,FACULTAD DE CIENCIAS SOCIALES Y HUMANÍSTICAS,Coordinador de vinculación con la sociedad,JEFATURA_SUPERVISION_OPERATIVA,False,,,GRADO,Administración de Empresas,2018-05-01,2020-02-21,661,False,False,False,False,DOCENTE,DOCENTE_NO_TITULAR_OCASIONAL,False
149,25,FACULTAD DE INGENIERÍA EN CIENCIAS DE LA TIERRA,Coordinador de carrera,JEFATURA_SUPERVISION_OPERATIVA,False,,,GRADO,Minas,2017-02-07,2017-08-17,191,False,False,False,False,,,
179,25,FACULTAD DE INGENIERÍA EN CIENCIAS DE LA TIERRA,Coordinador de carrera,JEFATURA_SUPERVISION_OPERATIVA,False,,,GRADO,Geología,2017-01-12,2017-08-17,217,False,False,False,False,,,
195,17,FACULTAD DE CIENCIAS SOCIALES Y HUMANÍSTICAS,Coordinador de programa de postgrado,JEFATURA_SUPERVISION_OPERATIVA,False,,,POSGRADO,Maestría en Arqueología del Neotrópico,2018-05-02,2021-05-24,1118,False,False,False,False,DOCENTE,DOCENTE_HONORARIO_ESPECIAL,False
195,17,FACULTAD DE CIENCIAS SOCIALES Y HUMANÍSTICAS,Coordinador de carrera,JEFATURA_SUPERVISION_OPERATIVA,False,,,GRADO,Arqueología,2018-05-02,2021-04-30,1094,False,False,False,False,DOCENTE,DOCENTE_HONORARIO_ESPECIAL,False
195,17,FACULTAD DE CIENCIAS SOCIALES Y HUMANÍSTICAS,Coordinador de programa de postgrado,JEFATURA_SUPERVISION_OPERATIVA,False,,,POSGRADO,Maestría en Ciencias Económicas,2019-10-01,2021-12-31,822,False,False,False,False,DOCENTE,DOCENTE_HONORARIO_ESPECIAL,False
215,12,FACULTAD DE CIENCIAS NATURALES Y MATEMÁTICAS,Miembro del consejo politécnico,OTROS_AA,False,,,,,2016-12-14,2019-12-13,1094,False,False,False,False,DOCENTE,DOCENTE_TITULAR_CARRERA,False
228,16,FACULTAD DE INGENIERÍA EN ELECTRICIDAD Y COMPUTACIÓN,Coordinador de vinculación con la sociedad,JEFATURA_SUPERVISION_OPERATIVA,False,,,GRADO,Computación,2017-05-02,2017-09-22,143,False,False,False,False,DOCENTE,DOCENTE_NO_TITULAR_OCASIONAL,False
228,16,FACULTAD DE INGENIERÍA EN ELECTRICIDAD Y COMPUTACIÓN,Coordinador de vinculación con la sociedad,JEFATURA_SUPERVISION_OPERATIVA,False,,,GRADO,Computación,2017-10-04,2019-01-15,468,False,False,False,False,DOCENTE,DOCENTE_NO_TITULAR_OCASIONAL,False
228,16,FACULTAD DE INGENIERÍA EN ELECTRICIDAD Y COMPUTACIÓN,Coordinador de vinculación con la sociedad,JEFATURA_SUPERVISION_OPERATIVA,False,,,GRADO,Computación,2019-01-16,2019-04-21,95,False,False,False,False,DOCENTE,DOCENTE_NO_TITULAR_OCASIONAL,False
228,16,FACULTAD DE INGENIERÍA EN ELECTRICIDAD Y COMPUTACIÓN,Coordinador de vinculación con la sociedad,JEFATURA_SUPERVISION_OPERATIVA,False,,,GRADO,Computación,2019-09-18,,2554,False,False,False,False,DOCENTE,DOCENTE_NO_TITULAR_OCASIONAL,False
231,127,DIRECCIÓN DE DESARROLLO DE APLICACIONES,Subrogación,OTROS_AA,True,Director,AUTORIDAD_ADMINISTRATIVA_SUPERIOR,,,2023-03-14,2023-03-31,17,False,False,False,False,ADMINISTRATIVO,AUTORIDAD_ADMINISTRATIVA_SUPERIOR,True
231,127,DIRECCIÓN DE DESARROLLO DE APLICACIONES,Subrogación,OTROS_AA,True,Director,AUTORIDAD_ADMINISTRATIVA_SUPERIOR,,,2023-09-13,2023-09-16,3,False,False,False,False,ADMINISTRATIVO,AUTORIDAD_ADMINISTRATIVA_SUPERIOR,True
244,12,FACULTAD DE CIENCIAS NATURALES Y MATEMÁTICAS,Coordinador de carrera,JEFATURA_SUPERVISION_OPERATIVA,False,,,GRADO,Estadística,2017-12-05,2019-05-06,517,False,False,False,False,DOCENTE,DOCENTE_NO_TITULAR_OCASIONAL,False
253,17,FACULTAD DE CIENCIAS SOCIALES Y HUMANÍSTICAS,Subdecano,AUTORIDAD_ACADEMICA_SUPERIOR,False,,,,,2013-09-19,2014-09-30,376,False,False,False,False,,,
266,44,CENTRO DE INVESTIGACIONES Y SERVICIOS EDUCATIVOS,Director,AUTORIDAD_ADMINISTRATIVA_SUPERIOR,False,,,,,2014-06-01,2018-01-31,1340,False,False,False,False,ADMINISTRATIVO,AUTORIDAD_ADMINISTRATIVA_SUPERIOR,True
272,2,RECTORADO,Rector,AUTORIDAD_ACADEMICA_SUPERIOR,False,,,,,1959-04-01,1960-08-31,518,False,False,False,False,,,
274,61,FACULTAD DE CIENCIAS DE LA VIDA,Decano,AUTORIDAD_ACADEMICA_SUPERIOR,False,,,,,2015-09-01,2017-11-12,803,False,False,False,False,DOCENTE,AUTORIDAD_ACADEMICA_SUPERIOR,True
274,61,FACULTAD DE CIENCIAS DE LA VIDA,Decano,AUTORIDAD_ACADEMICA_SUPERIOR,False,,,,,2017-11-13,2019-02-11,455,False,False,False,False,DOCENTE,AUTORIDAD_ACADEMICA_SUPERIOR,True
274,123,CENTRO DE INVESTIGACIONES RURALES,Director,AUTORIDAD_ADMINISTRATIVA_SUPERIOR,False,,,,,2020-07-20,,2248,False,False,False,False,ADMINISTRATIVO,CONTRATO_SERVICIOS_PROFESIONALES_PROYECTO,False
291,16,FACULTAD DE INGENIERÍA EN ELECTRICIDAD Y COMPUTACIÓN,Coordinador de programa de postgrado,JEFATURA_SUPERVISION_OPERATIVA,False,,,POSGRADO,Maestría en Sistemas Eléctricos de Potencia,2010-04-05,2018-04-30,2947,False,False,False,False,,,
303,7,GERENCIA JURÍDICA,Gerente,AUTORIDAD_ADMINISTRATIVA_SUPERIOR,False,,,,,2015-10-01,2017-11-12,773,False,False,False,False,,,
315,2,RECTORADO,Rector,AUTORIDAD_ACADEMICA_SUPERIOR,False,,,,,1989-11-06,1992-11-08,1098,False,False,False,False,DOCENTE,DOCENTE_TITULAR_CARRERA,False
315,2,RECTORADO,Rector,AUTORIDAD_ACADEMICA_SUPERIOR,False,,,,,2012-11-12,2017-11-12,1826,False,False,False,False,DOCENTE,DOCENTE_TITULAR_CARRERA,False
315,2,RECTORADO,Rector,AUTORIDAD_ACADEMICA_SUPERIOR,False,,,,,2017-11-12,2017-11-12,0,False,False,False,False,DOCENTE,AUTORIDAD_ACADEMICA_SUPERIOR,True
316,12,FACULTAD DE CIENCIAS NATURALES Y MATEMÁTICAS,Decano,AUTORIDAD_ACADEMICA_SUPERIOR,False,,,,,2012-11-20,2014-08-31,649,False,False,False,False,,,
321,25,FACULTAD DE INGENIERÍA EN CIENCIAS DE LA TIERRA,Decano,AUTORIDAD_ACADEMICA_SUPERIOR,False,,,,,2012-11-13,2014-09-30,686,False,False,False,False,,,
323,11,"FACULTAD DE INGENIERIA MARÍTIMA, CIENCIAS BIOLÓGICAS, OCEÁNICAS Y RECURSOS NATURALES",Decano,AUTORIDAD_ACADEMICA_SUPERIOR,False,,,,,2012-11-13,2014-09-28,684,False,False,False,False,,,
332,2,RECTORADO,Rector,AUTORIDAD_ACADEMICA_SUPERIOR,False,,,,,1974-03-18,1978-02-28,1443,False,False,False,False,,,
398,86,FACULTAD DE INGENIERÍA MARÍTIMA Y CIENCIAS DEL MAR,Coordinador de prácticas empresariales,JEFATURA_SUPERVISION_OPERATIVA,False,,,GRADO,Oceanografía,2022-09-24,2023-02-17,146,False,False,False,False,DOCENTE,DOCENTE_HONORARIO_ESPECIAL,False
398,86,FACULTAD DE INGENIERÍA MARÍTIMA Y CIENCIAS DEL MAR,Coordinador de prácticas empresariales,JEFATURA_SUPERVISION_OPERATIVA,False,,,GRADO,Oceanografía,2023-05-15,2023-09-22,130,False,False,False,False,DOCENTE,DOCENTE_HONORARIO_ESPECIAL,False
398,86,FACULTAD DE INGENIERÍA MARÍTIMA Y CIENCIAS DEL MAR,Coordinador de prácticas empresariales,JEFATURA_SUPERVISION_OPERATIVA,False,,,GRADO,Oceanografía,2023-09-25,2023-09-25,0,False,False,False,False,,,
398,86,FACULTAD DE INGENIERÍA MARÍTIMA Y CIENCIAS DEL MAR,Coordinador de prácticas empresariales,JEFATURA_SUPERVISION_OPERATIVA,False,,,GRADO,Oceanografía,2023-10-02,2023-10-02,0,False,False,False,False,DOCENTE,DOCENTE_HONORARIO_ESPECIAL,False
414,11,"FACULTAD DE INGENIERIA MARÍTIMA, CIENCIAS BIOLÓGICAS, OCEÁNICAS Y RECURSOS NATURALES",Miembro del consejo directivo,OTROS_AA,False,,,,,2017-01-27,2019-01-23,726,False,False,False,False,DOCENTE,DOCENTE_TITULAR_CARRERA,False
414,86,FACULTAD DE INGENIERÍA MARÍTIMA Y CIENCIAS DEL MAR,Miembro del consejo directivo,OTROS_AA,False,,,,,2019-01-24,2020-01-26,367,False,False,False,False,DOCENTE,DOCENTE_TITULAR_CARRERA,False
454,2,RECTORADO,Rector,AUTORIDAD_ACADEMICA_SUPERIOR,False,,,,,2002-11-11,2007-11-11,1826,False,False,False,False,,,
454,2,RECTORADO,Rector,AUTORIDAD_ACADEMICA_SUPERIOR,False,,,,,2007-11-12,2012-11-11,1826,False,False,False,False,,,
516,16,FACULTAD DE INGENIERÍA EN ELECTRICIDAD Y COMPUTACIÓN,Miembro del consejo directivo,OTROS_AA,False,,,,,2016-01-04,2019-01-03,1095,False,False,False,False,,,
529,11,"FACULTAD DE INGENIERIA MARÍTIMA, CIENCIAS BIOLÓGICAS, OCEÁNICAS Y RECURSOS NATURALES",Coordinador de carrera,JEFATURA_SUPERVISION_OPERATIVA,False,,,GRADO,Acuicultura,2017-01-08,2017-02-14,37,False,False,False,False,DOCENTE,DOCENTE_NO_TITULAR_OCASIONAL,False
529,86,FACULTAD DE INGENIERÍA MARÍTIMA Y CIENCIAS DEL MAR,Coordinador de vinculación con la sociedad,JEFATURA_SUPERVISION_OPERATIVA,False,,,GRADO,Acuicultura,2019-06-25,2020-01-28,217,False,False,False,False,DOCENTE,DOCENTE_HONORARIO_ESPECIAL,False
545,22,FACULTAD DE INGENIERÍA MECÁNICA Y CIENCIAS DE LA PRODUCCIÓN,Coordinador de programa de postgrado,JEFATURA_SUPERVISION_OPERATIVA,False,,,POSGRADO,Maestría en Gerencia de Seguridad y Salud en el Trabajo,2015-01-05,2018-01-07,1098,False,False,False,False,,,
545,22,FACULTAD DE INGENIERÍA MECÁNICA Y CIENCIAS DE LA PRODUCCIÓN,Coordinador de programa de postgrado,JEFATURA_SUPERVISION_OPERATIVA,False,,,POSGRADO,Maestría en Gerencia de Seguridad y Salud en el Trabajo,2018-01-08,2018-12-31,357,False,False,False,False,,,
545,22,FACULTAD DE INGENIERÍA MECÁNICA Y CIENCIAS DE LA PRODUCCIÓN,Coordinador de programa de postgrado,JEFATURA_SUPERVISION_OPERATIVA,False,,,POSGRADO,Maestría en Gerencia de Seguridad y Salud en el Trabajo,2019-02-05,2019-12-31,329,False,False,False,False,,,
546,16,FACULTAD DE INGENIERÍA EN ELECTRICIDAD Y COMPUTACIÓN,Coordinador de programa de postgrado,JEFATURA_SUPERVISION_OPERATIVA,False,,,POSGRADO,Maestría en Automatización y Control Industrial,2012-08-01,2016-04-30,1368,False,False,False,False,,,
597,22,FACULTAD DE INGENIERÍA MECÁNICA Y CIENCIAS DE LA PRODUCCIÓN,Coordinador de programa de postgrado,JEFATURA_SUPERVISION_OPERATIVA,False,,,POSGRADO,Maestría en Ecoeficiencia Industrial,2016-09-19,2021-02-28,1623,False,False,False,False,DOCENTE,DOCENTE_TITULAR_CARRERA,False
597,22,FACULTAD DE INGENIERÍA MECÁNICA Y CIENCIAS DE LA PRODUCCIÓN,Coordinador de programa de postgrado,JEFATURA_SUPERVISION_OPERATIVA,False,,,POSGRADO,Maestría en Ecoeficiencia Industrial,2020-01-01,2023-05-31,1246,False,False,False,False,DOCENTE,DOCENTE_TITULAR_CARRERA,False
614,2,RECTORADO,Rector,AUTORIDAD_ACADEMICA_SUPERIOR,False,,,,,1978-03-01,1982-06-30,1582,False,False,False,False,,,
614,2,RECTORADO,Rector,AUTORIDAD_ACADEMICA_SUPERIOR,False,,,,,1987-11-09,1989-11-05,727,False,False,False,False,,,
653,12,FACULTAD DE CIENCIAS NATURALES Y MATEMÁTICAS,Miembro del consejo directivo,OTROS_AA,False,,,,,2017-01-27,2020-01-26,1094,False,False,False,False,DOCENTE,DOCENTE_TITULAR_CARRERA,False
656,12,FACULTAD DE CIENCIAS NATURALES Y MATEMÁTICAS,Coordinador de vinculación con la sociedad,JEFATURA_SUPERVISION_OPERATIVA,False,,,GRADO,Ingeniería en Auditoría y Contaduría Pública Autorizada,2017-04-06,2018-04-05,364,False,False,False,False,DOCENTE,DOCENTE_NO_TITULAR_OCASIONAL,False
667,22,FACULTAD DE INGENIERÍA MECÁNICA Y CIENCIAS DE LA PRODUCCIÓN,Subrogación,OTROS_AA,True,Subdecano,AUTORIDAD_ACADEMICA_SUPERIOR,,,2025-02-17,2025-03-05,16,False,False,False,False,DOCENTE,DOCENTE_TITULAR_CARRERA,False
667,22,FACULTAD DE INGENIERÍA MECÁNICA Y CIENCIAS DE LA PRODUCCIÓN,Subrogación,OTROS_AA,True,Decano,AUTORIDAD_ACADEMICA_SUPERIOR,,,2025-03-06,2025-03-14,8,False,False,False,False,DOCENTE,DOCENTE_TITULAR_CARRERA,False
667,22,FACULTAD DE INGENIERÍA MECÁNICA Y CIENCIAS DE LA PRODUCCIÓN,Subrogación,OTROS_AA,True,Subdecano,AUTORIDAD_ACADEMICA_SUPERIOR,,,2025-04-05,2025-04-11,6,False,False,False,False,DOCENTE,DOCENTE_TITULAR_CARRERA,False
667,22,FACULTAD DE INGENIERÍA MECÁNICA Y CIENCIAS DE LA PRODUCCIÓN,Subrogación,OTROS_AA,True,Subdecano,AUTORIDAD_ACADEMICA_SUPERIOR,,,2025-08-21,2025-09-05,15,False,False,False,False,DOCENTE,DOCENTE_TITULAR_CARRERA,False
667,22,FACULTAD DE INGENIERÍA MECÁNICA Y CIENCIAS DE LA PRODUCCIÓN,Subrogación,OTROS_AA,True,Subdecano,AUTORIDAD_ACADEMICA_SUPERIOR,,,2025-09-10,2025-09-19,9,False,False,False,False,DOCENTE,DOCENTE_TITULAR_CARRERA,False
667,22,FACULTAD DE INGENIERÍA MECÁNICA Y CIENCIAS DE LA PRODUCCIÓN,Subrogación,OTROS_AA,True,Decano,AUTORIDAD_ACADEMICA_SUPERIOR,,,2026-03-30,2026-04-02,3,False,False,False,False,DOCENTE,AUTORIDAD_ACADEMICA_SUPERIOR,True
667,136,DECANATO DE INVESTIGACIÓN,Subrogación,OTROS_AA,True,Decano,AUTORIDAD_ACADEMICA_SUPERIOR,,,2026-06-18,2026-06-19,1,False,False,False,False,DOCENTE,DOCENTE_TITULAR_CARRERA,False
667,22,FACULTAD DE INGENIERÍA MECÁNICA Y CIENCIAS DE LA PRODUCCIÓN,Subrogación,OTROS_AA,True,Subdecano,AUTORIDAD_ACADEMICA_SUPERIOR,,,2026-06-26,2026-07-03,7,False,False,False,False,DOCENTE,DOCENTE_TITULAR_CARRERA,False
667,22,FACULTAD DE INGENIERÍA MECÁNICA Y CIENCIAS DE LA PRODUCCIÓN,Subrogación,OTROS_AA,True,Subdecano,AUTORIDAD_ACADEMICA_SUPERIOR,,,2026-07-27,2026-07-29,2,False,False,False,False,DOCENTE,DOCENTE_TITULAR_CARRERA,False
667,22,FACULTAD DE INGENIERÍA MECÁNICA Y CIENCIAS DE LA PRODUCCIÓN,Subrogación,OTROS_AA,True,Subdecano,AUTORIDAD_ACADEMICA_SUPERIOR,,,2026-08-06,2026-08-07,1,False,False,False,False,DOCENTE,DOCENTE_TITULAR_CARRERA,False
671,61,FACULTAD DE CIENCIAS DE LA VIDA,Miembro del consejo directivo,OTROS_AA,False,,,,,2015-10-14,2018-10-13,1095,False,False,False,False,DOCENTE,DOCENTE_TITULAR_CARRERA,False
671,61,FACULTAD DE CIENCIAS DE LA VIDA,Coordinador de carrera,JEFATURA_SUPERVISION_OPERATIVA,False,,,GRADO,Licenciatura en Nutrición,2017-04-10,2018-02-13,309,False,False,False,False,DOCENTE,DOCENTE_TITULAR_CARRERA,False
678,16,FACULTAD DE INGENIERÍA EN ELECTRICIDAD Y COMPUTACIÓN,Decano,AUTORIDAD_ACADEMICA_SUPERIOR,False,,,,,2012-11-13,2017-11-12,1825,False,False,False,False,DOCENTE,AUTORIDAD_ACADEMICA_SUPERIOR,True
678,16,FACULTAD DE INGENIERÍA EN ELECTRICIDAD Y COMPUTACIÓN,Coordinador de programa de postgrado,JEFATURA_SUPERVISION_OPERATIVA,False,,,POSGRADO,Maestría en Ingeniería Biomédica,2022-09-19,2026-04-30,1319,False,False,False,False,DOCENTE,DOCENTE_TITULAR_CARRERA,False
678,16,FACULTAD DE INGENIERÍA EN ELECTRICIDAD Y COMPUTACIÓN,Coordinador de prácticas empresariales,JEFATURA_SUPERVISION_OPERATIVA,False,,,GRADO,Electrónica y Automatización,2026-03-30,2026-09-18,172,False,False,False,False,DOCENTE,DOCENTE_TITULAR_CARRERA,False
692,12,FACULTAD DE CIENCIAS NATURALES Y MATEMÁTICAS,Miembro del consejo politécnico,OTROS_AA,False,,,,,2020-01-02,2021-02-10,405,False,False,False,False,DOCENTE,DOCENTE_TITULAR_CARRERA,False
697,86,FACULTAD DE INGENIERÍA MARÍTIMA Y CIENCIAS DEL MAR,Coordinador de carrera,JEFATURA_SUPERVISION_OPERATIVA,False,,,GRADO,Oceanografía,2016-01-06,2016-04-08,93,False,False,False,False,DOCENTE,DOCENTE_TITULAR_CARRERA,False
697,11,"FACULTAD DE INGENIERIA MARÍTIMA, CIENCIAS BIOLÓGICAS, OCEÁNICAS Y RECURSOS NATURALES",Miembro del consejo directivo,OTROS_AA,False,,,,,2017-01-27,2019-01-23,726,False,False,False,False,DOCENTE,DOCENTE_TITULAR_CARRERA,False
697,114,CENTRO INTERNACIONAL DEL PACÍFICO PARA LA REDUCCIÓN DEL RIESGO DE DESASTRES,Director,AUTORIDAD_ADMINISTRATIVA_SUPERIOR,False,,,,,2017-03-03,2025-05-17,2997,False,False,False,False,DOCENTE,DOCENTE_TITULAR_CARRERA,False
697,11,"FACULTAD DE INGENIERIA MARÍTIMA, CIENCIAS BIOLÓGICAS, OCEÁNICAS Y RECURSOS NATURALES",Decano,AUTORIDAD_ACADEMICA_SUPERIOR,False,,,,,2017-11-13,2019-01-23,436,False,False,False,False,DOCENTE,DOCENTE_TITULAR_CARRERA,False
697,86,FACULTAD DE INGENIERÍA MARÍTIMA Y CIENCIAS DEL MAR,Decano,AUTORIDAD_ACADEMICA_SUPERIOR,False,,,,,2019-01-24,2021-02-21,759,False,False,False,False,DOCENTE,DOCENTE_TITULAR_CARRERA,False
697,86,FACULTAD DE INGENIERÍA MARÍTIMA Y CIENCIAS DEL MAR,Miembro del consejo directivo,OTROS_AA,False,,,,,2019-01-24,2020-01-26,367,False,False,False,False,DOCENTE,DOCENTE_TITULAR_CARRERA,False
697,2,RECTORADO,Subrogación,OTROS_AA,True,Rector,AUTORIDAD_ACADEMICA_SUPERIOR,,,2019-03-21,2019-03-27,6,False,False,False,False,DOCENTE,DOCENTE_TITULAR_CARRERA,False
697,86,FACULTAD DE INGENIERÍA MARÍTIMA Y CIENCIAS DEL MAR,Miembro del consejo directivo,OTROS_AA,False,,,,,2021-11-22,2024-11-21,1095,False,False,False,False,DOCENTE,DOCENTE_TITULAR_CARRERA,False
697,86,FACULTAD DE INGENIERÍA MARÍTIMA Y CIENCIAS DEL MAR,Miembro del consejo directivo,OTROS_AA,False,,,,,2024-11-22,2027-11-21,1094,False,False,False,False,DOCENTE,DOCENTE_TITULAR_CARRERA,False
697,114,CENTRO INTERNACIONAL DEL PACÍFICO PARA LA REDUCCIÓN DEL RIESGO DE DESASTRES,Director,AUTORIDAD_ADMINISTRATIVA_SUPERIOR,False,,,,,2025-07-12,2025-09-14,64,False,False,False,False,DOCENTE,DOCENTE_TITULAR_CARRERA,False
697,114,CENTRO INTERNACIONAL DEL PACÍFICO PARA LA REDUCCIÓN DEL RIESGO DE DESASTRES,Director,AUTORIDAD_ADMINISTRATIVA_SUPERIOR,False,,,,,2025-09-25,2026-03-15,171,False,False,False,False,DOCENTE,DOCENTE_TITULAR_CARRERA,False
697,86,FACULTAD DE INGENIERÍA MARÍTIMA Y CIENCIAS DEL MAR,Subrogación,OTROS_AA,True,Decano,AUTORIDAD_ACADEMICA_SUPERIOR,,,2026-02-20,2026-02-20,0,False,False,False,False,DOCENTE,AUTORIDAD_ACADEMICA_SUPERIOR,True
697,114,CENTRO INTERNACIONAL DEL PACÍFICO PARA LA REDUCCIÓN DEL RIESGO DE DESASTRES,Director,AUTORIDAD_ADMINISTRATIVA_SUPERIOR,False,,,,,2026-04-03,2026-07-05,93,False,False,False,False,DOCENTE,DOCENTE_TITULAR_CARRERA,False
697,114,CENTRO INTERNACIONAL DEL PACÍFICO PARA LA REDUCCIÓN DEL RIESGO DE DESASTRES,Director,AUTORIDAD_ADMINISTRATIVA_SUPERIOR,False,,,,,2026-07-07,,70,False,False,False,False,DOCENTE,DOCENTE_TITULAR_CARRERA,False
705,22,FACULTAD DE INGENIERÍA MECÁNICA Y CIENCIAS DE LA PRODUCCIÓN,Decano,AUTORIDAD_ACADEMICA_SUPERIOR,False,,,,,2014-10-20,2017-11-12,1119,False,False,False,False,DOCENTE,AUTORIDAD_ACADEMICA_SUPERIOR,True
709,11,"FACULTAD DE INGENIERIA MARÍTIMA, CIENCIAS BIOLÓGICAS, OCEÁNICAS Y RECURSOS NATURALES",Decano,AUTORIDAD_ACADEMICA_SUPERIOR,False,,,,,2014-09-29,2017-11-12,1140,False,False,False,False,DOCENTE,AUTORIDAD_ACADEMICA_SUPERIOR,True
709,86,FACULTAD DE INGENIERÍA MARÍTIMA Y CIENCIAS DEL MAR,Miembro del consejo directivo,OTROS_AA,False,,,,,2021-11-22,2024-11-21,1095,False,False,False,False,DOCENTE,DOCENTE_TITULAR_CARRERA,False
709,126,DECANATO DE VINCULACIÓN,Subrogación,OTROS_AA,True,Decano,AUTORIDAD_ACADEMICA_SUPERIOR,,,2023-03-25,2023-03-29,4,False,False,False,False,DOCENTE,AUTORIDAD_ACADEMICA_SUPERIOR,True
709,126,DECANATO DE VINCULACIÓN,Subrogación,OTROS_AA,True,Decano,AUTORIDAD_ACADEMICA_SUPERIOR,,,2023-04-19,2023-04-24,5,False,False,False,False,DOCENTE,DOCENTE_TITULAR_CARRERA,False
709,89,CENTRO NACIONAL DE RECURSOS COSTEROS,Director,AUTORIDAD_ADMINISTRATIVA_SUPERIOR,False,,,,,2023-07-30,2025-02-28,579,False,False,False,False,DOCENTE,DOCENTE_TITULAR_CARRERA,False
709,126,DECANATO DE VINCULACIÓN,Subrogación,OTROS_AA,True,Decano,AUTORIDAD_ACADEMICA_SUPERIOR,,,2023-09-07,2023-09-08,1,False,False,False,False,DOCENTE,DOCENTE_TITULAR_CARRERA,False
709,86,FACULTAD DE INGENIERÍA MARÍTIMA Y CIENCIAS DEL MAR,Miembro del consejo directivo,OTROS_AA,False,,,,,2024-11-22,2027-11-21,1094,False,False,False,False,DOCENTE,DOCENTE_TITULAR_CARRERA,False
709,86,FACULTAD DE INGENIERÍA MARÍTIMA Y CIENCIAS DEL MAR,Subrogación,OTROS_AA,True,Decano,AUTORIDAD_ACADEMICA_SUPERIOR,,,2026-07-12,2026-07-18,6,False,False,False,False,DOCENTE,DOCENTE_TITULAR_CARRERA,False
725,16,FACULTAD DE INGENIERÍA EN ELECTRICIDAD Y COMPUTACIÓN,Coordinador de acreditación internacional,JEFATURA_SUPERVISION_OPERATIVA,False,,,GRADO,Telecomunicaciones,2017-09-07,2017-09-22,15,False,False,False,False,DOCENTE,DOCENTE_TITULAR_CARRERA,False
725,16,FACULTAD DE INGENIERÍA EN ELECTRICIDAD Y COMPUTACIÓN,Coordinador de acreditación internacional,JEFATURA_SUPERVISION_OPERATIVA,False,,,GRADO,Telecomunicaciones,2017-10-04,2020-01-01,819,False,False,False,False,DOCENTE,DOCENTE_TITULAR_CARRERA,False
725,16,FACULTAD DE INGENIERÍA EN ELECTRICIDAD Y COMPUTACIÓN,Miembro del consejo directivo,OTROS_AA,False,,,,,2018-08-23,2020-01-26,521,False,False,False,False,DOCENTE,DOCENTE_TITULAR_CARRERA,False
725,16,FACULTAD DE INGENIERÍA EN ELECTRICIDAD Y COMPUTACIÓN,Subdecano,AUTORIDAD_ACADEMICA_SUPERIOR,False,,,,,2020-01-02,2021-02-21,416,False,False,False,False,DOCENTE,DOCENTE_TITULAR_CARRERA,False
725,16,FACULTAD DE INGENIERÍA EN ELECTRICIDAD Y COMPUTACIÓN,Subrogación,OTROS_AA,True,Decano,AUTORIDAD_ACADEMICA_SUPERIOR,,,2020-02-18,2020-02-18,0,False,False,False,False,DOCENTE,DOCENTE_TITULAR_CARRERA,False
725,16,FACULTAD DE INGENIERÍA EN ELECTRICIDAD Y COMPUTACIÓN,Subrogación,OTROS_AA,True,Decano,AUTORIDAD_ACADEMICA_SUPERIOR,,,2020-03-05,2020-03-15,10,False,False,False,False,DOCENTE,DOCENTE_TITULAR_CARRERA,False
725,16,FACULTAD DE INGENIERÍA EN ELECTRICIDAD Y COMPUTACIÓN,Subrogación,OTROS_AA,True,Decano,AUTORIDAD_ACADEMICA_SUPERIOR,,,2020-10-12,2020-10-15,3,False,False,False,False,DOCENTE,DOCENTE_TITULAR_CARRERA,False
725,16,FACULTAD DE INGENIERÍA EN ELECTRICIDAD Y COMPUTACIÓN,Subrogación,OTROS_AA,True,Decano,AUTORIDAD_ACADEMICA_SUPERIOR,,,2020-11-09,2020-11-15,6,False,False,False,False,DOCENTE,DOCENTE_TITULAR_CARRERA,False
768,11,"FACULTAD DE INGENIERIA MARÍTIMA, CIENCIAS BIOLÓGICAS, OCEÁNICAS Y RECURSOS NATURALES",Miembro del consejo directivo,OTROS_AA,False,,,,,2017-01-27,2019-01-23,726,False,False,False,False,DOCENTE,DOCENTE_TITULAR_CARRERA,False
768,11,"FACULTAD DE INGENIERIA MARÍTIMA, CIENCIAS BIOLÓGICAS, OCEÁNICAS Y RECURSOS NATURALES",Coordinador de acreditación internacional,JEFATURA_SUPERVISION_OPERATIVA,False,,,GRADO,Ingeniería Naval,2017-04-10,2018-03-31,355,False,False,False,False,DOCENTE,DOCENTE_TITULAR_CARRERA,False
768,11,"FACULTAD DE INGENIERIA MARÍTIMA, CIENCIAS BIOLÓGICAS, OCEÁNICAS Y RECURSOS NATURALES",Coordinador de acreditación internacional,JEFATURA_SUPERVISION_OPERATIVA,False,,,GRADO,Ingeniería Naval,2018-04-01,2019-01-23,297,False,False,False,False,DOCENTE,DOCENTE_TITULAR_CARRERA,False
768,86,FACULTAD DE INGENIERÍA MARÍTIMA Y CIENCIAS DEL MAR,Miembro del consejo directivo,OTROS_AA,False,,,,,2019-01-24,2020-01-26,367,False,False,False,False,DOCENTE,DOCENTE_TITULAR_CARRERA,False
768,86,FACULTAD DE INGENIERÍA MARÍTIMA Y CIENCIAS DEL MAR,Coordinador de acreditación internacional,JEFATURA_SUPERVISION_OPERATIVA,False,,,GRADO,Ingeniería Naval,2019-01-24,2020-01-16,357,False,False,False,False,DOCENTE,DOCENTE_TITULAR_CARRERA,False
768,86,FACULTAD DE INGENIERÍA MARÍTIMA Y CIENCIAS DEL MAR,Coordinador de acreditación internacional,JEFATURA_SUPERVISION_OPERATIVA,False,,,GRADO,Ingeniería Naval,2020-01-17,2021-12-12,695,False,False,False,False,DOCENTE,DOCENTE_TITULAR_CARRERA,False
768,86,FACULTAD DE INGENIERÍA MARÍTIMA Y CIENCIAS DEL MAR,Subrogación,OTROS_AA,True,Subdecano,AUTORIDAD_ACADEMICA_SUPERIOR,,,2020-01-23,2020-01-31,8,False,False,False,False,DOCENTE,DOCENTE_TITULAR_CARRERA,False
768,86,FACULTAD DE INGENIERÍA MARÍTIMA Y CIENCIAS DEL MAR,Miembro del consejo directivo,OTROS_AA,False,,,,,2021-09-23,2021-09-30,7,False,False,False,False,DOCENTE,DOCENTE_TITULAR_CARRERA,False
768,86,FACULTAD DE INGENIERÍA MARÍTIMA Y CIENCIAS DEL MAR,Subrogación,OTROS_AA,True,Subdecano,AUTORIDAD_ACADEMICA_SUPERIOR,,,2021-09-27,2021-10-05,8,False,False,False,False,DOCENTE,DOCENTE_TITULAR_CARRERA,False
768,86,FACULTAD DE INGENIERÍA MARÍTIMA Y CIENCIAS DEL MAR,Miembro del consejo directivo,OTROS_AA,False,,,,,2021-11-22,2024-11-21,1095,False,False,False,False,DOCENTE,DOCENTE_TITULAR_CARRERA,False
768,86,FACULTAD DE INGENIERÍA MARÍTIMA Y CIENCIAS DEL MAR,Coordinador de acreditación internacional,JEFATURA_SUPERVISION_OPERATIVA,False,,,GRADO,Ingeniería Naval,2021-12-14,2023-09-13,638,False,False,False,False,DOCENTE,DOCENTE_TITULAR_CARRERA,False
768,86,FACULTAD DE INGENIERÍA MARÍTIMA Y CIENCIAS DEL MAR,Subrogación,OTROS_AA,True,Subdecano,AUTORIDAD_ACADEMICA_SUPERIOR,,,2022-04-12,2022-04-22,10,False,False,False,False,DOCENTE,DOCENTE_TITULAR_CARRERA,False
768,86,FACULTAD DE INGENIERÍA MARÍTIMA Y CIENCIAS DEL MAR,Subrogación,OTROS_AA,True,Subdecano,AUTORIDAD_ACADEMICA_SUPERIOR,,,2022-08-15,2022-08-19,4,False,False,False,False,DOCENTE,DOCENTE_TITULAR_CARRERA,False
768,86,FACULTAD DE INGENIERÍA MARÍTIMA Y CIENCIAS DEL MAR,Subrogación,OTROS_AA,True,Subdecano,AUTORIDAD_ACADEMICA_SUPERIOR,,,2023-08-14,2023-08-18,4,False,False,False,False,DOCENTE,DOCENTE_TITULAR_CARRERA,False
768,86,FACULTAD DE INGENIERÍA MARÍTIMA Y CIENCIAS DEL MAR,Coordinador de acreditación internacional,JEFATURA_SUPERVISION_OPERATIVA,False,,,GRADO,Ingeniería Naval,2023-09-14,2024-02-16,155,False,False,False,False,DOCENTE,DOCENTE_TITULAR_CARRERA,False
768,86,FACULTAD DE INGENIERÍA MARÍTIMA Y CIENCIAS DEL MAR,Subrogación,OTROS_AA,True,Subdecano,AUTORIDAD_ACADEMICA_SUPERIOR,,,2023-09-25,2023-09-29,4,False,False,False,False,DOCENTE,DOCENTE_TITULAR_CARRERA,False
768,86,FACULTAD DE INGENIERÍA MARÍTIMA Y CIENCIAS DEL MAR,Subrogación,OTROS_AA,True,Subdecano,AUTORIDAD_ACADEMICA_SUPERIOR,,,2023-10-05,2023-10-06,1,False,False,False,False,DOCENTE,DOCENTE_TITULAR_CARRERA,False
768,86,FACULTAD DE INGENIERÍA MARÍTIMA Y CIENCIAS DEL MAR,Subrogación,OTROS_AA,True,Subdecano,AUTORIDAD_ACADEMICA_SUPERIOR,,,2023-10-17,2023-10-23,6,False,False,False,False,DOCENTE,DOCENTE_TITULAR_CARRERA,False
768,86,FACULTAD DE INGENIERÍA MARÍTIMA Y CIENCIAS DEL MAR,Coordinador de acreditación internacional,JEFATURA_SUPERVISION_OPERATIVA,False,,,GRADO,Ingeniería Naval,2024-02-19,2025-02-16,363,False,False,False,False,DOCENTE,DOCENTE_TITULAR_CARRERA,False
768,86,FACULTAD DE INGENIERÍA MARÍTIMA Y CIENCIAS DEL MAR,Coordinador de acreditación internacional,JEFATURA_SUPERVISION_OPERATIVA,False,,,GRADO,Ingeniería Naval,2024-03-01,2024-02-26,0,False,True,False,False,DOCENTE,DOCENTE_TITULAR_CARRERA,False
768,86,FACULTAD DE INGENIERÍA MARÍTIMA Y CIENCIAS DEL MAR,Subrogación,OTROS_AA,True,Subdecano,AUTORIDAD_ACADEMICA_SUPERIOR,,,2024-10-07,2024-10-10,3,False,False,False,False,DOCENTE,DOCENTE_TITULAR_CARRERA,False
768,86,FACULTAD DE INGENIERÍA MARÍTIMA Y CIENCIAS DEL MAR,Subrogación,OTROS_AA,True,Subdecano,AUTORIDAD_ACADEMICA_SUPERIOR,,,2024-10-14,2024-10-18,4,False,False,False,False,DOCENTE,DOCENTE_TITULAR_CARRERA,False
768,86,FACULTAD DE INGENIERÍA MARÍTIMA Y CIENCIAS DEL MAR,Miembro del consejo directivo,OTROS_AA,False,,,,,2024-11-22,2027-11-21,1094,False,False,False,False,DOCENTE,DOCENTE_TITULAR_CARRERA,False
768,86,FACULTAD DE INGENIERÍA MARÍTIMA Y CIENCIAS DEL MAR,Subrogación,OTROS_AA,True,Subdecano,AUTORIDAD_ACADEMICA_SUPERIOR,,,2025-01-28,2025-01-30,2,False,False,False,False,DOCENTE,DOCENTE_TITULAR_CARRERA,False
768,86,FACULTAD DE INGENIERÍA MARÍTIMA Y CIENCIAS DEL MAR,Coordinador de acreditación internacional,JEFATURA_SUPERVISION_OPERATIVA,False,,,GRADO,Ingeniería Naval,2025-02-17,2025-11-04,260,False,False,False,False,DOCENTE,DOCENTE_TITULAR_CARRERA,False
768,86,FACULTAD DE INGENIERÍA MARÍTIMA Y CIENCIAS DEL MAR,Coordinador de prácticas empresariales,JEFATURA_SUPERVISION_OPERATIVA,False,,,GRADO,Ingeniería Naval,2025-02-17,2025-02-10,0,False,True,False,False,DOCENTE,DOCENTE_TITULAR_CARRERA,False
768,86,FACULTAD DE INGENIERÍA MARÍTIMA Y CIENCIAS DEL MAR,Subrogación,OTROS_AA,True,Subdecano,AUTORIDAD_ACADEMICA_SUPERIOR,,,2025-05-08,2025-05-14,6,False,False,False,False,DOCENTE,DOCENTE_TITULAR_CARRERA,False
768,86,FACULTAD DE INGENIERÍA MARÍTIMA Y CIENCIAS DEL MAR,Subrogación,OTROS_AA,True,Subdecano,AUTORIDAD_ACADEMICA_SUPERIOR,,,2025-08-21,2025-08-22,1,False,False,False,False,DOCENTE,DOCENTE_TITULAR_CARRERA,False
768,86,FACULTAD DE INGENIERÍA MARÍTIMA Y CIENCIAS DEL MAR,Subrogación,OTROS_AA,True,Subdecano,AUTORIDAD_ACADEMICA_SUPERIOR,,,2025-09-19,2025-10-03,14,False,False,False,False,DOCENTE,DOCENTE_TITULAR_CARRERA,False
768,86,FACULTAD DE INGENIERÍA MARÍTIMA Y CIENCIAS DEL MAR,Coordinador de acreditación internacional,JEFATURA_SUPERVISION_OPERATIVA,False,,,GRADO,Ingeniería Naval,2025-11-05,2025-11-10,5,False,False,False,False,DOCENTE,DOCENTE_TITULAR_CARRERA,False
768,86,FACULTAD DE INGENIERÍA MARÍTIMA Y CIENCIAS DEL MAR,Coordinador de acreditación internacional,JEFATURA_SUPERVISION_OPERATIVA,False,,,GRADO,Ingeniería Naval,2025-11-11,2027-02-13,459,False,False,False,False,DOCENTE,DOCENTE_TITULAR_CARRERA,False
768,86,FACULTAD DE INGENIERÍA MARÍTIMA Y CIENCIAS DEL MAR,Subrogación,OTROS_AA,True,Subdecano,AUTORIDAD_ACADEMICA_SUPERIOR,,,2025-12-22,2026-01-02,11,False,False,False,False,DOCENTE,DOCENTE_TITULAR_CARRERA,False
768,86,FACULTAD DE INGENIERÍA MARÍTIMA Y CIENCIAS DEL MAR,Subrogación,OTROS_AA,True,Subdecano,AUTORIDAD_ACADEMICA_SUPERIOR,,,2026-01-27,2026-01-30,3,False,False,False,False,DOCENTE,DOCENTE_TITULAR_CARRERA,False
768,86,FACULTAD DE INGENIERÍA MARÍTIMA Y CIENCIAS DEL MAR,Subrogación,OTROS_AA,True,Subdecano,AUTORIDAD_ACADEMICA_SUPERIOR,,,2026-02-10,2026-02-13,3,False,False,False,False,DOCENTE,AUTORIDAD_ACADEMICA_SUPERIOR,True
768,86,FACULTAD DE INGENIERÍA MARÍTIMA Y CIENCIAS DEL MAR,Subrogación,OTROS_AA,True,Subdecano,AUTORIDAD_ACADEMICA_SUPERIOR,,,2026-02-19,2026-02-23,4,False,False,False,False,DOCENTE,DOCENTE_TITULAR_CARRERA,False
768,86,FACULTAD DE INGENIERÍA MARÍTIMA Y CIENCIAS DEL MAR,Subrogación,OTROS_AA,True,Subdecano,AUTORIDAD_ACADEMICA_SUPERIOR,,,2026-07-12,2026-07-18,6,False,False,False,False,DOCENTE,DOCENTE_TITULAR_CARRERA,False
768,86,FACULTAD DE INGENIERÍA MARÍTIMA Y CIENCIAS DEL MAR,Subrogación,OTROS_AA,True,Subdecano,AUTORIDAD_ACADEMICA_SUPERIOR,,,2026-07-27,2026-07-28,1,False,False,False,False,DOCENTE,DOCENTE_TITULAR_CARRERA,False
769,16,FACULTAD DE INGENIERÍA EN ELECTRICIDAD Y COMPUTACIÓN,Miembro del consejo directivo,OTROS_AA,False,,,,,2018-08-23,2020-01-26,521,False,False,False,False,DOCENTE,DOCENTE_TITULAR_CARRERA,False
780,22,FACULTAD DE INGENIERÍA MECÁNICA Y CIENCIAS DE LA PRODUCCIÓN,Coordinador de carrera,JEFATURA_SUPERVISION_OPERATIVA,False,,,GRADO,Mecatrónica,2017-01-10,2017-11-15,309,False,False,False,False,DOCENTE,DOCENTE_TITULAR_CARRERA,False
788,11,"FACULTAD DE INGENIERIA MARÍTIMA, CIENCIAS BIOLÓGICAS, OCEÁNICAS Y RECURSOS NATURALES",Miembro del consejo directivo - trabajadores,OTROS_AA,False,,,,,2016-05-09,2018-05-08,729,False,False,False,False,,,
801,16,FACULTAD DE INGENIERÍA EN ELECTRICIDAD Y COMPUTACIÓN,Miembro del consejo directivo,OTROS_AA,False,,,,,2019-12-10,2022-12-09,1095,False,False,False,False,DOCENTE,DOCENTE_TITULAR_CARRERA,False
801,16,FACULTAD DE INGENIERÍA EN ELECTRICIDAD Y COMPUTACIÓN,Subrogación,OTROS_AA,True,Subdecano,AUTORIDAD_ACADEMICA_SUPERIOR,,,2022-05-02,2022-05-07,5,False,False,False,False,DOCENTE,DOCENTE_TITULAR_CARRERA,False
801,16,FACULTAD DE INGENIERÍA EN ELECTRICIDAD Y COMPUTACIÓN,Miembro del consejo directivo,OTROS_AA,False,,,,,2022-12-10,2025-12-09,1095,False,False,False,False,DOCENTE,DOCENTE_TITULAR_CARRERA,False
801,16,FACULTAD DE INGENIERÍA EN ELECTRICIDAD Y COMPUTACIÓN,Coordinador de vinculación con la sociedad,JEFATURA_SUPERVISION_OPERATIVA,False,,,GRADO,Electricidad,2025-02-15,,577,False,False,False,False,DOCENTE,DOCENTE_TITULAR_CARRERA,False
805,12,FACULTAD DE CIENCIAS NATURALES Y MATEMÁTICAS,Miembro del consejo directivo,OTROS_AA,False,,,,,2016-12-14,2019-12-13,1094,False,False,False,False,DOCENTE,DOCENTE_TITULAR_CARRERA,False
805,12,FACULTAD DE CIENCIAS NATURALES Y MATEMÁTICAS,Miembro del consejo directivo,OTROS_AA,False,,,,,2016-12-14,2019-12-13,1094,False,False,True,False,DOCENTE,DOCENTE_TITULAR_CARRERA,False
805,12,FACULTAD DE CIENCIAS NATURALES Y MATEMÁTICAS,Miembro del consejo directivo,OTROS_AA,False,,,,,2017-02-01,2017-02-08,7,False,False,False,False,DOCENTE,DOCENTE_TITULAR_CARRERA,False
808,27,ESCUELA DE DISEÑO Y COMUNICACIÓN VISUAL,Miembro del consejo directivo,OTROS_AA,False,,,,,2017-06-14,2019-01-23,588,False,False,False,False,DOCENTE,DOCENTE_TITULAR_CARRERA,False
808,88,"FACULTAD DE ARTE, DISEÑO Y COMUNICACIÓN AUDIOVISUAL",Miembro del consejo directivo,OTROS_AA,False,,,,,2017-06-14,2020-06-13,1095,False,False,False,False,DOCENTE,DOCENTE_TITULAR_CARRERA,False
808,27,ESCUELA DE DISEÑO Y COMUNICACIÓN VISUAL,Coordinador de acreditación internacional,JEFATURA_SUPERVISION_OPERATIVA,False,,,GRADO,Diseño Gráfico,2018-02-07,2018-09-19,224,False,False,False,False,DOCENTE,DOCENTE_TITULAR_CARRERA,False
808,27,ESCUELA DE DISEÑO Y COMUNICACIÓN VISUAL,Coordinador de acreditación internacional,JEFATURA_SUPERVISION_OPERATIVA,False,,,GRADO,Producción para Medios de Comunicación,2018-02-07,2018-09-19,224,False,False,True,False,DOCENTE,DOCENTE_TITULAR_CARRERA,False
808,27,ESCUELA DE DISEÑO Y COMUNICACIÓN VISUAL,Coordinador de acreditación internacional,JEFATURA_SUPERVISION_OPERATIVA,False,,,GRADO,Diseño Gráfico,2018-09-20,2018-12-31,102,False,False,False,False,DOCENTE,DOCENTE_TITULAR_CARRERA,False
808,27,ESCUELA DE DISEÑO Y COMUNICACIÓN VISUAL,Coordinador de acreditación internacional,JEFATURA_SUPERVISION_OPERATIVA,False,,,GRADO,Diseño Gráfico,2018-09-20,2018-09-20,0,False,False,False,False,DOCENTE,DOCENTE_TITULAR_CARRERA,False
808,27,ESCUELA DE DISEÑO Y COMUNICACIÓN VISUAL,Coordinador de acreditación internacional,JEFATURA_SUPERVISION_OPERATIVA,False,,,GRADO,Producción para Medios de Comunicación,2018-09-20,2018-12-31,102,False,False,True,False,DOCENTE,DOCENTE_TITULAR_CARRERA,False
808,27,ESCUELA DE DISEÑO Y COMUNICACIÓN VISUAL,Subrogación,OTROS_AA,True,Subdirector académico,AUTORIDAD_ADMINISTRATIVA_SUPERIOR,,,2018-12-26,2018-12-28,2,False,False,False,False,DOCENTE,DOCENTE_TITULAR_CARRERA,False
808,27,ESCUELA DE DISEÑO Y COMUNICACIÓN VISUAL,Coordinador de acreditación internacional,JEFATURA_SUPERVISION_OPERATIVA,False,,,GRADO,Diseño Gráfico,2019-01-02,2019-01-23,21,False,False,False,False,DOCENTE,DOCENTE_TITULAR_CARRERA,False
808,27,ESCUELA DE DISEÑO Y COMUNICACIÓN VISUAL,Coordinador de acreditación internacional,JEFATURA_SUPERVISION_OPERATIVA,False,,,GRADO,Producción para Medios de Comunicación,2019-01-02,2019-01-23,21,False,False,True,False,DOCENTE,DOCENTE_TITULAR_CARRERA,False
808,88,"FACULTAD DE ARTE, DISEÑO Y COMUNICACIÓN AUDIOVISUAL",Coordinador de acreditación internacional,JEFATURA_SUPERVISION_OPERATIVA,False,,,GRADO,Diseño Gráfico,2019-01-24,2020-02-21,393,False,False,False,False,DOCENTE,DOCENTE_TITULAR_CARRERA,False
808,88,"FACULTAD DE ARTE, DISEÑO Y COMUNICACIÓN AUDIOVISUAL",Coordinador de acreditación internacional,JEFATURA_SUPERVISION_OPERATIVA,False,,,GRADO,Producción para Medios de Comunicación,2019-01-24,2020-02-21,393,False,False,True,False,DOCENTE,DOCENTE_TITULAR_CARRERA,False
808,27,ESCUELA DE DISEÑO Y COMUNICACIÓN VISUAL,Coordinador de acreditación internacional,JEFATURA_SUPERVISION_OPERATIVA,False,,,GRADO,Diseño Gráfico,2019-01-25,2019-01-23,0,False,True,False,False,,,
808,88,"FACULTAD DE ARTE, DISEÑO Y COMUNICACIÓN AUDIOVISUAL",Subrogación,OTROS_AA,True,Subdecano,AUTORIDAD_ACADEMICA_SUPERIOR,,,2019-02-25,2019-03-01,4,False,False,False,False,DOCENTE,AUTORIDAD_ACADEMICA_SUPERIOR,True
808,88,"FACULTAD DE ARTE, DISEÑO Y COMUNICACIÓN AUDIOVISUAL",Subrogación,OTROS_AA,True,Subdecano,AUTORIDAD_ACADEMICA_SUPERIOR,,,2019-03-18,2019-04-05,18,False,False,False,False,DOCENTE,AUTORIDAD_ACADEMICA_SUPERIOR,True
808,88,"FACULTAD DE ARTE, DISEÑO Y COMUNICACIÓN AUDIOVISUAL",Miembro del consejo directivo,OTROS_AA,False,,,,,2019-12-10,2022-12-09,1095,False,False,False,False,DOCENTE,DOCENTE_TITULAR_CARRERA,False
808,88,"FACULTAD DE ARTE, DISEÑO Y COMUNICACIÓN AUDIOVISUAL",Subrogación,OTROS_AA,True,Subdecano,AUTORIDAD_ACADEMICA_SUPERIOR,,,2019-12-24,2020-01-03,10,False,False,False,False,DOCENTE,AUTORIDAD_ACADEMICA_SUPERIOR,True
808,88,"FACULTAD DE ARTE, DISEÑO Y COMUNICACIÓN AUDIOVISUAL",Subrogación,OTROS_AA,True,Subdecano,AUTORIDAD_ACADEMICA_SUPERIOR,,,2020-01-27,2020-01-31,4,False,False,False,False,DOCENTE,DOCENTE_TITULAR_CARRERA,False
808,88,"FACULTAD DE ARTE, DISEÑO Y COMUNICACIÓN AUDIOVISUAL",Subrogación,OTROS_AA,True,Subdecano,AUTORIDAD_ACADEMICA_SUPERIOR,,,2020-02-26,2020-03-06,9,False,False,False,False,DOCENTE,DOCENTE_TITULAR_CARRERA,False
808,88,"FACULTAD DE ARTE, DISEÑO Y COMUNICACIÓN AUDIOVISUAL",Coordinador de carrera,JEFATURA_SUPERVISION_OPERATIVA,False,,,GRADO,Diseño de Productos,2020-05-28,2021-02-19,267,False,False,False,False,DOCENTE,DOCENTE_TITULAR_CARRERA,False
808,88,"FACULTAD DE ARTE, DISEÑO Y COMUNICACIÓN AUDIOVISUAL",Coordinador de carrera,JEFATURA_SUPERVISION_OPERATIVA,False,,,GRADO,Diseño de Productos,2021-03-15,2021-10-15,214,False,False,False,False,DOCENTE,DOCENTE_TITULAR_CARRERA,False
808,88,"FACULTAD DE ARTE, DISEÑO Y COMUNICACIÓN AUDIOVISUAL",Subrogación,OTROS_AA,True,Subdecano,AUTORIDAD_ACADEMICA_SUPERIOR,,,2022-03-02,2022-03-18,16,False,False,False,False,DOCENTE,DOCENTE_TITULAR_CARRERA,False
808,88,"FACULTAD DE ARTE, DISEÑO Y COMUNICACIÓN AUDIOVISUAL",Subrogación,OTROS_AA,True,Subdecano,AUTORIDAD_ACADEMICA_SUPERIOR,,,2022-03-21,2022-03-28,7,False,False,False,False,DOCENTE,DOCENTE_TITULAR_CARRERA,False
808,88,"FACULTAD DE ARTE, DISEÑO Y COMUNICACIÓN AUDIOVISUAL",Subrogación,OTROS_AA,True,Subdecano,AUTORIDAD_ACADEMICA_SUPERIOR,,,2022-09-22,2022-09-30,8,False,False,False,False,DOCENTE,DOCENTE_TITULAR_CARRERA,False
808,88,"FACULTAD DE ARTE, DISEÑO Y COMUNICACIÓN AUDIOVISUAL",Subrogación,OTROS_AA,True,Subdecano,AUTORIDAD_ACADEMICA_SUPERIOR,,,2022-10-03,2022-10-07,4,False,False,False,False,DOCENTE,DOCENTE_TITULAR_CARRERA,False
808,88,"FACULTAD DE ARTE, DISEÑO Y COMUNICACIÓN AUDIOVISUAL",Coordinador de vinculación con la sociedad,JEFATURA_SUPERVISION_OPERATIVA,False,,,GRADO,Diseño de Productos,2024-02-21,2024-02-08,0,False,True,False,False,DOCENTE,DOCENTE_TITULAR_CARRERA,False
808,88,"FACULTAD DE ARTE, DISEÑO Y COMUNICACIÓN AUDIOVISUAL",Coordinador de vinculación con la sociedad,JEFATURA_SUPERVISION_OPERATIVA,False,,,GRADO,Diseño de Productos,2024-03-01,2025-02-14,350,False,False,False,False,DOCENTE,DOCENTE_TITULAR_CARRERA,False
808,88,"FACULTAD DE ARTE, DISEÑO Y COMUNICACIÓN AUDIOVISUAL",Coordinador de prácticas empresariales,JEFATURA_SUPERVISION_OPERATIVA,False,,,GRADO,Diseño de Productos,2024-09-30,2025-02-14,137,False,False,False,False,DOCENTE,DOCENTE_TITULAR_CARRERA,False
808,88,"FACULTAD DE ARTE, DISEÑO Y COMUNICACIÓN AUDIOVISUAL",Coordinador de vinculación con la sociedad,JEFATURA_SUPERVISION_OPERATIVA,False,,,GRADO,Diseño de Productos,2025-02-19,2025-02-21,2,False,False,False,False,DOCENTE,DOCENTE_TITULAR_CARRERA,False
808,88,"FACULTAD DE ARTE, DISEÑO Y COMUNICACIÓN AUDIOVISUAL",Coordinador de prácticas empresariales,JEFATURA_SUPERVISION_OPERATIVA,False,,,GRADO,Diseño de Productos,2025-02-19,2025-02-21,2,False,False,False,False,DOCENTE,DOCENTE_TITULAR_CARRERA,False
808,88,"FACULTAD DE ARTE, DISEÑO Y COMUNICACIÓN AUDIOVISUAL",Coordinador de vinculación con la sociedad,JEFATURA_SUPERVISION_OPERATIVA,False,,,GRADO,Diseño de Productos,2025-03-10,2026-02-13,340,False,False,False,False,DOCENTE,DOCENTE_TITULAR_CARRERA,False
808,88,"FACULTAD DE ARTE, DISEÑO Y COMUNICACIÓN AUDIOVISUAL",Coordinador de vinculación con la sociedad,JEFATURA_SUPERVISION_OPERATIVA,False,,,GRADO,Diseño de Productos,2025-05-05,2024-11-26,0,False,True,False,False,DOCENTE,DOCENTE_TITULAR_CARRERA,False
808,88,"FACULTAD DE ARTE, DISEÑO Y COMUNICACIÓN AUDIOVISUAL",Coordinador de vinculación con la sociedad,JEFATURA_SUPERVISION_OPERATIVA,False,,,GRADO,Diseño de Productos,2026-02-14,2027-02-12,363,False,False,False,False,DOCENTE,DOCENTE_TITULAR_CARRERA,False
815,57,DIRECCIÓN DE SERVICIOS GENERALES,Director,AUTORIDAD_ADMINISTRATIVA_SUPERIOR,False,,,,,2023-10-02,2024-04-22,203,False,False,False,False,ADMINISTRATIVO,AUTORIDAD_ADMINISTRATIVA_SUPERIOR,True
819,11,"FACULTAD DE INGENIERIA MARÍTIMA, CIENCIAS BIOLÓGICAS, OCEÁNICAS Y RECURSOS NATURALES",Coordinador de carrera,JEFATURA_SUPERVISION_OPERATIVA,False,,,GRADO,Acuicultura,2018-09-01,2019-01-23,144,False,False,False,False,DOCENTE,DOCENTE_NO_TITULAR_OCASIONAL,False
819,11,"FACULTAD DE INGENIERIA MARÍTIMA, CIENCIAS BIOLÓGICAS, OCEÁNICAS Y RECURSOS NATURALES",Coordinador de vinculación con la sociedad,JEFATURA_SUPERVISION_OPERATIVA,False,,,GRADO,Acuicultura,2019-01-01,2019-01-22,21,False,False,False,False,DOCENTE,DOCENTE_NO_TITULAR_OCASIONAL,False
819,86,FACULTAD DE INGENIERÍA MARÍTIMA Y CIENCIAS DEL MAR,Coordinador de carrera,JEFATURA_SUPERVISION_OPERATIVA,False,,,GRADO,Acuicultura,2019-01-24,2021-02-24,762,False,False,False,False,DOCENTE,DOCENTE_NO_TITULAR_OCASIONAL,False
819,86,FACULTAD DE INGENIERÍA MARÍTIMA Y CIENCIAS DEL MAR,Miembro del consejo directivo,OTROS_AA,False,,,,,2020-01-27,2022-11-11,1019,False,False,False,False,DOCENTE,DOCENTE_NO_TITULAR_OCASIONAL,False
819,86,FACULTAD DE INGENIERÍA MARÍTIMA Y CIENCIAS DEL MAR,Coordinador de carrera,JEFATURA_SUPERVISION_OPERATIVA,False,,,GRADO,Acuicultura,2021-02-25,2024-02-16,1086,False,False,False,False,DOCENTE,DOCENTE_NO_TITULAR_OCASIONAL,False
819,86,FACULTAD DE INGENIERÍA MARÍTIMA Y CIENCIAS DEL MAR,Coordinador de carrera,JEFATURA_SUPERVISION_OPERATIVA,False,,,GRADO,Acuicultura,2024-02-19,2025-02-16,363,False,False,False,False,DOCENTE,DOCENTE_NO_TITULAR_OCASIONAL,False
819,86,FACULTAD DE INGENIERÍA MARÍTIMA Y CIENCIAS DEL MAR,Coordinador de carrera,JEFATURA_SUPERVISION_OPERATIVA,False,,,GRADO,Acuicultura,2024-03-01,2023-12-05,0,False,True,False,False,,,
819,86,FACULTAD DE INGENIERÍA MARÍTIMA Y CIENCIAS DEL MAR,Coordinador de carrera,JEFATURA_SUPERVISION_OPERATIVA,False,,,GRADO,Acuicultura,2025-02-17,2025-02-17,0,False,False,False,False,,,
836,61,FACULTAD DE CIENCIAS DE LA VIDA,Miembro del consejo directivo,OTROS_AA,False,,,,,2019-02-01,2022-01-31,1095,False,False,False,False,DOCENTE,DOCENTE_TITULAR_CARRERA,False
836,37,CENTRO DE INVESTIGACIONES BIOTECNOLÓGICAS DEL ECUADOR,Director,AUTORIDAD_ADMINISTRATIVA_SUPERIOR,False,,,,,2024-09-24,2024-09-27,3,False,False,False,False,DOCENTE,DOCENTE_TITULAR_CARRERA,False
836,37,CENTRO DE INVESTIGACIONES BIOTECNOLÓGICAS DEL ECUADOR,Director,AUTORIDAD_ADMINISTRATIVA_SUPERIOR,False,,,,,2025-04-11,2025-04-10,0,False,True,False,False,DOCENTE,DOCENTE_TITULAR_CARRERA,False
836,37,CENTRO DE INVESTIGACIONES BIOTECNOLÓGICAS DEL ECUADOR,Director,AUTORIDAD_ADMINISTRATIVA_SUPERIOR,False,,,,,2025-04-11,2025-04-17,6,False,False,False,False,DOCENTE,DOCENTE_TITULAR_CARRERA,False
836,61,FACULTAD DE CIENCIAS DE LA VIDA,Miembro del consejo directivo,OTROS_AA,False,,,,,2025-10-01,2028-09-30,1095,False,False,False,False,DOCENTE,DOCENTE_TITULAR_CARRERA,False
836,37,CENTRO DE INVESTIGACIONES BIOTECNOLÓGICAS DEL ECUADOR,Director,AUTORIDAD_ADMINISTRATIVA_SUPERIOR,False,,,,,2025-12-10,2025-12-12,2,False,False,False,False,DOCENTE,DOCENTE_TITULAR_CARRERA,False
846,17,FACULTAD DE CIENCIAS SOCIALES Y HUMANÍSTICAS,Miembro del consejo directivo,OTROS_AA,False,,,,,2021-11-22,2024-11-21,1095,False,False,False,False,DOCENTE,DOCENTE_TITULAR_CARRERA,False
846,17,FACULTAD DE CIENCIAS SOCIALES Y HUMANÍSTICAS,Miembro del consejo politécnico,OTROS_AA,False,,,,,2022-09-01,2025-08-31,1095,False,False,False,False,DOCENTE,DOCENTE_TITULAR_CARRERA,False
846,17,FACULTAD DE CIENCIAS SOCIALES Y HUMANÍSTICAS,Subrogación,OTROS_AA,True,Subdecano,AUTORIDAD_ACADEMICA_SUPERIOR,,,2025-01-10,2025-01-10,0,False,False,False,False,DOCENTE,DOCENTE_CONTRATADO_SERVICIOS_CIVILES,False
846,17,FACULTAD DE CIENCIAS SOCIALES Y HUMANÍSTICAS,Subrogación,OTROS_AA,True,Subdecano,AUTORIDAD_ACADEMICA_SUPERIOR,,,2025-01-28,2025-01-30,2,False,False,False,False,DOCENTE,DOCENTE_TITULAR_CARRERA,False
846,17,FACULTAD DE CIENCIAS SOCIALES Y HUMANÍSTICAS,Subrogación,OTROS_AA,True,Subdecano,AUTORIDAD_ACADEMICA_SUPERIOR,,,2025-03-17,2025-03-26,9,False,False,False,False,DOCENTE,DOCENTE_TITULAR_CARRERA,False
846,17,FACULTAD DE CIENCIAS SOCIALES Y HUMANÍSTICAS,Subrogación,OTROS_AA,True,Subdecano,AUTORIDAD_ACADEMICA_SUPERIOR,,,2025-04-28,2025-05-01,3,False,False,False,False,DOCENTE,DOCENTE_TITULAR_CARRERA,False
846,17,FACULTAD DE CIENCIAS SOCIALES Y HUMANÍSTICAS,Subrogación,OTROS_AA,True,Subdecano,AUTORIDAD_ACADEMICA_SUPERIOR,,,2025-06-02,2025-06-12,10,False,False,False,False,DOCENTE,DOCENTE_TITULAR_CARRERA,False
846,17,FACULTAD DE CIENCIAS SOCIALES Y HUMANÍSTICAS,Subrogación,OTROS_AA,True,Subdecano,AUTORIDAD_ACADEMICA_SUPERIOR,,,2025-06-17,2025-06-20,3,False,False,False,False,DOCENTE,DOCENTE_TITULAR_CARRERA,False
846,17,FACULTAD DE CIENCIAS SOCIALES Y HUMANÍSTICAS,Subrogación,OTROS_AA,True,Subdecano,AUTORIDAD_ACADEMICA_SUPERIOR,,,2025-07-15,2025-07-20,5,False,False,False,False,DOCENTE,DOCENTE_TITULAR_CARRERA,False
846,17,FACULTAD DE CIENCIAS SOCIALES Y HUMANÍSTICAS,Subrogación,OTROS_AA,True,Subdecano,AUTORIDAD_ACADEMICA_SUPERIOR,,,2025-09-29,2025-10-03,4,False,False,False,False,DOCENTE,DOCENTE_TITULAR_CARRERA,False
846,17,FACULTAD DE CIENCIAS SOCIALES Y HUMANÍSTICAS,Subrogación,OTROS_AA,True,Subdecano,AUTORIDAD_ACADEMICA_SUPERIOR,,,2025-10-19,2025-10-23,4,False,False,False,False,DOCENTE,DOCENTE_CONTRATADO_SERVICIOS_CIVILES,False
846,17,FACULTAD DE CIENCIAS SOCIALES Y HUMANÍSTICAS,Subrogación,OTROS_AA,True,Subdecano,AUTORIDAD_ACADEMICA_SUPERIOR,,,2025-11-05,2025-11-09,4,False,False,False,False,DOCENTE,DOCENTE_TITULAR_CARRERA,False
846,17,FACULTAD DE CIENCIAS SOCIALES Y HUMANÍSTICAS,Subrogación,OTROS_AA,True,Subdecano,AUTORIDAD_ACADEMICA_SUPERIOR,,,2026-02-23,2026-03-23,28,False,False,False,False,DOCENTE,AUTORIDAD_ACADEMICA_SUPERIOR,True
846,17,FACULTAD DE CIENCIAS SOCIALES Y HUMANÍSTICAS,Subrogación,OTROS_AA,True,Subdecano,AUTORIDAD_ACADEMICA_SUPERIOR,,,2026-03-25,2026-03-27,2,False,False,False,False,DOCENTE,AUTORIDAD_ACADEMICA_SUPERIOR,True
846,17,FACULTAD DE CIENCIAS SOCIALES Y HUMANÍSTICAS,Subrogación,OTROS_AA,True,Subdecano,AUTORIDAD_ACADEMICA_SUPERIOR,,,2026-03-30,2026-03-30,0,False,False,False,False,DOCENTE,AUTORIDAD_ACADEMICA_SUPERIOR,True
846,17,FACULTAD DE CIENCIAS SOCIALES Y HUMANÍSTICAS,Subrogación,OTROS_AA,True,Subdecano,AUTORIDAD_ACADEMICA_SUPERIOR,,,2026-04-09,2026-04-24,15,False,False,False,False,DOCENTE,AUTORIDAD_ACADEMICA_SUPERIOR,True
846,17,FACULTAD DE CIENCIAS SOCIALES Y HUMANÍSTICAS,Subrogación,OTROS_AA,True,Subdecano,AUTORIDAD_ACADEMICA_SUPERIOR,,,2026-06-09,2026-06-15,6,False,False,False,False,DOCENTE,AUTORIDAD_ACADEMICA_SUPERIOR,True
846,17,FACULTAD DE CIENCIAS SOCIALES Y HUMANÍSTICAS,Subrogación,OTROS_AA,True,Decano,AUTORIDAD_ACADEMICA_SUPERIOR,,,2026-07-14,2026-07-18,4,False,False,False,False,DOCENTE,AUTORIDAD_ACADEMICA_SUPERIOR,True
846,17,FACULTAD DE CIENCIAS SOCIALES Y HUMANÍSTICAS,Subrogación,OTROS_AA,True,Subdecano,AUTORIDAD_ACADEMICA_SUPERIOR,,,2026-08-11,2026-08-11,0,False,False,False,False,DOCENTE,AUTORIDAD_ACADEMICA_SUPERIOR,True
846,17,FACULTAD DE CIENCIAS SOCIALES Y HUMANÍSTICAS,Subrogación,OTROS_AA,True,Subdecano,AUTORIDAD_ACADEMICA_SUPERIOR,,,2026-09-09,2026-09-11,2,False,False,False,False,DOCENTE,DOCENTE_TITULAR_CARRERA,False
850,11,"FACULTAD DE INGENIERIA MARÍTIMA, CIENCIAS BIOLÓGICAS, OCEÁNICAS Y RECURSOS NATURALES",Coordinador de prácticas empresariales,JEFATURA_SUPERVISION_OPERATIVA,False,,,GRADO,Acuicultura,2017-03-16,2018-04-10,390,False,False,False,False,DOCENTE,DOCENTE_NO_TITULAR_OCASIONAL,False
850,11,"FACULTAD DE INGENIERIA MARÍTIMA, CIENCIAS BIOLÓGICAS, OCEÁNICAS Y RECURSOS NATURALES",Coordinador de prácticas empresariales,JEFATURA_SUPERVISION_OPERATIVA,False,,,GRADO,Acuicultura,2017-03-16,2018-03-31,380,False,False,False,False,DOCENTE,DOCENTE_NO_TITULAR_OCASIONAL,False
850,11,"FACULTAD DE INGENIERIA MARÍTIMA, CIENCIAS BIOLÓGICAS, OCEÁNICAS Y RECURSOS NATURALES",Coordinador de vinculación con la sociedad,JEFATURA_SUPERVISION_OPERATIVA,False,,,GRADO,Acuicultura,2017-10-02,2017-10-18,16,False,False,False,False,DOCENTE,DOCENTE_NO_TITULAR_OCASIONAL,False
850,11,"FACULTAD DE INGENIERIA MARÍTIMA, CIENCIAS BIOLÓGICAS, OCEÁNICAS Y RECURSOS NATURALES",Coordinador de acreditación internacional,JEFATURA_SUPERVISION_OPERATIVA,False,,,GRADO,Acuicultura,2017-10-19,2018-03-31,163,False,False,False,False,DOCENTE,DOCENTE_NO_TITULAR_OCASIONAL,False
850,11,"FACULTAD DE INGENIERIA MARÍTIMA, CIENCIAS BIOLÓGICAS, OCEÁNICAS Y RECURSOS NATURALES",Coordinador de acreditación internacional,JEFATURA_SUPERVISION_OPERATIVA,False,,,GRADO,Acuicultura,2018-04-01,2019-01-21,295,False,False,False,False,DOCENTE,DOCENTE_NO_TITULAR_OCASIONAL,False
850,11,"FACULTAD DE INGENIERIA MARÍTIMA, CIENCIAS BIOLÓGICAS, OCEÁNICAS Y RECURSOS NATURALES",Coordinador de prácticas empresariales,JEFATURA_SUPERVISION_OPERATIVA,False,,,GRADO,Acuicultura,2018-04-01,2019-01-23,297,False,False,False,False,DOCENTE,DOCENTE_NO_TITULAR_OCASIONAL,False
850,11,"FACULTAD DE INGENIERIA MARÍTIMA, CIENCIAS BIOLÓGICAS, OCEÁNICAS Y RECURSOS NATURALES",Coordinador de acreditación internacional,JEFATURA_SUPERVISION_OPERATIVA,False,,,GRADO,Acuicultura,2019-01-22,2019-01-23,1,False,False,False,False,DOCENTE,DOCENTE_NO_TITULAR_OCASIONAL,False
850,86,FACULTAD DE INGENIERÍA MARÍTIMA Y CIENCIAS DEL MAR,Coordinador de prácticas empresariales,JEFATURA_SUPERVISION_OPERATIVA,False,,,GRADO,Acuicultura,2019-01-24,2019-03-01,36,False,False,False,False,DOCENTE,DOCENTE_NO_TITULAR_OCASIONAL,False
850,86,FACULTAD DE INGENIERÍA MARÍTIMA Y CIENCIAS DEL MAR,Coordinador de acreditación internacional,JEFATURA_SUPERVISION_OPERATIVA,False,,,GRADO,Acuicultura,2019-01-24,2020-01-21,362,False,False,False,False,DOCENTE,DOCENTE_NO_TITULAR_OCASIONAL,False
850,86,FACULTAD DE INGENIERÍA MARÍTIMA Y CIENCIAS DEL MAR,Coordinador de acreditación internacional,JEFATURA_SUPERVISION_OPERATIVA,False,,,GRADO,Acuicultura,2020-01-22,2023-02-17,1122,False,False,False,False,DOCENTE,DOCENTE_NO_TITULAR_OCASIONAL,False
850,86,FACULTAD DE INGENIERÍA MARÍTIMA Y CIENCIAS DEL MAR,Coordinador de vinculación con la sociedad,JEFATURA_SUPERVISION_OPERATIVA,False,,,GRADO,Acuicultura,2020-01-29,2023-02-17,1115,False,False,False,False,DOCENTE,DOCENTE_NO_TITULAR_OCASIONAL,False
851,86,FACULTAD DE INGENIERÍA MARÍTIMA Y CIENCIAS DEL MAR,Coordinador de prácticas empresariales,JEFATURA_SUPERVISION_OPERATIVA,False,,,GRADO,Acuicultura,2019-01-24,2020-01-21,362,False,False,False,False,DOCENTE,DOCENTE_TITULAR_CARRERA,False
851,11,"FACULTAD DE INGENIERIA MARÍTIMA, CIENCIAS BIOLÓGICAS, OCEÁNICAS Y RECURSOS NATURALES",Coordinador de prácticas empresariales,JEFATURA_SUPERVISION_OPERATIVA,False,,,GRADO,Acuicultura,2019-04-01,2019-01-23,0,False,True,False,False,,,
851,86,FACULTAD DE INGENIERÍA MARÍTIMA Y CIENCIAS DEL MAR,Coordinador de prácticas empresariales,JEFATURA_SUPERVISION_OPERATIVA,False,,,GRADO,Acuicultura,2020-01-22,2021-02-24,399,False,False,False,False,DOCENTE,DOCENTE_TITULAR_CARRERA,False
851,86,FACULTAD DE INGENIERÍA MARÍTIMA Y CIENCIAS DEL MAR,Subdecano,AUTORIDAD_ACADEMICA_SUPERIOR,False,,,,,2021-02-22,2022-11-12,628,False,False,False,False,DOCENTE,DOCENTE_TITULAR_CARRERA,False
851,86,FACULTAD DE INGENIERÍA MARÍTIMA Y CIENCIAS DEL MAR,Subrogación,OTROS_AA,True,Decano,AUTORIDAD_ACADEMICA_SUPERIOR,,,2021-09-27,2021-10-05,8,False,False,False,False,DOCENTE,DOCENTE_TITULAR_CARRERA,False
851,86,FACULTAD DE INGENIERÍA MARÍTIMA Y CIENCIAS DEL MAR,Subrogación,OTROS_AA,True,Decano,AUTORIDAD_ACADEMICA_SUPERIOR,,,2022-08-15,2022-08-19,4,False,False,False,False,DOCENTE,DOCENTE_TITULAR_CARRERA,False
851,86,FACULTAD DE INGENIERÍA MARÍTIMA Y CIENCIAS DEL MAR,Subdecano,AUTORIDAD_ACADEMICA_SUPERIOR,False,,,,,2022-11-13,,1402,False,False,False,False,DOCENTE,AUTORIDAD_ACADEMICA_SUPERIOR,True
851,86,FACULTAD DE INGENIERÍA MARÍTIMA Y CIENCIAS DEL MAR,Subrogación,OTROS_AA,True,Decano,AUTORIDAD_ACADEMICA_SUPERIOR,,,2023-08-14,2023-08-18,4,False,False,False,False,DOCENTE,AUTORIDAD_ACADEMICA_SUPERIOR,True
851,86,FACULTAD DE INGENIERÍA MARÍTIMA Y CIENCIAS DEL MAR,Subrogación,OTROS_AA,True,Decano,AUTORIDAD_ACADEMICA_SUPERIOR,,,2023-09-25,2023-09-29,4,False,False,False,False,DOCENTE,AUTORIDAD_ACADEMICA_SUPERIOR,True
851,86,FACULTAD DE INGENIERÍA MARÍTIMA Y CIENCIAS DEL MAR,Subrogación,OTROS_AA,True,Decano,AUTORIDAD_ACADEMICA_SUPERIOR,,,2023-10-05,2023-10-06,1,False,False,False,False,DOCENTE,AUTORIDAD_ACADEMICA_SUPERIOR,True
851,86,FACULTAD DE INGENIERÍA MARÍTIMA Y CIENCIAS DEL MAR,Subrogación,OTROS_AA,True,Decano,AUTORIDAD_ACADEMICA_SUPERIOR,,,2024-10-14,2024-10-18,4,False,False,False,False,DOCENTE,AUTORIDAD_ACADEMICA_SUPERIOR,True
851,86,FACULTAD DE INGENIERÍA MARÍTIMA Y CIENCIAS DEL MAR,Subrogación,OTROS_AA,True,Decano,AUTORIDAD_ACADEMICA_SUPERIOR,,,2025-01-28,2025-01-30,2,False,False,False,False,DOCENTE,AUTORIDAD_ACADEMICA_SUPERIOR,True
851,86,FACULTAD DE INGENIERÍA MARÍTIMA Y CIENCIAS DEL MAR,Subrogación,OTROS_AA,True,Decano,AUTORIDAD_ACADEMICA_SUPERIOR,,,2025-08-21,2025-08-22,1,False,False,False,False,DOCENTE,AUTORIDAD_ACADEMICA_SUPERIOR,True
851,86,FACULTAD DE INGENIERÍA MARÍTIMA Y CIENCIAS DEL MAR,Subrogación,OTROS_AA,True,Decano,AUTORIDAD_ACADEMICA_SUPERIOR,,,2026-01-27,2026-01-30,3,False,False,False,False,DOCENTE,AUTORIDAD_ACADEMICA_SUPERIOR,True
851,86,FACULTAD DE INGENIERÍA MARÍTIMA Y CIENCIAS DEL MAR,Subrogación,OTROS_AA,True,Decano,AUTORIDAD_ACADEMICA_SUPERIOR,,,2026-02-10,2026-02-13,3,False,False,False,False,DOCENTE,AUTORIDAD_ACADEMICA_SUPERIOR,True
851,86,FACULTAD DE INGENIERÍA MARÍTIMA Y CIENCIAS DEL MAR,Subrogación,OTROS_AA,True,Decano,AUTORIDAD_ACADEMICA_SUPERIOR,,,2026-07-27,2026-07-28,1,False,False,False,False,DOCENTE,AUTORIDAD_ACADEMICA_SUPERIOR,True
860,25,FACULTAD DE INGENIERÍA EN CIENCIAS DE LA TIERRA,Miembro del consejo directivo - trabajadores,OTROS_AA,False,,,,,2016-05-09,2018-05-08,729,False,False,False,False,,,
865,49,SUBGERENCIA DE SERVICIOS INFORMÁTICOS,Subgerente,AUTORIDAD_ADMINISTRATIVA_SUPERIOR,False,,,,,2012-11-12,2017-11-12,1826,False,False,False,False,ADMINISTRATIVO,PROFESIONAL_ANALISTA,False
865,11,"FACULTAD DE INGENIERIA MARÍTIMA, CIENCIAS BIOLÓGICAS, OCEÁNICAS Y RECURSOS NATURALES",Coordinador de carrera,JEFATURA_SUPERVISION_OPERATIVA,False,,,GRADO,Licenciatura en Turismo,2016-09-30,,3637,False,False,False,False,ADMINISTRATIVO,AUTORIDAD_ADMINISTRATIVA_SUPERIOR,False
865,49,SUBGERENCIA DE SERVICIOS INFORMÁTICOS,Subgerente,AUTORIDAD_ADMINISTRATIVA_SUPERIOR,False,,,,,2017-11-13,2021-10-29,1446,False,False,False,False,ADMINISTRATIVO,AUTORIDAD_ADMINISTRATIVA_SUPERIOR,True
865,48,GERENCIA DE TECNOLOGÍAS Y SISTEMAS DE INFORMACIÓN,Subrogación,OTROS_AA,True,Gerente,AUTORIDAD_ADMINISTRATIVA_SUPERIOR,,,2020-10-12,2020-10-15,3,False,False,False,False,ADMINISTRATIVO,AUTORIDAD_ADMINISTRATIVA_SUPERIOR,True
865,48,GERENCIA DE TECNOLOGÍAS Y SISTEMAS DE INFORMACIÓN,Subrogación,OTROS_AA,True,Gerente,AUTORIDAD_ADMINISTRATIVA_SUPERIOR,,,2020-10-12,2020-10-15,3,False,False,True,False,ADMINISTRATIVO,AUTORIDAD_ADMINISTRATIVA_SUPERIOR,True
865,48,GERENCIA DE TECNOLOGÍAS Y SISTEMAS DE INFORMACIÓN,Subrogación,OTROS_AA,True,Gerente,AUTORIDAD_ADMINISTRATIVA_SUPERIOR,,,2021-03-22,2021-04-01,10,False,False,False,False,ADMINISTRATIVO,AUTORIDAD_ADMINISTRATIVA_SUPERIOR,True
865,48,GERENCIA DE TECNOLOGÍAS Y SISTEMAS DE INFORMACIÓN,Subrogación,OTROS_AA,True,Gerente,AUTORIDAD_ADMINISTRATIVA_SUPERIOR,,,2021-10-14,2021-10-27,13,False,False,False,False,ADMINISTRATIVO,AUTORIDAD_ADMINISTRATIVA_SUPERIOR,True
875,16,FACULTAD DE INGENIERÍA EN ELECTRICIDAD Y COMPUTACIÓN,Subdecano,AUTORIDAD_ACADEMICA_SUPERIOR,False,,,,,2016-04-19,2017-11-12,572,False,False,False,False,,,
898,22,FACULTAD DE INGENIERÍA MECÁNICA Y CIENCIAS DE LA PRODUCCIÓN,Miembro del consejo directivo,OTROS_AA,False,,,,,2017-01-27,2020-01-26,1094,False,False,False,False,DOCENTE,DOCENTE_TITULAR_CARRERA,False
898,22,FACULTAD DE INGENIERÍA MECÁNICA Y CIENCIAS DE LA PRODUCCIÓN,Coordinador de prácticas empresariales,JEFATURA_SUPERVISION_OPERATIVA,False,,,GRADO,Alimentos,2017-04-07,2019-03-31,723,False,False,False,False,DOCENTE,DOCENTE_TITULAR_CARRERA,False
903,46,SECRETARIA ADMINISTRATIVA,Subrogación,OTROS_AA,True,Secretario administrativo,ASISTENCIA_SECRETARIAL_OFICINA,,,2019-09-09,2019-09-13,4,False,False,False,False,ADMINISTRATIVO,ASISTENCIA_SECRETARIAL_OFICINA,True
903,46,SECRETARIA ADMINISTRATIVA,Subrogación,OTROS_AA,True,Secretario administrativo,ASISTENCIA_SECRETARIAL_OFICINA,,,2019-09-16,2019-09-30,14,False,False,False,False,ADMINISTRATIVO,PROFESIONAL_ESPECIALIZADO_TECNICO,False
912,22,FACULTAD DE INGENIERÍA MECÁNICA Y CIENCIAS DE LA PRODUCCIÓN,Miembro del consejo directivo,OTROS_AA,False,,,,,2022-12-10,2025-12-09,1095,False,False,False,False,DOCENTE,DOCENTE_TITULAR_CARRERA,False
912,22,FACULTAD DE INGENIERÍA MECÁNICA Y CIENCIAS DE LA PRODUCCIÓN,Subrogación,OTROS_AA,True,Subrogación,OTROS_AA,,,2023-02-13,2023-02-17,4,False,False,False,False,DOCENTE,DOCENTE_TITULAR_CARRERA,False
912,22,FACULTAD DE INGENIERÍA MECÁNICA Y CIENCIAS DE LA PRODUCCIÓN,Subrogación,OTROS_AA,True,Subrogación,OTROS_AA,,,2023-03-01,2023-03-31,30,False,False,False,False,DOCENTE,DOCENTE_TITULAR_CARRERA,False
912,22,FACULTAD DE INGENIERÍA MECÁNICA Y CIENCIAS DE LA PRODUCCIÓN,Miembro del consejo directivo,OTROS_AA,False,,,,,2025-12-10,2028-12-09,1095,False,False,False,False,DOCENTE,DOCENTE_TITULAR_CARRERA,False
921,61,FACULTAD DE CIENCIAS DE LA VIDA,Miembro del consejo directivo,OTROS_AA,False,,,,,2015-10-14,2018-10-13,1095,False,False,False,False,DOCENTE,DOCENTE_TITULAR_CARRERA,False
921,61,FACULTAD DE CIENCIAS DE LA VIDA,Coordinador de prácticas empresariales,JEFATURA_SUPERVISION_OPERATIVA,False,,,GRADO,Nutrición y Dietética,2018-10-19,2020-01-19,457,False,False,False,False,DOCENTE,DOCENTE_TITULAR_CARRERA,False
921,61,FACULTAD DE CIENCIAS DE LA VIDA,Miembro del consejo directivo,OTROS_AA,False,,,,,2019-02-01,2022-01-31,1095,False,False,False,False,DOCENTE,DOCENTE_TITULAR_CARRERA,False
921,61,FACULTAD DE CIENCIAS DE LA VIDA,Coordinador de prácticas empresariales,JEFATURA_SUPERVISION_OPERATIVA,False,,,GRADO,Nutrición y Dietética,2020-01-20,2020-02-21,32,False,False,False,False,DOCENTE,DOCENTE_TITULAR_CARRERA,False
921,61,FACULTAD DE CIENCIAS DE LA VIDA,Miembro del consejo politécnico,OTROS_AA,False,,,,,2022-09-01,2025-03-31,942,False,False,False,False,DOCENTE,DOCENTE_TITULAR_CARRERA,False
923,25,FACULTAD DE INGENIERÍA EN CIENCIAS DE LA TIERRA,Miembro del consejo directivo,OTROS_AA,False,,,,,2015-10-14,2022-12-31,2635,False,False,False,False,DOCENTE,DOCENTE_TITULAR_CARRERA,False
923,25,FACULTAD DE INGENIERÍA EN CIENCIAS DE LA TIERRA,Miembro del consejo directivo,OTROS_AA,False,,,,,2015-10-14,2018-10-13,1095,False,False,False,False,DOCENTE,DOCENTE_TITULAR_CARRERA,False
923,25,FACULTAD DE INGENIERÍA EN CIENCIAS DE LA TIERRA,Miembro del consejo directivo,OTROS_AA,False,,,,,2019-02-01,2022-01-31,1095,False,False,False,False,DOCENTE,DOCENTE_TITULAR_CARRERA,False
923,25,FACULTAD DE INGENIERÍA EN CIENCIAS DE LA TIERRA,Subrogación,OTROS_AA,True,Subdecano,AUTORIDAD_ACADEMICA_SUPERIOR,,,2019-03-26,2019-04-05,10,False,False,False,False,DOCENTE,AUTORIDAD_ACADEMICA_SUPERIOR,True
923,25,FACULTAD DE INGENIERÍA EN CIENCIAS DE LA TIERRA,Subrogación,OTROS_AA,True,Subdecano,AUTORIDAD_ACADEMICA_SUPERIOR,,,2019-04-17,2019-04-18,1,False,False,False,False,DOCENTE,DOCENTE_TITULAR_CARRERA,False
923,25,FACULTAD DE INGENIERÍA EN CIENCIAS DE LA TIERRA,Subrogación,OTROS_AA,True,Subdecano,AUTORIDAD_ACADEMICA_SUPERIOR,,,2021-03-15,2021-03-19,4,False,False,False,False,DOCENTE,DOCENTE_TITULAR_CARRERA,False
923,25,FACULTAD DE INGENIERÍA EN CIENCIAS DE LA TIERRA,Subrogación,OTROS_AA,True,Subdecano,AUTORIDAD_ACADEMICA_SUPERIOR,,,2021-06-14,2021-06-18,4,False,False,False,False,DOCENTE,DOCENTE_TITULAR_CARRERA,False
923,25,FACULTAD DE INGENIERÍA EN CIENCIAS DE LA TIERRA,Subrogación,OTROS_AA,True,Subdecano,AUTORIDAD_ACADEMICA_SUPERIOR,,,2021-09-27,2021-10-01,4,False,False,False,False,DOCENTE,DOCENTE_TITULAR_CARRERA,False
923,25,FACULTAD DE INGENIERÍA EN CIENCIAS DE LA TIERRA,Subrogación,OTROS_AA,True,Subdecano,AUTORIDAD_ACADEMICA_SUPERIOR,,,2022-03-18,2022-03-25,7,False,False,False,False,DOCENTE,DOCENTE_TITULAR_CARRERA,False
923,25,FACULTAD DE INGENIERÍA EN CIENCIAS DE LA TIERRA,Subrogación,OTROS_AA,True,Subdecano,AUTORIDAD_ACADEMICA_SUPERIOR,,,2022-03-28,2022-04-21,24,False,False,False,False,DOCENTE,DOCENTE_TITULAR_CARRERA,False
923,25,FACULTAD DE INGENIERÍA EN CIENCIAS DE LA TIERRA,Subrogación,OTROS_AA,True,Subdecano,AUTORIDAD_ACADEMICA_SUPERIOR,,,2022-07-04,2022-07-12,8,False,False,False,False,DOCENTE,DOCENTE_TITULAR_CARRERA,False
923,25,FACULTAD DE INGENIERÍA EN CIENCIAS DE LA TIERRA,Subrogación,OTROS_AA,True,Subdecano,AUTORIDAD_ACADEMICA_SUPERIOR,,,2022-09-02,2022-09-11,9,False,False,False,False,DOCENTE,DOCENTE_TITULAR_CARRERA,False
923,25,FACULTAD DE INGENIERÍA EN CIENCIAS DE LA TIERRA,Subrogación,OTROS_AA,True,Subdecano,AUTORIDAD_ACADEMICA_SUPERIOR,,,2022-09-04,2022-09-11,7,False,False,False,False,DOCENTE,DOCENTE_TITULAR_CARRERA,False
923,25,FACULTAD DE INGENIERÍA EN CIENCIAS DE LA TIERRA,Subrogación,OTROS_AA,True,Subdecano,AUTORIDAD_ACADEMICA_SUPERIOR,,,2022-09-15,2022-09-30,15,False,False,False,False,DOCENTE,DOCENTE_TITULAR_CARRERA,False
923,25,FACULTAD DE INGENIERÍA EN CIENCIAS DE LA TIERRA,Subrogación,OTROS_AA,True,Subdecano,AUTORIDAD_ACADEMICA_SUPERIOR,,,2022-10-10,2022-10-16,6,False,False,False,False,DOCENTE,DOCENTE_TITULAR_CARRERA,False
923,25,FACULTAD DE INGENIERÍA EN CIENCIAS DE LA TIERRA,Subrogación,OTROS_AA,True,Subdecano,AUTORIDAD_ACADEMICA_SUPERIOR,,,2022-10-30,2022-11-05,6,False,False,False,False,DOCENTE,DOCENTE_TITULAR_CARRERA,False
923,25,FACULTAD DE INGENIERÍA EN CIENCIAS DE LA TIERRA,Miembro del consejo directivo,OTROS_AA,False,,,,,2023-12-01,2026-11-30,1095,False,False,False,False,DOCENTE,DOCENTE_TITULAR_CARRERA,False
923,25,FACULTAD DE INGENIERÍA EN CIENCIAS DE LA TIERRA,Subrogación,OTROS_AA,True,Subdecano,AUTORIDAD_ACADEMICA_SUPERIOR,,,2024-04-21,2024-04-25,4,False,False,False,False,DOCENTE,DOCENTE_TITULAR_CARRERA,False
931,25,FACULTAD DE INGENIERÍA EN CIENCIAS DE LA TIERRA,Decano,AUTORIDAD_ACADEMICA_SUPERIOR,False,,,,,2016-01-12,2017-08-13,579,False,False,False,False,DOCENTE,DOCENTE_TITULAR_CARRERA,False
946,47,GERENCIA FINANCIERA,Gerente,AUTORIDAD_ADMINISTRATIVA_SUPERIOR,False,,,,,2018-06-18,2018-06-30,12,False,False,False,False,ADMINISTRATIVO,PROFESIONAL_ANALISTA,False
953,22,FACULTAD DE INGENIERÍA MECÁNICA Y CIENCIAS DE LA PRODUCCIÓN,Miembro del consejo directivo - trabajadores,OTROS_AA,False,,,,,2016-05-09,2018-05-08,729,False,False,False,False,ADMINISTRATIVO,ASISTENCIA_SECRETARIAL_OFICINA,False
955,26,ESCUELA DE POSTGRADO EN ADMINISTRACIÓN DE EMPRESAS,Director académico y de investigación,AUTORIDAD_ADMINISTRATIVA_SUPERIOR,False,,,,,2021-02-01,2022-11-12,649,False,False,False,False,DOCENTE,DOCENTE_TITULAR_CARRERA,False
955,26,ESCUELA DE POSTGRADO EN ADMINISTRACIÓN DE EMPRESAS,Subrogación,OTROS_AA,True,Decano,AUTORIDAD_ACADEMICA_SUPERIOR,,,2021-09-27,2021-10-01,4,False,False,False,False,DOCENTE,DOCENTE_TITULAR_CARRERA,False
955,26,ESCUELA DE POSTGRADO EN ADMINISTRACIÓN DE EMPRESAS,Subrogación,OTROS_AA,True,Decano,AUTORIDAD_ACADEMICA_SUPERIOR,,,2022-03-07,2022-03-09,2,False,False,False,False,DOCENTE,DOCENTE_TITULAR_CARRERA,False
955,26,ESCUELA DE POSTGRADO EN ADMINISTRACIÓN DE EMPRESAS,Subrogación,OTROS_AA,True,Decano,AUTORIDAD_ACADEMICA_SUPERIOR,,,2022-03-14,2022-03-25,11,False,False,False,False,DOCENTE,DOCENTE_TITULAR_CARRERA,False
955,26,ESCUELA DE POSTGRADO EN ADMINISTRACIÓN DE EMPRESAS,Subrogación,OTROS_AA,True,Decano,AUTORIDAD_ACADEMICA_SUPERIOR,,,2022-04-22,2022-04-27,5,False,False,False,False,DOCENTE,DOCENTE_TITULAR_CARRERA,False
955,26,ESCUELA DE POSTGRADO EN ADMINISTRACIÓN DE EMPRESAS,Subrogación,OTROS_AA,True,Decano,AUTORIDAD_ACADEMICA_SUPERIOR,,,2022-05-26,2022-06-04,9,False,False,False,False,DOCENTE,DOCENTE_TITULAR_CARRERA,False
955,26,ESCUELA DE POSTGRADO EN ADMINISTRACIÓN DE EMPRESAS,Subrogación,OTROS_AA,True,Decano,AUTORIDAD_ACADEMICA_SUPERIOR,,,2022-07-04,2022-07-08,4,False,False,False,False,DOCENTE,DOCENTE_TITULAR_CARRERA,False
955,26,ESCUELA DE POSTGRADO EN ADMINISTRACIÓN DE EMPRESAS,Subrogación,OTROS_AA,True,Decano,AUTORIDAD_ACADEMICA_SUPERIOR,,,2022-09-07,2022-09-15,8,False,False,False,False,DOCENTE,DOCENTE_TITULAR_CARRERA,False
955,26,ESCUELA DE POSTGRADO EN ADMINISTRACIÓN DE EMPRESAS,Subrogación,OTROS_AA,True,Decano,AUTORIDAD_ACADEMICA_SUPERIOR,,,2022-10-31,2022-11-01,1,False,False,False,False,DOCENTE,DOCENTE_CONTRATADO_SERVICIOS_CIVILES,False
955,26,ESCUELA DE POSTGRADO EN ADMINISTRACIÓN DE EMPRESAS,Subdecano,AUTORIDAD_ACADEMICA_SUPERIOR,False,,,,,2022-11-13,2024-02-07,451,False,False,False,False,DOCENTE,DOCENTE_TITULAR_CARRERA,False
955,26,ESCUELA DE POSTGRADO EN ADMINISTRACIÓN DE EMPRESAS,Subdecano,AUTORIDAD_ACADEMICA_SUPERIOR,False,,,,,2022-11-14,2022-11-14,0,False,False,False,False,DOCENTE,DOCENTE_TITULAR_CARRERA,False
955,26,ESCUELA DE POSTGRADO EN ADMINISTRACIÓN DE EMPRESAS,Subrogación,OTROS_AA,True,Decano,AUTORIDAD_ACADEMICA_SUPERIOR,,,2023-02-06,2023-02-11,5,False,False,False,False,DOCENTE,DOCENTE_TITULAR_CARRERA,False
955,26,ESCUELA DE POSTGRADO EN ADMINISTRACIÓN DE EMPRESAS,Subrogación,OTROS_AA,True,Decano,AUTORIDAD_ACADEMICA_SUPERIOR,,,2023-03-20,2023-04-04,15,False,False,False,False,DOCENTE,DOCENTE_CONTRATADO_SERVICIOS_CIVILES,False
955,26,ESCUELA DE POSTGRADO EN ADMINISTRACIÓN DE EMPRESAS,Subrogación,OTROS_AA,True,Decano,AUTORIDAD_ACADEMICA_SUPERIOR,,,2023-04-13,2023-04-15,2,False,False,False,False,DOCENTE,DOCENTE_CONTRATADO_SERVICIOS_CIVILES,False
955,26,ESCUELA DE POSTGRADO EN ADMINISTRACIÓN DE EMPRESAS,Subrogación,OTROS_AA,True,Decano,AUTORIDAD_ACADEMICA_SUPERIOR,,,2023-04-21,2023-04-26,5,False,False,False,False,DOCENTE,DOCENTE_TITULAR_CARRERA,False
955,26,ESCUELA DE POSTGRADO EN ADMINISTRACIÓN DE EMPRESAS,Subrogación,OTROS_AA,True,Decano,AUTORIDAD_ACADEMICA_SUPERIOR,,,2023-08-21,2023-08-25,4,False,False,False,False,DOCENTE,AUTORIDAD_ACADEMICA_SUPERIOR,True
955,26,ESCUELA DE POSTGRADO EN ADMINISTRACIÓN DE EMPRESAS,Subrogación,OTROS_AA,True,Decano,AUTORIDAD_ACADEMICA_SUPERIOR,,,2023-09-18,2023-09-25,7,False,False,False,False,DOCENTE,AUTORIDAD_ACADEMICA_SUPERIOR,True
955,26,ESCUELA DE POSTGRADO EN ADMINISTRACIÓN DE EMPRESAS,Subrogación,OTROS_AA,True,Decano,AUTORIDAD_ACADEMICA_SUPERIOR,,,2023-11-13,2023-11-16,3,False,False,False,False,DOCENTE,DOCENTE_TITULAR_CARRERA,False
955,26,ESCUELA DE POSTGRADO EN ADMINISTRACIÓN DE EMPRESAS,Subrogación,OTROS_AA,True,Decano,AUTORIDAD_ACADEMICA_SUPERIOR,,,2024-01-07,2024-01-13,6,False,False,False,False,DOCENTE,DOCENTE_TITULAR_CARRERA,False
955,26,ESCUELA DE POSTGRADO EN ADMINISTRACIÓN DE EMPRESAS,Coordinador general de postgrado,JEFATURA_SUPERVISION_OPERATIVA,False,,,,,2024-02-01,2024-02-27,26,False,False,False,False,DOCENTE,DOCENTE_TITULAR_CARRERA,False
958,12,FACULTAD DE CIENCIAS NATURALES Y MATEMÁTICAS,Coordinador de programa de postgrado,JEFATURA_SUPERVISION_OPERATIVA,False,,,POSGRADO,Maestría en Educación,2021-09-30,2025-09-30,1461,False,False,False,False,ADMINISTRATIVO,CONTRATO_SERVICIOS_PROFESIONALES_PROYECTO,False
968,16,FACULTAD DE INGENIERÍA EN ELECTRICIDAD Y COMPUTACIÓN,Miembro del consejo directivo - trabajadores,OTROS_AA,False,,,,,2016-05-09,2018-05-08,729,False,False,False,False,,,
972,12,FACULTAD DE CIENCIAS NATURALES Y MATEMÁTICAS,Miembro del consejo directivo - trabajadores,OTROS_AA,False,,,,,2021-11-22,2023-11-21,729,False,False,False,False,ADMINISTRATIVO,ASISTENCIA_SECRETARIAL_OFICINA,False
975,25,FACULTAD DE INGENIERÍA EN CIENCIAS DE LA TIERRA,Miembro del consejo directivo - trabajadores,OTROS_AA,False,,,,,2016-05-09,2018-05-08,729,False,False,False,False,ADMINISTRATIVO,ASISTENCIA_SECRETARIAL_OFICINA,False
981,12,FACULTAD DE CIENCIAS NATURALES Y MATEMÁTICAS,Coordinador de carrera,JEFATURA_SUPERVISION_OPERATIVA,False,,,GRADO,Ingeniería en Logística y Transporte,2016-12-06,2017-01-08,33,False,False,False,False,DOCENTE,DOCENTE_NO_TITULAR_OCASIONAL,False
981,12,FACULTAD DE CIENCIAS NATURALES Y MATEMÁTICAS,Coordinador de carrera,JEFATURA_SUPERVISION_OPERATIVA,False,,,GRADO,Logistica y Transporte,2017-01-09,2017-01-15,6,False,False,False,False,DOCENTE,DOCENTE_CONTRATADO_SERVICIOS_CIVILES,False
981,12,FACULTAD DE CIENCIAS NATURALES Y MATEMÁTICAS,Coordinador de programa de postgrado,JEFATURA_SUPERVISION_OPERATIVA,False,,,POSGRADO,Maestría en Ingeniería de Transporte y Movilidad Sostenible,2025-02-19,2025-05-22,92,False,False,False,False,DOCENTE,DOCENTE_NO_TITULAR_OCASIONAL,False
986,16,FACULTAD DE INGENIERÍA EN ELECTRICIDAD Y COMPUTACIÓN,Coordinador de programa de postgrado,JEFATURA_SUPERVISION_OPERATIVA,False,,,POSGRADO,Doctorado en Ciencias Computacionales Aplicadas,2025-10-01,2025-11-17,47,False,False,False,False,DOCENTE,DOCENTE_TITULAR_CARRERA,False
986,16,FACULTAD DE INGENIERÍA EN ELECTRICIDAD Y COMPUTACIÓN,Miembro del consejo directivo,OTROS_AA,False,,,,,2025-10-01,2028-09-30,1095,False,False,False,False,DOCENTE,DOCENTE_TITULAR_CARRERA,False
986,16,FACULTAD DE INGENIERÍA EN ELECTRICIDAD Y COMPUTACIÓN,Coordinador de programa de postgrado,JEFATURA_SUPERVISION_OPERATIVA,False,,,POSGRADO,Doctorado en Ciencias Computacionales Aplicadas,2026-02-06,2026-03-16,38,False,False,False,False,DOCENTE,DOCENTE_TITULAR_CARRERA,False
988,16,FACULTAD DE INGENIERÍA EN ELECTRICIDAD Y COMPUTACIÓN,Coordinador de programa de postgrado,JEFATURA_SUPERVISION_OPERATIVA,False,,,POSGRADO,Doctorado en Ciencias Computacionales Aplicadas,2018-12-18,2025-09-30,2478,False,False,False,False,DOCENTE,DOCENTE_TITULAR_CARRERA,False
999,5,GERENCIA DE PLANIFICACIÓN ESTRATÉGICA,Gerente,AUTORIDAD_ADMINISTRATIVA_SUPERIOR,False,,,,,2022-09-01,,1475,False,False,False,False,DOCENTE,DOCENTE_TITULAR_CARRERA,False
1001,61,FACULTAD DE CIENCIAS DE LA VIDA,Miembro del consejo directivo,OTROS_AA,False,,,,,2015-10-14,2018-10-13,1095,False,False,False,False,DOCENTE,DOCENTE_TITULAR_CARRERA,False
1001,61,FACULTAD DE CIENCIAS DE LA VIDA,Miembro del consejo directivo,OTROS_AA,False,,,,,2019-02-01,2022-01-31,1095,False,False,False,False,DOCENTE,DOCENTE_TITULAR_CARRERA,False
1001,61,FACULTAD DE CIENCIAS DE LA VIDA,Subrogación,OTROS_AA,True,Subdecano,AUTORIDAD_ACADEMICA_SUPERIOR,,,2019-04-01,2019-04-07,6,False,False,False,False,ADMINISTRATIVO,CONTRATO_SERVICIOS_PROFESIONALES_PROYECTO,False
1001,61,FACULTAD DE CIENCIAS DE LA VIDA,Subrogación,OTROS_AA,True,Subdecano,AUTORIDAD_ACADEMICA_SUPERIOR,,,2019-05-13,2019-05-21,8,False,False,False,False,ADMINISTRATIVO,CONTRATO_SERVICIOS_PROFESIONALES_PROYECTO,False
1001,61,FACULTAD DE CIENCIAS DE LA VIDA,Subrogación,OTROS_AA,True,Subdecano,AUTORIDAD_ACADEMICA_SUPERIOR,,,2019-06-17,2019-07-30,43,False,False,False,False,ADMINISTRATIVO,CONTRATO_SERVICIOS_PROFESIONALES_PROYECTO,False
1001,61,FACULTAD DE CIENCIAS DE LA VIDA,Subrogación,OTROS_AA,True,Subdecano,AUTORIDAD_ACADEMICA_SUPERIOR,,,2020-03-02,2020-03-10,8,False,False,False,False,ADMINISTRATIVO,CONTRATO_SERVICIOS_PROFESIONALES_PROYECTO,False
1001,61,FACULTAD DE CIENCIAS DE LA VIDA,Subrogación,OTROS_AA,True,Subdecano,AUTORIDAD_ACADEMICA_SUPERIOR,,,2020-03-16,2020-03-20,4,False,False,False,False,ADMINISTRATIVO,CONTRATO_SERVICIOS_PROFESIONALES_PROYECTO,False
1001,61,FACULTAD DE CIENCIAS DE LA VIDA,Subrogación,OTROS_AA,True,Decano,AUTORIDAD_ACADEMICA_SUPERIOR,,,2026-03-12,2026-03-14,2,False,False,False,False,DOCENTE,AUTORIDAD_ACADEMICA_SUPERIOR,True
1001,61,FACULTAD DE CIENCIAS DE LA VIDA,Subrogación,OTROS_AA,True,Decano,AUTORIDAD_ACADEMICA_SUPERIOR,,,2026-03-23,2026-04-02,10,False,False,False,False,DOCENTE,AUTORIDAD_ACADEMICA_SUPERIOR,True
1001,61,FACULTAD DE CIENCIAS DE LA VIDA,Subrogación,OTROS_AA,True,Decano,AUTORIDAD_ACADEMICA_SUPERIOR,,,2026-03-26,2026-03-29,3,False,False,False,False,DOCENTE,AUTORIDAD_ACADEMICA_SUPERIOR,True
1001,61,FACULTAD DE CIENCIAS DE LA VIDA,Subrogación,OTROS_AA,True,Subdecano,AUTORIDAD_ACADEMICA_SUPERIOR,,,2026-07-12,2026-07-18,6,False,False,False,False,DOCENTE,AUTORIDAD_ACADEMICA_SUPERIOR,True
1001,61,FACULTAD DE CIENCIAS DE LA VIDA,Subrogación,OTROS_AA,True,Decano,AUTORIDAD_ACADEMICA_SUPERIOR,,,2026-09-10,2026-09-16,6,False,False,False,False,DOCENTE,DOCENTE_TITULAR_CARRERA,False
1006,16,FACULTAD DE INGENIERÍA EN ELECTRICIDAD Y COMPUTACIÓN,Coordinador de prácticas empresariales,JEFATURA_SUPERVISION_OPERATIVA,False,,,GRADO,Telecomunicaciones,2018-01-22,2021-02-19,1124,False,False,False,False,DOCENTE,DOCENTE_TITULAR_CARRERA,False
1006,16,FACULTAD DE INGENIERÍA EN ELECTRICIDAD Y COMPUTACIÓN,Miembro del consejo politécnico,OTROS_AA,False,,,,,2020-01-14,2022-12-10,1061,False,False,False,False,DOCENTE,DOCENTE_TITULAR_CARRERA,False
1006,16,FACULTAD DE INGENIERÍA EN ELECTRICIDAD Y COMPUTACIÓN,Miembro del consejo politécnico,OTROS_AA,False,,,,,2022-12-11,2025-12-10,1095,False,False,False,False,DOCENTE,DOCENTE_TITULAR_CARRERA,False
1006,16,FACULTAD DE INGENIERÍA EN ELECTRICIDAD Y COMPUTACIÓN,Coordinador de carrera,JEFATURA_SUPERVISION_OPERATIVA,False,,,GRADO,Telecomunicaciones,2024-02-19,,939,False,False,False,False,DOCENTE,DOCENTE_TITULAR_CARRERA,False
1013,17,FACULTAD DE CIENCIAS SOCIALES Y HUMANÍSTICAS,Miembro del consejo directivo,OTROS_AA,False,,,,,2016-12-14,2019-12-13,1094,False,False,False,False,DOCENTE,DOCENTE_TITULAR_CARRERA,False
1013,17,FACULTAD DE CIENCIAS SOCIALES Y HUMANÍSTICAS,Subdecano,AUTORIDAD_ACADEMICA_SUPERIOR,False,,,,,2020-07-01,2022-11-12,864,False,False,False,False,DOCENTE,DOCENTE_TITULAR_CARRERA,False
1013,17,FACULTAD DE CIENCIAS SOCIALES Y HUMANÍSTICAS,Subdecano,AUTORIDAD_ACADEMICA_SUPERIOR,False,,,,,2022-11-13,,1402,False,False,False,False,DOCENTE,AUTORIDAD_ACADEMICA_SUPERIOR,True
1013,17,FACULTAD DE CIENCIAS SOCIALES Y HUMANÍSTICAS,Subrogación,OTROS_AA,True,Decano,AUTORIDAD_ACADEMICA_SUPERIOR,,,2023-02-07,2023-02-11,4,False,False,False,False,DOCENTE,AUTORIDAD_ACADEMICA_SUPERIOR,True
1013,17,FACULTAD DE CIENCIAS SOCIALES Y HUMANÍSTICAS,Subrogación,OTROS_AA,True,Decano,AUTORIDAD_ACADEMICA_SUPERIOR,,,2023-08-28,2023-08-29,1,False,False,False,False,DOCENTE,AUTORIDAD_ACADEMICA_SUPERIOR,True
1013,17,FACULTAD DE CIENCIAS SOCIALES Y HUMANÍSTICAS,Subrogación,OTROS_AA,True,Decano,AUTORIDAD_ACADEMICA_SUPERIOR,,,2023-08-31,2023-09-08,8,False,False,False,False,DOCENTE,AUTORIDAD_ACADEMICA_SUPERIOR,True
1013,17,FACULTAD DE CIENCIAS SOCIALES Y HUMANÍSTICAS,Subrogación,OTROS_AA,True,Decano,AUTORIDAD_ACADEMICA_SUPERIOR,,,2023-10-10,2023-10-13,3,False,False,False,False,DOCENTE,AUTORIDAD_ACADEMICA_SUPERIOR,True
1013,17,FACULTAD DE CIENCIAS SOCIALES Y HUMANÍSTICAS,Subrogación,OTROS_AA,True,Decano,AUTORIDAD_ACADEMICA_SUPERIOR,,,2023-10-31,2023-11-05,5,False,False,False,False,DOCENTE,AUTORIDAD_ACADEMICA_SUPERIOR,True
1013,17,FACULTAD DE CIENCIAS SOCIALES Y HUMANÍSTICAS,Subrogación,OTROS_AA,True,Decano,AUTORIDAD_ACADEMICA_SUPERIOR,,,2023-11-08,2023-11-10,2,False,False,False,False,DOCENTE,AUTORIDAD_ACADEMICA_SUPERIOR,True
1013,17,FACULTAD DE CIENCIAS SOCIALES Y HUMANÍSTICAS,Subrogación,OTROS_AA,True,Decano,AUTORIDAD_ACADEMICA_SUPERIOR,,,2023-11-24,2023-11-24,0,False,False,False,False,DOCENTE,AUTORIDAD_ACADEMICA_SUPERIOR,True
1013,17,FACULTAD DE CIENCIAS SOCIALES Y HUMANÍSTICAS,Subrogación,OTROS_AA,True,Decano,AUTORIDAD_ACADEMICA_SUPERIOR,,,2023-11-28,2023-11-28,0,False,False,False,False,DOCENTE,AUTORIDAD_ACADEMICA_SUPERIOR,True
1013,17,FACULTAD DE CIENCIAS SOCIALES Y HUMANÍSTICAS,Subrogación,OTROS_AA,True,Decano,AUTORIDAD_ACADEMICA_SUPERIOR,,,2025-01-10,2025-01-10,0,False,False,False,False,DOCENTE,DOCENTE_CONTRATADO_SERVICIOS_CIVILES,False
1013,17,FACULTAD DE CIENCIAS SOCIALES Y HUMANÍSTICAS,Subrogación,OTROS_AA,True,Decano,AUTORIDAD_ACADEMICA_SUPERIOR,,,2025-01-28,2025-01-30,2,False,False,False,False,DOCENTE,AUTORIDAD_ACADEMICA_SUPERIOR,True
1013,17,FACULTAD DE CIENCIAS SOCIALES Y HUMANÍSTICAS,Subrogación,OTROS_AA,True,Decano,AUTORIDAD_ACADEMICA_SUPERIOR,,,2025-04-28,2025-05-01,3,False,False,False,False,DOCENTE,AUTORIDAD_ACADEMICA_SUPERIOR,True
1013,17,FACULTAD DE CIENCIAS SOCIALES Y HUMANÍSTICAS,Subrogación,OTROS_AA,True,Decano,AUTORIDAD_ACADEMICA_SUPERIOR,,,2025-06-02,2025-06-12,10,False,False,False,False,DOCENTE,AUTORIDAD_ACADEMICA_SUPERIOR,True
1013,17,FACULTAD DE CIENCIAS SOCIALES Y HUMANÍSTICAS,Subrogación,OTROS_AA,True,Decano,AUTORIDAD_ACADEMICA_SUPERIOR,,,2025-09-29,2025-10-03,4,False,False,False,False,DOCENTE,AUTORIDAD_ACADEMICA_SUPERIOR,True
1013,17,FACULTAD DE CIENCIAS SOCIALES Y HUMANÍSTICAS,Subrogación,OTROS_AA,True,Decano,AUTORIDAD_ACADEMICA_SUPERIOR,,,2025-10-19,2025-10-23,4,False,False,False,False,DOCENTE,AUTORIDAD_ACADEMICA_SUPERIOR,True
1013,17,FACULTAD DE CIENCIAS SOCIALES Y HUMANÍSTICAS,Subrogación,OTROS_AA,True,Decano,AUTORIDAD_ACADEMICA_SUPERIOR,,,2025-11-05,2025-11-09,4,False,False,False,False,DOCENTE,AUTORIDAD_ACADEMICA_SUPERIOR,True
1013,17,FACULTAD DE CIENCIAS SOCIALES Y HUMANÍSTICAS,Subrogación,OTROS_AA,True,Decano,AUTORIDAD_ACADEMICA_SUPERIOR,,,2026-01-27,2026-01-30,3,False,False,False,False,DOCENTE,AUTORIDAD_ACADEMICA_SUPERIOR,True
1013,17,FACULTAD DE CIENCIAS SOCIALES Y HUMANÍSTICAS,Subrogación,OTROS_AA,True,Decano,AUTORIDAD_ACADEMICA_SUPERIOR,,,2026-03-25,2026-03-27,2,False,False,False,False,DOCENTE,AUTORIDAD_ACADEMICA_SUPERIOR,True
1013,17,FACULTAD DE CIENCIAS SOCIALES Y HUMANÍSTICAS,Subrogación,OTROS_AA,True,Decano,AUTORIDAD_ACADEMICA_SUPERIOR,,,2026-03-30,2026-03-30,0,False,False,False,False,DOCENTE,AUTORIDAD_ACADEMICA_SUPERIOR,True
1013,17,FACULTAD DE CIENCIAS SOCIALES Y HUMANÍSTICAS,Subrogación,OTROS_AA,True,Decano,AUTORIDAD_ACADEMICA_SUPERIOR,,,2026-04-09,2026-04-24,15,False,False,False,False,DOCENTE,AUTORIDAD_ACADEMICA_SUPERIOR,True
1013,17,FACULTAD DE CIENCIAS SOCIALES Y HUMANÍSTICAS,Subrogación,OTROS_AA,True,Decano,AUTORIDAD_ACADEMICA_SUPERIOR,,,2026-07-12,2026-07-13,1,False,False,False,False,DOCENTE,AUTORIDAD_ACADEMICA_SUPERIOR,True
1013,17,FACULTAD DE CIENCIAS SOCIALES Y HUMANÍSTICAS,Subrogación,OTROS_AA,True,Decano,AUTORIDAD_ACADEMICA_SUPERIOR,,,2026-08-11,2026-08-11,0,False,False,False,False,DOCENTE,AUTORIDAD_ACADEMICA_SUPERIOR,True
1013,17,FACULTAD DE CIENCIAS SOCIALES Y HUMANÍSTICAS,Subrogación,OTROS_AA,True,Decano,AUTORIDAD_ACADEMICA_SUPERIOR,,,2026-09-09,2026-09-11,2,False,False,False,False,DOCENTE,AUTORIDAD_ACADEMICA_SUPERIOR,True
1038,54,GERENCIA ADMINISTRATIVA,Gerente,AUTORIDAD_ADMINISTRATIVA_SUPERIOR,False,,,,,2014-01-01,2017-10-31,1399,False,False,False,False,DOCENTE,DOCENTE_TITULAR_CARRERA,False
1043,16,FACULTAD DE INGENIERÍA EN ELECTRICIDAD Y COMPUTACIÓN,Coordinador de programa de postgrado,JEFATURA_SUPERVISION_OPERATIVA,False,,,POSGRADO,Doctorado en Ciencias Computacionales Aplicadas,2015-02-28,2017-12-18,1024,False,False,False,False,DOCENTE,DOCENTE_TITULAR_CARRERA,False
1043,28,DECANATO DE INVESTIGACIÓN,Decano,AUTORIDAD_ACADEMICA_SUPERIOR,False,,,,,2017-11-13,2022-11-12,1825,False,False,False,False,DOCENTE,AUTORIDAD_ACADEMICA_SUPERIOR,True
1043,16,FACULTAD DE INGENIERÍA EN ELECTRICIDAD Y COMPUTACIÓN,Miembro del consejo directivo,OTROS_AA,False,,,,,2018-06-04,2020-01-26,601,False,False,False,False,DOCENTE,AUTORIDAD_ACADEMICA_SUPERIOR,False
1043,3,VICERRECTORADO ACADÉMICO,Subrogación,OTROS_AA,True,Vicerrector,AUTORIDAD_ACADEMICA_SUPERIOR,,,2018-12-07,2018-12-14,7,False,False,False,False,DOCENTE,AUTORIDAD_ACADEMICA_SUPERIOR,True
1043,2,RECTORADO,Subrogación,OTROS_AA,True,Rector,AUTORIDAD_ACADEMICA_SUPERIOR,,,2019-05-15,2019-05-19,4,False,False,False,False,DOCENTE,DOCENTE_CONTRATADO_SERVICIOS_CIVILES,False
1043,3,VICERRECTORADO ACADÉMICO,Subrogación,OTROS_AA,True,Vicerrector,AUTORIDAD_ACADEMICA_SUPERIOR,,,2019-07-18,2019-07-20,2,False,False,False,False,DOCENTE,AUTORIDAD_ACADEMICA_SUPERIOR,True
1043,3,VICERRECTORADO ACADÉMICO,Subrogación,OTROS_AA,True,Vicerrector,AUTORIDAD_ACADEMICA_SUPERIOR,,,2020-02-21,2020-03-01,9,False,False,False,False,DOCENTE,AUTORIDAD_ACADEMICA_SUPERIOR,True
1043,3,VICERRECTORADO ACADÉMICO,Subrogación,OTROS_AA,True,Vicerrector,AUTORIDAD_ACADEMICA_SUPERIOR,,,2021-05-03,2021-05-05,2,False,False,False,False,DOCENTE,AUTORIDAD_ACADEMICA_SUPERIOR,True
1043,3,VICERRECTORADO ACADÉMICO,Subrogación,OTROS_AA,True,Vicerrector,AUTORIDAD_ACADEMICA_SUPERIOR,,,2021-09-04,2021-09-15,11,False,False,False,False,DOCENTE,AUTORIDAD_ACADEMICA_SUPERIOR,True
1043,3,VICERRECTORADO ACADÉMICO,Subrogación,OTROS_AA,True,Vicerrector,AUTORIDAD_ACADEMICA_SUPERIOR,,,2021-09-30,2021-10-01,1,False,False,False,False,DOCENTE,AUTORIDAD_ACADEMICA_SUPERIOR,True
1043,3,VICERRECTORADO ACADÉMICO,Subrogación,OTROS_AA,True,Vicerrector,AUTORIDAD_ACADEMICA_SUPERIOR,,,2021-11-15,2021-11-24,9,False,False,False,False,DOCENTE,AUTORIDAD_ACADEMICA_SUPERIOR,True
1043,3,VICERRECTORADO ACADÉMICO,Subrogación,OTROS_AA,True,Vicerrector,AUTORIDAD_ACADEMICA_SUPERIOR,,,2022-03-02,2022-03-08,6,False,False,False,False,DOCENTE,AUTORIDAD_ACADEMICA_SUPERIOR,True
1043,3,VICERRECTORADO ACADÉMICO,Subrogación,OTROS_AA,True,Vicerrector,AUTORIDAD_ACADEMICA_SUPERIOR,,,2022-04-08,2022-04-18,10,False,False,False,False,DOCENTE,AUTORIDAD_ACADEMICA_SUPERIOR,True
1043,3,VICERRECTORADO ACADÉMICO,Subrogación,OTROS_AA,True,Vicerrector,AUTORIDAD_ACADEMICA_SUPERIOR,,,2022-05-02,2022-05-03,1,False,False,False,False,DOCENTE,AUTORIDAD_ACADEMICA_SUPERIOR,True
1043,3,VICERRECTORADO ACADÉMICO,Subrogación,OTROS_AA,True,Vicerrector,AUTORIDAD_ACADEMICA_SUPERIOR,,,2022-06-26,2022-07-02,6,False,False,False,False,DOCENTE,AUTORIDAD_ACADEMICA_SUPERIOR,True
1043,2,RECTORADO,Subrogación,OTROS_AA,True,Rector,AUTORIDAD_ACADEMICA_SUPERIOR,,,2022-09-02,2022-09-09,7,False,False,False,False,DOCENTE,AUTORIDAD_ACADEMICA_SUPERIOR,True
1043,3,VICERRECTORADO ACADÉMICO,Subrogación,OTROS_AA,True,Vicerrector,AUTORIDAD_ACADEMICA_SUPERIOR,,,2022-09-12,2022-09-14,2,False,False,False,False,DOCENTE,AUTORIDAD_ACADEMICA_SUPERIOR,True
1043,3,VICERRECTORADO ACADÉMICO,Subrogación,OTROS_AA,True,Vicerrector,AUTORIDAD_ACADEMICA_SUPERIOR,,,2022-09-18,2022-09-24,6,False,False,False,False,DOCENTE,AUTORIDAD_ACADEMICA_SUPERIOR,True
1043,3,VICERRECTORADO ACADÉMICO,Subrogación,OTROS_AA,True,Vicerrector,AUTORIDAD_ACADEMICA_SUPERIOR,,,2022-09-26,2022-10-02,6,False,False,False,False,DOCENTE,AUTORIDAD_ACADEMICA_SUPERIOR,True
1043,3,VICERRECTORADO ACADÉMICO,Subrogación,OTROS_AA,True,Vicerrector,AUTORIDAD_ACADEMICA_SUPERIOR,,,2022-10-30,2022-11-06,7,False,False,False,False,DOCENTE,AUTORIDAD_ACADEMICA_SUPERIOR,True
1043,130,"VICERRECTORADO DE INVESTIGACIÓN, DESARROLLO E INNOVACIÓN",Vicerrector,AUTORIDAD_ACADEMICA_SUPERIOR,False,,,,,2022-11-13,2027-11-12,1825,False,False,False,False,DOCENTE,AUTORIDAD_ACADEMICA_SUPERIOR,True
1043,2,RECTORADO,Subrogación,OTROS_AA,True,Rector,AUTORIDAD_ACADEMICA_SUPERIOR,,,2023-03-05,2023-03-08,3,False,False,False,False,DOCENTE,AUTORIDAD_ACADEMICA_SUPERIOR,True
1043,2,RECTORADO,Subrogación,OTROS_AA,True,Rector,AUTORIDAD_ACADEMICA_SUPERIOR,,,2023-03-25,2023-03-29,4,False,False,False,False,DOCENTE,AUTORIDAD_ACADEMICA_SUPERIOR,True
1043,2,RECTORADO,Subrogación,OTROS_AA,True,Rector,AUTORIDAD_ACADEMICA_SUPERIOR,,,2023-04-17,2023-04-27,10,False,False,False,False,DOCENTE,AUTORIDAD_ACADEMICA_SUPERIOR,True
1043,2,RECTORADO,Subrogación,OTROS_AA,True,Rector,AUTORIDAD_ACADEMICA_SUPERIOR,,,2023-05-02,2023-05-13,11,False,False,False,False,DOCENTE,AUTORIDAD_ACADEMICA_SUPERIOR,True
1043,2,RECTORADO,Subrogación,OTROS_AA,True,Rector,AUTORIDAD_ACADEMICA_SUPERIOR,,,2023-05-28,2023-06-05,8,False,False,False,False,DOCENTE,AUTORIDAD_ACADEMICA_SUPERIOR,True
1043,2,RECTORADO,Subrogación,OTROS_AA,True,Rector,AUTORIDAD_ACADEMICA_SUPERIOR,,,2023-06-18,2023-06-24,6,False,False,False,False,DOCENTE,AUTORIDAD_ACADEMICA_SUPERIOR,True
1043,2,RECTORADO,Subrogación,OTROS_AA,True,Rector,AUTORIDAD_ACADEMICA_SUPERIOR,,,2023-09-11,2023-09-15,4,False,False,False,False,DOCENTE,AUTORIDAD_ACADEMICA_SUPERIOR,True
1043,2,RECTORADO,Subrogación,OTROS_AA,True,Rector,AUTORIDAD_ACADEMICA_SUPERIOR,,,2023-09-17,2023-09-20,3,False,False,False,False,DOCENTE,AUTORIDAD_ACADEMICA_SUPERIOR,True
1043,2,RECTORADO,Subrogación,OTROS_AA,True,Rector,AUTORIDAD_ACADEMICA_SUPERIOR,,,2023-09-24,2023-10-01,7,False,False,False,False,DOCENTE,AUTORIDAD_ACADEMICA_SUPERIOR,True
1043,2,RECTORADO,Subrogación,OTROS_AA,True,Rector,AUTORIDAD_ACADEMICA_SUPERIOR,,,2023-10-05,2023-10-05,0,False,False,False,False,DOCENTE,AUTORIDAD_ACADEMICA_SUPERIOR,True
1043,2,RECTORADO,Subrogación,OTROS_AA,True,Rector,AUTORIDAD_ACADEMICA_SUPERIOR,,,2024-02-26,2024-03-01,4,False,False,False,False,DOCENTE,AUTORIDAD_ACADEMICA_SUPERIOR,True
1043,2,RECTORADO,Subrogación,OTROS_AA,True,Rector,AUTORIDAD_ACADEMICA_SUPERIOR,,,2024-03-05,2024-03-10,5,False,False,False,False,DOCENTE,AUTORIDAD_ACADEMICA_SUPERIOR,True
1043,2,RECTORADO,Subrogación,OTROS_AA,True,Rector,AUTORIDAD_ACADEMICA_SUPERIOR,,,2024-04-28,2024-05-01,3,False,False,False,False,DOCENTE,AUTORIDAD_ACADEMICA_SUPERIOR,True
1043,2,RECTORADO,Subrogación,OTROS_AA,True,Rector,AUTORIDAD_ACADEMICA_SUPERIOR,,,2024-05-23,2024-05-24,1,False,False,False,False,DOCENTE,AUTORIDAD_ACADEMICA_SUPERIOR,True
1043,2,RECTORADO,Subrogación,OTROS_AA,True,Rector,AUTORIDAD_ACADEMICA_SUPERIOR,,,2024-07-11,2024-07-13,2,False,False,False,False,DOCENTE,AUTORIDAD_ACADEMICA_SUPERIOR,True
1043,2,RECTORADO,Subrogación,OTROS_AA,True,Rector,AUTORIDAD_ACADEMICA_SUPERIOR,,,2024-08-22,2024-08-31,9,False,False,False,False,DOCENTE,AUTORIDAD_ACADEMICA_SUPERIOR,True
1043,2,RECTORADO,Subrogación,OTROS_AA,True,Rector,AUTORIDAD_ACADEMICA_SUPERIOR,,,2024-09-25,2024-09-29,4,False,False,False,False,DOCENTE,AUTORIDAD_ACADEMICA_SUPERIOR,True
1043,2,RECTORADO,Subrogación,OTROS_AA,True,Rector,AUTORIDAD_ACADEMICA_SUPERIOR,,,2024-11-09,2024-11-13,4,False,False,False,False,DOCENTE,AUTORIDAD_ACADEMICA_SUPERIOR,True
1043,2,RECTORADO,Subrogación,OTROS_AA,True,Rector,AUTORIDAD_ACADEMICA_SUPERIOR,,,2025-01-19,2025-01-25,6,False,False,False,False,DOCENTE,AUTORIDAD_ACADEMICA_SUPERIOR,True
1043,2,RECTORADO,Subrogación,OTROS_AA,True,Rector,AUTORIDAD_ACADEMICA_SUPERIOR,,,2025-02-18,2025-02-27,9,False,False,False,False,DOCENTE,AUTORIDAD_ACADEMICA_SUPERIOR,True
1043,2,RECTORADO,Subrogación,OTROS_AA,True,Rector,AUTORIDAD_ACADEMICA_SUPERIOR,,,2025-04-08,2025-04-12,4,False,False,False,False,DOCENTE,AUTORIDAD_ACADEMICA_SUPERIOR,True
1043,2,RECTORADO,Subrogación,OTROS_AA,True,Rector,AUTORIDAD_ACADEMICA_SUPERIOR,,,2025-04-26,2025-05-01,5,False,False,False,False,DOCENTE,AUTORIDAD_ACADEMICA_SUPERIOR,True
1043,2,RECTORADO,Subrogación,OTROS_AA,True,Rector,AUTORIDAD_ACADEMICA_SUPERIOR,,,2025-05-15,2025-05-18,3,False,False,False,False,DOCENTE,AUTORIDAD_ACADEMICA_SUPERIOR,True
1043,2,RECTORADO,Subrogación,OTROS_AA,True,Rector,AUTORIDAD_ACADEMICA_SUPERIOR,,,2025-07-13,2025-07-18,5,False,False,False,False,DOCENTE,AUTORIDAD_ACADEMICA_SUPERIOR,True
1043,2,RECTORADO,Subrogación,OTROS_AA,True,Rector,AUTORIDAD_ACADEMICA_SUPERIOR,,,2025-09-12,2025-09-27,15,False,False,False,False,DOCENTE,AUTORIDAD_ACADEMICA_SUPERIOR,True
1043,2,RECTORADO,Subrogación,OTROS_AA,True,Rector,AUTORIDAD_ACADEMICA_SUPERIOR,,,2025-10-06,2025-10-08,2,False,False,False,False,DOCENTE,AUTORIDAD_ACADEMICA_SUPERIOR,True
1043,2,RECTORADO,Subrogación,OTROS_AA,True,Rector,AUTORIDAD_ACADEMICA_SUPERIOR,,,2025-11-23,2025-12-06,13,False,False,False,False,DOCENTE,AUTORIDAD_ACADEMICA_SUPERIOR,True
1043,2,RECTORADO,Subrogación,OTROS_AA,True,Rector,AUTORIDAD_ACADEMICA_SUPERIOR,,,2026-02-18,2026-03-03,13,False,False,False,False,DOCENTE,AUTORIDAD_ACADEMICA_SUPERIOR,True
1043,2,RECTORADO,Subrogación,OTROS_AA,True,Rector,AUTORIDAD_ACADEMICA_SUPERIOR,,,2026-03-14,2026-03-25,11,False,False,False,False,DOCENTE,AUTORIDAD_ACADEMICA_SUPERIOR,True
1043,2,RECTORADO,Subrogación,OTROS_AA,True,Rector,AUTORIDAD_ACADEMICA_SUPERIOR,,,2026-04-15,2026-05-02,17,False,False,False,False,DOCENTE,AUTORIDAD_ACADEMICA_SUPERIOR,True
1043,2,RECTORADO,Subrogación,OTROS_AA,True,Rector,AUTORIDAD_ACADEMICA_SUPERIOR,,,2026-06-21,2026-06-28,7,False,False,False,False,DOCENTE,AUTORIDAD_ACADEMICA_SUPERIOR,True
1045,86,FACULTAD DE INGENIERÍA MARÍTIMA Y CIENCIAS DEL MAR,Coordinador de carrera,JEFATURA_SUPERVISION_OPERATIVA,False,,,GRADO,Ingeniería Naval,2013-09-30,2016-04-20,933,False,False,False,False,DOCENTE,DOCENTE_TITULAR_CARRERA,False
1045,11,"FACULTAD DE INGENIERIA MARÍTIMA, CIENCIAS BIOLÓGICAS, OCEÁNICAS Y RECURSOS NATURALES",Subdecano,AUTORIDAD_ACADEMICA_SUPERIOR,False,,,,,2016-03-03,2017-11-12,619,False,False,False,False,DOCENTE,AUTORIDAD_ACADEMICA_SUPERIOR,True
1045,11,"FACULTAD DE INGENIERIA MARÍTIMA, CIENCIAS BIOLÓGICAS, OCEÁNICAS Y RECURSOS NATURALES",Subdecano,AUTORIDAD_ACADEMICA_SUPERIOR,False,,,,,2017-11-13,2019-01-23,436,False,False,False,False,DOCENTE,AUTORIDAD_ACADEMICA_SUPERIOR,True
1045,86,FACULTAD DE INGENIERÍA MARÍTIMA Y CIENCIAS DEL MAR,Subdecano,AUTORIDAD_ACADEMICA_SUPERIOR,False,,,,,2019-01-24,2021-02-21,759,False,False,False,False,DOCENTE,DOCENTE_TITULAR_CARRERA,False
1045,86,FACULTAD DE INGENIERÍA MARÍTIMA Y CIENCIAS DEL MAR,Subrogación,OTROS_AA,True,Decano,AUTORIDAD_ACADEMICA_SUPERIOR,,,2020-01-23,2020-01-28,5,False,False,False,False,DOCENTE,DOCENTE_TITULAR_CARRERA,False
1045,86,FACULTAD DE INGENIERÍA MARÍTIMA Y CIENCIAS DEL MAR,Subrogación,OTROS_AA,True,Decano,AUTORIDAD_ACADEMICA_SUPERIOR,,,2020-01-23,2020-02-01,9,False,False,False,False,DOCENTE,DOCENTE_TITULAR_CARRERA,False
1045,86,FACULTAD DE INGENIERÍA MARÍTIMA Y CIENCIAS DEL MAR,Subrogación,OTROS_AA,True,Decano,AUTORIDAD_ACADEMICA_SUPERIOR,,,2020-02-17,2020-03-18,30,False,False,False,False,DOCENTE,AUTORIDAD_ACADEMICA_SUPERIOR,True
1045,86,FACULTAD DE INGENIERÍA MARÍTIMA Y CIENCIAS DEL MAR,Subrogación,OTROS_AA,True,Decano,AUTORIDAD_ACADEMICA_SUPERIOR,,,2020-09-01,2020-09-15,14,False,False,False,False,DOCENTE,DOCENTE_TITULAR_CARRERA,False
1045,86,FACULTAD DE INGENIERÍA MARÍTIMA Y CIENCIAS DEL MAR,Decano,AUTORIDAD_ACADEMICA_SUPERIOR,False,,,,,2021-02-22,2022-11-12,628,False,False,False,False,DOCENTE,DOCENTE_TITULAR_CARRERA,False
1045,86,FACULTAD DE INGENIERÍA MARÍTIMA Y CIENCIAS DEL MAR,Decano,AUTORIDAD_ACADEMICA_SUPERIOR,False,,,,,2022-11-13,,1402,False,False,False,False,DOCENTE,AUTORIDAD_ACADEMICA_SUPERIOR,True
1045,138,DECANATO DE GRADO,Subrogación,OTROS_AA,True,Decano de grado,AUTORIDAD_ACADEMICA_SUPERIOR,,,2023-10-05,2023-10-05,0,False,False,False,False,DOCENTE,AUTORIDAD_ACADEMICA_SUPERIOR,True
1045,138,DECANATO DE GRADO,Subrogación,OTROS_AA,True,Decano de grado,AUTORIDAD_ACADEMICA_SUPERIOR,,,2023-10-06,2023-10-06,0,False,False,False,False,DOCENTE,AUTORIDAD_ACADEMICA_SUPERIOR,True
1058,22,FACULTAD DE INGENIERÍA MECÁNICA Y CIENCIAS DE LA PRODUCCIÓN,Subdecano,AUTORIDAD_ACADEMICA_SUPERIOR,False,,,,,2012-11-13,2015-12-31,1143,False,False,False,False,DOCENTE,AUTORIDAD_ACADEMICA_SUPERIOR,True
1058,22,FACULTAD DE INGENIERÍA MECÁNICA Y CIENCIAS DE LA PRODUCCIÓN,Miembro del consejo politécnico,OTROS_AA,False,,,,,2016-08-22,2019-08-21,1094,False,False,False,False,DOCENTE,DOCENTE_TITULAR_CARRERA,False
1058,22,FACULTAD DE INGENIERÍA MECÁNICA Y CIENCIAS DE LA PRODUCCIÓN,Coordinador de acreditación internacional,JEFATURA_SUPERVISION_OPERATIVA,False,,,GRADO,Alimentos,2017-09-07,2027-11-01,3707,False,False,False,False,DOCENTE,DOCENTE_TITULAR_CARRERA,False
1058,22,FACULTAD DE INGENIERÍA MECÁNICA Y CIENCIAS DE LA PRODUCCIÓN,Miembro del consejo politécnico,OTROS_AA,False,,,,,2019-08-22,2022-08-21,1095,False,False,False,False,DOCENTE,DOCENTE_TITULAR_CARRERA,False
1058,22,FACULTAD DE INGENIERÍA MECÁNICA Y CIENCIAS DE LA PRODUCCIÓN,Miembro del consejo directivo,OTROS_AA,False,,,,,2022-12-10,2025-12-09,1095,False,False,False,False,DOCENTE,DOCENTE_TITULAR_CARRERA,False
1061,129,DIRECCIÓN DE INGENIERÍA EN SISTEMAS,Subrogación,OTROS_AA,True,Director,AUTORIDAD_ADMINISTRATIVA_SUPERIOR,,,2022-11-07,2022-11-11,4,False,False,False,False,ADMINISTRATIVO,PROFESIONAL_ANALISTA,False
1063,12,FACULTAD DE CIENCIAS NATURALES Y MATEMÁTICAS,Coordinador de vinculación con la sociedad,JEFATURA_SUPERVISION_OPERATIVA,False,,,GRADO,Logistica y Transporte,2017-04-06,2019-03-01,694,False,False,False,False,DOCENTE,DOCENTE_TITULAR_CARRERA,False
1063,12,FACULTAD DE CIENCIAS NATURALES Y MATEMÁTICAS,Subdecano,AUTORIDAD_ACADEMICA_SUPERIOR,False,,,,,2019-09-01,2021-02-21,539,False,False,False,False,DOCENTE,AUTORIDAD_ACADEMICA_SUPERIOR,True
1063,12,FACULTAD DE CIENCIAS NATURALES Y MATEMÁTICAS,Subrogación,OTROS_AA,True,Decano,AUTORIDAD_ACADEMICA_SUPERIOR,,,2019-09-16,2019-09-20,4,False,False,False,False,DOCENTE,AUTORIDAD_ACADEMICA_SUPERIOR,True
1063,12,FACULTAD DE CIENCIAS NATURALES Y MATEMÁTICAS,Subrogación,OTROS_AA,True,Decano,AUTORIDAD_ACADEMICA_SUPERIOR,,,2019-10-07,2019-10-11,4,False,False,False,False,DOCENTE,AUTORIDAD_ACADEMICA_SUPERIOR,True
1063,12,FACULTAD DE CIENCIAS NATURALES Y MATEMÁTICAS,Subrogación,OTROS_AA,True,Decano,AUTORIDAD_ACADEMICA_SUPERIOR,,,2019-12-05,2019-12-12,7,False,False,False,False,DOCENTE,AUTORIDAD_ACADEMICA_SUPERIOR,True
1063,12,FACULTAD DE CIENCIAS NATURALES Y MATEMÁTICAS,Subrogación,OTROS_AA,True,Decano,AUTORIDAD_ACADEMICA_SUPERIOR,,,2020-02-17,2020-02-21,4,False,False,False,False,DOCENTE,AUTORIDAD_ACADEMICA_SUPERIOR,True
1063,12,FACULTAD DE CIENCIAS NATURALES Y MATEMÁTICAS,Subrogación,OTROS_AA,True,Decano,AUTORIDAD_ACADEMICA_SUPERIOR,,,2020-03-09,2020-04-03,25,False,False,False,False,DOCENTE,AUTORIDAD_ACADEMICA_SUPERIOR,True
1063,12,FACULTAD DE CIENCIAS NATURALES Y MATEMÁTICAS,Decano,AUTORIDAD_ACADEMICA_SUPERIOR,False,,,,,2021-02-22,2022-10-02,587,False,False,False,False,DOCENTE,AUTORIDAD_ACADEMICA_SUPERIOR,True
1063,12,FACULTAD DE CIENCIAS NATURALES Y MATEMÁTICAS,Coordinador de acreditación internacional,JEFATURA_SUPERVISION_OPERATIVA,False,,,GRADO,Logistica y Transporte,2023-11-21,2023-11-23,2,False,False,False,False,ADMINISTRATIVO,CONTRATO_SERVICIOS_PROFESIONALES_PROYECTO,False
1063,12,FACULTAD DE CIENCIAS NATURALES Y MATEMÁTICAS,Coordinador de acreditación internacional,JEFATURA_SUPERVISION_OPERATIVA,False,,,GRADO,Logistica y Transporte,2024-02-19,2023-11-23,0,False,True,False,False,DOCENTE,DOCENTE_TITULAR_CARRERA,False
1063,12,FACULTAD DE CIENCIAS NATURALES Y MATEMÁTICAS,Coordinador de acreditación internacional,JEFATURA_SUPERVISION_OPERATIVA,False,,,GRADO,Logistica y Transporte,2024-02-19,2025-11-04,624,False,False,False,False,DOCENTE,DOCENTE_TITULAR_CARRERA,False
1063,12,FACULTAD DE CIENCIAS NATURALES Y MATEMÁTICAS,Coordinador de acreditación internacional,JEFATURA_SUPERVISION_OPERATIVA,False,,,GRADO,Logistica y Transporte,2025-11-05,,314,False,False,False,False,DOCENTE,DOCENTE_TITULAR_CARRERA,False
1075,25,FACULTAD DE INGENIERÍA EN CIENCIAS DE LA TIERRA,Subdecano,AUTORIDAD_ACADEMICA_SUPERIOR,False,,,,,2016-01-15,2017-08-13,576,False,False,False,False,DOCENTE,DOCENTE_TITULAR_CARRERA,False
1075,77,CENTRO DE INVESTIGACIÓN Y PROYECTOS APLICADOS A LAS CIENCIAS DE LA TIERRA,Director,AUTORIDAD_ADMINISTRATIVA_SUPERIOR,False,,,,,2023-06-18,2023-06-24,6,False,False,False,False,DOCENTE,DOCENTE_TITULAR_CARRERA,False
1075,77,CENTRO DE INVESTIGACIÓN Y PROYECTOS APLICADOS A LAS CIENCIAS DE LA TIERRA,Director departamento,AUTORIDAD_ADMINISTRATIVA_SUPERIOR,False,,,,,2023-07-04,2023-07-14,10,False,False,False,False,DOCENTE,DOCENTE_TITULAR_CARRERA,False
1075,77,CENTRO DE INVESTIGACIÓN Y PROYECTOS APLICADOS A LAS CIENCIAS DE LA TIERRA,Director,AUTORIDAD_ADMINISTRATIVA_SUPERIOR,False,,,,,2024-01-02,2024-01-19,17,False,False,False,False,DOCENTE,DOCENTE_TITULAR_CARRERA,False
1075,77,CENTRO DE INVESTIGACIÓN Y PROYECTOS APLICADOS A LAS CIENCIAS DE LA TIERRA,Director,AUTORIDAD_ADMINISTRATIVA_SUPERIOR,False,,,,,2024-07-13,2024-07-22,9,False,False,False,False,DOCENTE,DOCENTE_TITULAR_CARRERA,False
1075,77,CENTRO DE INVESTIGACIÓN Y PROYECTOS APLICADOS A LAS CIENCIAS DE LA TIERRA,Director departamento,AUTORIDAD_ADMINISTRATIVA_SUPERIOR,False,,,,,2024-10-04,2024-10-27,23,False,False,False,False,DOCENTE,DOCENTE_TITULAR_CARRERA,False
1075,77,CENTRO DE INVESTIGACIÓN Y PROYECTOS APLICADOS A LAS CIENCIAS DE LA TIERRA,Director,AUTORIDAD_ADMINISTRATIVA_SUPERIOR,False,,,,,2024-11-09,2024-11-13,4,False,False,False,False,DOCENTE,DOCENTE_TITULAR_CARRERA,False
1075,77,CENTRO DE INVESTIGACIÓN Y PROYECTOS APLICADOS A LAS CIENCIAS DE LA TIERRA,Director,AUTORIDAD_ADMINISTRATIVA_SUPERIOR,False,,,,,2025-02-18,2025-02-27,9,False,False,False,False,DOCENTE,DOCENTE_TITULAR_CARRERA,False
1075,77,CENTRO DE INVESTIGACIÓN Y PROYECTOS APLICADOS A LAS CIENCIAS DE LA TIERRA,Director,AUTORIDAD_ADMINISTRATIVA_SUPERIOR,False,,,,,2025-03-05,2025-03-18,13,False,False,False,False,DOCENTE,DOCENTE_TITULAR_CARRERA,False
1075,77,CENTRO DE INVESTIGACIÓN Y PROYECTOS APLICADOS A LAS CIENCIAS DE LA TIERRA,Director,AUTORIDAD_ADMINISTRATIVA_SUPERIOR,False,,,,,2025-06-13,2025-07-02,19,False,False,False,False,DOCENTE,DOCENTE_TITULAR_CARRERA,False
1075,77,CENTRO DE INVESTIGACIÓN Y PROYECTOS APLICADOS A LAS CIENCIAS DE LA TIERRA,Director,AUTORIDAD_ADMINISTRATIVA_SUPERIOR,False,,,,,2025-07-03,2025-07-03,0,False,False,False,False,DOCENTE,DOCENTE_TITULAR_CARRERA,False
1075,77,CENTRO DE INVESTIGACIÓN Y PROYECTOS APLICADOS A LAS CIENCIAS DE LA TIERRA,Director,AUTORIDAD_ADMINISTRATIVA_SUPERIOR,False,,,,,2025-07-15,2025-07-26,11,False,False,False,False,DOCENTE,DOCENTE_TITULAR_CARRERA,False
1075,77,CENTRO DE INVESTIGACIÓN Y PROYECTOS APLICADOS A LAS CIENCIAS DE LA TIERRA,Director,AUTORIDAD_ADMINISTRATIVA_SUPERIOR,False,,,,,2025-08-17,2025-08-23,6,False,False,False,False,DOCENTE,DOCENTE_TITULAR_CARRERA,False
1075,77,CENTRO DE INVESTIGACIÓN Y PROYECTOS APLICADOS A LAS CIENCIAS DE LA TIERRA,Director,AUTORIDAD_ADMINISTRATIVA_SUPERIOR,False,,,,,2025-09-01,2025-10-25,54,False,False,False,False,DOCENTE,DOCENTE_TITULAR_CARRERA,False
1075,77,CENTRO DE INVESTIGACIÓN Y PROYECTOS APLICADOS A LAS CIENCIAS DE LA TIERRA,Director,AUTORIDAD_ADMINISTRATIVA_SUPERIOR,False,,,,,2025-11-06,2025-11-05,0,False,True,False,False,DOCENTE,DOCENTE_TITULAR_CARRERA,False
1075,77,CENTRO DE INVESTIGACIÓN Y PROYECTOS APLICADOS A LAS CIENCIAS DE LA TIERRA,Director,AUTORIDAD_ADMINISTRATIVA_SUPERIOR,False,,,,,2025-11-06,2026-02-22,108,False,False,False,False,DOCENTE,DOCENTE_TITULAR_CARRERA,False
1075,77,CENTRO DE INVESTIGACIÓN Y PROYECTOS APLICADOS A LAS CIENCIAS DE LA TIERRA,Director,AUTORIDAD_ADMINISTRATIVA_SUPERIOR,False,,,,,2026-03-28,2026-04-11,14,False,False,False,False,DOCENTE,DOCENTE_TITULAR_CARRERA,False
1075,77,CENTRO DE INVESTIGACIÓN Y PROYECTOS APLICADOS A LAS CIENCIAS DE LA TIERRA,Director,AUTORIDAD_ADMINISTRATIVA_SUPERIOR,False,,,,,2026-03-28,2026-06-06,70,False,False,False,False,DOCENTE,DOCENTE_TITULAR_CARRERA,False
1075,78,"CENTRO DE INVESTIGACIÓN, DESARROLLO E INNOVACIÓN DE SISTEMAS COMPUTACIONALES",Director,AUTORIDAD_ADMINISTRATIVA_SUPERIOR,False,,,,,2026-06-13,2026-06-05,0,False,True,False,False,DOCENTE,DOCENTE_TITULAR_CARRERA,False
1075,77,CENTRO DE INVESTIGACIÓN Y PROYECTOS APLICADOS A LAS CIENCIAS DE LA TIERRA,Director,AUTORIDAD_ADMINISTRATIVA_SUPERIOR,False,,,,,2026-06-13,2026-07-11,28,False,False,False,False,DOCENTE,DOCENTE_TITULAR_CARRERA,False
1075,77,CENTRO DE INVESTIGACIÓN Y PROYECTOS APLICADOS A LAS CIENCIAS DE LA TIERRA,Director,AUTORIDAD_ADMINISTRATIVA_SUPERIOR,False,,,,,2026-07-18,,59,False,False,False,False,DOCENTE,DOCENTE_TITULAR_CARRERA,False
1086,88,"FACULTAD DE ARTE, DISEÑO Y COMUNICACIÓN AUDIOVISUAL",Coordinador de prácticas empresariales,JEFATURA_SUPERVISION_OPERATIVA,False,,,GRADO,Producción para Medios de Comunicación,2020-03-12,2021-02-19,344,False,False,False,False,DOCENTE,DOCENTE_TITULAR_CARRERA,False
1086,88,"FACULTAD DE ARTE, DISEÑO Y COMUNICACIÓN AUDIOVISUAL",Coordinador de prácticas empresariales,JEFATURA_SUPERVISION_OPERATIVA,False,,,GRADO,Producción para Medios de Comunicación,2021-03-15,2022-02-18,340,False,False,False,False,DOCENTE,DOCENTE_TITULAR_CARRERA,False
1086,88,"FACULTAD DE ARTE, DISEÑO Y COMUNICACIÓN AUDIOVISUAL",Coordinador de programa de postgrado,JEFATURA_SUPERVISION_OPERATIVA,False,,,POSGRADO,Maestría en Diseño y Gestión de Marcas,2024-01-04,2024-11-22,323,False,False,False,False,DOCENTE,DOCENTE_TITULAR_CARRERA,False
1086,88,"FACULTAD DE ARTE, DISEÑO Y COMUNICACIÓN AUDIOVISUAL",Coordinador de vinculación con la sociedad,JEFATURA_SUPERVISION_OPERATIVA,False,,,GRADO,Diseño Gráfico,2024-02-19,2024-01-18,0,False,True,False,False,DOCENTE,DOCENTE_TITULAR_CARRERA,False
1086,88,"FACULTAD DE ARTE, DISEÑO Y COMUNICACIÓN AUDIOVISUAL",Coordinador de vinculación con la sociedad,JEFATURA_SUPERVISION_OPERATIVA,False,,,GRADO,Diseño Gráfico,2024-03-01,2025-02-14,350,False,False,False,False,DOCENTE,DOCENTE_TITULAR_CARRERA,False
1086,88,"FACULTAD DE ARTE, DISEÑO Y COMUNICACIÓN AUDIOVISUAL",Coordinador de programa de postgrado,JEFATURA_SUPERVISION_OPERATIVA,False,,,POSGRADO,Maestría en Comunicación de Marca Transmedia,2024-03-20,2024-11-10,235,False,False,False,False,DOCENTE,DOCENTE_TITULAR_CARRERA,False
1086,88,"FACULTAD DE ARTE, DISEÑO Y COMUNICACIÓN AUDIOVISUAL",Coordinador de vinculación con la sociedad,JEFATURA_SUPERVISION_OPERATIVA,False,,,GRADO,Diseño Gráfico,2025-02-17,2025-02-21,4,False,False,False,False,DOCENTE,DOCENTE_TITULAR_CARRERA,False
1086,88,"FACULTAD DE ARTE, DISEÑO Y COMUNICACIÓN AUDIOVISUAL",Coordinador de vinculación con la sociedad,JEFATURA_SUPERVISION_OPERATIVA,False,,,GRADO,Diseño Gráfico,2025-03-10,2026-02-13,340,False,False,False,False,DOCENTE,DOCENTE_TITULAR_CARRERA,False
1086,88,"FACULTAD DE ARTE, DISEÑO Y COMUNICACIÓN AUDIOVISUAL",Coordinador de vinculación con la sociedad,JEFATURA_SUPERVISION_OPERATIVA,False,,,GRADO,Diseño Gráfico,2025-05-05,2024-11-26,0,False,True,False,False,DOCENTE,DOCENTE_TITULAR_CARRERA,False
1086,88,"FACULTAD DE ARTE, DISEÑO Y COMUNICACIÓN AUDIOVISUAL",Coordinador de vinculación con la sociedad,JEFATURA_SUPERVISION_OPERATIVA,False,,,GRADO,Diseño Gráfico,2026-02-14,2027-02-12,363,False,False,False,False,DOCENTE,DOCENTE_TITULAR_CARRERA,False
1097,17,FACULTAD DE CIENCIAS SOCIALES Y HUMANÍSTICAS,Miembro del consejo politécnico,OTROS_AA,False,,,,,2016-08-22,2019-04-10,961,False,False,False,False,DOCENTE,AUTORIDAD_ACADEMICA_SUPERIOR,False
1097,17,FACULTAD DE CIENCIAS SOCIALES Y HUMANÍSTICAS,Coordinador de carrera,JEFATURA_SUPERVISION_OPERATIVA,False,,,GRADO,Economía con Mención en Gestión Empresarial,2016-12-07,2017-01-08,32,False,False,False,False,DOCENTE,DOCENTE_TITULAR_CARRERA,False
1097,17,FACULTAD DE CIENCIAS SOCIALES Y HUMANÍSTICAS,Miembro del consejo directivo,OTROS_AA,False,,,,,2016-12-14,2019-12-13,1094,False,False,False,False,DOCENTE,AUTORIDAD_ACADEMICA_SUPERIOR,False
1097,17,FACULTAD DE CIENCIAS SOCIALES Y HUMANÍSTICAS,Coordinador de carrera,JEFATURA_SUPERVISION_OPERATIVA,False,,,GRADO,Economía,2017-01-09,2017-11-10,305,False,False,False,False,DOCENTE,DOCENTE_TITULAR_CARRERA,False
1097,17,FACULTAD DE CIENCIAS SOCIALES Y HUMANÍSTICAS,Subdecano,AUTORIDAD_ACADEMICA_SUPERIOR,False,,,,,2017-11-13,2019-03-31,503,False,False,False,False,DOCENTE,AUTORIDAD_ACADEMICA_SUPERIOR,True
1097,17,FACULTAD DE CIENCIAS SOCIALES Y HUMANÍSTICAS,Subrogación,OTROS_AA,True,Decano,AUTORIDAD_ACADEMICA_SUPERIOR,,,2018-11-19,2018-11-20,1,False,False,False,False,DOCENTE,DOCENTE_CONTRATADO_SERVICIOS_CIVILES,False
1097,17,FACULTAD DE CIENCIAS SOCIALES Y HUMANÍSTICAS,Decano,AUTORIDAD_ACADEMICA_SUPERIOR,False,,,,,2019-04-01,2022-11-12,1321,False,False,False,False,DOCENTE,AUTORIDAD_ACADEMICA_SUPERIOR,True
1097,17,FACULTAD DE CIENCIAS SOCIALES Y HUMANÍSTICAS,Decano,AUTORIDAD_ACADEMICA_SUPERIOR,False,,,,,2022-11-13,2025-10-31,1083,False,False,False,False,DOCENTE,AUTORIDAD_ACADEMICA_SUPERIOR,True
1098,16,FACULTAD DE INGENIERÍA EN ELECTRICIDAD Y COMPUTACIÓN,Coordinador de carrera,JEFATURA_SUPERVISION_OPERATIVA,False,,,GRADO,Electrónica y Automatización,2014-09-10,2016-09-04,725,False,False,False,False,DOCENTE,DOCENTE_TITULAR_CARRERA,False
1098,16,FACULTAD DE INGENIERÍA EN ELECTRICIDAD Y COMPUTACIÓN,Miembro del consejo directivo,OTROS_AA,False,,,,,2017-01-27,2020-01-26,1094,False,False,False,False,DOCENTE,DOCENTE_TITULAR_CARRERA,False
1098,16,FACULTAD DE INGENIERÍA EN ELECTRICIDAD Y COMPUTACIÓN,Coordinador de programa de postgrado,JEFATURA_SUPERVISION_OPERATIVA,False,,,POSGRADO,Maestría en Automatización y Control,2018-01-02,2019-12-31,728,False,False,False,False,DOCENTE,DOCENTE_TITULAR_CARRERA,False
1098,16,FACULTAD DE INGENIERÍA EN ELECTRICIDAD Y COMPUTACIÓN,Coordinador de acreditación internacional,JEFATURA_SUPERVISION_OPERATIVA,False,,,GRADO,Electrónica y Automatización,2018-09-24,2019-01-21,119,False,False,False,False,DOCENTE,DOCENTE_TITULAR_CARRERA,False
1098,16,FACULTAD DE INGENIERÍA EN ELECTRICIDAD Y COMPUTACIÓN,Subrogación,OTROS_AA,True,Subdecano,AUTORIDAD_ACADEMICA_SUPERIOR,,,2018-11-02,2018-11-11,9,False,False,False,False,DOCENTE,AUTORIDAD_ACADEMICA_SUPERIOR,True
1098,16,FACULTAD DE INGENIERÍA EN ELECTRICIDAD Y COMPUTACIÓN,Subrogación,OTROS_AA,True,Subdecano,AUTORIDAD_ACADEMICA_SUPERIOR,,,2018-12-26,2019-01-08,13,False,False,False,False,DOCENTE,DOCENTE_TITULAR_CARRERA,False
1098,16,FACULTAD DE INGENIERÍA EN ELECTRICIDAD Y COMPUTACIÓN,Coordinador de acreditación internacional,JEFATURA_SUPERVISION_OPERATIVA,False,,,GRADO,Electrónica y Automatización,2019-01-22,2022-09-25,1342,False,False,False,False,DOCENTE,DOCENTE_TITULAR_CARRERA,False
1098,16,FACULTAD DE INGENIERÍA EN ELECTRICIDAD Y COMPUTACIÓN,Subrogación,OTROS_AA,True,Subdecano,AUTORIDAD_ACADEMICA_SUPERIOR,,,2019-02-13,2019-02-18,5,False,False,False,False,DOCENTE,AUTORIDAD_ACADEMICA_SUPERIOR,True
1098,16,FACULTAD DE INGENIERÍA EN ELECTRICIDAD Y COMPUTACIÓN,Subrogación,OTROS_AA,True,Subdecano,AUTORIDAD_ACADEMICA_SUPERIOR,,,2019-03-11,2019-03-22,11,False,False,False,False,DOCENTE,DOCENTE_TITULAR_CARRERA,False
1098,16,FACULTAD DE INGENIERÍA EN ELECTRICIDAD Y COMPUTACIÓN,Subrogación,OTROS_AA,True,Decano,AUTORIDAD_ACADEMICA_SUPERIOR,,,2019-04-02,2019-04-05,3,False,False,False,False,DOCENTE,AUTORIDAD_ACADEMICA_SUPERIOR,True
1098,16,FACULTAD DE INGENIERÍA EN ELECTRICIDAD Y COMPUTACIÓN,Subrogación,OTROS_AA,True,Subdecano,AUTORIDAD_ACADEMICA_SUPERIOR,,,2019-04-29,2019-05-02,3,False,False,False,False,DOCENTE,DOCENTE_TITULAR_CARRERA,False
1098,16,FACULTAD DE INGENIERÍA EN ELECTRICIDAD Y COMPUTACIÓN,Subrogación,OTROS_AA,True,Subdecano,AUTORIDAD_ACADEMICA_SUPERIOR,,,2019-09-17,2019-09-22,5,False,False,False,False,DOCENTE,DOCENTE_TITULAR_CARRERA,False
1098,16,FACULTAD DE INGENIERÍA EN ELECTRICIDAD Y COMPUTACIÓN,Subrogación,OTROS_AA,True,Subdecano,AUTORIDAD_ACADEMICA_SUPERIOR,,,2019-09-23,2019-10-04,11,False,False,False,False,DOCENTE,DOCENTE_TITULAR_CARRERA,False
1098,16,FACULTAD DE INGENIERÍA EN ELECTRICIDAD Y COMPUTACIÓN,Subrogación,OTROS_AA,True,Subdecano,AUTORIDAD_ACADEMICA_SUPERIOR,,,2019-10-05,2019-10-12,7,False,False,False,False,DOCENTE,DOCENTE_TITULAR_CARRERA,False
1098,16,FACULTAD DE INGENIERÍA EN ELECTRICIDAD Y COMPUTACIÓN,Coordinador de programa de postgrado,JEFATURA_SUPERVISION_OPERATIVA,False,,,POSGRADO,Maestría en Automatización y Control,2021-02-22,2024-07-31,1255,False,False,False,False,DOCENTE,DOCENTE_TITULAR_CARRERA,False
1098,16,FACULTAD DE INGENIERÍA EN ELECTRICIDAD Y COMPUTACIÓN,Miembro del consejo directivo,OTROS_AA,False,,,,,2023-02-02,2023-11-30,301,False,False,False,False,DOCENTE,DOCENTE_TITULAR_CARRERA,False
1098,16,FACULTAD DE INGENIERÍA EN ELECTRICIDAD Y COMPUTACIÓN,Subrogación,OTROS_AA,True,Subdecano,AUTORIDAD_ACADEMICA_SUPERIOR,,,2023-02-22,2023-02-22,0,False,False,False,False,DOCENTE,DOCENTE_TITULAR_CARRERA,False
1098,16,FACULTAD DE INGENIERÍA EN ELECTRICIDAD Y COMPUTACIÓN,Subrogación,OTROS_AA,True,Subdecano,AUTORIDAD_ACADEMICA_SUPERIOR,,,2023-02-24,2023-02-28,4,False,False,False,False,DOCENTE,AUTORIDAD_ACADEMICA_SUPERIOR,True
1098,16,FACULTAD DE INGENIERÍA EN ELECTRICIDAD Y COMPUTACIÓN,Subrogación,OTROS_AA,True,Subdecano,AUTORIDAD_ACADEMICA_SUPERIOR,,,2023-03-20,2023-03-28,8,False,False,False,False,DOCENTE,AUTORIDAD_ACADEMICA_SUPERIOR,True
1098,16,FACULTAD DE INGENIERÍA EN ELECTRICIDAD Y COMPUTACIÓN,Subrogación,OTROS_AA,True,Subdecano,AUTORIDAD_ACADEMICA_SUPERIOR,,,2023-04-06,2023-04-06,0,False,False,False,False,DOCENTE,AUTORIDAD_ACADEMICA_SUPERIOR,True
1098,16,FACULTAD DE INGENIERÍA EN ELECTRICIDAD Y COMPUTACIÓN,Subrogación,OTROS_AA,True,Subdecano,AUTORIDAD_ACADEMICA_SUPERIOR,,,2023-05-22,2023-05-27,5,False,False,False,False,DOCENTE,DOCENTE_TITULAR_CARRERA,False
1098,16,FACULTAD DE INGENIERÍA EN ELECTRICIDAD Y COMPUTACIÓN,Subrogación,OTROS_AA,True,Subdecano,AUTORIDAD_ACADEMICA_SUPERIOR,,,2023-06-06,2023-06-08,2,False,False,False,False,DOCENTE,DOCENTE_TITULAR_CARRERA,False
1098,16,FACULTAD DE INGENIERÍA EN ELECTRICIDAD Y COMPUTACIÓN,Subrogación,OTROS_AA,True,Subdecano,AUTORIDAD_ACADEMICA_SUPERIOR,,,2023-08-21,2023-08-24,3,False,False,False,False,DOCENTE,AUTORIDAD_ACADEMICA_SUPERIOR,True
1098,16,FACULTAD DE INGENIERÍA EN ELECTRICIDAD Y COMPUTACIÓN,Subrogación,OTROS_AA,True,Subdecano,AUTORIDAD_ACADEMICA_SUPERIOR,,,2023-10-20,2023-10-29,9,False,False,False,False,DOCENTE,DOCENTE_TITULAR_CARRERA,False
1098,16,FACULTAD DE INGENIERÍA EN ELECTRICIDAD Y COMPUTACIÓN,Subrogación,OTROS_AA,True,Subdecano,AUTORIDAD_ACADEMICA_SUPERIOR,,,2023-11-06,2023-12-01,25,False,False,False,False,DOCENTE,DOCENTE_TITULAR_CARRERA,False
1098,16,FACULTAD DE INGENIERÍA EN ELECTRICIDAD Y COMPUTACIÓN,Miembro del consejo directivo,OTROS_AA,False,,,,,2023-12-01,2026-11-30,1095,False,False,False,False,DOCENTE,DOCENTE_TITULAR_CARRERA,False
1098,16,FACULTAD DE INGENIERÍA EN ELECTRICIDAD Y COMPUTACIÓN,Subrogación,OTROS_AA,True,Subdecano,AUTORIDAD_ACADEMICA_SUPERIOR,,,2023-12-02,2024-02-07,67,False,False,False,False,DOCENTE,DOCENTE_TITULAR_CARRERA,False
1098,16,FACULTAD DE INGENIERÍA EN ELECTRICIDAD Y COMPUTACIÓN,Subrogación,OTROS_AA,True,Subdecano,AUTORIDAD_ACADEMICA_SUPERIOR,,,2024-02-08,2024-02-13,5,False,False,False,False,DOCENTE,DOCENTE_TITULAR_CARRERA,False
1098,16,FACULTAD DE INGENIERÍA EN ELECTRICIDAD Y COMPUTACIÓN,Subrogación,OTROS_AA,True,Subdecano,AUTORIDAD_ACADEMICA_SUPERIOR,,,2024-04-16,2024-04-21,5,False,False,False,False,DOCENTE,DOCENTE_TITULAR_CARRERA,False
1098,16,FACULTAD DE INGENIERÍA EN ELECTRICIDAD Y COMPUTACIÓN,Subrogación,OTROS_AA,True,Subdecano,AUTORIDAD_ACADEMICA_SUPERIOR,,,2024-05-10,2024-05-10,0,False,False,False,False,DOCENTE,DOCENTE_TITULAR_CARRERA,False
1098,16,FACULTAD DE INGENIERÍA EN ELECTRICIDAD Y COMPUTACIÓN,Subrogación,OTROS_AA,True,Subdecano,AUTORIDAD_ACADEMICA_SUPERIOR,,,2024-05-23,2024-05-23,0,False,False,False,False,DOCENTE,DOCENTE_TITULAR_CARRERA,False
1098,16,FACULTAD DE INGENIERÍA EN ELECTRICIDAD Y COMPUTACIÓN,Subrogación,OTROS_AA,True,Subdecano,AUTORIDAD_ACADEMICA_SUPERIOR,,,2024-06-09,2024-06-15,6,False,False,False,False,DOCENTE,DOCENTE_TITULAR_CARRERA,False
1098,16,FACULTAD DE INGENIERÍA EN ELECTRICIDAD Y COMPUTACIÓN,Subrogación,OTROS_AA,True,Decano,AUTORIDAD_ACADEMICA_SUPERIOR,,,2024-07-01,2024-07-05,4,False,False,False,False,DOCENTE,DOCENTE_TITULAR_CARRERA,False
1098,16,FACULTAD DE INGENIERÍA EN ELECTRICIDAD Y COMPUTACIÓN,Subrogación,OTROS_AA,True,Subdecano,AUTORIDAD_ACADEMICA_SUPERIOR,,,2024-07-01,2024-07-05,4,False,False,True,False,DOCENTE,DOCENTE_TITULAR_CARRERA,False
1098,16,FACULTAD DE INGENIERÍA EN ELECTRICIDAD Y COMPUTACIÓN,Subrogación,OTROS_AA,True,Subdecano,AUTORIDAD_ACADEMICA_SUPERIOR,,,2024-07-06,2024-07-12,6,False,False,False,False,DOCENTE,DOCENTE_TITULAR_CARRERA,False
1098,16,FACULTAD DE INGENIERÍA EN ELECTRICIDAD Y COMPUTACIÓN,Subdecano,AUTORIDAD_ACADEMICA_SUPERIOR,False,,,,,2024-07-29,2025-03-31,245,False,False,False,False,DOCENTE,AUTORIDAD_ACADEMICA_SUPERIOR,True
1098,16,FACULTAD DE INGENIERÍA EN ELECTRICIDAD Y COMPUTACIÓN,Subrogación,OTROS_AA,True,Decano,AUTORIDAD_ACADEMICA_SUPERIOR,,,2024-07-31,2024-08-02,2,False,False,False,False,DOCENTE,AUTORIDAD_ACADEMICA_SUPERIOR,True
1098,16,FACULTAD DE INGENIERÍA EN ELECTRICIDAD Y COMPUTACIÓN,Subrogación,OTROS_AA,True,Decano,AUTORIDAD_ACADEMICA_SUPERIOR,,,2025-02-17,2025-02-25,8,False,False,False,False,DOCENTE,AUTORIDAD_ACADEMICA_SUPERIOR,True
1098,16,FACULTAD DE INGENIERÍA EN ELECTRICIDAD Y COMPUTACIÓN,Subrogación,OTROS_AA,True,Decano,AUTORIDAD_ACADEMICA_SUPERIOR,,,2025-03-06,2025-03-10,4,False,False,False,False,DOCENTE,AUTORIDAD_ACADEMICA_SUPERIOR,True
1098,16,FACULTAD DE INGENIERÍA EN ELECTRICIDAD Y COMPUTACIÓN,Coordinador de programa de postgrado,JEFATURA_SUPERVISION_OPERATIVA,False,,,POSGRADO,Maestría en Automatización y Control,2025-04-01,,532,False,False,False,False,DOCENTE,DOCENTE_TITULAR_CARRERA,False
1098,16,FACULTAD DE INGENIERÍA EN ELECTRICIDAD Y COMPUTACIÓN,Subrogación,OTROS_AA,True,Subdecano,AUTORIDAD_ACADEMICA_SUPERIOR,,,2025-04-20,2025-04-26,6,False,False,False,False,DOCENTE,AUTORIDAD_ACADEMICA_SUPERIOR,True
1098,16,FACULTAD DE INGENIERÍA EN ELECTRICIDAD Y COMPUTACIÓN,Subrogación,OTROS_AA,True,Subdecano,AUTORIDAD_ACADEMICA_SUPERIOR,,,2025-07-01,2025-07-02,1,False,False,False,False,DOCENTE,DOCENTE_TITULAR_CARRERA,False
1098,16,FACULTAD DE INGENIERÍA EN ELECTRICIDAD Y COMPUTACIÓN,Subrogación,OTROS_AA,True,Subdecano,AUTORIDAD_ACADEMICA_SUPERIOR,,,2025-07-01,2025-07-02,1,False,False,True,False,DOCENTE,DOCENTE_TITULAR_CARRERA,False
1098,16,FACULTAD DE INGENIERÍA EN ELECTRICIDAD Y COMPUTACIÓN,Subrogación,OTROS_AA,True,Subdecano,AUTORIDAD_ACADEMICA_SUPERIOR,,,2025-09-22,2025-09-23,1,False,False,False,False,DOCENTE,DOCENTE_TITULAR_CARRERA,False
1098,38,CENTRO DE TECNOLOGÍAS DE LA INFORMACIÓN,Director,AUTORIDAD_ADMINISTRATIVA_SUPERIOR,False,,,,,2026-02-05,2026-02-05,0,False,False,False,False,DOCENTE,DOCENTE_TITULAR_CARRERA,False
1098,137,DECANATO DE POSGRADO,Subrogación,OTROS_AA,True,Decano,AUTORIDAD_ACADEMICA_SUPERIOR,,,2026-02-26,2026-02-28,2,False,False,False,False,DOCENTE,AUTORIDAD_ACADEMICA_SUPERIOR,True
1098,137,DECANATO DE POSGRADO,Subrogación,OTROS_AA,True,Decano,AUTORIDAD_ACADEMICA_SUPERIOR,,,2026-03-23,2026-03-27,4,False,False,False,False,DOCENTE,AUTORIDAD_ACADEMICA_SUPERIOR,True
1098,137,DECANATO DE POSGRADO,Subrogación,OTROS_AA,True,Decano,AUTORIDAD_ACADEMICA_SUPERIOR,,,2026-05-24,2026-05-30,6,False,False,False,False,DOCENTE,AUTORIDAD_ACADEMICA_SUPERIOR,True
1098,137,DECANATO DE POSGRADO,Subrogación,OTROS_AA,True,Decano,AUTORIDAD_ACADEMICA_SUPERIOR,,,2026-07-01,2026-07-03,2,False,False,False,False,DOCENTE,AUTORIDAD_ACADEMICA_SUPERIOR,True
1098,16,FACULTAD DE INGENIERÍA EN ELECTRICIDAD Y COMPUTACIÓN,Subrogación,OTROS_AA,True,Subdecano,AUTORIDAD_ACADEMICA_SUPERIOR,,,2026-08-31,2026-09-06,6,False,False,False,False,DOCENTE,AUTORIDAD_ACADEMICA_SUPERIOR,True
1101,12,FACULTAD DE CIENCIAS NATURALES Y MATEMÁTICAS,Subdecano,AUTORIDAD_ACADEMICA_SUPERIOR,False,,,,,2016-04-13,2017-11-12,578,False,False,False,False,DOCENTE,DOCENTE_TITULAR_CARRERA,False
1142,88,"FACULTAD DE ARTE, DISEÑO Y COMUNICACIÓN AUDIOVISUAL",Coordinador de carrera,JEFATURA_SUPERVISION_OPERATIVA,False,,,GRADO,Animación Digital y Videojuegos,2026-03-09,,190,False,False,False,False,DOCENTE,DOCENTE_NO_TITULAR_OCASIONAL,False
1153,16,FACULTAD DE INGENIERÍA EN ELECTRICIDAD Y COMPUTACIÓN,Coordinador de programa de postgrado,JEFATURA_SUPERVISION_OPERATIVA,False,,,POSGRADO,Maestría en Sistemas de Información Gerencial,2004-03-15,2024-12-31,7596,False,False,False,False,DOCENTE,DOCENTE_HONORARIO_ESPECIAL,False
1153,16,FACULTAD DE INGENIERÍA EN ELECTRICIDAD Y COMPUTACIÓN,Coordinador de programa de postgrado,JEFATURA_SUPERVISION_OPERATIVA,False,,,POSGRADO,Maestría en Seguridad Informática Aplicada,2008-03-03,2025-05-05,6272,False,False,False,False,DOCENTE,DOCENTE_HONORARIO_ESPECIAL,False
1153,16,FACULTAD DE INGENIERÍA EN ELECTRICIDAD Y COMPUTACIÓN,Coordinador de carrera,JEFATURA_SUPERVISION_OPERATIVA,False,,,GRADO,Licenciatura en Sistemas de Información (FIEC),2017-02-13,2017-09-22,221,False,False,False,False,DOCENTE,DOCENTE_TITULAR_CARRERA,False
1153,16,FACULTAD DE INGENIERÍA EN ELECTRICIDAD Y COMPUTACIÓN,Coordinador de carrera,JEFATURA_SUPERVISION_OPERATIVA,False,,,GRADO,Licenciatura en Redes y Sistemas Operativos,2017-09-25,2017-12-11,77,False,False,False,False,DOCENTE,DOCENTE_TITULAR_CARRERA,False
1153,16,FACULTAD DE INGENIERÍA EN ELECTRICIDAD Y COMPUTACIÓN,Coordinador de carrera,JEFATURA_SUPERVISION_OPERATIVA,False,,,GRADO,Licenciatura en Sistemas de Información (FIEC),2017-11-22,2020-02-23,823,False,False,False,False,DOCENTE,DOCENTE_TITULAR_CARRERA,False
1153,16,FACULTAD DE INGENIERÍA EN ELECTRICIDAD Y COMPUTACIÓN,Coordinador de programa de postgrado,JEFATURA_SUPERVISION_OPERATIVA,False,,,POSGRADO,Maestría en Seguridad Informática,2020-03-25,2025-04-30,1862,False,False,False,False,DOCENTE,DOCENTE_TITULAR_CARRERA,False
1153,48,GERENCIA DE TECNOLOGÍAS Y SISTEMAS DE INFORMACIÓN,Gerente,AUTORIDAD_ADMINISTRATIVA_SUPERIOR,False,,,,,2022-03-16,,1644,False,False,False,False,DOCENTE,DOCENTE_TITULAR_CARRERA,False
1154,22,FACULTAD DE INGENIERÍA MECÁNICA Y CIENCIAS DE LA PRODUCCIÓN,Coordinador de vinculación con la sociedad,JEFATURA_SUPERVISION_OPERATIVA,False,,,GRADO,Ingeniería Industrial,2025-02-17,2025-02-17,0,False,False,False,False,DOCENTE,DOCENTE_TITULAR_CARRERA,False
1154,22,FACULTAD DE INGENIERÍA MECÁNICA Y CIENCIAS DE LA PRODUCCIÓN,Coordinador de prácticas empresariales,JEFATURA_SUPERVISION_OPERATIVA,False,,,GRADO,Ingeniería Industrial,2025-02-18,2027-11-01,986,False,False,False,False,DOCENTE,DOCENTE_TITULAR_CARRERA,False
1164,25,FACULTAD DE INGENIERÍA EN CIENCIAS DE LA TIERRA,Miembro del consejo directivo,OTROS_AA,False,,,,,2015-10-14,2018-10-13,1095,False,False,False,False,DOCENTE,DOCENTE_TITULAR_CARRERA,False
1168,47,GERENCIA FINANCIERA,Subrogación,OTROS_AA,True,Gerente,AUTORIDAD_ADMINISTRATIVA_SUPERIOR,,,2022-10-05,2022-10-07,2,False,False,False,False,ADMINISTRATIVO,PROFESIONAL_ANALISTA,False
1168,47,GERENCIA FINANCIERA,Subrogación,OTROS_AA,True,Gerente,AUTORIDAD_ADMINISTRATIVA_SUPERIOR,,,2024-02-23,2024-03-04,10,False,False,False,False,ADMINISTRATIVO,PROFESIONAL_ANALISTA,False
1170,12,FACULTAD DE CIENCIAS NATURALES Y MATEMÁTICAS,Miembro del consejo directivo,OTROS_AA,False,,,,,2016-12-14,2019-12-13,1094,False,False,False,False,DOCENTE,DOCENTE_TITULAR_CARRERA,False
1170,12,FACULTAD DE CIENCIAS NATURALES Y MATEMÁTICAS,Subrogación,OTROS_AA,True,Subdecano,AUTORIDAD_ACADEMICA_SUPERIOR,,,2019-09-16,2019-09-20,4,False,False,False,False,DOCENTE,DOCENTE_TITULAR_CARRERA,False
1178,22,FACULTAD DE INGENIERÍA MECÁNICA Y CIENCIAS DE LA PRODUCCIÓN,Subdecano,AUTORIDAD_ACADEMICA_SUPERIOR,False,,,,,2016-01-01,2017-11-12,681,False,False,False,False,DOCENTE,AUTORIDAD_ACADEMICA_SUPERIOR,True
1178,22,FACULTAD DE INGENIERÍA MECÁNICA Y CIENCIAS DE LA PRODUCCIÓN,Decano,AUTORIDAD_ACADEMICA_SUPERIOR,False,,,,,2017-11-13,2022-11-12,1825,False,False,False,False,DOCENTE,AUTORIDAD_ACADEMICA_SUPERIOR,True
1178,3,VICERRECTORADO ACADÉMICO,Subrogación,OTROS_AA,True,Vicerrector,AUTORIDAD_ACADEMICA_SUPERIOR,,,2019-12-15,2019-12-19,4,False,False,False,False,DOCENTE,AUTORIDAD_ACADEMICA_SUPERIOR,True
1178,3,VICERRECTORADO ACADÉMICO,Subrogación,OTROS_AA,True,Vicerrector,AUTORIDAD_ACADEMICA_SUPERIOR,,,2021-03-01,2021-03-14,13,False,False,False,False,DOCENTE,AUTORIDAD_ACADEMICA_SUPERIOR,True
1178,3,VICERRECTORADO ACADÉMICO,Subrogación,OTROS_AA,True,Vicerrector,AUTORIDAD_ACADEMICA_SUPERIOR,,,2021-04-05,2021-04-09,4,False,False,False,False,DOCENTE,AUTORIDAD_ACADEMICA_SUPERIOR,True
1178,3,VICERRECTORADO ACADÉMICO,Subrogación,OTROS_AA,True,Vicerrector,AUTORIDAD_ACADEMICA_SUPERIOR,,,2021-07-14,2021-07-17,3,False,False,False,False,DOCENTE,AUTORIDAD_ACADEMICA_SUPERIOR,True
1178,3,VICERRECTORADO ACADÉMICO,Subrogación,OTROS_AA,True,Vicerrector,AUTORIDAD_ACADEMICA_SUPERIOR,,,2022-03-09,2022-03-12,3,False,False,False,False,DOCENTE,AUTORIDAD_ACADEMICA_SUPERIOR,True
1178,3,VICERRECTORADO ACADÉMICO,Subrogación,OTROS_AA,True,Vicerrector,AUTORIDAD_ACADEMICA_SUPERIOR,,,2022-03-28,2022-04-01,4,False,False,False,False,DOCENTE,AUTORIDAD_ACADEMICA_SUPERIOR,True
1178,3,VICERRECTORADO ACADÉMICO,Subrogación,OTROS_AA,True,Vicerrector,AUTORIDAD_ACADEMICA_SUPERIOR,,,2022-05-04,2022-05-07,3,False,False,False,False,DOCENTE,AUTORIDAD_ACADEMICA_SUPERIOR,True
1178,2,RECTORADO,Subrogación,OTROS_AA,True,Rector,AUTORIDAD_ACADEMICA_SUPERIOR,,,2022-07-04,2022-07-10,6,False,False,False,False,DOCENTE,AUTORIDAD_ACADEMICA_SUPERIOR,True
1178,3,VICERRECTORADO ACADÉMICO,Subrogación,OTROS_AA,True,Vicerrector,AUTORIDAD_ACADEMICA_SUPERIOR,,,2022-07-11,2022-07-12,1,False,False,False,False,DOCENTE,AUTORIDAD_ACADEMICA_SUPERIOR,True
1178,28,DECANATO DE INVESTIGACIÓN,Decano,AUTORIDAD_ACADEMICA_SUPERIOR,False,,,,,2022-11-13,2022-11-14,1,False,False,False,False,DOCENTE,AUTORIDAD_ACADEMICA_SUPERIOR,True
1178,136,DECANATO DE INVESTIGACIÓN,Decano,AUTORIDAD_ACADEMICA_SUPERIOR,False,,,,,2022-11-13,,1402,False,False,False,False,DOCENTE,AUTORIDAD_ACADEMICA_SUPERIOR,True
1178,130,"VICERRECTORADO DE INVESTIGACIÓN, DESARROLLO E INNOVACIÓN",Subrogación,OTROS_AA,True,Vicerrector,AUTORIDAD_ACADEMICA_SUPERIOR,,,2023-01-03,2023-01-06,3,False,False,False,False,DOCENTE,AUTORIDAD_ACADEMICA_SUPERIOR,True
1178,130,"VICERRECTORADO DE INVESTIGACIÓN, DESARROLLO E INNOVACIÓN",Subrogación,OTROS_AA,True,Vicerrector,AUTORIDAD_ACADEMICA_SUPERIOR,,,2023-01-30,2023-02-04,5,False,False,False,False,DOCENTE,AUTORIDAD_ACADEMICA_SUPERIOR,True
1178,130,"VICERRECTORADO DE INVESTIGACIÓN, DESARROLLO E INNOVACIÓN",Subrogación,OTROS_AA,True,Vicerrector,AUTORIDAD_ACADEMICA_SUPERIOR,,,2023-04-17,2023-04-27,10,False,False,False,False,DOCENTE,AUTORIDAD_ACADEMICA_SUPERIOR,True
1178,130,"VICERRECTORADO DE INVESTIGACIÓN, DESARROLLO E INNOVACIÓN",Subrogación,OTROS_AA,True,Vicerrector,AUTORIDAD_ACADEMICA_SUPERIOR,,,2023-06-06,2023-06-10,4,False,False,False,False,DOCENTE,AUTORIDAD_ACADEMICA_SUPERIOR,True
1178,130,"VICERRECTORADO DE INVESTIGACIÓN, DESARROLLO E INNOVACIÓN",Subrogación,OTROS_AA,True,Vicerrector,AUTORIDAD_ACADEMICA_SUPERIOR,,,2023-07-01,2023-07-14,13,False,False,False,False,DOCENTE,AUTORIDAD_ACADEMICA_SUPERIOR,True
1178,130,"VICERRECTORADO DE INVESTIGACIÓN, DESARROLLO E INNOVACIÓN",Subrogación,OTROS_AA,True,Vicerrector,AUTORIDAD_ACADEMICA_SUPERIOR,,,2023-09-11,2023-09-15,4,False,False,False,False,DOCENTE,AUTORIDAD_ACADEMICA_SUPERIOR,True
1178,130,"VICERRECTORADO DE INVESTIGACIÓN, DESARROLLO E INNOVACIÓN",Subrogación,OTROS_AA,True,Vicerrector,AUTORIDAD_ACADEMICA_SUPERIOR,,,2023-09-17,2023-09-20,3,False,False,False,False,DOCENTE,AUTORIDAD_ACADEMICA_SUPERIOR,True
1178,130,"VICERRECTORADO DE INVESTIGACIÓN, DESARROLLO E INNOVACIÓN",Subrogación,OTROS_AA,True,Vicerrector,AUTORIDAD_ACADEMICA_SUPERIOR,,,2023-09-24,2023-10-01,7,False,False,False,False,DOCENTE,AUTORIDAD_ACADEMICA_SUPERIOR,True
1178,130,"VICERRECTORADO DE INVESTIGACIÓN, DESARROLLO E INNOVACIÓN",Subrogación,OTROS_AA,True,Vicerrector,AUTORIDAD_ACADEMICA_SUPERIOR,,,2023-12-18,2023-12-22,4,False,False,False,False,DOCENTE,AUTORIDAD_ACADEMICA_SUPERIOR,True
1178,130,"VICERRECTORADO DE INVESTIGACIÓN, DESARROLLO E INNOVACIÓN",Subrogación,OTROS_AA,True,Vicerrector,AUTORIDAD_ACADEMICA_SUPERIOR,,,2024-02-26,2024-03-01,4,False,False,False,False,DOCENTE,AUTORIDAD_ACADEMICA_SUPERIOR,True
1178,130,"VICERRECTORADO DE INVESTIGACIÓN, DESARROLLO E INNOVACIÓN",Subrogación,OTROS_AA,True,Vicerrector,AUTORIDAD_ACADEMICA_SUPERIOR,,,2024-03-05,2024-03-10,5,False,False,False,False,DOCENTE,AUTORIDAD_ACADEMICA_SUPERIOR,True
1178,130,"VICERRECTORADO DE INVESTIGACIÓN, DESARROLLO E INNOVACIÓN",Subrogación,OTROS_AA,True,Vicerrector,AUTORIDAD_ACADEMICA_SUPERIOR,,,2024-04-21,2024-04-22,1,False,False,False,False,DOCENTE,AUTORIDAD_ACADEMICA_SUPERIOR,True
1178,2,RECTORADO,Subrogación,OTROS_AA,True,Rector,AUTORIDAD_ACADEMICA_SUPERIOR,,,2024-04-23,2024-04-27,4,False,False,False,False,DOCENTE,AUTORIDAD_ACADEMICA_SUPERIOR,True
1178,2,RECTORADO,Subrogación,OTROS_AA,True,Rector,AUTORIDAD_ACADEMICA_SUPERIOR,,,2024-05-25,2024-06-02,8,False,False,False,False,DOCENTE,AUTORIDAD_ACADEMICA_SUPERIOR,True
1178,130,"VICERRECTORADO DE INVESTIGACIÓN, DESARROLLO E INNOVACIÓN",Subrogación,OTROS_AA,True,Vicerrector,AUTORIDAD_ACADEMICA_SUPERIOR,,,2024-06-09,2024-06-15,6,False,False,False,False,DOCENTE,AUTORIDAD_ACADEMICA_SUPERIOR,True
1178,130,"VICERRECTORADO DE INVESTIGACIÓN, DESARROLLO E INNOVACIÓN",Subrogación,OTROS_AA,True,Vicerrector,AUTORIDAD_ACADEMICA_SUPERIOR,,,2024-07-11,2024-07-13,2,False,False,False,False,DOCENTE,AUTORIDAD_ACADEMICA_SUPERIOR,True
1178,130,"VICERRECTORADO DE INVESTIGACIÓN, DESARROLLO E INNOVACIÓN",Subrogación,OTROS_AA,True,Vicerrector,AUTORIDAD_ACADEMICA_SUPERIOR,,,2024-08-22,2024-08-31,9,False,False,False,False,DOCENTE,AUTORIDAD_ACADEMICA_SUPERIOR,True
1178,130,"VICERRECTORADO DE INVESTIGACIÓN, DESARROLLO E INNOVACIÓN",Subrogación,OTROS_AA,True,Vicerrector,AUTORIDAD_ACADEMICA_SUPERIOR,,,2024-09-17,2024-09-21,4,False,False,False,False,DOCENTE,AUTORIDAD_ACADEMICA_SUPERIOR,True
1178,2,RECTORADO,Subrogación,OTROS_AA,True,Rector,AUTORIDAD_ACADEMICA_SUPERIOR,,,2024-09-22,2024-09-24,2,False,False,False,False,DOCENTE,AUTORIDAD_ACADEMICA_SUPERIOR,True
1178,130,"VICERRECTORADO DE INVESTIGACIÓN, DESARROLLO E INNOVACIÓN",Subrogación,OTROS_AA,True,Vicerrector,AUTORIDAD_ACADEMICA_SUPERIOR,,,2024-09-25,2024-09-29,4,False,False,False,False,DOCENTE,AUTORIDAD_ACADEMICA_SUPERIOR,True
1178,130,"VICERRECTORADO DE INVESTIGACIÓN, DESARROLLO E INNOVACIÓN",Subrogación,OTROS_AA,True,Vicerrector,AUTORIDAD_ACADEMICA_SUPERIOR,,,2024-12-16,2024-12-24,8,False,False,False,False,DOCENTE,AUTORIDAD_ACADEMICA_SUPERIOR,True
1178,130,"VICERRECTORADO DE INVESTIGACIÓN, DESARROLLO E INNOVACIÓN",Subrogación,OTROS_AA,True,Vicerrector,AUTORIDAD_ACADEMICA_SUPERIOR,,,2025-02-09,2025-02-12,3,False,False,False,False,DOCENTE,DOCENTE_CONTRATADO_SERVICIOS_CIVILES,False
1178,130,"VICERRECTORADO DE INVESTIGACIÓN, DESARROLLO E INNOVACIÓN",Subrogación,OTROS_AA,True,Vicerrector,AUTORIDAD_ACADEMICA_SUPERIOR,,,2025-03-05,2025-03-16,11,False,False,False,False,DOCENTE,AUTORIDAD_ACADEMICA_SUPERIOR,True
1178,130,"VICERRECTORADO DE INVESTIGACIÓN, DESARROLLO E INNOVACIÓN",Subrogación,OTROS_AA,True,Vicerrector,AUTORIDAD_ACADEMICA_SUPERIOR,,,2025-04-26,2025-05-01,5,False,False,False,False,DOCENTE,AUTORIDAD_ACADEMICA_SUPERIOR,True
1178,130,"VICERRECTORADO DE INVESTIGACIÓN, DESARROLLO E INNOVACIÓN",Subrogación,OTROS_AA,True,Vicerrector,AUTORIDAD_ACADEMICA_SUPERIOR,,,2025-05-15,2025-05-18,3,False,False,False,False,DOCENTE,AUTORIDAD_ACADEMICA_SUPERIOR,True
1178,2,RECTORADO,Subrogación,OTROS_AA,True,Rector,AUTORIDAD_ACADEMICA_SUPERIOR,,,2025-05-20,2025-05-27,7,False,False,False,False,DOCENTE,AUTORIDAD_ACADEMICA_SUPERIOR,True
1178,130,"VICERRECTORADO DE INVESTIGACIÓN, DESARROLLO E INNOVACIÓN",Subrogación,OTROS_AA,True,Vicerrector,AUTORIDAD_ACADEMICA_SUPERIOR,,,2025-06-12,2025-06-18,6,False,False,False,False,DOCENTE,AUTORIDAD_ACADEMICA_SUPERIOR,True
1178,130,"VICERRECTORADO DE INVESTIGACIÓN, DESARROLLO E INNOVACIÓN",Subrogación,OTROS_AA,True,Vicerrector,AUTORIDAD_ACADEMICA_SUPERIOR,,,2025-06-19,2025-06-22,3,False,False,False,False,DOCENTE,AUTORIDAD_ACADEMICA_SUPERIOR,True
1178,130,"VICERRECTORADO DE INVESTIGACIÓN, DESARROLLO E INNOVACIÓN",Subrogación,OTROS_AA,True,Vicerrector,AUTORIDAD_ACADEMICA_SUPERIOR,,,2025-07-13,2025-07-18,5,False,False,False,False,DOCENTE,AUTORIDAD_ACADEMICA_SUPERIOR,True
1178,130,"VICERRECTORADO DE INVESTIGACIÓN, DESARROLLO E INNOVACIÓN",Subrogación,OTROS_AA,True,Vicerrector,AUTORIDAD_ACADEMICA_SUPERIOR,,,2025-09-12,2025-09-22,10,False,False,False,False,DOCENTE,AUTORIDAD_ACADEMICA_SUPERIOR,True
1178,130,"VICERRECTORADO DE INVESTIGACIÓN, DESARROLLO E INNOVACIÓN",Subrogación,OTROS_AA,True,Vicerrector,AUTORIDAD_ACADEMICA_SUPERIOR,,,2025-09-24,2025-09-27,3,False,False,False,False,DOCENTE,AUTORIDAD_ACADEMICA_SUPERIOR,True
1178,130,"VICERRECTORADO DE INVESTIGACIÓN, DESARROLLO E INNOVACIÓN",Subrogación,OTROS_AA,True,Vicerrector,AUTORIDAD_ACADEMICA_SUPERIOR,,,2025-10-06,2025-10-08,2,False,False,False,False,DOCENTE,AUTORIDAD_ACADEMICA_SUPERIOR,True
1178,130,"VICERRECTORADO DE INVESTIGACIÓN, DESARROLLO E INNOVACIÓN",Subrogación,OTROS_AA,True,Vicerrector,AUTORIDAD_ACADEMICA_SUPERIOR,,,2025-11-07,2025-11-10,3,False,False,False,False,DOCENTE,AUTORIDAD_ACADEMICA_SUPERIOR,True
1178,130,"VICERRECTORADO DE INVESTIGACIÓN, DESARROLLO E INNOVACIÓN",Subrogación,OTROS_AA,True,Vicerrector,AUTORIDAD_ACADEMICA_SUPERIOR,,,2025-11-23,2025-12-03,10,False,False,False,False,DOCENTE,AUTORIDAD_ACADEMICA_SUPERIOR,True
1178,130,"VICERRECTORADO DE INVESTIGACIÓN, DESARROLLO E INNOVACIÓN",Subrogación,OTROS_AA,True,Vicerrector,AUTORIDAD_ACADEMICA_SUPERIOR,,,2026-01-19,2026-01-26,7,False,False,False,False,DOCENTE,DOCENTE_CONTRATADO_SERVICIOS_CIVILES,False
1178,2,RECTORADO,Subrogación,OTROS_AA,True,Rector,AUTORIDAD_ACADEMICA_SUPERIOR,,,2026-01-27,2026-01-30,3,False,False,False,False,DOCENTE,DOCENTE_TITULAR_CARRERA,False
1178,130,"VICERRECTORADO DE INVESTIGACIÓN, DESARROLLO E INNOVACIÓN",Subrogación,OTROS_AA,True,Vicerrector,AUTORIDAD_ACADEMICA_SUPERIOR,,,2026-02-18,2026-03-03,13,False,False,False,False,DOCENTE,AUTORIDAD_ACADEMICA_SUPERIOR,True
1178,130,"VICERRECTORADO DE INVESTIGACIÓN, DESARROLLO E INNOVACIÓN",Subrogación,OTROS_AA,True,Vicerrector,AUTORIDAD_ACADEMICA_SUPERIOR,,,2026-03-14,2026-03-25,11,False,False,False,False,DOCENTE,AUTORIDAD_ACADEMICA_SUPERIOR,True
1178,2,RECTORADO,Subrogación,OTROS_AA,True,Rector,AUTORIDAD_ACADEMICA_SUPERIOR,,,2026-03-26,2026-03-27,1,False,False,False,False,DOCENTE,AUTORIDAD_ACADEMICA_SUPERIOR,True
1178,130,"VICERRECTORADO DE INVESTIGACIÓN, DESARROLLO E INNOVACIÓN",Subrogación,OTROS_AA,True,Vicerrector,AUTORIDAD_ACADEMICA_SUPERIOR,,,2026-03-30,2026-04-01,2,False,False,False,False,DOCENTE,AUTORIDAD_ACADEMICA_SUPERIOR,True
1178,130,"VICERRECTORADO DE INVESTIGACIÓN, DESARROLLO E INNOVACIÓN",Subrogación,OTROS_AA,True,Vicerrector,AUTORIDAD_ACADEMICA_SUPERIOR,,,2026-04-15,2026-05-02,17,False,False,False,False,DOCENTE,AUTORIDAD_ACADEMICA_SUPERIOR,True
1178,130,"VICERRECTORADO DE INVESTIGACIÓN, DESARROLLO E INNOVACIÓN",Subrogación,OTROS_AA,True,Vicerrector,AUTORIDAD_ACADEMICA_SUPERIOR,,,2026-06-21,2026-06-28,7,False,False,False,False,DOCENTE,AUTORIDAD_ACADEMICA_SUPERIOR,True
1178,130,"VICERRECTORADO DE INVESTIGACIÓN, DESARROLLO E INNOVACIÓN",Subrogación,OTROS_AA,True,Vicerrector,AUTORIDAD_ACADEMICA_SUPERIOR,,,2026-07-12,2026-07-17,5,False,False,False,False,DOCENTE,AUTORIDAD_ACADEMICA_SUPERIOR,True
1180,5,GERENCIA DE PLANIFICACIÓN ESTRATÉGICA,Gerente,AUTORIDAD_ADMINISTRATIVA_SUPERIOR,False,,,,,2015-03-01,2017-11-12,987,False,False,False,False,ADMINISTRATIVO,AUTORIDAD_ADMINISTRATIVA_SUPERIOR,True
1180,5,GERENCIA DE PLANIFICACIÓN ESTRATÉGICA,Subrogación,OTROS_AA,True,Gerente,AUTORIDAD_ADMINISTRATIVA_SUPERIOR,,,2022-04-25,2022-04-29,4,False,False,False,False,ADMINISTRATIVO,PROFESIONAL_ANALISTA,False
1180,5,GERENCIA DE PLANIFICACIÓN ESTRATÉGICA,Subrogación,OTROS_AA,True,Gerente,AUTORIDAD_ADMINISTRATIVA_SUPERIOR,,,2022-09-15,2022-10-06,21,False,False,False,False,ADMINISTRATIVO,PROFESIONAL_ANALISTA,False
1193,16,FACULTAD DE INGENIERÍA EN ELECTRICIDAD Y COMPUTACIÓN,Coordinador de programa de postgrado,JEFATURA_SUPERVISION_OPERATIVA,False,,,POSGRADO,Maestría en Telecomunicaciones,2011-01-03,2020-01-31,3315,False,False,False,False,ADMINISTRATIVO,CONTRATO_SERVICIOS_PROFESIONALES_PROYECTO,False
1202,25,FACULTAD DE INGENIERÍA EN CIENCIAS DE LA TIERRA,Subdecano,AUTORIDAD_ACADEMICA_SUPERIOR,False,,,,,2012-11-13,2014-10-05,691,False,False,False,False,DOCENTE,DOCENTE_TITULAR_CARRERA,False
1202,25,FACULTAD DE INGENIERÍA EN CIENCIAS DE LA TIERRA,Decano,AUTORIDAD_ACADEMICA_SUPERIOR,False,,,,,2014-10-06,2016-01-11,462,False,False,False,False,DOCENTE,AUTORIDAD_ACADEMICA_SUPERIOR,True
1202,25,FACULTAD DE INGENIERÍA EN CIENCIAS DE LA TIERRA,Coordinador de programa de postgrado,JEFATURA_SUPERVISION_OPERATIVA,False,,,POSGRADO,Maestría en Minas,2020-01-01,2024-07-31,1673,False,False,False,False,DOCENTE,DOCENTE_TITULAR_CARRERA,False
1202,25,FACULTAD DE INGENIERÍA EN CIENCIAS DE LA TIERRA,Subrogación,OTROS_AA,True,Decano,AUTORIDAD_ACADEMICA_SUPERIOR,,,2023-05-14,2023-05-19,5,False,False,False,False,DOCENTE,DOCENTE_TITULAR_CARRERA,False
1202,25,FACULTAD DE INGENIERÍA EN CIENCIAS DE LA TIERRA,Subrogación,OTROS_AA,True,Subdecano,AUTORIDAD_ACADEMICA_SUPERIOR,,,2024-05-11,2024-05-18,7,False,False,False,False,DOCENTE,DOCENTE_TITULAR_CARRERA,False
1202,25,FACULTAD DE INGENIERÍA EN CIENCIAS DE LA TIERRA,Subrogación,OTROS_AA,True,Subdecano,AUTORIDAD_ACADEMICA_SUPERIOR,,,2024-09-16,2024-09-27,11,False,False,False,False,DOCENTE,DOCENTE_TITULAR_CARRERA,False
1202,25,FACULTAD DE INGENIERÍA EN CIENCIAS DE LA TIERRA,Subrogación,OTROS_AA,True,Subdecano,AUTORIDAD_ACADEMICA_SUPERIOR,,,2025-03-19,2025-03-20,1,False,False,False,False,DOCENTE,DOCENTE_TITULAR_CARRERA,False
1202,25,FACULTAD DE INGENIERÍA EN CIENCIAS DE LA TIERRA,Subrogación,OTROS_AA,True,Subdecano,AUTORIDAD_ACADEMICA_SUPERIOR,,,2025-04-02,2025-04-04,2,False,False,False,False,DOCENTE,DOCENTE_TITULAR_CARRERA,False
1202,25,FACULTAD DE INGENIERÍA EN CIENCIAS DE LA TIERRA,Subrogación,OTROS_AA,True,Subdecano,AUTORIDAD_ACADEMICA_SUPERIOR,,,2025-04-11,2025-04-20,9,False,False,False,False,DOCENTE,DOCENTE_TITULAR_CARRERA,False
1211,29,DECANATO DE POSTGRADO,Decano,AUTORIDAD_ACADEMICA_SUPERIOR,False,,,,,2015-06-05,2017-11-12,891,False,False,False,False,DOCENTE,AUTORIDAD_ACADEMICA_SUPERIOR,True
1211,16,FACULTAD DE INGENIERÍA EN ELECTRICIDAD Y COMPUTACIÓN,Decano,AUTORIDAD_ACADEMICA_SUPERIOR,False,,,,,2017-11-13,2021-02-21,1196,False,False,False,False,DOCENTE,DOCENTE_TITULAR_CARRERA,False
1211,3,VICERRECTORADO ACADÉMICO,Subrogación,OTROS_AA,True,Vicerrector,AUTORIDAD_ACADEMICA_SUPERIOR,,,2019-02-13,2019-02-18,5,False,False,False,False,DOCENTE,DOCENTE_TITULAR_CARRERA,False
1211,3,VICERRECTORADO ACADÉMICO,Subrogación,OTROS_AA,True,Vicerrector,AUTORIDAD_ACADEMICA_SUPERIOR,,,2019-03-18,2019-03-24,6,False,False,False,False,DOCENTE,DOCENTE_CONTRATADO_SERVICIOS_CIVILES,False
1211,3,VICERRECTORADO ACADÉMICO,Subrogación,OTROS_AA,True,Vicerrector,AUTORIDAD_ACADEMICA_SUPERIOR,,,2019-08-30,2019-09-06,7,False,False,False,False,DOCENTE,DOCENTE_TITULAR_CARRERA,False
1211,3,VICERRECTORADO ACADÉMICO,Subrogación,OTROS_AA,True,Vicerrector,AUTORIDAD_ACADEMICA_SUPERIOR,,,2020-03-02,2020-03-02,0,False,False,False,False,DOCENTE,DOCENTE_TITULAR_CARRERA,False
1211,3,VICERRECTORADO ACADÉMICO,Subrogación,OTROS_AA,True,Vicerrector,AUTORIDAD_ACADEMICA_SUPERIOR,,,2020-03-03,2020-03-15,12,False,False,False,False,DOCENTE,DOCENTE_TITULAR_CARRERA,False
1211,3,VICERRECTORADO ACADÉMICO,Subrogación,OTROS_AA,True,Vicerrector,AUTORIDAD_ACADEMICA_SUPERIOR,,,2020-03-05,2020-03-15,10,False,False,False,False,DOCENTE,DOCENTE_TITULAR_CARRERA,False
1211,3,VICERRECTORADO ACADÉMICO,Subrogación,OTROS_AA,True,Vicerrector,AUTORIDAD_ACADEMICA_SUPERIOR,,,2020-10-12,2020-10-15,3,False,False,False,False,DOCENTE,DOCENTE_TITULAR_CARRERA,False
1211,38,CENTRO DE TECNOLOGÍAS DE LA INFORMACIÓN,Director,AUTORIDAD_ADMINISTRATIVA_SUPERIOR,False,,,,,2021-02-22,2023-04-23,790,False,False,False,False,DOCENTE,DOCENTE_TITULAR_CARRERA,False
1211,38,CENTRO DE TECNOLOGÍAS DE LA INFORMACIÓN,Director,AUTORIDAD_ADMINISTRATIVA_SUPERIOR,False,,,,,2023-05-06,2024-01-27,266,False,False,False,False,DOCENTE,DOCENTE_TITULAR_CARRERA,False
1211,38,CENTRO DE TECNOLOGÍAS DE LA INFORMACIÓN,Director,AUTORIDAD_ADMINISTRATIVA_SUPERIOR,False,,,,,2024-02-05,2024-03-10,34,False,False,False,False,DOCENTE,DOCENTE_TITULAR_CARRERA,False
1211,38,CENTRO DE TECNOLOGÍAS DE LA INFORMACIÓN,Director,AUTORIDAD_ADMINISTRATIVA_SUPERIOR,False,,,,,2024-04-10,2024-08-25,137,False,False,False,False,DOCENTE,DOCENTE_TITULAR_CARRERA,False
1211,38,CENTRO DE TECNOLOGÍAS DE LA INFORMACIÓN,Director,AUTORIDAD_ADMINISTRATIVA_SUPERIOR,False,,,,,2024-09-10,2025-03-04,175,False,False,False,False,DOCENTE,DOCENTE_TITULAR_CARRERA,False
1211,38,CENTRO DE TECNOLOGÍAS DE LA INFORMACIÓN,Director,AUTORIDAD_ADMINISTRATIVA_SUPERIOR,False,,,,,2025-03-20,2025-05-19,60,False,False,False,False,DOCENTE,DOCENTE_TITULAR_CARRERA,False
1211,38,CENTRO DE TECNOLOGÍAS DE LA INFORMACIÓN,Director,AUTORIDAD_ADMINISTRATIVA_SUPERIOR,False,,,,,2025-05-26,2025-06-26,31,False,False,False,False,DOCENTE,DOCENTE_TITULAR_CARRERA,False
1211,38,CENTRO DE TECNOLOGÍAS DE LA INFORMACIÓN,Director,AUTORIDAD_ADMINISTRATIVA_SUPERIOR,False,,,,,2025-07-05,2025-08-14,40,False,False,False,False,DOCENTE,DOCENTE_TITULAR_CARRERA,False
1212,86,FACULTAD DE INGENIERÍA MARÍTIMA Y CIENCIAS DEL MAR,Coordinador de vinculación con la sociedad,JEFATURA_SUPERVISION_OPERATIVA,False,,,GRADO,Acuicultura,2023-02-20,2023-05-15,84,False,False,False,False,DOCENTE,DOCENTE_NO_TITULAR_OCASIONAL,False
1212,86,FACULTAD DE INGENIERÍA MARÍTIMA Y CIENCIAS DEL MAR,Coordinador de vinculación con la sociedad,JEFATURA_SUPERVISION_OPERATIVA,False,,,GRADO,Acuicultura,2023-05-16,2024-02-16,276,False,False,False,False,DOCENTE,DOCENTE_NO_TITULAR_OCASIONAL,False
1212,86,FACULTAD DE INGENIERÍA MARÍTIMA Y CIENCIAS DEL MAR,Coordinador de vinculación con la sociedad,JEFATURA_SUPERVISION_OPERATIVA,False,,,GRADO,Acuicultura,2024-02-19,2025-02-16,363,False,False,False,False,DOCENTE,DOCENTE_NO_TITULAR_OCASIONAL,False
1212,86,FACULTAD DE INGENIERÍA MARÍTIMA Y CIENCIAS DEL MAR,Coordinador de vinculación con la sociedad,JEFATURA_SUPERVISION_OPERATIVA,False,,,GRADO,Acuicultura,2024-03-01,2023-12-05,0,False,True,False,False,,,
1212,86,FACULTAD DE INGENIERÍA MARÍTIMA Y CIENCIAS DEL MAR,Coordinador de vinculación con la sociedad,JEFATURA_SUPERVISION_OPERATIVA,False,,,GRADO,Acuicultura,2025-02-17,2025-02-17,0,False,False,False,False,DOCENTE,DOCENTE_NO_TITULAR_OCASIONAL,False
1216,3,VICERRECTORADO ACADÉMICO,Vicerrector,AUTORIDAD_ACADEMICA_SUPERIOR,False,,,,,2012-11-12,2017-11-11,1825,False,False,False,False,DOCENTE,AUTORIDAD_ACADEMICA_SUPERIOR,True
1216,2,RECTORADO,Rector,AUTORIDAD_ACADEMICA_SUPERIOR,False,,,,,2017-11-13,2022-11-12,1825,False,False,False,False,DOCENTE,AUTORIDAD_ACADEMICA_SUPERIOR,True
1216,2,RECTORADO,Rector,AUTORIDAD_ACADEMICA_SUPERIOR,False,,,,,2022-11-13,2027-11-12,1825,False,False,False,False,DOCENTE,AUTORIDAD_ACADEMICA_SUPERIOR,True
1218,72,CENTRO DE INVESTIGACIONES ECONÓMICAS,Director,AUTORIDAD_ADMINISTRATIVA_SUPERIOR,False,,,,,2017-11-22,2018-03-09,107,False,False,False,False,,,
1220,16,FACULTAD DE INGENIERÍA EN ELECTRICIDAD Y COMPUTACIÓN,Coordinador general de postgrado,JEFATURA_SUPERVISION_OPERATIVA,False,,,,,2025-11-01,,318,False,False,False,False,DOCENTE,DOCENTE_TITULAR_CARRERA,False
1220,16,FACULTAD DE INGENIERÍA EN ELECTRICIDAD Y COMPUTACIÓN,Subrogación,OTROS_AA,True,Subdecano,AUTORIDAD_ACADEMICA_SUPERIOR,,,2026-03-10,2026-03-10,0,False,False,False,False,DOCENTE,DOCENTE_CONTRATADO_SERVICIOS_CIVILES,False
1220,16,FACULTAD DE INGENIERÍA EN ELECTRICIDAD Y COMPUTACIÓN,Subrogación,OTROS_AA,True,Subdecano,AUTORIDAD_ACADEMICA_SUPERIOR,,,2026-03-12,2026-03-15,3,False,False,False,False,DOCENTE,DOCENTE_CONTRATADO_SERVICIOS_CIVILES,False
1220,16,FACULTAD DE INGENIERÍA EN ELECTRICIDAD Y COMPUTACIÓN,Subrogación,OTROS_AA,True,Decano,AUTORIDAD_ACADEMICA_SUPERIOR,,,2026-05-24,2026-05-30,6,False,False,False,False,DOCENTE,DOCENTE_TITULAR_CARRERA,False
1220,16,FACULTAD DE INGENIERÍA EN ELECTRICIDAD Y COMPUTACIÓN,Subrogación,OTROS_AA,True,Subdecano,AUTORIDAD_ACADEMICA_SUPERIOR,,,2026-09-14,2026-09-21,7,False,False,False,False,DOCENTE,DOCENTE_TITULAR_CARRERA,False
1230,88,"FACULTAD DE ARTE, DISEÑO Y COMUNICACIÓN AUDIOVISUAL",Miembro del consejo directivo,OTROS_AA,False,,,,,2019-12-10,2022-12-09,1095,False,False,False,False,DOCENTE,DOCENTE_TITULAR_CARRERA,False
1230,12,FACULTAD DE CIENCIAS NATURALES Y MATEMÁTICAS,Miembro del consejo directivo,OTROS_AA,False,,,,,2020-01-02,2020-01-28,26,False,False,False,False,DOCENTE,DOCENTE_TITULAR_CARRERA,False
1230,88,"FACULTAD DE ARTE, DISEÑO Y COMUNICACIÓN AUDIOVISUAL",Miembro del consejo directivo,OTROS_AA,False,,,,,2023-12-01,2026-11-30,1095,False,False,False,False,DOCENTE,DOCENTE_TITULAR_CARRERA,False
1230,88,"FACULTAD DE ARTE, DISEÑO Y COMUNICACIÓN AUDIOVISUAL",Subrogación,OTROS_AA,True,Subdecano,AUTORIDAD_ACADEMICA_SUPERIOR,,,2024-04-01,2024-04-10,9,False,False,False,False,DOCENTE,DOCENTE_TITULAR_CARRERA,False
1230,88,"FACULTAD DE ARTE, DISEÑO Y COMUNICACIÓN AUDIOVISUAL",Subrogación,OTROS_AA,True,Subdecano,AUTORIDAD_ACADEMICA_SUPERIOR,,,2024-04-23,2024-04-27,4,False,False,False,False,DOCENTE,AUTORIDAD_ACADEMICA_SUPERIOR,True
1230,88,"FACULTAD DE ARTE, DISEÑO Y COMUNICACIÓN AUDIOVISUAL",Subrogación,OTROS_AA,True,Subdecano,AUTORIDAD_ACADEMICA_SUPERIOR,,,2024-04-28,2024-05-01,3,False,False,False,False,DOCENTE,DOCENTE_TITULAR_CARRERA,False
1230,88,"FACULTAD DE ARTE, DISEÑO Y COMUNICACIÓN AUDIOVISUAL",Subrogación,OTROS_AA,True,Subdecano,AUTORIDAD_ACADEMICA_SUPERIOR,,,2024-06-10,2024-06-14,4,False,False,False,False,DOCENTE,DOCENTE_TITULAR_CARRERA,False
1230,88,"FACULTAD DE ARTE, DISEÑO Y COMUNICACIÓN AUDIOVISUAL",Subrogación,OTROS_AA,True,Decano,AUTORIDAD_ACADEMICA_SUPERIOR,,,2026-03-13,2026-03-22,9,False,False,False,False,DOCENTE,DOCENTE_TITULAR_CARRERA,False
1230,88,"FACULTAD DE ARTE, DISEÑO Y COMUNICACIÓN AUDIOVISUAL",Subrogación,OTROS_AA,True,Subdecano,AUTORIDAD_ACADEMICA_SUPERIOR,,,2026-03-14,2026-03-22,8,False,False,False,False,DOCENTE,AUTORIDAD_ACADEMICA_SUPERIOR,True
1230,88,"FACULTAD DE ARTE, DISEÑO Y COMUNICACIÓN AUDIOVISUAL",Subrogación,OTROS_AA,True,Decano,AUTORIDAD_ACADEMICA_SUPERIOR,,,2026-07-12,2026-07-18,6,False,False,False,False,DOCENTE,AUTORIDAD_ACADEMICA_SUPERIOR,True
1231,86,FACULTAD DE INGENIERÍA MARÍTIMA Y CIENCIAS DEL MAR,Coordinador de vinculación con la sociedad,JEFATURA_SUPERVISION_OPERATIVA,False,,,GRADO,Acuicultura,2024-12-04,2027-02-13,801,False,False,False,False,DOCENTE,DOCENTE_TITULAR_CARRERA,False
1231,86,FACULTAD DE INGENIERÍA MARÍTIMA Y CIENCIAS DEL MAR,Coordinador de vinculación con la sociedad,JEFATURA_SUPERVISION_OPERATIVA,False,,,GRADO,Acuicultura,2025-02-18,2024-12-03,0,False,True,False,False,DOCENTE,DOCENTE_TITULAR_CARRERA,False
1231,86,FACULTAD DE INGENIERÍA MARÍTIMA Y CIENCIAS DEL MAR,Coordinador de prácticas empresariales,JEFATURA_SUPERVISION_OPERATIVA,False,,,GRADO,Acuicultura,2026-02-16,2027-02-13,362,False,False,False,False,DOCENTE,DOCENTE_TITULAR_CARRERA,False
1232,16,FACULTAD DE INGENIERÍA EN ELECTRICIDAD Y COMPUTACIÓN,Miembro del consejo politécnico,OTROS_AA,False,,,,,2016-08-22,2019-08-21,1094,False,False,False,False,DOCENTE,DOCENTE_TITULAR_CARRERA,False
1232,16,FACULTAD DE INGENIERÍA EN ELECTRICIDAD Y COMPUTACIÓN,Coordinador de programa de postgrado,JEFATURA_SUPERVISION_OPERATIVA,False,,,POSGRADO,Maestría en Automatización y Control,2024-08-01,2025-03-31,242,False,False,False,False,DOCENTE,DOCENTE_TITULAR_CARRERA,False
1235,40,CENTRO DE ENERGÍAS RENOVABLES Y ALTERNATIVAS,Director,AUTORIDAD_ADMINISTRATIVA_SUPERIOR,False,,,,,2023-05-08,2023-05-19,11,False,False,False,False,DOCENTE,DOCENTE_TITULAR_CARRERA,False
1235,136,DECANATO DE INVESTIGACIÓN,Subrogación,OTROS_AA,True,Decano,AUTORIDAD_ACADEMICA_SUPERIOR,,,2024-09-25,2024-09-29,4,False,False,False,False,DOCENTE,DOCENTE_TITULAR_CARRERA,False
1235,40,CENTRO DE ENERGÍAS RENOVABLES Y ALTERNATIVAS,Director,AUTORIDAD_ADMINISTRATIVA_SUPERIOR,False,,,,,2024-09-25,2024-09-29,4,False,False,False,False,DOCENTE,DOCENTE_TITULAR_CARRERA,False
1235,40,CENTRO DE ENERGÍAS RENOVABLES Y ALTERNATIVAS,Director,AUTORIDAD_ADMINISTRATIVA_SUPERIOR,False,,,,,2025-02-03,2025-03-14,39,False,False,False,False,DOCENTE,DOCENTE_TITULAR_CARRERA,False
1235,22,FACULTAD DE INGENIERÍA MECÁNICA Y CIENCIAS DE LA PRODUCCIÓN,Coordinador de programa de postgrado,JEFATURA_SUPERVISION_OPERATIVA,False,,,POSGRADO,Maestría en Ciencias de la Ingeniería Mecánica,2026-02-18,,209,False,False,False,False,DOCENTE,DOCENTE_TITULAR_CARRERA,False
1235,136,DECANATO DE INVESTIGACIÓN,Subrogación,OTROS_AA,True,Decano,AUTORIDAD_ACADEMICA_SUPERIOR,,,2026-03-14,2026-03-20,6,False,False,False,False,DOCENTE,AUTORIDAD_ACADEMICA_SUPERIOR,True
1246,16,FACULTAD DE INGENIERÍA EN ELECTRICIDAD Y COMPUTACIÓN,Decano,AUTORIDAD_ACADEMICA_SUPERIOR,False,,,,,2022-11-13,,1402,False,False,False,False,DOCENTE,AUTORIDAD_ACADEMICA_SUPERIOR,True
1246,138,DECANATO DE GRADO,Subrogación,OTROS_AA,True,Decano de grado,AUTORIDAD_ACADEMICA_SUPERIOR,,,2023-02-22,2023-02-22,0,False,False,False,False,DOCENTE,AUTORIDAD_ACADEMICA_SUPERIOR,True
1246,138,DECANATO DE GRADO,Subrogación,OTROS_AA,True,Decano de grado,AUTORIDAD_ACADEMICA_SUPERIOR,,,2023-05-22,2023-05-27,5,False,False,False,False,DOCENTE,AUTORIDAD_ACADEMICA_SUPERIOR,True
1246,138,DECANATO DE GRADO,Subrogación,OTROS_AA,True,Decano de grado,AUTORIDAD_ACADEMICA_SUPERIOR,,,2023-06-06,2023-06-08,2,False,False,False,False,DOCENTE,AUTORIDAD_ACADEMICA_SUPERIOR,True
1246,138,DECANATO DE GRADO,Subrogación,OTROS_AA,True,Decano de grado,AUTORIDAD_ACADEMICA_SUPERIOR,,,2023-08-21,2023-08-24,3,False,False,False,False,DOCENTE,AUTORIDAD_ACADEMICA_SUPERIOR,True
1246,138,DECANATO DE GRADO,Subrogación,OTROS_AA,True,Decano de grado,AUTORIDAD_ACADEMICA_SUPERIOR,,,2023-10-20,2023-10-29,9,False,False,False,False,DOCENTE,AUTORIDAD_ACADEMICA_SUPERIOR,True
1246,126,DECANATO DE VINCULACIÓN,Subrogación,OTROS_AA,True,Decano,AUTORIDAD_ACADEMICA_SUPERIOR,,,2024-05-23,2024-06-06,14,False,False,False,False,DOCENTE,AUTORIDAD_ACADEMICA_SUPERIOR,True
1246,136,DECANATO DE INVESTIGACIÓN,Subrogación,OTROS_AA,True,Decano,AUTORIDAD_ACADEMICA_SUPERIOR,,,2024-06-09,2024-06-15,6,False,False,False,False,DOCENTE,AUTORIDAD_ACADEMICA_SUPERIOR,True
1246,137,DECANATO DE POSGRADO,Subrogación,OTROS_AA,True,Decano,AUTORIDAD_ACADEMICA_SUPERIOR,,,2025-05-27,2025-05-31,4,False,False,False,False,DOCENTE,AUTORIDAD_ACADEMICA_SUPERIOR,True
1246,126,DECANATO DE VINCULACIÓN,Subrogación,OTROS_AA,True,Decano,AUTORIDAD_ACADEMICA_SUPERIOR,,,2025-07-01,2025-07-04,3,False,False,False,False,DOCENTE,DOCENTE_CONTRATADO_SERVICIOS_CIVILES,False
1246,126,DECANATO DE VINCULACIÓN,Subrogación,OTROS_AA,True,Decano,AUTORIDAD_ACADEMICA_SUPERIOR,,,2025-07-07,2025-07-08,1,False,False,False,False,DOCENTE,DOCENTE_CONTRATADO_SERVICIOS_CIVILES,False
1246,136,DECANATO DE INVESTIGACIÓN,Subrogación,OTROS_AA,True,Decano,AUTORIDAD_ACADEMICA_SUPERIOR,,,2026-02-02,2026-02-06,4,False,False,False,False,DOCENTE,AUTORIDAD_ACADEMICA_SUPERIOR,True
1247,47,GERENCIA FINANCIERA,Subrogación,OTROS_AA,True,Gerente,AUTORIDAD_ADMINISTRATIVA_SUPERIOR,,,2023-03-02,2023-03-07,5,False,False,False,False,ADMINISTRATIVO,AUTORIDAD_ADMINISTRATIVA_SUPERIOR,True
1247,47,GERENCIA FINANCIERA,Subrogación,OTROS_AA,True,Gerente,AUTORIDAD_ADMINISTRATIVA_SUPERIOR,,,2023-06-30,2023-07-11,11,False,False,False,False,ADMINISTRATIVO,JEFATURA_SUPERVISION_OPERATIVA,False
1247,47,GERENCIA FINANCIERA,Subrogación,OTROS_AA,True,Gerente,AUTORIDAD_ADMINISTRATIVA_SUPERIOR,,,2023-09-11,2023-09-13,2,False,False,False,False,ADMINISTRATIVO,AUTORIDAD_ADMINISTRATIVA_SUPERIOR,True
1247,47,GERENCIA FINANCIERA,Subrogación,OTROS_AA,True,Gerente,AUTORIDAD_ADMINISTRATIVA_SUPERIOR,,,2023-09-29,2023-10-05,6,False,False,False,False,ADMINISTRATIVO,AUTORIDAD_ADMINISTRATIVA_SUPERIOR,True
1247,47,GERENCIA FINANCIERA,Subrogación,OTROS_AA,True,Gerente,AUTORIDAD_ADMINISTRATIVA_SUPERIOR,,,2025-01-27,2025-01-31,4,False,False,False,False,ADMINISTRATIVO,JEFATURA_SUPERVISION_OPERATIVA,False
1262,17,FACULTAD DE CIENCIAS SOCIALES Y HUMANÍSTICAS,Miembro del consejo directivo,OTROS_AA,False,,,,,2016-12-14,2019-12-13,1094,False,False,False,False,DOCENTE,DOCENTE_TITULAR_CARRERA,False
1308,17,FACULTAD DE CIENCIAS SOCIALES Y HUMANÍSTICAS,Coordinador de prácticas empresariales,JEFATURA_SUPERVISION_OPERATIVA,False,,,GRADO,Auditoría y Control de Gestión,2020-10-01,2021-12-10,435,False,False,False,False,DOCENTE,DOCENTE_NO_TITULAR_OCASIONAL,False
1308,17,FACULTAD DE CIENCIAS SOCIALES Y HUMANÍSTICAS,Coordinador de prácticas empresariales,JEFATURA_SUPERVISION_OPERATIVA,False,,,GRADO,Economía,2020-10-01,2021-12-10,435,False,False,True,False,DOCENTE,DOCENTE_NO_TITULAR_OCASIONAL,False
1308,17,FACULTAD DE CIENCIAS SOCIALES Y HUMANÍSTICAS,Coordinador de prácticas empresariales,JEFATURA_SUPERVISION_OPERATIVA,False,,,GRADO,Arqueología,2020-10-01,2021-12-10,435,False,False,True,False,DOCENTE,DOCENTE_NO_TITULAR_OCASIONAL,False
1308,17,FACULTAD DE CIENCIAS SOCIALES Y HUMANÍSTICAS,Coordinador de prácticas empresariales,JEFATURA_SUPERVISION_OPERATIVA,False,,,GRADO,Administración de Empresas,2020-10-01,2021-12-10,435,False,False,True,False,DOCENTE,DOCENTE_NO_TITULAR_OCASIONAL,False
1308,17,FACULTAD DE CIENCIAS SOCIALES Y HUMANÍSTICAS,Coordinador de prácticas empresariales,JEFATURA_SUPERVISION_OPERATIVA,False,,,GRADO,Turismo,2020-10-01,2021-12-10,435,False,False,True,False,DOCENTE,DOCENTE_NO_TITULAR_OCASIONAL,False
1308,17,FACULTAD DE CIENCIAS SOCIALES Y HUMANÍSTICAS,Coordinador de prácticas empresariales,JEFATURA_SUPERVISION_OPERATIVA,False,,,GRADO,Auditoría y Control de Gestión,2021-12-15,2021-12-14,0,False,True,False,False,DOCENTE,DOCENTE_NO_TITULAR_OCASIONAL,False
1308,17,FACULTAD DE CIENCIAS SOCIALES Y HUMANÍSTICAS,Coordinador de prácticas empresariales,JEFATURA_SUPERVISION_OPERATIVA,False,,,GRADO,Auditoría y Control de Gestión,2021-12-15,2021-12-14,0,False,True,True,False,DOCENTE,DOCENTE_NO_TITULAR_OCASIONAL,False
1308,17,FACULTAD DE CIENCIAS SOCIALES Y HUMANÍSTICAS,Coordinador de prácticas empresariales,JEFATURA_SUPERVISION_OPERATIVA,False,,,GRADO,Auditoría y Control de Gestión,2021-12-15,2025-10-31,1416,False,False,False,False,DOCENTE,DOCENTE_NO_TITULAR_OCASIONAL,False
1308,17,FACULTAD DE CIENCIAS SOCIALES Y HUMANÍSTICAS,Coordinador de prácticas empresariales,JEFATURA_SUPERVISION_OPERATIVA,False,,,GRADO,Economía,2021-12-15,2021-12-14,0,False,True,True,False,DOCENTE,DOCENTE_NO_TITULAR_OCASIONAL,False
1308,17,FACULTAD DE CIENCIAS SOCIALES Y HUMANÍSTICAS,Coordinador de prácticas empresariales,JEFATURA_SUPERVISION_OPERATIVA,False,,,GRADO,Economía,2021-12-15,2021-12-14,0,False,True,True,False,DOCENTE,DOCENTE_NO_TITULAR_OCASIONAL,False
1308,17,FACULTAD DE CIENCIAS SOCIALES Y HUMANÍSTICAS,Coordinador de prácticas empresariales,JEFATURA_SUPERVISION_OPERATIVA,False,,,GRADO,Economía,2021-12-15,2025-10-31,1416,False,False,True,False,DOCENTE,DOCENTE_NO_TITULAR_OCASIONAL,False
1308,17,FACULTAD DE CIENCIAS SOCIALES Y HUMANÍSTICAS,Coordinador de prácticas empresariales,JEFATURA_SUPERVISION_OPERATIVA,False,,,GRADO,Arqueología,2021-12-15,2021-12-14,0,False,True,True,False,DOCENTE,DOCENTE_NO_TITULAR_OCASIONAL,False
1308,17,FACULTAD DE CIENCIAS SOCIALES Y HUMANÍSTICAS,Coordinador de prácticas empresariales,JEFATURA_SUPERVISION_OPERATIVA,False,,,GRADO,Arqueología,2021-12-15,2021-12-14,0,False,True,True,False,DOCENTE,DOCENTE_NO_TITULAR_OCASIONAL,False
1308,17,FACULTAD DE CIENCIAS SOCIALES Y HUMANÍSTICAS,Coordinador de prácticas empresariales,JEFATURA_SUPERVISION_OPERATIVA,False,,,GRADO,Arqueología,2021-12-15,2025-10-31,1416,False,False,True,False,DOCENTE,DOCENTE_NO_TITULAR_OCASIONAL,False
1308,17,FACULTAD DE CIENCIAS SOCIALES Y HUMANÍSTICAS,Coordinador de prácticas empresariales,JEFATURA_SUPERVISION_OPERATIVA,False,,,GRADO,Administración de Empresas,2021-12-15,2021-12-14,0,False,True,True,False,DOCENTE,DOCENTE_NO_TITULAR_OCASIONAL,False
1308,17,FACULTAD DE CIENCIAS SOCIALES Y HUMANÍSTICAS,Coordinador de prácticas empresariales,JEFATURA_SUPERVISION_OPERATIVA,False,,,GRADO,Administración de Empresas,2021-12-15,2021-12-14,0,False,True,True,False,DOCENTE,DOCENTE_NO_TITULAR_OCASIONAL,False
1308,17,FACULTAD DE CIENCIAS SOCIALES Y HUMANÍSTICAS,Coordinador de prácticas empresariales,JEFATURA_SUPERVISION_OPERATIVA,False,,,GRADO,Administración de Empresas,2021-12-15,2023-09-24,648,False,False,False,False,DOCENTE,DOCENTE_NO_TITULAR_OCASIONAL,False
1308,17,FACULTAD DE CIENCIAS SOCIALES Y HUMANÍSTICAS,Coordinador de prácticas empresariales,JEFATURA_SUPERVISION_OPERATIVA,False,,,GRADO,Turismo,2021-12-15,2021-12-14,0,False,True,True,False,DOCENTE,DOCENTE_NO_TITULAR_OCASIONAL,False
1308,17,FACULTAD DE CIENCIAS SOCIALES Y HUMANÍSTICAS,Coordinador de prácticas empresariales,JEFATURA_SUPERVISION_OPERATIVA,False,,,GRADO,Turismo,2021-12-15,2021-12-14,0,False,True,True,False,DOCENTE,DOCENTE_NO_TITULAR_OCASIONAL,False
1308,17,FACULTAD DE CIENCIAS SOCIALES Y HUMANÍSTICAS,Coordinador de prácticas empresariales,JEFATURA_SUPERVISION_OPERATIVA,False,,,GRADO,Turismo,2021-12-15,2025-10-31,1416,False,False,True,False,DOCENTE,DOCENTE_NO_TITULAR_OCASIONAL,False
1308,17,FACULTAD DE CIENCIAS SOCIALES Y HUMANÍSTICAS,Coordinador de prácticas empresariales,JEFATURA_SUPERVISION_OPERATIVA,False,,,GRADO,Administración de Empresas,2023-09-25,2025-10-31,767,False,False,False,False,DOCENTE,DOCENTE_NO_TITULAR_OCASIONAL,False
1308,17,FACULTAD DE CIENCIAS SOCIALES Y HUMANÍSTICAS,Coordinador de prácticas empresariales,JEFATURA_SUPERVISION_OPERATIVA,False,,,GRADO,Auditoría y Control de Gestión,2025-11-01,2025-11-18,17,False,False,False,False,DOCENTE,DOCENTE_NO_TITULAR_OCASIONAL,False
1308,17,FACULTAD DE CIENCIAS SOCIALES Y HUMANÍSTICAS,Coordinador de prácticas empresariales,JEFATURA_SUPERVISION_OPERATIVA,False,,,GRADO,Economía,2025-11-01,2025-11-18,17,False,False,True,False,DOCENTE,DOCENTE_NO_TITULAR_OCASIONAL,False
1308,17,FACULTAD DE CIENCIAS SOCIALES Y HUMANÍSTICAS,Coordinador de prácticas empresariales,JEFATURA_SUPERVISION_OPERATIVA,False,,,GRADO,Arqueología,2025-11-01,2025-11-18,17,False,False,True,False,DOCENTE,DOCENTE_NO_TITULAR_OCASIONAL,False
1308,17,FACULTAD DE CIENCIAS SOCIALES Y HUMANÍSTICAS,Coordinador de prácticas empresariales,JEFATURA_SUPERVISION_OPERATIVA,False,,,GRADO,Administración de Empresas,2025-11-01,2025-11-18,17,False,False,True,False,DOCENTE,DOCENTE_NO_TITULAR_OCASIONAL,False
1308,17,FACULTAD DE CIENCIAS SOCIALES Y HUMANÍSTICAS,Coordinador de prácticas empresariales,JEFATURA_SUPERVISION_OPERATIVA,False,,,GRADO,Auditoría y Control de Gestión,2025-11-19,2025-11-20,1,False,False,False,False,DOCENTE,DOCENTE_NO_TITULAR_OCASIONAL,False
1308,17,FACULTAD DE CIENCIAS SOCIALES Y HUMANÍSTICAS,Coordinador de prácticas empresariales,JEFATURA_SUPERVISION_OPERATIVA,False,,,GRADO,Auditoría y Control de Gestión,2025-11-19,2025-11-20,1,False,False,True,False,DOCENTE,DOCENTE_NO_TITULAR_OCASIONAL,False
1308,17,FACULTAD DE CIENCIAS SOCIALES Y HUMANÍSTICAS,Coordinador de prácticas empresariales,JEFATURA_SUPERVISION_OPERATIVA,False,,,GRADO,Economía,2025-11-19,2025-11-20,1,False,False,True,False,DOCENTE,DOCENTE_NO_TITULAR_OCASIONAL,False
1308,17,FACULTAD DE CIENCIAS SOCIALES Y HUMANÍSTICAS,Coordinador de prácticas empresariales,JEFATURA_SUPERVISION_OPERATIVA,False,,,GRADO,Economía,2025-11-19,2025-11-20,1,False,False,True,False,DOCENTE,DOCENTE_NO_TITULAR_OCASIONAL,False
1308,17,FACULTAD DE CIENCIAS SOCIALES Y HUMANÍSTICAS,Coordinador de prácticas empresariales,JEFATURA_SUPERVISION_OPERATIVA,False,,,GRADO,Arqueología,2025-11-19,2025-11-20,1,False,False,True,False,DOCENTE,DOCENTE_NO_TITULAR_OCASIONAL,False
1308,17,FACULTAD DE CIENCIAS SOCIALES Y HUMANÍSTICAS,Coordinador de prácticas empresariales,JEFATURA_SUPERVISION_OPERATIVA,False,,,GRADO,Arqueología,2025-11-19,,300,False,False,False,False,DOCENTE,DOCENTE_NO_TITULAR_OCASIONAL,False
1308,17,FACULTAD DE CIENCIAS SOCIALES Y HUMANÍSTICAS,Coordinador de prácticas empresariales,JEFATURA_SUPERVISION_OPERATIVA,False,,,GRADO,Administración de Empresas,2025-11-19,2025-11-20,1,False,False,True,False,DOCENTE,DOCENTE_NO_TITULAR_OCASIONAL,False
1308,17,FACULTAD DE CIENCIAS SOCIALES Y HUMANÍSTICAS,Coordinador de prácticas empresariales,JEFATURA_SUPERVISION_OPERATIVA,False,,,GRADO,Administración de Empresas,2025-11-19,,300,False,False,True,False,DOCENTE,DOCENTE_NO_TITULAR_OCASIONAL,False
1308,17,FACULTAD DE CIENCIAS SOCIALES Y HUMANÍSTICAS,Coordinador de prácticas empresariales,JEFATURA_SUPERVISION_OPERATIVA,False,,,GRADO,Turismo,2025-11-20,2025-11-20,0,False,False,False,False,DOCENTE,DOCENTE_NO_TITULAR_OCASIONAL,False
1308,17,FACULTAD DE CIENCIAS SOCIALES Y HUMANÍSTICAS,Coordinador de prácticas empresariales,JEFATURA_SUPERVISION_OPERATIVA,False,,,GRADO,Turismo,2025-11-20,,299,False,False,False,False,DOCENTE,DOCENTE_NO_TITULAR_OCASIONAL,False
1308,17,FACULTAD DE CIENCIAS SOCIALES Y HUMANÍSTICAS,Coordinador de prácticas empresariales,JEFATURA_SUPERVISION_OPERATIVA,False,,,GRADO,Auditoría y Control de Gestión,2025-11-21,,298,False,False,False,False,DOCENTE,DOCENTE_NO_TITULAR_OCASIONAL,False
1308,17,FACULTAD DE CIENCIAS SOCIALES Y HUMANÍSTICAS,Coordinador de prácticas empresariales,JEFATURA_SUPERVISION_OPERATIVA,False,,,GRADO,Economía,2025-11-21,,298,False,False,True,False,DOCENTE,DOCENTE_NO_TITULAR_OCASIONAL,False
1308,17,FACULTAD DE CIENCIAS SOCIALES Y HUMANÍSTICAS,Coordinador de prácticas empresariales,JEFATURA_SUPERVISION_OPERATIVA,False,,,GRADO,Turismo,2025-12-15,2025-11-20,0,False,True,False,False,DOCENTE,DOCENTE_NO_TITULAR_OCASIONAL,False
1315,16,FACULTAD DE INGENIERÍA EN ELECTRICIDAD Y COMPUTACIÓN,Coordinador de carrera,JEFATURA_SUPERVISION_OPERATIVA,False,,,GRADO,Electricidad,2013-11-22,2017-03-19,1213,False,False,False,False,DOCENTE,DOCENTE_TITULAR_CARRERA,False
1315,16,FACULTAD DE INGENIERÍA EN ELECTRICIDAD Y COMPUTACIÓN,Coordinador de carrera,JEFATURA_SUPERVISION_OPERATIVA,False,,,GRADO,Electricidad,2017-03-20,2017-09-22,186,False,False,False,False,DOCENTE,DOCENTE_TITULAR_CARRERA,False
1315,16,FACULTAD DE INGENIERÍA EN ELECTRICIDAD Y COMPUTACIÓN,Coordinador de carrera,JEFATURA_SUPERVISION_OPERATIVA,False,,,GRADO,Electricidad,2017-09-25,2017-11-20,56,False,False,False,False,DOCENTE,DOCENTE_TITULAR_CARRERA,False
1315,16,FACULTAD DE INGENIERÍA EN ELECTRICIDAD Y COMPUTACIÓN,Miembro del consejo politécnico,OTROS_AA,False,,,,,2025-12-11,2028-12-10,1095,False,False,False,False,DOCENTE,DOCENTE_TITULAR_CARRERA,False
1329,17,FACULTAD DE CIENCIAS SOCIALES Y HUMANÍSTICAS,Miembro del consejo politécnico,OTROS_AA,False,,,,,2016-08-22,2019-08-21,1094,False,False,False,False,DOCENTE,DOCENTE_TITULAR_CARRERA,False
1329,17,FACULTAD DE CIENCIAS SOCIALES Y HUMANÍSTICAS,Miembro del consejo directivo,OTROS_AA,False,,,,,2016-12-14,2019-12-13,1094,False,False,False,False,DOCENTE,DOCENTE_TITULAR_CARRERA,False
1335,27,ESCUELA DE DISEÑO Y COMUNICACIÓN VISUAL,Miembro del consejo politécnico,OTROS_AA,False,,,,,2016-08-22,2019-08-21,1094,False,False,False,False,DOCENTE,DOCENTE_TITULAR_CARRERA,False
1335,27,ESCUELA DE DISEÑO Y COMUNICACIÓN VISUAL,Miembro del consejo directivo,OTROS_AA,False,,,,,2017-01-27,2019-01-26,729,False,False,False,False,DOCENTE,DOCENTE_TITULAR_CARRERA,False
1335,27,ESCUELA DE DISEÑO Y COMUNICACIÓN VISUAL,Miembro del consejo directivo,OTROS_AA,False,,,,,2017-01-27,2019-01-23,726,False,False,False,False,DOCENTE,DOCENTE_TITULAR_CARRERA,False
1335,27,ESCUELA DE DISEÑO Y COMUNICACIÓN VISUAL,Subdirector académico,AUTORIDAD_ADMINISTRATIVA_SUPERIOR,False,,,,,2017-11-13,2019-01-23,436,False,False,False,False,DOCENTE,DOCENTE_TITULAR_CARRERA,False
1335,88,"FACULTAD DE ARTE, DISEÑO Y COMUNICACIÓN AUDIOVISUAL",Subdecano,AUTORIDAD_ACADEMICA_SUPERIOR,False,,,,,2019-01-24,2022-11-12,1388,False,False,False,False,DOCENTE,DOCENTE_TITULAR_CARRERA,False
1335,88,"FACULTAD DE ARTE, DISEÑO Y COMUNICACIÓN AUDIOVISUAL",Miembro del consejo directivo,OTROS_AA,False,,,,,2019-01-24,2020-01-26,367,False,False,False,False,DOCENTE,DOCENTE_TITULAR_CARRERA,False
1335,88,"FACULTAD DE ARTE, DISEÑO Y COMUNICACIÓN AUDIOVISUAL",Subrogación,OTROS_AA,True,Decano,AUTORIDAD_ACADEMICA_SUPERIOR,,,2019-03-06,2019-03-15,9,False,False,False,False,DOCENTE,AUTORIDAD_ACADEMICA_SUPERIOR,True
1335,88,"FACULTAD DE ARTE, DISEÑO Y COMUNICACIÓN AUDIOVISUAL",Subrogación,OTROS_AA,True,Decano,AUTORIDAD_ACADEMICA_SUPERIOR,,,2019-12-26,2020-01-03,8,False,False,False,False,DOCENTE,DOCENTE_TITULAR_CARRERA,False
1335,88,"FACULTAD DE ARTE, DISEÑO Y COMUNICACIÓN AUDIOVISUAL",Subrogación,OTROS_AA,True,Decano,AUTORIDAD_ACADEMICA_SUPERIOR,,,2020-02-26,2020-03-06,9,False,False,False,False,DOCENTE,DOCENTE_TITULAR_CARRERA,False
1335,88,"FACULTAD DE ARTE, DISEÑO Y COMUNICACIÓN AUDIOVISUAL",Subrogación,OTROS_AA,True,Decano,AUTORIDAD_ACADEMICA_SUPERIOR,,,2022-03-21,2022-03-28,7,False,False,False,False,DOCENTE,DOCENTE_TITULAR_CARRERA,False
1335,88,"FACULTAD DE ARTE, DISEÑO Y COMUNICACIÓN AUDIOVISUAL",Subrogación,OTROS_AA,True,Decano,AUTORIDAD_ACADEMICA_SUPERIOR,,,2022-10-03,2022-10-07,4,False,False,False,False,DOCENTE,DOCENTE_TITULAR_CARRERA,False
1335,88,"FACULTAD DE ARTE, DISEÑO Y COMUNICACIÓN AUDIOVISUAL",Coordinador de acreditación internacional,JEFATURA_SUPERVISION_OPERATIVA,False,,,GRADO,Diseño de Productos,2022-12-02,2025-02-17,808,False,False,False,False,DOCENTE,DOCENTE_TITULAR_CARRERA,False
1335,88,"FACULTAD DE ARTE, DISEÑO Y COMUNICACIÓN AUDIOVISUAL",Miembro del consejo directivo,OTROS_AA,False,,,,,2022-12-10,2023-11-30,355,False,False,False,False,DOCENTE,DOCENTE_TITULAR_CARRERA,False
1335,88,"FACULTAD DE ARTE, DISEÑO Y COMUNICACIÓN AUDIOVISUAL",Coordinador de acreditación internacional,JEFATURA_SUPERVISION_OPERATIVA,False,,,GRADO,Diseño Gráfico,2023-01-03,2025-02-17,776,False,False,False,False,DOCENTE,DOCENTE_TITULAR_CARRERA,False
1335,88,"FACULTAD DE ARTE, DISEÑO Y COMUNICACIÓN AUDIOVISUAL",Coordinador de acreditación internacional,JEFATURA_SUPERVISION_OPERATIVA,False,,,GRADO,Producción para Medios de Comunicación,2023-01-03,2025-02-17,776,False,False,True,False,DOCENTE,DOCENTE_TITULAR_CARRERA,False
1335,88,"FACULTAD DE ARTE, DISEÑO Y COMUNICACIÓN AUDIOVISUAL",Subrogación,OTROS_AA,True,Subdecano,AUTORIDAD_ACADEMICA_SUPERIOR,,,2023-02-13,2023-03-17,32,False,False,False,False,DOCENTE,DOCENTE_TITULAR_CARRERA,False
1335,88,"FACULTAD DE ARTE, DISEÑO Y COMUNICACIÓN AUDIOVISUAL",Miembro del consejo directivo,OTROS_AA,False,,,,,2023-12-01,2026-11-30,1095,False,False,False,False,DOCENTE,DOCENTE_TITULAR_CARRERA,False
1335,88,"FACULTAD DE ARTE, DISEÑO Y COMUNICACIÓN AUDIOVISUAL",Subrogación,OTROS_AA,True,Subdecano,AUTORIDAD_ACADEMICA_SUPERIOR,,,2024-03-05,2024-03-17,12,False,False,False,False,DOCENTE,DOCENTE_TITULAR_CARRERA,False
1335,88,"FACULTAD DE ARTE, DISEÑO Y COMUNICACIÓN AUDIOVISUAL",Coordinador de acreditación internacional,JEFATURA_SUPERVISION_OPERATIVA,False,,,GRADO,Diseño de Productos,2025-02-24,2025-03-09,13,False,False,False,False,DOCENTE,DOCENTE_TITULAR_CARRERA,False
1335,88,"FACULTAD DE ARTE, DISEÑO Y COMUNICACIÓN AUDIOVISUAL",Coordinador de acreditación internacional,JEFATURA_SUPERVISION_OPERATIVA,False,,,GRADO,Diseño Gráfico,2025-02-24,2025-03-09,13,False,False,True,False,DOCENTE,DOCENTE_TITULAR_CARRERA,False
1335,88,"FACULTAD DE ARTE, DISEÑO Y COMUNICACIÓN AUDIOVISUAL",Coordinador de acreditación internacional,JEFATURA_SUPERVISION_OPERATIVA,False,,,GRADO,Producción para Medios de Comunicación,2025-02-24,2025-03-09,13,False,False,True,False,DOCENTE,DOCENTE_TITULAR_CARRERA,False
1335,88,"FACULTAD DE ARTE, DISEÑO Y COMUNICACIÓN AUDIOVISUAL",Coordinador de acreditación internacional,JEFATURA_SUPERVISION_OPERATIVA,False,,,GRADO,Diseño de Productos,2025-03-10,2026-02-13,340,False,False,False,False,DOCENTE,DOCENTE_TITULAR_CARRERA,False
1335,88,"FACULTAD DE ARTE, DISEÑO Y COMUNICACIÓN AUDIOVISUAL",Coordinador de acreditación internacional,JEFATURA_SUPERVISION_OPERATIVA,False,,,GRADO,Diseño Gráfico,2025-03-10,2026-02-13,340,False,False,True,False,DOCENTE,DOCENTE_TITULAR_CARRERA,False
1335,88,"FACULTAD DE ARTE, DISEÑO Y COMUNICACIÓN AUDIOVISUAL",Coordinador de acreditación internacional,JEFATURA_SUPERVISION_OPERATIVA,False,,,GRADO,Producción para Medios de Comunicación,2025-03-10,2026-02-13,340,False,False,True,False,DOCENTE,DOCENTE_TITULAR_CARRERA,False
1335,88,"FACULTAD DE ARTE, DISEÑO Y COMUNICACIÓN AUDIOVISUAL",Coordinador de acreditación internacional,JEFATURA_SUPERVISION_OPERATIVA,False,,,GRADO,Diseño de Productos,2025-05-05,2024-11-26,0,False,True,False,False,DOCENTE,DOCENTE_TITULAR_CARRERA,False
1335,88,"FACULTAD DE ARTE, DISEÑO Y COMUNICACIÓN AUDIOVISUAL",Coordinador de acreditación internacional,JEFATURA_SUPERVISION_OPERATIVA,False,,,GRADO,Diseño Gráfico,2025-05-05,2024-11-26,0,False,True,True,False,DOCENTE,DOCENTE_TITULAR_CARRERA,False
1335,88,"FACULTAD DE ARTE, DISEÑO Y COMUNICACIÓN AUDIOVISUAL",Coordinador de acreditación internacional,JEFATURA_SUPERVISION_OPERATIVA,False,,,GRADO,Producción para Medios de Comunicación,2025-05-05,2024-11-26,0,False,True,True,False,DOCENTE,DOCENTE_TITULAR_CARRERA,False
1335,88,"FACULTAD DE ARTE, DISEÑO Y COMUNICACIÓN AUDIOVISUAL",Coordinador de acreditación internacional,JEFATURA_SUPERVISION_OPERATIVA,False,,,GRADO,Diseño de Productos,2025-10-28,2025-11-09,12,False,False,False,False,DOCENTE,DOCENTE_TITULAR_CARRERA,False
1335,88,"FACULTAD DE ARTE, DISEÑO Y COMUNICACIÓN AUDIOVISUAL",Coordinador de acreditación internacional,JEFATURA_SUPERVISION_OPERATIVA,False,,,GRADO,Diseño Gráfico,2025-10-28,2025-11-09,12,False,False,True,False,DOCENTE,DOCENTE_TITULAR_CARRERA,False
1335,88,"FACULTAD DE ARTE, DISEÑO Y COMUNICACIÓN AUDIOVISUAL",Coordinador de acreditación internacional,JEFATURA_SUPERVISION_OPERATIVA,False,,,GRADO,Producción para Medios de Comunicación,2025-10-28,2025-11-09,12,False,False,True,False,DOCENTE,DOCENTE_TITULAR_CARRERA,False
1335,88,"FACULTAD DE ARTE, DISEÑO Y COMUNICACIÓN AUDIOVISUAL",Coordinador de acreditación internacional,JEFATURA_SUPERVISION_OPERATIVA,False,,,GRADO,Diseño de Productos,2025-11-10,2025-11-10,0,False,False,False,False,DOCENTE,DOCENTE_TITULAR_CARRERA,False
1335,88,"FACULTAD DE ARTE, DISEÑO Y COMUNICACIÓN AUDIOVISUAL",Coordinador de acreditación internacional,JEFATURA_SUPERVISION_OPERATIVA,False,,,GRADO,Diseño de Productos,2025-11-10,2026-03-08,118,False,False,False,False,DOCENTE,DOCENTE_TITULAR_CARRERA,False
1335,88,"FACULTAD DE ARTE, DISEÑO Y COMUNICACIÓN AUDIOVISUAL",Coordinador de acreditación internacional,JEFATURA_SUPERVISION_OPERATIVA,False,,,GRADO,Diseño Gráfico,2025-11-10,2025-11-10,0,False,False,True,False,DOCENTE,DOCENTE_TITULAR_CARRERA,False
1335,88,"FACULTAD DE ARTE, DISEÑO Y COMUNICACIÓN AUDIOVISUAL",Coordinador de acreditación internacional,JEFATURA_SUPERVISION_OPERATIVA,False,,,GRADO,Diseño Gráfico,2025-11-10,2026-03-08,118,False,False,True,False,DOCENTE,DOCENTE_TITULAR_CARRERA,False
1335,88,"FACULTAD DE ARTE, DISEÑO Y COMUNICACIÓN AUDIOVISUAL",Coordinador de acreditación internacional,JEFATURA_SUPERVISION_OPERATIVA,False,,,GRADO,Producción para Medios de Comunicación,2025-11-10,2026-03-08,118,False,False,True,False,DOCENTE,DOCENTE_TITULAR_CARRERA,False
1335,88,"FACULTAD DE ARTE, DISEÑO Y COMUNICACIÓN AUDIOVISUAL",Coordinador de acreditación internacional,JEFATURA_SUPERVISION_OPERATIVA,False,,,GRADO,Diseño de Productos,2026-02-14,2025-11-09,0,False,True,False,False,DOCENTE,DOCENTE_TITULAR_CARRERA,False
1335,88,"FACULTAD DE ARTE, DISEÑO Y COMUNICACIÓN AUDIOVISUAL",Coordinador de acreditación internacional,JEFATURA_SUPERVISION_OPERATIVA,False,,,GRADO,Diseño Gráfico,2026-02-14,2025-11-09,0,False,True,True,False,DOCENTE,DOCENTE_TITULAR_CARRERA,False
1335,88,"FACULTAD DE ARTE, DISEÑO Y COMUNICACIÓN AUDIOVISUAL",Coordinador de acreditación internacional,JEFATURA_SUPERVISION_OPERATIVA,False,,,GRADO,Producción para Medios de Comunicación,2026-02-14,2025-11-09,0,False,True,True,False,DOCENTE,DOCENTE_TITULAR_CARRERA,False
1335,88,"FACULTAD DE ARTE, DISEÑO Y COMUNICACIÓN AUDIOVISUAL",Coordinador de acreditación internacional,JEFATURA_SUPERVISION_OPERATIVA,False,,,GRADO,Diseño de Productos,2026-03-09,2027-02-12,340,False,False,False,False,DOCENTE,DOCENTE_TITULAR_CARRERA,False
1335,88,"FACULTAD DE ARTE, DISEÑO Y COMUNICACIÓN AUDIOVISUAL",Coordinador de acreditación internacional,JEFATURA_SUPERVISION_OPERATIVA,False,,,GRADO,Diseño Gráfico,2026-03-09,2027-02-12,340,False,False,True,False,DOCENTE,DOCENTE_TITULAR_CARRERA,False
1335,88,"FACULTAD DE ARTE, DISEÑO Y COMUNICACIÓN AUDIOVISUAL",Coordinador de acreditación internacional,JEFATURA_SUPERVISION_OPERATIVA,False,,,GRADO,Producción para Medios de Comunicación,2026-03-09,2027-02-12,340,False,False,True,False,DOCENTE,DOCENTE_TITULAR_CARRERA,False
1339,47,GERENCIA FINANCIERA,Gerente,AUTORIDAD_ADMINISTRATIVA_SUPERIOR,False,,,,,2017-11-01,2017-11-12,11,False,False,False,False,ADMINISTRATIVO,AUTORIDAD_ADMINISTRATIVA_SUPERIOR,True
1339,47,GERENCIA FINANCIERA,Gerente,AUTORIDAD_ADMINISTRATIVA_SUPERIOR,False,,,,,2017-11-13,2018-06-15,214,False,False,False,False,ADMINISTRATIVO,AUTORIDAD_ADMINISTRATIVA_SUPERIOR,True
1339,17,FACULTAD DE CIENCIAS SOCIALES Y HUMANÍSTICAS,Miembro del consejo directivo,OTROS_AA,False,,,,,2019-12-10,2022-12-09,1095,False,False,False,False,DOCENTE,DOCENTE_TITULAR_CARRERA,False
1339,114,CENTRO INTERNACIONAL DEL PACÍFICO PARA LA REDUCCIÓN DEL RIESGO DE DESASTRES,Director,AUTORIDAD_ADMINISTRATIVA_SUPERIOR,False,,,,,2026-03-16,2026-04-02,17,False,False,False,False,DOCENTE,DOCENTE_TITULAR_CARRERA,False
1349,16,FACULTAD DE INGENIERÍA EN ELECTRICIDAD Y COMPUTACIÓN,Miembro del consejo directivo,OTROS_AA,False,,,,,2017-01-27,2020-01-26,1094,False,False,False,False,DOCENTE,DOCENTE_TITULAR_CARRERA,False
1349,16,FACULTAD DE INGENIERÍA EN ELECTRICIDAD Y COMPUTACIÓN,Subrogación,OTROS_AA,True,Subdecano,AUTORIDAD_ACADEMICA_SUPERIOR,,,2019-04-01,2019-04-05,4,False,False,False,False,DOCENTE,DOCENTE_TITULAR_CARRERA,False
1349,16,FACULTAD DE INGENIERÍA EN ELECTRICIDAD Y COMPUTACIÓN,Miembro del consejo directivo,OTROS_AA,False,,,,,2019-10-21,2020-01-24,95,False,False,False,False,DOCENTE,DOCENTE_TITULAR_CARRERA,False
1349,16,FACULTAD DE INGENIERÍA EN ELECTRICIDAD Y COMPUTACIÓN,Subrogación,OTROS_AA,True,Subdecano,AUTORIDAD_ACADEMICA_SUPERIOR,,,2019-12-07,2019-12-12,5,False,False,False,False,DOCENTE,AUTORIDAD_ACADEMICA_SUPERIOR,True
1349,16,FACULTAD DE INGENIERÍA EN ELECTRICIDAD Y COMPUTACIÓN,Coordinador de prácticas empresariales,JEFATURA_SUPERVISION_OPERATIVA,False,,,GRADO,Telecomunicaciones,2024-11-25,,659,False,False,False,False,DOCENTE,DOCENTE_TITULAR_CARRERA,False
1359,54,GERENCIA ADMINISTRATIVA,Gerente,AUTORIDAD_ADMINISTRATIVA_SUPERIOR,False,,,,,2017-11-01,2017-11-12,11,False,False,False,False,,,
1359,54,GERENCIA ADMINISTRATIVA,Gerente,AUTORIDAD_ADMINISTRATIVA_SUPERIOR,False,,,,,2017-11-13,2018-05-31,199,False,False,False,False,,,
1360,27,ESCUELA DE DISEÑO Y COMUNICACIÓN VISUAL,Miembro del consejo directivo,OTROS_AA,False,,,,,2017-06-14,2019-01-23,588,False,False,False,False,DOCENTE,DIRECCION_ACADEMICA_INTERMEDIA,False
1360,88,"FACULTAD DE ARTE, DISEÑO Y COMUNICACIÓN AUDIOVISUAL",Miembro del consejo directivo,OTROS_AA,False,,,,,2017-06-14,2020-06-13,1095,False,False,False,False,DOCENTE,AUTORIDAD_ACADEMICA_SUPERIOR,False
1360,27,ESCUELA DE DISEÑO Y COMUNICACIÓN VISUAL,Director académico,AUTORIDAD_ADMINISTRATIVA_SUPERIOR,False,,,,,2017-11-13,2019-01-23,436,False,False,False,False,DOCENTE,DIRECCION_ACADEMICA_INTERMEDIA,False
1360,88,"FACULTAD DE ARTE, DISEÑO Y COMUNICACIÓN AUDIOVISUAL",Decano,AUTORIDAD_ACADEMICA_SUPERIOR,False,,,,,2019-01-24,2022-11-12,1388,False,False,False,False,DOCENTE,AUTORIDAD_ACADEMICA_SUPERIOR,True
1363,26,ESCUELA DE POSTGRADO EN ADMINISTRACIÓN DE EMPRESAS,Miembro del consejo politécnico,OTROS_AA,False,,,,,2019-08-22,2022-08-21,1095,False,False,False,False,DOCENTE,DOCENTE_TITULAR_CARRERA,False
1363,26,ESCUELA DE POSTGRADO EN ADMINISTRACIÓN DE EMPRESAS,Miembro del consejo politécnico,OTROS_AA,False,,,,,2023-12-01,2026-11-30,1095,False,False,False,False,DOCENTE,DOCENTE_TITULAR_CARRERA,False
1363,26,ESCUELA DE POSTGRADO EN ADMINISTRACIÓN DE EMPRESAS,Coordinador general de postgrado,JEFATURA_SUPERVISION_OPERATIVA,False,,,,,2024-02-28,2024-06-19,112,False,False,False,False,DOCENTE,DOCENTE_TITULAR_CARRERA,False
1363,26,ESCUELA DE POSTGRADO EN ADMINISTRACIÓN DE EMPRESAS,Coordinador de programa de postgrado,JEFATURA_SUPERVISION_OPERATIVA,False,,,POSGRADO,Maestría en Gestión Empresarial,2024-03-18,2024-05-26,69,False,False,False,False,DOCENTE,DOCENTE_TITULAR_CARRERA,False
1363,26,ESCUELA DE POSTGRADO EN ADMINISTRACIÓN DE EMPRESAS,Coordinador de programa de postgrado,JEFATURA_SUPERVISION_OPERATIVA,False,,,POSGRADO,Maestría en Administración de Empresas,2024-06-20,2024-11-15,148,False,False,False,False,DOCENTE,DOCENTE_TITULAR_CARRERA,False
1363,26,ESCUELA DE POSTGRADO EN ADMINISTRACIÓN DE EMPRESAS,Coordinador de programa de postgrado,JEFATURA_SUPERVISION_OPERATIVA,False,,,POSGRADO,Maestría en Administración y Dirección de Empresas,2024-10-22,2026-05-08,563,False,False,False,False,DOCENTE,DOCENTE_TITULAR_CARRERA,False
1372,11,"FACULTAD DE INGENIERIA MARÍTIMA, CIENCIAS BIOLÓGICAS, OCEÁNICAS Y RECURSOS NATURALES",Coordinador de carrera,JEFATURA_SUPERVISION_OPERATIVA,False,,,GRADO,Licenciatura en Turismo,2016-09-30,,3637,False,False,False,False,ADMINISTRATIVO,PROFESIONAL_ANALISTA,False
1373,16,FACULTAD DE INGENIERÍA EN ELECTRICIDAD Y COMPUTACIÓN,Miembro del consejo directivo,OTROS_AA,False,,,,,2018-08-23,2020-01-26,521,False,False,False,False,DOCENTE,DOCENTE_TITULAR_CARRERA,False
1373,16,FACULTAD DE INGENIERÍA EN ELECTRICIDAD Y COMPUTACIÓN,Subrogación,OTROS_AA,True,Subdecano,AUTORIDAD_ACADEMICA_SUPERIOR,,,2018-12-07,2018-12-14,7,False,False,False,False,DOCENTE,DOCENTE_TITULAR_CARRERA,False
1373,16,FACULTAD DE INGENIERÍA EN ELECTRICIDAD Y COMPUTACIÓN,Subrogación,OTROS_AA,True,Subdecano,AUTORIDAD_ACADEMICA_SUPERIOR,,,2019-05-13,2019-05-17,4,False,False,False,False,DOCENTE,AUTORIDAD_ACADEMICA_SUPERIOR,True
1373,16,FACULTAD DE INGENIERÍA EN ELECTRICIDAD Y COMPUTACIÓN,Subrogación,OTROS_AA,True,Subdecano,AUTORIDAD_ACADEMICA_SUPERIOR,,,2019-05-29,2019-05-31,2,False,False,False,False,DOCENTE,DOCENTE_TITULAR_CARRERA,False
1373,16,FACULTAD DE INGENIERÍA EN ELECTRICIDAD Y COMPUTACIÓN,Subrogación,OTROS_AA,True,Subdecano,AUTORIDAD_ACADEMICA_SUPERIOR,,,2019-06-19,2019-06-21,2,False,False,False,False,DOCENTE,DOCENTE_TITULAR_CARRERA,False
1373,16,FACULTAD DE INGENIERÍA EN ELECTRICIDAD Y COMPUTACIÓN,Subrogación,OTROS_AA,True,Subdecano,AUTORIDAD_ACADEMICA_SUPERIOR,,,2019-07-08,2019-07-13,5,False,False,False,False,DOCENTE,DOCENTE_TITULAR_CARRERA,False
1373,16,FACULTAD DE INGENIERÍA EN ELECTRICIDAD Y COMPUTACIÓN,Subrogación,OTROS_AA,True,Subdecano,AUTORIDAD_ACADEMICA_SUPERIOR,,,2019-07-16,2019-07-20,4,False,False,False,False,DOCENTE,DOCENTE_TITULAR_CARRERA,False
1373,16,FACULTAD DE INGENIERÍA EN ELECTRICIDAD Y COMPUTACIÓN,Subrogación,OTROS_AA,True,Subdecano,AUTORIDAD_ACADEMICA_SUPERIOR,,,2019-08-30,2019-09-06,7,False,False,False,False,DOCENTE,DOCENTE_TITULAR_CARRERA,False
1373,16,FACULTAD DE INGENIERÍA EN ELECTRICIDAD Y COMPUTACIÓN,Subrogación,OTROS_AA,True,Decano,AUTORIDAD_ACADEMICA_SUPERIOR,,,2019-10-05,2019-10-11,6,False,False,False,False,DOCENTE,DOCENTE_TITULAR_CARRERA,False
1373,16,FACULTAD DE INGENIERÍA EN ELECTRICIDAD Y COMPUTACIÓN,Subrogación,OTROS_AA,True,Subdecano,AUTORIDAD_ACADEMICA_SUPERIOR,,,2019-11-16,2019-11-20,4,False,False,False,False,DOCENTE,DOCENTE_TITULAR_CARRERA,False
1400,126,DECANATO DE VINCULACIÓN,Subrogación,OTROS_AA,True,Decano,AUTORIDAD_ACADEMICA_SUPERIOR,,,2025-05-20,2025-05-31,11,False,False,False,False,DOCENTE,DOCENTE_TITULAR_CARRERA,False
1400,126,DECANATO DE VINCULACIÓN,Subrogación,OTROS_AA,True,Decano,AUTORIDAD_ACADEMICA_SUPERIOR,,,2025-06-23,2025-06-30,7,False,False,False,False,DOCENTE,DOCENTE_TITULAR_CARRERA,False
1400,126,DECANATO DE VINCULACIÓN,Subrogación,OTROS_AA,True,Decano,AUTORIDAD_ACADEMICA_SUPERIOR,,,2025-07-15,2025-07-19,4,False,False,False,False,DOCENTE,DOCENTE_TITULAR_CARRERA,False
1400,126,DECANATO DE VINCULACIÓN,Subrogación,OTROS_AA,True,Decano,AUTORIDAD_ACADEMICA_SUPERIOR,,,2025-08-12,2025-08-12,0,False,False,False,False,DOCENTE,DOCENTE_TITULAR_CARRERA,False
1400,126,DECANATO DE VINCULACIÓN,Subrogación,OTROS_AA,True,Decano,AUTORIDAD_ACADEMICA_SUPERIOR,,,2025-09-23,2025-09-23,0,False,False,False,False,DOCENTE,DOCENTE_TITULAR_CARRERA,False
1400,126,DECANATO DE VINCULACIÓN,Subrogación,OTROS_AA,True,Decano,AUTORIDAD_ACADEMICA_SUPERIOR,,,2025-09-25,2025-10-02,7,False,False,False,False,DOCENTE,DOCENTE_TITULAR_CARRERA,False
1400,77,CENTRO DE INVESTIGACIÓN Y PROYECTOS APLICADOS A LAS CIENCIAS DE LA TIERRA,Director,AUTORIDAD_ADMINISTRATIVA_SUPERIOR,False,,,,,2025-10-26,2025-11-05,10,False,False,False,False,DOCENTE,DOCENTE_TITULAR_CARRERA,False
1400,77,CENTRO DE INVESTIGACIÓN Y PROYECTOS APLICADOS A LAS CIENCIAS DE LA TIERRA,Director,AUTORIDAD_ADMINISTRATIVA_SUPERIOR,False,,,,,2026-06-07,2026-06-12,5,False,False,False,False,DOCENTE,DOCENTE_TITULAR_CARRERA,False
1411,16,FACULTAD DE INGENIERÍA EN ELECTRICIDAD Y COMPUTACIÓN,Subdecano,AUTORIDAD_ACADEMICA_SUPERIOR,False,,,,,2017-11-13,2019-12-31,778,False,False,False,False,DOCENTE,DOCENTE_TITULAR_CARRERA,False
1411,16,FACULTAD DE INGENIERÍA EN ELECTRICIDAD Y COMPUTACIÓN,Subrogación,OTROS_AA,True,Decano,AUTORIDAD_ACADEMICA_SUPERIOR,,,2018-11-02,2018-11-11,9,False,False,False,False,DOCENTE,DOCENTE_CONTRATADO_SERVICIOS_CIVILES,False
1411,16,FACULTAD DE INGENIERÍA EN ELECTRICIDAD Y COMPUTACIÓN,Subrogación,OTROS_AA,True,Decano,AUTORIDAD_ACADEMICA_SUPERIOR,,,2018-12-07,2018-12-14,7,False,False,False,False,DOCENTE,AUTORIDAD_ACADEMICA_SUPERIOR,True
1411,16,FACULTAD DE INGENIERÍA EN ELECTRICIDAD Y COMPUTACIÓN,Subrogación,OTROS_AA,True,Decano,AUTORIDAD_ACADEMICA_SUPERIOR,,,2018-12-26,2019-01-08,13,False,False,False,False,DOCENTE,AUTORIDAD_ACADEMICA_SUPERIOR,True
1411,16,FACULTAD DE INGENIERÍA EN ELECTRICIDAD Y COMPUTACIÓN,Subrogación,OTROS_AA,True,Decano,AUTORIDAD_ACADEMICA_SUPERIOR,,,2019-02-13,2019-02-18,5,False,False,False,False,DOCENTE,AUTORIDAD_ACADEMICA_SUPERIOR,True
1411,16,FACULTAD DE INGENIERÍA EN ELECTRICIDAD Y COMPUTACIÓN,Subrogación,OTROS_AA,True,Decano,AUTORIDAD_ACADEMICA_SUPERIOR,,,2019-04-01,2019-04-01,0,False,False,False,False,DOCENTE,AUTORIDAD_ACADEMICA_SUPERIOR,True
1411,16,FACULTAD DE INGENIERÍA EN ELECTRICIDAD Y COMPUTACIÓN,Subrogación,OTROS_AA,True,Decano,AUTORIDAD_ACADEMICA_SUPERIOR,,,2019-04-29,2019-05-02,3,False,False,False,False,DOCENTE,AUTORIDAD_ACADEMICA_SUPERIOR,True
1411,16,FACULTAD DE INGENIERÍA EN ELECTRICIDAD Y COMPUTACIÓN,Subrogación,OTROS_AA,True,Decano,AUTORIDAD_ACADEMICA_SUPERIOR,,,2019-05-13,2019-05-17,4,False,False,False,False,DOCENTE,AUTORIDAD_ACADEMICA_SUPERIOR,True
1411,16,FACULTAD DE INGENIERÍA EN ELECTRICIDAD Y COMPUTACIÓN,Subrogación,OTROS_AA,True,Decano,AUTORIDAD_ACADEMICA_SUPERIOR,,,2019-06-19,2019-06-21,2,False,False,False,False,DOCENTE,AUTORIDAD_ACADEMICA_SUPERIOR,True
1411,16,FACULTAD DE INGENIERÍA EN ELECTRICIDAD Y COMPUTACIÓN,Subrogación,OTROS_AA,True,Decano,AUTORIDAD_ACADEMICA_SUPERIOR,,,2019-07-16,2019-07-20,4,False,False,False,False,DOCENTE,DOCENTE_CONTRATADO_SERVICIOS_CIVILES,False
1411,16,FACULTAD DE INGENIERÍA EN ELECTRICIDAD Y COMPUTACIÓN,Subrogación,OTROS_AA,True,Decano,AUTORIDAD_ACADEMICA_SUPERIOR,,,2019-08-30,2019-09-06,7,False,False,False,False,DOCENTE,AUTORIDAD_ACADEMICA_SUPERIOR,True
1411,16,FACULTAD DE INGENIERÍA EN ELECTRICIDAD Y COMPUTACIÓN,Subrogación,OTROS_AA,True,Decano,AUTORIDAD_ACADEMICA_SUPERIOR,,,2019-09-17,2019-09-22,5,False,False,False,False,DOCENTE,AUTORIDAD_ACADEMICA_SUPERIOR,True
1411,16,FACULTAD DE INGENIERÍA EN ELECTRICIDAD Y COMPUTACIÓN,Subrogación,OTROS_AA,True,Decano,AUTORIDAD_ACADEMICA_SUPERIOR,,,2019-09-23,2019-10-12,19,False,False,False,False,DOCENTE,AUTORIDAD_ACADEMICA_SUPERIOR,True
1411,16,FACULTAD DE INGENIERÍA EN ELECTRICIDAD Y COMPUTACIÓN,Subrogación,OTROS_AA,True,Decano,AUTORIDAD_ACADEMICA_SUPERIOR,,,2019-11-16,2019-11-20,4,False,False,False,False,DOCENTE,AUTORIDAD_ACADEMICA_SUPERIOR,True
1411,16,FACULTAD DE INGENIERÍA EN ELECTRICIDAD Y COMPUTACIÓN,Subrogación,OTROS_AA,True,Decano,AUTORIDAD_ACADEMICA_SUPERIOR,,,2019-12-07,2019-12-12,5,False,False,False,False,DOCENTE,AUTORIDAD_ACADEMICA_SUPERIOR,True
1411,16,FACULTAD DE INGENIERÍA EN ELECTRICIDAD Y COMPUTACIÓN,Coordinador de programa de postgrado,JEFATURA_SUPERVISION_OPERATIVA,False,,,POSGRADO,Maestría en Automatización y Control,2020-01-02,2021-02-21,416,False,False,False,False,DOCENTE,DOCENTE_TITULAR_CARRERA,False
1411,16,FACULTAD DE INGENIERÍA EN ELECTRICIDAD Y COMPUTACIÓN,Decano,AUTORIDAD_ACADEMICA_SUPERIOR,False,,,,,2021-02-22,2021-12-13,294,False,False,False,False,DOCENTE,AUTORIDAD_ACADEMICA_SUPERIOR,True
1421,22,FACULTAD DE INGENIERÍA MECÁNICA Y CIENCIAS DE LA PRODUCCIÓN,Coordinador de carrera,JEFATURA_SUPERVISION_OPERATIVA,False,,,GRADO,Ingeniería y Administración de la Producción Industrial,2016-12-12,2017-01-08,27,False,False,False,False,DOCENTE,DOCENTE_NO_TITULAR_OCASIONAL,False
1421,22,FACULTAD DE INGENIERÍA MECÁNICA Y CIENCIAS DE LA PRODUCCIÓN,Coordinador de carrera,JEFATURA_SUPERVISION_OPERATIVA,False,,,GRADO,Ingeniería Industrial,2017-01-09,,3536,False,False,False,False,DOCENTE,DOCENTE_TITULAR_CARRERA,False
1421,22,FACULTAD DE INGENIERÍA MECÁNICA Y CIENCIAS DE LA PRODUCCIÓN,Coordinador de carrera,JEFATURA_SUPERVISION_OPERATIVA,False,,,GRADO,Ingeniería Industrial,2017-03-06,2017-03-17,11,False,False,False,False,DOCENTE,DOCENTE_NO_TITULAR_OCASIONAL,False
1421,22,FACULTAD DE INGENIERÍA MECÁNICA Y CIENCIAS DE LA PRODUCCIÓN,Coordinador de carrera,JEFATURA_SUPERVISION_OPERATIVA,False,,,GRADO,Ingeniería Industrial,2017-08-14,2017-11-20,98,False,False,False,False,DOCENTE,DOCENTE_NO_TITULAR_OCASIONAL,False
1421,22,FACULTAD DE INGENIERÍA MECÁNICA Y CIENCIAS DE LA PRODUCCIÓN,Coordinador de carrera,JEFATURA_SUPERVISION_OPERATIVA,False,,,GRADO,Ingeniería Industrial,2017-12-05,2018-10-08,307,False,False,False,False,DOCENTE,DOCENTE_NO_TITULAR_OCASIONAL,False
1421,22,FACULTAD DE INGENIERÍA MECÁNICA Y CIENCIAS DE LA PRODUCCIÓN,Coordinador de acreditación internacional,JEFATURA_SUPERVISION_OPERATIVA,False,,,GRADO,Ingeniería Industrial,2019-08-10,2020-09-29,416,False,False,False,False,DOCENTE,DOCENTE_NO_TITULAR_OCASIONAL,False
1421,42,DIRECCIÓN DE LA SECRETARÍA TÉCNICA DE ASEGURAMIENTO DE LA CALIDAD DE LA EDUCACIÓN SUPERIOR,Director,AUTORIDAD_ADMINISTRATIVA_SUPERIOR,False,,,,,2020-07-01,2020-08-05,35,False,False,False,False,ADMINISTRATIVO,AUTORIDAD_ADMINISTRATIVA_SUPERIOR,True
1421,118,SECRETARÍA TÉCNICA DE ASEGURAMIENTO DE LA CALIDAD,Director,AUTORIDAD_ADMINISTRATIVA_SUPERIOR,False,,,,,2020-08-06,,2231,False,False,False,False,DOCENTE,DOCENTE_TITULAR_CARRERA,False
1422,11,"FACULTAD DE INGENIERIA MARÍTIMA, CIENCIAS BIOLÓGICAS, OCEÁNICAS Y RECURSOS NATURALES",Coordinador de acreditación internacional,JEFATURA_SUPERVISION_OPERATIVA,False,,,GRADO,Acuicultura,2017-09-11,2017-10-01,20,False,False,False,False,,,
1424,22,FACULTAD DE INGENIERÍA MECÁNICA Y CIENCIAS DE LA PRODUCCIÓN,Coordinador de programa de postgrado,JEFATURA_SUPERVISION_OPERATIVA,False,,,POSGRADO,Maestría en Ciencia de los Alimentos,2015-05-04,2022-11-29,2766,False,False,False,False,DOCENTE,DOCENTE_TITULAR_CARRERA,False
1424,22,FACULTAD DE INGENIERÍA MECÁNICA Y CIENCIAS DE LA PRODUCCIÓN,Miembro del consejo directivo,OTROS_AA,False,,,,,2017-01-27,2020-01-26,1094,False,False,False,False,DOCENTE,DOCENTE_TITULAR_CARRERA,False
1424,22,FACULTAD DE INGENIERÍA MECÁNICA Y CIENCIAS DE LA PRODUCCIÓN,Coordinador de programa de postgrado,JEFATURA_SUPERVISION_OPERATIVA,False,,,POSGRADO,Maestría en Ciencia de los Alimentos,2022-11-30,2025-01-07,769,False,False,False,False,DOCENTE,DOCENTE_TITULAR_CARRERA,False
1424,22,FACULTAD DE INGENIERÍA MECÁNICA Y CIENCIAS DE LA PRODUCCIÓN,Coordinador de programa de postgrado,JEFATURA_SUPERVISION_OPERATIVA,False,,,POSGRADO,Maestría en Ciencia de los Alimentos,2025-01-08,2027-11-01,1027,False,False,False,False,DOCENTE,DOCENTE_TITULAR_CARRERA,False
1426,22,FACULTAD DE INGENIERÍA MECÁNICA Y CIENCIAS DE LA PRODUCCIÓN,Coordinador de prácticas empresariales,JEFATURA_SUPERVISION_OPERATIVA,False,,,GRADO,Mecatrónica,2021-04-05,2021-04-06,1,False,False,False,False,DOCENTE,DOCENTE_TITULAR_CARRERA,False
1426,22,FACULTAD DE INGENIERÍA MECÁNICA Y CIENCIAS DE LA PRODUCCIÓN,Coordinador de prácticas empresariales,JEFATURA_SUPERVISION_OPERATIVA,False,,,GRADO,Mecatrónica,2021-04-07,2021-05-16,39,False,False,False,False,DOCENTE,DOCENTE_TITULAR_CARRERA,False
1444,16,FACULTAD DE INGENIERÍA EN ELECTRICIDAD Y COMPUTACIÓN,Miembro del consejo directivo,OTROS_AA,False,,,,,2017-01-27,2018-11-06,648,False,False,False,False,ADMINISTRATIVO,AUTORIDAD_ADMINISTRATIVA_SUPERIOR,False
1444,16,FACULTAD DE INGENIERÍA EN ELECTRICIDAD Y COMPUTACIÓN,Coordinador de acreditación internacional,JEFATURA_SUPERVISION_OPERATIVA,False,,,GRADO,Computación,2017-09-07,2017-09-22,15,False,False,False,False,DOCENTE,DOCENTE_TITULAR_CARRERA,False
1444,16,FACULTAD DE INGENIERÍA EN ELECTRICIDAD Y COMPUTACIÓN,Coordinador de acreditación internacional,JEFATURA_SUPERVISION_OPERATIVA,False,,,GRADO,Computación,2017-10-04,2017-11-15,42,False,False,False,False,DOCENTE,DOCENTE_TITULAR_CARRERA,False
1444,42,DIRECCIÓN DE LA SECRETARÍA TÉCNICA DE ASEGURAMIENTO DE LA CALIDAD DE LA EDUCACIÓN SUPERIOR,Director,AUTORIDAD_ADMINISTRATIVA_SUPERIOR,False,,,,,2017-11-13,2020-06-30,960,False,False,False,False,ADMINISTRATIVO,AUTORIDAD_ADMINISTRATIVA_SUPERIOR,True
1444,16,FACULTAD DE INGENIERÍA EN ELECTRICIDAD Y COMPUTACIÓN,Coordinador de programa de postgrado,JEFATURA_SUPERVISION_OPERATIVA,False,,,POSGRADO,Doctorado en Ciencias Computacionales Aplicadas,2025-11-18,2026-02-05,79,False,False,False,False,DOCENTE,DOCENTE_TITULAR_CARRERA,False
1444,16,FACULTAD DE INGENIERÍA EN ELECTRICIDAD Y COMPUTACIÓN,Coordinador de programa de postgrado,JEFATURA_SUPERVISION_OPERATIVA,False,,,POSGRADO,Doctorado en Ciencias Computacionales Aplicadas,2026-02-06,,221,False,False,False,False,DOCENTE,DOCENTE_TITULAR_CARRERA,False
1447,17,FACULTAD DE CIENCIAS SOCIALES Y HUMANÍSTICAS,Coordinador de programa de postgrado,JEFATURA_SUPERVISION_OPERATIVA,False,,,POSGRADO,Maestría en Políticas y Gestión Pública,2020-11-04,2024-06-30,1334,False,False,False,False,DOCENTE,DOCENTE_CONTRATADO_SERVICIOS_CIVILES,False
1526,17,FACULTAD DE CIENCIAS SOCIALES Y HUMANÍSTICAS,Decano,AUTORIDAD_ACADEMICA_SUPERIOR,False,,,,,2012-11-13,2017-11-12,1825,False,False,False,False,DOCENTE,AUTORIDAD_ACADEMICA_SUPERIOR,True
1526,5,GERENCIA DE PLANIFICACIÓN ESTRATÉGICA,Gerente,AUTORIDAD_ADMINISTRATIVA_SUPERIOR,False,,,,,2017-11-13,2022-08-31,1752,False,False,False,False,DOCENTE,DOCENTE_TITULAR_CARRERA,False
1526,51,GERENCIA DE INFRAESTRUCTURA FÍSICA,Gerente,AUTORIDAD_ADMINISTRATIVA_SUPERIOR,False,,,,,2020-01-02,2020-02-11,40,False,False,False,False,ADMINISTRATIVO,AUTORIDAD_ADMINISTRATIVA_SUPERIOR,True
1530,56,DIRECCIÓN DE ADQUISICIONES Y SUMINISTROS,Director,AUTORIDAD_ADMINISTRATIVA_SUPERIOR,False,,,,,2015-10-01,2017-11-13,774,False,False,False,False,ADMINISTRATIVO,PROFESIONAL_ANALISTA,False
1553,17,FACULTAD DE CIENCIAS SOCIALES Y HUMANÍSTICAS,Coordinador de carrera,JEFATURA_SUPERVISION_OPERATIVA,False,,,GRADO,Economía,2017-11-13,2020-03-16,854,False,False,False,False,DOCENTE,DOCENTE_NO_TITULAR_OCASIONAL,False
1553,17,FACULTAD DE CIENCIAS SOCIALES Y HUMANÍSTICAS,Coordinador de programa de postgrado,JEFATURA_SUPERVISION_OPERATIVA,False,,,POSGRADO,Maestría en Economía y Dirección de Empresas,2018-05-02,2020-03-31,699,False,False,False,False,DOCENTE,DOCENTE_NO_TITULAR_OCASIONAL,False
1553,17,FACULTAD DE CIENCIAS SOCIALES Y HUMANÍSTICAS,Coordinador de carrera,JEFATURA_SUPERVISION_OPERATIVA,False,,,GRADO,Economía,2020-03-17,2020-03-31,14,False,False,False,False,ADMINISTRATIVO,CONTRATO_SERVICIOS_PROFESIONALES_PROYECTO,False
1557,16,FACULTAD DE INGENIERÍA EN ELECTRICIDAD Y COMPUTACIÓN,Coordinador de prácticas empresariales,JEFATURA_SUPERVISION_OPERATIVA,False,,,GRADO,Electricidad,2024-02-19,2026-09-04,928,False,False,False,False,DOCENTE,DOCENTE_NO_TITULAR_OCASIONAL,False
1569,13,DEPARTAMENTO DE CIENCIAS MATEMATICAS,Director departamento,AUTORIDAD_ADMINISTRATIVA_SUPERIOR,False,,,,,2014-09-10,2017-11-19,1166,False,False,False,False,DOCENTE,DOCENTE_TITULAR_CARRERA,False
1576,22,FACULTAD DE INGENIERÍA MECÁNICA Y CIENCIAS DE LA PRODUCCIÓN,Coordinador de carrera,JEFATURA_SUPERVISION_OPERATIVA,False,,,GRADO,Alimentos,2015-09-01,2015-12-31,121,False,False,False,False,DOCENTE,DOCENTE_NO_TITULAR_OCASIONAL,False
1577,79,CENTRO ECUATORIANO DE INVESTIGACIÓN Y DESARROLLO EN NANOTECNOLOGÍA,Director,AUTORIDAD_ADMINISTRATIVA_SUPERIOR,False,,,,,2018-03-20,2022-04-20,1492,False,False,False,False,DOCENTE,DOCENTE_TITULAR_CARRERA,False
1577,22,FACULTAD DE INGENIERÍA MECÁNICA Y CIENCIAS DE LA PRODUCCIÓN,Coordinador de programa de postgrado,JEFATURA_SUPERVISION_OPERATIVA,False,,,POSGRADO,Maestría en Ciencia e Ingeniería de Materiales,2020-02-01,2020-02-05,4,False,False,False,False,DOCENTE,DOCENTE_TITULAR_CARRERA,False
1577,22,FACULTAD DE INGENIERÍA MECÁNICA Y CIENCIAS DE LA PRODUCCIÓN,Coordinador de programa de postgrado,JEFATURA_SUPERVISION_OPERATIVA,False,,,POSGRADO,Maestría en Ciencia e Ingeniería de Materiales,2020-10-01,2021-02-28,150,False,False,False,False,DOCENTE,DOCENTE_TITULAR_CARRERA,False
1577,22,FACULTAD DE INGENIERÍA MECÁNICA Y CIENCIAS DE LA PRODUCCIÓN,Coordinador de programa de postgrado,JEFATURA_SUPERVISION_OPERATIVA,False,,,POSGRADO,Maestría en Ciencia e Ingeniería de Materiales,2022-09-26,2023-02-28,155,False,False,False,False,DOCENTE,DOCENTE_TITULAR_CARRERA,False
1577,22,FACULTAD DE INGENIERÍA MECÁNICA Y CIENCIAS DE LA PRODUCCIÓN,Coordinador de programa de postgrado,JEFATURA_SUPERVISION_OPERATIVA,False,,,POSGRADO,Maestría en Ciencia e Ingeniería de Materiales,2023-04-06,2023-04-26,20,False,False,False,False,DOCENTE,DOCENTE_TITULAR_CARRERA,False
1586,22,FACULTAD DE INGENIERÍA MECÁNICA Y CIENCIAS DE LA PRODUCCIÓN,Coordinador de programa de postgrado,JEFATURA_SUPERVISION_OPERATIVA,False,,,POSGRADO,Maestría en Ciencia e Ingeniería de Materiales,2015-05-04,2020-02-03,1736,False,False,False,False,DOCENTE,DOCENTE_TITULAR_CARRERA,False
1586,22,FACULTAD DE INGENIERÍA MECÁNICA Y CIENCIAS DE LA PRODUCCIÓN,Miembro del consejo directivo,OTROS_AA,False,,,,,2016-01-04,2019-01-03,1095,False,False,False,False,DOCENTE,DOCENTE_TITULAR_CARRERA,False
1586,22,FACULTAD DE INGENIERÍA MECÁNICA Y CIENCIAS DE LA PRODUCCIÓN,Miembro del consejo directivo,OTROS_AA,False,,,,,2016-01-04,2018-01-03,730,False,False,False,False,DOCENTE,DOCENTE_TITULAR_CARRERA,False
1586,22,FACULTAD DE INGENIERÍA MECÁNICA Y CIENCIAS DE LA PRODUCCIÓN,Miembro del consejo directivo,OTROS_AA,False,,,,,2016-01-04,2018-01-03,730,False,False,True,False,DOCENTE,DOCENTE_TITULAR_CARRERA,False
1586,22,FACULTAD DE INGENIERÍA MECÁNICA Y CIENCIAS DE LA PRODUCCIÓN,Miembro del consejo directivo,OTROS_AA,False,,,,,2016-01-04,2019-01-03,1095,False,False,True,False,DOCENTE,DOCENTE_TITULAR_CARRERA,False
1586,22,FACULTAD DE INGENIERÍA MECÁNICA Y CIENCIAS DE LA PRODUCCIÓN,Miembro del consejo directivo,OTROS_AA,False,,,,,2017-01-27,2020-01-26,1094,False,False,False,False,DOCENTE,DOCENTE_TITULAR_CARRERA,False
1586,22,FACULTAD DE INGENIERÍA MECÁNICA Y CIENCIAS DE LA PRODUCCIÓN,Subrogación,OTROS_AA,True,Subdecano,AUTORIDAD_ACADEMICA_SUPERIOR,,,2018-11-09,2018-11-16,7,False,False,False,False,DOCENTE,DOCENTE_TITULAR_CARRERA,False
1586,22,FACULTAD DE INGENIERÍA MECÁNICA Y CIENCIAS DE LA PRODUCCIÓN,Subrogación,OTROS_AA,True,Subdecano,AUTORIDAD_ACADEMICA_SUPERIOR,,,2019-01-28,2019-02-11,14,False,False,False,False,DOCENTE,DOCENTE_TITULAR_CARRERA,False
1586,22,FACULTAD DE INGENIERÍA MECÁNICA Y CIENCIAS DE LA PRODUCCIÓN,Subrogación,OTROS_AA,True,Subdecano,AUTORIDAD_ACADEMICA_SUPERIOR,,,2019-02-12,2019-02-22,10,False,False,False,False,DOCENTE,DOCENTE_TITULAR_CARRERA,False
1586,22,FACULTAD DE INGENIERÍA MECÁNICA Y CIENCIAS DE LA PRODUCCIÓN,Subdecano,AUTORIDAD_ACADEMICA_SUPERIOR,False,,,,,2019-05-01,2021-02-21,662,False,False,False,False,DOCENTE,DOCENTE_TITULAR_CARRERA,False
1586,22,FACULTAD DE INGENIERÍA MECÁNICA Y CIENCIAS DE LA PRODUCCIÓN,Subrogación,OTROS_AA,True,Decano,AUTORIDAD_ACADEMICA_SUPERIOR,,,2019-06-08,2019-06-14,6,False,False,False,False,DOCENTE,DOCENTE_TITULAR_CARRERA,False
1586,22,FACULTAD DE INGENIERÍA MECÁNICA Y CIENCIAS DE LA PRODUCCIÓN,Subrogación,OTROS_AA,True,Decano,AUTORIDAD_ACADEMICA_SUPERIOR,,,2019-06-19,2019-06-21,2,False,False,False,False,DOCENTE,DOCENTE_TITULAR_CARRERA,False
1586,22,FACULTAD DE INGENIERÍA MECÁNICA Y CIENCIAS DE LA PRODUCCIÓN,Subrogación,OTROS_AA,True,Decano,AUTORIDAD_ACADEMICA_SUPERIOR,,,2019-07-15,2019-07-20,5,False,False,False,False,DOCENTE,DOCENTE_TITULAR_CARRERA,False
1586,22,FACULTAD DE INGENIERÍA MECÁNICA Y CIENCIAS DE LA PRODUCCIÓN,Subrogación,OTROS_AA,True,Decano,AUTORIDAD_ACADEMICA_SUPERIOR,,,2019-09-26,2019-09-27,1,False,False,False,False,DOCENTE,AUTORIDAD_ACADEMICA_SUPERIOR,True
1586,22,FACULTAD DE INGENIERÍA MECÁNICA Y CIENCIAS DE LA PRODUCCIÓN,Subrogación,OTROS_AA,True,Decano,AUTORIDAD_ACADEMICA_SUPERIOR,,,2019-10-16,2019-10-24,8,False,False,False,False,DOCENTE,DOCENTE_TITULAR_CARRERA,False
1586,22,FACULTAD DE INGENIERÍA MECÁNICA Y CIENCIAS DE LA PRODUCCIÓN,Subrogación,OTROS_AA,True,Decano,AUTORIDAD_ACADEMICA_SUPERIOR,,,2019-12-14,2019-12-19,5,False,False,False,False,DOCENTE,AUTORIDAD_ACADEMICA_SUPERIOR,True
1586,22,FACULTAD DE INGENIERÍA MECÁNICA Y CIENCIAS DE LA PRODUCCIÓN,Subrogación,OTROS_AA,True,Decano,AUTORIDAD_ACADEMICA_SUPERIOR,,,2020-01-28,2020-02-01,4,False,False,False,False,DOCENTE,DOCENTE_TITULAR_CARRERA,False
1586,22,FACULTAD DE INGENIERÍA MECÁNICA Y CIENCIAS DE LA PRODUCCIÓN,Coordinador de programa de postgrado,JEFATURA_SUPERVISION_OPERATIVA,False,,,POSGRADO,Maestría en Ciencia e Ingeniería de Materiales,2021-06-11,2022-09-25,471,False,False,False,False,DOCENTE,DOCENTE_TITULAR_CARRERA,False
1586,22,FACULTAD DE INGENIERÍA MECÁNICA Y CIENCIAS DE LA PRODUCCIÓN,Subrogación,OTROS_AA,True,Subdecano,AUTORIDAD_ACADEMICA_SUPERIOR,,,2025-01-28,2025-01-30,2,False,False,False,False,DOCENTE,DOCENTE_TITULAR_CARRERA,False
1599,25,FACULTAD DE INGENIERÍA EN CIENCIAS DE LA TIERRA,Coordinador de prácticas empresariales,JEFATURA_SUPERVISION_OPERATIVA,False,,,GRADO,Geología,2017-02-13,,3501,False,False,False,False,,,
1601,22,FACULTAD DE INGENIERÍA MECÁNICA Y CIENCIAS DE LA PRODUCCIÓN,Miembro del consejo directivo,OTROS_AA,False,,,,,2017-01-27,2020-01-26,1094,False,False,False,False,DOCENTE,DOCENTE_TITULAR_CARRERA,False
1601,22,FACULTAD DE INGENIERÍA MECÁNICA Y CIENCIAS DE LA PRODUCCIÓN,Subrogación,OTROS_AA,True,Subdecano,AUTORIDAD_ACADEMICA_SUPERIOR,,,2019-02-25,2019-03-26,29,False,False,False,False,DOCENTE,DOCENTE_TITULAR_CARRERA,False
1601,22,FACULTAD DE INGENIERÍA MECÁNICA Y CIENCIAS DE LA PRODUCCIÓN,Subrogación,OTROS_AA,True,Subdecano,AUTORIDAD_ACADEMICA_SUPERIOR,,,2019-03-27,2019-04-14,18,False,False,False,False,DOCENTE,DOCENTE_TITULAR_CARRERA,False
1601,22,FACULTAD DE INGENIERÍA MECÁNICA Y CIENCIAS DE LA PRODUCCIÓN,Subrogación,OTROS_AA,True,Subdecano,AUTORIDAD_ACADEMICA_SUPERIOR,,,2019-06-19,2019-06-21,2,False,False,False,False,DOCENTE,DOCENTE_TITULAR_CARRERA,False
1601,22,FACULTAD DE INGENIERÍA MECÁNICA Y CIENCIAS DE LA PRODUCCIÓN,Subrogación,OTROS_AA,True,Subdecano,AUTORIDAD_ACADEMICA_SUPERIOR,,,2019-09-06,2019-09-06,0,False,False,False,False,DOCENTE,DOCENTE_CONTRATADO_SERVICIOS_CIVILES,False
1601,22,FACULTAD DE INGENIERÍA MECÁNICA Y CIENCIAS DE LA PRODUCCIÓN,Subrogación,OTROS_AA,True,Decano,AUTORIDAD_ACADEMICA_SUPERIOR,,,2019-09-14,2019-09-20,6,False,False,False,False,DOCENTE,DOCENTE_CONTRATADO_SERVICIOS_CIVILES,False
1601,22,FACULTAD DE INGENIERÍA MECÁNICA Y CIENCIAS DE LA PRODUCCIÓN,Subrogación,OTROS_AA,True,Subdecano,AUTORIDAD_ACADEMICA_SUPERIOR,,,2019-09-26,2019-09-27,1,False,False,False,False,DOCENTE,DOCENTE_CONTRATADO_SERVICIOS_CIVILES,False
1606,12,FACULTAD DE CIENCIAS NATURALES Y MATEMÁTICAS,Miembro del consejo politécnico,OTROS_AA,False,,,,,2023-12-01,2026-04-23,874,False,False,False,False,DOCENTE,DOCENTE_TITULAR_CARRERA,False
1614,16,FACULTAD DE INGENIERÍA EN ELECTRICIDAD Y COMPUTACIÓN,Subdecano,AUTORIDAD_ACADEMICA_SUPERIOR,False,,,,,2015-01-01,2016-05-01,486,False,False,False,False,DOCENTE,AUTORIDAD_ACADEMICA_SUPERIOR,True
1662,16,FACULTAD DE INGENIERÍA EN ELECTRICIDAD Y COMPUTACIÓN,Coordinador de carrera,JEFATURA_SUPERVISION_OPERATIVA,False,,,GRADO,Telemática,2017-02-16,2017-09-22,218,False,False,False,False,DOCENTE,DOCENTE_NO_TITULAR_OCASIONAL,False
1662,16,FACULTAD DE INGENIERÍA EN ELECTRICIDAD Y COMPUTACIÓN,Coordinador de carrera,JEFATURA_SUPERVISION_OPERATIVA,False,,,GRADO,Telemática,2017-09-25,2018-04-02,189,False,False,False,False,DOCENTE,DOCENTE_NO_TITULAR_OCASIONAL,False
1668,16,FACULTAD DE INGENIERÍA EN ELECTRICIDAD Y COMPUTACIÓN,Coordinador general de postgrado,JEFATURA_SUPERVISION_OPERATIVA,False,,,,,2019-07-01,2023-04-30,1399,False,False,False,False,DOCENTE,DOCENTE_TITULAR_CARRERA,False
1668,16,FACULTAD DE INGENIERÍA EN ELECTRICIDAD Y COMPUTACIÓN,Miembro del consejo directivo,OTROS_AA,False,,,,,2023-02-02,2023-02-02,0,False,False,False,False,DOCENTE,DOCENTE_TITULAR_CARRERA,False
1668,16,FACULTAD DE INGENIERÍA EN ELECTRICIDAD Y COMPUTACIÓN,Miembro del consejo directivo,OTROS_AA,False,,,,,2023-02-02,2026-02-01,1095,False,False,False,False,ADMINISTRATIVO,AUTORIDAD_ADMINISTRATIVA_SUPERIOR,False
1668,53,CENTRO DE INFORMACIÓN BIBLIOTECARIA,Subrogación,OTROS_AA,True,Director,AUTORIDAD_ADMINISTRATIVA_SUPERIOR,,,2023-03-01,2023-03-17,16,False,False,False,False,DOCENTE,DOCENTE_TITULAR_CARRERA,False
1668,53,CENTRO DE INFORMACIÓN BIBLIOTECARIA,Director,AUTORIDAD_ADMINISTRATIVA_SUPERIOR,False,,,,,2023-05-01,,1233,False,False,False,False,ADMINISTRATIVO,AUTORIDAD_ADMINISTRATIVA_SUPERIOR,True
1670,26,ESCUELA DE POSTGRADO EN ADMINISTRACIÓN DE EMPRESAS,Subrogación,OTROS_AA,True,Decano,AUTORIDAD_ACADEMICA_SUPERIOR,,,2022-03-26,2022-04-01,6,False,False,False,False,DOCENTE,DOCENTE_TITULAR_CARRERA,False
1670,26,ESCUELA DE POSTGRADO EN ADMINISTRACIÓN DE EMPRESAS,Subrogación,OTROS_AA,True,Decano,AUTORIDAD_ACADEMICA_SUPERIOR,,,2022-07-26,2022-07-30,4,False,False,False,False,DOCENTE,DOCENTE_TITULAR_CARRERA,False
1670,26,ESCUELA DE POSTGRADO EN ADMINISTRACIÓN DE EMPRESAS,Decano,AUTORIDAD_ACADEMICA_SUPERIOR,False,,,,,2024-02-08,,950,False,False,False,False,DOCENTE,DOCENTE_TITULAR_CARRERA,False
1674,13,DEPARTAMENTO DE CIENCIAS MATEMATICAS,Director departamento,AUTORIDAD_ADMINISTRATIVA_SUPERIOR,False,,,,,2017-11-20,2019-02-22,459,False,False,False,False,DOCENTE,DOCENTE_TITULAR_CARRERA,False
1674,13,DEPARTAMENTO DE CIENCIAS MATEMATICAS,Director departamento,AUTORIDAD_ADMINISTRATIVA_SUPERIOR,False,,,,,2024-03-07,2026-01-01,665,False,False,False,False,DOCENTE,DOCENTE_TITULAR_CARRERA,False
1676,47,GERENCIA FINANCIERA,Subrogación,OTROS_AA,True,Gerente,AUTORIDAD_ADMINISTRATIVA_SUPERIOR,,,2022-03-28,2022-04-10,13,False,False,False,False,ADMINISTRATIVO,JEFATURA_SUPERVISION_OPERATIVA,False
1681,26,ESCUELA DE POSTGRADO EN ADMINISTRACIÓN DE EMPRESAS,Decano,AUTORIDAD_ACADEMICA_SUPERIOR,False,,,,,2018-07-01,2022-11-12,1595,False,False,False,False,DOCENTE,DOCENTE_TITULAR_CARRERA,False
1681,26,ESCUELA DE POSTGRADO EN ADMINISTRACIÓN DE EMPRESAS,Decano,AUTORIDAD_ACADEMICA_SUPERIOR,False,,,,,2022-11-13,2022-11-15,2,False,False,False,False,DOCENTE,DOCENTE_TITULAR_CARRERA,False
1681,26,ESCUELA DE POSTGRADO EN ADMINISTRACIÓN DE EMPRESAS,Decano,AUTORIDAD_ACADEMICA_SUPERIOR,False,,,,,2022-11-13,2024-02-07,451,False,False,False,False,DOCENTE,DOCENTE_TITULAR_CARRERA,False
1688,38,CENTRO DE TECNOLOGÍAS DE LA INFORMACIÓN,Director,AUTORIDAD_ADMINISTRATIVA_SUPERIOR,False,,,,,2024-01-28,2024-02-04,7,False,False,False,False,DOCENTE,DOCENTE_TITULAR_CARRERA,False
1701,16,FACULTAD DE INGENIERÍA EN ELECTRICIDAD Y COMPUTACIÓN,Coordinador de prácticas empresariales,JEFATURA_SUPERVISION_OPERATIVA,False,,,GRADO,Telecomunicaciones,2017-05-02,2017-09-20,141,False,False,False,False,DOCENTE,DOCENTE_NO_TITULAR_OCASIONAL,False
1728,12,FACULTAD DE CIENCIAS NATURALES Y MATEMÁTICAS,Coordinador de prácticas empresariales,JEFATURA_SUPERVISION_OPERATIVA,False,,,GRADO,Estadística,2019-05-06,2020-02-03,273,False,False,False,False,DOCENTE,DOCENTE_NO_TITULAR_OCASIONAL,False
1742,61,FACULTAD DE CIENCIAS DE LA VIDA,Miembro del consejo directivo,OTROS_AA,False,,,,,2015-10-14,2018-10-13,1095,False,False,False,False,DOCENTE,DOCENTE_TITULAR_CARRERA,False
1742,26,ESCUELA DE POSTGRADO EN ADMINISTRACIÓN DE EMPRESAS,Subrogación,OTROS_AA,True,Subdecano,AUTORIDAD_ACADEMICA_SUPERIOR,,,2023-04-21,2023-04-26,5,False,False,False,False,DOCENTE,DOCENTE_TITULAR_CARRERA,False
1742,26,ESCUELA DE POSTGRADO EN ADMINISTRACIÓN DE EMPRESAS,Coordinador de programa de postgrado,JEFATURA_SUPERVISION_OPERATIVA,False,,,POSGRADO,Maestría en Gestión Empresarial,2024-05-27,2024-10-08,134,False,False,False,False,DOCENTE,DOCENTE_TITULAR_CARRERA,False
1742,26,ESCUELA DE POSTGRADO EN ADMINISTRACIÓN DE EMPRESAS,Coordinador de programa de postgrado,JEFATURA_SUPERVISION_OPERATIVA,False,,,POSGRADO,Maestría en Agronegocios Sostenibles,2025-09-15,2025-09-12,0,False,True,False,False,DOCENTE,DOCENTE_TITULAR_CARRERA,False
1742,26,ESCUELA DE POSTGRADO EN ADMINISTRACIÓN DE EMPRESAS,Coordinador de programa de postgrado,JEFATURA_SUPERVISION_OPERATIVA,False,,,POSGRADO,Maestría en Agronegocios Sostenibles,2025-09-23,2026-02-28,158,False,False,False,False,DOCENTE,DOCENTE_TITULAR_CARRERA,False
1752,26,ESCUELA DE POSTGRADO EN ADMINISTRACIÓN DE EMPRESAS,Coordinador general de postgrado,JEFATURA_SUPERVISION_OPERATIVA,False,,,,,2024-06-20,2025-02-28,253,False,False,False,False,,,
1797,22,FACULTAD DE INGENIERÍA MECÁNICA Y CIENCIAS DE LA PRODUCCIÓN,Coordinador de carrera,JEFATURA_SUPERVISION_OPERATIVA,False,,,GRADO,Ingeniería en Alimentos,2016-12-09,2017-01-08,30,False,False,False,False,DOCENTE,DOCENTE_TITULAR_CARRERA,False
1797,22,FACULTAD DE INGENIERÍA MECÁNICA Y CIENCIAS DE LA PRODUCCIÓN,Coordinador de carrera,JEFATURA_SUPERVISION_OPERATIVA,False,,,GRADO,Alimentos,2017-01-09,,3536,False,False,False,False,DOCENTE,DOCENTE_TITULAR_CARRERA,False
1797,22,FACULTAD DE INGENIERÍA MECÁNICA Y CIENCIAS DE LA PRODUCCIÓN,Miembro del consejo directivo,OTROS_AA,False,,,,,2019-12-10,2022-08-31,995,False,False,False,False,DOCENTE,DOCENTE_TITULAR_CARRERA,False
1797,22,FACULTAD DE INGENIERÍA MECÁNICA Y CIENCIAS DE LA PRODUCCIÓN,Coordinador de programa de postgrado,JEFATURA_SUPERVISION_OPERATIVA,False,,,POSGRADO,Maestría en Gestión de Procesos y Seguridad de los Alimentos,2020-04-20,2021-09-30,528,False,False,False,False,DOCENTE,DOCENTE_TITULAR_CARRERA,False
1797,22,FACULTAD DE INGENIERÍA MECÁNICA Y CIENCIAS DE LA PRODUCCIÓN,Coordinador de programa de postgrado,JEFATURA_SUPERVISION_OPERATIVA,False,,,POSGRADO,Maestría en Gestión de Procesos y Seguridad de los Alimentos,2022-02-15,2023-02-28,378,False,False,False,False,DOCENTE,DOCENTE_TITULAR_CARRERA,False
1797,22,FACULTAD DE INGENIERÍA MECÁNICA Y CIENCIAS DE LA PRODUCCIÓN,Miembro del consejo politécnico,OTROS_AA,False,,,,,2022-09-01,2025-08-31,1095,False,False,False,False,DOCENTE,DOCENTE_TITULAR_CARRERA,False
1797,22,FACULTAD DE INGENIERÍA MECÁNICA Y CIENCIAS DE LA PRODUCCIÓN,Coordinador de programa de postgrado,JEFATURA_SUPERVISION_OPERATIVA,False,,,POSGRADO,Maestría en Gestión de Procesos y Seguridad de los Alimentos,2023-03-27,2024-03-26,365,False,False,False,False,DOCENTE,DOCENTE_TITULAR_CARRERA,False
1797,22,FACULTAD DE INGENIERÍA MECÁNICA Y CIENCIAS DE LA PRODUCCIÓN,Coordinador de programa de postgrado,JEFATURA_SUPERVISION_OPERATIVA,False,,,POSGRADO,Maestría en Gestión de Procesos y Seguridad de los Alimentos,2025-01-08,2026-02-13,401,False,False,False,False,DOCENTE,DOCENTE_TITULAR_CARRERA,False
1797,22,FACULTAD DE INGENIERÍA MECÁNICA Y CIENCIAS DE LA PRODUCCIÓN,Coordinador de programa de postgrado,JEFATURA_SUPERVISION_OPERATIVA,False,,,POSGRADO,Maestría en Gestión de Procesos y Seguridad de los Alimentos,2026-02-18,,209,False,False,False,False,DOCENTE,DOCENTE_TITULAR_CARRERA,False
1812,86,FACULTAD DE INGENIERÍA MARÍTIMA Y CIENCIAS DEL MAR,Coordinador de programa de postgrado,JEFATURA_SUPERVISION_OPERATIVA,False,,,POSGRADO,Maestría en Peligros Naturales y Gestión del Riesgo,2021-04-26,2021-12-13,231,False,False,False,False,DOCENTE,DOCENTE_NO_TITULAR_OCASIONAL,False
1812,86,FACULTAD DE INGENIERÍA MARÍTIMA Y CIENCIAS DEL MAR,Coordinador de programa de postgrado,JEFATURA_SUPERVISION_OPERATIVA,False,,,POSGRADO,Maestría en Peligros Naturales y Gestión del Riesgo,2021-05-03,2023-03-12,678,False,False,False,False,DOCENTE,DOCENTE_NO_TITULAR_OCASIONAL,False
1812,86,FACULTAD DE INGENIERÍA MARÍTIMA Y CIENCIAS DEL MAR,Coordinador de programa de postgrado,JEFATURA_SUPERVISION_OPERATIVA,False,,,POSGRADO,Maestría en Peligros Naturales y Gestión del Riesgo,2023-03-13,2024-02-29,353,False,False,False,False,DOCENTE,DOCENTE_NO_TITULAR_OCASIONAL,False
1812,86,FACULTAD DE INGENIERÍA MARÍTIMA Y CIENCIAS DEL MAR,Coordinador de prácticas empresariales,JEFATURA_SUPERVISION_OPERATIVA,False,,,GRADO,Oceanografía,2023-09-26,2023-09-29,3,False,False,False,False,DOCENTE,DOCENTE_NO_TITULAR_OCASIONAL,False
1812,86,FACULTAD DE INGENIERÍA MARÍTIMA Y CIENCIAS DEL MAR,Coordinador de prácticas empresariales,JEFATURA_SUPERVISION_OPERATIVA,False,,,GRADO,Oceanografía,2023-12-04,2024-02-16,74,False,False,False,False,DOCENTE,DOCENTE_NO_TITULAR_OCASIONAL,False
1812,86,FACULTAD DE INGENIERÍA MARÍTIMA Y CIENCIAS DEL MAR,Coordinador de programa de postgrado,JEFATURA_SUPERVISION_OPERATIVA,False,,,POSGRADO,Maestría en Peligros Naturales y Gestión del Riesgo,2024-03-01,2025-02-16,352,False,False,False,False,DOCENTE,DOCENTE_NO_TITULAR_OCASIONAL,False
1812,86,FACULTAD DE INGENIERÍA MARÍTIMA Y CIENCIAS DEL MAR,Coordinador de programa de postgrado,JEFATURA_SUPERVISION_OPERATIVA,False,,,POSGRADO,Maestría en Peligros Naturales y Gestión del Riesgo,2025-02-17,2026-02-15,363,False,False,False,False,DOCENTE,DOCENTE_NO_TITULAR_OCASIONAL,False
1848,12,FACULTAD DE CIENCIAS NATURALES Y MATEMÁTICAS,Subrogación,OTROS_AA,True,Subdecano,AUTORIDAD_ACADEMICA_SUPERIOR,,,2025-06-02,2025-06-07,5,False,False,False,False,DOCENTE,DOCENTE_TITULAR_CARRERA,False
1848,12,FACULTAD DE CIENCIAS NATURALES Y MATEMÁTICAS,Subrogación,OTROS_AA,True,Subdecano,AUTORIDAD_ACADEMICA_SUPERIOR,,,2025-08-22,2025-08-22,0,False,False,False,False,DOCENTE,DOCENTE_CONTRATADO_SERVICIOS_CIVILES,False
1848,12,FACULTAD DE CIENCIAS NATURALES Y MATEMÁTICAS,Subrogación,OTROS_AA,True,Subdecano,AUTORIDAD_ACADEMICA_SUPERIOR,,,2025-10-13,2025-10-20,7,False,False,False,False,DOCENTE,DOCENTE_TITULAR_CARRERA,False
1848,12,FACULTAD DE CIENCIAS NATURALES Y MATEMÁTICAS,Subrogación,OTROS_AA,True,Subdecano,AUTORIDAD_ACADEMICA_SUPERIOR,,,2026-08-28,2026-08-28,0,False,False,False,False,DOCENTE,AUTORIDAD_ACADEMICA_SUPERIOR,True
1848,12,FACULTAD DE CIENCIAS NATURALES Y MATEMÁTICAS,Subrogación,OTROS_AA,True,Subdecano,AUTORIDAD_ACADEMICA_SUPERIOR,,,2026-08-31,2026-09-04,4,False,False,False,False,DOCENTE,AUTORIDAD_ACADEMICA_SUPERIOR,True
1848,12,FACULTAD DE CIENCIAS NATURALES Y MATEMÁTICAS,Subrogación,OTROS_AA,True,Subdecano,AUTORIDAD_ACADEMICA_SUPERIOR,,,2026-09-14,2026-09-24,10,False,False,False,False,DOCENTE,AUTORIDAD_ACADEMICA_SUPERIOR,True
1857,17,FACULTAD DE CIENCIAS SOCIALES Y HUMANÍSTICAS,Subdecano,AUTORIDAD_ACADEMICA_SUPERIOR,False,,,,,2016-04-13,2017-11-12,578,False,False,False,False,DOCENTE,AUTORIDAD_ACADEMICA_SUPERIOR,True
1857,17,FACULTAD DE CIENCIAS SOCIALES Y HUMANÍSTICAS,Decano,AUTORIDAD_ACADEMICA_SUPERIOR,False,,,,,2017-11-13,2019-03-31,503,False,False,False,False,DOCENTE,AUTORIDAD_ACADEMICA_SUPERIOR,True
1857,17,FACULTAD DE CIENCIAS SOCIALES Y HUMANÍSTICAS,Coordinador de programa de postgrado,JEFATURA_SUPERVISION_OPERATIVA,False,,,POSGRADO,Maestría en Desarrollo Rural,2020-02-13,2021-01-03,325,False,False,False,False,DOCENTE,DOCENTE_TITULAR_CARRERA,False
1857,17,FACULTAD DE CIENCIAS SOCIALES Y HUMANÍSTICAS,Miembro del consejo politécnico,OTROS_AA,False,,,,,2025-10-01,2028-09-30,1095,False,False,False,False,DOCENTE,DOCENTE_TITULAR_CARRERA,False
1857,17,FACULTAD DE CIENCIAS SOCIALES Y HUMANÍSTICAS,Coordinador de programa de postgrado,JEFATURA_SUPERVISION_OPERATIVA,False,,,POSGRADO,Maestría en Ciencias Económicas,2026-08-05,,41,False,False,False,False,DOCENTE,DOCENTE_TITULAR_CARRERA,False
1877,16,FACULTAD DE INGENIERÍA EN ELECTRICIDAD Y COMPUTACIÓN,Coordinador de carrera,JEFATURA_SUPERVISION_OPERATIVA,False,,,GRADO,"Ingeniería en Ciencias Computacionales, Orientación Sistemas de Información",2017-01-05,2017-01-08,3,False,False,False,False,DOCENTE,DOCENTE_TITULAR_CARRERA,False
1877,16,FACULTAD DE INGENIERÍA EN ELECTRICIDAD Y COMPUTACIÓN,Coordinador de carrera,JEFATURA_SUPERVISION_OPERATIVA,False,,,GRADO,Computación,2017-01-09,2017-09-22,256,False,False,False,False,DOCENTE,DOCENTE_TITULAR_CARRERA,False
1877,16,FACULTAD DE INGENIERÍA EN ELECTRICIDAD Y COMPUTACIÓN,Coordinador de carrera,JEFATURA_SUPERVISION_OPERATIVA,False,,,GRADO,Computación,2017-09-25,2018-05-07,224,False,False,False,False,DOCENTE,DOCENTE_TITULAR_CARRERA,False
1877,16,FACULTAD DE INGENIERÍA EN ELECTRICIDAD Y COMPUTACIÓN,Decano,AUTORIDAD_ACADEMICA_SUPERIOR,False,,,,,2021-12-14,2022-11-12,333,False,False,False,False,DOCENTE,DOCENTE_TITULAR_CARRERA,False
1877,3,VICERRECTORADO ACADÉMICO,Subrogación,OTROS_AA,True,Vicerrector,AUTORIDAD_ACADEMICA_SUPERIOR,,,2022-07-04,2022-07-10,6,False,False,False,False,DOCENTE,DOCENTE_TITULAR_CARRERA,False
1877,93,DECANATO DE GRADO,Subrogación,OTROS_AA,True,Decano de grado,AUTORIDAD_ACADEMICA_SUPERIOR,,,2022-10-19,2022-10-26,7,False,False,False,False,DOCENTE,DOCENTE_TITULAR_CARRERA,False
1877,93,DECANATO DE GRADO,Decano,AUTORIDAD_ACADEMICA_SUPERIOR,False,,,,,2022-11-13,2022-11-14,1,False,False,False,False,DOCENTE,DOCENTE_TITULAR_CARRERA,False
1877,138,DECANATO DE GRADO,Decano de grado,AUTORIDAD_ACADEMICA_SUPERIOR,False,,,,,2022-11-13,2023-11-19,371,False,False,False,False,DOCENTE,DOCENTE_TITULAR_CARRERA,False
1877,131,VICERRECTORADO DE DOCENCIA,Subrogación,OTROS_AA,True,Vicerrector,AUTORIDAD_ACADEMICA_SUPERIOR,,,2023-01-30,2023-02-02,3,False,False,False,False,DOCENTE,DOCENTE_TITULAR_CARRERA,False
1877,131,VICERRECTORADO DE DOCENCIA,Subrogación,OTROS_AA,True,Vicerrector,AUTORIDAD_ACADEMICA_SUPERIOR,,,2023-05-22,2023-05-27,5,False,False,False,False,DOCENTE,DOCENTE_TITULAR_CARRERA,False
1877,131,VICERRECTORADO DE DOCENCIA,Subrogación,OTROS_AA,True,Vicerrector,AUTORIDAD_ACADEMICA_SUPERIOR,,,2023-06-06,2023-06-08,2,False,False,False,False,DOCENTE,DOCENTE_TITULAR_CARRERA,False
1877,131,VICERRECTORADO DE DOCENCIA,Subrogación,OTROS_AA,True,Vicerrector,AUTORIDAD_ACADEMICA_SUPERIOR,,,2023-06-09,2023-06-10,1,False,False,False,False,DOCENTE,DOCENTE_TITULAR_CARRERA,False
1877,131,VICERRECTORADO DE DOCENCIA,Subrogación,OTROS_AA,True,Vicerrector,AUTORIDAD_ACADEMICA_SUPERIOR,,,2023-08-21,2023-08-24,3,False,False,False,False,DOCENTE,AUTORIDAD_ACADEMICA_SUPERIOR,True
1877,131,VICERRECTORADO DE DOCENCIA,Subrogación,OTROS_AA,True,Vicerrector,AUTORIDAD_ACADEMICA_SUPERIOR,,,2023-09-03,2023-09-07,4,False,False,False,False,DOCENTE,AUTORIDAD_ACADEMICA_SUPERIOR,True
1877,131,VICERRECTORADO DE DOCENCIA,Subrogación,OTROS_AA,True,Vicerrector,AUTORIDAD_ACADEMICA_SUPERIOR,,,2023-09-11,2023-09-22,11,False,False,False,False,DOCENTE,AUTORIDAD_ACADEMICA_SUPERIOR,True
1877,130,"VICERRECTORADO DE INVESTIGACIÓN, DESARROLLO E INNOVACIÓN",Subrogación,OTROS_AA,True,Vicerrector,AUTORIDAD_ACADEMICA_SUPERIOR,,,2023-10-05,2023-10-05,0,False,False,False,False,DOCENTE,AUTORIDAD_ACADEMICA_SUPERIOR,True
1877,131,VICERRECTORADO DE DOCENCIA,Subrogación,OTROS_AA,True,Vicerrector,AUTORIDAD_ACADEMICA_SUPERIOR,,,2023-10-20,2023-10-29,9,False,False,False,False,DOCENTE,AUTORIDAD_ACADEMICA_SUPERIOR,True
1877,16,FACULTAD DE INGENIERÍA EN ELECTRICIDAD Y COMPUTACIÓN,Miembro del consejo politécnico,OTROS_AA,False,,,,,2025-12-11,2028-12-10,1095,False,False,False,False,DOCENTE,DOCENTE_TITULAR_CARRERA,False
1878,52,UNIDAD DE BIENESTAR ESTUDIANTIL Y POLITÉCNICO,Director,AUTORIDAD_ADMINISTRATIVA_SUPERIOR,False,,,,,2018-07-12,2022-11-13,1585,False,False,False,False,ADMINISTRATIVO,AUTORIDAD_ADMINISTRATIVA_SUPERIOR,True
1878,135,GERENCIA DE BIENESTAR POLITÉCNICO,Gerente,AUTORIDAD_ADMINISTRATIVA_SUPERIOR,False,,,,,2022-11-14,,1401,False,False,False,False,ADMINISTRATIVO,AUTORIDAD_ADMINISTRATIVA_SUPERIOR,True
1881,38,CENTRO DE TECNOLOGÍAS DE LA INFORMACIÓN,Director,AUTORIDAD_ADMINISTRATIVA_SUPERIOR,False,,,,,2017-11-13,2018-07-31,260,False,False,False,False,,,
1885,16,FACULTAD DE INGENIERÍA EN ELECTRICIDAD Y COMPUTACIÓN,Coordinador de carrera,JEFATURA_SUPERVISION_OPERATIVA,False,,,GRADO,Telecomunicaciones,2017-10-04,2018-07-15,284,False,False,False,False,DOCENTE,DOCENTE_TITULAR_CARRERA,False
1885,16,FACULTAD DE INGENIERÍA EN ELECTRICIDAD Y COMPUTACIÓN,Miembro del consejo directivo,OTROS_AA,False,,,,,2019-12-10,2021-10-05,665,False,False,False,False,DOCENTE,DOCENTE_TITULAR_CARRERA,False
1885,16,FACULTAD DE INGENIERÍA EN ELECTRICIDAD Y COMPUTACIÓN,Subrogación,OTROS_AA,True,Subdecano,AUTORIDAD_ACADEMICA_SUPERIOR,,,2020-01-26,2020-02-01,6,False,False,False,False,DOCENTE,DOCENTE_TITULAR_CARRERA,False
1885,16,FACULTAD DE INGENIERÍA EN ELECTRICIDAD Y COMPUTACIÓN,Coordinador de programa de postgrado,JEFATURA_SUPERVISION_OPERATIVA,False,,,POSGRADO,Maestría en Telecomunicaciones,2020-02-01,2021-02-21,386,False,False,False,False,DOCENTE,DOCENTE_TITULAR_CARRERA,False
1885,16,FACULTAD DE INGENIERÍA EN ELECTRICIDAD Y COMPUTACIÓN,Subrogación,OTROS_AA,True,Subdecano,AUTORIDAD_ACADEMICA_SUPERIOR,,,2020-02-18,2020-02-18,0,False,False,False,False,DOCENTE,DOCENTE_TITULAR_CARRERA,False
1885,16,FACULTAD DE INGENIERÍA EN ELECTRICIDAD Y COMPUTACIÓN,Subrogación,OTROS_AA,True,Subdecano,AUTORIDAD_ACADEMICA_SUPERIOR,,,2020-10-12,2020-10-15,3,False,False,False,False,DOCENTE,DOCENTE_TITULAR_CARRERA,False
1885,16,FACULTAD DE INGENIERÍA EN ELECTRICIDAD Y COMPUTACIÓN,Subrogación,OTROS_AA,True,Subdecano,AUTORIDAD_ACADEMICA_SUPERIOR,,,2020-11-09,2020-11-15,6,False,False,False,False,DOCENTE,DOCENTE_TITULAR_CARRERA,False
1885,16,FACULTAD DE INGENIERÍA EN ELECTRICIDAD Y COMPUTACIÓN,Subdecano,AUTORIDAD_ACADEMICA_SUPERIOR,False,,,,,2021-02-22,2022-11-12,628,False,False,False,False,DOCENTE,AUTORIDAD_ACADEMICA_SUPERIOR,True
1885,16,FACULTAD DE INGENIERÍA EN ELECTRICIDAD Y COMPUTACIÓN,Subrogación,OTROS_AA,True,Decano,AUTORIDAD_ACADEMICA_SUPERIOR,,,2022-03-07,2022-03-17,10,False,False,False,False,DOCENTE,DOCENTE_TITULAR_CARRERA,False
1885,16,FACULTAD DE INGENIERÍA EN ELECTRICIDAD Y COMPUTACIÓN,Subrogación,OTROS_AA,True,Decano,AUTORIDAD_ACADEMICA_SUPERIOR,,,2022-05-02,2022-05-07,5,False,False,False,False,DOCENTE,DOCENTE_TITULAR_CARRERA,False
1885,16,FACULTAD DE INGENIERÍA EN ELECTRICIDAD Y COMPUTACIÓN,Subrogación,OTROS_AA,True,Decano,AUTORIDAD_ACADEMICA_SUPERIOR,,,2022-07-04,2022-07-10,6,False,False,False,False,DOCENTE,DOCENTE_TITULAR_CARRERA,False
1885,16,FACULTAD DE INGENIERÍA EN ELECTRICIDAD Y COMPUTACIÓN,Subrogación,OTROS_AA,True,Decano,AUTORIDAD_ACADEMICA_SUPERIOR,,,2022-10-07,2022-10-07,0,False,False,False,False,DOCENTE,DOCENTE_TITULAR_CARRERA,False
1885,16,FACULTAD DE INGENIERÍA EN ELECTRICIDAD Y COMPUTACIÓN,Subrogación,OTROS_AA,True,Decano,AUTORIDAD_ACADEMICA_SUPERIOR,,,2022-10-19,2022-10-26,7,False,False,False,False,DOCENTE,DOCENTE_TITULAR_CARRERA,False
1885,16,FACULTAD DE INGENIERÍA EN ELECTRICIDAD Y COMPUTACIÓN,Coordinador general de postgrado,JEFATURA_SUPERVISION_OPERATIVA,False,,,,,2024-10-01,2025-09-30,364,False,False,False,False,DOCENTE,DOCENTE_TITULAR_CARRERA,False
1885,16,FACULTAD DE INGENIERÍA EN ELECTRICIDAD Y COMPUTACIÓN,Miembro del consejo directivo,OTROS_AA,False,,,,,2024-10-06,2027-10-05,1094,False,False,False,False,DOCENTE,DOCENTE_TITULAR_CARRERA,False
1888,17,FACULTAD DE CIENCIAS SOCIALES Y HUMANÍSTICAS,Miembro del consejo directivo,OTROS_AA,False,,,,,2016-12-14,2019-12-13,1094,False,False,False,False,DOCENTE,DOCENTE_TITULAR_CARRERA,False
1903,22,FACULTAD DE INGENIERÍA MECÁNICA Y CIENCIAS DE LA PRODUCCIÓN,Coordinador de vinculación con la sociedad,JEFATURA_SUPERVISION_OPERATIVA,False,,,GRADO,Mecánica,2017-04-07,2023-02-28,2153,False,False,False,False,DOCENTE,DOCENTE_NO_TITULAR_OCASIONAL,False
1903,22,FACULTAD DE INGENIERÍA MECÁNICA Y CIENCIAS DE LA PRODUCCIÓN,Coordinador de programa de postgrado,JEFATURA_SUPERVISION_OPERATIVA,False,,,POSGRADO,Maestría en Ciencias en Ingeniería Mecánica,2020-10-01,2023-02-28,880,False,False,False,False,DOCENTE,DOCENTE_NO_TITULAR_OCASIONAL,False
1903,22,FACULTAD DE INGENIERÍA MECÁNICA Y CIENCIAS DE LA PRODUCCIÓN,Coordinador de programa de postgrado,JEFATURA_SUPERVISION_OPERATIVA,False,,,POSGRADO,Maestría en Sistemas de Energía,2021-06-17,2023-02-28,621,False,False,False,False,DOCENTE,DOCENTE_NO_TITULAR_OCASIONAL,False
1903,22,FACULTAD DE INGENIERÍA MECÁNICA Y CIENCIAS DE LA PRODUCCIÓN,Coordinador de programa de postgrado,JEFATURA_SUPERVISION_OPERATIVA,False,,,POSGRADO,Maestría en Sistemas de Energía,2023-03-01,2024-03-01,366,False,False,False,False,DOCENTE,DOCENTE_TITULAR_CARRERA,False
1903,22,FACULTAD DE INGENIERÍA MECÁNICA Y CIENCIAS DE LA PRODUCCIÓN,Coordinador de vinculación con la sociedad,JEFATURA_SUPERVISION_OPERATIVA,False,,,GRADO,Mecánica,2023-04-20,2025-02-14,666,False,False,False,False,DOCENTE,DOCENTE_TITULAR_CARRERA,False
1903,22,FACULTAD DE INGENIERÍA MECÁNICA Y CIENCIAS DE LA PRODUCCIÓN,Coordinador de programa de postgrado,JEFATURA_SUPERVISION_OPERATIVA,False,,,POSGRADO,Maestría en Ciencias de la Ingeniería Mecánica,2025-01-08,2026-02-13,401,False,False,False,False,DOCENTE,DOCENTE_TITULAR_CARRERA,False
1903,22,FACULTAD DE INGENIERÍA MECÁNICA Y CIENCIAS DE LA PRODUCCIÓN,Coordinador de programa de postgrado,JEFATURA_SUPERVISION_OPERATIVA,False,,,POSGRADO,Maestría en Sistemas de Energía,2025-01-08,2026-02-13,401,False,False,True,False,DOCENTE,DOCENTE_TITULAR_CARRERA,False
1903,70,CENTRO DE DESARROLLO TECNOLÓGICO SUSTENTABLE,Director,AUTORIDAD_ADMINISTRATIVA_SUPERIOR,False,,,,,2025-03-10,,554,False,False,False,False,DOCENTE,DOCENTE_TITULAR_CARRERA,False
1903,22,FACULTAD DE INGENIERÍA MECÁNICA Y CIENCIAS DE LA PRODUCCIÓN,Coordinador de programa de postgrado,JEFATURA_SUPERVISION_OPERATIVA,False,,,POSGRADO,Maestría en Sistemas de Energía,2026-02-18,,209,False,False,False,False,DOCENTE,DOCENTE_TITULAR_CARRERA,False
1933,22,FACULTAD DE INGENIERÍA MECÁNICA Y CIENCIAS DE LA PRODUCCIÓN,Miembro del consejo politécnico,OTROS_AA,False,,,,,2017-01-27,2019-04-10,803,False,False,False,False,DOCENTE,DOCENTE_TITULAR_CARRERA,False
1933,22,FACULTAD DE INGENIERÍA MECÁNICA Y CIENCIAS DE LA PRODUCCIÓN,Subdecano,AUTORIDAD_ACADEMICA_SUPERIOR,False,,,,,2017-11-13,2019-04-30,533,False,False,False,False,DOCENTE,DOCENTE_TITULAR_CARRERA,False
1933,22,FACULTAD DE INGENIERÍA MECÁNICA Y CIENCIAS DE LA PRODUCCIÓN,Subrogación,OTROS_AA,True,Decano,AUTORIDAD_ACADEMICA_SUPERIOR,,,2018-11-09,2018-11-16,7,False,False,False,False,DOCENTE,DOCENTE_CONTRATADO_SERVICIOS_CIVILES,False
1933,22,FACULTAD DE INGENIERÍA MECÁNICA Y CIENCIAS DE LA PRODUCCIÓN,Miembro del consejo politécnico,OTROS_AA,False,,,,,2019-08-22,2022-08-21,1095,False,False,False,False,DOCENTE,DOCENTE_TITULAR_CARRERA,False
1933,29,DECANATO DE POSTGRADO,Decano,AUTORIDAD_ACADEMICA_SUPERIOR,False,,,,,2022-11-13,2022-11-14,1,False,False,False,False,DOCENTE,DOCENTE_CONTRATADO_SERVICIOS_CIVILES,False
1933,137,DECANATO DE POSGRADO,Decano,AUTORIDAD_ACADEMICA_SUPERIOR,False,,,,,2022-11-13,,1402,False,False,False,False,DOCENTE,AUTORIDAD_ACADEMICA_SUPERIOR,True
1933,131,VICERRECTORADO DE DOCENCIA,Subrogación,OTROS_AA,True,Vicerrector,AUTORIDAD_ACADEMICA_SUPERIOR,,,2025-05-27,2025-05-31,4,False,False,False,False,DOCENTE,AUTORIDAD_ACADEMICA_SUPERIOR,True
1933,131,VICERRECTORADO DE DOCENCIA,Subrogación,OTROS_AA,True,Vicerrector,AUTORIDAD_ACADEMICA_SUPERIOR,,,2025-09-15,2025-09-19,4,False,False,False,False,DOCENTE,AUTORIDAD_ACADEMICA_SUPERIOR,True
1933,131,VICERRECTORADO DE DOCENCIA,Subrogación,OTROS_AA,True,Vicerrector,AUTORIDAD_ACADEMICA_SUPERIOR,,,2026-01-27,2026-02-03,7,False,False,False,False,DOCENTE,AUTORIDAD_ACADEMICA_SUPERIOR,True
1933,131,VICERRECTORADO DE DOCENCIA,Subrogación,OTROS_AA,True,Vicerrector,AUTORIDAD_ACADEMICA_SUPERIOR,,,2026-03-23,2026-03-27,4,False,False,False,False,DOCENTE,AUTORIDAD_ACADEMICA_SUPERIOR,True
1933,131,VICERRECTORADO DE DOCENCIA,Subrogación,OTROS_AA,True,Vicerrector,AUTORIDAD_ACADEMICA_SUPERIOR,,,2026-06-15,2026-06-20,5,False,False,False,False,DOCENTE,AUTORIDAD_ACADEMICA_SUPERIOR,True
1933,131,VICERRECTORADO DE DOCENCIA,Subrogación,OTROS_AA,True,Vicerrector,AUTORIDAD_ACADEMICA_SUPERIOR,,,2026-07-12,2026-07-18,6,False,False,False,False,DOCENTE,AUTORIDAD_ACADEMICA_SUPERIOR,True
1935,12,FACULTAD DE CIENCIAS NATURALES Y MATEMÁTICAS,Miembro del consejo directivo,OTROS_AA,False,,,,,2019-12-10,2022-11-10,1066,False,False,False,False,DOCENTE,DOCENTE_TITULAR_CARRERA,False
1935,12,FACULTAD DE CIENCIAS NATURALES Y MATEMÁTICAS,Subrogación,OTROS_AA,True,Subdecano,AUTORIDAD_ACADEMICA_SUPERIOR,,,2020-02-17,2020-02-21,4,False,False,False,False,DOCENTE,DOCENTE_TITULAR_CARRERA,False
1935,12,FACULTAD DE CIENCIAS NATURALES Y MATEMÁTICAS,Subrogación,OTROS_AA,True,Decano,AUTORIDAD_ACADEMICA_SUPERIOR,,,2020-02-26,2020-03-06,9,False,False,False,False,DOCENTE,DOCENTE_TITULAR_CARRERA,False
1935,12,FACULTAD DE CIENCIAS NATURALES Y MATEMÁTICAS,Subrogación,OTROS_AA,True,Subdecano,AUTORIDAD_ACADEMICA_SUPERIOR,,,2020-03-09,2020-04-03,25,False,False,False,False,DOCENTE,DOCENTE_TITULAR_CARRERA,False
1935,12,FACULTAD DE CIENCIAS NATURALES Y MATEMÁTICAS,Subrogación,OTROS_AA,True,Subdecano,AUTORIDAD_ACADEMICA_SUPERIOR,,,2021-03-02,2021-03-10,8,False,False,False,False,DOCENTE,DOCENTE_TITULAR_CARRERA,False
1935,12,FACULTAD DE CIENCIAS NATURALES Y MATEMÁTICAS,Subrogación,OTROS_AA,True,Subdecano,AUTORIDAD_ACADEMICA_SUPERIOR,,,2021-04-07,2021-04-16,9,False,False,False,False,DOCENTE,DOCENTE_TITULAR_CARRERA,False
1935,12,FACULTAD DE CIENCIAS NATURALES Y MATEMÁTICAS,Subrogación,OTROS_AA,True,Subdecano,AUTORIDAD_ACADEMICA_SUPERIOR,,,2021-11-23,2021-11-26,3,False,False,False,False,ADMINISTRATIVO,CONTRATO_SERVICIOS_PROFESIONALES_PROYECTO,False
1935,12,FACULTAD DE CIENCIAS NATURALES Y MATEMÁTICAS,Subrogación,OTROS_AA,True,Subdecano,AUTORIDAD_ACADEMICA_SUPERIOR,,,2022-02-21,2022-02-25,4,False,False,False,False,ADMINISTRATIVO,CONTRATO_SERVICIOS_PROFESIONALES_PROYECTO,False
1935,12,FACULTAD DE CIENCIAS NATURALES Y MATEMÁTICAS,Subrogación,OTROS_AA,True,Subdecano,AUTORIDAD_ACADEMICA_SUPERIOR,,,2022-03-28,2022-04-22,25,False,False,False,False,ADMINISTRATIVO,CONTRATO_SERVICIOS_PROFESIONALES_PROYECTO,False
1935,12,FACULTAD DE CIENCIAS NATURALES Y MATEMÁTICAS,Subrogación,OTROS_AA,True,Subdecano,AUTORIDAD_ACADEMICA_SUPERIOR,,,2022-05-03,2022-05-06,3,False,False,False,False,ADMINISTRATIVO,CONTRATO_SERVICIOS_PROFESIONALES_PROYECTO,False
1935,12,FACULTAD DE CIENCIAS NATURALES Y MATEMÁTICAS,Subrogación,OTROS_AA,True,Subdecano,AUTORIDAD_ACADEMICA_SUPERIOR,,,2022-05-24,2022-06-11,18,False,False,False,False,ADMINISTRATIVO,CONTRATO_SERVICIOS_PROFESIONALES_PROYECTO,False
1935,12,FACULTAD DE CIENCIAS NATURALES Y MATEMÁTICAS,Subrogación,OTROS_AA,True,Subdecano,AUTORIDAD_ACADEMICA_SUPERIOR,,,2022-07-04,2022-07-08,4,False,False,False,False,ADMINISTRATIVO,CONTRATO_SERVICIOS_PROFESIONALES_PROYECTO,False
1935,12,FACULTAD DE CIENCIAS NATURALES Y MATEMÁTICAS,Subrogación,OTROS_AA,True,Subdecano,AUTORIDAD_ACADEMICA_SUPERIOR,,,2022-10-03,2022-11-12,40,False,False,False,False,DOCENTE,DOCENTE_TITULAR_CARRERA,False
1935,12,FACULTAD DE CIENCIAS NATURALES Y MATEMÁTICAS,Decano,AUTORIDAD_ACADEMICA_SUPERIOR,False,,,,,2022-11-13,,1402,False,False,False,False,DOCENTE,AUTORIDAD_ACADEMICA_SUPERIOR,True
1935,12,FACULTAD DE CIENCIAS NATURALES Y MATEMÁTICAS,Miembro del consejo directivo,OTROS_AA,False,,,,,2022-12-10,2022-12-14,4,False,False,False,False,DOCENTE,AUTORIDAD_ACADEMICA_SUPERIOR,False
1935,138,DECANATO DE GRADO,Subrogación,OTROS_AA,True,Decano de grado,AUTORIDAD_ACADEMICA_SUPERIOR,,,2023-01-30,2023-02-02,3,False,False,False,False,DOCENTE,AUTORIDAD_ACADEMICA_SUPERIOR,True
1935,138,DECANATO DE GRADO,Subrogación,OTROS_AA,True,Decano de grado,AUTORIDAD_ACADEMICA_SUPERIOR,,,2023-02-17,2023-02-17,0,False,False,False,False,DOCENTE,AUTORIDAD_ACADEMICA_SUPERIOR,True
1935,138,DECANATO DE GRADO,Subrogación,OTROS_AA,True,Decano de grado,AUTORIDAD_ACADEMICA_SUPERIOR,,,2023-11-07,2023-11-10,3,False,False,False,False,DOCENTE,AUTORIDAD_ACADEMICA_SUPERIOR,True
1935,136,DECANATO DE INVESTIGACIÓN,Subrogación,OTROS_AA,True,Decano,AUTORIDAD_ACADEMICA_SUPERIOR,,,2024-03-05,2024-03-10,5,False,False,False,False,DOCENTE,AUTORIDAD_ACADEMICA_SUPERIOR,True
1935,137,DECANATO DE POSGRADO,Subrogación,OTROS_AA,True,Decano,AUTORIDAD_ACADEMICA_SUPERIOR,,,2024-05-06,2024-05-12,6,False,False,False,False,DOCENTE,AUTORIDAD_ACADEMICA_SUPERIOR,True
1935,136,DECANATO DE INVESTIGACIÓN,Subrogación,OTROS_AA,True,Decano,AUTORIDAD_ACADEMICA_SUPERIOR,,,2024-05-25,2024-06-02,8,False,False,False,False,DOCENTE,AUTORIDAD_ACADEMICA_SUPERIOR,True
1935,136,DECANATO DE INVESTIGACIÓN,Subrogación,OTROS_AA,True,Decano,AUTORIDAD_ACADEMICA_SUPERIOR,,,2024-07-11,2024-07-13,2,False,False,False,False,DOCENTE,AUTORIDAD_ACADEMICA_SUPERIOR,True
1935,137,DECANATO DE POSGRADO,Subrogación,OTROS_AA,True,Decano,AUTORIDAD_ACADEMICA_SUPERIOR,,,2024-09-21,2024-10-04,13,False,False,False,False,DOCENTE,AUTORIDAD_ACADEMICA_SUPERIOR,True
1935,137,DECANATO DE POSGRADO,Subrogación,OTROS_AA,True,Decano,AUTORIDAD_ACADEMICA_SUPERIOR,,,2024-09-21,2024-10-06,15,False,False,False,False,DOCENTE,AUTORIDAD_ACADEMICA_SUPERIOR,True
1935,137,DECANATO DE POSGRADO,Subrogación,OTROS_AA,True,Decano,AUTORIDAD_ACADEMICA_SUPERIOR,,,2025-09-15,2025-09-19,4,False,False,False,False,DOCENTE,AUTORIDAD_ACADEMICA_SUPERIOR,True
1935,136,DECANATO DE INVESTIGACIÓN,Subrogación,OTROS_AA,True,Decano,AUTORIDAD_ACADEMICA_SUPERIOR,,,2025-09-21,2025-09-22,1,False,False,False,False,DOCENTE,AUTORIDAD_ACADEMICA_SUPERIOR,True
1935,136,DECANATO DE INVESTIGACIÓN,Subrogación,OTROS_AA,True,Decano,AUTORIDAD_ACADEMICA_SUPERIOR,,,2025-09-24,2025-09-27,3,False,False,False,False,DOCENTE,AUTORIDAD_ACADEMICA_SUPERIOR,True
1961,22,FACULTAD DE INGENIERÍA MECÁNICA Y CIENCIAS DE LA PRODUCCIÓN,Coordinador de programa de postgrado,JEFATURA_SUPERVISION_OPERATIVA,False,,,POSGRADO,Maestría en Ecoeficiencia Industrial,2023-06-01,2024-06-03,368,False,False,False,False,DOCENTE,DOCENTE_TITULAR_CARRERA,False
1961,22,FACULTAD DE INGENIERÍA MECÁNICA Y CIENCIAS DE LA PRODUCCIÓN,Miembro del consejo directivo,OTROS_AA,False,,,,,2023-12-01,2024-12-17,382,False,False,False,False,DOCENTE,DOCENTE_TITULAR_CARRERA,False
1961,22,FACULTAD DE INGENIERÍA MECÁNICA Y CIENCIAS DE LA PRODUCCIÓN,Subrogación,OTROS_AA,True,Subdecano,AUTORIDAD_ACADEMICA_SUPERIOR,,,2024-02-23,2024-03-08,14,False,False,False,False,DOCENTE,DOCENTE_TITULAR_CARRERA,False
1961,22,FACULTAD DE INGENIERÍA MECÁNICA Y CIENCIAS DE LA PRODUCCIÓN,Subrogación,OTROS_AA,True,Subdecano,AUTORIDAD_ACADEMICA_SUPERIOR,,,2024-03-09,2024-03-12,3,False,False,False,False,DOCENTE,DOCENTE_TITULAR_CARRERA,False
1961,22,FACULTAD DE INGENIERÍA MECÁNICA Y CIENCIAS DE LA PRODUCCIÓN,Subrogación,OTROS_AA,True,Subdecano,AUTORIDAD_ACADEMICA_SUPERIOR,,,2024-03-18,2024-03-31,13,False,False,False,False,DOCENTE,DOCENTE_TITULAR_CARRERA,False
1961,22,FACULTAD DE INGENIERÍA MECÁNICA Y CIENCIAS DE LA PRODUCCIÓN,Subrogación,OTROS_AA,True,Subdecano,AUTORIDAD_ACADEMICA_SUPERIOR,,,2024-07-08,2024-07-15,7,False,False,False,False,DOCENTE,DOCENTE_TITULAR_CARRERA,False
1961,22,FACULTAD DE INGENIERÍA MECÁNICA Y CIENCIAS DE LA PRODUCCIÓN,Subrogación,OTROS_AA,True,Subdecano,AUTORIDAD_ACADEMICA_SUPERIOR,,,2024-07-29,2024-08-16,18,False,False,False,False,DOCENTE,DOCENTE_TITULAR_CARRERA,False
1961,22,FACULTAD DE INGENIERÍA MECÁNICA Y CIENCIAS DE LA PRODUCCIÓN,Subrogación,OTROS_AA,True,Subdecano,AUTORIDAD_ACADEMICA_SUPERIOR,,,2024-10-03,2024-10-10,7,False,False,False,False,DOCENTE,DOCENTE_TITULAR_CARRERA,False
1961,54,GERENCIA ADMINISTRATIVA,Gerente,AUTORIDAD_ADMINISTRATIVA_SUPERIOR,False,,,,,2024-12-16,,638,False,False,False,False,DOCENTE,DOCENTE_TITULAR_CARRERA,False
1971,12,FACULTAD DE CIENCIAS NATURALES Y MATEMÁTICAS,Miembro del consejo directivo,OTROS_AA,False,,,,,2017-01-27,2020-01-26,1094,False,False,False,False,DOCENTE,DOCENTE_TITULAR_CARRERA,False
1971,12,FACULTAD DE CIENCIAS NATURALES Y MATEMÁTICAS,Coordinador de programa de postgrado,JEFATURA_SUPERVISION_OPERATIVA,False,,,POSGRADO,Maestría en Estadística,2019-01-02,2019-09-30,271,False,False,False,False,DOCENTE,DOCENTE_TITULAR_CARRERA,False
1971,12,FACULTAD DE CIENCIAS NATURALES Y MATEMÁTICAS,Subrogación,OTROS_AA,True,Subdecano,AUTORIDAD_ACADEMICA_SUPERIOR,,,2019-07-23,2019-07-27,4,False,False,False,False,DOCENTE,DOCENTE_TITULAR_CARRERA,False
1971,12,FACULTAD DE CIENCIAS NATURALES Y MATEMÁTICAS,Subrogación,OTROS_AA,True,Subdecano,AUTORIDAD_ACADEMICA_SUPERIOR,,,2019-10-07,2019-10-11,4,False,False,False,False,DOCENTE,DOCENTE_TITULAR_CARRERA,False
1971,12,FACULTAD DE CIENCIAS NATURALES Y MATEMÁTICAS,Subrogación,OTROS_AA,True,Decano,AUTORIDAD_ACADEMICA_SUPERIOR,,,2019-10-15,2019-10-20,5,False,False,False,False,DOCENTE,DOCENTE_TITULAR_CARRERA,False
1971,12,FACULTAD DE CIENCIAS NATURALES Y MATEMÁTICAS,Subrogación,OTROS_AA,True,Subdecano,AUTORIDAD_ACADEMICA_SUPERIOR,,,2019-11-21,2019-11-24,3,False,False,False,False,DOCENTE,AUTORIDAD_ACADEMICA_SUPERIOR,True
1971,12,FACULTAD DE CIENCIAS NATURALES Y MATEMÁTICAS,Subrogación,OTROS_AA,True,Subdecano,AUTORIDAD_ACADEMICA_SUPERIOR,,,2019-12-05,2019-12-12,7,False,False,False,False,DOCENTE,AUTORIDAD_ACADEMICA_SUPERIOR,True
1971,12,FACULTAD DE CIENCIAS NATURALES Y MATEMÁTICAS,Miembro del consejo directivo,OTROS_AA,False,,,,,2019-12-10,2021-10-05,665,False,False,False,False,DOCENTE,DOCENTE_TITULAR_CARRERA,False
1971,12,FACULTAD DE CIENCIAS NATURALES Y MATEMÁTICAS,Subrogación,OTROS_AA,True,Subdecano,AUTORIDAD_ACADEMICA_SUPERIOR,,,2020-01-21,2020-01-22,1,False,False,False,False,DOCENTE,DOCENTE_TITULAR_CARRERA,False
1971,12,FACULTAD DE CIENCIAS NATURALES Y MATEMÁTICAS,Subrogación,OTROS_AA,True,Subdecano,AUTORIDAD_ACADEMICA_SUPERIOR,,,2020-02-26,2020-03-06,9,False,False,False,False,DOCENTE,DOCENTE_TITULAR_CARRERA,False
1971,12,FACULTAD DE CIENCIAS NATURALES Y MATEMÁTICAS,Subdecano,AUTORIDAD_ACADEMICA_SUPERIOR,False,,,,,2021-02-22,2022-11-12,628,False,False,False,False,DOCENTE,AUTORIDAD_ACADEMICA_SUPERIOR,True
1971,12,FACULTAD DE CIENCIAS NATURALES Y MATEMÁTICAS,Subrogación,OTROS_AA,True,Decano,AUTORIDAD_ACADEMICA_SUPERIOR,,,2021-03-02,2021-03-10,8,False,False,False,False,DOCENTE,AUTORIDAD_ACADEMICA_SUPERIOR,True
1971,12,FACULTAD DE CIENCIAS NATURALES Y MATEMÁTICAS,Subrogación,OTROS_AA,True,Decano,AUTORIDAD_ACADEMICA_SUPERIOR,,,2021-11-23,2021-11-26,3,False,False,False,False,DOCENTE,AUTORIDAD_ACADEMICA_SUPERIOR,True
1971,12,FACULTAD DE CIENCIAS NATURALES Y MATEMÁTICAS,Subrogación,OTROS_AA,True,Decano,AUTORIDAD_ACADEMICA_SUPERIOR,,,2022-02-21,2022-02-25,4,False,False,False,False,DOCENTE,AUTORIDAD_ACADEMICA_SUPERIOR,True
1971,12,FACULTAD DE CIENCIAS NATURALES Y MATEMÁTICAS,Subrogación,OTROS_AA,True,Decano,AUTORIDAD_ACADEMICA_SUPERIOR,,,2022-05-03,2022-05-06,3,False,False,False,False,DOCENTE,AUTORIDAD_ACADEMICA_SUPERIOR,True
1971,12,FACULTAD DE CIENCIAS NATURALES Y MATEMÁTICAS,Subrogación,OTROS_AA,True,Decano,AUTORIDAD_ACADEMICA_SUPERIOR,,,2022-07-04,2022-07-08,4,False,False,False,False,DOCENTE,AUTORIDAD_ACADEMICA_SUPERIOR,True
1971,12,FACULTAD DE CIENCIAS NATURALES Y MATEMÁTICAS,Subrogación,OTROS_AA,True,Decano,AUTORIDAD_ACADEMICA_SUPERIOR,,,2022-10-03,2022-11-13,41,False,False,False,False,DOCENTE,AUTORIDAD_ACADEMICA_SUPERIOR,True
1971,12,FACULTAD DE CIENCIAS NATURALES Y MATEMÁTICAS,Decano,AUTORIDAD_ACADEMICA_SUPERIOR,False,,,,,2022-10-03,2022-10-06,3,False,False,False,False,DOCENTE,AUTORIDAD_ACADEMICA_SUPERIOR,True
1971,12,FACULTAD DE CIENCIAS NATURALES Y MATEMÁTICAS,Decano,AUTORIDAD_ACADEMICA_SUPERIOR,False,,,,,2022-10-03,2022-11-12,40,False,False,False,False,DOCENTE,AUTORIDAD_ACADEMICA_SUPERIOR,True
1971,12,FACULTAD DE CIENCIAS NATURALES Y MATEMÁTICAS,Subdecano,AUTORIDAD_ACADEMICA_SUPERIOR,False,,,,,2022-11-13,,1402,False,False,False,False,DOCENTE,AUTORIDAD_ACADEMICA_SUPERIOR,True
1971,12,FACULTAD DE CIENCIAS NATURALES Y MATEMÁTICAS,Subrogación,OTROS_AA,True,Decano,AUTORIDAD_ACADEMICA_SUPERIOR,,,2023-01-30,2023-02-02,3,False,False,False,False,DOCENTE,AUTORIDAD_ACADEMICA_SUPERIOR,True
1971,12,FACULTAD DE CIENCIAS NATURALES Y MATEMÁTICAS,Subrogación,OTROS_AA,True,Decano,AUTORIDAD_ACADEMICA_SUPERIOR,,,2023-02-17,2023-02-17,0,False,False,False,False,DOCENTE,AUTORIDAD_ACADEMICA_SUPERIOR,True
1971,12,FACULTAD DE CIENCIAS NATURALES Y MATEMÁTICAS,Subrogación,OTROS_AA,True,Decano,AUTORIDAD_ACADEMICA_SUPERIOR,,,2023-03-27,2023-03-31,4,False,False,False,False,DOCENTE,AUTORIDAD_ACADEMICA_SUPERIOR,True
1971,12,FACULTAD DE CIENCIAS NATURALES Y MATEMÁTICAS,Subrogación,OTROS_AA,True,Decano,AUTORIDAD_ACADEMICA_SUPERIOR,,,2023-04-14,2023-04-14,0,False,False,False,False,DOCENTE,AUTORIDAD_ACADEMICA_SUPERIOR,True
1971,12,FACULTAD DE CIENCIAS NATURALES Y MATEMÁTICAS,Subrogación,OTROS_AA,True,Decano,AUTORIDAD_ACADEMICA_SUPERIOR,,,2023-05-04,2023-05-04,0,False,False,False,False,DOCENTE,AUTORIDAD_ACADEMICA_SUPERIOR,True
1971,12,FACULTAD DE CIENCIAS NATURALES Y MATEMÁTICAS,Subrogación,OTROS_AA,True,Decano,AUTORIDAD_ACADEMICA_SUPERIOR,,,2023-05-30,2023-05-31,1,False,False,False,False,DOCENTE,AUTORIDAD_ACADEMICA_SUPERIOR,True
1971,12,FACULTAD DE CIENCIAS NATURALES Y MATEMÁTICAS,Subrogación,OTROS_AA,True,Decano,AUTORIDAD_ACADEMICA_SUPERIOR,,,2023-08-03,2023-08-03,0,False,False,False,False,DOCENTE,AUTORIDAD_ACADEMICA_SUPERIOR,True
1971,12,FACULTAD DE CIENCIAS NATURALES Y MATEMÁTICAS,Subrogación,OTROS_AA,True,Decano,AUTORIDAD_ACADEMICA_SUPERIOR,,,2023-09-09,2023-09-21,12,False,False,False,False,DOCENTE,AUTORIDAD_ACADEMICA_SUPERIOR,True
1971,12,FACULTAD DE CIENCIAS NATURALES Y MATEMÁTICAS,Subrogación,OTROS_AA,True,Decano,AUTORIDAD_ACADEMICA_SUPERIOR,,,2023-11-07,2023-11-10,3,False,False,False,False,DOCENTE,AUTORIDAD_ACADEMICA_SUPERIOR,True
1971,12,FACULTAD DE CIENCIAS NATURALES Y MATEMÁTICAS,Subrogación,OTROS_AA,True,Decano,AUTORIDAD_ACADEMICA_SUPERIOR,,,2024-02-22,2024-02-22,0,False,False,False,False,DOCENTE,AUTORIDAD_ACADEMICA_SUPERIOR,True
1971,12,FACULTAD DE CIENCIAS NATURALES Y MATEMÁTICAS,Subrogación,OTROS_AA,True,Decano,AUTORIDAD_ACADEMICA_SUPERIOR,,,2024-03-05,2024-03-10,5,False,False,False,False,DOCENTE,AUTORIDAD_ACADEMICA_SUPERIOR,True
1971,12,FACULTAD DE CIENCIAS NATURALES Y MATEMÁTICAS,Subrogación,OTROS_AA,True,Decano,AUTORIDAD_ACADEMICA_SUPERIOR,,,2024-04-17,2024-05-01,14,False,False,False,False,DOCENTE,AUTORIDAD_ACADEMICA_SUPERIOR,True
1971,12,FACULTAD DE CIENCIAS NATURALES Y MATEMÁTICAS,Subrogación,OTROS_AA,True,Decano,AUTORIDAD_ACADEMICA_SUPERIOR,,,2024-05-06,2024-05-12,6,False,False,False,False,DOCENTE,AUTORIDAD_ACADEMICA_SUPERIOR,True
1971,12,FACULTAD DE CIENCIAS NATURALES Y MATEMÁTICAS,Subrogación,OTROS_AA,True,Decano,AUTORIDAD_ACADEMICA_SUPERIOR,,,2024-05-25,2024-05-31,6,False,False,False,False,DOCENTE,AUTORIDAD_ACADEMICA_SUPERIOR,True
1971,12,FACULTAD DE CIENCIAS NATURALES Y MATEMÁTICAS,Subrogación,OTROS_AA,True,Decano,AUTORIDAD_ACADEMICA_SUPERIOR,,,2024-07-11,2024-07-13,2,False,False,False,False,DOCENTE,AUTORIDAD_ACADEMICA_SUPERIOR,True
1971,12,FACULTAD DE CIENCIAS NATURALES Y MATEMÁTICAS,Subrogación,OTROS_AA,True,Decano,AUTORIDAD_ACADEMICA_SUPERIOR,,,2024-09-07,2024-09-17,10,False,False,False,False,DOCENTE,AUTORIDAD_ACADEMICA_SUPERIOR,True
1971,12,FACULTAD DE CIENCIAS NATURALES Y MATEMÁTICAS,Subrogación,OTROS_AA,True,Decano,AUTORIDAD_ACADEMICA_SUPERIOR,,,2024-09-21,2024-10-06,15,False,False,False,False,DOCENTE,AUTORIDAD_ACADEMICA_SUPERIOR,True
1971,12,FACULTAD DE CIENCIAS NATURALES Y MATEMÁTICAS,Subrogación,OTROS_AA,True,Decano,AUTORIDAD_ACADEMICA_SUPERIOR,,,2025-01-28,2025-01-30,2,False,False,False,False,DOCENTE,AUTORIDAD_ACADEMICA_SUPERIOR,True
1971,138,DECANATO DE GRADO,Subrogación,OTROS_AA,True,Decano de grado,AUTORIDAD_ACADEMICA_SUPERIOR,,,2025-03-19,2025-03-21,2,False,False,False,False,DOCENTE,AUTORIDAD_ACADEMICA_SUPERIOR,True
1971,12,FACULTAD DE CIENCIAS NATURALES Y MATEMÁTICAS,Subrogación,OTROS_AA,True,Decano,AUTORIDAD_ACADEMICA_SUPERIOR,,,2025-03-24,2025-04-11,18,False,False,False,False,DOCENTE,AUTORIDAD_ACADEMICA_SUPERIOR,True
1971,12,FACULTAD DE CIENCIAS NATURALES Y MATEMÁTICAS,Subrogación,OTROS_AA,True,Decano,AUTORIDAD_ACADEMICA_SUPERIOR,,,2025-06-02,2025-06-07,5,False,False,False,False,DOCENTE,AUTORIDAD_ACADEMICA_SUPERIOR,True
1971,12,FACULTAD DE CIENCIAS NATURALES Y MATEMÁTICAS,Subrogación,OTROS_AA,True,Decano,AUTORIDAD_ACADEMICA_SUPERIOR,,,2025-09-15,2025-09-19,4,False,False,False,False,DOCENTE,AUTORIDAD_ACADEMICA_SUPERIOR,True
1971,12,FACULTAD DE CIENCIAS NATURALES Y MATEMÁTICAS,Subrogación,OTROS_AA,True,Decano,AUTORIDAD_ACADEMICA_SUPERIOR,,,2025-09-21,2025-09-27,6,False,False,False,False,DOCENTE,AUTORIDAD_ACADEMICA_SUPERIOR,True
1971,12,FACULTAD DE CIENCIAS NATURALES Y MATEMÁTICAS,Subrogación,OTROS_AA,True,Decano,AUTORIDAD_ACADEMICA_SUPERIOR,,,2026-01-27,2026-01-30,3,False,False,False,False,DOCENTE,AUTORIDAD_ACADEMICA_SUPERIOR,True
1971,12,FACULTAD DE CIENCIAS NATURALES Y MATEMÁTICAS,Subrogación,OTROS_AA,True,Decano,AUTORIDAD_ACADEMICA_SUPERIOR,,,2026-03-24,2026-04-01,8,False,False,False,False,DOCENTE,AUTORIDAD_ACADEMICA_SUPERIOR,True
1971,12,FACULTAD DE CIENCIAS NATURALES Y MATEMÁTICAS,Subrogación,OTROS_AA,True,Decano,AUTORIDAD_ACADEMICA_SUPERIOR,,,2026-04-06,2026-04-10,4,False,False,False,False,DOCENTE,AUTORIDAD_ACADEMICA_SUPERIOR,True
1971,12,FACULTAD DE CIENCIAS NATURALES Y MATEMÁTICAS,Subrogación,OTROS_AA,True,Decano,AUTORIDAD_ACADEMICA_SUPERIOR,,,2026-04-13,2026-04-17,4,False,False,False,False,DOCENTE,AUTORIDAD_ACADEMICA_SUPERIOR,True
1971,12,FACULTAD DE CIENCIAS NATURALES Y MATEMÁTICAS,Subrogación,OTROS_AA,True,Decano,AUTORIDAD_ACADEMICA_SUPERIOR,,,2026-06-18,2026-06-18,0,False,False,False,False,DOCENTE,AUTORIDAD_ACADEMICA_SUPERIOR,True
1971,12,FACULTAD DE CIENCIAS NATURALES Y MATEMÁTICAS,Subrogación,OTROS_AA,True,Decano,AUTORIDAD_ACADEMICA_SUPERIOR,,,2026-07-29,2026-07-29,0,False,False,False,False,DOCENTE,AUTORIDAD_ACADEMICA_SUPERIOR,True
1971,12,FACULTAD DE CIENCIAS NATURALES Y MATEMÁTICAS,Subrogación,OTROS_AA,True,Decano,AUTORIDAD_ACADEMICA_SUPERIOR,,,2026-09-07,2026-09-13,6,False,False,False,False,DOCENTE,AUTORIDAD_ACADEMICA_SUPERIOR,True
1977,17,FACULTAD DE CIENCIAS SOCIALES Y HUMANÍSTICAS,Subdecano,AUTORIDAD_ACADEMICA_SUPERIOR,False,,,,,2012-11-13,2013-09-18,309,False,False,False,False,DOCENTE,AUTORIDAD_ACADEMICA_SUPERIOR,True
1977,82,CENTRO DE EDUCACIÓN CONTINUA,Director,AUTORIDAD_ADMINISTRATIVA_SUPERIOR,False,,,,,2017-12-13,2018-01-01,19,False,False,False,False,DOCENTE,DOCENTE_TITULAR_CARRERA,False
1991,50,SUBGERENCIA DE SERVICIOS DE INFRAESTRUCTURA TECNOLÓGICA Y SEGURIDAD INFORMÁTICA,Subgerente,AUTORIDAD_ADMINISTRATIVA_SUPERIOR,False,,,,,2014-05-14,2021-11-19,2746,False,False,False,False,ADMINISTRATIVO,PROFESIONAL_ANALISTA,False
1991,48,GERENCIA DE TECNOLOGÍAS Y SISTEMAS DE INFORMACIÓN,Subrogación,OTROS_AA,True,Gerente,AUTORIDAD_ADMINISTRATIVA_SUPERIOR,,,2019-09-02,2019-09-05,3,False,False,False,False,ADMINISTRATIVO,AUTORIDAD_ADMINISTRATIVA_SUPERIOR,True
2006,12,FACULTAD DE CIENCIAS NATURALES Y MATEMÁTICAS,Coordinador de carrera,JEFATURA_SUPERVISION_OPERATIVA,False,,,GRADO,Logistica y Transporte,2024-02-06,2025-10-30,632,False,False,False,False,DOCENTE,DOCENTE_NO_TITULAR_OCASIONAL,False
2006,12,FACULTAD DE CIENCIAS NATURALES Y MATEMÁTICAS,Coordinador de carrera,JEFATURA_SUPERVISION_OPERATIVA,False,,,GRADO,Logistica y Transporte,2025-10-31,,319,False,False,False,False,DOCENTE,DOCENTE_NO_TITULAR_OCASIONAL,False
2008,44,CENTRO DE INVESTIGACIONES Y SERVICIOS EDUCATIVOS,Director,AUTORIDAD_ADMINISTRATIVA_SUPERIOR,False,,,,,2018-02-01,2019-05-01,454,False,False,False,False,ADMINISTRATIVO,AUTORIDAD_ADMINISTRATIVA_SUPERIOR,True
2008,44,CENTRO DE INVESTIGACIONES Y SERVICIOS EDUCATIVOS,Subrogación,OTROS_AA,True,Director,AUTORIDAD_ADMINISTRATIVA_SUPERIOR,,,2022-04-04,2022-07-22,109,False,False,False,False,ADMINISTRATIVO,PROFESIONAL_ANALISTA,False
2031,128,DIRECCIÓN DE SEGURIDAD Y CONTROL DE SISTEMAS,Director,AUTORIDAD_ADMINISTRATIVA_SUPERIOR,False,,,,,2022-02-01,,1687,False,False,False,False,ADMINISTRATIVO,AUTORIDAD_ADMINISTRATIVA_SUPERIOR,True
2031,48,GERENCIA DE TECNOLOGÍAS Y SISTEMAS DE INFORMACIÓN,Subrogación,OTROS_AA,True,Gerente,AUTORIDAD_ADMINISTRATIVA_SUPERIOR,,,2023-03-02,2023-03-03,1,False,False,False,False,ADMINISTRATIVO,AUTORIDAD_ADMINISTRATIVA_SUPERIOR,True
2049,5,GERENCIA DE PLANIFICACIÓN ESTRATÉGICA,Subrogación,OTROS_AA,True,Gerente,AUTORIDAD_ADMINISTRATIVA_SUPERIOR,,,2022-11-21,2022-11-25,4,False,False,False,False,ADMINISTRATIVO,AUTORIDAD_ADMINISTRATIVA_SUPERIOR,True
2049,5,GERENCIA DE PLANIFICACIÓN ESTRATÉGICA,Subrogación,OTROS_AA,True,Gerente,AUTORIDAD_ADMINISTRATIVA_SUPERIOR,,,2023-03-02,2023-03-03,1,False,False,False,False,ADMINISTRATIVO,PROFESIONAL_ANALISTA,False
2049,5,GERENCIA DE PLANIFICACIÓN ESTRATÉGICA,Subrogación,OTROS_AA,True,Gerente,AUTORIDAD_ADMINISTRATIVA_SUPERIOR,,,2023-04-25,2023-05-14,19,False,False,False,False,ADMINISTRATIVO,AUTORIDAD_ADMINISTRATIVA_SUPERIOR,True
2049,5,GERENCIA DE PLANIFICACIÓN ESTRATÉGICA,Subrogación,OTROS_AA,True,Gerente,AUTORIDAD_ADMINISTRATIVA_SUPERIOR,,,2023-09-04,2023-09-15,11,False,False,False,False,ADMINISTRATIVO,AUTORIDAD_ADMINISTRATIVA_SUPERIOR,True
2049,5,GERENCIA DE PLANIFICACIÓN ESTRATÉGICA,Subrogación,OTROS_AA,True,Gerente,AUTORIDAD_ADMINISTRATIVA_SUPERIOR,,,2023-09-25,2023-10-06,11,False,False,False,False,ADMINISTRATIVO,AUTORIDAD_ADMINISTRATIVA_SUPERIOR,True
2049,5,GERENCIA DE PLANIFICACIÓN ESTRATÉGICA,Subrogación,OTROS_AA,True,Gerente,AUTORIDAD_ADMINISTRATIVA_SUPERIOR,,,2024-07-08,2024-07-10,2,False,False,False,False,ADMINISTRATIVO,AUTORIDAD_ADMINISTRATIVA_SUPERIOR,True
2049,5,GERENCIA DE PLANIFICACIÓN ESTRATÉGICA,Subrogación,OTROS_AA,True,Gerente,AUTORIDAD_ADMINISTRATIVA_SUPERIOR,,,2024-09-09,2024-09-27,18,False,False,False,False,ADMINISTRATIVO,AUTORIDAD_ADMINISTRATIVA_SUPERIOR,True
2049,5,GERENCIA DE PLANIFICACIÓN ESTRATÉGICA,Subrogación,OTROS_AA,True,Gerente,AUTORIDAD_ADMINISTRATIVA_SUPERIOR,,,2025-04-14,2025-04-25,11,False,False,False,False,ADMINISTRATIVO,AUTORIDAD_ADMINISTRATIVA_SUPERIOR,True
2049,5,GERENCIA DE PLANIFICACIÓN ESTRATÉGICA,Subrogación,OTROS_AA,True,Gerente,AUTORIDAD_ADMINISTRATIVA_SUPERIOR,,,2025-09-01,2025-09-26,25,False,False,False,False,ADMINISTRATIVO,PROFESIONAL_ANALISTA,False
2049,5,GERENCIA DE PLANIFICACIÓN ESTRATÉGICA,Subrogación,OTROS_AA,True,Gerente,AUTORIDAD_ADMINISTRATIVA_SUPERIOR,,,2026-06-23,2026-07-15,22,False,False,False,False,ADMINISTRATIVO,AUTORIDAD_ADMINISTRATIVA_SUPERIOR,True
2049,5,GERENCIA DE PLANIFICACIÓN ESTRATÉGICA,Subrogación,OTROS_AA,True,Gerente,AUTORIDAD_ADMINISTRATIVA_SUPERIOR,,,2026-09-14,2026-09-18,4,False,False,False,False,ADMINISTRATIVO,PROFESIONAL_ANALISTA,False
2052,16,FACULTAD DE INGENIERÍA EN ELECTRICIDAD Y COMPUTACIÓN,Coordinador de prácticas empresariales,JEFATURA_SUPERVISION_OPERATIVA,False,,,GRADO,Licenciatura en Redes y Sistemas Operativos,2017-05-09,2017-09-22,136,False,False,False,False,DOCENTE,DOCENTE_NO_TITULAR_OCASIONAL,False
2069,16,FACULTAD DE INGENIERÍA EN ELECTRICIDAD Y COMPUTACIÓN,Coordinador de programa de postgrado,JEFATURA_SUPERVISION_OPERATIVA,False,,,POSGRADO,Maestría en Ciencias de la Computación,2015-02-28,,4217,False,False,False,False,DOCENTE,DOCENTE_TITULAR_CARRERA,False
2069,142,OFICINA DE TRANSFERENCIA DE RESULTADOS DE INVESTIGACIÓN - OTRI EN LA ESPOL,Director,AUTORIDAD_ADMINISTRATIVA_SUPERIOR,False,,,,,2024-04-01,2024-06-07,67,False,False,False,False,DOCENTE,DOCENTE_TITULAR_CARRERA,False
2069,142,OFICINA DE TRANSFERENCIA DE RESULTADOS DE INVESTIGACIÓN - OTRI EN LA ESPOL,Director,AUTORIDAD_ADMINISTRATIVA_SUPERIOR,False,,,,,2024-08-26,2024-09-06,11,False,False,False,False,DOCENTE,DOCENTE_TITULAR_CARRERA,False
2069,142,OFICINA DE TRANSFERENCIA DE RESULTADOS DE INVESTIGACIÓN - OTRI EN LA ESPOL,Director,AUTORIDAD_ADMINISTRATIVA_SUPERIOR,False,,,,,2024-09-22,2024-09-28,6,False,False,False,False,DOCENTE,DOCENTE_TITULAR_CARRERA,False
2069,142,OFICINA DE TRANSFERENCIA DE RESULTADOS DE INVESTIGACIÓN - OTRI EN LA ESPOL,Director,AUTORIDAD_ADMINISTRATIVA_SUPERIOR,False,,,,,2024-11-14,2024-12-04,20,False,False,False,False,DOCENTE,DOCENTE_TITULAR_CARRERA,False
2069,142,OFICINA DE TRANSFERENCIA DE RESULTADOS DE INVESTIGACIÓN - OTRI EN LA ESPOL,Director,AUTORIDAD_ADMINISTRATIVA_SUPERIOR,False,,,,,2025-02-06,2025-02-20,14,False,False,False,False,DOCENTE,DOCENTE_TITULAR_CARRERA,False
2069,142,OFICINA DE TRANSFERENCIA DE RESULTADOS DE INVESTIGACIÓN - OTRI EN LA ESPOL,Director,AUTORIDAD_ADMINISTRATIVA_SUPERIOR,False,,,,,2025-03-05,2025-03-07,2,False,False,False,False,DOCENTE,DOCENTE_TITULAR_CARRERA,False
2069,38,CENTRO DE TECNOLOGÍAS DE LA INFORMACIÓN,Director,AUTORIDAD_ADMINISTRATIVA_SUPERIOR,False,,,,,2025-08-15,2026-02-04,173,False,False,False,False,DOCENTE,DOCENTE_TITULAR_CARRERA,False
2069,142,OFICINA DE TRANSFERENCIA DE RESULTADOS DE INVESTIGACIÓN - OTRI EN LA ESPOL,Director,AUTORIDAD_ADMINISTRATIVA_SUPERIOR,False,,,,,2025-08-17,2025-08-23,6,False,False,False,False,DOCENTE,DOCENTE_TITULAR_CARRERA,False
2069,38,CENTRO DE TECNOLOGÍAS DE LA INFORMACIÓN,Director,AUTORIDAD_ADMINISTRATIVA_SUPERIOR,False,,,,,2026-02-06,2026-07-11,155,False,False,False,False,DOCENTE,DOCENTE_TITULAR_CARRERA,False
2069,38,CENTRO DE TECNOLOGÍAS DE LA INFORMACIÓN,Director,AUTORIDAD_ADMINISTRATIVA_SUPERIOR,False,,,,,2026-07-19,,58,False,False,False,False,DOCENTE,DOCENTE_TITULAR_CARRERA,False
2077,25,FACULTAD DE INGENIERÍA EN CIENCIAS DE LA TIERRA,Coordinador de prácticas empresariales,JEFATURA_SUPERVISION_OPERATIVA,False,,,GRADO,Minas,2017-09-21,,3281,False,False,False,False,,,
2077,25,FACULTAD DE INGENIERÍA EN CIENCIAS DE LA TIERRA,Coordinador de acreditación internacional,JEFATURA_SUPERVISION_OPERATIVA,False,,,GRADO,Minas,2017-10-01,2018-03-31,181,False,False,False,False,,,
2077,25,FACULTAD DE INGENIERÍA EN CIENCIAS DE LA TIERRA,Coordinador de prácticas empresariales,JEFATURA_SUPERVISION_OPERATIVA,False,,,GRADO,Minas,2017-10-01,2018-03-20,170,False,False,False,False,,,
2081,16,FACULTAD DE INGENIERÍA EN ELECTRICIDAD Y COMPUTACIÓN,Coordinador de carrera,JEFATURA_SUPERVISION_OPERATIVA,False,,,GRADO,Telecomunicaciones,2016-02-10,2016-02-16,6,False,False,False,False,DOCENTE,DOCENTE_TITULAR_CARRERA,False
2081,16,FACULTAD DE INGENIERÍA EN ELECTRICIDAD Y COMPUTACIÓN,Coordinador de programa de postgrado,JEFATURA_SUPERVISION_OPERATIVA,False,,,POSGRADO,Maestría en Telecomunicaciones,2024-10-01,,714,False,False,False,False,DOCENTE,DOCENTE_TITULAR_CARRERA,False
2098,17,FACULTAD DE CIENCIAS SOCIALES Y HUMANÍSTICAS,Miembro del consejo directivo,OTROS_AA,False,,,,,2016-12-14,2019-12-13,1094,False,False,False,False,DOCENTE,DOCENTE_TITULAR_CARRERA,False
2098,26,ESCUELA DE POSTGRADO EN ADMINISTRACIÓN DE EMPRESAS,Subdecano,AUTORIDAD_ACADEMICA_SUPERIOR,False,,,,,2025-07-07,,435,False,False,False,False,DOCENTE,DOCENTE_TITULAR_CARRERA,False
2098,26,ESCUELA DE POSTGRADO EN ADMINISTRACIÓN DE EMPRESAS,Subrogación,OTROS_AA,True,Decano,AUTORIDAD_ACADEMICA_SUPERIOR,,,2025-08-25,2025-09-05,11,False,False,False,False,DOCENTE,DOCENTE_TITULAR_CARRERA,False
2098,26,ESCUELA DE POSTGRADO EN ADMINISTRACIÓN DE EMPRESAS,Subrogación,OTROS_AA,True,Decano,AUTORIDAD_ACADEMICA_SUPERIOR,,,2025-09-22,2025-09-26,4,False,False,False,False,DOCENTE,DOCENTE_TITULAR_CARRERA,False
2098,26,ESCUELA DE POSTGRADO EN ADMINISTRACIÓN DE EMPRESAS,Subrogación,OTROS_AA,True,Decano,AUTORIDAD_ACADEMICA_SUPERIOR,,,2026-01-27,2026-01-30,3,False,False,False,False,DOCENTE,DOCENTE_TITULAR_CARRERA,False
2098,26,ESCUELA DE POSTGRADO EN ADMINISTRACIÓN DE EMPRESAS,Subrogación,OTROS_AA,True,Decano,AUTORIDAD_ACADEMICA_SUPERIOR,,,2026-03-09,2026-03-18,9,False,False,False,False,DOCENTE,DOCENTE_TITULAR_CARRERA,False
2098,26,ESCUELA DE POSTGRADO EN ADMINISTRACIÓN DE EMPRESAS,Subrogación,OTROS_AA,True,Decano,AUTORIDAD_ACADEMICA_SUPERIOR,,,2026-03-23,2026-03-27,4,False,False,False,False,DOCENTE,DOCENTE_TITULAR_CARRERA,False
2098,26,ESCUELA DE POSTGRADO EN ADMINISTRACIÓN DE EMPRESAS,Subrogación,OTROS_AA,True,Decano,AUTORIDAD_ACADEMICA_SUPERIOR,,,2026-05-25,2026-05-30,5,False,False,False,False,DOCENTE,DOCENTE_TITULAR_CARRERA,False
2098,26,ESCUELA DE POSTGRADO EN ADMINISTRACIÓN DE EMPRESAS,Subrogación,OTROS_AA,True,Decano,AUTORIDAD_ACADEMICA_SUPERIOR,,,2026-08-31,2026-09-04,4,False,False,False,False,DOCENTE,DOCENTE_TITULAR_CARRERA,False
2103,25,FACULTAD DE INGENIERÍA EN CIENCIAS DE LA TIERRA,Coordinador de prácticas empresariales,JEFATURA_SUPERVISION_OPERATIVA,False,,,GRADO,Minas,2019-01-02,2020-02-21,415,False,False,False,False,DOCENTE,DOCENTE_NO_TITULAR_OCASIONAL,False
2105,47,GERENCIA FINANCIERA,Subrogación,OTROS_AA,True,Gerente,AUTORIDAD_ADMINISTRATIVA_SUPERIOR,,,2019-09-24,2019-09-28,4,False,False,False,False,ADMINISTRATIVO,AUTORIDAD_ADMINISTRATIVA_SUPERIOR,True
2105,47,GERENCIA FINANCIERA,Subrogación,OTROS_AA,True,Gerente,AUTORIDAD_ADMINISTRATIVA_SUPERIOR,,,2021-03-23,2021-04-05,13,False,False,False,False,ADMINISTRATIVO,JEFATURA_SUPERVISION_OPERATIVA,False
2105,47,GERENCIA FINANCIERA,Subrogación,OTROS_AA,True,Gerente,AUTORIDAD_ADMINISTRATIVA_SUPERIOR,,,2023-10-23,2023-11-05,13,False,False,False,False,ADMINISTRATIVO,JEFATURA_SUPERVISION_OPERATIVA,False
2105,47,GERENCIA FINANCIERA,Subrogación,OTROS_AA,True,Gerente,AUTORIDAD_ADMINISTRATIVA_SUPERIOR,,,2024-05-20,2024-05-26,6,False,False,False,False,ADMINISTRATIVO,JEFATURA_SUPERVISION_OPERATIVA,False
2105,47,GERENCIA FINANCIERA,Subrogación,OTROS_AA,True,Gerente,AUTORIDAD_ADMINISTRATIVA_SUPERIOR,,,2024-07-05,2024-07-25,20,False,False,False,False,ADMINISTRATIVO,JEFATURA_SUPERVISION_OPERATIVA,False
2146,25,FACULTAD DE INGENIERÍA EN CIENCIAS DE LA TIERRA,Miembro del consejo directivo - trabajadores,OTROS_AA,False,,,,,2018-08-23,2020-08-22,730,False,False,False,False,ADMINISTRATIVO,PROFESIONAL_ANALISTA,False
2147,86,FACULTAD DE INGENIERÍA MARÍTIMA Y CIENCIAS DEL MAR,Coordinador de programa de postgrado,JEFATURA_SUPERVISION_OPERATIVA,False,,,POSGRADO,Maestría en Ingeniería Naval,2021-01-11,2021-12-13,336,False,False,False,False,DOCENTE,DOCENTE_TITULAR_CARRERA,False
2147,86,FACULTAD DE INGENIERÍA MARÍTIMA Y CIENCIAS DEL MAR,Coordinador de programa de postgrado,JEFATURA_SUPERVISION_OPERATIVA,False,,,POSGRADO,Maestría en Ingeniería Naval,2022-03-11,2024-02-29,720,False,False,False,False,DOCENTE,DOCENTE_TITULAR_CARRERA,False
2147,86,FACULTAD DE INGENIERÍA MARÍTIMA Y CIENCIAS DEL MAR,Coordinador de programa de postgrado,JEFATURA_SUPERVISION_OPERATIVA,False,,,POSGRADO,Maestría en Ingeniería Naval,2024-03-01,2024-09-01,184,False,False,False,False,DOCENTE,DOCENTE_TITULAR_CARRERA,False
2147,86,FACULTAD DE INGENIERÍA MARÍTIMA Y CIENCIAS DEL MAR,Coordinador de programa de postgrado,JEFATURA_SUPERVISION_OPERATIVA,False,,,POSGRADO,Maestría en Ingeniería Naval,2025-02-17,2025-04-11,53,False,False,False,False,DOCENTE,DOCENTE_TITULAR_CARRERA,False
2152,31,UNIDAD DE VINCULACIÓN CON LA SOCIEDAD,Director,AUTORIDAD_ADMINISTRATIVA_SUPERIOR,False,,,,,2015-01-12,2017-11-12,1035,False,False,False,False,DOCENTE,DOCENTE_TITULAR_CARRERA,False
2152,31,UNIDAD DE VINCULACIÓN CON LA SOCIEDAD,Director,AUTORIDAD_ADMINISTRATIVA_SUPERIOR,False,,,,,2017-11-13,2020-08-05,996,False,False,False,False,DOCENTE,DOCENTE_TITULAR_CARRERA,False
2152,116,UNIDAD DE VINCULACIÓN CON LA SOCIEDAD,Director,AUTORIDAD_ADMINISTRATIVA_SUPERIOR,False,,,,,2020-08-06,2022-02-28,571,False,False,False,False,DOCENTE,DOCENTE_TITULAR_CARRERA,False
2152,126,DECANATO DE VINCULACIÓN,Decano,AUTORIDAD_ACADEMICA_SUPERIOR,False,,,,,2022-03-01,2022-11-12,256,False,False,False,False,DOCENTE,DOCENTE_TITULAR_CARRERA,False
2152,22,FACULTAD DE INGENIERÍA MECÁNICA Y CIENCIAS DE LA PRODUCCIÓN,Coordinador de programa de postgrado,JEFATURA_SUPERVISION_OPERATIVA,False,,,POSGRADO,Maestría en Mejoramiento de Procesos,2022-12-01,2024-02-29,455,False,False,False,False,DOCENTE,DOCENTE_TITULAR_CARRERA,False
2152,22,FACULTAD DE INGENIERÍA MECÁNICA Y CIENCIAS DE LA PRODUCCIÓN,Coordinador de programa de postgrado,JEFATURA_SUPERVISION_OPERATIVA,False,,,POSGRADO,Maestría en Gestión de la Cadena de Suministro,2023-03-13,2024-03-31,384,False,False,False,False,DOCENTE,DOCENTE_TITULAR_CARRERA,False
2152,137,DECANATO DE POSGRADO,Subrogación,OTROS_AA,True,Decano,AUTORIDAD_ACADEMICA_SUPERIOR,,,2023-04-24,2023-04-28,4,False,False,False,False,DOCENTE,AUTORIDAD_ACADEMICA_SUPERIOR,True
2152,137,DECANATO DE POSGRADO,Subrogación,OTROS_AA,True,Decano,AUTORIDAD_ACADEMICA_SUPERIOR,,,2023-08-21,2023-08-24,3,False,False,False,False,DOCENTE,AUTORIDAD_ACADEMICA_SUPERIOR,True
2152,137,DECANATO DE POSGRADO,Subrogación,OTROS_AA,True,Decano,AUTORIDAD_ACADEMICA_SUPERIOR,,,2023-09-20,2023-09-29,9,False,False,False,False,DOCENTE,AUTORIDAD_ACADEMICA_SUPERIOR,True
2152,137,DECANATO DE POSGRADO,Subrogación,OTROS_AA,True,Decano,AUTORIDAD_ACADEMICA_SUPERIOR,,,2023-11-16,2023-11-16,0,False,False,False,False,ADMINISTRATIVO,CONTRATO_SERVICIOS_PROFESIONALES_PROYECTO,False
2152,126,DECANATO DE VINCULACIÓN,Subrogación,OTROS_AA,True,Decano,AUTORIDAD_ACADEMICA_SUPERIOR,,,2023-12-07,2023-12-15,8,False,False,False,False,DOCENTE,AUTORIDAD_ACADEMICA_SUPERIOR,True
2152,137,DECANATO DE POSGRADO,Subrogación,OTROS_AA,True,Decano,AUTORIDAD_ACADEMICA_SUPERIOR,,,2024-02-07,2024-02-19,12,False,False,False,False,DOCENTE,DOCENTE_TITULAR_CARRERA,False
2152,126,DECANATO DE VINCULACIÓN,Subrogación,OTROS_AA,True,Decano,AUTORIDAD_ACADEMICA_SUPERIOR,,,2024-03-10,2024-03-17,7,False,False,False,False,DOCENTE,DOCENTE_TITULAR_CARRERA,False
2152,77,CENTRO DE INVESTIGACIÓN Y PROYECTOS APLICADOS A LAS CIENCIAS DE LA TIERRA,Director,AUTORIDAD_ADMINISTRATIVA_SUPERIOR,False,,,,,2024-04-01,2024-04-05,4,False,False,False,False,DOCENTE,DOCENTE_TITULAR_CARRERA,False
2152,126,DECANATO DE VINCULACIÓN,Subrogación,OTROS_AA,True,Decano,AUTORIDAD_ACADEMICA_SUPERIOR,,,2024-04-08,2024-04-12,4,False,False,False,False,DOCENTE,DOCENTE_TITULAR_CARRERA,False
2152,138,DECANATO DE GRADO,Subrogación,OTROS_AA,True,Decano de grado,AUTORIDAD_ACADEMICA_SUPERIOR,,,2024-06-12,2024-06-15,3,False,False,False,False,DOCENTE,DOCENTE_TITULAR_CARRERA,False
2152,138,DECANATO DE GRADO,Subrogación,OTROS_AA,True,Decano de grado,AUTORIDAD_ACADEMICA_SUPERIOR,,,2024-07-21,2024-07-26,5,False,False,False,False,ADMINISTRATIVO,CONTRATO_SERVICIOS_PROFESIONALES_PROYECTO,False
2152,138,DECANATO DE GRADO,Subrogación,OTROS_AA,True,Decano de grado,AUTORIDAD_ACADEMICA_SUPERIOR,,,2024-07-29,2024-08-03,5,False,False,False,False,DOCENTE,AUTORIDAD_ACADEMICA_SUPERIOR,True
2152,138,DECANATO DE GRADO,Subrogación,OTROS_AA,True,Decano de grado,AUTORIDAD_ACADEMICA_SUPERIOR,,,2024-09-11,2024-09-16,5,False,False,False,False,DOCENTE,DOCENTE_TITULAR_CARRERA,False
2152,138,DECANATO DE GRADO,Subrogación,OTROS_AA,True,Decano de grado,AUTORIDAD_ACADEMICA_SUPERIOR,,,2024-09-21,2024-09-30,9,False,False,False,False,DOCENTE,DOCENTE_TITULAR_CARRERA,False
2152,138,DECANATO DE GRADO,Subrogación,OTROS_AA,True,Decano de grado,AUTORIDAD_ACADEMICA_SUPERIOR,,,2024-10-10,2024-10-15,5,False,False,False,False,DOCENTE,DOCENTE_TITULAR_CARRERA,False
2152,138,DECANATO DE GRADO,Subrogación,OTROS_AA,True,Decano de grado,AUTORIDAD_ACADEMICA_SUPERIOR,,,2024-10-16,2024-10-19,3,False,False,False,False,DOCENTE,DOCENTE_TITULAR_CARRERA,False
2152,137,DECANATO DE POSGRADO,Subrogación,OTROS_AA,True,Decano,AUTORIDAD_ACADEMICA_SUPERIOR,,,2024-12-23,2024-12-24,1,False,False,False,False,DOCENTE,DOCENTE_CONTRATADO_SERVICIOS_CIVILES,False
2152,22,FACULTAD DE INGENIERÍA MECÁNICA Y CIENCIAS DE LA PRODUCCIÓN,Coordinador de programa de postgrado,JEFATURA_SUPERVISION_OPERATIVA,False,,,POSGRADO,Maestría en Mejoramiento de Procesos,2025-01-08,2026-02-13,401,False,False,False,False,DOCENTE,DOCENTE_TITULAR_CARRERA,False
2152,138,DECANATO DE GRADO,Subrogación,OTROS_AA,True,Decano de grado,AUTORIDAD_ACADEMICA_SUPERIOR,,,2025-01-28,2025-01-30,2,False,False,False,False,DOCENTE,DOCENTE_CONTRATADO_SERVICIOS_CIVILES,False
2152,138,DECANATO DE GRADO,Subrogación,OTROS_AA,True,Decano de grado,AUTORIDAD_ACADEMICA_SUPERIOR,,,2025-03-07,2025-03-11,4,False,False,False,False,DOCENTE,DOCENTE_TITULAR_CARRERA,False
2152,138,DECANATO DE GRADO,Subrogación,OTROS_AA,True,Decano de grado,AUTORIDAD_ACADEMICA_SUPERIOR,,,2025-03-25,2025-03-28,3,False,False,False,False,DOCENTE,DOCENTE_CONTRATADO_SERVICIOS_CIVILES,False
2152,137,DECANATO DE POSGRADO,Subrogación,OTROS_AA,True,Decano,AUTORIDAD_ACADEMICA_SUPERIOR,,,2025-03-30,2025-04-02,3,False,False,False,False,DOCENTE,DOCENTE_CONTRATADO_SERVICIOS_CIVILES,False
2152,137,DECANATO DE POSGRADO,Subrogación,OTROS_AA,True,Decano,AUTORIDAD_ACADEMICA_SUPERIOR,,,2025-04-21,2025-05-01,10,False,False,False,False,DOCENTE,DOCENTE_TITULAR_CARRERA,False
2152,126,DECANATO DE VINCULACIÓN,Subrogación,OTROS_AA,True,Decano,AUTORIDAD_ACADEMICA_SUPERIOR,,,2025-05-06,2025-05-11,5,False,False,False,False,DOCENTE,DOCENTE_TITULAR_CARRERA,False
2152,138,DECANATO DE GRADO,Subrogación,OTROS_AA,True,Decano de grado,AUTORIDAD_ACADEMICA_SUPERIOR,,,2025-05-20,2025-05-26,6,False,False,False,False,DOCENTE,DOCENTE_TITULAR_CARRERA,False
2152,138,DECANATO DE GRADO,Subrogación,OTROS_AA,True,Decano de grado,AUTORIDAD_ACADEMICA_SUPERIOR,,,2025-05-27,2025-05-31,4,False,False,False,False,DOCENTE,DOCENTE_CONTRATADO_SERVICIOS_CIVILES,False
2152,138,DECANATO DE GRADO,Subrogación,OTROS_AA,True,Decano de grado,AUTORIDAD_ACADEMICA_SUPERIOR,,,2025-07-25,2025-08-08,14,False,False,False,False,DOCENTE,DOCENTE_CONTRATADO_SERVICIOS_CIVILES,False
2152,137,DECANATO DE POSGRADO,Subrogación,OTROS_AA,True,Decano,AUTORIDAD_ACADEMICA_SUPERIOR,,,2025-09-10,2025-09-12,2,False,False,False,False,DOCENTE,DOCENTE_TITULAR_CARRERA,False
2152,138,DECANATO DE GRADO,Subrogación,OTROS_AA,True,Decano de grado,AUTORIDAD_ACADEMICA_SUPERIOR,,,2025-10-12,2025-10-14,2,False,False,False,False,DOCENTE,DOCENTE_TITULAR_CARRERA,False
2152,138,DECANATO DE GRADO,Subrogación,OTROS_AA,True,Decano de grado,AUTORIDAD_ACADEMICA_SUPERIOR,,,2025-10-20,2025-10-21,1,False,False,False,False,DOCENTE,DOCENTE_TITULAR_CARRERA,False
2152,138,DECANATO DE GRADO,Subrogación,OTROS_AA,True,Decano de grado,AUTORIDAD_ACADEMICA_SUPERIOR,,,2025-11-18,2025-11-22,4,False,False,False,False,DOCENTE,DOCENTE_TITULAR_CARRERA,False
2152,61,FACULTAD DE CIENCIAS DE LA VIDA,Subrogación,OTROS_AA,True,Subdecano,AUTORIDAD_ACADEMICA_SUPERIOR,,,2025-11-18,2025-11-22,4,False,False,False,False,DOCENTE,DOCENTE_TITULAR_CARRERA,False
2152,138,DECANATO DE GRADO,Subrogación,OTROS_AA,True,Decano de grado,AUTORIDAD_ACADEMICA_SUPERIOR,,,2025-11-18,2025-11-22,4,False,False,True,False,DOCENTE,DOCENTE_TITULAR_CARRERA,False
2152,137,DECANATO DE POSGRADO,Subrogación,OTROS_AA,True,Decano,AUTORIDAD_ACADEMICA_SUPERIOR,,,2025-12-01,2025-12-07,6,False,False,False,False,DOCENTE,DOCENTE_TITULAR_CARRERA,False
2152,136,DECANATO DE INVESTIGACIÓN,Subrogación,OTROS_AA,True,Decano,AUTORIDAD_ACADEMICA_SUPERIOR,,,2026-02-07,2026-02-13,6,False,False,False,False,DOCENTE,DOCENTE_CONTRATADO_SERVICIOS_CIVILES,False
2152,22,FACULTAD DE INGENIERÍA MECÁNICA Y CIENCIAS DE LA PRODUCCIÓN,Coordinador de programa de postgrado,JEFATURA_SUPERVISION_OPERATIVA,False,,,POSGRADO,Maestría en Mejoramiento de Procesos,2026-02-18,,209,False,False,False,False,DOCENTE,DOCENTE_TITULAR_CARRERA,False
2152,138,DECANATO DE GRADO,Subrogación,OTROS_AA,True,Decano de grado,AUTORIDAD_ACADEMICA_SUPERIOR,,,2026-03-11,2026-03-27,16,False,False,False,False,DOCENTE,AUTORIDAD_ACADEMICA_SUPERIOR,True
2152,26,ESCUELA DE POSTGRADO EN ADMINISTRACIÓN DE EMPRESAS,Subrogación,OTROS_AA,True,Subdecano,AUTORIDAD_ACADEMICA_SUPERIOR,,,2026-04-13,2026-04-17,4,False,False,False,False,DOCENTE,AUTORIDAD_ACADEMICA_SUPERIOR,True
2152,126,DECANATO DE VINCULACIÓN,Subrogación,OTROS_AA,True,Decano,AUTORIDAD_ACADEMICA_SUPERIOR,,,2026-06-03,2026-06-08,5,False,False,False,False,DOCENTE,DOCENTE_CONTRATADO_SERVICIOS_CIVILES,False
2152,137,DECANATO DE POSGRADO,Subrogación,OTROS_AA,True,Decano,AUTORIDAD_ACADEMICA_SUPERIOR,,,2026-06-15,2026-06-20,5,False,False,False,False,DOCENTE,DOCENTE_CONTRATADO_SERVICIOS_CIVILES,False
2152,126,DECANATO DE VINCULACIÓN,Subrogación,OTROS_AA,True,Decano,AUTORIDAD_ACADEMICA_SUPERIOR,,,2026-06-29,2026-07-03,4,False,False,False,False,DOCENTE,DOCENTE_CONTRATADO_SERVICIOS_CIVILES,False
2152,137,DECANATO DE POSGRADO,Subrogación,OTROS_AA,True,Decano,AUTORIDAD_ACADEMICA_SUPERIOR,,,2026-07-08,2026-07-10,2,False,False,False,False,DOCENTE,DOCENTE_CONTRATADO_SERVICIOS_CIVILES,False
2152,137,DECANATO DE POSGRADO,Subrogación,OTROS_AA,True,Decano,AUTORIDAD_ACADEMICA_SUPERIOR,,,2026-09-07,2026-09-08,1,False,False,False,False,DOCENTE,DOCENTE_TITULAR_CARRERA,False
2152,26,ESCUELA DE POSTGRADO EN ADMINISTRACIÓN DE EMPRESAS,Subrogación,OTROS_AA,True,Decano,AUTORIDAD_ACADEMICA_SUPERIOR,,,2026-09-09,2026-09-16,7,False,False,False,False,DOCENTE,AUTORIDAD_ACADEMICA_SUPERIOR,True
2152,137,DECANATO DE POSGRADO,Subrogación,OTROS_AA,True,Decano,AUTORIDAD_ACADEMICA_SUPERIOR,,,2026-09-09,2026-09-16,7,False,False,False,False,DOCENTE,AUTORIDAD_ACADEMICA_SUPERIOR,True
2161,25,FACULTAD DE INGENIERÍA EN CIENCIAS DE LA TIERRA,Subdecano,AUTORIDAD_ACADEMICA_SUPERIOR,False,,,,,2014-10-06,2016-01-11,462,False,False,False,False,DOCENTE,AUTORIDAD_ACADEMICA_SUPERIOR,True
2161,25,FACULTAD DE INGENIERÍA EN CIENCIAS DE LA TIERRA,Subdecano,AUTORIDAD_ACADEMICA_SUPERIOR,False,,,,,2017-08-14,2018-03-01,199,False,False,False,False,DOCENTE,AUTORIDAD_ACADEMICA_SUPERIOR,True
2161,25,FACULTAD DE INGENIERÍA EN CIENCIAS DE LA TIERRA,Decano,AUTORIDAD_ACADEMICA_SUPERIOR,False,,,,,2018-03-02,2022-11-12,1716,False,False,False,False,DOCENTE,AUTORIDAD_ACADEMICA_SUPERIOR,True
2161,3,VICERRECTORADO ACADÉMICO,Subrogación,OTROS_AA,True,Vicerrector,AUTORIDAD_ACADEMICA_SUPERIOR,,,2022-03-18,2022-03-25,7,False,False,False,False,DOCENTE,AUTORIDAD_ACADEMICA_SUPERIOR,True
2161,3,VICERRECTORADO ACADÉMICO,Subrogación,OTROS_AA,True,Vicerrector,AUTORIDAD_ACADEMICA_SUPERIOR,,,2022-09-02,2022-09-11,9,False,False,False,False,DOCENTE,AUTORIDAD_ACADEMICA_SUPERIOR,True
2161,3,VICERRECTORADO ACADÉMICO,Subrogación,OTROS_AA,True,Vicerrector,AUTORIDAD_ACADEMICA_SUPERIOR,,,2022-10-10,2022-10-16,6,False,False,False,False,DOCENTE,AUTORIDAD_ACADEMICA_SUPERIOR,True
2161,131,VICERRECTORADO DE DOCENCIA,Vicerrector,AUTORIDAD_ACADEMICA_SUPERIOR,False,,,,,2022-11-13,2027-11-12,1825,False,False,False,False,DOCENTE,AUTORIDAD_ACADEMICA_SUPERIOR,True
2161,2,RECTORADO,Subrogación,OTROS_AA,True,Rector,AUTORIDAD_ACADEMICA_SUPERIOR,,,2023-01-30,2023-02-02,3,False,False,False,False,DOCENTE,AUTORIDAD_ACADEMICA_SUPERIOR,True
2161,2,RECTORADO,Subrogación,OTROS_AA,True,Rector,AUTORIDAD_ACADEMICA_SUPERIOR,,,2023-06-06,2023-06-08,2,False,False,False,False,DOCENTE,AUTORIDAD_ACADEMICA_SUPERIOR,True
2161,2,RECTORADO,Subrogación,OTROS_AA,True,Rector,AUTORIDAD_ACADEMICA_SUPERIOR,,,2023-09-03,2023-09-07,4,False,False,False,False,DOCENTE,AUTORIDAD_ACADEMICA_SUPERIOR,True
2161,2,RECTORADO,Subrogación,OTROS_AA,True,Rector,AUTORIDAD_ACADEMICA_SUPERIOR,,,2023-11-19,2023-11-22,3,False,False,False,False,DOCENTE,AUTORIDAD_ACADEMICA_SUPERIOR,True
2161,2,RECTORADO,Subrogación,OTROS_AA,True,Rector,AUTORIDAD_ACADEMICA_SUPERIOR,,,2024-01-28,2024-02-04,7,False,False,False,False,DOCENTE,AUTORIDAD_ACADEMICA_SUPERIOR,True
2161,2,RECTORADO,Subrogación,OTROS_AA,True,Rector,AUTORIDAD_ACADEMICA_SUPERIOR,,,2024-03-17,2024-03-23,6,False,False,False,False,DOCENTE,AUTORIDAD_ACADEMICA_SUPERIOR,True
2161,2,RECTORADO,Subrogación,OTROS_AA,True,Rector,AUTORIDAD_ACADEMICA_SUPERIOR,,,2024-04-15,2024-04-22,7,False,False,False,False,DOCENTE,AUTORIDAD_ACADEMICA_SUPERIOR,True
2161,2,RECTORADO,Subrogación,OTROS_AA,True,Rector,AUTORIDAD_ACADEMICA_SUPERIOR,,,2024-06-03,2024-06-06,3,False,False,False,False,DOCENTE,AUTORIDAD_ACADEMICA_SUPERIOR,True
2161,2,RECTORADO,Subrogación,OTROS_AA,True,Rector,AUTORIDAD_ACADEMICA_SUPERIOR,,,2024-06-12,2024-06-15,3,False,False,False,False,DOCENTE,AUTORIDAD_ACADEMICA_SUPERIOR,True
2161,2,RECTORADO,Subrogación,OTROS_AA,True,Rector,AUTORIDAD_ACADEMICA_SUPERIOR,,,2024-10-16,2024-10-19,3,False,False,False,False,DOCENTE,AUTORIDAD_ACADEMICA_SUPERIOR,True
2161,2,RECTORADO,Subrogación,OTROS_AA,True,Rector,AUTORIDAD_ACADEMICA_SUPERIOR,,,2025-01-28,2025-01-30,2,False,False,False,False,DOCENTE,AUTORIDAD_ACADEMICA_SUPERIOR,True
2161,2,RECTORADO,Subrogación,OTROS_AA,True,Rector,AUTORIDAD_ACADEMICA_SUPERIOR,,,2025-03-07,2025-03-11,4,False,False,False,False,DOCENTE,AUTORIDAD_ACADEMICA_SUPERIOR,True
2161,2,RECTORADO,Subrogación,OTROS_AA,True,Rector,AUTORIDAD_ACADEMICA_SUPERIOR,,,2025-06-12,2025-07-01,19,False,False,False,False,DOCENTE,AUTORIDAD_ACADEMICA_SUPERIOR,True
2161,2,RECTORADO,Subrogación,OTROS_AA,True,Rector,AUTORIDAD_ACADEMICA_SUPERIOR,,,2025-10-12,2025-10-14,2,False,False,False,False,DOCENTE,AUTORIDAD_ACADEMICA_SUPERIOR,True
2161,2,RECTORADO,Subrogación,OTROS_AA,True,Rector,AUTORIDAD_ACADEMICA_SUPERIOR,,,2025-11-09,2025-11-15,6,False,False,False,False,DOCENTE,AUTORIDAD_ACADEMICA_SUPERIOR,True
2161,2,RECTORADO,Subrogación,OTROS_AA,True,Rector,AUTORIDAD_ACADEMICA_SUPERIOR,,,2026-01-31,2026-02-03,3,False,False,False,False,DOCENTE,AUTORIDAD_ACADEMICA_SUPERIOR,True
2161,2,RECTORADO,Subrogación,OTROS_AA,True,Rector,AUTORIDAD_ACADEMICA_SUPERIOR,,,2026-03-28,2026-04-07,10,False,False,False,False,DOCENTE,AUTORIDAD_ACADEMICA_SUPERIOR,True
2161,2,RECTORADO,Subrogación,OTROS_AA,True,Rector,AUTORIDAD_ACADEMICA_SUPERIOR,,,2026-05-25,2026-05-31,6,False,False,False,False,DOCENTE,AUTORIDAD_ACADEMICA_SUPERIOR,True
2161,2,RECTORADO,Subrogación,OTROS_AA,True,Rector,AUTORIDAD_ACADEMICA_SUPERIOR,,,2026-07-01,2026-07-05,4,False,False,False,False,DOCENTE,AUTORIDAD_ACADEMICA_SUPERIOR,True
2161,2,RECTORADO,Subrogación,OTROS_AA,True,Rector,AUTORIDAD_ACADEMICA_SUPERIOR,,,2026-07-12,2026-07-18,6,False,False,False,False,DOCENTE,AUTORIDAD_ACADEMICA_SUPERIOR,True
2161,2,RECTORADO,Subrogación,OTROS_AA,True,Rector,AUTORIDAD_ACADEMICA_SUPERIOR,,,2026-09-07,2026-09-09,2,False,False,False,False,DOCENTE,AUTORIDAD_ACADEMICA_SUPERIOR,True
2178,17,FACULTAD DE CIENCIAS SOCIALES Y HUMANÍSTICAS,Subdecano,AUTORIDAD_ACADEMICA_SUPERIOR,False,,,,,2014-10-01,2016-04-12,559,False,False,False,False,DOCENTE,AUTORIDAD_ACADEMICA_SUPERIOR,True
2178,93,DECANATO DE GRADO,Decano de grado,AUTORIDAD_ACADEMICA_SUPERIOR,False,,,,,2019-10-01,2021-05-02,579,False,False,False,False,DOCENTE,AUTORIDAD_ACADEMICA_SUPERIOR,True
2178,137,DECANATO DE POSGRADO,Subrogación,OTROS_AA,True,Decano,AUTORIDAD_ACADEMICA_SUPERIOR,,,2024-01-02,2024-01-05,3,False,False,False,False,DOCENTE,DOCENTE_TITULAR_CARRERA,False
2178,138,DECANATO DE GRADO,Subrogación,OTROS_AA,True,Decano de grado,AUTORIDAD_ACADEMICA_SUPERIOR,,,2024-04-15,2024-04-27,12,False,False,False,False,DOCENTE,DOCENTE_TITULAR_CARRERA,False
2178,138,DECANATO DE GRADO,Subrogación,OTROS_AA,True,Decano de grado,AUTORIDAD_ACADEMICA_SUPERIOR,,,2024-05-19,2024-06-02,14,False,False,False,False,DOCENTE,DOCENTE_TITULAR_CARRERA,False
2178,138,DECANATO DE GRADO,Subrogación,OTROS_AA,True,Decano de grado,AUTORIDAD_ACADEMICA_SUPERIOR,,,2024-06-03,2024-06-06,3,False,False,False,False,DOCENTE,DOCENTE_TITULAR_CARRERA,False
2178,138,DECANATO DE GRADO,Subrogación,OTROS_AA,True,Decano de grado,AUTORIDAD_ACADEMICA_SUPERIOR,,,2024-11-17,2024-11-21,4,False,False,False,False,DOCENTE,DOCENTE_TITULAR_CARRERA,False
2178,138,DECANATO DE GRADO,Subrogación,OTROS_AA,True,Decano de grado,AUTORIDAD_ACADEMICA_SUPERIOR,,,2024-11-22,2024-11-26,4,False,False,False,False,DOCENTE,DOCENTE_TITULAR_CARRERA,False
2178,26,ESCUELA DE POSTGRADO EN ADMINISTRACIÓN DE EMPRESAS,Subrogación,OTROS_AA,True,Subdecano,AUTORIDAD_ACADEMICA_SUPERIOR,,,2025-08-25,2025-09-05,11,False,False,False,False,DOCENTE,DOCENTE_TITULAR_CARRERA,False
2178,26,ESCUELA DE POSTGRADO EN ADMINISTRACIÓN DE EMPRESAS,Subrogación,OTROS_AA,True,Subdecano,AUTORIDAD_ACADEMICA_SUPERIOR,,,2025-09-22,2025-09-26,4,False,False,False,False,DOCENTE,DOCENTE_TITULAR_CARRERA,False
2178,17,FACULTAD DE CIENCIAS SOCIALES Y HUMANÍSTICAS,Miembro del consejo directivo,OTROS_AA,False,,,,,2025-10-01,2028-09-30,1095,False,False,False,False,DOCENTE,DOCENTE_TITULAR_CARRERA,False
2178,26,ESCUELA DE POSTGRADO EN ADMINISTRACIÓN DE EMPRESAS,Subrogación,OTROS_AA,True,Subdecano,AUTORIDAD_ACADEMICA_SUPERIOR,,,2026-01-27,2026-01-30,3,False,False,False,False,DOCENTE,DOCENTE_TITULAR_CARRERA,False
2178,26,ESCUELA DE POSTGRADO EN ADMINISTRACIÓN DE EMPRESAS,Subrogación,OTROS_AA,True,Subdecano,AUTORIDAD_ACADEMICA_SUPERIOR,,,2026-02-18,2026-02-27,9,False,False,False,False,DOCENTE,AUTORIDAD_ACADEMICA_SUPERIOR,True
2178,137,DECANATO DE POSGRADO,Subrogación,OTROS_AA,True,Decano,AUTORIDAD_ACADEMICA_SUPERIOR,,,2026-03-01,2026-03-07,6,False,False,False,False,DOCENTE,AUTORIDAD_ACADEMICA_SUPERIOR,True
2178,137,DECANATO DE POSGRADO,Subrogación,OTROS_AA,True,Decano,AUTORIDAD_ACADEMICA_SUPERIOR,,,2026-03-11,2026-03-16,5,False,False,False,False,DOCENTE,AUTORIDAD_ACADEMICA_SUPERIOR,True
2178,26,ESCUELA DE POSTGRADO EN ADMINISTRACIÓN DE EMPRESAS,Subrogación,OTROS_AA,True,Subdecano,AUTORIDAD_ACADEMICA_SUPERIOR,,,2026-03-23,2026-03-27,4,False,False,False,False,DOCENTE,AUTORIDAD_ACADEMICA_SUPERIOR,True
2178,138,DECANATO DE GRADO,Subrogación,OTROS_AA,True,Decano de grado,AUTORIDAD_ACADEMICA_SUPERIOR,,,2026-03-28,2026-04-07,10,False,False,False,False,DOCENTE,AUTORIDAD_ACADEMICA_SUPERIOR,True
2178,138,DECANATO DE GRADO,Subrogación,OTROS_AA,True,Decano de grado,AUTORIDAD_ACADEMICA_SUPERIOR,,,2026-05-08,2026-05-08,0,False,False,False,False,DOCENTE,DOCENTE_CONTRATADO_SERVICIOS_CIVILES,False
2178,138,DECANATO DE GRADO,Subrogación,OTROS_AA,True,Decano de grado,AUTORIDAD_ACADEMICA_SUPERIOR,,,2026-06-12,2026-06-16,4,False,False,False,False,DOCENTE,AUTORIDAD_ACADEMICA_SUPERIOR,True
2178,26,ESCUELA DE POSTGRADO EN ADMINISTRACIÓN DE EMPRESAS,Subrogación,OTROS_AA,True,Decano,AUTORIDAD_ACADEMICA_SUPERIOR,,,2026-07-12,2026-07-18,6,False,False,False,False,DOCENTE,AUTORIDAD_ACADEMICA_SUPERIOR,True
2178,138,DECANATO DE GRADO,Subrogación,OTROS_AA,True,Decano de grado,AUTORIDAD_ACADEMICA_SUPERIOR,,,2026-09-07,2026-09-09,2,False,False,False,False,DOCENTE,DOCENTE_TITULAR_CARRERA,False
2194,12,FACULTAD DE CIENCIAS NATURALES Y MATEMÁTICAS,Miembro del consejo politécnico,OTROS_AA,False,,,,,2023-12-01,2026-11-30,1095,False,False,False,False,DOCENTE,DOCENTE_TITULAR_CARRERA,False
2203,76,CENTRO DE AGUA Y DESARROLLO SUSTENTABLE,Director,AUTORIDAD_ADMINISTRATIVA_SUPERIOR,False,,,,,2017-11-13,,3228,False,False,False,False,DOCENTE,DOCENTE_TITULAR_CARRERA,False
2203,12,FACULTAD DE CIENCIAS NATURALES Y MATEMÁTICAS,Coordinador de programa de postgrado,JEFATURA_SUPERVISION_OPERATIVA,False,,,POSGRADO,Maestría en Ciencias de la Ingeniería para la Gestión de los Recursos Hídricos,2021-01-25,,2059,False,False,False,False,DOCENTE,DOCENTE_TITULAR_CARRERA,False
2204,16,FACULTAD DE INGENIERÍA EN ELECTRICIDAD Y COMPUTACIÓN,Coordinador de carrera,JEFATURA_SUPERVISION_OPERATIVA,False,,,GRADO,Telecomunicaciones,2016-02-18,2016-05-13,85,False,False,False,False,,,
2204,16,FACULTAD DE INGENIERÍA EN ELECTRICIDAD Y COMPUTACIÓN,Coordinador de carrera,JEFATURA_SUPERVISION_OPERATIVA,False,,,GRADO,Ingeniería Electrónica y Telecomunicaciones,2016-05-13,2017-01-08,240,False,False,False,False,,,
2204,16,FACULTAD DE INGENIERÍA EN ELECTRICIDAD Y COMPUTACIÓN,Coordinador de carrera,JEFATURA_SUPERVISION_OPERATIVA,False,,,GRADO,Telecomunicaciones,2017-01-09,2017-10-03,267,False,False,False,False,,,
2208,25,FACULTAD DE INGENIERÍA EN CIENCIAS DE LA TIERRA,Coordinador de vinculación con la sociedad,JEFATURA_SUPERVISION_OPERATIVA,False,,,GRADO,Ingeniería Civil,2020-02-24,2022-04-12,778,False,False,False,False,DOCENTE,DOCENTE_NO_TITULAR_OCASIONAL,False
2283,20,DEPARTAMENTO DE HUMANIDADES,Director departamento,AUTORIDAD_ADMINISTRATIVA_SUPERIOR,False,,,,,2020-10-12,2021-02-01,112,False,False,False,False,DOCENTE,DOCENTE_NO_TITULAR_OCASIONAL,False
2283,17,FACULTAD DE CIENCIAS SOCIALES Y HUMANÍSTICAS,Coordinador de área transversal institucional de docencia,JEFATURA_SUPERVISION_OPERATIVA,False,,,,,2021-03-15,2021-02-03,0,False,True,False,False,DOCENTE,DOCENTE_NO_TITULAR_OCASIONAL,False
2283,17,FACULTAD DE CIENCIAS SOCIALES Y HUMANÍSTICAS,Coordinador de área transversal institucional de docencia,JEFATURA_SUPERVISION_OPERATIVA,False,,,,,2021-10-04,2025-10-31,1488,False,False,False,False,DOCENTE,DOCENTE_NO_TITULAR_OCASIONAL,False
2283,17,FACULTAD DE CIENCIAS SOCIALES Y HUMANÍSTICAS,Coordinador de carrera,JEFATURA_SUPERVISION_OPERATIVA,False,,,GRADO,Arqueología,2022-05-16,2025-10-31,1264,False,False,False,False,DOCENTE,DOCENTE_NO_TITULAR_OCASIONAL,False
2283,17,FACULTAD DE CIENCIAS SOCIALES Y HUMANÍSTICAS,Coordinador de área transversal institucional de docencia,JEFATURA_SUPERVISION_OPERATIVA,False,,,,,2025-11-01,2026-05-10,190,False,False,False,False,DOCENTE,DOCENTE_NO_TITULAR_OCASIONAL,False
2283,17,FACULTAD DE CIENCIAS SOCIALES Y HUMANÍSTICAS,Coordinador de carrera,JEFATURA_SUPERVISION_OPERATIVA,False,,,GRADO,Arqueología,2025-11-01,2026-05-10,190,False,False,False,False,DOCENTE,DOCENTE_NO_TITULAR_OCASIONAL,False
2283,17,FACULTAD DE CIENCIAS SOCIALES Y HUMANÍSTICAS,Coordinador de carrera,JEFATURA_SUPERVISION_OPERATIVA,False,,,GRADO,Economía,2026-05-11,,127,False,False,False,False,DOCENTE,DOCENTE_NO_TITULAR_OCASIONAL,False
2293,16,FACULTAD DE INGENIERÍA EN ELECTRICIDAD Y COMPUTACIÓN,Coordinador de acreditación internacional,JEFATURA_SUPERVISION_OPERATIVA,False,,,GRADO,Telemática,2017-09-07,2017-09-22,15,False,False,False,False,DOCENTE,DOCENTE_NO_TITULAR_OCASIONAL,False
2293,16,FACULTAD DE INGENIERÍA EN ELECTRICIDAD Y COMPUTACIÓN,Coordinador de acreditación internacional,JEFATURA_SUPERVISION_OPERATIVA,False,,,GRADO,Telemática,2017-10-04,2022-09-26,1818,False,False,False,False,DOCENTE,DOCENTE_NO_TITULAR_OCASIONAL,False
2308,16,FACULTAD DE INGENIERÍA EN ELECTRICIDAD Y COMPUTACIÓN,Coordinador de prácticas empresariales,JEFATURA_SUPERVISION_OPERATIVA,False,,,GRADO,Electricidad,2017-04-03,2017-09-22,172,False,False,False,False,DOCENTE,DOCENTE_NO_TITULAR_OCASIONAL,False
2308,16,FACULTAD DE INGENIERÍA EN ELECTRICIDAD Y COMPUTACIÓN,Coordinador de acreditación internacional,JEFATURA_SUPERVISION_OPERATIVA,False,,,GRADO,Electricidad,2017-10-04,2018-01-22,110,False,False,False,False,DOCENTE,DOCENTE_NO_TITULAR_OCASIONAL,False
2308,16,FACULTAD DE INGENIERÍA EN ELECTRICIDAD Y COMPUTACIÓN,Coordinador de carrera,JEFATURA_SUPERVISION_OPERATIVA,False,,,GRADO,Electricidad,2018-01-23,2023-02-21,1855,False,False,False,False,DOCENTE,DOCENTE_NO_TITULAR_OCASIONAL,False
2312,12,FACULTAD DE CIENCIAS NATURALES Y MATEMÁTICAS,Coordinador de carrera,JEFATURA_SUPERVISION_OPERATIVA,False,,,GRADO,Ingeniería en Auditoría y Contaduría Pública Autorizada,2016-12-06,2020-09-30,1394,False,False,False,False,DOCENTE,DOCENTE_NO_TITULAR_OCASIONAL,False
2312,17,FACULTAD DE CIENCIAS SOCIALES Y HUMANÍSTICAS,Coordinador de carrera,JEFATURA_SUPERVISION_OPERATIVA,False,,,GRADO,Auditoría y Control de Gestión,2020-10-01,2023-08-31,1064,False,False,False,False,DOCENTE,DOCENTE_NO_TITULAR_OCASIONAL,False
2312,17,FACULTAD DE CIENCIAS SOCIALES Y HUMANÍSTICAS,Miembro del consejo directivo,OTROS_AA,False,,,,,2021-09-27,2022-12-09,438,False,False,False,False,DOCENTE,DOCENTE_NO_TITULAR_OCASIONAL,False
2312,17,FACULTAD DE CIENCIAS SOCIALES Y HUMANÍSTICAS,Coordinador de programa de postgrado,JEFATURA_SUPERVISION_OPERATIVA,False,,,POSGRADO,Maestría en Contabilidad y Auditoría,2023-12-11,2026-08-10,973,False,False,False,False,DOCENTE,DOCENTE_NO_TITULAR_OCASIONAL,False
2312,17,FACULTAD DE CIENCIAS SOCIALES Y HUMANÍSTICAS,Coordinador de carrera,JEFATURA_SUPERVISION_OPERATIVA,False,,,GRADO,Auditoría y Control de Gestión,2024-03-11,2026-03-31,750,False,False,False,False,DOCENTE,DOCENTE_NO_TITULAR_OCASIONAL,False
2370,47,GERENCIA FINANCIERA,Subrogación,OTROS_AA,True,Gerente,AUTORIDAD_ADMINISTRATIVA_SUPERIOR,,,2025-05-29,2025-06-11,13,False,False,False,False,ADMINISTRATIVO,PROFESIONAL_ANALISTA,False
2370,47,GERENCIA FINANCIERA,Subrogación,OTROS_AA,True,Gerente,AUTORIDAD_ADMINISTRATIVA_SUPERIOR,,,2025-08-27,2025-09-19,23,False,False,False,False,ADMINISTRATIVO,PROFESIONAL_ANALISTA,False
2370,47,GERENCIA FINANCIERA,Subrogación,OTROS_AA,True,Gerente,AUTORIDAD_ADMINISTRATIVA_SUPERIOR,,,2025-09-12,2025-09-19,7,False,False,False,False,ADMINISTRATIVO,PROFESIONAL_ANALISTA,False
2370,47,GERENCIA FINANCIERA,Subrogación,OTROS_AA,True,Gerente,AUTORIDAD_ADMINISTRATIVA_SUPERIOR,,,2026-05-26,2026-06-08,13,False,False,False,False,ADMINISTRATIVO,AUTORIDAD_ADMINISTRATIVA_SUPERIOR,True
2380,129,DIRECCIÓN DE INGENIERÍA EN SISTEMAS,Subrogación,OTROS_AA,True,Director,AUTORIDAD_ADMINISTRATIVA_SUPERIOR,,,2023-04-17,2023-04-26,9,False,False,False,False,ADMINISTRATIVO,AUTORIDAD_ADMINISTRATIVA_SUPERIOR,True
2380,129,DIRECCIÓN DE INGENIERÍA EN SISTEMAS,Subrogación,OTROS_AA,True,Director,AUTORIDAD_ADMINISTRATIVA_SUPERIOR,,,2023-06-19,2023-06-28,9,False,False,False,False,ADMINISTRATIVO,AUTORIDAD_ADMINISTRATIVA_SUPERIOR,True
2380,129,DIRECCIÓN DE INGENIERÍA EN SISTEMAS,Subrogación,OTROS_AA,True,Director,AUTORIDAD_ADMINISTRATIVA_SUPERIOR,,,2023-09-13,2023-09-15,2,False,False,False,False,ADMINISTRATIVO,AUTORIDAD_ADMINISTRATIVA_SUPERIOR,True
2380,129,DIRECCIÓN DE INGENIERÍA EN SISTEMAS,Subrogación,OTROS_AA,True,Director,AUTORIDAD_ADMINISTRATIVA_SUPERIOR,,,2023-09-18,2023-10-13,25,False,False,False,False,ADMINISTRATIVO,AUTORIDAD_ADMINISTRATIVA_SUPERIOR,True
2380,129,DIRECCIÓN DE INGENIERÍA EN SISTEMAS,Subrogación,OTROS_AA,True,Director,AUTORIDAD_ADMINISTRATIVA_SUPERIOR,,,2023-12-29,2023-12-29,0,False,False,False,False,ADMINISTRATIVO,AUTORIDAD_ADMINISTRATIVA_SUPERIOR,True
2380,129,DIRECCIÓN DE INGENIERÍA EN SISTEMAS,Subrogación,OTROS_AA,True,Director,AUTORIDAD_ADMINISTRATIVA_SUPERIOR,,,2024-01-02,2024-01-12,10,False,False,False,False,ADMINISTRATIVO,AUTORIDAD_ADMINISTRATIVA_SUPERIOR,True
2380,129,DIRECCIÓN DE INGENIERÍA EN SISTEMAS,Subrogación,OTROS_AA,True,Director,AUTORIDAD_ADMINISTRATIVA_SUPERIOR,,,2024-03-18,2024-03-22,4,False,False,False,False,ADMINISTRATIVO,AUTORIDAD_ADMINISTRATIVA_SUPERIOR,True
2380,129,DIRECCIÓN DE INGENIERÍA EN SISTEMAS,Subrogación,OTROS_AA,True,Director,AUTORIDAD_ADMINISTRATIVA_SUPERIOR,,,2024-04-15,2024-04-22,7,False,False,False,False,ADMINISTRATIVO,AUTORIDAD_ADMINISTRATIVA_SUPERIOR,True
2380,129,DIRECCIÓN DE INGENIERÍA EN SISTEMAS,Subrogación,OTROS_AA,True,Director,AUTORIDAD_ADMINISTRATIVA_SUPERIOR,,,2024-07-08,2024-07-25,17,False,False,False,False,ADMINISTRATIVO,AUTORIDAD_ADMINISTRATIVA_SUPERIOR,True
2380,129,DIRECCIÓN DE INGENIERÍA EN SISTEMAS,Subrogación,OTROS_AA,True,Director,AUTORIDAD_ADMINISTRATIVA_SUPERIOR,,,2024-09-11,2024-09-13,2,False,False,False,False,ADMINISTRATIVO,AUTORIDAD_ADMINISTRATIVA_SUPERIOR,True
2380,129,DIRECCIÓN DE INGENIERÍA EN SISTEMAS,Subrogación,OTROS_AA,True,Director,AUTORIDAD_ADMINISTRATIVA_SUPERIOR,,,2024-10-14,2024-10-28,14,False,False,False,False,ADMINISTRATIVO,AUTORIDAD_ADMINISTRATIVA_SUPERIOR,True
2380,129,DIRECCIÓN DE INGENIERÍA EN SISTEMAS,Subrogación,OTROS_AA,True,Director,AUTORIDAD_ADMINISTRATIVA_SUPERIOR,,,2024-12-26,2024-12-31,5,False,False,False,False,ADMINISTRATIVO,AUTORIDAD_ADMINISTRATIVA_SUPERIOR,True
2380,129,DIRECCIÓN DE INGENIERÍA EN SISTEMAS,Subrogación,OTROS_AA,True,Director,AUTORIDAD_ADMINISTRATIVA_SUPERIOR,,,2025-01-23,2025-01-24,1,False,False,False,False,ADMINISTRATIVO,AUTORIDAD_ADMINISTRATIVA_SUPERIOR,True
2380,129,DIRECCIÓN DE INGENIERÍA EN SISTEMAS,Subrogación,OTROS_AA,True,Director,AUTORIDAD_ADMINISTRATIVA_SUPERIOR,,,2025-03-05,2025-03-21,16,False,False,False,False,ADMINISTRATIVO,AUTORIDAD_ADMINISTRATIVA_SUPERIOR,True
2380,129,DIRECCIÓN DE INGENIERÍA EN SISTEMAS,Subrogación,OTROS_AA,True,Director,AUTORIDAD_ADMINISTRATIVA_SUPERIOR,,,2025-09-08,2025-09-10,2,False,False,False,False,ADMINISTRATIVO,AUTORIDAD_ADMINISTRATIVA_SUPERIOR,True
2380,129,DIRECCIÓN DE INGENIERÍA EN SISTEMAS,Subrogación,OTROS_AA,True,Director,AUTORIDAD_ADMINISTRATIVA_SUPERIOR,,,2025-10-23,2025-10-24,1,False,False,False,False,ADMINISTRATIVO,PROFESIONAL_ANALISTA,False
2380,127,DIRECCIÓN DE DESARROLLO DE APLICACIONES,Subrogación,OTROS_AA,True,Director,AUTORIDAD_ADMINISTRATIVA_SUPERIOR,,,2025-11-05,2025-11-07,2,False,False,False,False,ADMINISTRATIVO,PROFESIONAL_ANALISTA,False
2380,129,DIRECCIÓN DE INGENIERÍA EN SISTEMAS,Subrogación,OTROS_AA,True,Director,AUTORIDAD_ADMINISTRATIVA_SUPERIOR,,,2025-11-05,2025-11-07,2,False,False,False,False,ADMINISTRATIVO,PROFESIONAL_ANALISTA,False
2380,129,DIRECCIÓN DE INGENIERÍA EN SISTEMAS,Subrogación,OTROS_AA,True,Director,AUTORIDAD_ADMINISTRATIVA_SUPERIOR,,,2025-12-26,2026-01-04,9,False,False,False,False,ADMINISTRATIVO,PROFESIONAL_ANALISTA,False
2380,129,DIRECCIÓN DE INGENIERÍA EN SISTEMAS,Subrogación,OTROS_AA,True,Director,AUTORIDAD_ADMINISTRATIVA_SUPERIOR,,,2026-03-30,2026-03-30,0,False,False,False,False,ADMINISTRATIVO,AUTORIDAD_ADMINISTRATIVA_SUPERIOR,True
2380,129,DIRECCIÓN DE INGENIERÍA EN SISTEMAS,Subrogación,OTROS_AA,True,Director,AUTORIDAD_ADMINISTRATIVA_SUPERIOR,,,2026-04-01,2026-04-17,16,False,False,False,False,ADMINISTRATIVO,AUTORIDAD_ADMINISTRATIVA_SUPERIOR,True
2380,129,DIRECCIÓN DE INGENIERÍA EN SISTEMAS,Subrogación,OTROS_AA,True,Director,AUTORIDAD_ADMINISTRATIVA_SUPERIOR,,,2026-08-17,2026-08-30,13,False,False,False,False,ADMINISTRATIVO,AUTORIDAD_ADMINISTRATIVA_SUPERIOR,True
2380,129,DIRECCIÓN DE INGENIERÍA EN SISTEMAS,Subrogación,OTROS_AA,True,Director,AUTORIDAD_ADMINISTRATIVA_SUPERIOR,,,2026-09-21,2026-09-24,3,False,False,False,False,,,
2380,129,DIRECCIÓN DE INGENIERÍA EN SISTEMAS,Subrogación,OTROS_AA,True,Director,AUTORIDAD_ADMINISTRATIVA_SUPERIOR,,,2026-09-28,2026-10-03,5,False,False,False,False,,,
2390,17,FACULTAD DE CIENCIAS SOCIALES Y HUMANÍSTICAS,Coordinador de vinculación con la sociedad,JEFATURA_SUPERVISION_OPERATIVA,False,,,GRADO,Turismo,2018-05-02,2018-05-11,9,False,False,False,False,DOCENTE,DOCENTE_NO_TITULAR_OCASIONAL,False
2432,17,FACULTAD DE CIENCIAS SOCIALES Y HUMANÍSTICAS,Miembro del consejo directivo - trabajadores,OTROS_AA,False,,,,,2017-09-27,2019-09-26,729,False,False,False,False,ADMINISTRATIVO,TECNICO_OPERATIVO_MANTENIMIENTO,False
2455,49,SUBGERENCIA DE SERVICIOS INFORMÁTICOS,Subrogación,OTROS_AA,True,Subgerente,AUTORIDAD_ADMINISTRATIVA_SUPERIOR,,,2020-10-12,2020-10-15,3,False,False,False,False,ADMINISTRATIVO,PROFESIONAL_ANALISTA,False
2455,49,SUBGERENCIA DE SERVICIOS INFORMÁTICOS,Subrogación,OTROS_AA,True,Subgerente,AUTORIDAD_ADMINISTRATIVA_SUPERIOR,,,2021-03-22,2021-04-01,10,False,False,False,False,ADMINISTRATIVO,PROFESIONAL_ANALISTA,False
2455,49,SUBGERENCIA DE SERVICIOS INFORMÁTICOS,Subrogación,OTROS_AA,True,Subgerente,AUTORIDAD_ADMINISTRATIVA_SUPERIOR,,,2021-08-10,2021-10-08,59,False,False,False,False,ADMINISTRATIVO,PROFESIONAL_ANALISTA,False
2455,49,SUBGERENCIA DE SERVICIOS INFORMÁTICOS,Subrogación,OTROS_AA,True,Subgerente,AUTORIDAD_ADMINISTRATIVA_SUPERIOR,,,2021-10-14,2021-10-27,13,False,False,False,False,ADMINISTRATIVO,PROFESIONAL_ANALISTA,False
2455,49,SUBGERENCIA DE SERVICIOS INFORMÁTICOS,Subgerente,AUTORIDAD_ADMINISTRATIVA_SUPERIOR,False,,,,,2021-11-05,2022-01-31,87,False,False,False,False,ADMINISTRATIVO,PROFESIONAL_ANALISTA,False
2455,127,DIRECCIÓN DE DESARROLLO DE APLICACIONES,Director,AUTORIDAD_ADMINISTRATIVA_SUPERIOR,False,,,,,2022-02-01,,1687,False,False,False,False,ADMINISTRATIVO,AUTORIDAD_ADMINISTRATIVA_SUPERIOR,True
2455,48,GERENCIA DE TECNOLOGÍAS Y SISTEMAS DE INFORMACIÓN,Subrogación,OTROS_AA,True,Gerente,AUTORIDAD_ADMINISTRATIVA_SUPERIOR,,,2023-03-14,2023-03-31,17,False,False,False,False,ADMINISTRATIVO,AUTORIDAD_ADMINISTRATIVA_SUPERIOR,True
2455,48,GERENCIA DE TECNOLOGÍAS Y SISTEMAS DE INFORMACIÓN,Subrogación,OTROS_AA,True,Gerente,AUTORIDAD_ADMINISTRATIVA_SUPERIOR,,,2023-09-13,2023-09-16,3,False,False,False,False,ADMINISTRATIVO,AUTORIDAD_ADMINISTRATIVA_SUPERIOR,True
2455,48,GERENCIA DE TECNOLOGÍAS Y SISTEMAS DE INFORMACIÓN,Subrogación,OTROS_AA,True,Gerente,AUTORIDAD_ADMINISTRATIVA_SUPERIOR,,,2024-02-05,2024-02-09,4,False,False,False,False,ADMINISTRATIVO,AUTORIDAD_ADMINISTRATIVA_SUPERIOR,True
2455,48,GERENCIA DE TECNOLOGÍAS Y SISTEMAS DE INFORMACIÓN,Subrogación,OTROS_AA,True,Gerente,AUTORIDAD_ADMINISTRATIVA_SUPERIOR,,,2024-02-21,2024-02-22,1,False,False,False,False,ADMINISTRATIVO,AUTORIDAD_ADMINISTRATIVA_SUPERIOR,True
2455,48,GERENCIA DE TECNOLOGÍAS Y SISTEMAS DE INFORMACIÓN,Subrogación,OTROS_AA,True,Gerente,AUTORIDAD_ADMINISTRATIVA_SUPERIOR,,,2024-03-27,2024-03-28,1,False,False,False,False,ADMINISTRATIVO,AUTORIDAD_ADMINISTRATIVA_SUPERIOR,True
2455,48,GERENCIA DE TECNOLOGÍAS Y SISTEMAS DE INFORMACIÓN,Subrogación,OTROS_AA,True,Gerente,AUTORIDAD_ADMINISTRATIVA_SUPERIOR,,,2024-09-09,2024-09-27,18,False,False,False,False,ADMINISTRATIVO,AUTORIDAD_ADMINISTRATIVA_SUPERIOR,True
2455,48,GERENCIA DE TECNOLOGÍAS Y SISTEMAS DE INFORMACIÓN,Subrogación,OTROS_AA,True,Gerente,AUTORIDAD_ADMINISTRATIVA_SUPERIOR,,,2025-02-10,2025-02-28,18,False,False,False,False,ADMINISTRATIVO,AUTORIDAD_ADMINISTRATIVA_SUPERIOR,True
2455,48,GERENCIA DE TECNOLOGÍAS Y SISTEMAS DE INFORMACIÓN,Subrogación,OTROS_AA,True,Gerente,AUTORIDAD_ADMINISTRATIVA_SUPERIOR,,,2025-09-15,2025-09-26,11,False,False,False,False,ADMINISTRATIVO,AUTORIDAD_ADMINISTRATIVA_SUPERIOR,True
2455,48,GERENCIA DE TECNOLOGÍAS Y SISTEMAS DE INFORMACIÓN,Subrogación,OTROS_AA,True,Gerente,AUTORIDAD_ADMINISTRATIVA_SUPERIOR,,,2025-10-28,2025-10-31,3,False,False,False,False,ADMINISTRATIVO,AUTORIDAD_ADMINISTRATIVA_SUPERIOR,True
2455,48,GERENCIA DE TECNOLOGÍAS Y SISTEMAS DE INFORMACIÓN,Subrogación,OTROS_AA,True,Gerente,AUTORIDAD_ADMINISTRATIVA_SUPERIOR,,,2025-12-15,2025-12-31,16,False,False,False,False,ADMINISTRATIVO,AUTORIDAD_ADMINISTRATIVA_SUPERIOR,True
2455,48,GERENCIA DE TECNOLOGÍAS Y SISTEMAS DE INFORMACIÓN,Subrogación,OTROS_AA,True,Gerente,AUTORIDAD_ADMINISTRATIVA_SUPERIOR,,,2026-02-18,2026-03-13,23,False,False,False,False,ADMINISTRATIVO,AUTORIDAD_ADMINISTRATIVA_SUPERIOR,True
2455,48,GERENCIA DE TECNOLOGÍAS Y SISTEMAS DE INFORMACIÓN,Subrogación,OTROS_AA,True,Gerente,AUTORIDAD_ADMINISTRATIVA_SUPERIOR,,,2026-07-02,2026-07-03,1,False,False,False,False,ADMINISTRATIVO,AUTORIDAD_ADMINISTRATIVA_SUPERIOR,True
2455,48,GERENCIA DE TECNOLOGÍAS Y SISTEMAS DE INFORMACIÓN,Subrogación,OTROS_AA,True,Gerente,AUTORIDAD_ADMINISTRATIVA_SUPERIOR,,,2026-09-04,2026-09-09,5,False,False,False,False,ADMINISTRATIVO,AUTORIDAD_ADMINISTRATIVA_SUPERIOR,True
2455,48,GERENCIA DE TECNOLOGÍAS Y SISTEMAS DE INFORMACIÓN,Subrogación,OTROS_AA,True,Gerente,AUTORIDAD_ADMINISTRATIVA_SUPERIOR,,,2026-09-21,2026-09-25,4,False,False,False,False,,,
2498,17,FACULTAD DE CIENCIAS SOCIALES Y HUMANÍSTICAS,Coordinador de vinculación con la sociedad,JEFATURA_SUPERVISION_OPERATIVA,False,,,GRADO,Auditoría y Control de Gestión,2022-01-03,2022-02-18,46,False,False,False,False,DOCENTE,DOCENTE_NO_TITULAR_OCASIONAL,False
2498,17,FACULTAD DE CIENCIAS SOCIALES Y HUMANÍSTICAS,Coordinador de vinculación con la sociedad,JEFATURA_SUPERVISION_OPERATIVA,False,,,GRADO,Economía,2022-01-03,2022-02-18,46,False,False,True,False,DOCENTE,DOCENTE_NO_TITULAR_OCASIONAL,False
2516,43,DIRECCIÓN DE ADMISIONES,Director,AUTORIDAD_ADMINISTRATIVA_SUPERIOR,False,,,,,2016-05-02,2017-11-13,560,False,False,False,False,DOCENTE,DOCENTE_TITULAR_CARRERA,False
2516,12,FACULTAD DE CIENCIAS NATURALES Y MATEMÁTICAS,Miembro del consejo directivo,OTROS_AA,False,,,,,2017-01-27,2020-01-26,1094,False,False,False,False,DOCENTE,DOCENTE_TITULAR_CARRERA,False
2516,43,DIRECCIÓN DE ADMISIONES,Director,AUTORIDAD_ADMINISTRATIVA_SUPERIOR,False,,,,,2017-11-14,2021-04-30,1263,False,False,False,False,DOCENTE,DOCENTE_TITULAR_CARRERA,False
2516,93,DECANATO DE GRADO,Decano de grado,AUTORIDAD_ACADEMICA_SUPERIOR,False,,,,,2021-05-03,2022-11-12,558,False,False,False,False,DOCENTE,DOCENTE_TITULAR_CARRERA,False
2516,43,DIRECCIÓN DE ADMISIONES,Director,AUTORIDAD_ADMINISTRATIVA_SUPERIOR,False,,,,,2021-05-03,2021-05-18,15,False,False,False,False,DOCENTE,DOCENTE_TITULAR_CARRERA,False
2516,12,FACULTAD DE CIENCIAS NATURALES Y MATEMÁTICAS,Coordinador de área transversal institucional de docencia,JEFATURA_SUPERVISION_OPERATIVA,False,,,,,2021-05-03,2022-03-09,310,False,False,False,False,DOCENTE,DOCENTE_TITULAR_CARRERA,False
2544,50,SUBGERENCIA DE SERVICIOS DE INFRAESTRUCTURA TECNOLÓGICA Y SEGURIDAD INFORMÁTICA,Subrogación,OTROS_AA,True,Subgerente,AUTORIDAD_ADMINISTRATIVA_SUPERIOR,,,2020-12-18,2020-12-31,13,False,False,False,False,ADMINISTRATIVO,PROFESIONAL_ANALISTA,False
2544,50,SUBGERENCIA DE SERVICIOS DE INFRAESTRUCTURA TECNOLÓGICA Y SEGURIDAD INFORMÁTICA,Subgerente,AUTORIDAD_ADMINISTRATIVA_SUPERIOR,False,,,,,2021-11-22,2022-01-31,70,False,False,False,False,ADMINISTRATIVO,PROFESIONAL_ANALISTA,False
2544,129,DIRECCIÓN DE INGENIERÍA EN SISTEMAS,Director,AUTORIDAD_ADMINISTRATIVA_SUPERIOR,False,,,,,2022-02-01,,1687,False,False,False,False,ADMINISTRATIVO,AUTORIDAD_ADMINISTRATIVA_SUPERIOR,True
2544,48,GERENCIA DE TECNOLOGÍAS Y SISTEMAS DE INFORMACIÓN,Subrogación,OTROS_AA,True,Gerente,AUTORIDAD_ADMINISTRATIVA_SUPERIOR,,,2023-09-19,2023-10-14,25,False,False,False,False,ADMINISTRATIVO,AUTORIDAD_ADMINISTRATIVA_SUPERIOR,True
2544,48,GERENCIA DE TECNOLOGÍAS Y SISTEMAS DE INFORMACIÓN,Subrogación,OTROS_AA,True,Gerente,AUTORIDAD_ADMINISTRATIVA_SUPERIOR,,,2023-12-29,2023-12-29,0,False,False,False,False,ADMINISTRATIVO,AUTORIDAD_ADMINISTRATIVA_SUPERIOR,True
2544,48,GERENCIA DE TECNOLOGÍAS Y SISTEMAS DE INFORMACIÓN,Subrogación,OTROS_AA,True,Gerente,AUTORIDAD_ADMINISTRATIVA_SUPERIOR,,,2024-01-02,2024-01-12,10,False,False,False,False,ADMINISTRATIVO,AUTORIDAD_ADMINISTRATIVA_SUPERIOR,True
2544,48,GERENCIA DE TECNOLOGÍAS Y SISTEMAS DE INFORMACIÓN,Subrogación,OTROS_AA,True,Gerente,AUTORIDAD_ADMINISTRATIVA_SUPERIOR,,,2024-10-14,2024-10-28,14,False,False,False,False,ADMINISTRATIVO,AUTORIDAD_ADMINISTRATIVA_SUPERIOR,True
2544,48,GERENCIA DE TECNOLOGÍAS Y SISTEMAS DE INFORMACIÓN,Subrogación,OTROS_AA,True,Gerente,AUTORIDAD_ADMINISTRATIVA_SUPERIOR,,,2024-12-26,2024-12-31,5,False,False,False,False,ADMINISTRATIVO,AUTORIDAD_ADMINISTRATIVA_SUPERIOR,True
2577,12,FACULTAD DE CIENCIAS NATURALES Y MATEMÁTICAS,Coordinador general de postgrado,JEFATURA_SUPERVISION_OPERATIVA,False,,,,,2025-12-29,,260,False,False,False,False,,,
2655,12,FACULTAD DE CIENCIAS NATURALES Y MATEMÁTICAS,Coordinador de prácticas empresariales,JEFATURA_SUPERVISION_OPERATIVA,False,,,GRADO,Ingeniería Química,2017-10-03,2018-04-05,184,False,False,False,False,DOCENTE,DOCENTE_NO_TITULAR_OCASIONAL,False
2655,12,FACULTAD DE CIENCIAS NATURALES Y MATEMÁTICAS,Coordinador de prácticas empresariales,JEFATURA_SUPERVISION_OPERATIVA,False,,,GRADO,Ingeniería Química,2019-05-06,2022-05-06,1096,False,False,False,False,DOCENTE,DOCENTE_NO_TITULAR_OCASIONAL,False
2655,12,FACULTAD DE CIENCIAS NATURALES Y MATEMÁTICAS,Coordinador de programa de postgrado,JEFATURA_SUPERVISION_OPERATIVA,False,,,POSGRADO,Maestría en Gestión Ambiental,2023-01-09,2023-03-31,81,False,False,False,False,,,
2693,48,GERENCIA DE TECNOLOGÍAS Y SISTEMAS DE INFORMACIÓN,Subrogación,OTROS_AA,True,Gerente,AUTORIDAD_ADMINISTRATIVA_SUPERIOR,,,2025-10-28,2025-10-31,3,False,False,False,False,ADMINISTRATIVO,PROFESIONAL_ESPECIALIZADO_TECNICO,False
2696,17,FACULTAD DE CIENCIAS SOCIALES Y HUMANÍSTICAS,Coordinador de carrera,JEFATURA_SUPERVISION_OPERATIVA,False,,,GRADO,Turismo,2018-04-02,2020-10-14,926,False,False,False,False,DOCENTE,DOCENTE_NO_TITULAR_OCASIONAL,False
2696,17,FACULTAD DE CIENCIAS SOCIALES Y HUMANÍSTICAS,Coordinador de programa de postgrado,JEFATURA_SUPERVISION_OPERATIVA,False,,,POSGRADO,Maestría en Marketing de Destinos y Productos Turísticos,2018-07-09,2021-12-10,1250,False,False,False,False,DOCENTE,DOCENTE_NO_TITULAR_OCASIONAL,False
2696,17,FACULTAD DE CIENCIAS SOCIALES Y HUMANÍSTICAS,Miembro del consejo directivo,OTROS_AA,False,,,,,2020-01-17,2022-12-09,1057,False,False,False,False,DOCENTE,DOCENTE_NO_TITULAR_OCASIONAL,False
2696,17,FACULTAD DE CIENCIAS SOCIALES Y HUMANÍSTICAS,Coordinador de carrera,JEFATURA_SUPERVISION_OPERATIVA,False,,,GRADO,Turismo,2021-03-15,2021-12-10,270,False,False,False,False,DOCENTE,DOCENTE_NO_TITULAR_OCASIONAL,False
2696,17,FACULTAD DE CIENCIAS SOCIALES Y HUMANÍSTICAS,Coordinador de programa de postgrado,JEFATURA_SUPERVISION_OPERATIVA,False,,,POSGRADO,Maestría en Marketing de Destinos y Productos Turísticos,2021-12-15,2024-07-31,959,False,False,False,False,DOCENTE,DOCENTE_NO_TITULAR_OCASIONAL,False
2696,17,FACULTAD DE CIENCIAS SOCIALES Y HUMANÍSTICAS,Coordinador de carrera,JEFATURA_SUPERVISION_OPERATIVA,False,,,GRADO,Turismo,2021-12-15,2023-03-12,452,False,False,False,False,DOCENTE,DOCENTE_NO_TITULAR_OCASIONAL,False
2696,17,FACULTAD DE CIENCIAS SOCIALES Y HUMANÍSTICAS,Coordinador de carrera,JEFATURA_SUPERVISION_OPERATIVA,False,,,GRADO,Administración de Empresas,2023-03-13,2023-09-24,195,False,False,False,False,DOCENTE,DOCENTE_NO_TITULAR_OCASIONAL,False
2696,17,FACULTAD DE CIENCIAS SOCIALES Y HUMANÍSTICAS,Coordinador de carrera,JEFATURA_SUPERVISION_OPERATIVA,False,,,GRADO,Administración de Empresas,2024-03-19,2026-04-13,755,False,False,False,False,DOCENTE,DOCENTE_NO_TITULAR_OCASIONAL,False
2701,126,DECANATO DE VINCULACIÓN,Subrogación,OTROS_AA,True,Decano,AUTORIDAD_ACADEMICA_SUPERIOR,,,2023-03-06,2023-03-08,2,False,False,False,False,DOCENTE,AUTORIDAD_ACADEMICA_SUPERIOR,True
2753,11,"FACULTAD DE INGENIERIA MARÍTIMA, CIENCIAS BIOLÓGICAS, OCEÁNICAS Y RECURSOS NATURALES",Coordinador de carrera,JEFATURA_SUPERVISION_OPERATIVA,False,,,GRADO,Oceanografía,2017-01-16,2018-03-31,439,False,False,False,False,DOCENTE,DOCENTE_NO_TITULAR_OCASIONAL,False
2753,11,"FACULTAD DE INGENIERIA MARÍTIMA, CIENCIAS BIOLÓGICAS, OCEÁNICAS Y RECURSOS NATURALES",Coordinador de carrera,JEFATURA_SUPERVISION_OPERATIVA,False,,,GRADO,Oceanografía,2018-04-01,2019-01-23,297,False,False,False,False,DOCENTE,DOCENTE_NO_TITULAR_OCASIONAL,False
2753,86,FACULTAD DE INGENIERÍA MARÍTIMA Y CIENCIAS DEL MAR,Coordinador de carrera,JEFATURA_SUPERVISION_OPERATIVA,False,,,GRADO,Oceanografía,2019-01-24,2021-02-24,762,False,False,False,False,DOCENTE,DOCENTE_NO_TITULAR_OCASIONAL,False
2753,86,FACULTAD DE INGENIERÍA MARÍTIMA Y CIENCIAS DEL MAR,Miembro del consejo directivo,OTROS_AA,False,,,,,2020-01-27,2021-11-11,654,False,False,False,False,DOCENTE,DOCENTE_NO_TITULAR_OCASIONAL,False
2753,86,FACULTAD DE INGENIERÍA MARÍTIMA Y CIENCIAS DEL MAR,Coordinador de programa de postgrado,JEFATURA_SUPERVISION_OPERATIVA,False,,,POSGRADO,Maestría en Ciencias del Mar,2021-02-01,2021-12-13,315,False,False,False,False,DOCENTE,DOCENTE_NO_TITULAR_OCASIONAL,False
2753,86,FACULTAD DE INGENIERÍA MARÍTIMA Y CIENCIAS DEL MAR,Coordinador de carrera,JEFATURA_SUPERVISION_OPERATIVA,False,,,GRADO,Oceanografía,2021-02-25,2022-03-13,381,False,False,False,False,DOCENTE,DOCENTE_TITULAR_CARRERA,False
2753,86,FACULTAD DE INGENIERÍA MARÍTIMA Y CIENCIAS DEL MAR,Miembro del consejo politécnico,OTROS_AA,False,,,,,2021-11-22,2024-11-21,1095,False,False,False,False,DOCENTE,DOCENTE_TITULAR_CARRERA,False
2753,86,FACULTAD DE INGENIERÍA MARÍTIMA Y CIENCIAS DEL MAR,Coordinador de programa de postgrado,JEFATURA_SUPERVISION_OPERATIVA,False,,,POSGRADO,Maestría en Ciencias del Mar,2021-12-14,2023-03-12,453,False,False,False,False,DOCENTE,DOCENTE_TITULAR_CARRERA,False
2753,86,FACULTAD DE INGENIERÍA MARÍTIMA Y CIENCIAS DEL MAR,Coordinador de carrera,JEFATURA_SUPERVISION_OPERATIVA,False,,,GRADO,Oceanografía,2022-03-14,2023-06-09,452,False,False,False,False,DOCENTE,DOCENTE_TITULAR_CARRERA,False
2753,86,FACULTAD DE INGENIERÍA MARÍTIMA Y CIENCIAS DEL MAR,Coordinador de programa de postgrado,JEFATURA_SUPERVISION_OPERATIVA,False,,,POSGRADO,Maestría en Ciencias del Mar,2023-03-13,2023-06-09,88,False,False,False,False,DOCENTE,DOCENTE_TITULAR_CARRERA,False
2753,86,FACULTAD DE INGENIERÍA MARÍTIMA Y CIENCIAS DEL MAR,Coordinador de carrera,JEFATURA_SUPERVISION_OPERATIVA,False,,,GRADO,Oceanografía,2024-02-19,2025-02-16,363,False,False,False,False,DOCENTE,DOCENTE_TITULAR_CARRERA,False
2753,86,FACULTAD DE INGENIERÍA MARÍTIMA Y CIENCIAS DEL MAR,Coordinador de carrera,JEFATURA_SUPERVISION_OPERATIVA,False,,,GRADO,Oceanografía,2024-03-01,2023-12-06,0,False,True,False,False,,,
2753,86,FACULTAD DE INGENIERÍA MARÍTIMA Y CIENCIAS DEL MAR,Coordinador de carrera,JEFATURA_SUPERVISION_OPERATIVA,False,,,GRADO,Oceanografía,2025-02-17,2027-02-13,726,False,False,False,False,DOCENTE,DOCENTE_TITULAR_CARRERA,False
2753,86,FACULTAD DE INGENIERÍA MARÍTIMA Y CIENCIAS DEL MAR,Miembro del consejo politécnico,OTROS_AA,False,,,,,2025-11-14,2028-09-30,1051,False,False,False,False,DOCENTE,DOCENTE_TITULAR_CARRERA,False
2755,12,FACULTAD DE CIENCIAS NATURALES Y MATEMÁTICAS,Miembro del consejo directivo,OTROS_AA,False,,,,,2017-01-27,2020-01-26,1094,False,False,False,False,DOCENTE,DOCENTE_TITULAR_CARRERA,False
2815,22,FACULTAD DE INGENIERÍA MECÁNICA Y CIENCIAS DE LA PRODUCCIÓN,Coordinador de vinculación con la sociedad,JEFATURA_SUPERVISION_OPERATIVA,False,,,GRADO,Alimentos,2023-05-15,2027-11-01,1631,False,False,False,False,DOCENTE,DOCENTE_NO_TITULAR_OCASIONAL,False
2823,11,"FACULTAD DE INGENIERIA MARÍTIMA, CIENCIAS BIOLÓGICAS, OCEÁNICAS Y RECURSOS NATURALES",Miembro del consejo directivo - trabajadores,OTROS_AA,False,,,,,2016-05-09,2018-05-08,729,False,False,False,False,ADMINISTRATIVO,PROFESIONAL_ANALISTA,False
2824,12,FACULTAD DE CIENCIAS NATURALES Y MATEMÁTICAS,Coordinador de prácticas empresariales,JEFATURA_SUPERVISION_OPERATIVA,False,,,GRADO,Estadística,2020-02-04,2021-09-30,604,False,False,False,False,DOCENTE,DOCENTE_NO_TITULAR_OCASIONAL,False
2834,22,FACULTAD DE INGENIERÍA MECÁNICA Y CIENCIAS DE LA PRODUCCIÓN,Coordinador de prácticas empresariales,JEFATURA_SUPERVISION_OPERATIVA,False,,,GRADO,Materiales,2021-02-22,2023-02-28,736,False,False,False,False,DOCENTE,DOCENTE_NO_TITULAR_OCASIONAL,False
2834,22,FACULTAD DE INGENIERÍA MECÁNICA Y CIENCIAS DE LA PRODUCCIÓN,Coordinador de programa de postgrado,JEFATURA_SUPERVISION_OPERATIVA,False,,,POSGRADO,Maestría en Ciencia e Ingeniería de Materiales,2023-03-13,2023-03-13,0,False,False,False,False,DOCENTE,DOCENTE_NO_TITULAR_OCASIONAL,False
2834,22,FACULTAD DE INGENIERÍA MECÁNICA Y CIENCIAS DE LA PRODUCCIÓN,Coordinador de programa de postgrado,JEFATURA_SUPERVISION_OPERATIVA,False,,,POSGRADO,Maestría en Ciencia e Ingeniería de Materiales,2023-04-27,2023-12-31,248,False,False,False,False,DOCENTE,DOCENTE_NO_TITULAR_OCASIONAL,False
2834,51,GERENCIA DE INFRAESTRUCTURA FÍSICA,Gerente,AUTORIDAD_ADMINISTRATIVA_SUPERIOR,False,,,,,2023-10-02,2025-09-14,713,False,False,False,False,ADMINISTRATIVO,AUTORIDAD_ADMINISTRATIVA_SUPERIOR,True
2834,51,GERENCIA DE INFRAESTRUCTURA FÍSICA,Gerente,AUTORIDAD_ADMINISTRATIVA_SUPERIOR,False,,,,,2023-10-02,,1079,False,False,False,False,ADMINISTRATIVO,AUTORIDAD_ADMINISTRATIVA_SUPERIOR,True
2834,51,GERENCIA DE INFRAESTRUCTURA FÍSICA,Gerente,AUTORIDAD_ADMINISTRATIVA_SUPERIOR,False,,,,,2025-09-29,2026-02-22,146,False,False,False,False,ADMINISTRATIVO,AUTORIDAD_ADMINISTRATIVA_SUPERIOR,True
2888,26,ESCUELA DE POSTGRADO EN ADMINISTRACIÓN DE EMPRESAS,Coordinador de programa de postgrado,JEFATURA_SUPERVISION_OPERATIVA,False,,,POSGRADO,Maestría en Analítica de Negocios,2025-02-17,,575,False,False,False,False,DOCENTE,DOCENTE_NO_TITULAR_OCASIONAL,False
2888,26,ESCUELA DE POSTGRADO EN ADMINISTRACIÓN DE EMPRESAS,Coordinador de programa de postgrado,JEFATURA_SUPERVISION_OPERATIVA,False,,,POSGRADO,Maestría en Administración y Dirección de Empresas,2025-03-07,2025-03-18,11,False,False,False,False,DOCENTE,DOCENTE_NO_TITULAR_OCASIONAL,False
2950,12,FACULTAD DE CIENCIAS NATURALES Y MATEMÁTICAS,Coordinador de carrera,JEFATURA_SUPERVISION_OPERATIVA,False,,,GRADO,Matemática,2017-12-13,2018-02-28,77,False,False,False,False,DOCENTE,DOCENTE_NO_TITULAR_OCASIONAL,False
2950,13,DEPARTAMENTO DE CIENCIAS MATEMATICAS,Director departamento,AUTORIDAD_ADMINISTRATIVA_SUPERIOR,False,,,,,2021-09-27,2023-05-07,587,False,False,False,False,DOCENTE,DOCENTE_TITULAR_CARRERA,False
2950,12,FACULTAD DE CIENCIAS NATURALES Y MATEMÁTICAS,Miembro del consejo directivo,OTROS_AA,False,,,,,2022-09-16,2025-09-15,1095,False,False,False,False,DOCENTE,DOCENTE_TITULAR_CARRERA,False
2950,12,FACULTAD DE CIENCIAS NATURALES Y MATEMÁTICAS,Subrogación,OTROS_AA,True,Subdecano,AUTORIDAD_ACADEMICA_SUPERIOR,,,2022-10-03,2022-11-12,40,False,False,False,False,DOCENTE,DOCENTE_TITULAR_CARRERA,False
2957,54,GERENCIA ADMINISTRATIVA,Gerente,AUTORIDAD_ADMINISTRATIVA_SUPERIOR,False,,,,,2018-06-01,2023-10-01,1948,False,False,False,False,ADMINISTRATIVO,AUTORIDAD_ADMINISTRATIVA_SUPERIOR,True
2962,57,DIRECCIÓN DE SERVICIOS GENERALES,Director,AUTORIDAD_ADMINISTRATIVA_SUPERIOR,False,,,,,2018-11-01,2023-10-01,1795,False,False,False,False,ADMINISTRATIVO,AUTORIDAD_ADMINISTRATIVA_SUPERIOR,True
2962,54,GERENCIA ADMINISTRATIVA,Subrogación,OTROS_AA,True,Gerente,AUTORIDAD_ADMINISTRATIVA_SUPERIOR,,,2019-09-23,2019-09-26,3,False,False,False,False,ADMINISTRATIVO,AUTORIDAD_ADMINISTRATIVA_SUPERIOR,True
2962,54,GERENCIA ADMINISTRATIVA,Subrogación,OTROS_AA,True,Gerente,AUTORIDAD_ADMINISTRATIVA_SUPERIOR,,,2020-03-02,2020-03-13,11,False,False,False,False,ADMINISTRATIVO,AUTORIDAD_ADMINISTRATIVA_SUPERIOR,True
2962,54,GERENCIA ADMINISTRATIVA,Subrogación,OTROS_AA,True,Gerente,AUTORIDAD_ADMINISTRATIVA_SUPERIOR,,,2020-03-16,2020-03-29,13,False,False,False,False,ADMINISTRATIVO,AUTORIDAD_ADMINISTRATIVA_SUPERIOR,True
2962,54,GERENCIA ADMINISTRATIVA,Subrogación,OTROS_AA,True,Gerente,AUTORIDAD_ADMINISTRATIVA_SUPERIOR,,,2021-06-14,2021-06-21,7,False,False,False,False,ADMINISTRATIVO,AUTORIDAD_ADMINISTRATIVA_SUPERIOR,True
2962,54,GERENCIA ADMINISTRATIVA,Subrogación,OTROS_AA,True,Gerente,AUTORIDAD_ADMINISTRATIVA_SUPERIOR,,,2022-03-02,2022-03-11,9,False,False,False,False,ADMINISTRATIVO,AUTORIDAD_ADMINISTRATIVA_SUPERIOR,True
2962,54,GERENCIA ADMINISTRATIVA,Subrogación,OTROS_AA,True,Gerente,AUTORIDAD_ADMINISTRATIVA_SUPERIOR,,,2023-03-13,2023-03-19,6,False,False,False,False,ADMINISTRATIVO,AUTORIDAD_ADMINISTRATIVA_SUPERIOR,True
2962,144,DIRECCION DE SEGURIDAD FISICA,Director,AUTORIDAD_ADMINISTRATIVA_SUPERIOR,False,,,,,2024-09-18,,727,False,False,False,False,ADMINISTRATIVO,AUTORIDAD_ADMINISTRATIVA_SUPERIOR,True
2970,25,FACULTAD DE INGENIERÍA EN CIENCIAS DE LA TIERRA,Coordinador de prácticas empresariales,JEFATURA_SUPERVISION_OPERATIVA,False,,,GRADO,Petróleos,2017-02-13,2017-05-10,86,False,False,False,False,,,
3017,26,ESCUELA DE POSTGRADO EN ADMINISTRACIÓN DE EMPRESAS,Miembro del consejo directivo,OTROS_AA,False,,,,,2023-12-01,2026-11-30,1095,False,False,False,False,DOCENTE,DOCENTE_TITULAR_CARRERA,False
3017,26,ESCUELA DE POSTGRADO EN ADMINISTRACIÓN DE EMPRESAS,Coordinador de programa de postgrado,JEFATURA_SUPERVISION_OPERATIVA,False,,,POSGRADO,Maestría en Gestión Empresarial,2024-10-09,2026-05-31,599,False,False,False,False,DOCENTE,DOCENTE_TITULAR_CARRERA,False
3017,26,ESCUELA DE POSTGRADO EN ADMINISTRACIÓN DE EMPRESAS,Coordinador de programa de postgrado,JEFATURA_SUPERVISION_OPERATIVA,False,,,POSGRADO,Maestría en Agronegocios Sostenibles,2025-09-15,2025-09-19,4,False,False,False,False,DOCENTE,DOCENTE_TITULAR_CARRERA,False
3057,25,FACULTAD DE INGENIERÍA EN CIENCIAS DE LA TIERRA,Coordinador de programa de postgrado,JEFATURA_SUPERVISION_OPERATIVA,False,,,POSGRADO,Maestría en Geotecnia,2019-03-01,2019-10-31,244,False,False,False,False,DOCENTE,DOCENTE_NO_TITULAR_OCASIONAL,False
3057,25,FACULTAD DE INGENIERÍA EN CIENCIAS DE LA TIERRA,Coordinador de carrera,JEFATURA_SUPERVISION_OPERATIVA,False,,,GRADO,Petróleos,2019-05-22,2020-02-21,275,False,False,False,False,DOCENTE,DOCENTE_NO_TITULAR_OCASIONAL,False
3057,25,FACULTAD DE INGENIERÍA EN CIENCIAS DE LA TIERRA,Miembro del consejo politécnico,OTROS_AA,False,,,,,2021-11-22,2024-11-21,1095,False,False,False,False,DOCENTE,DOCENTE_TITULAR_CARRERA,False
3057,25,FACULTAD DE INGENIERÍA EN CIENCIAS DE LA TIERRA,Subrogación,OTROS_AA,True,Subdecano,AUTORIDAD_ACADEMICA_SUPERIOR,,,2025-05-24,2025-05-31,7,False,False,False,False,ADMINISTRATIVO,CONTRATO_SERVICIOS_PROFESIONALES_PROYECTO,False
3057,25,FACULTAD DE INGENIERÍA EN CIENCIAS DE LA TIERRA,Subrogación,OTROS_AA,True,Subdecano,AUTORIDAD_ACADEMICA_SUPERIOR,,,2025-07-15,2025-08-01,17,False,False,False,False,ADMINISTRATIVO,CONTRATO_SERVICIOS_PROFESIONALES_PROYECTO,False
3057,25,FACULTAD DE INGENIERÍA EN CIENCIAS DE LA TIERRA,Subdecano,AUTORIDAD_ACADEMICA_SUPERIOR,False,,,,,2025-09-01,,379,False,False,False,False,DOCENTE,DOCENTE_TITULAR_CARRERA,False
3057,25,FACULTAD DE INGENIERÍA EN CIENCIAS DE LA TIERRA,Subrogación,OTROS_AA,True,Decano,AUTORIDAD_ACADEMICA_SUPERIOR,,,2025-10-03,2025-10-11,8,False,False,False,False,DOCENTE,AUTORIDAD_ACADEMICA_SUPERIOR,True
3057,25,FACULTAD DE INGENIERÍA EN CIENCIAS DE LA TIERRA,Subrogación,OTROS_AA,True,Decano,AUTORIDAD_ACADEMICA_SUPERIOR,,,2025-10-14,2025-10-18,4,False,False,False,False,DOCENTE,AUTORIDAD_ACADEMICA_SUPERIOR,True
3057,25,FACULTAD DE INGENIERÍA EN CIENCIAS DE LA TIERRA,Subrogación,OTROS_AA,True,Decano,AUTORIDAD_ACADEMICA_SUPERIOR,,,2025-11-22,2025-12-07,15,False,False,False,False,DOCENTE,AUTORIDAD_ACADEMICA_SUPERIOR,True
3057,25,FACULTAD DE INGENIERÍA EN CIENCIAS DE LA TIERRA,Subrogación,OTROS_AA,True,Decano,AUTORIDAD_ACADEMICA_SUPERIOR,,,2026-01-27,2026-01-30,3,False,False,False,False,DOCENTE,DOCENTE_TITULAR_CARRERA,False
3057,25,FACULTAD DE INGENIERÍA EN CIENCIAS DE LA TIERRA,Subrogación,OTROS_AA,True,Decano,AUTORIDAD_ACADEMICA_SUPERIOR,,,2026-02-19,2026-03-01,10,False,False,False,False,DOCENTE,DOCENTE_TITULAR_CARRERA,False
3057,25,FACULTAD DE INGENIERÍA EN CIENCIAS DE LA TIERRA,Subrogación,OTROS_AA,True,Decano,AUTORIDAD_ACADEMICA_SUPERIOR,,,2026-03-14,2026-04-01,18,False,False,False,False,DOCENTE,AUTORIDAD_ACADEMICA_SUPERIOR,True
3057,25,FACULTAD DE INGENIERÍA EN CIENCIAS DE LA TIERRA,Subrogación,OTROS_AA,True,Decano,AUTORIDAD_ACADEMICA_SUPERIOR,,,2026-04-06,2026-04-06,0,False,False,False,False,DOCENTE,AUTORIDAD_ACADEMICA_SUPERIOR,True
3057,25,FACULTAD DE INGENIERÍA EN CIENCIAS DE LA TIERRA,Subrogación,OTROS_AA,True,Decano,AUTORIDAD_ACADEMICA_SUPERIOR,,,2026-04-15,2026-04-24,9,False,False,False,False,DOCENTE,AUTORIDAD_ACADEMICA_SUPERIOR,True
3057,25,FACULTAD DE INGENIERÍA EN CIENCIAS DE LA TIERRA,Subrogación,OTROS_AA,True,Decano,AUTORIDAD_ACADEMICA_SUPERIOR,,,2026-05-29,2026-06-12,14,False,False,False,False,DOCENTE,AUTORIDAD_ACADEMICA_SUPERIOR,True
3057,25,FACULTAD DE INGENIERÍA EN CIENCIAS DE LA TIERRA,Subrogación,OTROS_AA,True,Decano,AUTORIDAD_ACADEMICA_SUPERIOR,,,2026-06-18,2026-06-18,0,False,False,False,False,DOCENTE,AUTORIDAD_ACADEMICA_SUPERIOR,True
3057,25,FACULTAD DE INGENIERÍA EN CIENCIAS DE LA TIERRA,Subrogación,OTROS_AA,True,Decano,AUTORIDAD_ACADEMICA_SUPERIOR,,,2026-07-12,2026-07-18,6,False,False,False,False,DOCENTE,AUTORIDAD_ACADEMICA_SUPERIOR,True
3057,25,FACULTAD DE INGENIERÍA EN CIENCIAS DE LA TIERRA,Subrogación,OTROS_AA,True,Decano,AUTORIDAD_ACADEMICA_SUPERIOR,,,2026-08-08,2026-08-15,7,False,False,False,False,DOCENTE,AUTORIDAD_ACADEMICA_SUPERIOR,True
3078,12,FACULTAD DE CIENCIAS NATURALES Y MATEMÁTICAS,Coordinador de programa de postgrado,JEFATURA_SUPERVISION_OPERATIVA,False,,,POSGRADO,Maestría en Física,2022-05-20,,1579,False,False,False,False,DOCENTE,DOCENTE_NO_TITULAR_OCASIONAL,False
3093,17,FACULTAD DE CIENCIAS SOCIALES Y HUMANÍSTICAS,Miembro del consejo directivo,OTROS_AA,False,,,,,2016-12-14,2019-12-13,1094,False,False,False,False,DOCENTE,DOCENTE_TITULAR_CARRERA,False
3130,12,FACULTAD DE CIENCIAS NATURALES Y MATEMÁTICAS,Coordinador de vinculación con la sociedad,JEFATURA_SUPERVISION_OPERATIVA,False,,,GRADO,Matemática,2019-10-25,2021-05-07,560,False,False,False,False,DOCENTE,DOCENTE_NO_TITULAR_OCASIONAL,False
3130,12,FACULTAD DE CIENCIAS NATURALES Y MATEMÁTICAS,Coordinador de prácticas empresariales,JEFATURA_SUPERVISION_OPERATIVA,False,,,GRADO,Matemática,2021-03-15,2021-05-07,53,False,False,False,False,DOCENTE,DOCENTE_NO_TITULAR_OCASIONAL,False
3130,12,FACULTAD DE CIENCIAS NATURALES Y MATEMÁTICAS,Coordinador de vinculación con la sociedad,JEFATURA_SUPERVISION_OPERATIVA,False,,,GRADO,Matemática,2021-09-27,2022-02-18,144,False,False,False,False,DOCENTE,DOCENTE_NO_TITULAR_OCASIONAL,False
3130,12,FACULTAD DE CIENCIAS NATURALES Y MATEMÁTICAS,Coordinador de vinculación con la sociedad,JEFATURA_SUPERVISION_OPERATIVA,False,,,GRADO,Matemática,2022-02-21,2025-02-14,1089,False,False,False,False,DOCENTE,DOCENTE_NO_TITULAR_OCASIONAL,False
3130,12,FACULTAD DE CIENCIAS NATURALES Y MATEMÁTICAS,Coordinador de prácticas empresariales,JEFATURA_SUPERVISION_OPERATIVA,False,,,GRADO,Matemática,2022-03-14,2022-05-06,53,False,False,False,False,DOCENTE,DOCENTE_NO_TITULAR_OCASIONAL,False
3130,12,FACULTAD DE CIENCIAS NATURALES Y MATEMÁTICAS,Coordinador de prácticas empresariales,JEFATURA_SUPERVISION_OPERATIVA,False,,,GRADO,Matemática,2022-05-16,2022-09-30,137,False,False,False,False,DOCENTE,DOCENTE_NO_TITULAR_OCASIONAL,False
3130,112,AJÁ PARQUE DE LA CIENCIA,Director,AUTORIDAD_ADMINISTRATIVA_SUPERIOR,False,,,,,2024-01-08,2026-04-08,821,False,False,False,False,DOCENTE,DOCENTE_NO_TITULAR_OCASIONAL,False
3130,112,AJÁ PARQUE DE LA CIENCIA,Director,AUTORIDAD_ADMINISTRATIVA_SUPERIOR,False,,,,,2024-01-08,,981,False,False,False,False,DOCENTE,DOCENTE_NO_TITULAR_OCASIONAL,False
3131,26,ESCUELA DE POSTGRADO EN ADMINISTRACIÓN DE EMPRESAS,Coordinador de programa de postgrado,JEFATURA_SUPERVISION_OPERATIVA,False,,,POSGRADO,Maestría en Administración de Empresas,2024-11-05,2026-08-03,636,False,False,False,False,DOCENTE,DOCENTE_NO_TITULAR_OCASIONAL,False
3131,26,ESCUELA DE POSTGRADO EN ADMINISTRACIÓN DE EMPRESAS,Coordinador de programa de postgrado,JEFATURA_SUPERVISION_OPERATIVA,False,,,POSGRADO,Maestría en Administración y Dirección de Empresas,2026-05-11,,127,False,False,False,False,DOCENTE,DOCENTE_NO_TITULAR_OCASIONAL,False
3131,26,ESCUELA DE POSTGRADO EN ADMINISTRACIÓN DE EMPRESAS,Coordinador de programa de postgrado,JEFATURA_SUPERVISION_OPERATIVA,False,,,POSGRADO,Maestría en Administración de Empresas,2026-08-04,,42,False,False,False,False,DOCENTE,DOCENTE_NO_TITULAR_OCASIONAL,False
3160,12,FACULTAD DE CIENCIAS NATURALES Y MATEMÁTICAS,Coordinador de prácticas empresariales,JEFATURA_SUPERVISION_OPERATIVA,False,,,GRADO,Ingeniería en Auditoría y Contaduría Pública Autorizada,2017-04-06,2018-04-05,364,False,False,False,False,DOCENTE,DOCENTE_NO_TITULAR_OCASIONAL,False
3160,53,CENTRO DE INFORMACIÓN BIBLIOTECARIA,Director,AUTORIDAD_ADMINISTRATIVA_SUPERIOR,False,,,,,2019-01-02,2023-04-30,1579,False,False,False,False,ADMINISTRATIVO,AUTORIDAD_ADMINISTRATIVA_SUPERIOR,True
3160,17,FACULTAD DE CIENCIAS SOCIALES Y HUMANÍSTICAS,Coordinador de acreditación internacional,JEFATURA_SUPERVISION_OPERATIVA,False,,,POSGRADO,Maestría en Contabilidad y Auditoría,2026-04-01,,167,False,False,False,False,DOCENTE,DOCENTE_NO_TITULAR_OCASIONAL,False
3160,17,FACULTAD DE CIENCIAS SOCIALES Y HUMANÍSTICAS,Coordinador de acreditación internacional,JEFATURA_SUPERVISION_OPERATIVA,False,,,POSGRADO,Maestría en Economía y Dirección de Empresas,2026-04-01,,167,False,False,True,False,DOCENTE,DOCENTE_NO_TITULAR_OCASIONAL,False
3160,17,FACULTAD DE CIENCIAS SOCIALES Y HUMANÍSTICAS,Coordinador de acreditación internacional,JEFATURA_SUPERVISION_OPERATIVA,False,,,POSGRADO,Maestría en Finanzas,2026-04-01,,167,False,False,True,False,DOCENTE,DOCENTE_NO_TITULAR_OCASIONAL,False
3160,17,FACULTAD DE CIENCIAS SOCIALES Y HUMANÍSTICAS,Coordinador de acreditación internacional,JEFATURA_SUPERVISION_OPERATIVA,False,,,POSGRADO,Maestría en Fiscalidad Internacional y Valoración Aduanera,2026-04-01,,167,False,False,True,False,DOCENTE,DOCENTE_NO_TITULAR_OCASIONAL,False
3160,17,FACULTAD DE CIENCIAS SOCIALES Y HUMANÍSTICAS,Coordinador de acreditación internacional,JEFATURA_SUPERVISION_OPERATIVA,False,,,POSGRADO,Maestría en Gestión del Talento Humano,2026-04-01,,167,False,False,True,False,DOCENTE,DOCENTE_NO_TITULAR_OCASIONAL,False
3160,17,FACULTAD DE CIENCIAS SOCIALES Y HUMANÍSTICAS,Coordinador de acreditación internacional,JEFATURA_SUPERVISION_OPERATIVA,False,,,POSGRADO,Maestría en Políticas y Gestión Pública,2026-04-01,,167,False,False,True,False,DOCENTE,DOCENTE_NO_TITULAR_OCASIONAL,False
3160,17,FACULTAD DE CIENCIAS SOCIALES Y HUMANÍSTICAS,Coordinador de acreditación internacional,JEFATURA_SUPERVISION_OPERATIVA,False,,,GRADO,Auditoría y Control de Gestión,2026-04-01,,167,False,False,True,False,DOCENTE,DOCENTE_NO_TITULAR_OCASIONAL,False
3160,17,FACULTAD DE CIENCIAS SOCIALES Y HUMANÍSTICAS,Coordinador de acreditación internacional,JEFATURA_SUPERVISION_OPERATIVA,False,,,GRADO,Economía,2026-04-01,,167,False,False,True,False,DOCENTE,DOCENTE_NO_TITULAR_OCASIONAL,False
3160,17,FACULTAD DE CIENCIAS SOCIALES Y HUMANÍSTICAS,Coordinador de acreditación internacional,JEFATURA_SUPERVISION_OPERATIVA,False,,,GRADO,Arqueología,2026-04-01,,167,False,False,True,False,DOCENTE,DOCENTE_NO_TITULAR_OCASIONAL,False
3160,17,FACULTAD DE CIENCIAS SOCIALES Y HUMANÍSTICAS,Coordinador de acreditación internacional,JEFATURA_SUPERVISION_OPERATIVA,False,,,GRADO,Administración de Empresas,2026-04-01,,167,False,False,True,False,DOCENTE,DOCENTE_NO_TITULAR_OCASIONAL,False
3160,17,FACULTAD DE CIENCIAS SOCIALES Y HUMANÍSTICAS,Coordinador de acreditación internacional,JEFATURA_SUPERVISION_OPERATIVA,False,,,GRADO,Turismo,2026-04-01,,167,False,False,True,False,DOCENTE,DOCENTE_NO_TITULAR_OCASIONAL,False
3208,12,FACULTAD DE CIENCIAS NATURALES Y MATEMÁTICAS,Coordinador de prácticas empresariales,JEFATURA_SUPERVISION_OPERATIVA,False,,,GRADO,Logistica y Transporte,2017-04-06,2018-04-05,364,False,False,False,False,DOCENTE,DOCENTE_NO_TITULAR_OCASIONAL,False
3235,16,FACULTAD DE INGENIERÍA EN ELECTRICIDAD Y COMPUTACIÓN,Coordinador de carrera,JEFATURA_SUPERVISION_OPERATIVA,False,,,GRADO,Tecnologías de la Información,2017-02-16,2017-09-22,218,False,False,False,False,DOCENTE,DOCENTE_NO_TITULAR_OCASIONAL,False
3235,16,FACULTAD DE INGENIERÍA EN ELECTRICIDAD Y COMPUTACIÓN,Coordinador de prácticas empresariales,JEFATURA_SUPERVISION_OPERATIVA,False,,,GRADO,Licenciatura en Redes y Sistemas Operativos,2019-02-23,2020-02-23,365,False,False,False,False,DOCENTE,DOCENTE_NO_TITULAR_OCASIONAL,False
3235,16,FACULTAD DE INGENIERÍA EN ELECTRICIDAD Y COMPUTACIÓN,Coordinador de programa de postgrado,JEFATURA_SUPERVISION_OPERATIVA,False,,,POSGRADO,Maestría en Seguridad Informática,2025-05-05,,498,False,False,False,False,DOCENTE,DOCENTE_NO_TITULAR_OCASIONAL,False
3235,16,FACULTAD DE INGENIERÍA EN ELECTRICIDAD Y COMPUTACIÓN,Coordinador de programa de postgrado,JEFATURA_SUPERVISION_OPERATIVA,False,,,POSGRADO,Maestría en Seguridad Informática Aplicada,2025-05-05,2025-12-31,240,False,False,False,False,DOCENTE,DOCENTE_NO_TITULAR_OCASIONAL,False
3246,17,FACULTAD DE CIENCIAS SOCIALES Y HUMANÍSTICAS,Coordinador de prácticas empresariales,JEFATURA_SUPERVISION_OPERATIVA,False,,,GRADO,Economía,2017-02-27,2017-11-12,258,False,False,False,False,DOCENTE,DOCENTE_NO_TITULAR_OCASIONAL,False
3246,17,FACULTAD DE CIENCIAS SOCIALES Y HUMANÍSTICAS,Coordinador de prácticas empresariales,JEFATURA_SUPERVISION_OPERATIVA,False,,,GRADO,Economía,2017-11-13,2020-02-21,830,False,False,False,False,DOCENTE,DOCENTE_NO_TITULAR_OCASIONAL,False
3246,17,FACULTAD DE CIENCIAS SOCIALES Y HUMANÍSTICAS,Coordinador de programa de postgrado,JEFATURA_SUPERVISION_OPERATIVA,False,,,POSGRADO,Maestría en Economía y Dirección de Empresas,2020-04-01,2023-01-31,1035,False,False,False,False,DOCENTE,DOCENTE_NO_TITULAR_OCASIONAL,False
3246,17,FACULTAD DE CIENCIAS SOCIALES Y HUMANÍSTICAS,Coordinador de programa de postgrado,JEFATURA_SUPERVISION_OPERATIVA,False,,,POSGRADO,Maestría en Fiscalidad Internacional y Valoración Aduanera,2020-05-26,,2303,False,False,False,False,DOCENTE,DOCENTE_NO_TITULAR_OCASIONAL,False
3246,17,FACULTAD DE CIENCIAS SOCIALES Y HUMANÍSTICAS,Coordinador de vinculación con la sociedad,JEFATURA_SUPERVISION_OPERATIVA,False,,,GRADO,Auditoría y Control de Gestión,2021-10-11,2021-12-31,81,False,False,False,False,DOCENTE,DOCENTE_NO_TITULAR_OCASIONAL,False
3246,17,FACULTAD DE CIENCIAS SOCIALES Y HUMANÍSTICAS,Coordinador de vinculación con la sociedad,JEFATURA_SUPERVISION_OPERATIVA,False,,,GRADO,Economía,2021-10-11,2021-12-31,81,False,False,True,False,DOCENTE,DOCENTE_NO_TITULAR_OCASIONAL,False
3246,22,FACULTAD DE INGENIERÍA MECÁNICA Y CIENCIAS DE LA PRODUCCIÓN,Coordinador general de postgrado,JEFATURA_SUPERVISION_OPERATIVA,False,,,,,2023-04-06,2023-12-31,269,False,False,False,False,DOCENTE,DOCENTE_NO_TITULAR_OCASIONAL,False
3247,88,"FACULTAD DE ARTE, DISEÑO Y COMUNICACIÓN AUDIOVISUAL",Coordinador de carrera,JEFATURA_SUPERVISION_OPERATIVA,False,,,GRADO,Diseño Gráfico,2013-06-06,2016-09-30,1212,False,False,False,False,DOCENTE,DOCENTE_TITULAR_CARRERA,False
3247,27,ESCUELA DE DISEÑO Y COMUNICACIÓN VISUAL,Miembro del consejo politécnico,OTROS_AA,False,,,,,2016-08-22,2019-08-21,1094,False,False,False,False,DOCENTE,DOCENTE_TITULAR_CARRERA,False
3247,88,"FACULTAD DE ARTE, DISEÑO Y COMUNICACIÓN AUDIOVISUAL",Miembro del consejo directivo,OTROS_AA,False,,,,,2019-12-10,2022-12-09,1095,False,False,False,False,DOCENTE,DOCENTE_TITULAR_CARRERA,False
3247,88,"FACULTAD DE ARTE, DISEÑO Y COMUNICACIÓN AUDIOVISUAL",Coordinador de acreditación internacional,JEFATURA_SUPERVISION_OPERATIVA,False,,,GRADO,Diseño Gráfico,2022-02-19,2022-12-31,315,False,False,False,False,DOCENTE,DOCENTE_TITULAR_CARRERA,False
3247,88,"FACULTAD DE ARTE, DISEÑO Y COMUNICACIÓN AUDIOVISUAL",Coordinador de acreditación internacional,JEFATURA_SUPERVISION_OPERATIVA,False,,,GRADO,Producción para Medios de Comunicación,2022-02-19,2022-12-31,315,False,False,True,False,DOCENTE,DOCENTE_TITULAR_CARRERA,False
3247,88,"FACULTAD DE ARTE, DISEÑO Y COMUNICACIÓN AUDIOVISUAL",Miembro del consejo directivo,OTROS_AA,False,,,,,2025-12-10,2028-12-09,1095,False,False,False,False,DOCENTE,DOCENTE_TITULAR_CARRERA,False
3254,11,"FACULTAD DE INGENIERIA MARÍTIMA, CIENCIAS BIOLÓGICAS, OCEÁNICAS Y RECURSOS NATURALES",Miembro del consejo directivo - trabajadores,OTROS_AA,False,,,,,2018-08-23,2019-01-23,153,False,False,False,False,ADMINISTRATIVO,AUXILIAR_AYUDANTE_OPERATIVO,False
3254,86,FACULTAD DE INGENIERÍA MARÍTIMA Y CIENCIAS DEL MAR,Miembro del consejo directivo - trabajadores,OTROS_AA,False,,,,,2019-01-24,2020-08-22,576,False,False,False,False,ADMINISTRATIVO,AUXILIAR_AYUDANTE_OPERATIVO,False
3255,38,CENTRO DE TECNOLOGÍAS DE LA INFORMACIÓN,Director,AUTORIDAD_ADMINISTRATIVA_SUPERIOR,False,,,,,2012-11-14,2017-11-12,1824,False,False,False,False,DOCENTE,DOCENTE_TITULAR_CARRERA,False
3266,2,RECTORADO,Rector,AUTORIDAD_ACADEMICA_SUPERIOR,False,,,,,1982-11-01,1987-11-08,1833,False,False,False,False,,,
3266,2,RECTORADO,Rector,AUTORIDAD_ACADEMICA_SUPERIOR,False,,,,,1997-11-10,2002-11-10,1826,False,False,False,False,,,
3275,61,FACULTAD DE CIENCIAS DE LA VIDA,Miembro del consejo directivo,OTROS_AA,False,,,,,2015-10-14,2018-10-13,1095,False,False,False,False,DOCENTE,DOCENTE_TITULAR_CARRERA,False
3275,61,FACULTAD DE CIENCIAS DE LA VIDA,Coordinador de carrera,JEFATURA_SUPERVISION_OPERATIVA,False,,,GRADO,Ingeniería Agrícola y Biológica,2017-04-10,2019-01-17,647,False,False,False,False,DOCENTE,DOCENTE_TITULAR_CARRERA,False
3275,61,FACULTAD DE CIENCIAS DE LA VIDA,Coordinador de carrera,JEFATURA_SUPERVISION_OPERATIVA,False,,,GRADO,Ingeniería Agrícola y Biológica,2019-01-18,2019-10-11,266,False,False,False,False,DOCENTE,DOCENTE_TITULAR_CARRERA,False
3275,61,FACULTAD DE CIENCIAS DE LA VIDA,Coordinador de prácticas empresariales,JEFATURA_SUPERVISION_OPERATIVA,False,,,GRADO,Ingeniería Agrícola y Biológica,2020-05-11,2021-02-28,293,False,False,False,False,DOCENTE,DOCENTE_TITULAR_CARRERA,False
3275,61,FACULTAD DE CIENCIAS DE LA VIDA,Coordinador de programa de postgrado,JEFATURA_SUPERVISION_OPERATIVA,False,,,POSGRADO,Maestría en Manejo Forestal Sostenible,2020-10-21,2022-03-31,526,False,False,False,False,DOCENTE,DOCENTE_TITULAR_CARRERA,False
3275,61,FACULTAD DE CIENCIAS DE LA VIDA,Miembro del consejo politécnico,OTROS_AA,False,,,,,2022-02-01,2022-02-25,24,False,False,False,False,DOCENTE,DOCENTE_TITULAR_CARRERA,False
3275,61,FACULTAD DE CIENCIAS DE LA VIDA,Miembro del consejo directivo,OTROS_AA,False,,,,,2022-02-01,2025-01-31,1095,False,False,False,False,DOCENTE,DOCENTE_TITULAR_CARRERA,False
3275,61,FACULTAD DE CIENCIAS DE LA VIDA,Coordinador de programa de postgrado,JEFATURA_SUPERVISION_OPERATIVA,False,,,POSGRADO,Maestría en Manejo Forestal Sostenible,2022-04-01,2023-12-31,639,False,False,False,False,DOCENTE,DOCENTE_TITULAR_CARRERA,False
3275,61,FACULTAD DE CIENCIAS DE LA VIDA,Subrogación,OTROS_AA,True,Subdecano,AUTORIDAD_ACADEMICA_SUPERIOR,,,2023-03-15,2023-04-13,29,False,False,False,False,DOCENTE,AUTORIDAD_ACADEMICA_SUPERIOR,True
3275,61,FACULTAD DE CIENCIAS DE LA VIDA,Subrogación,OTROS_AA,True,Subdecano,AUTORIDAD_ACADEMICA_SUPERIOR,,,2023-06-29,2023-07-06,7,False,False,False,False,DOCENTE,DOCENTE_TITULAR_CARRERA,False
3275,61,FACULTAD DE CIENCIAS DE LA VIDA,Subrogación,OTROS_AA,True,Subdecano,AUTORIDAD_ACADEMICA_SUPERIOR,,,2024-03-17,2024-03-17,0,False,False,False,False,DOCENTE,DOCENTE_TITULAR_CARRERA,False
3275,61,FACULTAD DE CIENCIAS DE LA VIDA,Coordinador de programa de postgrado,JEFATURA_SUPERVISION_OPERATIVA,False,,,POSGRADO,Maestría en Riego Tecnificado y Fertirrigación,2026-02-14,,213,False,False,False,False,DOCENTE,DOCENTE_TITULAR_CARRERA,False
3275,61,FACULTAD DE CIENCIAS DE LA VIDA,Coordinador de programa de postgrado,JEFATURA_SUPERVISION_OPERATIVA,False,,,POSGRADO,Maestría en Sanidad Vegetal,2026-02-14,2025-11-12,0,False,True,False,False,DOCENTE,DOCENTE_TITULAR_CARRERA,False
3286,22,FACULTAD DE INGENIERÍA MECÁNICA Y CIENCIAS DE LA PRODUCCIÓN,Coordinador de carrera,JEFATURA_SUPERVISION_OPERATIVA,False,,,GRADO,Materiales,2018-04-17,2022-09-04,1601,False,False,False,False,DOCENTE,DOCENTE_TITULAR_CARRERA,False
3286,22,FACULTAD DE INGENIERÍA MECÁNICA Y CIENCIAS DE LA PRODUCCIÓN,Coordinador de carrera,JEFATURA_SUPERVISION_OPERATIVA,False,,,GRADO,Materiales,2024-09-20,2025-02-05,138,False,False,False,False,DOCENTE,DOCENTE_TITULAR_CARRERA,False
3304,22,FACULTAD DE INGENIERÍA MECÁNICA Y CIENCIAS DE LA PRODUCCIÓN,Coordinador de prácticas empresariales,JEFATURA_SUPERVISION_OPERATIVA,False,,,GRADO,Ingeniería Industrial,2017-04-07,2017-09-22,168,False,False,False,False,,,
3309,11,"FACULTAD DE INGENIERIA MARÍTIMA, CIENCIAS BIOLÓGICAS, OCEÁNICAS Y RECURSOS NATURALES",Miembro del consejo politécnico,OTROS_AA,False,,,,,2017-01-27,2019-01-23,726,False,False,False,False,DOCENTE,DOCENTE_TITULAR_CARRERA,False
3309,11,"FACULTAD DE INGENIERIA MARÍTIMA, CIENCIAS BIOLÓGICAS, OCEÁNICAS Y RECURSOS NATURALES",Coordinador de prácticas empresariales,JEFATURA_SUPERVISION_OPERATIVA,False,,,GRADO,Ingeniería Naval,2017-03-16,2018-03-31,380,False,False,False,False,DOCENTE,DOCENTE_TITULAR_CARRERA,False
3309,11,"FACULTAD DE INGENIERIA MARÍTIMA, CIENCIAS BIOLÓGICAS, OCEÁNICAS Y RECURSOS NATURALES",Coordinador de prácticas empresariales,JEFATURA_SUPERVISION_OPERATIVA,False,,,GRADO,Ingeniería Naval,2018-04-01,2019-01-23,297,False,False,False,False,DOCENTE,DOCENTE_TITULAR_CARRERA,False
3309,86,FACULTAD DE INGENIERÍA MARÍTIMA Y CIENCIAS DEL MAR,Miembro del consejo politécnico,OTROS_AA,False,,,,,2019-01-24,2020-01-26,367,False,False,False,False,DOCENTE,DOCENTE_TITULAR_CARRERA,False
3309,86,FACULTAD DE INGENIERÍA MARÍTIMA Y CIENCIAS DEL MAR,Coordinador de prácticas empresariales,JEFATURA_SUPERVISION_OPERATIVA,False,,,GRADO,Ingeniería Naval,2019-01-24,2021-02-24,762,False,False,False,False,DOCENTE,DOCENTE_TITULAR_CARRERA,False
3309,86,FACULTAD DE INGENIERÍA MARÍTIMA Y CIENCIAS DEL MAR,Coordinador de prácticas empresariales,JEFATURA_SUPERVISION_OPERATIVA,False,,,GRADO,Ingeniería Naval,2021-02-25,2024-02-16,1086,False,False,False,False,DOCENTE,DOCENTE_TITULAR_CARRERA,False
3309,86,FACULTAD DE INGENIERÍA MARÍTIMA Y CIENCIAS DEL MAR,Coordinador de prácticas empresariales,JEFATURA_SUPERVISION_OPERATIVA,False,,,GRADO,Ingeniería Naval,2024-02-19,2025-05-11,447,False,False,False,False,DOCENTE,DOCENTE_TITULAR_CARRERA,False
3309,86,FACULTAD DE INGENIERÍA MARÍTIMA Y CIENCIAS DEL MAR,Coordinador de prácticas empresariales,JEFATURA_SUPERVISION_OPERATIVA,False,,,GRADO,Ingeniería Naval,2024-03-01,2023-12-05,0,False,True,False,False,DOCENTE,DOCENTE_TITULAR_CARRERA,False
3309,86,FACULTAD DE INGENIERÍA MARÍTIMA Y CIENCIAS DEL MAR,Coordinador de prácticas empresariales,JEFATURA_SUPERVISION_OPERATIVA,False,,,GRADO,Ingeniería Naval,2025-02-17,2024-11-21,0,False,True,False,False,DOCENTE,DOCENTE_TITULAR_CARRERA,False
3312,16,FACULTAD DE INGENIERÍA EN ELECTRICIDAD Y COMPUTACIÓN,Coordinador de carrera,JEFATURA_SUPERVISION_OPERATIVA,False,,,GRADO,Telecomunicaciones,2015-04-21,2016-02-17,302,False,False,False,False,DOCENTE,DOCENTE_TITULAR_CARRERA,False
3312,16,FACULTAD DE INGENIERÍA EN ELECTRICIDAD Y COMPUTACIÓN,Miembro del consejo directivo,OTROS_AA,False,,,,,2016-01-04,2019-01-03,1095,False,False,False,False,DOCENTE,DOCENTE_TITULAR_CARRERA,False
3313,22,FACULTAD DE INGENIERÍA MECÁNICA Y CIENCIAS DE LA PRODUCCIÓN,Miembro del consejo directivo,OTROS_AA,False,,,,,2019-12-10,2022-12-09,1095,False,False,False,False,DOCENTE,DOCENTE_TITULAR_CARRERA,False
3313,22,FACULTAD DE INGENIERÍA MECÁNICA Y CIENCIAS DE LA PRODUCCIÓN,Subrogación,OTROS_AA,True,Subdecano,AUTORIDAD_ACADEMICA_SUPERIOR,,,2022-09-26,2022-10-02,6,False,False,False,False,DOCENTE,DOCENTE_TITULAR_CARRERA,False
3313,22,FACULTAD DE INGENIERÍA MECÁNICA Y CIENCIAS DE LA PRODUCCIÓN,Coordinador de carrera,JEFATURA_SUPERVISION_OPERATIVA,False,,,GRADO,Tecnología Superior en Mecatrónica,2023-04-06,2024-02-18,318,False,False,False,False,DOCENTE,DOCENTE_TITULAR_CARRERA,False
3324,86,FACULTAD DE INGENIERÍA MARÍTIMA Y CIENCIAS DEL MAR,Coordinador de programa de postgrado,JEFATURA_SUPERVISION_OPERATIVA,False,,,POSGRADO,Maestría en Ciencias del Mar,2023-06-12,2024-02-29,262,False,False,False,False,DOCENTE,DOCENTE_NO_TITULAR_OCASIONAL,False
3324,86,FACULTAD DE INGENIERÍA MARÍTIMA Y CIENCIAS DEL MAR,Coordinador de programa de postgrado,JEFATURA_SUPERVISION_OPERATIVA,False,,,POSGRADO,Maestría en Ciencias del Mar,2024-03-01,2025-02-16,352,False,False,False,False,DOCENTE,DOCENTE_NO_TITULAR_OCASIONAL,False
3324,86,FACULTAD DE INGENIERÍA MARÍTIMA Y CIENCIAS DEL MAR,Subrogación,OTROS_AA,True,Subdecano,AUTORIDAD_ACADEMICA_SUPERIOR,,,2024-10-07,2024-10-10,3,False,False,False,False,DOCENTE,DOCENTE_NO_TITULAR_OCASIONAL,False
3324,86,FACULTAD DE INGENIERÍA MARÍTIMA Y CIENCIAS DEL MAR,Coordinador de programa de postgrado,JEFATURA_SUPERVISION_OPERATIVA,False,,,POSGRADO,Maestría en Ciencias del Mar,2025-02-17,2026-02-15,363,False,False,False,False,DOCENTE,DOCENTE_NO_TITULAR_OCASIONAL,False
3326,77,CENTRO DE INVESTIGACIÓN Y PROYECTOS APLICADOS A LAS CIENCIAS DE LA TIERRA,Director,AUTORIDAD_ADMINISTRATIVA_SUPERIOR,False,,,,,2017-11-13,2023-06-16,2041,False,False,False,False,DOCENTE,DOCENTE_TITULAR_CARRERA,False
3326,77,CENTRO DE INVESTIGACIÓN Y PROYECTOS APLICADOS A LAS CIENCIAS DE LA TIERRA,Director,AUTORIDAD_ADMINISTRATIVA_SUPERIOR,False,,,,,2017-11-13,2024-01-01,2240,False,False,False,False,DOCENTE,DOCENTE_TITULAR_CARRERA,False
3326,77,CENTRO DE INVESTIGACIÓN Y PROYECTOS APLICADOS A LAS CIENCIAS DE LA TIERRA,Director,AUTORIDAD_ADMINISTRATIVA_SUPERIOR,False,,,,,2017-11-13,2024-07-12,2433,False,False,False,False,DOCENTE,DOCENTE_TITULAR_CARRERA,False
3326,25,FACULTAD DE INGENIERÍA EN CIENCIAS DE LA TIERRA,Miembro del consejo directivo,OTROS_AA,False,,,,,2019-02-01,2022-01-31,1095,False,False,False,False,DOCENTE,DOCENTE_TITULAR_CARRERA,False
3326,126,DECANATO DE VINCULACIÓN,Subrogación,OTROS_AA,True,Decano,AUTORIDAD_ACADEMICA_SUPERIOR,,,2023-05-02,2023-05-13,11,False,False,False,False,DOCENTE,AUTORIDAD_ACADEMICA_SUPERIOR,True
3326,126,DECANATO DE VINCULACIÓN,Subrogación,OTROS_AA,True,Decano,AUTORIDAD_ACADEMICA_SUPERIOR,,,2023-05-28,2023-06-05,8,False,False,False,False,DOCENTE,AUTORIDAD_ACADEMICA_SUPERIOR,True
3326,126,DECANATO DE VINCULACIÓN,Subrogación,OTROS_AA,True,Decano,AUTORIDAD_ACADEMICA_SUPERIOR,,,2023-06-18,2023-06-24,6,False,False,False,False,DOCENTE,DOCENTE_TITULAR_CARRERA,False
3326,126,DECANATO DE VINCULACIÓN,Subrogación,OTROS_AA,True,Decano,AUTORIDAD_ACADEMICA_SUPERIOR,,,2023-07-01,2023-07-14,13,False,False,False,False,DOCENTE,DOCENTE_TITULAR_CARRERA,False
3326,126,DECANATO DE VINCULACIÓN,Subrogación,OTROS_AA,True,Decano,AUTORIDAD_ACADEMICA_SUPERIOR,,,2023-08-25,2023-09-06,12,False,False,False,False,DOCENTE,AUTORIDAD_ACADEMICA_SUPERIOR,True
3326,126,DECANATO DE VINCULACIÓN,Subrogación,OTROS_AA,True,Decano,AUTORIDAD_ACADEMICA_SUPERIOR,,,2023-09-21,2023-10-07,16,False,False,False,False,DOCENTE,AUTORIDAD_ACADEMICA_SUPERIOR,True
3326,25,FACULTAD DE INGENIERÍA EN CIENCIAS DE LA TIERRA,Coordinador de prácticas empresariales,JEFATURA_SUPERVISION_OPERATIVA,False,,,GRADO,Petróleos,2023-10-02,2023-10-02,0,False,False,False,False,DOCENTE,AUTORIDAD_ACADEMICA_SUPERIOR,False
3326,126,DECANATO DE VINCULACIÓN,Subrogación,OTROS_AA,True,Decano,AUTORIDAD_ACADEMICA_SUPERIOR,,,2024-01-02,2024-01-19,17,False,False,False,False,DOCENTE,DOCENTE_TITULAR_CARRERA,False
3326,77,CENTRO DE INVESTIGACIÓN Y PROYECTOS APLICADOS A LAS CIENCIAS DE LA TIERRA,Director,AUTORIDAD_ADMINISTRATIVA_SUPERIOR,False,,,,,2024-01-31,2024-04-02,62,False,False,False,False,DOCENTE,DOCENTE_TITULAR_CARRERA,False
3326,126,DECANATO DE VINCULACIÓN,Subrogación,OTROS_AA,True,Decano,AUTORIDAD_ACADEMICA_SUPERIOR,,,2024-03-18,2024-03-23,5,False,False,False,False,DOCENTE,DOCENTE_TITULAR_CARRERA,False
3326,126,DECANATO DE VINCULACIÓN,Subrogación,OTROS_AA,True,Decano,AUTORIDAD_ACADEMICA_SUPERIOR,,,2024-04-22,2024-04-26,4,False,False,False,False,DOCENTE,DOCENTE_TITULAR_CARRERA,False
3326,77,CENTRO DE INVESTIGACIÓN Y PROYECTOS APLICADOS A LAS CIENCIAS DE LA TIERRA,Director,AUTORIDAD_ADMINISTRATIVA_SUPERIOR,False,,,,,2024-07-23,2024-09-15,54,False,False,False,False,DOCENTE,DOCENTE_CONTRATADO_SERVICIOS_CIVILES,False
3326,126,DECANATO DE VINCULACIÓN,Subrogación,OTROS_AA,True,Decano,AUTORIDAD_ACADEMICA_SUPERIOR,,,2024-09-16,2024-09-20,4,False,False,False,False,DOCENTE,DOCENTE_CONTRATADO_SERVICIOS_CIVILES,False
3326,77,CENTRO DE INVESTIGACIÓN Y PROYECTOS APLICADOS A LAS CIENCIAS DE LA TIERRA,Director,AUTORIDAD_ADMINISTRATIVA_SUPERIOR,False,,,,,2024-09-21,2024-10-09,18,False,False,False,False,DOCENTE,DOCENTE_TITULAR_CARRERA,False
3326,126,DECANATO DE VINCULACIÓN,Subrogación,OTROS_AA,True,Decano,AUTORIDAD_ACADEMICA_SUPERIOR,,,2024-09-22,2024-09-24,2,False,False,False,False,DOCENTE,DOCENTE_TITULAR_CARRERA,False
3326,126,DECANATO DE VINCULACIÓN,Subrogación,OTROS_AA,True,Decano,AUTORIDAD_ACADEMICA_SUPERIOR,,,2024-11-09,2024-11-13,4,False,False,False,False,DOCENTE,DOCENTE_TITULAR_CARRERA,False
3326,77,CENTRO DE INVESTIGACIÓN Y PROYECTOS APLICADOS A LAS CIENCIAS DE LA TIERRA,Director,AUTORIDAD_ADMINISTRATIVA_SUPERIOR,False,,,,,2024-11-14,2025-02-17,95,False,False,False,False,DOCENTE,DOCENTE_TITULAR_CARRERA,False
3326,126,DECANATO DE VINCULACIÓN,Subrogación,OTROS_AA,True,Decano,AUTORIDAD_ACADEMICA_SUPERIOR,,,2025-01-19,2025-01-25,6,False,False,False,False,DOCENTE,DOCENTE_TITULAR_CARRERA,False
3326,126,DECANATO DE VINCULACIÓN,Subrogación,OTROS_AA,True,Decano,AUTORIDAD_ACADEMICA_SUPERIOR,,,2025-02-18,2025-02-27,9,False,False,False,False,DOCENTE,DOCENTE_TITULAR_CARRERA,False
3326,77,CENTRO DE INVESTIGACIÓN Y PROYECTOS APLICADOS A LAS CIENCIAS DE LA TIERRA,Director,AUTORIDAD_ADMINISTRATIVA_SUPERIOR,False,,,,,2025-02-28,2025-03-04,4,False,False,False,False,DOCENTE,DOCENTE_TITULAR_CARRERA,False
3326,126,DECANATO DE VINCULACIÓN,Subrogación,OTROS_AA,True,Decano,AUTORIDAD_ACADEMICA_SUPERIOR,,,2025-03-17,2025-03-18,1,False,False,False,False,DOCENTE,DOCENTE_TITULAR_CARRERA,False
3326,77,CENTRO DE INVESTIGACIÓN Y PROYECTOS APLICADOS A LAS CIENCIAS DE LA TIERRA,Director,AUTORIDAD_ADMINISTRATIVA_SUPERIOR,False,,,,,2025-03-19,2025-03-24,5,False,False,False,False,DOCENTE,DOCENTE_TITULAR_CARRERA,False
3326,126,DECANATO DE VINCULACIÓN,Subrogación,OTROS_AA,True,Decano,AUTORIDAD_ACADEMICA_SUPERIOR,,,2025-03-21,2025-03-26,5,False,False,False,False,DOCENTE,DOCENTE_TITULAR_CARRERA,False
3326,77,CENTRO DE INVESTIGACIÓN Y PROYECTOS APLICADOS A LAS CIENCIAS DE LA TIERRA,Director,AUTORIDAD_ADMINISTRATIVA_SUPERIOR,False,,,,,2025-03-27,2025-06-12,77,False,False,False,False,DOCENTE,DOCENTE_TITULAR_CARRERA,False
3326,126,DECANATO DE VINCULACIÓN,Subrogación,OTROS_AA,True,Decano,AUTORIDAD_ACADEMICA_SUPERIOR,,,2025-04-08,2025-04-12,4,False,False,False,False,DOCENTE,DOCENTE_TITULAR_CARRERA,False
3326,77,CENTRO DE INVESTIGACIÓN Y PROYECTOS APLICADOS A LAS CIENCIAS DE LA TIERRA,Director,AUTORIDAD_ADMINISTRATIVA_SUPERIOR,False,,,,,2025-07-03,2025-07-03,0,False,False,False,False,DOCENTE,DOCENTE_TITULAR_CARRERA,False
3326,77,CENTRO DE INVESTIGACIÓN Y PROYECTOS APLICADOS A LAS CIENCIAS DE LA TIERRA,Director,AUTORIDAD_ADMINISTRATIVA_SUPERIOR,False,,,,,2025-07-04,2025-07-18,14,False,False,False,False,DOCENTE,DOCENTE_TITULAR_CARRERA,False
3326,126,DECANATO DE VINCULACIÓN,Subrogación,OTROS_AA,True,Decano,AUTORIDAD_ACADEMICA_SUPERIOR,,,2025-07-15,2025-07-19,4,False,False,False,False,DOCENTE,DOCENTE_TITULAR_CARRERA,False
3326,126,DECANATO DE VINCULACIÓN,Subrogación,OTROS_AA,True,Decano,AUTORIDAD_ACADEMICA_SUPERIOR,,,2025-08-17,2025-08-23,6,False,False,False,False,DOCENTE,DOCENTE_TITULAR_CARRERA,False
3326,77,CENTRO DE INVESTIGACIÓN Y PROYECTOS APLICADOS A LAS CIENCIAS DE LA TIERRA,Director,AUTORIDAD_ADMINISTRATIVA_SUPERIOR,False,,,,,2025-08-24,2025-08-31,7,False,False,False,False,DOCENTE,DOCENTE_TITULAR_CARRERA,False
3326,25,FACULTAD DE INGENIERÍA EN CIENCIAS DE LA TIERRA,Decano,AUTORIDAD_ACADEMICA_SUPERIOR,False,,,,,2025-09-01,,379,False,False,False,False,DOCENTE,DOCENTE_TITULAR_CARRERA,False
3333,16,FACULTAD DE INGENIERÍA EN ELECTRICIDAD Y COMPUTACIÓN,Subdecano,AUTORIDAD_ACADEMICA_SUPERIOR,False,,,,,2012-11-13,2014-12-31,778,False,False,False,False,DOCENTE,DOCENTE_TITULAR_CARRERA,False
3333,78,"CENTRO DE INVESTIGACIÓN, DESARROLLO E INNOVACIÓN DE SISTEMAS COMPUTACIONALES",Director,AUTORIDAD_ADMINISTRATIVA_SUPERIOR,False,,,,,2017-11-13,2025-02-11,2647,False,False,False,False,DOCENTE,DOCENTE_TITULAR_CARRERA,False
3333,78,"CENTRO DE INVESTIGACIÓN, DESARROLLO E INNOVACIÓN DE SISTEMAS COMPUTACIONALES",Director,AUTORIDAD_ADMINISTRATIVA_SUPERIOR,False,,,,,2025-03-08,2025-05-29,82,False,False,False,False,DOCENTE,DOCENTE_TITULAR_CARRERA,False
3333,78,"CENTRO DE INVESTIGACIÓN, DESARROLLO E INNOVACIÓN DE SISTEMAS COMPUTACIONALES",Director,AUTORIDAD_ADMINISTRATIVA_SUPERIOR,False,,,,,2025-06-07,2025-06-09,2,False,False,False,False,DOCENTE,DOCENTE_TITULAR_CARRERA,False
3333,78,"CENTRO DE INVESTIGACIÓN, DESARROLLO E INNOVACIÓN DE SISTEMAS COMPUTACIONALES",Director,AUTORIDAD_ADMINISTRATIVA_SUPERIOR,False,,,,,2025-06-17,2026-03-26,282,False,False,False,False,DOCENTE,DOCENTE_TITULAR_CARRERA,False
3333,78,"CENTRO DE INVESTIGACIÓN, DESARROLLO E INNOVACIÓN DE SISTEMAS COMPUTACIONALES",Director,AUTORIDAD_ADMINISTRATIVA_SUPERIOR,False,,,,,2026-04-22,2026-05-31,39,False,False,False,False,DOCENTE,DOCENTE_TITULAR_CARRERA,False
3333,78,"CENTRO DE INVESTIGACIÓN, DESARROLLO E INNOVACIÓN DE SISTEMAS COMPUTACIONALES",Director,AUTORIDAD_ADMINISTRATIVA_SUPERIOR,False,,,,,2026-06-09,2026-07-16,37,False,False,False,False,DOCENTE,DOCENTE_TITULAR_CARRERA,False
3333,78,"CENTRO DE INVESTIGACIÓN, DESARROLLO E INNOVACIÓN DE SISTEMAS COMPUTACIONALES",Director,AUTORIDAD_ADMINISTRATIVA_SUPERIOR,False,,,,,2026-07-25,,52,False,False,False,False,DOCENTE,DOCENTE_TITULAR_CARRERA,False
3342,14,DEPARTAMENTO DE CIENCIAS FISICAS,Director departamento,AUTORIDAD_ADMINISTRATIVA_SUPERIOR,False,,,,,2021-09-27,2023-05-07,587,False,False,False,False,DOCENTE,DOCENTE_TITULAR_CARRERA,False
3342,12,FACULTAD DE CIENCIAS NATURALES Y MATEMÁTICAS,Miembro del consejo directivo,OTROS_AA,False,,,,,2022-12-10,2025-12-09,1095,False,False,False,False,DOCENTE,DOCENTE_TITULAR_CARRERA,False
3342,12,FACULTAD DE CIENCIAS NATURALES Y MATEMÁTICAS,Subrogación,OTROS_AA,True,Subdecano,AUTORIDAD_ACADEMICA_SUPERIOR,,,2023-01-30,2023-02-02,3,False,False,False,False,DOCENTE,DOCENTE_TITULAR_CARRERA,False
3342,12,FACULTAD DE CIENCIAS NATURALES Y MATEMÁTICAS,Subrogación,OTROS_AA,True,Subdecano,AUTORIDAD_ACADEMICA_SUPERIOR,,,2023-02-17,2023-02-17,0,False,False,False,False,DOCENTE,DOCENTE_TITULAR_CARRERA,False
3342,12,FACULTAD DE CIENCIAS NATURALES Y MATEMÁTICAS,Subrogación,OTROS_AA,True,Subdecano,AUTORIDAD_ACADEMICA_SUPERIOR,,,2023-02-22,2023-03-10,16,False,False,False,False,ADMINISTRATIVO,CONTRATO_SERVICIOS_PROFESIONALES_PROYECTO,False
3342,12,FACULTAD DE CIENCIAS NATURALES Y MATEMÁTICAS,Subrogación,OTROS_AA,True,Subdecano,AUTORIDAD_ACADEMICA_SUPERIOR,,,2023-03-13,2023-03-20,7,False,False,False,False,ADMINISTRATIVO,CONTRATO_SERVICIOS_PROFESIONALES_PROYECTO,False
3342,12,FACULTAD DE CIENCIAS NATURALES Y MATEMÁTICAS,Subrogación,OTROS_AA,True,Subdecano,AUTORIDAD_ACADEMICA_SUPERIOR,,,2023-03-21,2023-03-24,3,False,False,False,False,ADMINISTRATIVO,CONTRATO_SERVICIOS_PROFESIONALES_PROYECTO,False
3342,12,FACULTAD DE CIENCIAS NATURALES Y MATEMÁTICAS,Subrogación,OTROS_AA,True,Subdecano,AUTORIDAD_ACADEMICA_SUPERIOR,,,2023-03-27,2023-03-31,4,False,False,False,False,ADMINISTRATIVO,CONTRATO_SERVICIOS_PROFESIONALES_PROYECTO,False
3342,12,FACULTAD DE CIENCIAS NATURALES Y MATEMÁTICAS,Subrogación,OTROS_AA,True,Subdecano,AUTORIDAD_ACADEMICA_SUPERIOR,,,2023-04-14,2023-04-14,0,False,False,False,False,ADMINISTRATIVO,CONTRATO_SERVICIOS_PROFESIONALES_PROYECTO,False
3342,12,FACULTAD DE CIENCIAS NATURALES Y MATEMÁTICAS,Subrogación,OTROS_AA,True,Subdecano,AUTORIDAD_ACADEMICA_SUPERIOR,,,2023-05-30,2023-05-31,1,False,False,False,False,DOCENTE,DOCENTE_TITULAR_CARRERA,False
3342,12,FACULTAD DE CIENCIAS NATURALES Y MATEMÁTICAS,Subrogación,OTROS_AA,True,Subdecano,AUTORIDAD_ACADEMICA_SUPERIOR,,,2023-08-03,2023-08-03,0,False,False,False,False,ADMINISTRATIVO,CONTRATO_SERVICIOS_PROFESIONALES_PROYECTO,False
3342,12,FACULTAD DE CIENCIAS NATURALES Y MATEMÁTICAS,Subrogación,OTROS_AA,True,Subdecano,AUTORIDAD_ACADEMICA_SUPERIOR,,,2023-08-14,2023-08-15,1,False,False,False,False,ADMINISTRATIVO,CONTRATO_SERVICIOS_PROFESIONALES_PROYECTO,False
3342,12,FACULTAD DE CIENCIAS NATURALES Y MATEMÁTICAS,Subrogación,OTROS_AA,True,Subdecano,AUTORIDAD_ACADEMICA_SUPERIOR,,,2023-08-25,2023-08-25,0,False,False,False,False,ADMINISTRATIVO,CONTRATO_SERVICIOS_PROFESIONALES_PROYECTO,False
3342,12,FACULTAD DE CIENCIAS NATURALES Y MATEMÁTICAS,Subrogación,OTROS_AA,True,Subdecano,AUTORIDAD_ACADEMICA_SUPERIOR,,,2023-09-09,2023-09-21,12,False,False,False,False,DOCENTE,AUTORIDAD_ACADEMICA_SUPERIOR,True
3342,12,FACULTAD DE CIENCIAS NATURALES Y MATEMÁTICAS,Subrogación,OTROS_AA,True,Subdecano,AUTORIDAD_ACADEMICA_SUPERIOR,,,2023-11-07,2023-11-10,3,False,False,False,False,ADMINISTRATIVO,CONTRATO_SERVICIOS_PROFESIONALES_PROYECTO,False
3342,12,FACULTAD DE CIENCIAS NATURALES Y MATEMÁTICAS,Subrogación,OTROS_AA,True,Subdecano,AUTORIDAD_ACADEMICA_SUPERIOR,,,2024-01-04,2024-01-05,1,False,False,False,False,DOCENTE,DOCENTE_TITULAR_CARRERA,False
3342,12,FACULTAD DE CIENCIAS NATURALES Y MATEMÁTICAS,Subrogación,OTROS_AA,True,Subdecano,AUTORIDAD_ACADEMICA_SUPERIOR,,,2024-02-22,2024-02-22,0,False,False,False,False,DOCENTE,DOCENTE_TITULAR_CARRERA,False
3342,12,FACULTAD DE CIENCIAS NATURALES Y MATEMÁTICAS,Subrogación,OTROS_AA,True,Subdecano,AUTORIDAD_ACADEMICA_SUPERIOR,,,2024-03-05,2024-03-10,5,False,False,False,False,ADMINISTRATIVO,CONTRATO_SERVICIOS_PROFESIONALES_PROYECTO,False
3342,14,DEPARTAMENTO DE CIENCIAS FISICAS,Director departamento,AUTORIDAD_ADMINISTRATIVA_SUPERIOR,False,,,,,2024-03-07,2026-01-01,665,False,False,False,False,DOCENTE,DOCENTE_TITULAR_CARRERA,False
3342,12,FACULTAD DE CIENCIAS NATURALES Y MATEMÁTICAS,Subrogación,OTROS_AA,True,Subdecano,AUTORIDAD_ACADEMICA_SUPERIOR,,,2024-03-19,2024-04-16,28,False,False,False,False,ADMINISTRATIVO,CONTRATO_SERVICIOS_PROFESIONALES_PROYECTO,False
3342,12,FACULTAD DE CIENCIAS NATURALES Y MATEMÁTICAS,Subrogación,OTROS_AA,True,Subdecano,AUTORIDAD_ACADEMICA_SUPERIOR,,,2024-04-17,2024-05-01,14,False,False,False,False,DOCENTE,DOCENTE_TITULAR_CARRERA,False
3342,12,FACULTAD DE CIENCIAS NATURALES Y MATEMÁTICAS,Subrogación,OTROS_AA,True,Subdecano,AUTORIDAD_ACADEMICA_SUPERIOR,,,2024-05-06,2024-05-12,6,False,False,False,False,DOCENTE,DOCENTE_TITULAR_CARRERA,False
3342,12,FACULTAD DE CIENCIAS NATURALES Y MATEMÁTICAS,Coordinador de programa de postgrado,JEFATURA_SUPERVISION_OPERATIVA,False,,,POSGRADO,Maestría en Educación,2024-05-08,,860,False,False,False,False,DOCENTE,DOCENTE_TITULAR_CARRERA,False
3342,12,FACULTAD DE CIENCIAS NATURALES Y MATEMÁTICAS,Subrogación,OTROS_AA,True,Subdecano,AUTORIDAD_ACADEMICA_SUPERIOR,,,2024-05-25,2024-05-31,6,False,False,False,False,ADMINISTRATIVO,CONTRATO_SERVICIOS_PROFESIONALES_PROYECTO,False
3342,12,FACULTAD DE CIENCIAS NATURALES Y MATEMÁTICAS,Subrogación,OTROS_AA,True,Decano,AUTORIDAD_ACADEMICA_SUPERIOR,,,2024-06-01,2024-06-02,1,False,False,False,False,ADMINISTRATIVO,CONTRATO_SERVICIOS_PROFESIONALES_PROYECTO,False
3342,12,FACULTAD DE CIENCIAS NATURALES Y MATEMÁTICAS,Subrogación,OTROS_AA,True,Subdecano,AUTORIDAD_ACADEMICA_SUPERIOR,,,2024-06-03,2024-06-16,13,False,False,False,False,ADMINISTRATIVO,CONTRATO_SERVICIOS_PROFESIONALES_PROYECTO,False
3342,12,FACULTAD DE CIENCIAS NATURALES Y MATEMÁTICAS,Subrogación,OTROS_AA,True,Subdecano,AUTORIDAD_ACADEMICA_SUPERIOR,,,2024-07-05,2024-07-05,0,False,False,False,False,ADMINISTRATIVO,CONTRATO_SERVICIOS_PROFESIONALES_PROYECTO,False
3342,12,FACULTAD DE CIENCIAS NATURALES Y MATEMÁTICAS,Subrogación,OTROS_AA,True,Subdecano,AUTORIDAD_ACADEMICA_SUPERIOR,,,2024-07-11,2024-07-13,2,False,False,False,False,ADMINISTRATIVO,CONTRATO_SERVICIOS_PROFESIONALES_PROYECTO,False
3342,12,FACULTAD DE CIENCIAS NATURALES Y MATEMÁTICAS,Subrogación,OTROS_AA,True,Subdecano,AUTORIDAD_ACADEMICA_SUPERIOR,,,2024-08-08,2024-08-08,0,False,False,False,False,ADMINISTRATIVO,CONTRATO_SERVICIOS_PROFESIONALES_PROYECTO,False
3342,12,FACULTAD DE CIENCIAS NATURALES Y MATEMÁTICAS,Subrogación,OTROS_AA,True,Subdecano,AUTORIDAD_ACADEMICA_SUPERIOR,,,2024-09-07,2024-09-17,10,False,False,False,False,DOCENTE,DOCENTE_TITULAR_CARRERA,False
3342,12,FACULTAD DE CIENCIAS NATURALES Y MATEMÁTICAS,Subrogación,OTROS_AA,True,Subdecano,AUTORIDAD_ACADEMICA_SUPERIOR,,,2024-09-21,2024-10-06,15,False,False,False,False,DOCENTE,DOCENTE_TITULAR_CARRERA,False
3342,12,FACULTAD DE CIENCIAS NATURALES Y MATEMÁTICAS,Subrogación,OTROS_AA,True,Subdecano,AUTORIDAD_ACADEMICA_SUPERIOR,,,2024-11-25,2024-11-29,4,False,False,False,False,ADMINISTRATIVO,CONTRATO_SERVICIOS_PROFESIONALES_PROYECTO,False
3342,12,FACULTAD DE CIENCIAS NATURALES Y MATEMÁTICAS,Subrogación,OTROS_AA,True,Subdecano,AUTORIDAD_ACADEMICA_SUPERIOR,,,2024-12-02,2024-12-04,2,False,False,False,False,ADMINISTRATIVO,CONTRATO_SERVICIOS_PROFESIONALES_PROYECTO,False
3342,12,FACULTAD DE CIENCIAS NATURALES Y MATEMÁTICAS,Subrogación,OTROS_AA,True,Subdecano,AUTORIDAD_ACADEMICA_SUPERIOR,,,2025-01-28,2025-01-30,2,False,False,False,False,DOCENTE,DOCENTE_TITULAR_CARRERA,False
3342,12,FACULTAD DE CIENCIAS NATURALES Y MATEMÁTICAS,Subrogación,OTROS_AA,True,Subdecano,AUTORIDAD_ACADEMICA_SUPERIOR,,,2025-02-20,2025-02-28,8,False,False,False,False,DOCENTE,DOCENTE_TITULAR_CARRERA,False
3342,12,FACULTAD DE CIENCIAS NATURALES Y MATEMÁTICAS,Subrogación,OTROS_AA,True,Subdecano,AUTORIDAD_ACADEMICA_SUPERIOR,,,2025-03-19,2025-03-21,2,False,False,False,False,DOCENTE,DOCENTE_TITULAR_CARRERA,False
3342,12,FACULTAD DE CIENCIAS NATURALES Y MATEMÁTICAS,Subrogación,OTROS_AA,True,Subdecano,AUTORIDAD_ACADEMICA_SUPERIOR,,,2025-03-24,2025-04-11,18,False,False,False,False,DOCENTE,DOCENTE_TITULAR_CARRERA,False
3342,12,FACULTAD DE CIENCIAS NATURALES Y MATEMÁTICAS,Subrogación,OTROS_AA,True,Subdecano,AUTORIDAD_ACADEMICA_SUPERIOR,,,2025-04-14,2025-05-03,19,False,False,False,False,DOCENTE,DOCENTE_TITULAR_CARRERA,False
3342,12,FACULTAD DE CIENCIAS NATURALES Y MATEMÁTICAS,Subrogación,OTROS_AA,True,Subdecano,AUTORIDAD_ACADEMICA_SUPERIOR,,,2025-09-08,2025-09-19,11,False,False,False,False,DOCENTE,DOCENTE_CONTRATADO_SERVICIOS_CIVILES,False
3342,12,FACULTAD DE CIENCIAS NATURALES Y MATEMÁTICAS,Subrogación,OTROS_AA,True,Subdecano,AUTORIDAD_ACADEMICA_SUPERIOR,,,2025-09-21,2025-09-27,6,False,False,False,False,DOCENTE,DOCENTE_CONTRATADO_SERVICIOS_CIVILES,False
3342,12,FACULTAD DE CIENCIAS NATURALES Y MATEMÁTICAS,Subrogación,OTROS_AA,True,Decano,AUTORIDAD_ACADEMICA_SUPERIOR,,,2025-10-13,2025-10-20,7,False,False,False,False,DOCENTE,DOCENTE_TITULAR_CARRERA,False
3342,12,FACULTAD DE CIENCIAS NATURALES Y MATEMÁTICAS,Subrogación,OTROS_AA,True,Subdecano,AUTORIDAD_ACADEMICA_SUPERIOR,,,2025-11-19,2025-11-21,2,False,False,False,False,DOCENTE,DOCENTE_TITULAR_CARRERA,False
3342,12,FACULTAD DE CIENCIAS NATURALES Y MATEMÁTICAS,Miembro del consejo directivo,OTROS_AA,False,,,,,2025-12-10,2028-12-09,1095,False,False,False,False,DOCENTE,DOCENTE_TITULAR_CARRERA,False
3342,12,FACULTAD DE CIENCIAS NATURALES Y MATEMÁTICAS,Subrogación,OTROS_AA,True,Subdecano,AUTORIDAD_ACADEMICA_SUPERIOR,,,2025-12-15,2025-12-23,8,False,False,False,False,DOCENTE,DOCENTE_TITULAR_CARRERA,False
3342,12,FACULTAD DE CIENCIAS NATURALES Y MATEMÁTICAS,Subrogación,OTROS_AA,True,Subdecano,AUTORIDAD_ACADEMICA_SUPERIOR,,,2026-01-27,2026-01-30,3,False,False,False,False,DOCENTE,DOCENTE_CONTRATADO_SERVICIOS_CIVILES,False
3342,12,FACULTAD DE CIENCIAS NATURALES Y MATEMÁTICAS,Subrogación,OTROS_AA,True,Subdecano,AUTORIDAD_ACADEMICA_SUPERIOR,,,2026-02-25,2026-03-04,7,False,False,False,False,DOCENTE,DOCENTE_CONTRATADO_SERVICIOS_CIVILES,False
3342,12,FACULTAD DE CIENCIAS NATURALES Y MATEMÁTICAS,Subrogación,OTROS_AA,True,Subdecano,AUTORIDAD_ACADEMICA_SUPERIOR,,,2026-03-09,2026-03-20,11,False,False,False,False,DOCENTE,DOCENTE_CONTRATADO_SERVICIOS_CIVILES,False
3342,12,FACULTAD DE CIENCIAS NATURALES Y MATEMÁTICAS,Subrogación,OTROS_AA,True,Subdecano,AUTORIDAD_ACADEMICA_SUPERIOR,,,2026-03-24,2026-04-01,8,False,False,False,False,DOCENTE,DOCENTE_CONTRATADO_SERVICIOS_CIVILES,False
3342,12,FACULTAD DE CIENCIAS NATURALES Y MATEMÁTICAS,Subrogación,OTROS_AA,True,Subdecano,AUTORIDAD_ACADEMICA_SUPERIOR,,,2026-04-06,2026-04-10,4,False,False,False,False,DOCENTE,DOCENTE_CONTRATADO_SERVICIOS_CIVILES,False
3342,12,FACULTAD DE CIENCIAS NATURALES Y MATEMÁTICAS,Subrogación,OTROS_AA,True,Subdecano,AUTORIDAD_ACADEMICA_SUPERIOR,,,2026-04-13,2026-04-17,4,False,False,False,False,DOCENTE,DOCENTE_CONTRATADO_SERVICIOS_CIVILES,False
3342,12,FACULTAD DE CIENCIAS NATURALES Y MATEMÁTICAS,Subrogación,OTROS_AA,True,Subdecano,AUTORIDAD_ACADEMICA_SUPERIOR,,,2026-05-05,2026-05-08,3,False,False,False,False,DOCENTE,DOCENTE_CONTRATADO_SERVICIOS_CIVILES,False
3342,12,FACULTAD DE CIENCIAS NATURALES Y MATEMÁTICAS,Subrogación,OTROS_AA,True,Subdecano,AUTORIDAD_ACADEMICA_SUPERIOR,,,2026-06-18,2026-06-18,0,False,False,False,False,DOCENTE,DOCENTE_CONTRATADO_SERVICIOS_CIVILES,False
3342,12,FACULTAD DE CIENCIAS NATURALES Y MATEMÁTICAS,Subrogación,OTROS_AA,True,Subdecano,AUTORIDAD_ACADEMICA_SUPERIOR,,,2026-07-12,2026-07-18,6,False,False,False,False,DOCENTE,DOCENTE_CONTRATADO_SERVICIOS_CIVILES,False
3342,12,FACULTAD DE CIENCIAS NATURALES Y MATEMÁTICAS,Subrogación,OTROS_AA,True,Subdecano,AUTORIDAD_ACADEMICA_SUPERIOR,,,2026-07-29,2026-07-29,0,False,False,False,False,DOCENTE,DOCENTE_CONTRATADO_SERVICIOS_CIVILES,False
3342,12,FACULTAD DE CIENCIAS NATURALES Y MATEMÁTICAS,Subrogación,OTROS_AA,True,Subdecano,AUTORIDAD_ACADEMICA_SUPERIOR,,,2026-09-07,2026-09-13,6,False,False,False,False,DOCENTE,DOCENTE_CONTRATADO_SERVICIOS_CIVILES,False
3342,12,FACULTAD DE CIENCIAS NATURALES Y MATEMÁTICAS,Subrogación,OTROS_AA,True,Decano,AUTORIDAD_ACADEMICA_SUPERIOR,,,2026-09-14,2026-09-21,7,False,False,False,False,DOCENTE,DOCENTE_CONTRATADO_SERVICIOS_CIVILES,False
3436,2,RECTORADO,Rector,AUTORIDAD_ACADEMICA_SUPERIOR,False,,,,,1992-11-09,1997-11-09,1826,False,False,False,False,,,
3454,16,FACULTAD DE INGENIERÍA EN ELECTRICIDAD Y COMPUTACIÓN,Coordinador de vinculación con la sociedad,JEFATURA_SUPERVISION_OPERATIVA,False,,,GRADO,Electricidad,2017-05-02,2017-09-22,143,False,False,False,False,DOCENTE,DOCENTE_NO_TITULAR_OCASIONAL,False
3454,16,FACULTAD DE INGENIERÍA EN ELECTRICIDAD Y COMPUTACIÓN,Coordinador de vinculación con la sociedad,JEFATURA_SUPERVISION_OPERATIVA,False,,,GRADO,Electricidad,2017-10-04,2019-01-15,468,False,False,False,False,DOCENTE,DOCENTE_NO_TITULAR_OCASIONAL,False
3454,16,FACULTAD DE INGENIERÍA EN ELECTRICIDAD Y COMPUTACIÓN,Coordinador de vinculación con la sociedad,JEFATURA_SUPERVISION_OPERATIVA,False,,,GRADO,Electricidad,2019-01-16,2024-02-16,1857,False,False,False,False,DOCENTE,DOCENTE_NO_TITULAR_OCASIONAL,False
3454,16,FACULTAD DE INGENIERÍA EN ELECTRICIDAD Y COMPUTACIÓN,Coordinador de vinculación con la sociedad,JEFATURA_SUPERVISION_OPERATIVA,False,,,GRADO,Electricidad,2024-02-17,2025-02-14,363,False,False,False,False,DOCENTE,DOCENTE_NO_TITULAR_OCASIONAL,False
3455,25,FACULTAD DE INGENIERÍA EN CIENCIAS DE LA TIERRA,Decano,AUTORIDAD_ACADEMICA_SUPERIOR,False,,,,,2017-08-14,2018-03-01,199,False,False,False,False,DOCENTE,AUTORIDAD_ACADEMICA_SUPERIOR,True
3465,53,CENTRO DE INFORMACIÓN BIBLIOTECARIA,Subrogación,OTROS_AA,True,Director,AUTORIDAD_ADMINISTRATIVA_SUPERIOR,,,2020-03-06,2020-03-23,17,False,False,False,False,ADMINISTRATIVO,SERVICIOS_GENERALES_OFICIOS,False
3465,53,CENTRO DE INFORMACIÓN BIBLIOTECARIA,Subrogación,OTROS_AA,True,Director,AUTORIDAD_ADMINISTRATIVA_SUPERIOR,,,2021-11-27,2021-12-02,5,False,False,False,False,ADMINISTRATIVO,AUTORIDAD_ADMINISTRATIVA_SUPERIOR,True
3465,53,CENTRO DE INFORMACIÓN BIBLIOTECARIA,Subrogación,OTROS_AA,True,Director,AUTORIDAD_ADMINISTRATIVA_SUPERIOR,,,2022-04-11,2022-04-29,18,False,False,False,False,ADMINISTRATIVO,SERVICIOS_GENERALES_OFICIOS,False
3465,53,CENTRO DE INFORMACIÓN BIBLIOTECARIA,Subrogación,OTROS_AA,True,Director,AUTORIDAD_ADMINISTRATIVA_SUPERIOR,,,2022-07-18,2022-07-22,4,False,False,False,False,ADMINISTRATIVO,AUTORIDAD_ADMINISTRATIVA_SUPERIOR,True
3465,53,CENTRO DE INFORMACIÓN BIBLIOTECARIA,Subrogación,OTROS_AA,True,Director,AUTORIDAD_ADMINISTRATIVA_SUPERIOR,,,2023-03-01,2023-03-17,16,False,False,False,False,ADMINISTRATIVO,AUTORIDAD_ADMINISTRATIVA_SUPERIOR,True
3466,17,FACULTAD DE CIENCIAS SOCIALES Y HUMANÍSTICAS,Miembro del consejo politécnico,OTROS_AA,False,,,,,2019-08-22,2022-08-21,1095,False,False,False,False,DOCENTE,DOCENTE_TITULAR_CARRERA,False
3467,53,CENTRO DE INFORMACIÓN BIBLIOTECARIA,Director,AUTORIDAD_ADMINISTRATIVA_SUPERIOR,False,,,,,2014-12-08,2017-11-14,1072,False,False,False,False,ADMINISTRATIVO,SERVICIOS_GENERALES_OFICIOS,False
3467,53,CENTRO DE INFORMACIÓN BIBLIOTECARIA,Director,AUTORIDAD_ADMINISTRATIVA_SUPERIOR,False,,,,,2017-11-15,2019-01-01,412,False,False,False,False,ADMINISTRATIVO,AUTORIDAD_ADMINISTRATIVA_SUPERIOR,True
3467,53,CENTRO DE INFORMACIÓN BIBLIOTECARIA,Subrogación,OTROS_AA,True,Director,AUTORIDAD_ADMINISTRATIVA_SUPERIOR,,,2020-12-29,2021-01-12,14,False,False,False,False,ADMINISTRATIVO,SERVICIOS_GENERALES_OFICIOS,False
3467,53,CENTRO DE INFORMACIÓN BIBLIOTECARIA,Subrogación,OTROS_AA,True,Director,AUTORIDAD_ADMINISTRATIVA_SUPERIOR,,,2021-03-22,2021-04-09,18,False,False,False,False,ADMINISTRATIVO,SERVICIOS_GENERALES_OFICIOS,False
3471,88,"FACULTAD DE ARTE, DISEÑO Y COMUNICACIÓN AUDIOVISUAL",Decano,AUTORIDAD_ACADEMICA_SUPERIOR,False,,,,,2022-11-13,,1402,False,False,False,False,DOCENTE,DOCENTE_TITULAR_CARRERA,False
3471,131,VICERRECTORADO DE DOCENCIA,Subrogación,OTROS_AA,True,Vicerrector,AUTORIDAD_ACADEMICA_SUPERIOR,,,2024-03-17,2024-03-23,6,False,False,False,False,DOCENTE,DOCENTE_TITULAR_CARRERA,False
3471,130,"VICERRECTORADO DE INVESTIGACIÓN, DESARROLLO E INNOVACIÓN",Subrogación,OTROS_AA,True,Vicerrector,AUTORIDAD_ACADEMICA_SUPERIOR,,,2024-04-23,2024-04-27,4,False,False,False,False,DOCENTE,AUTORIDAD_ACADEMICA_SUPERIOR,True
3471,126,DECANATO DE VINCULACIÓN,Subrogación,OTROS_AA,True,Decano,AUTORIDAD_ACADEMICA_SUPERIOR,,,2024-04-28,2024-05-01,3,False,False,False,False,DOCENTE,DOCENTE_TITULAR_CARRERA,False
3471,131,VICERRECTORADO DE DOCENCIA,Subrogación,OTROS_AA,True,Vicerrector,AUTORIDAD_ACADEMICA_SUPERIOR,,,2026-03-13,2026-03-22,9,False,False,False,False,DOCENTE,AUTORIDAD_ACADEMICA_SUPERIOR,True
3471,130,"VICERRECTORADO DE INVESTIGACIÓN, DESARROLLO E INNOVACIÓN",Subrogación,OTROS_AA,True,Vicerrector,AUTORIDAD_ACADEMICA_SUPERIOR,,,2026-03-26,2026-03-29,3,False,False,False,False,DOCENTE,AUTORIDAD_ACADEMICA_SUPERIOR,True
3491,16,FACULTAD DE INGENIERÍA EN ELECTRICIDAD Y COMPUTACIÓN,Coordinador de acreditación internacional,JEFATURA_SUPERVISION_OPERATIVA,False,,,GRADO,Electricidad,2017-04-10,2017-09-22,165,False,False,False,False,DOCENTE,DOCENTE_TITULAR_CARRERA,False
3491,16,FACULTAD DE INGENIERÍA EN ELECTRICIDAD Y COMPUTACIÓN,Coordinador de carrera,JEFATURA_SUPERVISION_OPERATIVA,False,,,GRADO,Telemática,2018-04-02,2018-09-02,153,False,False,False,False,DOCENTE,DOCENTE_TITULAR_CARRERA,False
3491,38,CENTRO DE TECNOLOGÍAS DE LA INFORMACIÓN,Director,AUTORIDAD_ADMINISTRATIVA_SUPERIOR,False,,,,,2018-08-01,2021-02-21,935,False,False,False,False,DOCENTE,DOCENTE_TITULAR_CARRERA,False
3491,38,CENTRO DE TECNOLOGÍAS DE LA INFORMACIÓN,Director,AUTORIDAD_ADMINISTRATIVA_SUPERIOR,False,,,,,2023-04-24,2023-05-05,11,False,False,False,False,DOCENTE,DOCENTE_TITULAR_CARRERA,False
3491,38,CENTRO DE TECNOLOGÍAS DE LA INFORMACIÓN,Director,AUTORIDAD_ADMINISTRATIVA_SUPERIOR,False,,,,,2024-03-11,2024-03-15,4,False,False,False,False,DOCENTE,DOCENTE_TITULAR_CARRERA,False
3491,38,CENTRO DE TECNOLOGÍAS DE LA INFORMACIÓN,Director,AUTORIDAD_ADMINISTRATIVA_SUPERIOR,False,,,,,2024-08-26,2024-09-09,14,False,False,False,False,DOCENTE,DOCENTE_TITULAR_CARRERA,False
3491,38,CENTRO DE TECNOLOGÍAS DE LA INFORMACIÓN,Director,AUTORIDAD_ADMINISTRATIVA_SUPERIOR,False,,,,,2026-07-12,2026-07-18,6,False,False,False,False,DOCENTE,DOCENTE_TITULAR_CARRERA,False
3492,34,ACADEMIA CISCO-ESPOL,Director,AUTORIDAD_ADMINISTRATIVA_SUPERIOR,False,,,,,2012-11-12,2021-12-09,3314,False,False,False,False,DOCENTE,DOCENTE_TITULAR_CARRERA,False
3492,16,FACULTAD DE INGENIERÍA EN ELECTRICIDAD Y COMPUTACIÓN,Coordinador de carrera,JEFATURA_SUPERVISION_OPERATIVA,False,,,GRADO,Licenciatura en Redes y Sistemas Operativos,2013-06-12,2016-09-15,1191,False,False,False,False,DOCENTE,DOCENTE_TITULAR_CARRERA,False
3492,16,FACULTAD DE INGENIERÍA EN ELECTRICIDAD Y COMPUTACIÓN,Miembro del consejo politécnico,OTROS_AA,False,,,,,2022-12-11,2025-12-10,1095,False,False,False,False,DOCENTE,DOCENTE_TITULAR_CARRERA,False
3492,16,FACULTAD DE INGENIERÍA EN ELECTRICIDAD Y COMPUTACIÓN,Coordinador de acreditación internacional,JEFATURA_SUPERVISION_OPERATIVA,False,,,GRADO,Telemática,2023-02-22,2026-03-08,1110,False,False,False,False,DOCENTE,DOCENTE_TITULAR_CARRERA,False
3503,143,DIRECCIÓN DE SOSTENIBILIDAD,Subrogación,OTROS_AA,True,Director,AUTORIDAD_ADMINISTRATIVA_SUPERIOR,,,2024-07-22,2024-07-23,1,False,False,False,False,ADMINISTRATIVO,PROFESIONAL_ANALISTA,False
3503,143,DIRECCIÓN DE SOSTENIBILIDAD,Subrogación,OTROS_AA,True,Director,AUTORIDAD_ADMINISTRATIVA_SUPERIOR,,,2024-08-26,2024-08-30,4,False,False,False,False,ADMINISTRATIVO,AUTORIDAD_ADMINISTRATIVA_SUPERIOR,True
3503,143,DIRECCIÓN DE SOSTENIBILIDAD,Subrogación,OTROS_AA,True,Director,AUTORIDAD_ADMINISTRATIVA_SUPERIOR,,,2024-10-07,2024-10-08,1,False,False,False,False,ADMINISTRATIVO,PROFESIONAL_ANALISTA,False
3503,143,DIRECCIÓN DE SOSTENIBILIDAD,Subrogación,OTROS_AA,True,Director,AUTORIDAD_ADMINISTRATIVA_SUPERIOR,,,2025-02-21,2025-02-27,6,False,False,False,False,ADMINISTRATIVO,PROFESIONAL_ANALISTA,False
3503,143,DIRECCIÓN DE SOSTENIBILIDAD,Subrogación,OTROS_AA,True,Director,AUTORIDAD_ADMINISTRATIVA_SUPERIOR,,,2025-06-23,2025-07-11,18,False,False,False,False,ADMINISTRATIVO,PROFESIONAL_ANALISTA,False
3503,143,DIRECCIÓN DE SOSTENIBILIDAD,Subrogación,OTROS_AA,True,Director,AUTORIDAD_ADMINISTRATIVA_SUPERIOR,,,2025-08-13,2025-08-15,2,False,False,False,False,ADMINISTRATIVO,PROFESIONAL_ANALISTA,False
3503,143,DIRECCIÓN DE SOSTENIBILIDAD,Subrogación,OTROS_AA,True,Director,AUTORIDAD_ADMINISTRATIVA_SUPERIOR,,,2025-09-21,2025-09-25,4,False,False,False,False,ADMINISTRATIVO,PROFESIONAL_ANALISTA,False
3503,143,DIRECCIÓN DE SOSTENIBILIDAD,Subrogación,OTROS_AA,True,Director,AUTORIDAD_ADMINISTRATIVA_SUPERIOR,,,2025-12-26,2025-12-31,5,False,False,False,False,ADMINISTRATIVO,PROFESIONAL_ANALISTA,False
3503,143,DIRECCIÓN DE SOSTENIBILIDAD,Subrogación,OTROS_AA,True,Director,AUTORIDAD_ADMINISTRATIVA_SUPERIOR,,,2026-02-27,2026-02-27,0,False,False,False,False,ADMINISTRATIVO,AUTORIDAD_ADMINISTRATIVA_SUPERIOR,True
3503,143,DIRECCIÓN DE SOSTENIBILIDAD,Subrogación,OTROS_AA,True,Director,AUTORIDAD_ADMINISTRATIVA_SUPERIOR,,,2026-06-01,2026-06-02,1,False,False,False,False,ADMINISTRATIVO,AUTORIDAD_ADMINISTRATIVA_SUPERIOR,True
3503,143,DIRECCIÓN DE SOSTENIBILIDAD,Subrogación,OTROS_AA,True,Director,AUTORIDAD_ADMINISTRATIVA_SUPERIOR,,,2026-07-01,2026-07-03,2,False,False,False,False,ADMINISTRATIVO,AUTORIDAD_ADMINISTRATIVA_SUPERIOR,True
3503,143,DIRECCIÓN DE SOSTENIBILIDAD,Subrogación,OTROS_AA,True,Director,AUTORIDAD_ADMINISTRATIVA_SUPERIOR,,,2026-08-03,2026-08-09,6,False,False,False,False,ADMINISTRATIVO,AUTORIDAD_ADMINISTRATIVA_SUPERIOR,True
3519,41,DIRECCIÓN DE LA SECRETARÍA TÉCNICA ACADEMICA,Director,AUTORIDAD_ADMINISTRATIVA_SUPERIOR,False,,,,,2012-11-13,2017-11-12,1825,False,False,False,False,ADMINISTRATIVO,AUTORIDAD_ADMINISTRATIVA_SUPERIOR,True
3519,12,FACULTAD DE CIENCIAS NATURALES Y MATEMÁTICAS,Decano,AUTORIDAD_ACADEMICA_SUPERIOR,False,,,,,2017-11-13,2021-02-21,1196,False,False,False,False,DOCENTE,DOCENTE_TITULAR_CARRERA,False
3519,29,DECANATO DE POSTGRADO,Decano,AUTORIDAD_ACADEMICA_SUPERIOR,False,,,,,2021-02-22,2022-11-12,628,False,False,False,False,DOCENTE,AUTORIDAD_ACADEMICA_SUPERIOR,True
3519,55,DIRECCIÓN DE TALENTO HUMANO,Director,AUTORIDAD_ADMINISTRATIVA_SUPERIOR,False,,,,,2025-06-09,,463,False,False,False,False,ADMINISTRATIVO,AUTORIDAD_ADMINISTRATIVA_SUPERIOR,True
3519,54,GERENCIA ADMINISTRATIVA,Subrogación,OTROS_AA,True,Gerente,AUTORIDAD_ADMINISTRATIVA_SUPERIOR,,,2026-06-13,2026-06-21,8,False,False,False,False,ADMINISTRATIVO,AUTORIDAD_ADMINISTRATIVA_SUPERIOR,True
3541,61,FACULTAD DE CIENCIAS DE LA VIDA,Miembro del consejo politécnico,OTROS_AA,False,,,,,2016-08-22,2019-08-21,1094,False,False,False,False,DOCENTE,DOCENTE_TITULAR_CARRERA,False
3541,61,FACULTAD DE CIENCIAS DE LA VIDA,Coordinador de programa de postgrado,JEFATURA_SUPERVISION_OPERATIVA,False,,,POSGRADO,Maestría en Biociencias Aplicadas con Mención en Biodescubrimiento,2018-01-02,2022-03-31,1549,False,False,False,False,DOCENTE,DOCENTE_TITULAR_CARRERA,False
3541,37,CENTRO DE INVESTIGACIONES BIOTECNOLÓGICAS DEL ECUADOR,Director,AUTORIDAD_ADMINISTRATIVA_SUPERIOR,False,,,,,2021-02-22,2023-03-10,746,False,False,False,False,DOCENTE,DOCENTE_TITULAR_CARRERA,False
3541,61,FACULTAD DE CIENCIAS DE LA VIDA,Coordinador de programa de postgrado,JEFATURA_SUPERVISION_OPERATIVA,False,,,POSGRADO,Maestría en Biociencias Aplicadas con Mención en Biodescubrimiento,2022-04-01,2023-08-31,517,False,False,False,False,DOCENTE,DOCENTE_TITULAR_CARRERA,False
3541,37,CENTRO DE INVESTIGACIONES BIOTECNOLÓGICAS DEL ECUADOR,Director,AUTORIDAD_ADMINISTRATIVA_SUPERIOR,False,,,,,2023-04-17,2023-09-18,154,False,False,False,False,DOCENTE,DOCENTE_TITULAR_CARRERA,False
3541,37,CENTRO DE INVESTIGACIONES BIOTECNOLÓGICAS DEL ECUADOR,Director,AUTORIDAD_ADMINISTRATIVA_SUPERIOR,False,,,,,2023-10-03,2023-12-13,71,False,False,False,False,DOCENTE,DOCENTE_TITULAR_CARRERA,False
3541,37,CENTRO DE INVESTIGACIONES BIOTECNOLÓGICAS DEL ECUADOR,Director,AUTORIDAD_ADMINISTRATIVA_SUPERIOR,False,,,,,2023-12-22,2024-04-14,114,False,False,False,False,DOCENTE,DOCENTE_TITULAR_CARRERA,False
3541,37,CENTRO DE INVESTIGACIONES BIOTECNOLÓGICAS DEL ECUADOR,Director,AUTORIDAD_ADMINISTRATIVA_SUPERIOR,False,,,,,2024-05-03,2024-09-12,132,False,False,False,False,DOCENTE,DOCENTE_TITULAR_CARRERA,False
3541,37,CENTRO DE INVESTIGACIONES BIOTECNOLÓGICAS DEL ECUADOR,Director,AUTORIDAD_ADMINISTRATIVA_SUPERIOR,False,,,,,2024-09-28,2024-12-11,74,False,False,False,False,DOCENTE,DOCENTE_TITULAR_CARRERA,False
3541,37,CENTRO DE INVESTIGACIONES BIOTECNOLÓGICAS DEL ECUADOR,Director,AUTORIDAD_ADMINISTRATIVA_SUPERIOR,False,,,,,2025-01-01,2025-02-11,41,False,False,False,False,DOCENTE,DOCENTE_TITULAR_CARRERA,False
3541,37,CENTRO DE INVESTIGACIONES BIOTECNOLÓGICAS DEL ECUADOR,Director,AUTORIDAD_ADMINISTRATIVA_SUPERIOR,False,,,,,2025-02-22,2025-04-10,47,False,False,False,False,DOCENTE,DOCENTE_TITULAR_CARRERA,False
3541,37,CENTRO DE INVESTIGACIONES BIOTECNOLÓGICAS DEL ECUADOR,Director,AUTORIDAD_ADMINISTRATIVA_SUPERIOR,False,,,,,2025-04-18,2025-07-21,94,False,False,False,False,DOCENTE,DOCENTE_TITULAR_CARRERA,False
3541,37,CENTRO DE INVESTIGACIONES BIOTECNOLÓGICAS DEL ECUADOR,Director,AUTORIDAD_ADMINISTRATIVA_SUPERIOR,False,,,,,2025-07-25,2025-08-26,32,False,False,False,False,DOCENTE,DOCENTE_TITULAR_CARRERA,False
3541,37,CENTRO DE INVESTIGACIONES BIOTECNOLÓGICAS DEL ECUADOR,Director,AUTORIDAD_ADMINISTRATIVA_SUPERIOR,False,,,,,2025-09-01,2025-10-29,58,False,False,False,False,DOCENTE,DOCENTE_TITULAR_CARRERA,False
3541,37,CENTRO DE INVESTIGACIONES BIOTECNOLÓGICAS DEL ECUADOR,Director,AUTORIDAD_ADMINISTRATIVA_SUPERIOR,False,,,,,2025-11-01,2025-12-09,38,False,False,False,False,DOCENTE,DOCENTE_TITULAR_CARRERA,False
3541,37,CENTRO DE INVESTIGACIONES BIOTECNOLÓGICAS DEL ECUADOR,Director,AUTORIDAD_ADMINISTRATIVA_SUPERIOR,False,,,,,2025-12-13,2025-12-16,3,False,False,False,False,DOCENTE,DOCENTE_TITULAR_CARRERA,False
3541,37,CENTRO DE INVESTIGACIONES BIOTECNOLÓGICAS DEL ECUADOR,Director,AUTORIDAD_ADMINISTRATIVA_SUPERIOR,False,,,,,2025-12-23,2026-01-14,22,False,False,False,False,DOCENTE,DOCENTE_TITULAR_CARRERA,False
3541,37,CENTRO DE INVESTIGACIONES BIOTECNOLÓGICAS DEL ECUADOR,Director,AUTORIDAD_ADMINISTRATIVA_SUPERIOR,False,,,,,2026-01-15,2026-01-29,14,False,False,False,False,DOCENTE,DOCENTE_TITULAR_CARRERA,False
3541,37,CENTRO DE INVESTIGACIONES BIOTECNOLÓGICAS DEL ECUADOR,Director,AUTORIDAD_ADMINISTRATIVA_SUPERIOR,False,,,,,2026-01-31,2026-02-05,5,False,False,False,False,DOCENTE,DOCENTE_TITULAR_CARRERA,False
3541,37,CENTRO DE INVESTIGACIONES BIOTECNOLÓGICAS DEL ECUADOR,Director,AUTORIDAD_ADMINISTRATIVA_SUPERIOR,False,,,,,2026-05-06,2026-02-13,0,False,True,False,False,DOCENTE,DOCENTE_TITULAR_CARRERA,False
3541,37,CENTRO DE INVESTIGACIONES BIOTECNOLÓGICAS DEL ECUADOR,Director,AUTORIDAD_ADMINISTRATIVA_SUPERIOR,False,,,,,2026-05-06,2026-09-06,123,False,False,False,False,DOCENTE,DOCENTE_TITULAR_CARRERA,False
3541,37,CENTRO DE INVESTIGACIONES BIOTECNOLÓGICAS DEL ECUADOR,Director,AUTORIDAD_ADMINISTRATIVA_SUPERIOR,False,,,,,2026-09-21,,0,False,False,False,False,,,
3593,12,FACULTAD DE CIENCIAS NATURALES Y MATEMÁTICAS,Miembro del consejo directivo,OTROS_AA,False,,,,,2017-01-27,2020-01-26,1094,False,False,False,False,DOCENTE,DOCENTE_TITULAR_CARRERA,False
3593,12,FACULTAD DE CIENCIAS NATURALES Y MATEMÁTICAS,Miembro del consejo directivo,OTROS_AA,False,,,,,2019-12-10,2020-10-31,326,False,False,False,False,DOCENTE,DOCENTE_TITULAR_CARRERA,False
3600,22,FACULTAD DE INGENIERÍA MECÁNICA Y CIENCIAS DE LA PRODUCCIÓN,Decano,AUTORIDAD_ACADEMICA_SUPERIOR,False,,,,,2012-11-13,2014-10-19,705,False,False,False,False,DOCENTE,DOCENTE_TITULAR_CARRERA,False
3600,42,DIRECCIÓN DE LA SECRETARÍA TÉCNICA DE ASEGURAMIENTO DE LA CALIDAD DE LA EDUCACIÓN SUPERIOR,Director,AUTORIDAD_ADMINISTRATIVA_SUPERIOR,False,,,,,2014-10-31,2017-11-12,1108,False,False,False,False,ADMINISTRATIVO,AUTORIDAD_ADMINISTRATIVA_SUPERIOR,True
3600,22,FACULTAD DE INGENIERÍA MECÁNICA Y CIENCIAS DE LA PRODUCCIÓN,Miembro del consejo directivo,OTROS_AA,False,,,,,2019-12-10,2021-04-16,493,False,False,False,False,DOCENTE,DOCENTE_TITULAR_CARRERA,False
3600,22,FACULTAD DE INGENIERÍA MECÁNICA Y CIENCIAS DE LA PRODUCCIÓN,Coordinador de programa de postgrado,JEFATURA_SUPERVISION_OPERATIVA,False,,,POSGRADO,Maestría en Ciencias en Ingeniería de Sistemas Industriales,2021-09-27,2023-02-28,519,False,False,False,False,DOCENTE,DOCENTE_TITULAR_CARRERA,False
3600,22,FACULTAD DE INGENIERÍA MECÁNICA Y CIENCIAS DE LA PRODUCCIÓN,Coordinador de acreditación internacional,JEFATURA_SUPERVISION_OPERATIVA,False,,,POSGRADO,Maestría en Ciencias en Ingeniería de Sistemas Industriales,2023-02-01,2023-02-01,0,False,False,False,False,DOCENTE,DOCENTE_TITULAR_CARRERA,False
3600,22,FACULTAD DE INGENIERÍA MECÁNICA Y CIENCIAS DE LA PRODUCCIÓN,Coordinador de programa de postgrado,JEFATURA_SUPERVISION_OPERATIVA,False,,,POSGRADO,Maestría en Ciencias en Ingeniería de Sistemas Industriales,2023-10-27,2026-02-13,840,False,False,False,False,DOCENTE,DOCENTE_TITULAR_CARRERA,False
3600,22,FACULTAD DE INGENIERÍA MECÁNICA Y CIENCIAS DE LA PRODUCCIÓN,Miembro del consejo directivo,OTROS_AA,False,,,,,2025-12-10,2028-12-09,1095,False,False,False,False,DOCENTE,DOCENTE_TITULAR_CARRERA,False
3600,137,DECANATO DE POSGRADO,Subrogación,OTROS_AA,True,Decano,AUTORIDAD_ACADEMICA_SUPERIOR,,,2026-01-27,2026-02-03,7,False,False,False,False,DOCENTE,DOCENTE_CONTRATADO_SERVICIOS_CIVILES,False
3600,22,FACULTAD DE INGENIERÍA MECÁNICA Y CIENCIAS DE LA PRODUCCIÓN,Coordinador de programa de postgrado,JEFATURA_SUPERVISION_OPERATIVA,False,,,POSGRADO,Maestría en Ciencias en Ingeniería de Sistemas Industriales,2026-02-18,,209,False,False,False,False,DOCENTE,DOCENTE_TITULAR_CARRERA,False
3600,137,DECANATO DE POSGRADO,Subrogación,OTROS_AA,True,Decano,AUTORIDAD_ACADEMICA_SUPERIOR,,,2026-07-12,2026-07-18,6,False,False,False,False,DOCENTE,DOCENTE_TITULAR_CARRERA,False
3600,22,FACULTAD DE INGENIERÍA MECÁNICA Y CIENCIAS DE LA PRODUCCIÓN,Subrogación,OTROS_AA,True,Subdecano,AUTORIDAD_ACADEMICA_SUPERIOR,,,2026-09-08,2026-09-20,12,False,False,False,False,DOCENTE,DOCENTE_TITULAR_CARRERA,False
3651,78,"CENTRO DE INVESTIGACIÓN, DESARROLLO E INNOVACIÓN DE SISTEMAS COMPUTACIONALES",Director,AUTORIDAD_ADMINISTRATIVA_SUPERIOR,False,,,,,2025-05-30,2025-06-06,7,False,False,False,False,DOCENTE,DOCENTE_NO_TITULAR_OCASIONAL,False
3651,78,"CENTRO DE INVESTIGACIÓN, DESARROLLO E INNOVACIÓN DE SISTEMAS COMPUTACIONALES",Director,AUTORIDAD_ADMINISTRATIVA_SUPERIOR,False,,,,,2025-06-10,2025-06-16,6,False,False,False,False,DOCENTE,DOCENTE_NO_TITULAR_OCASIONAL,False
3651,78,"CENTRO DE INVESTIGACIÓN, DESARROLLO E INNOVACIÓN DE SISTEMAS COMPUTACIONALES",Director,AUTORIDAD_ADMINISTRATIVA_SUPERIOR,False,,,,,2026-03-27,2026-04-05,9,False,False,False,False,DOCENTE,DOCENTE_NO_TITULAR_OCASIONAL,False
3651,78,"CENTRO DE INVESTIGACIÓN, DESARROLLO E INNOVACIÓN DE SISTEMAS COMPUTACIONALES",Director,AUTORIDAD_ADMINISTRATIVA_SUPERIOR,False,,,,,2026-06-01,2026-06-08,7,False,False,False,False,DOCENTE,DOCENTE_NO_TITULAR_OCASIONAL,False
3659,16,FACULTAD DE INGENIERÍA EN ELECTRICIDAD Y COMPUTACIÓN,Coordinador de prácticas empresariales,JEFATURA_SUPERVISION_OPERATIVA,False,,,GRADO,Telecomunicaciones,2021-02-20,2022-09-25,582,False,False,False,False,DOCENTE,DOCENTE_NO_TITULAR_OCASIONAL,False
3659,16,FACULTAD DE INGENIERÍA EN ELECTRICIDAD Y COMPUTACIÓN,Coordinador de programa de postgrado,JEFATURA_SUPERVISION_OPERATIVA,False,,,POSGRADO,Maestría en Telecomunicaciones,2022-08-19,2024-09-30,773,False,False,False,False,DOCENTE,DOCENTE_NO_TITULAR_OCASIONAL,False
3659,16,FACULTAD DE INGENIERÍA EN ELECTRICIDAD Y COMPUTACIÓN,Coordinador de acreditación internacional,JEFATURA_SUPERVISION_OPERATIVA,False,,,GRADO,Telecomunicaciones,2022-09-26,,1450,False,False,False,False,DOCENTE,DOCENTE_NO_TITULAR_OCASIONAL,False
3678,32,CENTRO DE ESTUDIOS DEL MEDIO AMBIENTE,Director,AUTORIDAD_ADMINISTRATIVA_SUPERIOR,False,,,,,2012-11-12,2017-11-12,1826,False,False,False,False,DOCENTE,DOCENTE_HONORARIO_ESPECIAL,False
3678,32,CENTRO DE ESTUDIOS DEL MEDIO AMBIENTE,Director,AUTORIDAD_ADMINISTRATIVA_SUPERIOR,False,,,,,2017-11-13,,3228,False,False,False,False,DOCENTE,DOCENTE_HONORARIO_ESPECIAL,False
3680,12,FACULTAD DE CIENCIAS NATURALES Y MATEMÁTICAS,Subdecano,AUTORIDAD_ACADEMICA_SUPERIOR,False,,,,,2012-11-13,2014-08-31,656,False,False,False,False,DOCENTE,DOCENTE_TITULAR_CARRERA,False
3680,12,FACULTAD DE CIENCIAS NATURALES Y MATEMÁTICAS,Decano,AUTORIDAD_ACADEMICA_SUPERIOR,False,,,,,2014-09-01,2017-11-12,1168,False,False,False,False,DOCENTE,AUTORIDAD_ACADEMICA_SUPERIOR,True
3680,52,UNIDAD DE BIENESTAR ESTUDIANTIL Y POLITÉCNICO,Director,AUTORIDAD_ADMINISTRATIVA_SUPERIOR,False,,,,,2017-11-13,2018-07-11,240,False,False,False,False,DOCENTE,DOCENTE_TITULAR_CARRERA,False
3682,12,FACULTAD DE CIENCIAS NATURALES Y MATEMÁTICAS,Subdecano,AUTORIDAD_ACADEMICA_SUPERIOR,False,,,,,2014-09-05,2016-04-12,585,False,False,False,False,,,
3682,12,FACULTAD DE CIENCIAS NATURALES Y MATEMÁTICAS,Coordinador de carrera,JEFATURA_SUPERVISION_OPERATIVA,False,,,GRADO,Matemática,2017-01-31,2017-12-12,315,False,False,False,False,,,
3685,27,ESCUELA DE DISEÑO Y COMUNICACIÓN VISUAL,Director académico,AUTORIDAD_ADMINISTRATIVA_SUPERIOR,False,,,,,2012-11-13,2017-11-12,1825,False,False,False,False,DOCENTE,DOCENTE_TITULAR_CARRERA,False
3685,27,ESCUELA DE DISEÑO Y COMUNICACIÓN VISUAL,Coordinador de carrera,JEFATURA_SUPERVISION_OPERATIVA,False,,,GRADO,Licenciatura en Diseño Web y Aplicaciones Multimedia,2017-11-13,2018-12-31,413,False,False,False,False,DOCENTE,DOCENTE_TITULAR_CARRERA,False
3685,27,ESCUELA DE DISEÑO Y COMUNICACIÓN VISUAL,Coordinador de carrera,JEFATURA_SUPERVISION_OPERATIVA,False,,,GRADO,Licenciatura en Diseño Web y Aplicaciones Multimedia,2019-01-02,2019-01-23,21,False,False,False,False,DOCENTE,DOCENTE_TITULAR_CARRERA,False
3685,88,"FACULTAD DE ARTE, DISEÑO Y COMUNICACIÓN AUDIOVISUAL",Coordinador de carrera,JEFATURA_SUPERVISION_OPERATIVA,False,,,GRADO,Licenciatura en Diseño Web y Aplicaciones Multimedia,2019-01-24,2020-02-21,393,False,False,False,False,DOCENTE,DOCENTE_TITULAR_CARRERA,False
3685,88,"FACULTAD DE ARTE, DISEÑO Y COMUNICACIÓN AUDIOVISUAL",Miembro del consejo directivo,OTROS_AA,False,,,,,2019-12-10,2022-12-09,1095,False,False,False,False,DOCENTE,DOCENTE_TITULAR_CARRERA,False
3685,88,"FACULTAD DE ARTE, DISEÑO Y COMUNICACIÓN AUDIOVISUAL",Coordinador de carrera,JEFATURA_SUPERVISION_OPERATIVA,False,,,GRADO,Licenciatura en Diseño Web y Aplicaciones Multimedia,2020-03-12,2021-02-19,344,False,False,False,False,DOCENTE,DOCENTE_TITULAR_CARRERA,False
3685,88,"FACULTAD DE ARTE, DISEÑO Y COMUNICACIÓN AUDIOVISUAL",Coordinador de prácticas empresariales,JEFATURA_SUPERVISION_OPERATIVA,False,,,GRADO,Diseño Gráfico,2021-03-15,2022-02-18,340,False,False,False,False,DOCENTE,DOCENTE_TITULAR_CARRERA,False
3685,88,"FACULTAD DE ARTE, DISEÑO Y COMUNICACIÓN AUDIOVISUAL",Coordinador de prácticas empresariales,JEFATURA_SUPERVISION_OPERATIVA,False,,,GRADO,Diseño Gráfico,2022-02-19,2024-02-19,730,False,False,False,False,DOCENTE,DOCENTE_TITULAR_CARRERA,False
3685,88,"FACULTAD DE ARTE, DISEÑO Y COMUNICACIÓN AUDIOVISUAL",Coordinador de prácticas empresariales,JEFATURA_SUPERVISION_OPERATIVA,False,,,GRADO,Producción para Medios de Comunicación,2022-02-19,2024-02-19,730,False,False,True,False,DOCENTE,DOCENTE_TITULAR_CARRERA,False
3685,88,"FACULTAD DE ARTE, DISEÑO Y COMUNICACIÓN AUDIOVISUAL",Coordinador de prácticas empresariales,JEFATURA_SUPERVISION_OPERATIVA,False,,,GRADO,Licenciatura en Diseño Gráfico y Publicitario,2022-02-19,2021-12-14,0,False,True,False,False,DOCENTE,DOCENTE_TITULAR_CARRERA,False
3685,88,"FACULTAD DE ARTE, DISEÑO Y COMUNICACIÓN AUDIOVISUAL",Subrogación,OTROS_AA,True,Subdecano,AUTORIDAD_ACADEMICA_SUPERIOR,,,2022-11-15,2022-11-19,4,False,False,False,False,DOCENTE,DOCENTE_TITULAR_CARRERA,False
3685,88,"FACULTAD DE ARTE, DISEÑO Y COMUNICACIÓN AUDIOVISUAL",Miembro del consejo directivo,OTROS_AA,False,,,,,2022-12-10,2025-12-09,1095,False,False,False,False,DOCENTE,DOCENTE_TITULAR_CARRERA,False
3685,88,"FACULTAD DE ARTE, DISEÑO Y COMUNICACIÓN AUDIOVISUAL",Subrogación,OTROS_AA,True,Subdecano,AUTORIDAD_ACADEMICA_SUPERIOR,,,2023-04-10,2023-04-13,3,False,False,False,False,DOCENTE,AUTORIDAD_ACADEMICA_SUPERIOR,True
3685,88,"FACULTAD DE ARTE, DISEÑO Y COMUNICACIÓN AUDIOVISUAL",Subrogación,OTROS_AA,True,Subdecano,AUTORIDAD_ACADEMICA_SUPERIOR,,,2023-04-24,2023-05-05,11,False,False,False,False,DOCENTE,AUTORIDAD_ACADEMICA_SUPERIOR,True
3685,88,"FACULTAD DE ARTE, DISEÑO Y COMUNICACIÓN AUDIOVISUAL",Subrogación,OTROS_AA,True,Subdecano,AUTORIDAD_ACADEMICA_SUPERIOR,,,2023-09-06,2023-09-14,8,False,False,False,False,DOCENTE,AUTORIDAD_ACADEMICA_SUPERIOR,True
3685,88,"FACULTAD DE ARTE, DISEÑO Y COMUNICACIÓN AUDIOVISUAL",Subrogación,OTROS_AA,True,Subdecano,AUTORIDAD_ACADEMICA_SUPERIOR,,,2023-10-10,2023-10-15,5,False,False,False,False,DOCENTE,AUTORIDAD_ACADEMICA_SUPERIOR,True
3685,88,"FACULTAD DE ARTE, DISEÑO Y COMUNICACIÓN AUDIOVISUAL",Subrogación,OTROS_AA,True,Subdecano,AUTORIDAD_ACADEMICA_SUPERIOR,,,2023-10-18,2023-10-21,3,False,False,False,False,DOCENTE,AUTORIDAD_ACADEMICA_SUPERIOR,True
3685,88,"FACULTAD DE ARTE, DISEÑO Y COMUNICACIÓN AUDIOVISUAL",Coordinador de prácticas empresariales,JEFATURA_SUPERVISION_OPERATIVA,False,,,GRADO,Diseño Gráfico,2023-11-20,2023-11-20,0,False,False,False,False,DOCENTE,DOCENTE_TITULAR_CARRERA,False
3685,88,"FACULTAD DE ARTE, DISEÑO Y COMUNICACIÓN AUDIOVISUAL",Coordinador de prácticas empresariales,JEFATURA_SUPERVISION_OPERATIVA,False,,,GRADO,Producción para Medios de Comunicación,2023-11-20,2023-11-20,0,False,False,True,False,DOCENTE,DOCENTE_TITULAR_CARRERA,False
3685,88,"FACULTAD DE ARTE, DISEÑO Y COMUNICACIÓN AUDIOVISUAL",Coordinador de prácticas empresariales,JEFATURA_SUPERVISION_OPERATIVA,False,,,GRADO,Producción para Medios de Comunicación,2023-11-20,2023-11-20,0,False,False,True,False,DOCENTE,DOCENTE_TITULAR_CARRERA,False
3685,88,"FACULTAD DE ARTE, DISEÑO Y COMUNICACIÓN AUDIOVISUAL",Coordinador de prácticas empresariales,JEFATURA_SUPERVISION_OPERATIVA,False,,,GRADO,Producción para Medios de Comunicación,2023-11-20,2023-11-20,0,False,False,True,False,DOCENTE,DOCENTE_TITULAR_CARRERA,False
3685,88,"FACULTAD DE ARTE, DISEÑO Y COMUNICACIÓN AUDIOVISUAL",Coordinador de prácticas empresariales,JEFATURA_SUPERVISION_OPERATIVA,False,,,GRADO,Diseño Gráfico,2024-02-20,2025-02-14,360,False,False,False,False,DOCENTE,DOCENTE_TITULAR_CARRERA,False
3685,88,"FACULTAD DE ARTE, DISEÑO Y COMUNICACIÓN AUDIOVISUAL",Coordinador de prácticas empresariales,JEFATURA_SUPERVISION_OPERATIVA,False,,,GRADO,Producción para Medios de Comunicación,2024-02-20,2025-02-14,360,False,False,True,False,DOCENTE,DOCENTE_TITULAR_CARRERA,False
3685,88,"FACULTAD DE ARTE, DISEÑO Y COMUNICACIÓN AUDIOVISUAL",Subrogación,OTROS_AA,True,Subdecano,AUTORIDAD_ACADEMICA_SUPERIOR,,,2024-02-22,2024-03-01,8,False,False,False,False,DOCENTE,DOCENTE_TITULAR_CARRERA,False
3685,88,"FACULTAD DE ARTE, DISEÑO Y COMUNICACIÓN AUDIOVISUAL",Subrogación,OTROS_AA,True,Subdecano,AUTORIDAD_ACADEMICA_SUPERIOR,,,2024-03-05,2024-03-11,6,False,False,False,False,DOCENTE,DOCENTE_TITULAR_CARRERA,False
3685,88,"FACULTAD DE ARTE, DISEÑO Y COMUNICACIÓN AUDIOVISUAL",Subrogación,OTROS_AA,True,Subdecano,AUTORIDAD_ACADEMICA_SUPERIOR,,,2024-09-02,2024-10-03,31,False,False,False,False,DOCENTE,DOCENTE_TITULAR_CARRERA,False
3685,88,"FACULTAD DE ARTE, DISEÑO Y COMUNICACIÓN AUDIOVISUAL",Subrogación,OTROS_AA,True,Subdecano,AUTORIDAD_ACADEMICA_SUPERIOR,,,2024-10-15,2024-10-20,5,False,False,False,False,DOCENTE,DOCENTE_TITULAR_CARRERA,False
3685,88,"FACULTAD DE ARTE, DISEÑO Y COMUNICACIÓN AUDIOVISUAL",Subrogación,OTROS_AA,True,Subdecano,AUTORIDAD_ACADEMICA_SUPERIOR,,,2024-11-24,2024-11-28,4,False,False,False,False,DOCENTE,DOCENTE_TITULAR_CARRERA,False
3685,88,"FACULTAD DE ARTE, DISEÑO Y COMUNICACIÓN AUDIOVISUAL",Subrogación,OTROS_AA,True,Subdecano,AUTORIDAD_ACADEMICA_SUPERIOR,,,2025-01-28,2025-01-30,2,False,False,False,False,DOCENTE,DOCENTE_TITULAR_CARRERA,False
3685,88,"FACULTAD DE ARTE, DISEÑO Y COMUNICACIÓN AUDIOVISUAL",Coordinador de prácticas empresariales,JEFATURA_SUPERVISION_OPERATIVA,False,,,GRADO,Diseño Gráfico,2025-02-18,2025-02-21,3,False,False,False,False,DOCENTE,DOCENTE_TITULAR_CARRERA,False
3685,88,"FACULTAD DE ARTE, DISEÑO Y COMUNICACIÓN AUDIOVISUAL",Coordinador de prácticas empresariales,JEFATURA_SUPERVISION_OPERATIVA,False,,,GRADO,Producción para Medios de Comunicación,2025-02-18,2025-02-21,3,False,False,True,False,DOCENTE,DOCENTE_TITULAR_CARRERA,False
3685,88,"FACULTAD DE ARTE, DISEÑO Y COMUNICACIÓN AUDIOVISUAL",Subrogación,OTROS_AA,True,Subdecano,AUTORIDAD_ACADEMICA_SUPERIOR,,,2025-03-10,2025-03-18,8,False,False,False,False,DOCENTE,DOCENTE_TITULAR_CARRERA,False
3685,88,"FACULTAD DE ARTE, DISEÑO Y COMUNICACIÓN AUDIOVISUAL",Coordinador de prácticas empresariales,JEFATURA_SUPERVISION_OPERATIVA,False,,,GRADO,Diseño Gráfico,2025-03-10,2026-02-13,340,False,False,False,False,DOCENTE,DOCENTE_TITULAR_CARRERA,False
3685,88,"FACULTAD DE ARTE, DISEÑO Y COMUNICACIÓN AUDIOVISUAL",Coordinador de prácticas empresariales,JEFATURA_SUPERVISION_OPERATIVA,False,,,GRADO,Producción para Medios de Comunicación,2025-03-10,2026-02-13,340,False,False,True,False,DOCENTE,DOCENTE_TITULAR_CARRERA,False
3685,88,"FACULTAD DE ARTE, DISEÑO Y COMUNICACIÓN AUDIOVISUAL",Subrogación,OTROS_AA,True,Subdecano,AUTORIDAD_ACADEMICA_SUPERIOR,,,2025-03-25,2025-04-15,21,False,False,False,False,DOCENTE,DOCENTE_TITULAR_CARRERA,False
3685,88,"FACULTAD DE ARTE, DISEÑO Y COMUNICACIÓN AUDIOVISUAL",Subrogación,OTROS_AA,True,Subdecano,AUTORIDAD_ACADEMICA_SUPERIOR,,,2025-05-01,2025-05-09,8,False,False,False,False,DOCENTE,DOCENTE_TITULAR_CARRERA,False
3685,88,"FACULTAD DE ARTE, DISEÑO Y COMUNICACIÓN AUDIOVISUAL",Coordinador de prácticas empresariales,JEFATURA_SUPERVISION_OPERATIVA,False,,,GRADO,Diseño Gráfico,2025-05-05,2024-11-26,0,False,True,False,False,DOCENTE,DOCENTE_TITULAR_CARRERA,False
3685,88,"FACULTAD DE ARTE, DISEÑO Y COMUNICACIÓN AUDIOVISUAL",Coordinador de prácticas empresariales,JEFATURA_SUPERVISION_OPERATIVA,False,,,GRADO,Producción para Medios de Comunicación,2025-05-05,2024-11-26,0,False,True,True,False,DOCENTE,DOCENTE_TITULAR_CARRERA,False
3685,88,"FACULTAD DE ARTE, DISEÑO Y COMUNICACIÓN AUDIOVISUAL",Subrogación,OTROS_AA,True,Decano,AUTORIDAD_ACADEMICA_SUPERIOR,,,2025-10-14,2025-10-19,5,False,False,False,False,DOCENTE,DOCENTE_TITULAR_CARRERA,False
3685,88,"FACULTAD DE ARTE, DISEÑO Y COMUNICACIÓN AUDIOVISUAL",Coordinador de prácticas empresariales,JEFATURA_SUPERVISION_OPERATIVA,False,,,GRADO,Producción para Medios de Comunicación,2025-10-29,2027-02-12,471,False,False,False,False,DOCENTE,DOCENTE_TITULAR_CARRERA,False
3685,88,"FACULTAD DE ARTE, DISEÑO Y COMUNICACIÓN AUDIOVISUAL",Coordinador de prácticas empresariales,JEFATURA_SUPERVISION_OPERATIVA,False,,,GRADO,Diseño Gráfico,2026-02-14,2027-02-12,363,False,False,False,False,DOCENTE,DOCENTE_TITULAR_CARRERA,False
3685,88,"FACULTAD DE ARTE, DISEÑO Y COMUNICACIÓN AUDIOVISUAL",Coordinador de prácticas empresariales,JEFATURA_SUPERVISION_OPERATIVA,False,,,GRADO,Producción para Medios de Comunicación,2026-02-14,2025-10-28,0,False,True,False,False,DOCENTE,DOCENTE_TITULAR_CARRERA,False
3685,88,"FACULTAD DE ARTE, DISEÑO Y COMUNICACIÓN AUDIOVISUAL",Subrogación,OTROS_AA,True,Subdecano,AUTORIDAD_ACADEMICA_SUPERIOR,,,2026-03-26,2026-03-29,3,False,False,False,False,DOCENTE,AUTORIDAD_ACADEMICA_SUPERIOR,True
3685,88,"FACULTAD DE ARTE, DISEÑO Y COMUNICACIÓN AUDIOVISUAL",Coordinador de prácticas empresariales,JEFATURA_SUPERVISION_OPERATIVA,False,,,GRADO,Diseño de Productos,2026-08-21,2026-09-25,35,False,False,False,False,DOCENTE,DOCENTE_TITULAR_CARRERA,False
3724,75,CENTRO DE ESTUDIOS ASIA-PACÍFICO,Director,AUTORIDAD_ADMINISTRATIVA_SUPERIOR,False,,,,,2017-11-13,2021-03-15,1218,False,False,False,False,DOCENTE,DOCENTE_TITULAR_CARRERA,False
3724,26,ESCUELA DE POSTGRADO EN ADMINISTRACIÓN DE EMPRESAS,Miembro del consejo politécnico,OTROS_AA,False,,,,,2019-08-22,2022-08-21,1095,False,False,False,False,DOCENTE,DOCENTE_TITULAR_CARRERA,False
3724,121,CENTRO DE ESTUDIOS ASIA-PACÍFICO,Director,AUTORIDAD_ADMINISTRATIVA_SUPERIOR,False,,,,,2021-03-16,2026-03-25,1835,False,False,False,False,DOCENTE,DOCENTE_TITULAR_CARRERA,False
3724,121,CENTRO DE ESTUDIOS ASIA-PACÍFICO,Director,AUTORIDAD_ADMINISTRATIVA_SUPERIOR,False,,,,,2026-04-18,,150,False,False,False,False,DOCENTE,DOCENTE_TITULAR_CARRERA,False
3725,28,DECANATO DE INVESTIGACIÓN,Subrogación,OTROS_AA,True,Decano,AUTORIDAD_ACADEMICA_SUPERIOR,,,2020-02-12,2020-02-16,4,False,False,False,False,DOCENTE,DOCENTE_TITULAR_CARRERA,False
3725,136,DECANATO DE INVESTIGACIÓN,Subrogación,OTROS_AA,True,Decano,AUTORIDAD_ACADEMICA_SUPERIOR,,,2023-01-03,2023-01-06,3,False,False,False,False,DOCENTE,AUTORIDAD_ACADEMICA_SUPERIOR,True
3725,136,DECANATO DE INVESTIGACIÓN,Subrogación,OTROS_AA,True,Decano,AUTORIDAD_ACADEMICA_SUPERIOR,,,2023-01-30,2023-02-04,5,False,False,False,False,DOCENTE,AUTORIDAD_ACADEMICA_SUPERIOR,True
3725,136,DECANATO DE INVESTIGACIÓN,Subrogación,OTROS_AA,True,Decano,AUTORIDAD_ACADEMICA_SUPERIOR,,,2023-04-21,2023-04-27,6,False,False,False,False,DOCENTE,AUTORIDAD_ACADEMICA_SUPERIOR,True
3725,136,DECANATO DE INVESTIGACIÓN,Subrogación,OTROS_AA,True,Decano,AUTORIDAD_ACADEMICA_SUPERIOR,,,2023-06-06,2023-06-10,4,False,False,False,False,DOCENTE,AUTORIDAD_ACADEMICA_SUPERIOR,True
3725,136,DECANATO DE INVESTIGACIÓN,Subrogación,OTROS_AA,True,Decano,AUTORIDAD_ACADEMICA_SUPERIOR,,,2023-07-01,2023-07-14,13,False,False,False,False,DOCENTE,AUTORIDAD_ACADEMICA_SUPERIOR,True
3725,136,DECANATO DE INVESTIGACIÓN,Subrogación,OTROS_AA,True,Decano,AUTORIDAD_ACADEMICA_SUPERIOR,,,2023-07-22,2023-07-29,7,False,False,False,False,DOCENTE,AUTORIDAD_ACADEMICA_SUPERIOR,True
3725,136,DECANATO DE INVESTIGACIÓN,Subrogación,OTROS_AA,True,Decano,AUTORIDAD_ACADEMICA_SUPERIOR,,,2023-09-11,2023-09-15,4,False,False,False,False,DOCENTE,AUTORIDAD_ACADEMICA_SUPERIOR,True
3725,136,DECANATO DE INVESTIGACIÓN,Subrogación,OTROS_AA,True,Decano,AUTORIDAD_ACADEMICA_SUPERIOR,,,2023-09-17,2023-09-20,3,False,False,False,False,DOCENTE,AUTORIDAD_ACADEMICA_SUPERIOR,True
3725,136,DECANATO DE INVESTIGACIÓN,Subrogación,OTROS_AA,True,Decano,AUTORIDAD_ACADEMICA_SUPERIOR,,,2023-09-24,2023-10-02,8,False,False,False,False,DOCENTE,AUTORIDAD_ACADEMICA_SUPERIOR,True
3725,136,DECANATO DE INVESTIGACIÓN,Subrogación,OTROS_AA,True,Decano,AUTORIDAD_ACADEMICA_SUPERIOR,,,2023-12-18,2023-12-22,4,False,False,False,False,DOCENTE,AUTORIDAD_ACADEMICA_SUPERIOR,True
3725,136,DECANATO DE INVESTIGACIÓN,Subrogación,OTROS_AA,True,Decano,AUTORIDAD_ACADEMICA_SUPERIOR,,,2024-02-26,2024-03-01,4,False,False,False,False,DOCENTE,DOCENTE_CONTRATADO_SERVICIOS_CIVILES,False
3725,136,DECANATO DE INVESTIGACIÓN,Subrogación,OTROS_AA,True,Decano,AUTORIDAD_ACADEMICA_SUPERIOR,,,2024-04-21,2024-04-22,1,False,False,False,False,DOCENTE,DOCENTE_TITULAR_CARRERA,False
3725,136,DECANATO DE INVESTIGACIÓN,Subrogación,OTROS_AA,True,Decano,AUTORIDAD_ACADEMICA_SUPERIOR,,,2024-04-23,2024-04-27,4,False,False,False,False,DOCENTE,AUTORIDAD_ACADEMICA_SUPERIOR,True
3725,136,DECANATO DE INVESTIGACIÓN,Subrogación,OTROS_AA,True,Decano,AUTORIDAD_ACADEMICA_SUPERIOR,,,2024-08-22,2024-08-31,9,False,False,False,False,DOCENTE,AUTORIDAD_ACADEMICA_SUPERIOR,True
3725,136,DECANATO DE INVESTIGACIÓN,Subrogación,OTROS_AA,True,Decano,AUTORIDAD_ACADEMICA_SUPERIOR,,,2024-09-17,2024-09-21,4,False,False,False,False,DOCENTE,AUTORIDAD_ACADEMICA_SUPERIOR,True
3725,136,DECANATO DE INVESTIGACIÓN,Subrogación,OTROS_AA,True,Decano,AUTORIDAD_ACADEMICA_SUPERIOR,,,2024-09-22,2024-09-24,2,False,False,False,False,DOCENTE,AUTORIDAD_ACADEMICA_SUPERIOR,True
3725,136,DECANATO DE INVESTIGACIÓN,Subrogación,OTROS_AA,True,Decano,AUTORIDAD_ACADEMICA_SUPERIOR,,,2024-12-16,2024-12-24,8,False,False,False,False,DOCENTE,AUTORIDAD_ACADEMICA_SUPERIOR,True
3725,136,DECANATO DE INVESTIGACIÓN,Subrogación,OTROS_AA,True,Decano,AUTORIDAD_ACADEMICA_SUPERIOR,,,2025-01-23,2025-01-23,0,False,False,False,False,DOCENTE,AUTORIDAD_ACADEMICA_SUPERIOR,True
3725,136,DECANATO DE INVESTIGACIÓN,Subrogación,OTROS_AA,True,Decano,AUTORIDAD_ACADEMICA_SUPERIOR,,,2025-02-09,2025-02-12,3,False,False,False,False,DOCENTE,AUTORIDAD_ACADEMICA_SUPERIOR,True
3725,136,DECANATO DE INVESTIGACIÓN,Subrogación,OTROS_AA,True,Decano,AUTORIDAD_ACADEMICA_SUPERIOR,,,2025-03-05,2025-03-16,11,False,False,False,False,DOCENTE,DOCENTE_CONTRATADO_SERVICIOS_CIVILES,False
3725,136,DECANATO DE INVESTIGACIÓN,Subrogación,OTROS_AA,True,Decano,AUTORIDAD_ACADEMICA_SUPERIOR,,,2025-04-26,2025-05-01,5,False,False,False,False,DOCENTE,AUTORIDAD_ACADEMICA_SUPERIOR,True
3725,136,DECANATO DE INVESTIGACIÓN,Subrogación,OTROS_AA,True,Decano,AUTORIDAD_ACADEMICA_SUPERIOR,,,2025-05-15,2025-05-18,3,False,False,False,False,DOCENTE,AUTORIDAD_ACADEMICA_SUPERIOR,True
3725,136,DECANATO DE INVESTIGACIÓN,Subrogación,OTROS_AA,True,Decano,AUTORIDAD_ACADEMICA_SUPERIOR,,,2025-06-06,2025-06-06,0,False,False,False,False,DOCENTE,AUTORIDAD_ACADEMICA_SUPERIOR,True
3725,136,DECANATO DE INVESTIGACIÓN,Subrogación,OTROS_AA,True,Decano,AUTORIDAD_ACADEMICA_SUPERIOR,,,2025-06-12,2025-06-18,6,False,False,False,False,DOCENTE,AUTORIDAD_ACADEMICA_SUPERIOR,True
3725,136,DECANATO DE INVESTIGACIÓN,Subrogación,OTROS_AA,True,Decano,AUTORIDAD_ACADEMICA_SUPERIOR,,,2025-06-23,2025-06-28,5,False,False,False,False,DOCENTE,AUTORIDAD_ACADEMICA_SUPERIOR,True
3725,136,DECANATO DE INVESTIGACIÓN,Subrogación,OTROS_AA,True,Decano,AUTORIDAD_ACADEMICA_SUPERIOR,,,2025-07-13,2025-07-18,5,False,False,False,False,DOCENTE,AUTORIDAD_ACADEMICA_SUPERIOR,True
3725,136,DECANATO DE INVESTIGACIÓN,Subrogación,OTROS_AA,True,Decano,AUTORIDAD_ACADEMICA_SUPERIOR,,,2025-08-12,2025-08-12,0,False,False,False,False,DOCENTE,AUTORIDAD_ACADEMICA_SUPERIOR,True
3725,136,DECANATO DE INVESTIGACIÓN,Subrogación,OTROS_AA,True,Decano,AUTORIDAD_ACADEMICA_SUPERIOR,,,2025-09-12,2025-09-20,8,False,False,False,False,DOCENTE,AUTORIDAD_ACADEMICA_SUPERIOR,True
3725,136,DECANATO DE INVESTIGACIÓN,Subrogación,OTROS_AA,True,Decano,AUTORIDAD_ACADEMICA_SUPERIOR,,,2025-10-06,2025-10-08,2,False,False,False,False,DOCENTE,AUTORIDAD_ACADEMICA_SUPERIOR,True
3725,136,DECANATO DE INVESTIGACIÓN,Subrogación,OTROS_AA,True,Decano,AUTORIDAD_ACADEMICA_SUPERIOR,,,2025-11-07,2025-11-10,3,False,False,False,False,DOCENTE,AUTORIDAD_ACADEMICA_SUPERIOR,True
3725,136,DECANATO DE INVESTIGACIÓN,Subrogación,OTROS_AA,True,Decano,AUTORIDAD_ACADEMICA_SUPERIOR,,,2025-11-23,2025-12-03,10,False,False,False,False,DOCENTE,AUTORIDAD_ACADEMICA_SUPERIOR,True
3725,136,DECANATO DE INVESTIGACIÓN,Subrogación,OTROS_AA,True,Decano,AUTORIDAD_ACADEMICA_SUPERIOR,,,2025-12-23,2025-12-24,1,False,False,False,False,DOCENTE,DOCENTE_TITULAR_CARRERA,False
3725,136,DECANATO DE INVESTIGACIÓN,Subrogación,OTROS_AA,True,Decano,AUTORIDAD_ACADEMICA_SUPERIOR,,,2026-01-19,2026-01-30,11,False,False,False,False,DOCENTE,DOCENTE_TITULAR_CARRERA,False
3725,136,DECANATO DE INVESTIGACIÓN,Subrogación,OTROS_AA,True,Decano,AUTORIDAD_ACADEMICA_SUPERIOR,,,2026-03-31,2026-04-01,1,False,False,False,False,DOCENTE,AUTORIDAD_ACADEMICA_SUPERIOR,True
3725,136,DECANATO DE INVESTIGACIÓN,Subrogación,OTROS_AA,True,Decano,AUTORIDAD_ACADEMICA_SUPERIOR,,,2026-04-15,2026-05-02,17,False,False,False,False,DOCENTE,AUTORIDAD_ACADEMICA_SUPERIOR,True
3725,136,DECANATO DE INVESTIGACIÓN,Subrogación,OTROS_AA,True,Decano,AUTORIDAD_ACADEMICA_SUPERIOR,,,2026-06-21,2026-06-28,7,False,False,False,False,DOCENTE,DOCENTE_CONTRATADO_SERVICIOS_CIVILES,False
3725,136,DECANATO DE INVESTIGACIÓN,Subrogación,OTROS_AA,True,Decano,AUTORIDAD_ACADEMICA_SUPERIOR,,,2026-07-12,2026-07-17,5,False,False,False,False,DOCENTE,AUTORIDAD_ACADEMICA_SUPERIOR,True
3725,136,DECANATO DE INVESTIGACIÓN,Subrogación,OTROS_AA,True,Decano,AUTORIDAD_ACADEMICA_SUPERIOR,,,2026-07-21,2026-07-25,4,False,False,False,False,DOCENTE,AUTORIDAD_ACADEMICA_SUPERIOR,True
3725,136,DECANATO DE INVESTIGACIÓN,Subrogación,OTROS_AA,True,Decano,AUTORIDAD_ACADEMICA_SUPERIOR,,,2026-09-10,2026-09-11,1,False,False,False,False,DOCENTE,DOCENTE_TITULAR_CARRERA,False
3727,27,ESCUELA DE DISEÑO Y COMUNICACIÓN VISUAL,Subdirector académico,AUTORIDAD_ADMINISTRATIVA_SUPERIOR,False,,,,,2012-11-16,2013-09-27,315,False,False,False,False,DOCENTE,DOCENTE_TITULAR_CARRERA,False
3728,11,"FACULTAD DE INGENIERIA MARÍTIMA, CIENCIAS BIOLÓGICAS, OCEÁNICAS Y RECURSOS NATURALES",Subdecano,AUTORIDAD_ACADEMICA_SUPERIOR,False,,,,,2012-11-20,2015-07-27,979,False,False,False,False,DOCENTE,DOCENTE_TITULAR_CARRERA,False
3728,61,FACULTAD DE CIENCIAS DE LA VIDA,Subdecano,AUTORIDAD_ACADEMICA_SUPERIOR,False,,,,,2015-09-11,2017-11-12,793,False,False,False,False,DOCENTE,AUTORIDAD_ACADEMICA_SUPERIOR,True
3728,61,FACULTAD DE CIENCIAS DE LA VIDA,Miembro del consejo politécnico,OTROS_AA,False,,,,,2019-08-22,2020-01-13,144,False,False,False,False,DOCENTE,DOCENTE_TITULAR_CARRERA,False
3728,28,DECANATO DE INVESTIGACIÓN,Subrogación,OTROS_AA,True,Decano,AUTORIDAD_ACADEMICA_SUPERIOR,,,2019-10-22,2019-10-23,1,False,False,False,False,DOCENTE,AUTORIDAD_ACADEMICA_SUPERIOR,True
3728,28,DECANATO DE INVESTIGACIÓN,Subrogación,OTROS_AA,True,Decano,AUTORIDAD_ACADEMICA_SUPERIOR,,,2019-11-17,2019-11-20,3,False,False,False,False,DOCENTE,AUTORIDAD_ACADEMICA_SUPERIOR,True
3728,28,DECANATO DE INVESTIGACIÓN,Subrogación,OTROS_AA,True,Decano,AUTORIDAD_ACADEMICA_SUPERIOR,,,2020-01-26,2020-02-01,6,False,False,False,False,DOCENTE,AUTORIDAD_ACADEMICA_SUPERIOR,True
3728,28,DECANATO DE INVESTIGACIÓN,Subrogación,OTROS_AA,True,Decano,AUTORIDAD_ACADEMICA_SUPERIOR,,,2020-02-21,2020-03-01,9,False,False,False,False,DOCENTE,AUTORIDAD_ACADEMICA_SUPERIOR,True
3728,28,DECANATO DE INVESTIGACIÓN,Subrogación,OTROS_AA,True,Decano,AUTORIDAD_ACADEMICA_SUPERIOR,,,2020-03-02,2020-03-15,13,False,False,False,False,DOCENTE,AUTORIDAD_ACADEMICA_SUPERIOR,True
3728,28,DECANATO DE INVESTIGACIÓN,Subrogación,OTROS_AA,True,Decano,AUTORIDAD_ACADEMICA_SUPERIOR,,,2021-05-03,2021-05-05,2,False,False,False,False,DOCENTE,AUTORIDAD_ACADEMICA_SUPERIOR,True
3728,28,DECANATO DE INVESTIGACIÓN,Subrogación,OTROS_AA,True,Decano,AUTORIDAD_ACADEMICA_SUPERIOR,,,2021-07-14,2021-07-16,2,False,False,False,False,DOCENTE,AUTORIDAD_ACADEMICA_SUPERIOR,True
3728,28,DECANATO DE INVESTIGACIÓN,Subrogación,OTROS_AA,True,Decano,AUTORIDAD_ACADEMICA_SUPERIOR,,,2021-09-04,2021-09-15,11,False,False,False,False,DOCENTE,AUTORIDAD_ACADEMICA_SUPERIOR,True
3728,28,DECANATO DE INVESTIGACIÓN,Subrogación,OTROS_AA,True,Decano,AUTORIDAD_ACADEMICA_SUPERIOR,,,2021-09-16,2021-09-20,4,False,False,False,False,DOCENTE,AUTORIDAD_ACADEMICA_SUPERIOR,True
3728,28,DECANATO DE INVESTIGACIÓN,Subrogación,OTROS_AA,True,Decano,AUTORIDAD_ACADEMICA_SUPERIOR,,,2021-09-30,2021-10-01,1,False,False,False,False,DOCENTE,AUTORIDAD_ACADEMICA_SUPERIOR,True
3728,28,DECANATO DE INVESTIGACIÓN,Subrogación,OTROS_AA,True,Decano,AUTORIDAD_ACADEMICA_SUPERIOR,,,2021-11-15,2021-11-24,9,False,False,False,False,DOCENTE,AUTORIDAD_ACADEMICA_SUPERIOR,True
3728,28,DECANATO DE INVESTIGACIÓN,Subrogación,OTROS_AA,True,Decano,AUTORIDAD_ACADEMICA_SUPERIOR,,,2022-03-02,2022-03-08,6,False,False,False,False,DOCENTE,AUTORIDAD_ACADEMICA_SUPERIOR,True
3728,28,DECANATO DE INVESTIGACIÓN,Subrogación,OTROS_AA,True,Decano,AUTORIDAD_ACADEMICA_SUPERIOR,,,2022-03-09,2022-03-12,3,False,False,False,False,DOCENTE,AUTORIDAD_ACADEMICA_SUPERIOR,True
3728,28,DECANATO DE INVESTIGACIÓN,Subrogación,OTROS_AA,True,Decano,AUTORIDAD_ACADEMICA_SUPERIOR,,,2022-03-14,2022-03-20,6,False,False,False,False,DOCENTE,AUTORIDAD_ACADEMICA_SUPERIOR,True
3728,28,DECANATO DE INVESTIGACIÓN,Subrogación,OTROS_AA,True,Decano,AUTORIDAD_ACADEMICA_SUPERIOR,,,2022-04-15,2022-04-18,3,False,False,False,False,DOCENTE,AUTORIDAD_ACADEMICA_SUPERIOR,True
3728,28,DECANATO DE INVESTIGACIÓN,Subrogación,OTROS_AA,True,Decano,AUTORIDAD_ACADEMICA_SUPERIOR,,,2022-05-02,2022-05-03,1,False,False,False,False,DOCENTE,AUTORIDAD_ACADEMICA_SUPERIOR,True
3728,28,DECANATO DE INVESTIGACIÓN,Subrogación,OTROS_AA,True,Decano,AUTORIDAD_ACADEMICA_SUPERIOR,,,2022-06-26,2022-07-02,6,False,False,False,False,DOCENTE,AUTORIDAD_ACADEMICA_SUPERIOR,True
3728,28,DECANATO DE INVESTIGACIÓN,Subrogación,OTROS_AA,True,Decano,AUTORIDAD_ACADEMICA_SUPERIOR,,,2022-07-04,2022-07-12,8,False,False,False,False,DOCENTE,AUTORIDAD_ACADEMICA_SUPERIOR,True
3728,28,DECANATO DE INVESTIGACIÓN,Subrogación,OTROS_AA,True,Decano,AUTORIDAD_ACADEMICA_SUPERIOR,,,2022-09-02,2022-09-09,7,False,False,False,False,DOCENTE,AUTORIDAD_ACADEMICA_SUPERIOR,True
3728,28,DECANATO DE INVESTIGACIÓN,Subrogación,OTROS_AA,True,Decano,AUTORIDAD_ACADEMICA_SUPERIOR,,,2022-09-26,2022-10-02,6,False,False,False,False,DOCENTE,AUTORIDAD_ACADEMICA_SUPERIOR,True
3728,28,DECANATO DE INVESTIGACIÓN,Subrogación,OTROS_AA,True,Decano,AUTORIDAD_ACADEMICA_SUPERIOR,,,2022-10-10,2022-10-15,5,False,False,False,False,DOCENTE,AUTORIDAD_ACADEMICA_SUPERIOR,True
3728,28,DECANATO DE INVESTIGACIÓN,Subrogación,OTROS_AA,True,Decano,AUTORIDAD_ACADEMICA_SUPERIOR,,,2022-10-30,2022-11-05,6,False,False,False,False,DOCENTE,AUTORIDAD_ACADEMICA_SUPERIOR,True
3728,28,DECANATO DE INVESTIGACIÓN,Subrogación,OTROS_AA,True,Decano,AUTORIDAD_ACADEMICA_SUPERIOR,,,2022-11-06,2022-11-06,0,False,False,False,False,DOCENTE,AUTORIDAD_ACADEMICA_SUPERIOR,True
3728,150,ESCUELA DE DOCTORADO,Director,AUTORIDAD_ADMINISTRATIVA_SUPERIOR,False,,,,,2025-08-05,,406,False,False,False,False,DOCENTE,DOCENTE_TITULAR_CARRERA,False
3731,61,FACULTAD DE CIENCIAS DE LA VIDA,Miembro del consejo directivo - trabajadores,OTROS_AA,False,,,,,2016-05-09,2018-05-08,729,False,False,False,False,ADMINISTRATIVO,ASISTENCIA_SECRETARIAL_OFICINA,False
3734,47,GERENCIA FINANCIERA,Gerente,AUTORIDAD_ADMINISTRATIVA_SUPERIOR,False,,,,,2015-01-01,2017-10-31,1034,False,False,False,False,ADMINISTRATIVO,PROFESIONAL_ANALISTA,False
3734,47,GERENCIA FINANCIERA,Gerente,AUTORIDAD_ADMINISTRATIVA_SUPERIOR,False,,,,,2018-07-01,,2998,False,False,False,False,ADMINISTRATIVO,AUTORIDAD_ADMINISTRATIVA_SUPERIOR,True
3738,11,"FACULTAD DE INGENIERIA MARÍTIMA, CIENCIAS BIOLÓGICAS, OCEÁNICAS Y RECURSOS NATURALES",Subdecano,AUTORIDAD_ACADEMICA_SUPERIOR,False,,,,,2015-08-06,2016-03-02,209,False,False,False,False,DOCENTE,AUTORIDAD_ACADEMICA_SUPERIOR,True
3738,11,"FACULTAD DE INGENIERIA MARÍTIMA, CIENCIAS BIOLÓGICAS, OCEÁNICAS Y RECURSOS NATURALES",Miembro del consejo directivo,OTROS_AA,False,,,,,2017-01-27,2019-01-23,726,False,False,False,False,DOCENTE,DOCENTE_TITULAR_CARRERA,False
3738,29,DECANATO DE POSTGRADO,Decano,AUTORIDAD_ACADEMICA_SUPERIOR,False,,,,,2017-11-13,2021-02-21,1196,False,False,False,False,DOCENTE,DOCENTE_TITULAR_CARRERA,False
3738,86,FACULTAD DE INGENIERÍA MARÍTIMA Y CIENCIAS DEL MAR,Miembro del consejo directivo,OTROS_AA,False,,,,,2019-01-24,2020-01-26,367,False,False,False,False,DOCENTE,DOCENTE_TITULAR_CARRERA,False
3738,3,VICERRECTORADO ACADÉMICO,Subrogación,OTROS_AA,True,Vicerrector,AUTORIDAD_ACADEMICA_SUPERIOR,,,2019-03-01,2019-03-09,8,False,False,False,False,DOCENTE,DOCENTE_TITULAR_CARRERA,False
3738,3,VICERRECTORADO ACADÉMICO,Subrogación,OTROS_AA,True,Vicerrector,AUTORIDAD_ACADEMICA_SUPERIOR,,,2019-03-13,2019-03-17,4,False,False,False,False,DOCENTE,AUTORIDAD_ACADEMICA_SUPERIOR,True
3738,3,VICERRECTORADO ACADÉMICO,Subrogación,OTROS_AA,True,Vicerrector,AUTORIDAD_ACADEMICA_SUPERIOR,,,2019-06-19,2019-06-22,3,False,False,False,False,DOCENTE,DOCENTE_TITULAR_CARRERA,False
3738,3,VICERRECTORADO ACADÉMICO,Subrogación,OTROS_AA,True,Vicerrector,AUTORIDAD_ACADEMICA_SUPERIOR,,,2019-08-11,2019-08-15,4,False,False,False,False,DOCENTE,DOCENTE_TITULAR_CARRERA,False
3738,17,FACULTAD DE CIENCIAS SOCIALES Y HUMANÍSTICAS,Miembro del consejo politécnico,OTROS_AA,False,,,,,2022-09-01,2025-08-31,1095,False,False,False,False,DOCENTE,DOCENTE_TITULAR_CARRERA,False
3738,17,FACULTAD DE CIENCIAS SOCIALES Y HUMANÍSTICAS,Decano,AUTORIDAD_ACADEMICA_SUPERIOR,False,,,,,2025-11-01,,318,False,False,False,False,DOCENTE,DOCENTE_TITULAR_CARRERA,False
3738,136,DECANATO DE INVESTIGACIÓN,Subrogación,OTROS_AA,True,Decano,AUTORIDAD_ACADEMICA_SUPERIOR,,,2026-03-25,2026-03-27,2,False,False,False,False,DOCENTE,AUTORIDAD_ACADEMICA_SUPERIOR,True
3738,136,DECANATO DE INVESTIGACIÓN,Subrogación,OTROS_AA,True,Decano,AUTORIDAD_ACADEMICA_SUPERIOR,,,2026-03-30,2026-03-30,0,False,False,False,False,DOCENTE,AUTORIDAD_ACADEMICA_SUPERIOR,True
3740,22,FACULTAD DE INGENIERÍA MECÁNICA Y CIENCIAS DE LA PRODUCCIÓN,Coordinador de programa de postgrado,JEFATURA_SUPERVISION_OPERATIVA,False,,,POSGRADO,Maestría en Mejoramiento de Procesos,2015-08-12,2018-09-27,1142,False,False,False,False,DOCENTE,DOCENTE_TITULAR_CARRERA,False
3740,22,FACULTAD DE INGENIERÍA MECÁNICA Y CIENCIAS DE LA PRODUCCIÓN,Coordinador de carrera,JEFATURA_SUPERVISION_OPERATIVA,False,,,GRADO,Ingeniería Industrial,2017-03-01,2017-05-31,91,False,False,False,False,DOCENTE,DOCENTE_TITULAR_CARRERA,False
3740,22,FACULTAD DE INGENIERÍA MECÁNICA Y CIENCIAS DE LA PRODUCCIÓN,Coordinador de carrera,JEFATURA_SUPERVISION_OPERATIVA,False,,,GRADO,Ingeniería Industrial,2017-03-20,2017-05-05,46,False,False,False,False,DOCENTE,DOCENTE_TITULAR_CARRERA,False
3740,22,FACULTAD DE INGENIERÍA MECÁNICA Y CIENCIAS DE LA PRODUCCIÓN,Coordinador de programa de postgrado,JEFATURA_SUPERVISION_OPERATIVA,False,,,POSGRADO,Maestría en Mejoramiento de Procesos,2018-09-28,2019-12-31,459,False,False,False,False,DOCENTE,DOCENTE_TITULAR_CARRERA,False
3740,22,FACULTAD DE INGENIERÍA MECÁNICA Y CIENCIAS DE LA PRODUCCIÓN,Miembro del consejo directivo,OTROS_AA,False,,,,,2019-12-10,2022-12-09,1095,False,False,False,False,DOCENTE,DOCENTE_TITULAR_CARRERA,False
3740,22,FACULTAD DE INGENIERÍA MECÁNICA Y CIENCIAS DE LA PRODUCCIÓN,Coordinador de programa de postgrado,JEFATURA_SUPERVISION_OPERATIVA,False,,,POSGRADO,Maestría en Mejoramiento de Procesos,2020-01-01,2022-11-30,1064,False,False,False,False,DOCENTE,DOCENTE_TITULAR_CARRERA,False
3740,22,FACULTAD DE INGENIERÍA MECÁNICA Y CIENCIAS DE LA PRODUCCIÓN,Subrogación,OTROS_AA,True,Subdecano,AUTORIDAD_ACADEMICA_SUPERIOR,,,2020-01-28,2020-02-01,4,False,False,False,False,DOCENTE,DOCENTE_TITULAR_CARRERA,False
3740,22,FACULTAD DE INGENIERÍA MECÁNICA Y CIENCIAS DE LA PRODUCCIÓN,Coordinador general de postgrado,JEFATURA_SUPERVISION_OPERATIVA,False,,,,,2020-06-01,2020-06-14,13,False,False,False,False,DOCENTE,DOCENTE_TITULAR_CARRERA,False
3740,22,FACULTAD DE INGENIERÍA MECÁNICA Y CIENCIAS DE LA PRODUCCIÓN,Subrogación,OTROS_AA,True,Subdecano,AUTORIDAD_ACADEMICA_SUPERIOR,,,2020-10-03,2020-10-08,5,False,False,False,False,DOCENTE,DOCENTE_TITULAR_CARRERA,False
3740,22,FACULTAD DE INGENIERÍA MECÁNICA Y CIENCIAS DE LA PRODUCCIÓN,Coordinador general de postgrado,JEFATURA_SUPERVISION_OPERATIVA,False,,,,,2021-01-29,2021-02-12,14,False,False,False,False,DOCENTE,DOCENTE_TITULAR_CARRERA,False
3740,22,FACULTAD DE INGENIERÍA MECÁNICA Y CIENCIAS DE LA PRODUCCIÓN,Subrogación,OTROS_AA,True,Subdecano,AUTORIDAD_ACADEMICA_SUPERIOR,,,2022-03-28,2022-04-01,4,False,False,False,False,DOCENTE,DOCENTE_TITULAR_CARRERA,False
3740,22,FACULTAD DE INGENIERÍA MECÁNICA Y CIENCIAS DE LA PRODUCCIÓN,Subrogación,OTROS_AA,True,Subdecano,AUTORIDAD_ACADEMICA_SUPERIOR,,,2022-04-18,2022-04-20,2,False,False,False,False,DOCENTE,DOCENTE_TITULAR_CARRERA,False
3740,22,FACULTAD DE INGENIERÍA MECÁNICA Y CIENCIAS DE LA PRODUCCIÓN,Subrogación,OTROS_AA,True,Subdecano,AUTORIDAD_ACADEMICA_SUPERIOR,,,2022-09-26,2022-10-07,11,False,False,False,False,DOCENTE,DOCENTE_TITULAR_CARRERA,False
3740,22,FACULTAD DE INGENIERÍA MECÁNICA Y CIENCIAS DE LA PRODUCCIÓN,Subrogación,OTROS_AA,True,Subdecano,AUTORIDAD_ACADEMICA_SUPERIOR,,,2022-10-03,2022-10-07,4,False,False,False,False,DOCENTE,DOCENTE_TITULAR_CARRERA,False
3740,22,FACULTAD DE INGENIERÍA MECÁNICA Y CIENCIAS DE LA PRODUCCIÓN,Subrogación,OTROS_AA,True,Decano,AUTORIDAD_ACADEMICA_SUPERIOR,,,2022-11-14,2022-12-31,47,False,False,False,False,DOCENTE,DOCENTE_TITULAR_CARRERA,False
3740,22,FACULTAD DE INGENIERÍA MECÁNICA Y CIENCIAS DE LA PRODUCCIÓN,Subrogación,OTROS_AA,True,Subdecano,AUTORIDAD_ACADEMICA_SUPERIOR,,,2022-11-14,2022-12-31,47,False,False,True,False,DOCENTE,DOCENTE_TITULAR_CARRERA,False
3740,22,FACULTAD DE INGENIERÍA MECÁNICA Y CIENCIAS DE LA PRODUCCIÓN,Subrogación,OTROS_AA,True,Subdecano,AUTORIDAD_ACADEMICA_SUPERIOR,,,2023-01-01,2023-07-31,211,False,False,False,False,DOCENTE,DOCENTE_TITULAR_CARRERA,False
3740,22,FACULTAD DE INGENIERÍA MECÁNICA Y CIENCIAS DE LA PRODUCCIÓN,Subrogación,OTROS_AA,True,Decano,AUTORIDAD_ACADEMICA_SUPERIOR,,,2023-02-13,2023-02-17,4,False,False,False,False,DOCENTE,DOCENTE_TITULAR_CARRERA,False
3740,22,FACULTAD DE INGENIERÍA MECÁNICA Y CIENCIAS DE LA PRODUCCIÓN,Subrogación,OTROS_AA,True,Decano,AUTORIDAD_ACADEMICA_SUPERIOR,,,2023-04-06,2023-04-28,22,False,False,False,False,DOCENTE,DOCENTE_TITULAR_CARRERA,False
3740,22,FACULTAD DE INGENIERÍA MECÁNICA Y CIENCIAS DE LA PRODUCCIÓN,Subrogación,OTROS_AA,True,Subdecano,AUTORIDAD_ACADEMICA_SUPERIOR,,,2023-08-01,2023-09-15,45,False,False,False,False,DOCENTE,DOCENTE_TITULAR_CARRERA,False
3740,138,DECANATO DE GRADO,Decano de grado,AUTORIDAD_ACADEMICA_SUPERIOR,False,,,,,2023-11-20,,1030,False,False,False,False,DOCENTE,DOCENTE_TITULAR_CARRERA,False
3740,131,VICERRECTORADO DE DOCENCIA,Subrogación,OTROS_AA,True,Vicerrector,AUTORIDAD_ACADEMICA_SUPERIOR,,,2024-01-28,2024-02-04,7,False,False,False,False,DOCENTE,DOCENTE_TITULAR_CARRERA,False
3740,131,VICERRECTORADO DE DOCENCIA,Subrogación,OTROS_AA,True,Vicerrector,AUTORIDAD_ACADEMICA_SUPERIOR,,,2024-04-15,2024-04-22,7,False,False,False,False,DOCENTE,DOCENTE_TITULAR_CARRERA,False
3740,131,VICERRECTORADO DE DOCENCIA,Subrogación,OTROS_AA,True,Vicerrector,AUTORIDAD_ACADEMICA_SUPERIOR,,,2024-04-23,2024-04-27,4,False,False,False,False,DOCENTE,DOCENTE_TITULAR_CARRERA,False
3740,131,VICERRECTORADO DE DOCENCIA,Subrogación,OTROS_AA,True,Vicerrector,AUTORIDAD_ACADEMICA_SUPERIOR,,,2024-05-19,2024-06-02,14,False,False,False,False,DOCENTE,DOCENTE_TITULAR_CARRERA,False
3740,131,VICERRECTORADO DE DOCENCIA,Subrogación,OTROS_AA,True,Vicerrector,AUTORIDAD_ACADEMICA_SUPERIOR,,,2024-06-03,2024-06-06,3,False,False,False,False,DOCENTE,DOCENTE_TITULAR_CARRERA,False
3740,131,VICERRECTORADO DE DOCENCIA,Subrogación,OTROS_AA,True,Vicerrector,AUTORIDAD_ACADEMICA_SUPERIOR,,,2024-06-12,2024-06-15,3,False,False,False,False,DOCENTE,DOCENTE_TITULAR_CARRERA,False
3740,131,VICERRECTORADO DE DOCENCIA,Subrogación,OTROS_AA,True,Vicerrector,AUTORIDAD_ACADEMICA_SUPERIOR,,,2024-07-21,2024-07-26,5,False,False,False,False,DOCENTE,DOCENTE_TITULAR_CARRERA,False
3740,131,VICERRECTORADO DE DOCENCIA,Subrogación,OTROS_AA,True,Vicerrector,AUTORIDAD_ACADEMICA_SUPERIOR,,,2024-08-26,2024-08-31,5,False,False,False,False,DOCENTE,DOCENTE_TITULAR_CARRERA,False
3740,131,VICERRECTORADO DE DOCENCIA,Subrogación,OTROS_AA,True,Vicerrector,AUTORIDAD_ACADEMICA_SUPERIOR,,,2024-09-11,2024-09-30,19,False,False,False,False,DOCENTE,DOCENTE_TITULAR_CARRERA,False
3740,131,VICERRECTORADO DE DOCENCIA,Subrogación,OTROS_AA,True,Vicerrector,AUTORIDAD_ACADEMICA_SUPERIOR,,,2024-10-16,2024-10-19,3,False,False,False,False,DOCENTE,DOCENTE_TITULAR_CARRERA,False
3740,131,VICERRECTORADO DE DOCENCIA,Subrogación,OTROS_AA,True,Vicerrector,AUTORIDAD_ACADEMICA_SUPERIOR,,,2024-11-17,2024-11-22,5,False,False,False,False,DOCENTE,DOCENTE_TITULAR_CARRERA,False
3740,131,VICERRECTORADO DE DOCENCIA,Subrogación,OTROS_AA,True,Vicerrector,AUTORIDAD_ACADEMICA_SUPERIOR,,,2024-11-17,2024-11-21,4,False,False,False,False,DOCENTE,DOCENTE_TITULAR_CARRERA,False
3740,131,VICERRECTORADO DE DOCENCIA,Subrogación,OTROS_AA,True,Vicerrector,AUTORIDAD_ACADEMICA_SUPERIOR,,,2025-01-28,2025-01-30,2,False,False,False,False,DOCENTE,DOCENTE_TITULAR_CARRERA,False
3740,131,VICERRECTORADO DE DOCENCIA,Subrogación,OTROS_AA,True,Vicerrector,AUTORIDAD_ACADEMICA_SUPERIOR,,,2025-03-07,2025-03-11,4,False,False,False,False,DOCENTE,DOCENTE_TITULAR_CARRERA,False
3740,131,VICERRECTORADO DE DOCENCIA,Subrogación,OTROS_AA,True,Vicerrector,AUTORIDAD_ACADEMICA_SUPERIOR,,,2025-03-17,2025-03-21,4,False,False,False,False,DOCENTE,DOCENTE_TITULAR_CARRERA,False
3740,131,VICERRECTORADO DE DOCENCIA,Subrogación,OTROS_AA,True,Vicerrector,AUTORIDAD_ACADEMICA_SUPERIOR,,,2025-03-19,2025-03-21,2,False,False,False,False,DOCENTE,DOCENTE_TITULAR_CARRERA,False
3740,131,VICERRECTORADO DE DOCENCIA,Subrogación,OTROS_AA,True,Vicerrector,AUTORIDAD_ACADEMICA_SUPERIOR,,,2025-03-25,2025-03-28,3,False,False,False,False,DOCENTE,DOCENTE_TITULAR_CARRERA,False
3740,131,VICERRECTORADO DE DOCENCIA,Subrogación,OTROS_AA,True,Vicerrector,AUTORIDAD_ACADEMICA_SUPERIOR,,,2025-05-20,2025-05-26,6,False,False,False,False,DOCENTE,DOCENTE_TITULAR_CARRERA,False
3740,131,VICERRECTORADO DE DOCENCIA,Subrogación,OTROS_AA,True,Vicerrector,AUTORIDAD_ACADEMICA_SUPERIOR,,,2025-06-12,2025-07-01,19,False,False,False,False,DOCENTE,DOCENTE_TITULAR_CARRERA,False
3740,131,VICERRECTORADO DE DOCENCIA,Subrogación,OTROS_AA,True,Vicerrector,AUTORIDAD_ACADEMICA_SUPERIOR,,,2025-07-25,2025-08-08,14,False,False,False,False,DOCENTE,DOCENTE_TITULAR_CARRERA,False
3740,131,VICERRECTORADO DE DOCENCIA,Subrogación,OTROS_AA,True,Vicerrector,AUTORIDAD_ACADEMICA_SUPERIOR,,,2025-10-12,2025-10-14,2,False,False,False,False,DOCENTE,DOCENTE_TITULAR_CARRERA,False
3740,131,VICERRECTORADO DE DOCENCIA,Subrogación,OTROS_AA,True,Vicerrector,AUTORIDAD_ACADEMICA_SUPERIOR,,,2025-10-20,2025-10-21,1,False,False,False,False,DOCENTE,DOCENTE_TITULAR_CARRERA,False
3740,131,VICERRECTORADO DE DOCENCIA,Subrogación,OTROS_AA,True,Vicerrector,AUTORIDAD_ACADEMICA_SUPERIOR,,,2025-11-09,2025-11-15,6,False,False,False,False,DOCENTE,DOCENTE_TITULAR_CARRERA,False
3740,131,VICERRECTORADO DE DOCENCIA,Subrogación,OTROS_AA,True,Vicerrector,AUTORIDAD_ACADEMICA_SUPERIOR,,,2025-11-18,2025-11-22,4,False,False,False,False,DOCENTE,DOCENTE_TITULAR_CARRERA,False
3740,131,VICERRECTORADO DE DOCENCIA,Subrogación,OTROS_AA,True,Vicerrector,AUTORIDAD_ACADEMICA_SUPERIOR,,,2026-01-05,2026-01-14,9,False,False,False,False,DOCENTE,DOCENTE_TITULAR_CARRERA,False
3740,131,VICERRECTORADO DE DOCENCIA,Subrogación,OTROS_AA,True,Vicerrector,AUTORIDAD_ACADEMICA_SUPERIOR,,,2026-03-28,2026-04-07,10,False,False,False,False,DOCENTE,AUTORIDAD_ACADEMICA_SUPERIOR,True
3740,131,VICERRECTORADO DE DOCENCIA,Subrogación,OTROS_AA,True,Vicerrector,AUTORIDAD_ACADEMICA_SUPERIOR,,,2026-04-10,2026-04-17,7,False,False,False,False,DOCENTE,AUTORIDAD_ACADEMICA_SUPERIOR,True
3740,131,VICERRECTORADO DE DOCENCIA,Subrogación,OTROS_AA,True,Vicerrector,AUTORIDAD_ACADEMICA_SUPERIOR,,,2026-04-20,2026-04-24,4,False,False,False,False,DOCENTE,AUTORIDAD_ACADEMICA_SUPERIOR,True
3740,131,VICERRECTORADO DE DOCENCIA,Subrogación,OTROS_AA,True,Vicerrector,AUTORIDAD_ACADEMICA_SUPERIOR,,,2026-05-08,2026-05-08,0,False,False,False,False,DOCENTE,AUTORIDAD_ACADEMICA_SUPERIOR,True
3740,146,UNIDAD DE FORMACIÓN TÉCNICA TECNOLÓGICA,Director,AUTORIDAD_ADMINISTRATIVA_SUPERIOR,False,,,,,2026-05-12,2026-06-22,41,False,False,False,False,DOCENTE,DOCENTE_TITULAR_CARRERA,False
3740,131,VICERRECTORADO DE DOCENCIA,Subrogación,OTROS_AA,True,Vicerrector,AUTORIDAD_ACADEMICA_SUPERIOR,,,2026-05-25,2026-05-31,6,False,False,False,False,DOCENTE,AUTORIDAD_ACADEMICA_SUPERIOR,True
3740,131,VICERRECTORADO DE DOCENCIA,Subrogación,OTROS_AA,True,Vicerrector,AUTORIDAD_ACADEMICA_SUPERIOR,,,2026-06-22,2026-06-24,2,False,False,False,False,DOCENTE,AUTORIDAD_ACADEMICA_SUPERIOR,True
3740,131,VICERRECTORADO DE DOCENCIA,Subrogación,OTROS_AA,True,Vicerrector,AUTORIDAD_ACADEMICA_SUPERIOR,,,2026-07-01,2026-07-05,4,False,False,False,False,DOCENTE,AUTORIDAD_ACADEMICA_SUPERIOR,True
3740,131,VICERRECTORADO DE DOCENCIA,Subrogación,OTROS_AA,True,Vicerrector,AUTORIDAD_ACADEMICA_SUPERIOR,,,2026-07-10,2026-07-10,0,False,False,False,False,DOCENTE,AUTORIDAD_ACADEMICA_SUPERIOR,True
3740,131,VICERRECTORADO DE DOCENCIA,Subrogación,OTROS_AA,True,Vicerrector,AUTORIDAD_ACADEMICA_SUPERIOR,,,2026-07-28,2026-08-03,6,False,False,False,False,DOCENTE,AUTORIDAD_ACADEMICA_SUPERIOR,True
3740,131,VICERRECTORADO DE DOCENCIA,Subrogación,OTROS_AA,True,Vicerrector,AUTORIDAD_ACADEMICA_SUPERIOR,,,2026-09-07,2026-09-09,2,False,False,False,False,DOCENTE,DOCENTE_CONTRATADO_SERVICIOS_CIVILES,False
3740,131,VICERRECTORADO DE DOCENCIA,Subrogación,OTROS_AA,True,Vicerrector,AUTORIDAD_ACADEMICA_SUPERIOR,,,2026-09-10,2026-09-16,6,False,False,False,False,DOCENTE,DOCENTE_CONTRATADO_SERVICIOS_CIVILES,False
3760,25,FACULTAD DE INGENIERÍA EN CIENCIAS DE LA TIERRA,Coordinador de carrera,JEFATURA_SUPERVISION_OPERATIVA,False,,,GRADO,Petróleos,2017-02-07,2019-05-21,833,False,False,False,False,DOCENTE,DOCENTE_NO_TITULAR_OCASIONAL,False
3775,35,CENTRO DE PROMOCIÓN Y EMPLEO,Director,AUTORIDAD_ADMINISTRATIVA_SUPERIOR,False,,,,,2013-01-01,2017-11-12,1776,False,False,False,False,ADMINISTRATIVO,PROFESIONAL_ANALISTA,False
3775,44,CENTRO DE INVESTIGACIONES Y SERVICIOS EDUCATIVOS,Subrogación,OTROS_AA,True,Director,AUTORIDAD_ADMINISTRATIVA_SUPERIOR,,,2023-10-17,2023-10-20,3,False,False,False,False,ADMINISTRATIVO,CONTRATO_SERVICIOS_PROFESIONALES_PROYECTO,False
3775,44,CENTRO DE INVESTIGACIONES Y SERVICIOS EDUCATIVOS,Subrogación,OTROS_AA,True,Director,AUTORIDAD_ADMINISTRATIVA_SUPERIOR,,,2024-02-27,2024-03-01,3,False,False,False,False,ADMINISTRATIVO,PROFESIONAL_ANALISTA,False
3775,44,CENTRO DE INVESTIGACIONES Y SERVICIOS EDUCATIVOS,Subrogación,OTROS_AA,True,Director,AUTORIDAD_ADMINISTRATIVA_SUPERIOR,,,2024-05-27,2024-05-29,2,False,False,False,False,ADMINISTRATIVO,PROFESIONAL_ANALISTA,False
3775,44,CENTRO DE INVESTIGACIONES Y SERVICIOS EDUCATIVOS,Subrogación,OTROS_AA,True,Director,AUTORIDAD_ADMINISTRATIVA_SUPERIOR,,,2024-07-18,2024-07-19,1,False,False,False,False,ADMINISTRATIVO,PROFESIONAL_ANALISTA,False
3775,44,CENTRO DE INVESTIGACIONES Y SERVICIOS EDUCATIVOS,Subrogación,OTROS_AA,True,Director,AUTORIDAD_ADMINISTRATIVA_SUPERIOR,,,2024-07-29,2024-08-03,5,False,False,False,False,ADMINISTRATIVO,PROFESIONAL_ANALISTA,False
3775,44,CENTRO DE INVESTIGACIONES Y SERVICIOS EDUCATIVOS,Subrogación,OTROS_AA,True,Director,AUTORIDAD_ADMINISTRATIVA_SUPERIOR,,,2024-09-09,2024-09-13,4,False,False,False,False,ADMINISTRATIVO,PROFESIONAL_ANALISTA,False
3775,44,CENTRO DE INVESTIGACIONES Y SERVICIOS EDUCATIVOS,Subrogación,OTROS_AA,True,Director,AUTORIDAD_ADMINISTRATIVA_SUPERIOR,,,2025-02-26,2025-02-26,0,False,False,False,False,ADMINISTRATIVO,PROFESIONAL_ANALISTA,False
3775,44,CENTRO DE INVESTIGACIONES Y SERVICIOS EDUCATIVOS,Subrogación,OTROS_AA,True,Director,AUTORIDAD_ADMINISTRATIVA_SUPERIOR,,,2025-02-28,2025-02-28,0,False,False,False,False,ADMINISTRATIVO,PROFESIONAL_ANALISTA,False
3775,44,CENTRO DE INVESTIGACIONES Y SERVICIOS EDUCATIVOS,Subrogación,OTROS_AA,True,Director,AUTORIDAD_ADMINISTRATIVA_SUPERIOR,,,2025-04-14,2025-04-15,1,False,False,False,False,ADMINISTRATIVO,PROFESIONAL_ANALISTA,False
3775,44,CENTRO DE INVESTIGACIONES Y SERVICIOS EDUCATIVOS,Subrogación,OTROS_AA,True,Director,AUTORIDAD_ADMINISTRATIVA_SUPERIOR,,,2025-07-18,2025-07-18,0,False,False,False,False,ADMINISTRATIVO,PROFESIONAL_ANALISTA,False
3775,44,CENTRO DE INVESTIGACIONES Y SERVICIOS EDUCATIVOS,Subrogación,OTROS_AA,True,Director,AUTORIDAD_ADMINISTRATIVA_SUPERIOR,,,2025-09-15,2025-09-19,4,False,False,False,False,ADMINISTRATIVO,PROFESIONAL_ANALISTA,False
3775,44,CENTRO DE INVESTIGACIONES Y SERVICIOS EDUCATIVOS,Subrogación,OTROS_AA,True,Director,AUTORIDAD_ADMINISTRATIVA_SUPERIOR,,,2025-11-09,2025-11-15,6,False,False,False,False,ADMINISTRATIVO,PROFESIONAL_ANALISTA,False
3775,44,CENTRO DE INVESTIGACIONES Y SERVICIOS EDUCATIVOS,Subrogación,OTROS_AA,True,Director,AUTORIDAD_ADMINISTRATIVA_SUPERIOR,,,2025-12-26,2025-12-26,0,False,False,False,False,ADMINISTRATIVO,PROFESIONAL_ANALISTA,False
3775,44,CENTRO DE INVESTIGACIONES Y SERVICIOS EDUCATIVOS,Subrogación,OTROS_AA,True,Director,AUTORIDAD_ADMINISTRATIVA_SUPERIOR,,,2026-03-04,2026-03-04,0,False,False,False,False,ADMINISTRATIVO,AUTORIDAD_ADMINISTRATIVA_SUPERIOR,True
3775,44,CENTRO DE INVESTIGACIONES Y SERVICIOS EDUCATIVOS,Subrogación,OTROS_AA,True,Director,AUTORIDAD_ADMINISTRATIVA_SUPERIOR,,,2026-04-06,2026-04-10,4,False,False,False,False,ADMINISTRATIVO,AUTORIDAD_ADMINISTRATIVA_SUPERIOR,True
3775,44,CENTRO DE INVESTIGACIONES Y SERVICIOS EDUCATIVOS,Subrogación,OTROS_AA,True,Director,AUTORIDAD_ADMINISTRATIVA_SUPERIOR,,,2026-07-27,2026-08-02,6,False,False,False,False,ADMINISTRATIVO,AUTORIDAD_ADMINISTRATIVA_SUPERIOR,True
3775,44,CENTRO DE INVESTIGACIONES Y SERVICIOS EDUCATIVOS,Subrogación,OTROS_AA,True,Director,AUTORIDAD_ADMINISTRATIVA_SUPERIOR,,,2026-08-05,2026-08-07,2,False,False,False,False,ADMINISTRATIVO,AUTORIDAD_ADMINISTRATIVA_SUPERIOR,True
3775,44,CENTRO DE INVESTIGACIONES Y SERVICIOS EDUCATIVOS,Subrogación,OTROS_AA,True,Director,AUTORIDAD_ADMINISTRATIVA_SUPERIOR,,,2026-08-11,2026-08-12,1,False,False,False,False,ADMINISTRATIVO,AUTORIDAD_ADMINISTRATIVA_SUPERIOR,True
3775,44,CENTRO DE INVESTIGACIONES Y SERVICIOS EDUCATIVOS,Subrogación,OTROS_AA,True,Director,AUTORIDAD_ADMINISTRATIVA_SUPERIOR,,,2026-08-13,2026-08-14,1,False,False,False,False,ADMINISTRATIVO,AUTORIDAD_ADMINISTRATIVA_SUPERIOR,True
3775,44,CENTRO DE INVESTIGACIONES Y SERVICIOS EDUCATIVOS,Subrogación,OTROS_AA,True,Director,AUTORIDAD_ADMINISTRATIVA_SUPERIOR,,,2026-09-14,2026-09-20,6,False,False,False,False,ADMINISTRATIVO,PROFESIONAL_ANALISTA,False
3777,21,DEPARTAMENTO DE LENGUAS,Director departamento,AUTORIDAD_ADMINISTRATIVA_SUPERIOR,False,,,,,2014-01-01,2017-11-12,1411,False,False,False,False,DOCENTE,DOCENTE_NO_TITULAR_OCASIONAL,False
3785,88,"FACULTAD DE ARTE, DISEÑO Y COMUNICACIÓN AUDIOVISUAL",Coordinador general de postgrado,JEFATURA_SUPERVISION_OPERATIVA,False,,,,,2023-11-20,2024-12-31,407,False,False,False,False,,,
3785,88,"FACULTAD DE ARTE, DISEÑO Y COMUNICACIÓN AUDIOVISUAL",Coordinador general de postgrado,JEFATURA_SUPERVISION_OPERATIVA,False,,,,,2025-01-06,2025-12-31,359,False,False,False,False,,,
3785,88,"FACULTAD DE ARTE, DISEÑO Y COMUNICACIÓN AUDIOVISUAL",Coordinador general de postgrado,JEFATURA_SUPERVISION_OPERATIVA,False,,,,,2026-01-05,2026-12-31,360,False,False,False,False,,,
3788,21,DEPARTAMENTO DE LENGUAS,Director departamento,AUTORIDAD_ADMINISTRATIVA_SUPERIOR,False,,,,,2017-12-13,2021-03-14,1187,False,False,False,False,DOCENTE,DOCENTE_NO_TITULAR_OCASIONAL,False
3788,17,FACULTAD DE CIENCIAS SOCIALES Y HUMANÍSTICAS,Coordinador de área transversal institucional de docencia,JEFATURA_SUPERVISION_OPERATIVA,False,,,,,2021-03-15,2023-03-13,728,False,False,False,False,DOCENTE,DOCENTE_NO_TITULAR_OCASIONAL,False
3788,17,FACULTAD DE CIENCIAS SOCIALES Y HUMANÍSTICAS,Miembro del consejo directivo,OTROS_AA,False,,,,,2021-05-27,2022-12-09,561,False,False,False,False,DOCENTE,DOCENTE_NO_TITULAR_OCASIONAL,False
3788,17,FACULTAD DE CIENCIAS SOCIALES Y HUMANÍSTICAS,Coordinador de programa de postgrado,JEFATURA_SUPERVISION_OPERATIVA,False,,,POSGRADO,Maestría en Políticas y Gestión Pública,2024-07-01,,806,False,False,False,False,DOCENTE,DOCENTE_NO_TITULAR_OCASIONAL,False
3793,25,FACULTAD DE INGENIERÍA EN CIENCIAS DE LA TIERRA,Coordinador de carrera,JEFATURA_SUPERVISION_OPERATIVA,False,,,GRADO,Ingeniería Civil,2017-02-07,2017-08-17,191,False,False,False,False,,,
3800,54,GERENCIA ADMINISTRATIVA,Subrogación,OTROS_AA,True,Gerente,AUTORIDAD_ADMINISTRATIVA_SUPERIOR,,,2024-01-19,2024-01-28,9,False,False,False,False,ADMINISTRATIVO,AUTORIDAD_ADMINISTRATIVA_SUPERIOR,True
3800,54,GERENCIA ADMINISTRATIVA,Subrogación,OTROS_AA,True,Gerente,AUTORIDAD_ADMINISTRATIVA_SUPERIOR,,,2024-01-19,2024-01-28,9,False,False,True,False,ADMINISTRATIVO,AUTORIDAD_ADMINISTRATIVA_SUPERIOR,True
3800,133,GERENCIA DE RELACIONES EXTERNAS Y VINCULACIÓN CORPORATIVA,Gerente,AUTORIDAD_ADMINISTRATIVA_SUPERIOR,False,,,,,2025-09-01,2025-12-31,121,False,False,False,False,ADMINISTRATIVO,JEFATURA_SUPERVISION_OPERATIVA,False
3800,133,GERENCIA DE RELACIONES EXTERNAS Y VINCULACIÓN CORPORATIVA,Subrogación,OTROS_AA,True,Gerente,AUTORIDAD_ADMINISTRATIVA_SUPERIOR,,,2026-05-25,2026-05-31,6,False,False,False,False,DOCENTE,DOCENTE_NO_TITULAR_OCASIONAL,False
3807,17,FACULTAD DE CIENCIAS SOCIALES Y HUMANÍSTICAS,Coordinador general de postgrado,JEFATURA_SUPERVISION_OPERATIVA,False,,,,,2019-01-02,2024-07-31,2037,False,False,False,False,DOCENTE,DOCENTE_NO_TITULAR_OCASIONAL,False
3807,17,FACULTAD DE CIENCIAS SOCIALES Y HUMANÍSTICAS,Coordinador de programa de postgrado,JEFATURA_SUPERVISION_OPERATIVA,False,,,POSGRADO,Maestría en Finanzas,2020-05-01,,2328,False,False,False,False,DOCENTE,DOCENTE_NO_TITULAR_OCASIONAL,False
3807,17,FACULTAD DE CIENCIAS SOCIALES Y HUMANÍSTICAS,Coordinador de programa de postgrado,JEFATURA_SUPERVISION_OPERATIVA,False,,,POSGRADO,Maestría en Enseñanza de Inglés Como Lengua Extranjera,2020-05-01,2024-07-31,1552,False,False,False,False,DOCENTE,DOCENTE_NO_TITULAR_OCASIONAL,False
3807,17,FACULTAD DE CIENCIAS SOCIALES Y HUMANÍSTICAS,Coordinador de acreditación internacional,JEFATURA_SUPERVISION_OPERATIVA,False,,,GRADO,Auditoría y Control de Gestión,2020-06-01,2024-03-15,1383,False,False,False,False,DOCENTE,DOCENTE_NO_TITULAR_OCASIONAL,False
3807,17,FACULTAD DE CIENCIAS SOCIALES Y HUMANÍSTICAS,Coordinador de acreditación internacional,JEFATURA_SUPERVISION_OPERATIVA,False,,,GRADO,Economía,2020-06-01,2024-03-15,1383,False,False,True,False,DOCENTE,DOCENTE_NO_TITULAR_OCASIONAL,False
3807,17,FACULTAD DE CIENCIAS SOCIALES Y HUMANÍSTICAS,Coordinador de acreditación internacional,JEFATURA_SUPERVISION_OPERATIVA,False,,,GRADO,Arqueología,2020-06-01,2024-03-15,1383,False,False,True,False,DOCENTE,DOCENTE_NO_TITULAR_OCASIONAL,False
3807,17,FACULTAD DE CIENCIAS SOCIALES Y HUMANÍSTICAS,Coordinador de acreditación internacional,JEFATURA_SUPERVISION_OPERATIVA,False,,,GRADO,Administración de Empresas,2020-06-01,2024-03-15,1383,False,False,True,False,DOCENTE,DOCENTE_NO_TITULAR_OCASIONAL,False
3807,17,FACULTAD DE CIENCIAS SOCIALES Y HUMANÍSTICAS,Coordinador de acreditación internacional,JEFATURA_SUPERVISION_OPERATIVA,False,,,GRADO,Turismo,2020-06-01,2024-03-15,1383,False,False,True,False,DOCENTE,DOCENTE_NO_TITULAR_OCASIONAL,False
3807,17,FACULTAD DE CIENCIAS SOCIALES Y HUMANÍSTICAS,Coordinador de programa de postgrado,JEFATURA_SUPERVISION_OPERATIVA,False,,,POSGRADO,Maestría en Políticas y Gestión Pública,2020-09-01,2020-10-30,59,False,False,False,False,DOCENTE,DOCENTE_NO_TITULAR_OCASIONAL,False
3811,12,FACULTAD DE CIENCIAS NATURALES Y MATEMÁTICAS,Coordinador de vinculación con la sociedad,JEFATURA_SUPERVISION_OPERATIVA,False,,,GRADO,Ingeniería Química,2017-04-06,2018-04-05,364,False,False,False,False,DOCENTE,DOCENTE_NO_TITULAR_OCASIONAL,False
3811,12,FACULTAD DE CIENCIAS NATURALES Y MATEMÁTICAS,Coordinador de vinculación con la sociedad,JEFATURA_SUPERVISION_OPERATIVA,False,,,GRADO,Ingeniería Química,2019-05-06,2020-02-02,272,False,False,False,False,DOCENTE,DOCENTE_NO_TITULAR_OCASIONAL,False
3829,17,FACULTAD DE CIENCIAS SOCIALES Y HUMANÍSTICAS,Coordinador de vinculación con la sociedad,JEFATURA_SUPERVISION_OPERATIVA,False,,,GRADO,Administración de Empresas,2017-02-27,2017-11-12,258,False,False,False,False,DOCENTE,DOCENTE_TITULAR_CARRERA,False
3829,17,FACULTAD DE CIENCIAS SOCIALES Y HUMANÍSTICAS,Coordinador de vinculación con la sociedad,JEFATURA_SUPERVISION_OPERATIVA,False,,,GRADO,Auditoría y Control de Gestión,2017-05-02,,3423,False,False,False,False,DOCENTE,DOCENTE_TITULAR_CARRERA,False
3829,73,CENTRO DE DESARROLLO SOCIAL APLICADO,Director,AUTORIDAD_ADMINISTRATIVA_SUPERIOR,False,,,,,2017-11-13,,3228,False,False,False,False,DOCENTE,DOCENTE_TITULAR_CARRERA,False
3829,17,FACULTAD DE CIENCIAS SOCIALES Y HUMANÍSTICAS,Coordinador de vinculación con la sociedad,JEFATURA_SUPERVISION_OPERATIVA,False,,,GRADO,Administración de Empresas,2017-11-13,2018-04-30,168,False,False,False,False,DOCENTE,DOCENTE_TITULAR_CARRERA,False
3829,17,FACULTAD DE CIENCIAS SOCIALES Y HUMANÍSTICAS,Coordinador de vinculación con la sociedad,JEFATURA_SUPERVISION_OPERATIVA,False,,,GRADO,Turismo,2018-05-14,2020-01-26,622,False,False,False,False,DOCENTE,DOCENTE_TITULAR_CARRERA,False
3829,17,FACULTAD DE CIENCIAS SOCIALES Y HUMANÍSTICAS,Coordinador de vinculación con la sociedad,JEFATURA_SUPERVISION_OPERATIVA,False,,,GRADO,Ingeniería en Negocios Internacionales,2018-08-01,2020-02-21,569,False,False,False,False,DOCENTE,DOCENTE_TITULAR_CARRERA,False
3829,17,FACULTAD DE CIENCIAS SOCIALES Y HUMANÍSTICAS,Miembro del consejo politécnico,OTROS_AA,False,,,,,2019-08-22,2021-11-19,820,False,False,False,False,DOCENTE,DOCENTE_TITULAR_CARRERA,False
3829,17,FACULTAD DE CIENCIAS SOCIALES Y HUMANÍSTICAS,Coordinador de vinculación con la sociedad,JEFATURA_SUPERVISION_OPERATIVA,False,,,GRADO,Turismo,2020-01-27,2025-09-14,2057,False,False,False,False,DOCENTE,DOCENTE_TITULAR_CARRERA,False
3829,17,FACULTAD DE CIENCIAS SOCIALES Y HUMANÍSTICAS,Coordinador de vinculación con la sociedad,JEFATURA_SUPERVISION_OPERATIVA,False,,,GRADO,Administración de Empresas,2020-02-22,2025-09-14,2031,False,False,False,False,DOCENTE,DOCENTE_TITULAR_CARRERA,False
3829,17,FACULTAD DE CIENCIAS SOCIALES Y HUMANÍSTICAS,Coordinador de vinculación con la sociedad,JEFATURA_SUPERVISION_OPERATIVA,False,,,GRADO,Arqueología,2020-03-12,2024-03-25,1474,False,False,False,False,DOCENTE,DOCENTE_TITULAR_CARRERA,False
3829,17,FACULTAD DE CIENCIAS SOCIALES Y HUMANÍSTICAS,Miembro del consejo directivo,OTROS_AA,False,,,,,2021-11-22,2024-11-21,1095,False,False,False,False,DOCENTE,DOCENTE_TITULAR_CARRERA,False
3829,17,FACULTAD DE CIENCIAS SOCIALES Y HUMANÍSTICAS,Subrogación,OTROS_AA,True,Subdecano,AUTORIDAD_ACADEMICA_SUPERIOR,,,2022-07-18,2022-07-22,4,False,False,False,False,DOCENTE,DOCENTE_TITULAR_CARRERA,False
3829,17,FACULTAD DE CIENCIAS SOCIALES Y HUMANÍSTICAS,Subrogación,OTROS_AA,True,Subdecano,AUTORIDAD_ACADEMICA_SUPERIOR,,,2023-02-07,2023-02-11,4,False,False,False,False,DOCENTE,DOCENTE_TITULAR_CARRERA,False
3829,17,FACULTAD DE CIENCIAS SOCIALES Y HUMANÍSTICAS,Subrogación,OTROS_AA,True,Subdecano,AUTORIDAD_ACADEMICA_SUPERIOR,,,2023-02-22,2023-03-13,19,False,False,False,False,DOCENTE,AUTORIDAD_ACADEMICA_SUPERIOR,True
3829,17,FACULTAD DE CIENCIAS SOCIALES Y HUMANÍSTICAS,Subrogación,OTROS_AA,True,Subdecano,AUTORIDAD_ACADEMICA_SUPERIOR,,,2023-03-21,2023-03-24,3,False,False,False,False,DOCENTE,DOCENTE_TITULAR_CARRERA,False
3829,17,FACULTAD DE CIENCIAS SOCIALES Y HUMANÍSTICAS,Subrogación,OTROS_AA,True,Subdecano,AUTORIDAD_ACADEMICA_SUPERIOR,,,2023-07-18,2023-07-22,4,False,False,False,False,DOCENTE,DOCENTE_TITULAR_CARRERA,False
3829,17,FACULTAD DE CIENCIAS SOCIALES Y HUMANÍSTICAS,Subrogación,OTROS_AA,True,Subdecano,AUTORIDAD_ACADEMICA_SUPERIOR,,,2023-08-18,2023-08-18,0,False,False,False,False,DOCENTE,DOCENTE_TITULAR_CARRERA,False
3829,17,FACULTAD DE CIENCIAS SOCIALES Y HUMANÍSTICAS,Subrogación,OTROS_AA,True,Subdecano,AUTORIDAD_ACADEMICA_SUPERIOR,,,2023-08-28,2023-08-29,1,False,False,False,False,DOCENTE,AUTORIDAD_ACADEMICA_SUPERIOR,True
3829,17,FACULTAD DE CIENCIAS SOCIALES Y HUMANÍSTICAS,Subrogación,OTROS_AA,True,Subdecano,AUTORIDAD_ACADEMICA_SUPERIOR,,,2023-08-31,2023-09-08,8,False,False,False,False,DOCENTE,AUTORIDAD_ACADEMICA_SUPERIOR,True
3829,17,FACULTAD DE CIENCIAS SOCIALES Y HUMANÍSTICAS,Subrogación,OTROS_AA,True,Subdecano,AUTORIDAD_ACADEMICA_SUPERIOR,,,2023-10-10,2023-10-13,3,False,False,False,False,DOCENTE,DOCENTE_TITULAR_CARRERA,False
3829,17,FACULTAD DE CIENCIAS SOCIALES Y HUMANÍSTICAS,Subrogación,OTROS_AA,True,Subdecano,AUTORIDAD_ACADEMICA_SUPERIOR,,,2023-10-16,2023-10-19,3,False,False,False,False,DOCENTE,DOCENTE_TITULAR_CARRERA,False
3829,17,FACULTAD DE CIENCIAS SOCIALES Y HUMANÍSTICAS,Subrogación,OTROS_AA,True,Subdecano,AUTORIDAD_ACADEMICA_SUPERIOR,,,2023-10-31,2023-11-05,5,False,False,False,False,DOCENTE,DOCENTE_TITULAR_CARRERA,False
3829,17,FACULTAD DE CIENCIAS SOCIALES Y HUMANÍSTICAS,Subrogación,OTROS_AA,True,Subdecano,AUTORIDAD_ACADEMICA_SUPERIOR,,,2023-11-08,2023-11-10,2,False,False,False,False,DOCENTE,DOCENTE_TITULAR_CARRERA,False
3829,17,FACULTAD DE CIENCIAS SOCIALES Y HUMANÍSTICAS,Subrogación,OTROS_AA,True,Subdecano,AUTORIDAD_ACADEMICA_SUPERIOR,,,2023-11-24,2023-11-24,0,False,False,False,False,DOCENTE,DOCENTE_TITULAR_CARRERA,False
3829,17,FACULTAD DE CIENCIAS SOCIALES Y HUMANÍSTICAS,Subrogación,OTROS_AA,True,Subdecano,AUTORIDAD_ACADEMICA_SUPERIOR,,,2023-11-28,2023-11-28,0,False,False,False,False,DOCENTE,DOCENTE_TITULAR_CARRERA,False
3878,12,FACULTAD DE CIENCIAS NATURALES Y MATEMÁTICAS,Miembro del consejo directivo - trabajadores,OTROS_AA,False,,,,,2017-09-27,2019-09-26,729,False,False,False,False,ADMINISTRATIVO,AUXILIAR_AYUDANTE_OPERATIVO,False
3878,12,FACULTAD DE CIENCIAS NATURALES Y MATEMÁTICAS,Miembro del consejo directivo - trabajadores,OTROS_AA,False,,,,,2021-11-22,2023-11-21,729,False,False,False,False,ADMINISTRATIVO,AUXILIAR_AYUDANTE_OPERATIVO,False
3930,61,FACULTAD DE CIENCIAS DE LA VIDA,Miembro del consejo directivo - trabajadores,OTROS_AA,False,,,,,2018-08-23,2020-08-22,730,False,False,False,False,ADMINISTRATIVO,AUXILIAR_AYUDANTE_OPERATIVO,False
3930,61,FACULTAD DE CIENCIAS DE LA VIDA,Miembro del consejo directivo - trabajadores,OTROS_AA,False,,,,,2021-11-22,2023-11-21,729,False,False,False,False,ADMINISTRATIVO,AUXILIAR_AYUDANTE_OPERATIVO,False
3962,61,FACULTAD DE CIENCIAS DE LA VIDA,Coordinador de acreditación internacional,JEFATURA_SUPERVISION_OPERATIVA,False,,,GRADO,Biología,2018-03-02,2020-01-17,686,False,False,False,False,DOCENTE,DOCENTE_NO_TITULAR_OCASIONAL,False
3987,22,FACULTAD DE INGENIERÍA MECÁNICA Y CIENCIAS DE LA PRODUCCIÓN,Coordinador de carrera,JEFATURA_SUPERVISION_OPERATIVA,False,,,GRADO,Alimentos,2017-09-18,2017-12-31,104,False,False,False,False,DOCENTE,DOCENTE_NO_TITULAR_OCASIONAL,False
3987,22,FACULTAD DE INGENIERÍA MECÁNICA Y CIENCIAS DE LA PRODUCCIÓN,Coordinador de carrera,JEFATURA_SUPERVISION_OPERATIVA,False,,,GRADO,Alimentos,2018-01-15,2020-01-24,739,False,False,False,False,DOCENTE,DOCENTE_NO_TITULAR_OCASIONAL,False
3987,22,FACULTAD DE INGENIERÍA MECÁNICA Y CIENCIAS DE LA PRODUCCIÓN,Coordinador de carrera,JEFATURA_SUPERVISION_OPERATIVA,False,,,GRADO,Alimentos,2023-10-02,2024-03-17,167,False,False,False,False,DOCENTE,DOCENTE_TITULAR_CARRERA,False
4001,25,FACULTAD DE INGENIERÍA EN CIENCIAS DE LA TIERRA,Coordinador de prácticas empresariales,JEFATURA_SUPERVISION_OPERATIVA,False,,,GRADO,Minas,2017-02-13,,3501,False,False,False,False,DOCENTE,DOCENTE_TITULAR_CARRERA,False
4001,25,FACULTAD DE INGENIERÍA EN CIENCIAS DE LA TIERRA,Coordinador de carrera,JEFATURA_SUPERVISION_OPERATIVA,False,,,GRADO,Minas,2017-08-18,2018-03-04,198,False,False,False,False,DOCENTE,DOCENTE_NO_TITULAR_OCASIONAL,False
4001,25,FACULTAD DE INGENIERÍA EN CIENCIAS DE LA TIERRA,Coordinador de vinculación con la sociedad,JEFATURA_SUPERVISION_OPERATIVA,False,,,GRADO,Minas,2019-09-30,2020-02-21,144,False,False,False,False,DOCENTE,DOCENTE_NO_TITULAR_OCASIONAL,False
4001,25,FACULTAD DE INGENIERÍA EN CIENCIAS DE LA TIERRA,Coordinador de programa de postgrado,JEFATURA_SUPERVISION_OPERATIVA,False,,,POSGRADO,Maestría en Geotecnia,2019-11-05,2020-05-03,180,False,False,False,False,DOCENTE,DOCENTE_NO_TITULAR_OCASIONAL,False
4001,25,FACULTAD DE INGENIERÍA EN CIENCIAS DE LA TIERRA,Coordinador de vinculación con la sociedad,JEFATURA_SUPERVISION_OPERATIVA,False,,,GRADO,Geología,2020-06-01,2021-09-15,471,False,False,False,False,DOCENTE,DOCENTE_NO_TITULAR_OCASIONAL,False
4017,25,FACULTAD DE INGENIERÍA EN CIENCIAS DE LA TIERRA,Coordinador de vinculación con la sociedad,JEFATURA_SUPERVISION_OPERATIVA,False,,,GRADO,Petróleos,2017-10-11,2018-05-01,202,False,False,False,False,,,
4024,61,FACULTAD DE CIENCIAS DE LA VIDA,Coordinador de acreditación internacional,JEFATURA_SUPERVISION_OPERATIVA,False,,,GRADO,Biología,2020-01-20,2024-11-10,1756,False,False,False,False,DOCENTE,DOCENTE_NO_TITULAR_OCASIONAL,False
4024,61,FACULTAD DE CIENCIAS DE LA VIDA,Coordinador de acreditación internacional,JEFATURA_SUPERVISION_OPERATIVA,False,,,GRADO,Biología,2024-11-11,2027-02-12,823,False,False,False,False,DOCENTE,DOCENTE_NO_TITULAR_OCASIONAL,False
4029,17,FACULTAD DE CIENCIAS SOCIALES Y HUMANÍSTICAS,Coordinador de carrera,JEFATURA_SUPERVISION_OPERATIVA,False,,,GRADO,Economía,2020-04-01,2026-05-10,2230,False,False,False,False,DOCENTE,DOCENTE_TITULAR_CARRERA,False
4029,17,FACULTAD DE CIENCIAS SOCIALES Y HUMANÍSTICAS,Miembro del consejo directivo,OTROS_AA,False,,,,,2020-10-30,2021-11-21,387,False,False,False,False,DOCENTE,DOCENTE_NO_TITULAR_OCASIONAL,False
4029,17,FACULTAD DE CIENCIAS SOCIALES Y HUMANÍSTICAS,Miembro del consejo directivo,OTROS_AA,False,,,,,2021-11-22,2024-11-21,1095,False,False,False,False,DOCENTE,DOCENTE_TITULAR_CARRERA,False
4029,17,FACULTAD DE CIENCIAS SOCIALES Y HUMANÍSTICAS,Subrogación,OTROS_AA,True,Subdecano,AUTORIDAD_ACADEMICA_SUPERIOR,,,2023-02-07,2023-02-11,4,False,False,False,False,DOCENTE,DOCENTE_TITULAR_CARRERA,False
4029,17,FACULTAD DE CIENCIAS SOCIALES Y HUMANÍSTICAS,Miembro del consejo directivo,OTROS_AA,False,,,,,2024-11-22,2027-11-21,1094,False,False,False,False,DOCENTE,DOCENTE_TITULAR_CARRERA,False
4067,11,"FACULTAD DE INGENIERIA MARÍTIMA, CIENCIAS BIOLÓGICAS, OCEÁNICAS Y RECURSOS NATURALES",Coordinador de carrera,JEFATURA_SUPERVISION_OPERATIVA,False,,,GRADO,Ingeniería Naval,2017-01-08,2018-03-31,447,False,False,False,False,DOCENTE,DOCENTE_NO_TITULAR_OCASIONAL,False
4067,11,"FACULTAD DE INGENIERIA MARÍTIMA, CIENCIAS BIOLÓGICAS, OCEÁNICAS Y RECURSOS NATURALES",Coordinador de carrera,JEFATURA_SUPERVISION_OPERATIVA,False,,,GRADO,Ingeniería Naval,2018-04-01,2019-01-23,297,False,False,False,False,DOCENTE,DOCENTE_NO_TITULAR_OCASIONAL,False
4067,86,FACULTAD DE INGENIERÍA MARÍTIMA Y CIENCIAS DEL MAR,Coordinador de carrera,JEFATURA_SUPERVISION_OPERATIVA,False,,,GRADO,Ingeniería Naval,2019-01-24,2021-02-24,762,False,False,False,False,DOCENTE,DOCENTE_NO_TITULAR_OCASIONAL,False
4067,86,FACULTAD DE INGENIERÍA MARÍTIMA Y CIENCIAS DEL MAR,Miembro del consejo directivo,OTROS_AA,False,,,,,2020-01-27,2022-11-11,1019,False,False,False,False,DOCENTE,DOCENTE_NO_TITULAR_OCASIONAL,False
4067,86,FACULTAD DE INGENIERÍA MARÍTIMA Y CIENCIAS DEL MAR,Coordinador de carrera,JEFATURA_SUPERVISION_OPERATIVA,False,,,GRADO,Ingeniería Naval,2021-02-25,2022-09-30,582,False,False,False,False,DOCENTE,DOCENTE_NO_TITULAR_OCASIONAL,False
4075,87,CENTRO DE EMPRENDIMIENTO E INNOVACIÓN I3LAB,Director,AUTORIDAD_ADMINISTRATIVA_SUPERIOR,False,,,,,2024-03-08,2024-03-28,20,False,False,False,False,DOCENTE,DOCENTE_NO_TITULAR_OCASIONAL,False
4075,87,CENTRO DE EMPRENDIMIENTO E INNOVACIÓN I3LAB,Director,AUTORIDAD_ADMINISTRATIVA_SUPERIOR,False,,,,,2025-02-17,2025-02-28,11,False,False,False,False,DOCENTE,DOCENTE_NO_TITULAR_OCASIONAL,False
4075,87,CENTRO DE EMPRENDIMIENTO E INNOVACIÓN I3LAB,Director,AUTORIDAD_ADMINISTRATIVA_SUPERIOR,False,,,,,2025-03-17,2025-03-28,11,False,False,False,False,DOCENTE,DOCENTE_NO_TITULAR_OCASIONAL,False
4075,87,CENTRO DE EMPRENDIMIENTO E INNOVACIÓN I3LAB,Director,AUTORIDAD_ADMINISTRATIVA_SUPERIOR,False,,,,,2025-03-31,2025-04-11,11,False,False,False,False,DOCENTE,DOCENTE_NO_TITULAR_OCASIONAL,False
4075,87,CENTRO DE EMPRENDIMIENTO E INNOVACIÓN I3LAB,Director,AUTORIDAD_ADMINISTRATIVA_SUPERIOR,False,,,,,2025-06-23,2025-07-04,11,False,False,False,False,DOCENTE,DOCENTE_NO_TITULAR_OCASIONAL,False
4075,87,CENTRO DE EMPRENDIMIENTO E INNOVACIÓN I3LAB,Director,AUTORIDAD_ADMINISTRATIVA_SUPERIOR,False,,,,,2026-04-06,2026-04-23,17,False,False,False,False,DOCENTE,DOCENTE_NO_TITULAR_OCASIONAL,False
4075,87,CENTRO DE EMPRENDIMIENTO E INNOVACIÓN I3LAB,Director,AUTORIDAD_ADMINISTRATIVA_SUPERIOR,False,,,,,2026-06-03,2026-06-08,5,False,False,False,False,DOCENTE,DOCENTE_NO_TITULAR_OCASIONAL,False
4075,87,CENTRO DE EMPRENDIMIENTO E INNOVACIÓN I3LAB,Director,AUTORIDAD_ADMINISTRATIVA_SUPERIOR,False,,,,,2026-07-13,2026-07-19,6,False,False,False,False,DOCENTE,DOCENTE_NO_TITULAR_OCASIONAL,False
4082,16,FACULTAD DE INGENIERÍA EN ELECTRICIDAD Y COMPUTACIÓN,Coordinador de carrera,JEFATURA_SUPERVISION_OPERATIVA,False,,,GRADO,Electricidad,2017-11-20,2018-01-22,63,False,False,False,False,DOCENTE,DOCENTE_TITULAR_CARRERA,False
4082,16,FACULTAD DE INGENIERÍA EN ELECTRICIDAD Y COMPUTACIÓN,Coordinador de carrera,JEFATURA_SUPERVISION_OPERATIVA,False,,,GRADO,Electrónica y Automatización,2023-04-26,2024-02-18,298,False,False,False,False,DOCENTE,DOCENTE_TITULAR_CARRERA,False
4082,16,FACULTAD DE INGENIERÍA EN ELECTRICIDAD Y COMPUTACIÓN,Miembro del consejo directivo,OTROS_AA,False,,,,,2023-05-12,2023-11-30,202,False,False,False,False,DOCENTE,DOCENTE_TITULAR_CARRERA,False
4082,16,FACULTAD DE INGENIERÍA EN ELECTRICIDAD Y COMPUTACIÓN,Miembro del consejo directivo,OTROS_AA,False,,,,,2023-12-01,2026-11-30,1095,False,False,False,False,DOCENTE,DOCENTE_TITULAR_CARRERA,False
4082,16,FACULTAD DE INGENIERÍA EN ELECTRICIDAD Y COMPUTACIÓN,Subrogación,OTROS_AA,True,Decano,AUTORIDAD_ACADEMICA_SUPERIOR,,,2023-12-03,2023-12-06,3,False,False,False,False,DOCENTE,DOCENTE_TITULAR_CARRERA,False
4082,16,FACULTAD DE INGENIERÍA EN ELECTRICIDAD Y COMPUTACIÓN,Subrogación,OTROS_AA,True,Subdecano,AUTORIDAD_ACADEMICA_SUPERIOR,,,2024-02-14,2024-02-29,15,False,False,False,False,DOCENTE,DOCENTE_TITULAR_CARRERA,False
4082,16,FACULTAD DE INGENIERÍA EN ELECTRICIDAD Y COMPUTACIÓN,Subrogación,OTROS_AA,True,Subdecano,AUTORIDAD_ACADEMICA_SUPERIOR,,,2024-03-01,2024-03-01,0,False,False,False,False,DOCENTE,DOCENTE_TITULAR_CARRERA,False
4082,16,FACULTAD DE INGENIERÍA EN ELECTRICIDAD Y COMPUTACIÓN,Subrogación,OTROS_AA,True,Subdecano,AUTORIDAD_ACADEMICA_SUPERIOR,,,2024-03-18,2024-03-29,11,False,False,False,False,DOCENTE,DOCENTE_TITULAR_CARRERA,False
4082,16,FACULTAD DE INGENIERÍA EN ELECTRICIDAD Y COMPUTACIÓN,Subrogación,OTROS_AA,True,Subdecano,AUTORIDAD_ACADEMICA_SUPERIOR,,,2024-04-22,2024-05-02,10,False,False,False,False,DOCENTE,DOCENTE_TITULAR_CARRERA,False
4082,16,FACULTAD DE INGENIERÍA EN ELECTRICIDAD Y COMPUTACIÓN,Subrogación,OTROS_AA,True,Subdecano,AUTORIDAD_ACADEMICA_SUPERIOR,,,2024-05-24,2024-06-07,14,False,False,False,False,DOCENTE,DOCENTE_TITULAR_CARRERA,False
4082,16,FACULTAD DE INGENIERÍA EN ELECTRICIDAD Y COMPUTACIÓN,Subrogación,OTROS_AA,True,Decano,AUTORIDAD_ACADEMICA_SUPERIOR,,,2024-07-08,2024-07-08,0,False,False,False,False,DOCENTE,DOCENTE_TITULAR_CARRERA,False
4082,16,FACULTAD DE INGENIERÍA EN ELECTRICIDAD Y COMPUTACIÓN,Subrogación,OTROS_AA,True,Subdecano,AUTORIDAD_ACADEMICA_SUPERIOR,,,2024-07-18,2024-07-20,2,False,False,False,False,DOCENTE,DOCENTE_TITULAR_CARRERA,False
4082,16,FACULTAD DE INGENIERÍA EN ELECTRICIDAD Y COMPUTACIÓN,Subrogación,OTROS_AA,True,Subdecano,AUTORIDAD_ACADEMICA_SUPERIOR,,,2024-07-31,2024-08-02,2,False,False,False,False,DOCENTE,DOCENTE_TITULAR_CARRERA,False
4082,16,FACULTAD DE INGENIERÍA EN ELECTRICIDAD Y COMPUTACIÓN,Subrogación,OTROS_AA,True,Decano,AUTORIDAD_ACADEMICA_SUPERIOR,,,2025-01-28,2025-01-30,2,False,False,False,False,DOCENTE,DOCENTE_TITULAR_CARRERA,False
4082,16,FACULTAD DE INGENIERÍA EN ELECTRICIDAD Y COMPUTACIÓN,Subrogación,OTROS_AA,True,Subdecano,AUTORIDAD_ACADEMICA_SUPERIOR,,,2025-02-17,2025-02-25,8,False,False,False,False,DOCENTE,DOCENTE_TITULAR_CARRERA,False
4082,16,FACULTAD DE INGENIERÍA EN ELECTRICIDAD Y COMPUTACIÓN,Subrogación,OTROS_AA,True,Subdecano,AUTORIDAD_ACADEMICA_SUPERIOR,,,2025-03-05,2025-03-10,5,False,False,False,False,DOCENTE,DOCENTE_TITULAR_CARRERA,False
4082,16,FACULTAD DE INGENIERÍA EN ELECTRICIDAD Y COMPUTACIÓN,Subrogación,OTROS_AA,True,Subdecano,AUTORIDAD_ACADEMICA_SUPERIOR,,,2025-03-17,2025-03-21,4,False,False,False,False,DOCENTE,AUTORIDAD_ACADEMICA_SUPERIOR,True
4082,16,FACULTAD DE INGENIERÍA EN ELECTRICIDAD Y COMPUTACIÓN,Subrogación,OTROS_AA,True,Subdecano,AUTORIDAD_ACADEMICA_SUPERIOR,,,2025-04-08,2025-04-15,7,False,False,False,False,DOCENTE,DOCENTE_TITULAR_CARRERA,False
4082,16,FACULTAD DE INGENIERÍA EN ELECTRICIDAD Y COMPUTACIÓN,Subrogación,OTROS_AA,True,Subdecano,AUTORIDAD_ACADEMICA_SUPERIOR,,,2025-05-19,2025-05-23,4,False,False,False,False,DOCENTE,DOCENTE_TITULAR_CARRERA,False
4082,16,FACULTAD DE INGENIERÍA EN ELECTRICIDAD Y COMPUTACIÓN,Subrogación,OTROS_AA,True,Subdecano,AUTORIDAD_ACADEMICA_SUPERIOR,,,2025-05-27,2025-05-31,4,False,False,False,False,DOCENTE,DOCENTE_TITULAR_CARRERA,False
4082,16,FACULTAD DE INGENIERÍA EN ELECTRICIDAD Y COMPUTACIÓN,Subrogación,OTROS_AA,True,Subdecano,AUTORIDAD_ACADEMICA_SUPERIOR,,,2025-07-07,2025-07-08,1,False,False,False,False,DOCENTE,DOCENTE_TITULAR_CARRERA,False
4082,16,FACULTAD DE INGENIERÍA EN ELECTRICIDAD Y COMPUTACIÓN,Subrogación,OTROS_AA,True,Subdecano,AUTORIDAD_ACADEMICA_SUPERIOR,,,2025-09-15,2025-09-21,6,False,False,False,False,DOCENTE,DOCENTE_TITULAR_CARRERA,False
4082,16,FACULTAD DE INGENIERÍA EN ELECTRICIDAD Y COMPUTACIÓN,Subrogación,OTROS_AA,True,Subdecano,AUTORIDAD_ACADEMICA_SUPERIOR,,,2025-10-18,2025-10-22,4,False,False,False,False,DOCENTE,DOCENTE_TITULAR_CARRERA,False
4082,16,FACULTAD DE INGENIERÍA EN ELECTRICIDAD Y COMPUTACIÓN,Subrogación,OTROS_AA,True,Subdecano,AUTORIDAD_ACADEMICA_SUPERIOR,,,2026-01-27,2026-01-30,3,False,False,False,False,DOCENTE,DOCENTE_TITULAR_CARRERA,False
4082,16,FACULTAD DE INGENIERÍA EN ELECTRICIDAD Y COMPUTACIÓN,Subrogación,OTROS_AA,True,Subdecano,AUTORIDAD_ACADEMICA_SUPERIOR,,,2026-02-02,2026-02-03,1,False,False,False,False,DOCENTE,DOCENTE_TITULAR_CARRERA,False
4082,16,FACULTAD DE INGENIERÍA EN ELECTRICIDAD Y COMPUTACIÓN,Subrogación,OTROS_AA,True,Subdecano,AUTORIDAD_ACADEMICA_SUPERIOR,,,2026-02-18,2026-02-25,7,False,False,False,False,DOCENTE,DOCENTE_CONTRATADO_SERVICIOS_CIVILES,False
4082,16,FACULTAD DE INGENIERÍA EN ELECTRICIDAD Y COMPUTACIÓN,Subrogación,OTROS_AA,True,Subdecano,AUTORIDAD_ACADEMICA_SUPERIOR,,,2026-09-07,2026-09-13,6,False,False,False,False,DOCENTE,DOCENTE_TITULAR_CARRERA,False
4082,16,FACULTAD DE INGENIERÍA EN ELECTRICIDAD Y COMPUTACIÓN,Coordinador de prácticas empresariales,JEFATURA_SUPERVISION_OPERATIVA,False,,,GRADO,Electricidad,2026-09-07,,8,False,False,False,False,DOCENTE,DOCENTE_TITULAR_CARRERA,False
4103,12,FACULTAD DE CIENCIAS NATURALES Y MATEMÁTICAS,Coordinador de vinculación con la sociedad,JEFATURA_SUPERVISION_OPERATIVA,False,,,GRADO,Ingeniería Química,2020-02-03,2024-02-18,1476,False,False,False,False,DOCENTE,DOCENTE_NO_TITULAR_OCASIONAL,False
4231,16,FACULTAD DE INGENIERÍA EN ELECTRICIDAD Y COMPUTACIÓN,Miembro del consejo directivo,OTROS_AA,False,,,,,2022-09-16,2025-09-15,1095,False,False,False,False,DOCENTE,DOCENTE_TITULAR_CARRERA,False
4231,16,FACULTAD DE INGENIERÍA EN ELECTRICIDAD Y COMPUTACIÓN,Subrogación,OTROS_AA,True,Subdecano,AUTORIDAD_ACADEMICA_SUPERIOR,,,2023-01-03,2023-01-03,0,False,False,False,False,DOCENTE,DOCENTE_TITULAR_CARRERA,False
4231,16,FACULTAD DE INGENIERÍA EN ELECTRICIDAD Y COMPUTACIÓN,Coordinador de carrera,JEFATURA_SUPERVISION_OPERATIVA,False,,,GRADO,Electricidad,2023-02-22,2024-09-22,578,False,False,False,False,DOCENTE,DOCENTE_TITULAR_CARRERA,False
4231,16,FACULTAD DE INGENIERÍA EN ELECTRICIDAD Y COMPUTACIÓN,Coordinador general de postgrado,JEFATURA_SUPERVISION_OPERATIVA,False,,,,,2023-05-01,2024-09-30,518,False,False,False,False,DOCENTE,DOCENTE_TITULAR_CARRERA,False
4231,146,UNIDAD DE FORMACIÓN TÉCNICA TECNOLÓGICA,Director,AUTORIDAD_ADMINISTRATIVA_SUPERIOR,False,,,,,2024-09-23,2026-04-05,559,False,False,False,False,DOCENTE,DOCENTE_TITULAR_CARRERA,False
4231,16,FACULTAD DE INGENIERÍA EN ELECTRICIDAD Y COMPUTACIÓN,Coordinador de carrera,JEFATURA_SUPERVISION_OPERATIVA,False,,,GRADO,Electricidad,2024-09-23,2025-11-15,418,False,False,False,False,DOCENTE,DOCENTE_TITULAR_CARRERA,False
4231,16,FACULTAD DE INGENIERÍA EN ELECTRICIDAD Y COMPUTACIÓN,Miembro del consejo directivo,OTROS_AA,False,,,,,2025-10-01,2028-09-30,1095,False,False,False,False,DOCENTE,DOCENTE_TITULAR_CARRERA,False
4231,151,CENTROS INSTITUCIONALES DE APOYO ACADÉMICO,Director,AUTORIDAD_ADMINISTRATIVA_SUPERIOR,False,,,,,2025-11-14,2028-12-31,1143,False,False,False,False,DOCENTE,DOCENTE_TITULAR_CARRERA,False
4231,40,CENTRO DE ENERGÍAS RENOVABLES Y ALTERNATIVAS,Director,AUTORIDAD_ADMINISTRATIVA_SUPERIOR,False,,,,,2026-02-18,2026-02-20,2,False,False,False,False,DOCENTE,DOCENTE_CONTRATADO_SERVICIOS_CIVILES,False
4231,40,CENTRO DE ENERGÍAS RENOVABLES Y ALTERNATIVAS,Director,AUTORIDAD_ADMINISTRATIVA_SUPERIOR,False,,,,,2026-02-18,2026-03-20,30,False,False,False,False,DOCENTE,DOCENTE_TITULAR_CARRERA,False
4231,40,CENTRO DE ENERGÍAS RENOVABLES Y ALTERNATIVAS,Director,AUTORIDAD_ADMINISTRATIVA_SUPERIOR,False,,,,,2026-03-25,2026-03-27,2,False,False,False,False,DOCENTE,DOCENTE_TITULAR_CARRERA,False
4231,146,UNIDAD DE FORMACIÓN TÉCNICA TECNOLÓGICA,Director,AUTORIDAD_ADMINISTRATIVA_SUPERIOR,False,,,,,2026-05-01,2026-05-11,10,False,False,False,False,DOCENTE,DOCENTE_TITULAR_CARRERA,False
4242,27,ESCUELA DE DISEÑO Y COMUNICACIÓN VISUAL,Coordinador de carrera,JEFATURA_SUPERVISION_OPERATIVA,False,,,GRADO,Licenciatura en Diseño Gráfico y Publicitario,2016-12-07,2017-01-08,32,False,False,False,False,DOCENTE,DOCENTE_TITULAR_CARRERA,False
4242,27,ESCUELA DE DISEÑO Y COMUNICACIÓN VISUAL,Coordinador de carrera,JEFATURA_SUPERVISION_OPERATIVA,False,,,GRADO,Diseño Gráfico,2017-01-09,2018-12-31,721,False,False,False,False,DOCENTE,DOCENTE_TITULAR_CARRERA,False
4242,27,ESCUELA DE DISEÑO Y COMUNICACIÓN VISUAL,Miembro del consejo directivo,OTROS_AA,False,,,,,2017-01-27,2019-01-23,726,False,False,False,False,DOCENTE,DOCENTE_TITULAR_CARRERA,False
4242,27,ESCUELA DE DISEÑO Y COMUNICACIÓN VISUAL,Coordinador de carrera,JEFATURA_SUPERVISION_OPERATIVA,False,,,GRADO,Diseño Gráfico,2019-01-02,2019-01-23,21,False,False,False,False,DOCENTE,DOCENTE_TITULAR_CARRERA,False
4242,88,"FACULTAD DE ARTE, DISEÑO Y COMUNICACIÓN AUDIOVISUAL",Miembro del consejo directivo,OTROS_AA,False,,,,,2019-01-24,2020-01-26,367,False,False,False,False,DOCENTE,DOCENTE_TITULAR_CARRERA,False
4242,88,"FACULTAD DE ARTE, DISEÑO Y COMUNICACIÓN AUDIOVISUAL",Coordinador de carrera,JEFATURA_SUPERVISION_OPERATIVA,False,,,GRADO,Diseño Gráfico,2019-01-24,2020-02-21,393,False,False,False,False,DOCENTE,DOCENTE_TITULAR_CARRERA,False
4242,88,"FACULTAD DE ARTE, DISEÑO Y COMUNICACIÓN AUDIOVISUAL",Miembro del consejo politécnico,OTROS_AA,False,,,,,2019-08-22,2021-02-10,538,False,False,False,False,DOCENTE,DOCENTE_TITULAR_CARRERA,False
4242,88,"FACULTAD DE ARTE, DISEÑO Y COMUNICACIÓN AUDIOVISUAL",Coordinador de carrera,JEFATURA_SUPERVISION_OPERATIVA,False,,,GRADO,Diseño Gráfico,2020-03-12,2020-09-22,194,False,False,False,False,DOCENTE,DOCENTE_TITULAR_CARRERA,False
4242,88,"FACULTAD DE ARTE, DISEÑO Y COMUNICACIÓN AUDIOVISUAL",Coordinador de carrera,JEFATURA_SUPERVISION_OPERATIVA,False,,,GRADO,Diseño Gráfico,2021-03-15,2022-02-18,340,False,False,False,False,DOCENTE,DOCENTE_TITULAR_CARRERA,False
4242,88,"FACULTAD DE ARTE, DISEÑO Y COMUNICACIÓN AUDIOVISUAL",Coordinador de carrera,JEFATURA_SUPERVISION_OPERATIVA,False,,,GRADO,Diseño Gráfico,2022-02-19,2025-02-14,1091,False,False,False,False,DOCENTE,DOCENTE_TITULAR_CARRERA,False
4242,88,"FACULTAD DE ARTE, DISEÑO Y COMUNICACIÓN AUDIOVISUAL",Coordinador de carrera,JEFATURA_SUPERVISION_OPERATIVA,False,,,GRADO,Licenciatura en Diseño Gráfico y Publicitario,2022-02-19,2021-12-14,0,False,True,False,False,DOCENTE,DOCENTE_TITULAR_CARRERA,False
4242,88,"FACULTAD DE ARTE, DISEÑO Y COMUNICACIÓN AUDIOVISUAL",Subrogación,OTROS_AA,True,Subdecano,AUTORIDAD_ACADEMICA_SUPERIOR,,,2025-02-17,2025-03-09,20,False,False,False,False,DOCENTE,DOCENTE_TITULAR_CARRERA,False
4242,88,"FACULTAD DE ARTE, DISEÑO Y COMUNICACIÓN AUDIOVISUAL",Coordinador de carrera,JEFATURA_SUPERVISION_OPERATIVA,False,,,GRADO,Diseño Gráfico,2025-03-10,2026-02-13,340,False,False,False,False,DOCENTE,DOCENTE_TITULAR_CARRERA,False
4242,88,"FACULTAD DE ARTE, DISEÑO Y COMUNICACIÓN AUDIOVISUAL",Coordinador de carrera,JEFATURA_SUPERVISION_OPERATIVA,False,,,GRADO,Diseño Gráfico,2025-05-05,2024-11-26,0,False,True,False,False,DOCENTE,DOCENTE_TITULAR_CARRERA,False
4242,88,"FACULTAD DE ARTE, DISEÑO Y COMUNICACIÓN AUDIOVISUAL",Subrogación,OTROS_AA,True,Subdecano,AUTORIDAD_ACADEMICA_SUPERIOR,,,2025-05-21,2025-05-24,3,False,False,False,False,DOCENTE,DOCENTE_TITULAR_CARRERA,False
4242,88,"FACULTAD DE ARTE, DISEÑO Y COMUNICACIÓN AUDIOVISUAL",Subrogación,OTROS_AA,True,Subdecano,AUTORIDAD_ACADEMICA_SUPERIOR,,,2025-08-01,2025-08-01,0,False,False,False,False,DOCENTE,DOCENTE_TITULAR_CARRERA,False
4242,88,"FACULTAD DE ARTE, DISEÑO Y COMUNICACIÓN AUDIOVISUAL",Subrogación,OTROS_AA,True,Subdecano,AUTORIDAD_ACADEMICA_SUPERIOR,,,2025-08-27,2025-08-29,2,False,False,False,False,DOCENTE,DOCENTE_TITULAR_CARRERA,False
4242,88,"FACULTAD DE ARTE, DISEÑO Y COMUNICACIÓN AUDIOVISUAL",Subrogación,OTROS_AA,True,Subdecano,AUTORIDAD_ACADEMICA_SUPERIOR,,,2025-09-05,2025-09-27,22,False,False,False,False,DOCENTE,DOCENTE_TITULAR_CARRERA,False
4242,88,"FACULTAD DE ARTE, DISEÑO Y COMUNICACIÓN AUDIOVISUAL",Subrogación,OTROS_AA,True,Subdecano,AUTORIDAD_ACADEMICA_SUPERIOR,,,2025-10-14,2025-10-19,5,False,False,False,False,DOCENTE,DOCENTE_TITULAR_CARRERA,False
4242,88,"FACULTAD DE ARTE, DISEÑO Y COMUNICACIÓN AUDIOVISUAL",Subrogación,OTROS_AA,True,Subdecano,AUTORIDAD_ACADEMICA_SUPERIOR,,,2025-11-05,2025-11-10,5,False,False,False,False,DOCENTE,DOCENTE_TITULAR_CARRERA,False
4242,88,"FACULTAD DE ARTE, DISEÑO Y COMUNICACIÓN AUDIOVISUAL",Subrogación,OTROS_AA,True,Subdecano,AUTORIDAD_ACADEMICA_SUPERIOR,,,2025-12-03,2025-12-14,11,False,False,False,False,DOCENTE,DOCENTE_TITULAR_CARRERA,False
4242,88,"FACULTAD DE ARTE, DISEÑO Y COMUNICACIÓN AUDIOVISUAL",Subrogación,OTROS_AA,True,Subdecano,AUTORIDAD_ACADEMICA_SUPERIOR,,,2025-12-15,2025-12-15,0,False,False,False,False,DOCENTE,DOCENTE_TITULAR_CARRERA,False
4242,88,"FACULTAD DE ARTE, DISEÑO Y COMUNICACIÓN AUDIOVISUAL",Subrogación,OTROS_AA,True,Subdecano,AUTORIDAD_ACADEMICA_SUPERIOR,,,2026-01-16,2026-01-16,0,False,False,False,False,DOCENTE,DOCENTE_TITULAR_CARRERA,False
4242,88,"FACULTAD DE ARTE, DISEÑO Y COMUNICACIÓN AUDIOVISUAL",Subrogación,OTROS_AA,True,Subdecano,AUTORIDAD_ACADEMICA_SUPERIOR,,,2026-01-27,2026-01-30,3,False,False,False,False,DOCENTE,DOCENTE_TITULAR_CARRERA,False
4242,88,"FACULTAD DE ARTE, DISEÑO Y COMUNICACIÓN AUDIOVISUAL",Coordinador de carrera,JEFATURA_SUPERVISION_OPERATIVA,False,,,GRADO,Diseño Gráfico,2026-02-14,2027-02-12,363,False,False,False,False,DOCENTE,DOCENTE_TITULAR_CARRERA,False
4242,88,"FACULTAD DE ARTE, DISEÑO Y COMUNICACIÓN AUDIOVISUAL",Subrogación,OTROS_AA,True,Subdecano,AUTORIDAD_ACADEMICA_SUPERIOR,,,2026-02-24,2026-03-13,17,False,False,False,False,DOCENTE,DOCENTE_TITULAR_CARRERA,False
4242,88,"FACULTAD DE ARTE, DISEÑO Y COMUNICACIÓN AUDIOVISUAL",Subrogación,OTROS_AA,True,Subdecano,AUTORIDAD_ACADEMICA_SUPERIOR,,,2026-04-06,2026-04-28,22,False,False,False,False,DOCENTE,AUTORIDAD_ACADEMICA_SUPERIOR,True
4242,88,"FACULTAD DE ARTE, DISEÑO Y COMUNICACIÓN AUDIOVISUAL",Subrogación,OTROS_AA,True,Subdecano,AUTORIDAD_ACADEMICA_SUPERIOR,,,2026-05-29,2026-05-31,2,False,False,False,False,DOCENTE,DOCENTE_TITULAR_CARRERA,False
4242,88,"FACULTAD DE ARTE, DISEÑO Y COMUNICACIÓN AUDIOVISUAL",Subrogación,OTROS_AA,True,Subdecano,AUTORIDAD_ACADEMICA_SUPERIOR,,,2026-06-26,2026-06-30,4,False,False,False,False,DOCENTE,DOCENTE_TITULAR_CARRERA,False
4242,88,"FACULTAD DE ARTE, DISEÑO Y COMUNICACIÓN AUDIOVISUAL",Subrogación,OTROS_AA,True,Subdecano,AUTORIDAD_ACADEMICA_SUPERIOR,,,2026-07-03,2026-07-05,2,False,False,False,False,DOCENTE,DOCENTE_TITULAR_CARRERA,False
4242,88,"FACULTAD DE ARTE, DISEÑO Y COMUNICACIÓN AUDIOVISUAL",Subrogación,OTROS_AA,True,Subdecano,AUTORIDAD_ACADEMICA_SUPERIOR,,,2026-07-12,2026-07-18,6,False,False,False,False,DOCENTE,DOCENTE_TITULAR_CARRERA,False
4242,88,"FACULTAD DE ARTE, DISEÑO Y COMUNICACIÓN AUDIOVISUAL",Subrogación,OTROS_AA,True,Subdecano,AUTORIDAD_ACADEMICA_SUPERIOR,,,2026-09-03,2026-09-24,21,False,False,False,False,DOCENTE,DOCENTE_TITULAR_CARRERA,False
4279,16,FACULTAD DE INGENIERÍA EN ELECTRICIDAD Y COMPUTACIÓN,Coordinador de programa de postgrado,JEFATURA_SUPERVISION_OPERATIVA,False,,,POSGRADO,Maestría en Telecomunicaciones,2021-02-22,2022-08-18,542,False,False,False,False,DOCENTE,DOCENTE_TITULAR_CARRERA,False
4296,16,FACULTAD DE INGENIERÍA EN ELECTRICIDAD Y COMPUTACIÓN,Coordinador de carrera,JEFATURA_SUPERVISION_OPERATIVA,False,,,GRADO,Telemática,2018-09-03,2025-08-28,2551,False,False,False,False,DOCENTE,DOCENTE_TITULAR_CARRERA,False
4296,16,FACULTAD DE INGENIERÍA EN ELECTRICIDAD Y COMPUTACIÓN,Coordinador de programa de postgrado,JEFATURA_SUPERVISION_OPERATIVA,False,,,POSGRADO,Maestría en Ciencia de Datos,2020-05-11,,2318,False,False,False,False,DOCENTE,DOCENTE_TITULAR_CARRERA,False
4296,38,CENTRO DE TECNOLOGÍAS DE LA INFORMACIÓN,Director,AUTORIDAD_ADMINISTRATIVA_SUPERIOR,False,,,,,2025-03-05,2025-03-19,14,False,False,False,False,DOCENTE,DOCENTE_TITULAR_CARRERA,False
4296,38,CENTRO DE TECNOLOGÍAS DE LA INFORMACIÓN,Director,AUTORIDAD_ADMINISTRATIVA_SUPERIOR,False,,,,,2025-05-20,2025-05-25,5,False,False,False,False,DOCENTE,DOCENTE_TITULAR_CARRERA,False
4296,38,CENTRO DE TECNOLOGÍAS DE LA INFORMACIÓN,Director,AUTORIDAD_ADMINISTRATIVA_SUPERIOR,False,,,,,2025-06-27,2025-07-04,7,False,False,False,False,DOCENTE,DOCENTE_TITULAR_CARRERA,False
4296,151,CENTROS INSTITUCIONALES DE APOYO ACADÉMICO,Subrogación,OTROS_AA,True,Director,AUTORIDAD_ADMINISTRATIVA_SUPERIOR,,,2026-04-06,2026-04-30,24,False,False,False,False,ADMINISTRATIVO,CONTRATO_SERVICIOS_PROFESIONALES_PROYECTO,False
4296,146,UNIDAD DE FORMACIÓN TÉCNICA TECNOLÓGICA,Director,AUTORIDAD_ADMINISTRATIVA_SUPERIOR,False,,,,,2026-04-06,2026-04-30,24,False,False,False,False,ADMINISTRATIVO,CONTRATO_SERVICIOS_PROFESIONALES_PROYECTO,False
4300,17,FACULTAD DE CIENCIAS SOCIALES Y HUMANÍSTICAS,Coordinador de acreditación internacional,JEFATURA_SUPERVISION_OPERATIVA,False,,,GRADO,Auditoría y Control de Gestión,2024-03-18,2024-11-17,244,False,False,False,False,DOCENTE,DOCENTE_TITULAR_CARRERA,False
4300,17,FACULTAD DE CIENCIAS SOCIALES Y HUMANÍSTICAS,Coordinador de acreditación internacional,JEFATURA_SUPERVISION_OPERATIVA,False,,,GRADO,Economía,2024-03-18,2024-11-17,244,False,False,True,False,DOCENTE,DOCENTE_TITULAR_CARRERA,False
4300,17,FACULTAD DE CIENCIAS SOCIALES Y HUMANÍSTICAS,Coordinador de acreditación internacional,JEFATURA_SUPERVISION_OPERATIVA,False,,,GRADO,Arqueología,2024-03-18,2025-10-31,592,False,False,False,False,DOCENTE,DOCENTE_TITULAR_CARRERA,False
4300,17,FACULTAD DE CIENCIAS SOCIALES Y HUMANÍSTICAS,Coordinador de acreditación internacional,JEFATURA_SUPERVISION_OPERATIVA,False,,,GRADO,Administración de Empresas,2024-03-18,2024-11-17,244,False,False,True,False,DOCENTE,DOCENTE_TITULAR_CARRERA,False
4300,17,FACULTAD DE CIENCIAS SOCIALES Y HUMANÍSTICAS,Coordinador de acreditación internacional,JEFATURA_SUPERVISION_OPERATIVA,False,,,GRADO,Turismo,2024-03-18,2024-11-17,244,False,False,True,False,DOCENTE,DOCENTE_TITULAR_CARRERA,False
4300,17,FACULTAD DE CIENCIAS SOCIALES Y HUMANÍSTICAS,Coordinador de acreditación internacional,JEFATURA_SUPERVISION_OPERATIVA,False,,,POSGRADO,Maestría Ejecutiva en Economía y Dirección de Empresas,2024-06-16,2025-10-31,502,False,False,False,False,DOCENTE,DOCENTE_TITULAR_CARRERA,False
4300,17,FACULTAD DE CIENCIAS SOCIALES Y HUMANÍSTICAS,Coordinador de acreditación internacional,JEFATURA_SUPERVISION_OPERATIVA,False,,,POSGRADO,Maestría en Ciencias Económicas,2024-06-16,2024-09-18,94,False,False,False,False,DOCENTE,DOCENTE_TITULAR_CARRERA,False
4300,17,FACULTAD DE CIENCIAS SOCIALES Y HUMANÍSTICAS,Coordinador de acreditación internacional,JEFATURA_SUPERVISION_OPERATIVA,False,,,POSGRADO,Maestría en Contabilidad y Auditoría,2024-06-16,2024-09-18,94,False,False,True,False,DOCENTE,DOCENTE_TITULAR_CARRERA,False
4300,17,FACULTAD DE CIENCIAS SOCIALES Y HUMANÍSTICAS,Coordinador de acreditación internacional,JEFATURA_SUPERVISION_OPERATIVA,False,,,POSGRADO,Maestría en Finanzas,2024-06-16,2025-10-31,502,False,False,True,False,DOCENTE,DOCENTE_TITULAR_CARRERA,False
4300,17,FACULTAD DE CIENCIAS SOCIALES Y HUMANÍSTICAS,Coordinador de acreditación internacional,JEFATURA_SUPERVISION_OPERATIVA,False,,,POSGRADO,Maestría en Gestión del Talento Humano,2024-06-16,2025-10-31,502,False,False,True,False,DOCENTE,DOCENTE_TITULAR_CARRERA,False
4300,17,FACULTAD DE CIENCIAS SOCIALES Y HUMANÍSTICAS,Coordinador de acreditación internacional,JEFATURA_SUPERVISION_OPERATIVA,False,,,POSGRADO,Maestría en Políticas y Gestión Pública,2024-06-18,2025-10-31,500,False,False,False,False,DOCENTE,DOCENTE_TITULAR_CARRERA,False
4300,17,FACULTAD DE CIENCIAS SOCIALES Y HUMANÍSTICAS,Coordinador de acreditación internacional,JEFATURA_SUPERVISION_OPERATIVA,False,,,GRADO,Auditoría y Control de Gestión,2024-11-18,2025-10-31,347,False,False,False,False,DOCENTE,DOCENTE_TITULAR_CARRERA,False
4300,17,FACULTAD DE CIENCIAS SOCIALES Y HUMANÍSTICAS,Coordinador de acreditación internacional,JEFATURA_SUPERVISION_OPERATIVA,False,,,GRADO,Economía,2024-11-18,2025-10-31,347,False,False,True,False,DOCENTE,DOCENTE_TITULAR_CARRERA,False
4300,17,FACULTAD DE CIENCIAS SOCIALES Y HUMANÍSTICAS,Coordinador de acreditación internacional,JEFATURA_SUPERVISION_OPERATIVA,False,,,GRADO,Administración de Empresas,2024-11-18,2025-10-31,347,False,False,True,False,DOCENTE,DOCENTE_TITULAR_CARRERA,False
4300,17,FACULTAD DE CIENCIAS SOCIALES Y HUMANÍSTICAS,Coordinador de acreditación internacional,JEFATURA_SUPERVISION_OPERATIVA,False,,,GRADO,Turismo,2024-11-18,2025-10-31,347,False,False,True,False,DOCENTE,DOCENTE_TITULAR_CARRERA,False
4300,17,FACULTAD DE CIENCIAS SOCIALES Y HUMANÍSTICAS,Coordinador de acreditación internacional,JEFATURA_SUPERVISION_OPERATIVA,False,,,POSGRADO,Maestría Ejecutiva en Economía y Dirección de Empresas,2025-11-01,2025-11-17,16,False,False,False,False,DOCENTE,DOCENTE_TITULAR_CARRERA,False
4300,17,FACULTAD DE CIENCIAS SOCIALES Y HUMANÍSTICAS,Coordinador de acreditación internacional,JEFATURA_SUPERVISION_OPERATIVA,False,,,POSGRADO,Maestría en Finanzas,2025-11-01,2026-03-31,150,False,False,False,False,DOCENTE,DOCENTE_TITULAR_CARRERA,False
4300,17,FACULTAD DE CIENCIAS SOCIALES Y HUMANÍSTICAS,Coordinador de acreditación internacional,JEFATURA_SUPERVISION_OPERATIVA,False,,,POSGRADO,Maestría en Políticas y Gestión Pública,2025-11-01,2026-03-31,150,False,False,True,False,DOCENTE,DOCENTE_TITULAR_CARRERA,False
4300,17,FACULTAD DE CIENCIAS SOCIALES Y HUMANÍSTICAS,Coordinador de acreditación internacional,JEFATURA_SUPERVISION_OPERATIVA,False,,,POSGRADO,Maestría en Gestión del Talento Humano,2025-11-01,2026-03-31,150,False,False,True,False,DOCENTE,DOCENTE_TITULAR_CARRERA,False
4300,17,FACULTAD DE CIENCIAS SOCIALES Y HUMANÍSTICAS,Coordinador de acreditación internacional,JEFATURA_SUPERVISION_OPERATIVA,False,,,POSGRADO,Maestría en Economía y Dirección de Empresas,2025-11-01,2026-03-31,150,False,False,True,False,DOCENTE,DOCENTE_TITULAR_CARRERA,False
4300,17,FACULTAD DE CIENCIAS SOCIALES Y HUMANÍSTICAS,Coordinador de acreditación internacional,JEFATURA_SUPERVISION_OPERATIVA,False,,,GRADO,Auditoría y Control de Gestión,2025-11-01,2025-11-16,15,False,False,False,False,DOCENTE,DOCENTE_TITULAR_CARRERA,False
4300,17,FACULTAD DE CIENCIAS SOCIALES Y HUMANÍSTICAS,Coordinador de acreditación internacional,JEFATURA_SUPERVISION_OPERATIVA,False,,,GRADO,Economía,2025-11-01,2025-11-16,15,False,False,True,False,DOCENTE,DOCENTE_TITULAR_CARRERA,False
4300,17,FACULTAD DE CIENCIAS SOCIALES Y HUMANÍSTICAS,Coordinador de acreditación internacional,JEFATURA_SUPERVISION_OPERATIVA,False,,,GRADO,Arqueología,2025-11-01,2025-11-16,15,False,False,True,False,DOCENTE,DOCENTE_TITULAR_CARRERA,False
4300,17,FACULTAD DE CIENCIAS SOCIALES Y HUMANÍSTICAS,Coordinador de acreditación internacional,JEFATURA_SUPERVISION_OPERATIVA,False,,,GRADO,Administración de Empresas,2025-11-01,2025-11-16,15,False,False,True,False,DOCENTE,DOCENTE_TITULAR_CARRERA,False
4300,17,FACULTAD DE CIENCIAS SOCIALES Y HUMANÍSTICAS,Coordinador de acreditación internacional,JEFATURA_SUPERVISION_OPERATIVA,False,,,GRADO,Turismo,2025-11-01,2025-11-16,15,False,False,True,False,DOCENTE,DOCENTE_TITULAR_CARRERA,False
4300,17,FACULTAD DE CIENCIAS SOCIALES Y HUMANÍSTICAS,Coordinador de acreditación internacional,JEFATURA_SUPERVISION_OPERATIVA,False,,,POSGRADO,Maestría en Fiscalidad Internacional y Valoración Aduanera,2025-11-05,2026-03-31,146,False,False,False,False,DOCENTE,DOCENTE_TITULAR_CARRERA,False
4300,17,FACULTAD DE CIENCIAS SOCIALES Y HUMANÍSTICAS,Coordinador de acreditación internacional,JEFATURA_SUPERVISION_OPERATIVA,False,,,GRADO,Auditoría y Control de Gestión,2025-11-17,2026-03-31,134,False,False,False,False,DOCENTE,DOCENTE_TITULAR_CARRERA,False
4300,17,FACULTAD DE CIENCIAS SOCIALES Y HUMANÍSTICAS,Coordinador de acreditación internacional,JEFATURA_SUPERVISION_OPERATIVA,False,,,GRADO,Economía,2025-11-17,2026-03-31,134,False,False,True,False,DOCENTE,DOCENTE_TITULAR_CARRERA,False
4300,17,FACULTAD DE CIENCIAS SOCIALES Y HUMANÍSTICAS,Coordinador de acreditación internacional,JEFATURA_SUPERVISION_OPERATIVA,False,,,GRADO,Arqueología,2025-11-17,2025-11-16,0,False,True,False,False,DOCENTE,DOCENTE_TITULAR_CARRERA,False
4300,17,FACULTAD DE CIENCIAS SOCIALES Y HUMANÍSTICAS,Coordinador de acreditación internacional,JEFATURA_SUPERVISION_OPERATIVA,False,,,GRADO,Arqueología,2025-11-17,2026-03-31,134,False,False,True,False,DOCENTE,DOCENTE_TITULAR_CARRERA,False
4300,17,FACULTAD DE CIENCIAS SOCIALES Y HUMANÍSTICAS,Coordinador de acreditación internacional,JEFATURA_SUPERVISION_OPERATIVA,False,,,GRADO,Administración de Empresas,2025-11-17,2026-03-31,134,False,False,True,False,DOCENTE,DOCENTE_TITULAR_CARRERA,False
4300,17,FACULTAD DE CIENCIAS SOCIALES Y HUMANÍSTICAS,Coordinador de acreditación internacional,JEFATURA_SUPERVISION_OPERATIVA,False,,,GRADO,Turismo,2025-11-17,2026-03-31,134,False,False,True,False,DOCENTE,DOCENTE_TITULAR_CARRERA,False
4300,17,FACULTAD DE CIENCIAS SOCIALES Y HUMANÍSTICAS,Coordinador de acreditación internacional,JEFATURA_SUPERVISION_OPERATIVA,False,,,POSGRADO,Maestría en Contabilidad y Auditoría,2026-02-05,2026-03-31,54,False,False,False,False,DOCENTE,DOCENTE_TITULAR_CARRERA,False
4330,35,CENTRO DE PROMOCIÓN Y EMPLEO,Director,AUTORIDAD_ADMINISTRATIVA_SUPERIOR,False,,,,,2017-11-13,2020-07-31,991,False,False,False,False,ADMINISTRATIVO,AUTORIDAD_ADMINISTRATIVA_SUPERIOR,True
4337,79,CENTRO ECUATORIANO DE INVESTIGACIÓN Y DESARROLLO EN NANOTECNOLOGÍA,Director,AUTORIDAD_ADMINISTRATIVA_SUPERIOR,False,,,,,2022-04-21,2026-03-08,1417,False,False,False,False,DOCENTE,DOCENTE_TITULAR_CARRERA,False
4337,79,CENTRO ECUATORIANO DE INVESTIGACIÓN Y DESARROLLO EN NANOTECNOLOGÍA,Director,AUTORIDAD_ADMINISTRATIVA_SUPERIOR,False,,,,,2026-03-21,,178,False,False,False,False,DOCENTE,DOCENTE_TITULAR_CARRERA,False
4383,22,FACULTAD DE INGENIERÍA MECÁNICA Y CIENCIAS DE LA PRODUCCIÓN,Coordinador de carrera,JEFATURA_SUPERVISION_OPERATIVA,False,,,GRADO,Alimentos,2023-09-18,2023-09-30,12,False,False,False,False,DOCENTE,DOCENTE_NO_TITULAR_OCASIONAL,False
4383,22,FACULTAD DE INGENIERÍA MECÁNICA Y CIENCIAS DE LA PRODUCCIÓN,Coordinador de carrera,JEFATURA_SUPERVISION_OPERATIVA,False,,,GRADO,Alimentos,2024-03-18,2027-11-01,1323,False,False,False,False,DOCENTE,DOCENTE_NO_TITULAR_OCASIONAL,False
4401,112,AJÁ PARQUE DE LA CIENCIA,Director,AUTORIDAD_ADMINISTRATIVA_SUPERIOR,False,,,,,2012-12-06,2017-12-17,1837,False,False,False,False,DOCENTE,DOCENTE_NO_TITULAR_OCASIONAL,False
4401,112,AJÁ PARQUE DE LA CIENCIA,Director departamento,AUTORIDAD_ADMINISTRATIVA_SUPERIOR,False,,,,,2017-12-18,2023-02-17,1887,False,False,False,False,DOCENTE,DOCENTE_NO_TITULAR_OCASIONAL,False
4401,112,AJÁ PARQUE DE LA CIENCIA,Director,AUTORIDAD_ADMINISTRATIVA_SUPERIOR,False,,,,,2023-02-22,2024-01-07,319,False,False,False,False,ADMINISTRATIVO,CONTRATO_SERVICIOS_PROFESIONALES_PROYECTO,False
4444,47,GERENCIA FINANCIERA,Subrogación,OTROS_AA,True,Gerente,AUTORIDAD_ADMINISTRATIVA_SUPERIOR,,,2026-03-25,2026-03-27,2,False,False,False,False,ADMINISTRATIVO,AUTORIDAD_ADMINISTRATIVA_SUPERIOR,True
4444,47,GERENCIA FINANCIERA,Subrogación,OTROS_AA,True,Gerente,AUTORIDAD_ADMINISTRATIVA_SUPERIOR,,,2026-03-30,2026-03-31,1,False,False,False,False,ADMINISTRATIVO,AUTORIDAD_ADMINISTRATIVA_SUPERIOR,True
4512,61,FACULTAD DE CIENCIAS DE LA VIDA,Coordinador general de postgrado,JEFATURA_SUPERVISION_OPERATIVA,False,,,,,2019-02-12,,2772,False,False,False,False,ADMINISTRATIVO,PROFESIONAL_ANALISTA,False
4527,12,FACULTAD DE CIENCIAS NATURALES Y MATEMÁTICAS,Coordinador de prácticas empresariales,JEFATURA_SUPERVISION_OPERATIVA,False,,,GRADO,Estadística,2017-04-06,2018-04-05,364,False,False,False,False,DOCENTE,DOCENTE_NO_TITULAR_OCASIONAL,False
4527,12,FACULTAD DE CIENCIAS NATURALES Y MATEMÁTICAS,Coordinador de vinculación con la sociedad,JEFATURA_SUPERVISION_OPERATIVA,False,,,GRADO,Estadística,2022-10-01,2025-10-30,1125,False,False,False,False,DOCENTE,DOCENTE_NO_TITULAR_OCASIONAL,False
4527,12,FACULTAD DE CIENCIAS NATURALES Y MATEMÁTICAS,Coordinador de vinculación con la sociedad,JEFATURA_SUPERVISION_OPERATIVA,False,,,GRADO,Estadística,2025-10-31,,319,False,False,False,False,DOCENTE,DOCENTE_NO_TITULAR_OCASIONAL,False
4560,16,FACULTAD DE INGENIERÍA EN ELECTRICIDAD Y COMPUTACIÓN,Coordinador de prácticas empresariales,JEFATURA_SUPERVISION_OPERATIVA,False,,,GRADO,Computación,2018-08-27,,2941,False,False,False,False,DOCENTE,DOCENTE_NO_TITULAR_OCASIONAL,False
4635,26,ESCUELA DE POSTGRADO EN ADMINISTRACIÓN DE EMPRESAS,Coordinador de programa de postgrado,JEFATURA_SUPERVISION_OPERATIVA,False,,,POSGRADO,Maestría en Gestión de Proyectos,2020-02-01,2024-03-15,1504,False,False,False,False,DOCENTE,DOCENTE_NO_TITULAR_OCASIONAL,False
4635,26,ESCUELA DE POSTGRADO EN ADMINISTRACIÓN DE EMPRESAS,Coordinador de acreditación internacional,JEFATURA_SUPERVISION_OPERATIVA,False,,,POSGRADO,Maestría en Gestión de Proyectos,2020-02-01,2024-03-15,1504,False,False,False,False,DOCENTE,DOCENTE_NO_TITULAR_OCASIONAL,False
4635,26,ESCUELA DE POSTGRADO EN ADMINISTRACIÓN DE EMPRESAS,Coordinador de programa de postgrado,JEFATURA_SUPERVISION_OPERATIVA,False,,,POSGRADO,Maestría en Administración de Empresas,2021-12-01,2023-12-07,736,False,False,False,False,DOCENTE,DOCENTE_NO_TITULAR_OCASIONAL,False
4635,26,ESCUELA DE POSTGRADO EN ADMINISTRACIÓN DE EMPRESAS,Coordinador de programa de postgrado,JEFATURA_SUPERVISION_OPERATIVA,False,,,POSGRADO,Maestría en Administración de Empresas,2023-12-08,2024-03-15,98,False,False,False,False,DOCENTE,DOCENTE_NO_TITULAR_OCASIONAL,False
4675,12,FACULTAD DE CIENCIAS NATURALES Y MATEMÁTICAS,Coordinador de prácticas empresariales,JEFATURA_SUPERVISION_OPERATIVA,False,,,GRADO,Logistica y Transporte,2019-05-06,2020-02-03,273,False,False,False,False,DOCENTE,DOCENTE_NO_TITULAR_OCASIONAL,False
4714,16,FACULTAD DE INGENIERÍA EN ELECTRICIDAD Y COMPUTACIÓN,Coordinador de carrera,JEFATURA_SUPERVISION_OPERATIVA,False,,,GRADO,Ciencia de Datos e Inteligencia Artificial,2024-03-11,2025-04-03,388,False,False,False,False,DOCENTE,DOCENTE_NO_TITULAR_OCASIONAL,False
4714,16,FACULTAD DE INGENIERÍA EN ELECTRICIDAD Y COMPUTACIÓN,Coordinador de carrera,JEFATURA_SUPERVISION_OPERATIVA,False,,,GRADO,Ciencia de Datos e Inteligencia Artificial,2025-03-24,2026-09-09,534,False,False,False,False,DOCENTE,DOCENTE_NO_TITULAR_OCASIONAL,False
4714,16,FACULTAD DE INGENIERÍA EN ELECTRICIDAD Y COMPUTACIÓN,Coordinador de carrera,JEFATURA_SUPERVISION_OPERATIVA,False,,,GRADO,Ciencia de Datos e Inteligencia Artificial,2025-04-04,2026-09-09,523,False,False,False,False,DOCENTE,DOCENTE_NO_TITULAR_OCASIONAL,False
4776,38,CENTRO DE TECNOLOGÍAS DE LA INFORMACIÓN,Director,AUTORIDAD_ADMINISTRATIVA_SUPERIOR,False,,,,,2024-03-11,2024-04-09,29,False,False,False,False,DOCENTE,DOCENTE_NO_TITULAR_OCASIONAL,False
4819,61,FACULTAD DE CIENCIAS DE LA VIDA,Miembro del consejo directivo - trabajadores,OTROS_AA,False,,,,,2021-11-22,2023-11-21,729,False,False,False,False,ADMINISTRATIVO,ASISTENCIA_SECRETARIAL_OFICINA,False
4829,12,FACULTAD DE CIENCIAS NATURALES Y MATEMÁTICAS,Coordinador de acreditación internacional,JEFATURA_SUPERVISION_OPERATIVA,False,,,GRADO,Estadística,2019-05-14,2020-02-04,266,False,False,False,False,DOCENTE,DOCENTE_NO_TITULAR_OCASIONAL,False
4835,25,FACULTAD DE INGENIERÍA EN CIENCIAS DE LA TIERRA,Coordinador de vinculación con la sociedad,JEFATURA_SUPERVISION_OPERATIVA,False,,,GRADO,Ingeniería Civil,2018-09-20,2020-02-21,519,False,False,False,False,DOCENTE,DOCENTE_NO_TITULAR_OCASIONAL,False
4835,25,FACULTAD DE INGENIERÍA EN CIENCIAS DE LA TIERRA,Coordinador de vinculación con la sociedad,JEFATURA_SUPERVISION_OPERATIVA,False,,,GRADO,Geología,2020-03-02,2020-05-31,90,False,False,False,False,DOCENTE,DOCENTE_NO_TITULAR_OCASIONAL,False
4835,25,FACULTAD DE INGENIERÍA EN CIENCIAS DE LA TIERRA,Coordinador de vinculación con la sociedad,JEFATURA_SUPERVISION_OPERATIVA,False,,,GRADO,Geología,2020-03-10,2020-04-01,22,False,False,False,False,DOCENTE,DOCENTE_NO_TITULAR_OCASIONAL,False
4835,12,FACULTAD DE CIENCIAS NATURALES Y MATEMÁTICAS,Coordinador de programa de postgrado,JEFATURA_SUPERVISION_OPERATIVA,False,,,POSGRADO,Maestría en Gestión Ambiental,2023-04-15,2023-10-11,179,False,False,False,False,DOCENTE,DOCENTE_TITULAR_CARRERA,False
4835,77,CENTRO DE INVESTIGACIÓN Y PROYECTOS APLICADOS A LAS CIENCIAS DE LA TIERRA,Director,AUTORIDAD_ADMINISTRATIVA_SUPERIOR,False,,,,,2024-09-16,2024-09-20,4,False,False,False,False,DOCENTE,DOCENTE_TITULAR_CARRERA,False
4835,77,CENTRO DE INVESTIGACIÓN Y PROYECTOS APLICADOS A LAS CIENCIAS DE LA TIERRA,Director,AUTORIDAD_ADMINISTRATIVA_SUPERIOR,False,,,,,2025-03-25,2025-03-26,1,False,False,False,False,DOCENTE,DOCENTE_TITULAR_CARRERA,False
4835,142,OFICINA DE TRANSFERENCIA DE RESULTADOS DE INVESTIGACIÓN - OTRI EN LA ESPOL,Director,AUTORIDAD_ADMINISTRATIVA_SUPERIOR,False,,,,,2025-09-24,2025-09-26,2,False,False,False,False,DOCENTE,DOCENTE_TITULAR_CARRERA,False
4835,142,OFICINA DE TRANSFERENCIA DE RESULTADOS DE INVESTIGACIÓN - OTRI EN LA ESPOL,Director,AUTORIDAD_ADMINISTRATIVA_SUPERIOR,False,,,,,2026-03-08,2026-03-14,6,False,False,False,False,DOCENTE,DOCENTE_TITULAR_CARRERA,False
4835,142,OFICINA DE TRANSFERENCIA DE RESULTADOS DE INVESTIGACIÓN - OTRI EN LA ESPOL,Director,AUTORIDAD_ADMINISTRATIVA_SUPERIOR,False,,,,,2026-03-30,2026-04-02,3,False,False,False,False,DOCENTE,DOCENTE_TITULAR_CARRERA,False
4835,142,OFICINA DE TRANSFERENCIA DE RESULTADOS DE INVESTIGACIÓN - OTRI EN LA ESPOL,Director,AUTORIDAD_ADMINISTRATIVA_SUPERIOR,False,,,,,2026-04-20,2026-04-25,5,False,False,False,False,DOCENTE,DOCENTE_TITULAR_CARRERA,False
4835,142,OFICINA DE TRANSFERENCIA DE RESULTADOS DE INVESTIGACIÓN - OTRI EN LA ESPOL,Subrogación,OTROS_AA,True,Director,AUTORIDAD_ADMINISTRATIVA_SUPERIOR,,,2026-09-03,2026-09-06,3,False,False,False,False,DOCENTE,DOCENTE_TITULAR_CARRERA,False
4835,142,OFICINA DE TRANSFERENCIA DE RESULTADOS DE INVESTIGACIÓN - OTRI EN LA ESPOL,Director,AUTORIDAD_ADMINISTRATIVA_SUPERIOR,False,,,,,2026-09-03,2026-09-06,3,False,False,False,False,DOCENTE,DOCENTE_TITULAR_CARRERA,False
4860,17,FACULTAD DE CIENCIAS SOCIALES Y HUMANÍSTICAS,Coordinador de carrera,JEFATURA_SUPERVISION_OPERATIVA,False,,,GRADO,Ingeniería en Negocios Internacionales,2017-02-27,2017-11-12,258,False,False,False,False,DOCENTE,DOCENTE_NO_TITULAR_OCASIONAL,False
4860,17,FACULTAD DE CIENCIAS SOCIALES Y HUMANÍSTICAS,Coordinador de carrera,JEFATURA_SUPERVISION_OPERATIVA,False,,,GRADO,Ingeniería en Negocios Internacionales,2017-11-13,2018-03-11,118,False,False,False,False,DOCENTE,DOCENTE_NO_TITULAR_OCASIONAL,False
4894,22,FACULTAD DE INGENIERÍA MECÁNICA Y CIENCIAS DE LA PRODUCCIÓN,Coordinador de vinculación con la sociedad,JEFATURA_SUPERVISION_OPERATIVA,False,,,GRADO,Ingeniería Industrial,2017-04-07,,3448,False,False,False,False,DOCENTE,DOCENTE_NO_TITULAR_OCASIONAL,False
4894,22,FACULTAD DE INGENIERÍA MECÁNICA Y CIENCIAS DE LA PRODUCCIÓN,Coordinador de carrera,JEFATURA_SUPERVISION_OPERATIVA,False,,,GRADO,Ingeniería Industrial,2017-05-16,2017-05-31,15,False,False,False,False,DOCENTE,DOCENTE_NO_TITULAR_OCASIONAL,False
4894,22,FACULTAD DE INGENIERÍA MECÁNICA Y CIENCIAS DE LA PRODUCCIÓN,Coordinador de vinculación con la sociedad,JEFATURA_SUPERVISION_OPERATIVA,False,,,GRADO,Ingeniería Industrial,2017-08-14,2017-11-20,98,False,False,False,False,DOCENTE,DOCENTE_NO_TITULAR_OCASIONAL,False
4894,22,FACULTAD DE INGENIERÍA MECÁNICA Y CIENCIAS DE LA PRODUCCIÓN,Coordinador de vinculación con la sociedad,JEFATURA_SUPERVISION_OPERATIVA,False,,,GRADO,Ingeniería Industrial,2017-12-05,2020-09-30,1030,False,False,False,False,DOCENTE,DOCENTE_NO_TITULAR_OCASIONAL,False
4901,17,FACULTAD DE CIENCIAS SOCIALES Y HUMANÍSTICAS,Coordinador de carrera,JEFATURA_SUPERVISION_OPERATIVA,False,,,GRADO,Ingeniería Comercial y Empresarial,2016-12-07,2017-01-08,32,False,False,False,False,DOCENTE,DOCENTE_NO_TITULAR_OCASIONAL,False
4901,17,FACULTAD DE CIENCIAS SOCIALES Y HUMANÍSTICAS,Coordinador de carrera,JEFATURA_SUPERVISION_OPERATIVA,False,,,GRADO,Administración de Empresas,2017-01-09,2017-11-12,307,False,False,False,False,DOCENTE,DOCENTE_NO_TITULAR_OCASIONAL,False
4901,17,FACULTAD DE CIENCIAS SOCIALES Y HUMANÍSTICAS,Coordinador de carrera,JEFATURA_SUPERVISION_OPERATIVA,False,,,GRADO,Administración de Empresas,2017-11-13,2018-12-31,413,False,False,False,False,DOCENTE,DOCENTE_NO_TITULAR_OCASIONAL,False
4901,17,FACULTAD DE CIENCIAS SOCIALES Y HUMANÍSTICAS,Coordinador de programa de postgrado,JEFATURA_SUPERVISION_OPERATIVA,False,,,POSGRADO,Maestría en Finanzas,2018-05-02,2020-04-30,729,False,False,False,False,DOCENTE,DOCENTE_NO_TITULAR_OCASIONAL,False
4901,17,FACULTAD DE CIENCIAS SOCIALES Y HUMANÍSTICAS,Coordinador de carrera,JEFATURA_SUPERVISION_OPERATIVA,False,,,GRADO,Ingeniería en Negocios Internacionales,2019-01-01,2019-03-06,64,False,False,False,False,DOCENTE,DOCENTE_NO_TITULAR_OCASIONAL,False
4901,17,FACULTAD DE CIENCIAS SOCIALES Y HUMANÍSTICAS,Coordinador de carrera,JEFATURA_SUPERVISION_OPERATIVA,False,,,GRADO,Administración de Empresas,2019-03-07,2021-09-24,932,False,False,False,False,DOCENTE,DOCENTE_NO_TITULAR_OCASIONAL,False
4901,17,FACULTAD DE CIENCIAS SOCIALES Y HUMANÍSTICAS,Coordinador de carrera,JEFATURA_SUPERVISION_OPERATIVA,False,,,GRADO,Administración de Empresas,2023-09-25,2023-10-22,27,False,False,False,False,DOCENTE,DOCENTE_NO_TITULAR_OCASIONAL,False
4901,17,FACULTAD DE CIENCIAS SOCIALES Y HUMANÍSTICAS,Coordinador de carrera,JEFATURA_SUPERVISION_OPERATIVA,False,,,GRADO,Administración de Empresas,2023-10-23,2024-02-16,116,False,False,False,False,DOCENTE,DOCENTE_NO_TITULAR_OCASIONAL,False
4966,22,FACULTAD DE INGENIERÍA MECÁNICA Y CIENCIAS DE LA PRODUCCIÓN,Coordinador de acreditación internacional,JEFATURA_SUPERVISION_OPERATIVA,False,,,GRADO,Ingeniería Industrial,2017-04-10,2017-09-22,165,False,False,False,False,,,
4971,16,FACULTAD DE INGENIERÍA EN ELECTRICIDAD Y COMPUTACIÓN,Miembro del consejo directivo,OTROS_AA,False,,,,,2019-12-10,2022-12-09,1095,False,False,False,False,DOCENTE,DOCENTE_TITULAR_CARRERA,False
5011,25,FACULTAD DE INGENIERÍA EN CIENCIAS DE LA TIERRA,Coordinador de prácticas empresariales,JEFATURA_SUPERVISION_OPERATIVA,False,,,GRADO,Petróleos,2017-05-22,,3403,False,False,False,False,,,
5011,25,FACULTAD DE INGENIERÍA EN CIENCIAS DE LA TIERRA,Coordinador de acreditación internacional,JEFATURA_SUPERVISION_OPERATIVA,False,,,GRADO,Petróleos,2017-10-01,2018-11-30,425,False,False,False,False,,,
5027,25,FACULTAD DE INGENIERÍA EN CIENCIAS DE LA TIERRA,Coordinador de programa de postgrado,JEFATURA_SUPERVISION_OPERATIVA,False,,,POSGRADO,Maestría en Estructuras Civiles Sismorresistentes,2023-02-14,2025-02-21,738,False,False,False,False,DOCENTE,DOCENTE_TITULAR_CARRERA,False
5027,25,FACULTAD DE INGENIERÍA EN CIENCIAS DE LA TIERRA,Coordinador de programa de postgrado,JEFATURA_SUPERVISION_OPERATIVA,False,,,POSGRADO,Maestría en Estructuras Civiles Sismorresistentes,2025-02-24,2028-02-29,1100,False,False,False,False,DOCENTE,DOCENTE_TITULAR_CARRERA,False
5027,25,FACULTAD DE INGENIERÍA EN CIENCIAS DE LA TIERRA,Miembro del consejo politécnico,OTROS_AA,False,,,,,2025-10-01,2028-09-30,1095,False,False,False,False,DOCENTE,DOCENTE_TITULAR_CARRERA,False
5027,79,CENTRO ECUATORIANO DE INVESTIGACIÓN Y DESARROLLO EN NANOTECNOLOGÍA,Director,AUTORIDAD_ADMINISTRATIVA_SUPERIOR,False,,,,,2026-03-09,2026-03-20,11,False,False,False,False,DOCENTE,DOCENTE_TITULAR_CARRERA,False
5181,11,"FACULTAD DE INGENIERIA MARÍTIMA, CIENCIAS BIOLÓGICAS, OCEÁNICAS Y RECURSOS NATURALES",Coordinador de prácticas empresariales,JEFATURA_SUPERVISION_OPERATIVA,False,,,GRADO,Acuicultura,2017-03-16,2018-04-10,390,False,False,False,False,,,
5181,11,"FACULTAD DE INGENIERIA MARÍTIMA, CIENCIAS BIOLÓGICAS, OCEÁNICAS Y RECURSOS NATURALES",Coordinador de vinculación con la sociedad,JEFATURA_SUPERVISION_OPERATIVA,False,,,GRADO,Acuicultura,2017-03-22,2017-09-29,191,False,False,False,False,,,
5307,16,FACULTAD DE INGENIERÍA EN ELECTRICIDAD Y COMPUTACIÓN,Coordinador de vinculación con la sociedad,JEFATURA_SUPERVISION_OPERATIVA,False,,,GRADO,Licenciatura en Redes y Sistemas Operativos,2017-05-09,2017-09-22,136,False,False,False,False,DOCENTE,DOCENTE_NO_TITULAR_OCASIONAL,False
5307,16,FACULTAD DE INGENIERÍA EN ELECTRICIDAD Y COMPUTACIÓN,Coordinador de vinculación con la sociedad,JEFATURA_SUPERVISION_OPERATIVA,False,,,GRADO,Licenciatura en Redes y Sistemas Operativos,2017-10-04,2019-01-15,468,False,False,False,False,DOCENTE,DOCENTE_NO_TITULAR_OCASIONAL,False
5307,16,FACULTAD DE INGENIERÍA EN ELECTRICIDAD Y COMPUTACIÓN,Coordinador de vinculación con la sociedad,JEFATURA_SUPERVISION_OPERATIVA,False,,,GRADO,Licenciatura en Redes y Sistemas Operativos,2019-01-16,2020-02-23,403,False,False,False,False,DOCENTE,DOCENTE_NO_TITULAR_OCASIONAL,False
5336,17,FACULTAD DE CIENCIAS SOCIALES Y HUMANÍSTICAS,Coordinador de programa de postgrado,JEFATURA_SUPERVISION_OPERATIVA,False,,,POSGRADO,Maestría en Enseñanza de Inglés Como Lengua Extranjera,2016-04-15,2020-04-30,1476,False,False,False,False,DOCENTE,DOCENTE_TITULAR_CARRERA,False
5336,17,FACULTAD DE CIENCIAS SOCIALES Y HUMANÍSTICAS,Miembro del consejo directivo,OTROS_AA,False,,,,,2016-12-14,2019-12-13,1094,False,False,False,False,DOCENTE,DOCENTE_TITULAR_CARRERA,False
5336,17,FACULTAD DE CIENCIAS SOCIALES Y HUMANÍSTICAS,Subrogación,OTROS_AA,True,Subdecano,AUTORIDAD_ACADEMICA_SUPERIOR,,,2019-04-08,2019-04-19,11,False,False,False,False,DOCENTE,DOCENTE_TITULAR_CARRERA,False
5336,17,FACULTAD DE CIENCIAS SOCIALES Y HUMANÍSTICAS,Subrogación,OTROS_AA,True,Decano,AUTORIDAD_ACADEMICA_SUPERIOR,,,2019-10-29,2019-10-30,1,False,False,False,False,DOCENTE,DOCENTE_TITULAR_CARRERA,False
5336,25,FACULTAD DE INGENIERÍA EN CIENCIAS DE LA TIERRA,Subdecano,AUTORIDAD_ACADEMICA_SUPERIOR,False,,,,,2022-11-13,2025-08-31,1022,False,False,False,False,DOCENTE,AUTORIDAD_ACADEMICA_SUPERIOR,True
5336,25,FACULTAD DE INGENIERÍA EN CIENCIAS DE LA TIERRA,Subrogación,OTROS_AA,True,Decano,AUTORIDAD_ACADEMICA_SUPERIOR,,,2023-03-05,2023-03-08,3,False,False,False,False,DOCENTE,AUTORIDAD_ACADEMICA_SUPERIOR,True
5336,25,FACULTAD DE INGENIERÍA EN CIENCIAS DE LA TIERRA,Subrogación,OTROS_AA,True,Decano,AUTORIDAD_ACADEMICA_SUPERIOR,,,2024-04-21,2024-04-25,4,False,False,False,False,DOCENTE,AUTORIDAD_ACADEMICA_SUPERIOR,True
5336,25,FACULTAD DE INGENIERÍA EN CIENCIAS DE LA TIERRA,Subrogación,OTROS_AA,True,Decano,AUTORIDAD_ACADEMICA_SUPERIOR,,,2024-05-11,2024-05-18,7,False,False,False,False,DOCENTE,AUTORIDAD_ACADEMICA_SUPERIOR,True
5336,25,FACULTAD DE INGENIERÍA EN CIENCIAS DE LA TIERRA,Subrogación,OTROS_AA,True,Decano,AUTORIDAD_ACADEMICA_SUPERIOR,,,2024-09-16,2024-09-27,11,False,False,False,False,DOCENTE,AUTORIDAD_ACADEMICA_SUPERIOR,True
5336,25,FACULTAD DE INGENIERÍA EN CIENCIAS DE LA TIERRA,Subrogación,OTROS_AA,True,Decano,AUTORIDAD_ACADEMICA_SUPERIOR,,,2024-11-05,2024-11-08,3,False,False,False,False,DOCENTE,AUTORIDAD_ACADEMICA_SUPERIOR,True
5336,25,FACULTAD DE INGENIERÍA EN CIENCIAS DE LA TIERRA,Subrogación,OTROS_AA,True,Decano,AUTORIDAD_ACADEMICA_SUPERIOR,,,2024-12-04,2024-12-08,4,False,False,False,False,DOCENTE,AUTORIDAD_ACADEMICA_SUPERIOR,True
5336,25,FACULTAD DE INGENIERÍA EN CIENCIAS DE LA TIERRA,Subrogación,OTROS_AA,True,Decano,AUTORIDAD_ACADEMICA_SUPERIOR,,,2025-01-06,2025-01-14,8,False,False,False,False,DOCENTE,AUTORIDAD_ACADEMICA_SUPERIOR,True
5336,25,FACULTAD DE INGENIERÍA EN CIENCIAS DE LA TIERRA,Subrogación,OTROS_AA,True,Decano,AUTORIDAD_ACADEMICA_SUPERIOR,,,2025-01-28,2025-01-30,2,False,False,False,False,DOCENTE,AUTORIDAD_ACADEMICA_SUPERIOR,True
5336,25,FACULTAD DE INGENIERÍA EN CIENCIAS DE LA TIERRA,Subrogación,OTROS_AA,True,Decano,AUTORIDAD_ACADEMICA_SUPERIOR,,,2025-02-02,2025-02-08,6,False,False,False,False,DOCENTE,AUTORIDAD_ACADEMICA_SUPERIOR,True
5336,25,FACULTAD DE INGENIERÍA EN CIENCIAS DE LA TIERRA,Subrogación,OTROS_AA,True,Decano,AUTORIDAD_ACADEMICA_SUPERIOR,,,2025-03-19,2025-03-20,1,False,False,False,False,DOCENTE,AUTORIDAD_ACADEMICA_SUPERIOR,True
5336,25,FACULTAD DE INGENIERÍA EN CIENCIAS DE LA TIERRA,Subrogación,OTROS_AA,True,Decano,AUTORIDAD_ACADEMICA_SUPERIOR,,,2025-04-02,2025-04-04,2,False,False,False,False,DOCENTE,AUTORIDAD_ACADEMICA_SUPERIOR,True
5336,25,FACULTAD DE INGENIERÍA EN CIENCIAS DE LA TIERRA,Subrogación,OTROS_AA,True,Decano,AUTORIDAD_ACADEMICA_SUPERIOR,,,2025-04-11,2025-04-20,9,False,False,False,False,DOCENTE,AUTORIDAD_ACADEMICA_SUPERIOR,True
5336,25,FACULTAD DE INGENIERÍA EN CIENCIAS DE LA TIERRA,Subrogación,OTROS_AA,True,Decano,AUTORIDAD_ACADEMICA_SUPERIOR,,,2025-05-24,2025-05-31,7,False,False,False,False,DOCENTE,AUTORIDAD_ACADEMICA_SUPERIOR,True
5336,25,FACULTAD DE INGENIERÍA EN CIENCIAS DE LA TIERRA,Subrogación,OTROS_AA,True,Decano,AUTORIDAD_ACADEMICA_SUPERIOR,,,2025-08-20,2025-08-29,9,False,False,False,False,DOCENTE,AUTORIDAD_ACADEMICA_SUPERIOR,True
5336,17,FACULTAD DE CIENCIAS SOCIALES Y HUMANÍSTICAS,Subrogación,OTROS_AA,True,Subdecano,AUTORIDAD_ACADEMICA_SUPERIOR,,,2025-12-11,2025-12-12,1,False,False,False,False,DOCENTE,DOCENTE_TITULAR_CARRERA,False
5336,17,FACULTAD DE CIENCIAS SOCIALES Y HUMANÍSTICAS,Subrogación,OTROS_AA,True,Subdecano,AUTORIDAD_ACADEMICA_SUPERIOR,,,2026-01-27,2026-01-30,3,False,False,False,False,DOCENTE,DOCENTE_TITULAR_CARRERA,False
5336,17,FACULTAD DE CIENCIAS SOCIALES Y HUMANÍSTICAS,Subrogación,OTROS_AA,True,Subdecano,AUTORIDAD_ACADEMICA_SUPERIOR,,,2026-07-12,2026-07-18,6,False,False,False,False,DOCENTE,AUTORIDAD_ACADEMICA_SUPERIOR,True
5337,61,FACULTAD DE CIENCIAS DE LA VIDA,Miembro del consejo directivo,OTROS_AA,False,,,,,2015-10-14,2018-10-13,1095,False,False,False,False,DOCENTE,DOCENTE_TITULAR_CARRERA,False
5337,61,FACULTAD DE CIENCIAS DE LA VIDA,Coordinador de prácticas empresariales,JEFATURA_SUPERVISION_OPERATIVA,False,,,GRADO,Ingeniería Agrícola y Biológica,2017-04-06,2019-03-20,713,False,False,False,False,DOCENTE,DOCENTE_TITULAR_CARRERA,False
5337,61,FACULTAD DE CIENCIAS DE LA VIDA,Subdecano,AUTORIDAD_ACADEMICA_SUPERIOR,False,,,,,2019-02-12,2022-11-12,1369,False,False,False,False,DOCENTE,AUTORIDAD_ACADEMICA_SUPERIOR,True
5337,61,FACULTAD DE CIENCIAS DE LA VIDA,Subrogación,OTROS_AA,True,Decano,AUTORIDAD_ACADEMICA_SUPERIOR,,,2019-03-11,2019-03-15,4,False,False,False,False,DOCENTE,AUTORIDAD_ACADEMICA_SUPERIOR,True
5337,61,FACULTAD DE CIENCIAS DE LA VIDA,Coordinador de prácticas empresariales,JEFATURA_SUPERVISION_OPERATIVA,False,,,GRADO,Ingeniería Agrícola y Biológica,2019-03-21,2020-01-19,304,False,False,False,False,DOCENTE,AUTORIDAD_ACADEMICA_SUPERIOR,False
5337,61,FACULTAD DE CIENCIAS DE LA VIDA,Subrogación,OTROS_AA,True,Decano,AUTORIDAD_ACADEMICA_SUPERIOR,,,2019-04-01,2019-04-07,6,False,False,False,False,DOCENTE,AUTORIDAD_ACADEMICA_SUPERIOR,True
5337,61,FACULTAD DE CIENCIAS DE LA VIDA,Subrogación,OTROS_AA,True,Decano,AUTORIDAD_ACADEMICA_SUPERIOR,,,2019-05-13,2019-05-21,8,False,False,False,False,DOCENTE,AUTORIDAD_ACADEMICA_SUPERIOR,True
5337,61,FACULTAD DE CIENCIAS DE LA VIDA,Coordinador de prácticas empresariales,JEFATURA_SUPERVISION_OPERATIVA,False,,,GRADO,Ingeniería Agrícola y Biológica,2020-01-20,2020-05-10,111,False,False,False,False,DOCENTE,AUTORIDAD_ACADEMICA_SUPERIOR,False
5337,61,FACULTAD DE CIENCIAS DE LA VIDA,Subrogación,OTROS_AA,True,Decano,AUTORIDAD_ACADEMICA_SUPERIOR,,,2020-03-16,2020-03-20,4,False,False,False,False,DOCENTE,AUTORIDAD_ACADEMICA_SUPERIOR,True
5337,61,FACULTAD DE CIENCIAS DE LA VIDA,Subrogación,OTROS_AA,True,Decano,AUTORIDAD_ACADEMICA_SUPERIOR,,,2021-03-03,2021-03-31,28,False,False,False,False,DOCENTE,AUTORIDAD_ACADEMICA_SUPERIOR,True
5337,61,FACULTAD DE CIENCIAS DE LA VIDA,Subrogación,OTROS_AA,True,Decano,AUTORIDAD_ACADEMICA_SUPERIOR,,,2021-09-08,2021-09-19,11,False,False,False,False,DOCENTE,AUTORIDAD_ACADEMICA_SUPERIOR,True
5337,61,FACULTAD DE CIENCIAS DE LA VIDA,Subrogación,OTROS_AA,True,Decano,AUTORIDAD_ACADEMICA_SUPERIOR,,,2021-09-20,2021-10-07,17,False,False,False,False,DOCENTE,AUTORIDAD_ACADEMICA_SUPERIOR,True
5337,61,FACULTAD DE CIENCIAS DE LA VIDA,Subrogación,OTROS_AA,True,Decano,AUTORIDAD_ACADEMICA_SUPERIOR,,,2022-03-02,2022-03-20,18,False,False,False,False,DOCENTE,AUTORIDAD_ACADEMICA_SUPERIOR,True
5337,61,FACULTAD DE CIENCIAS DE LA VIDA,Subrogación,OTROS_AA,True,Decano,AUTORIDAD_ACADEMICA_SUPERIOR,,,2022-04-12,2022-04-20,8,False,False,False,False,DOCENTE,AUTORIDAD_ACADEMICA_SUPERIOR,True
5337,61,FACULTAD DE CIENCIAS DE LA VIDA,Decano,AUTORIDAD_ACADEMICA_SUPERIOR,False,,,,,2022-11-13,,1402,False,False,False,False,DOCENTE,AUTORIDAD_ACADEMICA_SUPERIOR,True
5337,138,DECANATO DE GRADO,Subrogación,OTROS_AA,True,Decano de grado,AUTORIDAD_ACADEMICA_SUPERIOR,,,2023-09-03,2023-09-07,4,False,False,False,False,DOCENTE,AUTORIDAD_ACADEMICA_SUPERIOR,True
5337,138,DECANATO DE GRADO,Subrogación,OTROS_AA,True,Decano de grado,AUTORIDAD_ACADEMICA_SUPERIOR,,,2023-09-11,2023-09-22,11,False,False,False,False,DOCENTE,AUTORIDAD_ACADEMICA_SUPERIOR,True
5337,131,VICERRECTORADO DE DOCENCIA,Subrogación,OTROS_AA,True,Vicerrector,AUTORIDAD_ACADEMICA_SUPERIOR,,,2023-11-19,2023-11-22,3,False,False,False,False,DOCENTE,AUTORIDAD_ACADEMICA_SUPERIOR,True
5337,131,VICERRECTORADO DE DOCENCIA,Subrogación,OTROS_AA,True,Vicerrector,AUTORIDAD_ACADEMICA_SUPERIOR,,,2023-12-03,2023-12-06,3,False,False,False,False,DOCENTE,AUTORIDAD_ACADEMICA_SUPERIOR,True
5337,131,VICERRECTORADO DE DOCENCIA,Subrogación,OTROS_AA,True,Vicerrector,AUTORIDAD_ACADEMICA_SUPERIOR,,,2024-01-28,2024-02-04,7,False,False,False,False,DOCENTE,AUTORIDAD_ACADEMICA_SUPERIOR,True
5337,131,VICERRECTORADO DE DOCENCIA,Subrogación,OTROS_AA,True,Vicerrector,AUTORIDAD_ACADEMICA_SUPERIOR,,,2024-02-19,2024-02-20,1,False,False,False,False,DOCENTE,AUTORIDAD_ACADEMICA_SUPERIOR,True
5337,138,DECANATO DE GRADO,Subrogación,OTROS_AA,True,Decano de grado,AUTORIDAD_ACADEMICA_SUPERIOR,,,2024-02-23,2024-02-26,3,False,False,False,False,DOCENTE,AUTORIDAD_ACADEMICA_SUPERIOR,True
5337,130,"VICERRECTORADO DE INVESTIGACIÓN, DESARROLLO E INNOVACIÓN",Subrogación,OTROS_AA,True,Vicerrector,AUTORIDAD_ACADEMICA_SUPERIOR,,,2024-03-17,2024-03-17,0,False,False,False,False,DOCENTE,AUTORIDAD_ACADEMICA_SUPERIOR,True
5337,131,VICERRECTORADO DE DOCENCIA,Subrogación,OTROS_AA,True,Vicerrector,AUTORIDAD_ACADEMICA_SUPERIOR,,,2024-03-28,2024-04-05,8,False,False,False,False,DOCENTE,AUTORIDAD_ACADEMICA_SUPERIOR,True
5337,126,DECANATO DE VINCULACIÓN,Subrogación,OTROS_AA,True,Decano,AUTORIDAD_ACADEMICA_SUPERIOR,,,2024-06-25,2024-06-29,4,False,False,False,False,DOCENTE,AUTORIDAD_ACADEMICA_SUPERIOR,True
5337,137,DECANATO DE POSGRADO,Subrogación,OTROS_AA,True,Decano,AUTORIDAD_ACADEMICA_SUPERIOR,,,2024-07-22,2024-07-25,3,False,False,False,False,DOCENTE,AUTORIDAD_ACADEMICA_SUPERIOR,True
5337,126,DECANATO DE VINCULACIÓN,Subrogación,OTROS_AA,True,Decano,AUTORIDAD_ACADEMICA_SUPERIOR,,,2024-08-08,2024-08-08,0,False,False,False,False,DOCENTE,AUTORIDAD_ACADEMICA_SUPERIOR,True
5337,138,DECANATO DE GRADO,Subrogación,OTROS_AA,True,Decano de grado,AUTORIDAD_ACADEMICA_SUPERIOR,,,2024-09-17,2024-09-20,3,False,False,False,False,DOCENTE,AUTORIDAD_ACADEMICA_SUPERIOR,True
5337,126,DECANATO DE VINCULACIÓN,Subrogación,OTROS_AA,True,Decano,AUTORIDAD_ACADEMICA_SUPERIOR,,,2025-04-14,2025-04-29,15,False,False,False,False,DOCENTE,AUTORIDAD_ACADEMICA_SUPERIOR,True
5337,126,DECANATO DE VINCULACIÓN,Subrogación,OTROS_AA,True,Decano,AUTORIDAD_ACADEMICA_SUPERIOR,,,2025-04-14,2025-04-29,15,False,False,True,False,DOCENTE,AUTORIDAD_ACADEMICA_SUPERIOR,True
5337,126,DECANATO DE VINCULACIÓN,Subrogación,OTROS_AA,True,Decano,AUTORIDAD_ACADEMICA_SUPERIOR,,,2025-05-12,2025-05-16,4,False,False,False,False,DOCENTE,AUTORIDAD_ACADEMICA_SUPERIOR,True
5337,126,DECANATO DE VINCULACIÓN,Subrogación,OTROS_AA,True,Decano,AUTORIDAD_ACADEMICA_SUPERIOR,,,2025-12-04,2025-12-06,2,False,False,False,False,DOCENTE,AUTORIDAD_ACADEMICA_SUPERIOR,True
5337,130,"VICERRECTORADO DE INVESTIGACIÓN, DESARROLLO E INNOVACIÓN",Subrogación,OTROS_AA,True,Vicerrector,AUTORIDAD_ACADEMICA_SUPERIOR,,,2026-03-26,2026-03-29,3,False,False,False,False,DOCENTE,AUTORIDAD_ACADEMICA_SUPERIOR,True
5337,138,DECANATO DE GRADO,Subrogación,OTROS_AA,True,Decano de grado,AUTORIDAD_ACADEMICA_SUPERIOR,,,2026-09-10,2026-09-16,6,False,False,False,False,DOCENTE,AUTORIDAD_ACADEMICA_SUPERIOR,True
5356,12,FACULTAD DE CIENCIAS NATURALES Y MATEMÁTICAS,Coordinador de programa de postgrado,JEFATURA_SUPERVISION_OPERATIVA,False,,,POSGRADO,Maestría en Estadística,2018-03-01,2019-01-01,306,False,False,False,False,DOCENTE,DOCENTE_TITULAR_CARRERA,False
5356,12,FACULTAD DE CIENCIAS NATURALES Y MATEMÁTICAS,Coordinador de programa de postgrado,JEFATURA_SUPERVISION_OPERATIVA,False,,,POSGRADO,Maestría en Estadística Aplicada,2020-07-15,2022-11-01,839,False,False,False,False,DOCENTE,DOCENTE_TITULAR_CARRERA,False
5371,16,FACULTAD DE INGENIERÍA EN ELECTRICIDAD Y COMPUTACIÓN,Coordinador de carrera,JEFATURA_SUPERVISION_OPERATIVA,False,,,GRADO,Licenciatura en Redes y Sistemas Operativos,2017-02-13,2017-09-22,221,False,False,False,False,DOCENTE,DOCENTE_NO_TITULAR_OCASIONAL,False
5371,16,FACULTAD DE INGENIERÍA EN ELECTRICIDAD Y COMPUTACIÓN,Coordinador de carrera,JEFATURA_SUPERVISION_OPERATIVA,False,,,GRADO,Licenciatura en Redes y Sistemas Operativos,2017-11-22,2020-02-23,823,False,False,False,False,DOCENTE,DOCENTE_NO_TITULAR_OCASIONAL,False
5371,16,FACULTAD DE INGENIERÍA EN ELECTRICIDAD Y COMPUTACIÓN,Coordinador de vinculación con la sociedad,JEFATURA_SUPERVISION_OPERATIVA,False,,,GRADO,Telemática,2020-10-01,,2175,False,False,False,False,DOCENTE,DOCENTE_NO_TITULAR_OCASIONAL,False
5388,11,"FACULTAD DE INGENIERIA MARÍTIMA, CIENCIAS BIOLÓGICAS, OCEÁNICAS Y RECURSOS NATURALES",Miembro del consejo directivo,OTROS_AA,False,,,,,2017-01-27,2019-01-23,726,False,False,False,False,DOCENTE,DOCENTE_TITULAR_CARRERA,False
5388,11,"FACULTAD DE INGENIERIA MARÍTIMA, CIENCIAS BIOLÓGICAS, OCEÁNICAS Y RECURSOS NATURALES",Coordinador de carrera,JEFATURA_SUPERVISION_OPERATIVA,False,,,GRADO,Acuicultura,2017-02-15,2018-03-31,409,False,False,False,False,DOCENTE,DOCENTE_TITULAR_CARRERA,False
5388,11,"FACULTAD DE INGENIERIA MARÍTIMA, CIENCIAS BIOLÓGICAS, OCEÁNICAS Y RECURSOS NATURALES",Coordinador de carrera,JEFATURA_SUPERVISION_OPERATIVA,False,,,GRADO,Acuicultura,2018-04-01,2018-08-31,152,False,False,False,False,DOCENTE,DOCENTE_TITULAR_CARRERA,False
5388,86,FACULTAD DE INGENIERÍA MARÍTIMA Y CIENCIAS DEL MAR,Miembro del consejo directivo,OTROS_AA,False,,,,,2019-01-24,2020-01-26,367,False,False,False,False,DOCENTE,DOCENTE_TITULAR_CARRERA,False
5436,12,FACULTAD DE CIENCIAS NATURALES Y MATEMÁTICAS,Coordinador de carrera,JEFATURA_SUPERVISION_OPERATIVA,False,,,GRADO,Ingeniería en Estadística Informática,2016-12-06,2017-01-08,33,False,False,False,False,DOCENTE,DOCENTE_NO_TITULAR_OCASIONAL,False
5436,12,FACULTAD DE CIENCIAS NATURALES Y MATEMÁTICAS,Coordinador de carrera,JEFATURA_SUPERVISION_OPERATIVA,False,,,GRADO,Estadística,2017-01-09,2017-12-04,329,False,False,False,False,DOCENTE,DOCENTE_NO_TITULAR_OCASIONAL,False
5460,22,FACULTAD DE INGENIERÍA MECÁNICA Y CIENCIAS DE LA PRODUCCIÓN,Coordinador de acreditación internacional,JEFATURA_SUPERVISION_OPERATIVA,False,,,GRADO,Mecánica,2017-09-07,2017-11-01,55,False,False,False,False,DOCENTE,DOCENTE_NO_TITULAR_OCASIONAL,False
5460,22,FACULTAD DE INGENIERÍA MECÁNICA Y CIENCIAS DE LA PRODUCCIÓN,Coordinador de carrera,JEFATURA_SUPERVISION_OPERATIVA,False,,,GRADO,Mecánica,2017-11-01,2018-10-08,341,False,False,False,False,DOCENTE,DOCENTE_NO_TITULAR_OCASIONAL,False
5460,22,FACULTAD DE INGENIERÍA MECÁNICA Y CIENCIAS DE LA PRODUCCIÓN,Coordinador de acreditación internacional,JEFATURA_SUPERVISION_OPERATIVA,False,,,GRADO,Mecánica,2018-10-09,2020-02-23,502,False,False,False,False,DOCENTE,DOCENTE_NO_TITULAR_OCASIONAL,False
5460,22,FACULTAD DE INGENIERÍA MECÁNICA Y CIENCIAS DE LA PRODUCCIÓN,Coordinador de carrera,JEFATURA_SUPERVISION_OPERATIVA,False,,,GRADO,Mecánica,2020-03-01,2022-10-02,945,False,False,False,False,DOCENTE,DOCENTE_TITULAR_CARRERA,False
5559,41,DIRECCIÓN DE LA SECRETARÍA TÉCNICA ACADEMICA,Subrogación,OTROS_AA,True,Director,AUTORIDAD_ADMINISTRATIVA_SUPERIOR,,,2023-06-30,2023-07-12,12,False,False,False,False,ADMINISTRATIVO,PROFESIONAL_ANALISTA,False
5559,41,DIRECCIÓN DE LA SECRETARÍA TÉCNICA ACADEMICA,Subrogación,OTROS_AA,True,Director,AUTORIDAD_ADMINISTRATIVA_SUPERIOR,,,2023-10-04,2023-10-06,2,False,False,False,False,ADMINISTRATIVO,AUTORIDAD_ADMINISTRATIVA_SUPERIOR,True
5559,41,DIRECCIÓN DE LA SECRETARÍA TÉCNICA ACADEMICA,Subrogación,OTROS_AA,True,Director,AUTORIDAD_ADMINISTRATIVA_SUPERIOR,,,2023-12-11,2023-12-17,6,False,False,False,False,ADMINISTRATIVO,PROFESIONAL_ANALISTA,False
5559,41,DIRECCIÓN DE LA SECRETARÍA TÉCNICA ACADEMICA,Subrogación,OTROS_AA,True,Director,AUTORIDAD_ADMINISTRATIVA_SUPERIOR,,,2023-12-18,2023-12-28,10,False,False,False,False,ADMINISTRATIVO,PROFESIONAL_ANALISTA,False
5559,41,DIRECCIÓN DE LA SECRETARÍA TÉCNICA ACADEMICA,Subrogación,OTROS_AA,True,Director,AUTORIDAD_ADMINISTRATIVA_SUPERIOR,,,2024-04-01,2024-04-07,6,False,False,False,False,ADMINISTRATIVO,PROFESIONAL_ANALISTA,False
5559,41,DIRECCIÓN DE LA SECRETARÍA TÉCNICA ACADEMICA,Subrogación,OTROS_AA,True,Director,AUTORIDAD_ADMINISTRATIVA_SUPERIOR,,,2024-06-25,2024-07-02,7,False,False,False,False,ADMINISTRATIVO,PROFESIONAL_ANALISTA,False
5559,41,DIRECCIÓN DE LA SECRETARÍA TÉCNICA ACADEMICA,Subrogación,OTROS_AA,True,Director,AUTORIDAD_ADMINISTRATIVA_SUPERIOR,,,2024-07-29,2024-08-03,5,False,False,False,False,ADMINISTRATIVO,AUTORIDAD_ADMINISTRATIVA_SUPERIOR,True
5559,41,DIRECCIÓN DE LA SECRETARÍA TÉCNICA ACADEMICA,Subrogación,OTROS_AA,True,Director,AUTORIDAD_ADMINISTRATIVA_SUPERIOR,,,2024-09-16,2024-09-19,3,False,False,False,False,ADMINISTRATIVO,PROFESIONAL_ANALISTA,False
5559,41,DIRECCIÓN DE LA SECRETARÍA TÉCNICA ACADEMICA,Subrogación,OTROS_AA,True,Director,AUTORIDAD_ADMINISTRATIVA_SUPERIOR,,,2024-10-21,2024-10-23,2,False,False,False,False,ADMINISTRATIVO,PROFESIONAL_ANALISTA,False
5559,41,DIRECCIÓN DE LA SECRETARÍA TÉCNICA ACADEMICA,Subrogación,OTROS_AA,True,Director,AUTORIDAD_ADMINISTRATIVA_SUPERIOR,,,2025-01-22,2025-01-23,1,False,False,False,False,ADMINISTRATIVO,PROFESIONAL_ANALISTA,False
5559,41,DIRECCIÓN DE LA SECRETARÍA TÉCNICA ACADEMICA,Subrogación,OTROS_AA,True,Director,AUTORIDAD_ADMINISTRATIVA_SUPERIOR,,,2025-03-05,2025-03-07,2,False,False,False,False,ADMINISTRATIVO,PROFESIONAL_ANALISTA,False
5559,41,DIRECCIÓN DE LA SECRETARÍA TÉCNICA ACADEMICA,Subrogación,OTROS_AA,True,Director,AUTORIDAD_ADMINISTRATIVA_SUPERIOR,,,2025-03-28,2025-04-02,5,False,False,False,False,ADMINISTRATIVO,PROFESIONAL_ANALISTA,False
5559,41,DIRECCIÓN DE LA SECRETARÍA TÉCNICA ACADEMICA,Subrogación,OTROS_AA,True,Director,AUTORIDAD_ADMINISTRATIVA_SUPERIOR,,,2025-06-30,2025-07-02,2,False,False,False,False,ADMINISTRATIVO,PROFESIONAL_ANALISTA,False
5559,41,DIRECCIÓN DE LA SECRETARÍA TÉCNICA ACADEMICA,Subrogación,OTROS_AA,True,Director,AUTORIDAD_ADMINISTRATIVA_SUPERIOR,,,2025-09-15,2025-09-17,2,False,False,False,False,ADMINISTRATIVO,PROFESIONAL_ANALISTA,False
5559,41,DIRECCIÓN DE LA SECRETARÍA TÉCNICA ACADEMICA,Subrogación,OTROS_AA,True,Director,AUTORIDAD_ADMINISTRATIVA_SUPERIOR,,,2025-11-05,2025-11-07,2,False,False,False,False,ADMINISTRATIVO,PROFESIONAL_ANALISTA,False
5559,41,DIRECCIÓN DE LA SECRETARÍA TÉCNICA ACADEMICA,Subrogación,OTROS_AA,True,Director,AUTORIDAD_ADMINISTRATIVA_SUPERIOR,,,2026-02-18,2026-02-20,2,False,False,False,False,ADMINISTRATIVO,AUTORIDAD_ADMINISTRATIVA_SUPERIOR,True
5559,41,DIRECCIÓN DE LA SECRETARÍA TÉCNICA ACADEMICA,Subrogación,OTROS_AA,True,Director,AUTORIDAD_ADMINISTRATIVA_SUPERIOR,,,2026-07-27,2026-07-29,2,False,False,False,False,ADMINISTRATIVO,AUTORIDAD_ADMINISTRATIVA_SUPERIOR,True
5561,11,"FACULTAD DE INGENIERIA MARÍTIMA, CIENCIAS BIOLÓGICAS, OCEÁNICAS Y RECURSOS NATURALES",Miembro del consejo directivo - trabajadores,OTROS_AA,False,,,,,2018-08-23,2019-01-23,153,False,False,False,False,ADMINISTRATIVO,ASISTENCIA_SECRETARIAL_OFICINA,False
5561,86,FACULTAD DE INGENIERÍA MARÍTIMA Y CIENCIAS DEL MAR,Miembro del consejo directivo - trabajadores,OTROS_AA,False,,,,,2019-01-24,2020-08-22,576,False,False,False,False,ADMINISTRATIVO,ASISTENCIA_SECRETARIAL_OFICINA,False
5573,61,FACULTAD DE CIENCIAS DE LA VIDA,Miembro del consejo directivo - trabajadores,OTROS_AA,False,,,,,2018-08-23,2020-08-22,730,False,False,False,False,ADMINISTRATIVO,PROFESIONAL_ANALISTA,False
5583,22,FACULTAD DE INGENIERÍA MECÁNICA Y CIENCIAS DE LA PRODUCCIÓN,Coordinador de programa de postgrado,JEFATURA_SUPERVISION_OPERATIVA,False,,,POSGRADO,Maestría en Gerencia de Seguridad y Salud en el Trabajo,2020-06-09,2020-08-31,83,False,False,False,False,DOCENTE,DOCENTE_NO_TITULAR_OCASIONAL,False
5583,22,FACULTAD DE INGENIERÍA MECÁNICA Y CIENCIAS DE LA PRODUCCIÓN,Coordinador de programa de postgrado,JEFATURA_SUPERVISION_OPERATIVA,False,,,POSGRADO,Maestría en Gerencia de Seguridad y Salud en el Trabajo,2020-06-17,2022-02-28,621,False,False,False,False,DOCENTE,DOCENTE_NO_TITULAR_OCASIONAL,False
5583,22,FACULTAD DE INGENIERÍA MECÁNICA Y CIENCIAS DE LA PRODUCCIÓN,Coordinador de programa de postgrado,JEFATURA_SUPERVISION_OPERATIVA,False,,,POSGRADO,Maestría en Seguridad y Salud Ocupacional,2021-05-03,2022-02-28,301,False,False,False,False,DOCENTE,DOCENTE_NO_TITULAR_OCASIONAL,False
5588,16,FACULTAD DE INGENIERÍA EN ELECTRICIDAD Y COMPUTACIÓN,Coordinador de acreditación internacional,JEFATURA_SUPERVISION_OPERATIVA,False,,,GRADO,Electrónica y Automatización,2024-09-30,2025-03-05,156,False,False,False,False,DOCENTE,DOCENTE_NO_TITULAR_OCASIONAL,False
5588,16,FACULTAD DE INGENIERÍA EN ELECTRICIDAD Y COMPUTACIÓN,Coordinador de carrera,JEFATURA_SUPERVISION_OPERATIVA,False,,,GRADO,Electrónica y Automatización,2026-04-23,,145,False,False,False,False,DOCENTE,DOCENTE_NO_TITULAR_OCASIONAL,False
5590,16,FACULTAD DE INGENIERÍA EN ELECTRICIDAD Y COMPUTACIÓN,Coordinador de acreditación internacional,JEFATURA_SUPERVISION_OPERATIVA,False,,,GRADO,Electrónica y Automatización,2022-09-26,2024-05-09,591,False,False,False,False,DOCENTE,DOCENTE_NO_TITULAR_OCASIONAL,False
5590,16,FACULTAD DE INGENIERÍA EN ELECTRICIDAD Y COMPUTACIÓN,Coordinador de acreditación internacional,JEFATURA_SUPERVISION_OPERATIVA,False,,,GRADO,Telecomunicaciones,2022-09-26,2022-09-26,0,False,False,False,False,DOCENTE,DOCENTE_NO_TITULAR_OCASIONAL,False
5653,12,FACULTAD DE CIENCIAS NATURALES Y MATEMÁTICAS,Coordinador de vinculación con la sociedad,JEFATURA_SUPERVISION_OPERATIVA,False,,,GRADO,Logistica y Transporte,2019-10-14,2021-02-19,494,False,False,False,False,DOCENTE,DOCENTE_NO_TITULAR_OCASIONAL,False
6056,16,FACULTAD DE INGENIERÍA EN ELECTRICIDAD Y COMPUTACIÓN,Coordinador de programa de postgrado,JEFATURA_SUPERVISION_OPERATIVA,False,,,POSGRADO,Maestría en Automatización y Control,2016-05-02,2017-12-31,608,False,False,False,False,DOCENTE,DOCENTE_TITULAR_CARRERA,False
6056,16,FACULTAD DE INGENIERÍA EN ELECTRICIDAD Y COMPUTACIÓN,Coordinador de carrera,JEFATURA_SUPERVISION_OPERATIVA,False,,,GRADO,Electrónica y Automatización,2024-02-19,2026-04-20,791,False,False,False,False,DOCENTE,DOCENTE_TITULAR_CARRERA,False
6056,16,FACULTAD DE INGENIERÍA EN ELECTRICIDAD Y COMPUTACIÓN,Subrogación,OTROS_AA,True,Subdecano,AUTORIDAD_ACADEMICA_SUPERIOR,,,2025-01-28,2025-01-30,2,False,False,False,False,DOCENTE,AUTORIDAD_ACADEMICA_SUPERIOR,True
6056,78,"CENTRO DE INVESTIGACIÓN, DESARROLLO E INNOVACIÓN DE SISTEMAS COMPUTACIONALES",Director,AUTORIDAD_ADMINISTRATIVA_SUPERIOR,False,,,,,2025-02-12,2025-03-07,23,False,False,False,False,DOCENTE,DOCENTE_TITULAR_CARRERA,False
6056,16,FACULTAD DE INGENIERÍA EN ELECTRICIDAD Y COMPUTACIÓN,Subrogación,OTROS_AA,True,Subdecano,AUTORIDAD_ACADEMICA_SUPERIOR,,,2025-03-11,2025-03-14,3,False,False,False,False,DOCENTE,DOCENTE_TITULAR_CARRERA,False
6056,16,FACULTAD DE INGENIERÍA EN ELECTRICIDAD Y COMPUTACIÓN,Subrogación,OTROS_AA,True,Subdecano,AUTORIDAD_ACADEMICA_SUPERIOR,,,2025-03-17,2025-03-21,4,False,False,False,False,DOCENTE,DOCENTE_TITULAR_CARRERA,False
6056,16,FACULTAD DE INGENIERÍA EN ELECTRICIDAD Y COMPUTACIÓN,Subrogación,OTROS_AA,True,Subdecano,AUTORIDAD_ACADEMICA_SUPERIOR,,,2025-04-16,2025-04-19,3,False,False,False,False,DOCENTE,DOCENTE_TITULAR_CARRERA,False
6056,16,FACULTAD DE INGENIERÍA EN ELECTRICIDAD Y COMPUTACIÓN,Subrogación,OTROS_AA,True,Subdecano,AUTORIDAD_ACADEMICA_SUPERIOR,,,2025-07-03,2025-07-04,1,False,False,False,False,DOCENTE,DOCENTE_TITULAR_CARRERA,False
6056,16,FACULTAD DE INGENIERÍA EN ELECTRICIDAD Y COMPUTACIÓN,Subrogación,OTROS_AA,True,Subdecano,AUTORIDAD_ACADEMICA_SUPERIOR,,,2025-10-11,2025-10-17,6,False,False,False,False,DOCENTE,DOCENTE_TITULAR_CARRERA,False
6056,16,FACULTAD DE INGENIERÍA EN ELECTRICIDAD Y COMPUTACIÓN,Subrogación,OTROS_AA,True,Subdecano,AUTORIDAD_ACADEMICA_SUPERIOR,,,2025-12-22,2025-12-24,2,False,False,False,False,DOCENTE,DOCENTE_TITULAR_CARRERA,False
6056,16,FACULTAD DE INGENIERÍA EN ELECTRICIDAD Y COMPUTACIÓN,Subrogación,OTROS_AA,True,Subdecano,AUTORIDAD_ACADEMICA_SUPERIOR,,,2026-02-04,2026-02-06,2,False,False,False,False,DOCENTE,DOCENTE_TITULAR_CARRERA,False
6056,16,FACULTAD DE INGENIERÍA EN ELECTRICIDAD Y COMPUTACIÓN,Subrogación,OTROS_AA,True,Subdecano,AUTORIDAD_ACADEMICA_SUPERIOR,,,2026-02-27,2026-03-03,4,False,False,False,False,DOCENTE,AUTORIDAD_ACADEMICA_SUPERIOR,True
6056,16,FACULTAD DE INGENIERÍA EN ELECTRICIDAD Y COMPUTACIÓN,Subrogación,OTROS_AA,True,Subdecano,AUTORIDAD_ACADEMICA_SUPERIOR,,,2026-03-16,2026-03-30,14,False,False,False,False,DOCENTE,AUTORIDAD_ACADEMICA_SUPERIOR,True
6056,16,FACULTAD DE INGENIERÍA EN ELECTRICIDAD Y COMPUTACIÓN,Subrogación,OTROS_AA,True,Subdecano,AUTORIDAD_ACADEMICA_SUPERIOR,,,2026-04-24,2026-04-30,6,False,False,False,False,DOCENTE,AUTORIDAD_ACADEMICA_SUPERIOR,True
6056,16,FACULTAD DE INGENIERÍA EN ELECTRICIDAD Y COMPUTACIÓN,Subrogación,OTROS_AA,True,Subdecano,AUTORIDAD_ACADEMICA_SUPERIOR,,,2026-05-24,2026-05-30,6,False,False,False,False,DOCENTE,AUTORIDAD_ACADEMICA_SUPERIOR,True
6056,16,FACULTAD DE INGENIERÍA EN ELECTRICIDAD Y COMPUTACIÓN,Subrogación,OTROS_AA,True,Subdecano,AUTORIDAD_ACADEMICA_SUPERIOR,,,2026-05-24,2026-05-30,6,False,False,True,False,DOCENTE,AUTORIDAD_ACADEMICA_SUPERIOR,True
6133,26,ESCUELA DE POSTGRADO EN ADMINISTRACIÓN DE EMPRESAS,Coordinador de programa de postgrado,JEFATURA_SUPERVISION_OPERATIVA,False,,,POSGRADO,Maestría en Gestión de Proyectos,2026-05-11,,127,False,False,False,False,,,
6160,61,FACULTAD DE CIENCIAS DE LA VIDA,Coordinador de programa de postgrado,JEFATURA_SUPERVISION_OPERATIVA,False,,,POSGRADO,Maestría en Sanidad Vegetal,2023-04-03,2026-02-13,1047,False,False,False,False,DOCENTE,DOCENTE_NO_TITULAR_OCASIONAL,False
6160,61,FACULTAD DE CIENCIAS DE LA VIDA,Coordinador de vinculación con la sociedad,JEFATURA_SUPERVISION_OPERATIVA,False,,,GRADO,Ingeniería Agrícola y Biológica,2024-09-23,2024-09-24,1,False,False,False,False,DOCENTE,DOCENTE_NO_TITULAR_OCASIONAL,False
6160,61,FACULTAD DE CIENCIAS DE LA VIDA,Coordinador de programa de postgrado,JEFATURA_SUPERVISION_OPERATIVA,False,,,POSGRADO,Maestría en Sanidad Vegetal,2026-02-14,,213,False,False,False,False,DOCENTE,DOCENTE_NO_TITULAR_OCASIONAL,False
6160,61,FACULTAD DE CIENCIAS DE LA VIDA,Coordinador de carrera,JEFATURA_SUPERVISION_OPERATIVA,False,,,GRADO,Ingeniería Agrícola y Biológica,2026-02-14,2026-02-14,0,False,False,False,False,DOCENTE,DOCENTE_NO_TITULAR_OCASIONAL,False
6241,22,FACULTAD DE INGENIERÍA MECÁNICA Y CIENCIAS DE LA PRODUCCIÓN,Coordinador de vinculación con la sociedad,JEFATURA_SUPERVISION_OPERATIVA,False,,,GRADO,Mecatrónica,2025-02-17,2027-11-01,987,False,False,False,False,DOCENTE,DOCENTE_NO_TITULAR_OCASIONAL,False
6847,26,ESCUELA DE POSTGRADO EN ADMINISTRACIÓN DE EMPRESAS,Decano,AUTORIDAD_ACADEMICA_SUPERIOR,False,,,,,2012-11-16,2017-11-12,1822,False,False,False,False,DOCENTE,AUTORIDAD_ACADEMICA_SUPERIOR,True
6847,26,ESCUELA DE POSTGRADO EN ADMINISTRACIÓN DE EMPRESAS,Decano,AUTORIDAD_ACADEMICA_SUPERIOR,False,,,,,2017-11-13,2018-06-30,229,False,False,False,False,DOCENTE,AUTORIDAD_ACADEMICA_SUPERIOR,True
6847,26,ESCUELA DE POSTGRADO EN ADMINISTRACIÓN DE EMPRESAS,Subrogación,OTROS_AA,True,Subdecano,AUTORIDAD_ACADEMICA_SUPERIOR,,,2023-02-06,2023-02-11,5,False,False,False,False,DOCENTE,DOCENTE_TITULAR_CARRERA,False
6847,26,ESCUELA DE POSTGRADO EN ADMINISTRACIÓN DE EMPRESAS,Subrogación,OTROS_AA,True,Subdecano,AUTORIDAD_ACADEMICA_SUPERIOR,,,2023-02-15,2023-03-01,14,False,False,False,False,DOCENTE,AUTORIDAD_ACADEMICA_SUPERIOR,True
6847,26,ESCUELA DE POSTGRADO EN ADMINISTRACIÓN DE EMPRESAS,Subrogación,OTROS_AA,True,Subdecano,AUTORIDAD_ACADEMICA_SUPERIOR,,,2023-03-20,2023-04-04,15,False,False,False,False,DOCENTE,AUTORIDAD_ACADEMICA_SUPERIOR,True
6847,26,ESCUELA DE POSTGRADO EN ADMINISTRACIÓN DE EMPRESAS,Subrogación,OTROS_AA,True,Subdecano,AUTORIDAD_ACADEMICA_SUPERIOR,,,2023-04-05,2023-04-11,6,False,False,False,False,DOCENTE,AUTORIDAD_ACADEMICA_SUPERIOR,True
6847,26,ESCUELA DE POSTGRADO EN ADMINISTRACIÓN DE EMPRESAS,Subrogación,OTROS_AA,True,Subdecano,AUTORIDAD_ACADEMICA_SUPERIOR,,,2023-04-13,2023-04-15,2,False,False,False,False,DOCENTE,AUTORIDAD_ACADEMICA_SUPERIOR,True
6847,26,ESCUELA DE POSTGRADO EN ADMINISTRACIÓN DE EMPRESAS,Subrogación,OTROS_AA,True,Subdecano,AUTORIDAD_ACADEMICA_SUPERIOR,,,2023-08-21,2023-08-25,4,False,False,False,False,DOCENTE,AUTORIDAD_ACADEMICA_SUPERIOR,True
6847,26,ESCUELA DE POSTGRADO EN ADMINISTRACIÓN DE EMPRESAS,Subrogación,OTROS_AA,True,Subdecano,AUTORIDAD_ACADEMICA_SUPERIOR,,,2023-09-18,2023-09-25,7,False,False,False,False,DOCENTE,AUTORIDAD_ACADEMICA_SUPERIOR,True
6847,26,ESCUELA DE POSTGRADO EN ADMINISTRACIÓN DE EMPRESAS,Subrogación,OTROS_AA,True,Subdecano,AUTORIDAD_ACADEMICA_SUPERIOR,,,2023-10-05,2023-10-10,5,False,False,False,False,DOCENTE,AUTORIDAD_ACADEMICA_SUPERIOR,True
6847,26,ESCUELA DE POSTGRADO EN ADMINISTRACIÓN DE EMPRESAS,Subrogación,OTROS_AA,True,Subdecano,AUTORIDAD_ACADEMICA_SUPERIOR,,,2023-11-14,2023-11-16,2,False,False,False,False,DOCENTE,DOCENTE_TITULAR_CARRERA,False
6847,26,ESCUELA DE POSTGRADO EN ADMINISTRACIÓN DE EMPRESAS,Subrogación,OTROS_AA,True,Subdecano,AUTORIDAD_ACADEMICA_SUPERIOR,,,2023-11-20,2023-11-24,4,False,False,False,False,DOCENTE,DOCENTE_TITULAR_CARRERA,False
6847,26,ESCUELA DE POSTGRADO EN ADMINISTRACIÓN DE EMPRESAS,Subrogación,OTROS_AA,True,Subdecano,AUTORIDAD_ACADEMICA_SUPERIOR,,,2024-01-07,2024-01-13,6,False,False,False,False,DOCENTE,DOCENTE_TITULAR_CARRERA,False
6847,26,ESCUELA DE POSTGRADO EN ADMINISTRACIÓN DE EMPRESAS,Subdecano,AUTORIDAD_ACADEMICA_SUPERIOR,False,,,,,2024-02-27,2025-07-06,495,False,False,False,False,DOCENTE,DOCENTE_TITULAR_CARRERA,False
6847,26,ESCUELA DE POSTGRADO EN ADMINISTRACIÓN DE EMPRESAS,Subrogación,OTROS_AA,True,Decano,AUTORIDAD_ACADEMICA_SUPERIOR,,,2024-11-05,2024-11-06,1,False,False,False,False,DOCENTE,DOCENTE_TITULAR_CARRERA,False
6847,26,ESCUELA DE POSTGRADO EN ADMINISTRACIÓN DE EMPRESAS,Subrogación,OTROS_AA,True,Decano,AUTORIDAD_ACADEMICA_SUPERIOR,,,2025-01-19,2025-01-25,6,False,False,False,False,DOCENTE,DOCENTE_TITULAR_CARRERA,False
6847,26,ESCUELA DE POSTGRADO EN ADMINISTRACIÓN DE EMPRESAS,Subrogación,OTROS_AA,True,Decano,AUTORIDAD_ACADEMICA_SUPERIOR,,,2025-02-02,2025-02-14,12,False,False,False,False,DOCENTE,DOCENTE_TITULAR_CARRERA,False
6866,61,FACULTAD DE CIENCIAS DE LA VIDA,Miembro del consejo directivo - trabajadores,OTROS_AA,False,,,,,2016-05-09,2018-05-08,729,False,False,False,False,ADMINISTRATIVO,AUXILIAR_AYUDANTE_OPERATIVO,False
6992,114,CENTRO INTERNACIONAL DEL PACÍFICO PARA LA REDUCCIÓN DEL RIESGO DE DESASTRES,Director,AUTORIDAD_ADMINISTRATIVA_SUPERIOR,False,,,,,2025-05-18,2025-07-11,54,False,False,False,False,DOCENTE,DOCENTE_TITULAR_CARRERA,False
7308,28,DECANATO DE INVESTIGACIÓN,Decano,AUTORIDAD_ACADEMICA_SUPERIOR,False,,,,,2013-08-09,2017-11-12,1556,False,False,False,False,DOCENTE,AUTORIDAD_ACADEMICA_SUPERIOR,True
7308,61,FACULTAD DE CIENCIAS DE LA VIDA,Subdecano,AUTORIDAD_ACADEMICA_SUPERIOR,False,,,,,2017-11-13,2019-02-11,455,False,False,False,False,DOCENTE,AUTORIDAD_ACADEMICA_SUPERIOR,True
7308,61,FACULTAD DE CIENCIAS DE LA VIDA,Subrogación,OTROS_AA,True,Decano,AUTORIDAD_ACADEMICA_SUPERIOR,,,2019-02-12,2019-02-28,16,False,False,False,False,DOCENTE,AUTORIDAD_ACADEMICA_SUPERIOR,True
7308,61,FACULTAD DE CIENCIAS DE LA VIDA,Decano,AUTORIDAD_ACADEMICA_SUPERIOR,False,,,,,2019-02-12,2022-11-12,1369,False,False,False,False,DOCENTE,AUTORIDAD_ACADEMICA_SUPERIOR,True
7351,16,FACULTAD DE INGENIERÍA EN ELECTRICIDAD Y COMPUTACIÓN,Coordinador de prácticas empresariales,JEFATURA_SUPERVISION_OPERATIVA,False,,,GRADO,Licenciatura en Redes y Sistemas Operativos,2017-10-04,2019-01-20,473,False,False,False,False,DOCENTE,DOCENTE_NO_TITULAR_OCASIONAL,False
7374,11,"FACULTAD DE INGENIERIA MARÍTIMA, CIENCIAS BIOLÓGICAS, OCEÁNICAS Y RECURSOS NATURALES",Miembro del consejo directivo,OTROS_AA,False,,,,,2017-01-27,2019-01-23,726,False,False,False,False,DOCENTE,DOCENTE_TITULAR_CARRERA,False
7374,86,FACULTAD DE INGENIERÍA MARÍTIMA Y CIENCIAS DEL MAR,Miembro del consejo directivo,OTROS_AA,False,,,,,2019-01-24,2020-01-26,367,False,False,False,False,DOCENTE,DOCENTE_TITULAR_CARRERA,False
7419,11,"FACULTAD DE INGENIERIA MARÍTIMA, CIENCIAS BIOLÓGICAS, OCEÁNICAS Y RECURSOS NATURALES",Miembro del consejo politécnico,OTROS_AA,False,,,,,2017-01-27,2019-01-23,726,False,False,False,False,DOCENTE,DOCENTE_TITULAR_CARRERA,False
7419,86,FACULTAD DE INGENIERÍA MARÍTIMA Y CIENCIAS DEL MAR,Miembro del consejo politécnico,OTROS_AA,False,,,,,2019-01-24,2020-01-26,367,False,False,False,False,DOCENTE,DOCENTE_TITULAR_CARRERA,False
7419,86,FACULTAD DE INGENIERÍA MARÍTIMA Y CIENCIAS DEL MAR,Miembro del consejo directivo,OTROS_AA,False,,,,,2021-11-22,2024-11-21,1095,False,False,False,False,DOCENTE,DOCENTE_TITULAR_CARRERA,False
7443,39,CENTRO NACIONAL DE ACUICULTURA E INVESTIGACIONES MARINAS,Director,AUTORIDAD_ADMINISTRATIVA_SUPERIOR,False,,,,,2014-06-16,2017-11-12,1245,False,False,False,False,DOCENTE,DOCENTE_TITULAR_CARRERA,False
7443,11,"FACULTAD DE INGENIERIA MARÍTIMA, CIENCIAS BIOLÓGICAS, OCEÁNICAS Y RECURSOS NATURALES",Miembro del consejo directivo,OTROS_AA,False,,,,,2017-01-27,2019-01-23,726,False,False,False,False,DOCENTE,DOCENTE_TITULAR_CARRERA,False
7443,39,CENTRO NACIONAL DE ACUICULTURA E INVESTIGACIONES MARINAS,Director,AUTORIDAD_ADMINISTRATIVA_SUPERIOR,False,,,,,2017-11-13,2023-12-17,2225,False,False,False,False,DOCENTE,DOCENTE_TITULAR_CARRERA,False
7443,39,CENTRO NACIONAL DE ACUICULTURA E INVESTIGACIONES MARINAS,Director,AUTORIDAD_ADMINISTRATIVA_SUPERIOR,False,,,,,2017-11-13,,3228,False,False,False,False,DOCENTE,DOCENTE_TITULAR_CARRERA,False
7443,86,FACULTAD DE INGENIERÍA MARÍTIMA Y CIENCIAS DEL MAR,Miembro del consejo directivo,OTROS_AA,False,,,,,2019-01-24,2020-01-26,367,False,False,False,False,DOCENTE,DOCENTE_TITULAR_CARRERA,False
7443,39,CENTRO NACIONAL DE ACUICULTURA E INVESTIGACIONES MARINAS,Director,AUTORIDAD_ADMINISTRATIVA_SUPERIOR,False,,,,,2023-12-23,2024-08-25,246,False,False,False,False,DOCENTE,DOCENTE_TITULAR_CARRERA,False
7443,39,CENTRO NACIONAL DE ACUICULTURA E INVESTIGACIONES MARINAS,Director,AUTORIDAD_ADMINISTRATIVA_SUPERIOR,False,,,,,2024-09-07,2025-09-01,359,False,False,False,False,DOCENTE,DOCENTE_TITULAR_CARRERA,False
7443,39,CENTRO NACIONAL DE ACUICULTURA E INVESTIGACIONES MARINAS,Director,AUTORIDAD_ADMINISTRATIVA_SUPERIOR,False,,,,,2025-10-07,2026-02-17,133,False,False,False,False,DOCENTE,DOCENTE_TITULAR_CARRERA,False
7443,39,CENTRO NACIONAL DE ACUICULTURA E INVESTIGACIONES MARINAS,Director,AUTORIDAD_ADMINISTRATIVA_SUPERIOR,False,,,,,2026-02-21,2026-08-23,183,False,False,False,False,DOCENTE,DOCENTE_TITULAR_CARRERA,False
7726,17,FACULTAD DE CIENCIAS SOCIALES Y HUMANÍSTICAS,Subdecano,AUTORIDAD_ACADEMICA_SUPERIOR,False,,,,,2019-10-01,2020-06-30,273,False,False,False,False,DOCENTE,AUTORIDAD_ACADEMICA_SUPERIOR,True
7726,17,FACULTAD DE CIENCIAS SOCIALES Y HUMANÍSTICAS,Subrogación,OTROS_AA,True,Decano,AUTORIDAD_ACADEMICA_SUPERIOR,,,2019-11-15,2019-11-21,6,False,False,False,False,DOCENTE,AUTORIDAD_ACADEMICA_SUPERIOR,True
7809,12,FACULTAD DE CIENCIAS NATURALES Y MATEMÁTICAS,Miembro del consejo directivo - trabajadores,OTROS_AA,False,,,,,2017-09-27,2019-09-26,729,False,False,False,False,ADMINISTRATIVO,ASISTENCIA_SECRETARIAL_OFICINA,False
8120,25,FACULTAD DE INGENIERÍA EN CIENCIAS DE LA TIERRA,Miembro del consejo directivo,OTROS_AA,False,,,,,2015-10-14,2018-10-13,1095,False,False,False,False,DOCENTE,DOCENTE_TITULAR_CARRERA,False
8120,25,FACULTAD DE INGENIERÍA EN CIENCIAS DE LA TIERRA,Miembro del consejo politécnico,OTROS_AA,False,,,,,2016-08-22,2019-08-21,1094,False,False,False,False,DOCENTE,DOCENTE_TITULAR_CARRERA,False
8120,25,FACULTAD DE INGENIERÍA EN CIENCIAS DE LA TIERRA,Subrogación,OTROS_AA,True,Subdecano,AUTORIDAD_ACADEMICA_SUPERIOR,,,2023-03-05,2023-03-08,3,False,False,False,False,ADMINISTRATIVO,CONTRATO_SERVICIOS_PROFESIONALES_PROYECTO,False
8120,25,FACULTAD DE INGENIERÍA EN CIENCIAS DE LA TIERRA,Miembro del consejo directivo,OTROS_AA,False,,,,,2024-10-15,2027-10-14,1094,False,False,False,False,DOCENTE,DOCENTE_TITULAR_CARRERA,False
8120,25,FACULTAD DE INGENIERÍA EN CIENCIAS DE LA TIERRA,Subrogación,OTROS_AA,True,Subdecano,AUTORIDAD_ACADEMICA_SUPERIOR,,,2024-11-05,2024-11-08,3,False,False,False,False,ADMINISTRATIVO,CONTRATO_SERVICIOS_PROFESIONALES_PROYECTO,False
8120,25,FACULTAD DE INGENIERÍA EN CIENCIAS DE LA TIERRA,Subrogación,OTROS_AA,True,Subdecano,AUTORIDAD_ACADEMICA_SUPERIOR,,,2024-12-04,2024-12-08,4,False,False,False,False,ADMINISTRATIVO,CONTRATO_SERVICIOS_PROFESIONALES_PROYECTO,False
8120,25,FACULTAD DE INGENIERÍA EN CIENCIAS DE LA TIERRA,Subrogación,OTROS_AA,True,Subdecano,AUTORIDAD_ACADEMICA_SUPERIOR,,,2025-01-06,2025-01-14,8,False,False,False,False,DOCENTE,DOCENTE_TITULAR_CARRERA,False
8120,25,FACULTAD DE INGENIERÍA EN CIENCIAS DE LA TIERRA,Subrogación,OTROS_AA,True,Subdecano,AUTORIDAD_ACADEMICA_SUPERIOR,,,2025-01-28,2025-01-30,2,False,False,False,False,DOCENTE,DOCENTE_TITULAR_CARRERA,False
8120,25,FACULTAD DE INGENIERÍA EN CIENCIAS DE LA TIERRA,Subrogación,OTROS_AA,True,Subdecano,AUTORIDAD_ACADEMICA_SUPERIOR,,,2025-02-02,2025-02-08,6,False,False,False,False,DOCENTE,DOCENTE_TITULAR_CARRERA,False
8120,25,FACULTAD DE INGENIERÍA EN CIENCIAS DE LA TIERRA,Subrogación,OTROS_AA,True,Subdecano,AUTORIDAD_ACADEMICA_SUPERIOR,,,2025-02-17,2025-03-04,15,False,False,False,False,DOCENTE,DOCENTE_TITULAR_CARRERA,False
8120,25,FACULTAD DE INGENIERÍA EN CIENCIAS DE LA TIERRA,Subrogación,OTROS_AA,True,Subdecano,AUTORIDAD_ACADEMICA_SUPERIOR,,,2025-08-20,2025-08-29,9,False,False,False,False,DOCENTE,DOCENTE_TITULAR_CARRERA,False
8120,25,FACULTAD DE INGENIERÍA EN CIENCIAS DE LA TIERRA,Subrogación,OTROS_AA,True,Subdecano,AUTORIDAD_ACADEMICA_SUPERIOR,,,2025-10-03,2025-10-11,8,False,False,False,False,DOCENTE,DOCENTE_TITULAR_CARRERA,False
8120,25,FACULTAD DE INGENIERÍA EN CIENCIAS DE LA TIERRA,Subrogación,OTROS_AA,True,Subdecano,AUTORIDAD_ACADEMICA_SUPERIOR,,,2025-10-14,2025-10-18,4,False,False,False,False,DOCENTE,DOCENTE_TITULAR_CARRERA,False
8120,25,FACULTAD DE INGENIERÍA EN CIENCIAS DE LA TIERRA,Subrogación,OTROS_AA,True,Subdecano,AUTORIDAD_ACADEMICA_SUPERIOR,,,2025-11-22,2025-12-07,15,False,False,False,False,DOCENTE,DOCENTE_TITULAR_CARRERA,False
8120,25,FACULTAD DE INGENIERÍA EN CIENCIAS DE LA TIERRA,Subrogación,OTROS_AA,True,Subdecano,AUTORIDAD_ACADEMICA_SUPERIOR,,,2026-01-27,2026-01-30,3,False,False,False,False,DOCENTE,DOCENTE_TITULAR_CARRERA,False
8120,25,FACULTAD DE INGENIERÍA EN CIENCIAS DE LA TIERRA,Subrogación,OTROS_AA,True,Subdecano,AUTORIDAD_ACADEMICA_SUPERIOR,,,2026-02-19,2026-03-01,10,False,False,False,False,DOCENTE,DOCENTE_TITULAR_CARRERA,False
8120,25,FACULTAD DE INGENIERÍA EN CIENCIAS DE LA TIERRA,Subrogación,OTROS_AA,True,Subdecano,AUTORIDAD_ACADEMICA_SUPERIOR,,,2026-04-15,2026-04-24,9,False,False,False,False,DOCENTE,AUTORIDAD_ACADEMICA_SUPERIOR,True
8120,25,FACULTAD DE INGENIERÍA EN CIENCIAS DE LA TIERRA,Subrogación,OTROS_AA,True,Subdecano,AUTORIDAD_ACADEMICA_SUPERIOR,,,2026-05-29,2026-06-12,14,False,False,False,False,DOCENTE,AUTORIDAD_ACADEMICA_SUPERIOR,True
8120,25,FACULTAD DE INGENIERÍA EN CIENCIAS DE LA TIERRA,Subrogación,OTROS_AA,True,Subdecano,AUTORIDAD_ACADEMICA_SUPERIOR,,,2026-06-18,2026-06-18,0,False,False,False,False,DOCENTE,AUTORIDAD_ACADEMICA_SUPERIOR,True
8120,25,FACULTAD DE INGENIERÍA EN CIENCIAS DE LA TIERRA,Subrogación,OTROS_AA,True,Subdecano,AUTORIDAD_ACADEMICA_SUPERIOR,,,2026-07-12,2026-07-18,6,False,False,False,False,DOCENTE,AUTORIDAD_ACADEMICA_SUPERIOR,True
8120,25,FACULTAD DE INGENIERÍA EN CIENCIAS DE LA TIERRA,Subrogación,OTROS_AA,True,Subdecano,AUTORIDAD_ACADEMICA_SUPERIOR,,,2026-08-08,2026-08-15,7,False,False,False,False,DOCENTE,AUTORIDAD_ACADEMICA_SUPERIOR,True
8244,16,FACULTAD DE INGENIERÍA EN ELECTRICIDAD Y COMPUTACIÓN,Miembro del consejo directivo - trabajadores,OTROS_AA,False,,,,,2016-05-09,2018-05-08,729,False,False,False,False,ADMINISTRATIVO,ASISTENCIA_SECRETARIAL_OFICINA,False
8403,61,FACULTAD DE CIENCIAS DE LA VIDA,Coordinador de prácticas empresariales,JEFATURA_SUPERVISION_OPERATIVA,False,,,GRADO,Nutrición y Dietética,2017-04-10,2018-10-10,548,False,False,False,False,ADMINISTRATIVO,TECNICO_OPERATIVO_MANTENIMIENTO,False
8433,12,FACULTAD DE CIENCIAS NATURALES Y MATEMÁTICAS,Coordinador de carrera,JEFATURA_SUPERVISION_OPERATIVA,False,,,GRADO,Logistica y Transporte,2018-11-15,2023-02-17,1555,False,False,False,False,DOCENTE,DOCENTE_NO_TITULAR_OCASIONAL,False
8433,12,FACULTAD DE CIENCIAS NATURALES Y MATEMÁTICAS,Coordinador de programa de postgrado,JEFATURA_SUPERVISION_OPERATIVA,False,,,POSGRADO,Maestría en Logística y Transporte,2019-05-01,2022-11-01,1280,False,False,False,False,DOCENTE,DOCENTE_NO_TITULAR_OCASIONAL,False
8433,12,FACULTAD DE CIENCIAS NATURALES Y MATEMÁTICAS,Coordinador de acreditación internacional,JEFATURA_SUPERVISION_OPERATIVA,False,,,GRADO,Logistica y Transporte,2023-02-20,2024-02-18,363,False,False,False,False,DOCENTE,DOCENTE_NO_TITULAR_OCASIONAL,False
8433,12,FACULTAD DE CIENCIAS NATURALES Y MATEMÁTICAS,Coordinador de prácticas empresariales,JEFATURA_SUPERVISION_OPERATIVA,False,,,GRADO,Logistica y Transporte,2024-02-19,2024-09-19,213,False,False,False,False,DOCENTE,DOCENTE_NO_TITULAR_OCASIONAL,False
8433,26,ESCUELA DE POSTGRADO EN ADMINISTRACIÓN DE EMPRESAS,Coordinador general de postgrado,JEFATURA_SUPERVISION_OPERATIVA,False,,,,,2025-05-12,,491,False,False,False,False,DOCENTE,DOCENTE_NO_TITULAR_OCASIONAL,False
8433,26,ESCUELA DE POSTGRADO EN ADMINISTRACIÓN DE EMPRESAS,Coordinador de programa de postgrado,JEFATURA_SUPERVISION_OPERATIVA,False,,,POSGRADO,Maestría en Administración de Empresas,2026-08-04,,42,False,False,False,False,DOCENTE,DOCENTE_NO_TITULAR_OCASIONAL,False
8441,12,FACULTAD DE CIENCIAS NATURALES Y MATEMÁTICAS,Coordinador general de postgrado,JEFATURA_SUPERVISION_OPERATIVA,False,,,,,2020-11-01,2025-11-30,1855,False,False,False,False,,,
8442,12,FACULTAD DE CIENCIAS NATURALES Y MATEMÁTICAS,Coordinador de prácticas empresariales,JEFATURA_SUPERVISION_OPERATIVA,False,,,GRADO,Estadística,2021-10-01,2023-02-17,504,False,False,False,False,DOCENTE,DOCENTE_NO_TITULAR_OCASIONAL,False
8442,12,FACULTAD DE CIENCIAS NATURALES Y MATEMÁTICAS,Coordinador de prácticas empresariales,JEFATURA_SUPERVISION_OPERATIVA,False,,,GRADO,Matemática,2022-10-01,2023-02-17,139,False,False,False,False,DOCENTE,DOCENTE_NO_TITULAR_OCASIONAL,False
8442,12,FACULTAD DE CIENCIAS NATURALES Y MATEMÁTICAS,Coordinador de carrera,JEFATURA_SUPERVISION_OPERATIVA,False,,,GRADO,Estadística,2023-02-20,2026-09-20,1308,False,False,False,False,DOCENTE,DOCENTE_NO_TITULAR_OCASIONAL,False
8442,12,FACULTAD DE CIENCIAS NATURALES Y MATEMÁTICAS,Coordinador de prácticas empresariales,JEFATURA_SUPERVISION_OPERATIVA,False,,,GRADO,Matemática,2023-03-09,2025-02-14,708,False,False,False,False,DOCENTE,DOCENTE_NO_TITULAR_OCASIONAL,False
8497,27,ESCUELA DE DISEÑO Y COMUNICACIÓN VISUAL,Subdirector académico,AUTORIDAD_ADMINISTRATIVA_SUPERIOR,False,,,,,2013-09-28,2017-11-12,1506,False,False,False,False,DOCENTE,DIRECCION_ACADEMICA_INTERMEDIA,False
8497,41,DIRECCIÓN DE LA SECRETARÍA TÉCNICA ACADEMICA,Director,AUTORIDAD_ADMINISTRATIVA_SUPERIOR,False,,,,,2017-11-13,,3228,False,False,False,False,DOCENTE,DOCENTE_TITULAR_CARRERA,False
8666,11,"FACULTAD DE INGENIERIA MARÍTIMA, CIENCIAS BIOLÓGICAS, OCEÁNICAS Y RECURSOS NATURALES",Miembro del consejo directivo,OTROS_AA,False,,,,,2017-01-27,2019-01-23,726,False,False,False,False,ADMINISTRATIVO,AUTORIDAD_ADMINISTRATIVA_SUPERIOR,False
8666,8,GERENCIA DE RELACIONES INTERNACIONALES,Gerente,AUTORIDAD_ADMINISTRATIVA_SUPERIOR,False,,,,,2017-11-13,2019-03-31,503,False,False,False,False,ADMINISTRATIVO,AUTORIDAD_ADMINISTRATIVA_SUPERIOR,True
8666,86,FACULTAD DE INGENIERÍA MARÍTIMA Y CIENCIAS DEL MAR,Miembro del consejo directivo,OTROS_AA,False,,,,,2019-01-24,2020-01-26,367,False,False,False,False,DOCENTE,AUTORIDAD_ACADEMICA_SUPERIOR,False
8666,17,FACULTAD DE CIENCIAS SOCIALES Y HUMANÍSTICAS,Subdecano,AUTORIDAD_ACADEMICA_SUPERIOR,False,,,,,2019-04-01,2019-09-30,182,False,False,False,False,DOCENTE,AUTORIDAD_ACADEMICA_SUPERIOR,True
8666,17,FACULTAD DE CIENCIAS SOCIALES Y HUMANÍSTICAS,Subrogación,OTROS_AA,True,Decano,AUTORIDAD_ACADEMICA_SUPERIOR,,,2019-04-08,2019-04-19,11,False,False,False,False,DOCENTE,AUTORIDAD_ACADEMICA_SUPERIOR,True
8666,17,FACULTAD DE CIENCIAS SOCIALES Y HUMANÍSTICAS,Subrogación,OTROS_AA,True,Decano,AUTORIDAD_ACADEMICA_SUPERIOR,,,2019-09-26,2019-09-30,4,False,False,False,False,DOCENTE,AUTORIDAD_ACADEMICA_SUPERIOR,True
8884,40,CENTRO DE ENERGÍAS RENOVABLES Y ALTERNATIVAS,Director,AUTORIDAD_ADMINISTRATIVA_SUPERIOR,False,,,,,2013-12-31,2017-11-12,1412,False,False,False,False,DOCENTE,DOCENTE_TITULAR_CARRERA,False
8884,22,FACULTAD DE INGENIERÍA MECÁNICA Y CIENCIAS DE LA PRODUCCIÓN,Miembro del consejo directivo,OTROS_AA,False,,,,,2017-01-27,2020-01-26,1094,False,False,False,False,DOCENTE,DOCENTE_TITULAR_CARRERA,False
8884,40,CENTRO DE ENERGÍAS RENOVABLES Y ALTERNATIVAS,Director,AUTORIDAD_ADMINISTRATIVA_SUPERIOR,False,,,,,2017-11-13,2023-05-11,2005,False,False,False,False,DOCENTE,DOCENTE_TITULAR_CARRERA,False
8884,40,CENTRO DE ENERGÍAS RENOVABLES Y ALTERNATIVAS,Director,AUTORIDAD_ADMINISTRATIVA_SUPERIOR,False,,,,,2017-11-13,2024-03-03,2302,False,False,False,False,DOCENTE,DOCENTE_TITULAR_CARRERA,False
8884,22,FACULTAD DE INGENIERÍA MECÁNICA Y CIENCIAS DE LA PRODUCCIÓN,Subrogación,OTROS_AA,True,Subdecano,AUTORIDAD_ACADEMICA_SUPERIOR,,,2019-04-15,2019-04-30,15,False,False,False,False,DOCENTE,DOCENTE_TITULAR_CARRERA,False
8884,22,FACULTAD DE INGENIERÍA MECÁNICA Y CIENCIAS DE LA PRODUCCIÓN,Subrogación,OTROS_AA,True,Subdecano,AUTORIDAD_ACADEMICA_SUPERIOR,,,2019-05-27,2019-05-31,4,False,False,False,False,DOCENTE,DOCENTE_TITULAR_CARRERA,False
8884,22,FACULTAD DE INGENIERÍA MECÁNICA Y CIENCIAS DE LA PRODUCCIÓN,Subrogación,OTROS_AA,True,Subdecano,AUTORIDAD_ACADEMICA_SUPERIOR,,,2019-06-08,2019-06-14,6,False,False,False,False,DOCENTE,DOCENTE_TITULAR_CARRERA,False
8884,22,FACULTAD DE INGENIERÍA MECÁNICA Y CIENCIAS DE LA PRODUCCIÓN,Subrogación,OTROS_AA,True,Subdecano,AUTORIDAD_ACADEMICA_SUPERIOR,,,2019-07-15,2019-07-20,5,False,False,False,False,DOCENTE,DOCENTE_TITULAR_CARRERA,False
8884,22,FACULTAD DE INGENIERÍA MECÁNICA Y CIENCIAS DE LA PRODUCCIÓN,Subrogación,OTROS_AA,True,Subdecano,AUTORIDAD_ACADEMICA_SUPERIOR,,,2019-08-02,2019-08-02,0,False,False,False,False,DOCENTE,DOCENTE_TITULAR_CARRERA,False
8884,22,FACULTAD DE INGENIERÍA MECÁNICA Y CIENCIAS DE LA PRODUCCIÓN,Subrogación,OTROS_AA,True,Subdecano,AUTORIDAD_ACADEMICA_SUPERIOR,,,2019-10-16,2019-10-24,8,False,False,False,False,DOCENTE,DOCENTE_TITULAR_CARRERA,False
8884,22,FACULTAD DE INGENIERÍA MECÁNICA Y CIENCIAS DE LA PRODUCCIÓN,Subrogación,OTROS_AA,True,Subdecano,AUTORIDAD_ACADEMICA_SUPERIOR,,,2019-12-14,2019-12-19,5,False,False,False,False,DOCENTE,DOCENTE_TITULAR_CARRERA,False
8884,22,FACULTAD DE INGENIERÍA MECÁNICA Y CIENCIAS DE LA PRODUCCIÓN,Subrogación,OTROS_AA,True,Subdecano,AUTORIDAD_ACADEMICA_SUPERIOR,,,2019-12-26,2019-12-27,1,False,False,False,False,DOCENTE,DOCENTE_TITULAR_CARRERA,False
8884,136,DECANATO DE INVESTIGACIÓN,Subrogación,OTROS_AA,True,Decano,AUTORIDAD_ACADEMICA_SUPERIOR,,,2023-04-17,2023-04-20,3,False,False,False,False,DOCENTE,AUTORIDAD_ACADEMICA_SUPERIOR,True
8884,40,CENTRO DE ENERGÍAS RENOVABLES Y ALTERNATIVAS,Director,AUTORIDAD_ADMINISTRATIVA_SUPERIOR,False,,,,,2024-03-29,2024-09-24,179,False,False,False,False,DOCENTE,DOCENTE_TITULAR_CARRERA,False
8884,136,DECANATO DE INVESTIGACIÓN,Subrogación,OTROS_AA,True,Decano,AUTORIDAD_ACADEMICA_SUPERIOR,,,2024-09-25,2024-09-29,4,False,False,False,False,DOCENTE,DOCENTE_TITULAR_CARRERA,False
8884,40,CENTRO DE ENERGÍAS RENOVABLES Y ALTERNATIVAS,Director,AUTORIDAD_ADMINISTRATIVA_SUPERIOR,False,,,,,2024-09-30,2025-02-05,128,False,False,False,False,DOCENTE,DOCENTE_TITULAR_CARRERA,False
8884,40,CENTRO DE ENERGÍAS RENOVABLES Y ALTERNATIVAS,Director,AUTORIDAD_ADMINISTRATIVA_SUPERIOR,False,,,,,2025-03-15,2026-02-17,339,False,False,False,False,DOCENTE,DOCENTE_TITULAR_CARRERA,False
8884,136,DECANATO DE INVESTIGACIÓN,Subrogación,OTROS_AA,True,Decano,AUTORIDAD_ACADEMICA_SUPERIOR,,,2025-03-17,2025-03-28,11,False,False,False,False,DOCENTE,AUTORIDAD_ACADEMICA_SUPERIOR,True
8884,136,DECANATO DE INVESTIGACIÓN,Subrogación,OTROS_AA,True,Decano,AUTORIDAD_ACADEMICA_SUPERIOR,,,2025-04-05,2025-04-12,7,False,False,False,False,DOCENTE,DOCENTE_TITULAR_CARRERA,False
8884,136,DECANATO DE INVESTIGACIÓN,Subrogación,OTROS_AA,True,Decano,AUTORIDAD_ACADEMICA_SUPERIOR,,,2025-05-20,2025-05-27,7,False,False,False,False,DOCENTE,DOCENTE_TITULAR_CARRERA,False
8884,136,DECANATO DE INVESTIGACIÓN,Subrogación,OTROS_AA,True,Decano,AUTORIDAD_ACADEMICA_SUPERIOR,,,2025-06-19,2025-06-22,3,False,False,False,False,DOCENTE,DOCENTE_TITULAR_CARRERA,False
8884,40,CENTRO DE ENERGÍAS RENOVABLES Y ALTERNATIVAS,Director,AUTORIDAD_ADMINISTRATIVA_SUPERIOR,False,,,,,2026-03-21,2026-03-24,3,False,False,False,False,DOCENTE,AUTORIDAD_ACADEMICA_SUPERIOR,False
8884,136,DECANATO DE INVESTIGACIÓN,Subrogación,OTROS_AA,True,Decano,AUTORIDAD_ACADEMICA_SUPERIOR,,,2026-03-21,2026-03-24,3,False,False,False,False,DOCENTE,AUTORIDAD_ACADEMICA_SUPERIOR,True
8884,40,CENTRO DE ENERGÍAS RENOVABLES Y ALTERNATIVAS,Director,AUTORIDAD_ADMINISTRATIVA_SUPERIOR,False,,,,,2026-03-28,2026-03-26,0,False,True,False,False,DOCENTE,DOCENTE_TITULAR_CARRERA,False
8884,40,CENTRO DE ENERGÍAS RENOVABLES Y ALTERNATIVAS,Director,AUTORIDAD_ADMINISTRATIVA_SUPERIOR,False,,,,,2026-03-28,,171,False,False,False,False,DOCENTE,DOCENTE_TITULAR_CARRERA,False
8941,53,CENTRO DE INFORMACIÓN BIBLIOTECARIA,Subrogación,OTROS_AA,True,Director,AUTORIDAD_ADMINISTRATIVA_SUPERIOR,,,2025-11-18,2025-11-22,4,False,False,False,False,ADMINISTRATIVO,AUTORIDAD_ADMINISTRATIVA_SUPERIOR,True
8941,53,CENTRO DE INFORMACIÓN BIBLIOTECARIA,Subrogación,OTROS_AA,True,Director,AUTORIDAD_ADMINISTRATIVA_SUPERIOR,,,2026-04-10,2026-04-23,13,False,False,False,False,ADMINISTRATIVO,AUTORIDAD_ADMINISTRATIVA_SUPERIOR,True
8941,53,CENTRO DE INFORMACIÓN BIBLIOTECARIA,Subrogación,OTROS_AA,True,Director,AUTORIDAD_ADMINISTRATIVA_SUPERIOR,,,2026-09-04,2026-09-16,12,False,False,False,False,ADMINISTRATIVO,AUTORIDAD_ADMINISTRATIVA_SUPERIOR,True
9067,27,ESCUELA DE DISEÑO Y COMUNICACIÓN VISUAL,Miembro del consejo directivo - trabajadores,OTROS_AA,False,,,,,2018-08-23,2019-01-23,153,False,False,False,False,ADMINISTRATIVO,AUXILIAR_AYUDANTE_OPERATIVO,False
9067,88,"FACULTAD DE ARTE, DISEÑO Y COMUNICACIÓN AUDIOVISUAL",Miembro del consejo directivo - trabajadores,OTROS_AA,False,,,,,2019-01-24,2020-08-22,576,False,False,False,False,ADMINISTRATIVO,AUXILIAR_AYUDANTE_OPERATIVO,False
9465,61,FACULTAD DE CIENCIAS DE LA VIDA,Coordinador de programa de postgrado,JEFATURA_SUPERVISION_OPERATIVA,False,,,POSGRADO,Maestría en Desarrollo Rural,2016-01-01,2018-12-31,1095,False,False,False,False,DOCENTE,DOCENTE_TITULAR_CARRERA,False
9465,61,FACULTAD DE CIENCIAS DE LA VIDA,Coordinador de programa de postgrado,JEFATURA_SUPERVISION_OPERATIVA,False,,,POSGRADO,Maestría en Desarrollo Rural,2019-01-29,2019-04-30,91,False,False,False,False,DOCENTE,DOCENTE_TITULAR_CARRERA,False
9465,61,FACULTAD DE CIENCIAS DE LA VIDA,Coordinador de vinculación con la sociedad,JEFATURA_SUPERVISION_OPERATIVA,False,,,GRADO,Ingeniería Agrícola y Biológica,2020-04-01,2021-02-28,333,False,False,False,False,DOCENTE,DOCENTE_TITULAR_CARRERA,False
9465,61,FACULTAD DE CIENCIAS DE LA VIDA,Miembro del consejo politécnico,OTROS_AA,False,,,,,2022-02-01,2022-02-25,24,False,False,False,False,DOCENTE,DOCENTE_TITULAR_CARRERA,False
9465,61,FACULTAD DE CIENCIAS DE LA VIDA,Miembro del consejo directivo,OTROS_AA,False,,,,,2022-02-01,2025-01-31,1095,False,False,False,False,DOCENTE,AUTORIDAD_ACADEMICA_SUPERIOR,False
9465,126,DECANATO DE VINCULACIÓN,Decano,AUTORIDAD_ACADEMICA_SUPERIOR,False,,,,,2022-11-13,,1402,False,False,False,False,DOCENTE,AUTORIDAD_ACADEMICA_SUPERIOR,True
9465,130,"VICERRECTORADO DE INVESTIGACIÓN, DESARROLLO E INNOVACIÓN",Subrogación,OTROS_AA,True,Vicerrector,AUTORIDAD_ACADEMICA_SUPERIOR,,,2023-03-05,2023-03-08,3,False,False,False,False,DOCENTE,AUTORIDAD_ACADEMICA_SUPERIOR,True
9465,130,"VICERRECTORADO DE INVESTIGACIÓN, DESARROLLO E INNOVACIÓN",Subrogación,OTROS_AA,True,Vicerrector,AUTORIDAD_ACADEMICA_SUPERIOR,,,2023-03-25,2023-03-29,4,False,False,False,False,DOCENTE,AUTORIDAD_ACADEMICA_SUPERIOR,True
9465,130,"VICERRECTORADO DE INVESTIGACIÓN, DESARROLLO E INNOVACIÓN",Subrogación,OTROS_AA,True,Vicerrector,AUTORIDAD_ACADEMICA_SUPERIOR,,,2023-05-02,2023-05-13,11,False,False,False,False,DOCENTE,AUTORIDAD_ACADEMICA_SUPERIOR,True
9465,130,"VICERRECTORADO DE INVESTIGACIÓN, DESARROLLO E INNOVACIÓN",Subrogación,OTROS_AA,True,Vicerrector,AUTORIDAD_ACADEMICA_SUPERIOR,,,2023-05-28,2023-06-05,8,False,False,False,False,DOCENTE,AUTORIDAD_ACADEMICA_SUPERIOR,True
9465,130,"VICERRECTORADO DE INVESTIGACIÓN, DESARROLLO E INNOVACIÓN",Subrogación,OTROS_AA,True,Vicerrector,AUTORIDAD_ACADEMICA_SUPERIOR,,,2023-06-18,2023-06-24,6,False,False,False,False,DOCENTE,AUTORIDAD_ACADEMICA_SUPERIOR,True
9465,130,"VICERRECTORADO DE INVESTIGACIÓN, DESARROLLO E INNOVACIÓN",Subrogación,OTROS_AA,True,Vicerrector,AUTORIDAD_ACADEMICA_SUPERIOR,,,2023-08-25,2023-09-08,14,False,False,False,False,DOCENTE,AUTORIDAD_ACADEMICA_SUPERIOR,True
9465,130,"VICERRECTORADO DE INVESTIGACIÓN, DESARROLLO E INNOVACIÓN",Subrogación,OTROS_AA,True,Vicerrector,AUTORIDAD_ACADEMICA_SUPERIOR,,,2024-01-02,2024-01-19,17,False,False,False,False,DOCENTE,AUTORIDAD_ACADEMICA_SUPERIOR,True
9465,130,"VICERRECTORADO DE INVESTIGACIÓN, DESARROLLO E INNOVACIÓN",Subrogación,OTROS_AA,True,Vicerrector,AUTORIDAD_ACADEMICA_SUPERIOR,,,2024-03-18,2024-03-23,5,False,False,False,False,DOCENTE,AUTORIDAD_ACADEMICA_SUPERIOR,True
9465,130,"VICERRECTORADO DE INVESTIGACIÓN, DESARROLLO E INNOVACIÓN",Subrogación,OTROS_AA,True,Vicerrector,AUTORIDAD_ACADEMICA_SUPERIOR,,,2024-04-28,2024-05-01,3,False,False,False,False,DOCENTE,AUTORIDAD_ACADEMICA_SUPERIOR,True
9465,130,"VICERRECTORADO DE INVESTIGACIÓN, DESARROLLO E INNOVACIÓN",Subrogación,OTROS_AA,True,Vicerrector,AUTORIDAD_ACADEMICA_SUPERIOR,,,2024-05-23,2024-06-06,14,False,False,False,False,DOCENTE,AUTORIDAD_ACADEMICA_SUPERIOR,True
9465,130,"VICERRECTORADO DE INVESTIGACIÓN, DESARROLLO E INNOVACIÓN",Subrogación,OTROS_AA,True,Vicerrector,AUTORIDAD_ACADEMICA_SUPERIOR,,,2024-06-25,2024-06-29,4,False,False,False,False,DOCENTE,DOCENTE_CONTRATADO_SERVICIOS_CIVILES,False
9465,130,"VICERRECTORADO DE INVESTIGACIÓN, DESARROLLO E INNOVACIÓN",Subrogación,OTROS_AA,True,Vicerrector,AUTORIDAD_ACADEMICA_SUPERIOR,,,2024-09-22,2024-09-24,2,False,False,False,False,DOCENTE,AUTORIDAD_ACADEMICA_SUPERIOR,True
9465,130,"VICERRECTORADO DE INVESTIGACIÓN, DESARROLLO E INNOVACIÓN",Subrogación,OTROS_AA,True,Vicerrector,AUTORIDAD_ACADEMICA_SUPERIOR,,,2024-11-09,2024-11-13,4,False,False,False,False,DOCENTE,AUTORIDAD_ACADEMICA_SUPERIOR,True
9465,130,"VICERRECTORADO DE INVESTIGACIÓN, DESARROLLO E INNOVACIÓN",Subrogación,OTROS_AA,True,Vicerrector,AUTORIDAD_ACADEMICA_SUPERIOR,,,2024-11-13,2024-11-13,0,False,False,False,False,DOCENTE,AUTORIDAD_ACADEMICA_SUPERIOR,True
9465,130,"VICERRECTORADO DE INVESTIGACIÓN, DESARROLLO E INNOVACIÓN",Subrogación,OTROS_AA,True,Vicerrector,AUTORIDAD_ACADEMICA_SUPERIOR,,,2024-12-04,2024-12-08,4,False,False,False,False,DOCENTE,AUTORIDAD_ACADEMICA_SUPERIOR,True
9465,130,"VICERRECTORADO DE INVESTIGACIÓN, DESARROLLO E INNOVACIÓN",Subrogación,OTROS_AA,True,Vicerrector,AUTORIDAD_ACADEMICA_SUPERIOR,,,2025-01-06,2025-01-14,8,False,False,False,False,DOCENTE,AUTORIDAD_ACADEMICA_SUPERIOR,True
9465,130,"VICERRECTORADO DE INVESTIGACIÓN, DESARROLLO E INNOVACIÓN",Subrogación,OTROS_AA,True,Vicerrector,AUTORIDAD_ACADEMICA_SUPERIOR,,,2025-01-19,2025-01-25,6,False,False,False,False,DOCENTE,AUTORIDAD_ACADEMICA_SUPERIOR,True
9465,130,"VICERRECTORADO DE INVESTIGACIÓN, DESARROLLO E INNOVACIÓN",Subrogación,OTROS_AA,True,Vicerrector,AUTORIDAD_ACADEMICA_SUPERIOR,,,2025-02-18,2025-02-27,9,False,False,False,False,DOCENTE,AUTORIDAD_ACADEMICA_SUPERIOR,True
9465,130,"VICERRECTORADO DE INVESTIGACIÓN, DESARROLLO E INNOVACIÓN",Subrogación,OTROS_AA,True,Vicerrector,AUTORIDAD_ACADEMICA_SUPERIOR,,,2025-03-17,2025-03-18,1,False,False,False,False,DOCENTE,DOCENTE_CONTRATADO_SERVICIOS_CIVILES,False
9465,130,"VICERRECTORADO DE INVESTIGACIÓN, DESARROLLO E INNOVACIÓN",Subrogación,OTROS_AA,True,Vicerrector,AUTORIDAD_ACADEMICA_SUPERIOR,,,2025-04-08,2025-04-12,4,False,False,False,False,DOCENTE,DOCENTE_CONTRATADO_SERVICIOS_CIVILES,False
9465,130,"VICERRECTORADO DE INVESTIGACIÓN, DESARROLLO E INNOVACIÓN",Subrogación,OTROS_AA,True,Vicerrector,AUTORIDAD_ACADEMICA_SUPERIOR,,,2025-05-20,2025-05-31,11,False,False,False,False,DOCENTE,DOCENTE_CONTRATADO_SERVICIOS_CIVILES,False
9465,130,"VICERRECTORADO DE INVESTIGACIÓN, DESARROLLO E INNOVACIÓN",Subrogación,OTROS_AA,True,Vicerrector,AUTORIDAD_ACADEMICA_SUPERIOR,,,2025-06-19,2025-07-04,15,False,False,False,False,DOCENTE,DOCENTE_CONTRATADO_SERVICIOS_CIVILES,False
9465,130,"VICERRECTORADO DE INVESTIGACIÓN, DESARROLLO E INNOVACIÓN",Subrogación,OTROS_AA,True,Vicerrector,AUTORIDAD_ACADEMICA_SUPERIOR,,,2025-06-23,2025-07-04,11,False,False,False,False,DOCENTE,DOCENTE_CONTRATADO_SERVICIOS_CIVILES,False
9465,130,"VICERRECTORADO DE INVESTIGACIÓN, DESARROLLO E INNOVACIÓN",Subrogación,OTROS_AA,True,Vicerrector,AUTORIDAD_ACADEMICA_SUPERIOR,,,2025-07-07,2025-07-08,1,False,False,False,False,DOCENTE,DOCENTE_CONTRATADO_SERVICIOS_CIVILES,False
9465,130,"VICERRECTORADO DE INVESTIGACIÓN, DESARROLLO E INNOVACIÓN",Subrogación,OTROS_AA,True,Vicerrector,AUTORIDAD_ACADEMICA_SUPERIOR,,,2025-08-12,2025-08-12,0,False,False,False,False,DOCENTE,AUTORIDAD_ACADEMICA_SUPERIOR,True
9465,130,"VICERRECTORADO DE INVESTIGACIÓN, DESARROLLO E INNOVACIÓN",Subrogación,OTROS_AA,True,Vicerrector,AUTORIDAD_ACADEMICA_SUPERIOR,,,2025-08-17,2025-08-23,6,False,False,False,False,DOCENTE,AUTORIDAD_ACADEMICA_SUPERIOR,True
9465,130,"VICERRECTORADO DE INVESTIGACIÓN, DESARROLLO E INNOVACIÓN",Subrogación,OTROS_AA,True,Vicerrector,AUTORIDAD_ACADEMICA_SUPERIOR,,,2025-09-23,2025-09-23,0,False,False,False,False,DOCENTE,AUTORIDAD_ACADEMICA_SUPERIOR,True
9465,130,"VICERRECTORADO DE INVESTIGACIÓN, DESARROLLO E INNOVACIÓN",Subrogación,OTROS_AA,True,Vicerrector,AUTORIDAD_ACADEMICA_SUPERIOR,,,2025-11-02,2025-11-06,4,False,False,False,False,DOCENTE,AUTORIDAD_ACADEMICA_SUPERIOR,True
9465,130,"VICERRECTORADO DE INVESTIGACIÓN, DESARROLLO E INNOVACIÓN",Subrogación,OTROS_AA,True,Vicerrector,AUTORIDAD_ACADEMICA_SUPERIOR,,,2025-12-04,2025-12-06,2,False,False,False,False,DOCENTE,AUTORIDAD_ACADEMICA_SUPERIOR,True
9465,130,"VICERRECTORADO DE INVESTIGACIÓN, DESARROLLO E INNOVACIÓN",Subrogación,OTROS_AA,True,Vicerrector,AUTORIDAD_ACADEMICA_SUPERIOR,,,2026-01-27,2026-01-30,3,False,False,False,False,DOCENTE,AUTORIDAD_ACADEMICA_SUPERIOR,True
9465,130,"VICERRECTORADO DE INVESTIGACIÓN, DESARROLLO E INNOVACIÓN",Subrogación,OTROS_AA,True,Vicerrector,AUTORIDAD_ACADEMICA_SUPERIOR,,,2026-02-02,2026-02-13,11,False,False,False,False,DOCENTE,AUTORIDAD_ACADEMICA_SUPERIOR,True
9465,130,"VICERRECTORADO DE INVESTIGACIÓN, DESARROLLO E INNOVACIÓN",Subrogación,OTROS_AA,True,Vicerrector,AUTORIDAD_ACADEMICA_SUPERIOR,,,2026-06-03,2026-06-08,5,False,False,False,False,DOCENTE,AUTORIDAD_ACADEMICA_SUPERIOR,True
9465,130,"VICERRECTORADO DE INVESTIGACIÓN, DESARROLLO E INNOVACIÓN",Subrogación,OTROS_AA,True,Vicerrector,AUTORIDAD_ACADEMICA_SUPERIOR,,,2026-06-29,2026-07-03,4,False,False,False,False,DOCENTE,AUTORIDAD_ACADEMICA_SUPERIOR,True
9465,130,"VICERRECTORADO DE INVESTIGACIÓN, DESARROLLO E INNOVACIÓN",Subrogación,OTROS_AA,True,Vicerrector,AUTORIDAD_ACADEMICA_SUPERIOR,,,2026-09-08,2026-09-11,3,False,False,False,False,DOCENTE,DOCENTE_CONTRATADO_SERVICIOS_CIVILES,False
9570,58,DIRECCIÓN DE SEGURIDAD Y SALUD OCUPACIONAL,Director,AUTORIDAD_ADMINISTRATIVA_SUPERIOR,False,,,,,2015-01-01,2017-11-30,1064,False,False,False,False,,,
9579,17,FACULTAD DE CIENCIAS SOCIALES Y HUMANÍSTICAS,Coordinador de prácticas empresariales,JEFATURA_SUPERVISION_OPERATIVA,False,,,GRADO,Turismo,2017-03-16,2018-04-27,407,False,False,False,False,,,
9579,17,FACULTAD DE CIENCIAS SOCIALES Y HUMANÍSTICAS,Coordinador de acreditación internacional,JEFATURA_SUPERVISION_OPERATIVA,False,,,GRADO,Turismo,2017-04-10,2018-09-21,529,False,False,False,False,,,
9654,61,FACULTAD DE CIENCIAS DE LA VIDA,Coordinador de acreditación internacional,JEFATURA_SUPERVISION_OPERATIVA,False,,,GRADO,Ingeniería Agrícola y Biológica,2019-09-23,2020-01-19,118,False,False,False,False,DOCENTE,DOCENTE_TITULAR_CARRERA,False
9654,61,FACULTAD DE CIENCIAS DE LA VIDA,Coordinador de acreditación internacional,JEFATURA_SUPERVISION_OPERATIVA,False,,,GRADO,Ingeniería Agrícola y Biológica,2020-01-20,2024-11-10,1756,False,False,False,False,DOCENTE,DOCENTE_TITULAR_CARRERA,False
9654,61,FACULTAD DE CIENCIAS DE LA VIDA,Miembro del consejo directivo,OTROS_AA,False,,,,,2022-02-01,2022-02-25,24,False,False,False,False,DOCENTE,DOCENTE_TITULAR_CARRERA,False
9654,61,FACULTAD DE CIENCIAS DE LA VIDA,Miembro del consejo directivo,OTROS_AA,False,,,,,2022-02-01,2025-01-31,1095,False,False,False,False,DOCENTE,DOCENTE_TITULAR_CARRERA,False
9654,61,FACULTAD DE CIENCIAS DE LA VIDA,Subrogación,OTROS_AA,True,Subdecano,AUTORIDAD_ACADEMICA_SUPERIOR,,,2023-04-24,2023-04-28,4,False,False,False,False,DOCENTE,AUTORIDAD_ACADEMICA_SUPERIOR,True
9654,61,FACULTAD DE CIENCIAS DE LA VIDA,Subrogación,OTROS_AA,True,Decano,AUTORIDAD_ACADEMICA_SUPERIOR,,,2023-06-28,2023-07-07,9,False,False,False,False,DOCENTE,DOCENTE_TITULAR_CARRERA,False
9654,61,FACULTAD DE CIENCIAS DE LA VIDA,Subrogación,OTROS_AA,True,Subdecano,AUTORIDAD_ACADEMICA_SUPERIOR,,,2023-09-03,2023-09-07,4,False,False,False,False,DOCENTE,AUTORIDAD_ACADEMICA_SUPERIOR,True
9654,61,FACULTAD DE CIENCIAS DE LA VIDA,Subrogación,OTROS_AA,True,Decano,AUTORIDAD_ACADEMICA_SUPERIOR,,,2023-09-11,2023-09-22,11,False,False,False,False,DOCENTE,AUTORIDAD_ACADEMICA_SUPERIOR,True
9654,61,FACULTAD DE CIENCIAS DE LA VIDA,Subrogación,OTROS_AA,True,Subdecano,AUTORIDAD_ACADEMICA_SUPERIOR,,,2023-09-25,2023-09-30,5,False,False,False,False,DOCENTE,AUTORIDAD_ACADEMICA_SUPERIOR,True
9654,61,FACULTAD DE CIENCIAS DE LA VIDA,Subrogación,OTROS_AA,True,Subdecano,AUTORIDAD_ACADEMICA_SUPERIOR,,,2023-11-19,2023-11-22,3,False,False,False,False,DOCENTE,DOCENTE_TITULAR_CARRERA,False
9654,61,FACULTAD DE CIENCIAS DE LA VIDA,Subrogación,OTROS_AA,True,Subdecano,AUTORIDAD_ACADEMICA_SUPERIOR,,,2023-12-03,2023-12-06,3,False,False,False,False,DOCENTE,DOCENTE_TITULAR_CARRERA,False
9654,61,FACULTAD DE CIENCIAS DE LA VIDA,Subrogación,OTROS_AA,True,Subdecano,AUTORIDAD_ACADEMICA_SUPERIOR,,,2024-01-28,2024-02-04,7,False,False,False,False,DOCENTE,DOCENTE_TITULAR_CARRERA,False
9654,61,FACULTAD DE CIENCIAS DE LA VIDA,Subrogación,OTROS_AA,True,Subdecano,AUTORIDAD_ACADEMICA_SUPERIOR,,,2024-03-25,2024-03-27,2,False,False,False,False,DOCENTE,DOCENTE_TITULAR_CARRERA,False
9654,61,FACULTAD DE CIENCIAS DE LA VIDA,Subrogación,OTROS_AA,True,Subdecano,AUTORIDAD_ACADEMICA_SUPERIOR,,,2024-03-28,2024-04-05,8,False,False,False,False,DOCENTE,DOCENTE_TITULAR_CARRERA,False
9654,61,FACULTAD DE CIENCIAS DE LA VIDA,Subrogación,OTROS_AA,True,Decano,AUTORIDAD_ACADEMICA_SUPERIOR,,,2024-03-28,2024-04-05,8,False,False,True,False,DOCENTE,DOCENTE_TITULAR_CARRERA,False
9654,61,FACULTAD DE CIENCIAS DE LA VIDA,Subrogación,OTROS_AA,True,Subdecano,AUTORIDAD_ACADEMICA_SUPERIOR,,,2024-04-16,2024-04-22,6,False,False,False,False,DOCENTE,DOCENTE_TITULAR_CARRERA,False
9654,61,FACULTAD DE CIENCIAS DE LA VIDA,Subrogación,OTROS_AA,True,Decano,AUTORIDAD_ACADEMICA_SUPERIOR,,,2024-04-23,2024-04-27,4,False,False,False,False,DOCENTE,DOCENTE_TITULAR_CARRERA,False
9654,61,FACULTAD DE CIENCIAS DE LA VIDA,Subrogación,OTROS_AA,True,Subdecano,AUTORIDAD_ACADEMICA_SUPERIOR,,,2024-04-30,2024-05-15,15,False,False,False,False,DOCENTE,DOCENTE_TITULAR_CARRERA,False
9654,61,FACULTAD DE CIENCIAS DE LA VIDA,Subrogación,OTROS_AA,True,Subdecano,AUTORIDAD_ACADEMICA_SUPERIOR,,,2024-06-03,2024-06-21,18,False,False,False,False,DOCENTE,DOCENTE_TITULAR_CARRERA,False
9654,61,FACULTAD DE CIENCIAS DE LA VIDA,Subrogación,OTROS_AA,True,Subdecano,AUTORIDAD_ACADEMICA_SUPERIOR,,,2024-06-25,2024-06-29,4,False,False,False,False,DOCENTE,DOCENTE_TITULAR_CARRERA,False
9654,61,FACULTAD DE CIENCIAS DE LA VIDA,Subrogación,OTROS_AA,True,Subdecano,AUTORIDAD_ACADEMICA_SUPERIOR,,,2024-07-22,2024-07-25,3,False,False,False,False,DOCENTE,DOCENTE_TITULAR_CARRERA,False
9654,61,FACULTAD DE CIENCIAS DE LA VIDA,Subrogación,OTROS_AA,True,Subdecano,AUTORIDAD_ACADEMICA_SUPERIOR,,,2024-08-08,2024-08-08,0,False,False,False,False,DOCENTE,DOCENTE_TITULAR_CARRERA,False
9654,61,FACULTAD DE CIENCIAS DE LA VIDA,Subrogación,OTROS_AA,True,Subdecano,AUTORIDAD_ACADEMICA_SUPERIOR,,,2024-08-26,2024-08-31,5,False,False,False,False,DOCENTE,DOCENTE_TITULAR_CARRERA,False
9654,61,FACULTAD DE CIENCIAS DE LA VIDA,Subrogación,OTROS_AA,True,Subdecano,AUTORIDAD_ACADEMICA_SUPERIOR,,,2024-09-03,2024-09-06,3,False,False,False,False,DOCENTE,DOCENTE_TITULAR_CARRERA,False
9654,61,FACULTAD DE CIENCIAS DE LA VIDA,Subrogación,OTROS_AA,True,Subdecano,AUTORIDAD_ACADEMICA_SUPERIOR,,,2024-09-07,2024-10-03,26,False,False,False,False,DOCENTE,DOCENTE_TITULAR_CARRERA,False
9654,61,FACULTAD DE CIENCIAS DE LA VIDA,Coordinador de acreditación internacional,JEFATURA_SUPERVISION_OPERATIVA,False,,,GRADO,Ingeniería Agrícola y Biológica,2024-11-11,2027-02-12,823,False,False,False,False,DOCENTE,DOCENTE_TITULAR_CARRERA,False
9654,61,FACULTAD DE CIENCIAS DE LA VIDA,Coordinador de programa de postgrado,JEFATURA_SUPERVISION_OPERATIVA,False,,,POSGRADO,Maestría en Riego Tecnificado y Fertirrigación,2025-01-01,2026-02-13,408,False,False,False,False,DOCENTE,DOCENTE_TITULAR_CARRERA,False
9654,61,FACULTAD DE CIENCIAS DE LA VIDA,Miembro del consejo politécnico,OTROS_AA,False,,,,,2025-05-05,2025-10-06,154,False,False,False,False,DOCENTE,DOCENTE_TITULAR_CARRERA,False
9816,22,FACULTAD DE INGENIERÍA MECÁNICA Y CIENCIAS DE LA PRODUCCIÓN,Coordinador de carrera,JEFATURA_SUPERVISION_OPERATIVA,False,,,GRADO,Mecatrónica,2017-11-16,2025-06-17,2770,False,False,False,False,DOCENTE,DOCENTE_NO_TITULAR_OCASIONAL,False
9834,58,DIRECCIÓN DE SEGURIDAD Y SALUD OCUPACIONAL,Subrogación,OTROS_AA,True,Director,AUTORIDAD_ADMINISTRATIVA_SUPERIOR,,,2020-02-26,2020-03-11,14,False,False,False,False,ADMINISTRATIVO,AUTORIDAD_ADMINISTRATIVA_SUPERIOR,True
9834,58,DIRECCIÓN DE SEGURIDAD Y SALUD OCUPACIONAL,Subrogación,OTROS_AA,True,Director,AUTORIDAD_ADMINISTRATIVA_SUPERIOR,,,2021-10-11,2021-10-15,4,False,False,False,False,ADMINISTRATIVO,AUTORIDAD_ADMINISTRATIVA_SUPERIOR,True
9834,58,DIRECCIÓN DE SEGURIDAD Y SALUD OCUPACIONAL,Subrogación,OTROS_AA,True,Director,AUTORIDAD_ADMINISTRATIVA_SUPERIOR,,,2023-03-20,2023-04-05,16,False,False,False,False,ADMINISTRATIVO,PROFESIONAL_ANALISTA,False
9834,58,DIRECCIÓN DE SEGURIDAD Y SALUD OCUPACIONAL,Subrogación,OTROS_AA,True,Director,AUTORIDAD_ADMINISTRATIVA_SUPERIOR,,,2023-12-20,2023-12-29,9,False,False,False,False,ADMINISTRATIVO,PROFESIONAL_ANALISTA,False
9834,58,DIRECCIÓN DE SEGURIDAD Y SALUD OCUPACIONAL,Subrogación,OTROS_AA,True,Director,AUTORIDAD_ADMINISTRATIVA_SUPERIOR,,,2024-03-11,2024-03-15,4,False,False,False,False,ADMINISTRATIVO,PROFESIONAL_ANALISTA,False
9834,58,DIRECCIÓN DE SEGURIDAD Y SALUD OCUPACIONAL,Subrogación,OTROS_AA,True,Director,AUTORIDAD_ADMINISTRATIVA_SUPERIOR,,,2024-10-16,2024-10-18,2,False,False,False,False,ADMINISTRATIVO,PROFESIONAL_ANALISTA,False
9834,58,DIRECCIÓN DE SEGURIDAD Y SALUD OCUPACIONAL,Subrogación,OTROS_AA,True,Director,AUTORIDAD_ADMINISTRATIVA_SUPERIOR,,,2024-12-04,2024-12-31,27,False,False,False,False,ADMINISTRATIVO,PROFESIONAL_ANALISTA,False
9834,58,DIRECCIÓN DE SEGURIDAD Y SALUD OCUPACIONAL,Subrogación,OTROS_AA,True,Director,AUTORIDAD_ADMINISTRATIVA_SUPERIOR,,,2025-07-03,2025-07-09,6,False,False,False,False,ADMINISTRATIVO,PROFESIONAL_ANALISTA,False
9834,58,DIRECCIÓN DE SEGURIDAD Y SALUD OCUPACIONAL,Subrogación,OTROS_AA,True,Director,AUTORIDAD_ADMINISTRATIVA_SUPERIOR,,,2025-10-19,2025-10-23,4,False,False,False,False,ADMINISTRATIVO,PROFESIONAL_ANALISTA,False
9834,58,DIRECCIÓN DE SEGURIDAD Y SALUD OCUPACIONAL,Subrogación,OTROS_AA,True,Director,AUTORIDAD_ADMINISTRATIVA_SUPERIOR,,,2025-12-19,2025-12-31,12,False,False,False,False,ADMINISTRATIVO,PROFESIONAL_ANALISTA,False
9834,58,DIRECCIÓN DE SEGURIDAD Y SALUD OCUPACIONAL,Subrogación,OTROS_AA,True,Director,AUTORIDAD_ADMINISTRATIVA_SUPERIOR,,,2026-01-05,2026-01-09,4,False,False,False,False,ADMINISTRATIVO,PROFESIONAL_ANALISTA,False
9834,58,DIRECCIÓN DE SEGURIDAD Y SALUD OCUPACIONAL,Subrogación,OTROS_AA,True,Director,AUTORIDAD_ADMINISTRATIVA_SUPERIOR,,,2026-08-17,2026-08-21,4,False,False,False,False,ADMINISTRATIVO,AUTORIDAD_ADMINISTRATIVA_SUPERIOR,True
9834,58,DIRECCIÓN DE SEGURIDAD Y SALUD OCUPACIONAL,Subrogación,OTROS_AA,True,Director,AUTORIDAD_ADMINISTRATIVA_SUPERIOR,,,2026-09-14,2026-09-18,4,False,False,False,False,ADMINISTRATIVO,PROFESIONAL_ANALISTA,False
9855,52,UNIDAD DE BIENESTAR ESTUDIANTIL Y POLITÉCNICO,Director,AUTORIDAD_ADMINISTRATIVA_SUPERIOR,False,,,,,2016-01-01,2017-11-12,681,False,False,False,False,ADMINISTRATIVO,AUTORIDAD_ADMINISTRATIVA_SUPERIOR,True
9912,25,FACULTAD DE INGENIERÍA EN CIENCIAS DE LA TIERRA,Miembro del consejo directivo - trabajadores,OTROS_AA,False,,,,,2018-08-23,2020-08-22,730,False,False,False,False,ADMINISTRATIVO,PROFESIONAL_ANALISTA,False
10059,17,FACULTAD DE CIENCIAS SOCIALES Y HUMANÍSTICAS,Coordinador de vinculación con la sociedad,JEFATURA_SUPERVISION_OPERATIVA,False,,,GRADO,Turismo,2018-04-02,2018-04-27,25,False,False,False,False,DOCENTE,DOCENTE_NO_TITULAR_OCASIONAL,False
10059,17,FACULTAD DE CIENCIAS SOCIALES Y HUMANÍSTICAS,Coordinador de prácticas empresariales,JEFATURA_SUPERVISION_OPERATIVA,False,,,GRADO,Turismo,2019-05-01,2020-02-21,296,False,False,False,False,DOCENTE,DOCENTE_NO_TITULAR_OCASIONAL,False
10157,12,FACULTAD DE CIENCIAS NATURALES Y MATEMÁTICAS,Miembro del consejo politécnico,OTROS_AA,False,,,,,2016-12-14,2019-04-10,847,False,False,False,False,DOCENTE,DOCENTE_TITULAR_CARRERA,False
10157,12,FACULTAD DE CIENCIAS NATURALES Y MATEMÁTICAS,Subdecano,AUTORIDAD_ACADEMICA_SUPERIOR,False,,,,,2017-11-13,2019-08-31,656,False,False,False,False,DOCENTE,DOCENTE_TITULAR_CARRERA,False
10157,12,FACULTAD DE CIENCIAS NATURALES Y MATEMÁTICAS,Subrogación,OTROS_AA,True,Decano,AUTORIDAD_ACADEMICA_SUPERIOR,,,2018-11-12,2018-11-17,5,False,False,False,False,DOCENTE,AUTORIDAD_ACADEMICA_SUPERIOR,True
10191,12,FACULTAD DE CIENCIAS NATURALES Y MATEMÁTICAS,Coordinador de carrera,JEFATURA_SUPERVISION_OPERATIVA,False,,,GRADO,Estadística,2026-09-21,,0,False,False,False,False,,,
10352,11,"FACULTAD DE INGENIERIA MARÍTIMA, CIENCIAS BIOLÓGICAS, OCEÁNICAS Y RECURSOS NATURALES",Coordinador de prácticas empresariales,JEFATURA_SUPERVISION_OPERATIVA,False,,,GRADO,Ingeniería Naval,2017-03-16,2018-04-10,390,False,False,False,False,DOCENTE,DOCENTE_HONORARIO_ESPECIAL,False
10352,11,"FACULTAD DE INGENIERIA MARÍTIMA, CIENCIAS BIOLÓGICAS, OCEÁNICAS Y RECURSOS NATURALES",Coordinador de vinculación con la sociedad,JEFATURA_SUPERVISION_OPERATIVA,False,,,GRADO,Ingeniería Naval,2017-03-22,2018-03-31,374,False,False,False,False,DOCENTE,DOCENTE_HONORARIO_ESPECIAL,False
10352,11,"FACULTAD DE INGENIERIA MARÍTIMA, CIENCIAS BIOLÓGICAS, OCEÁNICAS Y RECURSOS NATURALES",Coordinador de vinculación con la sociedad,JEFATURA_SUPERVISION_OPERATIVA,False,,,GRADO,Ingeniería Naval,2018-04-01,2019-01-23,297,False,False,False,False,DOCENTE,TECNICO_DOCENTE_APOYO,False
10352,86,FACULTAD DE INGENIERÍA MARÍTIMA Y CIENCIAS DEL MAR,Coordinador de vinculación con la sociedad,JEFATURA_SUPERVISION_OPERATIVA,False,,,GRADO,Ingeniería Naval,2019-01-24,2021-02-24,762,False,False,False,False,DOCENTE,TECNICO_DOCENTE_APOYO,False
10352,86,FACULTAD DE INGENIERÍA MARÍTIMA Y CIENCIAS DEL MAR,Coordinador de vinculación con la sociedad,JEFATURA_SUPERVISION_OPERATIVA,False,,,GRADO,Ingeniería Naval,2021-02-25,2024-02-18,1088,False,False,False,False,DOCENTE,TECNICO_DOCENTE_APOYO,False
10352,86,FACULTAD DE INGENIERÍA MARÍTIMA Y CIENCIAS DEL MAR,Coordinador de vinculación con la sociedad,JEFATURA_SUPERVISION_OPERATIVA,False,,,GRADO,Ingeniería Naval,2024-02-19,2024-09-29,223,False,False,False,False,DOCENTE,TECNICO_DOCENTE_APOYO,False
10352,86,FACULTAD DE INGENIERÍA MARÍTIMA Y CIENCIAS DEL MAR,Coordinador de vinculación con la sociedad,JEFATURA_SUPERVISION_OPERATIVA,False,,,GRADO,Ingeniería Naval,2024-03-01,2023-12-05,0,False,True,False,False,,,
10352,86,FACULTAD DE INGENIERÍA MARÍTIMA Y CIENCIAS DEL MAR,Coordinador de programa de postgrado,JEFATURA_SUPERVISION_OPERATIVA,False,,,POSGRADO,Maestría en Ingeniería Naval,2025-05-12,2027-02-13,642,False,False,False,False,DOCENTE,DOCENTE_NO_TITULAR_OCASIONAL,False
10352,86,FACULTAD DE INGENIERÍA MARÍTIMA Y CIENCIAS DEL MAR,Coordinador de prácticas empresariales,JEFATURA_SUPERVISION_OPERATIVA,False,,,GRADO,Ingeniería Naval,2025-05-12,2027-02-13,642,False,False,False,False,DOCENTE,DOCENTE_NO_TITULAR_OCASIONAL,False
10441,22,FACULTAD DE INGENIERÍA MECÁNICA Y CIENCIAS DE LA PRODUCCIÓN,Coordinador de prácticas empresariales,JEFATURA_SUPERVISION_OPERATIVA,False,,,GRADO,Ingeniería Industrial,2023-04-27,2023-04-27,0,False,False,False,False,,,
10441,22,FACULTAD DE INGENIERÍA MECÁNICA Y CIENCIAS DE LA PRODUCCIÓN,Coordinador de vinculación con la sociedad,JEFATURA_SUPERVISION_OPERATIVA,False,,,GRADO,Ingeniería Industrial,2023-05-15,2025-02-16,643,False,False,False,False,DOCENTE,DOCENTE_NO_TITULAR_OCASIONAL,False
10713,26,ESCUELA DE POSTGRADO EN ADMINISTRACIÓN DE EMPRESAS,Coordinador de programa de postgrado,JEFATURA_SUPERVISION_OPERATIVA,False,,,POSGRADO,Maestría Ejecutiva en Administración de Empresas,2024-03-11,2024-03-11,0,False,False,False,False,,,
10713,26,ESCUELA DE POSTGRADO EN ADMINISTRACIÓN DE EMPRESAS,Coordinador de programa de postgrado,JEFATURA_SUPERVISION_OPERATIVA,False,,,POSGRADO,Maestría en Administración de Empresas,2024-03-18,2024-05-31,74,False,False,False,False,,,
10713,26,ESCUELA DE POSTGRADO EN ADMINISTRACIÓN DE EMPRESAS,Coordinador de programa de postgrado,JEFATURA_SUPERVISION_OPERATIVA,False,,,POSGRADO,Maestría en Administración y Dirección de Empresas,2024-04-11,2024-05-31,50,False,False,False,False,,,
10834,86,FACULTAD DE INGENIERÍA MARÍTIMA Y CIENCIAS DEL MAR,Coordinador de carrera,JEFATURA_SUPERVISION_OPERATIVA,False,,,GRADO,Ingeniería Naval,2016-04-21,2016-08-31,132,False,False,False,False,,,
10896,12,FACULTAD DE CIENCIAS NATURALES Y MATEMÁTICAS,Coordinador de carrera,JEFATURA_SUPERVISION_OPERATIVA,False,,,GRADO,Logistica y Transporte,2017-01-16,2018-11-14,667,False,False,False,False,,,
10896,12,FACULTAD DE CIENCIAS NATURALES Y MATEMÁTICAS,Coordinador de programa de postgrado,JEFATURA_SUPERVISION_OPERATIVA,False,,,POSGRADO,Maestría en Logística y Transporte,2018-04-02,2018-12-31,273,False,False,False,False,,,
10896,12,FACULTAD DE CIENCIAS NATURALES Y MATEMÁTICAS,Coordinador de programa de postgrado,JEFATURA_SUPERVISION_OPERATIVA,False,,,POSGRADO,Maestría en Logística y Transporte,2019-01-02,2019-04-30,118,False,False,False,False,,,
10941,16,FACULTAD DE INGENIERÍA EN ELECTRICIDAD Y COMPUTACIÓN,Coordinador de acreditación internacional,JEFATURA_SUPERVISION_OPERATIVA,False,,,GRADO,Telecomunicaciones,2020-01-21,2022-09-25,978,False,False,False,False,DOCENTE,DOCENTE_NO_TITULAR_OCASIONAL,False
11180,17,FACULTAD DE CIENCIAS SOCIALES Y HUMANÍSTICAS,Coordinador de prácticas empresariales,JEFATURA_SUPERVISION_OPERATIVA,False,,,GRADO,Turismo,2018-10-03,2018-10-04,1,False,False,False,False,,,
11220,26,ESCUELA DE POSTGRADO EN ADMINISTRACIÓN DE EMPRESAS,Coordinador de programa de postgrado,JEFATURA_SUPERVISION_OPERATIVA,False,,,POSGRADO,Maestría en Gerencia Hospitalaria,2020-01-01,2021-11-30,699,False,False,False,False,DOCENTE,DOCENTE_CONTRATADO_SERVICIOS_CIVILES,False
11351,25,FACULTAD DE INGENIERÍA EN CIENCIAS DE LA TIERRA,Coordinador de acreditación internacional,JEFATURA_SUPERVISION_OPERATIVA,False,,,GRADO,Minas,2018-06-02,2019-04-30,332,False,False,False,False,DOCENTE,DOCENTE_HONORARIO_ESPECIAL,False
11351,25,FACULTAD DE INGENIERÍA EN CIENCIAS DE LA TIERRA,Coordinador de prácticas empresariales,JEFATURA_SUPERVISION_OPERATIVA,False,,,GRADO,Minas,2020-02-22,2021-06-30,494,False,False,False,False,DOCENTE,TECNICO_DOCENTE_APOYO,False
11351,25,FACULTAD DE INGENIERÍA EN CIENCIAS DE LA TIERRA,Coordinador de prácticas empresariales,JEFATURA_SUPERVISION_OPERATIVA,False,,,GRADO,Geología,2021-03-01,2021-06-30,121,False,False,False,False,DOCENTE,TECNICO_DOCENTE_APOYO,False
11476,66,CENTRO DE SERVICIOS ACUÍCOLAS,Director,AUTORIDAD_ADMINISTRATIVA_SUPERIOR,False,,,,,2017-12-01,,3210,False,False,False,False,,,
11509,11,"FACULTAD DE INGENIERIA MARÍTIMA, CIENCIAS BIOLÓGICAS, OCEÁNICAS Y RECURSOS NATURALES",Coordinador de prácticas empresariales,JEFATURA_SUPERVISION_OPERATIVA,False,,,GRADO,Oceanografía,2017-03-16,2018-04-10,390,False,False,False,False,DOCENTE,DOCENTE_NO_TITULAR_OCASIONAL,False
11509,11,"FACULTAD DE INGENIERIA MARÍTIMA, CIENCIAS BIOLÓGICAS, OCEÁNICAS Y RECURSOS NATURALES",Coordinador de vinculación con la sociedad,JEFATURA_SUPERVISION_OPERATIVA,False,,,GRADO,Oceanografía,2017-03-22,2018-03-31,374,False,False,False,False,DOCENTE,DOCENTE_NO_TITULAR_OCASIONAL,False
11509,11,"FACULTAD DE INGENIERIA MARÍTIMA, CIENCIAS BIOLÓGICAS, OCEÁNICAS Y RECURSOS NATURALES",Coordinador de vinculación con la sociedad,JEFATURA_SUPERVISION_OPERATIVA,False,,,GRADO,Oceanografía,2018-04-01,2019-01-23,297,False,False,False,False,DOCENTE,DOCENTE_NO_TITULAR_OCASIONAL,False
11509,86,FACULTAD DE INGENIERÍA MARÍTIMA Y CIENCIAS DEL MAR,Coordinador de vinculación con la sociedad,JEFATURA_SUPERVISION_OPERATIVA,False,,,GRADO,Oceanografía,2019-01-24,2020-01-25,366,False,False,False,False,DOCENTE,DOCENTE_NO_TITULAR_OCASIONAL,False
11509,86,FACULTAD DE INGENIERÍA MARÍTIMA Y CIENCIAS DEL MAR,Coordinador de vinculación con la sociedad,JEFATURA_SUPERVISION_OPERATIVA,False,,,GRADO,Oceanografía,2020-01-26,2021-02-24,395,False,False,False,False,DOCENTE,DOCENTE_NO_TITULAR_OCASIONAL,False
11509,86,FACULTAD DE INGENIERÍA MARÍTIMA Y CIENCIAS DEL MAR,Coordinador de vinculación con la sociedad,JEFATURA_SUPERVISION_OPERATIVA,False,,,GRADO,Oceanografía,2021-02-25,2021-12-12,290,False,False,False,False,DOCENTE,DOCENTE_NO_TITULAR_OCASIONAL,False
11509,86,FACULTAD DE INGENIERÍA MARÍTIMA Y CIENCIAS DEL MAR,Coordinador de programa de postgrado,JEFATURA_SUPERVISION_OPERATIVA,False,,,POSGRADO,Maestría en Manejo Costero Integrado,2021-04-15,2023-03-12,696,False,False,False,False,DOCENTE,DOCENTE_TITULAR_CARRERA,False
11509,86,FACULTAD DE INGENIERÍA MARÍTIMA Y CIENCIAS DEL MAR,Coordinador de programa de postgrado,JEFATURA_SUPERVISION_OPERATIVA,False,,,POSGRADO,Maestría en Manejo Costero Integrado,2021-04-26,2021-12-13,231,False,False,False,False,DOCENTE,DOCENTE_TITULAR_CARRERA,False
11509,86,FACULTAD DE INGENIERÍA MARÍTIMA Y CIENCIAS DEL MAR,Miembro del consejo politécnico,OTROS_AA,False,,,,,2021-11-22,2021-12-16,24,False,False,False,False,DOCENTE,DOCENTE_TITULAR_CARRERA,False
11509,86,FACULTAD DE INGENIERÍA MARÍTIMA Y CIENCIAS DEL MAR,Coordinador de vinculación con la sociedad,JEFATURA_SUPERVISION_OPERATIVA,False,,,GRADO,Oceanografía,2021-12-13,2022-03-13,90,False,False,False,False,DOCENTE,DOCENTE_TITULAR_CARRERA,False
11509,126,DECANATO DE VINCULACIÓN,Subrogación,OTROS_AA,True,Decano,AUTORIDAD_ACADEMICA_SUPERIOR,,,2022-03-14,2022-03-25,11,False,False,False,False,DOCENTE,DOCENTE_TITULAR_CARRERA,False
11509,86,FACULTAD DE INGENIERÍA MARÍTIMA Y CIENCIAS DEL MAR,Coordinador de vinculación con la sociedad,JEFATURA_SUPERVISION_OPERATIVA,False,,,GRADO,Oceanografía,2022-03-14,2024-02-16,704,False,False,False,False,DOCENTE,DOCENTE_TITULAR_CARRERA,False
11509,86,FACULTAD DE INGENIERÍA MARÍTIMA Y CIENCIAS DEL MAR,Coordinador de programa de postgrado,JEFATURA_SUPERVISION_OPERATIVA,False,,,POSGRADO,Maestría en Manejo Costero Integrado,2023-03-13,2024-02-29,353,False,False,False,False,DOCENTE,DOCENTE_TITULAR_CARRERA,False
11509,86,FACULTAD DE INGENIERÍA MARÍTIMA Y CIENCIAS DEL MAR,Coordinador de vinculación con la sociedad,JEFATURA_SUPERVISION_OPERATIVA,False,,,GRADO,Oceanografía,2024-02-19,2025-02-16,363,False,False,False,False,DOCENTE,DOCENTE_TITULAR_CARRERA,False
11509,86,FACULTAD DE INGENIERÍA MARÍTIMA Y CIENCIAS DEL MAR,Coordinador de programa de postgrado,JEFATURA_SUPERVISION_OPERATIVA,False,,,POSGRADO,Maestría en Manejo Costero Integrado,2024-03-01,2025-02-16,352,False,False,False,False,DOCENTE,DOCENTE_TITULAR_CARRERA,False
11509,86,FACULTAD DE INGENIERÍA MARÍTIMA Y CIENCIAS DEL MAR,Coordinador de prácticas empresariales,JEFATURA_SUPERVISION_OPERATIVA,False,,,GRADO,Oceanografía,2024-03-01,2023-11-21,0,False,True,False,False,DOCENTE,DOCENTE_TITULAR_CARRERA,False
11509,86,FACULTAD DE INGENIERÍA MARÍTIMA Y CIENCIAS DEL MAR,Coordinador de vinculación con la sociedad,JEFATURA_SUPERVISION_OPERATIVA,False,,,GRADO,Oceanografía,2024-03-01,2023-12-05,0,False,True,False,False,DOCENTE,DOCENTE_TITULAR_CARRERA,False
11509,86,FACULTAD DE INGENIERÍA MARÍTIMA Y CIENCIAS DEL MAR,Coordinador de programa de postgrado,JEFATURA_SUPERVISION_OPERATIVA,False,,,POSGRADO,Maestría en Manejo Costero Integrado,2025-02-17,2026-02-15,363,False,False,False,False,DOCENTE,DOCENTE_TITULAR_CARRERA,False
11509,86,FACULTAD DE INGENIERÍA MARÍTIMA Y CIENCIAS DEL MAR,Coordinador de vinculación con la sociedad,JEFATURA_SUPERVISION_OPERATIVA,False,,,GRADO,Oceanografía,2025-02-17,2027-02-13,726,False,False,False,False,DOCENTE,DOCENTE_TITULAR_CARRERA,False
11509,86,FACULTAD DE INGENIERÍA MARÍTIMA Y CIENCIAS DEL MAR,Miembro del consejo politécnico,OTROS_AA,False,,,,,2025-10-01,2025-11-13,43,False,False,False,False,DOCENTE,DOCENTE_TITULAR_CARRERA,False
11509,114,CENTRO INTERNACIONAL DEL PACÍFICO PARA LA REDUCCIÓN DEL RIESGO DE DESASTRES,Director,AUTORIDAD_ADMINISTRATIVA_SUPERIOR,False,,,,,2026-07-06,2026-07-06,0,False,False,False,False,DOCENTE,DOCENTE_TITULAR_CARRERA,False
11851,22,FACULTAD DE INGENIERÍA MECÁNICA Y CIENCIAS DE LA PRODUCCIÓN,Miembro del consejo directivo,OTROS_AA,False,,,,,2025-12-10,2028-12-09,1095,False,False,False,False,DOCENTE,DOCENTE_TITULAR_CARRERA,False
11859,17,FACULTAD DE CIENCIAS SOCIALES Y HUMANÍSTICAS,Coordinador de vinculación con la sociedad,JEFATURA_SUPERVISION_OPERATIVA,False,,,GRADO,Administración de Empresas,2025-09-15,,365,False,False,False,False,DOCENTE,DOCENTE_NO_TITULAR_OCASIONAL,False
11859,17,FACULTAD DE CIENCIAS SOCIALES Y HUMANÍSTICAS,Coordinador de vinculación con la sociedad,JEFATURA_SUPERVISION_OPERATIVA,False,,,GRADO,Turismo,2025-09-15,,365,False,False,True,False,DOCENTE,DOCENTE_NO_TITULAR_OCASIONAL,False
11918,27,ESCUELA DE DISEÑO Y COMUNICACIÓN VISUAL,Coordinador de prácticas empresariales,JEFATURA_SUPERVISION_OPERATIVA,False,,,GRADO,Producción para Medios de Comunicación,2017-03-20,2018-12-31,651,False,False,False,False,DOCENTE,DOCENTE_NO_TITULAR_OCASIONAL,False
11918,27,ESCUELA DE DISEÑO Y COMUNICACIÓN VISUAL,Coordinador de prácticas empresariales,JEFATURA_SUPERVISION_OPERATIVA,False,,,GRADO,Producción para Medios de Comunicación,2019-01-02,2019-01-23,21,False,False,False,False,DOCENTE,DOCENTE_NO_TITULAR_OCASIONAL,False
11918,88,"FACULTAD DE ARTE, DISEÑO Y COMUNICACIÓN AUDIOVISUAL",Coordinador de prácticas empresariales,JEFATURA_SUPERVISION_OPERATIVA,False,,,GRADO,Producción para Medios de Comunicación,2019-01-24,2020-02-21,393,False,False,False,False,DOCENTE,DOCENTE_NO_TITULAR_OCASIONAL,False
12411,61,FACULTAD DE CIENCIAS DE LA VIDA,Coordinador de carrera,JEFATURA_SUPERVISION_OPERATIVA,False,,,GRADO,Ingeniería Agrícola y Biológica,2019-10-12,2020-01-17,97,False,False,False,False,DOCENTE,DOCENTE_NO_TITULAR_OCASIONAL,False
12411,61,FACULTAD DE CIENCIAS DE LA VIDA,Coordinador de carrera,JEFATURA_SUPERVISION_OPERATIVA,False,,,GRADO,Ingeniería Agrícola y Biológica,2020-01-20,2020-03-08,48,False,False,False,False,DOCENTE,DOCENTE_NO_TITULAR_OCASIONAL,False
12411,61,FACULTAD DE CIENCIAS DE LA VIDA,Coordinador de carrera,JEFATURA_SUPERVISION_OPERATIVA,False,,,GRADO,Ingeniería Agrícola y Biológica,2020-06-15,2024-02-16,1341,False,False,False,False,DOCENTE,DOCENTE_NO_TITULAR_OCASIONAL,False
12411,61,FACULTAD DE CIENCIAS DE LA VIDA,Coordinador de prácticas empresariales,JEFATURA_SUPERVISION_OPERATIVA,False,,,GRADO,Ingeniería Agrícola y Biológica,2024-02-17,2024-04-09,52,False,False,False,False,DOCENTE,DOCENTE_TITULAR_CARRERA,False
12411,61,FACULTAD DE CIENCIAS DE LA VIDA,Coordinador de prácticas empresariales,JEFATURA_SUPERVISION_OPERATIVA,False,,,GRADO,Ingeniería Agrícola y Biológica,2024-04-10,2027-02-12,1038,False,False,False,False,DOCENTE,DOCENTE_TITULAR_CARRERA,False
12411,61,FACULTAD DE CIENCIAS DE LA VIDA,Coordinador de programa de postgrado,JEFATURA_SUPERVISION_OPERATIVA,False,,,POSGRADO,Maestría en Riego Tecnificado y Fertirrigación,2024-04-15,2024-07-22,98,False,False,False,False,DOCENTE,DOCENTE_TITULAR_CARRERA,False
12411,61,FACULTAD DE CIENCIAS DE LA VIDA,Coordinador de programa de postgrado,JEFATURA_SUPERVISION_OPERATIVA,False,,,POSGRADO,Maestría en Riego Tecnificado y Fertirrigación,2024-05-30,2024-12-31,215,False,False,False,False,DOCENTE,DOCENTE_TITULAR_CARRERA,False
12422,25,FACULTAD DE INGENIERÍA EN CIENCIAS DE LA TIERRA,Miembro del consejo directivo,OTROS_AA,False,,,,,2015-10-14,2018-10-13,1095,False,False,False,False,DOCENTE,DOCENTE_TITULAR_CARRERA,False
12422,25,FACULTAD DE INGENIERÍA EN CIENCIAS DE LA TIERRA,Subdecano,AUTORIDAD_ACADEMICA_SUPERIOR,False,,,,,2021-02-22,2022-11-12,628,False,False,False,False,DOCENTE,AUTORIDAD_ACADEMICA_SUPERIOR,True
12422,25,FACULTAD DE INGENIERÍA EN CIENCIAS DE LA TIERRA,Subrogación,OTROS_AA,True,Decano,AUTORIDAD_ACADEMICA_SUPERIOR,,,2021-03-15,2021-03-19,4,False,False,False,False,DOCENTE,AUTORIDAD_ACADEMICA_SUPERIOR,True
12422,25,FACULTAD DE INGENIERÍA EN CIENCIAS DE LA TIERRA,Subrogación,OTROS_AA,True,Decano,AUTORIDAD_ACADEMICA_SUPERIOR,,,2021-06-14,2021-06-18,4,False,False,False,False,DOCENTE,AUTORIDAD_ACADEMICA_SUPERIOR,True
12422,25,FACULTAD DE INGENIERÍA EN CIENCIAS DE LA TIERRA,Subrogación,OTROS_AA,True,Decano,AUTORIDAD_ACADEMICA_SUPERIOR,,,2021-09-27,2021-10-01,4,False,False,False,False,DOCENTE,AUTORIDAD_ACADEMICA_SUPERIOR,True
12422,25,FACULTAD DE INGENIERÍA EN CIENCIAS DE LA TIERRA,Subrogación,OTROS_AA,True,Decano,AUTORIDAD_ACADEMICA_SUPERIOR,,,2022-03-18,2022-03-25,7,False,False,False,False,DOCENTE,AUTORIDAD_ACADEMICA_SUPERIOR,True
12422,25,FACULTAD DE INGENIERÍA EN CIENCIAS DE LA TIERRA,Subrogación,OTROS_AA,True,Decano,AUTORIDAD_ACADEMICA_SUPERIOR,,,2022-03-28,2022-04-21,24,False,False,False,False,DOCENTE,AUTORIDAD_ACADEMICA_SUPERIOR,True
12422,25,FACULTAD DE INGENIERÍA EN CIENCIAS DE LA TIERRA,Subrogación,OTROS_AA,True,Decano,AUTORIDAD_ACADEMICA_SUPERIOR,,,2022-07-04,2022-07-12,8,False,False,False,False,DOCENTE,AUTORIDAD_ACADEMICA_SUPERIOR,True
12422,25,FACULTAD DE INGENIERÍA EN CIENCIAS DE LA TIERRA,Subrogación,OTROS_AA,True,Decano,AUTORIDAD_ACADEMICA_SUPERIOR,,,2022-09-02,2022-09-11,9,False,False,False,False,DOCENTE,AUTORIDAD_ACADEMICA_SUPERIOR,True
12422,25,FACULTAD DE INGENIERÍA EN CIENCIAS DE LA TIERRA,Subrogación,OTROS_AA,True,Decano,AUTORIDAD_ACADEMICA_SUPERIOR,,,2022-09-04,2022-09-11,7,False,False,False,False,DOCENTE,AUTORIDAD_ACADEMICA_SUPERIOR,True
12422,25,FACULTAD DE INGENIERÍA EN CIENCIAS DE LA TIERRA,Subrogación,OTROS_AA,True,Decano,AUTORIDAD_ACADEMICA_SUPERIOR,,,2022-09-15,2022-09-30,15,False,False,False,False,DOCENTE,AUTORIDAD_ACADEMICA_SUPERIOR,True
12422,25,FACULTAD DE INGENIERÍA EN CIENCIAS DE LA TIERRA,Subrogación,OTROS_AA,True,Decano,AUTORIDAD_ACADEMICA_SUPERIOR,,,2022-10-10,2022-10-16,6,False,False,False,False,DOCENTE,AUTORIDAD_ACADEMICA_SUPERIOR,True
12422,25,FACULTAD DE INGENIERÍA EN CIENCIAS DE LA TIERRA,Subrogación,OTROS_AA,True,Decano,AUTORIDAD_ACADEMICA_SUPERIOR,,,2022-10-30,2022-11-05,6,False,False,False,False,DOCENTE,AUTORIDAD_ACADEMICA_SUPERIOR,True
12422,25,FACULTAD DE INGENIERÍA EN CIENCIAS DE LA TIERRA,Decano,AUTORIDAD_ACADEMICA_SUPERIOR,False,,,,,2022-11-13,2025-08-31,1022,False,False,False,False,DOCENTE,AUTORIDAD_ACADEMICA_SUPERIOR,True
12422,126,DECANATO DE VINCULACIÓN,Subrogación,OTROS_AA,True,Decano,AUTORIDAD_ACADEMICA_SUPERIOR,,,2024-12-04,2024-12-08,4,False,False,False,False,DOCENTE,AUTORIDAD_ACADEMICA_SUPERIOR,True
12422,126,DECANATO DE VINCULACIÓN,Subrogación,OTROS_AA,True,Decano,AUTORIDAD_ACADEMICA_SUPERIOR,,,2025-01-06,2025-01-14,8,False,False,False,False,DOCENTE,AUTORIDAD_ACADEMICA_SUPERIOR,True
12422,126,DECANATO DE VINCULACIÓN,Subrogación,OTROS_AA,True,Decano,AUTORIDAD_ACADEMICA_SUPERIOR,,,2025-03-19,2025-03-20,1,False,False,False,False,DOCENTE,AUTORIDAD_ACADEMICA_SUPERIOR,True
12422,126,DECANATO DE VINCULACIÓN,Subrogación,OTROS_AA,True,Decano,AUTORIDAD_ACADEMICA_SUPERIOR,,,2025-11-02,2025-11-06,4,False,False,False,False,DOCENTE,DOCENTE_TITULAR_CARRERA,False
12422,126,DECANATO DE VINCULACIÓN,Subrogación,OTROS_AA,True,Decano,AUTORIDAD_ACADEMICA_SUPERIOR,,,2025-11-08,2025-11-22,14,False,False,False,False,DOCENTE,DOCENTE_TITULAR_CARRERA,False
12422,126,DECANATO DE VINCULACIÓN,Subrogación,OTROS_AA,True,Decano,AUTORIDAD_ACADEMICA_SUPERIOR,,,2026-01-05,2026-01-14,9,False,False,False,False,DOCENTE,DOCENTE_TITULAR_CARRERA,False
12422,138,DECANATO DE GRADO,Subrogación,OTROS_AA,True,Decano de grado,AUTORIDAD_ACADEMICA_SUPERIOR,,,2026-01-05,2026-01-14,9,False,False,False,False,DOCENTE,DOCENTE_TITULAR_CARRERA,False
12422,126,DECANATO DE VINCULACIÓN,Subrogación,OTROS_AA,True,Decano,AUTORIDAD_ACADEMICA_SUPERIOR,,,2026-01-27,2026-01-30,3,False,False,False,False,DOCENTE,DOCENTE_TITULAR_CARRERA,False
12422,126,DECANATO DE VINCULACIÓN,Subrogación,OTROS_AA,True,Decano,AUTORIDAD_ACADEMICA_SUPERIOR,,,2026-02-02,2026-02-13,11,False,False,False,False,DOCENTE,DOCENTE_TITULAR_CARRERA,False
12422,126,DECANATO DE VINCULACIÓN,Subrogación,OTROS_AA,True,Decano,AUTORIDAD_ACADEMICA_SUPERIOR,,,2026-03-13,2026-04-02,20,False,False,False,False,DOCENTE,AUTORIDAD_ACADEMICA_SUPERIOR,True
12422,138,DECANATO DE GRADO,Subrogación,OTROS_AA,True,Decano de grado,AUTORIDAD_ACADEMICA_SUPERIOR,,,2026-04-10,2026-04-17,7,False,False,False,False,DOCENTE,AUTORIDAD_ACADEMICA_SUPERIOR,True
12422,138,DECANATO DE GRADO,Subrogación,OTROS_AA,True,Decano de grado,AUTORIDAD_ACADEMICA_SUPERIOR,,,2026-05-15,2026-05-21,6,False,False,False,False,DOCENTE,AUTORIDAD_ACADEMICA_SUPERIOR,True
12422,138,DECANATO DE GRADO,Subrogación,OTROS_AA,True,Decano de grado,AUTORIDAD_ACADEMICA_SUPERIOR,,,2026-05-25,2026-05-31,6,False,False,False,False,DOCENTE,AUTORIDAD_ACADEMICA_SUPERIOR,True
12422,138,DECANATO DE GRADO,Subrogación,OTROS_AA,True,Decano de grado,AUTORIDAD_ACADEMICA_SUPERIOR,,,2026-06-22,2026-06-24,2,False,False,False,False,DOCENTE,AUTORIDAD_ACADEMICA_SUPERIOR,True
12422,146,UNIDAD DE FORMACIÓN TÉCNICA TECNOLÓGICA,Director,AUTORIDAD_ADMINISTRATIVA_SUPERIOR,False,,,,,2026-06-22,2026-06-24,2,False,False,False,False,DOCENTE,AUTORIDAD_ACADEMICA_SUPERIOR,False
12422,138,DECANATO DE GRADO,Subrogación,OTROS_AA,True,Decano de grado,AUTORIDAD_ACADEMICA_SUPERIOR,,,2026-07-01,2026-07-05,4,False,False,False,False,DOCENTE,AUTORIDAD_ACADEMICA_SUPERIOR,True
12422,138,DECANATO DE GRADO,Subrogación,OTROS_AA,True,Decano de grado,AUTORIDAD_ACADEMICA_SUPERIOR,,,2026-07-10,2026-07-10,0,False,False,False,False,DOCENTE,AUTORIDAD_ACADEMICA_SUPERIOR,True
12422,138,DECANATO DE GRADO,Subrogación,OTROS_AA,True,Decano de grado,AUTORIDAD_ACADEMICA_SUPERIOR,,,2026-07-12,2026-07-18,6,False,False,False,False,DOCENTE,AUTORIDAD_ACADEMICA_SUPERIOR,True
12422,138,DECANATO DE GRADO,Subrogación,OTROS_AA,True,Decano de grado,AUTORIDAD_ACADEMICA_SUPERIOR,,,2026-07-28,2026-08-03,6,False,False,False,False,DOCENTE,AUTORIDAD_ACADEMICA_SUPERIOR,True
12422,138,DECANATO DE GRADO,Subrogación,OTROS_AA,True,Decano de grado,AUTORIDAD_ACADEMICA_SUPERIOR,,,2026-09-07,2026-09-09,2,False,False,False,False,DOCENTE,DOCENTE_TITULAR_CARRERA,False
12781,22,FACULTAD DE INGENIERÍA MECÁNICA Y CIENCIAS DE LA PRODUCCIÓN,Coordinador de carrera,JEFATURA_SUPERVISION_OPERATIVA,False,,,GRADO,Alimentos,2023-08-21,2023-09-15,25,False,False,False,False,DOCENTE,DOCENTE_NO_TITULAR_OCASIONAL,False
13298,17,FACULTAD DE CIENCIAS SOCIALES Y HUMANÍSTICAS,Miembro del consejo directivo - trabajadores,OTROS_AA,False,,,,,2021-11-22,2023-11-21,729,False,False,False,False,ADMINISTRATIVO,AUXILIAR_AYUDANTE_OPERATIVO,False
13325,17,FACULTAD DE CIENCIAS SOCIALES Y HUMANÍSTICAS,Coordinador de vinculación con la sociedad,JEFATURA_SUPERVISION_OPERATIVA,False,,,GRADO,Economía,2017-04-10,2017-11-12,216,False,False,False,False,DOCENTE,DOCENTE_NO_TITULAR_OCASIONAL,False
13325,17,FACULTAD DE CIENCIAS SOCIALES Y HUMANÍSTICAS,Coordinador de vinculación con la sociedad,JEFATURA_SUPERVISION_OPERATIVA,False,,,GRADO,Economía,2017-11-13,2020-01-26,804,False,False,False,False,DOCENTE,DOCENTE_NO_TITULAR_OCASIONAL,False
13325,17,FACULTAD DE CIENCIAS SOCIALES Y HUMANÍSTICAS,Coordinador de vinculación con la sociedad,JEFATURA_SUPERVISION_OPERATIVA,False,,,GRADO,Economía,2020-01-27,2021-10-10,622,False,False,False,False,DOCENTE,DOCENTE_NO_TITULAR_OCASIONAL,False
13325,17,FACULTAD DE CIENCIAS SOCIALES Y HUMANÍSTICAS,Coordinador de vinculación con la sociedad,JEFATURA_SUPERVISION_OPERATIVA,False,,,GRADO,Auditoría y Control de Gestión,2020-02-22,2021-10-10,596,False,False,False,False,DOCENTE,DOCENTE_NO_TITULAR_OCASIONAL,False
13325,17,FACULTAD DE CIENCIAS SOCIALES Y HUMANÍSTICAS,Coordinador de carrera,JEFATURA_SUPERVISION_OPERATIVA,False,,,GRADO,Administración de Empresas,2021-09-25,2023-03-12,533,False,False,False,False,DOCENTE,DOCENTE_NO_TITULAR_OCASIONAL,False
13325,17,FACULTAD DE CIENCIAS SOCIALES Y HUMANÍSTICAS,Coordinador de vinculación con la sociedad,JEFATURA_SUPERVISION_OPERATIVA,False,,,GRADO,Auditoría y Control de Gestión,2023-03-13,2023-04-10,28,False,False,False,False,DOCENTE,DOCENTE_NO_TITULAR_OCASIONAL,False
13325,17,FACULTAD DE CIENCIAS SOCIALES Y HUMANÍSTICAS,Coordinador de vinculación con la sociedad,JEFATURA_SUPERVISION_OPERATIVA,False,,,GRADO,Economía,2023-03-13,2023-04-10,28,False,False,True,False,DOCENTE,DOCENTE_NO_TITULAR_OCASIONAL,False
13325,17,FACULTAD DE CIENCIAS SOCIALES Y HUMANÍSTICAS,Coordinador de vinculación con la sociedad,JEFATURA_SUPERVISION_OPERATIVA,False,,,GRADO,Auditoría y Control de Gestión,2023-04-11,2026-03-31,1085,False,False,False,False,DOCENTE,DOCENTE_NO_TITULAR_OCASIONAL,False
13325,17,FACULTAD DE CIENCIAS SOCIALES Y HUMANÍSTICAS,Coordinador de vinculación con la sociedad,JEFATURA_SUPERVISION_OPERATIVA,False,,,GRADO,Economía,2023-04-11,2026-03-31,1085,False,False,True,False,DOCENTE,DOCENTE_NO_TITULAR_OCASIONAL,False
13325,17,FACULTAD DE CIENCIAS SOCIALES Y HUMANÍSTICAS,Coordinador de carrera,JEFATURA_SUPERVISION_OPERATIVA,False,,,GRADO,Auditoría y Control de Gestión,2023-09-12,2024-03-10,180,False,False,False,False,DOCENTE,DOCENTE_NO_TITULAR_OCASIONAL,False
13325,17,FACULTAD DE CIENCIAS SOCIALES Y HUMANÍSTICAS,Coordinador de carrera,JEFATURA_SUPERVISION_OPERATIVA,False,,,GRADO,Auditoría y Control de Gestión,2026-04-01,,167,False,False,False,False,DOCENTE,DOCENTE_NO_TITULAR_OCASIONAL,False
13505,128,DIRECCIÓN DE SEGURIDAD Y CONTROL DE SISTEMAS,Subrogación,OTROS_AA,True,Director,AUTORIDAD_ADMINISTRATIVA_SUPERIOR,,,2024-12-26,2024-12-31,5,False,False,False,False,ADMINISTRATIVO,PROFESIONAL_ANALISTA,False
13532,61,FACULTAD DE CIENCIAS DE LA VIDA,Miembro del consejo directivo,OTROS_AA,False,,,,,2019-02-01,2022-01-31,1095,False,False,False,False,DOCENTE,DOCENTE_TITULAR_CARRERA,False
13532,61,FACULTAD DE CIENCIAS DE LA VIDA,Subrogación,OTROS_AA,True,Subdecano,AUTORIDAD_ACADEMICA_SUPERIOR,,,2019-03-11,2019-03-15,4,False,False,False,False,DOCENTE,DOCENTE_TITULAR_CARRERA,False
13532,61,FACULTAD DE CIENCIAS DE LA VIDA,Subrogación,OTROS_AA,True,Subdecano,AUTORIDAD_ACADEMICA_SUPERIOR,,,2021-03-03,2021-03-31,28,False,False,False,False,DOCENTE,DOCENTE_TITULAR_CARRERA,False
13532,37,CENTRO DE INVESTIGACIONES BIOTECNOLÓGICAS DEL ECUADOR,Director,AUTORIDAD_ADMINISTRATIVA_SUPERIOR,False,,,,,2023-03-11,2023-04-04,24,False,False,False,False,DOCENTE,DOCENTE_TITULAR_CARRERA,False
13532,37,CENTRO DE INVESTIGACIONES BIOTECNOLÓGICAS DEL ECUADOR,Director,AUTORIDAD_ADMINISTRATIVA_SUPERIOR,False,,,,,2023-12-14,2023-12-21,7,False,False,False,False,DOCENTE,DOCENTE_TITULAR_CARRERA,False
13532,37,CENTRO DE INVESTIGACIONES BIOTECNOLÓGICAS DEL ECUADOR,Director,AUTORIDAD_ADMINISTRATIVA_SUPERIOR,False,,,,,2024-04-15,2024-05-02,17,False,False,False,False,DOCENTE,DOCENTE_TITULAR_CARRERA,False
13532,61,FACULTAD DE CIENCIAS DE LA VIDA,Subrogación,OTROS_AA,True,Decano,AUTORIDAD_ACADEMICA_SUPERIOR,,,2024-09-17,2024-09-20,3,False,False,False,False,DOCENTE,AUTORIDAD_ACADEMICA_SUPERIOR,True
13532,61,FACULTAD DE CIENCIAS DE LA VIDA,Subrogación,OTROS_AA,True,Subdecano,AUTORIDAD_ACADEMICA_SUPERIOR,,,2024-11-05,2024-12-13,38,False,False,False,False,DOCENTE,DOCENTE_TITULAR_CARRERA,False
13532,61,FACULTAD DE CIENCIAS DE LA VIDA,Subrogación,OTROS_AA,True,Subdecano,AUTORIDAD_ACADEMICA_SUPERIOR,,,2024-12-20,2024-12-24,4,False,False,False,False,DOCENTE,DOCENTE_TITULAR_CARRERA,False
13532,61,FACULTAD DE CIENCIAS DE LA VIDA,Subrogación,OTROS_AA,True,Subdecano,AUTORIDAD_ACADEMICA_SUPERIOR,,,2025-01-28,2025-01-30,2,False,False,False,False,DOCENTE,DOCENTE_TITULAR_CARRERA,False
13532,61,FACULTAD DE CIENCIAS DE LA VIDA,Subrogación,OTROS_AA,True,Subdecano,AUTORIDAD_ACADEMICA_SUPERIOR,,,2025-02-04,2025-02-04,0,False,False,False,False,DOCENTE,DOCENTE_TITULAR_CARRERA,False
13532,61,FACULTAD DE CIENCIAS DE LA VIDA,Subrogación,OTROS_AA,True,Subdecano,AUTORIDAD_ACADEMICA_SUPERIOR,,,2025-02-17,2025-02-28,11,False,False,False,False,DOCENTE,DOCENTE_TITULAR_CARRERA,False
13532,61,FACULTAD DE CIENCIAS DE LA VIDA,Miembro del consejo politécnico,OTROS_AA,False,,,,,2025-05-01,2028-04-30,1095,False,False,False,False,DOCENTE,DOCENTE_TITULAR_CARRERA,False
13532,61,FACULTAD DE CIENCIAS DE LA VIDA,Subrogación,OTROS_AA,True,Subdecano,AUTORIDAD_ACADEMICA_SUPERIOR,,,2025-05-12,2025-05-16,4,False,False,False,False,DOCENTE,DOCENTE_TITULAR_CARRERA,False
13532,61,FACULTAD DE CIENCIAS DE LA VIDA,Subrogación,OTROS_AA,True,Subdecano,AUTORIDAD_ACADEMICA_SUPERIOR,,,2025-06-12,2025-06-24,12,False,False,False,False,DOCENTE,DOCENTE_TITULAR_CARRERA,False
13532,61,FACULTAD DE CIENCIAS DE LA VIDA,Subrogación,OTROS_AA,True,Subdecano,AUTORIDAD_ACADEMICA_SUPERIOR,,,2025-06-30,2025-07-04,4,False,False,False,False,DOCENTE,DOCENTE_TITULAR_CARRERA,False
13532,61,FACULTAD DE CIENCIAS DE LA VIDA,Subrogación,OTROS_AA,True,Decano,AUTORIDAD_ACADEMICA_SUPERIOR,,,2025-07-21,2025-07-24,3,False,False,False,False,DOCENTE,DOCENTE_TITULAR_CARRERA,False
13532,61,FACULTAD DE CIENCIAS DE LA VIDA,Subrogación,OTROS_AA,True,Subdecano,AUTORIDAD_ACADEMICA_SUPERIOR,,,2025-07-21,2025-07-24,3,False,False,True,False,DOCENTE,DOCENTE_TITULAR_CARRERA,False
13532,61,FACULTAD DE CIENCIAS DE LA VIDA,Subrogación,OTROS_AA,True,Subdecano,AUTORIDAD_ACADEMICA_SUPERIOR,,,2025-08-25,2025-08-29,4,False,False,False,False,DOCENTE,DOCENTE_TITULAR_CARRERA,False
13532,61,FACULTAD DE CIENCIAS DE LA VIDA,Subrogación,OTROS_AA,True,Subdecano,AUTORIDAD_ACADEMICA_SUPERIOR,,,2025-09-22,2025-09-25,3,False,False,False,False,DOCENTE,DOCENTE_TITULAR_CARRERA,False
13532,37,CENTRO DE INVESTIGACIONES BIOTECNOLÓGICAS DEL ECUADOR,Director,AUTORIDAD_ADMINISTRATIVA_SUPERIOR,False,,,,,2026-02-12,2026-02-13,1,False,False,False,False,DOCENTE,DOCENTE_TITULAR_CARRERA,False
13532,126,DECANATO DE VINCULACIÓN,Subrogación,OTROS_AA,True,Decano,AUTORIDAD_ACADEMICA_SUPERIOR,,,2026-07-12,2026-07-18,6,False,False,False,False,DOCENTE,AUTORIDAD_ACADEMICA_SUPERIOR,True
13532,61,FACULTAD DE CIENCIAS DE LA VIDA,Subrogación,OTROS_AA,True,Subdecano,AUTORIDAD_ACADEMICA_SUPERIOR,,,2026-08-26,2026-09-04,9,False,False,False,False,DOCENTE,AUTORIDAD_ACADEMICA_SUPERIOR,True
13532,126,DECANATO DE VINCULACIÓN,Subrogación,OTROS_AA,True,Decano,AUTORIDAD_ACADEMICA_SUPERIOR,,,2026-09-08,2026-09-11,3,False,False,False,False,DOCENTE,AUTORIDAD_ACADEMICA_SUPERIOR,True
13532,126,DECANATO DE VINCULACIÓN,Subrogación,OTROS_AA,True,Decano,AUTORIDAD_ACADEMICA_SUPERIOR,,,2026-09-14,2026-09-18,4,False,False,False,False,DOCENTE,AUTORIDAD_ACADEMICA_SUPERIOR,True
13622,6,AUDITORÍA INTERNA,Auditor,PROFESIONAL_ANALISTA,False,,,,,2017-11-01,2018-05-31,211,False,False,False,False,,,
13674,15,DEPARTAMENTO DE CIENCIAS QUIMICAS Y AMBIENTALES,Director departamento,AUTORIDAD_ADMINISTRATIVA_SUPERIOR,False,,,,,2014-09-10,2017-11-19,1166,False,False,False,False,DOCENTE,DOCENTE_TITULAR_CARRERA,False
13703,31,UNIDAD DE VINCULACIÓN CON LA SOCIEDAD,Subrogación,OTROS_AA,True,Director,AUTORIDAD_ADMINISTRATIVA_SUPERIOR,,,2020-10-12,2020-10-20,8,False,False,False,False,ADMINISTRATIVO,AUTORIDAD_ADMINISTRATIVA_SUPERIOR,True
13703,31,UNIDAD DE VINCULACIÓN CON LA SOCIEDAD,Subrogación,OTROS_AA,True,Director,AUTORIDAD_ADMINISTRATIVA_SUPERIOR,,,2021-03-01,2021-03-12,11,False,False,False,False,ADMINISTRATIVO,AUTORIDAD_ADMINISTRATIVA_SUPERIOR,True
13703,31,UNIDAD DE VINCULACIÓN CON LA SOCIEDAD,Subrogación,OTROS_AA,True,Director,AUTORIDAD_ADMINISTRATIVA_SUPERIOR,,,2021-05-03,2021-05-07,4,False,False,False,False,ADMINISTRATIVO,PROFESIONAL_ANALISTA,False
13703,116,UNIDAD DE VINCULACIÓN CON LA SOCIEDAD,Subrogación,OTROS_AA,True,Director,AUTORIDAD_ADMINISTRATIVA_SUPERIOR,,,2021-08-13,2021-08-13,0,False,False,False,False,ADMINISTRATIVO,PROFESIONAL_ANALISTA,False
13705,33,CENTRO DE DESARROLLO DE EMPRENDEDORES,Director,AUTORIDAD_ADMINISTRATIVA_SUPERIOR,False,,,,,2012-11-12,2017-11-12,1826,False,False,False,False,DOCENTE,DOCENTE_TITULAR_CARRERA,False
13705,33,CENTRO DE DESARROLLO DE EMPRENDEDORES,Director,AUTORIDAD_ADMINISTRATIVA_SUPERIOR,False,,,,,2017-11-13,2018-03-28,135,False,False,False,False,ADMINISTRATIVO,CONTRATO_SERVICIOS_PROFESIONALES_PROYECTO,False
13705,87,CENTRO DE EMPRENDIMIENTO E INNOVACIÓN I3LAB,Director,AUTORIDAD_ADMINISTRATIVA_SUPERIOR,False,,,,,2018-03-29,2024-03-07,2170,False,False,False,False,DOCENTE,DOCENTE_TITULAR_CARRERA,False
13705,87,CENTRO DE EMPRENDIMIENTO E INNOVACIÓN I3LAB,Director,AUTORIDAD_ADMINISTRATIVA_SUPERIOR,False,,,,,2024-03-29,2024-04-07,9,False,False,False,False,ADMINISTRATIVO,CONTRATO_SERVICIOS_PROFESIONALES_PROYECTO,False
13705,87,CENTRO DE EMPRENDIMIENTO E INNOVACIÓN I3LAB,Director,AUTORIDAD_ADMINISTRATIVA_SUPERIOR,False,,,,,2024-05-01,2025-02-16,291,False,False,False,False,DOCENTE,DOCENTE_TITULAR_CARRERA,False
13705,87,CENTRO DE EMPRENDIMIENTO E INNOVACIÓN I3LAB,Director,AUTORIDAD_ADMINISTRATIVA_SUPERIOR,False,,,,,2025-03-01,2025-03-16,15,False,False,False,False,ADMINISTRATIVO,CONTRATO_SERVICIOS_PROFESIONALES_PROYECTO,False
13705,87,CENTRO DE EMPRENDIMIENTO E INNOVACIÓN I3LAB,Director,AUTORIDAD_ADMINISTRATIVA_SUPERIOR,False,,,,,2025-03-29,2025-03-30,1,False,False,False,False,ADMINISTRATIVO,CONTRATO_SERVICIOS_PROFESIONALES_PROYECTO,False
13705,87,CENTRO DE EMPRENDIMIENTO E INNOVACIÓN I3LAB,Director,AUTORIDAD_ADMINISTRATIVA_SUPERIOR,False,,,,,2025-04-12,2025-06-22,71,False,False,False,False,ADMINISTRATIVO,CONTRATO_SERVICIOS_PROFESIONALES_PROYECTO,False
13705,87,CENTRO DE EMPRENDIMIENTO E INNOVACIÓN I3LAB,Director,AUTORIDAD_ADMINISTRATIVA_SUPERIOR,False,,,,,2025-07-05,2026-03-01,239,False,False,False,False,DOCENTE,DOCENTE_TITULAR_CARRERA,False
13705,87,CENTRO DE EMPRENDIMIENTO E INNOVACIÓN I3LAB,Director,AUTORIDAD_ADMINISTRATIVA_SUPERIOR,False,,,,,2026-03-21,2026-04-05,15,False,False,False,False,ADMINISTRATIVO,CONTRATO_SERVICIOS_PROFESIONALES_PROYECTO,False
13705,87,CENTRO DE EMPRENDIMIENTO E INNOVACIÓN I3LAB,Director,AUTORIDAD_ADMINISTRATIVA_SUPERIOR,False,,,,,2026-04-24,2026-06-02,39,False,False,False,False,ADMINISTRATIVO,CONTRATO_SERVICIOS_PROFESIONALES_PROYECTO,False
13705,87,CENTRO DE EMPRENDIMIENTO E INNOVACIÓN I3LAB,Director,AUTORIDAD_ADMINISTRATIVA_SUPERIOR,False,,,,,2026-06-09,2026-07-12,33,False,False,False,False,ADMINISTRATIVO,CONTRATO_SERVICIOS_PROFESIONALES_PROYECTO,False
13705,87,CENTRO DE EMPRENDIMIENTO E INNOVACIÓN I3LAB,Director,AUTORIDAD_ADMINISTRATIVA_SUPERIOR,False,,,,,2026-07-20,,57,False,False,False,False,ADMINISTRATIVO,CONTRATO_SERVICIOS_PROFESIONALES_PROYECTO,False
13708,44,CENTRO DE INVESTIGACIONES Y SERVICIOS EDUCATIVOS,Director,AUTORIDAD_ADMINISTRATIVA_SUPERIOR,False,,,,,2019-05-02,2020-07-31,456,False,False,False,False,ADMINISTRATIVO,AUTORIDAD_ADMINISTRATIVA_SUPERIOR,True
13779,17,FACULTAD DE CIENCIAS SOCIALES Y HUMANÍSTICAS,Coordinador de programa de postgrado,JEFATURA_SUPERVISION_OPERATIVA,False,,,POSGRADO,Maestría en Ciencias Económicas,2022-01-03,2026-08-04,1674,False,False,False,False,DOCENTE,DOCENTE_TITULAR_CARRERA,False
13897,27,ESCUELA DE DISEÑO Y COMUNICACIÓN VISUAL,Miembro del consejo directivo - trabajadores,OTROS_AA,False,,,,,2016-05-09,2018-05-08,729,False,False,False,False,ADMINISTRATIVO,ASISTENCIA_SECRETARIAL_OFICINA,False
13922,57,DIRECCIÓN DE SERVICIOS GENERALES,Director,AUTORIDAD_ADMINISTRATIVA_SUPERIOR,False,,,,,2016-01-01,2017-11-30,699,False,False,False,False,ADMINISTRATIVO,ASISTENCIA_SECRETARIAL_OFICINA,False
13922,57,DIRECCIÓN DE SERVICIOS GENERALES,Subrogación,OTROS_AA,True,Director,AUTORIDAD_ADMINISTRATIVA_SUPERIOR,,,2019-09-23,2019-09-26,3,False,False,False,False,ADMINISTRATIVO,AUTORIDAD_ADMINISTRATIVA_SUPERIOR,True
13922,57,DIRECCIÓN DE SERVICIOS GENERALES,Subrogación,OTROS_AA,True,Director,AUTORIDAD_ADMINISTRATIVA_SUPERIOR,,,2020-03-02,2020-03-13,11,False,False,False,False,ADMINISTRATIVO,AUTORIDAD_ADMINISTRATIVA_SUPERIOR,True
13922,57,DIRECCIÓN DE SERVICIOS GENERALES,Subrogación,OTROS_AA,True,Director,AUTORIDAD_ADMINISTRATIVA_SUPERIOR,,,2020-03-16,2020-03-29,13,False,False,False,False,ADMINISTRATIVO,AUTORIDAD_ADMINISTRATIVA_SUPERIOR,True
13922,57,DIRECCIÓN DE SERVICIOS GENERALES,Subrogación,OTROS_AA,True,Director,AUTORIDAD_ADMINISTRATIVA_SUPERIOR,,,2021-06-14,2021-06-21,7,False,False,False,False,ADMINISTRATIVO,AUTORIDAD_ADMINISTRATIVA_SUPERIOR,True
13922,57,DIRECCIÓN DE SERVICIOS GENERALES,Subrogación,OTROS_AA,True,Director,AUTORIDAD_ADMINISTRATIVA_SUPERIOR,,,2022-02-02,2022-02-11,9,False,False,False,False,ADMINISTRATIVO,ASISTENCIA_SECRETARIAL_OFICINA,False
13922,57,DIRECCIÓN DE SERVICIOS GENERALES,Subrogación,OTROS_AA,True,Director,AUTORIDAD_ADMINISTRATIVA_SUPERIOR,,,2022-03-02,2022-03-11,9,False,False,False,False,ADMINISTRATIVO,ASISTENCIA_SECRETARIAL_OFICINA,False
13922,57,DIRECCIÓN DE SERVICIOS GENERALES,Subrogación,OTROS_AA,True,Director,AUTORIDAD_ADMINISTRATIVA_SUPERIOR,,,2022-04-01,2022-04-08,7,False,False,False,False,ADMINISTRATIVO,ASISTENCIA_SECRETARIAL_OFICINA,False
13929,16,FACULTAD DE INGENIERÍA EN ELECTRICIDAD Y COMPUTACIÓN,Coordinador de acreditación internacional,JEFATURA_SUPERVISION_OPERATIVA,False,,,GRADO,Computación,2017-10-04,2018-09-20,351,False,False,False,False,DOCENTE,DOCENTE_NO_TITULAR_OCASIONAL,False
13929,16,FACULTAD DE INGENIERÍA EN ELECTRICIDAD Y COMPUTACIÓN,Coordinador de acreditación internacional,JEFATURA_SUPERVISION_OPERATIVA,False,,,GRADO,Computación,2017-11-20,2019-04-30,526,False,False,False,False,DOCENTE,DOCENTE_NO_TITULAR_OCASIONAL,False
13994,16,FACULTAD DE INGENIERÍA EN ELECTRICIDAD Y COMPUTACIÓN,Coordinador de carrera,JEFATURA_SUPERVISION_OPERATIVA,False,,,GRADO,Telecomunicaciones,2018-07-16,2024-02-18,2043,False,False,False,False,DOCENTE,DOCENTE_NO_TITULAR_OCASIONAL,False
13994,16,FACULTAD DE INGENIERÍA EN ELECTRICIDAD Y COMPUTACIÓN,Coordinador de prácticas empresariales,JEFATURA_SUPERVISION_OPERATIVA,False,,,GRADO,Telecomunicaciones,2024-05-13,2024-11-24,195,False,False,False,False,DOCENTE,DOCENTE_NO_TITULAR_OCASIONAL,False
13994,16,FACULTAD DE INGENIERÍA EN ELECTRICIDAD Y COMPUTACIÓN,Coordinador de vinculación con la sociedad,JEFATURA_SUPERVISION_OPERATIVA,False,,,GRADO,Telecomunicaciones,2024-11-25,,659,False,False,False,False,DOCENTE,DOCENTE_NO_TITULAR_OCASIONAL,False
14089,16,FACULTAD DE INGENIERÍA EN ELECTRICIDAD Y COMPUTACIÓN,Coordinador de carrera,JEFATURA_SUPERVISION_OPERATIVA,False,,,GRADO,Ciencia de Datos e Inteligencia Artificial,2024-09-02,2025-03-23,202,False,False,False,False,DOCENTE,DOCENTE_NO_TITULAR_OCASIONAL,False
14089,16,FACULTAD DE INGENIERÍA EN ELECTRICIDAD Y COMPUTACIÓN,Coordinador de carrera,JEFATURA_SUPERVISION_OPERATIVA,False,,,GRADO,Ciencia de Datos e Inteligencia Artificial,2026-09-10,,5,False,False,False,False,DOCENTE,DOCENTE_TITULAR_CARRERA,False
14089,16,FACULTAD DE INGENIERÍA EN ELECTRICIDAD Y COMPUTACIÓN,Coordinador de carrera,JEFATURA_SUPERVISION_OPERATIVA,False,,,GRADO,Ciencia de Datos e Inteligencia Artificial,2026-09-10,,5,False,False,True,False,DOCENTE,DOCENTE_TITULAR_CARRERA,False
14091,55,DIRECCIÓN DE TALENTO HUMANO,Director encargado,AUTORIDAD_ADMINISTRATIVA_SUPERIOR,False,,,,,2019-05-13,2019-06-13,31,False,False,False,False,ADMINISTRATIVO,PROFESIONAL_ANALISTA,False
14091,55,DIRECCIÓN DE TALENTO HUMANO,Director,AUTORIDAD_ADMINISTRATIVA_SUPERIOR,False,,,,,2020-07-16,2025-06-08,1788,False,False,False,False,ADMINISTRATIVO,PROFESIONAL_ANALISTA,False
14113,12,FACULTAD DE CIENCIAS NATURALES Y MATEMÁTICAS,Miembro del consejo directivo,OTROS_AA,False,,,,,2022-12-10,2025-12-09,1095,False,False,False,False,DOCENTE,DOCENTE_TITULAR_CARRERA,False
14153,93,DECANATO DE GRADO,Coordinador de área transversal institucional de docencia,JEFATURA_SUPERVISION_OPERATIVA,False,,,,,2021-03-15,2022-02-18,340,False,False,False,False,DOCENTE,DOCENTE_NO_TITULAR_OCASIONAL,False
14153,138,DECANATO DE GRADO,Coordinador de área transversal institucional de docencia,JEFATURA_SUPERVISION_OPERATIVA,False,,,,,2022-02-19,2022-12-31,315,False,False,False,False,DOCENTE,DOCENTE_NO_TITULAR_OCASIONAL,False
14153,138,DECANATO DE GRADO,Coordinador de área transversal institucional de docencia,JEFATURA_SUPERVISION_OPERATIVA,False,,,,,2022-12-21,2023-04-03,103,False,False,False,False,DOCENTE,DOCENTE_NO_TITULAR_OCASIONAL,False
14153,138,DECANATO DE GRADO,Coordinador de área transversal institucional de docencia,JEFATURA_SUPERVISION_OPERATIVA,False,,,,,2023-01-01,2022-12-20,0,False,True,False,False,,,
14155,16,FACULTAD DE INGENIERÍA EN ELECTRICIDAD Y COMPUTACIÓN,Coordinador de acreditación internacional,JEFATURA_SUPERVISION_OPERATIVA,False,,,GRADO,Electricidad,2023-04-26,2024-08-14,476,False,False,False,False,DOCENTE,DOCENTE_NO_TITULAR_OCASIONAL,False
14155,16,FACULTAD DE INGENIERÍA EN ELECTRICIDAD Y COMPUTACIÓN,Coordinador general de postgrado,JEFATURA_SUPERVISION_OPERATIVA,False,,,,,2025-10-01,2025-10-31,30,False,False,False,False,DOCENTE,DOCENTE_NO_TITULAR_OCASIONAL,False
14164,16,FACULTAD DE INGENIERÍA EN ELECTRICIDAD Y COMPUTACIÓN,Coordinador de programa de postgrado,JEFATURA_SUPERVISION_OPERATIVA,False,,,POSGRADO,Maestría en Ingeniería Biomédica,2026-05-01,,137,False,False,False,False,DOCENTE,DOCENTE_NO_TITULAR_OCASIONAL,False
14185,25,FACULTAD DE INGENIERÍA EN CIENCIAS DE LA TIERRA,Coordinador de prácticas empresariales,JEFATURA_SUPERVISION_OPERATIVA,False,,,GRADO,Geología,2017-03-15,,3471,False,False,False,False,DOCENTE,DOCENTE_NO_TITULAR_OCASIONAL,False
14185,25,FACULTAD DE INGENIERÍA EN CIENCIAS DE LA TIERRA,Coordinador de vinculación con la sociedad,JEFATURA_SUPERVISION_OPERATIVA,False,,,GRADO,Geología,2017-05-02,2017-11-05,187,False,False,False,False,DOCENTE,DOCENTE_NO_TITULAR_OCASIONAL,False
14185,25,FACULTAD DE INGENIERÍA EN CIENCIAS DE LA TIERRA,Coordinador de vinculación con la sociedad,JEFATURA_SUPERVISION_OPERATIVA,False,,,GRADO,Minas,2020-02-22,2024-03-24,1492,False,False,False,False,DOCENTE,DOCENTE_NO_TITULAR_OCASIONAL,False
14185,25,FACULTAD DE INGENIERÍA EN CIENCIAS DE LA TIERRA,Coordinador de área transversal institucional de docencia,JEFATURA_SUPERVISION_OPERATIVA,False,,,,,2024-03-18,2024-04-05,18,False,False,False,False,ADMINISTRATIVO,CONTRATO_SERVICIOS_PROFESIONALES_PROYECTO,False
14185,22,FACULTAD DE INGENIERÍA MECÁNICA Y CIENCIAS DE LA PRODUCCIÓN,Coordinador de vinculación con la sociedad,JEFATURA_SUPERVISION_OPERATIVA,False,,,GRADO,Tecnología Superior en Mecatrónica,2024-03-18,,911,False,False,False,False,DOCENTE,DOCENTE_NO_TITULAR_OCASIONAL,False
14185,25,FACULTAD DE INGENIERÍA EN CIENCIAS DE LA TIERRA,Coordinador de vinculación con la sociedad,JEFATURA_SUPERVISION_OPERATIVA,False,,,GRADO,Minas,2024-03-25,2027-02-12,1054,False,False,False,False,DOCENTE,DOCENTE_NO_TITULAR_OCASIONAL,False
14216,16,FACULTAD DE INGENIERÍA EN ELECTRICIDAD Y COMPUTACIÓN,Coordinador de prácticas empresariales,JEFATURA_SUPERVISION_OPERATIVA,False,,,GRADO,Electrónica y Automatización,2017-05-02,2017-09-22,143,False,False,False,False,DOCENTE,DOCENTE_NO_TITULAR_OCASIONAL,False
14261,22,FACULTAD DE INGENIERÍA MECÁNICA Y CIENCIAS DE LA PRODUCCIÓN,Coordinador de carrera,JEFATURA_SUPERVISION_OPERATIVA,False,,,GRADO,Mecánica,2018-09-28,2020-02-28,518,False,False,False,False,DOCENTE,DOCENTE_NO_TITULAR_OCASIONAL,False
14261,22,FACULTAD DE INGENIERÍA MECÁNICA Y CIENCIAS DE LA PRODUCCIÓN,Coordinador de prácticas empresariales,JEFATURA_SUPERVISION_OPERATIVA,False,,,GRADO,Mecánica,2025-02-17,2027-11-01,987,False,False,False,False,DOCENTE,DOCENTE_TITULAR_CARRERA,False
14264,53,CENTRO DE INFORMACIÓN BIBLIOTECARIA,Subrogación,OTROS_AA,True,Director,AUTORIDAD_ADMINISTRATIVA_SUPERIOR,,,2023-04-24,2023-04-28,4,False,False,False,False,ADMINISTRATIVO,PROFESIONAL_ANALISTA,False
14333,25,FACULTAD DE INGENIERÍA EN CIENCIAS DE LA TIERRA,Coordinador de vinculación con la sociedad,JEFATURA_SUPERVISION_OPERATIVA,False,,,GRADO,Geología,2021-09-16,2022-01-02,108,False,False,False,False,DOCENTE,DOCENTE_NO_TITULAR_OCASIONAL,False
14333,25,FACULTAD DE INGENIERÍA EN CIENCIAS DE LA TIERRA,Coordinador de carrera,JEFATURA_SUPERVISION_OPERATIVA,False,,,GRADO,Geología,2022-01-03,2025-09-02,1338,False,False,False,False,DOCENTE,DOCENTE_NO_TITULAR_OCASIONAL,False
14333,25,FACULTAD DE INGENIERÍA EN CIENCIAS DE LA TIERRA,Coordinador de programa de postgrado,JEFATURA_SUPERVISION_OPERATIVA,False,,,POSGRADO,Maestría en Geomática,2024-07-12,2028-09-30,1541,False,False,False,False,DOCENTE,DOCENTE_NO_TITULAR_OCASIONAL,False
14333,25,FACULTAD DE INGENIERÍA EN CIENCIAS DE LA TIERRA,Coordinador de acreditación internacional,JEFATURA_SUPERVISION_OPERATIVA,False,,,GRADO,Minas,2025-09-12,2025-10-29,47,False,False,False,False,DOCENTE,DOCENTE_NO_TITULAR_OCASIONAL,False
14333,25,FACULTAD DE INGENIERÍA EN CIENCIAS DE LA TIERRA,Coordinador de acreditación internacional,JEFATURA_SUPERVISION_OPERATIVA,False,,,GRADO,Minas,2025-10-30,2027-02-12,470,False,False,False,False,DOCENTE,DOCENTE_NO_TITULAR_OCASIONAL,False
14340,12,FACULTAD DE CIENCIAS NATURALES Y MATEMÁTICAS,Coordinador de carrera,JEFATURA_SUPERVISION_OPERATIVA,False,,,GRADO,Ingeniería Química,2019-03-01,2023-02-17,1449,False,False,False,False,DOCENTE,DOCENTE_NO_TITULAR_OCASIONAL,False
14340,12,FACULTAD DE CIENCIAS NATURALES Y MATEMÁTICAS,Coordinador de programa de postgrado,JEFATURA_SUPERVISION_OPERATIVA,False,,,POSGRADO,Maestría en Gestión Ambiental,2020-12-07,2022-12-31,754,False,False,False,False,DOCENTE,DOCENTE_NO_TITULAR_OCASIONAL,False
14340,112,AJÁ PARQUE DE LA CIENCIA,Director,AUTORIDAD_ADMINISTRATIVA_SUPERIOR,False,,,,,2026-04-08,2026-04-08,0,False,False,False,False,DOCENTE,DOCENTE_NO_TITULAR_OCASIONAL,False
14340,112,AJÁ PARQUE DE LA CIENCIA,Director,AUTORIDAD_ADMINISTRATIVA_SUPERIOR,False,,,,,2026-04-08,2026-05-08,30,False,False,False,False,DOCENTE,DOCENTE_NO_TITULAR_OCASIONAL,False
14397,22,FACULTAD DE INGENIERÍA MECÁNICA Y CIENCIAS DE LA PRODUCCIÓN,Coordinador general de postgrado,JEFATURA_SUPERVISION_OPERATIVA,False,,,,,2024-01-02,2024-03-31,89,False,False,False,False,,,
14397,22,FACULTAD DE INGENIERÍA MECÁNICA Y CIENCIAS DE LA PRODUCCIÓN,Coordinador general de postgrado,JEFATURA_SUPERVISION_OPERATIVA,False,,,,,2024-04-01,2024-12-31,274,False,False,False,False,,,
14397,22,FACULTAD DE INGENIERÍA MECÁNICA Y CIENCIAS DE LA PRODUCCIÓN,Coordinador general de postgrado,JEFATURA_SUPERVISION_OPERATIVA,False,,,,,2025-01-06,2025-12-31,359,False,False,False,False,,,
14397,22,FACULTAD DE INGENIERÍA MECÁNICA Y CIENCIAS DE LA PRODUCCIÓN,Coordinador general de postgrado,JEFATURA_SUPERVISION_OPERATIVA,False,,,,,2026-01-05,,253,False,False,False,False,,,
14435,25,FACULTAD DE INGENIERÍA EN CIENCIAS DE LA TIERRA,Coordinador de prácticas empresariales,JEFATURA_SUPERVISION_OPERATIVA,False,,,GRADO,Ingeniería Civil,2017-02-13,,3501,False,False,False,False,,,
14435,25,FACULTAD DE INGENIERÍA EN CIENCIAS DE LA TIERRA,Coordinador de prácticas empresariales,JEFATURA_SUPERVISION_OPERATIVA,False,,,GRADO,Ingeniería Civil,2017-07-03,2018-05-07,308,False,False,False,False,,,
14435,25,FACULTAD DE INGENIERÍA EN CIENCIAS DE LA TIERRA,Coordinador de acreditación internacional,JEFATURA_SUPERVISION_OPERATIVA,False,,,GRADO,Ingeniería Civil,2018-05-02,2019-06-24,418,False,False,False,False,,,
14464,22,FACULTAD DE INGENIERÍA MECÁNICA Y CIENCIAS DE LA PRODUCCIÓN,Coordinador de programa de postgrado,JEFATURA_SUPERVISION_OPERATIVA,False,,,POSGRADO,Maestría en Simulación y Diseño,2025-01-08,2026-02-13,401,False,False,False,False,DOCENTE,DOCENTE_NO_TITULAR_OCASIONAL,False
14464,22,FACULTAD DE INGENIERÍA MECÁNICA Y CIENCIAS DE LA PRODUCCIÓN,Coordinador de programa de postgrado,JEFATURA_SUPERVISION_OPERATIVA,False,,,POSGRADO,Maestría en Simulación y Diseño,2026-02-18,,209,False,False,False,False,DOCENTE,DOCENTE_NO_TITULAR_OCASIONAL,False
14623,22,FACULTAD DE INGENIERÍA MECÁNICA Y CIENCIAS DE LA PRODUCCIÓN,Coordinador de prácticas empresariales,JEFATURA_SUPERVISION_OPERATIVA,False,,,GRADO,Alimentos,2019-04-01,2019-09-20,172,False,False,False,False,ADMINISTRATIVO,CONTRATO_SERVICIOS_PROFESIONALES_PROYECTO,False
14710,35,CENTRO DE PROMOCIÓN Y EMPLEO,Subrogación,OTROS_AA,True,Director,AUTORIDAD_ADMINISTRATIVA_SUPERIOR,,,2020-03-12,2020-06-03,83,False,False,False,False,ADMINISTRATIVO,AUTORIDAD_ADMINISTRATIVA_SUPERIOR,True
21772,16,FACULTAD DE INGENIERÍA EN ELECTRICIDAD Y COMPUTACIÓN,Coordinador de vinculación con la sociedad,JEFATURA_SUPERVISION_OPERATIVA,False,,,GRADO,Licenciatura en Sistemas de Información (FIEC),2019-09-02,2020-02-23,174,False,False,False,False,DOCENTE,DOCENTE_NO_TITULAR_OCASIONAL,False
22053,48,GERENCIA DE TECNOLOGÍAS Y SISTEMAS DE INFORMACIÓN,Gerente,AUTORIDAD_ADMINISTRATIVA_SUPERIOR,False,,,,,2014-05-15,2017-11-13,1278,False,False,False,False,,,
22053,48,GERENCIA DE TECNOLOGÍAS Y SISTEMAS DE INFORMACIÓN,Gerente,AUTORIDAD_ADMINISTRATIVA_SUPERIOR,False,,,,,2017-11-14,2018-06-30,228,False,False,False,False,,,
22233,16,FACULTAD DE INGENIERÍA EN ELECTRICIDAD Y COMPUTACIÓN,Coordinador de vinculación con la sociedad,JEFATURA_SUPERVISION_OPERATIVA,False,,,GRADO,Licenciatura en Sistemas de Información (FIEC),2017-05-02,2017-09-22,143,False,False,False,False,DOCENTE,DOCENTE_NO_TITULAR_OCASIONAL,False
22233,16,FACULTAD DE INGENIERÍA EN ELECTRICIDAD Y COMPUTACIÓN,Coordinador de vinculación con la sociedad,JEFATURA_SUPERVISION_OPERATIVA,False,,,GRADO,Licenciatura en Sistemas de Información (FIEC),2017-10-04,2019-01-15,468,False,False,False,False,DOCENTE,DOCENTE_NO_TITULAR_OCASIONAL,False
22233,16,FACULTAD DE INGENIERÍA EN ELECTRICIDAD Y COMPUTACIÓN,Coordinador de vinculación con la sociedad,JEFATURA_SUPERVISION_OPERATIVA,False,,,GRADO,Licenciatura en Sistemas de Información (FIEC),2019-01-16,2019-09-01,228,False,False,False,False,DOCENTE,DOCENTE_NO_TITULAR_OCASIONAL,False
23552,25,FACULTAD DE INGENIERÍA EN CIENCIAS DE LA TIERRA,Coordinador de prácticas empresariales,JEFATURA_SUPERVISION_OPERATIVA,False,,,GRADO,Ingeniería Civil,2017-03-15,2017-07-02,109,False,False,False,False,DOCENTE,DOCENTE_NO_TITULAR_OCASIONAL,False
24479,12,FACULTAD DE CIENCIAS NATURALES Y MATEMÁTICAS,Coordinador de vinculación con la sociedad,JEFATURA_SUPERVISION_OPERATIVA,False,,,GRADO,Logistica y Transporte,2021-02-22,2025-10-30,1711,False,False,False,False,DOCENTE,DOCENTE_NO_TITULAR_OCASIONAL,False
24479,12,FACULTAD DE CIENCIAS NATURALES Y MATEMÁTICAS,Coordinador de programa de postgrado,JEFATURA_SUPERVISION_OPERATIVA,False,,,POSGRADO,Maestría en Ingeniería de Transporte y Movilidad Sostenible,2025-05-23,,480,False,False,False,False,DOCENTE,DOCENTE_NO_TITULAR_OCASIONAL,False
24479,12,FACULTAD DE CIENCIAS NATURALES Y MATEMÁTICAS,Coordinador de vinculación con la sociedad,JEFATURA_SUPERVISION_OPERATIVA,False,,,GRADO,Logistica y Transporte,2025-10-31,,319,False,False,False,False,DOCENTE,DOCENTE_NO_TITULAR_OCASIONAL,False
24526,25,FACULTAD DE INGENIERÍA EN CIENCIAS DE LA TIERRA,Coordinador de prácticas empresariales,JEFATURA_SUPERVISION_OPERATIVA,False,,,GRADO,Ingeniería Civil,2017-02-13,,3501,False,False,False,False,DOCENTE,DOCENTE_NO_TITULAR_OCASIONAL,False
24526,25,FACULTAD DE INGENIERÍA EN CIENCIAS DE LA TIERRA,Coordinador de vinculación con la sociedad,JEFATURA_SUPERVISION_OPERATIVA,False,,,GRADO,Ingeniería Civil,2017-03-24,2017-07-16,114,False,False,False,False,DOCENTE,DOCENTE_NO_TITULAR_OCASIONAL,False
25170,61,FACULTAD DE CIENCIAS DE LA VIDA,Coordinador de vinculación con la sociedad,JEFATURA_SUPERVISION_OPERATIVA,False,,,GRADO,Biología,2019-01-31,2020-01-19,353,False,False,False,False,DOCENTE,DOCENTE_NO_TITULAR_OCASIONAL,False
25170,61,FACULTAD DE CIENCIAS DE LA VIDA,Coordinador de vinculación con la sociedad,JEFATURA_SUPERVISION_OPERATIVA,False,,,GRADO,Biología,2020-01-20,2026-06-05,2328,False,False,False,False,DOCENTE,DOCENTE_NO_TITULAR_OCASIONAL,False
25170,61,FACULTAD DE CIENCIAS DE LA VIDA,Coordinador de carrera,JEFATURA_SUPERVISION_OPERATIVA,False,,,GRADO,Biología,2023-03-02,2025-11-06,980,False,False,False,False,DOCENTE,DOCENTE_NO_TITULAR_OCASIONAL,False
25170,61,FACULTAD DE CIENCIAS DE LA VIDA,Coordinador de carrera,JEFATURA_SUPERVISION_OPERATIVA,False,,,GRADO,Biología,2023-05-08,2023-03-22,0,False,True,False,False,DOCENTE,DOCENTE_NO_TITULAR_OCASIONAL,False
25170,61,FACULTAD DE CIENCIAS DE LA VIDA,Coordinador de carrera,JEFATURA_SUPERVISION_OPERATIVA,False,,,GRADO,Biología,2025-11-07,2026-06-05,210,False,False,False,False,DOCENTE,DOCENTE_NO_TITULAR_OCASIONAL,False
25565,25,FACULTAD DE INGENIERÍA EN CIENCIAS DE LA TIERRA,Coordinador de acreditación internacional,JEFATURA_SUPERVISION_OPERATIVA,False,,,GRADO,Ingeniería Civil,2018-01-16,2018-05-01,105,False,False,False,False,DOCENTE,DOCENTE_NO_TITULAR_OCASIONAL,False
25565,51,GERENCIA DE INFRAESTRUCTURA FÍSICA,Gerente,AUTORIDAD_ADMINISTRATIVA_SUPERIOR,False,,,,,2020-02-12,2023-10-01,1327,False,False,False,False,DOCENTE,DOCENTE_TITULAR_CARRERA,False
25630,57,DIRECCIÓN DE SERVICIOS GENERALES,Director,AUTORIDAD_ADMINISTRATIVA_SUPERIOR,False,,,,,2017-12-01,2018-10-31,334,False,False,False,False,,,
25856,27,ESCUELA DE DISEÑO Y COMUNICACIÓN VISUAL,Miembro del consejo directivo,OTROS_AA,False,,,,,2017-01-27,2019-01-23,726,False,False,False,False,DOCENTE,DOCENTE_TITULAR_CARRERA,False
25856,88,"FACULTAD DE ARTE, DISEÑO Y COMUNICACIÓN AUDIOVISUAL",Miembro del consejo directivo,OTROS_AA,False,,,,,2019-01-24,2020-01-26,367,False,False,False,False,DOCENTE,DOCENTE_TITULAR_CARRERA,False
25856,88,"FACULTAD DE ARTE, DISEÑO Y COMUNICACIÓN AUDIOVISUAL",Miembro del consejo directivo,OTROS_AA,False,,,,,2019-12-10,2022-12-09,1095,False,False,False,False,DOCENTE,DOCENTE_TITULAR_CARRERA,False
26171,22,FACULTAD DE INGENIERÍA MECÁNICA Y CIENCIAS DE LA PRODUCCIÓN,Coordinador de vinculación con la sociedad,JEFATURA_SUPERVISION_OPERATIVA,False,,,GRADO,Materiales,2022-04-04,2025-02-14,1047,False,False,False,False,DOCENTE,TECNICO_DOCENTE_APOYO,False
26207,51,GERENCIA DE INFRAESTRUCTURA FÍSICA,Subrogación,OTROS_AA,True,Gerente,AUTORIDAD_ADMINISTRATIVA_SUPERIOR,,,2022-11-18,2022-11-26,8,False,False,False,False,ADMINISTRATIVO,AUTORIDAD_ADMINISTRATIVA_SUPERIOR,True
26207,51,GERENCIA DE INFRAESTRUCTURA FÍSICA,Subrogación,OTROS_AA,True,Gerente,AUTORIDAD_ADMINISTRATIVA_SUPERIOR,,,2023-05-12,2023-05-18,6,False,False,False,False,ADMINISTRATIVO,PROFESIONAL_ANALISTA,False
26207,51,GERENCIA DE INFRAESTRUCTURA FÍSICA,Subrogación,OTROS_AA,True,Gerente,AUTORIDAD_ADMINISTRATIVA_SUPERIOR,,,2023-09-08,2023-09-08,0,False,False,False,False,ADMINISTRATIVO,AUTORIDAD_ADMINISTRATIVA_SUPERIOR,True
26207,51,GERENCIA DE INFRAESTRUCTURA FÍSICA,Subrogación,OTROS_AA,True,Gerente,AUTORIDAD_ADMINISTRATIVA_SUPERIOR,,,2024-02-19,2024-03-01,11,False,False,False,False,ADMINISTRATIVO,PROFESIONAL_ANALISTA,False
26207,51,GERENCIA DE INFRAESTRUCTURA FÍSICA,Subrogación,OTROS_AA,True,Gerente,AUTORIDAD_ADMINISTRATIVA_SUPERIOR,,,2024-03-06,2024-03-08,2,False,False,False,False,ADMINISTRATIVO,PROFESIONAL_ANALISTA,False
26207,51,GERENCIA DE INFRAESTRUCTURA FÍSICA,Subrogación,OTROS_AA,True,Gerente,AUTORIDAD_ADMINISTRATIVA_SUPERIOR,,,2024-12-23,2025-01-08,16,False,False,False,False,ADMINISTRATIVO,PROFESIONAL_ANALISTA,False
28061,87,CENTRO DE EMPRENDIMIENTO E INNOVACIÓN I3LAB,Director,AUTORIDAD_ADMINISTRATIVA_SUPERIOR,False,,,,,2024-04-08,2024-04-30,22,False,False,False,False,DOCENTE,DOCENTE_NO_TITULAR_OCASIONAL,False
28563,8,GERENCIA DE RELACIONES INTERNACIONALES,Gerente,AUTORIDAD_ADMINISTRATIVA_SUPERIOR,False,,,,,2015-03-02,2017-11-12,986,False,False,False,False,,,
28957,61,FACULTAD DE CIENCIAS DE LA VIDA,Coordinador de acreditación internacional,JEFATURA_SUPERVISION_OPERATIVA,False,,,GRADO,Biología,2017-04-10,2018-03-01,325,False,False,False,False,DOCENTE,DOCENTE_NO_TITULAR_OCASIONAL,False
29289,11,"FACULTAD DE INGENIERIA MARÍTIMA, CIENCIAS BIOLÓGICAS, OCEÁNICAS Y RECURSOS NATURALES",Coordinador de prácticas empresariales,JEFATURA_SUPERVISION_OPERATIVA,False,,,GRADO,Turismo,2017-03-16,2018-04-10,390,False,False,False,False,DOCENTE,DOCENTE_TITULAR_CARRERA,False
29289,17,FACULTAD DE CIENCIAS SOCIALES Y HUMANÍSTICAS,Coordinador de vinculación con la sociedad,JEFATURA_SUPERVISION_OPERATIVA,False,,,GRADO,Turismo,2017-03-22,2018-03-31,374,False,False,False,False,DOCENTE,DOCENTE_TITULAR_CARRERA,False
29537,88,"FACULTAD DE ARTE, DISEÑO Y COMUNICACIÓN AUDIOVISUAL",Coordinador de programa de postgrado,JEFATURA_SUPERVISION_OPERATIVA,False,,,POSGRADO,Maestría en Diseño y Gestión de Marcas,2017-08-01,2017-12-31,152,False,False,False,False,DOCENTE,DOCENTE_NO_TITULAR_OCASIONAL,False
29537,88,"FACULTAD DE ARTE, DISEÑO Y COMUNICACIÓN AUDIOVISUAL",Coordinador general de postgrado,JEFATURA_SUPERVISION_OPERATIVA,False,,,,,2020-01-01,2022-12-31,1095,False,False,False,False,DOCENTE,DOCENTE_NO_TITULAR_OCASIONAL,False
29537,88,"FACULTAD DE ARTE, DISEÑO Y COMUNICACIÓN AUDIOVISUAL",Coordinador de carrera,JEFATURA_SUPERVISION_OPERATIVA,False,,,GRADO,Diseño de Productos,2021-10-16,2022-02-18,125,False,False,False,False,DOCENTE,DOCENTE_NO_TITULAR_OCASIONAL,False
29537,88,"FACULTAD DE ARTE, DISEÑO Y COMUNICACIÓN AUDIOVISUAL",Coordinador de carrera,JEFATURA_SUPERVISION_OPERATIVA,False,,,GRADO,Diseño de Productos,2022-02-19,2025-02-14,1091,False,False,False,False,DOCENTE,DOCENTE_TITULAR_CARRERA,False
29537,88,"FACULTAD DE ARTE, DISEÑO Y COMUNICACIÓN AUDIOVISUAL",Coordinador de carrera,JEFATURA_SUPERVISION_OPERATIVA,False,,,GRADO,Diseño de Productos,2025-03-10,2026-02-13,340,False,False,False,False,DOCENTE,DOCENTE_TITULAR_CARRERA,False
29537,88,"FACULTAD DE ARTE, DISEÑO Y COMUNICACIÓN AUDIOVISUAL",Coordinador de carrera,JEFATURA_SUPERVISION_OPERATIVA,False,,,GRADO,Diseño de Productos,2025-05-05,2024-11-26,0,False,True,False,False,DOCENTE,DOCENTE_TITULAR_CARRERA,False
29537,88,"FACULTAD DE ARTE, DISEÑO Y COMUNICACIÓN AUDIOVISUAL",Miembro del consejo directivo,OTROS_AA,False,,,,,2025-12-10,2028-12-09,1095,False,False,False,False,DOCENTE,DOCENTE_TITULAR_CARRERA,False
29537,88,"FACULTAD DE ARTE, DISEÑO Y COMUNICACIÓN AUDIOVISUAL",Coordinador de carrera,JEFATURA_SUPERVISION_OPERATIVA,False,,,GRADO,Diseño de Productos,2026-02-14,2027-02-12,363,False,False,False,False,DOCENTE,DOCENTE_TITULAR_CARRERA,False
30492,22,FACULTAD DE INGENIERÍA MECÁNICA Y CIENCIAS DE LA PRODUCCIÓN,Coordinador de vinculación con la sociedad,JEFATURA_SUPERVISION_OPERATIVA,False,,,GRADO,Ingeniería Industrial,2020-10-01,2023-05-12,953,False,False,False,False,DOCENTE,DOCENTE_NO_TITULAR_OCASIONAL,False
30492,22,FACULTAD DE INGENIERÍA MECÁNICA Y CIENCIAS DE LA PRODUCCIÓN,Coordinador general de postgrado,JEFATURA_SUPERVISION_OPERATIVA,False,,,,,2021-02-13,2021-02-28,15,False,False,False,False,DOCENTE,DOCENTE_NO_TITULAR_OCASIONAL,False
30492,22,FACULTAD DE INGENIERÍA MECÁNICA Y CIENCIAS DE LA PRODUCCIÓN,Coordinador de programa de postgrado,JEFATURA_SUPERVISION_OPERATIVA,False,,,POSGRADO,Maestría en Seguridad y Salud Ocupacional,2023-02-01,2024-02-01,365,False,False,False,False,DOCENTE,DOCENTE_NO_TITULAR_OCASIONAL,False
30492,22,FACULTAD DE INGENIERÍA MECÁNICA Y CIENCIAS DE LA PRODUCCIÓN,Coordinador general de postgrado,JEFATURA_SUPERVISION_OPERATIVA,False,,,,,2023-03-09,2023-03-31,22,False,False,False,False,DOCENTE,DOCENTE_NO_TITULAR_OCASIONAL,False
30492,22,FACULTAD DE INGENIERÍA MECÁNICA Y CIENCIAS DE LA PRODUCCIÓN,Coordinador de acreditación internacional,JEFATURA_SUPERVISION_OPERATIVA,False,,,POSGRADO,Maestría en Gerencia de Seguridad y Salud en el Trabajo,2023-05-16,2023-05-16,0,False,False,False,False,DOCENTE,DOCENTE_CONTRATADO_SERVICIOS_CIVILES,False
30492,22,FACULTAD DE INGENIERÍA MECÁNICA Y CIENCIAS DE LA PRODUCCIÓN,Coordinador de programa de postgrado,JEFATURA_SUPERVISION_OPERATIVA,False,,,POSGRADO,Maestría en Gerencia de Seguridad y Salud en el Trabajo,2023-05-16,2024-05-16,366,False,False,False,False,DOCENTE,DOCENTE_NO_TITULAR_OCASIONAL,False
30492,22,FACULTAD DE INGENIERÍA MECÁNICA Y CIENCIAS DE LA PRODUCCIÓN,Coordinador de programa de postgrado,JEFATURA_SUPERVISION_OPERATIVA,False,,,POSGRADO,Maestría en Seguridad y Salud Ocupacional,2024-02-02,2026-02-13,742,False,False,False,False,DOCENTE,DOCENTE_NO_TITULAR_OCASIONAL,False
30492,22,FACULTAD DE INGENIERÍA MECÁNICA Y CIENCIAS DE LA PRODUCCIÓN,Coordinador de carrera,JEFATURA_SUPERVISION_OPERATIVA,False,,,GRADO,Ingeniería Industrial,2024-09-09,2027-11-01,1148,False,False,False,False,DOCENTE,DOCENTE_NO_TITULAR_OCASIONAL,False
30492,22,FACULTAD DE INGENIERÍA MECÁNICA Y CIENCIAS DE LA PRODUCCIÓN,Coordinador de programa de postgrado,JEFATURA_SUPERVISION_OPERATIVA,False,,,POSGRADO,Maestría en Gerencia de Seguridad y Salud en el Trabajo,2026-02-18,,209,False,False,False,False,DOCENTE,DOCENTE_NO_TITULAR_OCASIONAL,False
30492,22,FACULTAD DE INGENIERÍA MECÁNICA Y CIENCIAS DE LA PRODUCCIÓN,Coordinador de programa de postgrado,JEFATURA_SUPERVISION_OPERATIVA,False,,,POSGRADO,Maestría en Seguridad y Salud Ocupacional,2026-02-18,,209,False,False,True,False,DOCENTE,DOCENTE_NO_TITULAR_OCASIONAL,False
33100,12,FACULTAD DE CIENCIAS NATURALES Y MATEMÁTICAS,Coordinador de vinculación con la sociedad,JEFATURA_SUPERVISION_OPERATIVA,False,,,GRADO,Estadística,2017-04-06,2018-04-05,364,False,False,False,False,DOCENTE,DOCENTE_NO_TITULAR_OCASIONAL,False
33100,12,FACULTAD DE CIENCIAS NATURALES Y MATEMÁTICAS,Coordinador de vinculación con la sociedad,JEFATURA_SUPERVISION_OPERATIVA,False,,,GRADO,Estadística,2019-05-06,2022-09-30,1243,False,False,False,False,DOCENTE,DOCENTE_NO_TITULAR_OCASIONAL,False
35095,88,"FACULTAD DE ARTE, DISEÑO Y COMUNICACIÓN AUDIOVISUAL",Coordinador de programa de postgrado,JEFATURA_SUPERVISION_OPERATIVA,False,,,POSGRADO,Maestría en Postproducción Digital Audiovisual,2019-01-02,2020-05-11,495,False,False,False,False,DOCENTE,DOCENTE_NO_TITULAR_OCASIONAL,False
35095,88,"FACULTAD DE ARTE, DISEÑO Y COMUNICACIÓN AUDIOVISUAL",Coordinador de programa de postgrado,JEFATURA_SUPERVISION_OPERATIVA,False,,,POSGRADO,Maestría en Postproducción Digital Audiovisual,2022-03-15,2022-11-28,258,False,False,False,False,DOCENTE,DOCENTE_NO_TITULAR_OCASIONAL,False
35095,88,"FACULTAD DE ARTE, DISEÑO Y COMUNICACIÓN AUDIOVISUAL",Coordinador de programa de postgrado,JEFATURA_SUPERVISION_OPERATIVA,False,,,POSGRADO,Maestría en Postproducción Digital Audiovisual,2023-01-03,2023-06-30,178,False,False,False,False,DOCENTE,DOCENTE_NO_TITULAR_OCASIONAL,False
35095,88,"FACULTAD DE ARTE, DISEÑO Y COMUNICACIÓN AUDIOVISUAL",Coordinador de programa de postgrado,JEFATURA_SUPERVISION_OPERATIVA,False,,,POSGRADO,Maestría en Postproducción Digital Audiovisual,2023-07-01,2024-11-10,498,False,False,False,False,DOCENTE,DOCENTE_NO_TITULAR_OCASIONAL,False
35095,88,"FACULTAD DE ARTE, DISEÑO Y COMUNICACIÓN AUDIOVISUAL",Coordinador de programa de postgrado,JEFATURA_SUPERVISION_OPERATIVA,False,,,POSGRADO,Maestría en Comunicación de Marca Transmedia,2024-11-11,2025-12-31,415,False,False,False,False,DOCENTE,DOCENTE_NO_TITULAR_OCASIONAL,False
35095,88,"FACULTAD DE ARTE, DISEÑO Y COMUNICACIÓN AUDIOVISUAL",Coordinador de programa de postgrado,JEFATURA_SUPERVISION_OPERATIVA,False,,,POSGRADO,Maestría en Comunicación de Marca Transmedia,2026-01-05,2026-05-31,146,False,False,False,False,DOCENTE,DOCENTE_NO_TITULAR_OCASIONAL,False
35095,88,"FACULTAD DE ARTE, DISEÑO Y COMUNICACIÓN AUDIOVISUAL",Coordinador de carrera,JEFATURA_SUPERVISION_OPERATIVA,False,,,GRADO,Producción para Medios de Comunicación,2026-05-11,,127,False,False,False,False,DOCENTE,DOCENTE_NO_TITULAR_OCASIONAL,False
35472,17,FACULTAD DE CIENCIAS SOCIALES Y HUMANÍSTICAS,Coordinador de carrera,JEFATURA_SUPERVISION_OPERATIVA,False,,,GRADO,Turismo,2017-01-08,2018-03-30,446,False,False,False,False,DOCENTE,DOCENTE_NO_TITULAR_OCASIONAL,False
35472,20,DEPARTAMENTO DE HUMANIDADES,Director departamento,AUTORIDAD_ADMINISTRATIVA_SUPERIOR,False,,,,,2018-04-02,2020-01-06,644,False,False,False,False,DOCENTE,DOCENTE_NO_TITULAR_OCASIONAL,False
36586,22,FACULTAD DE INGENIERÍA MECÁNICA Y CIENCIAS DE LA PRODUCCIÓN,Coordinador de prácticas empresariales,JEFATURA_SUPERVISION_OPERATIVA,False,,,GRADO,Mecánica,2018-01-19,2018-10-08,262,False,False,False,False,DOCENTE,DOCENTE_TITULAR_CARRERA,False
36586,22,FACULTAD DE INGENIERÍA MECÁNICA Y CIENCIAS DE LA PRODUCCIÓN,Miembro del consejo directivo,OTROS_AA,False,,,,,2019-12-10,2021-04-15,492,False,False,False,False,DOCENTE,DOCENTE_TITULAR_CARRERA,False
36586,22,FACULTAD DE INGENIERÍA MECÁNICA Y CIENCIAS DE LA PRODUCCIÓN,Miembro del consejo directivo,OTROS_AA,False,,,,,2020-01-02,2020-01-27,25,False,False,False,False,DOCENTE,DOCENTE_TITULAR_CARRERA,False
36586,22,FACULTAD DE INGENIERÍA MECÁNICA Y CIENCIAS DE LA PRODUCCIÓN,Subrogación,OTROS_AA,True,Subdecano,AUTORIDAD_ACADEMICA_SUPERIOR,,,2021-01-11,2021-01-11,0,False,False,False,False,DOCENTE,DOCENTE_TITULAR_CARRERA,False
36586,22,FACULTAD DE INGENIERÍA MECÁNICA Y CIENCIAS DE LA PRODUCCIÓN,Subrogación,OTROS_AA,True,Subdecano,AUTORIDAD_ACADEMICA_SUPERIOR,,,2021-04-05,2021-04-09,4,False,False,False,False,DOCENTE,DOCENTE_TITULAR_CARRERA,False
36586,22,FACULTAD DE INGENIERÍA MECÁNICA Y CIENCIAS DE LA PRODUCCIÓN,Coordinador de programa de postgrado,JEFATURA_SUPERVISION_OPERATIVA,False,,,POSGRADO,Maestría en Ingeniería y Administración de la Manufactura,2025-01-08,2026-02-13,401,False,False,False,False,DOCENTE,DOCENTE_TITULAR_CARRERA,False
36586,22,FACULTAD DE INGENIERÍA MECÁNICA Y CIENCIAS DE LA PRODUCCIÓN,Coordinador de programa de postgrado,JEFATURA_SUPERVISION_OPERATIVA,False,,,POSGRADO,Maestría en Ingeniería y Administración de la Manufactura,2026-02-18,,209,False,False,False,False,DOCENTE,DOCENTE_TITULAR_CARRERA,False
36586,22,FACULTAD DE INGENIERÍA MECÁNICA Y CIENCIAS DE LA PRODUCCIÓN,Subrogación,OTROS_AA,True,Subdecano,AUTORIDAD_ACADEMICA_SUPERIOR,,,2026-04-26,2026-04-30,4,False,False,False,False,DOCENTE,DOCENTE_TITULAR_CARRERA,False
37082,61,FACULTAD DE CIENCIAS DE LA VIDA,Coordinador de programa de postgrado,JEFATURA_SUPERVISION_OPERATIVA,False,,,POSGRADO,Maestría en Desarrollo Rural,2019-01-29,2020-01-05,341,False,False,False,False,DOCENTE,DOCENTE_NO_TITULAR_OCASIONAL,False
37082,17,FACULTAD DE CIENCIAS SOCIALES Y HUMANÍSTICAS,Coordinador de programa de postgrado,JEFATURA_SUPERVISION_OPERATIVA,False,,,POSGRADO,Maestría en Desarrollo Rural,2021-05-05,2023-10-31,909,False,False,False,False,DOCENTE,DOCENTE_NO_TITULAR_OCASIONAL,False
37182,17,FACULTAD DE CIENCIAS SOCIALES Y HUMANÍSTICAS,Coordinador de programa de postgrado,JEFATURA_SUPERVISION_OPERATIVA,False,,,POSGRADO,Maestría en Enseñanza de Inglés como Idioma Extranjero,2024-11-06,2024-11-06,0,False,False,False,False,DOCENTE,DOCENTE_NO_TITULAR_OCASIONAL,False
37182,17,FACULTAD DE CIENCIAS SOCIALES Y HUMANÍSTICAS,Coordinador de programa de postgrado,JEFATURA_SUPERVISION_OPERATIVA,False,,,POSGRADO,Maestría en Enseñanza de Inglés Como Lengua Extranjera,2024-11-06,,678,False,False,False,False,DOCENTE,DOCENTE_NO_TITULAR_OCASIONAL,False
38281,88,"FACULTAD DE ARTE, DISEÑO Y COMUNICACIÓN AUDIOVISUAL",Coordinador de carrera,JEFATURA_SUPERVISION_OPERATIVA,False,,,GRADO,Diseño Gráfico,2020-10-01,2021-02-19,141,False,False,False,False,DOCENTE,DOCENTE_NO_TITULAR_OCASIONAL,False
38282,88,"FACULTAD DE ARTE, DISEÑO Y COMUNICACIÓN AUDIOVISUAL",Coordinador de programa de postgrado,JEFATURA_SUPERVISION_OPERATIVA,False,,,POSGRADO,Maestría en Arte para Animación y Videojuegos,2026-01-22,,236,False,False,False,False,DOCENTE,DOCENTE_NO_TITULAR_OCASIONAL,False
38858,27,ESCUELA DE DISEÑO Y COMUNICACIÓN VISUAL,Coordinador de vinculación con la sociedad,JEFATURA_SUPERVISION_OPERATIVA,False,,,GRADO,Producción para Medios de Comunicación,2017-03-20,2018-02-05,322,False,False,False,False,DOCENTE,DOCENTE_TITULAR_CARRERA,False
38858,27,ESCUELA DE DISEÑO Y COMUNICACIÓN VISUAL,Miembro del consejo directivo,OTROS_AA,False,,,,,2017-06-14,2019-01-23,588,False,False,False,False,DOCENTE,DOCENTE_TITULAR_CARRERA,False
38858,88,"FACULTAD DE ARTE, DISEÑO Y COMUNICACIÓN AUDIOVISUAL",Miembro del consejo directivo,OTROS_AA,False,,,,,2017-06-14,2020-06-13,1095,False,False,False,False,DOCENTE,DOCENTE_TITULAR_CARRERA,False
38858,88,"FACULTAD DE ARTE, DISEÑO Y COMUNICACIÓN AUDIOVISUAL",Miembro del consejo politécnico,OTROS_AA,False,,,,,2019-08-22,2022-08-21,1095,False,False,False,False,DOCENTE,DOCENTE_TITULAR_CARRERA,False
38858,88,"FACULTAD DE ARTE, DISEÑO Y COMUNICACIÓN AUDIOVISUAL",Coordinador de acreditación internacional,JEFATURA_SUPERVISION_OPERATIVA,False,,,GRADO,Diseño Gráfico,2020-03-12,2021-02-19,344,False,False,False,False,DOCENTE,DOCENTE_TITULAR_CARRERA,False
38858,88,"FACULTAD DE ARTE, DISEÑO Y COMUNICACIÓN AUDIOVISUAL",Coordinador de acreditación internacional,JEFATURA_SUPERVISION_OPERATIVA,False,,,GRADO,Producción para Medios de Comunicación,2020-03-12,2021-02-19,344,False,False,True,False,DOCENTE,DOCENTE_TITULAR_CARRERA,False
38858,88,"FACULTAD DE ARTE, DISEÑO Y COMUNICACIÓN AUDIOVISUAL",Coordinador de acreditación internacional,JEFATURA_SUPERVISION_OPERATIVA,False,,,GRADO,Diseño Gráfico,2021-03-15,2022-02-18,340,False,False,False,False,DOCENTE,DOCENTE_TITULAR_CARRERA,False
38858,88,"FACULTAD DE ARTE, DISEÑO Y COMUNICACIÓN AUDIOVISUAL",Coordinador de acreditación internacional,JEFATURA_SUPERVISION_OPERATIVA,False,,,GRADO,Producción para Medios de Comunicación,2021-03-15,2022-02-18,340,False,False,True,False,DOCENTE,DOCENTE_TITULAR_CARRERA,False
38858,88,"FACULTAD DE ARTE, DISEÑO Y COMUNICACIÓN AUDIOVISUAL",Miembro del consejo politécnico,OTROS_AA,False,,,,,2022-09-01,2025-08-31,1095,False,False,False,False,DOCENTE,DOCENTE_TITULAR_CARRERA,False
38858,88,"FACULTAD DE ARTE, DISEÑO Y COMUNICACIÓN AUDIOVISUAL",Coordinador de vinculación con la sociedad,JEFATURA_SUPERVISION_OPERATIVA,False,,,GRADO,Diseño Gráfico,2023-01-03,2024-01-03,365,False,False,False,False,DOCENTE,DOCENTE_TITULAR_CARRERA,False
38858,88,"FACULTAD DE ARTE, DISEÑO Y COMUNICACIÓN AUDIOVISUAL",Coordinador de vinculación con la sociedad,JEFATURA_SUPERVISION_OPERATIVA,False,,,GRADO,Diseño Gráfico,2024-01-04,2024-02-29,56,False,False,False,False,DOCENTE,DOCENTE_TITULAR_CARRERA,False
38996,16,FACULTAD DE INGENIERÍA EN ELECTRICIDAD Y COMPUTACIÓN,Coordinador de carrera,JEFATURA_SUPERVISION_OPERATIVA,False,,,GRADO,Computación,2018-05-07,,3053,False,False,False,False,DOCENTE,DOCENTE_NO_TITULAR_OCASIONAL,False
38996,16,FACULTAD DE INGENIERÍA EN ELECTRICIDAD Y COMPUTACIÓN,Coordinador de programa de postgrado,JEFATURA_SUPERVISION_OPERATIVA,False,,,POSGRADO,Maestría en Sistemas de Información Gerencial,2025-01-02,,621,False,False,False,False,DOCENTE,DOCENTE_NO_TITULAR_OCASIONAL,False
39214,61,FACULTAD DE CIENCIAS DE LA VIDA,Coordinador de acreditación internacional,JEFATURA_SUPERVISION_OPERATIVA,False,,,GRADO,Ingeniería Agrícola y Biológica,2017-04-10,2018-03-01,325,False,False,False,False,DOCENTE,DOCENTE_TITULAR_CARRERA,False
39214,61,FACULTAD DE CIENCIAS DE LA VIDA,Coordinador de acreditación internacional,JEFATURA_SUPERVISION_OPERATIVA,False,,,GRADO,Ingeniería Agrícola y Biológica,2018-03-02,2019-09-22,569,False,False,False,False,DOCENTE,DOCENTE_TITULAR_CARRERA,False
39214,61,FACULTAD DE CIENCIAS DE LA VIDA,Coordinador de prácticas empresariales,JEFATURA_SUPERVISION_OPERATIVA,False,,,GRADO,Ingeniería Agrícola y Biológica,2022-11-24,2022-11-25,1,False,False,False,False,DOCENTE,DOCENTE_TITULAR_CARRERA,False
39214,61,FACULTAD DE CIENCIAS DE LA VIDA,Coordinador de prácticas empresariales,JEFATURA_SUPERVISION_OPERATIVA,False,,,GRADO,Ingeniería Agrícola y Biológica,2023-01-01,2023-01-02,1,False,False,False,False,DOCENTE,DOCENTE_TITULAR_CARRERA,False
39214,61,FACULTAD DE CIENCIAS DE LA VIDA,Coordinador de prácticas empresariales,JEFATURA_SUPERVISION_OPERATIVA,False,,,GRADO,Ingeniería Agrícola y Biológica,2023-01-01,2023-10-01,273,False,False,False,False,DOCENTE,DOCENTE_TITULAR_CARRERA,False
39214,54,GERENCIA ADMINISTRATIVA,Gerente,AUTORIDAD_ADMINISTRATIVA_SUPERIOR,False,,,,,2023-10-02,2024-12-15,440,False,False,False,False,DOCENTE,DOCENTE_TITULAR_CARRERA,False
39214,61,FACULTAD DE CIENCIAS DE LA VIDA,Coordinador de carrera,JEFATURA_SUPERVISION_OPERATIVA,False,,,GRADO,Ingeniería Agrícola y Biológica,2025-02-14,2026-02-13,364,False,False,False,False,DOCENTE,DOCENTE_TITULAR_CARRERA,False
39214,61,FACULTAD DE CIENCIAS DE LA VIDA,Subrogación,OTROS_AA,True,Subdecano,AUTORIDAD_ACADEMICA_SUPERIOR,,,2025-03-05,2025-03-25,20,False,False,False,False,DOCENTE,DOCENTE_TITULAR_CARRERA,False
39214,61,FACULTAD DE CIENCIAS DE LA VIDA,Subrogación,OTROS_AA,True,Subdecano,AUTORIDAD_ACADEMICA_SUPERIOR,,,2025-04-14,2025-04-29,15,False,False,False,False,DOCENTE,DOCENTE_TITULAR_CARRERA,False
39214,61,FACULTAD DE CIENCIAS DE LA VIDA,Coordinador de carrera,JEFATURA_SUPERVISION_OPERATIVA,False,,,GRADO,Ingeniería Agrícola y Biológica,2026-02-15,,212,False,False,False,False,DOCENTE,DOCENTE_TITULAR_CARRERA,False
39214,26,ESCUELA DE POSTGRADO EN ADMINISTRACIÓN DE EMPRESAS,Coordinador de programa de postgrado,JEFATURA_SUPERVISION_OPERATIVA,False,,,POSGRADO,Maestría en Agronegocios Sostenibles,2026-03-02,,197,False,False,False,False,DOCENTE,DOCENTE_TITULAR_CARRERA,False
39214,26,ESCUELA DE POSTGRADO EN ADMINISTRACIÓN DE EMPRESAS,Subrogación,OTROS_AA,True,Subdecano,AUTORIDAD_ACADEMICA_SUPERIOR,,,2026-03-09,2026-03-18,9,False,False,False,False,DOCENTE,AUTORIDAD_ACADEMICA_SUPERIOR,True
39214,26,ESCUELA DE POSTGRADO EN ADMINISTRACIÓN DE EMPRESAS,Subrogación,OTROS_AA,True,Decano,AUTORIDAD_ACADEMICA_SUPERIOR,,,2026-04-13,2026-04-17,4,False,False,False,False,DOCENTE,AUTORIDAD_ACADEMICA_SUPERIOR,True
39214,26,ESCUELA DE POSTGRADO EN ADMINISTRACIÓN DE EMPRESAS,Subrogación,OTROS_AA,True,Subdecano,AUTORIDAD_ACADEMICA_SUPERIOR,,,2026-05-25,2026-05-30,5,False,False,False,False,DOCENTE,AUTORIDAD_ACADEMICA_SUPERIOR,True
39214,26,ESCUELA DE POSTGRADO EN ADMINISTRACIÓN DE EMPRESAS,Subrogación,OTROS_AA,True,Subdecano,AUTORIDAD_ACADEMICA_SUPERIOR,,,2026-07-12,2026-07-17,5,False,False,False,False,DOCENTE,AUTORIDAD_ACADEMICA_SUPERIOR,True
39413,17,FACULTAD DE CIENCIAS SOCIALES Y HUMANÍSTICAS,Miembro del consejo directivo,OTROS_AA,False,,,,,2024-10-15,2027-10-14,1094,False,False,False,False,DOCENTE,DOCENTE_TITULAR_CARRERA,False
39413,17,FACULTAD DE CIENCIAS SOCIALES Y HUMANÍSTICAS,Miembro del consejo directivo,OTROS_AA,False,,,,,2024-11-22,2027-11-21,1094,False,False,False,False,DOCENTE,DOCENTE_TITULAR_CARRERA,False
39413,17,FACULTAD DE CIENCIAS SOCIALES Y HUMANÍSTICAS,Coordinador de carrera,JEFATURA_SUPERVISION_OPERATIVA,False,,,GRADO,Administración de Empresas,2026-04-14,,154,False,False,False,False,DOCENTE,DOCENTE_TITULAR_CARRERA,False
39899,12,FACULTAD DE CIENCIAS NATURALES Y MATEMÁTICAS,Coordinador de acreditación internacional,JEFATURA_SUPERVISION_OPERATIVA,False,,,GRADO,Estadística,2019-05-06,2019-05-06,0,False,False,False,False,,,
39899,12,FACULTAD DE CIENCIAS NATURALES Y MATEMÁTICAS,Coordinador de carrera,JEFATURA_SUPERVISION_OPERATIVA,False,,,GRADO,Estadística,2019-05-07,2019-09-10,126,False,False,False,False,,,
40210,86,FACULTAD DE INGENIERÍA MARÍTIMA Y CIENCIAS DEL MAR,Coordinador de acreditación internacional,JEFATURA_SUPERVISION_OPERATIVA,False,,,GRADO,Oceanografía,2022-09-24,2023-07-03,282,False,False,False,False,DOCENTE,DOCENTE_NO_TITULAR_OCASIONAL,False
40210,86,FACULTAD DE INGENIERÍA MARÍTIMA Y CIENCIAS DEL MAR,Coordinador de carrera,JEFATURA_SUPERVISION_OPERATIVA,False,,,GRADO,Oceanografía,2023-06-12,2024-02-16,249,False,False,False,False,DOCENTE,DOCENTE_NO_TITULAR_OCASIONAL,False
40210,86,FACULTAD DE INGENIERÍA MARÍTIMA Y CIENCIAS DEL MAR,Coordinador de acreditación internacional,JEFATURA_SUPERVISION_OPERATIVA,False,,,GRADO,Oceanografía,2023-07-04,2024-02-16,227,False,False,False,False,DOCENTE,DOCENTE_NO_TITULAR_OCASIONAL,False
40210,86,FACULTAD DE INGENIERÍA MARÍTIMA Y CIENCIAS DEL MAR,Coordinador de prácticas empresariales,JEFATURA_SUPERVISION_OPERATIVA,False,,,GRADO,Oceanografía,2024-02-19,2025-02-16,363,False,False,False,False,DOCENTE,DOCENTE_NO_TITULAR_OCASIONAL,False
40210,86,FACULTAD DE INGENIERÍA MARÍTIMA Y CIENCIAS DEL MAR,Coordinador de acreditación internacional,JEFATURA_SUPERVISION_OPERATIVA,False,,,GRADO,Oceanografía,2024-02-19,2025-02-16,363,False,False,False,False,DOCENTE,DOCENTE_NO_TITULAR_OCASIONAL,False
40210,86,FACULTAD DE INGENIERÍA MARÍTIMA Y CIENCIAS DEL MAR,Coordinador de acreditación internacional,JEFATURA_SUPERVISION_OPERATIVA,False,,,GRADO,Oceanografía,2024-03-01,2024-02-29,0,False,True,False,False,DOCENTE,DOCENTE_NO_TITULAR_OCASIONAL,False
40210,86,FACULTAD DE INGENIERÍA MARÍTIMA Y CIENCIAS DEL MAR,Coordinador de prácticas empresariales,JEFATURA_SUPERVISION_OPERATIVA,False,,,GRADO,Oceanografía,2024-03-01,2023-12-05,0,False,True,False,False,,,
40210,86,FACULTAD DE INGENIERÍA MARÍTIMA Y CIENCIAS DEL MAR,Coordinador de acreditación internacional,JEFATURA_SUPERVISION_OPERATIVA,False,,,GRADO,Oceanografía,2025-02-17,2027-02-13,726,False,False,False,False,DOCENTE,DOCENTE_NO_TITULAR_OCASIONAL,False
40210,86,FACULTAD DE INGENIERÍA MARÍTIMA Y CIENCIAS DEL MAR,Coordinador de prácticas empresariales,JEFATURA_SUPERVISION_OPERATIVA,False,,,GRADO,Oceanografía,2025-02-17,2027-02-13,726,False,False,False,False,DOCENTE,DOCENTE_NO_TITULAR_OCASIONAL,False
41004,17,FACULTAD DE CIENCIAS SOCIALES Y HUMANÍSTICAS,Coordinador de vinculación con la sociedad,JEFATURA_SUPERVISION_OPERATIVA,False,,,GRADO,Arqueología,2024-03-11,2025-02-14,340,False,False,False,False,DOCENTE,TECNICO_DOCENTE_APOYO,False
41411,17,FACULTAD DE CIENCIAS SOCIALES Y HUMANÍSTICAS,Coordinador de vinculación con la sociedad,JEFATURA_SUPERVISION_OPERATIVA,False,,,GRADO,Auditoría y Control de Gestión,2019-05-13,2020-02-21,284,False,False,False,False,DOCENTE,DOCENTE_HONORARIO_ESPECIAL,False
41411,17,FACULTAD DE CIENCIAS SOCIALES Y HUMANÍSTICAS,Coordinador de vinculación con la sociedad,JEFATURA_SUPERVISION_OPERATIVA,False,,,GRADO,Auditoría y Control de Gestión,2022-03-14,2022-03-13,0,False,True,False,False,DOCENTE,DOCENTE_NO_TITULAR_OCASIONAL,False
41411,17,FACULTAD DE CIENCIAS SOCIALES Y HUMANÍSTICAS,Coordinador de vinculación con la sociedad,JEFATURA_SUPERVISION_OPERATIVA,False,,,GRADO,Auditoría y Control de Gestión,2022-03-14,2023-02-17,340,False,False,False,False,DOCENTE,DOCENTE_NO_TITULAR_OCASIONAL,False
41411,17,FACULTAD DE CIENCIAS SOCIALES Y HUMANÍSTICAS,Coordinador de vinculación con la sociedad,JEFATURA_SUPERVISION_OPERATIVA,False,,,GRADO,Economía,2022-03-14,2022-03-13,0,False,True,True,False,DOCENTE,DOCENTE_NO_TITULAR_OCASIONAL,False
41411,17,FACULTAD DE CIENCIAS SOCIALES Y HUMANÍSTICAS,Coordinador de vinculación con la sociedad,JEFATURA_SUPERVISION_OPERATIVA,False,,,GRADO,Economía,2022-03-14,2023-02-17,340,False,False,True,False,DOCENTE,DOCENTE_NO_TITULAR_OCASIONAL,False
41494,25,FACULTAD DE INGENIERÍA EN CIENCIAS DE LA TIERRA,Coordinador de acreditación internacional,JEFATURA_SUPERVISION_OPERATIVA,False,,,GRADO,Ingeniería Civil,2017-08-18,2017-11-30,104,False,False,False,False,DOCENTE,DOCENTE_NO_TITULAR_OCASIONAL,False
43101,88,"FACULTAD DE ARTE, DISEÑO Y COMUNICACIÓN AUDIOVISUAL",Coordinador de programa de postgrado,JEFATURA_SUPERVISION_OPERATIVA,False,,,POSGRADO,Maestría en Postproducción Digital Audiovisual,2024-11-11,2025-12-31,415,False,False,False,False,DOCENTE,DOCENTE_NO_TITULAR_OCASIONAL,False
43101,88,"FACULTAD DE ARTE, DISEÑO Y COMUNICACIÓN AUDIOVISUAL",Coordinador de programa de postgrado,JEFATURA_SUPERVISION_OPERATIVA,False,,,POSGRADO,Maestría en Postproducción Digital Audiovisual,2026-01-05,2026-12-31,360,False,False,False,False,DOCENTE,DOCENTE_NO_TITULAR_OCASIONAL,False
43587,16,FACULTAD DE INGENIERÍA EN ELECTRICIDAD Y COMPUTACIÓN,Miembro del consejo directivo,OTROS_AA,False,,,,,2019-12-10,2022-12-09,1095,False,False,False,False,DOCENTE,DOCENTE_TITULAR_CARRERA,False
43587,16,FACULTAD DE INGENIERÍA EN ELECTRICIDAD Y COMPUTACIÓN,Subrogación,OTROS_AA,True,Subdecano,AUTORIDAD_ACADEMICA_SUPERIOR,,,2020-03-05,2020-03-15,10,False,False,False,False,DOCENTE,DOCENTE_TITULAR_CARRERA,False
43587,16,FACULTAD DE INGENIERÍA EN ELECTRICIDAD Y COMPUTACIÓN,Subrogación,OTROS_AA,True,Subdecano,AUTORIDAD_ACADEMICA_SUPERIOR,,,2021-03-15,2021-03-19,4,False,False,False,False,DOCENTE,DOCENTE_TITULAR_CARRERA,False
43587,16,FACULTAD DE INGENIERÍA EN ELECTRICIDAD Y COMPUTACIÓN,Subrogación,OTROS_AA,True,Subdecano,AUTORIDAD_ACADEMICA_SUPERIOR,,,2021-05-05,2021-05-06,1,False,False,False,False,DOCENTE,DOCENTE_TITULAR_CARRERA,False
43587,16,FACULTAD DE INGENIERÍA EN ELECTRICIDAD Y COMPUTACIÓN,Subrogación,OTROS_AA,True,Subdecano,AUTORIDAD_ACADEMICA_SUPERIOR,,,2021-12-02,2021-12-03,1,False,False,False,False,DOCENTE,DOCENTE_TITULAR_CARRERA,False
43587,16,FACULTAD DE INGENIERÍA EN ELECTRICIDAD Y COMPUTACIÓN,Subrogación,OTROS_AA,True,Subdecano,AUTORIDAD_ACADEMICA_SUPERIOR,,,2022-03-07,2022-03-17,10,False,False,False,False,DOCENTE,DOCENTE_TITULAR_CARRERA,False
43587,16,FACULTAD DE INGENIERÍA EN ELECTRICIDAD Y COMPUTACIÓN,Subrogación,OTROS_AA,True,Subdecano,AUTORIDAD_ACADEMICA_SUPERIOR,,,2022-04-06,2022-04-19,13,False,False,False,False,DOCENTE,AUTORIDAD_ACADEMICA_SUPERIOR,True
43587,16,FACULTAD DE INGENIERÍA EN ELECTRICIDAD Y COMPUTACIÓN,Subrogación,OTROS_AA,True,Subdecano,AUTORIDAD_ACADEMICA_SUPERIOR,,,2022-05-02,2022-05-07,5,False,False,False,False,DOCENTE,DOCENTE_TITULAR_CARRERA,False
43587,16,FACULTAD DE INGENIERÍA EN ELECTRICIDAD Y COMPUTACIÓN,Subrogación,OTROS_AA,True,Subdecano,AUTORIDAD_ACADEMICA_SUPERIOR,,,2022-07-04,2022-07-10,6,False,False,False,False,DOCENTE,DOCENTE_TITULAR_CARRERA,False
43587,16,FACULTAD DE INGENIERÍA EN ELECTRICIDAD Y COMPUTACIÓN,Subrogación,OTROS_AA,True,Subdecano,AUTORIDAD_ACADEMICA_SUPERIOR,,,2022-08-31,2022-09-02,2,False,False,False,False,DOCENTE,DOCENTE_TITULAR_CARRERA,False
43587,16,FACULTAD DE INGENIERÍA EN ELECTRICIDAD Y COMPUTACIÓN,Subrogación,OTROS_AA,True,Subdecano,AUTORIDAD_ACADEMICA_SUPERIOR,,,2022-10-07,2022-10-07,0,False,False,False,False,DOCENTE,DOCENTE_TITULAR_CARRERA,False
43587,16,FACULTAD DE INGENIERÍA EN ELECTRICIDAD Y COMPUTACIÓN,Subrogación,OTROS_AA,True,Subdecano,AUTORIDAD_ACADEMICA_SUPERIOR,,,2022-10-19,2022-10-26,7,False,False,False,False,DOCENTE,DOCENTE_TITULAR_CARRERA,False
43587,16,FACULTAD DE INGENIERÍA EN ELECTRICIDAD Y COMPUTACIÓN,Subdecano,AUTORIDAD_ACADEMICA_SUPERIOR,False,,,,,2022-11-13,2024-07-20,615,False,False,False,False,DOCENTE,AUTORIDAD_ACADEMICA_SUPERIOR,True
43587,16,FACULTAD DE INGENIERÍA EN ELECTRICIDAD Y COMPUTACIÓN,Subrogación,OTROS_AA,True,Decano,AUTORIDAD_ACADEMICA_SUPERIOR,,,2023-02-22,2023-02-22,0,False,False,False,False,DOCENTE,AUTORIDAD_ACADEMICA_SUPERIOR,True
43587,16,FACULTAD DE INGENIERÍA EN ELECTRICIDAD Y COMPUTACIÓN,Subrogación,OTROS_AA,True,Decano,AUTORIDAD_ACADEMICA_SUPERIOR,,,2023-03-20,2023-03-28,8,False,False,False,False,DOCENTE,AUTORIDAD_ACADEMICA_SUPERIOR,True
43587,16,FACULTAD DE INGENIERÍA EN ELECTRICIDAD Y COMPUTACIÓN,Subrogación,OTROS_AA,True,Decano,AUTORIDAD_ACADEMICA_SUPERIOR,,,2023-05-22,2023-05-27,5,False,False,False,False,DOCENTE,AUTORIDAD_ACADEMICA_SUPERIOR,True
43587,16,FACULTAD DE INGENIERÍA EN ELECTRICIDAD Y COMPUTACIÓN,Subrogación,OTROS_AA,True,Decano,AUTORIDAD_ACADEMICA_SUPERIOR,,,2023-06-06,2023-06-08,2,False,False,False,False,DOCENTE,AUTORIDAD_ACADEMICA_SUPERIOR,True
43587,16,FACULTAD DE INGENIERÍA EN ELECTRICIDAD Y COMPUTACIÓN,Subrogación,OTROS_AA,True,Decano,AUTORIDAD_ACADEMICA_SUPERIOR,,,2023-08-21,2023-08-24,3,False,False,False,False,DOCENTE,AUTORIDAD_ACADEMICA_SUPERIOR,True
43587,16,FACULTAD DE INGENIERÍA EN ELECTRICIDAD Y COMPUTACIÓN,Subrogación,OTROS_AA,True,Decano,AUTORIDAD_ACADEMICA_SUPERIOR,,,2023-10-20,2023-10-29,9,False,False,False,False,DOCENTE,AUTORIDAD_ACADEMICA_SUPERIOR,True
43587,16,FACULTAD DE INGENIERÍA EN ELECTRICIDAD Y COMPUTACIÓN,Subrogación,OTROS_AA,True,Decano,AUTORIDAD_ACADEMICA_SUPERIOR,,,2024-03-18,2024-03-29,11,False,False,False,False,DOCENTE,AUTORIDAD_ACADEMICA_SUPERIOR,True
43587,16,FACULTAD DE INGENIERÍA EN ELECTRICIDAD Y COMPUTACIÓN,Subrogación,OTROS_AA,True,Decano,AUTORIDAD_ACADEMICA_SUPERIOR,,,2024-04-16,2024-05-02,16,False,False,False,False,DOCENTE,AUTORIDAD_ACADEMICA_SUPERIOR,True
43587,16,FACULTAD DE INGENIERÍA EN ELECTRICIDAD Y COMPUTACIÓN,Subrogación,OTROS_AA,True,Decano,AUTORIDAD_ACADEMICA_SUPERIOR,,,2024-05-10,2024-05-10,0,False,False,False,False,DOCENTE,AUTORIDAD_ACADEMICA_SUPERIOR,True
43587,16,FACULTAD DE INGENIERÍA EN ELECTRICIDAD Y COMPUTACIÓN,Subrogación,OTROS_AA,True,Decano,AUTORIDAD_ACADEMICA_SUPERIOR,,,2024-05-23,2024-06-07,15,False,False,False,False,DOCENTE,AUTORIDAD_ACADEMICA_SUPERIOR,True
43587,16,FACULTAD DE INGENIERÍA EN ELECTRICIDAD Y COMPUTACIÓN,Subrogación,OTROS_AA,True,Decano,AUTORIDAD_ACADEMICA_SUPERIOR,,,2024-06-09,2024-06-15,6,False,False,False,False,DOCENTE,AUTORIDAD_ACADEMICA_SUPERIOR,True
43587,16,FACULTAD DE INGENIERÍA EN ELECTRICIDAD Y COMPUTACIÓN,Subrogación,OTROS_AA,True,Decano,AUTORIDAD_ACADEMICA_SUPERIOR,,,2024-07-01,2024-07-05,4,False,False,False,False,DOCENTE,AUTORIDAD_ACADEMICA_SUPERIOR,True
43587,16,FACULTAD DE INGENIERÍA EN ELECTRICIDAD Y COMPUTACIÓN,Subrogación,OTROS_AA,True,Decano,AUTORIDAD_ACADEMICA_SUPERIOR,,,2024-07-06,2024-07-07,1,False,False,False,False,DOCENTE,AUTORIDAD_ACADEMICA_SUPERIOR,True
43587,16,FACULTAD DE INGENIERÍA EN ELECTRICIDAD Y COMPUTACIÓN,Subrogación,OTROS_AA,True,Decano,AUTORIDAD_ACADEMICA_SUPERIOR,,,2024-07-09,2024-07-12,3,False,False,False,False,DOCENTE,AUTORIDAD_ACADEMICA_SUPERIOR,True
43587,16,FACULTAD DE INGENIERÍA EN ELECTRICIDAD Y COMPUTACIÓN,Subrogación,OTROS_AA,True,Decano,AUTORIDAD_ACADEMICA_SUPERIOR,,,2024-07-18,2024-07-20,2,False,False,False,False,DOCENTE,AUTORIDAD_ACADEMICA_SUPERIOR,True
43817,27,ESCUELA DE DISEÑO Y COMUNICACIÓN VISUAL,Miembro del consejo directivo - trabajadores,OTROS_AA,False,,,,,2016-05-09,2018-05-08,729,False,False,False,False,ADMINISTRATIVO,ASISTENCIA_SECRETARIAL_OFICINA,False
43817,88,"FACULTAD DE ARTE, DISEÑO Y COMUNICACIÓN AUDIOVISUAL",Miembro del consejo directivo - trabajadores,OTROS_AA,False,,,,,2021-11-22,2023-11-21,729,False,False,False,False,ADMINISTRATIVO,ASISTENCIA_SECRETARIAL_OFICINA,False
44205,16,FACULTAD DE INGENIERÍA EN ELECTRICIDAD Y COMPUTACIÓN,Coordinador de vinculación con la sociedad,JEFATURA_SUPERVISION_OPERATIVA,False,,,GRADO,Telemática,2017-05-02,2017-09-22,143,False,False,False,False,DOCENTE,DOCENTE_NO_TITULAR_OCASIONAL,False
44205,16,FACULTAD DE INGENIERÍA EN ELECTRICIDAD Y COMPUTACIÓN,Coordinador de prácticas empresariales,JEFATURA_SUPERVISION_OPERATIVA,False,,,GRADO,Licenciatura en Sistemas de Información (FIEC),2018-07-02,2020-02-23,601,False,False,False,False,DOCENTE,DOCENTE_NO_TITULAR_OCASIONAL,False
45059,27,ESCUELA DE DISEÑO Y COMUNICACIÓN VISUAL,Coordinador de prácticas empresariales,JEFATURA_SUPERVISION_OPERATIVA,False,,,GRADO,Diseño Gráfico,2017-03-20,2018-12-31,651,False,False,False,False,DOCENTE,DOCENTE_NO_TITULAR_OCASIONAL,False
45059,27,ESCUELA DE DISEÑO Y COMUNICACIÓN VISUAL,Coordinador de prácticas empresariales,JEFATURA_SUPERVISION_OPERATIVA,False,,,GRADO,Diseño Gráfico,2019-01-02,2019-01-23,21,False,False,False,False,DOCENTE,DOCENTE_NO_TITULAR_OCASIONAL,False
45059,88,"FACULTAD DE ARTE, DISEÑO Y COMUNICACIÓN AUDIOVISUAL",Coordinador de prácticas empresariales,JEFATURA_SUPERVISION_OPERATIVA,False,,,GRADO,Diseño Gráfico,2019-01-24,2020-02-21,393,False,False,False,False,DOCENTE,DOCENTE_NO_TITULAR_OCASIONAL,False
45059,88,"FACULTAD DE ARTE, DISEÑO Y COMUNICACIÓN AUDIOVISUAL",Coordinador de prácticas empresariales,JEFATURA_SUPERVISION_OPERATIVA,False,,,GRADO,Diseño Gráfico,2020-03-12,2021-02-19,344,False,False,False,False,DOCENTE,DOCENTE_NO_TITULAR_OCASIONAL,False
45059,88,"FACULTAD DE ARTE, DISEÑO Y COMUNICACIÓN AUDIOVISUAL",Coordinador de carrera,JEFATURA_SUPERVISION_OPERATIVA,False,,,GRADO,Producción para Medios de Comunicación,2020-09-22,2020-09-22,0,False,False,False,False,DOCENTE,DOCENTE_NO_TITULAR_OCASIONAL,False
45059,88,"FACULTAD DE ARTE, DISEÑO Y COMUNICACIÓN AUDIOVISUAL",Coordinador de carrera,JEFATURA_SUPERVISION_OPERATIVA,False,,,GRADO,Producción para Medios de Comunicación,2020-10-01,2021-02-19,141,False,False,False,False,DOCENTE,DOCENTE_NO_TITULAR_OCASIONAL,False
45059,88,"FACULTAD DE ARTE, DISEÑO Y COMUNICACIÓN AUDIOVISUAL",Coordinador de carrera,JEFATURA_SUPERVISION_OPERATIVA,False,,,GRADO,Producción para Medios de Comunicación,2021-03-15,2022-02-18,340,False,False,False,False,DOCENTE,DOCENTE_NO_TITULAR_OCASIONAL,False
45059,88,"FACULTAD DE ARTE, DISEÑO Y COMUNICACIÓN AUDIOVISUAL",Coordinador de carrera,JEFATURA_SUPERVISION_OPERATIVA,False,,,GRADO,Producción para Medios de Comunicación,2022-02-19,2025-02-14,1091,False,False,False,False,DOCENTE,DOCENTE_NO_TITULAR_OCASIONAL,False
45059,88,"FACULTAD DE ARTE, DISEÑO Y COMUNICACIÓN AUDIOVISUAL",Coordinador de carrera,JEFATURA_SUPERVISION_OPERATIVA,False,,,GRADO,Producción para Medios de Comunicación,2025-03-10,2026-02-13,340,False,False,False,False,DOCENTE,DOCENTE_NO_TITULAR_OCASIONAL,False
45059,88,"FACULTAD DE ARTE, DISEÑO Y COMUNICACIÓN AUDIOVISUAL",Coordinador de carrera,JEFATURA_SUPERVISION_OPERATIVA,False,,,GRADO,Producción para Medios de Comunicación,2025-05-05,2024-11-26,0,False,True,False,False,,,
45059,88,"FACULTAD DE ARTE, DISEÑO Y COMUNICACIÓN AUDIOVISUAL",Coordinador de carrera,JEFATURA_SUPERVISION_OPERATIVA,False,,,GRADO,Producción para Medios de Comunicación,2026-02-14,2026-05-10,85,False,False,False,False,DOCENTE,DOCENTE_NO_TITULAR_OCASIONAL,False
46564,61,FACULTAD DE CIENCIAS DE LA VIDA,Coordinador de vinculación con la sociedad,JEFATURA_SUPERVISION_OPERATIVA,False,,,GRADO,Nutrición y Dietética,2017-04-10,2019-01-17,647,False,False,False,False,DOCENTE,DOCENTE_NO_TITULAR_OCASIONAL,False
46564,61,FACULTAD DE CIENCIAS DE LA VIDA,Coordinador de vinculación con la sociedad,JEFATURA_SUPERVISION_OPERATIVA,False,,,GRADO,Nutrición y Dietética,2019-01-18,2020-01-19,366,False,False,False,False,DOCENTE,DOCENTE_NO_TITULAR_OCASIONAL,False
46564,61,FACULTAD DE CIENCIAS DE LA VIDA,Coordinador de vinculación con la sociedad,JEFATURA_SUPERVISION_OPERATIVA,False,,,GRADO,Nutrición y Dietética,2020-01-20,2022-04-20,821,False,False,False,False,DOCENTE,DOCENTE_NO_TITULAR_OCASIONAL,False
46564,61,FACULTAD DE CIENCIAS DE LA VIDA,Coordinador de prácticas empresariales,JEFATURA_SUPERVISION_OPERATIVA,False,,,GRADO,Nutrición y Dietética,2021-04-01,2021-09-30,182,False,False,False,False,DOCENTE,DOCENTE_NO_TITULAR_OCASIONAL,False
46564,61,FACULTAD DE CIENCIAS DE LA VIDA,Coordinador de carrera,JEFATURA_SUPERVISION_OPERATIVA,False,,,GRADO,Nutrición y Dietética,2022-05-10,2022-05-10,0,False,False,False,False,DOCENTE,DOCENTE_NO_TITULAR_OCASIONAL,False
46564,61,FACULTAD DE CIENCIAS DE LA VIDA,Coordinador de vinculación con la sociedad,JEFATURA_SUPERVISION_OPERATIVA,False,,,GRADO,Nutrición y Dietética,2022-05-11,2027-02-12,1738,False,False,False,False,DOCENTE,DOCENTE_NO_TITULAR_OCASIONAL,False
47478,22,FACULTAD DE INGENIERÍA MECÁNICA Y CIENCIAS DE LA PRODUCCIÓN,Coordinador de vinculación con la sociedad,JEFATURA_SUPERVISION_OPERATIVA,False,,,GRADO,Alimentos,2017-04-07,2020-01-26,1024,False,False,False,False,DOCENTE,TECNICO_DOCENTE_APOYO,False
47478,22,FACULTAD DE INGENIERÍA MECÁNICA Y CIENCIAS DE LA PRODUCCIÓN,Coordinador de prácticas empresariales,JEFATURA_SUPERVISION_OPERATIVA,False,,,GRADO,Alimentos,2019-09-23,2019-12-31,99,False,False,False,False,DOCENTE,TECNICO_DOCENTE_APOYO,False
47478,22,FACULTAD DE INGENIERÍA MECÁNICA Y CIENCIAS DE LA PRODUCCIÓN,Coordinador de prácticas empresariales,JEFATURA_SUPERVISION_OPERATIVA,False,,,GRADO,Alimentos,2020-01-01,2020-02-21,51,False,False,False,False,DOCENTE,TECNICO_DOCENTE_APOYO,False
47478,22,FACULTAD DE INGENIERÍA MECÁNICA Y CIENCIAS DE LA PRODUCCIÓN,Coordinador de vinculación con la sociedad,JEFATURA_SUPERVISION_OPERATIVA,False,,,GRADO,Alimentos,2020-01-27,2023-05-12,1201,False,False,False,False,DOCENTE,TECNICO_DOCENTE_APOYO,False
48584,56,DIRECCIÓN DE ADQUISICIONES Y SUMINISTROS,Director,AUTORIDAD_ADMINISTRATIVA_SUPERIOR,False,,,,,2017-12-13,2019-07-16,580,False,False,False,False,ADMINISTRATIVO,PROFESIONAL_ANALISTA,False
48584,125,DIRECCIÓN DE ADQUISICIONES,Director,AUTORIDAD_ADMINISTRATIVA_SUPERIOR,False,,,,,2022-01-17,,1702,False,False,False,False,ADMINISTRATIVO,AUTORIDAD_ADMINISTRATIVA_SUPERIOR,True
48840,25,FACULTAD DE INGENIERÍA EN CIENCIAS DE LA TIERRA,Coordinador de prácticas empresariales,JEFATURA_SUPERVISION_OPERATIVA,False,,,GRADO,Ingeniería Civil,2018-05-08,2019-04-30,357,False,False,False,False,DOCENTE,DOCENTE_NO_TITULAR_OCASIONAL,False
48840,25,FACULTAD DE INGENIERÍA EN CIENCIAS DE LA TIERRA,Coordinador de prácticas empresariales,JEFATURA_SUPERVISION_OPERATIVA,False,,,GRADO,Ingeniería Civil,2019-05-09,2023-10-01,1606,False,False,False,False,DOCENTE,DOCENTE_NO_TITULAR_OCASIONAL,False
48840,25,FACULTAD DE INGENIERÍA EN CIENCIAS DE LA TIERRA,Coordinador de carrera,JEFATURA_SUPERVISION_OPERATIVA,False,,,GRADO,Ingeniería Civil,2023-10-02,2025-09-02,701,False,False,False,False,DOCENTE,DOCENTE_NO_TITULAR_OCASIONAL,False
48840,25,FACULTAD DE INGENIERÍA EN CIENCIAS DE LA TIERRA,Coordinador de prácticas empresariales,JEFATURA_SUPERVISION_OPERATIVA,False,,,GRADO,Ingeniería Civil,2025-10-03,2026-03-08,156,False,False,False,False,DOCENTE,DOCENTE_NO_TITULAR_OCASIONAL,False
48840,25,FACULTAD DE INGENIERÍA EN CIENCIAS DE LA TIERRA,Coordinador de prácticas empresariales,JEFATURA_SUPERVISION_OPERATIVA,False,,,GRADO,Minas,2026-03-02,2027-02-12,347,False,False,False,False,DOCENTE,DOCENTE_NO_TITULAR_OCASIONAL,False
48840,25,FACULTAD DE INGENIERÍA EN CIENCIAS DE LA TIERRA,Coordinador de vinculación con la sociedad,JEFATURA_SUPERVISION_OPERATIVA,False,,,GRADO,Ingeniería Civil,2026-03-02,2026-03-08,6,False,False,False,False,DOCENTE,DOCENTE_NO_TITULAR_OCASIONAL,False
48840,25,FACULTAD DE INGENIERÍA EN CIENCIAS DE LA TIERRA,Coordinador de prácticas empresariales,JEFATURA_SUPERVISION_OPERATIVA,False,,,GRADO,Ingeniería Civil,2026-03-09,2027-02-12,340,False,False,False,False,DOCENTE,DOCENTE_NO_TITULAR_OCASIONAL,False
49657,27,ESCUELA DE DISEÑO Y COMUNICACIÓN VISUAL,Coordinador de vinculación con la sociedad,JEFATURA_SUPERVISION_OPERATIVA,False,,,GRADO,Diseño Gráfico,2017-03-20,2018-09-19,548,False,False,False,False,DOCENTE,DOCENTE_NO_TITULAR_OCASIONAL,False
49657,27,ESCUELA DE DISEÑO Y COMUNICACIÓN VISUAL,Coordinador de vinculación con la sociedad,JEFATURA_SUPERVISION_OPERATIVA,False,,,GRADO,Diseño Gráfico,2018-09-20,2018-12-31,102,False,False,False,False,DOCENTE,DOCENTE_NO_TITULAR_OCASIONAL,False
49657,27,ESCUELA DE DISEÑO Y COMUNICACIÓN VISUAL,Coordinador de vinculación con la sociedad,JEFATURA_SUPERVISION_OPERATIVA,False,,,GRADO,Diseño Gráfico,2019-01-02,2019-01-23,21,False,False,False,False,DOCENTE,DOCENTE_NO_TITULAR_OCASIONAL,False
49657,88,"FACULTAD DE ARTE, DISEÑO Y COMUNICACIÓN AUDIOVISUAL",Coordinador de vinculación con la sociedad,JEFATURA_SUPERVISION_OPERATIVA,False,,,GRADO,Diseño Gráfico,2019-01-24,2020-02-21,393,False,False,False,False,DOCENTE,DOCENTE_NO_TITULAR_OCASIONAL,False
49657,88,"FACULTAD DE ARTE, DISEÑO Y COMUNICACIÓN AUDIOVISUAL",Coordinador de vinculación con la sociedad,JEFATURA_SUPERVISION_OPERATIVA,False,,,GRADO,Diseño Gráfico,2020-03-12,2021-02-19,344,False,False,False,False,DOCENTE,DOCENTE_TITULAR_CARRERA,False
49657,88,"FACULTAD DE ARTE, DISEÑO Y COMUNICACIÓN AUDIOVISUAL",Coordinador de vinculación con la sociedad,JEFATURA_SUPERVISION_OPERATIVA,False,,,GRADO,Diseño Gráfico,2021-03-15,2022-02-18,340,False,False,False,False,DOCENTE,DOCENTE_TITULAR_CARRERA,False
49657,88,"FACULTAD DE ARTE, DISEÑO Y COMUNICACIÓN AUDIOVISUAL",Coordinador de vinculación con la sociedad,JEFATURA_SUPERVISION_OPERATIVA,False,,,GRADO,Diseño Gráfico,2022-02-19,2022-12-31,315,False,False,False,False,DOCENTE,DOCENTE_TITULAR_CARRERA,False
49657,88,"FACULTAD DE ARTE, DISEÑO Y COMUNICACIÓN AUDIOVISUAL",Coordinador de vinculación con la sociedad,JEFATURA_SUPERVISION_OPERATIVA,False,,,GRADO,Licenciatura en Diseño Gráfico y Publicitario,2022-02-19,2021-12-14,0,False,True,False,False,DOCENTE,DOCENTE_TITULAR_CARRERA,False
49657,88,"FACULTAD DE ARTE, DISEÑO Y COMUNICACIÓN AUDIOVISUAL",Miembro del consejo politécnico,OTROS_AA,False,,,,,2022-09-01,2025-08-31,1095,False,False,False,False,DOCENTE,DOCENTE_TITULAR_CARRERA,False
49657,88,"FACULTAD DE ARTE, DISEÑO Y COMUNICACIÓN AUDIOVISUAL",Coordinador general de postgrado,JEFATURA_SUPERVISION_OPERATIVA,False,,,,,2023-01-03,2023-04-30,117,False,False,False,False,DOCENTE,DOCENTE_TITULAR_CARRERA,False
49789,25,FACULTAD DE INGENIERÍA EN CIENCIAS DE LA TIERRA,Coordinador de carrera,JEFATURA_SUPERVISION_OPERATIVA,False,,,GRADO,Geología,2022-01-02,2021-12-20,0,False,True,False,False,,,
50463,25,FACULTAD DE INGENIERÍA EN CIENCIAS DE LA TIERRA,Coordinador de programa de postgrado,JEFATURA_SUPERVISION_OPERATIVA,False,,,POSGRADO,Maestría en Geomática,2023-02-14,2024-07-11,513,False,False,False,False,ADMINISTRATIVO,PROFESIONAL_ANALISTA,False
50983,25,FACULTAD DE INGENIERÍA EN CIENCIAS DE LA TIERRA,Coordinador de vinculación con la sociedad,JEFATURA_SUPERVISION_OPERATIVA,False,,,GRADO,Petróleos,2018-05-02,2019-09-30,516,False,False,False,False,,,
51159,22,FACULTAD DE INGENIERÍA MECÁNICA Y CIENCIAS DE LA PRODUCCIÓN,Coordinador de acreditación internacional,JEFATURA_SUPERVISION_OPERATIVA,False,,,GRADO,Ingeniería Industrial,2020-10-01,2027-11-01,2587,False,False,False,False,DOCENTE,DOCENTE_NO_TITULAR_OCASIONAL,False
51159,22,FACULTAD DE INGENIERÍA MECÁNICA Y CIENCIAS DE LA PRODUCCIÓN,Coordinador de programa de postgrado,JEFATURA_SUPERVISION_OPERATIVA,False,,,POSGRADO,Maestría en Gerencia de Seguridad y Salud en el Trabajo,2022-03-04,2023-02-28,361,False,False,False,False,DOCENTE,DOCENTE_NO_TITULAR_OCASIONAL,False
51159,22,FACULTAD DE INGENIERÍA MECÁNICA Y CIENCIAS DE LA PRODUCCIÓN,Coordinador de programa de postgrado,JEFATURA_SUPERVISION_OPERATIVA,False,,,POSGRADO,Maestría en Seguridad y Salud Ocupacional,2022-03-04,2023-01-31,333,False,False,False,False,DOCENTE,DOCENTE_NO_TITULAR_OCASIONAL,False
51159,22,FACULTAD DE INGENIERÍA MECÁNICA Y CIENCIAS DE LA PRODUCCIÓN,Coordinador de programa de postgrado,JEFATURA_SUPERVISION_OPERATIVA,False,,,POSGRADO,Maestría en Gestión de la Cadena de Suministro,2025-01-08,2026-02-13,401,False,False,False,False,DOCENTE,DOCENTE_NO_TITULAR_OCASIONAL,False
51159,22,FACULTAD DE INGENIERÍA MECÁNICA Y CIENCIAS DE LA PRODUCCIÓN,Coordinador de programa de postgrado,JEFATURA_SUPERVISION_OPERATIVA,False,,,POSGRADO,Maestría en Gestión de la Cadena de Suministro,2026-02-18,,209,False,False,False,False,DOCENTE,DOCENTE_NO_TITULAR_OCASIONAL,False
51177,17,FACULTAD DE CIENCIAS SOCIALES Y HUMANÍSTICAS,Coordinador de prácticas empresariales,JEFATURA_SUPERVISION_OPERATIVA,False,,,GRADO,Administración de Empresas,2017-02-27,2017-11-12,258,False,False,False,False,DOCENTE,DOCENTE_NO_TITULAR_OCASIONAL,False
51177,17,FACULTAD DE CIENCIAS SOCIALES Y HUMANÍSTICAS,Coordinador de prácticas empresariales,JEFATURA_SUPERVISION_OPERATIVA,False,,,GRADO,Administración de Empresas,2017-11-13,2020-02-21,830,False,False,False,False,DOCENTE,DOCENTE_NO_TITULAR_OCASIONAL,False
51177,17,FACULTAD DE CIENCIAS SOCIALES Y HUMANÍSTICAS,Coordinador de programa de postgrado,JEFATURA_SUPERVISION_OPERATIVA,False,,,POSGRADO,Maestría en Políticas y Gestión Pública,2018-07-09,2020-08-31,784,False,False,False,False,DOCENTE,DOCENTE_NO_TITULAR_OCASIONAL,False
51177,17,FACULTAD DE CIENCIAS SOCIALES Y HUMANÍSTICAS,Coordinador de programa de postgrado,JEFATURA_SUPERVISION_OPERATIVA,False,,,POSGRADO,Maestría en Gestión del Talento Humano,2020-05-01,2020-07-31,91,False,False,False,False,DOCENTE,DOCENTE_NO_TITULAR_OCASIONAL,False
51177,17,FACULTAD DE CIENCIAS SOCIALES Y HUMANÍSTICAS,Coordinador general de postgrado,JEFATURA_SUPERVISION_OPERATIVA,False,,,,,2026-06-01,,106,False,False,False,False,DOCENTE,DOCENTE_NO_TITULAR_OCASIONAL,False
51177,17,FACULTAD DE CIENCIAS SOCIALES Y HUMANÍSTICAS,Coordinador de programa de postgrado,JEFATURA_SUPERVISION_OPERATIVA,False,,,POSGRADO,Maestría en Marketing de Destinos y Productos Turísticos,2026-07-13,,64,False,False,False,False,DOCENTE,DOCENTE_NO_TITULAR_OCASIONAL,False
51232,17,FACULTAD DE CIENCIAS SOCIALES Y HUMANÍSTICAS,Coordinador de carrera,JEFATURA_SUPERVISION_OPERATIVA,False,,,GRADO,Auditoría y Control de Gestión,2016-12-20,2017-11-12,327,False,False,False,False,DOCENTE,DOCENTE_NO_TITULAR_OCASIONAL,False
51232,17,FACULTAD DE CIENCIAS SOCIALES Y HUMANÍSTICAS,Coordinador de carrera,JEFATURA_SUPERVISION_OPERATIVA,False,,,GRADO,Auditoría y Control de Gestión,2017-11-13,2020-09-30,1052,False,False,False,False,DOCENTE,DOCENTE_NO_TITULAR_OCASIONAL,False
51348,25,FACULTAD DE INGENIERÍA EN CIENCIAS DE LA TIERRA,Coordinador de prácticas empresariales,JEFATURA_SUPERVISION_OPERATIVA,False,,,GRADO,Petróleos,2017-02-13,,3501,False,False,False,False,,,
51348,25,FACULTAD DE INGENIERÍA EN CIENCIAS DE LA TIERRA,Coordinador de vinculación con la sociedad,JEFATURA_SUPERVISION_OPERATIVA,False,,,GRADO,Petróleos,2017-03-24,2017-10-10,200,False,False,False,False,,,
51681,16,FACULTAD DE INGENIERÍA EN ELECTRICIDAD Y COMPUTACIÓN,Coordinador de acreditación internacional,JEFATURA_SUPERVISION_OPERATIVA,False,,,GRADO,Electricidad,2018-01-23,2020-01-22,729,False,False,False,False,DOCENTE,DOCENTE_NO_TITULAR_OCASIONAL,False
51681,16,FACULTAD DE INGENIERÍA EN ELECTRICIDAD Y COMPUTACIÓN,Coordinador de acreditación internacional,JEFATURA_SUPERVISION_OPERATIVA,False,,,GRADO,Electricidad,2020-01-23,2023-02-21,1125,False,False,False,False,DOCENTE,DOCENTE_TITULAR_CARRERA,False
51681,16,FACULTAD DE INGENIERÍA EN ELECTRICIDAD Y COMPUTACIÓN,Coordinador de acreditación internacional,JEFATURA_SUPERVISION_OPERATIVA,False,,,GRADO,Electricidad,2024-08-15,,761,False,False,False,False,DOCENTE,DOCENTE_TITULAR_CARRERA,False
52227,27,ESCUELA DE DISEÑO Y COMUNICACIÓN VISUAL,Coordinador de carrera,JEFATURA_SUPERVISION_OPERATIVA,False,,,GRADO,Licenciatura en Diseño y Producción Audiovisual,2018-01-23,2018-02-05,13,False,False,False,False,DOCENTE,DOCENTE_NO_TITULAR_OCASIONAL,False
52227,27,ESCUELA DE DISEÑO Y COMUNICACIÓN VISUAL,Coordinador de carrera,JEFATURA_SUPERVISION_OPERATIVA,False,,,GRADO,Producción para Medios de Comunicación,2018-02-05,2018-02-06,1,False,False,False,False,DOCENTE,DOCENTE_NO_TITULAR_OCASIONAL,False
52227,27,ESCUELA DE DISEÑO Y COMUNICACIÓN VISUAL,Coordinador de carrera,JEFATURA_SUPERVISION_OPERATIVA,False,,,GRADO,Producción para Medios de Comunicación,2018-04-02,2018-12-31,273,False,False,False,False,DOCENTE,DOCENTE_NO_TITULAR_OCASIONAL,False
52227,27,ESCUELA DE DISEÑO Y COMUNICACIÓN VISUAL,Coordinador de carrera,JEFATURA_SUPERVISION_OPERATIVA,False,,,GRADO,Producción para Medios de Comunicación,2019-01-02,2019-01-23,21,False,False,False,False,DOCENTE,DOCENTE_NO_TITULAR_OCASIONAL,False
52227,88,"FACULTAD DE ARTE, DISEÑO Y COMUNICACIÓN AUDIOVISUAL",Coordinador de carrera,JEFATURA_SUPERVISION_OPERATIVA,False,,,GRADO,Producción para Medios de Comunicación,2019-01-24,2020-02-21,393,False,False,False,False,DOCENTE,DOCENTE_NO_TITULAR_OCASIONAL,False
52227,88,"FACULTAD DE ARTE, DISEÑO Y COMUNICACIÓN AUDIOVISUAL",Coordinador de programa de postgrado,JEFATURA_SUPERVISION_OPERATIVA,False,,,POSGRADO,Maestría en Diseño y Gestión de Marcas,2019-02-01,2019-05-30,118,False,False,False,False,DOCENTE,DOCENTE_NO_TITULAR_OCASIONAL,False
52227,88,"FACULTAD DE ARTE, DISEÑO Y COMUNICACIÓN AUDIOVISUAL",Coordinador general de postgrado,JEFATURA_SUPERVISION_OPERATIVA,False,,,,,2019-06-01,2019-12-31,213,False,False,False,False,DOCENTE,DOCENTE_NO_TITULAR_OCASIONAL,False
52227,88,"FACULTAD DE ARTE, DISEÑO Y COMUNICACIÓN AUDIOVISUAL",Coordinador de carrera,JEFATURA_SUPERVISION_OPERATIVA,False,,,GRADO,Producción para Medios de Comunicación,2020-03-12,2020-09-21,193,False,False,False,False,DOCENTE,DOCENTE_NO_TITULAR_OCASIONAL,False
52227,88,"FACULTAD DE ARTE, DISEÑO Y COMUNICACIÓN AUDIOVISUAL",Coordinador de programa de postgrado,JEFATURA_SUPERVISION_OPERATIVA,False,,,POSGRADO,Maestría en Arte para Animación y Videojuegos,2025-04-29,2025-12-31,246,False,False,False,False,DOCENTE,DOCENTE_NO_TITULAR_OCASIONAL,False
52227,88,"FACULTAD DE ARTE, DISEÑO Y COMUNICACIÓN AUDIOVISUAL",Coordinador de programa de postgrado,JEFATURA_SUPERVISION_OPERATIVA,False,,,POSGRADO,Maestría en Comunicación de Marca Transmedia,2026-06-01,,106,False,False,False,False,DOCENTE,DOCENTE_NO_TITULAR_OCASIONAL,False
52741,16,FACULTAD DE INGENIERÍA EN ELECTRICIDAD Y COMPUTACIÓN,Coordinador de prácticas empresariales,JEFATURA_SUPERVISION_OPERATIVA,False,,,GRADO,Licenciatura en Sistemas de Información (FIEC),2017-05-02,2017-09-22,143,False,False,False,False,,,
52741,16,FACULTAD DE INGENIERÍA EN ELECTRICIDAD Y COMPUTACIÓN,Coordinador de prácticas empresariales,JEFATURA_SUPERVISION_OPERATIVA,False,,,GRADO,Licenciatura en Sistemas de Información (FIEC),2017-10-04,2018-04-10,188,False,False,False,False,,,
52953,12,FACULTAD DE CIENCIAS NATURALES Y MATEMÁTICAS,Coordinador de vinculación con la sociedad,JEFATURA_SUPERVISION_OPERATIVA,False,,,GRADO,Ingeniería Química,2024-02-19,2025-09-18,577,False,False,False,False,DOCENTE,DOCENTE_NO_TITULAR_OCASIONAL,False
52953,12,FACULTAD DE CIENCIAS NATURALES Y MATEMÁTICAS,Coordinador de vinculación con la sociedad,JEFATURA_SUPERVISION_OPERATIVA,False,,,GRADO,Ingeniería Química,2026-02-16,,211,False,False,False,False,DOCENTE,DOCENTE_NO_TITULAR_OCASIONAL,False
53142,127,DIRECCIÓN DE DESARROLLO DE APLICACIONES,Subrogación,OTROS_AA,True,Director,AUTORIDAD_ADMINISTRATIVA_SUPERIOR,,,2024-12-26,2024-12-31,5,False,False,False,False,ADMINISTRATIVO,PROFESIONAL_ANALISTA,False
53345,51,GERENCIA DE INFRAESTRUCTURA FÍSICA,Subrogación,OTROS_AA,True,Gerente,AUTORIDAD_ADMINISTRATIVA_SUPERIOR,,,2024-07-09,2024-07-11,2,False,False,False,False,ADMINISTRATIVO,AUTORIDAD_ADMINISTRATIVA_SUPERIOR,True
53345,51,GERENCIA DE INFRAESTRUCTURA FÍSICA,Subrogación,OTROS_AA,True,Gerente,AUTORIDAD_ADMINISTRATIVA_SUPERIOR,,,2024-08-22,2024-08-28,6,False,False,False,False,ADMINISTRATIVO,PROFESIONAL_ANALISTA,False
53345,51,GERENCIA DE INFRAESTRUCTURA FÍSICA,Subrogación,OTROS_AA,True,Gerente,AUTORIDAD_ADMINISTRATIVA_SUPERIOR,,,2024-08-24,2024-08-24,0,False,False,False,False,ADMINISTRATIVO,PROFESIONAL_ANALISTA,False
53351,6,AUDITORÍA INTERNA,Subrogación,OTROS_AA,True,Auditor,PROFESIONAL_ANALISTA,,,2026-05-04,2026-05-08,4,False,False,False,False,ADMINISTRATIVO,PROFESIONAL_ANALISTA,True
53361,16,FACULTAD DE INGENIERÍA EN ELECTRICIDAD Y COMPUTACIÓN,Coordinador de acreditación internacional,JEFATURA_SUPERVISION_OPERATIVA,False,,,GRADO,Computación,2019-05-01,2020-01-22,266,False,False,False,False,DOCENTE,DOCENTE_NO_TITULAR_OCASIONAL,False
53361,16,FACULTAD DE INGENIERÍA EN ELECTRICIDAD Y COMPUTACIÓN,Coordinador de acreditación internacional,JEFATURA_SUPERVISION_OPERATIVA,False,,,GRADO,Computación,2020-01-23,,2427,False,False,False,False,DOCENTE,DOCENTE_NO_TITULAR_OCASIONAL,False
53814,86,FACULTAD DE INGENIERÍA MARÍTIMA Y CIENCIAS DEL MAR,Coordinador de área transversal institucional de docencia,JEFATURA_SUPERVISION_OPERATIVA,False,,,,,2025-04-03,2025-04-03,0,False,False,False,False,DOCENTE,DOCENTE_NO_TITULAR_OCASIONAL,False
53814,86,FACULTAD DE INGENIERÍA MARÍTIMA Y CIENCIAS DEL MAR,Coordinador de acreditación internacional,JEFATURA_SUPERVISION_OPERATIVA,False,,,GRADO,Acuicultura,2025-04-03,2025-11-04,215,False,False,False,False,DOCENTE,DOCENTE_NO_TITULAR_OCASIONAL,False
53814,86,FACULTAD DE INGENIERÍA MARÍTIMA Y CIENCIAS DEL MAR,Coordinador de acreditación internacional,JEFATURA_SUPERVISION_OPERATIVA,False,,,GRADO,Acuicultura,2025-11-05,2027-02-13,465,False,False,False,False,DOCENTE,DOCENTE_NO_TITULAR_OCASIONAL,False
53856,37,CENTRO DE INVESTIGACIONES BIOTECNOLÓGICAS DEL ECUADOR,Director,AUTORIDAD_ADMINISTRATIVA_SUPERIOR,False,,,,,2023-04-08,2023-04-16,8,False,False,False,False,DOCENTE,DOCENTE_TITULAR_CARRERA,False
53856,37,CENTRO DE INVESTIGACIONES BIOTECNOLÓGICAS DEL ECUADOR,Director,AUTORIDAD_ADMINISTRATIVA_SUPERIOR,False,,,,,2023-09-15,2023-10-02,17,False,False,False,False,DOCENTE,DOCENTE_TITULAR_CARRERA,False
53856,142,OFICINA DE TRANSFERENCIA DE RESULTADOS DE INVESTIGACIÓN - OTRI EN LA ESPOL,Director,AUTORIDAD_ADMINISTRATIVA_SUPERIOR,False,,,,,2024-06-09,2024-06-15,6,False,False,False,False,DOCENTE,DOCENTE_TITULAR_CARRERA,False
53856,142,OFICINA DE TRANSFERENCIA DE RESULTADOS DE INVESTIGACIÓN - OTRI EN LA ESPOL,Director,AUTORIDAD_ADMINISTRATIVA_SUPERIOR,False,,,,,2025-10-26,2025-10-31,5,False,False,False,False,DOCENTE,DOCENTE_TITULAR_CARRERA,False
53856,37,CENTRO DE INVESTIGACIONES BIOTECNOLÓGICAS DEL ECUADOR,Subrogación,OTROS_AA,True,Director,AUTORIDAD_ADMINISTRATIVA_SUPERIOR,,,2026-04-20,2026-04-24,4,False,False,False,False,DOCENTE,DOCENTE_TITULAR_CARRERA,False
53856,37,CENTRO DE INVESTIGACIONES BIOTECNOLÓGICAS DEL ECUADOR,Director,AUTORIDAD_ADMINISTRATIVA_SUPERIOR,False,,,,,2026-04-20,2026-04-24,4,False,False,False,False,DOCENTE,DOCENTE_TITULAR_CARRERA,False
53860,25,FACULTAD DE INGENIERÍA EN CIENCIAS DE LA TIERRA,Coordinador de acreditación internacional,JEFATURA_SUPERVISION_OPERATIVA,False,,,GRADO,Ingeniería Civil,2019-06-25,2020-01-27,216,False,False,False,False,DOCENTE,DOCENTE_NO_TITULAR_OCASIONAL,False
53860,25,FACULTAD DE INGENIERÍA EN CIENCIAS DE LA TIERRA,Coordinador de acreditación internacional,JEFATURA_SUPERVISION_OPERATIVA,False,,,GRADO,Ingeniería Civil,2020-01-28,2020-10-04,250,False,False,False,False,DOCENTE,DOCENTE_NO_TITULAR_OCASIONAL,False
53888,25,FACULTAD DE INGENIERÍA EN CIENCIAS DE LA TIERRA,Coordinador de acreditación internacional,JEFATURA_SUPERVISION_OPERATIVA,False,,,GRADO,Geología,2017-10-01,2024-04-04,2377,False,False,False,False,DOCENTE,DOCENTE_NO_TITULAR_OCASIONAL,False
53888,25,FACULTAD DE INGENIERÍA EN CIENCIAS DE LA TIERRA,Coordinador de prácticas empresariales,JEFATURA_SUPERVISION_OPERATIVA,False,,,GRADO,Geología,2017-10-01,2019-01-21,477,False,False,False,False,DOCENTE,DOCENTE_NO_TITULAR_OCASIONAL,False
53888,25,FACULTAD DE INGENIERÍA EN CIENCIAS DE LA TIERRA,Coordinador de vinculación con la sociedad,JEFATURA_SUPERVISION_OPERATIVA,False,,,GRADO,Geología,2023-10-02,2024-04-04,185,False,False,False,False,DOCENTE,DOCENTE_NO_TITULAR_OCASIONAL,False
53888,25,FACULTAD DE INGENIERÍA EN CIENCIAS DE LA TIERRA,Coordinador de prácticas empresariales,JEFATURA_SUPERVISION_OPERATIVA,False,,,GRADO,Geología,2024-03-01,2024-04-04,34,False,False,False,False,DOCENTE,DOCENTE_NO_TITULAR_OCASIONAL,False
53888,25,FACULTAD DE INGENIERÍA EN CIENCIAS DE LA TIERRA,Coordinador de acreditación internacional,JEFATURA_SUPERVISION_OPERATIVA,False,,,GRADO,Geología,2024-04-05,2025-10-29,572,False,False,False,False,DOCENTE,DOCENTE_NO_TITULAR_OCASIONAL,False
53888,25,FACULTAD DE INGENIERÍA EN CIENCIAS DE LA TIERRA,Coordinador de vinculación con la sociedad,JEFATURA_SUPERVISION_OPERATIVA,False,,,GRADO,Geología,2024-04-05,2027-02-12,1043,False,False,False,False,DOCENTE,DOCENTE_NO_TITULAR_OCASIONAL,False
53888,25,FACULTAD DE INGENIERÍA EN CIENCIAS DE LA TIERRA,Coordinador de prácticas empresariales,JEFATURA_SUPERVISION_OPERATIVA,False,,,GRADO,Geología,2024-04-05,2027-02-12,1043,False,False,False,False,DOCENTE,DOCENTE_NO_TITULAR_OCASIONAL,False
53888,25,FACULTAD DE INGENIERÍA EN CIENCIAS DE LA TIERRA,Coordinador de programa de postgrado,JEFATURA_SUPERVISION_OPERATIVA,False,,,POSGRADO,Maestría en Minas,2024-08-20,2026-10-31,802,False,False,False,False,DOCENTE,DOCENTE_NO_TITULAR_OCASIONAL,False
53888,25,FACULTAD DE INGENIERÍA EN CIENCIAS DE LA TIERRA,Coordinador de acreditación internacional,JEFATURA_SUPERVISION_OPERATIVA,False,,,GRADO,Geología,2025-10-30,2027-02-12,470,False,False,False,False,DOCENTE,DOCENTE_NO_TITULAR_OCASIONAL,False
53915,128,DIRECCIÓN DE SEGURIDAD Y CONTROL DE SISTEMAS,Subrogación,OTROS_AA,True,Director,AUTORIDAD_ADMINISTRATIVA_SUPERIOR,,,2023-02-23,2023-02-24,1,False,False,False,False,ADMINISTRATIVO,AUTORIDAD_ADMINISTRATIVA_SUPERIOR,True
53915,128,DIRECCIÓN DE SEGURIDAD Y CONTROL DE SISTEMAS,Subrogación,OTROS_AA,True,Director,AUTORIDAD_ADMINISTRATIVA_SUPERIOR,,,2023-03-31,2023-03-31,0,False,False,False,False,ADMINISTRATIVO,AUTORIDAD_ADMINISTRATIVA_SUPERIOR,True
53915,128,DIRECCIÓN DE SEGURIDAD Y CONTROL DE SISTEMAS,Subrogación,OTROS_AA,True,Director,AUTORIDAD_ADMINISTRATIVA_SUPERIOR,,,2023-09-29,2023-10-15,16,False,False,False,False,ADMINISTRATIVO,AUTORIDAD_ADMINISTRATIVA_SUPERIOR,True
53915,128,DIRECCIÓN DE SEGURIDAD Y CONTROL DE SISTEMAS,Subrogación,OTROS_AA,True,Director,AUTORIDAD_ADMINISTRATIVA_SUPERIOR,,,2023-11-27,2023-12-01,4,False,False,False,False,ADMINISTRATIVO,PROFESIONAL_ANALISTA,False
53915,128,DIRECCIÓN DE SEGURIDAD Y CONTROL DE SISTEMAS,Subrogación,OTROS_AA,True,Director,AUTORIDAD_ADMINISTRATIVA_SUPERIOR,,,2024-04-15,2024-04-19,4,False,False,False,False,ADMINISTRATIVO,PROFESIONAL_ANALISTA,False
53915,128,DIRECCIÓN DE SEGURIDAD Y CONTROL DE SISTEMAS,Subrogación,OTROS_AA,True,Director,AUTORIDAD_ADMINISTRATIVA_SUPERIOR,,,2024-06-03,2024-06-14,11,False,False,False,False,ADMINISTRATIVO,PROFESIONAL_ANALISTA,False
53915,128,DIRECCIÓN DE SEGURIDAD Y CONTROL DE SISTEMAS,Subrogación,OTROS_AA,True,Director,AUTORIDAD_ADMINISTRATIVA_SUPERIOR,,,2024-07-25,2024-09-13,50,False,False,False,False,ADMINISTRATIVO,AUTORIDAD_ADMINISTRATIVA_SUPERIOR,True
53915,128,DIRECCIÓN DE SEGURIDAD Y CONTROL DE SISTEMAS,Subrogación,OTROS_AA,True,Director,AUTORIDAD_ADMINISTRATIVA_SUPERIOR,,,2024-11-21,2024-12-06,15,False,False,False,False,ADMINISTRATIVO,PROFESIONAL_ANALISTA,False
53915,128,DIRECCIÓN DE SEGURIDAD Y CONTROL DE SISTEMAS,Subrogación,OTROS_AA,True,Director,AUTORIDAD_ADMINISTRATIVA_SUPERIOR,,,2025-10-22,2025-10-22,0,False,False,False,False,ADMINISTRATIVO,PROFESIONAL_ANALISTA,False
53915,128,DIRECCIÓN DE SEGURIDAD Y CONTROL DE SISTEMAS,Subrogación,OTROS_AA,True,Director,AUTORIDAD_ADMINISTRATIVA_SUPERIOR,,,2025-11-24,2025-12-05,11,False,False,False,False,ADMINISTRATIVO,PROFESIONAL_ANALISTA,False
53915,128,DIRECCIÓN DE SEGURIDAD Y CONTROL DE SISTEMAS,Subrogación,OTROS_AA,True,Director,AUTORIDAD_ADMINISTRATIVA_SUPERIOR,,,2026-06-01,2026-06-05,4,False,False,False,False,ADMINISTRATIVO,AUTORIDAD_ADMINISTRATIVA_SUPERIOR,True
53915,128,DIRECCIÓN DE SEGURIDAD Y CONTROL DE SISTEMAS,Subrogación,OTROS_AA,True,Director,AUTORIDAD_ADMINISTRATIVA_SUPERIOR,,,2026-09-15,2026-09-25,10,False,False,False,False,ADMINISTRATIVO,PROFESIONAL_ANALISTA,False
54155,17,FACULTAD DE CIENCIAS SOCIALES Y HUMANÍSTICAS,Miembro del consejo politécnico,OTROS_AA,False,,,,,2025-10-01,2028-09-30,1095,False,False,False,False,DOCENTE,DOCENTE_TITULAR_CARRERA,False
54209,27,ESCUELA DE DISEÑO Y COMUNICACIÓN VISUAL,Coordinador de carrera,JEFATURA_SUPERVISION_OPERATIVA,False,,,GRADO,Producción para Medios de Comunicación,2018-02-05,2018-02-06,1,False,False,False,False,,,
54259,27,ESCUELA DE DISEÑO Y COMUNICACIÓN VISUAL,Coordinador de carrera,JEFATURA_SUPERVISION_OPERATIVA,False,,,GRADO,Producción para Medios de Comunicación,2017-01-18,2017-09-30,255,False,False,False,False,,,
54701,16,FACULTAD DE INGENIERÍA EN ELECTRICIDAD Y COMPUTACIÓN,Coordinador de vinculación con la sociedad,JEFATURA_SUPERVISION_OPERATIVA,False,,,GRADO,Computación,2019-04-22,2019-09-17,148,False,False,False,False,DOCENTE,DOCENTE_NO_TITULAR_OCASIONAL,False
54744,25,FACULTAD DE INGENIERÍA EN CIENCIAS DE LA TIERRA,Coordinador de carrera,JEFATURA_SUPERVISION_OPERATIVA,False,,,GRADO,Petróleos,2015-10-19,2016-09-23,340,False,False,False,False,DOCENTE,DOCENTE_NO_TITULAR_OCASIONAL,False
54744,25,FACULTAD DE INGENIERÍA EN CIENCIAS DE LA TIERRA,Coordinador de programa de postgrado,JEFATURA_SUPERVISION_OPERATIVA,False,,,POSGRADO,Maestría en Petróleos,2020-02-28,2027-02-28,2557,False,False,False,False,DOCENTE,DOCENTE_NO_TITULAR_OCASIONAL,False
54860,55,DIRECCIÓN DE TALENTO HUMANO,Subrogación,OTROS_AA,True,Director,AUTORIDAD_ADMINISTRATIVA_SUPERIOR,,,2024-11-17,2024-12-06,19,False,False,False,False,ADMINISTRATIVO,PROFESIONAL_ANALISTA,False
54860,55,DIRECCIÓN DE TALENTO HUMANO,Subrogación,OTROS_AA,True,Director,AUTORIDAD_ADMINISTRATIVA_SUPERIOR,,,2025-09-10,2025-09-18,8,False,False,False,False,ADMINISTRATIVO,PROFESIONAL_ANALISTA,False
54860,55,DIRECCIÓN DE TALENTO HUMANO,Subrogación,OTROS_AA,True,Director,AUTORIDAD_ADMINISTRATIVA_SUPERIOR,,,2026-06-13,2026-06-21,8,False,False,False,False,ADMINISTRATIVO,AUTORIDAD_ADMINISTRATIVA_SUPERIOR,True
55101,26,ESCUELA DE POSTGRADO EN ADMINISTRACIÓN DE EMPRESAS,Coordinador de programa de postgrado,JEFATURA_SUPERVISION_OPERATIVA,False,,,POSGRADO,Maestría en Analítica de Negocios,2024-08-21,2025-02-16,179,False,False,False,False,DOCENTE,DOCENTE_NO_TITULAR_OCASIONAL,False
55753,22,FACULTAD DE INGENIERÍA MECÁNICA Y CIENCIAS DE LA PRODUCCIÓN,Coordinador de programa de postgrado,JEFATURA_SUPERVISION_OPERATIVA,False,,,POSGRADO,Maestría en Ciencia e Ingeniería de Materiales,2025-05-05,2027-11-01,910,False,False,False,False,DOCENTE,DOCENTE_NO_TITULAR_OCASIONAL,False
55814,22,FACULTAD DE INGENIERÍA MECÁNICA Y CIENCIAS DE LA PRODUCCIÓN,Coordinador de acreditación internacional,JEFATURA_SUPERVISION_OPERATIVA,False,,,GRADO,Mecánica,2020-02-24,2027-11-01,2807,False,False,False,False,DOCENTE,DOCENTE_NO_TITULAR_OCASIONAL,False
56180,16,FACULTAD DE INGENIERÍA EN ELECTRICIDAD Y COMPUTACIÓN,Coordinador de vinculación con la sociedad,JEFATURA_SUPERVISION_OPERATIVA,False,,,GRADO,Telemática,2019-08-19,2020-09-30,408,False,False,False,False,DOCENTE,DOCENTE_NO_TITULAR_OCASIONAL,False
56233,12,FACULTAD DE CIENCIAS NATURALES Y MATEMÁTICAS,Coordinador de acreditación internacional,JEFATURA_SUPERVISION_OPERATIVA,False,,,GRADO,Logistica y Transporte,2019-05-06,2022-02-18,1019,False,False,False,False,DOCENTE,DOCENTE_NO_TITULAR_OCASIONAL,False
56607,27,ESCUELA DE DISEÑO Y COMUNICACIÓN VISUAL,Coordinador de carrera,JEFATURA_SUPERVISION_OPERATIVA,False,,,GRADO,Diseño de Productos,2017-01-18,,3527,False,False,False,False,DOCENTE,DOCENTE_TITULAR_CARRERA,False
56607,27,ESCUELA DE DISEÑO Y COMUNICACIÓN VISUAL,Coordinador de carrera,JEFATURA_SUPERVISION_OPERATIVA,False,,,GRADO,Diseño de Productos,2017-02-18,2018-12-31,681,False,False,False,False,DOCENTE,DOCENTE_NO_TITULAR_OCASIONAL,False
56607,27,ESCUELA DE DISEÑO Y COMUNICACIÓN VISUAL,Coordinador de carrera,JEFATURA_SUPERVISION_OPERATIVA,False,,,GRADO,Diseño de Productos,2019-01-02,2019-01-23,21,False,False,False,False,DOCENTE,DOCENTE_NO_TITULAR_OCASIONAL,False
56607,88,"FACULTAD DE ARTE, DISEÑO Y COMUNICACIÓN AUDIOVISUAL",Coordinador de carrera,JEFATURA_SUPERVISION_OPERATIVA,False,,,GRADO,Diseño de Productos,2019-01-24,2020-02-21,393,False,False,False,False,DOCENTE,DOCENTE_NO_TITULAR_OCASIONAL,False
56607,88,"FACULTAD DE ARTE, DISEÑO Y COMUNICACIÓN AUDIOVISUAL",Coordinador de carrera,JEFATURA_SUPERVISION_OPERATIVA,False,,,GRADO,Diseño de Productos,2020-03-12,2020-05-27,76,False,False,False,False,DOCENTE,DOCENTE_NO_TITULAR_OCASIONAL,False
56607,88,"FACULTAD DE ARTE, DISEÑO Y COMUNICACIÓN AUDIOVISUAL",Coordinador de prácticas empresariales,JEFATURA_SUPERVISION_OPERATIVA,False,,,GRADO,Diseño de Productos,2021-01-08,2022-02-18,406,False,False,False,False,DOCENTE,DOCENTE_NO_TITULAR_OCASIONAL,False
56607,88,"FACULTAD DE ARTE, DISEÑO Y COMUNICACIÓN AUDIOVISUAL",Coordinador de prácticas empresariales,JEFATURA_SUPERVISION_OPERATIVA,False,,,GRADO,Diseño de Productos,2022-02-19,2024-02-19,730,False,False,False,False,DOCENTE,DOCENTE_TITULAR_CARRERA,False
56607,88,"FACULTAD DE ARTE, DISEÑO Y COMUNICACIÓN AUDIOVISUAL",Miembro del consejo directivo,OTROS_AA,False,,,,,2022-12-10,2025-12-09,1095,False,False,False,False,DOCENTE,DOCENTE_TITULAR_CARRERA,False
56607,88,"FACULTAD DE ARTE, DISEÑO Y COMUNICACIÓN AUDIOVISUAL",Coordinador de prácticas empresariales,JEFATURA_SUPERVISION_OPERATIVA,False,,,GRADO,Diseño de Productos,2024-02-20,2024-09-27,220,False,False,False,False,DOCENTE,DOCENTE_TITULAR_CARRERA,False
56607,88,"FACULTAD DE ARTE, DISEÑO Y COMUNICACIÓN AUDIOVISUAL",Subrogación,OTROS_AA,True,Subdecano,AUTORIDAD_ACADEMICA_SUPERIOR,,,2024-03-12,2024-03-28,16,False,False,False,False,DOCENTE,DOCENTE_TITULAR_CARRERA,False
56607,88,"FACULTAD DE ARTE, DISEÑO Y COMUNICACIÓN AUDIOVISUAL",Coordinador de prácticas empresariales,JEFATURA_SUPERVISION_OPERATIVA,False,,,GRADO,Diseño de Productos,2025-03-10,2026-02-13,340,False,False,False,False,DOCENTE,DOCENTE_TITULAR_CARRERA,False
56607,88,"FACULTAD DE ARTE, DISEÑO Y COMUNICACIÓN AUDIOVISUAL",Coordinador de prácticas empresariales,JEFATURA_SUPERVISION_OPERATIVA,False,,,GRADO,Diseño de Productos,2025-05-05,2024-11-26,0,False,True,False,False,DOCENTE,DOCENTE_TITULAR_CARRERA,False
56607,88,"FACULTAD DE ARTE, DISEÑO Y COMUNICACIÓN AUDIOVISUAL",Coordinador de vinculación con la sociedad,JEFATURA_SUPERVISION_OPERATIVA,False,,,GRADO,Diseño de Productos,2025-05-05,2024-11-12,0,False,True,False,False,DOCENTE,DOCENTE_TITULAR_CARRERA,False
56607,88,"FACULTAD DE ARTE, DISEÑO Y COMUNICACIÓN AUDIOVISUAL",Coordinador de prácticas empresariales,JEFATURA_SUPERVISION_OPERATIVA,False,,,GRADO,Diseño de Productos,2026-02-14,2026-08-20,187,False,False,False,False,DOCENTE,DOCENTE_TITULAR_CARRERA,False
56628,25,FACULTAD DE INGENIERÍA EN CIENCIAS DE LA TIERRA,Coordinador de programa de postgrado,JEFATURA_SUPERVISION_OPERATIVA,False,,,POSGRADO,Maestría en Ingeniería Civil,2021-02-01,2028-05-31,2676,False,False,False,False,DOCENTE,DOCENTE_TITULAR_CARRERA,False
56628,25,FACULTAD DE INGENIERÍA EN CIENCIAS DE LA TIERRA,Miembro del consejo politécnico,OTROS_AA,False,,,,,2025-10-01,2028-09-30,1095,False,False,False,False,DOCENTE,DOCENTE_TITULAR_CARRERA,False
56639,12,FACULTAD DE CIENCIAS NATURALES Y MATEMÁTICAS,Coordinador de vinculación con la sociedad,JEFATURA_SUPERVISION_OPERATIVA,False,,,GRADO,Logistica y Transporte,2019-05-06,2019-10-13,160,False,False,False,False,DOCENTE,DOCENTE_NO_TITULAR_OCASIONAL,False
56639,12,FACULTAD DE CIENCIAS NATURALES Y MATEMÁTICAS,Coordinador de carrera,JEFATURA_SUPERVISION_OPERATIVA,False,,,GRADO,Estadística,2019-09-11,2023-02-17,1255,False,False,False,False,DOCENTE,DOCENTE_NO_TITULAR_OCASIONAL,False
56639,12,FACULTAD DE CIENCIAS NATURALES Y MATEMÁTICAS,Coordinador de programa de postgrado,JEFATURA_SUPERVISION_OPERATIVA,False,,,POSGRADO,Maestría en Estadística,2019-10-01,2022-11-01,1127,False,False,False,False,DOCENTE,DOCENTE_NO_TITULAR_OCASIONAL,False
56639,12,FACULTAD DE CIENCIAS NATURALES Y MATEMÁTICAS,Coordinador de prácticas empresariales,JEFATURA_SUPERVISION_OPERATIVA,False,,,GRADO,Estadística,2023-01-25,2026-02-13,1115,False,False,False,False,DOCENTE,DOCENTE_NO_TITULAR_OCASIONAL,False
56639,12,FACULTAD DE CIENCIAS NATURALES Y MATEMÁTICAS,Coordinador de prácticas empresariales,JEFATURA_SUPERVISION_OPERATIVA,False,,,GRADO,Estadística,2023-02-20,2023-01-24,0,False,True,False,False,DOCENTE,DOCENTE_NO_TITULAR_OCASIONAL,False
56639,12,FACULTAD DE CIENCIAS NATURALES Y MATEMÁTICAS,Coordinador de acreditación internacional,JEFATURA_SUPERVISION_OPERATIVA,False,,,GRADO,Estadística,2023-02-20,,1303,False,False,False,False,DOCENTE,DOCENTE_NO_TITULAR_OCASIONAL,False
56798,27,ESCUELA DE DISEÑO Y COMUNICACIÓN VISUAL,Coordinador de carrera,JEFATURA_SUPERVISION_OPERATIVA,False,,,GRADO,Producción para Medios de Comunicación,2017-10-01,2018-02-05,127,False,False,False,False,DOCENTE,DOCENTE_NO_TITULAR_OCASIONAL,False
56798,27,ESCUELA DE DISEÑO Y COMUNICACIÓN VISUAL,Coordinador de carrera,JEFATURA_SUPERVISION_OPERATIVA,False,,,GRADO,Producción para Medios de Comunicación,2017-10-01,2018-03-30,180,False,False,False,False,DOCENTE,DOCENTE_NO_TITULAR_OCASIONAL,False
57074,143,DIRECCIÓN DE SOSTENIBILIDAD,Director,AUTORIDAD_ADMINISTRATIVA_SUPERIOR,False,,,,,2023-11-01,,1049,False,False,False,False,ADMINISTRATIVO,AUTORIDAD_ADMINISTRATIVA_SUPERIOR,True
57199,16,FACULTAD DE INGENIERÍA EN ELECTRICIDAD Y COMPUTACIÓN,Coordinador de prácticas empresariales,JEFATURA_SUPERVISION_OPERATIVA,False,,,GRADO,Computación,2017-05-02,2017-09-22,143,False,False,False,False,DOCENTE,DOCENTE_NO_TITULAR_OCASIONAL,False
57199,16,FACULTAD DE INGENIERÍA EN ELECTRICIDAD Y COMPUTACIÓN,Coordinador de prácticas empresariales,JEFATURA_SUPERVISION_OPERATIVA,False,,,GRADO,Computación,2017-10-04,2018-08-26,326,False,False,False,False,DOCENTE,TECNICO_DOCENTE_APOYO,False
57204,16,FACULTAD DE INGENIERÍA EN ELECTRICIDAD Y COMPUTACIÓN,Coordinador de carrera,JEFATURA_SUPERVISION_OPERATIVA,False,,,GRADO,Electricidad,2025-11-16,2025-11-18,2,False,False,False,False,DOCENTE,DOCENTE_NO_TITULAR_OCASIONAL,False
57204,16,FACULTAD DE INGENIERÍA EN ELECTRICIDAD Y COMPUTACIÓN,Coordinador de carrera,JEFATURA_SUPERVISION_OPERATIVA,False,,,GRADO,Electricidad,2025-11-19,2025-11-18,0,False,True,False,False,DOCENTE,DOCENTE_NO_TITULAR_OCASIONAL,False
57204,16,FACULTAD DE INGENIERÍA EN ELECTRICIDAD Y COMPUTACIÓN,Coordinador de carrera,JEFATURA_SUPERVISION_OPERATIVA,False,,,GRADO,Electricidad,2025-11-19,,300,False,False,False,False,DOCENTE,DOCENTE_NO_TITULAR_OCASIONAL,False
57394,22,FACULTAD DE INGENIERÍA MECÁNICA Y CIENCIAS DE LA PRODUCCIÓN,Coordinador de vinculación con la sociedad,JEFATURA_SUPERVISION_OPERATIVA,False,,,GRADO,Materiales,2021-05-17,2022-04-01,319,False,False,False,False,DOCENTE,TECNICO_DOCENTE_APOYO,False
58621,125,DIRECCIÓN DE ADQUISICIONES,Subrogación,OTROS_AA,True,Director,AUTORIDAD_ADMINISTRATIVA_SUPERIOR,,,2023-03-02,2023-03-07,5,False,False,False,False,ADMINISTRATIVO,AUTORIDAD_ADMINISTRATIVA_SUPERIOR,True
58621,125,DIRECCIÓN DE ADQUISICIONES,Subrogación,OTROS_AA,True,Director,AUTORIDAD_ADMINISTRATIVA_SUPERIOR,,,2024-05-16,2024-05-23,7,False,False,False,False,ADMINISTRATIVO,PROFESIONAL_ANALISTA,False
58621,125,DIRECCIÓN DE ADQUISICIONES,Subrogación,OTROS_AA,True,Director,AUTORIDAD_ADMINISTRATIVA_SUPERIOR,,,2026-04-20,2026-05-05,15,False,False,False,False,ADMINISTRATIVO,AUTORIDAD_ADMINISTRATIVA_SUPERIOR,True
58621,125,DIRECCIÓN DE ADQUISICIONES,Subrogación,OTROS_AA,True,Director,AUTORIDAD_ADMINISTRATIVA_SUPERIOR,,,2026-09-10,2026-09-25,15,False,False,False,False,ADMINISTRATIVO,PROFESIONAL_ANALISTA,False
58645,22,FACULTAD DE INGENIERÍA MECÁNICA Y CIENCIAS DE LA PRODUCCIÓN,Coordinador de prácticas empresariales,JEFATURA_SUPERVISION_OPERATIVA,False,,,GRADO,Ingeniería Industrial,2017-09-25,2018-10-08,378,False,False,False,False,DOCENTE,DOCENTE_NO_TITULAR_OCASIONAL,False
58645,22,FACULTAD DE INGENIERÍA MECÁNICA Y CIENCIAS DE LA PRODUCCIÓN,Coordinador de carrera,JEFATURA_SUPERVISION_OPERATIVA,False,,,GRADO,Ingeniería Industrial,2018-09-28,2024-09-08,2172,False,False,False,False,DOCENTE,DOCENTE_NO_TITULAR_OCASIONAL,False
58645,12,FACULTAD DE CIENCIAS NATURALES Y MATEMÁTICAS,Miembro del consejo directivo,OTROS_AA,False,,,,,2022-11-16,2022-11-25,9,False,False,False,False,DOCENTE,DOCENTE_NO_TITULAR_OCASIONAL,False
58645,22,FACULTAD DE INGENIERÍA MECÁNICA Y CIENCIAS DE LA PRODUCCIÓN,Miembro del consejo directivo,OTROS_AA,False,,,,,2022-11-16,2022-12-09,23,False,False,False,False,DOCENTE,DOCENTE_NO_TITULAR_OCASIONAL,False
58645,22,FACULTAD DE INGENIERÍA MECÁNICA Y CIENCIAS DE LA PRODUCCIÓN,Coordinador de vinculación con la sociedad,JEFATURA_SUPERVISION_OPERATIVA,False,,,GRADO,Ingeniería Industrial,2026-03-18,2027-11-01,593,False,False,False,False,DOCENTE,DOCENTE_NO_TITULAR_OCASIONAL,False
58710,25,FACULTAD DE INGENIERÍA EN CIENCIAS DE LA TIERRA,Coordinador de carrera,JEFATURA_SUPERVISION_OPERATIVA,False,,,GRADO,Ingeniería Civil,2019-09-23,2020-03-05,164,False,False,False,False,DOCENTE,DOCENTE_NO_TITULAR_OCASIONAL,False
58710,25,FACULTAD DE INGENIERÍA EN CIENCIAS DE LA TIERRA,Coordinador de acreditación internacional,JEFATURA_SUPERVISION_OPERATIVA,False,,,GRADO,Ingeniería Civil,2020-10-05,2021-01-03,90,False,False,False,False,DOCENTE,DOCENTE_NO_TITULAR_OCASIONAL,False
58710,25,FACULTAD DE INGENIERÍA EN CIENCIAS DE LA TIERRA,Coordinador de acreditación internacional,JEFATURA_SUPERVISION_OPERATIVA,False,,,GRADO,Ingeniería Civil,2021-01-04,2025-02-14,1502,False,False,False,False,DOCENTE,DOCENTE_NO_TITULAR_OCASIONAL,False
58710,25,FACULTAD DE INGENIERÍA EN CIENCIAS DE LA TIERRA,Coordinador general de postgrado,JEFATURA_SUPERVISION_OPERATIVA,False,,,,,2022-01-02,2023-05-01,484,False,False,False,False,DOCENTE,DOCENTE_NO_TITULAR_OCASIONAL,False
58710,25,FACULTAD DE INGENIERÍA EN CIENCIAS DE LA TIERRA,Coordinador de carrera,JEFATURA_SUPERVISION_OPERATIVA,False,,,GRADO,Ingeniería Civil,2023-03-30,2023-06-15,77,False,False,False,False,DOCENTE,DOCENTE_NO_TITULAR_OCASIONAL,False
58710,25,FACULTAD DE INGENIERÍA EN CIENCIAS DE LA TIERRA,Coordinador general de postgrado,JEFATURA_SUPERVISION_OPERATIVA,False,,,,,2023-05-12,2024-05-31,385,False,False,False,False,DOCENTE,DOCENTE_NO_TITULAR_OCASIONAL,False
58710,25,FACULTAD DE INGENIERÍA EN CIENCIAS DE LA TIERRA,Coordinador general de postgrado,JEFATURA_SUPERVISION_OPERATIVA,False,,,,,2024-06-01,2024-07-31,60,False,False,False,False,DOCENTE,DOCENTE_NO_TITULAR_OCASIONAL,False
58749,16,FACULTAD DE INGENIERÍA EN ELECTRICIDAD Y COMPUTACIÓN,Coordinador de prácticas empresariales,JEFATURA_SUPERVISION_OPERATIVA,False,,,GRADO,Electrónica y Automatización,2025-03-06,2026-03-08,367,False,False,False,False,DOCENTE,DOCENTE_NO_TITULAR_OCASIONAL,False
58749,16,FACULTAD DE INGENIERÍA EN ELECTRICIDAD Y COMPUTACIÓN,Coordinador de prácticas empresariales,JEFATURA_SUPERVISION_OPERATIVA,False,,,GRADO,Electrónica y Automatización,2026-03-09,2026-03-27,18,False,False,False,False,DOCENTE,DOCENTE_NO_TITULAR_OCASIONAL,False
58819,16,FACULTAD DE INGENIERÍA EN ELECTRICIDAD Y COMPUTACIÓN,Coordinador de prácticas empresariales,JEFATURA_SUPERVISION_OPERATIVA,False,,,GRADO,Electricidad,2017-10-04,2024-02-16,2326,False,False,False,False,DOCENTE,DOCENTE_NO_TITULAR_OCASIONAL,False
58819,16,FACULTAD DE INGENIERÍA EN ELECTRICIDAD Y COMPUTACIÓN,Coordinador de programa de postgrado,JEFATURA_SUPERVISION_OPERATIVA,False,,,POSGRADO,Maestría en Sistemas Eléctricos de Potencia,2018-05-01,2024-02-29,2130,False,False,False,False,DOCENTE,DOCENTE_NO_TITULAR_OCASIONAL,False
58819,16,FACULTAD DE INGENIERÍA EN ELECTRICIDAD Y COMPUTACIÓN,Coordinador de programa de postgrado,JEFATURA_SUPERVISION_OPERATIVA,False,,,POSGRADO,Maestría en Electricidad,2020-09-15,2024-02-29,1262,False,False,False,False,DOCENTE,DOCENTE_NO_TITULAR_OCASIONAL,False
58861,25,FACULTAD DE INGENIERÍA EN CIENCIAS DE LA TIERRA,Coordinador de vinculación con la sociedad,JEFATURA_SUPERVISION_OPERATIVA,False,,,GRADO,Ingeniería Civil,2017-09-29,2018-09-19,355,False,False,False,False,,,
58968,61,FACULTAD DE CIENCIAS DE LA VIDA,Miembro del consejo directivo,OTROS_AA,False,,,,,2015-10-14,2018-10-13,1095,False,False,False,False,DOCENTE,DOCENTE_TITULAR_CARRERA,False
58968,61,FACULTAD DE CIENCIAS DE LA VIDA,Coordinador de programa de postgrado,JEFATURA_SUPERVISION_OPERATIVA,False,,,POSGRADO,Doctorado en Biociencias Aplicadas,2018-12-31,2020-03-31,456,False,False,False,False,DOCENTE,DOCENTE_TITULAR_CARRERA,False
58968,61,FACULTAD DE CIENCIAS DE LA VIDA,Miembro del consejo politécnico,OTROS_AA,False,,,,,2019-08-22,2022-08-21,1095,False,False,False,False,DOCENTE,DOCENTE_TITULAR_CARRERA,False
58968,61,FACULTAD DE CIENCIAS DE LA VIDA,Coordinador de programa de postgrado,JEFATURA_SUPERVISION_OPERATIVA,False,,,POSGRADO,Doctorado en Biociencias Aplicadas,2021-01-01,2027-02-12,2233,False,False,False,False,DOCENTE,DOCENTE_TITULAR_CARRERA,False
58968,61,FACULTAD DE CIENCIAS DE LA VIDA,Miembro del consejo politécnico,OTROS_AA,False,,,,,2022-09-01,2022-11-08,68,False,False,False,False,DOCENTE,DOCENTE_TITULAR_CARRERA,False
58968,37,CENTRO DE INVESTIGACIONES BIOTECNOLÓGICAS DEL ECUADOR,Director,AUTORIDAD_ADMINISTRATIVA_SUPERIOR,False,,,,,2024-09-13,2024-09-23,10,False,False,False,False,DOCENTE,DOCENTE_TITULAR_CARRERA,False
58968,37,CENTRO DE INVESTIGACIONES BIOTECNOLÓGICAS DEL ECUADOR,Director,AUTORIDAD_ADMINISTRATIVA_SUPERIOR,False,,,,,2024-12-12,2024-12-31,19,False,False,False,False,DOCENTE,DOCENTE_TITULAR_CARRERA,False
58968,37,CENTRO DE INVESTIGACIONES BIOTECNOLÓGICAS DEL ECUADOR,Director,AUTORIDAD_ADMINISTRATIVA_SUPERIOR,False,,,,,2025-02-12,2025-02-21,9,False,False,False,False,DOCENTE,DOCENTE_TITULAR_CARRERA,False
58968,37,CENTRO DE INVESTIGACIONES BIOTECNOLÓGICAS DEL ECUADOR,Director,AUTORIDAD_ADMINISTRATIVA_SUPERIOR,False,,,,,2025-07-22,2025-07-24,2,False,False,False,False,DOCENTE,DOCENTE_TITULAR_CARRERA,False
58968,37,CENTRO DE INVESTIGACIONES BIOTECNOLÓGICAS DEL ECUADOR,Director,AUTORIDAD_ADMINISTRATIVA_SUPERIOR,False,,,,,2025-08-27,2025-08-30,3,False,False,False,False,DOCENTE,DOCENTE_TITULAR_CARRERA,False
58968,37,CENTRO DE INVESTIGACIONES BIOTECNOLÓGICAS DEL ECUADOR,Director,AUTORIDAD_ADMINISTRATIVA_SUPERIOR,False,,,,,2025-10-30,2025-10-31,1,False,False,False,False,DOCENTE,DOCENTE_TITULAR_CARRERA,False
58968,37,CENTRO DE INVESTIGACIONES BIOTECNOLÓGICAS DEL ECUADOR,Director,AUTORIDAD_ADMINISTRATIVA_SUPERIOR,False,,,,,2025-12-17,2025-12-22,5,False,False,False,False,DOCENTE,DOCENTE_TITULAR_CARRERA,False
58968,37,CENTRO DE INVESTIGACIONES BIOTECNOLÓGICAS DEL ECUADOR,Director,AUTORIDAD_ADMINISTRATIVA_SUPERIOR,False,,,,,2026-01-30,2026-01-30,0,False,False,False,False,DOCENTE,DOCENTE_TITULAR_CARRERA,False
58968,37,CENTRO DE INVESTIGACIONES BIOTECNOLÓGICAS DEL ECUADOR,Director,AUTORIDAD_ADMINISTRATIVA_SUPERIOR,False,,,,,2026-02-06,2026-02-11,5,False,False,False,False,DOCENTE,DOCENTE_TITULAR_CARRERA,False
58968,37,CENTRO DE INVESTIGACIONES BIOTECNOLÓGICAS DEL ECUADOR,Director,AUTORIDAD_ADMINISTRATIVA_SUPERIOR,False,,,,,2026-02-14,2026-04-19,64,False,False,False,False,DOCENTE,DOCENTE_TITULAR_CARRERA,False
58968,37,CENTRO DE INVESTIGACIONES BIOTECNOLÓGICAS DEL ECUADOR,Director,AUTORIDAD_ADMINISTRATIVA_SUPERIOR,False,,,,,2026-04-26,2026-05-05,9,False,False,False,False,DOCENTE,DOCENTE_TITULAR_CARRERA,False
58968,37,CENTRO DE INVESTIGACIONES BIOTECNOLÓGICAS DEL ECUADOR,Subrogación,OTROS_AA,True,Director,AUTORIDAD_ADMINISTRATIVA_SUPERIOR,,,2026-09-07,2026-09-20,13,False,False,False,False,DOCENTE,DOCENTE_TITULAR_CARRERA,False
58968,37,CENTRO DE INVESTIGACIONES BIOTECNOLÓGICAS DEL ECUADOR,Director,AUTORIDAD_ADMINISTRATIVA_SUPERIOR,False,,,,,2026-09-07,2026-09-20,13,False,False,False,False,DOCENTE,DOCENTE_TITULAR_CARRERA,False
59104,22,FACULTAD DE INGENIERÍA MECÁNICA Y CIENCIAS DE LA PRODUCCIÓN,Coordinador de prácticas empresariales,JEFATURA_SUPERVISION_OPERATIVA,False,,,GRADO,Alimentos,2020-01-29,2020-02-05,7,False,False,False,False,DOCENTE,DOCENTE_NO_TITULAR_OCASIONAL,False
59104,22,FACULTAD DE INGENIERÍA MECÁNICA Y CIENCIAS DE LA PRODUCCIÓN,Coordinador de prácticas empresariales,JEFATURA_SUPERVISION_OPERATIVA,False,,,GRADO,Alimentos,2020-02-24,2022-09-23,942,False,False,False,False,DOCENTE,DOCENTE_NO_TITULAR_OCASIONAL,False
59239,25,FACULTAD DE INGENIERÍA EN CIENCIAS DE LA TIERRA,Coordinador de acreditación internacional,JEFATURA_SUPERVISION_OPERATIVA,False,,,GRADO,Minas,2019-05-02,2019-06-24,53,False,False,False,False,DOCENTE,DOCENTE_NO_TITULAR_OCASIONAL,False
59484,22,FACULTAD DE INGENIERÍA MECÁNICA Y CIENCIAS DE LA PRODUCCIÓN,Coordinador de carrera,JEFATURA_SUPERVISION_OPERATIVA,False,,,GRADO,Mecánica,2022-10-03,2027-11-01,1855,False,False,False,False,DOCENTE,DOCENTE_NO_TITULAR_OCASIONAL,False
59524,135,GERENCIA DE BIENESTAR POLITÉCNICO,Subrogación,OTROS_AA,True,Gerente,AUTORIDAD_ADMINISTRATIVA_SUPERIOR,,,2025-12-19,2025-12-31,12,False,False,False,False,ADMINISTRATIVO,PROFESIONAL_ANALISTA,False
59524,135,GERENCIA DE BIENESTAR POLITÉCNICO,Subrogación,OTROS_AA,True,Gerente,AUTORIDAD_ADMINISTRATIVA_SUPERIOR,,,2026-03-16,2026-03-22,6,False,False,False,False,ADMINISTRATIVO,AUTORIDAD_ADMINISTRATIVA_SUPERIOR,True
59524,135,GERENCIA DE BIENESTAR POLITÉCNICO,Subrogación,OTROS_AA,True,Gerente,AUTORIDAD_ADMINISTRATIVA_SUPERIOR,,,2026-04-20,2026-05-04,14,False,False,False,False,ADMINISTRATIVO,AUTORIDAD_ADMINISTRATIVA_SUPERIOR,True
59524,135,GERENCIA DE BIENESTAR POLITÉCNICO,Subrogación,OTROS_AA,True,Gerente,AUTORIDAD_ADMINISTRATIVA_SUPERIOR,,,2026-07-15,2026-07-22,7,False,False,False,False,ADMINISTRATIVO,AUTORIDAD_ADMINISTRATIVA_SUPERIOR,True
59525,12,FACULTAD DE CIENCIAS NATURALES Y MATEMÁTICAS,Coordinador de prácticas empresariales,JEFATURA_SUPERVISION_OPERATIVA,False,,,GRADO,Estadística,2026-02-16,,211,False,False,False,False,DOCENTE,DOCENTE_NO_TITULAR_OCASIONAL,False
59670,16,FACULTAD DE INGENIERÍA EN ELECTRICIDAD Y COMPUTACIÓN,Coordinador de prácticas empresariales,JEFATURA_SUPERVISION_OPERATIVA,False,,,GRADO,Telecomunicaciones,2017-10-04,2018-01-21,109,False,False,False,False,DOCENTE,TECNICO_DOCENTE_APOYO,False
59852,56,DIRECCIÓN DE ADQUISICIONES Y SUMINISTROS,Subrogación,OTROS_AA,True,Director,AUTORIDAD_ADMINISTRATIVA_SUPERIOR,,,2020-11-04,2020-11-06,2,False,False,False,False,ADMINISTRATIVO,AUTORIDAD_ADMINISTRATIVA_SUPERIOR,True
59955,16,FACULTAD DE INGENIERÍA EN ELECTRICIDAD Y COMPUTACIÓN,Coordinador de vinculación con la sociedad,JEFATURA_SUPERVISION_OPERATIVA,False,,,GRADO,Telecomunicaciones,2018-08-27,2024-11-24,2281,False,False,False,False,DOCENTE,TECNICO_DOCENTE_APOYO,False
59958,58,DIRECCIÓN DE SEGURIDAD Y SALUD OCUPACIONAL,Director,AUTORIDAD_ADMINISTRATIVA_SUPERIOR,False,,,,,2017-12-01,2018-10-31,334,False,False,False,False,ADMINISTRATIVO,PROFESIONAL_ANALISTA,False
60020,22,FACULTAD DE INGENIERÍA MECÁNICA Y CIENCIAS DE LA PRODUCCIÓN,Coordinador de carrera,JEFATURA_SUPERVISION_OPERATIVA,False,,,GRADO,Alimentos,2020-01-25,2023-08-20,1303,False,False,False,False,DOCENTE,DOCENTE_NO_TITULAR_OCASIONAL,False
60020,22,FACULTAD DE INGENIERÍA MECÁNICA Y CIENCIAS DE LA PRODUCCIÓN,Miembro del consejo directivo,OTROS_AA,False,,,,,2022-10-03,2022-12-09,67,False,False,False,False,DOCENTE,DOCENTE_NO_TITULAR_OCASIONAL,False
60114,12,FACULTAD DE CIENCIAS NATURALES Y MATEMÁTICAS,Coordinador de programa de postgrado,JEFATURA_SUPERVISION_OPERATIVA,False,,,POSGRADO,Maestría en Gestión Ambiental,2023-10-19,2025-06-17,607,False,False,False,False,DOCENTE,DOCENTE_NO_TITULAR_OCASIONAL,False
60149,12,FACULTAD DE CIENCIAS NATURALES Y MATEMÁTICAS,Coordinador de acreditación internacional,JEFATURA_SUPERVISION_OPERATIVA,False,,,GRADO,Ingeniería Química,2017-10-02,2018-03-30,179,False,False,False,False,,,
60149,12,FACULTAD DE CIENCIAS NATURALES Y MATEMÁTICAS,Coordinador de acreditación internacional,JEFATURA_SUPERVISION_OPERATIVA,False,,,GRADO,Ingeniería Química,2019-05-06,2019-06-03,28,False,False,False,False,,,
60260,25,FACULTAD DE INGENIERÍA EN CIENCIAS DE LA TIERRA,Coordinador de carrera,JEFATURA_SUPERVISION_OPERATIVA,False,,,GRADO,Ingeniería Civil,2018-04-26,2019-09-22,514,False,False,False,False,DOCENTE,DOCENTE_NO_TITULAR_OCASIONAL,False
60260,25,FACULTAD DE INGENIERÍA EN CIENCIAS DE LA TIERRA,Coordinador de carrera,JEFATURA_SUPERVISION_OPERATIVA,False,,,GRADO,Ingeniería Civil,2020-03-06,2023-03-29,1118,False,False,False,False,DOCENTE,DOCENTE_NO_TITULAR_OCASIONAL,False
60260,25,FACULTAD DE INGENIERÍA EN CIENCIAS DE LA TIERRA,Coordinador de carrera,JEFATURA_SUPERVISION_OPERATIVA,False,,,GRADO,Ingeniería Civil,2023-06-16,2023-10-01,107,False,False,False,False,DOCENTE,DOCENTE_NO_TITULAR_OCASIONAL,False
60347,22,FACULTAD DE INGENIERÍA MECÁNICA Y CIENCIAS DE LA PRODUCCIÓN,Miembro del consejo politécnico,OTROS_AA,False,,,,,2025-10-01,2028-09-30,1095,False,False,False,False,DOCENTE,DOCENTE_TITULAR_CARRERA,False
60347,121,CENTRO DE ESTUDIOS ASIA-PACÍFICO,Director,AUTORIDAD_ADMINISTRATIVA_SUPERIOR,False,,,,,2026-03-26,2026-04-17,22,False,False,False,False,DOCENTE,DOCENTE_TITULAR_CARRERA,False
60474,22,FACULTAD DE INGENIERÍA MECÁNICA Y CIENCIAS DE LA PRODUCCIÓN,Coordinador de acreditación internacional,JEFATURA_SUPERVISION_OPERATIVA,False,,,GRADO,Ingeniería Industrial,2018-01-19,2019-08-09,567,False,False,False,False,DOCENTE,DOCENTE_NO_TITULAR_OCASIONAL,False
60474,22,FACULTAD DE INGENIERÍA MECÁNICA Y CIENCIAS DE LA PRODUCCIÓN,Coordinador de prácticas empresariales,JEFATURA_SUPERVISION_OPERATIVA,False,,,GRADO,Ingeniería Industrial,2025-02-17,2025-02-17,0,False,False,False,False,DOCENTE,DOCENTE_CONTRATADO_SERVICIOS_CIVILES,False
60474,22,FACULTAD DE INGENIERÍA MECÁNICA Y CIENCIAS DE LA PRODUCCIÓN,Coordinador de vinculación con la sociedad,JEFATURA_SUPERVISION_OPERATIVA,False,,,GRADO,Ingeniería Industrial,2025-02-18,2026-03-08,383,False,False,False,False,DOCENTE,DOCENTE_NO_TITULAR_OCASIONAL,False
60559,16,FACULTAD DE INGENIERÍA EN ELECTRICIDAD Y COMPUTACIÓN,Subdecano,AUTORIDAD_ACADEMICA_SUPERIOR,False,,,,,2025-04-01,,532,False,False,False,False,DOCENTE,DOCENTE_TITULAR_CARRERA,False
60559,16,FACULTAD DE INGENIERÍA EN ELECTRICIDAD Y COMPUTACIÓN,Subrogación,OTROS_AA,True,Decano,AUTORIDAD_ACADEMICA_SUPERIOR,,,2025-04-08,2025-04-18,10,False,False,False,False,DOCENTE,DOCENTE_TITULAR_CARRERA,False
60559,16,FACULTAD DE INGENIERÍA EN ELECTRICIDAD Y COMPUTACIÓN,Subrogación,OTROS_AA,True,Decano,AUTORIDAD_ACADEMICA_SUPERIOR,,,2025-05-27,2025-05-31,4,False,False,False,False,DOCENTE,DOCENTE_TITULAR_CARRERA,False
60559,16,FACULTAD DE INGENIERÍA EN ELECTRICIDAD Y COMPUTACIÓN,Subrogación,OTROS_AA,True,Decano,AUTORIDAD_ACADEMICA_SUPERIOR,,,2025-06-26,2025-06-26,0,False,False,False,False,DOCENTE,DOCENTE_TITULAR_CARRERA,False
60559,16,FACULTAD DE INGENIERÍA EN ELECTRICIDAD Y COMPUTACIÓN,Subrogación,OTROS_AA,True,Decano,AUTORIDAD_ACADEMICA_SUPERIOR,,,2025-07-01,2025-07-04,3,False,False,False,False,DOCENTE,DOCENTE_TITULAR_CARRERA,False
60559,16,FACULTAD DE INGENIERÍA EN ELECTRICIDAD Y COMPUTACIÓN,Subrogación,OTROS_AA,True,Decano,AUTORIDAD_ACADEMICA_SUPERIOR,,,2025-07-07,2025-07-08,1,False,False,False,False,DOCENTE,DOCENTE_TITULAR_CARRERA,False
60559,16,FACULTAD DE INGENIERÍA EN ELECTRICIDAD Y COMPUTACIÓN,Subrogación,OTROS_AA,True,Decano,AUTORIDAD_ACADEMICA_SUPERIOR,,,2025-09-22,2025-09-23,1,False,False,False,False,DOCENTE,DOCENTE_TITULAR_CARRERA,False
60559,16,FACULTAD DE INGENIERÍA EN ELECTRICIDAD Y COMPUTACIÓN,Subrogación,OTROS_AA,True,Decano,AUTORIDAD_ACADEMICA_SUPERIOR,,,2025-10-11,2025-10-22,11,False,False,False,False,DOCENTE,DOCENTE_CONTRATADO_SERVICIOS_CIVILES,False
60559,16,FACULTAD DE INGENIERÍA EN ELECTRICIDAD Y COMPUTACIÓN,Subrogación,OTROS_AA,True,Decano,AUTORIDAD_ACADEMICA_SUPERIOR,,,2025-12-22,2025-12-24,2,False,False,False,False,DOCENTE,DOCENTE_TITULAR_CARRERA,False
60559,16,FACULTAD DE INGENIERÍA EN ELECTRICIDAD Y COMPUTACIÓN,Subrogación,OTROS_AA,True,Decano,AUTORIDAD_ACADEMICA_SUPERIOR,,,2026-01-27,2026-01-30,3,False,False,False,False,DOCENTE,DOCENTE_TITULAR_CARRERA,False
60559,16,FACULTAD DE INGENIERÍA EN ELECTRICIDAD Y COMPUTACIÓN,Subrogación,OTROS_AA,True,Decano,AUTORIDAD_ACADEMICA_SUPERIOR,,,2026-02-02,2026-02-06,4,False,False,False,False,DOCENTE,DOCENTE_TITULAR_CARRERA,False
60559,16,FACULTAD DE INGENIERÍA EN ELECTRICIDAD Y COMPUTACIÓN,Subrogación,OTROS_AA,True,Decano,AUTORIDAD_ACADEMICA_SUPERIOR,,,2026-02-27,2026-03-03,4,False,False,False,False,DOCENTE,AUTORIDAD_ACADEMICA_SUPERIOR,True
60559,16,FACULTAD DE INGENIERÍA EN ELECTRICIDAD Y COMPUTACIÓN,Subrogación,OTROS_AA,True,Decano,AUTORIDAD_ACADEMICA_SUPERIOR,,,2026-03-10,2026-03-10,0,False,False,False,False,DOCENTE,AUTORIDAD_ACADEMICA_SUPERIOR,True
60559,16,FACULTAD DE INGENIERÍA EN ELECTRICIDAD Y COMPUTACIÓN,Subrogación,OTROS_AA,True,Decano,AUTORIDAD_ACADEMICA_SUPERIOR,,,2026-04-24,2026-04-30,6,False,False,False,False,DOCENTE,AUTORIDAD_ACADEMICA_SUPERIOR,True
60559,16,FACULTAD DE INGENIERÍA EN ELECTRICIDAD Y COMPUTACIÓN,Subrogación,OTROS_AA,True,Decano,AUTORIDAD_ACADEMICA_SUPERIOR,,,2026-05-24,2026-05-30,6,False,False,False,False,DOCENTE,AUTORIDAD_ACADEMICA_SUPERIOR,True
60559,16,FACULTAD DE INGENIERÍA EN ELECTRICIDAD Y COMPUTACIÓN,Subrogación,OTROS_AA,True,Decano,AUTORIDAD_ACADEMICA_SUPERIOR,,,2026-09-09,2026-09-21,12,False,False,False,False,DOCENTE,AUTORIDAD_ACADEMICA_SUPERIOR,True
60737,127,DIRECCIÓN DE DESARROLLO DE APLICACIONES,Subrogación,OTROS_AA,True,Director,AUTORIDAD_ADMINISTRATIVA_SUPERIOR,,,2023-04-04,2023-04-06,2,False,False,False,False,ADMINISTRATIVO,AUTORIDAD_ADMINISTRATIVA_SUPERIOR,True
60737,127,DIRECCIÓN DE DESARROLLO DE APLICACIONES,Subrogación,OTROS_AA,True,Director,AUTORIDAD_ADMINISTRATIVA_SUPERIOR,,,2023-10-23,2023-10-26,3,False,False,False,False,ADMINISTRATIVO,AUTORIDAD_ADMINISTRATIVA_SUPERIOR,True
60737,127,DIRECCIÓN DE DESARROLLO DE APLICACIONES,Subrogación,OTROS_AA,True,Director,AUTORIDAD_ADMINISTRATIVA_SUPERIOR,,,2023-11-20,2023-12-01,11,False,False,False,False,ADMINISTRATIVO,PROFESIONAL_ANALISTA,False
60737,127,DIRECCIÓN DE DESARROLLO DE APLICACIONES,Subrogación,OTROS_AA,True,Director,AUTORIDAD_ADMINISTRATIVA_SUPERIOR,,,2024-02-05,2024-02-09,4,False,False,False,False,ADMINISTRATIVO,AUTORIDAD_ADMINISTRATIVA_SUPERIOR,True
60737,127,DIRECCIÓN DE DESARROLLO DE APLICACIONES,Subrogación,OTROS_AA,True,Director,AUTORIDAD_ADMINISTRATIVA_SUPERIOR,,,2024-02-21,2024-02-22,1,False,False,False,False,ADMINISTRATIVO,AUTORIDAD_ADMINISTRATIVA_SUPERIOR,True
60737,127,DIRECCIÓN DE DESARROLLO DE APLICACIONES,Subrogación,OTROS_AA,True,Director,AUTORIDAD_ADMINISTRATIVA_SUPERIOR,,,2024-02-26,2024-02-29,3,False,False,False,False,ADMINISTRATIVO,AUTORIDAD_ADMINISTRATIVA_SUPERIOR,True
60737,127,DIRECCIÓN DE DESARROLLO DE APLICACIONES,Subrogación,OTROS_AA,True,Director,AUTORIDAD_ADMINISTRATIVA_SUPERIOR,,,2024-03-27,2024-03-28,1,False,False,False,False,ADMINISTRATIVO,AUTORIDAD_ADMINISTRATIVA_SUPERIOR,True
60737,127,DIRECCIÓN DE DESARROLLO DE APLICACIONES,Subrogación,OTROS_AA,True,Director,AUTORIDAD_ADMINISTRATIVA_SUPERIOR,,,2024-07-08,2024-07-12,4,False,False,False,False,ADMINISTRATIVO,AUTORIDAD_ADMINISTRATIVA_SUPERIOR,True
60737,127,DIRECCIÓN DE DESARROLLO DE APLICACIONES,Subrogación,OTROS_AA,True,Director,AUTORIDAD_ADMINISTRATIVA_SUPERIOR,,,2024-08-13,2024-08-16,3,False,False,False,False,ADMINISTRATIVO,AUTORIDAD_ADMINISTRATIVA_SUPERIOR,True
60737,127,DIRECCIÓN DE DESARROLLO DE APLICACIONES,Subrogación,OTROS_AA,True,Director,AUTORIDAD_ADMINISTRATIVA_SUPERIOR,,,2024-09-09,2024-09-27,18,False,False,False,False,ADMINISTRATIVO,AUTORIDAD_ADMINISTRATIVA_SUPERIOR,True
60737,127,DIRECCIÓN DE DESARROLLO DE APLICACIONES,Subrogación,OTROS_AA,True,Director,AUTORIDAD_ADMINISTRATIVA_SUPERIOR,,,2024-11-19,2024-12-03,14,False,False,False,False,ADMINISTRATIVO,AUTORIDAD_ADMINISTRATIVA_SUPERIOR,True
60737,127,DIRECCIÓN DE DESARROLLO DE APLICACIONES,Subrogación,OTROS_AA,True,Director,AUTORIDAD_ADMINISTRATIVA_SUPERIOR,,,2025-02-10,2025-02-28,18,False,False,False,False,ADMINISTRATIVO,PROFESIONAL_ANALISTA,False
60737,127,DIRECCIÓN DE DESARROLLO DE APLICACIONES,Subrogación,OTROS_AA,True,Director,AUTORIDAD_ADMINISTRATIVA_SUPERIOR,,,2025-03-05,2025-03-12,7,False,False,False,False,ADMINISTRATIVO,AUTORIDAD_ADMINISTRATIVA_SUPERIOR,True
60737,127,DIRECCIÓN DE DESARROLLO DE APLICACIONES,Subrogación,OTROS_AA,True,Director,AUTORIDAD_ADMINISTRATIVA_SUPERIOR,,,2025-08-18,2025-08-22,4,False,False,False,False,ADMINISTRATIVO,AUTORIDAD_ADMINISTRATIVA_SUPERIOR,True
60737,127,DIRECCIÓN DE DESARROLLO DE APLICACIONES,Subrogación,OTROS_AA,True,Director,AUTORIDAD_ADMINISTRATIVA_SUPERIOR,,,2025-09-15,2025-09-26,11,False,False,False,False,ADMINISTRATIVO,AUTORIDAD_ADMINISTRATIVA_SUPERIOR,True
60737,127,DIRECCIÓN DE DESARROLLO DE APLICACIONES,Subrogación,OTROS_AA,True,Director,AUTORIDAD_ADMINISTRATIVA_SUPERIOR,,,2025-10-28,2025-10-31,3,False,False,False,False,ADMINISTRATIVO,PROFESIONAL_ANALISTA,False
60737,127,DIRECCIÓN DE DESARROLLO DE APLICACIONES,Subrogación,OTROS_AA,True,Director,AUTORIDAD_ADMINISTRATIVA_SUPERIOR,,,2025-12-15,2025-12-31,16,False,False,False,False,ADMINISTRATIVO,PROFESIONAL_ANALISTA,False
60737,127,DIRECCIÓN DE DESARROLLO DE APLICACIONES,Subrogación,OTROS_AA,True,Director,AUTORIDAD_ADMINISTRATIVA_SUPERIOR,,,2026-02-18,2026-03-13,23,False,False,False,False,ADMINISTRATIVO,AUTORIDAD_ADMINISTRATIVA_SUPERIOR,True
60737,127,DIRECCIÓN DE DESARROLLO DE APLICACIONES,Subrogación,OTROS_AA,True,Director,AUTORIDAD_ADMINISTRATIVA_SUPERIOR,,,2026-07-02,2026-07-03,1,False,False,False,False,ADMINISTRATIVO,AUTORIDAD_ADMINISTRATIVA_SUPERIOR,True
60737,127,DIRECCIÓN DE DESARROLLO DE APLICACIONES,Subrogación,OTROS_AA,True,Director,AUTORIDAD_ADMINISTRATIVA_SUPERIOR,,,2026-07-20,2026-07-28,8,False,False,False,False,ADMINISTRATIVO,AUTORIDAD_ADMINISTRATIVA_SUPERIOR,True
60737,127,DIRECCIÓN DE DESARROLLO DE APLICACIONES,Subrogación,OTROS_AA,True,Director,AUTORIDAD_ADMINISTRATIVA_SUPERIOR,,,2026-09-04,2026-09-09,5,False,False,False,False,ADMINISTRATIVO,PROFESIONAL_ANALISTA,False
60737,127,DIRECCIÓN DE DESARROLLO DE APLICACIONES,Subrogación,OTROS_AA,True,Director,AUTORIDAD_ADMINISTRATIVA_SUPERIOR,,,2026-09-14,2026-09-18,4,False,False,False,False,ADMINISTRATIVO,PROFESIONAL_ANALISTA,False
60737,127,DIRECCIÓN DE DESARROLLO DE APLICACIONES,Subrogación,OTROS_AA,True,Director,AUTORIDAD_ADMINISTRATIVA_SUPERIOR,,,2026-09-21,2026-09-25,4,False,False,False,False,,,
61199,88,"FACULTAD DE ARTE, DISEÑO Y COMUNICACIÓN AUDIOVISUAL",Miembro del consejo politécnico,OTROS_AA,False,,,,,2025-10-01,2028-09-30,1095,False,False,False,False,DOCENTE,DOCENTE_TITULAR_CARRERA,False
61593,17,FACULTAD DE CIENCIAS SOCIALES Y HUMANÍSTICAS,Miembro del consejo directivo - trabajadores,OTROS_AA,False,,,,,2017-09-27,2019-09-26,729,False,False,False,False,ADMINISTRATIVO,ASISTENCIA_SECRETARIAL_OFICINA,False
61593,17,FACULTAD DE CIENCIAS SOCIALES Y HUMANÍSTICAS,Miembro del consejo directivo - trabajadores,OTROS_AA,False,,,,,2021-11-22,2023-11-21,729,False,False,False,False,ADMINISTRATIVO,ASISTENCIA_SECRETARIAL_OFICINA,False
61664,27,ESCUELA DE DISEÑO Y COMUNICACIÓN VISUAL,Coordinador de vinculación con la sociedad,JEFATURA_SUPERVISION_OPERATIVA,False,,,GRADO,Producción para Medios de Comunicación,2018-04-02,2018-12-31,273,False,False,False,False,DOCENTE,DOCENTE_NO_TITULAR_OCASIONAL,False
61664,27,ESCUELA DE DISEÑO Y COMUNICACIÓN VISUAL,Coordinador de vinculación con la sociedad,JEFATURA_SUPERVISION_OPERATIVA,False,,,GRADO,Producción para Medios de Comunicación,2019-01-02,2019-01-23,21,False,False,False,False,DOCENTE,DOCENTE_NO_TITULAR_OCASIONAL,False
61664,88,"FACULTAD DE ARTE, DISEÑO Y COMUNICACIÓN AUDIOVISUAL",Coordinador de vinculación con la sociedad,JEFATURA_SUPERVISION_OPERATIVA,False,,,GRADO,Producción para Medios de Comunicación,2019-01-24,2020-02-21,393,False,False,False,False,DOCENTE,DOCENTE_NO_TITULAR_OCASIONAL,False
61664,88,"FACULTAD DE ARTE, DISEÑO Y COMUNICACIÓN AUDIOVISUAL",Coordinador de vinculación con la sociedad,JEFATURA_SUPERVISION_OPERATIVA,False,,,GRADO,Producción para Medios de Comunicación,2020-03-12,2021-02-19,344,False,False,False,False,DOCENTE,DOCENTE_NO_TITULAR_OCASIONAL,False
61664,88,"FACULTAD DE ARTE, DISEÑO Y COMUNICACIÓN AUDIOVISUAL",Coordinador de programa de postgrado,JEFATURA_SUPERVISION_OPERATIVA,False,,,POSGRADO,Maestría en Diseño y Gestión de Marcas,2021-01-04,2021-12-31,361,False,False,False,False,DOCENTE,DOCENTE_NO_TITULAR_OCASIONAL,False
61664,88,"FACULTAD DE ARTE, DISEÑO Y COMUNICACIÓN AUDIOVISUAL",Coordinador de vinculación con la sociedad,JEFATURA_SUPERVISION_OPERATIVA,False,,,GRADO,Producción para Medios de Comunicación,2021-03-15,2022-02-18,340,False,False,False,False,DOCENTE,DOCENTE_NO_TITULAR_OCASIONAL,False
61664,88,"FACULTAD DE ARTE, DISEÑO Y COMUNICACIÓN AUDIOVISUAL",Coordinador de vinculación con la sociedad,JEFATURA_SUPERVISION_OPERATIVA,False,,,GRADO,Producción para Medios de Comunicación,2022-02-19,2024-02-19,730,False,False,False,False,DOCENTE,DOCENTE_NO_TITULAR_OCASIONAL,False
61664,88,"FACULTAD DE ARTE, DISEÑO Y COMUNICACIÓN AUDIOVISUAL",Coordinador de programa de postgrado,JEFATURA_SUPERVISION_OPERATIVA,False,,,POSGRADO,Maestría en Diseño y Gestión de Marcas,2023-01-03,2023-06-30,178,False,False,False,False,DOCENTE,DOCENTE_NO_TITULAR_OCASIONAL,False
61664,88,"FACULTAD DE ARTE, DISEÑO Y COMUNICACIÓN AUDIOVISUAL",Coordinador de programa de postgrado,JEFATURA_SUPERVISION_OPERATIVA,False,,,POSGRADO,Maestría en Diseño y Gestión de Marcas,2023-07-01,2023-12-31,183,False,False,False,False,DOCENTE,DOCENTE_NO_TITULAR_OCASIONAL,False
61664,88,"FACULTAD DE ARTE, DISEÑO Y COMUNICACIÓN AUDIOVISUAL",Coordinador de vinculación con la sociedad,JEFATURA_SUPERVISION_OPERATIVA,False,,,GRADO,Diseño de Productos,2024-02-05,2024-02-29,24,False,False,False,False,DOCENTE,DOCENTE_NO_TITULAR_OCASIONAL,False
61664,88,"FACULTAD DE ARTE, DISEÑO Y COMUNICACIÓN AUDIOVISUAL",Coordinador de vinculación con la sociedad,JEFATURA_SUPERVISION_OPERATIVA,False,,,GRADO,Producción para Medios de Comunicación,2024-02-20,2025-02-14,360,False,False,False,False,DOCENTE,DOCENTE_NO_TITULAR_OCASIONAL,False
61664,88,"FACULTAD DE ARTE, DISEÑO Y COMUNICACIÓN AUDIOVISUAL",Coordinador de programa de postgrado,JEFATURA_SUPERVISION_OPERATIVA,False,,,POSGRADO,Maestría en Diseño y Gestión de Marcas,2024-11-23,2025-02-28,97,False,False,False,False,DOCENTE,DOCENTE_NO_TITULAR_OCASIONAL,False
61664,88,"FACULTAD DE ARTE, DISEÑO Y COMUNICACIÓN AUDIOVISUAL",Coordinador de vinculación con la sociedad,JEFATURA_SUPERVISION_OPERATIVA,False,,,GRADO,Producción para Medios de Comunicación,2025-03-10,2026-02-13,340,False,False,False,False,DOCENTE,DOCENTE_NO_TITULAR_OCASIONAL,False
61664,88,"FACULTAD DE ARTE, DISEÑO Y COMUNICACIÓN AUDIOVISUAL",Coordinador de vinculación con la sociedad,JEFATURA_SUPERVISION_OPERATIVA,False,,,GRADO,Producción para Medios de Comunicación,2025-05-05,2024-11-26,0,False,True,False,False,,,
61664,88,"FACULTAD DE ARTE, DISEÑO Y COMUNICACIÓN AUDIOVISUAL",Coordinador de vinculación con la sociedad,JEFATURA_SUPERVISION_OPERATIVA,False,,,GRADO,Producción para Medios de Comunicación,2025-10-29,2026-02-13,107,False,False,False,False,DOCENTE,DOCENTE_NO_TITULAR_OCASIONAL,False
61664,88,"FACULTAD DE ARTE, DISEÑO Y COMUNICACIÓN AUDIOVISUAL",Coordinador de vinculación con la sociedad,JEFATURA_SUPERVISION_OPERATIVA,False,,,GRADO,Producción para Medios de Comunicación,2026-02-14,2027-02-12,363,False,False,False,False,DOCENTE,DOCENTE_NO_TITULAR_OCASIONAL,False
62007,53,CENTRO DE INFORMACIÓN BIBLIOTECARIA,Subrogación,OTROS_AA,True,Director,AUTORIDAD_ADMINISTRATIVA_SUPERIOR,,,2022-07-18,2022-07-22,4,False,False,False,False,,,
64483,9,GERENCIA DE COMUNICACIÓN SOCIAL Y ASUNTOS PÚBLICOS,Gerente,AUTORIDAD_ADMINISTRATIVA_SUPERIOR,False,,,,,2019-10-01,2021-08-15,684,False,False,False,False,ADMINISTRATIVO,AUTORIDAD_ADMINISTRATIVA_SUPERIOR,True
64647,12,FACULTAD DE CIENCIAS NATURALES Y MATEMÁTICAS,Coordinador de prácticas empresariales,JEFATURA_SUPERVISION_OPERATIVA,False,,,GRADO,Ingeniería Química,2022-05-08,2023-12-05,576,False,False,False,False,DOCENTE,DOCENTE_TITULAR_CARRERA,False
64647,12,FACULTAD DE CIENCIAS NATURALES Y MATEMÁTICAS,Coordinador de prácticas empresariales,JEFATURA_SUPERVISION_OPERATIVA,False,,,GRADO,Ingeniería Química,2023-12-06,2024-05-07,153,False,False,False,False,DOCENTE,DOCENTE_TITULAR_CARRERA,False
64647,12,FACULTAD DE CIENCIAS NATURALES Y MATEMÁTICAS,Coordinador de programa de postgrado,JEFATURA_SUPERVISION_OPERATIVA,False,,,POSGRADO,Maestría en Ingeniería Química,2024-01-02,,987,False,False,False,False,DOCENTE,DOCENTE_TITULAR_CARRERA,False
64647,40,CENTRO DE ENERGÍAS RENOVABLES Y ALTERNATIVAS,Director,AUTORIDAD_ADMINISTRATIVA_SUPERIOR,False,,,,,2024-03-04,2024-03-28,24,False,False,False,False,DOCENTE,DOCENTE_TITULAR_CARRERA,False
64647,15,DEPARTAMENTO DE CIENCIAS QUIMICAS Y AMBIENTALES,Director departamento,AUTORIDAD_ADMINISTRATIVA_SUPERIOR,False,,,,,2024-03-07,2026-01-01,665,False,False,False,False,DOCENTE,DOCENTE_TITULAR_CARRERA,False
64657,12,FACULTAD DE CIENCIAS NATURALES Y MATEMÁTICAS,Coordinador de carrera,JEFATURA_SUPERVISION_OPERATIVA,False,,,GRADO,Ingeniería Química,2023-02-20,2025-02-14,725,False,False,False,False,DOCENTE,DOCENTE_NO_TITULAR_OCASIONAL,False
64657,12,FACULTAD DE CIENCIAS NATURALES Y MATEMÁTICAS,Coordinador de prácticas empresariales,JEFATURA_SUPERVISION_OPERATIVA,False,,,GRADO,Ingeniería Química,2025-02-17,2025-10-30,255,False,False,False,False,DOCENTE,DOCENTE_NO_TITULAR_OCASIONAL,False
64657,12,FACULTAD DE CIENCIAS NATURALES Y MATEMÁTICAS,Coordinador de programa de postgrado,JEFATURA_SUPERVISION_OPERATIVA,False,,,POSGRADO,Maestría en Gestión Ambiental,2025-06-18,,454,False,False,False,False,DOCENTE,DOCENTE_NO_TITULAR_OCASIONAL,False
64657,12,FACULTAD DE CIENCIAS NATURALES Y MATEMÁTICAS,Coordinador de prácticas empresariales,JEFATURA_SUPERVISION_OPERATIVA,False,,,GRADO,Ingeniería Química,2025-10-31,2025-10-30,0,False,True,False,False,DOCENTE,DOCENTE_NO_TITULAR_OCASIONAL,False
64657,12,FACULTAD DE CIENCIAS NATURALES Y MATEMÁTICAS,Coordinador de prácticas empresariales,JEFATURA_SUPERVISION_OPERATIVA,False,,,GRADO,Ingeniería Química,2025-10-31,,319,False,False,False,False,DOCENTE,DOCENTE_NO_TITULAR_OCASIONAL,False
65182,57,DIRECCIÓN DE SERVICIOS GENERALES,Subrogación,OTROS_AA,True,Director,AUTORIDAD_ADMINISTRATIVA_SUPERIOR,,,2024-01-23,2024-02-19,27,False,False,False,False,ADMINISTRATIVO,PROFESIONAL_ANALISTA,False
65182,57,DIRECCIÓN DE SERVICIOS GENERALES,Subrogación,OTROS_AA,True,Director,AUTORIDAD_ADMINISTRATIVA_SUPERIOR,,,2024-02-20,2024-03-19,28,False,False,False,False,ADMINISTRATIVO,AUTORIDAD_ADMINISTRATIVA_SUPERIOR,True
65182,57,DIRECCIÓN DE SERVICIOS GENERALES,Subrogación,OTROS_AA,True,Director,AUTORIDAD_ADMINISTRATIVA_SUPERIOR,,,2024-03-20,2024-04-18,29,False,False,False,False,ADMINISTRATIVO,PROFESIONAL_ANALISTA,False
65182,57,DIRECCIÓN DE SERVICIOS GENERALES,Subrogación,OTROS_AA,True,Director,AUTORIDAD_ADMINISTRATIVA_SUPERIOR,,,2024-04-19,2024-04-21,2,False,False,False,False,ADMINISTRATIVO,PROFESIONAL_ANALISTA,False
65182,57,DIRECCIÓN DE SERVICIOS GENERALES,Subrogación,OTROS_AA,True,Director,AUTORIDAD_ADMINISTRATIVA_SUPERIOR,,,2024-04-23,2024-12-31,252,False,False,False,False,ADMINISTRATIVO,PROFESIONAL_ANALISTA,False
65182,57,DIRECCIÓN DE SERVICIOS GENERALES,Director,AUTORIDAD_ADMINISTRATIVA_SUPERIOR,False,,,,,2024-04-23,2024-12-31,252,False,False,False,False,ADMINISTRATIVO,PROFESIONAL_ANALISTA,False
65182,54,GERENCIA ADMINISTRATIVA,Subrogación,OTROS_AA,True,Gerente,AUTORIDAD_ADMINISTRATIVA_SUPERIOR,,,2024-07-10,2024-07-11,1,False,False,False,False,ADMINISTRATIVO,PROFESIONAL_ANALISTA,False
65182,54,GERENCIA ADMINISTRATIVA,Subrogación,OTROS_AA,True,Gerente,AUTORIDAD_ADMINISTRATIVA_SUPERIOR,,,2024-07-25,2024-07-25,0,False,False,False,False,ADMINISTRATIVO,PROFESIONAL_ANALISTA,False
65182,54,GERENCIA ADMINISTRATIVA,Subrogación,OTROS_AA,True,Gerente,AUTORIDAD_ADMINISTRATIVA_SUPERIOR,,,2024-07-25,2024-07-25,0,False,False,True,False,ADMINISTRATIVO,PROFESIONAL_ANALISTA,False
65182,54,GERENCIA ADMINISTRATIVA,Subrogación,OTROS_AA,True,Gerente,AUTORIDAD_ADMINISTRATIVA_SUPERIOR,,,2024-08-07,2024-08-08,1,False,False,False,False,ADMINISTRATIVO,PROFESIONAL_ANALISTA,False
65182,54,GERENCIA ADMINISTRATIVA,Subrogación,OTROS_AA,True,Gerente,AUTORIDAD_ADMINISTRATIVA_SUPERIOR,,,2024-11-14,2024-11-25,11,False,False,False,False,ADMINISTRATIVO,PROFESIONAL_ANALISTA,False
65359,16,FACULTAD DE INGENIERÍA EN ELECTRICIDAD Y COMPUTACIÓN,Coordinador de acreditación internacional,JEFATURA_SUPERVISION_OPERATIVA,False,,,GRADO,Electrónica y Automatización,2024-05-13,2024-05-19,6,False,False,False,False,DOCENTE,DOCENTE_NO_TITULAR_OCASIONAL,False
65359,16,FACULTAD DE INGENIERÍA EN ELECTRICIDAD Y COMPUTACIÓN,Coordinador de acreditación internacional,JEFATURA_SUPERVISION_OPERATIVA,False,,,GRADO,Electrónica y Automatización,2024-05-20,2024-09-29,132,False,False,False,False,DOCENTE,DOCENTE_NO_TITULAR_OCASIONAL,False
65359,16,FACULTAD DE INGENIERÍA EN ELECTRICIDAD Y COMPUTACIÓN,Coordinador de prácticas empresariales,JEFATURA_SUPERVISION_OPERATIVA,False,,,GRADO,Electrónica y Automatización,2026-09-21,,0,False,False,False,False,,,
65364,16,FACULTAD DE INGENIERÍA EN ELECTRICIDAD Y COMPUTACIÓN,Coordinador de carrera,JEFATURA_SUPERVISION_OPERATIVA,False,,,GRADO,Electrónica y Automatización,2018-09-19,2022-08-31,1442,False,False,False,False,DOCENTE,DOCENTE_NO_TITULAR_OCASIONAL,False
65364,16,FACULTAD DE INGENIERÍA EN ELECTRICIDAD Y COMPUTACIÓN,Coordinador de programa de postgrado,JEFATURA_SUPERVISION_OPERATIVA,False,,,POSGRADO,Maestría en Ingeniería Biomédica,2019-09-09,2022-08-31,1087,False,False,False,False,DOCENTE,DOCENTE_NO_TITULAR_OCASIONAL,False
65367,87,CENTRO DE EMPRENDIMIENTO E INNOVACIÓN I3LAB,Director,AUTORIDAD_ADMINISTRATIVA_SUPERIOR,False,,,,,2026-03-02,2026-03-20,18,False,False,False,False,DOCENTE,DOCENTE_NO_TITULAR_OCASIONAL,False
65367,22,FACULTAD DE INGENIERÍA MECÁNICA Y CIENCIAS DE LA PRODUCCIÓN,Coordinador de vinculación con la sociedad,JEFATURA_SUPERVISION_OPERATIVA,False,,,GRADO,Ingeniería Industrial,2026-03-09,2026-03-09,0,False,False,False,False,DOCENTE,DOCENTE_NO_TITULAR_OCASIONAL,False
65378,16,FACULTAD DE INGENIERÍA EN ELECTRICIDAD Y COMPUTACIÓN,Coordinador de prácticas empresariales,JEFATURA_SUPERVISION_OPERATIVA,False,,,GRADO,Telecomunicaciones,2024-04-08,2024-05-12,34,False,False,False,False,DOCENTE,DOCENTE_NO_TITULAR_OCASIONAL,False
65380,22,FACULTAD DE INGENIERÍA MECÁNICA Y CIENCIAS DE LA PRODUCCIÓN,Coordinador de programa de postgrado,JEFATURA_SUPERVISION_OPERATIVA,False,,,POSGRADO,Maestría en Ingeniería y Proyectos de Climatización,2025-01-08,2026-02-13,401,False,False,False,False,DOCENTE,DOCENTE_NO_TITULAR_OCASIONAL,False
65380,22,FACULTAD DE INGENIERÍA MECÁNICA Y CIENCIAS DE LA PRODUCCIÓN,Coordinador de programa de postgrado,JEFATURA_SUPERVISION_OPERATIVA,False,,,POSGRADO,Maestría en Ingeniería y Proyectos de Climatización,2026-02-18,,209,False,False,False,False,DOCENTE,DOCENTE_NO_TITULAR_OCASIONAL,False
66025,16,FACULTAD DE INGENIERÍA EN ELECTRICIDAD Y COMPUTACIÓN,Coordinador de vinculación con la sociedad,JEFATURA_SUPERVISION_OPERATIVA,False,,,GRADO,Ciencia de Datos e Inteligencia Artificial,2025-11-01,,318,False,False,False,False,DOCENTE,DOCENTE_NO_TITULAR_OCASIONAL,False
66037,16,FACULTAD DE INGENIERÍA EN ELECTRICIDAD Y COMPUTACIÓN,Coordinador de programa de postgrado,JEFATURA_SUPERVISION_OPERATIVA,False,,,POSGRADO,Maestría en Electricidad,2024-03-01,,928,False,False,False,False,DOCENTE,DOCENTE_NO_TITULAR_OCASIONAL,False
66037,16,FACULTAD DE INGENIERÍA EN ELECTRICIDAD Y COMPUTACIÓN,Coordinador de programa de postgrado,JEFATURA_SUPERVISION_OPERATIVA,False,,,POSGRADO,Maestría en Sistemas Eléctricos de Potencia,2024-03-01,,928,False,False,True,False,DOCENTE,DOCENTE_NO_TITULAR_OCASIONAL,False
66062,16,FACULTAD DE INGENIERÍA EN ELECTRICIDAD Y COMPUTACIÓN,Coordinador de vinculación con la sociedad,JEFATURA_SUPERVISION_OPERATIVA,False,,,GRADO,Telecomunicaciones,2017-05-02,2017-09-22,143,False,False,False,False,DOCENTE,DOCENTE_NO_TITULAR_OCASIONAL,False
66149,17,FACULTAD DE CIENCIAS SOCIALES Y HUMANÍSTICAS,Coordinador de programa de postgrado,JEFATURA_SUPERVISION_OPERATIVA,False,,,POSGRADO,Maestría en Economía y Dirección de Empresas,2023-03-01,,1294,False,False,False,False,DOCENTE,DOCENTE_NO_TITULAR_OCASIONAL,False
66174,12,FACULTAD DE CIENCIAS NATURALES Y MATEMÁTICAS,Coordinador de carrera,JEFATURA_SUPERVISION_OPERATIVA,False,,,GRADO,Ingeniería Química,2025-02-17,,575,False,False,False,False,DOCENTE,DOCENTE_NO_TITULAR_OCASIONAL,False
66175,12,FACULTAD DE CIENCIAS NATURALES Y MATEMÁTICAS,Coordinador de carrera,JEFATURA_SUPERVISION_OPERATIVA,False,,,GRADO,Ingeniería Química,2017-01-11,2019-02-28,778,False,False,False,False,,,
66177,22,FACULTAD DE INGENIERÍA MECÁNICA Y CIENCIAS DE LA PRODUCCIÓN,Coordinador de prácticas empresariales,JEFATURA_SUPERVISION_OPERATIVA,False,,,GRADO,Alimentos,2022-09-26,2027-11-01,1862,False,False,False,False,DOCENTE,DOCENTE_NO_TITULAR_OCASIONAL,False
66602,46,SECRETARIA ADMINISTRATIVA,Secretario administrativo,ASISTENCIA_SECRETARIAL_OFICINA,False,,,,,2020-08-15,2020-11-29,106,False,False,False,False,ADMINISTRATIVO,PROFESIONAL_ESPECIALIZADO_TECNICO,False
66836,16,FACULTAD DE INGENIERÍA EN ELECTRICIDAD Y COMPUTACIÓN,Coordinador de acreditación internacional,JEFATURA_SUPERVISION_OPERATIVA,False,,,GRADO,Telemática,2022-10-03,2023-02-21,141,False,False,False,False,DOCENTE,DOCENTE_TITULAR_CARRERA,False
67133,26,ESCUELA DE POSTGRADO EN ADMINISTRACIÓN DE EMPRESAS,Coordinador de programa de postgrado,JEFATURA_SUPERVISION_OPERATIVA,False,,,POSGRADO,Maestría en Agronegocios Sostenibles,2020-01-01,2024-10-08,1742,False,False,False,False,ADMINISTRATIVO,CONTRATO_SERVICIOS_PROFESIONALES_PROYECTO,False
67133,26,ESCUELA DE POSTGRADO EN ADMINISTRACIÓN DE EMPRESAS,Coordinador de programa de postgrado,JEFATURA_SUPERVISION_OPERATIVA,False,,,POSGRADO,Maestría en Gerencia Hospitalaria,2021-12-01,2024-06-30,942,False,False,False,False,ADMINISTRATIVO,CONTRATO_SERVICIOS_PROFESIONALES_PROYECTO,False
67133,26,ESCUELA DE POSTGRADO EN ADMINISTRACIÓN DE EMPRESAS,Coordinador de programa de postgrado,JEFATURA_SUPERVISION_OPERATIVA,False,,,POSGRADO,Maestría en Administración y Dirección de Empresas,2021-12-01,2024-03-15,835,False,False,False,False,ADMINISTRATIVO,CONTRATO_SERVICIOS_PROFESIONALES_PROYECTO,False
67133,26,ESCUELA DE POSTGRADO EN ADMINISTRACIÓN DE EMPRESAS,Coordinador de programa de postgrado,JEFATURA_SUPERVISION_OPERATIVA,False,,,POSGRADO,Maestría en Administración y Dirección de Empresas,2024-07-29,2024-10-08,71,False,False,False,False,DOCENTE,DOCENTE_NO_TITULAR_OCASIONAL,False
67497,61,FACULTAD DE CIENCIAS DE LA VIDA,Coordinador de prácticas empresariales,JEFATURA_SUPERVISION_OPERATIVA,False,,,GRADO,Biología,2017-04-06,2019-09-22,899,False,False,False,False,DOCENTE,DOCENTE_NO_TITULAR_OCASIONAL,False
67720,39,CENTRO NACIONAL DE ACUICULTURA E INVESTIGACIONES MARINAS,Subrogación,OTROS_AA,True,Director,AUTORIDAD_ADMINISTRATIVA_SUPERIOR,,,2022-04-12,2022-04-27,15,False,False,False,False,DOCENTE,DOCENTE_NO_TITULAR_OCASIONAL,False
67720,86,FACULTAD DE INGENIERÍA MARÍTIMA Y CIENCIAS DEL MAR,Coordinador de acreditación internacional,JEFATURA_SUPERVISION_OPERATIVA,False,,,GRADO,Acuicultura,2023-02-20,2024-02-16,361,False,False,False,False,DOCENTE,DOCENTE_NO_TITULAR_OCASIONAL,False
67720,39,CENTRO NACIONAL DE ACUICULTURA E INVESTIGACIONES MARINAS,Director,AUTORIDAD_ADMINISTRATIVA_SUPERIOR,False,,,,,2023-12-18,2023-12-22,4,False,False,False,False,DOCENTE,DOCENTE_NO_TITULAR_OCASIONAL,False
67720,86,FACULTAD DE INGENIERÍA MARÍTIMA Y CIENCIAS DEL MAR,Coordinador de acreditación internacional,JEFATURA_SUPERVISION_OPERATIVA,False,,,GRADO,Acuicultura,2024-02-19,2025-02-16,363,False,False,False,False,DOCENTE,DOCENTE_NO_TITULAR_OCASIONAL,False
67720,86,FACULTAD DE INGENIERÍA MARÍTIMA Y CIENCIAS DEL MAR,Coordinador de acreditación internacional,JEFATURA_SUPERVISION_OPERATIVA,False,,,GRADO,Acuicultura,2024-03-01,2024-02-26,0,False,True,False,False,DOCENTE,DOCENTE_NO_TITULAR_OCASIONAL,False
67720,39,CENTRO NACIONAL DE ACUICULTURA E INVESTIGACIONES MARINAS,Director,AUTORIDAD_ADMINISTRATIVA_SUPERIOR,False,,,,,2024-08-26,2024-09-06,11,False,False,False,False,DOCENTE,DOCENTE_NO_TITULAR_OCASIONAL,False
67720,86,FACULTAD DE INGENIERÍA MARÍTIMA Y CIENCIAS DEL MAR,Coordinador de acreditación internacional,JEFATURA_SUPERVISION_OPERATIVA,False,,,GRADO,Acuicultura,2025-02-17,2025-04-02,44,False,False,False,False,DOCENTE,DOCENTE_NO_TITULAR_OCASIONAL,False
67720,86,FACULTAD DE INGENIERÍA MARÍTIMA Y CIENCIAS DEL MAR,Coordinador de carrera,JEFATURA_SUPERVISION_OPERATIVA,False,,,GRADO,Acuicultura,2025-04-02,2027-02-13,682,False,False,False,False,DOCENTE,DOCENTE_NO_TITULAR_OCASIONAL,False
67720,39,CENTRO NACIONAL DE ACUICULTURA E INVESTIGACIONES MARINAS,Director,AUTORIDAD_ADMINISTRATIVA_SUPERIOR,False,,,,,2025-09-02,2025-09-08,6,False,False,False,False,DOCENTE,DOCENTE_NO_TITULAR_OCASIONAL,False
67720,39,CENTRO NACIONAL DE ACUICULTURA E INVESTIGACIONES MARINAS,Director,AUTORIDAD_ADMINISTRATIVA_SUPERIOR,False,,,,,2025-09-22,2025-10-03,11,False,False,False,False,DOCENTE,DOCENTE_NO_TITULAR_OCASIONAL,False
67720,39,CENTRO NACIONAL DE ACUICULTURA E INVESTIGACIONES MARINAS,Director,AUTORIDAD_ADMINISTRATIVA_SUPERIOR,False,,,,,2026-02-18,2026-02-20,2,False,False,False,False,DOCENTE,DOCENTE_NO_TITULAR_OCASIONAL,False
67720,39,CENTRO NACIONAL DE ACUICULTURA E INVESTIGACIONES MARINAS,Subrogación,OTROS_AA,True,Director,AUTORIDAD_ADMINISTRATIVA_SUPERIOR,,,2026-08-24,2026-08-30,6,False,False,False,False,DOCENTE,DOCENTE_NO_TITULAR_OCASIONAL,False
67720,39,CENTRO NACIONAL DE ACUICULTURA E INVESTIGACIONES MARINAS,Director,AUTORIDAD_ADMINISTRATIVA_SUPERIOR,False,,,,,2026-08-24,2026-08-30,6,False,False,False,False,DOCENTE,DOCENTE_NO_TITULAR_OCASIONAL,False
67973,25,FACULTAD DE INGENIERÍA EN CIENCIAS DE LA TIERRA,Coordinador de vinculación con la sociedad,JEFATURA_SUPERVISION_OPERATIVA,False,,,GRADO,Geología,2022-01-04,2023-09-30,634,False,False,False,False,DOCENTE,TECNICO_DOCENTE_APOYO,False
68084,25,FACULTAD DE INGENIERÍA EN CIENCIAS DE LA TIERRA,Coordinador de carrera,JEFATURA_SUPERVISION_OPERATIVA,False,,,GRADO,Ingeniería Civil,2025-09-04,2027-02-12,526,False,False,False,False,DOCENTE,DOCENTE_NO_TITULAR_OCASIONAL,False
68191,22,FACULTAD DE INGENIERÍA MECÁNICA Y CIENCIAS DE LA PRODUCCIÓN,Coordinador de prácticas empresariales,JEFATURA_SUPERVISION_OPERATIVA,False,,,GRADO,Mecatrónica,2025-02-17,2027-11-01,987,False,False,False,False,DOCENTE,DOCENTE_NO_TITULAR_OCASIONAL,False
68191,22,FACULTAD DE INGENIERÍA MECÁNICA Y CIENCIAS DE LA PRODUCCIÓN,Coordinador de prácticas empresariales,JEFATURA_SUPERVISION_OPERATIVA,False,,,GRADO,Mecatrónica,2025-11-17,2024-11-20,0,False,True,False,False,,,
68232,22,FACULTAD DE INGENIERÍA MECÁNICA Y CIENCIAS DE LA PRODUCCIÓN,Coordinador de prácticas empresariales,JEFATURA_SUPERVISION_OPERATIVA,False,,,GRADO,Ingeniería Industrial,2024-06-03,2025-02-16,258,False,False,False,False,DOCENTE,TECNICO_DOCENTE_APOYO,False
68801,125,DIRECCIÓN DE ADQUISICIONES,Subrogación,OTROS_AA,True,Director,AUTORIDAD_ADMINISTRATIVA_SUPERIOR,,,2025-06-02,2025-06-13,11,False,False,False,False,ADMINISTRATIVO,PROFESIONAL_ANALISTA,False
69235,27,ESCUELA DE DISEÑO Y COMUNICACIÓN VISUAL,Miembro del consejo directivo - trabajadores,OTROS_AA,False,,,,,2018-08-23,2019-01-23,153,False,False,False,False,ADMINISTRATIVO,ASISTENCIA_SECRETARIAL_OFICINA,False
69235,88,"FACULTAD DE ARTE, DISEÑO Y COMUNICACIÓN AUDIOVISUAL",Miembro del consejo directivo - trabajadores,OTROS_AA,False,,,,,2019-01-24,2020-08-22,576,False,False,False,False,ADMINISTRATIVO,ASISTENCIA_SECRETARIAL_OFICINA,False
71277,22,FACULTAD DE INGENIERÍA MECÁNICA Y CIENCIAS DE LA PRODUCCIÓN,Coordinador de programa de postgrado,JEFATURA_SUPERVISION_OPERATIVA,False,,,POSGRADO,Maestría en Mejoramiento de Procesos,2024-04-01,2024-05-01,30,False,False,False,False,,,
72101,16,FACULTAD DE INGENIERÍA EN ELECTRICIDAD Y COMPUTACIÓN,Coordinador de vinculación con la sociedad,JEFATURA_SUPERVISION_OPERATIVA,False,,,GRADO,Electrónica y Automatización,2017-10-04,2019-01-15,468,False,False,False,False,DOCENTE,TECNICO_DOCENTE_APOYO,False
72101,16,FACULTAD DE INGENIERÍA EN ELECTRICIDAD Y COMPUTACIÓN,Coordinador de vinculación con la sociedad,JEFATURA_SUPERVISION_OPERATIVA,False,,,GRADO,Electrónica y Automatización,2019-01-16,2020-09-30,623,False,False,False,False,DOCENTE,TECNICO_DOCENTE_APOYO,False
73485,25,FACULTAD DE INGENIERÍA EN CIENCIAS DE LA TIERRA,Coordinador de carrera,JEFATURA_SUPERVISION_OPERATIVA,False,,,GRADO,Petróleos,2020-02-22,2022-01-01,679,False,False,False,False,DOCENTE,DOCENTE_NO_TITULAR_OCASIONAL,False
73526,46,SECRETARIA ADMINISTRATIVA,Subrogación,OTROS_AA,True,Secretario administrativo,ASISTENCIA_SECRETARIAL_OFICINA,,,2022-09-26,2022-09-30,4,False,False,False,False,ADMINISTRATIVO,ASISTENCIA_SECRETARIAL_OFICINA,True
73526,46,SECRETARIA ADMINISTRATIVA,Subrogación,OTROS_AA,True,Secretario administrativo,ASISTENCIA_SECRETARIAL_OFICINA,,,2022-11-25,2022-12-01,6,False,False,False,False,ADMINISTRATIVO,ASISTENCIA_SECRETARIAL_OFICINA,True
73526,46,SECRETARIA ADMINISTRATIVA,Subrogación,OTROS_AA,True,Secretario administrativo,ASISTENCIA_SECRETARIAL_OFICINA,,,2023-09-25,2023-09-29,4,False,False,False,False,ADMINISTRATIVO,ASISTENCIA_SECRETARIAL_OFICINA,True
73526,46,SECRETARIA ADMINISTRATIVA,Subrogación,OTROS_AA,True,Secretario administrativo,ASISTENCIA_SECRETARIAL_OFICINA,,,2024-04-15,2024-04-19,4,False,False,False,False,ADMINISTRATIVO,PROFESIONAL_ESPECIALIZADO_TECNICO,False
73526,46,SECRETARIA ADMINISTRATIVA,Subrogación,OTROS_AA,True,Secretario administrativo,ASISTENCIA_SECRETARIAL_OFICINA,,,2024-12-26,2024-12-31,5,False,False,False,False,ADMINISTRATIVO,PROFESIONAL_ESPECIALIZADO_TECNICO,False
73548,8,GERENCIA DE RELACIONES INTERNACIONALES,Subrogación,OTROS_AA,True,Gerente,AUTORIDAD_ADMINISTRATIVA_SUPERIOR,,,2019-05-14,2019-05-17,3,False,False,False,False,ADMINISTRATIVO,AUTORIDAD_ADMINISTRATIVA_SUPERIOR,True
73548,8,GERENCIA DE RELACIONES INTERNACIONALES,Subrogación,OTROS_AA,True,Gerente,AUTORIDAD_ADMINISTRATIVA_SUPERIOR,,,2019-06-19,2019-06-21,2,False,False,False,False,ADMINISTRATIVO,AUTORIDAD_ADMINISTRATIVA_SUPERIOR,True
73548,8,GERENCIA DE RELACIONES INTERNACIONALES,Subrogación,OTROS_AA,True,Gerente,AUTORIDAD_ADMINISTRATIVA_SUPERIOR,,,2020-03-02,2020-03-09,7,False,False,False,False,ADMINISTRATIVO,PROFESIONAL_ANALISTA,False
73548,117,GERENCIA DE RELACIONES EXTERNAS,Subrogación,OTROS_AA,True,Gerente,AUTORIDAD_ADMINISTRATIVA_SUPERIOR,,,2022-03-04,2022-03-18,14,False,False,False,False,ADMINISTRATIVO,PROFESIONAL_ANALISTA,False
73569,61,FACULTAD DE CIENCIAS DE LA VIDA,Coordinador de prácticas empresariales,JEFATURA_SUPERVISION_OPERATIVA,False,,,GRADO,Nutrición y Dietética,2020-02-22,2021-02-28,372,False,False,False,False,DOCENTE,TECNICO_DOCENTE_APOYO,False
73683,5,GERENCIA DE PLANIFICACIÓN ESTRATÉGICA,Subrogación,OTROS_AA,True,Gerente,AUTORIDAD_ADMINISTRATIVA_SUPERIOR,,,2024-04-22,2024-05-02,10,False,False,False,False,ADMINISTRATIVO,AUTORIDAD_ADMINISTRATIVA_SUPERIOR,True
73683,5,GERENCIA DE PLANIFICACIÓN ESTRATÉGICA,Subrogación,OTROS_AA,True,Gerente,AUTORIDAD_ADMINISTRATIVA_SUPERIOR,,,2024-07-15,2024-07-17,2,False,False,False,False,ADMINISTRATIVO,PROFESIONAL_ANALISTA,False
73683,5,GERENCIA DE PLANIFICACIÓN ESTRATÉGICA,Subrogación,OTROS_AA,True,Gerente,AUTORIDAD_ADMINISTRATIVA_SUPERIOR,,,2024-11-18,2024-11-19,1,False,False,False,False,ADMINISTRATIVO,AUTORIDAD_ADMINISTRATIVA_SUPERIOR,True
73683,5,GERENCIA DE PLANIFICACIÓN ESTRATÉGICA,Subrogación,OTROS_AA,True,Gerente,AUTORIDAD_ADMINISTRATIVA_SUPERIOR,,,2024-11-21,2024-11-22,1,False,False,False,False,ADMINISTRATIVO,PROFESIONAL_ANALISTA,False
73683,5,GERENCIA DE PLANIFICACIÓN ESTRATÉGICA,Subrogación,OTROS_AA,True,Gerente,AUTORIDAD_ADMINISTRATIVA_SUPERIOR,,,2025-04-09,2025-04-10,1,False,False,False,False,ADMINISTRATIVO,PROFESIONAL_ANALISTA,False
73683,5,GERENCIA DE PLANIFICACIÓN ESTRATÉGICA,Subrogación,OTROS_AA,True,Gerente,AUTORIDAD_ADMINISTRATIVA_SUPERIOR,,,2025-12-11,2025-12-12,1,False,False,False,False,ADMINISTRATIVO,PROFESIONAL_ANALISTA,False
73683,5,GERENCIA DE PLANIFICACIÓN ESTRATÉGICA,Subrogación,OTROS_AA,True,Gerente,AUTORIDAD_ADMINISTRATIVA_SUPERIOR,,,2026-07-19,2026-07-24,5,False,False,False,False,ADMINISTRATIVO,AUTORIDAD_ADMINISTRATIVA_SUPERIOR,True
73782,5,GERENCIA DE PLANIFICACIÓN ESTRATÉGICA,Subrogación,OTROS_AA,True,Gerente,AUTORIDAD_ADMINISTRATIVA_SUPERIOR,,,2022-03-29,2022-04-01,3,False,False,False,False,ADMINISTRATIVO,AUTORIDAD_ADMINISTRATIVA_SUPERIOR,True
73799,12,FACULTAD DE CIENCIAS NATURALES Y MATEMÁTICAS,Coordinador de acreditación internacional,JEFATURA_SUPERVISION_OPERATIVA,False,,,GRADO,Logistica y Transporte,2022-02-21,2023-02-17,361,False,False,False,False,DOCENTE,DOCENTE_NO_TITULAR_OCASIONAL,False
73832,25,FACULTAD DE INGENIERÍA EN CIENCIAS DE LA TIERRA,Coordinador de vinculación con la sociedad,JEFATURA_SUPERVISION_OPERATIVA,False,,,GRADO,Ingeniería Civil,2017-07-17,,3347,False,False,False,False,,,
73832,25,FACULTAD DE INGENIERÍA EN CIENCIAS DE LA TIERRA,Coordinador de carrera,JEFATURA_SUPERVISION_OPERATIVA,False,,,GRADO,Ingeniería Civil,2017-08-18,2018-04-24,249,False,False,False,False,,,
73837,22,FACULTAD DE INGENIERÍA MECÁNICA Y CIENCIAS DE LA PRODUCCIÓN,Coordinador de carrera,JEFATURA_SUPERVISION_OPERATIVA,False,,,GRADO,Tecnología Superior en Mecatrónica,2024-02-19,2025-03-31,406,False,False,False,False,DOCENTE,DOCENTE_NO_TITULAR_OCASIONAL,False
73837,22,FACULTAD DE INGENIERÍA MECÁNICA Y CIENCIAS DE LA PRODUCCIÓN,Coordinador de carrera,JEFATURA_SUPERVISION_OPERATIVA,False,,,GRADO,Tecnología Superior en Mecatrónica,2025-04-01,2027-11-01,944,False,False,False,False,DOCENTE,DOCENTE_NO_TITULAR_OCASIONAL,False
74256,16,FACULTAD DE INGENIERÍA EN ELECTRICIDAD Y COMPUTACIÓN,Coordinador de vinculación con la sociedad,JEFATURA_SUPERVISION_OPERATIVA,False,,,GRADO,Telemática,2017-10-04,2019-01-15,468,False,False,False,False,,,
74256,16,FACULTAD DE INGENIERÍA EN ELECTRICIDAD Y COMPUTACIÓN,Coordinador de prácticas empresariales,JEFATURA_SUPERVISION_OPERATIVA,False,,,GRADO,Telemática,2017-11-20,2017-12-20,30,False,False,False,False,,,
74256,16,FACULTAD DE INGENIERÍA EN ELECTRICIDAD Y COMPUTACIÓN,Coordinador de vinculación con la sociedad,JEFATURA_SUPERVISION_OPERATIVA,False,,,GRADO,Telemática,2019-01-16,2019-08-18,214,False,False,False,False,,,
74261,25,FACULTAD DE INGENIERÍA EN CIENCIAS DE LA TIERRA,Coordinador de prácticas empresariales,JEFATURA_SUPERVISION_OPERATIVA,False,,,GRADO,Ingeniería Civil,2023-10-02,2025-10-02,731,False,False,False,False,DOCENTE,DOCENTE_NO_TITULAR_OCASIONAL,False
74355,11,"FACULTAD DE INGENIERIA MARÍTIMA, CIENCIAS BIOLÓGICAS, OCEÁNICAS Y RECURSOS NATURALES",Coordinador de vinculación con la sociedad,JEFATURA_SUPERVISION_OPERATIVA,False,,,GRADO,Acuicultura,2017-10-25,2018-03-31,157,False,False,False,False,,,
74355,11,"FACULTAD DE INGENIERIA MARÍTIMA, CIENCIAS BIOLÓGICAS, OCEÁNICAS Y RECURSOS NATURALES",Coordinador de vinculación con la sociedad,JEFATURA_SUPERVISION_OPERATIVA,False,,,GRADO,Acuicultura,2018-04-01,2018-12-31,274,False,False,False,False,,,
75199,55,DIRECCIÓN DE TALENTO HUMANO,Subrogación,OTROS_AA,True,Director,AUTORIDAD_ADMINISTRATIVA_SUPERIOR,,,2021-03-22,2021-03-26,4,False,False,False,False,ADMINISTRATIVO,AUTORIDAD_ADMINISTRATIVA_SUPERIOR,True
75199,55,DIRECCIÓN DE TALENTO HUMANO,Subrogación,OTROS_AA,True,Director,AUTORIDAD_ADMINISTRATIVA_SUPERIOR,,,2022-02-08,2022-02-11,3,False,False,False,False,ADMINISTRATIVO,AUTORIDAD_ADMINISTRATIVA_SUPERIOR,True
75199,55,DIRECCIÓN DE TALENTO HUMANO,Subrogación,OTROS_AA,True,Director,AUTORIDAD_ADMINISTRATIVA_SUPERIOR,,,2022-03-14,2022-03-25,11,False,False,False,False,ADMINISTRATIVO,AUTORIDAD_ADMINISTRATIVA_SUPERIOR,True
75586,25,FACULTAD DE INGENIERÍA EN CIENCIAS DE LA TIERRA,Miembro del consejo directivo - estudiantes,OTROS_AA,False,,,,,2019-01-31,2020-01-30,364,True,False,False,False,,,
75775,22,FACULTAD DE INGENIERÍA MECÁNICA Y CIENCIAS DE LA PRODUCCIÓN,Miembro del consejo directivo - estudiantes,OTROS_AA,False,,,,,2019-01-31,2020-01-30,364,True,False,False,False,,,
75879,25,FACULTAD DE INGENIERÍA EN CIENCIAS DE LA TIERRA,Miembro del consejo directivo - estudiantes,OTROS_AA,False,,,,,2019-01-31,2020-01-30,364,True,False,False,False,,,
75888,25,FACULTAD DE INGENIERÍA EN CIENCIAS DE LA TIERRA,Miembro del consejo politécnico - estudiantes,OTROS_AA,False,,,,,2019-01-31,2020-01-30,364,True,False,False,False,,,
75940,11,"FACULTAD DE INGENIERIA MARÍTIMA, CIENCIAS BIOLÓGICAS, OCEÁNICAS Y RECURSOS NATURALES",Miembro del consejo politécnico - estudiantes,OTROS_AA,False,,,,,2019-01-31,2020-01-30,364,True,False,False,False,,,
75946,25,FACULTAD DE INGENIERÍA EN CIENCIAS DE LA TIERRA,Coordinador de vinculación con la sociedad,JEFATURA_SUPERVISION_OPERATIVA,False,,,GRADO,Ingeniería Civil,2023-05-12,2025-05-12,731,False,False,False,False,DOCENTE,DOCENTE_NO_TITULAR_OCASIONAL,False
75946,25,FACULTAD DE INGENIERÍA EN CIENCIAS DE LA TIERRA,Coordinador de prácticas empresariales,JEFATURA_SUPERVISION_OPERATIVA,False,,,GRADO,Minas,2024-11-21,2024-11-26,5,False,False,False,False,DOCENTE,DOCENTE_NO_TITULAR_OCASIONAL,False
75946,25,FACULTAD DE INGENIERÍA EN CIENCIAS DE LA TIERRA,Coordinador de prácticas empresariales,JEFATURA_SUPERVISION_OPERATIVA,False,,,GRADO,Minas,2025-01-02,2025-10-29,300,False,False,False,False,DOCENTE,DOCENTE_NO_TITULAR_OCASIONAL,False
75946,25,FACULTAD DE INGENIERÍA EN CIENCIAS DE LA TIERRA,Coordinador de acreditación internacional,JEFATURA_SUPERVISION_OPERATIVA,False,,,GRADO,Ingeniería Civil,2025-02-17,2028-12-31,1413,False,False,False,False,DOCENTE,DOCENTE_NO_TITULAR_OCASIONAL,False
75946,25,FACULTAD DE INGENIERÍA EN CIENCIAS DE LA TIERRA,Coordinador de prácticas empresariales,JEFATURA_SUPERVISION_OPERATIVA,False,,,GRADO,Minas,2025-10-30,2026-03-01,122,False,False,False,False,DOCENTE,DOCENTE_NO_TITULAR_OCASIONAL,False
75946,25,FACULTAD DE INGENIERÍA EN CIENCIAS DE LA TIERRA,Coordinador de prácticas empresariales,JEFATURA_SUPERVISION_OPERATIVA,False,,,GRADO,Ingeniería Civil,2026-03-02,2026-03-08,6,False,False,False,False,DOCENTE,DOCENTE_NO_TITULAR_OCASIONAL,False
75946,25,FACULTAD DE INGENIERÍA EN CIENCIAS DE LA TIERRA,Coordinador de vinculación con la sociedad,JEFATURA_SUPERVISION_OPERATIVA,False,,,GRADO,Ingeniería Civil,2026-03-09,2027-02-12,340,False,False,False,False,DOCENTE,DOCENTE_NO_TITULAR_OCASIONAL,False
75961,86,FACULTAD DE INGENIERÍA MARÍTIMA Y CIENCIAS DEL MAR,Coordinador de carrera,JEFATURA_SUPERVISION_OPERATIVA,False,,,GRADO,Ingeniería Naval,2023-10-02,2023-10-02,0,False,False,False,False,,,
75961,86,FACULTAD DE INGENIERÍA MARÍTIMA Y CIENCIAS DEL MAR,Coordinador de carrera,JEFATURA_SUPERVISION_OPERATIVA,False,,,GRADO,Ingeniería Naval,2024-03-01,2024-03-14,13,False,False,False,False,DOCENTE,DOCENTE_HONORARIO_ESPECIAL,False
75961,86,FACULTAD DE INGENIERÍA MARÍTIMA Y CIENCIAS DEL MAR,Coordinador de carrera,JEFATURA_SUPERVISION_OPERATIVA,False,,,GRADO,Ingeniería Naval,2024-05-13,2024-11-29,200,False,False,False,False,DOCENTE,DOCENTE_NO_TITULAR_OCASIONAL,False
75961,86,FACULTAD DE INGENIERÍA MARÍTIMA Y CIENCIAS DEL MAR,Coordinador de carrera,JEFATURA_SUPERVISION_OPERATIVA,False,,,GRADO,Ingeniería Naval,2024-05-14,2024-07-11,58,False,False,False,False,DOCENTE,DOCENTE_NO_TITULAR_OCASIONAL,False
75961,86,FACULTAD DE INGENIERÍA MARÍTIMA Y CIENCIAS DEL MAR,Coordinador de carrera,JEFATURA_SUPERVISION_OPERATIVA,False,,,GRADO,Ingeniería Naval,2024-07-12,2024-07-12,0,False,False,False,False,DOCENTE,DOCENTE_NO_TITULAR_OCASIONAL,False
75961,86,FACULTAD DE INGENIERÍA MARÍTIMA Y CIENCIAS DEL MAR,Coordinador de carrera,JEFATURA_SUPERVISION_OPERATIVA,False,,,GRADO,Tecnología Superior en Logistica Portuaria,2024-11-30,2026-06-19,566,False,False,False,False,DOCENTE,DOCENTE_NO_TITULAR_OCASIONAL,False
75961,86,FACULTAD DE INGENIERÍA MARÍTIMA Y CIENCIAS DEL MAR,Coordinador de carrera,JEFATURA_SUPERVISION_OPERATIVA,False,,,GRADO,Ingeniería Naval,2024-12-02,2025-01-01,30,False,False,False,False,DOCENTE,DOCENTE_NO_TITULAR_OCASIONAL,False
75961,86,FACULTAD DE INGENIERÍA MARÍTIMA Y CIENCIAS DEL MAR,Coordinador de programa de postgrado,JEFATURA_SUPERVISION_OPERATIVA,False,,,POSGRADO,Maestría en Ingeniería Naval,2025-01-29,2025-02-14,16,False,False,False,False,DOCENTE,DOCENTE_NO_TITULAR_OCASIONAL,False
75961,86,FACULTAD DE INGENIERÍA MARÍTIMA Y CIENCIAS DEL MAR,Coordinador de carrera,JEFATURA_SUPERVISION_OPERATIVA,False,,,GRADO,Ingeniería Naval,2025-02-17,2024-12-01,0,False,True,False,False,,,
75961,86,FACULTAD DE INGENIERÍA MARÍTIMA Y CIENCIAS DEL MAR,Coordinador de carrera,JEFATURA_SUPERVISION_OPERATIVA,False,,,GRADO,Ingeniería Naval,2025-02-17,2025-11-04,260,False,False,False,False,DOCENTE,DOCENTE_NO_TITULAR_OCASIONAL,False
75961,86,FACULTAD DE INGENIERÍA MARÍTIMA Y CIENCIAS DEL MAR,Coordinador de carrera,JEFATURA_SUPERVISION_OPERATIVA,False,,,GRADO,Ingeniería Naval,2025-11-05,2027-02-13,465,False,False,False,False,DOCENTE,DOCENTE_NO_TITULAR_OCASIONAL,False
76005,12,FACULTAD DE CIENCIAS NATURALES Y MATEMÁTICAS,Miembro del consejo directivo - estudiantes,OTROS_AA,False,,,,,2019-01-31,2020-01-30,364,True,False,False,False,,,
76778,16,FACULTAD DE INGENIERÍA EN ELECTRICIDAD Y COMPUTACIÓN,Coordinador de carrera,JEFATURA_SUPERVISION_OPERATIVA,False,,,GRADO,Electrónica y Automatización,2022-09-01,2023-04-25,236,False,False,False,False,DOCENTE,DOCENTE_NO_TITULAR_OCASIONAL,False
76778,16,FACULTAD DE INGENIERÍA EN ELECTRICIDAD Y COMPUTACIÓN,Coordinador de vinculación con la sociedad,JEFATURA_SUPERVISION_OPERATIVA,False,,,GRADO,Electrónica y Automatización,2024-02-17,,941,False,False,False,False,DOCENTE,DOCENTE_NO_TITULAR_OCASIONAL,False
77401,86,FACULTAD DE INGENIERÍA MARÍTIMA Y CIENCIAS DEL MAR,Coordinador general de postgrado,JEFATURA_SUPERVISION_OPERATIVA,False,,,,,2019-08-22,2025-02-16,2005,False,False,False,False,DOCENTE,DOCENTE_NO_TITULAR_OCASIONAL,False
77401,86,FACULTAD DE INGENIERÍA MARÍTIMA Y CIENCIAS DEL MAR,Coordinador de programa de postgrado,JEFATURA_SUPERVISION_OPERATIVA,False,,,POSGRADO,Maestría en Cambio Climático,2019-08-22,2021-12-13,844,False,False,False,False,DOCENTE,DOCENTE_NO_TITULAR_OCASIONAL,False
77401,86,FACULTAD DE INGENIERÍA MARÍTIMA Y CIENCIAS DEL MAR,Coordinador de programa de postgrado,JEFATURA_SUPERVISION_OPERATIVA,False,,,POSGRADO,Maestría en Cambio Climático,2021-12-14,2023-03-12,453,False,False,False,False,DOCENTE,DOCENTE_NO_TITULAR_OCASIONAL,False
77401,86,FACULTAD DE INGENIERÍA MARÍTIMA Y CIENCIAS DEL MAR,Coordinador de programa de postgrado,JEFATURA_SUPERVISION_OPERATIVA,False,,,POSGRADO,Maestría en Cambio Climático,2023-03-13,2024-02-16,340,False,False,False,False,DOCENTE,DOCENTE_NO_TITULAR_OCASIONAL,False
77401,86,FACULTAD DE INGENIERÍA MARÍTIMA Y CIENCIAS DEL MAR,Coordinador de programa de postgrado,JEFATURA_SUPERVISION_OPERATIVA,False,,,POSGRADO,Maestría en Cambio Climático,2024-02-19,2025-02-16,363,False,False,False,False,DOCENTE,DOCENTE_NO_TITULAR_OCASIONAL,False
77401,86,FACULTAD DE INGENIERÍA MARÍTIMA Y CIENCIAS DEL MAR,Coordinador de programa de postgrado,JEFATURA_SUPERVISION_OPERATIVA,False,,,POSGRADO,Maestría en Cambio Climático,2025-02-17,2026-02-15,363,False,False,False,False,DOCENTE,DOCENTE_NO_TITULAR_OCASIONAL,False
77401,86,FACULTAD DE INGENIERÍA MARÍTIMA Y CIENCIAS DEL MAR,Coordinador general de postgrado,JEFATURA_SUPERVISION_OPERATIVA,False,,,,,2025-02-17,2026-02-15,363,False,False,False,False,DOCENTE,DOCENTE_NO_TITULAR_OCASIONAL,False
77401,114,CENTRO INTERNACIONAL DEL PACÍFICO PARA LA REDUCCIÓN DEL RIESGO DE DESASTRES,Director,AUTORIDAD_ADMINISTRATIVA_SUPERIOR,False,,,,,2025-09-15,2025-09-24,9,False,False,False,False,DOCENTE,DOCENTE_NO_TITULAR_OCASIONAL,False
77528,15,DEPARTAMENTO DE CIENCIAS QUIMICAS Y AMBIENTALES,Director departamento,AUTORIDAD_ADMINISTRATIVA_SUPERIOR,False,,,,,2017-11-20,2019-03-08,473,False,False,False,False,DOCENTE,DOCENTE_TITULAR_CARRERA,False
77536,17,FACULTAD DE CIENCIAS SOCIALES Y HUMANÍSTICAS,Coordinador de carrera,JEFATURA_SUPERVISION_OPERATIVA,False,,,GRADO,Arqueología,2017-02-21,2018-04-30,433,False,False,False,False,,,
77575,61,FACULTAD DE CIENCIAS DE LA VIDA,Miembro del consejo politécnico,OTROS_AA,False,,,,,2022-02-01,2022-02-25,24,False,False,False,False,DOCENTE,DOCENTE_TITULAR_CARRERA,False
77575,61,FACULTAD DE CIENCIAS DE LA VIDA,Miembro del consejo directivo,OTROS_AA,False,,,,,2022-02-01,2025-01-31,1095,False,False,False,False,DOCENTE,DOCENTE_TITULAR_CARRERA,False
77575,61,FACULTAD DE CIENCIAS DE LA VIDA,Subrogación,OTROS_AA,True,Subdecano,AUTORIDAD_ACADEMICA_SUPERIOR,,,2022-03-02,2022-03-20,18,False,False,False,False,DOCENTE,DOCENTE_TITULAR_CARRERA,False
77575,61,FACULTAD DE CIENCIAS DE LA VIDA,Subrogación,OTROS_AA,True,Subdecano,AUTORIDAD_ACADEMICA_SUPERIOR,,,2022-03-21,2022-04-04,14,False,False,False,False,DOCENTE,DOCENTE_TITULAR_CARRERA,False
77575,61,FACULTAD DE CIENCIAS DE LA VIDA,Coordinador de programa de postgrado,JEFATURA_SUPERVISION_OPERATIVA,False,,,POSGRADO,Maestría en Biociencias Aplicadas con Mención en Biodescubrimiento,2023-09-01,2027-02-12,1260,False,False,False,False,DOCENTE,DOCENTE_TITULAR_CARRERA,False
77575,142,OFICINA DE TRANSFERENCIA DE RESULTADOS DE INVESTIGACIÓN - OTRI EN LA ESPOL,Director,AUTORIDAD_ADMINISTRATIVA_SUPERIOR,False,,,,,2024-09-30,2024-10-04,4,False,False,False,False,DOCENTE,DOCENTE_TITULAR_CARRERA,False
77575,142,OFICINA DE TRANSFERENCIA DE RESULTADOS DE INVESTIGACIÓN - OTRI EN LA ESPOL,Director,AUTORIDAD_ADMINISTRATIVA_SUPERIOR,False,,,,,2025-04-28,2025-05-01,3,False,False,False,False,DOCENTE,DOCENTE_TITULAR_CARRERA,False
77575,142,OFICINA DE TRANSFERENCIA DE RESULTADOS DE INVESTIGACIÓN - OTRI EN LA ESPOL,Director,AUTORIDAD_ADMINISTRATIVA_SUPERIOR,False,,,,,2025-05-06,2025-05-09,3,False,False,False,False,DOCENTE,DOCENTE_TITULAR_CARRERA,False
77575,142,OFICINA DE TRANSFERENCIA DE RESULTADOS DE INVESTIGACIÓN - OTRI EN LA ESPOL,Director,AUTORIDAD_ADMINISTRATIVA_SUPERIOR,False,,,,,2025-08-31,2025-09-06,6,False,False,False,False,DOCENTE,DOCENTE_TITULAR_CARRERA,False
77575,61,FACULTAD DE CIENCIAS DE LA VIDA,Subrogación,OTROS_AA,True,Subdecano,AUTORIDAD_ACADEMICA_SUPERIOR,,,2025-10-13,2025-10-31,18,False,False,False,False,DOCENTE,DOCENTE_TITULAR_CARRERA,False
77575,142,OFICINA DE TRANSFERENCIA DE RESULTADOS DE INVESTIGACIÓN - OTRI EN LA ESPOL,Director,AUTORIDAD_ADMINISTRATIVA_SUPERIOR,False,,,,,2025-11-06,2025-11-07,1,False,False,False,False,DOCENTE,DOCENTE_TITULAR_CARRERA,False
77575,61,FACULTAD DE CIENCIAS DE LA VIDA,Subrogación,OTROS_AA,True,Subdecano,AUTORIDAD_ACADEMICA_SUPERIOR,,,2025-11-09,2025-11-15,6,False,False,False,False,DOCENTE,DOCENTE_TITULAR_CARRERA,False
77575,61,FACULTAD DE CIENCIAS DE LA VIDA,Subrogación,OTROS_AA,True,Subdecano,AUTORIDAD_ACADEMICA_SUPERIOR,,,2025-12-04,2025-12-06,2,False,False,False,False,DOCENTE,DOCENTE_TITULAR_CARRERA,False
77575,142,OFICINA DE TRANSFERENCIA DE RESULTADOS DE INVESTIGACIÓN - OTRI EN LA ESPOL,Director,AUTORIDAD_ADMINISTRATIVA_SUPERIOR,False,,,,,2025-12-22,2025-12-31,9,False,False,False,False,DOCENTE,DOCENTE_TITULAR_CARRERA,False
77575,61,FACULTAD DE CIENCIAS DE LA VIDA,Subrogación,OTROS_AA,True,Subdecano,AUTORIDAD_ACADEMICA_SUPERIOR,,,2026-01-27,2026-01-30,3,False,False,False,False,DOCENTE,DOCENTE_TITULAR_CARRERA,False
77575,142,OFICINA DE TRANSFERENCIA DE RESULTADOS DE INVESTIGACIÓN - OTRI EN LA ESPOL,Director,AUTORIDAD_ADMINISTRATIVA_SUPERIOR,False,,,,,2026-02-02,2026-02-07,5,False,False,False,False,DOCENTE,DOCENTE_TITULAR_CARRERA,False
77575,142,OFICINA DE TRANSFERENCIA DE RESULTADOS DE INVESTIGACIÓN - OTRI EN LA ESPOL,Director,AUTORIDAD_ADMINISTRATIVA_SUPERIOR,False,,,,,2026-02-18,2026-02-20,2,False,False,False,False,DOCENTE,DOCENTE_TITULAR_CARRERA,False
77575,61,FACULTAD DE CIENCIAS DE LA VIDA,Subrogación,OTROS_AA,True,Subdecano,AUTORIDAD_ACADEMICA_SUPERIOR,,,2026-03-02,2026-04-02,31,False,False,False,False,DOCENTE,DOCENTE_TITULAR_CARRERA,False
77575,142,OFICINA DE TRANSFERENCIA DE RESULTADOS DE INVESTIGACIÓN - OTRI EN LA ESPOL,Director,AUTORIDAD_ADMINISTRATIVA_SUPERIOR,False,,,,,2026-04-11,2026-04-19,8,False,False,False,False,DOCENTE,DOCENTE_TITULAR_CARRERA,False
77575,61,FACULTAD DE CIENCIAS DE LA VIDA,Subrogación,OTROS_AA,True,Subdecano,AUTORIDAD_ACADEMICA_SUPERIOR,,,2026-04-20,2026-04-24,4,False,False,False,False,DOCENTE,AUTORIDAD_ACADEMICA_SUPERIOR,True
77575,61,FACULTAD DE CIENCIAS DE LA VIDA,Subrogación,OTROS_AA,True,Decano,AUTORIDAD_ACADEMICA_SUPERIOR,,,2026-04-20,2026-04-25,5,False,False,False,False,DOCENTE,AUTORIDAD_ACADEMICA_SUPERIOR,True
77575,61,FACULTAD DE CIENCIAS DE LA VIDA,Subrogación,OTROS_AA,True,Subdecano,AUTORIDAD_ACADEMICA_SUPERIOR,,,2026-04-20,2026-04-24,4,False,False,True,False,DOCENTE,AUTORIDAD_ACADEMICA_SUPERIOR,True
77575,61,FACULTAD DE CIENCIAS DE LA VIDA,Subrogación,OTROS_AA,True,Subdecano,AUTORIDAD_ACADEMICA_SUPERIOR,,,2026-05-27,2026-06-11,15,False,False,False,False,DOCENTE,AUTORIDAD_ACADEMICA_SUPERIOR,True
77575,61,FACULTAD DE CIENCIAS DE LA VIDA,Subrogación,OTROS_AA,True,Subdecano,AUTORIDAD_ACADEMICA_SUPERIOR,,,2026-07-12,2026-07-18,6,False,False,False,False,DOCENTE,AUTORIDAD_ACADEMICA_SUPERIOR,True
77575,61,FACULTAD DE CIENCIAS DE LA VIDA,Subrogación,OTROS_AA,True,Decano,AUTORIDAD_ACADEMICA_SUPERIOR,,,2026-07-12,2026-07-18,6,False,False,True,False,DOCENTE,AUTORIDAD_ACADEMICA_SUPERIOR,True
77575,142,OFICINA DE TRANSFERENCIA DE RESULTADOS DE INVESTIGACIÓN - OTRI EN LA ESPOL,Director,AUTORIDAD_ADMINISTRATIVA_SUPERIOR,False,,,,,2026-07-19,2026-07-25,6,False,False,False,False,DOCENTE,DOCENTE_TITULAR_CARRERA,False
77575,61,FACULTAD DE CIENCIAS DE LA VIDA,Subrogación,OTROS_AA,True,Subdecano,AUTORIDAD_ACADEMICA_SUPERIOR,,,2026-08-11,2026-08-14,3,False,False,False,False,DOCENTE,AUTORIDAD_ACADEMICA_SUPERIOR,True
77575,142,OFICINA DE TRANSFERENCIA DE RESULTADOS DE INVESTIGACIÓN - OTRI EN LA ESPOL,Director,AUTORIDAD_ADMINISTRATIVA_SUPERIOR,False,,,,,2026-08-24,2026-09-01,8,False,False,False,False,DOCENTE,DOCENTE_TITULAR_CARRERA,False
77712,25,FACULTAD DE INGENIERÍA EN CIENCIAS DE LA TIERRA,Coordinador de prácticas empresariales,JEFATURA_SUPERVISION_OPERATIVA,False,,,GRADO,Geología,2021-07-01,2024-02-29,973,False,False,False,False,DOCENTE,TECNICO_DOCENTE_APOYO,False
77732,86,FACULTAD DE INGENIERÍA MARÍTIMA Y CIENCIAS DEL MAR,Miembro del consejo directivo - estudiantes,OTROS_AA,False,,,,,2019-01-31,2020-01-30,364,True,False,False,False,,,
77788,22,FACULTAD DE INGENIERÍA MECÁNICA Y CIENCIAS DE LA PRODUCCIÓN,Coordinador de vinculación con la sociedad,JEFATURA_SUPERVISION_OPERATIVA,False,,,GRADO,Mecatrónica,2022-05-16,2025-02-14,1005,False,False,False,False,DOCENTE,TECNICO_DOCENTE_APOYO,False
77864,12,FACULTAD DE CIENCIAS NATURALES Y MATEMÁTICAS,Miembro del consejo politécnico - estudiantes,OTROS_AA,False,,,,,2019-01-31,2020-01-30,364,True,False,False,False,,,
78012,17,FACULTAD DE CIENCIAS SOCIALES Y HUMANÍSTICAS,Miembro del consejo politécnico - estudiantes,OTROS_AA,False,,,,,2019-01-31,2020-01-30,364,True,False,False,False,,,
78017,17,FACULTAD DE CIENCIAS SOCIALES Y HUMANÍSTICAS,Miembro del consejo politécnico - estudiantes,OTROS_AA,False,,,,,2019-01-31,2020-01-30,364,True,False,False,False,,,
78041,17,FACULTAD DE CIENCIAS SOCIALES Y HUMANÍSTICAS,Miembro del consejo directivo - estudiantes,OTROS_AA,False,,,,,2019-01-31,2020-01-30,364,True,False,False,False,,,
78091,86,FACULTAD DE INGENIERÍA MARÍTIMA Y CIENCIAS DEL MAR,Miembro del consejo politécnico - estudiantes,OTROS_AA,False,,,,,2020-01-31,2021-01-30,365,True,False,False,False,,,
78155,88,"FACULTAD DE ARTE, DISEÑO Y COMUNICACIÓN AUDIOVISUAL",Miembro del consejo politécnico - estudiantes,OTROS_AA,False,,,,,2020-01-31,2021-01-30,365,True,False,False,False,,,
78181,27,ESCUELA DE DISEÑO Y COMUNICACIÓN VISUAL,Miembro del consejo directivo,OTROS_AA,False,,,,,2019-01-31,2019-03-02,30,False,False,False,False,,,
78181,88,"FACULTAD DE ARTE, DISEÑO Y COMUNICACIÓN AUDIOVISUAL",Miembro del consejo directivo - estudiantes,OTROS_AA,False,,,,,2019-01-31,2020-01-30,364,True,False,False,False,,,
78190,61,FACULTAD DE CIENCIAS DE LA VIDA,Miembro del consejo directivo - estudiantes,OTROS_AA,False,,,,,2019-01-31,2020-01-30,364,True,False,False,False,,,
78318,16,FACULTAD DE INGENIERÍA EN ELECTRICIDAD Y COMPUTACIÓN,Miembro del consejo politécnico - estudiantes,OTROS_AA,False,,,,,2019-01-31,2020-01-30,364,True,False,False,False,,,
78656,27,ESCUELA DE DISEÑO Y COMUNICACIÓN VISUAL,Miembro del consejo directivo,OTROS_AA,False,,,,,2017-06-14,2019-01-23,588,False,False,False,False,DOCENTE,DOCENTE_TITULAR_CARRERA,False
78656,88,"FACULTAD DE ARTE, DISEÑO Y COMUNICACIÓN AUDIOVISUAL",Miembro del consejo directivo,OTROS_AA,False,,,,,2017-06-14,2020-06-13,1095,False,False,False,False,DOCENTE,DOCENTE_TITULAR_CARRERA,False
78656,88,"FACULTAD DE ARTE, DISEÑO Y COMUNICACIÓN AUDIOVISUAL",Miembro del consejo directivo,OTROS_AA,False,,,,,2019-12-10,2022-12-09,1095,False,False,False,False,DOCENTE,DOCENTE_TITULAR_CARRERA,False
78685,11,"FACULTAD DE INGENIERIA MARÍTIMA, CIENCIAS BIOLÓGICAS, OCEÁNICAS Y RECURSOS NATURALES",Coordinador de prácticas empresariales,JEFATURA_SUPERVISION_OPERATIVA,False,,,GRADO,Oceanografía,2017-03-16,2018-03-31,380,False,False,False,False,DOCENTE,DOCENTE_NO_TITULAR_OCASIONAL,False
78685,11,"FACULTAD DE INGENIERIA MARÍTIMA, CIENCIAS BIOLÓGICAS, OCEÁNICAS Y RECURSOS NATURALES",Coordinador de acreditación internacional,JEFATURA_SUPERVISION_OPERATIVA,False,,,GRADO,Oceanografía,2017-04-10,2018-03-31,355,False,False,False,False,DOCENTE,DOCENTE_NO_TITULAR_OCASIONAL,False
78685,11,"FACULTAD DE INGENIERIA MARÍTIMA, CIENCIAS BIOLÓGICAS, OCEÁNICAS Y RECURSOS NATURALES",Coordinador de prácticas empresariales,JEFATURA_SUPERVISION_OPERATIVA,False,,,GRADO,Oceanografía,2017-04-11,2018-04-10,364,False,False,False,False,DOCENTE,DOCENTE_NO_TITULAR_OCASIONAL,False
78685,11,"FACULTAD DE INGENIERIA MARÍTIMA, CIENCIAS BIOLÓGICAS, OCEÁNICAS Y RECURSOS NATURALES",Coordinador de acreditación internacional,JEFATURA_SUPERVISION_OPERATIVA,False,,,GRADO,Oceanografía,2018-04-01,2019-01-16,290,False,False,False,False,DOCENTE,DOCENTE_NO_TITULAR_OCASIONAL,False
78685,11,"FACULTAD DE INGENIERIA MARÍTIMA, CIENCIAS BIOLÓGICAS, OCEÁNICAS Y RECURSOS NATURALES",Coordinador de prácticas empresariales,JEFATURA_SUPERVISION_OPERATIVA,False,,,GRADO,Oceanografía,2018-04-01,2019-01-23,297,False,False,False,False,DOCENTE,DOCENTE_NO_TITULAR_OCASIONAL,False
78685,11,"FACULTAD DE INGENIERIA MARÍTIMA, CIENCIAS BIOLÓGICAS, OCEÁNICAS Y RECURSOS NATURALES",Coordinador de acreditación internacional,JEFATURA_SUPERVISION_OPERATIVA,False,,,GRADO,Oceanografía,2019-01-17,2019-01-23,6,False,False,False,False,DOCENTE,DOCENTE_NO_TITULAR_OCASIONAL,False
78685,86,FACULTAD DE INGENIERÍA MARÍTIMA Y CIENCIAS DEL MAR,Coordinador de prácticas empresariales,JEFATURA_SUPERVISION_OPERATIVA,False,,,GRADO,Oceanografía,2019-01-24,2021-02-24,762,False,False,False,False,DOCENTE,DOCENTE_NO_TITULAR_OCASIONAL,False
78685,86,FACULTAD DE INGENIERÍA MARÍTIMA Y CIENCIAS DEL MAR,Coordinador de acreditación internacional,JEFATURA_SUPERVISION_OPERATIVA,False,,,GRADO,Oceanografía,2019-01-24,2020-01-15,356,False,False,False,False,DOCENTE,DOCENTE_NO_TITULAR_OCASIONAL,False
78685,86,FACULTAD DE INGENIERÍA MARÍTIMA Y CIENCIAS DEL MAR,Coordinador de acreditación internacional,JEFATURA_SUPERVISION_OPERATIVA,False,,,GRADO,Oceanografía,2020-01-16,2020-01-20,4,False,False,False,False,DOCENTE,DOCENTE_NO_TITULAR_OCASIONAL,False
78685,86,FACULTAD DE INGENIERÍA MARÍTIMA Y CIENCIAS DEL MAR,Coordinador de acreditación internacional,JEFATURA_SUPERVISION_OPERATIVA,False,,,GRADO,Oceanografía,2020-01-21,2022-03-13,782,False,False,False,False,DOCENTE,DOCENTE_NO_TITULAR_OCASIONAL,False
78685,86,FACULTAD DE INGENIERÍA MARÍTIMA Y CIENCIAS DEL MAR,Coordinador de prácticas empresariales,JEFATURA_SUPERVISION_OPERATIVA,False,,,GRADO,Oceanografía,2021-02-25,2022-03-13,381,False,False,False,False,DOCENTE,DOCENTE_NO_TITULAR_OCASIONAL,False
78685,86,FACULTAD DE INGENIERÍA MARÍTIMA Y CIENCIAS DEL MAR,Coordinador de acreditación internacional,JEFATURA_SUPERVISION_OPERATIVA,False,,,GRADO,Oceanografía,2021-12-13,2021-12-14,1,False,False,False,False,DOCENTE,DOCENTE_NO_TITULAR_OCASIONAL,False
78685,86,FACULTAD DE INGENIERÍA MARÍTIMA Y CIENCIAS DEL MAR,Coordinador de acreditación internacional,JEFATURA_SUPERVISION_OPERATIVA,False,,,GRADO,Oceanografía,2021-12-13,2021-12-14,1,False,False,True,False,DOCENTE,DOCENTE_NO_TITULAR_OCASIONAL,False
78685,86,FACULTAD DE INGENIERÍA MARÍTIMA Y CIENCIAS DEL MAR,Coordinador de acreditación internacional,JEFATURA_SUPERVISION_OPERATIVA,False,,,GRADO,Oceanografía,2021-12-13,2021-12-14,1,False,False,True,False,DOCENTE,DOCENTE_NO_TITULAR_OCASIONAL,False
78685,86,FACULTAD DE INGENIERÍA MARÍTIMA Y CIENCIAS DEL MAR,Coordinador de acreditación internacional,JEFATURA_SUPERVISION_OPERATIVA,False,,,GRADO,Oceanografía,2021-12-14,2021-12-14,0,False,False,False,False,DOCENTE,DOCENTE_NO_TITULAR_OCASIONAL,False
78685,86,FACULTAD DE INGENIERÍA MARÍTIMA Y CIENCIAS DEL MAR,Coordinador de acreditación internacional,JEFATURA_SUPERVISION_OPERATIVA,False,,,GRADO,Oceanografía,2021-12-14,2022-09-23,283,False,False,False,False,DOCENTE,DOCENTE_NO_TITULAR_OCASIONAL,False
78685,86,FACULTAD DE INGENIERÍA MARÍTIMA Y CIENCIAS DEL MAR,Coordinador de acreditación internacional,JEFATURA_SUPERVISION_OPERATIVA,False,,,GRADO,Oceanografía,2022-03-14,2021-12-13,0,False,True,False,False,,,
78685,86,FACULTAD DE INGENIERÍA MARÍTIMA Y CIENCIAS DEL MAR,Coordinador de prácticas empresariales,JEFATURA_SUPERVISION_OPERATIVA,False,,,GRADO,Oceanografía,2022-03-14,2022-09-23,193,False,False,False,False,DOCENTE,DOCENTE_NO_TITULAR_OCASIONAL,False
78701,135,GERENCIA DE BIENESTAR POLITÉCNICO,Subrogación,OTROS_AA,True,Gerente,AUTORIDAD_ADMINISTRATIVA_SUPERIOR,,,2023-12-26,2023-12-29,3,False,False,False,False,ADMINISTRATIVO,PROFESIONAL_ESPECIALIZADO_TECNICO,False
78701,135,GERENCIA DE BIENESTAR POLITÉCNICO,Subrogación,OTROS_AA,True,Gerente,AUTORIDAD_ADMINISTRATIVA_SUPERIOR,,,2024-04-19,2024-04-26,7,False,False,False,False,ADMINISTRATIVO,PROFESIONAL_ESPECIALIZADO_TECNICO,False
78701,135,GERENCIA DE BIENESTAR POLITÉCNICO,Subrogación,OTROS_AA,True,Gerente,AUTORIDAD_ADMINISTRATIVA_SUPERIOR,,,2024-05-13,2024-05-27,14,False,False,False,False,ADMINISTRATIVO,PROFESIONAL_ESPECIALIZADO_TECNICO,False
78701,135,GERENCIA DE BIENESTAR POLITÉCNICO,Subrogación,OTROS_AA,True,Gerente,AUTORIDAD_ADMINISTRATIVA_SUPERIOR,,,2024-09-04,2024-09-05,1,False,False,False,False,ADMINISTRATIVO,PROFESIONAL_ESPECIALIZADO_TECNICO,False
78701,135,GERENCIA DE BIENESTAR POLITÉCNICO,Subrogación,OTROS_AA,True,Gerente,AUTORIDAD_ADMINISTRATIVA_SUPERIOR,,,2024-11-15,2024-11-21,6,False,False,False,False,ADMINISTRATIVO,PROFESIONAL_ESPECIALIZADO_TECNICO,False
78701,135,GERENCIA DE BIENESTAR POLITÉCNICO,Subrogación,OTROS_AA,True,Gerente,AUTORIDAD_ADMINISTRATIVA_SUPERIOR,,,2025-03-26,2025-03-31,5,False,False,False,False,ADMINISTRATIVO,PROFESIONAL_ESPECIALIZADO_TECNICO,False
78701,135,GERENCIA DE BIENESTAR POLITÉCNICO,Subrogación,OTROS_AA,True,Gerente,AUTORIDAD_ADMINISTRATIVA_SUPERIOR,,,2025-05-26,2025-06-11,16,False,False,False,False,ADMINISTRATIVO,PROFESIONAL_ESPECIALIZADO_TECNICO,False
78701,135,GERENCIA DE BIENESTAR POLITÉCNICO,Subrogación,OTROS_AA,True,Gerente,AUTORIDAD_ADMINISTRATIVA_SUPERIOR,,,2025-07-17,2025-07-23,6,False,False,False,False,ADMINISTRATIVO,PROFESIONAL_ESPECIALIZADO_TECNICO,False
78731,25,FACULTAD DE INGENIERÍA EN CIENCIAS DE LA TIERRA,Coordinador de programa de postgrado,JEFATURA_SUPERVISION_OPERATIVA,False,,,POSGRADO,Maestría en Geotecnia,2019-01-02,2019-02-28,57,False,False,False,False,DOCENTE,DOCENTE_NO_TITULAR_OCASIONAL,False
78731,25,FACULTAD DE INGENIERÍA EN CIENCIAS DE LA TIERRA,Coordinador de programa de postgrado,JEFATURA_SUPERVISION_OPERATIVA,False,,,POSGRADO,Maestría en Geotecnia,2020-05-04,2022-01-02,608,False,False,False,False,DOCENTE,DOCENTE_TITULAR_CARRERA,False
78731,25,FACULTAD DE INGENIERÍA EN CIENCIAS DE LA TIERRA,Coordinador de programa de postgrado,JEFATURA_SUPERVISION_OPERATIVA,False,,,POSGRADO,Maestría en Geotecnia,2023-05-02,2025-05-31,760,False,False,False,False,DOCENTE,DOCENTE_TITULAR_CARRERA,False
78731,25,FACULTAD DE INGENIERÍA EN CIENCIAS DE LA TIERRA,Miembro del consejo directivo,OTROS_AA,False,,,,,2023-12-01,2026-11-30,1095,False,False,False,False,DOCENTE,DOCENTE_TITULAR_CARRERA,False
78731,25,FACULTAD DE INGENIERÍA EN CIENCIAS DE LA TIERRA,Coordinador de programa de postgrado,JEFATURA_SUPERVISION_OPERATIVA,False,,,POSGRADO,Maestría en Geotecnia,2025-06-02,2025-08-31,90,False,False,False,False,DOCENTE,DOCENTE_TITULAR_CARRERA,False
78731,25,FACULTAD DE INGENIERÍA EN CIENCIAS DE LA TIERRA,Coordinador de programa de postgrado,JEFATURA_SUPERVISION_OPERATIVA,False,,,POSGRADO,Maestría en Geotecnia,2025-09-05,2027-02-12,525,False,False,False,False,DOCENTE,DOCENTE_TITULAR_CARRERA,False
78731,25,FACULTAD DE INGENIERÍA EN CIENCIAS DE LA TIERRA,Subrogación,OTROS_AA,True,Subdecano,AUTORIDAD_ACADEMICA_SUPERIOR,,,2026-09-07,2026-09-11,4,False,False,False,False,DOCENTE,DOCENTE_CONTRATADO_SERVICIOS_CIVILES,False
78761,25,FACULTAD DE INGENIERÍA EN CIENCIAS DE LA TIERRA,Coordinador de prácticas empresariales,JEFATURA_SUPERVISION_OPERATIVA,False,,,GRADO,Minas,2021-07-01,2024-12-31,1279,False,False,False,False,DOCENTE,TECNICO_DOCENTE_APOYO,False
78781,74,CENTRO DE ESTUDIOS E INVESTIGACIONES ESTADÍSTICAS,Director,AUTORIDAD_ADMINISTRATIVA_SUPERIOR,False,,,,,2022-04-04,2022-12-27,267,False,False,False,False,ADMINISTRATIVO,CONTRATO_SERVICIOS_PROFESIONALES_PROYECTO,False
78781,139,CENTRO DE ESTUDIOS E INVESTIGACIONES ESTADÍSTICAS,Director,AUTORIDAD_ADMINISTRATIVA_SUPERIOR,False,,,,,2022-04-04,2024-01-27,663,False,False,False,False,ADMINISTRATIVO,CONTRATO_SERVICIOS_PROFESIONALES_PROYECTO,False
78781,12,FACULTAD DE CIENCIAS NATURALES Y MATEMÁTICAS,Coordinador de programa de postgrado,JEFATURA_SUPERVISION_OPERATIVA,False,,,POSGRADO,Maestría en Estadística Aplicada,2022-12-21,,1364,False,False,False,False,DOCENTE,DOCENTE_HONORARIO_ESPECIAL,False
78781,139,CENTRO DE ESTUDIOS E INVESTIGACIONES ESTADÍSTICAS,Director,AUTORIDAD_ADMINISTRATIVA_SUPERIOR,False,,,,,2024-01-28,,961,False,False,False,False,DOCENTE,DOCENTE_HONORARIO_ESPECIAL,False
78898,17,FACULTAD DE CIENCIAS SOCIALES Y HUMANÍSTICAS,Miembro del consejo directivo,OTROS_AA,False,,,,,2022-09-16,2025-09-15,1095,False,False,False,False,DOCENTE,DOCENTE_TITULAR_CARRERA,False
80210,26,ESCUELA DE POSTGRADO EN ADMINISTRACIÓN DE EMPRESAS,Coordinador de programa de postgrado,JEFATURA_SUPERVISION_OPERATIVA,False,,,POSGRADO,Maestría en Administración de Empresas,2020-02-01,2021-11-30,668,False,False,False,False,ADMINISTRATIVO,CONTRATO_SERVICIOS_PROFESIONALES_PROYECTO,False
80210,26,ESCUELA DE POSTGRADO EN ADMINISTRACIÓN DE EMPRESAS,Coordinador de programa de postgrado,JEFATURA_SUPERVISION_OPERATIVA,False,,,POSGRADO,Maestría en Administración y Dirección de Empresas,2020-02-01,2021-11-30,668,False,False,True,False,ADMINISTRATIVO,CONTRATO_SERVICIOS_PROFESIONALES_PROYECTO,False
80210,26,ESCUELA DE POSTGRADO EN ADMINISTRACIÓN DE EMPRESAS,Coordinador de acreditación internacional,JEFATURA_SUPERVISION_OPERATIVA,False,,,POSGRADO,Maestría en Administración de Empresas,2020-02-01,2021-11-30,668,False,False,False,False,ADMINISTRATIVO,CONTRATO_SERVICIOS_PROFESIONALES_PROYECTO,False
80210,26,ESCUELA DE POSTGRADO EN ADMINISTRACIÓN DE EMPRESAS,Coordinador de acreditación internacional,JEFATURA_SUPERVISION_OPERATIVA,False,,,POSGRADO,Maestría en Administración y Dirección de Empresas,2020-02-01,2021-11-30,668,False,False,True,False,ADMINISTRATIVO,CONTRATO_SERVICIOS_PROFESIONALES_PROYECTO,False
80318,17,FACULTAD DE CIENCIAS SOCIALES Y HUMANÍSTICAS,Coordinador de carrera,JEFATURA_SUPERVISION_OPERATIVA,False,,,GRADO,Turismo,2020-10-15,2021-02-19,127,False,False,False,False,DOCENTE,DOCENTE_NO_TITULAR_OCASIONAL,False
81202,9,GERENCIA DE COMUNICACIÓN SOCIAL Y ASUNTOS PÚBLICOS,Gerente,AUTORIDAD_ADMINISTRATIVA_SUPERIOR,False,,,,,2021-08-16,2022-11-13,454,False,False,False,False,ADMINISTRATIVO,AUTORIDAD_ADMINISTRATIVA_SUPERIOR,True
81202,134,GERENCIA DE COMUNICACIÓN,Gerente,AUTORIDAD_ADMINISTRATIVA_SUPERIOR,False,,,,,2022-11-14,,1401,False,False,False,False,ADMINISTRATIVO,AUTORIDAD_ADMINISTRATIVA_SUPERIOR,True
81391,17,FACULTAD DE CIENCIAS SOCIALES Y HUMANÍSTICAS,Coordinador de área transversal institucional de docencia,JEFATURA_SUPERVISION_OPERATIVA,False,,,,,2026-05-11,2026-09-18,130,False,False,False,False,DOCENTE,DOCENTE_NO_TITULAR_OCASIONAL,False
83678,6,AUDITORÍA INTERNA,Subrogación,OTROS_AA,True,Auditor,PROFESIONAL_ANALISTA,,,2021-02-22,2021-03-23,29,False,False,False,False,ADMINISTRATIVO,PROFESIONAL_ANALISTA,True
83678,6,AUDITORÍA INTERNA,Subrogación,OTROS_AA,True,Auditor,PROFESIONAL_ANALISTA,,,2021-12-01,2021-12-08,7,False,False,False,False,ADMINISTRATIVO,PROFESIONAL_ANALISTA,True
83678,6,AUDITORÍA INTERNA,Subrogación,OTROS_AA,True,Auditor,PROFESIONAL_ANALISTA,,,2022-07-04,2022-07-15,11,False,False,False,False,ADMINISTRATIVO,PROFESIONAL_ANALISTA,True
86456,55,DIRECCIÓN DE TALENTO HUMANO,Director,AUTORIDAD_ADMINISTRATIVA_SUPERIOR,False,,,,,2017-12-01,2018-08-31,273,False,False,False,False,,,
86494,61,FACULTAD DE CIENCIAS DE LA VIDA,Coordinador de acreditación internacional,JEFATURA_SUPERVISION_OPERATIVA,False,,,GRADO,Nutrición y Dietética,2017-10-12,2019-01-17,462,False,False,False,False,DOCENTE,DOCENTE_NO_TITULAR_OCASIONAL,False
86494,61,FACULTAD DE CIENCIAS DE LA VIDA,Coordinador de acreditación internacional,JEFATURA_SUPERVISION_OPERATIVA,False,,,GRADO,Nutrición y Dietética,2019-01-18,2019-02-04,17,False,False,False,False,DOCENTE,DOCENTE_NO_TITULAR_OCASIONAL,False
86494,61,FACULTAD DE CIENCIAS DE LA VIDA,Coordinador de acreditación internacional,JEFATURA_SUPERVISION_OPERATIVA,False,,,GRADO,Nutrición y Dietética,2019-02-05,2020-01-19,348,False,False,False,False,DOCENTE,DOCENTE_NO_TITULAR_OCASIONAL,False
86494,61,FACULTAD DE CIENCIAS DE LA VIDA,Coordinador de acreditación internacional,JEFATURA_SUPERVISION_OPERATIVA,False,,,GRADO,Nutrición y Dietética,2020-01-20,2027-02-12,2580,False,False,False,False,DOCENTE,DOCENTE_TITULAR_CARRERA,False
86494,61,FACULTAD DE CIENCIAS DE LA VIDA,Miembro del consejo directivo,OTROS_AA,False,,,,,2025-02-01,2028-01-31,1094,False,False,False,False,DOCENTE,DOCENTE_TITULAR_CARRERA,False
86494,61,FACULTAD DE CIENCIAS DE LA VIDA,Subrogación,OTROS_AA,True,Subdecano,AUTORIDAD_ACADEMICA_SUPERIOR,,,2026-09-10,2026-09-18,8,False,False,False,False,DOCENTE,DOCENTE_TITULAR_CARRERA,False
89484,2,RECTORADO,Rector,AUTORIDAD_ACADEMICA_SUPERIOR,False,,,,,1962-05-01,1967-12-31,2070,False,False,False,False,,,
89498,2,RECTORADO,Rector,AUTORIDAD_ACADEMICA_SUPERIOR,False,,,,,1960-09-01,1961-11-30,455,False,False,False,False,,,
89498,2,RECTORADO,Rector,AUTORIDAD_ACADEMICA_SUPERIOR,False,,,,,1969-08-01,1974-03-17,1689,False,False,False,False,,,
94929,46,SECRETARIA ADMINISTRATIVA,Subrogación,OTROS_AA,True,Secretario administrativo,ASISTENCIA_SECRETARIAL_OFICINA,,,2020-07-03,2020-07-03,0,False,False,False,False,ADMINISTRATIVO,ASISTENCIA_SECRETARIAL_OFICINA,True
94929,46,SECRETARIA ADMINISTRATIVA,Secretario administrativo,ASISTENCIA_SECRETARIAL_OFICINA,False,,,,,2020-11-30,2021-01-31,62,False,False,False,False,ADMINISTRATIVO,ASISTENCIA_SECRETARIAL_OFICINA,True
94929,7,GERENCIA JURÍDICA,Subrogación,OTROS_AA,True,Gerente,AUTORIDAD_ADMINISTRATIVA_SUPERIOR,,,2021-09-15,2021-09-24,9,False,False,False,False,ADMINISTRATIVO,PROFESIONAL_ESPECIALIZADO_TECNICO,False
94929,7,GERENCIA JURÍDICA,Subrogación,OTROS_AA,True,Gerente,AUTORIDAD_ADMINISTRATIVA_SUPERIOR,,,2022-04-18,2022-04-29,11,False,False,False,False,ADMINISTRATIVO,AUTORIDAD_ADMINISTRATIVA_SUPERIOR,True
95498,61,FACULTAD DE CIENCIAS DE LA VIDA,Coordinador de carrera,JEFATURA_SUPERVISION_OPERATIVA,False,,,GRADO,Nutrición y Dietética,2018-07-21,2020-01-19,547,False,False,False,False,DOCENTE,DOCENTE_NO_TITULAR_OCASIONAL,False
95498,61,FACULTAD DE CIENCIAS DE LA VIDA,Coordinador de carrera,JEFATURA_SUPERVISION_OPERATIVA,False,,,GRADO,Nutrición y Dietética,2020-01-20,2021-07-31,558,False,False,False,False,DOCENTE,DOCENTE_NO_TITULAR_OCASIONAL,False
95500,16,FACULTAD DE INGENIERÍA EN ELECTRICIDAD Y COMPUTACIÓN,Coordinador de vinculación con la sociedad,JEFATURA_SUPERVISION_OPERATIVA,False,,,GRADO,Telecomunicaciones,2017-10-04,2018-08-26,326,False,False,False,False,,,
95512,16,FACULTAD DE INGENIERÍA EN ELECTRICIDAD Y COMPUTACIÓN,Coordinador de vinculación con la sociedad,JEFATURA_SUPERVISION_OPERATIVA,False,,,GRADO,Electrónica y Automatización,2017-05-02,2017-09-22,143,False,False,False,False,,,
95512,16,FACULTAD DE INGENIERÍA EN ELECTRICIDAD Y COMPUTACIÓN,Coordinador de acreditación internacional,JEFATURA_SUPERVISION_OPERATIVA,False,,,GRADO,Electrónica y Automatización,2017-10-04,2018-09-16,347,False,False,False,False,,,
95516,22,FACULTAD DE INGENIERÍA MECÁNICA Y CIENCIAS DE LA PRODUCCIÓN,Coordinador de carrera,JEFATURA_SUPERVISION_OPERATIVA,False,,,GRADO,Materiales,2017-01-10,2018-03-01,415,False,False,False,False,DOCENTE,DOCENTE_TITULAR_CARRERA,False
95516,22,FACULTAD DE INGENIERÍA MECÁNICA Y CIENCIAS DE LA PRODUCCIÓN,Miembro del consejo directivo,OTROS_AA,False,,,,,2017-01-27,2020-01-26,1094,False,False,False,False,DOCENTE,DOCENTE_TITULAR_CARRERA,False
95516,25,FACULTAD DE INGENIERÍA EN CIENCIAS DE LA TIERRA,Subdecano,AUTORIDAD_ACADEMICA_SUPERIOR,False,,,,,2018-03-02,2021-02-21,1087,False,False,False,False,DOCENTE,DOCENTE_TITULAR_CARRERA,False
95516,22,FACULTAD DE INGENIERÍA MECÁNICA Y CIENCIAS DE LA PRODUCCIÓN,Subdecano,AUTORIDAD_ACADEMICA_SUPERIOR,False,,,,,2021-02-22,2022-11-12,628,False,False,False,False,DOCENTE,DOCENTE_TITULAR_CARRERA,False
95516,22,FACULTAD DE INGENIERÍA MECÁNICA Y CIENCIAS DE LA PRODUCCIÓN,Subrogación,OTROS_AA,True,Decano,AUTORIDAD_ACADEMICA_SUPERIOR,,,2021-03-01,2021-03-14,13,False,False,False,False,DOCENTE,DOCENTE_TITULAR_CARRERA,False
95516,22,FACULTAD DE INGENIERÍA MECÁNICA Y CIENCIAS DE LA PRODUCCIÓN,Subrogación,OTROS_AA,True,Decano,AUTORIDAD_ACADEMICA_SUPERIOR,,,2021-04-05,2021-04-09,4,False,False,False,False,DOCENTE,DOCENTE_TITULAR_CARRERA,False
95516,22,FACULTAD DE INGENIERÍA MECÁNICA Y CIENCIAS DE LA PRODUCCIÓN,Subrogación,OTROS_AA,True,Decano,AUTORIDAD_ACADEMICA_SUPERIOR,,,2021-04-19,2021-04-19,0,False,False,False,False,DOCENTE,DOCENTE_TITULAR_CARRERA,False
95516,22,FACULTAD DE INGENIERÍA MECÁNICA Y CIENCIAS DE LA PRODUCCIÓN,Subrogación,OTROS_AA,True,Decano,AUTORIDAD_ACADEMICA_SUPERIOR,,,2021-04-26,2021-04-27,1,False,False,False,False,DOCENTE,DOCENTE_TITULAR_CARRERA,False
95516,22,FACULTAD DE INGENIERÍA MECÁNICA Y CIENCIAS DE LA PRODUCCIÓN,Subrogación,OTROS_AA,True,Decano,AUTORIDAD_ACADEMICA_SUPERIOR,,,2021-07-02,2021-07-02,0,False,False,False,False,DOCENTE,DOCENTE_TITULAR_CARRERA,False
95516,22,FACULTAD DE INGENIERÍA MECÁNICA Y CIENCIAS DE LA PRODUCCIÓN,Subrogación,OTROS_AA,True,Decano,AUTORIDAD_ACADEMICA_SUPERIOR,,,2021-07-14,2021-07-17,3,False,False,False,False,DOCENTE,DOCENTE_TITULAR_CARRERA,False
95516,22,FACULTAD DE INGENIERÍA MECÁNICA Y CIENCIAS DE LA PRODUCCIÓN,Subrogación,OTROS_AA,True,Decano,AUTORIDAD_ACADEMICA_SUPERIOR,,,2021-12-29,2021-12-30,1,False,False,False,False,DOCENTE,DOCENTE_TITULAR_CARRERA,False
95516,22,FACULTAD DE INGENIERÍA MECÁNICA Y CIENCIAS DE LA PRODUCCIÓN,Subrogación,OTROS_AA,True,Decano,AUTORIDAD_ACADEMICA_SUPERIOR,,,2022-03-09,2022-03-21,12,False,False,False,False,DOCENTE,DOCENTE_TITULAR_CARRERA,False
95516,22,FACULTAD DE INGENIERÍA MECÁNICA Y CIENCIAS DE LA PRODUCCIÓN,Subrogación,OTROS_AA,True,Decano,AUTORIDAD_ACADEMICA_SUPERIOR,,,2022-03-24,2022-03-25,1,False,False,False,False,DOCENTE,DOCENTE_TITULAR_CARRERA,False
95516,22,FACULTAD DE INGENIERÍA MECÁNICA Y CIENCIAS DE LA PRODUCCIÓN,Subrogación,OTROS_AA,True,Decano,AUTORIDAD_ACADEMICA_SUPERIOR,,,2022-03-28,2022-04-01,4,False,False,False,False,DOCENTE,DOCENTE_TITULAR_CARRERA,False
95516,22,FACULTAD DE INGENIERÍA MECÁNICA Y CIENCIAS DE LA PRODUCCIÓN,Subrogación,OTROS_AA,True,Decano,AUTORIDAD_ACADEMICA_SUPERIOR,,,2022-04-18,2022-04-20,2,False,False,False,False,DOCENTE,DOCENTE_TITULAR_CARRERA,False
95516,22,FACULTAD DE INGENIERÍA MECÁNICA Y CIENCIAS DE LA PRODUCCIÓN,Subrogación,OTROS_AA,True,Decano,AUTORIDAD_ACADEMICA_SUPERIOR,,,2022-05-04,2022-05-07,3,False,False,False,False,DOCENTE,DOCENTE_TITULAR_CARRERA,False
95516,22,FACULTAD DE INGENIERÍA MECÁNICA Y CIENCIAS DE LA PRODUCCIÓN,Subrogación,OTROS_AA,True,Decano,AUTORIDAD_ACADEMICA_SUPERIOR,,,2022-05-30,2022-06-03,4,False,False,False,False,DOCENTE,DOCENTE_TITULAR_CARRERA,False
95516,22,FACULTAD DE INGENIERÍA MECÁNICA Y CIENCIAS DE LA PRODUCCIÓN,Subrogación,OTROS_AA,True,Decano,AUTORIDAD_ACADEMICA_SUPERIOR,,,2022-07-04,2022-07-12,8,False,False,False,False,DOCENTE,DOCENTE_TITULAR_CARRERA,False
95516,22,FACULTAD DE INGENIERÍA MECÁNICA Y CIENCIAS DE LA PRODUCCIÓN,Subrogación,OTROS_AA,True,Decano,AUTORIDAD_ACADEMICA_SUPERIOR,,,2022-08-03,2022-08-06,3,False,False,False,False,DOCENTE,DOCENTE_TITULAR_CARRERA,False
95516,22,FACULTAD DE INGENIERÍA MECÁNICA Y CIENCIAS DE LA PRODUCCIÓN,Decano,AUTORIDAD_ACADEMICA_SUPERIOR,False,,,,,2022-11-13,2023-09-05,296,False,False,False,False,DOCENTE,AUTORIDAD_ACADEMICA_SUPERIOR,True
95516,22,FACULTAD DE INGENIERÍA MECÁNICA Y CIENCIAS DE LA PRODUCCIÓN,Subdecano,AUTORIDAD_ACADEMICA_SUPERIOR,False,,,,,2022-11-13,,1402,False,False,False,False,DOCENTE,AUTORIDAD_ACADEMICA_SUPERIOR,True
95516,22,FACULTAD DE INGENIERÍA MECÁNICA Y CIENCIAS DE LA PRODUCCIÓN,Subrogación,OTROS_AA,True,Decano,AUTORIDAD_ACADEMICA_SUPERIOR,,,2024-03-18,2024-04-05,18,False,False,False,False,DOCENTE,AUTORIDAD_ACADEMICA_SUPERIOR,True
95516,22,FACULTAD DE INGENIERÍA MECÁNICA Y CIENCIAS DE LA PRODUCCIÓN,Subrogación,OTROS_AA,True,Decano,AUTORIDAD_ACADEMICA_SUPERIOR,,,2024-07-29,2024-08-16,18,False,False,False,False,DOCENTE,AUTORIDAD_ACADEMICA_SUPERIOR,True
95516,22,FACULTAD DE INGENIERÍA MECÁNICA Y CIENCIAS DE LA PRODUCCIÓN,Subrogación,OTROS_AA,True,Decano,AUTORIDAD_ACADEMICA_SUPERIOR,,,2025-01-28,2025-01-30,2,False,False,False,False,DOCENTE,AUTORIDAD_ACADEMICA_SUPERIOR,True
95516,137,DECANATO DE POSGRADO,Subrogación,OTROS_AA,True,Decano,AUTORIDAD_ACADEMICA_SUPERIOR,,,2025-04-05,2025-04-14,9,False,False,False,False,DOCENTE,AUTORIDAD_ACADEMICA_SUPERIOR,True
95516,22,FACULTAD DE INGENIERÍA MECÁNICA Y CIENCIAS DE LA PRODUCCIÓN,Subrogación,OTROS_AA,True,Decano,AUTORIDAD_ACADEMICA_SUPERIOR,,,2025-04-26,2025-05-01,5,False,False,False,False,DOCENTE,AUTORIDAD_ACADEMICA_SUPERIOR,True
95516,138,DECANATO DE GRADO,Subrogación,OTROS_AA,True,Decano de grado,AUTORIDAD_ACADEMICA_SUPERIOR,,,2025-06-25,2025-07-01,6,False,False,False,False,DOCENTE,AUTORIDAD_ACADEMICA_SUPERIOR,True
95516,22,FACULTAD DE INGENIERÍA MECÁNICA Y CIENCIAS DE LA PRODUCCIÓN,Subrogación,OTROS_AA,True,Decano,AUTORIDAD_ACADEMICA_SUPERIOR,,,2025-08-21,2025-09-05,15,False,False,False,False,DOCENTE,AUTORIDAD_ACADEMICA_SUPERIOR,True
95516,138,DECANATO DE GRADO,Subrogación,OTROS_AA,True,Decano de grado,AUTORIDAD_ACADEMICA_SUPERIOR,,,2025-09-10,2025-09-19,9,False,False,False,False,DOCENTE,AUTORIDAD_ACADEMICA_SUPERIOR,True
95516,22,FACULTAD DE INGENIERÍA MECÁNICA Y CIENCIAS DE LA PRODUCCIÓN,Subrogación,OTROS_AA,True,Decano,AUTORIDAD_ACADEMICA_SUPERIOR,,,2025-11-25,2025-11-27,2,False,False,False,False,DOCENTE,AUTORIDAD_ACADEMICA_SUPERIOR,True
95516,22,FACULTAD DE INGENIERÍA MECÁNICA Y CIENCIAS DE LA PRODUCCIÓN,Subrogación,OTROS_AA,True,Decano,AUTORIDAD_ACADEMICA_SUPERIOR,,,2026-01-27,2026-01-30,3,False,False,False,False,DOCENTE,AUTORIDAD_ACADEMICA_SUPERIOR,True
95516,22,FACULTAD DE INGENIERÍA MECÁNICA Y CIENCIAS DE LA PRODUCCIÓN,Subrogación,OTROS_AA,True,Decano,AUTORIDAD_ACADEMICA_SUPERIOR,,,2026-03-02,2026-03-03,1,False,False,False,False,DOCENTE,AUTORIDAD_ACADEMICA_SUPERIOR,True
95516,22,FACULTAD DE INGENIERÍA MECÁNICA Y CIENCIAS DE LA PRODUCCIÓN,Subrogación,OTROS_AA,True,Decano,AUTORIDAD_ACADEMICA_SUPERIOR,,,2026-04-11,2026-04-11,0,False,False,False,False,DOCENTE,AUTORIDAD_ACADEMICA_SUPERIOR,True
95516,22,FACULTAD DE INGENIERÍA MECÁNICA Y CIENCIAS DE LA PRODUCCIÓN,Subrogación,OTROS_AA,True,Decano,AUTORIDAD_ACADEMICA_SUPERIOR,,,2026-04-11,2026-04-11,0,False,False,True,False,DOCENTE,AUTORIDAD_ACADEMICA_SUPERIOR,True
95516,22,FACULTAD DE INGENIERÍA MECÁNICA Y CIENCIAS DE LA PRODUCCIÓN,Subrogación,OTROS_AA,True,Decano,AUTORIDAD_ACADEMICA_SUPERIOR,,,2026-04-13,2026-04-17,4,False,False,False,False,DOCENTE,AUTORIDAD_ACADEMICA_SUPERIOR,True
95516,22,FACULTAD DE INGENIERÍA MECÁNICA Y CIENCIAS DE LA PRODUCCIÓN,Subrogación,OTROS_AA,True,Decano,AUTORIDAD_ACADEMICA_SUPERIOR,,,2026-04-26,2026-04-30,4,False,False,False,False,DOCENTE,AUTORIDAD_ACADEMICA_SUPERIOR,True
95516,22,FACULTAD DE INGENIERÍA MECÁNICA Y CIENCIAS DE LA PRODUCCIÓN,Subrogación,OTROS_AA,True,Decano,AUTORIDAD_ACADEMICA_SUPERIOR,,,2026-05-16,2026-05-21,5,False,False,False,False,DOCENTE,AUTORIDAD_ACADEMICA_SUPERIOR,True
95516,22,FACULTAD DE INGENIERÍA MECÁNICA Y CIENCIAS DE LA PRODUCCIÓN,Subrogación,OTROS_AA,True,Decano,AUTORIDAD_ACADEMICA_SUPERIOR,,,2026-08-06,2026-08-07,1,False,False,False,False,DOCENTE,AUTORIDAD_ACADEMICA_SUPERIOR,True
95516,22,FACULTAD DE INGENIERÍA MECÁNICA Y CIENCIAS DE LA PRODUCCIÓN,Subrogación,OTROS_AA,True,Decano,AUTORIDAD_ACADEMICA_SUPERIOR,,,2026-08-24,2026-09-03,10,False,False,False,False,DOCENTE,AUTORIDAD_ACADEMICA_SUPERIOR,True
95564,25,FACULTAD DE INGENIERÍA EN CIENCIAS DE LA TIERRA,Coordinador de carrera,JEFATURA_SUPERVISION_OPERATIVA,False,,,GRADO,Geología,2017-08-18,2022-01-01,1597,False,False,False,False,DOCENTE,DOCENTE_TITULAR_CARRERA,False
95564,25,FACULTAD DE INGENIERÍA EN CIENCIAS DE LA TIERRA,Miembro del consejo politécnico,OTROS_AA,False,,,,,2021-11-22,2022-01-20,59,False,False,False,False,DOCENTE,DOCENTE_TITULAR_CARRERA,False
95564,25,FACULTAD DE INGENIERÍA EN CIENCIAS DE LA TIERRA,Coordinador de programa de postgrado,JEFATURA_SUPERVISION_OPERATIVA,False,,,POSGRADO,Maestría en Geotecnia,2022-01-03,2023-04-30,482,False,False,False,False,DOCENTE,DOCENTE_TITULAR_CARRERA,False
95564,25,FACULTAD DE INGENIERÍA EN CIENCIAS DE LA TIERRA,Miembro del consejo directivo,OTROS_AA,False,,,,,2023-12-01,2026-11-30,1095,False,False,False,False,DOCENTE,DOCENTE_TITULAR_CARRERA,False
95564,25,FACULTAD DE INGENIERÍA EN CIENCIAS DE LA TIERRA,Coordinador general de postgrado,JEFATURA_SUPERVISION_OPERATIVA,False,,,,,2025-09-08,,372,False,False,False,False,DOCENTE,DOCENTE_TITULAR_CARRERA,False
95564,25,FACULTAD DE INGENIERÍA EN CIENCIAS DE LA TIERRA,Subrogación,OTROS_AA,True,Decano,AUTORIDAD_ACADEMICA_SUPERIOR,,,2026-03-12,2026-03-12,0,False,False,False,False,DOCENTE,AUTORIDAD_ACADEMICA_SUPERIOR,True
95564,25,FACULTAD DE INGENIERÍA EN CIENCIAS DE LA TIERRA,Subrogación,OTROS_AA,True,Subdecano,AUTORIDAD_ACADEMICA_SUPERIOR,,,2026-03-14,2026-04-01,18,False,False,False,False,DOCENTE,AUTORIDAD_ACADEMICA_SUPERIOR,True
95564,25,FACULTAD DE INGENIERÍA EN CIENCIAS DE LA TIERRA,Subrogación,OTROS_AA,True,Subdecano,AUTORIDAD_ACADEMICA_SUPERIOR,,,2026-04-06,2026-04-06,0,False,False,False,False,DOCENTE,AUTORIDAD_ACADEMICA_SUPERIOR,True
95581,16,FACULTAD DE INGENIERÍA EN ELECTRICIDAD Y COMPUTACIÓN,Coordinador de carrera,JEFATURA_SUPERVISION_OPERATIVA,False,,,GRADO,Electrónica y Automatización,2016-10-01,2017-09-19,353,False,False,False,False,,,
95581,16,FACULTAD DE INGENIERÍA EN ELECTRICIDAD Y COMPUTACIÓN,Coordinador de carrera,JEFATURA_SUPERVISION_OPERATIVA,False,,,GRADO,Electrónica y Automatización,2017-03-20,2018-09-16,545,False,False,False,False,,,
96233,16,FACULTAD DE INGENIERÍA EN ELECTRICIDAD Y COMPUTACIÓN,Miembro del consejo politécnico - estudiantes,OTROS_AA,False,,,,,2020-01-31,2021-01-30,365,True,False,False,False,,,
96277,25,FACULTAD DE INGENIERÍA EN CIENCIAS DE LA TIERRA,Coordinador de vinculación con la sociedad,JEFATURA_SUPERVISION_OPERATIVA,False,,,GRADO,Geología,2017-11-06,2018-08-26,293,False,False,False,False,,,
96345,61,FACULTAD DE CIENCIAS DE LA VIDA,Coordinador de programa de postgrado,JEFATURA_SUPERVISION_OPERATIVA,False,,,POSGRADO,Maestría en Desarrollo Rural,2018-10-01,2019-01-28,119,False,False,False,False,DOCENTE,DOCENTE_NO_TITULAR_OCASIONAL,False
96422,17,FACULTAD DE CIENCIAS SOCIALES Y HUMANÍSTICAS,Miembro del consejo politécnico - estudiantes,OTROS_AA,False,,,,,2020-01-31,2021-01-30,365,True,False,False,False,,,
96499,14,DEPARTAMENTO DE CIENCIAS FISICAS,Director departamento,AUTORIDAD_ADMINISTRATIVA_SUPERIOR,False,,,,,2017-11-20,2019-01-14,420,False,False,False,False,DOCENTE,DOCENTE_TITULAR_CARRERA,False
96785,17,FACULTAD DE CIENCIAS SOCIALES Y HUMANÍSTICAS,Miembro del consejo directivo - estudiantes,OTROS_AA,False,,,,,2019-01-31,2020-01-30,364,True,False,False,False,,,
96785,17,FACULTAD DE CIENCIAS SOCIALES Y HUMANÍSTICAS,Miembro del consejo politécnico - estudiantes,OTROS_AA,False,,,,,2020-01-31,2021-01-30,365,True,False,False,False,,,
96818,22,FACULTAD DE INGENIERÍA MECÁNICA Y CIENCIAS DE LA PRODUCCIÓN,Miembro del consejo politécnico - estudiantes,OTROS_AA,False,,,,,2020-01-31,2021-01-30,365,True,False,False,False,,,
96905,22,FACULTAD DE INGENIERÍA MECÁNICA Y CIENCIAS DE LA PRODUCCIÓN,Coordinador de acreditación internacional,JEFATURA_SUPERVISION_OPERATIVA,False,,,GRADO,Materiales,2025-05-05,2027-11-01,910,False,False,False,False,DOCENTE,DOCENTE_NO_TITULAR_OCASIONAL,False
96905,22,FACULTAD DE INGENIERÍA MECÁNICA Y CIENCIAS DE LA PRODUCCIÓN,Coordinador de programa de postgrado,JEFATURA_SUPERVISION_OPERATIVA,False,,,POSGRADO,Maestría en Ecoeficiencia Industrial,2025-08-05,2026-02-13,192,False,False,False,False,DOCENTE,DOCENTE_NO_TITULAR_OCASIONAL,False
96905,22,FACULTAD DE INGENIERÍA MECÁNICA Y CIENCIAS DE LA PRODUCCIÓN,Coordinador de programa de postgrado,JEFATURA_SUPERVISION_OPERATIVA,False,,,POSGRADO,Maestría en Ecoeficiencia Industrial,2026-02-18,,209,False,False,False,False,DOCENTE,DOCENTE_NO_TITULAR_OCASIONAL,False
97129,86,FACULTAD DE INGENIERÍA MARÍTIMA Y CIENCIAS DEL MAR,Miembro del consejo politécnico - estudiantes,OTROS_AA,False,,,,,2020-01-31,2021-01-30,365,True,False,False,False,,,
97130,22,FACULTAD DE INGENIERÍA MECÁNICA Y CIENCIAS DE LA PRODUCCIÓN,Coordinador de prácticas empresariales,JEFATURA_SUPERVISION_OPERATIVA,False,,,GRADO,Mecánica,2023-07-03,2025-02-16,594,False,False,False,False,DOCENTE,TECNICO_DOCENTE_APOYO,False
97187,17,FACULTAD DE CIENCIAS SOCIALES Y HUMANÍSTICAS,Miembro del consejo politécnico - estudiantes,OTROS_AA,False,,,,,2020-01-31,2021-01-30,365,True,False,False,False,,,
97299,16,FACULTAD DE INGENIERÍA EN ELECTRICIDAD Y COMPUTACIÓN,Miembro del consejo politécnico - estudiantes,OTROS_AA,False,,,,,2020-01-31,2021-01-30,365,True,False,False,False,,,
97461,12,FACULTAD DE CIENCIAS NATURALES Y MATEMÁTICAS,Coordinador de programa de postgrado,JEFATURA_SUPERVISION_OPERATIVA,False,,,POSGRADO,Maestría en Gestión Integral de Laboratorios de Química,2020-12-07,,2108,False,False,False,False,DOCENTE,DOCENTE_NO_TITULAR_OCASIONAL,False
97463,61,FACULTAD DE CIENCIAS DE LA VIDA,Coordinador de programa de postgrado,JEFATURA_SUPERVISION_OPERATIVA,False,,,POSGRADO,Doctorado en Biociencias Aplicadas,2019-01-18,2019-01-20,2,False,False,False,False,DOCENTE,DOCENTE_NO_TITULAR_OCASIONAL,False
97468,61,FACULTAD DE CIENCIAS DE LA VIDA,Coordinador de vinculación con la sociedad,JEFATURA_SUPERVISION_OPERATIVA,False,,,GRADO,Biología,2018-03-02,2019-01-28,332,False,False,False,False,DOCENTE,DOCENTE_NO_TITULAR_OCASIONAL,False
97486,25,FACULTAD DE INGENIERÍA EN CIENCIAS DE LA TIERRA,Coordinador de vinculación con la sociedad,JEFATURA_SUPERVISION_OPERATIVA,False,,,GRADO,Arqueología,2017-05-02,2018-02-18,292,False,False,False,False,DOCENTE,DOCENTE_NO_TITULAR_OCASIONAL,False
97486,25,FACULTAD DE INGENIERÍA EN CIENCIAS DE LA TIERRA,Coordinador de acreditación internacional,JEFATURA_SUPERVISION_OPERATIVA,False,,,GRADO,Arqueología,2017-09-21,2018-02-18,150,False,False,False,False,DOCENTE,DOCENTE_NO_TITULAR_OCASIONAL,False
97530,13,DEPARTAMENTO DE CIENCIAS MATEMATICAS,Director departamento,AUTORIDAD_ADMINISTRATIVA_SUPERIOR,False,,,,,2019-02-25,2020-08-14,536,False,False,False,False,DOCENTE,DOCENTE_NO_TITULAR_OCASIONAL,False
97664,17,FACULTAD DE CIENCIAS SOCIALES Y HUMANÍSTICAS,Coordinador de carrera,JEFATURA_SUPERVISION_OPERATIVA,False,,,GRADO,Turismo,2023-03-13,,1282,False,False,False,False,DOCENTE,DOCENTE_NO_TITULAR_OCASIONAL,False
97706,6,AUDITORÍA INTERNA,Subrogación,OTROS_AA,True,Auditor,PROFESIONAL_ANALISTA,,,2020-02-26,2020-03-13,16,False,False,False,False,ADMINISTRATIVO,PROFESIONAL_ANALISTA,True
97836,25,FACULTAD DE INGENIERÍA EN CIENCIAS DE LA TIERRA,Miembro del consejo directivo - estudiantes,OTROS_AA,False,,,,,2021-03-22,2022-03-21,364,True,False,False,False,,,
97845,16,FACULTAD DE INGENIERÍA EN ELECTRICIDAD Y COMPUTACIÓN,Coordinador de prácticas empresariales,JEFATURA_SUPERVISION_OPERATIVA,False,,,GRADO,Telemática,2024-05-13,2024-09-29,139,False,False,False,False,DOCENTE,TECNICO_DOCENTE_APOYO,False
98034,61,FACULTAD DE CIENCIAS DE LA VIDA,Miembro del consejo directivo,OTROS_AA,False,,,,,2025-02-01,2028-01-31,1094,False,False,False,False,DOCENTE,DOCENTE_TITULAR_CARRERA,False
98037,14,DEPARTAMENTO DE CIENCIAS FISICAS,Director departamento,AUTORIDAD_ADMINISTRATIVA_SUPERIOR,False,,,,,2019-01-15,2021-09-24,983,False,False,False,False,DOCENTE,DOCENTE_NO_TITULAR_OCASIONAL,False
98038,12,FACULTAD DE CIENCIAS NATURALES Y MATEMÁTICAS,Coordinador de carrera,JEFATURA_SUPERVISION_OPERATIVA,False,,,GRADO,Matemática,2018-03-01,2025-02-14,2542,False,False,False,False,DOCENTE,DOCENTE_NO_TITULAR_OCASIONAL,False
98040,13,DEPARTAMENTO DE CIENCIAS MATEMATICAS,Director departamento,AUTORIDAD_ADMINISTRATIVA_SUPERIOR,False,,,,,2020-08-17,2021-09-24,403,False,False,False,False,DOCENTE,DOCENTE_NO_TITULAR_OCASIONAL,False
98040,12,FACULTAD DE CIENCIAS NATURALES Y MATEMÁTICAS,Coordinador de carrera,JEFATURA_SUPERVISION_OPERATIVA,False,,,GRADO,Matemática,2025-09-19,,361,False,False,False,False,DOCENTE,DOCENTE_NO_TITULAR_OCASIONAL,False
98040,12,FACULTAD DE CIENCIAS NATURALES Y MATEMÁTICAS,Coordinador de programa de postgrado,JEFATURA_SUPERVISION_OPERATIVA,False,,,POSGRADO,Maestría en Matemática,2025-11-20,,299,False,False,False,False,DOCENTE,DOCENTE_NO_TITULAR_OCASIONAL,False
98206,17,FACULTAD DE CIENCIAS SOCIALES Y HUMANÍSTICAS,Miembro del consejo politécnico - estudiantes,OTROS_AA,False,,,,,2021-03-22,2022-06-22,457,True,False,False,False,,,
98570,61,FACULTAD DE CIENCIAS DE LA VIDA,Miembro del consejo politécnico - estudiantes,OTROS_AA,False,,,,,2020-01-31,2021-01-30,365,True,False,False,False,,,
99122,22,FACULTAD DE INGENIERÍA MECÁNICA Y CIENCIAS DE LA PRODUCCIÓN,Miembro del consejo politécnico - estudiantes,OTROS_AA,False,,,,,2021-03-22,2022-06-22,457,True,False,False,False,,,
99596,17,FACULTAD DE CIENCIAS SOCIALES Y HUMANÍSTICAS,Miembro del consejo directivo - estudiantes,OTROS_AA,False,,,,,2021-03-22,2022-03-21,364,True,False,False,False,,,
99736,88,"FACULTAD DE ARTE, DISEÑO Y COMUNICACIÓN AUDIOVISUAL",Miembro del consejo politécnico,OTROS_AA,False,,,,,2025-10-01,2028-09-30,1095,False,False,False,False,DOCENTE,DOCENTE_TITULAR_CARRERA,False
100228,25,FACULTAD DE INGENIERÍA EN CIENCIAS DE LA TIERRA,Coordinador de carrera,JEFATURA_SUPERVISION_OPERATIVA,False,,,GRADO,Minas,2018-03-06,2027-02-12,3265,False,False,False,False,DOCENTE,DOCENTE_NO_TITULAR_OCASIONAL,False
100261,12,FACULTAD DE CIENCIAS NATURALES Y MATEMÁTICAS,Miembro del consejo directivo - estudiantes,OTROS_AA,False,,,,,2021-03-22,2022-03-21,364,True,False,False,False,,,
100262,12,FACULTAD DE CIENCIAS NATURALES Y MATEMÁTICAS,Miembro del consejo directivo - estudiantes,OTROS_AA,False,,,,,2021-03-22,2022-03-21,364,True,False,False,False,ADMINISTRATIVO,TECNICO_OPERATIVO_MANTENIMIENTO,False
100287,88,"FACULTAD DE ARTE, DISEÑO Y COMUNICACIÓN AUDIOVISUAL",Miembro del consejo politécnico - estudiantes,OTROS_AA,False,,,,,2021-03-22,2022-06-22,457,True,False,False,False,,,
100424,61,FACULTAD DE CIENCIAS DE LA VIDA,Miembro del consejo politécnico - estudiantes,OTROS_AA,False,,,,,2021-03-22,2022-06-22,457,True,False,False,False,,,
100424,61,FACULTAD DE CIENCIAS DE LA VIDA,Miembro del consejo politécnico - estudiantes,OTROS_AA,False,,,,,2022-04-19,2022-04-27,8,True,False,False,False,,,
100424,61,FACULTAD DE CIENCIAS DE LA VIDA,Miembro del consejo politécnico - estudiantes,OTROS_AA,False,,,,,2022-04-19,2022-04-27,8,True,False,True,False,,,
100637,16,FACULTAD DE INGENIERÍA EN ELECTRICIDAD Y COMPUTACIÓN,Miembro del consejo politécnico - estudiantes,OTROS_AA,False,,,,,2021-03-22,2022-06-22,457,True,False,False,False,,,
100730,82,CENTRO DE EDUCACIÓN CONTINUA,Director,AUTORIDAD_ADMINISTRATIVA_SUPERIOR,False,,,,,2018-01-02,2022-10-02,1734,False,False,False,False,ADMINISTRATIVO,PROFESIONAL_ANALISTA,False
100730,117,GERENCIA DE RELACIONES EXTERNAS,Gerente,AUTORIDAD_ADMINISTRATIVA_SUPERIOR,False,,,,,2022-10-03,2022-11-13,41,False,False,False,False,ADMINISTRATIVO,AUTORIDAD_ADMINISTRATIVA_SUPERIOR,True
100730,133,GERENCIA DE RELACIONES EXTERNAS Y VINCULACIÓN CORPORATIVA,Gerente,AUTORIDAD_ADMINISTRATIVA_SUPERIOR,False,,,,,2022-11-14,2025-08-31,1021,False,False,False,False,ADMINISTRATIVO,AUTORIDAD_ADMINISTRATIVA_SUPERIOR,True
100731,61,FACULTAD DE CIENCIAS DE LA VIDA,Coordinador de prácticas empresariales,JEFATURA_SUPERVISION_OPERATIVA,False,,,GRADO,Biología,2019-09-23,2020-01-17,116,False,False,False,False,DOCENTE,DOCENTE_NO_TITULAR_OCASIONAL,False
100731,61,FACULTAD DE CIENCIAS DE LA VIDA,Coordinador de prácticas empresariales,JEFATURA_SUPERVISION_OPERATIVA,False,,,GRADO,Biología,2020-01-20,2027-02-12,2580,False,False,False,False,DOCENTE,DOCENTE_NO_TITULAR_OCASIONAL,False
100731,61,FACULTAD DE CIENCIAS DE LA VIDA,Coordinador de carrera,JEFATURA_SUPERVISION_OPERATIVA,False,,,GRADO,Biología,2026-06-08,2026-06-08,0,False,False,False,False,DOCENTE,DOCENTE_NO_TITULAR_OCASIONAL,False
100731,61,FACULTAD DE CIENCIAS DE LA VIDA,Coordinador de carrera,JEFATURA_SUPERVISION_OPERATIVA,False,,,GRADO,Biología,2026-06-09,,98,False,False,False,False,DOCENTE,DOCENTE_NO_TITULAR_OCASIONAL,False
100732,9,GERENCIA DE COMUNICACIÓN SOCIAL Y ASUNTOS PÚBLICOS,Gerente,AUTORIDAD_ADMINISTRATIVA_SUPERIOR,False,,,,,2017-10-10,2017-11-12,33,False,False,False,False,,,
100732,9,GERENCIA DE COMUNICACIÓN SOCIAL Y ASUNTOS PÚBLICOS,Gerente,AUTORIDAD_ADMINISTRATIVA_SUPERIOR,False,,,,,2017-11-13,2019-09-30,686,False,False,False,False,,,
100801,46,SECRETARIA ADMINISTRATIVA,Secretario administrativo,ASISTENCIA_SECRETARIAL_OFICINA,False,,,,,2017-11-01,2017-11-12,11,False,False,False,False,ADMINISTRATIVO,ASISTENCIA_SECRETARIAL_OFICINA,True
100801,46,SECRETARIA ADMINISTRATIVA,Secretario administrativo,ASISTENCIA_SECRETARIAL_OFICINA,False,,,,,2017-11-13,2020-08-14,1005,False,False,False,False,ADMINISTRATIVO,ASISTENCIA_SECRETARIAL_OFICINA,True
100987,61,FACULTAD DE CIENCIAS DE LA VIDA,Miembro del consejo directivo - estudiantes,OTROS_AA,False,,,,,2021-03-22,2022-03-21,364,True,False,False,False,,,
101310,25,FACULTAD DE INGENIERÍA EN CIENCIAS DE LA TIERRA,Miembro del consejo directivo - estudiantes,OTROS_AA,False,,,,,2021-03-22,2022-03-21,364,True,False,False,False,,,
101315,25,FACULTAD DE INGENIERÍA EN CIENCIAS DE LA TIERRA,Miembro del consejo politécnico - estudiantes,OTROS_AA,False,,,,,2022-06-24,2023-06-23,364,True,False,False,False,,,
102302,55,DIRECCIÓN DE TALENTO HUMANO,Director,AUTORIDAD_ADMINISTRATIVA_SUPERIOR,False,,,,,2018-09-01,2019-05-10,251,False,False,False,False,ADMINISTRATIVO,PROFESIONAL_ANALISTA,False
102448,7,GERENCIA JURÍDICA,Gerente,AUTORIDAD_ADMINISTRATIVA_SUPERIOR,False,,,,,2020-02-01,,2418,False,False,False,False,ADMINISTRATIVO,AUTORIDAD_ADMINISTRATIVA_SUPERIOR,True
102595,17,FACULTAD DE CIENCIAS SOCIALES Y HUMANÍSTICAS,Miembro del consejo directivo - estudiantes,OTROS_AA,False,,,,,2022-06-24,2023-06-23,364,True,False,False,False,,,
102720,17,FACULTAD DE CIENCIAS SOCIALES Y HUMANÍSTICAS,Miembro del consejo directivo - estudiantes,OTROS_AA,False,,,,,2021-03-22,2022-03-21,364,True,False,False,False,,,
102723,17,FACULTAD DE CIENCIAS SOCIALES Y HUMANÍSTICAS,Miembro del consejo directivo - estudiantes,OTROS_AA,False,,,,,2022-06-24,2023-06-23,364,True,False,False,False,,,
102759,22,FACULTAD DE INGENIERÍA MECÁNICA Y CIENCIAS DE LA PRODUCCIÓN,Miembro del consejo politécnico - estudiantes,OTROS_AA,False,,,,,2021-03-22,2022-06-22,457,True,False,False,False,,,
102964,16,FACULTAD DE INGENIERÍA EN ELECTRICIDAD Y COMPUTACIÓN,Coordinador de acreditación internacional,JEFATURA_SUPERVISION_OPERATIVA,False,,,GRADO,Electricidad,2023-02-22,2023-04-25,62,False,False,False,False,DOCENTE,DOCENTE_NO_TITULAR_OCASIONAL,False
102971,12,FACULTAD DE CIENCIAS NATURALES Y MATEMÁTICAS,Coordinador de acreditación internacional,JEFATURA_SUPERVISION_OPERATIVA,False,,,GRADO,Ingeniería Química,2021-03-15,,2010,False,False,False,False,DOCENTE,DOCENTE_NO_TITULAR_OCASIONAL,False
102971,12,FACULTAD DE CIENCIAS NATURALES Y MATEMÁTICAS,Coordinador de vinculación con la sociedad,JEFATURA_SUPERVISION_OPERATIVA,False,,,GRADO,Ingeniería Química,2025-09-19,2025-10-30,41,False,False,False,False,DOCENTE,DOCENTE_NO_TITULAR_OCASIONAL,False
102971,12,FACULTAD DE CIENCIAS NATURALES Y MATEMÁTICAS,Coordinador de vinculación con la sociedad,JEFATURA_SUPERVISION_OPERATIVA,False,,,GRADO,Ingeniería Química,2025-10-31,2026-02-13,105,False,False,False,False,DOCENTE,DOCENTE_NO_TITULAR_OCASIONAL,False
103095,25,FACULTAD DE INGENIERÍA EN CIENCIAS DE LA TIERRA,Coordinador de vinculación con la sociedad,JEFATURA_SUPERVISION_OPERATIVA,False,,,GRADO,Geología,2018-08-27,2019-04-30,246,False,False,False,False,DOCENTE,DOCENTE_NO_TITULAR_OCASIONAL,False
103095,25,FACULTAD DE INGENIERÍA EN CIENCIAS DE LA TIERRA,Coordinador de vinculación con la sociedad,JEFATURA_SUPERVISION_OPERATIVA,False,,,GRADO,Geología,2019-05-09,2020-02-21,288,False,False,False,False,DOCENTE,DOCENTE_HONORARIO_ESPECIAL,False
103096,25,FACULTAD DE INGENIERÍA EN CIENCIAS DE LA TIERRA,Coordinador de vinculación con la sociedad,JEFATURA_SUPERVISION_OPERATIVA,False,,,GRADO,Ingeniería Civil,2022-04-13,2023-05-11,393,False,False,False,False,DOCENTE,TECNICO_DOCENTE_APOYO,False
103096,25,FACULTAD DE INGENIERÍA EN CIENCIAS DE LA TIERRA,Coordinador de vinculación con la sociedad,JEFATURA_SUPERVISION_OPERATIVA,False,,,GRADO,Ingeniería Civil,2025-05-13,2025-10-02,142,False,False,False,False,DOCENTE,DOCENTE_NO_TITULAR_OCASIONAL,False
103135,12,FACULTAD DE CIENCIAS NATURALES Y MATEMÁTICAS,Coordinador de vinculación con la sociedad,JEFATURA_SUPERVISION_OPERATIVA,False,,,GRADO,Matemática,2021-05-10,2021-09-24,137,False,False,False,False,DOCENTE,DOCENTE_NO_TITULAR_OCASIONAL,False
103135,12,FACULTAD DE CIENCIAS NATURALES Y MATEMÁTICAS,Coordinador de vinculación con la sociedad,JEFATURA_SUPERVISION_OPERATIVA,False,,,GRADO,Matemática,2025-02-17,2025-10-30,255,False,False,False,False,DOCENTE,DOCENTE_NO_TITULAR_OCASIONAL,False
103135,12,FACULTAD DE CIENCIAS NATURALES Y MATEMÁTICAS,Coordinador de vinculación con la sociedad,JEFATURA_SUPERVISION_OPERATIVA,False,,,GRADO,Matemática,2025-10-31,,319,False,False,False,False,DOCENTE,DOCENTE_NO_TITULAR_OCASIONAL,False
103144,51,GERENCIA DE INFRAESTRUCTURA FÍSICA,Gerente,AUTORIDAD_ADMINISTRATIVA_SUPERIOR,False,,,,,2018-06-15,2019-03-15,273,False,False,False,False,,,
103193,48,GERENCIA DE TECNOLOGÍAS Y SISTEMAS DE INFORMACIÓN,Gerente,AUTORIDAD_ADMINISTRATIVA_SUPERIOR,False,,,,,2018-07-01,2022-03-15,1353,False,False,False,False,ADMINISTRATIVO,AUTORIDAD_ADMINISTRATIVA_SUPERIOR,True
103195,15,DEPARTAMENTO DE CIENCIAS QUIMICAS Y AMBIENTALES,Director departamento,AUTORIDAD_ADMINISTRATIVA_SUPERIOR,False,,,,,2019-04-01,2023-05-07,1497,False,False,False,False,DOCENTE,DOCENTE_NO_TITULAR_OCASIONAL,False
103195,12,FACULTAD DE CIENCIAS NATURALES Y MATEMÁTICAS,Coordinador de prácticas empresariales,JEFATURA_SUPERVISION_OPERATIVA,False,,,GRADO,Ingeniería Química,2024-05-08,2025-02-14,282,False,False,False,False,DOCENTE,DOCENTE_NO_TITULAR_OCASIONAL,False
152512,14,DEPARTAMENTO DE CIENCIAS FISICAS,Director departamento,AUTORIDAD_ADMINISTRATIVA_SUPERIOR,False,,,,,2014-09-10,2017-11-19,1166,False,False,False,False,DOCENTE,DOCENTE_TITULAR_CARRERA,False
152512,12,FACULTAD DE CIENCIAS NATURALES Y MATEMÁTICAS,Miembro del consejo directivo,OTROS_AA,False,,,,,2017-01-27,2020-01-26,1094,False,False,False,False,DOCENTE,DOCENTE_TITULAR_CARRERA,False
152512,12,FACULTAD DE CIENCIAS NATURALES Y MATEMÁTICAS,Subrogación,OTROS_AA,True,Subdecano,AUTORIDAD_ACADEMICA_SUPERIOR,,,2019-03-28,2019-03-31,3,False,False,False,False,DOCENTE,DOCENTE_TITULAR_CARRERA,False
152512,12,FACULTAD DE CIENCIAS NATURALES Y MATEMÁTICAS,Subrogación,OTROS_AA,True,Subdecano,AUTORIDAD_ACADEMICA_SUPERIOR,,,2019-10-15,2019-10-20,5,False,False,False,False,DOCENTE,DOCENTE_TITULAR_CARRERA,False
152512,12,FACULTAD DE CIENCIAS NATURALES Y MATEMÁTICAS,Miembro del consejo directivo,OTROS_AA,False,,,,,2019-12-10,2022-12-09,1095,False,False,False,False,DOCENTE,DOCENTE_TITULAR_CARRERA,False
152512,12,FACULTAD DE CIENCIAS NATURALES Y MATEMÁTICAS,Coordinador de programa de postgrado,JEFATURA_SUPERVISION_OPERATIVA,False,,,POSGRADO,Maestría en Educación,2022-03-02,2024-04-25,785,False,False,False,False,DOCENTE,DOCENTE_TITULAR_CARRERA,False
480354,88,"FACULTAD DE ARTE, DISEÑO Y COMUNICACIÓN AUDIOVISUAL",Coordinador de carrera,JEFATURA_SUPERVISION_OPERATIVA,False,,,GRADO,Producción para Medios de Comunicación,2014-05-01,2016-09-30,883,False,False,False,False,DOCENTE,DOCENTE_NO_TITULAR_OCASIONAL,False
480355,12,FACULTAD DE CIENCIAS NATURALES Y MATEMÁTICAS,Coordinador de carrera,JEFATURA_SUPERVISION_OPERATIVA,False,,,GRADO,Ingeniería Química,2016-12-06,2017-01-08,33,False,False,False,False,,,
480355,12,FACULTAD DE CIENCIAS NATURALES Y MATEMÁTICAS,Coordinador de carrera,JEFATURA_SUPERVISION_OPERATIVA,False,,,GRADO,Ingeniería Química,2017-01-09,2017-01-10,1,False,False,False,False,,,
634530,57,DIRECCIÓN DE SERVICIOS GENERALES,Director,AUTORIDAD_ADMINISTRATIVA_SUPERIOR,False,,,,,2025-01-06,,617,False,False,False,False,ADMINISTRATIVO,AUTORIDAD_ADMINISTRATIVA_SUPERIOR,True
634530,54,GERENCIA ADMINISTRATIVA,Subrogación,OTROS_AA,True,Gerente,AUTORIDAD_ADMINISTRATIVA_SUPERIOR,,,2025-11-15,2025-11-21,6,False,False,False,False,ADMINISTRATIVO,AUTORIDAD_ADMINISTRATIVA_SUPERIOR,True
634530,54,GERENCIA ADMINISTRATIVA,Subrogación,OTROS_AA,True,Gerente,AUTORIDAD_ADMINISTRATIVA_SUPERIOR,,,2026-02-09,2026-02-22,13,False,False,False,False,ADMINISTRATIVO,AUTORIDAD_ADMINISTRATIVA_SUPERIOR,True
634530,54,GERENCIA ADMINISTRATIVA,Subrogación,OTROS_AA,True,Gerente,AUTORIDAD_ADMINISTRATIVA_SUPERIOR,,,2026-04-13,2026-04-19,6,False,False,False,False,ADMINISTRATIVO,AUTORIDAD_ADMINISTRATIVA_SUPERIOR,True
634530,54,GERENCIA ADMINISTRATIVA,Subrogación,OTROS_AA,True,Gerente,AUTORIDAD_ADMINISTRATIVA_SUPERIOR,,,2026-06-13,2026-06-21,8,False,False,False,False,ADMINISTRATIVO,AUTORIDAD_ADMINISTRATIVA_SUPERIOR,True
634643,22,FACULTAD DE INGENIERÍA MECÁNICA Y CIENCIAS DE LA PRODUCCIÓN,Coordinador general de postgrado,JEFATURA_SUPERVISION_OPERATIVA,False,,,,,2019-06-01,2020-05-31,365,False,False,False,False,,,
634643,22,FACULTAD DE INGENIERÍA MECÁNICA Y CIENCIAS DE LA PRODUCCIÓN,Coordinador general de postgrado,JEFATURA_SUPERVISION_OPERATIVA,False,,,,,2020-06-15,2021-01-28,227,False,False,False,False,,,
634643,22,FACULTAD DE INGENIERÍA MECÁNICA Y CIENCIAS DE LA PRODUCCIÓN,Coordinador general de postgrado,JEFATURA_SUPERVISION_OPERATIVA,False,,,,,2021-03-01,2023-03-02,731,False,False,False,False,,,
635587,55,DIRECCIÓN DE TALENTO HUMANO,Subrogación,OTROS_AA,True,Director,AUTORIDAD_ADMINISTRATIVA_SUPERIOR,,,2022-11-21,2022-12-09,18,False,False,False,False,ADMINISTRATIVO,PROFESIONAL_ANALISTA,False
635587,55,DIRECCIÓN DE TALENTO HUMANO,Subrogación,OTROS_AA,True,Director,AUTORIDAD_ADMINISTRATIVA_SUPERIOR,,,2023-01-30,2023-01-30,0,False,False,False,False,ADMINISTRATIVO,PROFESIONAL_ANALISTA,False
635587,55,DIRECCIÓN DE TALENTO HUMANO,Subrogación,OTROS_AA,True,Director,AUTORIDAD_ADMINISTRATIVA_SUPERIOR,,,2023-03-20,2023-04-06,17,False,False,False,False,ADMINISTRATIVO,AUTORIDAD_ADMINISTRATIVA_SUPERIOR,True
635587,55,DIRECCIÓN DE TALENTO HUMANO,Subrogación,OTROS_AA,True,Director,AUTORIDAD_ADMINISTRATIVA_SUPERIOR,,,2023-08-25,2023-09-01,7,False,False,False,False,ADMINISTRATIVO,AUTORIDAD_ADMINISTRATIVA_SUPERIOR,True
635587,55,DIRECCIÓN DE TALENTO HUMANO,Subrogación,OTROS_AA,True,Director,AUTORIDAD_ADMINISTRATIVA_SUPERIOR,,,2023-09-29,2023-09-29,0,False,False,False,False,ADMINISTRATIVO,AUTORIDAD_ADMINISTRATIVA_SUPERIOR,True
635587,55,DIRECCIÓN DE TALENTO HUMANO,Subrogación,OTROS_AA,True,Director,AUTORIDAD_ADMINISTRATIVA_SUPERIOR,,,2023-11-06,2023-11-24,18,False,False,False,False,ADMINISTRATIVO,AUTORIDAD_ADMINISTRATIVA_SUPERIOR,True
635587,55,DIRECCIÓN DE TALENTO HUMANO,Subrogación,OTROS_AA,True,Director,AUTORIDAD_ADMINISTRATIVA_SUPERIOR,,,2024-01-19,2024-01-19,0,False,False,False,False,ADMINISTRATIVO,AUTORIDAD_ADMINISTRATIVA_SUPERIOR,True
635587,55,DIRECCIÓN DE TALENTO HUMANO,Subrogación,OTROS_AA,True,Director,AUTORIDAD_ADMINISTRATIVA_SUPERIOR,,,2024-02-16,2024-02-16,0,False,False,False,False,ADMINISTRATIVO,PROFESIONAL_ANALISTA,False
635587,55,DIRECCIÓN DE TALENTO HUMANO,Subrogación,OTROS_AA,True,Director,AUTORIDAD_ADMINISTRATIVA_SUPERIOR,,,2024-04-01,2024-04-19,18,False,False,False,False,ADMINISTRATIVO,PROFESIONAL_ANALISTA,False
635587,55,DIRECCIÓN DE TALENTO HUMANO,Subrogación,OTROS_AA,True,Director,AUTORIDAD_ADMINISTRATIVA_SUPERIOR,,,2024-08-05,2024-08-08,3,False,False,False,False,ADMINISTRATIVO,PROFESIONAL_ANALISTA,False
635587,55,DIRECCIÓN DE TALENTO HUMANO,Subrogación,OTROS_AA,True,Director,AUTORIDAD_ADMINISTRATIVA_SUPERIOR,,,2024-08-05,2024-08-06,1,False,False,False,False,ADMINISTRATIVO,PROFESIONAL_ANALISTA,False
635587,55,DIRECCIÓN DE TALENTO HUMANO,Subrogación,OTROS_AA,True,Director,AUTORIDAD_ADMINISTRATIVA_SUPERIOR,,,2025-01-21,2025-01-21,0,False,False,False,False,ADMINISTRATIVO,PROFESIONAL_ANALISTA,False
635587,55,DIRECCIÓN DE TALENTO HUMANO,Subrogación,OTROS_AA,True,Director,AUTORIDAD_ADMINISTRATIVA_SUPERIOR,,,2025-03-17,2025-04-04,18,False,False,False,False,ADMINISTRATIVO,PROFESIONAL_ANALISTA,False
638513,22,FACULTAD DE INGENIERÍA MECÁNICA Y CIENCIAS DE LA PRODUCCIÓN,Coordinador de prácticas empresariales,JEFATURA_SUPERVISION_OPERATIVA,False,,,GRADO,Mecánica,2018-10-09,2023-06-30,1725,False,False,False,False,DOCENTE,TECNICO_DOCENTE_APOYO,False
639198,16,FACULTAD DE INGENIERÍA EN ELECTRICIDAD Y COMPUTACIÓN,Coordinador de vinculación con la sociedad,JEFATURA_SUPERVISION_OPERATIVA,False,,,GRADO,Electrónica y Automatización,2020-10-01,2023-05-14,955,False,False,False,False,DOCENTE,TECNICO_DOCENTE_APOYO,False
639198,16,FACULTAD DE INGENIERÍA EN ELECTRICIDAD Y COMPUTACIÓN,Coordinador de acreditación internacional,JEFATURA_SUPERVISION_OPERATIVA,False,,,GRADO,Telemática,2026-03-09,,190,False,False,False,False,DOCENTE,DOCENTE_NO_TITULAR_OCASIONAL,False
639307,16,FACULTAD DE INGENIERÍA EN ELECTRICIDAD Y COMPUTACIÓN,Coordinador de carrera,JEFATURA_SUPERVISION_OPERATIVA,False,,,GRADO,Telemática,2025-08-29,,382,False,False,False,False,DOCENTE,DOCENTE_NO_TITULAR_OCASIONAL,False
639501,12,FACULTAD DE CIENCIAS NATURALES Y MATEMÁTICAS,Coordinador de carrera,JEFATURA_SUPERVISION_OPERATIVA,False,,,GRADO,Logistica y Transporte,2023-02-20,2024-02-05,350,False,False,False,False,DOCENTE,DOCENTE_NO_TITULAR_OCASIONAL,False
639501,12,FACULTAD DE CIENCIAS NATURALES Y MATEMÁTICAS,Coordinador de prácticas empresariales,JEFATURA_SUPERVISION_OPERATIVA,False,,,GRADO,Logistica y Transporte,2024-09-20,2024-11-12,53,False,False,False,False,DOCENTE,DOCENTE_NO_TITULAR_OCASIONAL,False
639501,12,FACULTAD DE CIENCIAS NATURALES Y MATEMÁTICAS,Coordinador de prácticas empresariales,JEFATURA_SUPERVISION_OPERATIVA,False,,,GRADO,Logistica y Transporte,2024-11-13,,671,False,False,False,False,DOCENTE,DOCENTE_NO_TITULAR_OCASIONAL,False
639503,16,FACULTAD DE INGENIERÍA EN ELECTRICIDAD Y COMPUTACIÓN,Coordinador de prácticas empresariales,JEFATURA_SUPERVISION_OPERATIVA,False,,,GRADO,Electrónica y Automatización,2017-10-04,2019-09-26,722,False,False,False,False,,,
639791,25,FACULTAD DE INGENIERÍA EN CIENCIAS DE LA TIERRA,Coordinador de vinculación con la sociedad,JEFATURA_SUPERVISION_OPERATIVA,False,,,GRADO,Petróleos,2021-07-08,2022-01-01,177,False,False,False,False,ADMINISTRATIVO,CONTRATO_SERVICIOS_PROFESIONALES_PROYECTO,False
639791,25,FACULTAD DE INGENIERÍA EN CIENCIAS DE LA TIERRA,Coordinador de carrera,JEFATURA_SUPERVISION_OPERATIVA,False,,,GRADO,Petróleos,2022-01-02,2023-10-01,637,False,False,False,False,DOCENTE,DOCENTE_NO_TITULAR_OCASIONAL,False
639791,25,FACULTAD DE INGENIERÍA EN CIENCIAS DE LA TIERRA,Coordinador de vinculación con la sociedad,JEFATURA_SUPERVISION_OPERATIVA,False,,,GRADO,Petróleos,2023-10-02,2025-10-29,758,False,False,False,False,DOCENTE,DOCENTE_NO_TITULAR_OCASIONAL,False
639791,25,FACULTAD DE INGENIERÍA EN CIENCIAS DE LA TIERRA,Coordinador de prácticas empresariales,JEFATURA_SUPERVISION_OPERATIVA,False,,,GRADO,Petróleos,2023-10-02,2025-10-29,758,False,False,False,False,DOCENTE,DOCENTE_NO_TITULAR_OCASIONAL,False
639791,25,FACULTAD DE INGENIERÍA EN CIENCIAS DE LA TIERRA,Coordinador de prácticas empresariales,JEFATURA_SUPERVISION_OPERATIVA,False,,,GRADO,Petróleos,2025-10-30,2027-02-12,470,False,False,False,False,DOCENTE,DOCENTE_NO_TITULAR_OCASIONAL,False
639791,25,FACULTAD DE INGENIERÍA EN CIENCIAS DE LA TIERRA,Coordinador de vinculación con la sociedad,JEFATURA_SUPERVISION_OPERATIVA,False,,,GRADO,Petróleos,2025-10-30,2027-02-12,470,False,False,False,False,DOCENTE,DOCENTE_NO_TITULAR_OCASIONAL,False
642071,22,FACULTAD DE INGENIERÍA MECÁNICA Y CIENCIAS DE LA PRODUCCIÓN,Coordinador de prácticas empresariales,JEFATURA_SUPERVISION_OPERATIVA,False,,,GRADO,Ingeniería Industrial,2018-10-09,2023-04-26,1660,False,False,False,False,DOCENTE,TECNICO_DOCENTE_APOYO,False
642071,22,FACULTAD DE INGENIERÍA MECÁNICA Y CIENCIAS DE LA PRODUCCIÓN,Coordinador de prácticas empresariales,JEFATURA_SUPERVISION_OPERATIVA,False,,,GRADO,Ingeniería Industrial,2023-04-28,2024-06-02,401,False,False,False,False,DOCENTE,TECNICO_DOCENTE_APOYO,False
642192,16,FACULTAD DE INGENIERÍA EN ELECTRICIDAD Y COMPUTACIÓN,Coordinador de prácticas empresariales,JEFATURA_SUPERVISION_OPERATIVA,False,,,GRADO,Telecomunicaciones,2022-09-26,2024-04-05,557,False,False,False,False,DOCENTE,TECNICO_DOCENTE_APOYO,False
642311,25,FACULTAD DE INGENIERÍA EN CIENCIAS DE LA TIERRA,Coordinador de prácticas empresariales,JEFATURA_SUPERVISION_OPERATIVA,False,,,GRADO,Petróleos,2017-10-01,2018-04-29,210,False,False,False,False,DOCENTE,TECNICO_DOCENTE_APOYO,False
642311,25,FACULTAD DE INGENIERÍA EN CIENCIAS DE LA TIERRA,Coordinador de prácticas empresariales,JEFATURA_SUPERVISION_OPERATIVA,False,,,GRADO,Minas,2018-05-23,2019-01-01,223,False,False,False,False,DOCENTE,TECNICO_DOCENTE_APOYO,False
642311,25,FACULTAD DE INGENIERÍA EN CIENCIAS DE LA TIERRA,Coordinador de prácticas empresariales,JEFATURA_SUPERVISION_OPERATIVA,False,,,GRADO,Petróleos,2018-05-28,2023-10-01,1952,False,False,False,False,DOCENTE,TECNICO_DOCENTE_APOYO,False
642311,25,FACULTAD DE INGENIERÍA EN CIENCIAS DE LA TIERRA,Coordinador de vinculación con la sociedad,JEFATURA_SUPERVISION_OPERATIVA,False,,,GRADO,Petróleos,2023-03-01,2023-10-01,214,False,False,False,False,DOCENTE,TECNICO_DOCENTE_APOYO,False
642311,25,FACULTAD DE INGENIERÍA EN CIENCIAS DE LA TIERRA,Coordinador de carrera,JEFATURA_SUPERVISION_OPERATIVA,False,,,GRADO,Petróleos,2023-10-02,2027-02-12,1229,False,False,False,False,DOCENTE,DOCENTE_NO_TITULAR_OCASIONAL,False
642424,86,FACULTAD DE INGENIERÍA MARÍTIMA Y CIENCIAS DEL MAR,Coordinador de carrera,JEFATURA_SUPERVISION_OPERATIVA,False,,,GRADO,Ingeniería Naval,2022-10-04,2023-09-30,361,False,False,False,False,DOCENTE,DOCENTE_NO_TITULAR_OCASIONAL,False
642558,6,AUDITORÍA INTERNA,Auditor,PROFESIONAL_ANALISTA,False,,,,,2018-06-01,2021-06-13,1108,False,False,False,False,ADMINISTRATIVO,PROFESIONAL_ANALISTA,True
642558,6,AUDITORÍA INTERNA,Auditor,PROFESIONAL_ANALISTA,False,,,,,2024-01-23,,966,False,False,False,False,ADMINISTRATIVO,PROFESIONAL_ANALISTA,True
642649,27,ESCUELA DE DISEÑO Y COMUNICACIÓN VISUAL,Miembro del consejo directivo,OTROS_AA,False,,,,,2017-01-27,2019-01-26,729,False,False,False,False,DOCENTE,DOCENTE_TITULAR_CARRERA,False
642649,27,ESCUELA DE DISEÑO Y COMUNICACIÓN VISUAL,Miembro del consejo directivo,OTROS_AA,False,,,,,2017-01-27,2019-01-23,726,False,False,False,False,DOCENTE,DOCENTE_TITULAR_CARRERA,False
642649,88,"FACULTAD DE ARTE, DISEÑO Y COMUNICACIÓN AUDIOVISUAL",Miembro del consejo directivo,OTROS_AA,False,,,,,2019-01-24,2020-01-26,367,False,False,False,False,DOCENTE,DOCENTE_TITULAR_CARRERA,False
642649,88,"FACULTAD DE ARTE, DISEÑO Y COMUNICACIÓN AUDIOVISUAL",Subdecano,AUTORIDAD_ACADEMICA_SUPERIOR,False,,,,,2022-11-13,,1402,False,False,False,False,DOCENTE,AUTORIDAD_ACADEMICA_SUPERIOR,True
642649,88,"FACULTAD DE ARTE, DISEÑO Y COMUNICACIÓN AUDIOVISUAL",Subrogación,OTROS_AA,True,Decano,AUTORIDAD_ACADEMICA_SUPERIOR,,,2022-11-15,2022-11-19,4,False,False,False,False,DOCENTE,AUTORIDAD_ACADEMICA_SUPERIOR,True
642649,88,"FACULTAD DE ARTE, DISEÑO Y COMUNICACIÓN AUDIOVISUAL",Miembro del consejo directivo,OTROS_AA,False,,,,,2022-12-10,2022-12-14,4,False,False,False,False,DOCENTE,AUTORIDAD_ACADEMICA_SUPERIOR,False
642649,88,"FACULTAD DE ARTE, DISEÑO Y COMUNICACIÓN AUDIOVISUAL",Subrogación,OTROS_AA,True,Decano,AUTORIDAD_ACADEMICA_SUPERIOR,,,2023-04-10,2023-04-13,3,False,False,False,False,DOCENTE,AUTORIDAD_ACADEMICA_SUPERIOR,True
642649,88,"FACULTAD DE ARTE, DISEÑO Y COMUNICACIÓN AUDIOVISUAL",Subrogación,OTROS_AA,True,Decano,AUTORIDAD_ACADEMICA_SUPERIOR,,,2023-04-24,2023-05-05,11,False,False,False,False,DOCENTE,AUTORIDAD_ACADEMICA_SUPERIOR,True
642649,88,"FACULTAD DE ARTE, DISEÑO Y COMUNICACIÓN AUDIOVISUAL",Subrogación,OTROS_AA,True,Decano,AUTORIDAD_ACADEMICA_SUPERIOR,,,2023-09-06,2023-09-14,8,False,False,False,False,DOCENTE,AUTORIDAD_ACADEMICA_SUPERIOR,True
642649,88,"FACULTAD DE ARTE, DISEÑO Y COMUNICACIÓN AUDIOVISUAL",Subrogación,OTROS_AA,True,Decano,AUTORIDAD_ACADEMICA_SUPERIOR,,,2023-10-10,2023-10-15,5,False,False,False,False,DOCENTE,AUTORIDAD_ACADEMICA_SUPERIOR,True
642649,88,"FACULTAD DE ARTE, DISEÑO Y COMUNICACIÓN AUDIOVISUAL",Subrogación,OTROS_AA,True,Decano,AUTORIDAD_ACADEMICA_SUPERIOR,,,2023-10-18,2023-10-21,3,False,False,False,False,DOCENTE,AUTORIDAD_ACADEMICA_SUPERIOR,True
642649,88,"FACULTAD DE ARTE, DISEÑO Y COMUNICACIÓN AUDIOVISUAL",Subrogación,OTROS_AA,True,Decano,AUTORIDAD_ACADEMICA_SUPERIOR,,,2024-02-22,2024-03-01,8,False,False,False,False,DOCENTE,AUTORIDAD_ACADEMICA_SUPERIOR,True
642649,88,"FACULTAD DE ARTE, DISEÑO Y COMUNICACIÓN AUDIOVISUAL",Subrogación,OTROS_AA,True,Decano,AUTORIDAD_ACADEMICA_SUPERIOR,,,2024-03-17,2024-03-23,6,False,False,False,False,DOCENTE,AUTORIDAD_ACADEMICA_SUPERIOR,True
642649,88,"FACULTAD DE ARTE, DISEÑO Y COMUNICACIÓN AUDIOVISUAL",Subrogación,OTROS_AA,True,Decano,AUTORIDAD_ACADEMICA_SUPERIOR,,,2024-04-01,2024-04-10,9,False,False,False,False,DOCENTE,AUTORIDAD_ACADEMICA_SUPERIOR,True
642649,88,"FACULTAD DE ARTE, DISEÑO Y COMUNICACIÓN AUDIOVISUAL",Subrogación,OTROS_AA,True,Decano,AUTORIDAD_ACADEMICA_SUPERIOR,,,2024-04-23,2024-04-27,4,False,False,False,False,DOCENTE,AUTORIDAD_ACADEMICA_SUPERIOR,True
642649,88,"FACULTAD DE ARTE, DISEÑO Y COMUNICACIÓN AUDIOVISUAL",Subrogación,OTROS_AA,True,Decano,AUTORIDAD_ACADEMICA_SUPERIOR,,,2024-04-28,2024-05-01,3,False,False,False,False,DOCENTE,AUTORIDAD_ACADEMICA_SUPERIOR,True
642649,88,"FACULTAD DE ARTE, DISEÑO Y COMUNICACIÓN AUDIOVISUAL",Subrogación,OTROS_AA,True,Decano,AUTORIDAD_ACADEMICA_SUPERIOR,,,2024-06-10,2024-06-14,4,False,False,False,False,DOCENTE,AUTORIDAD_ACADEMICA_SUPERIOR,True
642649,88,"FACULTAD DE ARTE, DISEÑO Y COMUNICACIÓN AUDIOVISUAL",Subrogación,OTROS_AA,True,Decano,AUTORIDAD_ACADEMICA_SUPERIOR,,,2024-09-02,2024-10-03,31,False,False,False,False,DOCENTE,AUTORIDAD_ACADEMICA_SUPERIOR,True
642649,88,"FACULTAD DE ARTE, DISEÑO Y COMUNICACIÓN AUDIOVISUAL",Subrogación,OTROS_AA,True,Decano,AUTORIDAD_ACADEMICA_SUPERIOR,,,2024-10-15,2024-10-20,5,False,False,False,False,DOCENTE,AUTORIDAD_ACADEMICA_SUPERIOR,True
642649,88,"FACULTAD DE ARTE, DISEÑO Y COMUNICACIÓN AUDIOVISUAL",Subrogación,OTROS_AA,True,Decano,AUTORIDAD_ACADEMICA_SUPERIOR,,,2024-11-24,2024-11-28,4,False,False,False,False,DOCENTE,AUTORIDAD_ACADEMICA_SUPERIOR,True
642649,88,"FACULTAD DE ARTE, DISEÑO Y COMUNICACIÓN AUDIOVISUAL",Subrogación,OTROS_AA,True,Decano,AUTORIDAD_ACADEMICA_SUPERIOR,,,2025-01-28,2025-01-30,2,False,False,False,False,DOCENTE,AUTORIDAD_ACADEMICA_SUPERIOR,True
642649,88,"FACULTAD DE ARTE, DISEÑO Y COMUNICACIÓN AUDIOVISUAL",Subrogación,OTROS_AA,True,Decano,AUTORIDAD_ACADEMICA_SUPERIOR,,,2025-03-25,2025-04-15,21,False,False,False,False,DOCENTE,AUTORIDAD_ACADEMICA_SUPERIOR,True
642649,88,"FACULTAD DE ARTE, DISEÑO Y COMUNICACIÓN AUDIOVISUAL",Subrogación,OTROS_AA,True,Decano,AUTORIDAD_ACADEMICA_SUPERIOR,,,2025-05-01,2025-05-09,8,False,False,False,False,DOCENTE,AUTORIDAD_ACADEMICA_SUPERIOR,True
642649,88,"FACULTAD DE ARTE, DISEÑO Y COMUNICACIÓN AUDIOVISUAL",Subrogación,OTROS_AA,True,Decano,AUTORIDAD_ACADEMICA_SUPERIOR,,,2025-05-21,2025-05-24,3,False,False,False,False,DOCENTE,AUTORIDAD_ACADEMICA_SUPERIOR,True
642649,88,"FACULTAD DE ARTE, DISEÑO Y COMUNICACIÓN AUDIOVISUAL",Subrogación,OTROS_AA,True,Decano,AUTORIDAD_ACADEMICA_SUPERIOR,,,2025-08-08,2025-08-08,0,False,False,False,False,DOCENTE,AUTORIDAD_ACADEMICA_SUPERIOR,True
642649,88,"FACULTAD DE ARTE, DISEÑO Y COMUNICACIÓN AUDIOVISUAL",Subrogación,OTROS_AA,True,Decano,AUTORIDAD_ACADEMICA_SUPERIOR,,,2025-09-05,2025-09-27,22,False,False,False,False,DOCENTE,AUTORIDAD_ACADEMICA_SUPERIOR,True
642649,88,"FACULTAD DE ARTE, DISEÑO Y COMUNICACIÓN AUDIOVISUAL",Subrogación,OTROS_AA,True,Decano,AUTORIDAD_ACADEMICA_SUPERIOR,,,2025-11-05,2025-11-10,5,False,False,False,False,DOCENTE,AUTORIDAD_ACADEMICA_SUPERIOR,True
642649,88,"FACULTAD DE ARTE, DISEÑO Y COMUNICACIÓN AUDIOVISUAL",Subrogación,OTROS_AA,True,Decano,AUTORIDAD_ACADEMICA_SUPERIOR,,,2025-12-03,2025-12-14,11,False,False,False,False,DOCENTE,AUTORIDAD_ACADEMICA_SUPERIOR,True
642649,88,"FACULTAD DE ARTE, DISEÑO Y COMUNICACIÓN AUDIOVISUAL",Subrogación,OTROS_AA,True,Decano,AUTORIDAD_ACADEMICA_SUPERIOR,,,2025-12-15,2025-12-15,0,False,False,False,False,DOCENTE,AUTORIDAD_ACADEMICA_SUPERIOR,True
642649,88,"FACULTAD DE ARTE, DISEÑO Y COMUNICACIÓN AUDIOVISUAL",Subrogación,OTROS_AA,True,Decano,AUTORIDAD_ACADEMICA_SUPERIOR,,,2026-01-16,2026-01-16,0,False,False,False,False,DOCENTE,AUTORIDAD_ACADEMICA_SUPERIOR,True
642649,88,"FACULTAD DE ARTE, DISEÑO Y COMUNICACIÓN AUDIOVISUAL",Subrogación,OTROS_AA,True,Decano,AUTORIDAD_ACADEMICA_SUPERIOR,,,2026-01-27,2026-01-30,3,False,False,False,False,DOCENTE,AUTORIDAD_ACADEMICA_SUPERIOR,True
642649,88,"FACULTAD DE ARTE, DISEÑO Y COMUNICACIÓN AUDIOVISUAL",Subrogación,OTROS_AA,True,Decano,AUTORIDAD_ACADEMICA_SUPERIOR,,,2026-03-13,2026-03-22,9,False,False,False,False,DOCENTE,AUTORIDAD_ACADEMICA_SUPERIOR,True
642649,88,"FACULTAD DE ARTE, DISEÑO Y COMUNICACIÓN AUDIOVISUAL",Subrogación,OTROS_AA,True,Decano,AUTORIDAD_ACADEMICA_SUPERIOR,,,2026-03-26,2026-03-29,3,False,False,False,False,DOCENTE,AUTORIDAD_ACADEMICA_SUPERIOR,True
642649,88,"FACULTAD DE ARTE, DISEÑO Y COMUNICACIÓN AUDIOVISUAL",Subrogación,OTROS_AA,True,Decano,AUTORIDAD_ACADEMICA_SUPERIOR,,,2026-04-06,2026-04-28,22,False,False,False,False,DOCENTE,AUTORIDAD_ACADEMICA_SUPERIOR,True
642649,88,"FACULTAD DE ARTE, DISEÑO Y COMUNICACIÓN AUDIOVISUAL",Subrogación,OTROS_AA,True,Decano,AUTORIDAD_ACADEMICA_SUPERIOR,,,2026-05-29,2026-05-31,2,False,False,False,False,DOCENTE,AUTORIDAD_ACADEMICA_SUPERIOR,True
642649,88,"FACULTAD DE ARTE, DISEÑO Y COMUNICACIÓN AUDIOVISUAL",Subrogación,OTROS_AA,True,Decano,AUTORIDAD_ACADEMICA_SUPERIOR,,,2026-06-26,2026-06-30,4,False,False,False,False,DOCENTE,AUTORIDAD_ACADEMICA_SUPERIOR,True
642649,88,"FACULTAD DE ARTE, DISEÑO Y COMUNICACIÓN AUDIOVISUAL",Subrogación,OTROS_AA,True,Decano,AUTORIDAD_ACADEMICA_SUPERIOR,,,2026-09-03,2026-09-24,21,False,False,False,False,DOCENTE,AUTORIDAD_ACADEMICA_SUPERIOR,True
642708,27,ESCUELA DE DISEÑO Y COMUNICACIÓN VISUAL,Coordinador de carrera,JEFATURA_SUPERVISION_OPERATIVA,False,,,GRADO,Licenciatura en Comunicación Social,2017-02-18,,3496,False,False,False,False,DOCENTE,DOCENTE_NO_TITULAR_OCASIONAL,False
642708,27,ESCUELA DE DISEÑO Y COMUNICACIÓN VISUAL,Coordinador de carrera,JEFATURA_SUPERVISION_OPERATIVA,False,,,GRADO,Licenciatura en Diseño Web y Aplicaciones Multimedia,2017-03-20,2017-11-13,238,False,False,False,False,DOCENTE,DOCENTE_NO_TITULAR_OCASIONAL,False
642708,88,"FACULTAD DE ARTE, DISEÑO Y COMUNICACIÓN AUDIOVISUAL",Coordinador general de postgrado,JEFATURA_SUPERVISION_OPERATIVA,False,,,,,2023-05-01,2023-11-17,200,False,False,False,False,DOCENTE,DOCENTE_NO_TITULAR_OCASIONAL,False
642708,88,"FACULTAD DE ARTE, DISEÑO Y COMUNICACIÓN AUDIOVISUAL",Coordinador de programa de postgrado,JEFATURA_SUPERVISION_OPERATIVA,False,,,POSGRADO,Maestría en Arte y Tecnología,2023-11-01,2024-05-12,193,False,False,False,False,DOCENTE,DOCENTE_NO_TITULAR_OCASIONAL,False
642708,88,"FACULTAD DE ARTE, DISEÑO Y COMUNICACIÓN AUDIOVISUAL",Coordinador de programa de postgrado,JEFATURA_SUPERVISION_OPERATIVA,False,,,POSGRADO,Maestría en Arte y Tecnología,2024-05-13,2024-05-15,2,False,False,False,False,DOCENTE,DOCENTE_CONTRATADO_SERVICIOS_CIVILES,False
642759,61,FACULTAD DE CIENCIAS DE LA VIDA,Coordinador de vinculación con la sociedad,JEFATURA_SUPERVISION_OPERATIVA,False,,,GRADO,Biología,2017-04-06,2018-03-01,329,False,False,False,False,DOCENTE,DOCENTE_NO_TITULAR_OCASIONAL,False
643248,61,FACULTAD DE CIENCIAS DE LA VIDA,Coordinador de carrera,JEFATURA_SUPERVISION_OPERATIVA,False,,,GRADO,Nutrición y Dietética,2022-10-08,2027-02-12,1588,False,False,False,False,DOCENTE,DOCENTE_NO_TITULAR_OCASIONAL,False
643373,16,FACULTAD DE INGENIERÍA EN ELECTRICIDAD Y COMPUTACIÓN,Miembro del consejo directivo - estudiantes,OTROS_AA,False,,,,,2016-07-18,2017-07-17,364,True,False,False,False,,,
643421,86,FACULTAD DE INGENIERÍA MARÍTIMA Y CIENCIAS DEL MAR,Coordinador de vinculación con la sociedad,JEFATURA_SUPERVISION_OPERATIVA,False,,,GRADO,Ingeniería Naval,2024-09-30,2025-02-16,139,False,False,False,False,DOCENTE,DOCENTE_NO_TITULAR_OCASIONAL,False
643421,86,FACULTAD DE INGENIERÍA MARÍTIMA Y CIENCIAS DEL MAR,Coordinador de vinculación con la sociedad,JEFATURA_SUPERVISION_OPERATIVA,False,,,GRADO,Tecnología Superior en Logistica Portuaria,2024-12-02,2026-02-15,440,False,False,False,False,DOCENTE,DOCENTE_NO_TITULAR_OCASIONAL,False
643421,86,FACULTAD DE INGENIERÍA MARÍTIMA Y CIENCIAS DEL MAR,Coordinador de vinculación con la sociedad,JEFATURA_SUPERVISION_OPERATIVA,False,,,GRADO,Ingeniería Naval,2025-02-17,2027-02-13,726,False,False,False,False,DOCENTE,DOCENTE_NO_TITULAR_OCASIONAL,False
643462,22,FACULTAD DE INGENIERÍA MECÁNICA Y CIENCIAS DE LA PRODUCCIÓN,Miembro del consejo politécnico - estudiantes,OTROS_AA,False,,,,,2016-07-18,2017-07-17,364,True,False,False,False,,,
643480,25,FACULTAD DE INGENIERÍA EN CIENCIAS DE LA TIERRA,Coordinador de vinculación con la sociedad,JEFATURA_SUPERVISION_OPERATIVA,False,,,GRADO,Ingeniería Civil,2025-10-03,2026-03-01,149,False,False,False,False,ADMINISTRATIVO,CONTRATO_SERVICIOS_PROFESIONALES_PROYECTO,False
643480,77,CENTRO DE INVESTIGACIÓN Y PROYECTOS APLICADOS A LAS CIENCIAS DE LA TIERRA,Director,AUTORIDAD_ADMINISTRATIVA_SUPERIOR,False,,,,,2026-02-23,2026-03-27,32,False,False,False,False,DOCENTE,DOCENTE_NO_TITULAR_OCASIONAL,False
643480,25,FACULTAD DE INGENIERÍA EN CIENCIAS DE LA TIERRA,Coordinador de programa de postgrado,JEFATURA_SUPERVISION_OPERATIVA,False,,,POSGRADO,Maestría en Ciencias de la Tierra,2026-03-02,2027-02-12,347,False,False,False,False,DOCENTE,DOCENTE_NO_TITULAR_OCASIONAL,False
643480,77,CENTRO DE INVESTIGACIÓN Y PROYECTOS APLICADOS A LAS CIENCIAS DE LA TIERRA,Director,AUTORIDAD_ADMINISTRATIVA_SUPERIOR,False,,,,,2026-04-13,2026-04-17,4,False,False,False,False,ADMINISTRATIVO,CONTRATO_SERVICIOS_PROFESIONALES_PROYECTO,False
643498,25,FACULTAD DE INGENIERÍA EN CIENCIAS DE LA TIERRA,Coordinador de prácticas empresariales,JEFATURA_SUPERVISION_OPERATIVA,False,,,GRADO,Geología,2019-01-22,2021-02-28,768,False,False,False,False,DOCENTE,TECNICO_DOCENTE_APOYO,False
643562,16,FACULTAD DE INGENIERÍA EN ELECTRICIDAD Y COMPUTACIÓN,Miembro del consejo directivo,OTROS_AA,False,,,,,2016-07-18,2017-07-17,364,False,False,False,False,,,
643562,16,FACULTAD DE INGENIERÍA EN ELECTRICIDAD Y COMPUTACIÓN,Miembro del consejo directivo - estudiantes,OTROS_AA,False,,,,,2016-07-18,2017-07-17,364,True,False,False,False,,,
643726,25,FACULTAD DE INGENIERÍA EN CIENCIAS DE LA TIERRA,Miembro del consejo directivo - estudiantes,OTROS_AA,False,,,,,2016-07-18,2017-07-17,364,True,False,False,False,,,
643731,25,FACULTAD DE INGENIERÍA EN CIENCIAS DE LA TIERRA,Miembro del consejo politécnico - estudiantes,OTROS_AA,False,,,,,2016-07-18,2017-07-17,364,True,False,False,False,,,
644262,22,FACULTAD DE INGENIERÍA MECÁNICA Y CIENCIAS DE LA PRODUCCIÓN,Miembro del consejo politécnico - estudiantes,OTROS_AA,False,,,,,2016-07-18,2017-07-17,364,True,False,False,False,,,
644387,25,FACULTAD DE INGENIERÍA EN CIENCIAS DE LA TIERRA,Coordinador de vinculación con la sociedad,JEFATURA_SUPERVISION_OPERATIVA,False,,,GRADO,Petróleos,2019-10-02,2021-07-05,642,False,False,False,False,DOCENTE,TECNICO_DOCENTE_APOYO,False
644498,11,"FACULTAD DE INGENIERIA MARÍTIMA, CIENCIAS BIOLÓGICAS, OCEÁNICAS Y RECURSOS NATURALES",Miembro del consejo politécnico - estudiantes,OTROS_AA,False,,,,,2016-07-18,2017-07-17,364,True,False,False,False,,,
644530,12,FACULTAD DE CIENCIAS NATURALES Y MATEMÁTICAS,Miembro del consejo politécnico - estudiantes,OTROS_AA,False,,,,,2016-07-18,2017-07-17,364,True,False,False,False,,,
645089,12,FACULTAD DE CIENCIAS NATURALES Y MATEMÁTICAS,Miembro del consejo directivo - estudiantes,OTROS_AA,False,,,,,2016-07-18,2017-07-17,364,True,False,False,False,,,
645136,25,FACULTAD DE INGENIERÍA EN CIENCIAS DE LA TIERRA,Miembro del consejo directivo - estudiantes,OTROS_AA,False,,,,,2017-12-08,2018-12-07,364,True,False,False,False,,,
645366,25,FACULTAD DE INGENIERÍA EN CIENCIAS DE LA TIERRA,Miembro del consejo directivo - estudiantes,OTROS_AA,False,,,,,2016-07-18,2017-07-17,364,True,False,False,False,,,
645468,16,FACULTAD DE INGENIERÍA EN ELECTRICIDAD Y COMPUTACIÓN,Miembro del consejo politécnico - estudiantes,OTROS_AA,False,,,,,2016-07-18,2017-07-17,364,True,False,False,False,,,
645689,61,FACULTAD DE CIENCIAS DE LA VIDA,Coordinador de carrera,JEFATURA_SUPERVISION_OPERATIVA,False,,,GRADO,Biología,2015-10-05,2016-08-24,324,False,False,False,False,DOCENTE,DOCENTE_NO_TITULAR_OCASIONAL,False
645689,61,FACULTAD DE CIENCIAS DE LA VIDA,Coordinador de programa de postgrado,JEFATURA_SUPERVISION_OPERATIVA,False,,,POSGRADO,Doctorado en Biociencias Aplicadas,2016-08-25,2018-09-27,763,False,False,False,False,DOCENTE,DOCENTE_TITULAR_CARRERA,False
645689,61,FACULTAD DE CIENCIAS DE LA VIDA,Miembro del consejo directivo,OTROS_AA,False,,,,,2019-02-01,2022-01-31,1095,False,False,False,False,DOCENTE,DOCENTE_TITULAR_CARRERA,False
645689,61,FACULTAD DE CIENCIAS DE LA VIDA,Subrogación,OTROS_AA,True,Subdecano,AUTORIDAD_ACADEMICA_SUPERIOR,,,2021-09-08,2021-09-19,11,False,False,False,False,DOCENTE,DOCENTE_TITULAR_CARRERA,False
645689,61,FACULTAD DE CIENCIAS DE LA VIDA,Subrogación,OTROS_AA,True,Subdecano,AUTORIDAD_ACADEMICA_SUPERIOR,,,2021-09-20,2021-10-07,17,False,False,False,False,DOCENTE,DOCENTE_TITULAR_CARRERA,False
645689,61,FACULTAD DE CIENCIAS DE LA VIDA,Subrogación,OTROS_AA,True,Subdecano,AUTORIDAD_ACADEMICA_SUPERIOR,,,2021-10-11,2021-11-07,27,False,False,False,False,DOCENTE,DOCENTE_TITULAR_CARRERA,False
645689,61,FACULTAD DE CIENCIAS DE LA VIDA,Subdecano,AUTORIDAD_ACADEMICA_SUPERIOR,False,,,,,2022-11-13,,1402,False,False,False,False,DOCENTE,AUTORIDAD_ACADEMICA_SUPERIOR,True
645689,61,FACULTAD DE CIENCIAS DE LA VIDA,Subrogación,OTROS_AA,True,Decano,AUTORIDAD_ACADEMICA_SUPERIOR,,,2023-04-24,2023-04-28,4,False,False,False,False,DOCENTE,AUTORIDAD_ACADEMICA_SUPERIOR,True
645689,61,FACULTAD DE CIENCIAS DE LA VIDA,Subrogación,OTROS_AA,True,Decano,AUTORIDAD_ACADEMICA_SUPERIOR,,,2023-09-03,2023-09-07,4,False,False,False,False,DOCENTE,AUTORIDAD_ACADEMICA_SUPERIOR,True
645689,61,FACULTAD DE CIENCIAS DE LA VIDA,Subrogación,OTROS_AA,True,Decano,AUTORIDAD_ACADEMICA_SUPERIOR,,,2023-09-25,2023-09-30,5,False,False,False,False,DOCENTE,AUTORIDAD_ACADEMICA_SUPERIOR,True
645689,61,FACULTAD DE CIENCIAS DE LA VIDA,Subrogación,OTROS_AA,True,Decano,AUTORIDAD_ACADEMICA_SUPERIOR,,,2023-11-19,2023-11-22,3,False,False,False,False,DOCENTE,AUTORIDAD_ACADEMICA_SUPERIOR,True
645689,61,FACULTAD DE CIENCIAS DE LA VIDA,Subrogación,OTROS_AA,True,Decano,AUTORIDAD_ACADEMICA_SUPERIOR,,,2023-12-03,2023-12-06,3,False,False,False,False,DOCENTE,AUTORIDAD_ACADEMICA_SUPERIOR,True
645689,61,FACULTAD DE CIENCIAS DE LA VIDA,Subrogación,OTROS_AA,True,Decano,AUTORIDAD_ACADEMICA_SUPERIOR,,,2023-12-03,2023-12-06,3,False,False,True,False,DOCENTE,AUTORIDAD_ACADEMICA_SUPERIOR,True
645689,61,FACULTAD DE CIENCIAS DE LA VIDA,Subrogación,OTROS_AA,True,Decano,AUTORIDAD_ACADEMICA_SUPERIOR,,,2024-01-28,2024-02-04,7,False,False,False,False,DOCENTE,AUTORIDAD_ACADEMICA_SUPERIOR,True
645689,61,FACULTAD DE CIENCIAS DE LA VIDA,Subrogación,OTROS_AA,True,Decano,AUTORIDAD_ACADEMICA_SUPERIOR,,,2024-02-19,2024-02-20,1,False,False,False,False,DOCENTE,AUTORIDAD_ACADEMICA_SUPERIOR,True
645689,61,FACULTAD DE CIENCIAS DE LA VIDA,Subrogación,OTROS_AA,True,Decano,AUTORIDAD_ACADEMICA_SUPERIOR,,,2024-02-23,2024-02-26,3,False,False,False,False,DOCENTE,AUTORIDAD_ACADEMICA_SUPERIOR,True
645689,138,DECANATO DE GRADO,Subrogación,OTROS_AA,True,Decano de grado,AUTORIDAD_ACADEMICA_SUPERIOR,,,2024-03-11,2024-03-15,4,False,False,False,False,DOCENTE,AUTORIDAD_ACADEMICA_SUPERIOR,True
645689,61,FACULTAD DE CIENCIAS DE LA VIDA,Subrogación,OTROS_AA,True,Decano,AUTORIDAD_ACADEMICA_SUPERIOR,,,2024-03-17,2024-03-17,0,False,False,False,False,DOCENTE,AUTORIDAD_ACADEMICA_SUPERIOR,True
645689,61,FACULTAD DE CIENCIAS DE LA VIDA,Subrogación,OTROS_AA,True,Decano,AUTORIDAD_ACADEMICA_SUPERIOR,,,2024-03-19,2024-03-27,8,False,False,False,False,DOCENTE,AUTORIDAD_ACADEMICA_SUPERIOR,True
645689,61,FACULTAD DE CIENCIAS DE LA VIDA,Subrogación,OTROS_AA,True,Decano,AUTORIDAD_ACADEMICA_SUPERIOR,,,2024-06-03,2024-06-21,18,False,False,False,False,DOCENTE,AUTORIDAD_ACADEMICA_SUPERIOR,True
645689,61,FACULTAD DE CIENCIAS DE LA VIDA,Subrogación,OTROS_AA,True,Decano,AUTORIDAD_ACADEMICA_SUPERIOR,,,2024-06-25,2024-06-29,4,False,False,False,False,DOCENTE,AUTORIDAD_ACADEMICA_SUPERIOR,True
645689,61,FACULTAD DE CIENCIAS DE LA VIDA,Subrogación,OTROS_AA,True,Decano,AUTORIDAD_ACADEMICA_SUPERIOR,,,2024-07-22,2024-07-25,3,False,False,False,False,DOCENTE,AUTORIDAD_ACADEMICA_SUPERIOR,True
645689,61,FACULTAD DE CIENCIAS DE LA VIDA,Subrogación,OTROS_AA,True,Decano,AUTORIDAD_ACADEMICA_SUPERIOR,,,2024-08-08,2024-08-08,0,False,False,False,False,DOCENTE,AUTORIDAD_ACADEMICA_SUPERIOR,True
645689,138,DECANATO DE GRADO,Subrogación,OTROS_AA,True,Decano de grado,AUTORIDAD_ACADEMICA_SUPERIOR,,,2024-08-26,2024-08-31,5,False,False,False,False,DOCENTE,AUTORIDAD_ACADEMICA_SUPERIOR,True
645689,61,FACULTAD DE CIENCIAS DE LA VIDA,Subrogación,OTROS_AA,True,Decano,AUTORIDAD_ACADEMICA_SUPERIOR,,,2024-11-05,2024-12-13,38,False,False,False,False,DOCENTE,AUTORIDAD_ACADEMICA_SUPERIOR,True
645689,61,FACULTAD DE CIENCIAS DE LA VIDA,Subrogación,OTROS_AA,True,Decano,AUTORIDAD_ACADEMICA_SUPERIOR,,,2025-01-28,2025-01-30,2,False,False,False,False,DOCENTE,AUTORIDAD_ACADEMICA_SUPERIOR,True
645689,61,FACULTAD DE CIENCIAS DE LA VIDA,Subrogación,OTROS_AA,True,Decano,AUTORIDAD_ACADEMICA_SUPERIOR,,,2025-02-04,2025-02-04,0,False,False,False,False,DOCENTE,AUTORIDAD_ACADEMICA_SUPERIOR,True
645689,138,DECANATO DE GRADO,Subrogación,OTROS_AA,True,Decano de grado,AUTORIDAD_ACADEMICA_SUPERIOR,,,2025-02-17,2025-02-28,11,False,False,False,False,DOCENTE,AUTORIDAD_ACADEMICA_SUPERIOR,True
645689,61,FACULTAD DE CIENCIAS DE LA VIDA,Subrogación,OTROS_AA,True,Decano,AUTORIDAD_ACADEMICA_SUPERIOR,,,2025-04-07,2025-04-09,2,False,False,False,False,DOCENTE,AUTORIDAD_ACADEMICA_SUPERIOR,True
645689,61,FACULTAD DE CIENCIAS DE LA VIDA,Subrogación,OTROS_AA,True,Decano,AUTORIDAD_ACADEMICA_SUPERIOR,,,2025-04-14,2025-04-29,15,False,False,False,False,DOCENTE,AUTORIDAD_ACADEMICA_SUPERIOR,True
645689,61,FACULTAD DE CIENCIAS DE LA VIDA,Subrogación,OTROS_AA,True,Decano,AUTORIDAD_ACADEMICA_SUPERIOR,,,2025-05-12,2025-05-16,4,False,False,False,False,DOCENTE,AUTORIDAD_ACADEMICA_SUPERIOR,True
645689,138,DECANATO DE GRADO,Subrogación,OTROS_AA,True,Decano de grado,AUTORIDAD_ACADEMICA_SUPERIOR,,,2025-06-12,2025-06-24,12,False,False,False,False,DOCENTE,AUTORIDAD_ACADEMICA_SUPERIOR,True
645689,61,FACULTAD DE CIENCIAS DE LA VIDA,Subrogación,OTROS_AA,True,Decano,AUTORIDAD_ACADEMICA_SUPERIOR,,,2025-06-30,2025-07-04,4,False,False,False,False,DOCENTE,AUTORIDAD_ACADEMICA_SUPERIOR,True
645689,61,FACULTAD DE CIENCIAS DE LA VIDA,Subrogación,OTROS_AA,True,Decano,AUTORIDAD_ACADEMICA_SUPERIOR,,,2025-07-21,2025-07-24,3,False,False,False,False,DOCENTE,AUTORIDAD_ACADEMICA_SUPERIOR,True
645689,61,FACULTAD DE CIENCIAS DE LA VIDA,Subrogación,OTROS_AA,True,Decano,AUTORIDAD_ACADEMICA_SUPERIOR,,,2025-10-13,2025-10-31,18,False,False,False,False,DOCENTE,AUTORIDAD_ACADEMICA_SUPERIOR,True
645689,138,DECANATO DE GRADO,Subrogación,OTROS_AA,True,Decano de grado,AUTORIDAD_ACADEMICA_SUPERIOR,,,2025-11-09,2025-11-15,6,False,False,False,False,DOCENTE,AUTORIDAD_ACADEMICA_SUPERIOR,True
645689,61,FACULTAD DE CIENCIAS DE LA VIDA,Subrogación,OTROS_AA,True,Decano,AUTORIDAD_ACADEMICA_SUPERIOR,,,2025-12-04,2025-12-06,2,False,False,False,False,DOCENTE,AUTORIDAD_ACADEMICA_SUPERIOR,True
645689,61,FACULTAD DE CIENCIAS DE LA VIDA,Subrogación,OTROS_AA,True,Decano,AUTORIDAD_ACADEMICA_SUPERIOR,,,2026-01-27,2026-01-30,3,False,False,False,False,DOCENTE,AUTORIDAD_ACADEMICA_SUPERIOR,True
645689,138,DECANATO DE GRADO,Subrogación,OTROS_AA,True,Decano de grado,AUTORIDAD_ACADEMICA_SUPERIOR,,,2026-04-20,2026-04-24,4,False,False,False,False,DOCENTE,AUTORIDAD_ACADEMICA_SUPERIOR,True
645689,61,FACULTAD DE CIENCIAS DE LA VIDA,Subrogación,OTROS_AA,True,Decano,AUTORIDAD_ACADEMICA_SUPERIOR,,,2026-05-27,2026-06-11,15,False,False,False,False,DOCENTE,AUTORIDAD_ACADEMICA_SUPERIOR,True
645689,138,DECANATO DE GRADO,Subrogación,OTROS_AA,True,Decano de grado,AUTORIDAD_ACADEMICA_SUPERIOR,,,2026-08-11,2026-08-14,3,False,False,False,False,DOCENTE,AUTORIDAD_ACADEMICA_SUPERIOR,True
645689,61,FACULTAD DE CIENCIAS DE LA VIDA,Subrogación,OTROS_AA,True,Decano,AUTORIDAD_ACADEMICA_SUPERIOR,,,2026-08-26,2026-09-04,9,False,False,False,False,DOCENTE,AUTORIDAD_ACADEMICA_SUPERIOR,True
645789,46,SECRETARIA ADMINISTRATIVA,Secretario administrativo,ASISTENCIA_SECRETARIAL_OFICINA,False,,,,,2013-01-01,2017-10-31,1764,False,False,False,False,,,
645917,9,GERENCIA DE COMUNICACIÓN SOCIAL Y ASUNTOS PÚBLICOS,Gerente,AUTORIDAD_ADMINISTRATIVA_SUPERIOR,False,,,,,2014-01-01,2017-10-15,1383,False,False,False,False,,,
646003,17,FACULTAD DE CIENCIAS SOCIALES Y HUMANÍSTICAS,Miembro del consejo directivo - estudiantes,OTROS_AA,False,,,,,2016-07-18,2017-07-17,364,True,False,False,False,,,
646025,17,FACULTAD DE CIENCIAS SOCIALES Y HUMANÍSTICAS,Coordinador de programa de postgrado,JEFATURA_SUPERVISION_OPERATIVA,False,,,POSGRADO,Maestría en Desarrollo Rural,2023-11-01,2025-12-31,791,False,False,False,False,DOCENTE,DOCENTE_NO_TITULAR_OCASIONAL,False
646025,17,FACULTAD DE CIENCIAS SOCIALES Y HUMANÍSTICAS,Coordinador de programa de postgrado,JEFATURA_SUPERVISION_OPERATIVA,False,,,POSGRADO,Maestría en Desarrollo Rural,2026-01-01,,257,False,False,False,False,DOCENTE,DOCENTE_NO_TITULAR_OCASIONAL,False
646136,17,FACULTAD DE CIENCIAS SOCIALES Y HUMANÍSTICAS,Miembro del consejo directivo - estudiantes,OTROS_AA,False,,,,,2016-07-18,2017-07-17,364,True,False,False,False,,,
646150,25,FACULTAD DE INGENIERÍA EN CIENCIAS DE LA TIERRA,Miembro del consejo politécnico - estudiantes,OTROS_AA,False,,,,,2017-12-08,2018-12-07,364,True,False,False,False,,,
646222,16,FACULTAD DE INGENIERÍA EN ELECTRICIDAD Y COMPUTACIÓN,Coordinador de acreditación internacional,JEFATURA_SUPERVISION_OPERATIVA,False,,,GRADO,Electrónica y Automatización,2025-03-06,,558,False,False,False,False,DOCENTE,DOCENTE_NO_TITULAR_OCASIONAL,False
646418,26,ESCUELA DE POSTGRADO EN ADMINISTRACIÓN DE EMPRESAS,Coordinador de acreditación internacional,JEFATURA_SUPERVISION_OPERATIVA,False,,,POSGRADO,Maestría en Administración y Dirección de Empresas,2025-05-12,2026-06-01,385,False,False,False,False,DOCENTE,DOCENTE_NO_TITULAR_OCASIONAL,False
646418,26,ESCUELA DE POSTGRADO EN ADMINISTRACIÓN DE EMPRESAS,Coordinador de acreditación internacional,JEFATURA_SUPERVISION_OPERATIVA,False,,,POSGRADO,Maestría en Gestión de Proyectos,2025-05-12,2026-06-01,385,False,False,True,False,DOCENTE,DOCENTE_NO_TITULAR_OCASIONAL,False
646418,26,ESCUELA DE POSTGRADO EN ADMINISTRACIÓN DE EMPRESAS,Coordinador de programa de postgrado,JEFATURA_SUPERVISION_OPERATIVA,False,,,POSGRADO,Maestría en Gestión Empresarial,2026-06-01,,106,False,False,False,False,DOCENTE,DOCENTE_NO_TITULAR_OCASIONAL,False
646454,17,FACULTAD DE CIENCIAS SOCIALES Y HUMANÍSTICAS,Miembro del consejo politécnico - estudiantes,OTROS_AA,False,,,,,2016-07-18,2017-07-17,364,True,False,False,False,,,
646487,12,FACULTAD DE CIENCIAS NATURALES Y MATEMÁTICAS,Miembro del consejo directivo - estudiantes,OTROS_AA,False,,,,,2016-07-18,2017-07-17,364,True,False,False,False,,,
646519,17,FACULTAD DE CIENCIAS SOCIALES Y HUMANÍSTICAS,Coordinador de vinculación con la sociedad,JEFATURA_SUPERVISION_OPERATIVA,False,,,GRADO,Auditoría y Control de Gestión,2026-04-01,,167,False,False,False,False,DOCENTE,DOCENTE_NO_TITULAR_OCASIONAL,False
646519,17,FACULTAD DE CIENCIAS SOCIALES Y HUMANÍSTICAS,Coordinador de vinculación con la sociedad,JEFATURA_SUPERVISION_OPERATIVA,False,,,GRADO,Economía,2026-04-01,2026-04-17,16,False,False,False,False,DOCENTE,DOCENTE_NO_TITULAR_OCASIONAL,False
646519,17,FACULTAD DE CIENCIAS SOCIALES Y HUMANÍSTICAS,Coordinador de vinculación con la sociedad,JEFATURA_SUPERVISION_OPERATIVA,False,,,GRADO,Economía,2026-04-18,,150,False,False,False,False,DOCENTE,DOCENTE_NO_TITULAR_OCASIONAL,False
646519,17,FACULTAD DE CIENCIAS SOCIALES Y HUMANÍSTICAS,Coordinador de programa de postgrado,JEFATURA_SUPERVISION_OPERATIVA,False,,,POSGRADO,Maestría en Contabilidad y Auditoría,2026-08-11,,35,False,False,False,False,DOCENTE,DOCENTE_NO_TITULAR_OCASIONAL,False
646693,27,ESCUELA DE DISEÑO Y COMUNICACIÓN VISUAL,Miembro del consejo politécnico - estudiantes,OTROS_AA,False,,,,,2016-07-18,2017-07-17,364,True,False,False,False,,,
646721,11,"FACULTAD DE INGENIERIA MARÍTIMA, CIENCIAS BIOLÓGICAS, OCEÁNICAS Y RECURSOS NATURALES",Miembro del consejo directivo - estudiantes,OTROS_AA,False,,,,,2016-07-18,2017-07-17,364,True,False,False,False,,,
646885,11,"FACULTAD DE INGENIERIA MARÍTIMA, CIENCIAS BIOLÓGICAS, OCEÁNICAS Y RECURSOS NATURALES",Miembro del consejo directivo - estudiantes,OTROS_AA,False,,,,,2016-07-18,2017-07-17,364,True,False,False,False,,,
646888,61,FACULTAD DE CIENCIAS DE LA VIDA,Miembro del consejo politécnico - estudiantes,OTROS_AA,False,,,,,2017-12-08,2018-12-08,365,True,False,False,False,,,
647005,16,FACULTAD DE INGENIERÍA EN ELECTRICIDAD Y COMPUTACIÓN,Miembro del consejo directivo - estudiantes,OTROS_AA,False,,,,,2019-01-31,2020-01-30,364,True,False,False,False,,,
647036,17,FACULTAD DE CIENCIAS SOCIALES Y HUMANÍSTICAS,Coordinador de programa de postgrado,JEFATURA_SUPERVISION_OPERATIVA,False,,,POSGRADO,Maestría en Gestión del Talento Humano,2018-01-02,2020-04-30,849,False,False,False,False,ADMINISTRATIVO,AUTORIDAD_ADMINISTRATIVA_SUPERIOR,False
647036,8,GERENCIA DE RELACIONES INTERNACIONALES,Gerente,AUTORIDAD_ADMINISTRATIVA_SUPERIOR,False,,,,,2019-04-01,2020-08-05,492,False,False,False,False,ADMINISTRATIVO,AUTORIDAD_ADMINISTRATIVA_SUPERIOR,True
647036,17,FACULTAD DE CIENCIAS SOCIALES Y HUMANÍSTICAS,Coordinador de programa de postgrado,JEFATURA_SUPERVISION_OPERATIVA,False,,,POSGRADO,Maestría en Gestión del Talento Humano,2020-08-03,,2234,False,False,False,False,ADMINISTRATIVO,AUTORIDAD_ADMINISTRATIVA_SUPERIOR,False
647036,117,GERENCIA DE RELACIONES EXTERNAS,Gerente,AUTORIDAD_ADMINISTRATIVA_SUPERIOR,False,,,,,2020-08-06,2022-10-02,787,False,False,False,False,ADMINISTRATIVO,AUTORIDAD_ADMINISTRATIVA_SUPERIOR,True
647036,17,FACULTAD DE CIENCIAS SOCIALES Y HUMANÍSTICAS,Coordinador de área transversal institucional de docencia,JEFATURA_SUPERVISION_OPERATIVA,False,,,,,2023-03-13,2024-05-05,419,False,False,False,False,DOCENTE,DOCENTE_NO_TITULAR_OCASIONAL,False
647105,53,CENTRO DE INFORMACIÓN BIBLIOTECARIA,Subrogación,OTROS_AA,True,Director,AUTORIDAD_ADMINISTRATIVA_SUPERIOR,,,2023-10-30,2023-11-02,3,False,False,False,False,ADMINISTRATIVO,PROFESIONAL_ANALISTA,False
647105,53,CENTRO DE INFORMACIÓN BIBLIOTECARIA,Subrogación,OTROS_AA,True,Director,AUTORIDAD_ADMINISTRATIVA_SUPERIOR,,,2023-11-13,2023-11-16,3,False,False,False,False,ADMINISTRATIVO,PROFESIONAL_ANALISTA,False
647105,53,CENTRO DE INFORMACIÓN BIBLIOTECARIA,Subrogación,OTROS_AA,True,Director,AUTORIDAD_ADMINISTRATIVA_SUPERIOR,,,2024-02-19,2024-02-27,8,False,False,False,False,ADMINISTRATIVO,PROFESIONAL_ANALISTA,False
647105,53,CENTRO DE INFORMACIÓN BIBLIOTECARIA,Subrogación,OTROS_AA,True,Director,AUTORIDAD_ADMINISTRATIVA_SUPERIOR,,,2024-07-01,2024-07-05,4,False,False,False,False,ADMINISTRATIVO,PROFESIONAL_ANALISTA,False
647105,53,CENTRO DE INFORMACIÓN BIBLIOTECARIA,Subrogación,OTROS_AA,True,Director,AUTORIDAD_ADMINISTRATIVA_SUPERIOR,,,2024-08-19,2024-08-23,4,False,False,False,False,ADMINISTRATIVO,PROFESIONAL_ANALISTA,False
647105,53,CENTRO DE INFORMACIÓN BIBLIOTECARIA,Subrogación,OTROS_AA,True,Director,AUTORIDAD_ADMINISTRATIVA_SUPERIOR,,,2024-10-07,2024-10-10,3,False,False,False,False,ADMINISTRATIVO,PROFESIONAL_ANALISTA,False
647105,53,CENTRO DE INFORMACIÓN BIBLIOTECARIA,Subrogación,OTROS_AA,True,Director,AUTORIDAD_ADMINISTRATIVA_SUPERIOR,,,2024-10-15,2024-10-19,4,False,False,False,False,ADMINISTRATIVO,PROFESIONAL_ANALISTA,False
647105,53,CENTRO DE INFORMACIÓN BIBLIOTECARIA,Subrogación,OTROS_AA,True,Director,AUTORIDAD_ADMINISTRATIVA_SUPERIOR,,,2024-12-11,2024-12-25,14,False,False,False,False,ADMINISTRATIVO,PROFESIONAL_ANALISTA,False
647105,53,CENTRO DE INFORMACIÓN BIBLIOTECARIA,Subrogación,OTROS_AA,True,Director,AUTORIDAD_ADMINISTRATIVA_SUPERIOR,,,2025-03-05,2025-03-13,8,False,False,False,False,ADMINISTRATIVO,PROFESIONAL_ANALISTA,False
647105,53,CENTRO DE INFORMACIÓN BIBLIOTECARIA,Subrogación,OTROS_AA,True,Director,AUTORIDAD_ADMINISTRATIVA_SUPERIOR,,,2025-05-17,2025-05-23,6,False,False,False,False,ADMINISTRATIVO,PROFESIONAL_ANALISTA,False
647105,53,CENTRO DE INFORMACIÓN BIBLIOTECARIA,Subrogación,OTROS_AA,True,Director,AUTORIDAD_ADMINISTRATIVA_SUPERIOR,,,2025-08-18,2025-08-21,3,False,False,False,False,ADMINISTRATIVO,PROFESIONAL_ANALISTA,False
647105,53,CENTRO DE INFORMACIÓN BIBLIOTECARIA,Subrogación,OTROS_AA,True,Director,AUTORIDAD_ADMINISTRATIVA_SUPERIOR,,,2025-09-08,2025-09-12,4,False,False,False,False,ADMINISTRATIVO,PROFESIONAL_ANALISTA,False
647105,53,CENTRO DE INFORMACIÓN BIBLIOTECARIA,Subrogación,OTROS_AA,True,Director,AUTORIDAD_ADMINISTRATIVA_SUPERIOR,,,2025-12-11,2025-12-23,12,False,False,False,False,ADMINISTRATIVO,PROFESIONAL_ANALISTA,False
647105,53,CENTRO DE INFORMACIÓN BIBLIOTECARIA,Subrogación,OTROS_AA,True,Director,AUTORIDAD_ADMINISTRATIVA_SUPERIOR,,,2026-07-20,2026-07-24,4,False,False,False,False,ADMINISTRATIVO,AUTORIDAD_ADMINISTRATIVA_SUPERIOR,True
647358,44,CENTRO DE INVESTIGACIONES Y SERVICIOS EDUCATIVOS,Director,AUTORIDAD_ADMINISTRATIVA_SUPERIOR,False,,,,,2020-08-01,,2236,False,False,False,False,ADMINISTRATIVO,AUTORIDAD_ADMINISTRATIVA_SUPERIOR,True
647470,9,GERENCIA DE COMUNICACIÓN SOCIAL Y ASUNTOS PÚBLICOS,Subrogación,OTROS_AA,True,Gerente,AUTORIDAD_ADMINISTRATIVA_SUPERIOR,,,2022-02-16,2022-02-25,9,False,False,False,False,ADMINISTRATIVO,PROFESIONAL_ANALISTA,False
647470,134,GERENCIA DE COMUNICACIÓN,Subrogación,OTROS_AA,True,Gerente,AUTORIDAD_ADMINISTRATIVA_SUPERIOR,,,2023-03-30,2023-03-31,1,False,False,False,False,ADMINISTRATIVO,AUTORIDAD_ADMINISTRATIVA_SUPERIOR,True
647470,134,GERENCIA DE COMUNICACIÓN,Subrogación,OTROS_AA,True,Gerente,AUTORIDAD_ADMINISTRATIVA_SUPERIOR,,,2023-09-20,2023-09-27,7,False,False,False,False,ADMINISTRATIVO,AUTORIDAD_ADMINISTRATIVA_SUPERIOR,True
647470,134,GERENCIA DE COMUNICACIÓN,Subrogación,OTROS_AA,True,Gerente,AUTORIDAD_ADMINISTRATIVA_SUPERIOR,,,2024-03-21,2024-03-28,7,False,False,False,False,ADMINISTRATIVO,PROFESIONAL_ANALISTA,False
647470,134,GERENCIA DE COMUNICACIÓN,Subrogación,OTROS_AA,True,Gerente,AUTORIDAD_ADMINISTRATIVA_SUPERIOR,,,2024-09-23,2024-10-04,11,False,False,False,False,ADMINISTRATIVO,PROFESIONAL_ANALISTA,False
647470,134,GERENCIA DE COMUNICACIÓN,Subrogación,OTROS_AA,True,Gerente,AUTORIDAD_ADMINISTRATIVA_SUPERIOR,,,2025-04-07,2025-04-12,5,False,False,False,False,ADMINISTRATIVO,PROFESIONAL_ANALISTA,False
647470,134,GERENCIA DE COMUNICACIÓN,Subrogación,OTROS_AA,True,Gerente,AUTORIDAD_ADMINISTRATIVA_SUPERIOR,,,2025-04-16,2025-04-17,1,False,False,False,False,ADMINISTRATIVO,PROFESIONAL_ANALISTA,False
647470,134,GERENCIA DE COMUNICACIÓN,Subrogación,OTROS_AA,True,Gerente,AUTORIDAD_ADMINISTRATIVA_SUPERIOR,,,2025-09-08,2025-09-15,7,False,False,False,False,ADMINISTRATIVO,PROFESIONAL_ANALISTA,False
647470,134,GERENCIA DE COMUNICACIÓN,Subrogación,OTROS_AA,True,Gerente,AUTORIDAD_ADMINISTRATIVA_SUPERIOR,,,2025-09-22,2025-09-29,7,False,False,False,False,ADMINISTRATIVO,PROFESIONAL_ANALISTA,False
647470,134,GERENCIA DE COMUNICACIÓN,Subrogación,OTROS_AA,True,Gerente,AUTORIDAD_ADMINISTRATIVA_SUPERIOR,,,2025-11-05,2025-11-05,0,False,False,False,False,ADMINISTRATIVO,PROFESIONAL_ANALISTA,False
647470,134,GERENCIA DE COMUNICACIÓN,Subrogación,OTROS_AA,True,Gerente,AUTORIDAD_ADMINISTRATIVA_SUPERIOR,,,2026-04-20,2026-04-25,5,False,False,False,False,ADMINISTRATIVO,AUTORIDAD_ADMINISTRATIVA_SUPERIOR,True
647470,134,GERENCIA DE COMUNICACIÓN,Subrogación,OTROS_AA,True,Gerente,AUTORIDAD_ADMINISTRATIVA_SUPERIOR,,,2026-06-01,2026-06-12,11,False,False,False,False,ADMINISTRATIVO,AUTORIDAD_ADMINISTRATIVA_SUPERIOR,True
647470,134,GERENCIA DE COMUNICACIÓN,Subrogación,OTROS_AA,True,Gerente,AUTORIDAD_ADMINISTRATIVA_SUPERIOR,,,2026-09-07,2026-09-15,8,False,False,False,False,ADMINISTRATIVO,PROFESIONAL_ANALISTA,False
647683,22,FACULTAD DE INGENIERÍA MECÁNICA Y CIENCIAS DE LA PRODUCCIÓN,Miembro del consejo directivo - estudiantes,OTROS_AA,False,,,,,2017-12-08,2018-12-07,364,True,False,False,False,,,
647774,25,FACULTAD DE INGENIERÍA EN CIENCIAS DE LA TIERRA,Miembro del consejo directivo,OTROS_AA,False,,,,,2017-12-08,2018-01-09,32,False,False,False,False,,,
647774,25,FACULTAD DE INGENIERÍA EN CIENCIAS DE LA TIERRA,Miembro del consejo directivo - estudiantes,OTROS_AA,False,,,,,2017-12-08,2018-12-07,364,True,False,False,False,,,
647818,22,FACULTAD DE INGENIERÍA MECÁNICA Y CIENCIAS DE LA PRODUCCIÓN,Miembro del consejo directivo - estudiantes,OTROS_AA,False,,,,,2019-01-31,2020-01-30,364,True,False,False,False,,,
647846,86,FACULTAD DE INGENIERÍA MARÍTIMA Y CIENCIAS DEL MAR,Miembro del consejo directivo - estudiantes,OTROS_AA,False,,,,,2019-01-31,2020-01-30,364,True,False,False,False,,,
648617,22,FACULTAD DE INGENIERÍA MECÁNICA Y CIENCIAS DE LA PRODUCCIÓN,Coordinador de programa de postgrado,JEFATURA_SUPERVISION_OPERATIVA,False,,,POSGRADO,Maestría en Ciencias en Ingeniería Mecánica,2016-10-03,2017-03-29,177,False,False,False,False,DOCENTE,DOCENTE_TITULAR_CARRERA,False
648617,22,FACULTAD DE INGENIERÍA MECÁNICA Y CIENCIAS DE LA PRODUCCIÓN,Coordinador de acreditación internacional,JEFATURA_SUPERVISION_OPERATIVA,False,,,GRADO,Mecánica,2018-02-27,2018-10-08,223,False,False,False,False,DOCENTE,DOCENTE_TITULAR_CARRERA,False
648623,61,FACULTAD DE CIENCIAS DE LA VIDA,Coordinador de vinculación con la sociedad,JEFATURA_SUPERVISION_OPERATIVA,False,,,GRADO,Ingeniería Agrícola y Biológica,2017-04-06,2020-03-31,1090,False,False,False,False,DOCENTE,DOCENTE_TITULAR_CARRERA,False
648623,61,FACULTAD DE CIENCIAS DE LA VIDA,Miembro del consejo directivo,OTROS_AA,False,,,,,2019-02-01,2022-01-31,1095,False,False,False,False,DOCENTE,DOCENTE_TITULAR_CARRERA,False
648623,61,FACULTAD DE CIENCIAS DE LA VIDA,Coordinador de vinculación con la sociedad,JEFATURA_SUPERVISION_OPERATIVA,False,,,GRADO,Ingeniería Agrícola y Biológica,2021-03-01,2022-11-23,632,False,False,False,False,DOCENTE,DOCENTE_TITULAR_CARRERA,False
648623,61,FACULTAD DE CIENCIAS DE LA VIDA,Miembro del consejo politécnico,OTROS_AA,False,,,,,2022-02-01,2022-02-25,24,False,False,False,False,DOCENTE,DOCENTE_TITULAR_CARRERA,False
648623,61,FACULTAD DE CIENCIAS DE LA VIDA,Miembro del consejo directivo,OTROS_AA,False,,,,,2022-02-01,2025-01-31,1095,False,False,False,False,DOCENTE,DOCENTE_TITULAR_CARRERA,False
648623,61,FACULTAD DE CIENCIAS DE LA VIDA,Subrogación,OTROS_AA,True,Subdecano,AUTORIDAD_ACADEMICA_SUPERIOR,,,2022-04-12,2022-04-20,8,False,False,False,False,DOCENTE,DOCENTE_TITULAR_CARRERA,False
648623,61,FACULTAD DE CIENCIAS DE LA VIDA,Subrogación,OTROS_AA,True,Subdecano,AUTORIDAD_ACADEMICA_SUPERIOR,,,2022-09-05,2022-09-09,4,False,False,False,False,DOCENTE,DOCENTE_TITULAR_CARRERA,False
648623,61,FACULTAD DE CIENCIAS DE LA VIDA,Coordinador de vinculación con la sociedad,JEFATURA_SUPERVISION_OPERATIVA,False,,,GRADO,Ingeniería Agrícola y Biológica,2022-11-24,2027-02-12,1541,False,False,False,False,DOCENTE,DOCENTE_TITULAR_CARRERA,False
648623,61,FACULTAD DE CIENCIAS DE LA VIDA,Coordinador de prácticas empresariales,JEFATURA_SUPERVISION_OPERATIVA,False,,,GRADO,Ingeniería Agrícola y Biológica,2023-10-02,2024-02-16,137,False,False,False,False,DOCENTE,DOCENTE_TITULAR_CARRERA,False
648623,61,FACULTAD DE CIENCIAS DE LA VIDA,Coordinador de carrera,JEFATURA_SUPERVISION_OPERATIVA,False,,,GRADO,Ingeniería Agrícola y Biológica,2024-02-17,2025-02-13,362,False,False,False,False,DOCENTE,DOCENTE_TITULAR_CARRERA,False
648623,61,FACULTAD DE CIENCIAS DE LA VIDA,Subrogación,OTROS_AA,True,Subdecano,AUTORIDAD_ACADEMICA_SUPERIOR,,,2026-04-20,2026-04-24,4,False,False,False,False,DOCENTE,AUTORIDAD_ACADEMICA_SUPERIOR,True
648623,61,FACULTAD DE CIENCIAS DE LA VIDA,Subrogación,OTROS_AA,True,Decano,AUTORIDAD_ACADEMICA_SUPERIOR,,,2026-04-20,2026-04-25,5,False,False,False,False,DOCENTE,AUTORIDAD_ACADEMICA_SUPERIOR,True
648623,61,FACULTAD DE CIENCIAS DE LA VIDA,Coordinador de vinculación con la sociedad,JEFATURA_SUPERVISION_OPERATIVA,False,,,GRADO,Biología,2026-06-08,2026-07-29,51,False,False,False,False,DOCENTE,DOCENTE_TITULAR_CARRERA,False
648667,16,FACULTAD DE INGENIERÍA EN ELECTRICIDAD Y COMPUTACIÓN,Coordinador de prácticas empresariales,JEFATURA_SUPERVISION_OPERATIVA,False,,,GRADO,Electrónica y Automatización,2019-10-14,2025-03-05,1969,False,False,False,False,DOCENTE,TECNICO_DOCENTE_APOYO,False
648757,7,GERENCIA JURÍDICA,Gerente,AUTORIDAD_ADMINISTRATIVA_SUPERIOR,False,,,,,2017-11-13,2020-01-31,809,False,False,False,False,ADMINISTRATIVO,AUTORIDAD_ADMINISTRATIVA_SUPERIOR,True
648839,27,ESCUELA DE DISEÑO Y COMUNICACIÓN VISUAL,Miembro del consejo directivo,OTROS_AA,False,,,,,2019-01-31,2019-03-02,30,False,False,False,False,,,
648839,88,"FACULTAD DE ARTE, DISEÑO Y COMUNICACIÓN AUDIOVISUAL",Miembro del consejo directivo - estudiantes,OTROS_AA,False,,,,,2019-01-31,2020-01-30,364,True,False,False,False,,,
648983,88,"FACULTAD DE ARTE, DISEÑO Y COMUNICACIÓN AUDIOVISUAL",Miembro del consejo directivo - trabajadores,OTROS_AA,False,,,,,2021-11-22,2023-11-21,729,False,False,False,False,ADMINISTRATIVO,ASISTENCIA_SECRETARIAL_OFICINA,False
649043,57,DIRECCIÓN DE SERVICIOS GENERALES,Subrogación,OTROS_AA,True,Director,AUTORIDAD_ADMINISTRATIVA_SUPERIOR,,,2026-02-16,2026-02-22,6,False,False,False,False,ADMINISTRATIVO,PROFESIONAL_ANALISTA,False
649043,57,DIRECCIÓN DE SERVICIOS GENERALES,Subrogación,OTROS_AA,True,Director,AUTORIDAD_ADMINISTRATIVA_SUPERIOR,,,2026-04-13,2026-04-19,6,False,False,False,False,ADMINISTRATIVO,AUTORIDAD_ADMINISTRATIVA_SUPERIOR,True
649043,57,DIRECCIÓN DE SERVICIOS GENERALES,Subrogación,OTROS_AA,True,Director,AUTORIDAD_ADMINISTRATIVA_SUPERIOR,,,2026-06-13,2026-06-21,8,False,False,False,False,ADMINISTRATIVO,AUTORIDAD_ADMINISTRATIVA_SUPERIOR,True
649043,57,DIRECCIÓN DE SERVICIOS GENERALES,Subrogación,OTROS_AA,True,Director,AUTORIDAD_ADMINISTRATIVA_SUPERIOR,,,2026-08-21,2026-08-27,6,False,False,False,False,ADMINISTRATIVO,AUTORIDAD_ADMINISTRATIVA_SUPERIOR,True
649184,22,FACULTAD DE INGENIERÍA MECÁNICA Y CIENCIAS DE LA PRODUCCIÓN,Miembro del consejo directivo,OTROS_AA,False,,,,,2017-01-27,2020-01-26,1094,False,False,False,False,DOCENTE,DOCENTE_TITULAR_CARRERA,False
649184,22,FACULTAD DE INGENIERÍA MECÁNICA Y CIENCIAS DE LA PRODUCCIÓN,Decano,AUTORIDAD_ACADEMICA_SUPERIOR,False,,,,,2023-09-04,,1107,False,False,False,False,DOCENTE,AUTORIDAD_ACADEMICA_SUPERIOR,True
649184,136,DECANATO DE INVESTIGACIÓN,Subrogación,OTROS_AA,True,Decano,AUTORIDAD_ACADEMICA_SUPERIOR,,,2026-03-02,2026-03-03,1,False,False,False,False,DOCENTE,AUTORIDAD_ACADEMICA_SUPERIOR,True
649207,61,FACULTAD DE CIENCIAS DE LA VIDA,Miembro del consejo directivo,OTROS_AA,False,,,,,2025-02-01,2028-01-31,1094,False,False,False,False,DOCENTE,DOCENTE_TITULAR_CARRERA,False
649207,61,FACULTAD DE CIENCIAS DE LA VIDA,Subrogación,OTROS_AA,True,Subdecano,AUTORIDAD_ACADEMICA_SUPERIOR,,,2026-09-10,2026-09-18,8,False,False,False,False,DOCENTE,DOCENTE_TITULAR_CARRERA,False
649239,26,ESCUELA DE POSTGRADO EN ADMINISTRACIÓN DE EMPRESAS,Director académico y de investigación,AUTORIDAD_ADMINISTRATIVA_SUPERIOR,False,,,,,2018-10-01,2021-01-31,853,False,False,False,False,ADMINISTRATIVO,CONTRATO_SERVICIOS_PROFESIONALES_PROYECTO,False
649239,26,ESCUELA DE POSTGRADO EN ADMINISTRACIÓN DE EMPRESAS,Miembro del consejo directivo,OTROS_AA,False,,,,,2022-09-16,2023-11-27,437,False,False,False,False,DOCENTE,DOCENTE_TITULAR_CARRERA,False
649239,26,ESCUELA DE POSTGRADO EN ADMINISTRACIÓN DE EMPRESAS,Miembro del consejo politécnico,OTROS_AA,False,,,,,2023-12-01,2026-11-30,1095,False,False,False,False,DOCENTE,DOCENTE_TITULAR_CARRERA,False
649239,26,ESCUELA DE POSTGRADO EN ADMINISTRACIÓN DE EMPRESAS,Coordinador de programa de postgrado,JEFATURA_SUPERVISION_OPERATIVA,False,,,POSGRADO,Maestría en Gerencia Hospitalaria,2024-07-01,2026-09-18,809,False,False,False,False,DOCENTE,DOCENTE_TITULAR_CARRERA,False
649239,26,ESCUELA DE POSTGRADO EN ADMINISTRACIÓN DE EMPRESAS,Subrogación,OTROS_AA,True,Subdecano,AUTORIDAD_ACADEMICA_SUPERIOR,,,2026-08-17,2026-08-21,4,False,False,False,False,DOCENTE,AUTORIDAD_ACADEMICA_SUPERIOR,True
649239,26,ESCUELA DE POSTGRADO EN ADMINISTRACIÓN DE EMPRESAS,Subrogación,OTROS_AA,True,Subdecano,AUTORIDAD_ACADEMICA_SUPERIOR,,,2026-08-31,2026-09-04,4,False,False,False,False,DOCENTE,AUTORIDAD_ACADEMICA_SUPERIOR,True
649239,26,ESCUELA DE POSTGRADO EN ADMINISTRACIÓN DE EMPRESAS,Subrogación,OTROS_AA,True,Subdecano,AUTORIDAD_ACADEMICA_SUPERIOR,,,2026-09-07,2026-09-13,6,False,False,False,False,DOCENTE,AUTORIDAD_ACADEMICA_SUPERIOR,True
649239,26,ESCUELA DE POSTGRADO EN ADMINISTRACIÓN DE EMPRESAS,Miembro del consejo politécnico,OTROS_AA,False,,,,,2026-12-01,,0,False,False,False,False,,,
649239,26,ESCUELA DE POSTGRADO EN ADMINISTRACIÓN DE EMPRESAS,Miembro del consejo politécnico,OTROS_AA,False,,,,,2026-12-01,,0,False,False,True,False,,,
649239,26,ESCUELA DE POSTGRADO EN ADMINISTRACIÓN DE EMPRESAS,Miembro del consejo politécnico,OTROS_AA,False,,,,,2026-12-01,,0,False,False,True,False,,,
649239,26,ESCUELA DE POSTGRADO EN ADMINISTRACIÓN DE EMPRESAS,Miembro del consejo politécnico,OTROS_AA,False,,,,,2026-12-01,,0,False,False,True,False,,,
649239,26,ESCUELA DE POSTGRADO EN ADMINISTRACIÓN DE EMPRESAS,Miembro del consejo politécnico,OTROS_AA,False,,,,,2026-12-01,,0,False,False,True,False,,,
649239,26,ESCUELA DE POSTGRADO EN ADMINISTRACIÓN DE EMPRESAS,Miembro del consejo politécnico,OTROS_AA,False,,,,,2026-12-01,,0,False,False,True,False,,,
649239,26,ESCUELA DE POSTGRADO EN ADMINISTRACIÓN DE EMPRESAS,Miembro del consejo politécnico,OTROS_AA,False,,,,,2026-12-01,,0,False,False,True,False,,,
649239,26,ESCUELA DE POSTGRADO EN ADMINISTRACIÓN DE EMPRESAS,Miembro del consejo politécnico,OTROS_AA,False,,,,,2026-12-01,,0,False,False,True,False,,,
649239,26,ESCUELA DE POSTGRADO EN ADMINISTRACIÓN DE EMPRESAS,Miembro del consejo politécnico,OTROS_AA,False,,,,,2026-12-01,,0,False,False,True,False,,,
649245,22,FACULTAD DE INGENIERÍA MECÁNICA Y CIENCIAS DE LA PRODUCCIÓN,Miembro del consejo directivo,OTROS_AA,False,,,,,2022-12-10,2025-12-09,1095,False,False,False,False,DOCENTE,DOCENTE_TITULAR_CARRERA,False
649255,16,FACULTAD DE INGENIERÍA EN ELECTRICIDAD Y COMPUTACIÓN,Coordinador de prácticas empresariales,JEFATURA_SUPERVISION_OPERATIVA,False,,,GRADO,Telemática,2017-05-02,2017-09-22,143,False,False,False,False,DOCENTE,DOCENTE_NO_TITULAR_OCASIONAL,False
649255,16,FACULTAD DE INGENIERÍA EN ELECTRICIDAD Y COMPUTACIÓN,Coordinador de prácticas empresariales,JEFATURA_SUPERVISION_OPERATIVA,False,,,GRADO,Telemática,2017-10-04,2017-11-19,46,False,False,False,False,DOCENTE,DOCENTE_NO_TITULAR_OCASIONAL,False
649255,16,FACULTAD DE INGENIERÍA EN ELECTRICIDAD Y COMPUTACIÓN,Coordinador de prácticas empresariales,JEFATURA_SUPERVISION_OPERATIVA,False,,,GRADO,Telemática,2017-11-22,2024-02-16,2277,False,False,False,False,DOCENTE,DOCENTE_NO_TITULAR_OCASIONAL,False
649255,16,FACULTAD DE INGENIERÍA EN ELECTRICIDAD Y COMPUTACIÓN,Coordinador de prácticas empresariales,JEFATURA_SUPERVISION_OPERATIVA,False,,,GRADO,Telemática,2024-02-17,2024-05-12,85,False,False,False,False,DOCENTE,DOCENTE_NO_TITULAR_OCASIONAL,False
649260,93,DECANATO DE GRADO,Coordinador de área transversal institucional de docencia,JEFATURA_SUPERVISION_OPERATIVA,False,,,,,2021-03-15,2022-02-18,340,False,False,False,False,DOCENTE,DOCENTE_NO_TITULAR_OCASIONAL,False
649260,138,DECANATO DE GRADO,Coordinador de área transversal institucional de docencia,JEFATURA_SUPERVISION_OPERATIVA,False,,,,,2022-02-19,2022-12-31,315,False,False,False,False,DOCENTE,DOCENTE_NO_TITULAR_OCASIONAL,False
649260,138,DECANATO DE GRADO,Coordinador de área transversal institucional de docencia,JEFATURA_SUPERVISION_OPERATIVA,False,,,,,2022-12-21,2023-05-19,149,False,False,False,False,DOCENTE,DOCENTE_NO_TITULAR_OCASIONAL,False
649260,138,DECANATO DE GRADO,Coordinador de área transversal institucional de docencia,JEFATURA_SUPERVISION_OPERATIVA,False,,,,,2023-01-01,2022-12-20,0,False,True,False,False,,,
649268,51,GERENCIA DE INFRAESTRUCTURA FÍSICA,Gerente,AUTORIDAD_ADMINISTRATIVA_SUPERIOR,False,,,,,2015-10-15,2017-11-12,759,False,False,False,False,,,
649268,51,GERENCIA DE INFRAESTRUCTURA FÍSICA,Gerente,AUTORIDAD_ADMINISTRATIVA_SUPERIOR,False,,,,,2017-11-13,2018-05-08,176,False,False,False,False,,,
649373,22,FACULTAD DE INGENIERÍA MECÁNICA Y CIENCIAS DE LA PRODUCCIÓN,Miembro del consejo politécnico - estudiantes,OTROS_AA,False,,,,,2019-01-31,2020-01-30,364,True,False,False,False,,,
649377,17,FACULTAD DE CIENCIAS SOCIALES Y HUMANÍSTICAS,Coordinador de carrera,JEFATURA_SUPERVISION_OPERATIVA,False,,,GRADO,Arqueología,2021-05-01,2021-09-24,146,False,False,False,False,DOCENTE,DOCENTE_NO_TITULAR_OCASIONAL,False
649516,16,FACULTAD DE INGENIERÍA EN ELECTRICIDAD Y COMPUTACIÓN,Coordinador de prácticas empresariales,JEFATURA_SUPERVISION_OPERATIVA,False,,,GRADO,Telemática,2024-09-30,,715,False,False,False,False,DOCENTE,DOCENTE_NO_TITULAR_OCASIONAL,False
649577,61,FACULTAD DE CIENCIAS DE LA VIDA,Miembro del consejo directivo - estudiantes,OTROS_AA,False,,,,,2019-01-31,2020-01-30,364,True,False,False,False,,,
649603,11,"FACULTAD DE INGENIERIA MARÍTIMA, CIENCIAS BIOLÓGICAS, OCEÁNICAS Y RECURSOS NATURALES",Miembro del consejo politécnico - estudiantes,OTROS_AA,False,,,,,2017-12-08,2018-12-07,364,True,False,False,False,,,
649603,11,"FACULTAD DE INGENIERIA MARÍTIMA, CIENCIAS BIOLÓGICAS, OCEÁNICAS Y RECURSOS NATURALES",Miembro del consejo politécnico - estudiantes,OTROS_AA,False,,,,,2019-01-31,2020-01-30,364,True,False,False,False,ADMINISTRATIVO,TECNICO_OPERATIVO_MANTENIMIENTO,False
649616,22,FACULTAD DE INGENIERÍA MECÁNICA Y CIENCIAS DE LA PRODUCCIÓN,Miembro del consejo politécnico - estudiantes,OTROS_AA,False,,,,,2017-12-08,2018-12-07,364,True,False,False,False,,,
649639,22,FACULTAD DE INGENIERÍA MECÁNICA Y CIENCIAS DE LA PRODUCCIÓN,Miembro del consejo directivo - estudiantes,OTROS_AA,False,,,,,2017-12-08,2018-01-09,32,True,False,False,False,,,
649639,12,FACULTAD DE CIENCIAS NATURALES Y MATEMÁTICAS,Miembro del consejo directivo - estudiantes,OTROS_AA,False,,,,,2017-12-08,2018-12-07,364,True,False,False,False,,,
649656,25,FACULTAD DE INGENIERÍA EN CIENCIAS DE LA TIERRA,Coordinador de acreditación internacional,JEFATURA_SUPERVISION_OPERATIVA,False,,,GRADO,Minas,2023-10-02,2024-11-20,415,False,False,False,False,DOCENTE,DOCENTE_NO_TITULAR_OCASIONAL,False
649656,25,FACULTAD DE INGENIERÍA EN CIENCIAS DE LA TIERRA,Coordinador de acreditación internacional,JEFATURA_SUPERVISION_OPERATIVA,False,,,GRADO,Minas,2024-11-21,2024-11-24,3,False,False,False,False,DOCENTE,DOCENTE_NO_TITULAR_OCASIONAL,False
649656,25,FACULTAD DE INGENIERÍA EN CIENCIAS DE LA TIERRA,Coordinador de acreditación internacional,JEFATURA_SUPERVISION_OPERATIVA,False,,,GRADO,Minas,2024-11-25,2025-09-11,290,False,False,False,False,DOCENTE,DOCENTE_NO_TITULAR_OCASIONAL,False
649656,25,FACULTAD DE INGENIERÍA EN CIENCIAS DE LA TIERRA,Coordinador de carrera,JEFATURA_SUPERVISION_OPERATIVA,False,,,GRADO,Geología,2025-09-04,2027-02-12,526,False,False,False,False,DOCENTE,DOCENTE_NO_TITULAR_OCASIONAL,False
649713,16,FACULTAD DE INGENIERÍA EN ELECTRICIDAD Y COMPUTACIÓN,Miembro del consejo politécnico - estudiantes,OTROS_AA,False,,,,,2017-12-08,2018-12-07,364,True,False,False,False,,,
649713,16,FACULTAD DE INGENIERÍA EN ELECTRICIDAD Y COMPUTACIÓN,Miembro del consejo directivo - estudiantes,OTROS_AA,False,,,,,2019-01-31,2020-01-30,364,True,False,False,False,,,
649715,16,FACULTAD DE INGENIERÍA EN ELECTRICIDAD Y COMPUTACIÓN,Coordinador de vinculación con la sociedad,JEFATURA_SUPERVISION_OPERATIVA,False,,,GRADO,Electrónica y Automatización,2023-05-15,2024-02-16,277,False,False,False,False,DOCENTE,TECNICO_DOCENTE_APOYO,False
649779,22,FACULTAD DE INGENIERÍA MECÁNICA Y CIENCIAS DE LA PRODUCCIÓN,Miembro del consejo directivo - estudiantes,OTROS_AA,False,,,,,2017-12-08,2018-12-07,364,True,False,False,False,,,
649832,11,"FACULTAD DE INGENIERIA MARÍTIMA, CIENCIAS BIOLÓGICAS, OCEÁNICAS Y RECURSOS NATURALES",Miembro del consejo directivo - estudiantes,OTROS_AA,False,,,,,2017-12-08,2018-12-07,364,True,False,False,False,,,
649840,11,"FACULTAD DE INGENIERIA MARÍTIMA, CIENCIAS BIOLÓGICAS, OCEÁNICAS Y RECURSOS NATURALES",Miembro del consejo directivo - estudiantes,OTROS_AA,False,,,,,2017-12-08,2018-12-07,364,True,False,False,False,,,
650066,27,ESCUELA DE DISEÑO Y COMUNICACIÓN VISUAL,Miembro del consejo politécnico - estudiantes,OTROS_AA,False,,,,,2017-12-08,2018-12-07,364,True,False,False,False,,,
650148,12,FACULTAD DE CIENCIAS NATURALES Y MATEMÁTICAS,Miembro del consejo directivo - estudiantes,OTROS_AA,False,,,,,2019-01-31,2020-01-30,364,True,False,False,False,,,
650193,17,FACULTAD DE CIENCIAS SOCIALES Y HUMANÍSTICAS,Miembro del consejo directivo - estudiantes,OTROS_AA,False,,,,,2017-12-08,2018-12-07,364,True,False,False,False,,,
650221,17,FACULTAD DE CIENCIAS SOCIALES Y HUMANÍSTICAS,Miembro del consejo politécnico - estudiantes,OTROS_AA,False,,,,,2017-12-08,2018-12-07,364,True,False,False,False,,,
650262,17,FACULTAD DE CIENCIAS SOCIALES Y HUMANÍSTICAS,Miembro del consejo directivo - estudiantes,OTROS_AA,False,,,,,2017-12-08,2018-12-07,364,True,False,False,False,,,
650266,12,FACULTAD DE CIENCIAS NATURALES Y MATEMÁTICAS,Miembro del consejo directivo - estudiantes,OTROS_AA,False,,,,,2017-12-08,2018-12-07,364,True,False,False,False,,,
650568,86,FACULTAD DE INGENIERÍA MARÍTIMA Y CIENCIAS DEL MAR,Coordinador de prácticas empresariales,JEFATURA_SUPERVISION_OPERATIVA,False,,,GRADO,Acuicultura,2021-02-25,2022-03-13,381,False,False,False,False,DOCENTE,DOCENTE_TITULAR_CARRERA,False
650568,86,FACULTAD DE INGENIERÍA MARÍTIMA Y CIENCIAS DEL MAR,Miembro del consejo directivo,OTROS_AA,False,,,,,2021-11-22,2024-11-21,1095,False,False,False,False,DOCENTE,DOCENTE_TITULAR_CARRERA,False
650568,86,FACULTAD DE INGENIERÍA MARÍTIMA Y CIENCIAS DEL MAR,Coordinador de prácticas empresariales,JEFATURA_SUPERVISION_OPERATIVA,False,,,GRADO,Acuicultura,2021-12-13,2021-12-13,0,False,False,False,False,DOCENTE,DOCENTE_TITULAR_CARRERA,False
650568,86,FACULTAD DE INGENIERÍA MARÍTIMA Y CIENCIAS DEL MAR,Coordinador de prácticas empresariales,JEFATURA_SUPERVISION_OPERATIVA,False,,,GRADO,Acuicultura,2022-03-14,2021-12-14,0,False,True,False,False,DOCENTE,DOCENTE_TITULAR_CARRERA,False
650568,86,FACULTAD DE INGENIERÍA MARÍTIMA Y CIENCIAS DEL MAR,Coordinador de prácticas empresariales,JEFATURA_SUPERVISION_OPERATIVA,False,,,GRADO,Acuicultura,2022-03-14,2024-02-16,704,False,False,False,False,DOCENTE,DOCENTE_TITULAR_CARRERA,False
650568,86,FACULTAD DE INGENIERÍA MARÍTIMA Y CIENCIAS DEL MAR,Coordinador de prácticas empresariales,JEFATURA_SUPERVISION_OPERATIVA,False,,,GRADO,Acuicultura,2024-02-19,2025-02-16,363,False,False,False,False,DOCENTE,DOCENTE_TITULAR_CARRERA,False
650568,86,FACULTAD DE INGENIERÍA MARÍTIMA Y CIENCIAS DEL MAR,Coordinador de prácticas empresariales,JEFATURA_SUPERVISION_OPERATIVA,False,,,GRADO,Acuicultura,2024-03-01,2023-12-07,0,False,True,False,False,DOCENTE,DOCENTE_TITULAR_CARRERA,False
650568,86,FACULTAD DE INGENIERÍA MARÍTIMA Y CIENCIAS DEL MAR,Coordinador de prácticas empresariales,JEFATURA_SUPERVISION_OPERATIVA,False,,,GRADO,Acuicultura,2024-11-20,2026-02-13,450,False,False,False,False,DOCENTE,DOCENTE_TITULAR_CARRERA,False
650568,86,FACULTAD DE INGENIERÍA MARÍTIMA Y CIENCIAS DEL MAR,Miembro del consejo directivo,OTROS_AA,False,,,,,2024-11-22,2027-11-21,1094,False,False,False,False,DOCENTE,DOCENTE_TITULAR_CARRERA,False
650568,86,FACULTAD DE INGENIERÍA MARÍTIMA Y CIENCIAS DEL MAR,Coordinador de prácticas empresariales,JEFATURA_SUPERVISION_OPERATIVA,False,,,GRADO,Acuicultura,2025-02-17,2024-11-19,0,False,True,False,False,DOCENTE,DOCENTE_TITULAR_CARRERA,False
651071,12,FACULTAD DE CIENCIAS NATURALES Y MATEMÁTICAS,Miembro del consejo politécnico - estudiantes,OTROS_AA,False,,,,,2017-12-08,2018-12-07,364,True,False,False,False,,,
651108,37,CENTRO DE INVESTIGACIONES BIOTECNOLÓGICAS DEL ECUADOR,Director,AUTORIDAD_ADMINISTRATIVA_SUPERIOR,False,,,,,2014-05-01,2017-11-12,1291,False,False,False,False,DOCENTE,DOCENTE_TITULAR_CARRERA,False
651108,37,CENTRO DE INVESTIGACIONES BIOTECNOLÓGICAS DEL ECUADOR,Director,AUTORIDAD_ADMINISTRATIVA_SUPERIOR,False,,,,,2017-11-13,2021-02-21,1196,False,False,False,False,DOCENTE,DOCENTE_TITULAR_CARRERA,False
651108,61,FACULTAD DE CIENCIAS DE LA VIDA,Miembro del consejo directivo,OTROS_AA,False,,,,,2019-02-01,2022-01-31,1095,False,False,False,False,DOCENTE,DOCENTE_TITULAR_CARRERA,False
651108,61,FACULTAD DE CIENCIAS DE LA VIDA,Miembro del consejo politécnico,OTROS_AA,False,,,,,2022-02-01,2022-02-25,24,False,False,False,False,DOCENTE,DOCENTE_TITULAR_CARRERA,False
651108,61,FACULTAD DE CIENCIAS DE LA VIDA,Miembro del consejo directivo,OTROS_AA,False,,,,,2022-02-01,2025-01-31,1095,False,False,False,False,DOCENTE,DOCENTE_TITULAR_CARRERA,False
651108,28,DECANATO DE INVESTIGACIÓN,Subrogación,OTROS_AA,True,Decano,AUTORIDAD_ACADEMICA_SUPERIOR,,,2022-03-21,2022-03-28,7,False,False,False,False,DOCENTE,DOCENTE_TITULAR_CARRERA,False
651108,28,DECANATO DE INVESTIGACIÓN,Subrogación,OTROS_AA,True,Decano,AUTORIDAD_ACADEMICA_SUPERIOR,,,2022-04-08,2022-04-14,6,False,False,False,False,DOCENTE,AUTORIDAD_ACADEMICA_SUPERIOR,True
651108,28,DECANATO DE INVESTIGACIÓN,Subrogación,OTROS_AA,True,Decano,AUTORIDAD_ACADEMICA_SUPERIOR,,,2022-09-18,2022-09-24,6,False,False,False,False,DOCENTE,DOCENTE_TITULAR_CARRERA,False
651108,142,OFICINA DE TRANSFERENCIA DE RESULTADOS DE INVESTIGACIÓN - OTRI EN LA ESPOL,Director,AUTORIDAD_ADMINISTRATIVA_SUPERIOR,False,,,,,2023-03-14,2026-03-29,1111,False,False,False,False,DOCENTE,DOCENTE_TITULAR_CARRERA,False
651108,142,OFICINA DE TRANSFERENCIA DE RESULTADOS DE INVESTIGACIÓN - OTRI EN LA ESPOL,Director,AUTORIDAD_ADMINISTRATIVA_SUPERIOR,False,,,,,2023-08-16,2024-04-01,229,False,False,False,False,DOCENTE,DOCENTE_TITULAR_CARRERA,False
651108,142,OFICINA DE TRANSFERENCIA DE RESULTADOS DE INVESTIGACIÓN - OTRI EN LA ESPOL,Director,AUTORIDAD_ADMINISTRATIVA_SUPERIOR,False,,,,,2023-08-21,2024-06-08,292,False,False,False,False,DOCENTE,DOCENTE_TITULAR_CARRERA,False
651108,61,FACULTAD DE CIENCIAS DE LA VIDA,Subrogación,OTROS_AA,True,Subdecano,AUTORIDAD_ACADEMICA_SUPERIOR,,,2023-09-11,2023-09-22,11,False,False,False,False,ADMINISTRATIVO,CONTRATO_SERVICIOS_PROFESIONALES_PROYECTO,False
651108,61,FACULTAD DE CIENCIAS DE LA VIDA,Subrogación,OTROS_AA,True,Subdecano,AUTORIDAD_ACADEMICA_SUPERIOR,,,2024-02-19,2024-02-20,1,False,False,False,False,ADMINISTRATIVO,CONTRATO_SERVICIOS_PROFESIONALES_PROYECTO,False
651108,61,FACULTAD DE CIENCIAS DE LA VIDA,Subrogación,OTROS_AA,True,Subdecano,AUTORIDAD_ACADEMICA_SUPERIOR,,,2024-02-23,2024-02-26,3,False,False,False,False,ADMINISTRATIVO,CONTRATO_SERVICIOS_PROFESIONALES_PROYECTO,False
651108,61,FACULTAD DE CIENCIAS DE LA VIDA,Subrogación,OTROS_AA,True,Subdecano,AUTORIDAD_ACADEMICA_SUPERIOR,,,2024-03-04,2024-03-15,11,False,False,False,False,ADMINISTRATIVO,CONTRATO_SERVICIOS_PROFESIONALES_PROYECTO,False
651108,61,FACULTAD DE CIENCIAS DE LA VIDA,Subrogación,OTROS_AA,True,Subdecano,AUTORIDAD_ACADEMICA_SUPERIOR,,,2024-03-19,2024-03-24,5,False,False,False,False,ADMINISTRATIVO,CONTRATO_SERVICIOS_PROFESIONALES_PROYECTO,False
651108,61,FACULTAD DE CIENCIAS DE LA VIDA,Subrogación,OTROS_AA,True,Subdecano,AUTORIDAD_ACADEMICA_SUPERIOR,,,2024-04-01,2024-04-05,4,False,False,False,False,ADMINISTRATIVO,CONTRATO_SERVICIOS_PROFESIONALES_PROYECTO,False
651108,142,OFICINA DE TRANSFERENCIA DE RESULTADOS DE INVESTIGACIÓN - OTRI EN LA ESPOL,Director,AUTORIDAD_ADMINISTRATIVA_SUPERIOR,False,,,,,2024-06-16,2024-08-25,70,False,False,False,False,ADMINISTRATIVO,CONTRATO_SERVICIOS_PROFESIONALES_PROYECTO,False
651108,142,OFICINA DE TRANSFERENCIA DE RESULTADOS DE INVESTIGACIÓN - OTRI EN LA ESPOL,Director,AUTORIDAD_ADMINISTRATIVA_SUPERIOR,False,,,,,2024-09-07,2024-09-21,14,False,False,False,False,ADMINISTRATIVO,CONTRATO_SERVICIOS_PROFESIONALES_PROYECTO,False
651108,142,OFICINA DE TRANSFERENCIA DE RESULTADOS DE INVESTIGACIÓN - OTRI EN LA ESPOL,Director,AUTORIDAD_ADMINISTRATIVA_SUPERIOR,False,,,,,2024-10-05,2024-11-13,39,False,False,False,False,ADMINISTRATIVO,CONTRATO_SERVICIOS_PROFESIONALES_PROYECTO,False
651108,142,OFICINA DE TRANSFERENCIA DE RESULTADOS DE INVESTIGACIÓN - OTRI EN LA ESPOL,Director,AUTORIDAD_ADMINISTRATIVA_SUPERIOR,False,,,,,2024-12-05,2025-02-05,62,False,False,False,False,DOCENTE,DOCENTE_TITULAR_CARRERA,False
651108,142,OFICINA DE TRANSFERENCIA DE RESULTADOS DE INVESTIGACIÓN - OTRI EN LA ESPOL,Director,AUTORIDAD_ADMINISTRATIVA_SUPERIOR,False,,,,,2025-02-21,2025-03-04,11,False,False,False,False,ADMINISTRATIVO,CONTRATO_SERVICIOS_PROFESIONALES_PROYECTO,False
651108,142,OFICINA DE TRANSFERENCIA DE RESULTADOS DE INVESTIGACIÓN - OTRI EN LA ESPOL,Director,AUTORIDAD_ADMINISTRATIVA_SUPERIOR,False,,,,,2025-03-08,2025-04-27,50,False,False,False,False,ADMINISTRATIVO,CONTRATO_SERVICIOS_PROFESIONALES_PROYECTO,False
651108,142,OFICINA DE TRANSFERENCIA DE RESULTADOS DE INVESTIGACIÓN - OTRI EN LA ESPOL,Director,AUTORIDAD_ADMINISTRATIVA_SUPERIOR,False,,,,,2025-05-02,2025-05-05,3,False,False,False,False,ADMINISTRATIVO,CONTRATO_SERVICIOS_PROFESIONALES_PROYECTO,False
651108,142,OFICINA DE TRANSFERENCIA DE RESULTADOS DE INVESTIGACIÓN - OTRI EN LA ESPOL,Director,AUTORIDAD_ADMINISTRATIVA_SUPERIOR,False,,,,,2025-05-10,2025-08-16,98,False,False,False,False,ADMINISTRATIVO,CONTRATO_SERVICIOS_PROFESIONALES_PROYECTO,False
651108,142,OFICINA DE TRANSFERENCIA DE RESULTADOS DE INVESTIGACIÓN - OTRI EN LA ESPOL,Director,AUTORIDAD_ADMINISTRATIVA_SUPERIOR,False,,,,,2025-09-07,2025-09-23,16,False,False,False,False,ADMINISTRATIVO,CONTRATO_SERVICIOS_PROFESIONALES_PROYECTO,False
651108,142,OFICINA DE TRANSFERENCIA DE RESULTADOS DE INVESTIGACIÓN - OTRI EN LA ESPOL,Director,AUTORIDAD_ADMINISTRATIVA_SUPERIOR,False,,,,,2025-09-27,2025-10-25,28,False,False,False,False,ADMINISTRATIVO,CONTRATO_SERVICIOS_PROFESIONALES_PROYECTO,False
651108,142,OFICINA DE TRANSFERENCIA DE RESULTADOS DE INVESTIGACIÓN - OTRI EN LA ESPOL,Director,AUTORIDAD_ADMINISTRATIVA_SUPERIOR,False,,,,,2025-11-01,2025-11-05,4,False,False,False,False,ADMINISTRATIVO,CONTRATO_SERVICIOS_PROFESIONALES_PROYECTO,False
651108,142,OFICINA DE TRANSFERENCIA DE RESULTADOS DE INVESTIGACIÓN - OTRI EN LA ESPOL,Director,AUTORIDAD_ADMINISTRATIVA_SUPERIOR,False,,,,,2025-11-08,2025-12-21,43,False,False,False,False,ADMINISTRATIVO,CONTRATO_SERVICIOS_PROFESIONALES_PROYECTO,False
651108,142,OFICINA DE TRANSFERENCIA DE RESULTADOS DE INVESTIGACIÓN - OTRI EN LA ESPOL,Director,AUTORIDAD_ADMINISTRATIVA_SUPERIOR,False,,,,,2026-01-01,2026-02-01,31,False,False,False,False,DOCENTE,DOCENTE_TITULAR_CARRERA,False
651108,142,OFICINA DE TRANSFERENCIA DE RESULTADOS DE INVESTIGACIÓN - OTRI EN LA ESPOL,Director,AUTORIDAD_ADMINISTRATIVA_SUPERIOR,False,,,,,2026-02-08,2026-02-17,9,False,False,False,False,ADMINISTRATIVO,CONTRATO_SERVICIOS_PROFESIONALES_PROYECTO,False
651108,142,OFICINA DE TRANSFERENCIA DE RESULTADOS DE INVESTIGACIÓN - OTRI EN LA ESPOL,Director,AUTORIDAD_ADMINISTRATIVA_SUPERIOR,False,,,,,2026-02-21,2026-03-09,16,False,False,False,False,ADMINISTRATIVO,CONTRATO_SERVICIOS_PROFESIONALES_PROYECTO,False
651108,142,OFICINA DE TRANSFERENCIA DE RESULTADOS DE INVESTIGACIÓN - OTRI EN LA ESPOL,Director,AUTORIDAD_ADMINISTRATIVA_SUPERIOR,False,,,,,2026-04-03,2026-04-11,8,False,False,False,False,ADMINISTRATIVO,CONTRATO_SERVICIOS_PROFESIONALES_PROYECTO,False
651108,142,OFICINA DE TRANSFERENCIA DE RESULTADOS DE INVESTIGACIÓN - OTRI EN LA ESPOL,Director,AUTORIDAD_ADMINISTRATIVA_SUPERIOR,False,,,,,2026-04-26,2026-07-18,83,False,False,False,False,ADMINISTRATIVO,CONTRATO_SERVICIOS_PROFESIONALES_PROYECTO,False
651108,142,OFICINA DE TRANSFERENCIA DE RESULTADOS DE INVESTIGACIÓN - OTRI EN LA ESPOL,Director,AUTORIDAD_ADMINISTRATIVA_SUPERIOR,False,,,,,2026-07-26,2026-08-23,28,False,False,False,False,ADMINISTRATIVO,CONTRATO_SERVICIOS_PROFESIONALES_PROYECTO,False
651108,142,OFICINA DE TRANSFERENCIA DE RESULTADOS DE INVESTIGACIÓN - OTRI EN LA ESPOL,Director,AUTORIDAD_ADMINISTRATIVA_SUPERIOR,False,,,,,2026-09-02,2026-09-02,0,False,False,False,False,ADMINISTRATIVO,CONTRATO_SERVICIOS_PROFESIONALES_PROYECTO,False
651108,142,OFICINA DE TRANSFERENCIA DE RESULTADOS DE INVESTIGACIÓN - OTRI EN LA ESPOL,Director,AUTORIDAD_ADMINISTRATIVA_SUPERIOR,False,,,,,2026-09-07,,8,False,False,False,False,ADMINISTRATIVO,CONTRATO_SERVICIOS_PROFESIONALES_PROYECTO,False
651120,16,FACULTAD DE INGENIERÍA EN ELECTRICIDAD Y COMPUTACIÓN,Coordinador de programa de postgrado,JEFATURA_SUPERVISION_OPERATIVA,False,,,POSGRADO,Doctorado en Ingeniería Eléctrica,2020-01-20,,2430,False,False,False,False,DOCENTE,DOCENTE_TITULAR_CARRERA,False
651120,78,"CENTRO DE INVESTIGACIÓN, DESARROLLO E INNOVACIÓN DE SISTEMAS COMPUTACIONALES",Director,AUTORIDAD_ADMINISTRATIVA_SUPERIOR,False,,,,,2026-04-06,2026-04-21,15,False,False,False,False,DOCENTE,DOCENTE_TITULAR_CARRERA,False
651120,78,"CENTRO DE INVESTIGACIÓN, DESARROLLO E INNOVACIÓN DE SISTEMAS COMPUTACIONALES",Director,AUTORIDAD_ADMINISTRATIVA_SUPERIOR,False,,,,,2026-07-17,2026-07-24,7,False,False,False,False,DOCENTE,DOCENTE_TITULAR_CARRERA,False
651268,12,FACULTAD DE CIENCIAS NATURALES Y MATEMÁTICAS,Coordinador de prácticas empresariales,JEFATURA_SUPERVISION_OPERATIVA,False,,,GRADO,Logistica y Transporte,2020-02-04,2023-11-20,1385,False,False,False,False,DOCENTE,DOCENTE_NO_TITULAR_OCASIONAL,False
651268,12,FACULTAD DE CIENCIAS NATURALES Y MATEMÁTICAS,Coordinador de prácticas empresariales,JEFATURA_SUPERVISION_OPERATIVA,False,,,GRADO,Logistica y Transporte,2023-11-21,2023-11-22,1,False,False,False,False,DOCENTE,DOCENTE_NO_TITULAR_OCASIONAL,False
651268,12,FACULTAD DE CIENCIAS NATURALES Y MATEMÁTICAS,Coordinador de prácticas empresariales,JEFATURA_SUPERVISION_OPERATIVA,False,,,GRADO,Logistica y Transporte,2023-11-23,2024-02-18,87,False,False,False,False,DOCENTE,DOCENTE_NO_TITULAR_OCASIONAL,False
651268,12,FACULTAD DE CIENCIAS NATURALES Y MATEMÁTICAS,Coordinador de prácticas empresariales,JEFATURA_SUPERVISION_OPERATIVA,False,,,GRADO,Logistica y Transporte,2024-02-19,2024-02-07,0,False,True,False,False,,,
651295,17,FACULTAD DE CIENCIAS SOCIALES Y HUMANÍSTICAS,Coordinador de prácticas empresariales,JEFATURA_SUPERVISION_OPERATIVA,False,,,GRADO,Auditoría y Control de Gestión,2020-04-01,2020-09-30,182,False,False,False,False,DOCENTE,DOCENTE_NO_TITULAR_OCASIONAL,False
651295,17,FACULTAD DE CIENCIAS SOCIALES Y HUMANÍSTICAS,Coordinador de prácticas empresariales,JEFATURA_SUPERVISION_OPERATIVA,False,,,GRADO,Economía,2020-04-01,2020-09-30,182,False,False,True,False,DOCENTE,DOCENTE_NO_TITULAR_OCASIONAL,False
651295,17,FACULTAD DE CIENCIAS SOCIALES Y HUMANÍSTICAS,Coordinador de prácticas empresariales,JEFATURA_SUPERVISION_OPERATIVA,False,,,GRADO,Arqueología,2020-04-01,2020-09-30,182,False,False,True,False,DOCENTE,DOCENTE_NO_TITULAR_OCASIONAL,False
651295,17,FACULTAD DE CIENCIAS SOCIALES Y HUMANÍSTICAS,Coordinador de prácticas empresariales,JEFATURA_SUPERVISION_OPERATIVA,False,,,GRADO,Administración de Empresas,2020-04-01,2020-09-30,182,False,False,True,False,DOCENTE,DOCENTE_NO_TITULAR_OCASIONAL,False
651295,17,FACULTAD DE CIENCIAS SOCIALES Y HUMANÍSTICAS,Coordinador de prácticas empresariales,JEFATURA_SUPERVISION_OPERATIVA,False,,,GRADO,Turismo,2020-04-01,2020-09-30,182,False,False,True,False,DOCENTE,DOCENTE_NO_TITULAR_OCASIONAL,False
651346,61,FACULTAD DE CIENCIAS DE LA VIDA,Coordinador de carrera,JEFATURA_SUPERVISION_OPERATIVA,False,,,GRADO,Ingeniería Agrícola y Biológica,2020-03-16,2020-06-01,77,False,False,False,False,DOCENTE,DOCENTE_NO_TITULAR_OCASIONAL,False
651346,61,FACULTAD DE CIENCIAS DE LA VIDA,Coordinador de prácticas empresariales,JEFATURA_SUPERVISION_OPERATIVA,False,,,GRADO,Ingeniería Agrícola y Biológica,2021-03-01,2022-12-31,670,False,False,False,False,DOCENTE,DOCENTE_NO_TITULAR_OCASIONAL,False
651346,61,FACULTAD DE CIENCIAS DE LA VIDA,Coordinador de programa de postgrado,JEFATURA_SUPERVISION_OPERATIVA,False,,,POSGRADO,Maestría en Riego Tecnificado y Fertirrigación,2022-08-10,2023-11-28,475,False,False,False,False,DOCENTE,DOCENTE_HONORARIO_ESPECIAL,False
651349,61,FACULTAD DE CIENCIAS DE LA VIDA,Coordinador de carrera,JEFATURA_SUPERVISION_OPERATIVA,False,,,GRADO,Biología,2017-04-10,2018-05-15,400,False,False,False,False,,,
651358,25,FACULTAD DE INGENIERÍA EN CIENCIAS DE LA TIERRA,Coordinador de prácticas empresariales,JEFATURA_SUPERVISION_OPERATIVA,False,,,GRADO,Minas,2017-02-13,,3501,False,False,False,False,,,
651358,25,FACULTAD DE INGENIERÍA EN CIENCIAS DE LA TIERRA,Coordinador de vinculación con la sociedad,JEFATURA_SUPERVISION_OPERATIVA,False,,,GRADO,Minas,2017-03-24,2019-01-21,668,False,False,False,False,,,
651358,25,FACULTAD DE INGENIERÍA EN CIENCIAS DE LA TIERRA,Coordinador de vinculación con la sociedad,JEFATURA_SUPERVISION_OPERATIVA,False,,,GRADO,Minas,2019-01-22,2019-09-29,250,False,False,False,False,,,
651366,72,CENTRO DE INVESTIGACIONES ECONÓMICAS,Director,AUTORIDAD_ADMINISTRATIVA_SUPERIOR,False,,,,,2021-09-21,,1820,False,False,False,False,DOCENTE,DOCENTE_TITULAR_CARRERA,False
651372,61,FACULTAD DE CIENCIAS DE LA VIDA,Coordinador de carrera,JEFATURA_SUPERVISION_OPERATIVA,False,,,GRADO,Biología,2018-05-16,2020-01-17,611,False,False,False,False,DOCENTE,DOCENTE_NO_TITULAR_OCASIONAL,False
651372,61,FACULTAD DE CIENCIAS DE LA VIDA,Coordinador de carrera,JEFATURA_SUPERVISION_OPERATIVA,False,,,GRADO,Biología,2020-01-20,2023-02-28,1135,False,False,False,False,DOCENTE,DOCENTE_NO_TITULAR_OCASIONAL,False
651716,25,FACULTAD DE INGENIERÍA EN CIENCIAS DE LA TIERRA,Miembro del consejo directivo - estudiantes,OTROS_AA,False,,,,,2022-06-24,2023-06-23,364,True,False,False,False,,,
651738,12,FACULTAD DE CIENCIAS NATURALES Y MATEMÁTICAS,Miembro del consejo politécnico - estudiantes,OTROS_AA,False,,,,,2023-06-24,2024-06-13,355,True,False,False,False,,,
651763,61,FACULTAD DE CIENCIAS DE LA VIDA,Miembro del consejo politécnico - estudiantes,OTROS_AA,False,,,,,2023-06-24,2024-06-13,355,True,False,False,False,,,
652254,22,FACULTAD DE INGENIERÍA MECÁNICA Y CIENCIAS DE LA PRODUCCIÓN,Miembro del consejo politécnico - estudiantes,OTROS_AA,False,,,,,2022-06-24,2023-06-23,364,True,False,False,False,,,
652543,25,FACULTAD DE INGENIERÍA EN CIENCIAS DE LA TIERRA,Coordinador general de postgrado,JEFATURA_SUPERVISION_OPERATIVA,False,,,,,2019-01-16,2021-01-01,716,False,False,False,False,DOCENTE,TECNICO_DOCENTE_APOYO,False
652543,25,FACULTAD DE INGENIERÍA EN CIENCIAS DE LA TIERRA,Coordinador general de postgrado,JEFATURA_SUPERVISION_OPERATIVA,False,,,,,2021-01-02,2022-01-01,364,False,False,False,False,DOCENTE,TECNICO_DOCENTE_APOYO,False
652543,25,FACULTAD DE INGENIERÍA EN CIENCIAS DE LA TIERRA,Coordinador de vinculación con la sociedad,JEFATURA_SUPERVISION_OPERATIVA,False,,,GRADO,Petróleos,2022-01-02,2023-02-28,422,False,False,False,False,DOCENTE,TECNICO_DOCENTE_APOYO,False
652579,12,FACULTAD DE CIENCIAS NATURALES Y MATEMÁTICAS,Coordinador de prácticas empresariales,JEFATURA_SUPERVISION_OPERATIVA,False,,,GRADO,Matemática,2025-02-17,,575,False,False,False,False,DOCENTE,DOCENTE_NO_TITULAR_OCASIONAL,False
652729,61,FACULTAD DE CIENCIAS DE LA VIDA,Miembro del consejo directivo - estudiantes,OTROS_AA,False,,,,,2021-03-22,2022-03-21,364,True,False,False,False,,,
652741,25,FACULTAD DE INGENIERÍA EN CIENCIAS DE LA TIERRA,Miembro del consejo politécnico - estudiantes,OTROS_AA,False,,,,,2021-03-22,2022-06-22,457,True,False,False,False,,,
652925,58,DIRECCIÓN DE SEGURIDAD Y SALUD OCUPACIONAL,Director,AUTORIDAD_ADMINISTRATIVA_SUPERIOR,False,,,,,2018-11-01,,2875,False,False,False,False,ADMINISTRATIVO,AUTORIDAD_ADMINISTRATIVA_SUPERIOR,True
652989,12,FACULTAD DE CIENCIAS NATURALES Y MATEMÁTICAS,Coordinador de carrera,JEFATURA_SUPERVISION_OPERATIVA,False,,,GRADO,Matemática,2025-02-17,2025-09-18,213,False,False,False,False,DOCENTE,DOCENTE_NO_TITULAR_OCASIONAL,False
653010,25,FACULTAD DE INGENIERÍA EN CIENCIAS DE LA TIERRA,Coordinador de acreditación internacional,JEFATURA_SUPERVISION_OPERATIVA,False,,,GRADO,Minas,2019-06-25,2020-12-17,541,False,False,False,False,DOCENTE,DOCENTE_NO_TITULAR_OCASIONAL,False
653010,25,FACULTAD DE INGENIERÍA EN CIENCIAS DE LA TIERRA,Coordinador de acreditación internacional,JEFATURA_SUPERVISION_OPERATIVA,False,,,GRADO,Minas,2020-12-18,2021-01-25,38,False,False,False,False,DOCENTE,DOCENTE_NO_TITULAR_OCASIONAL,False
653010,25,FACULTAD DE INGENIERÍA EN CIENCIAS DE LA TIERRA,Coordinador de acreditación internacional,JEFATURA_SUPERVISION_OPERATIVA,False,,,GRADO,Minas,2021-01-26,2023-10-01,978,False,False,False,False,DOCENTE,DOCENTE_NO_TITULAR_OCASIONAL,False
653010,25,FACULTAD DE INGENIERÍA EN CIENCIAS DE LA TIERRA,Coordinador de programa de postgrado,JEFATURA_SUPERVISION_OPERATIVA,False,,,POSGRADO,Maestría en Ciencias de la Tierra,2023-10-03,2026-02-17,868,False,False,False,False,DOCENTE,DOCENTE_NO_TITULAR_OCASIONAL,False
653524,12,FACULTAD DE CIENCIAS NATURALES Y MATEMÁTICAS,Coordinador general de postgrado,JEFATURA_SUPERVISION_OPERATIVA,False,,,,,2019-02-01,2020-10-30,637,False,False,False,False,,,
653803,51,GERENCIA DE INFRAESTRUCTURA FÍSICA,Gerente,AUTORIDAD_ADMINISTRATIVA_SUPERIOR,False,,,,,2019-03-18,2019-12-31,288,False,False,False,False,,,
653852,22,FACULTAD DE INGENIERÍA MECÁNICA Y CIENCIAS DE LA PRODUCCIÓN,Coordinador de vinculación con la sociedad,JEFATURA_SUPERVISION_OPERATIVA,False,,,GRADO,Mecatrónica,2019-05-13,2021-05-07,725,False,False,False,False,DOCENTE,TECNICO_DOCENTE_APOYO,False
653852,22,FACULTAD DE INGENIERÍA MECÁNICA Y CIENCIAS DE LA PRODUCCIÓN,Coordinador de acreditación internacional,JEFATURA_SUPERVISION_OPERATIVA,False,,,GRADO,Mecatrónica,2021-05-17,2027-11-01,2359,False,False,False,False,DOCENTE,DOCENTE_NO_TITULAR_OCASIONAL,False
654027,17,FACULTAD DE CIENCIAS SOCIALES Y HUMANÍSTICAS,Miembro del consejo politécnico - estudiantes,OTROS_AA,False,,,,,2022-06-24,2023-06-23,364,True,False,False,False,,,
654130,17,FACULTAD DE CIENCIAS SOCIALES Y HUMANÍSTICAS,Miembro del consejo politécnico - estudiantes,OTROS_AA,False,,,,,2022-06-24,2023-06-23,364,True,False,False,False,,,
654133,17,FACULTAD DE CIENCIAS SOCIALES Y HUMANÍSTICAS,Miembro del consejo politécnico - estudiantes,OTROS_AA,False,,,,,2021-03-22,2022-06-22,457,True,False,False,False,,,
654354,22,FACULTAD DE INGENIERÍA MECÁNICA Y CIENCIAS DE LA PRODUCCIÓN,Coordinador de prácticas empresariales,JEFATURA_SUPERVISION_OPERATIVA,False,,,GRADO,Mecatrónica,2019-05-13,2020-04-30,353,False,False,False,False,DOCENTE,DOCENTE_HONORARIO_ESPECIAL,False
654354,22,FACULTAD DE INGENIERÍA MECÁNICA Y CIENCIAS DE LA PRODUCCIÓN,Miembro del consejo politécnico,OTROS_AA,False,,,,,2025-10-01,2028-09-30,1095,False,False,False,False,DOCENTE,DOCENTE_TITULAR_CARRERA,False
654355,22,FACULTAD DE INGENIERÍA MECÁNICA Y CIENCIAS DE LA PRODUCCIÓN,Coordinador de carrera,JEFATURA_SUPERVISION_OPERATIVA,False,,,GRADO,Mecatrónica,2025-06-18,2027-11-01,866,False,False,False,False,DOCENTE,DOCENTE_NO_TITULAR_OCASIONAL,False
654356,17,FACULTAD DE CIENCIAS SOCIALES Y HUMANÍSTICAS,Coordinador de programa de postgrado,JEFATURA_SUPERVISION_OPERATIVA,False,,,POSGRADO,Maestría en Arqueología del Neotrópico,2021-05-25,2023-02-20,636,False,False,False,False,DOCENTE,DOCENTE_NO_TITULAR_OCASIONAL,False
654356,17,FACULTAD DE CIENCIAS SOCIALES Y HUMANÍSTICAS,Coordinador de carrera,JEFATURA_SUPERVISION_OPERATIVA,False,,,GRADO,Arqueología,2021-09-25,2022-05-15,232,False,False,False,False,DOCENTE,DOCENTE_NO_TITULAR_OCASIONAL,False
654356,17,FACULTAD DE CIENCIAS SOCIALES Y HUMANÍSTICAS,Coordinador de programa de postgrado,JEFATURA_SUPERVISION_OPERATIVA,False,,,POSGRADO,Maestría en Arqueología del Neotrópico,2023-06-05,2023-11-30,178,False,False,False,False,DOCENTE,DOCENTE_NO_TITULAR_OCASIONAL,False
654360,12,FACULTAD DE CIENCIAS NATURALES Y MATEMÁTICAS,Coordinador de acreditación internacional,JEFATURA_SUPERVISION_OPERATIVA,False,,,GRADO,Matemática,2024-02-19,2024-11-12,267,False,False,False,False,DOCENTE,DOCENTE_NO_TITULAR_OCASIONAL,False
654360,12,FACULTAD DE CIENCIAS NATURALES Y MATEMÁTICAS,Coordinador de acreditación internacional,JEFATURA_SUPERVISION_OPERATIVA,False,,,GRADO,Matemática,2024-11-13,,671,False,False,False,False,DOCENTE,DOCENTE_NO_TITULAR_OCASIONAL,False
654361,12,FACULTAD DE CIENCIAS NATURALES Y MATEMÁTICAS,Coordinador de acreditación internacional,JEFATURA_SUPERVISION_OPERATIVA,False,,,GRADO,Ingeniería Química,2019-06-04,2020-02-02,243,False,False,False,False,DOCENTE,DOCENTE_NO_TITULAR_OCASIONAL,False
654361,12,FACULTAD DE CIENCIAS NATURALES Y MATEMÁTICAS,Coordinador de acreditación internacional,JEFATURA_SUPERVISION_OPERATIVA,False,,,GRADO,Ingeniería Química,2020-02-03,2021-03-12,403,False,False,False,False,DOCENTE,DOCENTE_NO_TITULAR_OCASIONAL,False
654372,52,UNIDAD DE BIENESTAR ESTUDIANTIL Y POLITÉCNICO,Subrogación,OTROS_AA,True,Director,AUTORIDAD_ADMINISTRATIVA_SUPERIOR,,,2020-09-17,2020-09-22,5,False,False,False,False,ADMINISTRATIVO,PROFESIONAL_ANALISTA,False
654372,52,UNIDAD DE BIENESTAR ESTUDIANTIL Y POLITÉCNICO,Subrogación,OTROS_AA,True,Director,AUTORIDAD_ADMINISTRATIVA_SUPERIOR,,,2021-03-08,2021-03-11,3,False,False,False,False,ADMINISTRATIVO,AUTORIDAD_ADMINISTRATIVA_SUPERIOR,True
654372,135,GERENCIA DE BIENESTAR POLITÉCNICO,Subrogación,OTROS_AA,True,Gerente,AUTORIDAD_ADMINISTRATIVA_SUPERIOR,,,2023-03-02,2023-03-07,5,False,False,False,False,ADMINISTRATIVO,AUTORIDAD_ADMINISTRATIVA_SUPERIOR,True
654372,135,GERENCIA DE BIENESTAR POLITÉCNICO,Subrogación,OTROS_AA,True,Gerente,AUTORIDAD_ADMINISTRATIVA_SUPERIOR,,,2023-07-31,2023-08-04,4,False,False,False,False,ADMINISTRATIVO,AUTORIDAD_ADMINISTRATIVA_SUPERIOR,True
654372,135,GERENCIA DE BIENESTAR POLITÉCNICO,Subrogación,OTROS_AA,True,Gerente,AUTORIDAD_ADMINISTRATIVA_SUPERIOR,,,2023-11-13,2023-11-16,3,False,False,False,False,ADMINISTRATIVO,PROFESIONAL_ANALISTA,False
654407,12,FACULTAD DE CIENCIAS NATURALES Y MATEMÁTICAS,Miembro del consejo directivo,OTROS_AA,False,,,,,2023-12-01,2026-11-30,1095,False,False,False,False,DOCENTE,DOCENTE_TITULAR_CARRERA,False
654428,55,DIRECCIÓN DE TALENTO HUMANO,Director,AUTORIDAD_ADMINISTRATIVA_SUPERIOR,False,,,,,2019-06-14,2020-07-15,397,False,False,False,False,ADMINISTRATIVO,AUTORIDAD_ADMINISTRATIVA_SUPERIOR,True
654511,56,DIRECCIÓN DE ADQUISICIONES Y SUMINISTROS,Director,AUTORIDAD_ADMINISTRATIVA_SUPERIOR,False,,,,,2019-07-17,2021-05-16,669,False,False,False,False,ADMINISTRATIVO,AUTORIDAD_ADMINISTRATIVA_SUPERIOR,True
654570,46,SECRETARIA ADMINISTRATIVA,Subrogación,OTROS_AA,True,Secretario administrativo,ASISTENCIA_SECRETARIAL_OFICINA,,,2020-03-09,2020-03-27,18,False,False,False,False,ADMINISTRATIVO,CONTRATO_SERVICIOS_PROFESIONALES_PROYECTO,False
654583,125,DIRECCIÓN DE ADQUISICIONES,Subrogación,OTROS_AA,True,Director,AUTORIDAD_ADMINISTRATIVA_SUPERIOR,,,2025-10-20,2025-10-23,3,False,False,False,False,ADMINISTRATIVO,PROFESIONAL_ANALISTA,False
655415,25,FACULTAD DE INGENIERÍA EN CIENCIAS DE LA TIERRA,Miembro del consejo politécnico - estudiantes,OTROS_AA,False,,,,,2025-06-27,2027-06-26,729,True,False,False,False,,,
655611,22,FACULTAD DE INGENIERÍA MECÁNICA Y CIENCIAS DE LA PRODUCCIÓN,Miembro del consejo politécnico - estudiantes,OTROS_AA,False,,,,,2024-06-27,2025-05-11,318,True,False,False,False,,,
655963,61,FACULTAD DE CIENCIAS DE LA VIDA,Coordinador de carrera,JEFATURA_SUPERVISION_OPERATIVA,False,,,GRADO,Nutrición y Dietética,2021-08-24,2022-05-08,257,False,False,False,False,DOCENTE,DOCENTE_NO_TITULAR_OCASIONAL,False
655963,61,FACULTAD DE CIENCIAS DE LA VIDA,Coordinador de carrera,JEFATURA_SUPERVISION_OPERATIVA,False,,,GRADO,Nutrición y Dietética,2022-05-11,2022-10-07,149,False,False,False,False,DOCENTE,DOCENTE_NO_TITULAR_OCASIONAL,False
655989,25,FACULTAD DE INGENIERÍA EN CIENCIAS DE LA TIERRA,Coordinador de acreditación internacional,JEFATURA_SUPERVISION_OPERATIVA,False,,,GRADO,Petróleos,2020-02-22,2027-02-12,2547,False,False,False,False,DOCENTE,DOCENTE_NO_TITULAR_OCASIONAL,False
655989,25,FACULTAD DE INGENIERÍA EN CIENCIAS DE LA TIERRA,Coordinador general de postgrado,JEFATURA_SUPERVISION_OPERATIVA,False,,,,,2024-08-01,2025-09-05,400,False,False,False,False,DOCENTE,DOCENTE_NO_TITULAR_OCASIONAL,False
656754,46,SECRETARIA ADMINISTRATIVA,Subrogación,OTROS_AA,True,Secretario administrativo,ASISTENCIA_SECRETARIAL_OFICINA,,,2022-05-13,2022-05-14,1,False,False,False,False,ADMINISTRATIVO,PROFESIONAL_ESPECIALIZADO_TECNICO,False
656754,46,SECRETARIA ADMINISTRATIVA,Subrogación,OTROS_AA,True,Secretario administrativo,ASISTENCIA_SECRETARIAL_OFICINA,,,2024-01-12,2024-01-16,4,False,False,False,False,ADMINISTRATIVO,PROFESIONAL_ESPECIALIZADO_TECNICO,False
656754,7,GERENCIA JURÍDICA,Subrogación,OTROS_AA,True,Gerente,AUTORIDAD_ADMINISTRATIVA_SUPERIOR,,,2024-06-20,2024-07-05,15,False,False,False,False,ADMINISTRATIVO,PROFESIONAL_ESPECIALIZADO_TECNICO,False
656754,46,SECRETARIA ADMINISTRATIVA,Subrogación,OTROS_AA,True,Secretario administrativo,ASISTENCIA_SECRETARIAL_OFICINA,,,2025-01-20,2025-02-03,14,False,False,False,False,ADMINISTRATIVO,PROFESIONAL_ESPECIALIZADO_TECNICO,False
656754,46,SECRETARIA ADMINISTRATIVA,Subrogación,OTROS_AA,True,Secretario administrativo,ASISTENCIA_SECRETARIAL_OFICINA,,,2025-03-17,2025-03-30,13,False,False,False,False,ADMINISTRATIVO,PROFESIONAL_ESPECIALIZADO_TECNICO,False
656754,46,SECRETARIA ADMINISTRATIVA,Subrogación,OTROS_AA,True,Secretario administrativo,ASISTENCIA_SECRETARIAL_OFICINA,,,2025-03-31,2025-04-15,15,False,False,False,False,ADMINISTRATIVO,PROFESIONAL_ESPECIALIZADO_TECNICO,False
656754,46,SECRETARIA ADMINISTRATIVA,Subrogación,OTROS_AA,True,Secretario administrativo,ASISTENCIA_SECRETARIAL_OFICINA,,,2025-12-26,2025-12-31,5,False,False,False,False,ADMINISTRATIVO,PROFESIONAL_ESPECIALIZADO_TECNICO,False
657354,61,FACULTAD DE CIENCIAS DE LA VIDA,Miembro del consejo politécnico - estudiantes,OTROS_AA,False,,,,,2023-06-24,2024-06-23,365,True,False,False,False,,,
657355,61,FACULTAD DE CIENCIAS DE LA VIDA,Miembro del consejo politécnico - estudiantes,OTROS_AA,False,,,,,2023-06-24,2024-06-23,365,True,False,False,False,,,
658138,88,"FACULTAD DE ARTE, DISEÑO Y COMUNICACIÓN AUDIOVISUAL",Coordinador de vinculación con la sociedad,JEFATURA_SUPERVISION_OPERATIVA,False,,,GRADO,Diseño de Productos,2024-02-20,2023-11-22,0,False,True,False,False,DOCENTE,DOCENTE_TITULAR_CARRERA,False
658362,22,FACULTAD DE INGENIERÍA MECÁNICA Y CIENCIAS DE LA PRODUCCIÓN,Coordinador de vinculación con la sociedad,JEFATURA_SUPERVISION_OPERATIVA,False,,,GRADO,Materiales,2021-02-22,2021-05-16,83,False,False,False,False,DOCENTE,TECNICO_DOCENTE_APOYO,False
658362,22,FACULTAD DE INGENIERÍA MECÁNICA Y CIENCIAS DE LA PRODUCCIÓN,Coordinador de acreditación internacional,JEFATURA_SUPERVISION_OPERATIVA,False,,,GRADO,Materiales,2021-05-17,2022-09-04,475,False,False,False,False,DOCENTE,DOCENTE_NO_TITULAR_OCASIONAL,False
658362,22,FACULTAD DE INGENIERÍA MECÁNICA Y CIENCIAS DE LA PRODUCCIÓN,Coordinador de carrera,JEFATURA_SUPERVISION_OPERATIVA,False,,,GRADO,Materiales,2022-09-05,2024-09-19,745,False,False,False,False,DOCENTE,DOCENTE_NO_TITULAR_OCASIONAL,False
658363,22,FACULTAD DE INGENIERÍA MECÁNICA Y CIENCIAS DE LA PRODUCCIÓN,Coordinador de prácticas empresariales,JEFATURA_SUPERVISION_OPERATIVA,False,,,GRADO,Mecatrónica,2020-10-12,2021-03-31,170,False,False,False,False,DOCENTE,TECNICO_DOCENTE_APOYO,False
658484,16,FACULTAD DE INGENIERÍA EN ELECTRICIDAD Y COMPUTACIÓN,Miembro del consejo politécnico - estudiantes,OTROS_AA,False,,,,,2024-06-27,2025-05-11,318,True,False,False,False,,,
658687,7,GERENCIA JURÍDICA,Subrogación,OTROS_AA,True,Gerente,AUTORIDAD_ADMINISTRATIVA_SUPERIOR,,,2023-01-03,2023-01-06,3,False,False,False,False,ADMINISTRATIVO,AUTORIDAD_ADMINISTRATIVA_SUPERIOR,True
658687,46,SECRETARIA ADMINISTRATIVA,Subrogación,OTROS_AA,True,Secretario administrativo,ASISTENCIA_SECRETARIAL_OFICINA,,,2023-02-27,2023-03-12,13,False,False,False,False,ADMINISTRATIVO,PROFESIONAL_ESPECIALIZADO_TECNICO,False
658687,7,GERENCIA JURÍDICA,Subrogación,OTROS_AA,True,Gerente,AUTORIDAD_ADMINISTRATIVA_SUPERIOR,,,2023-04-24,2023-04-28,4,False,False,False,False,ADMINISTRATIVO,AUTORIDAD_ADMINISTRATIVA_SUPERIOR,True
658687,7,GERENCIA JURÍDICA,Subrogación,OTROS_AA,True,Gerente,AUTORIDAD_ADMINISTRATIVA_SUPERIOR,,,2023-12-26,2024-01-03,8,False,False,False,False,ADMINISTRATIVO,AUTORIDAD_ADMINISTRATIVA_SUPERIOR,True
658687,7,GERENCIA JURÍDICA,Subrogación,OTROS_AA,True,Gerente,AUTORIDAD_ADMINISTRATIVA_SUPERIOR,,,2024-02-14,2024-02-16,2,False,False,False,False,ADMINISTRATIVO,PROFESIONAL_ESPECIALIZADO_TECNICO,False
658687,7,GERENCIA JURÍDICA,Subrogación,OTROS_AA,True,Gerente,AUTORIDAD_ADMINISTRATIVA_SUPERIOR,,,2024-10-16,2024-10-18,2,False,False,False,False,ADMINISTRATIVO,PROFESIONAL_ESPECIALIZADO_TECNICO,False
658687,7,GERENCIA JURÍDICA,Subrogación,OTROS_AA,True,Gerente,AUTORIDAD_ADMINISTRATIVA_SUPERIOR,,,2024-12-16,2025-01-14,29,False,False,False,False,ADMINISTRATIVO,PROFESIONAL_ESPECIALIZADO_TECNICO,False
658687,7,GERENCIA JURÍDICA,Subrogación,OTROS_AA,True,Gerente,AUTORIDAD_ADMINISTRATIVA_SUPERIOR,,,2025-12-29,2026-01-20,22,False,False,False,False,ADMINISTRATIVO,PROFESIONAL_ESPECIALIZADO_TECNICO,False
658687,7,GERENCIA JURÍDICA,Subrogación,OTROS_AA,True,Gerente,AUTORIDAD_ADMINISTRATIVA_SUPERIOR,,,2025-12-29,2026-01-15,17,False,False,False,False,ADMINISTRATIVO,PROFESIONAL_ESPECIALIZADO_TECNICO,False
658687,7,GERENCIA JURÍDICA,Subrogación,OTROS_AA,True,Gerente,AUTORIDAD_ADMINISTRATIVA_SUPERIOR,,,2026-04-17,2026-04-30,13,False,False,False,False,ADMINISTRATIVO,AUTORIDAD_ADMINISTRATIVA_SUPERIOR,True
658687,7,GERENCIA JURÍDICA,Subrogación,OTROS_AA,True,Gerente,AUTORIDAD_ADMINISTRATIVA_SUPERIOR,,,2026-05-22,2026-05-22,0,False,False,False,False,ADMINISTRATIVO,AUTORIDAD_ADMINISTRATIVA_SUPERIOR,True
658687,7,GERENCIA JURÍDICA,Subrogación,OTROS_AA,True,Gerente,AUTORIDAD_ADMINISTRATIVA_SUPERIOR,,,2026-08-05,2026-08-11,6,False,False,False,False,ADMINISTRATIVO,AUTORIDAD_ADMINISTRATIVA_SUPERIOR,True
658714,56,DIRECCIÓN DE ADQUISICIONES Y SUMINISTROS,Director,AUTORIDAD_ADMINISTRATIVA_SUPERIOR,False,,,,,2021-05-17,2021-07-07,51,False,False,False,False,ADMINISTRATIVO,AUTORIDAD_ADMINISTRATIVA_SUPERIOR,True
658714,125,DIRECCIÓN DE ADQUISICIONES,Director,AUTORIDAD_ADMINISTRATIVA_SUPERIOR,False,,,,,2021-07-08,2022-01-16,192,False,False,False,False,ADMINISTRATIVO,AUTORIDAD_ADMINISTRATIVA_SUPERIOR,True
659576,46,SECRETARIA ADMINISTRATIVA,Secretario administrativo,ASISTENCIA_SECRETARIAL_OFICINA,False,,,,,2021-02-01,,2052,False,False,False,False,ADMINISTRATIVO,ASISTENCIA_SECRETARIAL_OFICINA,True
659644,22,FACULTAD DE INGENIERÍA MECÁNICA Y CIENCIAS DE LA PRODUCCIÓN,Coordinador de acreditación internacional,JEFATURA_SUPERVISION_OPERATIVA,False,,,GRADO,Materiales,2022-09-05,2023-09-29,389,False,False,False,False,DOCENTE,DOCENTE_NO_TITULAR_OCASIONAL,False
659653,57,DIRECCIÓN DE SERVICIOS GENERALES,Subrogación,OTROS_AA,True,Director,AUTORIDAD_ADMINISTRATIVA_SUPERIOR,,,2023-03-13,2023-03-19,6,False,False,False,False,ADMINISTRATIVO,AUTORIDAD_ADMINISTRATIVA_SUPERIOR,True
659653,57,DIRECCIÓN DE SERVICIOS GENERALES,Subrogación,OTROS_AA,True,Director,AUTORIDAD_ADMINISTRATIVA_SUPERIOR,,,2023-03-28,2023-04-02,5,False,False,False,False,ADMINISTRATIVO,AUTORIDAD_ADMINISTRATIVA_SUPERIOR,True
659653,57,DIRECCIÓN DE SERVICIOS GENERALES,Subrogación,OTROS_AA,True,Director,AUTORIDAD_ADMINISTRATIVA_SUPERIOR,,,2024-01-08,2024-01-11,3,False,False,False,False,ADMINISTRATIVO,AUTORIDAD_ADMINISTRATIVA_SUPERIOR,True
659653,57,DIRECCIÓN DE SERVICIOS GENERALES,Subrogación,OTROS_AA,True,Director,AUTORIDAD_ADMINISTRATIVA_SUPERIOR,,,2024-01-12,2024-01-14,2,False,False,False,False,ADMINISTRATIVO,PROFESIONAL_ANALISTA,False
659653,57,DIRECCIÓN DE SERVICIOS GENERALES,Subrogación,OTROS_AA,True,Director,AUTORIDAD_ADMINISTRATIVA_SUPERIOR,,,2024-01-15,2024-01-20,5,False,False,False,False,ADMINISTRATIVO,PROFESIONAL_ANALISTA,False
659653,54,GERENCIA ADMINISTRATIVA,Subrogación,OTROS_AA,True,Gerente,AUTORIDAD_ADMINISTRATIVA_SUPERIOR,,,2024-03-18,2024-03-20,2,False,False,False,False,ADMINISTRATIVO,PROFESIONAL_ANALISTA,False
659653,57,DIRECCIÓN DE SERVICIOS GENERALES,Subrogación,OTROS_AA,True,Director,AUTORIDAD_ADMINISTRATIVA_SUPERIOR,,,2024-07-10,2024-07-11,1,False,False,False,False,ADMINISTRATIVO,PROFESIONAL_ANALISTA,False
659653,57,DIRECCIÓN DE SERVICIOS GENERALES,Subrogación,OTROS_AA,True,Director,AUTORIDAD_ADMINISTRATIVA_SUPERIOR,,,2024-07-25,2024-07-25,0,False,False,False,False,ADMINISTRATIVO,PROFESIONAL_ANALISTA,False
659653,57,DIRECCIÓN DE SERVICIOS GENERALES,Subrogación,OTROS_AA,True,Director,AUTORIDAD_ADMINISTRATIVA_SUPERIOR,,,2024-08-07,2024-08-08,1,False,False,False,False,ADMINISTRATIVO,PROFESIONAL_ANALISTA,False
659653,57,DIRECCIÓN DE SERVICIOS GENERALES,Subrogación,OTROS_AA,True,Director,AUTORIDAD_ADMINISTRATIVA_SUPERIOR,,,2024-11-14,2024-11-25,11,False,False,False,False,ADMINISTRATIVO,AUTORIDAD_ADMINISTRATIVA_SUPERIOR,True
659653,57,DIRECCIÓN DE SERVICIOS GENERALES,Subrogación,OTROS_AA,True,Director,AUTORIDAD_ADMINISTRATIVA_SUPERIOR,,,2024-12-24,2024-12-31,7,False,False,False,False,ADMINISTRATIVO,PROFESIONAL_ANALISTA,False
659653,57,DIRECCIÓN DE SERVICIOS GENERALES,Subrogación,OTROS_AA,True,Director,AUTORIDAD_ADMINISTRATIVA_SUPERIOR,,,2025-01-01,2025-01-05,4,False,False,False,False,ADMINISTRATIVO,PROFESIONAL_ANALISTA,False
659653,57,DIRECCIÓN DE SERVICIOS GENERALES,Director,AUTORIDAD_ADMINISTRATIVA_SUPERIOR,False,,,,,2025-01-01,2025-01-05,4,False,False,False,False,ADMINISTRATIVO,PROFESIONAL_ANALISTA,False
659653,57,DIRECCIÓN DE SERVICIOS GENERALES,Subrogación,OTROS_AA,True,Director,AUTORIDAD_ADMINISTRATIVA_SUPERIOR,,,2025-11-15,2025-11-21,6,False,False,False,False,ADMINISTRATIVO,AUTORIDAD_ADMINISTRATIVA_SUPERIOR,True
659653,57,DIRECCIÓN DE SERVICIOS GENERALES,Subrogación,OTROS_AA,True,Director,AUTORIDAD_ADMINISTRATIVA_SUPERIOR,,,2026-01-26,2026-01-28,2,False,False,False,False,ADMINISTRATIVO,PROFESIONAL_ANALISTA,False
659653,57,DIRECCIÓN DE SERVICIOS GENERALES,Subrogación,OTROS_AA,True,Director,AUTORIDAD_ADMINISTRATIVA_SUPERIOR,,,2026-02-09,2026-02-15,6,False,False,False,False,ADMINISTRATIVO,PROFESIONAL_ANALISTA,False
659653,57,DIRECCIÓN DE SERVICIOS GENERALES,Subrogación,OTROS_AA,True,Director,AUTORIDAD_ADMINISTRATIVA_SUPERIOR,,,2026-05-26,2026-06-04,9,False,False,False,False,ADMINISTRATIVO,AUTORIDAD_ADMINISTRATIVA_SUPERIOR,True
659653,57,DIRECCIÓN DE SERVICIOS GENERALES,Subrogación,OTROS_AA,True,Director,AUTORIDAD_ADMINISTRATIVA_SUPERIOR,,,2026-06-05,2026-06-07,2,False,False,False,False,ADMINISTRATIVO,AUTORIDAD_ADMINISTRATIVA_SUPERIOR,True
659664,22,FACULTAD DE INGENIERÍA MECÁNICA Y CIENCIAS DE LA PRODUCCIÓN,Coordinador de vinculación con la sociedad,JEFATURA_SUPERVISION_OPERATIVA,False,,,GRADO,Mecatrónica,2021-05-17,2022-05-15,363,False,False,False,False,DOCENTE,TECNICO_DOCENTE_APOYO,False
659665,22,FACULTAD DE INGENIERÍA MECÁNICA Y CIENCIAS DE LA PRODUCCIÓN,Coordinador de prácticas empresariales,JEFATURA_SUPERVISION_OPERATIVA,False,,,GRADO,Mecatrónica,2021-05-17,2025-02-16,1371,False,False,False,False,DOCENTE,TECNICO_DOCENTE_APOYO,False
659723,61,FACULTAD DE CIENCIAS DE LA VIDA,Miembro del consejo politécnico - estudiantes,OTROS_AA,False,,,,,2024-06-27,2025-06-26,364,True,False,False,False,,,
660656,6,AUDITORÍA INTERNA,Auditor,PROFESIONAL_ANALISTA,False,,,,,2021-06-14,2024-01-22,952,False,False,False,False,ADMINISTRATIVO,PROFESIONAL_ANALISTA,True
660726,88,"FACULTAD DE ARTE, DISEÑO Y COMUNICACIÓN AUDIOVISUAL",Coordinador de vinculación con la sociedad,JEFATURA_SUPERVISION_OPERATIVA,False,,,GRADO,Diseño de Productos,2021-09-13,2021-09-22,9,False,False,False,False,,,
660726,88,"FACULTAD DE ARTE, DISEÑO Y COMUNICACIÓN AUDIOVISUAL",Coordinador de vinculación con la sociedad,JEFATURA_SUPERVISION_OPERATIVA,False,,,GRADO,Diseño de Productos,2022-02-19,2023-11-22,641,False,False,False,False,DOCENTE,DOCENTE_HONORARIO_ESPECIAL,False
660727,17,FACULTAD DE CIENCIAS SOCIALES Y HUMANÍSTICAS,Coordinador de vinculación con la sociedad,JEFATURA_SUPERVISION_OPERATIVA,False,,,GRADO,Arqueología,2025-03-24,2025-10-31,221,False,False,False,False,DOCENTE,DOCENTE_NO_TITULAR_OCASIONAL,False
660727,17,FACULTAD DE CIENCIAS SOCIALES Y HUMANÍSTICAS,Coordinador de vinculación con la sociedad,JEFATURA_SUPERVISION_OPERATIVA,False,,,GRADO,Arqueología,2025-11-01,,318,False,False,False,False,DOCENTE,DOCENTE_NO_TITULAR_OCASIONAL,False
660730,61,FACULTAD DE CIENCIAS DE LA VIDA,Coordinador de carrera,JEFATURA_SUPERVISION_OPERATIVA,False,,,GRADO,Nutrición y Dietética,2022-03-01,2022-03-01,0,False,False,False,False,DOCENTE,DOCENTE_NO_TITULAR_OCASIONAL,False
660730,61,FACULTAD DE CIENCIAS DE LA VIDA,Coordinador de carrera,JEFATURA_SUPERVISION_OPERATIVA,False,,,GRADO,Nutrición y Dietética,2022-05-09,2022-05-09,0,False,False,False,False,DOCENTE,DOCENTE_NO_TITULAR_OCASIONAL,False
660930,17,FACULTAD DE CIENCIAS SOCIALES Y HUMANÍSTICAS,Miembro del consejo politécnico - estudiantes,OTROS_AA,False,,,,,2025-06-27,2027-06-26,729,True,False,False,False,,,
661045,22,FACULTAD DE INGENIERÍA MECÁNICA Y CIENCIAS DE LA PRODUCCIÓN,Miembro del consejo politécnico - estudiantes,OTROS_AA,False,,,,,2025-06-27,2025-10-06,101,True,False,False,False,,,
661418,25,FACULTAD DE INGENIERÍA EN CIENCIAS DE LA TIERRA,Miembro del consejo politécnico - estudiantes,OTROS_AA,False,,,,,2025-06-27,2027-06-26,729,True,False,False,False,,,
661460,22,FACULTAD DE INGENIERÍA MECÁNICA Y CIENCIAS DE LA PRODUCCIÓN,Miembro del consejo politécnico - estudiantes,OTROS_AA,False,,,,,2025-06-27,2026-06-11,349,True,False,False,False,,,
661590,17,FACULTAD DE CIENCIAS SOCIALES Y HUMANÍSTICAS,Miembro del consejo politécnico - estudiantes,OTROS_AA,False,,,,,2024-06-27,2025-06-26,364,True,False,False,False,,,
662018,17,FACULTAD DE CIENCIAS SOCIALES Y HUMANÍSTICAS,Coordinador de prácticas empresariales,JEFATURA_SUPERVISION_OPERATIVA,False,,,GRADO,Turismo,2025-03-10,2025-10-31,235,False,False,False,False,DOCENTE,DOCENTE_NO_TITULAR_OCASIONAL,False
662018,17,FACULTAD DE CIENCIAS SOCIALES Y HUMANÍSTICAS,Coordinador de prácticas empresariales,JEFATURA_SUPERVISION_OPERATIVA,False,,,GRADO,Turismo,2025-11-01,2025-11-18,17,False,False,False,False,DOCENTE,DOCENTE_NO_TITULAR_OCASIONAL,False
662018,17,FACULTAD DE CIENCIAS SOCIALES Y HUMANÍSTICAS,Coordinador de prácticas empresariales,JEFATURA_SUPERVISION_OPERATIVA,False,,,GRADO,Turismo,2025-11-19,2025-11-19,0,False,False,False,False,DOCENTE,DOCENTE_NO_TITULAR_OCASIONAL,False
662018,17,FACULTAD DE CIENCIAS SOCIALES Y HUMANÍSTICAS,Coordinador de carrera,JEFATURA_SUPERVISION_OPERATIVA,False,,,GRADO,Arqueología,2026-05-11,,127,False,False,False,False,DOCENTE,DOCENTE_NO_TITULAR_OCASIONAL,False
664869,17,FACULTAD DE CIENCIAS SOCIALES Y HUMANÍSTICAS,Coordinador de área transversal institucional de docencia,JEFATURA_SUPERVISION_OPERATIVA,False,,,,,2024-05-06,2024-04-22,0,False,True,False,False,,,
664869,17,FACULTAD DE CIENCIAS SOCIALES Y HUMANÍSTICAS,Coordinador de área transversal institucional de docencia,JEFATURA_SUPERVISION_OPERATIVA,False,,,,,2024-05-06,2024-04-22,0,False,True,True,False,,,
664869,17,FACULTAD DE CIENCIAS SOCIALES Y HUMANÍSTICAS,Coordinador de área transversal institucional de docencia,JEFATURA_SUPERVISION_OPERATIVA,False,,,,,2024-05-06,2025-10-31,543,False,False,False,False,DOCENTE,DOCENTE_NO_TITULAR_OCASIONAL,False
664869,21,DEPARTAMENTO DE LENGUAS,Director departamento,AUTORIDAD_ADMINISTRATIVA_SUPERIOR,False,,,,,2025-11-01,2025-11-01,0,False,False,False,False,DOCENTE,DOCENTE_NO_TITULAR_OCASIONAL,False
664869,17,FACULTAD DE CIENCIAS SOCIALES Y HUMANÍSTICAS,Coordinador de área transversal institucional de docencia,JEFATURA_SUPERVISION_OPERATIVA,False,,,,,2025-11-01,,318,False,False,False,False,DOCENTE,DOCENTE_NO_TITULAR_OCASIONAL,False
665320,133,GERENCIA DE RELACIONES EXTERNAS Y VINCULACIÓN CORPORATIVA,Subrogación,OTROS_AA,True,Gerente,AUTORIDAD_ADMINISTRATIVA_SUPERIOR,,,2022-12-14,2022-12-14,0,False,False,False,False,ADMINISTRATIVO,PROFESIONAL_ANALISTA,False
665320,133,GERENCIA DE RELACIONES EXTERNAS Y VINCULACIÓN CORPORATIVA,Subrogación,OTROS_AA,True,Gerente,AUTORIDAD_ADMINISTRATIVA_SUPERIOR,,,2023-02-10,2023-02-10,0,False,False,False,False,ADMINISTRATIVO,PROFESIONAL_ANALISTA,False
665320,133,GERENCIA DE RELACIONES EXTERNAS Y VINCULACIÓN CORPORATIVA,Subrogación,OTROS_AA,True,Gerente,AUTORIDAD_ADMINISTRATIVA_SUPERIOR,,,2023-03-15,2023-03-17,2,False,False,False,False,ADMINISTRATIVO,AUTORIDAD_ADMINISTRATIVA_SUPERIOR,True
665320,133,GERENCIA DE RELACIONES EXTERNAS Y VINCULACIÓN CORPORATIVA,Subrogación,OTROS_AA,True,Gerente,AUTORIDAD_ADMINISTRATIVA_SUPERIOR,,,2023-04-10,2023-04-28,18,False,False,False,False,ADMINISTRATIVO,AUTORIDAD_ADMINISTRATIVA_SUPERIOR,True
665320,133,GERENCIA DE RELACIONES EXTERNAS Y VINCULACIÓN CORPORATIVA,Subrogación,OTROS_AA,True,Gerente,AUTORIDAD_ADMINISTRATIVA_SUPERIOR,,,2023-10-01,2023-10-11,10,False,False,False,False,ADMINISTRATIVO,AUTORIDAD_ADMINISTRATIVA_SUPERIOR,True
665320,133,GERENCIA DE RELACIONES EXTERNAS Y VINCULACIÓN CORPORATIVA,Subrogación,OTROS_AA,True,Gerente,AUTORIDAD_ADMINISTRATIVA_SUPERIOR,,,2023-11-28,2023-11-28,0,False,False,False,False,ADMINISTRATIVO,PROFESIONAL_ANALISTA,False
665320,133,GERENCIA DE RELACIONES EXTERNAS Y VINCULACIÓN CORPORATIVA,Subrogación,OTROS_AA,True,Gerente,AUTORIDAD_ADMINISTRATIVA_SUPERIOR,,,2023-12-07,2023-12-08,1,False,False,False,False,ADMINISTRATIVO,PROFESIONAL_ANALISTA,False
665320,133,GERENCIA DE RELACIONES EXTERNAS Y VINCULACIÓN CORPORATIVA,Subrogación,OTROS_AA,True,Gerente,AUTORIDAD_ADMINISTRATIVA_SUPERIOR,,,2023-12-26,2023-12-29,3,False,False,False,False,ADMINISTRATIVO,PROFESIONAL_ANALISTA,False
665320,133,GERENCIA DE RELACIONES EXTERNAS Y VINCULACIÓN CORPORATIVA,Subrogación,OTROS_AA,True,Gerente,AUTORIDAD_ADMINISTRATIVA_SUPERIOR,,,2024-02-05,2024-02-09,4,False,False,False,False,ADMINISTRATIVO,PROFESIONAL_ANALISTA,False
665320,133,GERENCIA DE RELACIONES EXTERNAS Y VINCULACIÓN CORPORATIVA,Subrogación,OTROS_AA,True,Gerente,AUTORIDAD_ADMINISTRATIVA_SUPERIOR,,,2024-02-14,2024-02-16,2,False,False,False,False,ADMINISTRATIVO,PROFESIONAL_ANALISTA,False
665320,133,GERENCIA DE RELACIONES EXTERNAS Y VINCULACIÓN CORPORATIVA,Subrogación,OTROS_AA,True,Gerente,AUTORIDAD_ADMINISTRATIVA_SUPERIOR,,,2024-04-01,2024-04-05,4,False,False,False,False,ADMINISTRATIVO,PROFESIONAL_ANALISTA,False
665320,133,GERENCIA DE RELACIONES EXTERNAS Y VINCULACIÓN CORPORATIVA,Subrogación,OTROS_AA,True,Gerente,AUTORIDAD_ADMINISTRATIVA_SUPERIOR,,,2024-04-15,2024-04-16,1,False,False,False,False,ADMINISTRATIVO,PROFESIONAL_ANALISTA,False
665320,133,GERENCIA DE RELACIONES EXTERNAS Y VINCULACIÓN CORPORATIVA,Subrogación,OTROS_AA,True,Gerente,AUTORIDAD_ADMINISTRATIVA_SUPERIOR,,,2024-06-18,2024-06-21,3,False,False,False,False,ADMINISTRATIVO,PROFESIONAL_ANALISTA,False
665320,133,GERENCIA DE RELACIONES EXTERNAS Y VINCULACIÓN CORPORATIVA,Subrogación,OTROS_AA,True,Gerente,AUTORIDAD_ADMINISTRATIVA_SUPERIOR,,,2024-09-03,2024-09-06,3,False,False,False,False,ADMINISTRATIVO,PROFESIONAL_ANALISTA,False
665320,133,GERENCIA DE RELACIONES EXTERNAS Y VINCULACIÓN CORPORATIVA,Subrogación,OTROS_AA,True,Gerente,AUTORIDAD_ADMINISTRATIVA_SUPERIOR,,,2024-09-30,2024-10-05,5,False,False,False,False,ADMINISTRATIVO,PROFESIONAL_ANALISTA,False
665320,133,GERENCIA DE RELACIONES EXTERNAS Y VINCULACIÓN CORPORATIVA,Subrogación,OTROS_AA,True,Gerente,AUTORIDAD_ADMINISTRATIVA_SUPERIOR,,,2024-12-26,2024-12-31,5,False,False,False,False,ADMINISTRATIVO,PROFESIONAL_ANALISTA,False
665320,133,GERENCIA DE RELACIONES EXTERNAS Y VINCULACIÓN CORPORATIVA,Subrogación,OTROS_AA,True,Gerente,AUTORIDAD_ADMINISTRATIVA_SUPERIOR,,,2025-03-25,2025-03-28,3,False,False,False,False,ADMINISTRATIVO,PROFESIONAL_ANALISTA,False
665320,133,GERENCIA DE RELACIONES EXTERNAS Y VINCULACIÓN CORPORATIVA,Subrogación,OTROS_AA,True,Gerente,AUTORIDAD_ADMINISTRATIVA_SUPERIOR,,,2025-04-24,2025-04-25,1,False,False,False,False,ADMINISTRATIVO,PROFESIONAL_ANALISTA,False
665320,133,GERENCIA DE RELACIONES EXTERNAS Y VINCULACIÓN CORPORATIVA,Subrogación,OTROS_AA,True,Gerente,AUTORIDAD_ADMINISTRATIVA_SUPERIOR,,,2025-05-05,2025-05-06,1,False,False,False,False,ADMINISTRATIVO,PROFESIONAL_ANALISTA,False
665320,133,GERENCIA DE RELACIONES EXTERNAS Y VINCULACIÓN CORPORATIVA,Subrogación,OTROS_AA,True,Gerente,AUTORIDAD_ADMINISTRATIVA_SUPERIOR,,,2025-05-28,2025-05-30,2,False,False,False,False,ADMINISTRATIVO,PROFESIONAL_ANALISTA,False
665320,133,GERENCIA DE RELACIONES EXTERNAS Y VINCULACIÓN CORPORATIVA,Subrogación,OTROS_AA,True,Gerente,AUTORIDAD_ADMINISTRATIVA_SUPERIOR,,,2025-07-21,2025-07-22,1,False,False,False,False,ADMINISTRATIVO,PROFESIONAL_ANALISTA,False
665320,133,GERENCIA DE RELACIONES EXTERNAS Y VINCULACIÓN CORPORATIVA,Subrogación,OTROS_AA,True,Gerente,AUTORIDAD_ADMINISTRATIVA_SUPERIOR,,,2025-08-18,2025-08-20,2,False,False,False,False,ADMINISTRATIVO,PROFESIONAL_ANALISTA,False
665320,133,GERENCIA DE RELACIONES EXTERNAS Y VINCULACIÓN CORPORATIVA,Subrogación,OTROS_AA,True,Gerente,AUTORIDAD_ADMINISTRATIVA_SUPERIOR,,,2025-12-12,2025-12-31,19,False,False,False,False,ADMINISTRATIVO,PROFESIONAL_ANALISTA,False
665320,133,GERENCIA DE RELACIONES EXTERNAS Y VINCULACIÓN CORPORATIVA,Subrogación,OTROS_AA,True,Gerente,AUTORIDAD_ADMINISTRATIVA_SUPERIOR,,,2026-03-14,2026-04-01,18,False,False,False,False,ADMINISTRATIVO,PROFESIONAL_ANALISTA,False
665320,133,GERENCIA DE RELACIONES EXTERNAS Y VINCULACIÓN CORPORATIVA,Subrogación,OTROS_AA,True,Gerente,AUTORIDAD_ADMINISTRATIVA_SUPERIOR,,,2026-04-20,2026-04-25,5,False,False,False,False,ADMINISTRATIVO,AUTORIDAD_ADMINISTRATIVA_SUPERIOR,True
665320,133,GERENCIA DE RELACIONES EXTERNAS Y VINCULACIÓN CORPORATIVA,Subrogación,OTROS_AA,True,Gerente,AUTORIDAD_ADMINISTRATIVA_SUPERIOR,,,2026-06-21,2026-06-28,7,False,False,False,False,ADMINISTRATIVO,AUTORIDAD_ADMINISTRATIVA_SUPERIOR,True
665320,133,GERENCIA DE RELACIONES EXTERNAS Y VINCULACIÓN CORPORATIVA,Subrogación,OTROS_AA,True,Gerente,AUTORIDAD_ADMINISTRATIVA_SUPERIOR,,,2026-07-12,2026-07-18,6,False,False,False,False,ADMINISTRATIVO,AUTORIDAD_ADMINISTRATIVA_SUPERIOR,True
665320,133,GERENCIA DE RELACIONES EXTERNAS Y VINCULACIÓN CORPORATIVA,Subrogación,OTROS_AA,True,Gerente,AUTORIDAD_ADMINISTRATIVA_SUPERIOR,,,2026-07-29,2026-07-31,2,False,False,False,False,ADMINISTRATIVO,AUTORIDAD_ADMINISTRATIVA_SUPERIOR,True
665432,22,FACULTAD DE INGENIERÍA MECÁNICA Y CIENCIAS DE LA PRODUCCIÓN,Coordinador de prácticas empresariales,JEFATURA_SUPERVISION_OPERATIVA,False,,,GRADO,Materiales,2023-03-13,2024-03-08,361,False,False,False,False,DOCENTE,DOCENTE_NO_TITULAR_OCASIONAL,False
665432,22,FACULTAD DE INGENIERÍA MECÁNICA Y CIENCIAS DE LA PRODUCCIÓN,Coordinador de acreditación internacional,JEFATURA_SUPERVISION_OPERATIVA,False,,,GRADO,Materiales,2024-03-11,2024-05-12,62,False,False,False,False,DOCENTE,DOCENTE_NO_TITULAR_OCASIONAL,False
665432,22,FACULTAD DE INGENIERÍA MECÁNICA Y CIENCIAS DE LA PRODUCCIÓN,Coordinador de prácticas empresariales,JEFATURA_SUPERVISION_OPERATIVA,False,,,GRADO,Materiales,2024-05-13,2024-09-19,129,False,False,False,False,DOCENTE,DOCENTE_NO_TITULAR_OCASIONAL,False
665879,25,FACULTAD DE INGENIERÍA EN CIENCIAS DE LA TIERRA,Miembro del consejo politécnico - estudiantes,OTROS_AA,False,,,,,2025-06-27,2027-06-26,729,True,False,False,False,,,
666042,22,FACULTAD DE INGENIERÍA MECÁNICA Y CIENCIAS DE LA PRODUCCIÓN,Miembro del consejo politécnico - estudiantes,OTROS_AA,False,,,,,2027-06-27,,0,True,False,False,False,,,
666159,61,FACULTAD DE CIENCIAS DE LA VIDA,Miembro del consejo politécnico - estudiantes,OTROS_AA,False,,,,,2026-07-03,2028-07-02,730,True,False,False,False,,,
666228,25,FACULTAD DE INGENIERÍA EN CIENCIAS DE LA TIERRA,Miembro del consejo politécnico - estudiantes,OTROS_AA,False,,,,,2027-06-27,,0,True,False,False,False,,,
666443,17,FACULTAD DE CIENCIAS SOCIALES Y HUMANÍSTICAS,Miembro del consejo politécnico - estudiantes,OTROS_AA,False,,,,,2026-07-03,2028-07-02,730,True,False,False,False,,,
667452,46,SECRETARIA ADMINISTRATIVA,Subrogación,OTROS_AA,True,Secretario administrativo,ASISTENCIA_SECRETARIAL_OFICINA,,,2026-04-13,2026-04-30,17,False,False,False,False,ADMINISTRATIVO,ASISTENCIA_SECRETARIAL_OFICINA,True
667452,46,SECRETARIA ADMINISTRATIVA,Subrogación,OTROS_AA,True,Secretario administrativo,ASISTENCIA_SECRETARIAL_OFICINA,,,2026-04-13,2026-04-30,17,False,False,True,False,ADMINISTRATIVO,ASISTENCIA_SECRETARIAL_OFICINA,True
667482,144,DIRECCION DE SEGURIDAD FISICA,Subrogación,OTROS_AA,True,Director,AUTORIDAD_ADMINISTRATIVA_SUPERIOR,,,2024-06-03,2024-06-03,0,False,False,False,False,ADMINISTRATIVO,PROFESIONAL_ANALISTA,False
667482,144,DIRECCION DE SEGURIDAD FISICA,Director,AUTORIDAD_ADMINISTRATIVA_SUPERIOR,False,,,,,2024-06-03,2024-09-17,106,False,False,False,False,ADMINISTRATIVO,PROFESIONAL_ANALISTA,False
667482,144,DIRECCION DE SEGURIDAD FISICA,Subrogación,OTROS_AA,True,Director,AUTORIDAD_ADMINISTRATIVA_SUPERIOR,,,2025-03-27,2025-04-04,8,False,False,False,False,ADMINISTRATIVO,PROFESIONAL_ANALISTA,False
668596,22,FACULTAD DE INGENIERÍA MECÁNICA Y CIENCIAS DE LA PRODUCCIÓN,Miembro del consejo politécnico - estudiantes,OTROS_AA,False,,,,,2026-07-03,2028-07-02,730,True,False,False,False,,,
668624,88,"FACULTAD DE ARTE, DISEÑO Y COMUNICACIÓN AUDIOVISUAL",Miembro del consejo politécnico - estudiantes,OTROS_AA,False,,,,,2027-06-27,,0,True,False,False,False,,,
668770,88,"FACULTAD DE ARTE, DISEÑO Y COMUNICACIÓN AUDIOVISUAL",Miembro del consejo politécnico - estudiantes,OTROS_AA,False,,,,,2026-07-03,2028-07-02,730,True,False,False,False,,,
668777,16,FACULTAD DE INGENIERÍA EN ELECTRICIDAD Y COMPUTACIÓN,Miembro del consejo politécnico - estudiantes,OTROS_AA,False,,,,,2026-07-03,2028-07-02,730,True,False,False,False,,,
669232,25,FACULTAD DE INGENIERÍA EN CIENCIAS DE LA TIERRA,Miembro del consejo politécnico - estudiantes,OTROS_AA,False,,,,,2027-06-27,,0,True,False,False,False,,,
669436,51,GERENCIA DE INFRAESTRUCTURA FÍSICA,Subrogación,OTROS_AA,True,Gerente,AUTORIDAD_ADMINISTRATIVA_SUPERIOR,,,2026-06-03,2026-06-08,5,False,False,False,False,ADMINISTRATIVO,AUTORIDAD_ADMINISTRATIVA_SUPERIOR,True
670664,22,FACULTAD DE INGENIERÍA MECÁNICA Y CIENCIAS DE LA PRODUCCIÓN,Coordinador de acreditación internacional,JEFATURA_SUPERVISION_OPERATIVA,False,,,GRADO,Materiales,2023-10-02,2024-03-08,158,False,False,False,False,DOCENTE,DOCENTE_NO_TITULAR_OCASIONAL,False
670664,22,FACULTAD DE INGENIERÍA MECÁNICA Y CIENCIAS DE LA PRODUCCIÓN,Coordinador de programa de postgrado,JEFATURA_SUPERVISION_OPERATIVA,False,,,POSGRADO,Maestría en Ciencia e Ingeniería de Materiales,2024-01-02,2025-05-04,488,False,False,False,False,DOCENTE,DOCENTE_NO_TITULAR_OCASIONAL,False
670664,22,FACULTAD DE INGENIERÍA MECÁNICA Y CIENCIAS DE LA PRODUCCIÓN,Coordinador de prácticas empresariales,JEFATURA_SUPERVISION_OPERATIVA,False,,,GRADO,Materiales,2024-03-11,2024-05-12,62,False,False,False,False,DOCENTE,DOCENTE_NO_TITULAR_OCASIONAL,False
670664,22,FACULTAD DE INGENIERÍA MECÁNICA Y CIENCIAS DE LA PRODUCCIÓN,Coordinador de acreditación internacional,JEFATURA_SUPERVISION_OPERATIVA,False,,,GRADO,Materiales,2024-05-15,2025-05-04,354,False,False,False,False,DOCENTE,DOCENTE_NO_TITULAR_OCASIONAL,False
670664,22,FACULTAD DE INGENIERÍA MECÁNICA Y CIENCIAS DE LA PRODUCCIÓN,Coordinador de carrera,JEFATURA_SUPERVISION_OPERATIVA,False,,,GRADO,Materiales,2025-02-06,2027-11-01,998,False,False,False,False,DOCENTE,DOCENTE_NO_TITULAR_OCASIONAL,False
671519,133,GERENCIA DE RELACIONES EXTERNAS Y VINCULACIÓN CORPORATIVA,Subrogación,OTROS_AA,True,Gerente,AUTORIDAD_ADMINISTRATIVA_SUPERIOR,,,2024-02-14,2024-02-16,2,False,False,False,False,ADMINISTRATIVO,PROFESIONAL_ANALISTA,False
671563,17,FACULTAD DE CIENCIAS SOCIALES Y HUMANÍSTICAS,Coordinador de programa de postgrado,JEFATURA_SUPERVISION_OPERATIVA,False,,,POSGRADO,Maestría en Arqueología del Neotrópico,2023-12-01,2025-12-31,761,False,False,False,False,DOCENTE,DOCENTE_NO_TITULAR_OCASIONAL,False
671589,144,DIRECCION DE SEGURIDAD FISICA,Director,AUTORIDAD_ADMINISTRATIVA_SUPERIOR,False,,,,,2023-12-01,2024-05-31,182,False,False,False,False,ADMINISTRATIVO,AUTORIDAD_ADMINISTRATIVA_SUPERIOR,True
671628,51,GERENCIA DE INFRAESTRUCTURA FÍSICA,Subrogación,OTROS_AA,True,Gerente,AUTORIDAD_ADMINISTRATIVA_SUPERIOR,,,2025-04-21,2025-04-23,2,False,False,False,False,ADMINISTRATIVO,JEFATURA_SUPERVISION_OPERATIVA,False
671628,51,GERENCIA DE INFRAESTRUCTURA FÍSICA,Subrogación,OTROS_AA,True,Gerente,AUTORIDAD_ADMINISTRATIVA_SUPERIOR,,,2025-04-28,2025-05-06,8,False,False,False,False,ADMINISTRATIVO,AUTORIDAD_ADMINISTRATIVA_SUPERIOR,True
671628,51,GERENCIA DE INFRAESTRUCTURA FÍSICA,Gerente,AUTORIDAD_ADMINISTRATIVA_SUPERIOR,False,,,,,2025-09-15,2025-09-26,11,False,False,False,False,ADMINISTRATIVO,JEFATURA_SUPERVISION_OPERATIVA,False
671628,51,GERENCIA DE INFRAESTRUCTURA FÍSICA,Subrogación,OTROS_AA,True,Gerente,AUTORIDAD_ADMINISTRATIVA_SUPERIOR,,,2025-12-19,2026-01-02,14,False,False,False,False,ADMINISTRATIVO,JEFATURA_SUPERVISION_OPERATIVA,False
671628,51,GERENCIA DE INFRAESTRUCTURA FÍSICA,Subrogación,OTROS_AA,True,Gerente,AUTORIDAD_ADMINISTRATIVA_SUPERIOR,,,2026-02-23,2026-03-06,11,False,False,False,False,ADMINISTRATIVO,JEFATURA_SUPERVISION_OPERATIVA,False
671628,51,GERENCIA DE INFRAESTRUCTURA FÍSICA,Gerente,AUTORIDAD_ADMINISTRATIVA_SUPERIOR,False,,,,,2026-02-23,2026-03-06,11,False,False,False,False,ADMINISTRATIVO,JEFATURA_SUPERVISION_OPERATIVA,False
671628,51,GERENCIA DE INFRAESTRUCTURA FÍSICA,Subrogación,OTROS_AA,True,Gerente,AUTORIDAD_ADMINISTRATIVA_SUPERIOR,,,2026-03-19,2026-03-27,8,False,False,False,False,ADMINISTRATIVO,JEFATURA_SUPERVISION_OPERATIVA,False
671628,51,GERENCIA DE INFRAESTRUCTURA FÍSICA,Subrogación,OTROS_AA,True,Gerente,AUTORIDAD_ADMINISTRATIVA_SUPERIOR,,,2026-07-13,2026-07-18,5,False,False,False,False,ADMINISTRATIVO,JEFATURA_SUPERVISION_OPERATIVA,False
672832,26,ESCUELA DE POSTGRADO EN ADMINISTRACIÓN DE EMPRESAS,Coordinador de programa de postgrado,JEFATURA_SUPERVISION_OPERATIVA,False,,,POSGRADO,Maestría en Gestión de Proyectos,2024-04-01,2026-03-31,729,False,False,False,False,DOCENTE,DOCENTE_NO_TITULAR_OCASIONAL,False
672832,26,ESCUELA DE POSTGRADO EN ADMINISTRACIÓN DE EMPRESAS,Coordinador de programa de postgrado,JEFATURA_SUPERVISION_OPERATIVA,False,,,POSGRADO,Maestría en Gestión de Proyectos,2026-04-01,2026-05-08,37,False,False,False,False,DOCENTE,DOCENTE_NO_TITULAR_OCASIONAL,False
672952,88,"FACULTAD DE ARTE, DISEÑO Y COMUNICACIÓN AUDIOVISUAL",Coordinador de programa de postgrado,JEFATURA_SUPERVISION_OPERATIVA,False,,,POSGRADO,Maestría en Arte y Tecnología,2024-05-16,2024-09-20,127,False,False,False,False,DOCENTE,DOCENTE_NO_TITULAR_OCASIONAL,False
672952,88,"FACULTAD DE ARTE, DISEÑO Y COMUNICACIÓN AUDIOVISUAL",Coordinador de programa de postgrado,JEFATURA_SUPERVISION_OPERATIVA,False,,,POSGRADO,Maestría en Arte y Tecnología,2024-09-25,2026-12-31,827,False,False,False,False,DOCENTE,DOCENTE_NO_TITULAR_OCASIONAL,False
672998,17,FACULTAD DE CIENCIAS SOCIALES Y HUMANÍSTICAS,Coordinador de programa de postgrado,JEFATURA_SUPERVISION_OPERATIVA,False,,,POSGRADO,Maestría en Arqueología del Neotrópico,2026-07-21,,56,False,False,False,False,DOCENTE,DOCENTE_NO_TITULAR_OCASIONAL,False
674089,6,AUDITORÍA INTERNA,Subrogación,OTROS_AA,True,Auditor,PROFESIONAL_ANALISTA,,,2025-07-01,2025-07-11,10,False,False,False,False,ADMINISTRATIVO,PROFESIONAL_ANALISTA,True
674686,22,FACULTAD DE INGENIERÍA MECÁNICA Y CIENCIAS DE LA PRODUCCIÓN,Coordinador de prácticas empresariales,JEFATURA_SUPERVISION_OPERATIVA,False,,,GRADO,Materiales,2024-09-20,2025-02-16,149,False,False,False,False,DOCENTE,DOCENTE_NO_TITULAR_OCASIONAL,False
674686,22,FACULTAD DE INGENIERÍA MECÁNICA Y CIENCIAS DE LA PRODUCCIÓN,Coordinador de prácticas empresariales,JEFATURA_SUPERVISION_OPERATIVA,False,,,GRADO,Materiales,2025-02-17,2025-11-19,275,False,False,False,False,DOCENTE,DOCENTE_NO_TITULAR_OCASIONAL,False
674686,22,FACULTAD DE INGENIERÍA MECÁNICA Y CIENCIAS DE LA PRODUCCIÓN,Coordinador de vinculación con la sociedad,JEFATURA_SUPERVISION_OPERATIVA,False,,,GRADO,Materiales,2025-02-17,2025-11-19,275,False,False,False,False,DOCENTE,DOCENTE_NO_TITULAR_OCASIONAL,False
674686,22,FACULTAD DE INGENIERÍA MECÁNICA Y CIENCIAS DE LA PRODUCCIÓN,Coordinador de prácticas empresariales,JEFATURA_SUPERVISION_OPERATIVA,False,,,GRADO,Materiales,2025-11-20,2027-11-01,711,False,False,False,False,DOCENTE,DOCENTE_NO_TITULAR_OCASIONAL,False
674686,22,FACULTAD DE INGENIERÍA MECÁNICA Y CIENCIAS DE LA PRODUCCIÓN,Coordinador de vinculación con la sociedad,JEFATURA_SUPERVISION_OPERATIVA,False,,,GRADO,Materiales,2025-11-20,2027-11-01,711,False,False,False,False,DOCENTE,DOCENTE_NO_TITULAR_OCASIONAL,False
682267,77,CENTRO DE INVESTIGACIÓN Y PROYECTOS APLICADOS A LAS CIENCIAS DE LA TIERRA,Director,AUTORIDAD_ADMINISTRATIVA_SUPERIOR,False,,,,,2025-10-26,2025-11-05,10,False,False,False,False,,,
684038,133,GERENCIA DE RELACIONES EXTERNAS Y VINCULACIÓN CORPORATIVA,Gerente,AUTORIDAD_ADMINISTRATIVA_SUPERIOR,False,,,,,2026-01-01,,257,False,False,False,False,,,
687033,61,FACULTAD DE CIENCIAS DE LA VIDA,Coordinador de vinculación con la sociedad,JEFATURA_SUPERVISION_OPERATIVA,False,,,GRADO,Biología,2026-07-30,,47,False,False,False,False,,,
