IDPERSONA,TRAMO_INICIO,TRAMO_FIN,N_CONTRATOS,UNIDAD_TRAMO
26,1999-03-03,1999-05-25,1,DESCONOCIDA
26,2002-05-20,2002-09-27,1,DESCONOCIDA
26,2002-10-21,2003-03-07,2,DESCONOCIDA
26,2003-05-19,2003-09-27,2,DESCONOCIDA
26,2003-10-20,2004-03-08,1,DESCONOCIDA
26,2014-08-01,2019-04-15,5,FACULTAD DE INGENIERÍA MECÁNICA Y CIENCIAS DE LA PRODUCCIÓN
26,2004-05-17,2004-09-25,2,DESCONOCIDA
26,2020-03-23,2020-04-05,1,FACULTAD DE INGENIERÍA MECÁNICA Y CIENCIAS DE LA PRODUCCIÓN
26,2021-03-01,2021-03-14,1,DESCONOCIDA
26,2021-04-19,2021-04-19,1,DESCONOCIDA
26,2021-04-26,2021-04-27,1,DESCONOCIDA
26,2021-05-03,2021-05-07,1,DESCONOCIDA
26,2021-07-02,2021-07-02,1,DESCONOCIDA
26,2021-07-14,2021-07-17,1,DESCONOCIDA
26,2021-03-15,2021-04-12,1,FACULTAD DE INGENIERÍA MECÁNICA Y CIENCIAS DE LA PRODUCCIÓN
26,2021-08-23,2021-09-21,1,FACULTAD DE INGENIERÍA MECÁNICA Y CIENCIAS DE LA PRODUCCIÓN
26,2021-12-29,2021-12-30,1,FACULTAD DE INGENIERÍA MECÁNICA Y CIENCIAS DE LA PRODUCCIÓN
26,2022-03-09,2022-03-21,1,FACULTAD DE INGENIERÍA MECÁNICA Y CIENCIAS DE LA PRODUCCIÓN
26,2022-03-24,2022-03-25,1,FACULTAD DE INGENIERÍA MECÁNICA Y CIENCIAS DE LA PRODUCCIÓN
26,2022-03-28,2022-04-22,1,FACULTAD DE INGENIERÍA MECÁNICA Y CIENCIAS DE LA PRODUCCIÓN
26,2022-04-27,2022-04-29,1,FACULTAD DE INGENIERÍA MECÁNICA Y CIENCIAS DE LA PRODUCCIÓN
26,2022-05-04,2022-05-07,1,FACULTAD DE INGENIERÍA MECÁNICA Y CIENCIAS DE LA PRODUCCIÓN
26,2022-05-30,2022-06-03,1,FACULTAD DE INGENIERÍA MECÁNICA Y CIENCIAS DE LA PRODUCCIÓN
26,2022-07-04,2022-07-12,1,FACULTAD DE INGENIERÍA MECÁNICA Y CIENCIAS DE LA PRODUCCIÓN
26,2022-08-03,2022-08-06,1,FACULTAD DE INGENIERÍA MECÁNICA Y CIENCIAS DE LA PRODUCCIÓN
26,2022-09-12,2022-09-16,1,FACULTAD DE INGENIERÍA MECÁNICA Y CIENCIAS DE LA PRODUCCIÓN
26,2022-09-28,2022-09-30,1,FACULTAD DE INGENIERÍA MECÁNICA Y CIENCIAS DE LA PRODUCCIÓN
26,2022-12-27,2022-12-30,1,FACULTAD DE INGENIERÍA MECÁNICA Y CIENCIAS DE LA PRODUCCIÓN
26,2023-09-18,2023-09-29,1,FACULTAD DE INGENIERÍA MECÁNICA Y CIENCIAS DE LA PRODUCCIÓN
26,2023-12-26,2023-12-29,1,FACULTAD DE INGENIERÍA MECÁNICA Y CIENCIAS DE LA PRODUCCIÓN
26,2024-04-01,2024-05-02,1,FACULTAD DE INGENIERÍA MECÁNICA Y CIENCIAS DE LA PRODUCCIÓN
26,2024-12-26,2024-12-31,1,FACULTAD DE INGENIERÍA MECÁNICA Y CIENCIAS DE LA PRODUCCIÓN
26,2025-02-17,2025-03-05,1,FACULTAD DE INGENIERÍA MECÁNICA Y CIENCIAS DE LA PRODUCCIÓN
26,2025-04-26,2025-05-01,1,FACULTAD DE INGENIERÍA MECÁNICA Y CIENCIAS DE LA PRODUCCIÓN
26,2025-06-25,2025-07-01,1,FACULTAD DE INGENIERÍA MECÁNICA Y CIENCIAS DE LA PRODUCCIÓN
26,2025-09-15,2025-09-26,1,FACULTAD DE INGENIERÍA MECÁNICA Y CIENCIAS DE LA PRODUCCIÓN
26,2025-10-02,2025-10-24,1,FACULTAD DE INGENIERÍA MECÁNICA Y CIENCIAS DE LA PRODUCCIÓN
26,2025-11-05,2025-11-07,1,FACULTAD DE INGENIERÍA MECÁNICA Y CIENCIAS DE LA PRODUCCIÓN
26,2025-11-25,2025-11-27,1,FACULTAD DE INGENIERÍA MECÁNICA Y CIENCIAS DE LA PRODUCCIÓN
26,2025-12-23,2025-12-31,1,FACULTAD DE INGENIERÍA MECÁNICA Y CIENCIAS DE LA PRODUCCIÓN
26,2026-01-27,2026-01-30,1,FACULTAD DE INGENIERÍA MECÁNICA Y CIENCIAS DE LA PRODUCCIÓN
26,2026-02-12,2026-02-13,1,FACULTAD DE INGENIERÍA MECÁNICA Y CIENCIAS DE LA PRODUCCIÓN
26,2026-03-02,2026-03-03,1,FACULTAD DE INGENIERÍA MECÁNICA Y CIENCIAS DE LA PRODUCCIÓN
26,2026-03-12,2026-03-13,1,FACULTAD DE INGENIERÍA MECÁNICA Y CIENCIAS DE LA PRODUCCIÓN
26,2026-03-23,2026-04-02,1,FACULTAD DE INGENIERÍA MECÁNICA Y CIENCIAS DE LA PRODUCCIÓN
26,2026-04-13,2026-04-17,1,FACULTAD DE INGENIERÍA MECÁNICA Y CIENCIAS DE LA PRODUCCIÓN
26,2026-04-29,2026-04-30,1,FACULTAD DE INGENIERÍA MECÁNICA Y CIENCIAS DE LA PRODUCCIÓN
26,2026-05-16,2026-05-21,1,FACULTAD DE INGENIERÍA MECÁNICA Y CIENCIAS DE LA PRODUCCIÓN
26,2026-06-03,2026-06-09,1,FACULTAD DE INGENIERÍA MECÁNICA Y CIENCIAS DE LA PRODUCCIÓN
26,2026-06-25,2026-06-26,1,FACULTAD DE INGENIERÍA MECÁNICA Y CIENCIAS DE LA PRODUCCIÓN
26,2026-07-06,2026-07-12,1,FACULTAD DE INGENIERÍA MECÁNICA Y CIENCIAS DE LA PRODUCCIÓN
26,2026-08-07,2026-08-07,1,FACULTAD DE INGENIERÍA MECÁNICA Y CIENCIAS DE LA PRODUCCIÓN
26,2021-08-23,2021-08-27,1,DESCONOCIDA
26,2026-08-24,,2,FACULTAD DE INGENIERÍA MECÁNICA Y CIENCIAS DE LA PRODUCCIÓN
26,2016-11-26,2016-11-26,1,FACULTAD DE INGENIERÍA EN ELECTRICIDAD Y COMPUTACIÓN
26,2025-04-12,2025-04-14,1,DECANATO DE POSGRADO
39,2016-12-09,2016-12-31,1,DESCONOCIDA
39,2017-01-03,2017-11-30,1,DESCONOCIDA
41,1993-05-10,2004-12-30,16,DESCONOCIDA
41,2005-05-01,2015-12-31,5,DESCONOCIDA
41,2016-01-01,2016-12-31,1,DIRECCIÓN DE SERVICIOS GENERALES
41,2017-01-01,2018-12-31,2,DESCONOCIDA
41,2019-01-01,2023-09-30,18,DIRECCIÓN DE SERVICIOS GENERALES
86,1986-03-01,1986-04-30,1,DESCONOCIDA
86,1986-05-02,1987-02-01,4,DESCONOCIDA
86,1987-05-11,1987-08-10,1,DESCONOCIDA
86,1987-11-01,1988-02-29,1,DESCONOCIDA
86,1991-03-15,1993-11-30,8,DESCONOCIDA
86,1994-01-01,1994-04-30,1,DESCONOCIDA
86,2003-04-01,2003-09-30,1,DESCONOCIDA
86,2003-10-02,2004-04-30,1,DESCONOCIDA
86,2008-05-19,2008-09-26,1,DESCONOCIDA
86,2008-10-13,2009-03-02,1,DESCONOCIDA
86,2010-05-18,2011-05-17,1,DESCONOCIDA
86,2011-06-01,2014-10-31,2,DESCONOCIDA
86,2015-05-12,2015-05-15,1,DESCONOCIDA
86,2015-05-18,2015-05-20,1,DESCONOCIDA
86,2016-05-12,2016-05-17,1,DESCONOCIDA
86,2016-07-18,2016-07-22,1,DESCONOCIDA
86,2016-09-28,2016-09-30,1,DESCONOCIDA
86,2016-11-16,2016-11-17,1,DESCONOCIDA
86,2017-01-19,2017-01-19,1,DESCONOCIDA
86,2017-02-07,2017-02-10,1,DESCONOCIDA
86,2018-04-29,2018-05-04,1,DESCONOCIDA
86,2018-05-14,2018-05-19,1,DESCONOCIDA
86,2019-09-16,2019-09-23,1,DESCONOCIDA
86,2014-11-01,,17,FACULTAD DE INGENIERÍA MECÁNICA Y CIENCIAS DE LA PRODUCCIÓN
86,2015-03-16,2015-03-20,1,GERENCIA DE TECNOLOGÍAS Y SISTEMAS DE INFORMACIÓN
90,1983-08-03,1991-12-31,3,DESCONOCIDA
90,1992-01-02,2013-05-31,3,DESCONOCIDA
90,2014-06-01,2015-03-13,4,DESCONOCIDA
90,2015-05-11,2015-10-02,1,DESCONOCIDA
90,2016-05-02,2016-09-23,1,DESCONOCIDA
90,2022-06-01,2022-06-01,1,DESCONOCIDA
90,2015-01-01,2022-05-31,15,FACULTAD DE INGENIERÍA MECÁNICA Y CIENCIAS DE LA PRODUCCIÓN
94,1994-12-12,1995-03-03,1,DESCONOCIDA
94,1999-10-19,2000-03-03,1,DESCONOCIDA
94,2000-05-05,2000-09-22,1,DESCONOCIDA
94,2000-10-10,2001-02-23,1,DESCONOCIDA
94,2001-05-21,2001-09-28,1,DESCONOCIDA
94,2001-10-22,2002-03-02,1,DESCONOCIDA
94,2002-05-20,2002-09-27,1,DESCONOCIDA
94,2002-10-21,2003-03-07,1,DESCONOCIDA
94,2003-05-19,2003-09-27,1,DESCONOCIDA
94,2003-10-20,2004-03-08,1,DESCONOCIDA
94,2004-05-17,2004-09-25,1,DESCONOCIDA
94,2004-10-18,2005-03-08,1,DESCONOCIDA
94,2005-05-16,2005-09-24,1,DESCONOCIDA
94,2005-10-17,2006-03-03,1,DESCONOCIDA
94,2006-05-15,2006-09-23,1,DESCONOCIDA
94,2006-10-17,2007-03-06,1,DESCONOCIDA
94,2007-05-14,2007-09-22,1,DESCONOCIDA
94,2007-10-15,2008-03-05,1,DESCONOCIDA
94,2008-05-19,2008-09-26,1,DESCONOCIDA
94,2008-10-13,2009-03-02,1,DESCONOCIDA
94,2009-05-18,2009-09-25,1,DESCONOCIDA
94,2009-10-12,2010-03-02,2,DESCONOCIDA
94,2012-05-14,2013-05-13,1,DESCONOCIDA
94,2014-10-01,2016-12-31,2,DESCONOCIDA
94,2017-01-01,,33,FACULTAD DE CIENCIAS SOCIALES Y HUMANÍSTICAS
96,1999-05-25,2001-09-28,9,DESCONOCIDA
96,2002-05-20,2002-09-30,2,DESCONOCIDA
96,2002-10-21,2003-03-07,1,DESCONOCIDA
96,2003-10-20,2005-03-08,4,DESCONOCIDA
96,2005-10-17,2012-12-31,7,DESCONOCIDA
96,2014-03-01,2014-10-31,1,DESCONOCIDA
96,2014-11-01,2014-11-01,2,FACULTAD DE INGENIERÍA MECÁNICA Y CIENCIAS DE LA PRODUCCIÓN
96,2015-06-05,2015-06-04,1,DESCONOCIDA
96,2015-11-20,2015-12-10,1,DESCONOCIDA
96,2016-01-04,2016-01-14,1,DESCONOCIDA
96,2016-03-04,2016-03-18,1,DESCONOCIDA
96,2016-10-10,2016-10-14,1,DESCONOCIDA
96,2013-01-01,2014-02-28,1,VICERRECTORADO ACADÉMICO
96,2019-05-23,2019-05-25,1,VICERRECTORADO ACADÉMICO
96,2020-03-05,2020-03-15,1,VICERRECTORADO ACADÉMICO
96,2019-03-13,2019-01-18,1,RECTORADO
96,2022-03-02,2022-03-09,1,RECTORADO
96,2022-03-21,2022-03-25,1,RECTORADO
96,2021-03-01,2021-03-12,1,VICERRECTORADO ACADÉMICO
96,2022-03-28,2022-04-01,1,RECTORADO
96,2022-04-08,2022-04-18,1,VICERRECTORADO ACADÉMICO
96,2022-06-26,2022-07-02,1,VICERRECTORADO ACADÉMICO
96,2022-05-02,2022-05-07,1,RECTORADO
96,2022-07-06,2022-07-08,1,VICERRECTORADO ACADÉMICO
96,2022-09-02,2022-09-02,1,VICERRECTORADO ACADÉMICO
96,2022-07-11,2022-07-12,1,RECTORADO
96,2022-09-12,2022-09-14,1,RECTORADO
96,2022-09-18,2022-09-24,1,RECTORADO
96,2022-09-26,2022-09-30,1,RECTORADO
96,2022-10-10,2022-10-16,1,RECTORADO
96,2017-11-13,2022-11-12,40,DESCONOCIDA
96,2022-09-05,2022-09-11,1,VICERRECTORADO ACADÉMICO
96,2014-11-01,2015-06-04,1,DECANATO DE POSGRADO
96,2015-06-05,2015-08-19,1,FACULTAD DE INGENIERÍA MECÁNICA Y CIENCIAS DE LA PRODUCCIÓN
96,2015-08-20,,23,FACULTAD DE CIENCIAS DE LA VIDA
96,2022-10-30,2022-11-06,1,RECTORADO
102,2022-05-18,2022-09-23,1,FACULTAD DE INGENIERÍA MECÁNICA Y CIENCIAS DE LA PRODUCCIÓN
102,2022-10-03,2023-02-17,3,FACULTAD DE INGENIERÍA MECÁNICA Y CIENCIAS DE LA PRODUCCIÓN
129,1997-02-01,1999-03-02,5,DESCONOCIDA
129,2000-10-10,2001-02-23,1,DESCONOCIDA
129,2001-05-21,2001-09-28,1,DESCONOCIDA
129,2001-10-22,2002-03-02,1,DESCONOCIDA
129,2002-05-20,2002-09-27,1,DESCONOCIDA
129,2002-10-21,2003-03-07,1,DESCONOCIDA
129,2003-05-19,2003-09-27,1,DESCONOCIDA
129,2003-10-20,2004-03-08,1,DESCONOCIDA
129,2004-05-17,2004-09-25,1,DESCONOCIDA
129,2004-10-18,2005-03-08,1,DESCONOCIDA
129,2005-05-16,2005-09-24,1,DESCONOCIDA
129,2005-10-17,2006-03-03,1,DESCONOCIDA
129,2006-05-15,2006-09-23,1,DESCONOCIDA
129,2006-10-17,2007-03-06,1,DESCONOCIDA
129,2007-05-14,2007-09-22,1,DESCONOCIDA
129,2008-05-19,2008-09-26,1,DESCONOCIDA
129,2008-10-13,2009-03-02,1,DESCONOCIDA
129,2009-05-18,2013-05-12,5,DESCONOCIDA
129,2014-10-01,2015-12-31,1,FACULTAD DE CIENCIAS SOCIALES Y HUMANÍSTICAS
129,2016-01-01,2016-12-31,1,DESCONOCIDA
129,2017-01-01,2025-05-15,22,FACULTAD DE CIENCIAS SOCIALES Y HUMANÍSTICAS
130,1986-05-15,1986-08-14,1,DESCONOCIDA
130,1988-02-17,1988-05-17,1,DESCONOCIDA
130,1989-02-20,1989-05-19,1,DESCONOCIDA
130,1994-10-01,2012-12-31,7,DESCONOCIDA
130,2013-01-01,,16,FACULTAD DE INGENIERÍA EN ELECTRICIDAD Y COMPUTACIÓN
132,1990-06-04,1990-10-06,1,DESCONOCIDA
132,1990-10-22,1991-03-01,2,DESCONOCIDA
132,1991-06-10,1991-10-19,1,DESCONOCIDA
132,2004-05-17,2004-09-25,1,DESCONOCIDA
132,2004-10-18,2005-03-08,1,DESCONOCIDA
132,2005-05-16,2005-09-24,1,DESCONOCIDA
132,2005-10-17,2006-03-03,1,DESCONOCIDA
132,2006-05-15,2006-09-23,1,DESCONOCIDA
132,2006-10-17,2007-03-06,1,DESCONOCIDA
132,2007-03-12,2007-05-09,1,DESCONOCIDA
132,2007-05-14,2007-09-22,2,DESCONOCIDA
132,2007-10-15,2008-03-05,2,DESCONOCIDA
132,2008-05-19,2008-09-26,1,DESCONOCIDA
132,2014-10-01,2016-12-31,3,DESCONOCIDA
132,2017-01-01,2020-02-21,4,FACULTAD DE CIENCIAS NATURALES Y MATEMÁTICAS
135,2001-10-22,2002-03-02,2,DESCONOCIDA
135,2002-03-11,2002-05-03,1,DESCONOCIDA
135,2002-05-20,2002-09-27,2,DESCONOCIDA
135,2002-10-21,2003-03-07,2,DESCONOCIDA
135,2003-03-10,2003-05-03,1,DESCONOCIDA
135,2003-05-19,2003-09-27,2,DESCONOCIDA
135,2003-10-20,2004-05-08,4,DESCONOCIDA
135,2004-05-17,2005-04-30,6,DESCONOCIDA
135,2005-05-16,2005-09-24,3,DESCONOCIDA
135,2005-10-17,2006-03-03,2,DESCONOCIDA
135,2006-03-08,2006-04-29,1,DESCONOCIDA
135,2006-05-15,2006-09-23,2,DESCONOCIDA
135,2006-10-17,2007-03-06,1,DESCONOCIDA
135,2007-03-12,2007-05-09,1,DESCONOCIDA
135,2007-05-14,2007-09-22,2,DESCONOCIDA
135,2007-10-15,2008-03-05,1,DESCONOCIDA
135,2008-03-10,2008-05-10,1,DESCONOCIDA
135,2008-05-19,2008-09-26,2,DESCONOCIDA
135,2008-10-13,2009-03-02,1,DESCONOCIDA
135,2009-05-18,2010-05-17,1,DESCONOCIDA
135,2013-05-13,2014-09-30,1,DESCONOCIDA
135,2014-10-01,2014-12-31,1,FACULTAD DE CIENCIAS NATURALES Y MATEMÁTICAS
135,2017-01-01,2017-03-17,1,FACULTAD DE CIENCIAS NATURALES Y MATEMÁTICAS
135,2015-01-01,2016-12-31,3,DESCONOCIDA
135,2017-05-15,2020-02-21,4,FACULTAD DE CIENCIAS NATURALES Y MATEMÁTICAS
140,2012-06-01,2014-09-21,1,DESCONOCIDA
140,2012-10-01,2014-09-22,3,FACULTAD DE CIENCIAS SOCIALES Y HUMANÍSTICAS
195,2004-10-18,2009-03-02,32,DESCONOCIDA
195,2009-04-01,2009-04-30,1,DESCONOCIDA
195,2024-04-01,2024-05-07,1,FACULTAD DE CIENCIAS SOCIALES Y HUMANÍSTICAS
195,2009-05-18,2009-09-25,1,DESCONOCIDA
195,2025-05-15,,6,FACULTAD DE CIENCIAS SOCIALES Y HUMANÍSTICAS
215,1985-02-11,1985-05-10,1,DESCONOCIDA
215,1985-10-21,2012-12-31,24,DESCONOCIDA
215,2013-01-01,2024-05-01,7,FACULTAD DE CIENCIAS NATURALES Y MATEMÁTICAS
216,1987-11-04,1997-01-31,3,DESCONOCIDA
216,1997-04-01,1998-03-30,1,DESCONOCIDA
216,1999-01-01,2015-01-01,15,DESCONOCIDA
217,1982-05-17,1982-10-02,1,DESCONOCIDA
217,1983-07-01,1984-06-30,1,DESCONOCIDA
217,1985-01-01,1985-03-31,1,DESCONOCIDA
217,1987-03-16,1987-05-15,1,DESCONOCIDA
217,1987-05-18,1987-09-26,1,DESCONOCIDA
217,1988-05-16,1988-09-24,1,DESCONOCIDA
217,2022-06-01,2022-09-23,1,FACULTAD DE INGENIERÍA MARÍTIMA Y CIENCIAS DEL MAR
217,2003-10-20,2004-03-08,1,DESCONOCIDA
217,2017-04-10,2018-02-28,2,"FACULTAD DE INGENIERIA MARÍTIMA, CIENCIAS BIOLÓGICAS, OCEÁNICAS Y RECURSOS NATURALES"
217,2022-11-15,2025-02-14,9,FACULTAD DE INGENIERÍA MARÍTIMA Y CIENCIAS DEL MAR
228,2002-09-28,2003-09-27,3,DESCONOCIDA
228,2003-09-29,2004-05-17,2,DESCONOCIDA
228,2008-08-01,2014-12-31,12,DESCONOCIDA
228,2015-01-01,2015-12-31,1,FACULTAD DE INGENIERÍA EN ELECTRICIDAD Y COMPUTACIÓN
228,2017-03-28,2017-03-31,1,FACULTAD DE INGENIERÍA EN ELECTRICIDAD Y COMPUTACIÓN
228,2016-01-01,2017-12-31,2,DESCONOCIDA
228,2018-01-01,,22,FACULTAD DE INGENIERÍA EN ELECTRICIDAD Y COMPUTACIÓN
229,2006-03-01,2014-12-31,9,DESCONOCIDA
229,2015-01-01,,35,GERENCIA FINANCIERA
231,2000-10-10,2001-02-23,1,DESCONOCIDA
231,2001-05-21,2001-09-28,1,DESCONOCIDA
231,2001-10-22,2002-03-02,1,DESCONOCIDA
231,2002-10-21,2003-03-07,1,DESCONOCIDA
231,2004-02-01,2004-05-30,1,DESCONOCIDA
231,2016-06-24,2016-10-31,1,GERENCIA DE TECNOLOGÍAS Y SISTEMAS DE INFORMACIÓN
231,2016-11-01,2017-01-31,2,DESCONOCIDA
231,2017-02-01,,42,GERENCIA DE TECNOLOGÍAS Y SISTEMAS DE INFORMACIÓN
244,2015-05-01,2016-12-31,1,DESCONOCIDA
244,2017-01-01,2020-05-31,5,FACULTAD DE CIENCIAS NATURALES Y MATEMÁTICAS
266,2002-05-20,2002-09-27,1,DESCONOCIDA
266,2002-10-21,2003-03-07,1,DESCONOCIDA
266,2003-05-19,2003-09-27,1,DESCONOCIDA
266,2003-10-20,2004-03-08,1,DESCONOCIDA
266,2004-05-17,2004-09-25,1,DESCONOCIDA
266,2004-10-18,2005-03-08,1,DESCONOCIDA
266,2005-05-16,2005-09-24,1,DESCONOCIDA
266,2005-10-17,2006-03-03,1,DESCONOCIDA
266,2006-05-15,2006-09-23,1,DESCONOCIDA
266,2006-10-17,2007-03-06,1,DESCONOCIDA
266,2007-05-14,2007-09-22,1,DESCONOCIDA
266,2007-10-15,2008-03-05,1,DESCONOCIDA
266,2008-05-19,2008-09-26,1,DESCONOCIDA
266,2008-10-13,2009-03-02,1,DESCONOCIDA
266,2009-05-18,2009-09-25,1,DESCONOCIDA
266,2009-10-12,2010-03-02,2,DESCONOCIDA
266,2014-06-01,2015-02-28,1,DESCONOCIDA
266,2018-02-01,2018-02-01,1,DESCONOCIDA
266,2015-03-01,2018-01-31,1,CENTRO DE INVESTIGACIONES Y SERVICIOS EDUCATIVOS
274,2013-01-01,2014-10-31,1,DESCONOCIDA
274,2014-11-01,2015-08-19,1,FACULTAD DE CIENCIAS DE LA VIDA
274,2015-08-20,2015-08-31,1,DESCONOCIDA
274,2015-12-14,2015-12-16,1,DESCONOCIDA
274,2016-01-04,2016-01-14,1,DESCONOCIDA
274,2016-01-18,2016-01-22,1,DESCONOCIDA
274,2016-02-01,2016-02-05,1,DESCONOCIDA
274,2016-02-20,2016-02-24,1,DESCONOCIDA
274,2016-03-04,2016-03-04,1,DESCONOCIDA
274,2016-06-08,2016-06-08,1,DESCONOCIDA
274,2016-06-11,2016-10-03,2,DESCONOCIDA
274,2016-10-08,2016-10-16,3,DESCONOCIDA
274,2017-05-22,2017-10-02,9,DESCONOCIDA
274,2018-01-14,2018-01-20,1,DESCONOCIDA
274,2018-02-23,2018-03-12,1,DESCONOCIDA
274,2018-05-07,2018-05-07,1,CENTRO DE INVESTIGACIONES BIOTECNOLÓGICAS DEL ECUADOR
274,2018-05-15,2018-05-27,1,DESCONOCIDA
274,2019-02-12,2019-02-12,1,DESCONOCIDA
274,2015-09-01,2019-02-12,15,FACULTAD DE CIENCIAS DE LA VIDA
274,2018-11-12,2018-11-16,1,CENTRO DE INVESTIGACIONES BIOTECNOLÓGICAS DEL ECUADOR
315,1971-06-30,1971-08-31,1,DESCONOCIDA
315,1973-11-21,1977-08-06,2,DESCONOCIDA
315,1979-04-16,2012-12-31,4,DESCONOCIDA
315,2013-01-01,2016-11-23,11,RECTORADO
315,2017-03-18,2017-04-10,1,RECTORADO
315,2017-04-24,2017-04-26,1,RECTORADO
315,2017-06-29,2017-07-03,1,RECTORADO
315,2017-07-05,2017-07-09,1,RECTORADO
315,2014-03-01,2017-12-01,4,DESCONOCIDA
315,2017-08-15,2017-08-30,1,RECTORADO
398,1989-05-08,1989-09-16,2,DESCONOCIDA
398,1990-05-28,1990-10-06,1,DESCONOCIDA
398,1990-10-22,1991-03-01,2,DESCONOCIDA
398,1992-09-08,1992-10-07,1,DESCONOCIDA
398,1998-10-19,1999-03-02,1,DESCONOCIDA
398,1999-05-25,1999-10-02,1,DESCONOCIDA
398,1999-10-19,2000-03-03,1,DESCONOCIDA
398,2000-05-25,2000-09-22,1,DESCONOCIDA
398,2000-10-10,2001-02-23,1,DESCONOCIDA
398,2001-10-22,2002-03-02,1,DESCONOCIDA
398,2002-10-21,2003-03-07,1,DESCONOCIDA
398,2004-05-17,2004-09-25,1,DESCONOCIDA
398,2006-10-17,2007-03-06,1,DESCONOCIDA
398,2007-10-15,2008-03-05,1,DESCONOCIDA
398,2008-05-19,2008-09-26,1,DESCONOCIDA
398,2016-05-02,2016-09-23,1,"FACULTAD DE INGENIERIA MARÍTIMA, CIENCIAS BIOLÓGICAS, OCEÁNICAS Y RECURSOS NATURALES"
398,2016-10-10,2017-03-17,2,"FACULTAD DE INGENIERIA MARÍTIMA, CIENCIAS BIOLÓGICAS, OCEÁNICAS Y RECURSOS NATURALES"
398,2017-10-04,2018-03-02,2,"FACULTAD DE INGENIERIA MARÍTIMA, CIENCIAS BIOLÓGICAS, OCEÁNICAS Y RECURSOS NATURALES"
398,2018-10-01,2019-02-22,2,"FACULTAD DE INGENIERIA MARÍTIMA, CIENCIAS BIOLÓGICAS, OCEÁNICAS Y RECURSOS NATURALES"
398,2014-10-20,2015-03-13,2,DESCONOCIDA
398,2021-05-17,2021-08-31,1,"FACULTAD DE INGENIERIA MARÍTIMA, CIENCIAS BIOLÓGICAS, OCEÁNICAS Y RECURSOS NATURALES"
414,1985-05-01,1986-04-09,1,DESCONOCIDA
414,1989-07-04,1990-07-03,1,DESCONOCIDA
414,2005-02-11,2009-02-10,2,DESCONOCIDA
414,2009-03-10,2009-12-31,1,DESCONOCIDA
414,2019-03-25,2019-04-05,1,FACULTAD DE INGENIERÍA MARÍTIMA Y CIENCIAS DEL MAR
414,2020-02-25,2020-04-01,1,FACULTAD DE INGENIERÍA MARÍTIMA Y CIENCIAS DEL MAR
414,2019-01-24,2022-05-01,2,DESCONOCIDA
414,2013-01-01,2019-01-23,1,"FACULTAD DE INGENIERIA MARÍTIMA, CIENCIAS BIOLÓGICAS, OCEÁNICAS Y RECURSOS NATURALES"
414,2022-03-02,2022-04-26,2,FACULTAD DE INGENIERÍA MARÍTIMA Y CIENCIAS DEL MAR
419,1983-08-01,1983-09-15,1,DESCONOCIDA
419,1993-10-18,1994-03-04,1,DESCONOCIDA
419,1994-05-23,1994-10-07,1,DESCONOCIDA
419,1994-10-17,1995-03-03,1,DESCONOCIDA
419,1995-05-22,1995-10-06,1,DESCONOCIDA
419,1995-10-16,1996-03-03,1,DESCONOCIDA
419,1996-05-20,1996-09-27,1,DESCONOCIDA
419,1996-10-14,1997-02-28,1,DESCONOCIDA
419,1997-05-26,1997-10-03,1,DESCONOCIDA
419,1997-10-20,1998-02-27,1,DESCONOCIDA
419,1998-05-25,1998-10-02,1,DESCONOCIDA
419,1998-10-19,1999-03-02,1,DESCONOCIDA
419,1999-05-25,1999-10-02,1,DESCONOCIDA
419,1999-10-19,2000-03-03,1,DESCONOCIDA
419,2000-05-25,2000-09-22,1,DESCONOCIDA
419,2000-10-10,2001-02-23,1,DESCONOCIDA
419,2001-05-21,2001-09-28,1,DESCONOCIDA
419,2001-10-22,2002-03-02,1,DESCONOCIDA
419,2002-05-20,2002-09-27,1,DESCONOCIDA
419,2002-10-21,2003-03-07,1,DESCONOCIDA
419,2003-05-19,2003-09-27,2,DESCONOCIDA
419,2003-10-20,2004-03-08,1,DESCONOCIDA
419,2004-05-17,2004-09-25,1,DESCONOCIDA
419,2004-10-18,2005-04-30,2,DESCONOCIDA
419,2005-05-16,2005-09-24,1,DESCONOCIDA
419,2005-10-17,2006-03-03,1,DESCONOCIDA
419,2006-05-15,2006-09-23,1,DESCONOCIDA
419,2006-10-17,2007-03-06,1,DESCONOCIDA
419,2007-05-14,2007-09-22,1,DESCONOCIDA
419,2007-10-15,2008-03-05,1,DESCONOCIDA
419,2008-05-19,2008-09-26,1,DESCONOCIDA
419,2008-10-13,2009-03-02,1,DESCONOCIDA
419,2017-10-01,2020-09-30,6,FACULTAD DE INGENIERÍA EN CIENCIAS DE LA TIERRA
529,1979-10-01,1988-09-30,8,DESCONOCIDA
529,1994-04-01,1995-03-30,3,DESCONOCIDA
529,1995-05-22,1995-10-06,1,DESCONOCIDA
529,1999-05-25,1999-10-02,1,DESCONOCIDA
529,1999-10-19,2000-03-03,1,DESCONOCIDA
529,2000-05-25,2000-09-22,1,DESCONOCIDA
529,2000-10-10,2001-02-23,1,DESCONOCIDA
529,2001-05-21,2001-09-28,1,DESCONOCIDA
529,2001-10-22,2002-03-02,1,DESCONOCIDA
529,2002-05-01,2002-09-30,1,DESCONOCIDA
529,2002-10-21,2003-03-07,2,DESCONOCIDA
529,2003-10-20,2004-04-30,2,DESCONOCIDA
529,2004-05-17,2004-09-25,1,DESCONOCIDA
529,2004-10-18,2005-03-08,1,DESCONOCIDA
529,2005-05-16,2005-09-24,1,DESCONOCIDA
529,2005-10-17,2006-03-03,2,DESCONOCIDA
529,2006-05-01,2009-04-30,11,DESCONOCIDA
529,2009-05-02,2010-04-30,1,DESCONOCIDA
529,2010-05-02,2012-12-31,3,DESCONOCIDA
529,2014-10-01,2016-12-31,2,DESCONOCIDA
529,2017-01-01,2018-04-30,2,"FACULTAD DE INGENIERIA MARÍTIMA, CIENCIAS BIOLÓGICAS, OCEÁNICAS Y RECURSOS NATURALES"
568,2015-01-01,2015-12-31,1,DESCONOCIDA
568,2016-05-02,2016-12-31,1,DESCONOCIDA
568,2017-01-01,2019-02-22,3,FACULTAD DE CIENCIAS SOCIALES Y HUMANÍSTICAS
568,2019-01-23,2020-02-21,2,VICERRECTORADO ACADÉMICO
568,2020-02-22,2021-03-21,2,DECANATO DE GRADO
597,1981-09-18,2009-12-31,8,DESCONOCIDA
597,2019-05-01,2019-05-10,1,FACULTAD DE INGENIERÍA MECÁNICA Y CIENCIAS DE LA PRODUCCIÓN
597,2013-01-01,2021-03-31,1,DESCONOCIDA
597,2021-04-01,2021-04-01,1,FACULTAD DE INGENIERÍA MECÁNICA Y CIENCIAS DE LA PRODUCCIÓN
618,1986-10-20,1987-09-26,3,DESCONOCIDA
618,2002-05-20,2002-09-27,1,DESCONOCIDA
618,2002-10-21,2003-03-07,1,DESCONOCIDA
618,2013-05-13,2013-09-20,1,DESCONOCIDA
618,2017-01-01,2018-06-15,3,FACULTAD DE CIENCIAS NATURALES Y MATEMÁTICAS
618,2014-01-01,2016-12-31,3,DESCONOCIDA
618,2018-07-02,2020-02-21,3,FACULTAD DE CIENCIAS NATURALES Y MATEMÁTICAS
641,2015-01-01,2015-03-13,1,FACULTAD DE CIENCIAS NATURALES Y MATEMÁTICAS
641,2015-10-19,2016-02-28,1,FACULTAD DE CIENCIAS NATURALES Y MATEMÁTICAS
641,2016-05-02,2016-09-23,1,FACULTAD DE CIENCIAS NATURALES Y MATEMÁTICAS
641,2016-10-10,2017-03-17,2,FACULTAD DE CIENCIAS NATURALES Y MATEMÁTICAS
641,2015-05-11,2015-10-02,1,DESCONOCIDA
653,1988-05-30,1988-09-24,1,DESCONOCIDA
653,1991-11-04,1992-03-06,1,DESCONOCIDA
653,1994-10-17,1995-03-03,1,DESCONOCIDA
653,1995-05-29,1995-09-02,2,DESCONOCIDA
653,1995-10-16,1996-03-03,1,DESCONOCIDA
653,1996-05-20,1996-09-27,1,DESCONOCIDA
653,1996-10-14,1997-02-28,1,DESCONOCIDA
653,1997-05-26,1998-10-01,2,DESCONOCIDA
653,1998-10-14,2003-02-14,3,DESCONOCIDA
653,2004-10-18,2007-03-06,3,DESCONOCIDA
653,2007-05-14,2007-09-22,1,DESCONOCIDA
653,2007-10-15,2008-03-05,2,DESCONOCIDA
653,2010-01-01,2012-12-31,2,DESCONOCIDA
653,2019-11-01,2019-11-01,1,DESCONOCIDA
653,2013-01-01,2019-10-31,4,FACULTAD DE CIENCIAS NATURALES Y MATEMÁTICAS
656,2002-05-20,2002-09-27,1,DESCONOCIDA
656,2002-10-21,2003-03-07,1,DESCONOCIDA
656,2003-05-19,2003-09-27,1,DESCONOCIDA
656,2003-10-20,2004-03-08,1,DESCONOCIDA
656,2004-05-17,2004-09-25,1,DESCONOCIDA
656,2004-10-18,2005-03-08,1,DESCONOCIDA
656,2005-10-17,2006-03-03,1,DESCONOCIDA
656,2006-05-15,2006-09-23,1,DESCONOCIDA
656,2006-10-01,2007-03-06,2,DESCONOCIDA
656,2007-05-14,2007-09-22,1,DESCONOCIDA
656,2007-10-15,2008-03-05,2,DESCONOCIDA
656,2008-05-19,2008-09-26,1,DESCONOCIDA
656,2008-10-13,2009-03-02,1,DESCONOCIDA
656,2009-05-18,2013-05-12,5,DESCONOCIDA
656,2014-10-01,2016-12-31,2,DESCONOCIDA
656,2017-01-01,2017-04-30,1,FACULTAD DE CIENCIAS NATURALES Y MATEMÁTICAS
656,2017-05-01,2019-09-20,4,FACULTAD DE CIENCIAS SOCIALES Y HUMANÍSTICAS
667,1986-02-24,1986-05-23,1,DESCONOCIDA
667,1988-11-08,2012-12-31,12,DESCONOCIDA
667,2013-01-01,,44,FACULTAD DE INGENIERÍA MECÁNICA Y CIENCIAS DE LA PRODUCCIÓN
667,2026-06-18,2026-06-19,1,DECANATO DE INVESTIGACIÓN
671,1981-01-05,1985-05-10,6,DESCONOCIDA
671,1985-10-28,1986-03-23,2,DESCONOCIDA
671,1993-02-08,1993-05-21,1,DESCONOCIDA
671,1996-02-12,1996-05-18,1,DESCONOCIDA
671,1996-06-10,1996-11-23,1,DESCONOCIDA
671,1997-02-03,1997-05-10,1,DESCONOCIDA
671,1998-02-10,1998-05-16,1,DESCONOCIDA
671,2008-01-01,2008-09-30,2,DESCONOCIDA
671,2019-04-08,2019-04-19,1,LABORATORIO PROTAL
671,2019-09-16,2019-10-04,1,LABORATORIO PROTAL
671,2010-01-01,2012-12-31,1,DESCONOCIDA
671,2021-07-01,2021-07-01,1,DESCONOCIDA
671,2013-01-01,2021-06-30,2,FACULTAD DE CIENCIAS DE LA VIDA
671,2021-03-15,2021-04-12,1,LABORATORIO PROTAL
675,1987-03-09,1987-05-08,1,DESCONOCIDA
675,1987-05-18,2012-12-31,9,DESCONOCIDA
675,2013-01-01,,18,FACULTAD DE INGENIERÍA EN ELECTRICIDAD Y COMPUTACIÓN
678,1984-05-14,1984-09-29,1,DESCONOCIDA
678,1984-10-15,1985-03-02,1,DESCONOCIDA
678,1985-03-11,1985-10-11,1,DESCONOCIDA
678,1987-05-18,1990-05-30,3,DESCONOCIDA
678,1999-06-01,2000-02-28,2,DESCONOCIDA
678,2001-07-01,2001-10-31,1,DESCONOCIDA
678,2004-03-09,2004-05-08,1,DESCONOCIDA
678,2005-01-01,2005-01-31,1,DESCONOCIDA
678,2005-09-01,2006-01-01,1,DESCONOCIDA
678,2006-03-01,2006-07-01,1,DESCONOCIDA
678,2013-01-01,2013-01-01,1,FACULTAD DE INGENIERÍA EN ELECTRICIDAD Y COMPUTACIÓN
678,2010-01-01,2014-02-28,2,DESCONOCIDA
678,2015-04-09,2015-04-10,1,DESCONOCIDA
678,2015-04-28,2015-04-29,1,DESCONOCIDA
678,2014-03-01,,27,FACULTAD DE INGENIERÍA EN ELECTRICIDAD Y COMPUTACIÓN
678,2015-03-23,2015-04-08,1,GERENCIA FINANCIERA
679,1982-06-07,1982-10-02,1,DESCONOCIDA
679,1982-10-13,1983-03-12,1,DESCONOCIDA
679,1985-05-20,1985-10-05,1,DESCONOCIDA
679,1987-02-16,1987-05-16,1,DESCONOCIDA
679,1998-02-10,1998-05-16,1,DESCONOCIDA
679,1999-10-25,1999-10-28,1,DESCONOCIDA
679,2013-01-01,,8,FACULTAD DE CIENCIAS NATURALES Y MATEMÁTICAS
692,1977-12-01,1981-12-15,1,DESCONOCIDA
692,2020-08-23,2020-08-23,1,DESCONOCIDA
692,2013-01-01,2020-08-22,3,FACULTAD DE CIENCIAS NATURALES Y MATEMÁTICAS
697,1987-05-18,2014-10-31,23,DESCONOCIDA
697,2018-05-15,2018-05-18,1,DESCONOCIDA
697,2018-06-04,2018-06-08,1,DESCONOCIDA
697,2018-09-16,2018-09-19,1,DESCONOCIDA
697,2019-01-24,2021-02-22,9,FACULTAD DE INGENIERÍA MARÍTIMA Y CIENCIAS DEL MAR
697,2021-06-07,2021-06-14,1,FACULTAD DE INGENIERÍA MARÍTIMA Y CIENCIAS DEL MAR
697,2021-11-05,2021-11-05,1,FACULTAD DE INGENIERÍA MARÍTIMA Y CIENCIAS DEL MAR
697,2021-12-22,2022-01-07,1,FACULTAD DE INGENIERÍA MARÍTIMA Y CIENCIAS DEL MAR
697,2022-02-24,2022-02-25,1,FACULTAD DE INGENIERÍA MARÍTIMA Y CIENCIAS DEL MAR
697,2022-03-02,2022-03-04,1,FACULTAD DE INGENIERÍA MARÍTIMA Y CIENCIAS DEL MAR
697,2022-05-25,2022-05-25,1,FACULTAD DE INGENIERÍA MARÍTIMA Y CIENCIAS DEL MAR
697,2022-05-30,2022-06-09,1,FACULTAD DE INGENIERÍA MARÍTIMA Y CIENCIAS DEL MAR
697,2022-07-06,2022-07-08,1,FACULTAD DE INGENIERÍA MARÍTIMA Y CIENCIAS DEL MAR
697,2022-07-29,2022-07-29,1,FACULTAD DE INGENIERÍA MARÍTIMA Y CIENCIAS DEL MAR
697,2022-08-15,2022-08-19,1,FACULTAD DE INGENIERÍA MARÍTIMA Y CIENCIAS DEL MAR
697,2022-09-12,2022-09-13,1,FACULTAD DE INGENIERÍA MARÍTIMA Y CIENCIAS DEL MAR
697,2022-09-19,2022-09-25,1,FACULTAD DE INGENIERÍA MARÍTIMA Y CIENCIAS DEL MAR
697,2022-12-21,2022-12-30,1,FACULTAD DE INGENIERÍA MARÍTIMA Y CIENCIAS DEL MAR
697,2023-02-22,2023-03-10,1,FACULTAD DE INGENIERÍA MARÍTIMA Y CIENCIAS DEL MAR
697,2023-04-06,2023-04-06,1,FACULTAD DE INGENIERÍA MARÍTIMA Y CIENCIAS DEL MAR
697,2023-06-08,2023-06-10,1,FACULTAD DE INGENIERÍA MARÍTIMA Y CIENCIAS DEL MAR
697,2023-07-28,2023-08-04,1,FACULTAD DE INGENIERÍA MARÍTIMA Y CIENCIAS DEL MAR
697,2023-10-17,2023-10-20,1,FACULTAD DE INGENIERÍA MARÍTIMA Y CIENCIAS DEL MAR
697,2023-11-10,2023-11-13,1,FACULTAD DE INGENIERÍA MARÍTIMA Y CIENCIAS DEL MAR
697,2023-12-26,2023-12-29,1,FACULTAD DE INGENIERÍA MARÍTIMA Y CIENCIAS DEL MAR
697,2024-02-14,2024-02-14,1,FACULTAD DE INGENIERÍA MARÍTIMA Y CIENCIAS DEL MAR
697,2024-04-29,2024-05-10,1,FACULTAD DE INGENIERÍA MARÍTIMA Y CIENCIAS DEL MAR
697,2024-05-13,2024-05-24,1,FACULTAD DE INGENIERÍA MARÍTIMA Y CIENCIAS DEL MAR
697,2024-07-10,2024-07-11,1,FACULTAD DE INGENIERÍA MARÍTIMA Y CIENCIAS DEL MAR
697,2024-07-31,2024-07-31,1,FACULTAD DE INGENIERÍA MARÍTIMA Y CIENCIAS DEL MAR
697,2024-08-12,2024-08-14,1,FACULTAD DE INGENIERÍA MARÍTIMA Y CIENCIAS DEL MAR
697,2024-08-26,2024-08-29,1,FACULTAD DE INGENIERÍA MARÍTIMA Y CIENCIAS DEL MAR
697,2024-09-02,2024-09-12,1,FACULTAD DE INGENIERÍA MARÍTIMA Y CIENCIAS DEL MAR
697,2024-10-07,2024-10-09,1,FACULTAD DE INGENIERÍA MARÍTIMA Y CIENCIAS DEL MAR
697,2024-12-11,2024-12-13,1,FACULTAD DE INGENIERÍA MARÍTIMA Y CIENCIAS DEL MAR
697,2024-12-23,2024-12-24,1,FACULTAD DE INGENIERÍA MARÍTIMA Y CIENCIAS DEL MAR
697,2024-12-26,2024-12-31,1,FACULTAD DE INGENIERÍA MARÍTIMA Y CIENCIAS DEL MAR
697,2025-01-28,2025-01-30,1,FACULTAD DE INGENIERÍA MARÍTIMA Y CIENCIAS DEL MAR
697,2025-02-28,2025-02-28,1,FACULTAD DE INGENIERÍA MARÍTIMA Y CIENCIAS DEL MAR
697,2025-03-05,2025-03-18,1,FACULTAD DE INGENIERÍA MARÍTIMA Y CIENCIAS DEL MAR
697,2025-04-21,2025-04-25,1,FACULTAD DE INGENIERÍA MARÍTIMA Y CIENCIAS DEL MAR
697,2025-05-18,2025-07-11,1,FACULTAD DE INGENIERÍA MARÍTIMA Y CIENCIAS DEL MAR
697,2025-09-15,2025-09-24,2,FACULTAD DE INGENIERÍA MARÍTIMA Y CIENCIAS DEL MAR
697,2025-12-16,2025-12-24,1,FACULTAD DE INGENIERÍA MARÍTIMA Y CIENCIAS DEL MAR
697,2025-12-26,2025-12-31,1,FACULTAD DE INGENIERÍA MARÍTIMA Y CIENCIAS DEL MAR
697,2026-02-18,2026-02-18,1,FACULTAD DE INGENIERÍA MARÍTIMA Y CIENCIAS DEL MAR
697,2026-02-20,2026-02-20,1,FACULTAD DE INGENIERÍA MARÍTIMA Y CIENCIAS DEL MAR
697,2026-03-14,2026-04-01,1,FACULTAD DE INGENIERÍA MARÍTIMA Y CIENCIAS DEL MAR
697,2026-06-03,2026-06-08,1,FACULTAD DE INGENIERÍA MARÍTIMA Y CIENCIAS DEL MAR
697,2026-06-10,2026-06-16,1,FACULTAD DE INGENIERÍA MARÍTIMA Y CIENCIAS DEL MAR
697,2026-07-06,2026-07-06,1,FACULTAD DE INGENIERÍA MARÍTIMA Y CIENCIAS DEL MAR
697,2019-03-21,2019-03-27,1,DESCONOCIDA
697,2014-11-01,2019-01-24,12,"FACULTAD DE INGENIERIA MARÍTIMA, CIENCIAS BIOLÓGICAS, OCEÁNICAS Y RECURSOS NATURALES"
697,2026-07-12,,2,FACULTAD DE INGENIERÍA MARÍTIMA Y CIENCIAS DEL MAR
697,2020-02-17,2020-02-21,1,CENTRO NACIONAL DE ACUICULTURA E INVESTIGACIONES MARINAS
705,1983-06-20,1983-08-19,1,DESCONOCIDA
705,1985-09-02,1985-10-15,1,DESCONOCIDA
705,1985-11-15,1986-05-14,1,DESCONOCIDA
705,1987-03-09,1987-04-01,1,DESCONOCIDA
705,1988-09-01,1988-11-30,1,DESCONOCIDA
705,1990-04-01,1990-04-30,1,DESCONOCIDA
705,1993-03-08,1993-05-07,1,DESCONOCIDA
705,1999-07-31,1999-08-14,1,DESCONOCIDA
705,2002-05-20,2002-09-27,1,DESCONOCIDA
705,2002-10-21,2003-03-07,1,DESCONOCIDA
705,2008-03-05,2009-03-04,1,DESCONOCIDA
705,2010-01-01,2012-12-31,1,DESCONOCIDA
705,2014-02-01,2014-12-31,1,DESCONOCIDA
705,2015-05-12,2015-05-15,1,DESCONOCIDA
705,2013-01-01,,34,FACULTAD DE INGENIERÍA MECÁNICA Y CIENCIAS DE LA PRODUCCIÓN
705,2015-03-16,2015-03-30,1,GERENCIA ADMINISTRATIVA
709,1985-01-01,1988-04-30,4,DESCONOCIDA
709,1989-11-01,1991-04-30,2,DESCONOCIDA
709,1992-09-08,1992-11-07,1,DESCONOCIDA
709,1993-08-16,1993-10-15,1,DESCONOCIDA
709,1994-06-03,1994-07-02,1,DESCONOCIDA
709,1995-07-01,1995-12-30,1,DESCONOCIDA
709,1996-04-03,1996-05-03,1,DESCONOCIDA
709,1997-03-03,1997-05-02,1,DESCONOCIDA
709,1997-06-20,1999-05-31,5,DESCONOCIDA
709,1999-10-01,2000-12-30,2,DESCONOCIDA
709,2004-05-17,2004-09-25,1,DESCONOCIDA
709,2005-05-16,2005-09-24,1,DESCONOCIDA
709,2006-05-15,2006-09-23,1,DESCONOCIDA
709,2008-05-02,2009-05-01,1,DESCONOCIDA
709,2023-03-25,2023-03-29,1,DECANATO DE VINCULACIÓN
709,2023-04-19,2023-04-24,1,DECANATO DE VINCULACIÓN
709,2010-01-01,2012-12-31,1,DESCONOCIDA
709,2013-01-01,,21,FACULTAD DE INGENIERÍA MARÍTIMA Y CIENCIAS DEL MAR
709,2014-09-29,2017-11-13,2,"FACULTAD DE INGENIERIA MARÍTIMA, CIENCIAS BIOLÓGICAS, OCEÁNICAS Y RECURSOS NATURALES"
709,2023-09-07,2023-09-08,1,DECANATO DE VINCULACIÓN
716,1983-10-17,1984-02-25,1,DESCONOCIDA
716,1984-10-15,1985-03-02,1,DESCONOCIDA
716,1985-05-20,1985-10-05,1,DESCONOCIDA
716,1985-10-21,1987-05-17,3,DESCONOCIDA
716,2013-01-01,2025-03-01,11,FACULTAD DE INGENIERÍA EN ELECTRICIDAD Y COMPUTACIÓN
725,1982-05-03,1982-10-02,1,DESCONOCIDA
725,1983-01-25,1988-05-17,2,DESCONOCIDA
725,1989-02-20,1989-05-20,1,DESCONOCIDA
725,1993-02-08,1993-05-21,1,DESCONOCIDA
725,1993-06-28,1993-09-30,1,DESCONOCIDA
725,2007-10-15,2012-12-31,2,DESCONOCIDA
725,2019-03-18,2019-03-24,1,DESCONOCIDA
725,2020-01-26,2020-02-01,1,DESCONOCIDA
725,2020-02-18,2020-02-18,1,DESCONOCIDA
725,2020-03-05,2020-03-15,1,DESCONOCIDA
725,2020-10-12,2020-10-15,1,DESCONOCIDA
725,2020-11-09,2020-11-15,1,DESCONOCIDA
725,2013-01-01,,18,FACULTAD DE INGENIERÍA EN ELECTRICIDAD Y COMPUTACIÓN
733,1979-04-01,2014-12-31,5,DESCONOCIDA
733,2015-01-01,2019-05-11,8,FACULTAD DE CIENCIAS NATURALES Y MATEMÁTICAS
734,2013-01-01,2017-04-07,5,DESCONOCIDA
754,1999-11-05,2015-12-31,18,DESCONOCIDA
754,2016-01-01,2016-12-31,1,DIRECCIÓN DE SERVICIOS GENERALES
754,2017-01-01,2018-12-31,2,DESCONOCIDA
754,2019-01-01,2025-10-31,16,DIRECCIÓN DE SERVICIOS GENERALES
760,2000-05-15,2000-09-22,1,DESCONOCIDA
760,2000-10-10,2001-02-23,1,DESCONOCIDA
760,2001-05-21,2001-09-28,1,DESCONOCIDA
760,2001-10-22,2002-03-02,1,DESCONOCIDA
760,2002-05-20,2002-09-27,1,DESCONOCIDA
760,2002-10-21,2003-03-07,3,DESCONOCIDA
760,2003-05-19,2003-09-27,2,DESCONOCIDA
760,2003-10-20,2004-03-08,1,DESCONOCIDA
760,2004-05-17,2004-09-25,1,DESCONOCIDA
760,2004-10-18,2005-03-08,1,DESCONOCIDA
760,2005-05-16,2005-09-24,3,DESCONOCIDA
760,2005-10-17,2006-03-03,1,DESCONOCIDA
760,2006-05-15,2006-09-23,2,DESCONOCIDA
760,2006-10-17,2007-03-06,1,DESCONOCIDA
760,2007-05-14,2007-09-22,1,DESCONOCIDA
760,2007-10-15,2008-03-05,1,DESCONOCIDA
760,2008-05-15,2009-05-14,3,DESCONOCIDA
760,2009-05-18,2009-09-25,1,DESCONOCIDA
760,2009-10-12,2010-03-02,2,DESCONOCIDA
760,2013-04-13,2013-04-21,1,DESCONOCIDA
760,2015-01-01,2015-03-13,1,FACULTAD DE CIENCIAS NATURALES Y MATEMÁTICAS
760,2015-05-11,2015-10-02,1,FACULTAD DE CIENCIAS NATURALES Y MATEMÁTICAS
760,2015-10-19,2016-02-28,1,FACULTAD DE CIENCIAS NATURALES Y MATEMÁTICAS
760,2016-05-02,2016-09-23,1,FACULTAD DE CIENCIAS NATURALES Y MATEMÁTICAS
760,2016-10-01,2017-03-17,3,FACULTAD DE CIENCIAS NATURALES Y MATEMÁTICAS
760,2013-05-13,2014-09-30,1,DESCONOCIDA
760,2014-11-10,2016-05-01,2,DIRECCIÓN DE ADMISIONES
760,2017-04-01,,36,FACULTAD DE CIENCIAS NATURALES Y MATEMÁTICAS
762,1983-05-14,1984-09-29,1,DESCONOCIDA
762,1984-10-15,1985-03-02,1,DESCONOCIDA
762,1985-05-20,1985-10-05,1,DESCONOCIDA
762,1985-10-21,1986-03-01,1,DESCONOCIDA
762,1986-05-17,1986-07-17,1,DESCONOCIDA
762,1987-01-15,1987-05-08,2,DESCONOCIDA
762,1988-03-05,1988-04-03,1,DESCONOCIDA
762,1988-04-19,1988-05-04,1,DESCONOCIDA
762,1989-03-13,1989-05-03,1,DESCONOCIDA
762,1989-11-15,1990-02-14,1,DESCONOCIDA
762,1993-02-08,1993-05-21,1,DESCONOCIDA
762,1999-01-04,1999-04-30,1,DESCONOCIDA
762,2010-01-01,2012-12-31,1,DESCONOCIDA
762,2020-09-30,2020-09-30,1,DESCONOCIDA
762,2013-01-01,2020-09-29,1,FACULTAD DE INGENIERÍA MECÁNICA Y CIENCIAS DE LA PRODUCCIÓN
768,1984-07-26,1986-02-05,1,DESCONOCIDA
768,2002-05-20,2002-09-27,1,DESCONOCIDA
768,2010-01-01,2012-12-31,1,DESCONOCIDA
768,2017-12-04,2017-12-06,1,DESCONOCIDA
768,2018-07-13,2018-07-21,1,DESCONOCIDA
768,2018-09-17,2018-09-21,1,DESCONOCIDA
768,2019-03-29,2019-04-02,3,DESCONOCIDA
768,2020-01-23,2020-01-31,1,DESCONOCIDA
768,2021-09-27,2021-10-05,1,DESCONOCIDA
768,2013-01-01,2019-01-23,2,"FACULTAD DE INGENIERIA MARÍTIMA, CIENCIAS BIOLÓGICAS, OCEÁNICAS Y RECURSOS NATURALES"
768,2019-01-24,,38,FACULTAD DE INGENIERÍA MARÍTIMA Y CIENCIAS DEL MAR
769,1983-10-17,1984-02-25,1,DESCONOCIDA
769,1984-05-21,1984-09-29,1,DESCONOCIDA
769,1984-10-15,1985-05-10,2,DESCONOCIDA
769,1985-05-20,1985-10-05,1,DESCONOCIDA
769,1985-10-21,1986-03-01,1,DESCONOCIDA
769,1986-05-19,1986-09-27,1,DESCONOCIDA
769,1986-10-01,1990-01-30,4,DESCONOCIDA
769,1999-05-25,1999-10-02,1,DESCONOCIDA
769,1999-10-19,2000-03-03,1,DESCONOCIDA
769,2000-05-15,2000-09-22,1,DESCONOCIDA
769,2000-10-10,2001-02-23,1,DESCONOCIDA
769,2001-05-21,2001-09-28,1,DESCONOCIDA
769,2001-10-22,2002-03-02,1,DESCONOCIDA
769,2002-05-20,2002-09-27,1,DESCONOCIDA
769,2002-10-21,2003-03-07,1,DESCONOCIDA
769,2010-01-01,2013-02-26,3,DESCONOCIDA
769,2013-04-01,2013-04-01,1,DESCONOCIDA
769,2013-01-01,2023-09-01,13,FACULTAD DE INGENIERÍA EN ELECTRICIDAD Y COMPUTACIÓN
771,2016-08-01,2016-08-05,1,DESCONOCIDA
771,2017-01-03,2017-12-31,3,CENTRO DE INVESTIGACIONES Y SERVICIOS EDUCATIVOS
779,1988-06-27,1989-11-30,4,DESCONOCIDA
779,1990-12-01,2011-01-20,1,DESCONOCIDA
779,2011-11-21,2018-12-31,7,DESCONOCIDA
779,2019-01-01,2019-04-30,1,DIRECCIÓN DE SERVICIOS GENERALES
780,1984-06-11,1984-09-29,1,DESCONOCIDA
780,1984-10-15,1985-05-10,2,DESCONOCIDA
780,1986-10-20,1987-05-15,2,DESCONOCIDA
780,1987-05-18,1987-10-03,1,DESCONOCIDA
780,1988-05-30,1988-10-01,1,DESCONOCIDA
780,1998-05-25,1998-10-02,1,DESCONOCIDA
780,1999-05-25,1999-10-02,1,DESCONOCIDA
780,2000-05-15,2000-09-22,1,DESCONOCIDA
780,2001-08-27,2002-03-30,1,DESCONOCIDA
780,2002-05-20,2002-09-27,3,DESCONOCIDA
780,2002-10-21,2003-03-07,2,DESCONOCIDA
780,2003-03-10,2003-05-03,1,DESCONOCIDA
780,2003-05-19,2003-09-27,2,DESCONOCIDA
780,2003-10-20,2004-03-08,1,DESCONOCIDA
780,2004-05-17,2012-12-31,8,DESCONOCIDA
780,2013-01-01,2013-11-10,1,FACULTAD DE INGENIERÍA MECÁNICA Y CIENCIAS DE LA PRODUCCIÓN
780,2013-11-11,2014-10-31,1,DESCONOCIDA
780,2014-11-01,,18,FACULTAD DE INGENIERÍA MECÁNICA Y CIENCIAS DE LA PRODUCCIÓN
787,1977-12-01,1979-10-09,1,DESCONOCIDA
787,1982-10-13,1983-03-12,1,DESCONOCIDA
787,1992-05-08,2013-08-29,4,DESCONOCIDA
787,2020-03-09,2020-03-27,1,CENTRO DE INVESTIGACIONES Y SERVICIOS EDUCATIVOS
787,2014-11-10,2014-11-10,1,DESCONOCIDA
787,2013-01-01,2024-05-01,14,FACULTAD DE CIENCIAS NATURALES Y MATEMÁTICAS
787,2021-04-05,2021-05-07,1,CENTRO DE INVESTIGACIONES Y SERVICIOS EDUCATIVOS
797,1984-10-29,1985-03-02,1,DESCONOCIDA
797,1985-05-20,1985-10-05,1,DESCONOCIDA
797,1985-10-21,1986-03-01,1,DESCONOCIDA
797,1988-02-17,1988-05-16,1,DESCONOCIDA
797,1989-02-20,1989-05-19,1,DESCONOCIDA
797,1992-07-27,1992-08-26,2,DESCONOCIDA
797,1993-02-08,1993-05-21,1,DESCONOCIDA
797,1995-06-12,1995-11-25,1,DESCONOCIDA
797,1996-02-12,1996-05-18,2,DESCONOCIDA
797,2021-05-25,2021-08-31,1,DIRECCIÓN DE ADMISIONES
797,2021-10-11,2021-12-31,1,DIRECCIÓN DE ADMISIONES
797,1996-06-10,1996-11-23,1,DESCONOCIDA
797,2023-05-29,,12,DIRECCIÓN DE ADMISIONES
801,1983-10-17,1984-02-25,1,DESCONOCIDA
801,1984-03-01,1985-03-02,3,DESCONOCIDA
801,1988-09-01,2012-12-31,13,DESCONOCIDA
801,2013-01-01,,19,FACULTAD DE INGENIERÍA EN ELECTRICIDAD Y COMPUTACIÓN
805,1988-09-01,2012-12-31,4,DESCONOCIDA
805,2013-01-01,2024-05-01,7,FACULTAD DE CIENCIAS NATURALES Y MATEMÁTICAS
807,1985-10-28,1986-03-01,1,DESCONOCIDA
807,1991-01-07,1993-02-28,3,DESCONOCIDA
807,2001-10-22,2002-03-02,1,DESCONOCIDA
807,2002-10-21,2003-03-07,1,DESCONOCIDA
807,2015-10-01,2016-12-31,1,"FACULTAD DE INGENIERIA MARÍTIMA, CIENCIAS BIOLÓGICAS, OCEÁNICAS Y RECURSOS NATURALES"
807,2017-01-01,2017-12-31,1,DESCONOCIDA
807,2018-01-01,2019-01-23,2,"FACULTAD DE INGENIERIA MARÍTIMA, CIENCIAS BIOLÓGICAS, OCEÁNICAS Y RECURSOS NATURALES"
807,2019-01-24,,24,FACULTAD DE INGENIERÍA MARÍTIMA Y CIENCIAS DEL MAR
808,1987-10-13,1997-06-30,4,DESCONOCIDA
808,2018-03-12,2018-04-06,2,DESCONOCIDA
808,2019-02-25,2019-03-01,1,DESCONOCIDA
808,2013-01-01,2019-01-23,1,ESCUELA DE DISEÑO Y COMUNICACIÓN VISUAL
808,2019-03-18,2019-04-05,1,DESCONOCIDA
808,2019-12-24,2020-01-03,2,DESCONOCIDA
808,2020-01-27,2020-01-31,1,DESCONOCIDA
808,2020-02-26,2020-03-06,1,DESCONOCIDA
808,2019-04-01,2019-04-30,1,ESCUELA DE DISEÑO Y COMUNICACIÓN VISUAL
808,2019-01-24,,18,"FACULTAD DE ARTE, DISEÑO Y COMUNICACIÓN AUDIOVISUAL"
813,1985-03-11,1985-05-10,1,DESCONOCIDA
813,1985-05-14,1985-09-13,1,DESCONOCIDA
813,1985-09-15,1985-12-31,1,DESCONOCIDA
813,1986-01-03,1997-05-10,17,DESCONOCIDA
813,1997-05-30,1997-10-03,1,DESCONOCIDA
813,1998-02-10,1999-04-18,3,DESCONOCIDA
813,1999-06-01,1999-12-30,2,DESCONOCIDA
813,2000-06-01,2000-12-30,1,DESCONOCIDA
813,2002-01-01,2014-12-31,3,DESCONOCIDA
813,2020-11-01,2020-11-01,1,DESCONOCIDA
813,2015-01-01,2020-10-31,2,FACULTAD DE INGENIERÍA MECÁNICA Y CIENCIAS DE LA PRODUCCIÓN
815,2000-08-23,2000-11-22,1,DESCONOCIDA
815,2002-10-01,2005-12-31,5,DESCONOCIDA
815,2017-01-01,2017-03-31,1,DESCONOCIDA
815,2017-04-01,2024-04-22,25,FACULTAD DE CIENCIAS DE LA VIDA
815,2023-10-02,2025-01-01,18,DIRECCIÓN DE SERVICIOS GENERALES
818,2013-01-01,2015-12-31,3,DESCONOCIDA
818,2016-01-01,2016-12-31,1,DIRECCIÓN DE SERVICIOS GENERALES
818,2017-01-01,2018-12-31,2,DESCONOCIDA
818,2019-01-01,2020-04-10,2,DIRECCIÓN DE SERVICIOS GENERALES
819,1986-12-01,1990-09-30,4,DESCONOCIDA
819,1991-01-02,1991-01-31,1,DESCONOCIDA
819,1991-03-01,1991-07-31,1,DESCONOCIDA
819,2017-01-01,2017-12-31,1,DESCONOCIDA
819,2018-01-01,2019-01-23,3,"FACULTAD DE INGENIERIA MARÍTIMA, CIENCIAS BIOLÓGICAS, OCEÁNICAS Y RECURSOS NATURALES"
819,2019-01-24,2025-02-14,19,FACULTAD DE INGENIERÍA MARÍTIMA Y CIENCIAS DEL MAR
820,1996-02-12,1996-05-18,1,DESCONOCIDA
820,1998-02-10,1998-05-16,1,DESCONOCIDA
820,2004-05-17,2004-09-25,1,DESCONOCIDA
820,2005-05-16,2005-09-24,1,DESCONOCIDA
820,2010-05-17,2011-05-16,1,DESCONOCIDA
820,2012-05-04,2012-06-24,1,DESCONOCIDA
820,2014-10-01,2015-12-31,1,DESCONOCIDA
820,2016-01-01,2020-05-08,6,FACULTAD DE CIENCIAS NATURALES Y MATEMÁTICAS
822,2010-01-01,2014-12-01,1,DESCONOCIDA
830,2013-01-01,2015-12-31,3,DESCONOCIDA
830,2016-01-01,2016-12-31,1,FACULTAD DE INGENIERÍA MECÁNICA Y CIENCIAS DE LA PRODUCCIÓN
830,2017-01-01,2018-12-31,2,DESCONOCIDA
830,2019-01-01,2020-08-31,2,FACULTAD DE INGENIERÍA MECÁNICA Y CIENCIAS DE LA PRODUCCIÓN
831,1989-01-10,1989-04-09,1,DESCONOCIDA
831,1989-05-01,1992-03-10,4,DESCONOCIDA
831,1992-04-01,2002-06-30,11,DESCONOCIDA
831,2018-12-03,2019-12-31,1,DIRECCIÓN DE SERVICIOS GENERALES
831,2020-01-02,2020-12-31,1,DIRECCIÓN DE SERVICIOS GENERALES
831,2021-01-04,2021-12-31,1,DIRECCIÓN DE SERVICIOS GENERALES
831,2022-01-06,2022-12-31,1,DIRECCIÓN DE SERVICIOS GENERALES
831,2023-01-09,2023-12-31,1,DIRECCIÓN DE SERVICIOS GENERALES
831,2010-12-01,2018-10-31,7,DESCONOCIDA
831,2024-01-08,2024-12-31,1,DIRECCIÓN DE SERVICIOS GENERALES
831,2025-01-06,2025-12-31,1,DIRECCION DE SEGURIDAD FISICA
831,2026-01-06,,1,GERENCIA ADMINISTRATIVA
836,2009-01-01,2012-12-31,4,DESCONOCIDA
836,2014-05-01,2015-12-31,3,DESCONOCIDA
836,2017-10-10,2017-10-14,1,DESCONOCIDA
836,2016-01-01,,29,FACULTAD DE CIENCIAS DE LA VIDA
836,2019-02-18,2019-03-01,1,RECTORADO
840,1984-06-01,1984-12-27,2,DESCONOCIDA
840,1985-01-01,2014-12-31,4,DESCONOCIDA
840,2015-01-01,2021-05-01,6,FACULTAD DE CIENCIAS DE LA VIDA
842,2013-01-01,2018-12-31,6,DESCONOCIDA
842,2019-01-01,2019-04-30,1,CENTRO DE ESTUDIOS DEL MEDIO AMBIENTE
843,1984-05-14,1984-09-29,1,DESCONOCIDA
843,1987-09-03,1988-09-02,1,DESCONOCIDA
843,1988-10-01,1989-09-30,1,DESCONOCIDA
843,1994-09-21,1994-11-20,1,DESCONOCIDA
843,1998-05-12,1998-10-02,2,DESCONOCIDA
843,2010-01-01,2012-12-31,1,DESCONOCIDA
843,2013-01-01,2023-07-01,6,FACULTAD DE INGENIERÍA MECÁNICA Y CIENCIAS DE LA PRODUCCIÓN
844,1994-05-23,1994-10-07,1,DESCONOCIDA
844,1995-12-14,2013-12-31,7,DESCONOCIDA
844,2013-01-01,,13,FACULTAD DE CIENCIAS NATURALES Y MATEMÁTICAS
846,1984-10-22,1986-01-21,2,DESCONOCIDA
846,1987-03-09,1987-05-08,1,DESCONOCIDA
846,1987-05-18,1988-05-02,4,DESCONOCIDA
846,1988-05-16,1988-09-24,1,DESCONOCIDA
846,1988-10-17,1989-03-03,1,DESCONOCIDA
846,1989-03-15,1989-04-30,1,DESCONOCIDA
846,1989-05-08,1989-09-16,2,DESCONOCIDA
846,1989-10-02,1990-02-03,1,DESCONOCIDA
846,1990-05-28,1990-10-06,2,DESCONOCIDA
846,1990-10-22,1991-03-01,2,DESCONOCIDA
846,1991-06-03,1991-10-19,2,DESCONOCIDA
846,1996-05-02,1996-08-31,1,DESCONOCIDA
846,1998-02-10,1998-05-16,1,DESCONOCIDA
846,1998-05-25,1998-10-02,1,DESCONOCIDA
846,1998-10-19,1999-03-02,1,DESCONOCIDA
846,2013-01-01,2018-03-30,3,FACULTAD DE CIENCIAS SOCIALES Y HUMANÍSTICAS
846,2018-07-18,2018-07-20,1,FACULTAD DE CIENCIAS SOCIALES Y HUMANÍSTICAS
846,2019-02-25,2019-03-26,1,FACULTAD DE CIENCIAS SOCIALES Y HUMANÍSTICAS
846,2021-02-22,2021-03-12,1,FACULTAD DE CIENCIAS SOCIALES Y HUMANÍSTICAS
846,2021-12-27,2021-12-31,1,FACULTAD DE CIENCIAS SOCIALES Y HUMANÍSTICAS
846,2022-02-21,2022-03-15,1,FACULTAD DE CIENCIAS SOCIALES Y HUMANÍSTICAS
846,2022-12-27,2022-12-30,1,FACULTAD DE CIENCIAS SOCIALES Y HUMANÍSTICAS
846,2023-02-22,2023-03-17,1,FACULTAD DE CIENCIAS SOCIALES Y HUMANÍSTICAS
846,2023-12-26,2023-12-29,1,FACULTAD DE CIENCIAS SOCIALES Y HUMANÍSTICAS
846,2024-02-19,2024-03-13,1,FACULTAD DE CIENCIAS SOCIALES Y HUMANÍSTICAS
846,2024-12-23,2024-12-24,1,FACULTAD DE CIENCIAS SOCIALES Y HUMANÍSTICAS
846,2024-12-26,2024-12-31,1,FACULTAD DE CIENCIAS SOCIALES Y HUMANÍSTICAS
846,2025-01-10,2025-01-10,1,FACULTAD DE CIENCIAS SOCIALES Y HUMANÍSTICAS
846,2025-01-28,2025-01-30,1,FACULTAD DE CIENCIAS SOCIALES Y HUMANÍSTICAS
846,2025-02-17,2025-02-28,1,FACULTAD DE CIENCIAS SOCIALES Y HUMANÍSTICAS
846,2025-03-05,2025-03-14,1,FACULTAD DE CIENCIAS SOCIALES Y HUMANÍSTICAS
846,2025-03-17,2025-03-26,1,FACULTAD DE CIENCIAS SOCIALES Y HUMANÍSTICAS
846,2025-04-28,2025-05-01,1,FACULTAD DE CIENCIAS SOCIALES Y HUMANÍSTICAS
846,2025-06-02,2025-06-12,1,FACULTAD DE CIENCIAS SOCIALES Y HUMANÍSTICAS
846,2025-06-17,2025-06-20,1,FACULTAD DE CIENCIAS SOCIALES Y HUMANÍSTICAS
846,2025-07-15,2025-07-20,1,FACULTAD DE CIENCIAS SOCIALES Y HUMANÍSTICAS
846,2025-09-29,2025-10-03,1,FACULTAD DE CIENCIAS SOCIALES Y HUMANÍSTICAS
846,2025-10-19,2025-10-23,1,FACULTAD DE CIENCIAS SOCIALES Y HUMANÍSTICAS
846,2025-11-05,2025-11-09,1,FACULTAD DE CIENCIAS SOCIALES Y HUMANÍSTICAS
846,2025-12-26,2025-12-31,1,FACULTAD DE CIENCIAS SOCIALES Y HUMANÍSTICAS
846,2026-02-23,2026-03-23,1,FACULTAD DE CIENCIAS SOCIALES Y HUMANÍSTICAS
846,2026-03-25,2026-03-27,1,FACULTAD DE CIENCIAS SOCIALES Y HUMANÍSTICAS
846,2026-03-30,2026-03-30,1,FACULTAD DE CIENCIAS SOCIALES Y HUMANÍSTICAS
846,2026-04-09,2026-04-24,1,FACULTAD DE CIENCIAS SOCIALES Y HUMANÍSTICAS
846,2026-06-09,2026-06-15,1,FACULTAD DE CIENCIAS SOCIALES Y HUMANÍSTICAS
846,2026-07-14,2026-07-18,1,FACULTAD DE CIENCIAS SOCIALES Y HUMANÍSTICAS
846,2026-07-23,2026-07-23,1,FACULTAD DE CIENCIAS SOCIALES Y HUMANÍSTICAS
846,2026-08-11,2026-08-11,1,FACULTAD DE CIENCIAS SOCIALES Y HUMANÍSTICAS
846,1999-04-24,2022-08-11,49,DESCONOCIDA
846,2026-08-31,,2,FACULTAD DE CIENCIAS SOCIALES Y HUMANÍSTICAS
850,1990-05-28,1990-10-06,1,DESCONOCIDA
850,1990-10-22,1995-02-28,8,DESCONOCIDA
850,1995-05-22,1995-10-06,1,DESCONOCIDA
850,1997-10-01,1998-02-27,2,DESCONOCIDA
850,1998-05-25,1998-10-02,1,DESCONOCIDA
850,1998-10-19,1999-03-02,1,DESCONOCIDA
850,1999-05-25,1999-10-02,1,DESCONOCIDA
850,2000-05-25,2000-09-22,1,DESCONOCIDA
850,2001-05-21,2001-09-28,1,DESCONOCIDA
850,2002-05-20,2002-09-27,1,DESCONOCIDA
850,2004-10-18,2005-03-08,1,DESCONOCIDA
850,2005-10-17,2006-03-03,1,DESCONOCIDA
850,2006-10-17,2007-03-06,1,DESCONOCIDA
850,2007-05-14,2007-09-22,1,DESCONOCIDA
850,2007-10-15,2008-03-05,1,DESCONOCIDA
850,2008-05-19,2008-09-26,1,DESCONOCIDA
850,2008-10-13,2009-03-02,1,DESCONOCIDA
850,2009-05-18,2009-09-25,1,DESCONOCIDA
850,2009-10-12,2010-03-02,2,DESCONOCIDA
850,2010-05-17,2013-05-16,4,DESCONOCIDA
850,2015-01-01,2015-03-13,1,"FACULTAD DE INGENIERIA MARÍTIMA, CIENCIAS BIOLÓGICAS, OCEÁNICAS Y RECURSOS NATURALES"
850,2015-05-01,2016-12-31,1,FACULTAD DE INGENIERÍA MARÍTIMA Y CIENCIAS DEL MAR
850,2019-01-24,2020-09-30,4,FACULTAD DE INGENIERÍA MARÍTIMA Y CIENCIAS DEL MAR
850,2020-10-12,2021-02-19,2,FACULTAD DE INGENIERÍA MARÍTIMA Y CIENCIAS DEL MAR
850,2021-05-17,2021-09-24,1,FACULTAD DE INGENIERÍA MARÍTIMA Y CIENCIAS DEL MAR
850,2021-10-04,2022-02-18,2,FACULTAD DE INGENIERÍA MARÍTIMA Y CIENCIAS DEL MAR
850,2022-05-16,2022-09-23,1,FACULTAD DE INGENIERÍA MARÍTIMA Y CIENCIAS DEL MAR
850,2017-01-01,2017-12-31,1,DESCONOCIDA
850,2018-01-01,2019-01-23,2,"FACULTAD DE INGENIERIA MARÍTIMA, CIENCIAS BIOLÓGICAS, OCEÁNICAS Y RECURSOS NATURALES"
850,2022-10-03,2023-02-17,3,FACULTAD DE INGENIERÍA MARÍTIMA Y CIENCIAS DEL MAR
851,1984-01-16,1984-10-15,2,DESCONOCIDA
851,1984-12-04,1985-01-03,1,DESCONOCIDA
851,1989-04-01,1989-04-30,1,DESCONOCIDA
851,1991-02-01,1994-01-31,4,DESCONOCIDA
851,2019-04-01,2019-04-30,1,FACULTAD DE INGENIERÍA MARÍTIMA Y CIENCIAS DEL MAR
851,2019-07-01,2019-07-26,1,FACULTAD DE INGENIERÍA MARÍTIMA Y CIENCIAS DEL MAR
851,2019-10-07,2019-10-18,1,FACULTAD DE INGENIERÍA MARÍTIMA Y CIENCIAS DEL MAR
851,2020-03-10,2020-04-30,2,FACULTAD DE INGENIERÍA MARÍTIMA Y CIENCIAS DEL MAR
851,2019-01-24,2022-11-12,1,DESCONOCIDA
851,2013-01-01,2019-01-23,3,"FACULTAD DE INGENIERIA MARÍTIMA, CIENCIAS BIOLÓGICAS, OCEÁNICAS Y RECURSOS NATURALES"
851,2021-02-22,,30,FACULTAD DE INGENIERÍA MARÍTIMA Y CIENCIAS DEL MAR
858,1987-11-04,2014-12-31,7,DESCONOCIDA
858,2015-01-01,2020-08-01,5,FACULTAD DE CIENCIAS SOCIALES Y HUMANÍSTICAS
862,1982-05-03,1984-02-29,3,DESCONOCIDA
862,1984-03-20,2014-12-31,6,DESCONOCIDA
862,2015-01-01,2020-02-01,5,GERENCIA FINANCIERA
865,1981-07-16,2009-12-31,22,DESCONOCIDA
865,2015-01-01,2015-01-01,1,DESCONOCIDA
865,2010-01-01,2014-05-14,1,GERENCIA DE TECNOLOGÍAS Y SISTEMAS DE INFORMACIÓN
865,2018-05-01,2018-06-08,2,GERENCIA DE TECNOLOGÍAS Y SISTEMAS DE INFORMACIÓN
865,2018-06-28,2018-07-20,1,GERENCIA DE TECNOLOGÍAS Y SISTEMAS DE INFORMACIÓN
865,2014-05-15,2018-12-31,7,SUBGERENCIA DE SERVICIOS INFORMÁTICOS
865,2015-03-01,2019-09-01,5,DESCONOCIDA
865,2019-10-28,2019-10-31,1,DESCONOCIDA
865,2020-10-12,2020-10-15,1,DESCONOCIDA
865,2021-03-22,2021-04-01,1,DESCONOCIDA
865,2021-10-14,2021-10-27,1,DESCONOCIDA
865,2021-11-01,2021-11-01,1,DESCONOCIDA
865,2019-01-01,2021-10-31,6,GERENCIA DE TECNOLOGÍAS Y SISTEMAS DE INFORMACIÓN
865,2019-09-02,2019-09-04,1,SUBGERENCIA DE SERVICIOS INFORMÁTICOS
866,1981-05-01,1982-04-30,1,DESCONOCIDA
866,1982-05-25,2014-12-31,4,DESCONOCIDA
866,2015-01-01,2021-04-01,2,DIRECCIÓN DE ADQUISICIONES Y SUMINISTROS
869,1990-06-05,2014-10-31,9,DESCONOCIDA
869,2018-05-01,2019-04-30,2,DESCONOCIDA
869,2014-11-01,2020-06-01,4,"FACULTAD DE INGENIERIA MARÍTIMA, CIENCIAS BIOLÓGICAS, OCEÁNICAS Y RECURSOS NATURALES"
869,2019-01-24,2020-05-31,3,FACULTAD DE INGENIERÍA MARÍTIMA Y CIENCIAS DEL MAR
870,2004-05-17,2004-09-25,1,DESCONOCIDA
870,2004-10-18,2005-03-08,1,DESCONOCIDA
870,2005-05-16,2005-09-24,1,DESCONOCIDA
870,2005-10-17,2006-03-03,2,DESCONOCIDA
870,2006-05-15,2006-09-23,2,DESCONOCIDA
870,2006-10-17,2007-03-06,2,DESCONOCIDA
870,2007-03-12,2007-05-09,1,DESCONOCIDA
870,2007-05-14,2007-09-22,2,DESCONOCIDA
870,2007-10-15,2008-03-05,2,DESCONOCIDA
870,2008-05-19,2008-09-26,2,DESCONOCIDA
870,2008-10-13,2009-03-02,1,DESCONOCIDA
870,2013-05-13,2014-09-30,1,DESCONOCIDA
870,2014-10-01,2026-04-30,32,FACULTAD DE CIENCIAS NATURALES Y MATEMÁTICAS
874,2013-01-01,2021-05-01,3,FACULTAD DE INGENIERÍA MECÁNICA Y CIENCIAS DE LA PRODUCCIÓN
878,1989-10-01,1990-11-30,2,DESCONOCIDA
878,1991-11-01,1992-10-31,1,DESCONOCIDA
878,1994-03-01,1995-02-28,1,DESCONOCIDA
878,1996-04-01,2014-12-31,10,DESCONOCIDA
878,2015-01-01,2021-04-21,8,GERENCIA FINANCIERA
883,1980-08-25,1981-08-24,1,DESCONOCIDA
883,1981-09-29,2014-12-31,6,DESCONOCIDA
883,2015-01-01,2020-08-01,6,GERENCIA FINANCIERA
888,2021-10-01,2025-03-31,10,DIRECCIÓN DE SERVICIOS GENERALES
891,1983-12-20,2014-12-31,21,DESCONOCIDA
891,2022-03-01,2022-03-01,1,DESCONOCIDA
891,2015-01-01,2022-02-28,9,FACULTAD DE INGENIERÍA MECÁNICA Y CIENCIAS DE LA PRODUCCIÓN
893,1981-06-01,1981-08-31,1,DESCONOCIDA
893,1982-10-01,2014-12-31,3,DESCONOCIDA
893,2015-01-01,2020-10-01,5,FACULTAD DE INGENIERÍA EN ELECTRICIDAD Y COMPUTACIÓN
898,1992-05-25,1992-10-03,1,DESCONOCIDA
898,1995-10-16,1998-10-14,4,DESCONOCIDA
898,1998-11-15,2019-11-09,13,DESCONOCIDA
898,2013-01-01,2021-10-01,5,FACULTAD DE INGENIERÍA MECÁNICA Y CIENCIAS DE LA PRODUCCIÓN
903,1995-02-21,2020-08-26,19,DESCONOCIDA
903,2015-01-01,2020-12-01,9,GERENCIA JURÍDICA
912,1987-10-19,1988-02-27,2,DESCONOCIDA
912,1988-05-16,1988-09-24,1,DESCONOCIDA
912,1988-10-17,1989-03-03,1,DESCONOCIDA
912,1989-05-08,1989-09-16,1,DESCONOCIDA
912,1989-10-02,1990-02-03,1,DESCONOCIDA
912,1990-05-28,1990-10-06,1,DESCONOCIDA
912,1991-06-10,1991-10-19,1,DESCONOCIDA
912,1991-10-29,2012-12-31,18,DESCONOCIDA
912,2013-01-01,,13,FACULTAD DE INGENIERÍA MECÁNICA Y CIENCIAS DE LA PRODUCCIÓN
913,1981-10-01,2015-12-31,6,DESCONOCIDA
913,2016-01-01,2016-12-31,1,FACULTAD DE INGENIERÍA MECÁNICA Y CIENCIAS DE LA PRODUCCIÓN
913,2017-01-01,2018-12-31,2,DESCONOCIDA
913,2019-01-01,2021-05-31,2,FACULTAD DE INGENIERÍA MECÁNICA Y CIENCIAS DE LA PRODUCCIÓN
918,2006-06-01,2019-12-31,10,DESCONOCIDA
918,2020-01-01,2021-11-03,1,DIRECCIÓN DE SERVICIOS GENERALES
919,1985-03-19,1986-04-30,5,DESCONOCIDA
919,1987-01-01,2014-12-31,6,DESCONOCIDA
919,2015-01-01,2023-06-01,25,GERENCIA FINANCIERA
921,1987-08-11,2012-12-31,20,DESCONOCIDA
921,2018-11-12,2018-11-16,1,DESCONOCIDA
921,2019-07-03,2019-07-05,1,DESCONOCIDA
921,2013-01-01,2025-04-01,13,FACULTAD DE CIENCIAS DE LA VIDA
923,1994-05-23,1994-10-07,1,DESCONOCIDA
923,1994-10-17,1995-03-03,1,DESCONOCIDA
923,1995-05-22,1995-10-06,1,DESCONOCIDA
923,1995-10-16,1996-03-03,1,DESCONOCIDA
923,1996-05-20,1996-09-27,1,DESCONOCIDA
923,1996-10-14,1997-02-28,1,DESCONOCIDA
923,1997-05-26,1997-10-03,1,DESCONOCIDA
923,1997-10-20,1998-02-27,1,DESCONOCIDA
923,1998-05-25,1998-10-02,2,DESCONOCIDA
923,1998-10-19,1999-03-02,1,DESCONOCIDA
923,1999-05-25,1999-10-02,1,DESCONOCIDA
923,1999-11-11,2000-05-10,2,DESCONOCIDA
923,2000-05-15,2000-09-22,1,DESCONOCIDA
923,2000-10-10,2001-02-23,1,DESCONOCIDA
923,2001-03-12,2001-05-05,1,DESCONOCIDA
923,2001-05-21,2001-09-28,2,DESCONOCIDA
923,2001-10-22,2002-03-02,1,DESCONOCIDA
923,2002-03-11,2002-05-03,1,DESCONOCIDA
923,2002-05-20,2002-09-27,2,DESCONOCIDA
923,2002-10-21,2003-03-07,1,DESCONOCIDA
923,2003-05-19,2003-09-27,2,DESCONOCIDA
923,2003-10-20,2004-03-08,1,DESCONOCIDA
923,2004-05-17,2004-09-25,2,DESCONOCIDA
923,2004-10-18,2005-03-08,1,DESCONOCIDA
923,2005-05-16,2005-09-24,1,DESCONOCIDA
923,2005-10-17,2006-03-03,1,DESCONOCIDA
923,2006-05-02,2008-05-10,3,DESCONOCIDA
923,2012-05-01,2012-12-31,1,DESCONOCIDA
923,2019-02-21,2019-02-27,1,DESCONOCIDA
923,2019-03-06,2019-04-05,2,DESCONOCIDA
923,2019-04-17,2019-04-18,1,DESCONOCIDA
923,2019-07-16,2019-07-19,1,DESCONOCIDA
923,2021-03-15,2021-03-19,1,DESCONOCIDA
923,2021-06-14,2021-06-18,1,DESCONOCIDA
923,2021-09-27,2021-10-01,1,DESCONOCIDA
923,2013-01-01,,24,FACULTAD DE INGENIERÍA EN CIENCIAS DE LA TIERRA
926,2005-05-16,2005-09-24,1,DESCONOCIDA
926,2005-10-17,2006-03-03,1,DESCONOCIDA
926,2006-05-15,2006-09-23,1,DESCONOCIDA
926,2006-10-17,2007-03-06,1,DESCONOCIDA
926,2007-05-14,2007-09-22,1,DESCONOCIDA
926,2007-10-15,2008-03-05,1,DESCONOCIDA
926,2008-05-19,2008-09-26,1,DESCONOCIDA
926,2008-10-13,2009-03-02,1,DESCONOCIDA
926,2009-05-18,2009-09-25,1,DESCONOCIDA
926,2018-05-01,2018-09-21,1,"FACULTAD DE INGENIERIA MARÍTIMA, CIENCIAS BIOLÓGICAS, OCEÁNICAS Y RECURSOS NATURALES"
926,2019-05-13,2019-09-20,1,FACULTAD DE INGENIERÍA MARÍTIMA Y CIENCIAS DEL MAR
926,2021-05-17,2022-04-22,3,FACULTAD DE INGENIERÍA MARÍTIMA Y CIENCIAS DEL MAR
926,2009-10-12,2010-03-02,2,DESCONOCIDA
926,2018-10-01,2019-02-22,2,"FACULTAD DE INGENIERIA MARÍTIMA, CIENCIAS BIOLÓGICAS, OCEÁNICAS Y RECURSOS NATURALES"
926,2026-05-11,,1,FACULTAD DE INGENIERÍA MARÍTIMA Y CIENCIAS DEL MAR
931,1987-09-01,1987-11-30,1,DESCONOCIDA
931,1995-05-22,1995-10-06,1,DESCONOCIDA
931,1995-10-16,1996-03-03,1,DESCONOCIDA
931,1996-05-20,1996-09-27,1,DESCONOCIDA
931,1996-10-14,1997-10-14,2,DESCONOCIDA
931,1997-10-20,1998-02-27,1,DESCONOCIDA
931,1998-05-25,1998-10-02,1,DESCONOCIDA
931,1998-10-19,1999-03-02,1,DESCONOCIDA
931,1999-05-25,1999-10-02,1,DESCONOCIDA
931,2000-05-25,2000-09-22,1,DESCONOCIDA
931,2001-05-21,2001-09-28,1,DESCONOCIDA
931,2002-05-20,2002-09-27,1,DESCONOCIDA
931,2003-05-19,2003-09-27,2,DESCONOCIDA
931,2003-10-20,2004-03-08,1,DESCONOCIDA
931,2004-08-15,2005-08-14,1,DESCONOCIDA
931,2005-10-17,2006-03-03,1,DESCONOCIDA
931,2006-05-15,2006-09-23,2,DESCONOCIDA
931,2006-10-17,2007-03-06,1,DESCONOCIDA
931,2007-10-15,2008-03-05,1,DESCONOCIDA
931,2013-01-01,,13,FACULTAD DE CIENCIAS NATURALES Y MATEMÁTICAS
931,2016-01-12,2017-08-14,5,FACULTAD DE INGENIERÍA EN CIENCIAS DE LA TIERRA
938,1989-07-10,1993-10-09,6,DESCONOCIDA
938,1993-12-01,2014-12-31,4,DESCONOCIDA
938,2015-01-01,2022-07-03,6,FACULTAD DE INGENIERÍA MECÁNICA Y CIENCIAS DE LA PRODUCCIÓN
939,1989-01-05,2014-12-31,9,DESCONOCIDA
939,2015-01-01,2022-07-01,14,UNIDAD DE BIENESTAR ESTUDIANTIL Y POLITÉCNICO
944,1993-04-21,1994-01-20,2,DESCONOCIDA
944,1994-01-23,2014-12-31,14,DESCONOCIDA
944,2015-01-01,2022-06-01,8,FACULTAD DE CIENCIAS NATURALES Y MATEMÁTICAS
944,2021-02-08,2021-08-08,2,FACULTAD DE INGENIERÍA EN CIENCIAS DE LA TIERRA
946,1981-06-04,1981-09-03,1,DESCONOCIDA
946,1982-12-04,2000-03-14,7,DESCONOCIDA
946,2000-04-01,2000-09-30,1,DESCONOCIDA
946,2001-04-01,2003-11-30,5,DESCONOCIDA
946,2004-04-01,2014-12-31,4,DESCONOCIDA
946,2016-01-04,2016-01-10,1,DESCONOCIDA
946,2016-04-13,2016-05-08,1,DESCONOCIDA
946,2016-07-11,2016-07-15,1,DESCONOCIDA
946,2016-08-17,2016-08-30,1,DESCONOCIDA
946,2016-09-05,2016-09-09,1,DESCONOCIDA
946,2017-07-14,2017-07-21,1,DESCONOCIDA
946,2017-11-09,2017-11-17,1,DESCONOCIDA
946,2015-01-01,2021-04-01,13,GERENCIA FINANCIERA
946,2015-08-11,2015-08-21,1,FACULTAD DE CIENCIAS NATURALES Y MATEMÁTICAS
951,2013-01-01,2015-12-31,3,DESCONOCIDA
951,2016-01-01,2016-12-31,1,DIRECCIÓN DE SERVICIOS GENERALES
951,2017-01-01,2018-12-31,2,DESCONOCIDA
951,2019-01-01,2022-07-31,8,DIRECCIÓN DE SERVICIOS GENERALES
953,1990-11-01,1997-09-30,8,DESCONOCIDA
953,1997-11-13,2004-10-30,12,DESCONOCIDA
953,2006-07-06,2014-12-31,2,DESCONOCIDA
953,2015-01-01,2022-01-01,7,FACULTAD DE INGENIERÍA MECÁNICA Y CIENCIAS DE LA PRODUCCIÓN
954,1993-10-18,1994-03-04,1,DESCONOCIDA
954,1996-05-20,1996-09-27,1,DESCONOCIDA
954,1996-10-14,1997-02-28,1,DESCONOCIDA
954,1997-06-09,1997-09-27,1,DESCONOCIDA
954,1998-02-10,1998-05-16,1,DESCONOCIDA
954,2000-05-15,2000-09-22,3,DESCONOCIDA
954,2000-10-10,2001-02-23,3,DESCONOCIDA
954,2001-05-21,2001-09-28,5,DESCONOCIDA
954,2001-10-22,2002-03-02,4,DESCONOCIDA
954,2002-03-11,2002-05-03,1,DESCONOCIDA
954,2002-05-20,2002-09-27,2,DESCONOCIDA
954,2002-10-21,2023-03-07,29,DESCONOCIDA
954,2014-11-01,,12,FACULTAD DE INGENIERÍA MECÁNICA Y CIENCIAS DE LA PRODUCCIÓN
955,2007-12-06,2007-12-30,1,DESCONOCIDA
955,2019-02-08,2019-02-27,1,ESCUELA DE POSTGRADO EN ADMINISTRACIÓN DE EMPRESAS
955,2008-05-05,2014-10-31,12,DESCONOCIDA
955,2019-03-18,2019-04-17,1,ESCUELA DE POSTGRADO EN ADMINISTRACIÓN DE EMPRESAS
955,2014-05-01,2024-02-29,8,FACULTAD DE CIENCIAS SOCIALES Y HUMANÍSTICAS
955,2024-06-03,2024-06-28,1,FACULTAD DE CIENCIAS SOCIALES Y HUMANÍSTICAS
955,2024-10-14,2024-10-31,1,FACULTAD DE CIENCIAS SOCIALES Y HUMANÍSTICAS
955,2024-11-06,2024-11-29,1,FACULTAD DE CIENCIAS SOCIALES Y HUMANÍSTICAS
955,2024-12-23,2024-12-24,1,FACULTAD DE CIENCIAS SOCIALES Y HUMANÍSTICAS
955,2024-12-26,2024-12-31,1,FACULTAD DE CIENCIAS SOCIALES Y HUMANÍSTICAS
955,2025-02-17,2025-02-28,1,FACULTAD DE CIENCIAS SOCIALES Y HUMANÍSTICAS
955,2025-03-05,2025-03-18,1,FACULTAD DE CIENCIAS SOCIALES Y HUMANÍSTICAS
955,2025-12-26,2025-12-31,1,FACULTAD DE CIENCIAS SOCIALES Y HUMANÍSTICAS
955,2026-02-18,2026-03-11,1,FACULTAD DE CIENCIAS SOCIALES Y HUMANÍSTICAS
955,2026-05-12,2026-05-13,1,FACULTAD DE CIENCIAS SOCIALES Y HUMANÍSTICAS
955,2026-06-03,2026-06-06,1,FACULTAD DE CIENCIAS SOCIALES Y HUMANÍSTICAS
955,2020-10-12,2020-10-16,1,DESCONOCIDA
955,2026-08-31,,1,FACULTAD DE CIENCIAS SOCIALES Y HUMANÍSTICAS
955,2021-02-01,2024-02-07,24,ESCUELA DE POSTGRADO EN ADMINISTRACIÓN DE EMPRESAS
958,2000-10-10,2001-02-23,1,DESCONOCIDA
958,2012-07-09,2012-10-14,1,DESCONOCIDA
958,2012-12-21,2013-02-26,1,DESCONOCIDA
958,2013-05-13,2013-09-20,1,DESCONOCIDA
958,2016-01-01,2017-03-31,2,FACULTAD DE CIENCIAS NATURALES Y MATEMÁTICAS
958,2017-05-02,2017-09-22,1,FACULTAD DE CIENCIAS NATURALES Y MATEMÁTICAS
958,2017-11-01,2019-02-22,3,FACULTAD DE CIENCIAS NATURALES Y MATEMÁTICAS
958,2013-10-14,2015-12-31,3,DESCONOCIDA
958,2023-01-09,2023-01-31,1,FACULTAD DE CIENCIAS NATURALES Y MATEMÁTICAS
958,2019-02-23,2020-02-21,2,VICERRECTORADO ACADÉMICO
958,2020-02-22,2021-12-31,5,DECANATO DE GRADO
964,1990-10-22,1991-03-01,1,DESCONOCIDA
964,1991-06-10,1991-10-19,1,DESCONOCIDA
964,1991-11-04,1992-03-06,1,DESCONOCIDA
964,1993-02-08,1993-05-21,1,DESCONOCIDA
964,1993-09-01,1993-12-31,1,DESCONOCIDA
964,1994-09-01,1994-12-31,1,DESCONOCIDA
964,1995-06-12,1995-11-25,1,DESCONOCIDA
964,1997-02-03,1997-05-10,1,DESCONOCIDA
964,1997-06-09,1997-09-27,1,DESCONOCIDA
964,1998-02-10,1998-05-16,1,DESCONOCIDA
964,2000-05-15,2000-09-22,3,DESCONOCIDA
964,2000-10-10,2001-02-23,2,DESCONOCIDA
964,2001-03-12,2001-05-05,1,DESCONOCIDA
964,2001-05-21,2001-09-28,4,DESCONOCIDA
964,2001-10-22,2002-03-02,3,DESCONOCIDA
964,2002-05-20,2002-09-27,2,DESCONOCIDA
964,2002-10-21,2003-03-07,1,DESCONOCIDA
964,2003-05-19,2003-09-27,1,DESCONOCIDA
964,2003-10-20,2004-05-08,3,DESCONOCIDA
964,2004-05-17,2004-09-25,2,DESCONOCIDA
964,2004-10-18,2005-03-08,2,DESCONOCIDA
964,2005-05-16,2005-09-24,3,DESCONOCIDA
964,2005-10-17,2006-03-03,1,DESCONOCIDA
964,2006-03-08,2006-04-29,1,DESCONOCIDA
964,2006-05-15,2006-09-23,1,DESCONOCIDA
964,2006-10-17,2007-03-06,1,DESCONOCIDA
964,2007-05-14,2007-09-22,2,DESCONOCIDA
964,2007-10-15,2008-03-05,1,DESCONOCIDA
964,2008-03-10,2008-05-10,1,DESCONOCIDA
964,2008-05-19,2008-09-26,1,DESCONOCIDA
964,2008-10-13,2009-03-02,1,DESCONOCIDA
964,2009-05-18,2014-10-31,5,DESCONOCIDA
964,2014-11-01,,15,FACULTAD DE CIENCIAS NATURALES Y MATEMÁTICAS
969,1981-10-15,1982-10-14,2,DESCONOCIDA
969,1984-02-09,1984-05-08,1,DESCONOCIDA
969,1984-05-28,1985-05-19,1,DESCONOCIDA
969,1985-06-01,2014-12-31,14,DESCONOCIDA
969,2015-07-27,2015-08-09,1,DESCONOCIDA
969,2018-09-10,2018-09-18,1,DIRECCIÓN DE LA SECRETARÍA TÉCNICA DE ASEGURAMIENTO DE LA CALIDAD DE LA EDUCACIÓN SUPERIOR
969,2018-12-05,2019-02-26,1,DIRECCIÓN DE LA SECRETARÍA TÉCNICA DE ASEGURAMIENTO DE LA CALIDAD DE LA EDUCACIÓN SUPERIOR
969,2019-12-16,2019-12-20,1,UNIDAD DE VINCULACIÓN CON LA SOCIEDAD
969,2015-01-01,2020-08-05,3,CENTRO DE PROMOCIÓN Y EMPLEO
969,2016-11-07,2016-11-20,1,DESCONOCIDA
969,2021-02-17,2021-02-26,1,CENTRO DE PROMOCIÓN Y EMPLEO
969,2019-05-13,2019-05-15,1,DIRECCIÓN DE LA SECRETARÍA TÉCNICA DE ASEGURAMIENTO DE LA CALIDAD DE LA EDUCACIÓN SUPERIOR
969,2020-08-06,2022-01-31,6,UNIDAD DE VINCULACIÓN CON LA SOCIEDAD
969,2022-02-01,2022-08-01,2,DECANATO DE VINCULACIÓN
972,1999-03-15,2002-12-30,7,DESCONOCIDA
972,2004-01-01,2014-12-31,8,DESCONOCIDA
972,2015-01-01,2026-04-01,42,FACULTAD DE CIENCIAS NATURALES Y MATEMÁTICAS
973,1989-02-20,1989-05-19,1,DESCONOCIDA
973,1993-02-08,1993-05-21,1,DESCONOCIDA
973,1994-02-16,1998-10-02,12,DESCONOCIDA
973,1998-10-19,1999-03-02,1,DESCONOCIDA
973,1999-05-25,1999-10-02,1,DESCONOCIDA
973,2000-05-15,2000-09-22,1,DESCONOCIDA
973,2000-10-10,2001-02-23,4,DESCONOCIDA
973,2001-03-12,2001-05-05,2,DESCONOCIDA
973,2001-05-21,2004-09-25,36,DESCONOCIDA
973,2004-10-18,2005-04-30,6,DESCONOCIDA
973,2005-05-16,2005-09-24,3,DESCONOCIDA
973,2010-01-01,2012-12-31,1,DESCONOCIDA
973,2013-01-01,2024-10-01,8,FACULTAD DE CIENCIAS SOCIALES Y HUMANÍSTICAS
975,1985-05-27,1985-12-31,3,DESCONOCIDA
975,1986-02-04,1988-10-31,5,DESCONOCIDA
975,1989-11-01,2002-03-30,3,DESCONOCIDA
975,2003-03-01,2014-12-31,12,DESCONOCIDA
975,2021-02-08,2021-08-08,1,DESCONOCIDA
975,2015-01-01,,43,FACULTAD DE INGENIERÍA EN CIENCIAS DE LA TIERRA
975,2021-02-17,2021-03-03,1,FACULTAD DE CIENCIAS DE LA VIDA
977,2013-01-01,2015-12-31,3,DESCONOCIDA
977,2016-01-01,2016-12-31,1,FACULTAD DE CIENCIAS SOCIALES Y HUMANÍSTICAS
977,2017-01-01,2018-12-31,2,DESCONOCIDA
977,2019-01-01,2023-05-31,7,FACULTAD DE CIENCIAS SOCIALES Y HUMANÍSTICAS
978,1984-08-15,2014-12-31,8,DESCONOCIDA
978,2018-04-16,2018-05-15,1,RECTORADO
978,2021-03-02,2021-03-19,1,RECTORADO
978,2021-10-06,2021-10-13,1,RECTORADO
978,2018-05-21,2021-11-30,1,DESCONOCIDA
978,2022-06-01,2022-06-01,1,DESCONOCIDA
978,2015-01-01,2018-05-20,1,GERENCIA JURÍDICA
978,2021-12-01,2022-05-31,4,RECTORADO
981,1990-05-28,1990-10-06,1,DESCONOCIDA
981,1990-10-22,1991-03-01,1,DESCONOCIDA
981,1996-02-12,1996-05-18,1,DESCONOCIDA
981,1996-06-10,1996-09-28,1,DESCONOCIDA
981,1997-02-03,1997-05-10,1,DESCONOCIDA
981,1997-06-09,1997-09-27,1,DESCONOCIDA
981,1998-02-10,1998-05-16,1,DESCONOCIDA
981,2000-10-10,2001-02-23,1,DESCONOCIDA
981,2001-05-21,2001-09-28,4,DESCONOCIDA
981,2001-10-22,2002-03-02,2,DESCONOCIDA
981,2002-05-20,2002-09-27,3,DESCONOCIDA
981,2002-10-21,2003-03-07,3,DESCONOCIDA
981,2003-05-19,2003-09-27,2,DESCONOCIDA
981,2003-10-20,2004-03-08,2,DESCONOCIDA
981,2004-05-17,2004-09-25,2,DESCONOCIDA
981,2004-10-18,2005-03-08,2,DESCONOCIDA
981,2005-05-16,2005-09-24,2,DESCONOCIDA
981,2005-10-17,2006-03-03,2,DESCONOCIDA
981,2006-05-15,2006-09-23,3,DESCONOCIDA
981,2006-10-17,2007-03-06,2,DESCONOCIDA
981,2007-05-14,2007-09-22,2,DESCONOCIDA
981,2007-10-15,2008-03-05,1,DESCONOCIDA
981,2008-05-19,2008-09-26,1,DESCONOCIDA
981,2008-10-13,2009-03-02,1,DESCONOCIDA
981,2009-10-12,2010-03-02,2,DESCONOCIDA
981,2013-10-14,2013-12-31,1,DESCONOCIDA
981,2017-05-02,2017-09-22,1,FACULTAD DE CIENCIAS NATURALES Y MATEMÁTICAS
981,2017-10-04,2018-03-02,2,FACULTAD DE CIENCIAS NATURALES Y MATEMÁTICAS
981,2018-05-02,2018-09-21,1,FACULTAD DE CIENCIAS NATURALES Y MATEMÁTICAS
981,2018-10-01,2019-05-03,2,FACULTAD DE CIENCIAS NATURALES Y MATEMÁTICAS
981,2019-05-13,2019-12-31,1,FACULTAD DE CIENCIAS NATURALES Y MATEMÁTICAS
981,2015-05-01,2017-03-17,2,DESCONOCIDA
981,2020-02-22,,23,FACULTAD DE CIENCIAS NATURALES Y MATEMÁTICAS
981,2020-01-01,2020-02-21,1,DIRECCIÓN DE ADMISIONES
986,2001-05-21,2001-09-28,1,DESCONOCIDA
986,2001-10-22,2002-03-02,1,DESCONOCIDA
986,2002-05-20,2002-09-27,2,DESCONOCIDA
986,2002-10-21,2003-03-07,2,DESCONOCIDA
986,2003-05-19,2003-09-27,2,DESCONOCIDA
986,2003-10-20,2004-03-08,2,DESCONOCIDA
986,2004-05-01,2004-09-30,2,DESCONOCIDA
986,2004-10-18,2005-04-30,3,DESCONOCIDA
986,2005-05-02,2009-04-30,11,DESCONOCIDA
986,2011-10-10,2012-02-24,1,DESCONOCIDA
986,2012-10-10,2013-10-09,1,DESCONOCIDA
986,2014-04-01,2014-12-31,1,DESCONOCIDA
986,2015-03-01,2016-07-31,1,GERENCIA DE TECNOLOGÍAS Y SISTEMAS DE INFORMACIÓN
986,2016-08-01,,22,FACULTAD DE INGENIERÍA EN ELECTRICIDAD Y COMPUTACIÓN
988,1993-05-25,1993-10-08,1,DESCONOCIDA
988,1993-10-18,1994-03-04,1,DESCONOCIDA
988,1994-10-17,1995-03-03,1,DESCONOCIDA
988,1999-10-19,2000-03-03,1,DESCONOCIDA
988,2000-05-25,2000-09-22,1,DESCONOCIDA
988,2000-10-10,2001-02-23,1,DESCONOCIDA
988,2002-03-01,2003-03-07,2,DESCONOCIDA
988,2013-01-01,2019-04-26,4,FACULTAD DE INGENIERÍA EN ELECTRICIDAD Y COMPUTACIÓN
988,2021-04-12,2021-05-14,1,FACULTAD DE INGENIERÍA EN ELECTRICIDAD Y COMPUTACIÓN
988,2021-09-27,2021-10-01,1,FACULTAD DE INGENIERÍA EN ELECTRICIDAD Y COMPUTACIÓN
988,2022-03-16,2022-03-18,1,FACULTAD DE INGENIERÍA EN ELECTRICIDAD Y COMPUTACIÓN
988,2022-04-18,2022-04-22,1,FACULTAD DE INGENIERÍA EN ELECTRICIDAD Y COMPUTACIÓN
988,2022-04-28,2022-04-29,1,FACULTAD DE INGENIERÍA EN ELECTRICIDAD Y COMPUTACIÓN
988,2022-09-27,2022-09-30,1,FACULTAD DE INGENIERÍA EN ELECTRICIDAD Y COMPUTACIÓN
988,2022-12-27,2022-12-30,1,FACULTAD DE INGENIERÍA EN ELECTRICIDAD Y COMPUTACIÓN
988,2023-03-13,2023-03-31,1,FACULTAD DE INGENIERÍA EN ELECTRICIDAD Y COMPUTACIÓN
988,2023-04-18,2023-04-27,1,FACULTAD DE INGENIERÍA EN ELECTRICIDAD Y COMPUTACIÓN
988,2023-06-01,2023-06-02,1,FACULTAD DE INGENIERÍA EN ELECTRICIDAD Y COMPUTACIÓN
988,2023-09-19,2023-09-21,1,FACULTAD DE INGENIERÍA EN ELECTRICIDAD Y COMPUTACIÓN
988,2023-12-26,2023-12-29,1,FACULTAD DE INGENIERÍA EN ELECTRICIDAD Y COMPUTACIÓN
988,2024-02-14,2024-02-16,1,FACULTAD DE INGENIERÍA EN ELECTRICIDAD Y COMPUTACIÓN
988,2024-04-29,2024-05-02,1,FACULTAD DE INGENIERÍA EN ELECTRICIDAD Y COMPUTACIÓN
988,2024-05-06,2024-05-08,1,FACULTAD DE INGENIERÍA EN ELECTRICIDAD Y COMPUTACIÓN
988,2024-09-19,2024-09-25,1,FACULTAD DE INGENIERÍA EN ELECTRICIDAD Y COMPUTACIÓN
988,2024-11-15,2024-11-22,3,FACULTAD DE INGENIERÍA EN ELECTRICIDAD Y COMPUTACIÓN
988,2024-12-26,2024-12-31,1,FACULTAD DE INGENIERÍA EN ELECTRICIDAD Y COMPUTACIÓN
988,2025-02-07,2025-02-10,1,FACULTAD DE INGENIERÍA EN ELECTRICIDAD Y COMPUTACIÓN
988,2025-02-14,2025-02-17,1,FACULTAD DE INGENIERÍA EN ELECTRICIDAD Y COMPUTACIÓN
988,2025-03-25,2025-03-27,1,FACULTAD DE INGENIERÍA EN ELECTRICIDAD Y COMPUTACIÓN
988,2025-04-09,2025-04-15,1,FACULTAD DE INGENIERÍA EN ELECTRICIDAD Y COMPUTACIÓN
988,2025-04-21,2025-04-22,1,FACULTAD DE INGENIERÍA EN ELECTRICIDAD Y COMPUTACIÓN
988,2003-11-13,2012-12-31,4,DESCONOCIDA
988,2025-10-01,,1,FACULTAD DE INGENIERÍA EN ELECTRICIDAD Y COMPUTACIÓN
990,1998-05-01,2004-12-30,10,DESCONOCIDA
990,2005-12-01,2014-12-31,3,DESCONOCIDA
990,2015-01-01,,48,FACULTAD DE CIENCIAS SOCIALES Y HUMANÍSTICAS
999,1998-10-19,1999-03-02,1,DESCONOCIDA
999,1999-10-18,2000-03-03,1,DESCONOCIDA
999,2000-10-10,2001-02-23,2,DESCONOCIDA
999,2001-05-01,2002-03-02,4,DESCONOCIDA
999,2002-05-20,2002-09-27,1,DESCONOCIDA
999,2002-10-21,2003-03-07,2,DESCONOCIDA
999,2003-05-19,2003-09-27,1,DESCONOCIDA
999,2003-10-01,2004-03-08,2,DESCONOCIDA
999,2010-01-01,2012-12-31,4,DESCONOCIDA
999,2013-01-01,,13,FACULTAD DE INGENIERÍA MECÁNICA Y CIENCIAS DE LA PRODUCCIÓN
999,2022-09-01,,27,GERENCIA DE PLANIFICACIÓN ESTRATÉGICA
1000,1984-05-22,2014-12-31,9,DESCONOCIDA
1000,2015-01-01,2022-03-01,14,DIRECCIÓN DE LA SECRETARÍA TÉCNICA ACADEMICA
1001,1991-02-18,1992-02-17,1,DESCONOCIDA
1001,1999-11-24,2000-05-23,1,DESCONOCIDA
1001,2000-06-01,2000-11-30,1,DESCONOCIDA
1001,2001-04-01,2002-03-30,4,DESCONOCIDA
1001,2007-05-09,2014-10-31,8,DESCONOCIDA
1001,2016-03-24,2016-04-12,2,DESCONOCIDA
1001,2016-10-17,2016-10-17,1,FACULTAD DE CIENCIAS DE LA VIDA
1001,2016-10-04,2016-10-22,2,DESCONOCIDA
1001,2016-10-23,2016-11-06,1,FACULTAD DE CIENCIAS DE LA VIDA
1001,2016-11-07,2016-11-19,3,DESCONOCIDA
1001,2016-11-20,2016-12-04,1,FACULTAD DE CIENCIAS DE LA VIDA
1001,2016-12-05,2016-12-07,1,DESCONOCIDA
1001,2017-01-09,2017-01-20,1,DESCONOCIDA
1001,2017-01-24,2017-01-25,1,DESCONOCIDA
1001,2017-03-14,2017-03-15,1,DESCONOCIDA
1001,2017-03-20,2017-03-31,1,DESCONOCIDA
1001,2016-12-08,2017-01-08,1,FACULTAD DE CIENCIAS DE LA VIDA
1001,2017-04-03,2017-04-29,2,DESCONOCIDA
1001,2017-04-30,2017-04-30,1,FACULTAD DE CIENCIAS DE LA VIDA
1001,2017-05-19,2017-05-19,1,DESCONOCIDA
1001,2017-07-03,2017-04-07,1,DESCONOCIDA
1001,2017-08-18,2017-08-30,1,DESCONOCIDA
1001,2017-09-05,2017-09-12,1,DESCONOCIDA
1001,2017-09-28,2017-10-02,1,DESCONOCIDA
1001,2017-10-28,2017-11-11,1,DESCONOCIDA
1001,2017-05-20,2017-05-20,1,FACULTAD DE CIENCIAS DE LA VIDA
1001,2017-12-10,2017-12-22,4,DESCONOCIDA
1001,2018-01-14,2018-01-18,1,DESCONOCIDA
1001,2018-05-16,2018-05-25,1,DESCONOCIDA
1001,2018-09-11,2018-09-20,2,DESCONOCIDA
1001,2019-04-01,2019-04-05,1,DESCONOCIDA
1001,2019-05-13,2019-05-21,1,DESCONOCIDA
1001,2019-06-17,2019-07-30,2,DESCONOCIDA
1001,2020-03-02,2020-03-10,1,DESCONOCIDA
1001,2014-11-01,2015-08-19,1,"FACULTAD DE INGENIERIA MARÍTIMA, CIENCIAS BIOLÓGICAS, OCEÁNICAS Y RECURSOS NATURALES"
1001,2015-08-20,2017-12-31,1,FACULTAD DE CIENCIAS NATURALES Y MATEMÁTICAS
1001,2018-01-01,,22,FACULTAD DE CIENCIAS DE LA VIDA
1003,2004-06-03,2014-10-31,25,DESCONOCIDA
1003,2014-11-01,,21,FACULTAD DE CIENCIAS SOCIALES Y HUMANÍSTICAS
1006,1999-10-19,2000-03-03,1,DESCONOCIDA
1006,2000-05-15,2000-09-22,3,DESCONOCIDA
1006,2000-10-10,2001-02-23,2,DESCONOCIDA
1006,2001-03-12,2001-05-05,1,DESCONOCIDA
1006,2001-05-21,2001-09-28,4,DESCONOCIDA
1006,2001-10-22,2002-03-02,3,DESCONOCIDA
1006,2002-03-11,2002-05-03,1,DESCONOCIDA
1006,2002-05-20,2002-09-27,2,DESCONOCIDA
1006,2002-10-21,2003-05-03,7,DESCONOCIDA
1006,2003-05-19,2003-09-27,1,DESCONOCIDA
1006,2003-10-20,2004-05-08,4,DESCONOCIDA
1006,2004-05-17,2004-09-25,2,DESCONOCIDA
1006,2005-10-17,2006-03-03,1,DESCONOCIDA
1006,2006-03-08,2006-04-29,1,DESCONOCIDA
1006,2006-05-15,2006-09-23,1,DESCONOCIDA
1006,2006-10-17,2007-03-06,1,DESCONOCIDA
1006,2007-03-12,2007-05-09,1,DESCONOCIDA
1006,2007-05-14,2007-09-22,1,DESCONOCIDA
1006,2007-10-15,2008-03-05,1,DESCONOCIDA
1006,2008-03-10,2008-05-10,1,DESCONOCIDA
1006,2010-01-01,2012-12-31,1,DESCONOCIDA
1006,2013-01-01,,13,FACULTAD DE INGENIERÍA EN ELECTRICIDAD Y COMPUTACIÓN
1010,2013-01-01,,15,FACULTAD DE CIENCIAS NATURALES Y MATEMÁTICAS
1010,2013-01-03,2013-01-30,1,DESCONOCIDA
1013,1996-05-20,1996-09-28,2,DESCONOCIDA
1013,1996-10-14,1997-05-10,2,DESCONOCIDA
1013,1997-05-26,1997-10-03,2,DESCONOCIDA
1013,1997-10-20,1998-05-16,2,DESCONOCIDA
1013,1998-05-25,1998-10-02,2,DESCONOCIDA
1013,1998-10-19,1999-03-02,2,DESCONOCIDA
1013,1999-05-25,2000-03-03,3,DESCONOCIDA
1013,2000-05-15,2000-09-22,4,DESCONOCIDA
1013,2000-10-10,2001-02-23,3,DESCONOCIDA
1013,2001-03-12,2012-12-31,64,DESCONOCIDA
1013,2013-01-01,,55,FACULTAD DE CIENCIAS SOCIALES Y HUMANÍSTICAS
1032,1988-03-09,1989-06-08,2,DESCONOCIDA
1032,2015-01-01,2022-08-01,8,GERENCIA ADMINISTRATIVA
1033,1989-06-01,2014-12-31,3,DESCONOCIDA
1033,2015-01-01,2023-09-01,31,DIRECCIÓN DE SERVICIOS GENERALES
1035,2013-01-01,2015-12-31,3,DESCONOCIDA
1035,2016-01-01,2016-12-31,1,DIRECCIÓN DE SERVICIOS GENERALES
1035,2017-01-01,2018-12-31,2,DESCONOCIDA
1035,2019-01-01,2023-10-31,10,DIRECCIÓN DE SERVICIOS GENERALES
1038,2006-02-24,2006-03-16,1,DESCONOCIDA
1038,2013-01-01,2014-05-31,1,GERENCIA ADMINISTRATIVA
1038,2015-10-15,2016-02-24,1,GERENCIA ADMINISTRATIVA
1038,2012-11-23,2013-01-06,1,DESCONOCIDA
1038,2017-11-01,2017-11-01,1,DESCONOCIDA
1038,2017-03-27,2017-11-01,1,GERENCIA ADMINISTRATIVA
1038,2014-06-01,2024-09-30,13,FACULTAD DE CIENCIAS SOCIALES Y HUMANÍSTICAS
1038,2014-11-06,2021-07-31,4,GERENCIA FINANCIERA
1041,1993-10-18,1994-03-04,1,DESCONOCIDA
1041,2004-05-17,2004-09-25,1,DESCONOCIDA
1041,2004-10-18,2005-03-08,1,DESCONOCIDA
1041,2005-05-16,2005-09-24,1,DESCONOCIDA
1041,2005-10-17,2006-03-03,1,DESCONOCIDA
1041,2006-05-15,2006-09-23,1,DESCONOCIDA
1041,2006-10-17,2007-03-06,1,DESCONOCIDA
1041,2007-05-14,2007-09-22,1,DESCONOCIDA
1041,2007-10-15,2008-03-05,1,DESCONOCIDA
1041,2008-05-19,2008-09-26,1,DESCONOCIDA
1041,2008-10-13,2009-03-02,1,DESCONOCIDA
1041,2009-10-12,2010-03-02,2,DESCONOCIDA
1041,2010-05-17,2013-09-20,5,DESCONOCIDA
1041,2017-01-01,2017-09-22,1,FACULTAD DE CIENCIAS NATURALES Y MATEMÁTICAS
1041,2013-10-14,2016-12-31,3,DESCONOCIDA
1041,2018-05-01,2020-02-21,3,FACULTAD DE CIENCIAS NATURALES Y MATEMÁTICAS
1041,2020-10-01,2020-12-31,1,DESCONOCIDA
1041,2021-01-01,,15,FACULTAD DE CIENCIAS NATURALES Y MATEMÁTICAS
1043,1990-01-11,1995-05-31,6,DESCONOCIDA
1043,1995-11-01,1996-10-30,3,DESCONOCIDA
1043,1997-03-03,1997-06-30,2,DESCONOCIDA
1043,2013-01-01,2014-10-31,1,DESCONOCIDA
1043,2019-03-06,2019-03-26,1,VICERRECTORADO ACADÉMICO
1043,2019-06-19,2019-06-22,1,DECANATO DE INVESTIGACIÓN
1043,2021-02-22,2021-03-08,1,DECANATO DE INVESTIGACIÓN
1043,2020-03-02,2020-03-13,1,VICERRECTORADO ACADÉMICO
1043,2021-09-16,2021-09-20,1,VICERRECTORADO ACADÉMICO
1043,2021-07-14,2021-07-17,1,DECANATO DE INVESTIGACIÓN
1043,2022-03-09,2022-03-12,1,DECANATO DE INVESTIGACIÓN
1043,2022-03-02,2022-03-08,1,VICERRECTORADO ACADÉMICO
1043,2022-04-08,2022-04-18,1,VICERRECTORADO ACADÉMICO
1043,2022-05-02,2022-05-03,1,VICERRECTORADO ACADÉMICO
1043,2022-06-26,2022-07-02,1,VICERRECTORADO ACADÉMICO
1043,2022-07-04,2022-07-13,2,VICERRECTORADO ACADÉMICO
1043,2022-09-12,2022-09-14,1,VICERRECTORADO ACADÉMICO
1043,2022-09-02,2022-09-09,1,RECTORADO
1043,2022-09-18,2022-09-24,1,VICERRECTORADO ACADÉMICO
1043,2022-03-14,2022-03-28,1,DECANATO DE INVESTIGACIÓN
1043,2022-11-13,2023-01-06,2,"VICERRECTORADO DE INVESTIGACIÓN, DESARROLLO E INNOVACIÓN"
1043,2022-09-26,2022-10-02,1,RECTORADO
1043,2023-01-30,2023-02-04,1,"VICERRECTORADO DE INVESTIGACIÓN, DESARROLLO E INNOVACIÓN"
1043,2023-03-05,2023-03-08,1,RECTORADO
1043,2023-03-25,2023-03-29,1,RECTORADO
1043,2023-04-17,2023-04-27,1,RECTORADO
1043,2023-05-02,2023-05-13,1,RECTORADO
1043,2023-03-13,2023-03-13,1,"VICERRECTORADO DE INVESTIGACIÓN, DESARROLLO E INNOVACIÓN"
1043,2023-05-28,2023-06-05,1,RECTORADO
1043,2023-06-06,2023-06-10,1,"VICERRECTORADO DE INVESTIGACIÓN, DESARROLLO E INNOVACIÓN"
1043,2023-06-18,2023-06-24,1,RECTORADO
1043,2023-09-11,2023-09-15,1,RECTORADO
1043,2023-09-17,2023-09-20,1,RECTORADO
1043,2023-09-24,2023-10-02,2,RECTORADO
1043,2023-08-25,2023-09-08,1,"VICERRECTORADO DE INVESTIGACIÓN, DESARROLLO E INNOVACIÓN"
1043,2023-12-18,2023-12-29,1,"VICERRECTORADO DE INVESTIGACIÓN, DESARROLLO E INNOVACIÓN"
1043,2023-10-05,2023-10-05,1,RECTORADO
1043,2024-02-26,2024-03-01,1,RECTORADO
1043,2024-01-02,2024-01-19,1,"VICERRECTORADO DE INVESTIGACIÓN, DESARROLLO E INNOVACIÓN"
1043,2024-03-17,2024-03-23,1,"VICERRECTORADO DE INVESTIGACIÓN, DESARROLLO E INNOVACIÓN"
1043,2024-04-08,2024-04-12,1,"VICERRECTORADO DE INVESTIGACIÓN, DESARROLLO E INNOVACIÓN"
1043,2024-03-05,2024-03-10,1,RECTORADO
1043,2024-04-28,2024-05-01,1,RECTORADO
1043,2024-04-15,2024-04-19,1,"VICERRECTORADO DE INVESTIGACIÓN, DESARROLLO E INNOVACIÓN"
1043,2024-06-10,2024-06-14,1,"VICERRECTORADO DE INVESTIGACIÓN, DESARROLLO E INNOVACIÓN"
1043,2024-05-23,2024-05-24,1,RECTORADO
1043,2024-07-11,2024-07-13,1,RECTORADO
1043,2024-06-25,2024-06-29,1,"VICERRECTORADO DE INVESTIGACIÓN, DESARROLLO E INNOVACIÓN"
1043,2024-08-22,2024-08-31,1,RECTORADO
1043,2024-09-25,2024-09-29,1,RECTORADO
1043,2024-09-17,2024-09-24,1,"VICERRECTORADO DE INVESTIGACIÓN, DESARROLLO E INNOVACIÓN"
1043,2024-12-04,2024-12-06,1,"VICERRECTORADO DE INVESTIGACIÓN, DESARROLLO E INNOVACIÓN"
1043,2024-12-16,2024-12-31,1,"VICERRECTORADO DE INVESTIGACIÓN, DESARROLLO E INNOVACIÓN"
1043,2024-11-09,2024-11-13,1,RECTORADO
1043,2025-01-07,2025-01-14,1,"VICERRECTORADO DE INVESTIGACIÓN, DESARROLLO E INNOVACIÓN"
1043,2025-01-19,2025-01-25,1,RECTORADO
1043,2025-02-09,2025-02-12,1,"VICERRECTORADO DE INVESTIGACIÓN, DESARROLLO E INNOVACIÓN"
1043,2025-03-05,2025-03-07,1,"VICERRECTORADO DE INVESTIGACIÓN, DESARROLLO E INNOVACIÓN"
1043,2025-03-10,2025-03-18,4,"VICERRECTORADO DE INVESTIGACIÓN, DESARROLLO E INNOVACIÓN"
1043,2025-02-18,2025-02-27,1,RECTORADO
1043,2025-04-07,2025-04-07,1,"VICERRECTORADO DE INVESTIGACIÓN, DESARROLLO E INNOVACIÓN"
1043,2025-04-08,2025-04-12,1,RECTORADO
1043,2025-04-26,2025-05-01,1,RECTORADO
1043,2025-04-23,2025-04-24,1,"VICERRECTORADO DE INVESTIGACIÓN, DESARROLLO E INNOVACIÓN"
1043,2025-05-20,2025-05-31,1,"VICERRECTORADO DE INVESTIGACIÓN, DESARROLLO E INNOVACIÓN"
1043,2025-06-12,2025-07-04,1,"VICERRECTORADO DE INVESTIGACIÓN, DESARROLLO E INNOVACIÓN"
1043,2025-05-15,2025-05-18,1,RECTORADO
1043,2025-07-07,2025-07-08,1,"VICERRECTORADO DE INVESTIGACIÓN, DESARROLLO E INNOVACIÓN"
1043,2025-08-17,2025-08-23,1,"VICERRECTORADO DE INVESTIGACIÓN, DESARROLLO E INNOVACIÓN"
1043,2025-08-29,2025-08-30,1,"VICERRECTORADO DE INVESTIGACIÓN, DESARROLLO E INNOVACIÓN"
1043,2025-07-13,2025-07-18,1,RECTORADO
1043,2025-09-12,2025-09-27,2,RECTORADO
1043,2025-09-08,2025-09-10,1,"VICERRECTORADO DE INVESTIGACIÓN, DESARROLLO E INNOVACIÓN"
1043,2025-10-06,2025-10-08,1,RECTORADO
1043,2025-11-02,2025-11-10,1,"VICERRECTORADO DE INVESTIGACIÓN, DESARROLLO E INNOVACIÓN"
1043,2026-01-13,2026-01-17,1,"VICERRECTORADO DE INVESTIGACIÓN, DESARROLLO E INNOVACIÓN"
1043,2026-01-19,2026-01-30,2,"VICERRECTORADO DE INVESTIGACIÓN, DESARROLLO E INNOVACIÓN"
1043,2025-11-23,2025-12-06,2,RECTORADO
1043,2026-02-18,2026-03-03,1,RECTORADO
1043,2026-02-02,2026-02-13,1,"VICERRECTORADO DE INVESTIGACIÓN, DESARROLLO E INNOVACIÓN"
1043,2026-03-14,2026-03-25,2,RECTORADO
1043,2026-03-26,2026-04-01,1,"VICERRECTORADO DE INVESTIGACIÓN, DESARROLLO E INNOVACIÓN"
1043,2026-04-21,2026-04-24,1,"VICERRECTORADO DE INVESTIGACIÓN, DESARROLLO E INNOVACIÓN"
1043,2026-04-15,2026-05-02,1,RECTORADO
1043,2026-06-03,2026-06-08,1,"VICERRECTORADO DE INVESTIGACIÓN, DESARROLLO E INNOVACIÓN"
1043,2026-06-29,2026-07-03,1,"VICERRECTORADO DE INVESTIGACIÓN, DESARROLLO E INNOVACIÓN"
1043,2026-07-12,2026-07-19,3,"VICERRECTORADO DE INVESTIGACIÓN, DESARROLLO E INNOVACIÓN"
1043,2026-08-02,2026-08-04,1,"VICERRECTORADO DE INVESTIGACIÓN, DESARROLLO E INNOVACIÓN"
1043,2017-11-13,2022-11-12,26,DESCONOCIDA
1043,2014-11-01,2017-11-12,2,FACULTAD DE INGENIERÍA EN ELECTRICIDAD Y COMPUTACIÓN
1043,2022-10-30,2022-11-06,1,VICERRECTORADO ACADÉMICO
1043,2022-11-13,2022-11-13,1,DECANATO DE INVESTIGACIÓN
1043,2026-06-21,2026-06-28,1,RECTORADO
1043,2026-08-31,,2,"VICERRECTORADO DE INVESTIGACIÓN, DESARROLLO E INNOVACIÓN"
1045,1995-05-15,1995-10-31,2,DESCONOCIDA
1045,1998-05-25,1999-02-28,2,DESCONOCIDA
1045,1999-05-25,1999-10-02,1,DESCONOCIDA
1045,1999-10-19,2000-03-03,2,DESCONOCIDA
1045,2000-05-15,2000-09-22,3,DESCONOCIDA
1045,2001-10-08,2012-12-31,6,DESCONOCIDA
1045,2017-10-16,2017-10-20,1,DESCONOCIDA
1045,2017-11-16,2017-11-22,1,DESCONOCIDA
1045,2018-03-05,2018-03-30,1,DESCONOCIDA
1045,2018-05-21,2018-05-22,1,DESCONOCIDA
1045,2018-06-04,2018-06-08,1,DESCONOCIDA
1045,2018-07-13,2018-07-21,1,DESCONOCIDA
1045,2013-01-01,2016-03-02,1,FACULTAD DE INGENIERÍA MARÍTIMA Y CIENCIAS DEL MAR
1045,2018-09-11,2018-09-21,1,DESCONOCIDA
1045,2019-03-29,2019-04-01,2,DESCONOCIDA
1045,2019-06-20,2019-08-21,1,DESCONOCIDA
1045,2019-11-14,2019-11-18,1,DESCONOCIDA
1045,2020-01-23,2020-02-01,1,DESCONOCIDA
1045,2020-02-17,2020-03-18,1,DESCONOCIDA
1045,2020-09-01,2020-09-15,1,DESCONOCIDA
1045,2021-02-17,2021-02-17,1,DESCONOCIDA
1045,2019-01-24,,13,FACULTAD DE INGENIERÍA MARÍTIMA Y CIENCIAS DEL MAR
1045,2016-03-03,2019-01-24,3,"FACULTAD DE INGENIERIA MARÍTIMA, CIENCIAS BIOLÓGICAS, OCEÁNICAS Y RECURSOS NATURALES"
1045,2023-10-05,2023-10-06,1,DECANATO DE GRADO
1052,2013-01-01,2014-10-31,1,DESCONOCIDA
1052,2014-11-01,,8,FACULTAD DE CIENCIAS SOCIALES Y HUMANÍSTICAS
1058,1997-05-03,1997-08-02,1,DESCONOCIDA
1058,1998-08-03,1999-02-02,1,DESCONOCIDA
1058,1999-04-19,2001-05-14,5,DESCONOCIDA
1058,2001-05-21,2001-09-28,1,DESCONOCIDA
1058,2001-10-22,2002-03-02,1,DESCONOCIDA
1058,2002-05-20,2002-09-27,1,DESCONOCIDA
1058,2004-10-18,2012-12-31,8,DESCONOCIDA
1058,2015-04-20,2015-05-01,1,DESCONOCIDA
1058,2015-05-12,2015-05-15,1,DESCONOCIDA
1058,2016-03-24,2016-04-04,2,DESCONOCIDA
1058,2013-01-01,,19,FACULTAD DE INGENIERÍA MECÁNICA Y CIENCIAS DE LA PRODUCCIÓN
1060,1988-04-01,1989-08-30,3,DESCONOCIDA
1060,1989-10-01,1990-09-30,1,DESCONOCIDA
1060,1997-02-03,1997-05-10,1,DESCONOCIDA
1060,1997-06-09,1997-11-22,1,DESCONOCIDA
1060,1998-02-10,1998-05-16,1,DESCONOCIDA
1060,2005-02-23,2014-10-31,5,DESCONOCIDA
1060,2021-03-14,2021-03-14,1,DESCONOCIDA
1060,2014-11-01,2021-03-13,1,FACULTAD DE INGENIERÍA MECÁNICA Y CIENCIAS DE LA PRODUCCIÓN
1061,1985-04-08,2014-12-31,11,DESCONOCIDA
1061,2015-01-01,2023-08-01,14,GERENCIA DE TECNOLOGÍAS Y SISTEMAS DE INFORMACIÓN
1063,1996-05-20,1996-09-27,1,DESCONOCIDA
1063,1996-10-14,1997-02-28,1,DESCONOCIDA
1063,1997-05-26,1997-10-03,1,DESCONOCIDA
1063,1997-10-20,1998-02-27,2,DESCONOCIDA
1063,1998-10-19,1999-03-02,1,DESCONOCIDA
1063,1999-05-25,1999-10-02,1,DESCONOCIDA
1063,1999-10-19,2000-03-03,1,DESCONOCIDA
1063,2000-05-15,2000-09-22,1,DESCONOCIDA
1063,2000-10-10,2001-02-23,1,DESCONOCIDA
1063,2001-05-21,2001-09-28,2,DESCONOCIDA
1063,2001-10-22,2002-03-02,3,DESCONOCIDA
1063,2002-05-20,2002-09-27,2,DESCONOCIDA
1063,2002-10-21,2003-03-30,5,DESCONOCIDA
1063,2003-05-19,2003-09-27,6,DESCONOCIDA
1063,2003-10-20,2004-03-08,5,DESCONOCIDA
1063,2004-05-17,2005-03-08,11,DESCONOCIDA
1063,2005-05-16,2006-09-23,12,DESCONOCIDA
1063,2006-10-17,2007-03-06,4,DESCONOCIDA
1063,2007-05-14,2007-09-22,3,DESCONOCIDA
1063,2007-10-15,2008-09-26,9,DESCONOCIDA
1063,2008-10-13,2009-03-02,1,DESCONOCIDA
1063,2009-05-18,2011-08-31,4,DESCONOCIDA
1063,2013-01-01,2014-10-31,1,DESCONOCIDA
1063,2019-09-16,2019-09-20,1,DESCONOCIDA
1063,2019-10-07,2019-10-11,1,DESCONOCIDA
1063,2019-12-05,2019-12-12,1,DESCONOCIDA
1063,2020-02-17,2020-02-21,1,DESCONOCIDA
1063,2020-03-09,2020-04-03,1,DESCONOCIDA
1063,2014-11-01,,24,FACULTAD DE CIENCIAS NATURALES Y MATEMÁTICAS
1063,2019-02-25,2019-03-26,1,DIRECCIÓN DE ADMISIONES
1075,2016-03-21,2016-04-17,1,FACULTAD DE INGENIERÍA EN CIENCIAS DE LA TIERRA
1075,2016-10-12,2017-03-13,2,FACULTAD DE INGENIERÍA EN CIENCIAS DE LA TIERRA
1075,2017-04-01,2017-04-02,1,FACULTAD DE INGENIERÍA EN CIENCIAS DE LA TIERRA
1075,2017-04-22,2017-04-22,1,FACULTAD DE INGENIERÍA EN CIENCIAS DE LA TIERRA
1075,2013-01-01,,20,FACULTAD DE CIENCIAS NATURALES Y MATEMÁTICAS
1075,2016-01-15,2017-08-11,5,DESCONOCIDA
1075,2017-05-16,2017-05-25,1,FACULTAD DE INGENIERÍA EN CIENCIAS DE LA TIERRA
1086,1992-01-20,1992-03-06,1,DESCONOCIDA
1086,1993-03-04,1993-05-07,2,DESCONOCIDA
1086,1993-09-15,2004-12-30,71,DESCONOCIDA
1086,2006-10-06,2006-11-10,1,DESCONOCIDA
1086,2010-11-01,2012-12-30,1,DESCONOCIDA
1086,2013-01-01,2019-01-23,1,ESCUELA DE DISEÑO Y COMUNICACIÓN VISUAL
1086,2019-01-24,,11,"FACULTAD DE ARTE, DISEÑO Y COMUNICACIÓN AUDIOVISUAL"
1094,2019-05-15,2019-09-20,1,FACULTAD DE INGENIERÍA EN ELECTRICIDAD Y COMPUTACIÓN
1094,2021-10-04,2021-12-31,1,FACULTAD DE INGENIERÍA EN ELECTRICIDAD Y COMPUTACIÓN
1097,1999-10-18,2000-03-03,1,DESCONOCIDA
1097,2000-10-01,2005-09-30,27,DESCONOCIDA
1097,2005-10-17,2006-03-03,1,DESCONOCIDA
1097,2006-05-15,2006-09-23,3,DESCONOCIDA
1097,2006-10-17,2007-03-06,3,DESCONOCIDA
1097,2007-03-12,2007-05-09,1,DESCONOCIDA
1097,2007-05-14,2007-09-22,2,DESCONOCIDA
1097,2007-10-15,2008-05-10,5,DESCONOCIDA
1097,2008-07-09,2012-12-31,3,DESCONOCIDA
1097,2016-10-17,2016-10-19,1,DESCONOCIDA
1097,2016-12-06,2016-12-16,1,DESCONOCIDA
1097,2017-03-06,2017-03-23,2,DESCONOCIDA
1097,2017-07-04,2017-07-11,1,DESCONOCIDA
1097,2017-07-25,2017-08-03,1,DESCONOCIDA
1097,2017-08-24,2017-08-25,1,DESCONOCIDA
1097,2017-09-14,2017-09-14,1,DESCONOCIDA
1097,2017-10-09,2017-10-13,1,DESCONOCIDA
1097,2017-10-19,2017-10-20,1,DESCONOCIDA
1097,2017-11-08,2017-11-10,1,DESCONOCIDA
1097,2018-03-19,2018-03-23,1,DESCONOCIDA
1097,2018-04-18,2018-04-20,1,DESCONOCIDA
1097,2018-06-22,2018-06-28,1,DESCONOCIDA
1097,2018-11-19,2018-11-20,1,DESCONOCIDA
1097,2013-01-01,,57,FACULTAD DE CIENCIAS SOCIALES Y HUMANÍSTICAS
1098,2003-10-20,2004-03-08,1,DESCONOCIDA
1098,2004-05-17,2004-09-25,1,DESCONOCIDA
1098,2004-10-18,2005-03-08,1,DESCONOCIDA
1098,2013-10-14,2015-02-28,4,DESCONOCIDA
1098,2018-01-15,2018-01-17,1,DESCONOCIDA
1098,2018-03-05,2018-03-10,1,DESCONOCIDA
1098,2018-03-19,2018-03-23,1,DESCONOCIDA
1098,2018-04-16,2018-04-19,1,DESCONOCIDA
1098,2018-05-15,2018-05-18,1,DESCONOCIDA
1098,2018-06-10,2018-06-16,1,DESCONOCIDA
1098,2018-06-26,2018-07-01,1,DESCONOCIDA
1098,2018-07-08,2018-07-14,1,DESCONOCIDA
1098,2018-08-20,2018-08-24,1,DESCONOCIDA
1098,2018-11-02,2018-11-11,1,DESCONOCIDA
1098,2018-12-27,2019-01-08,1,DESCONOCIDA
1098,2019-02-13,2019-02-18,1,DESCONOCIDA
1098,2019-03-11,2019-03-22,1,DESCONOCIDA
1098,2019-04-02,2019-04-05,1,DESCONOCIDA
1098,2015-03-01,2025-04-17,39,FACULTAD DE INGENIERÍA EN ELECTRICIDAD Y COMPUTACIÓN
1098,2025-04-20,2025-04-26,1,FACULTAD DE INGENIERÍA EN ELECTRICIDAD Y COMPUTACIÓN
1098,2025-07-01,2025-07-02,1,FACULTAD DE INGENIERÍA EN ELECTRICIDAD Y COMPUTACIÓN
1098,2025-09-15,2025-09-19,1,FACULTAD DE INGENIERÍA EN ELECTRICIDAD Y COMPUTACIÓN
1098,2025-09-22,2025-09-23,1,FACULTAD DE INGENIERÍA EN ELECTRICIDAD Y COMPUTACIÓN
1098,2025-12-03,2025-12-05,1,FACULTAD DE INGENIERÍA EN ELECTRICIDAD Y COMPUTACIÓN
1098,2025-12-26,2025-12-31,1,FACULTAD DE INGENIERÍA EN ELECTRICIDAD Y COMPUTACIÓN
1098,2026-02-26,2026-02-28,1,DECANATO DE POSGRADO
1098,2026-03-23,2026-03-27,1,DECANATO DE POSGRADO
1098,2026-03-02,2026-03-18,2,FACULTAD DE INGENIERÍA EN ELECTRICIDAD Y COMPUTACIÓN
1098,2026-03-30,2026-04-02,1,DECANATO DE POSGRADO
1098,2026-05-24,2026-05-30,1,DECANATO DE POSGRADO
1098,2026-04-16,2026-05-08,1,FACULTAD DE INGENIERÍA EN ELECTRICIDAD Y COMPUTACIÓN
1098,2019-09-17,2019-10-12,3,DESCONOCIDA
1098,2026-08-31,,2,FACULTAD DE INGENIERÍA EN ELECTRICIDAD Y COMPUTACIÓN
1098,2026-07-01,2026-07-03,1,DECANATO DE POSGRADO
1101,1991-05-13,1991-10-19,2,DESCONOCIDA
1101,1991-11-04,1992-03-06,1,DESCONOCIDA
1101,1992-06-08,1992-10-03,1,DESCONOCIDA
1101,1992-10-13,1993-05-21,3,DESCONOCIDA
1101,1994-05-23,1995-03-03,2,DESCONOCIDA
1101,1995-05-22,1995-11-25,2,DESCONOCIDA
1101,1996-02-12,1996-05-18,1,DESCONOCIDA
1101,1996-05-20,2005-03-08,18,DESCONOCIDA
1101,2005-10-17,2006-03-03,1,DESCONOCIDA
1101,2006-03-08,2006-04-29,1,DESCONOCIDA
1101,2006-05-15,2006-09-23,3,DESCONOCIDA
1101,2007-03-12,2007-05-09,1,DESCONOCIDA
1101,2007-05-14,2007-09-22,1,DESCONOCIDA
1101,2010-01-01,2012-12-31,2,DESCONOCIDA
1101,2017-03-20,2017-04-19,1,DESCONOCIDA
1101,2017-07-03,2017-07-07,1,DESCONOCIDA
1101,2013-01-01,2017-11-13,4,FACULTAD DE CIENCIAS NATURALES Y MATEMÁTICAS
1101,2019-04-15,2019-05-03,1,FACULTAD DE CIENCIAS NATURALES Y MATEMÁTICAS
1101,2022-02-25,2022-03-15,1,FACULTAD DE CIENCIAS NATURALES Y MATEMÁTICAS
1101,2022-04-25,2022-05-06,1,FACULTAD DE CIENCIAS NATURALES Y MATEMÁTICAS
1101,2022-12-27,2022-12-30,1,FACULTAD DE CIENCIAS NATURALES Y MATEMÁTICAS
1101,2023-03-06,2023-03-17,1,FACULTAD DE CIENCIAS NATURALES Y MATEMÁTICAS
1101,2023-04-26,2023-05-05,1,FACULTAD DE CIENCIAS NATURALES Y MATEMÁTICAS
1101,2023-09-25,2023-09-29,1,FACULTAD DE CIENCIAS NATURALES Y MATEMÁTICAS
1101,2023-12-26,2023-12-29,1,FACULTAD DE CIENCIAS NATURALES Y MATEMÁTICAS
1101,2024-04-15,2024-05-07,1,FACULTAD DE CIENCIAS NATURALES Y MATEMÁTICAS
1101,2024-09-23,2024-09-27,1,FACULTAD DE CIENCIAS NATURALES Y MATEMÁTICAS
1101,2024-11-18,2024-11-22,1,FACULTAD DE CIENCIAS NATURALES Y MATEMÁTICAS
1101,2024-12-23,2024-12-24,1,FACULTAD DE CIENCIAS NATURALES Y MATEMÁTICAS
1101,2024-12-26,2024-12-31,1,FACULTAD DE CIENCIAS NATURALES Y MATEMÁTICAS
1101,2025-02-17,2025-03-18,2,FACULTAD DE CIENCIAS NATURALES Y MATEMÁTICAS
1101,2025-04-30,2025-05-07,1,FACULTAD DE CIENCIAS NATURALES Y MATEMÁTICAS
1101,2025-09-17,2025-09-26,1,FACULTAD DE CIENCIAS NATURALES Y MATEMÁTICAS
1101,2025-10-13,2025-10-20,1,FACULTAD DE CIENCIAS NATURALES Y MATEMÁTICAS
1101,2025-12-26,2025-12-31,1,FACULTAD DE CIENCIAS NATURALES Y MATEMÁTICAS
1101,2026-02-23,2026-03-06,1,FACULTAD DE CIENCIAS NATURALES Y MATEMÁTICAS
1101,2017-10-06,2017-10-13,1,DESCONOCIDA
1101,2026-05-04,2026-05-08,1,FACULTAD DE CIENCIAS NATURALES Y MATEMÁTICAS
1102,1989-05-01,2015-12-31,4,DESCONOCIDA
1102,2016-01-01,2016-12-31,1,DIRECCIÓN DE SERVICIOS GENERALES
1102,2019-01-01,2022-12-31,6,DIRECCIÓN DE SERVICIOS GENERALES
1102,2023-03-16,2023-03-16,1,DIRECCIÓN DE SERVICIOS GENERALES
1102,2023-06-26,2023-06-26,1,DIRECCIÓN DE SERVICIOS GENERALES
1102,2023-06-28,2023-06-28,1,DIRECCIÓN DE SERVICIOS GENERALES
1102,2023-07-03,2023-07-03,1,DIRECCIÓN DE SERVICIOS GENERALES
1102,2023-07-13,2023-07-13,1,DIRECCIÓN DE SERVICIOS GENERALES
1102,2023-07-20,2023-07-20,1,DIRECCIÓN DE SERVICIOS GENERALES
1102,2023-08-07,2023-08-07,1,DIRECCIÓN DE SERVICIOS GENERALES
1102,2023-09-19,2023-09-19,1,DIRECCIÓN DE SERVICIOS GENERALES
1102,2023-10-04,2023-10-05,1,DIRECCIÓN DE SERVICIOS GENERALES
1102,2017-01-01,2018-12-31,2,DESCONOCIDA
1102,2023-12-18,2024-01-02,1,DIRECCIÓN DE SERVICIOS GENERALES
1102,2023-01-01,2025-03-31,6,DIRECCION DE SEGURIDAD FISICA
1105,1988-08-01,1989-01-31,1,DESCONOCIDA
1105,1989-06-16,1990-06-15,1,DESCONOCIDA
1105,1992-06-01,1992-12-30,1,DESCONOCIDA
1105,1994-03-01,2015-12-31,13,DESCONOCIDA
1105,2016-01-01,2016-12-31,1,FACULTAD DE CIENCIAS SOCIALES Y HUMANÍSTICAS
1105,2017-01-01,2018-12-31,2,DESCONOCIDA
1105,2019-01-01,2024-05-31,14,FACULTAD DE CIENCIAS SOCIALES Y HUMANÍSTICAS
1108,1994-05-23,1994-10-07,1,DESCONOCIDA
1108,1994-10-17,1995-03-03,1,DESCONOCIDA
1108,1995-05-22,1995-10-06,1,DESCONOCIDA
1108,1995-10-16,1996-05-18,2,DESCONOCIDA
1108,1996-05-20,1996-11-23,2,DESCONOCIDA
1108,1997-02-03,1997-05-10,1,DESCONOCIDA
1108,1997-06-09,1997-11-22,1,DESCONOCIDA
1108,1998-02-10,1998-05-16,1,DESCONOCIDA
1108,1999-10-19,2000-03-03,1,DESCONOCIDA
1108,2000-05-15,2000-09-22,1,DESCONOCIDA
1108,2000-11-04,2001-02-23,1,DESCONOCIDA
1108,2001-05-21,2001-09-28,2,DESCONOCIDA
1108,2001-10-22,2002-03-02,1,DESCONOCIDA
1108,2002-05-20,2002-09-27,2,DESCONOCIDA
1108,2003-03-10,2003-05-03,1,DESCONOCIDA
1108,2003-05-05,2008-07-31,33,DESCONOCIDA
1108,2009-07-22,2014-10-31,5,DESCONOCIDA
1108,2014-11-01,,20,FACULTAD DE CIENCIAS SOCIALES Y HUMANÍSTICAS
1113,2017-10-01,2018-09-30,3,FACULTAD DE INGENIERÍA EN ELECTRICIDAD Y COMPUTACIÓN
1114,1995-06-01,2000-12-31,8,DESCONOCIDA
1114,2002-01-01,2015-12-31,7,DESCONOCIDA
1114,2016-01-01,2016-12-31,1,FACULTAD DE CIENCIAS NATURALES Y MATEMÁTICAS
1114,2017-01-01,2018-12-31,2,DESCONOCIDA
1114,2019-01-01,2024-09-30,13,FACULTAD DE CIENCIAS NATURALES Y MATEMÁTICAS
1116,1988-02-01,2014-12-31,6,DESCONOCIDA
1116,2015-01-01,2019-06-18,6,GERENCIA ADMINISTRATIVA
1116,2019-06-18,2022-04-01,7,UNIDAD DE VINCULACIÓN CON LA SOCIEDAD
1119,2013-01-01,2015-12-31,3,DESCONOCIDA
1119,2016-01-01,2016-12-31,1,DIRECCIÓN DE SERVICIOS GENERALES
1119,2019-01-01,2022-12-31,9,DIRECCIÓN DE SERVICIOS GENERALES
1119,2023-01-31,2023-01-31,1,DIRECCIÓN DE SERVICIOS GENERALES
1119,2023-03-13,2023-03-13,1,DIRECCIÓN DE SERVICIOS GENERALES
1119,2023-03-20,2023-04-12,1,DIRECCIÓN DE SERVICIOS GENERALES
1119,2023-05-03,2023-05-03,1,DIRECCIÓN DE SERVICIOS GENERALES
1119,2023-10-12,2023-10-12,1,DIRECCIÓN DE SERVICIOS GENERALES
1119,2017-01-01,2018-12-31,2,DESCONOCIDA
1119,2024-01-17,2024-01-18,1,DIRECCIÓN DE SERVICIOS GENERALES
1119,2023-01-01,,8,DIRECCION DE SEGURIDAD FISICA
1120,1990-10-20,2015-12-31,14,DESCONOCIDA
1120,2016-01-01,2016-12-31,1,FACULTAD DE CIENCIAS NATURALES Y MATEMÁTICAS
1120,2017-01-01,2018-12-31,2,DESCONOCIDA
1120,2019-01-01,2024-11-30,12,FACULTAD DE CIENCIAS NATURALES Y MATEMÁTICAS
1123,1983-11-22,1984-08-21,3,DESCONOCIDA
1123,1985-05-01,1985-10-31,1,DESCONOCIDA
1123,1986-01-01,2014-12-31,6,DESCONOCIDA
1123,2015-01-01,2026-01-01,26,GERENCIA FINANCIERA
1134,1993-05-03,2015-12-31,4,DESCONOCIDA
1134,2016-01-01,2016-12-31,1,DIRECCIÓN DE SERVICIOS GENERALES
1134,2019-01-01,2024-12-31,16,DIRECCIÓN DE SERVICIOS GENERALES
1134,2017-01-01,2018-12-31,2,DESCONOCIDA
1134,2025-03-31,2025-04-25,1,DIRECCIÓN DE SERVICIOS GENERALES
1134,2025-01-01,,6,FACULTAD DE CIENCIAS SOCIALES Y HUMANÍSTICAS
1135,1996-05-01,2001-04-30,6,DESCONOCIDA
1135,2014-11-01,2022-04-21,2,FACULTAD DE CIENCIAS SOCIALES Y HUMANÍSTICAS
1135,2022-12-27,2022-12-30,1,FACULTAD DE CIENCIAS SOCIALES Y HUMANÍSTICAS
1135,2023-03-01,2023-03-31,1,FACULTAD DE CIENCIAS SOCIALES Y HUMANÍSTICAS
1135,2023-12-26,2023-12-29,1,FACULTAD DE CIENCIAS SOCIALES Y HUMANÍSTICAS
1135,2024-03-04,2024-04-02,1,FACULTAD DE CIENCIAS SOCIALES Y HUMANÍSTICAS
1135,2024-12-23,2024-12-24,1,FACULTAD DE CIENCIAS SOCIALES Y HUMANÍSTICAS
1135,2024-12-26,2024-12-31,1,FACULTAD DE CIENCIAS SOCIALES Y HUMANÍSTICAS
1135,2025-03-14,2025-04-14,1,FACULTAD DE CIENCIAS SOCIALES Y HUMANÍSTICAS
1135,2006-05-02,2014-10-31,11,DESCONOCIDA
1135,2025-06-16,,1,FACULTAD DE CIENCIAS SOCIALES Y HUMANÍSTICAS
1140,1988-12-01,2009-12-31,8,DESCONOCIDA
1140,2010-01-01,,13,AUDITORÍA INTERNA
1142,2007-09-01,2009-12-31,3,DESCONOCIDA
1142,2014-05-12,2014-09-30,1,DESCONOCIDA
1142,2014-10-01,2015-12-31,1,"FACULTAD DE ARTE, DISEÑO Y COMUNICACIÓN AUDIOVISUAL"
1142,2018-01-01,2019-01-23,2,ESCUELA DE DISEÑO Y COMUNICACIÓN VISUAL
1142,2019-05-06,2020-02-21,2,ESCUELA DE DISEÑO Y COMUNICACIÓN VISUAL
1142,2019-01-24,2019-04-30,1,"FACULTAD DE ARTE, DISEÑO Y COMUNICACIÓN AUDIOVISUAL"
1142,2016-01-01,2016-12-31,1,DESCONOCIDA
1142,2021-11-19,,14,"FACULTAD DE ARTE, DISEÑO Y COMUNICACIÓN AUDIOVISUAL"
1142,2017-01-01,2017-12-31,1,FACULTAD DE CIENCIAS SOCIALES Y HUMANÍSTICAS
1142,2021-05-17,2021-09-24,1,ESCUELA DE DISEÑO Y COMUNICACIÓN VISUAL
1143,1987-10-01,2015-12-31,11,DESCONOCIDA
1143,2016-01-01,2016-12-31,1,DIRECCIÓN DE TALENTO HUMANO
1143,2017-01-01,2018-12-31,2,DESCONOCIDA
1143,2019-01-01,2021-06-30,2,DIRECCIÓN DE TALENTO HUMANO
1145,2015-01-01,2015-03-13,1,DESCONOCIDA
1145,2015-05-11,2015-10-02,1,DESCONOCIDA
1145,2015-10-19,2016-02-28,1,DESCONOCIDA
1145,2016-05-02,2016-09-23,2,DESCONOCIDA
1145,2016-10-10,2017-03-17,2,FACULTAD DE CIENCIAS NATURALES Y MATEMÁTICAS
1153,1990-06-15,1991-05-16,4,DESCONOCIDA
1153,2016-03-01,2016-03-11,1,DESCONOCIDA
1153,2016-03-16,2016-03-25,1,DESCONOCIDA
1153,2013-01-01,,6,FACULTAD DE INGENIERÍA EN ELECTRICIDAD Y COMPUTACIÓN
1153,2022-03-15,,24,GERENCIA DE TECNOLOGÍAS Y SISTEMAS DE INFORMACIÓN
1154,2000-10-01,2012-12-31,7,DESCONOCIDA
1154,2013-01-01,,18,FACULTAD DE INGENIERÍA MECÁNICA Y CIENCIAS DE LA PRODUCCIÓN
1160,2001-10-10,2015-12-31,13,DESCONOCIDA
1160,2016-01-01,2016-12-31,1,FACULTAD DE CIENCIAS SOCIALES Y HUMANÍSTICAS
1160,2017-01-01,2018-12-31,2,DESCONOCIDA
1160,2019-01-01,,19,FACULTAD DE CIENCIAS SOCIALES Y HUMANÍSTICAS
1164,2007-11-01,2012-12-31,3,DESCONOCIDA
1164,2013-01-01,,15,FACULTAD DE INGENIERÍA EN CIENCIAS DE LA TIERRA
1168,1986-08-01,1986-10-10,1,DESCONOCIDA
1168,1986-10-13,2014-12-31,13,DESCONOCIDA
1168,2015-01-09,2018-04-02,1,DESCONOCIDA
1168,2015-01-01,2026-08-01,46,GERENCIA FINANCIERA
1170,2001-10-22,2002-03-02,1,DESCONOCIDA
1170,2003-05-19,2003-09-27,1,DESCONOCIDA
1170,2003-10-20,2004-03-08,1,DESCONOCIDA
1170,2005-10-17,2006-03-03,1,DESCONOCIDA
1170,2006-05-15,2006-09-23,3,DESCONOCIDA
1170,2006-10-17,2007-03-06,1,DESCONOCIDA
1170,2007-05-14,2007-09-22,1,DESCONOCIDA
1170,2008-10-13,2009-03-02,1,DESCONOCIDA
1170,2009-05-18,2011-05-17,2,DESCONOCIDA
1170,2011-09-25,2012-12-31,3,DESCONOCIDA
1170,2013-01-01,2014-10-31,1,FACULTAD DE CIENCIAS NATURALES Y MATEMÁTICAS
1170,2014-11-01,2015-09-30,1,DESCONOCIDA
1170,2017-02-20,2017-03-06,1,DESCONOCIDA
1170,2017-03-20,2017-04-19,1,DESCONOCIDA
1170,2017-07-03,2017-07-07,1,DESCONOCIDA
1170,2018-10-09,2018-10-15,1,DESCONOCIDA
1170,2018-11-12,2018-11-17,1,DESCONOCIDA
1170,2019-09-16,2019-09-20,1,DESCONOCIDA
1170,2015-10-01,,18,FACULTAD DE CIENCIAS NATURALES Y MATEMÁTICAS
1175,2013-01-01,2015-12-31,3,DESCONOCIDA
1175,2016-01-01,2016-12-31,1,GERENCIA ADMINISTRATIVA
1175,2017-01-01,2018-12-31,2,DESCONOCIDA
1175,2019-01-01,2022-01-31,2,GERENCIA ADMINISTRATIVA
1176,2003-10-20,2004-03-08,1,DESCONOCIDA
1176,2004-05-17,2004-09-25,1,DESCONOCIDA
1176,2004-10-18,2005-04-30,2,DESCONOCIDA
1176,2005-05-16,2005-09-24,1,DESCONOCIDA
1176,2005-10-17,2006-03-03,1,DESCONOCIDA
1176,2006-05-15,2006-09-23,1,DESCONOCIDA
1176,2006-10-17,2007-03-06,1,DESCONOCIDA
1176,2007-05-14,2007-09-22,1,DESCONOCIDA
1176,2007-10-15,2008-03-05,1,DESCONOCIDA
1176,2008-05-19,2008-09-26,1,DESCONOCIDA
1176,2008-10-13,2009-03-02,1,DESCONOCIDA
1176,2009-05-18,2009-09-25,1,DESCONOCIDA
1176,2009-10-12,2010-03-02,2,DESCONOCIDA
1176,2014-08-01,2016-12-31,3,DESCONOCIDA
1176,2017-01-01,2020-02-21,4,FACULTAD DE INGENIERÍA MECÁNICA Y CIENCIAS DE LA PRODUCCIÓN
1178,2012-10-08,2013-02-26,1,DESCONOCIDA
1178,2013-05-13,2013-12-31,1,DESCONOCIDA
1178,2016-04-05,2016-04-11,1,DESCONOCIDA
1178,2016-07-18,2016-07-22,1,DESCONOCIDA
1178,2016-09-28,2016-09-30,1,DESCONOCIDA
1178,2016-11-16,2016-11-17,1,DESCONOCIDA
1178,2017-01-19,2017-01-19,1,DESCONOCIDA
1178,2017-02-07,2017-02-10,1,DESCONOCIDA
1178,2017-04-17,2017-04-21,1,DESCONOCIDA
1178,2017-05-17,2017-05-18,1,DESCONOCIDA
1178,2017-08-17,2017-08-18,2,DESCONOCIDA
1178,2018-07-12,2018-07-18,1,DESCONOCIDA
1178,2019-12-15,2019-12-19,1,DESCONOCIDA
1178,2021-03-01,2021-03-14,1,DESCONOCIDA
1178,2022-03-09,2022-03-12,1,VICERRECTORADO ACADÉMICO
1178,2022-03-28,2022-04-01,1,VICERRECTORADO ACADÉMICO
1178,2022-05-02,2022-05-07,1,VICERRECTORADO ACADÉMICO
1178,2022-07-11,2022-07-12,1,VICERRECTORADO ACADÉMICO
1178,2023-01-03,2023-01-06,1,VICERRECTORADO ACADÉMICO
1178,2020-03-17,2020-03-20,1,"VICERRECTORADO DE INVESTIGACIÓN, DESARROLLO E INNOVACIÓN"
1178,2023-04-17,2023-04-27,1,"VICERRECTORADO DE INVESTIGACIÓN, DESARROLLO E INNOVACIÓN"
1178,2023-06-06,2023-06-10,1,"VICERRECTORADO DE INVESTIGACIÓN, DESARROLLO E INNOVACIÓN"
1178,2023-07-01,2023-07-14,1,"VICERRECTORADO DE INVESTIGACIÓN, DESARROLLO E INNOVACIÓN"
1178,2023-09-11,2023-09-15,1,"VICERRECTORADO DE INVESTIGACIÓN, DESARROLLO E INNOVACIÓN"
1178,2023-09-17,2023-09-20,1,"VICERRECTORADO DE INVESTIGACIÓN, DESARROLLO E INNOVACIÓN"
1178,2023-09-24,2023-10-01,1,"VICERRECTORADO DE INVESTIGACIÓN, DESARROLLO E INNOVACIÓN"
1178,2023-12-18,2023-12-22,1,"VICERRECTORADO DE INVESTIGACIÓN, DESARROLLO E INNOVACIÓN"
1178,2024-02-26,2024-03-01,1,"VICERRECTORADO DE INVESTIGACIÓN, DESARROLLO E INNOVACIÓN"
1178,2024-03-05,2024-03-10,1,"VICERRECTORADO DE INVESTIGACIÓN, DESARROLLO E INNOVACIÓN"
1178,2022-07-04,2022-07-10,1,RECTORADO
1178,2024-04-23,2024-04-27,1,RECTORADO
1178,2024-04-21,2024-04-22,1,"VICERRECTORADO DE INVESTIGACIÓN, DESARROLLO E INNOVACIÓN"
1178,2024-06-09,2024-06-15,1,"VICERRECTORADO DE INVESTIGACIÓN, DESARROLLO E INNOVACIÓN"
1178,2024-07-11,2024-07-13,1,"VICERRECTORADO DE INVESTIGACIÓN, DESARROLLO E INNOVACIÓN"
1178,2024-08-22,2024-08-31,1,"VICERRECTORADO DE INVESTIGACIÓN, DESARROLLO E INNOVACIÓN"
1178,2024-05-25,2024-06-02,1,RECTORADO
1178,2024-09-17,2024-09-21,1,"VICERRECTORADO DE INVESTIGACIÓN, DESARROLLO E INNOVACIÓN"
1178,2024-09-25,2024-09-29,1,"VICERRECTORADO DE INVESTIGACIÓN, DESARROLLO E INNOVACIÓN"
1178,2024-12-16,2024-12-24,1,"VICERRECTORADO DE INVESTIGACIÓN, DESARROLLO E INNOVACIÓN"
1178,2025-02-09,2025-02-12,1,"VICERRECTORADO DE INVESTIGACIÓN, DESARROLLO E INNOVACIÓN"
1178,2025-03-05,2025-03-16,1,"VICERRECTORADO DE INVESTIGACIÓN, DESARROLLO E INNOVACIÓN"
1178,2025-04-26,2025-05-01,1,"VICERRECTORADO DE INVESTIGACIÓN, DESARROLLO E INNOVACIÓN"
1178,2024-09-22,2024-09-24,1,RECTORADO
1178,2025-05-15,2025-05-18,1,"VICERRECTORADO DE INVESTIGACIÓN, DESARROLLO E INNOVACIÓN"
1178,2025-06-12,2025-06-22,2,"VICERRECTORADO DE INVESTIGACIÓN, DESARROLLO E INNOVACIÓN"
1178,2025-07-13,2025-07-18,1,"VICERRECTORADO DE INVESTIGACIÓN, DESARROLLO E INNOVACIÓN"
1178,2025-09-12,2025-09-22,1,"VICERRECTORADO DE INVESTIGACIÓN, DESARROLLO E INNOVACIÓN"
1178,2025-09-24,2025-09-27,1,"VICERRECTORADO DE INVESTIGACIÓN, DESARROLLO E INNOVACIÓN"
1178,2025-10-06,2025-10-08,1,"VICERRECTORADO DE INVESTIGACIÓN, DESARROLLO E INNOVACIÓN"
1178,2025-11-07,2025-11-10,1,"VICERRECTORADO DE INVESTIGACIÓN, DESARROLLO E INNOVACIÓN"
1178,2014-04-01,2022-11-13,33,FACULTAD DE INGENIERÍA MECÁNICA Y CIENCIAS DE LA PRODUCCIÓN
1178,2025-11-23,2025-12-03,1,"VICERRECTORADO DE INVESTIGACIÓN, DESARROLLO E INNOVACIÓN"
1178,2025-05-20,2025-05-27,1,RECTORADO
1178,2026-01-19,2026-01-26,1,"VICERRECTORADO DE INVESTIGACIÓN, DESARROLLO E INNOVACIÓN"
1178,2026-02-18,2026-03-03,2,"VICERRECTORADO DE INVESTIGACIÓN, DESARROLLO E INNOVACIÓN"
1178,2026-03-12,2026-03-12,1,"VICERRECTORADO DE INVESTIGACIÓN, DESARROLLO E INNOVACIÓN"
1178,2026-01-27,2026-01-30,1,RECTORADO
1178,2026-03-14,2026-03-25,4,"VICERRECTORADO DE INVESTIGACIÓN, DESARROLLO E INNOVACIÓN"
1178,2026-03-30,2026-04-01,1,"VICERRECTORADO DE INVESTIGACIÓN, DESARROLLO E INNOVACIÓN"
1178,2026-04-15,2026-05-02,1,"VICERRECTORADO DE INVESTIGACIÓN, DESARROLLO E INNOVACIÓN"
1178,2026-06-21,2026-06-28,1,"VICERRECTORADO DE INVESTIGACIÓN, DESARROLLO E INNOVACIÓN"
1178,2021-04-05,2021-04-09,1,DESCONOCIDA
1178,2025-12-05,,1,FACULTAD DE INGENIERÍA MECÁNICA Y CIENCIAS DE LA PRODUCCIÓN
1178,2019-10-16,2019-10-24,1,FACULTAD DE INGENIERÍA EN ELECTRICIDAD Y COMPUTACIÓN
1178,2019-10-16,2019-10-24,1,ESCUELA DE DISEÑO Y COMUNICACIÓN VISUAL
1178,2026-07-12,2026-07-17,1,"VICERRECTORADO DE INVESTIGACIÓN, DESARROLLO E INNOVACIÓN"
1178,2023-01-30,2023-02-04,1,VICERRECTORADO ACADÉMICO
1178,2026-03-26,2026-03-27,3,RECTORADO
1178,2022-11-13,,27,DECANATO DE INVESTIGACIÓN
1180,1987-03-04,1988-06-03,2,DESCONOCIDA
1180,1988-07-04,2015-01-01,8,DESCONOCIDA
1180,2016-10-03,2016-10-10,1,DESCONOCIDA
1180,2015-01-01,2017-11-12,3,GERENCIA DE PLANIFICACIÓN ESTRATÉGICA
1180,2018-09-19,2018-10-02,1,GERENCIA DE PLANIFICACIÓN ESTRATÉGICA
1180,2018-11-21,2018-11-24,1,GERENCIA DE PLANIFICACIÓN ESTRATÉGICA
1180,2019-03-06,2019-03-20,1,GERENCIA DE PLANIFICACIÓN ESTRATÉGICA
1180,2019-04-25,2019-05-02,1,GERENCIA DE PLANIFICACIÓN ESTRATÉGICA
1180,2017-11-13,2017-11-13,1,DESCONOCIDA
1180,2019-07-23,2019-07-27,1,GERENCIA DE PLANIFICACIÓN ESTRATÉGICA
1180,2019-12-04,2019-12-13,1,GERENCIA DE PLANIFICACIÓN ESTRATÉGICA
1180,2021-04-05,2021-04-16,1,GERENCIA DE PLANIFICACIÓN ESTRATÉGICA
1180,2021-06-28,2021-07-12,1,GERENCIA DE PLANIFICACIÓN ESTRATÉGICA
1180,2019-09-23,2019-09-28,1,DESCONOCIDA
1180,2021-12-01,2025-05-01,30,GERENCIA DE PLANIFICACIÓN ESTRATÉGICA
1180,2015-01-01,2021-11-30,2,RECTORADO
1193,1998-05-04,2012-12-31,6,DESCONOCIDA
1193,2013-01-01,,23,FACULTAD DE INGENIERÍA EN ELECTRICIDAD Y COMPUTACIÓN
1202,2010-01-01,2012-12-31,1,DESCONOCIDA
1202,2013-01-01,2025-10-01,28,FACULTAD DE INGENIERÍA EN CIENCIAS DE LA TIERRA
1205,1985-06-28,2014-12-31,10,DESCONOCIDA
1205,2015-01-01,,28,FACULTAD DE CIENCIAS NATURALES Y MATEMÁTICAS
1206,2002-04-28,2014-12-31,15,DESCONOCIDA
1206,2019-11-05,2019-11-15,2,FACULTAD DE INGENIERÍA MARÍTIMA Y CIENCIAS DEL MAR
1206,2021-02-17,2021-02-26,1,FACULTAD DE INGENIERÍA MARÍTIMA Y CIENCIAS DEL MAR
1206,2021-08-05,2021-08-13,1,FACULTAD DE INGENIERÍA MARÍTIMA Y CIENCIAS DEL MAR
1206,2021-12-01,2023-03-10,18,FACULTAD DE INGENIERÍA MARÍTIMA Y CIENCIAS DEL MAR
1206,2023-07-17,2023-07-19,1,FACULTAD DE INGENIERÍA MARÍTIMA Y CIENCIAS DEL MAR
1206,2023-09-04,2023-09-11,1,FACULTAD DE INGENIERÍA MARÍTIMA Y CIENCIAS DEL MAR
1206,2023-12-26,2023-12-29,1,FACULTAD DE INGENIERÍA MARÍTIMA Y CIENCIAS DEL MAR
1206,2024-01-02,2024-01-02,1,FACULTAD DE INGENIERÍA MARÍTIMA Y CIENCIAS DEL MAR
1206,2024-02-19,2024-03-04,1,FACULTAD DE INGENIERÍA MARÍTIMA Y CIENCIAS DEL MAR
1206,2024-10-24,2024-10-24,1,FACULTAD DE INGENIERÍA MARÍTIMA Y CIENCIAS DEL MAR
1206,2024-12-30,2024-12-31,1,FACULTAD DE INGENIERÍA MARÍTIMA Y CIENCIAS DEL MAR
1206,2025-02-17,2025-02-21,1,FACULTAD DE INGENIERÍA MARÍTIMA Y CIENCIAS DEL MAR
1206,2025-04-03,2025-04-03,1,FACULTAD DE INGENIERÍA MARÍTIMA Y CIENCIAS DEL MAR
1206,2026-02-18,2026-03-02,2,FACULTAD DE INGENIERÍA MARÍTIMA Y CIENCIAS DEL MAR
1206,2026-05-05,2026-05-08,1,FACULTAD DE INGENIERÍA MARÍTIMA Y CIENCIAS DEL MAR
1206,2026-05-15,2026-05-15,1,FACULTAD DE INGENIERÍA MARÍTIMA Y CIENCIAS DEL MAR
1206,2026-06-22,2026-06-22,1,FACULTAD DE INGENIERÍA MARÍTIMA Y CIENCIAS DEL MAR
1206,2026-07-08,2026-07-08,1,FACULTAD DE INGENIERÍA MARÍTIMA Y CIENCIAS DEL MAR
1206,2026-07-20,2026-07-20,1,FACULTAD DE INGENIERÍA MARÍTIMA Y CIENCIAS DEL MAR
1206,2026-08-06,2026-08-06,1,FACULTAD DE INGENIERÍA MARÍTIMA Y CIENCIAS DEL MAR
1206,2019-08-20,2021-11-30,1,DESCONOCIDA
1206,2015-01-01,2019-08-19,5,DIRECCIÓN DE TALENTO HUMANO
1206,2026-08-31,,1,FACULTAD DE INGENIERÍA MARÍTIMA Y CIENCIAS DEL MAR
1211,1993-05-25,1993-10-08,1,DESCONOCIDA
1211,1995-06-14,1998-09-17,6,DESCONOCIDA
1211,2002-04-15,2009-03-04,2,DESCONOCIDA
1211,2010-01-01,2013-01-01,2,DESCONOCIDA
1211,2015-11-20,2015-12-10,1,DECANATO DE POSGRADO
1211,2013-01-01,2015-02-12,1,VICERRECTORADO ACADÉMICO
1211,2015-02-13,2015-06-04,1,FACULTAD DE INGENIERÍA EN ELECTRICIDAD Y COMPUTACIÓN
1211,2015-06-05,2017-12-31,38,DESCONOCIDA
1211,2018-01-15,2018-01-17,1,DESCONOCIDA
1211,2018-02-23,2018-03-01,1,DESCONOCIDA
1211,2018-03-26,2018-03-30,1,DESCONOCIDA
1211,2018-04-29,2018-05-06,1,DESCONOCIDA
1211,2018-05-15,2018-05-19,1,DESCONOCIDA
1211,2018-08-19,2018-08-24,1,DESCONOCIDA
1211,2018-10-17,2018-10-20,1,DESCONOCIDA
1211,2018-11-02,2018-11-11,1,DESCONOCIDA
1211,2018-12-26,2019-01-08,1,DESCONOCIDA
1211,2019-02-13,2019-02-18,1,DESCONOCIDA
1211,2019-03-18,2019-03-24,1,DESCONOCIDA
1211,2019-08-30,2019-09-06,1,DESCONOCIDA
1211,2019-12-07,2019-12-12,1,DESCONOCIDA
1211,2020-03-02,2020-03-02,1,DESCONOCIDA
1211,2020-03-05,2020-03-15,1,DESCONOCIDA
1211,2017-11-13,2017-11-13,1,VICERRECTORADO ACADÉMICO
1211,2021-02-22,2021-02-22,1,VICERRECTORADO ACADÉMICO
1211,2021-03-01,2021-03-12,1,VICERRECTORADO ACADÉMICO
1211,2020-10-12,2020-10-15,1,DESCONOCIDA
1211,2022-06-26,2022-07-02,1,VICERRECTORADO ACADÉMICO
1211,2018-01-01,,36,FACULTAD DE INGENIERÍA EN ELECTRICIDAD Y COMPUTACIÓN
1211,2017-03-07,2017-03-21,2,DECANATO DE POSGRADO
1212,1991-11-04,1992-03-06,1,DESCONOCIDA
1212,1992-05-25,1992-10-03,1,DESCONOCIDA
1212,1996-05-20,1996-09-27,1,DESCONOCIDA
1212,1996-10-14,1997-02-28,1,DESCONOCIDA
1212,1997-05-26,1997-10-03,1,DESCONOCIDA
1212,1999-10-19,2000-03-03,1,DESCONOCIDA
1212,2001-10-22,2002-03-02,1,DESCONOCIDA
1212,2002-05-20,2002-09-27,1,DESCONOCIDA
1212,2005-05-16,2005-09-24,1,DESCONOCIDA
1212,2005-10-17,2006-03-03,2,DESCONOCIDA
1212,2006-05-15,2006-09-23,1,DESCONOCIDA
1212,2006-10-17,2007-03-06,3,DESCONOCIDA
1212,2007-05-14,2007-09-22,2,DESCONOCIDA
1212,2007-10-15,2008-03-05,2,DESCONOCIDA
1212,2008-05-19,2008-09-26,2,DESCONOCIDA
1212,2008-10-13,2009-03-02,1,DESCONOCIDA
1212,2009-05-18,2011-05-17,2,DESCONOCIDA
1212,2011-09-25,2013-12-31,4,DESCONOCIDA
1212,2017-10-04,2018-03-02,2,"FACULTAD DE INGENIERIA MARÍTIMA, CIENCIAS BIOLÓGICAS, OCEÁNICAS Y RECURSOS NATURALES"
1212,2018-05-02,2018-09-21,1,"FACULTAD DE INGENIERIA MARÍTIMA, CIENCIAS BIOLÓGICAS, OCEÁNICAS Y RECURSOS NATURALES"
1212,2019-05-13,2019-09-20,1,FACULTAD DE INGENIERÍA MARÍTIMA Y CIENCIAS DEL MAR
1212,2022-05-24,2022-09-23,1,FACULTAD DE INGENIERÍA MARÍTIMA Y CIENCIAS DEL MAR
1212,2014-10-01,2016-12-31,2,DESCONOCIDA
1212,2017-01-01,2017-10-03,1,FACULTAD DE CIENCIAS NATURALES Y MATEMÁTICAS
1212,2018-10-01,2019-02-22,2,"FACULTAD DE INGENIERIA MARÍTIMA, CIENCIAS BIOLÓGICAS, OCEÁNICAS Y RECURSOS NATURALES"
1212,2022-10-03,,15,FACULTAD DE INGENIERÍA MARÍTIMA Y CIENCIAS DEL MAR
1213,2004-05-17,2005-03-08,2,DESCONOCIDA
1213,2006-05-15,2006-09-23,1,DESCONOCIDA
1213,2006-10-17,2007-03-06,1,DESCONOCIDA
1213,2007-05-14,2007-09-22,1,DESCONOCIDA
1213,2007-10-15,2008-03-05,1,DESCONOCIDA
1213,2008-05-19,2008-09-26,1,DESCONOCIDA
1213,2010-05-17,2010-09-30,1,DESCONOCIDA
1213,2017-01-01,2018-03-02,2,FACULTAD DE INGENIERÍA EN ELECTRICIDAD Y COMPUTACIÓN
1213,2016-05-02,2016-12-31,1,DESCONOCIDA
1213,2018-10-01,,32,FACULTAD DE INGENIERÍA EN ELECTRICIDAD Y COMPUTACIÓN
1216,2013-01-01,2014-02-28,1,VICERRECTORADO ACADÉMICO
1216,2001-05-01,2012-12-31,8,DESCONOCIDA
1216,2014-11-01,2014-11-01,1,VICERRECTORADO ACADÉMICO
1216,2016-01-18,2016-01-22,1,VICERRECTORADO ACADÉMICO
1216,2016-02-01,2016-02-05,1,VICERRECTORADO ACADÉMICO
1216,2016-03-21,2016-04-01,1,VICERRECTORADO ACADÉMICO
1216,2014-03-01,2014-11-01,2,FACULTAD DE INGENIERÍA MECÁNICA Y CIENCIAS DE LA PRODUCCIÓN
1216,2016-11-26,2017-03-19,1,RECTORADO
1216,2017-03-21,2017-03-23,1,RECTORADO
1216,2016-10-03,2016-10-07,1,VICERRECTORADO ACADÉMICO
1216,2017-06-30,2017-08-15,2,VICERRECTORADO ACADÉMICO
1216,2017-09-20,2017-09-22,1,VICERRECTORADO ACADÉMICO
1216,2017-09-28,2017-10-02,1,VICERRECTORADO ACADÉMICO
1216,2017-04-01,2017-04-05,1,RECTORADO
1216,2017-10-11,2017-10-18,1,VICERRECTORADO ACADÉMICO
1216,2016-10-20,2017-11-12,1,FACULTAD DE INGENIERÍA MECÁNICA Y CIENCIAS DE LA PRODUCCIÓN
1216,2014-11-01,2017-11-13,29,DESCONOCIDA
1216,2019-03-21,2019-03-30,1,VICERRECTORADO ACADÉMICO
1216,2022-11-13,2022-11-13,1,FACULTAD DE INGENIERÍA MECÁNICA Y CIENCIAS DE LA PRODUCCIÓN
1216,2015-05-27,2015-05-29,1,FACULTAD DE CIENCIAS NATURALES Y MATEMÁTICAS
1216,2017-11-13,,107,RECTORADO
1219,2015-12-01,2016-02-26,1,FACULTAD DE CIENCIAS DE LA VIDA
1219,2023-05-15,,9,FACULTAD DE INGENIERÍA MECÁNICA Y CIENCIAS DE LA PRODUCCIÓN
1220,1994-10-17,1995-03-03,1,DESCONOCIDA
1220,2009-05-18,2011-05-17,2,DESCONOCIDA
1220,2011-06-01,2014-10-31,2,DESCONOCIDA
1220,2017-04-03,2017-05-05,1,DESCONOCIDA
1220,2014-11-01,,24,FACULTAD DE INGENIERÍA EN ELECTRICIDAD Y COMPUTACIÓN
1225,1999-09-20,2004-12-30,8,DESCONOCIDA
1225,2005-01-03,2017-12-27,6,DESCONOCIDA
1225,2020-11-01,2020-11-01,1,DESCONOCIDA
1225,2017-12-28,2020-10-31,4,GERENCIA FINANCIERA
1229,1989-05-15,1989-07-31,1,DESCONOCIDA
1229,1990-05-02,2014-12-31,8,DESCONOCIDA
1229,2015-01-01,2026-08-01,32,DIRECCIÓN DE TALENTO HUMANO
1230,1997-05-26,1997-10-03,1,DESCONOCIDA
1230,1999-02-01,1999-12-31,1,DESCONOCIDA
1230,2000-09-15,2007-02-15,2,DESCONOCIDA
1230,2010-01-01,2014-10-31,2,DESCONOCIDA
1230,2014-11-01,2019-01-23,2,ESCUELA DE DISEÑO Y COMUNICACIÓN VISUAL
1230,2019-01-24,,25,"FACULTAD DE ARTE, DISEÑO Y COMUNICACIÓN AUDIOVISUAL"
1231,1988-09-01,1990-08-30,2,DESCONOCIDA
1231,1996-05-06,2002-09-10,2,DESCONOCIDA
1231,2005-05-16,2005-09-24,1,DESCONOCIDA
1231,2005-10-17,2006-03-03,2,DESCONOCIDA
1231,2006-05-15,2006-09-23,1,DESCONOCIDA
1231,2006-10-17,2007-03-06,1,DESCONOCIDA
1231,2007-10-15,2008-03-05,1,DESCONOCIDA
1231,2013-01-01,2019-01-23,1,"FACULTAD DE INGENIERIA MARÍTIMA, CIENCIAS BIOLÓGICAS, OCEÁNICAS Y RECURSOS NATURALES"
1231,2019-01-24,,21,FACULTAD DE INGENIERÍA MARÍTIMA Y CIENCIAS DEL MAR
1232,1999-10-19,2000-03-03,1,DESCONOCIDA
1232,2000-03-15,2000-05-05,1,DESCONOCIDA
1232,2000-05-25,2000-09-22,1,DESCONOCIDA
1232,2000-10-10,2001-02-24,1,DESCONOCIDA
1232,2001-05-21,2001-09-28,1,DESCONOCIDA
1232,2001-10-22,2002-03-02,1,DESCONOCIDA
1232,2002-05-20,2002-09-27,1,DESCONOCIDA
1232,2002-10-21,2003-03-07,1,DESCONOCIDA
1232,2004-03-09,2004-05-08,1,DESCONOCIDA
1232,2004-10-18,2005-03-08,1,DESCONOCIDA
1232,2005-04-11,2005-04-23,1,DESCONOCIDA
1232,2005-05-16,2005-09-24,1,DESCONOCIDA
1232,2005-10-17,2006-03-03,1,DESCONOCIDA
1232,2006-03-08,2006-04-29,1,DESCONOCIDA
1232,2006-05-15,2007-03-06,3,DESCONOCIDA
1232,2007-03-12,2009-04-30,9,DESCONOCIDA
1232,2009-05-18,2011-05-17,2,DESCONOCIDA
1232,2011-11-01,2012-12-29,2,DESCONOCIDA
1232,2013-09-10,2013-10-05,1,DESCONOCIDA
1232,2017-04-03,2017-05-05,1,DESCONOCIDA
1232,2013-01-01,,20,FACULTAD DE INGENIERÍA EN ELECTRICIDAD Y COMPUTACIÓN
1235,2013-05-13,2013-12-31,1,DESCONOCIDA
1235,2017-10-01,,25,FACULTAD DE INGENIERÍA MECÁNICA Y CIENCIAS DE LA PRODUCCIÓN
1235,2026-03-14,2026-03-20,1,DECANATO DE INVESTIGACIÓN
1246,1996-10-14,1997-02-28,1,DESCONOCIDA
1246,2010-01-07,2017-10-31,9,FACULTAD DE INGENIERÍA EN ELECTRICIDAD Y COMPUTACIÓN
1246,2023-02-22,2023-02-22,1,DECANATO DE GRADO
1246,2023-05-22,2023-05-27,1,DECANATO DE GRADO
1246,2023-06-06,2023-06-08,1,DECANATO DE GRADO
1246,2023-08-21,2023-08-24,1,DECANATO DE GRADO
1246,2024-05-23,2024-06-06,1,DECANATO DE VINCULACIÓN
1246,2025-07-01,2025-07-04,1,DECANATO DE VINCULACIÓN
1246,2024-06-09,2024-06-15,1,DECANATO DE INVESTIGACIÓN
1246,2003-03-08,2010-01-06,8,DESCONOCIDA
1246,2018-11-01,,27,FACULTAD DE INGENIERÍA EN ELECTRICIDAD Y COMPUTACIÓN
1246,2017-11-01,2018-10-31,1,FACULTAD DE INGENIERÍA MECÁNICA Y CIENCIAS DE LA PRODUCCIÓN
1246,2023-10-20,2023-10-29,1,DECANATO DE GRADO
1246,2025-07-07,2025-07-08,1,DECANATO DE VINCULACIÓN
1246,2026-02-02,2026-02-06,1,DECANATO DE INVESTIGACIÓN
1246,2025-05-27,2025-05-31,1,DECANATO DE POSGRADO
1247,2015-08-20,2023-03-07,7,GERENCIA FINANCIERA
1247,2023-06-30,2023-07-11,1,GERENCIA FINANCIERA
1247,2023-07-17,2023-07-18,1,GERENCIA FINANCIERA
1247,2023-09-11,2023-09-13,1,GERENCIA FINANCIERA
1247,2023-09-26,2023-09-26,1,GERENCIA FINANCIERA
1247,2023-09-29,2023-10-05,1,GERENCIA FINANCIERA
1247,2023-12-19,2023-12-19,1,GERENCIA FINANCIERA
1247,2023-12-26,2023-12-29,3,GERENCIA FINANCIERA
1247,2024-01-02,2024-01-08,1,GERENCIA FINANCIERA
1247,2024-07-09,2024-07-13,2,GERENCIA FINANCIERA
1247,2024-10-14,2024-10-25,1,GERENCIA FINANCIERA
1247,2024-12-30,2024-12-31,1,GERENCIA FINANCIERA
1247,2025-01-13,2025-01-13,1,GERENCIA FINANCIERA
1247,2025-01-27,2025-01-31,1,GERENCIA FINANCIERA
1247,2026-01-12,2026-01-12,1,GERENCIA FINANCIERA
1247,2026-01-16,2026-01-20,1,GERENCIA FINANCIERA
1247,2026-03-27,2026-03-27,1,GERENCIA FINANCIERA
1247,2026-06-08,2026-06-10,1,GERENCIA FINANCIERA
1247,2026-08-17,2026-08-21,1,GERENCIA FINANCIERA
1247,1985-11-01,2015-08-19,11,DESCONOCIDA
1247,2026-09-01,,2,GERENCIA FINANCIERA
1252,2002-05-20,2002-09-27,1,DESCONOCIDA
1252,2002-10-21,2003-03-07,1,DESCONOCIDA
1252,2003-03-10,2003-05-03,1,DESCONOCIDA
1252,2003-05-19,2003-09-30,2,DESCONOCIDA
1252,2003-10-20,2004-03-08,1,DESCONOCIDA
1252,2004-04-01,2004-04-30,1,DESCONOCIDA
1252,2004-05-17,2004-09-25,1,DESCONOCIDA
1252,2004-10-18,2005-03-08,1,DESCONOCIDA
1252,2005-05-16,2005-09-24,1,DESCONOCIDA
1252,2005-10-17,2006-03-03,1,DESCONOCIDA
1252,2016-06-01,2016-12-31,1,DESCONOCIDA
1252,2017-01-01,2020-02-21,5,FACULTAD DE INGENIERÍA EN ELECTRICIDAD Y COMPUTACIÓN
1255,1987-08-28,1988-08-27,3,DESCONOCIDA
1255,1988-09-05,2014-12-31,6,DESCONOCIDA
1255,2015-01-01,2023-12-01,39,GERENCIA FINANCIERA
1262,2000-05-15,2000-09-22,1,DESCONOCIDA
1262,2001-04-01,2001-04-30,1,DESCONOCIDA
1262,2003-09-08,2003-09-24,1,DESCONOCIDA
1262,2004-05-17,2004-09-25,1,DESCONOCIDA
1262,2005-05-16,2005-09-24,2,DESCONOCIDA
1262,2005-10-17,2006-03-03,1,DESCONOCIDA
1262,2006-05-15,2006-09-23,2,DESCONOCIDA
1262,2006-10-16,2008-05-10,11,DESCONOCIDA
1262,2010-01-01,2010-05-02,1,DESCONOCIDA
1262,2012-06-01,2012-09-30,1,DESCONOCIDA
1262,2013-05-01,2014-04-30,1,DESCONOCIDA
1262,2012-10-01,,25,FACULTAD DE CIENCIAS SOCIALES Y HUMANÍSTICAS
1268,1991-04-15,1991-10-15,1,DESCONOCIDA
1268,1991-11-01,1991-12-31,1,DESCONOCIDA
1268,1992-03-01,1992-12-31,1,DESCONOCIDA
1268,1993-06-01,1993-10-31,1,DESCONOCIDA
1268,1995-02-01,1996-12-30,3,DESCONOCIDA
1268,1997-02-26,2004-12-30,9,DESCONOCIDA
1268,2007-06-01,2014-12-31,2,DESCONOCIDA
1268,2015-01-01,2022-01-01,10,CENTRO DE ESTUDIOS DEL MEDIO AMBIENTE
1277,2002-10-21,2003-03-07,1,DESCONOCIDA
1277,2003-05-19,2003-09-27,1,DESCONOCIDA
1277,2003-10-20,2004-03-08,1,DESCONOCIDA
1277,2004-05-17,2004-09-25,1,DESCONOCIDA
1277,2015-01-01,2015-03-13,1,FACULTAD DE CIENCIAS NATURALES Y MATEMÁTICAS
1277,2012-07-09,2012-10-14,1,DESCONOCIDA
1277,2015-05-01,2015-12-31,1,FACULTAD DE CIENCIAS NATURALES Y MATEMÁTICAS
1277,2017-01-01,2017-09-22,1,FACULTAD DE CIENCIAS NATURALES Y MATEMÁTICAS
1277,2018-05-01,2019-12-31,2,DIRECCIÓN DE ADMISIONES
1277,2020-02-03,2020-05-31,3,DIRECCIÓN DE ADMISIONES
1277,2021-05-25,2021-12-31,1,DIRECCIÓN DE ADMISIONES
1277,2016-01-01,2016-12-31,1,DESCONOCIDA
1277,2018-01-15,2018-03-02,2,FACULTAD DE CIENCIAS NATURALES Y MATEMÁTICAS
1277,2023-05-29,2025-12-31,10,DIRECCIÓN DE ADMISIONES
1278,2018-03-14,2018-03-28,1,DIRECCIÓN DE ADQUISICIONES Y SUMINISTROS
1278,2018-08-13,2018-08-19,1,DIRECCIÓN DE ADQUISICIONES Y SUMINISTROS
1278,1999-05-18,2019-01-01,17,DESCONOCIDA
1278,2020-12-01,2020-12-01,1,DESCONOCIDA
1278,2015-01-01,2015-11-10,1,GERENCIA FINANCIERA
1278,2019-01-01,2020-11-30,1,DIRECCIÓN DE ADQUISICIONES Y SUMINISTROS
1288,1991-06-04,1995-02-28,5,DESCONOCIDA
1288,1995-03-19,2015-12-31,14,DESCONOCIDA
1288,2016-01-01,2016-12-31,1,DIRECCIÓN DE SERVICIOS GENERALES
1288,2017-01-01,2018-12-31,2,DESCONOCIDA
1288,2019-01-01,2026-01-31,27,DIRECCIÓN DE SERVICIOS GENERALES
1290,1992-09-01,2015-12-31,16,DESCONOCIDA
1290,2016-01-01,2016-12-31,1,DIRECCIÓN DE SERVICIOS GENERALES
1290,2017-01-01,2018-12-31,2,DESCONOCIDA
1290,2019-01-01,,33,DIRECCIÓN DE SERVICIOS GENERALES
1304,1989-09-11,2015-12-31,6,DESCONOCIDA
1304,2016-01-01,2016-12-31,1,FACULTAD DE INGENIERÍA MECÁNICA Y CIENCIAS DE LA PRODUCCIÓN
1304,2017-01-01,2018-12-31,2,DESCONOCIDA
1304,2019-01-01,,16,FACULTAD DE INGENIERÍA MECÁNICA Y CIENCIAS DE LA PRODUCCIÓN
1308,2013-05-13,2013-09-20,1,DESCONOCIDA
1308,2013-10-14,2013-12-31,1,DESCONOCIDA
1308,2014-05-12,2014-10-03,1,DESCONOCIDA
1308,2015-01-01,2015-03-13,1,FACULTAD DE CIENCIAS SOCIALES Y HUMANÍSTICAS
1308,2015-05-11,2015-10-02,1,FACULTAD DE CIENCIAS SOCIALES Y HUMANÍSTICAS
1308,2014-10-20,2014-12-31,1,DESCONOCIDA
1308,2015-10-19,,29,FACULTAD DE CIENCIAS SOCIALES Y HUMANÍSTICAS
1315,2005-10-01,2007-09-30,1,DESCONOCIDA
1315,2013-01-01,,39,FACULTAD DE INGENIERÍA EN ELECTRICIDAD Y COMPUTACIÓN
1322,2003-08-11,2004-05-30,3,DESCONOCIDA
1322,2015-01-01,2022-10-31,8,GERENCIA DE COMUNICACIÓN SOCIAL Y ASUNTOS PÚBLICOS
1322,2022-12-27,2022-12-30,1,GERENCIA DE COMUNICACIÓN SOCIAL Y ASUNTOS PÚBLICOS
1322,2008-08-18,2014-12-31,4,DESCONOCIDA
1322,2023-03-20,2023-03-31,1,GERENCIA DE COMUNICACIÓN SOCIAL Y ASUNTOS PÚBLICOS
1322,2022-11-01,,53,GERENCIA DE COMUNICACIÓN
1329,2006-10-16,2014-10-31,7,DESCONOCIDA
1329,2017-03-28,2017-03-28,1,DESCONOCIDA
1329,2014-11-01,,22,FACULTAD DE CIENCIAS SOCIALES Y HUMANÍSTICAS
1335,1993-10-18,1995-03-03,3,DESCONOCIDA
1335,2001-10-08,2012-12-31,5,DESCONOCIDA
1335,2016-03-21,2016-03-30,1,DESCONOCIDA
1335,2017-03-27,2017-04-09,1,DESCONOCIDA
1335,2018-03-12,2018-03-25,1,"FACULTAD DE ARTE, DISEÑO Y COMUNICACIÓN AUDIOVISUAL"
1335,2013-01-01,2019-01-24,5,ESCUELA DE DISEÑO Y COMUNICACIÓN VISUAL
1335,2018-03-26,2018-04-06,1,DESCONOCIDA
1335,2019-02-25,2019-03-01,1,ESCUELA DE DISEÑO Y COMUNICACIÓN VISUAL
1335,2019-03-06,2019-03-15,1,DESCONOCIDA
1335,2019-12-26,2020-01-03,1,DESCONOCIDA
1335,2020-02-26,2020-03-06,1,DESCONOCIDA
1335,2019-03-18,2019-04-05,1,ESCUELA DE DISEÑO Y COMUNICACIÓN VISUAL
1335,2019-01-24,,22,"FACULTAD DE ARTE, DISEÑO Y COMUNICACIÓN AUDIOVISUAL"
1339,2009-05-18,2009-09-25,1,DESCONOCIDA
1339,2009-10-12,2010-03-02,2,DESCONOCIDA
1339,2011-06-01,2012-12-31,3,DESCONOCIDA
1339,2013-10-04,2013-11-10,1,DESCONOCIDA
1339,2014-08-01,2014-08-31,1,DESCONOCIDA
1339,2018-06-16,2018-06-16,1,DESCONOCIDA
1339,2013-01-01,,22,FACULTAD DE CIENCIAS SOCIALES Y HUMANÍSTICAS
1339,2017-11-01,2018-06-15,1,GERENCIA FINANCIERA
1349,2001-10-22,2002-03-02,1,DESCONOCIDA
1349,2002-05-20,2002-09-27,1,DESCONOCIDA
1349,2002-10-21,2003-03-07,1,DESCONOCIDA
1349,2010-01-01,2012-04-30,1,DESCONOCIDA
1349,2019-04-01,2019-04-05,1,DESCONOCIDA
1349,2019-12-07,2019-12-12,1,DESCONOCIDA
1349,2014-11-01,,19,FACULTAD DE INGENIERÍA EN ELECTRICIDAD Y COMPUTACIÓN
1354,2020-08-06,2020-10-05,1,GERENCIA DE RELACIONES EXTERNAS
1354,2021-04-26,2021-04-30,1,GERENCIA DE RELACIONES EXTERNAS
1354,1989-10-13,2014-12-31,13,DESCONOCIDA
1354,2015-01-01,2020-08-05,4,GERENCIA DE RELACIONES INTERNACIONALES
1354,2021-08-06,2021-08-06,1,GERENCIA DE RELACIONES EXTERNAS
1354,2020-10-06,,41,DECANATO DE POSGRADO
1360,2007-06-25,2007-08-04,1,DESCONOCIDA
1360,2008-10-13,2009-03-02,1,DESCONOCIDA
1360,2009-05-18,2011-05-17,2,DESCONOCIDA
1360,2011-09-25,2014-10-31,2,DESCONOCIDA
1360,2018-03-26,2018-04-06,1,"FACULTAD DE ARTE, DISEÑO Y COMUNICACIÓN AUDIOVISUAL"
1360,2019-01-24,2019-01-24,1,DESCONOCIDA
1360,2014-11-01,2019-01-24,3,ESCUELA DE DISEÑO Y COMUNICACIÓN VISUAL
1360,2019-01-24,,25,"FACULTAD DE ARTE, DISEÑO Y COMUNICACIÓN AUDIOVISUAL"
1363,2000-05-15,2000-09-22,3,DESCONOCIDA
1363,2000-10-01,2012-12-31,75,DESCONOCIDA
1363,2013-01-01,,15,ESCUELA DE POSTGRADO EN ADMINISTRACIÓN DE EMPRESAS
1364,2016-10-17,2016-12-31,1,DESCONOCIDA
1364,2017-01-01,2018-12-31,3,FACULTAD DE CIENCIAS NATURALES Y MATEMÁTICAS
1364,2019-01-01,2019-12-31,1,DIRECCIÓN DE ADMISIONES
1372,1996-05-02,2014-12-31,13,DESCONOCIDA
1372,2015-01-01,,46,GERENCIA DE TECNOLOGÍAS Y SISTEMAS DE INFORMACIÓN
1373,1994-12-01,1995-03-03,1,DESCONOCIDA
1373,1995-05-22,1995-10-06,1,DESCONOCIDA
1373,1995-10-16,1996-03-03,2,DESCONOCIDA
1373,1996-05-20,1996-09-27,1,DESCONOCIDA
1373,1996-10-14,1997-02-28,1,DESCONOCIDA
1373,1997-05-26,1997-10-03,1,DESCONOCIDA
1373,1997-10-20,1998-02-27,1,DESCONOCIDA
1373,1998-05-25,1998-10-02,1,DESCONOCIDA
1373,1998-10-19,1999-03-02,1,DESCONOCIDA
1373,1999-05-25,1999-10-02,1,DESCONOCIDA
1373,1999-10-19,2000-03-03,1,DESCONOCIDA
1373,2004-03-09,2004-05-08,1,DESCONOCIDA
1373,2004-10-01,2006-03-03,6,DESCONOCIDA
1373,2006-03-08,2006-04-29,1,DESCONOCIDA
1373,2006-05-15,2006-09-23,1,DESCONOCIDA
1373,2006-10-17,2007-03-06,1,DESCONOCIDA
1373,2007-05-14,2007-09-22,1,DESCONOCIDA
1373,2007-10-15,2008-03-05,1,DESCONOCIDA
1373,2008-03-10,2008-05-10,1,DESCONOCIDA
1373,2008-05-19,2008-09-26,1,DESCONOCIDA
1373,2008-10-13,2009-03-02,1,DESCONOCIDA
1373,2009-05-18,2011-05-17,2,DESCONOCIDA
1373,2018-10-03,2018-10-10,1,DESCONOCIDA
1373,2018-10-17,2018-10-20,1,DESCONOCIDA
1373,2019-05-13,2019-05-17,1,DESCONOCIDA
1373,2019-06-19,2019-06-21,1,DESCONOCIDA
1373,2019-07-08,2019-07-13,1,DESCONOCIDA
1373,2019-08-30,2019-09-06,1,DESCONOCIDA
1373,2019-10-05,2019-10-11,1,DESCONOCIDA
1373,2019-11-16,2019-11-20,1,DESCONOCIDA
1373,2013-01-01,,18,FACULTAD DE INGENIERÍA EN ELECTRICIDAD Y COMPUTACIÓN
1375,2003-01-06,2004-03-30,2,DESCONOCIDA
1375,2004-05-01,2005-09-30,2,DESCONOCIDA
1375,2015-01-01,2023-03-07,16,DIRECCIÓN DE LA SECRETARÍA TÉCNICA ACADEMICA
1375,2023-05-11,2023-05-11,1,DIRECCIÓN DE LA SECRETARÍA TÉCNICA ACADEMICA
1375,2023-06-06,2023-06-06,1,DIRECCIÓN DE LA SECRETARÍA TÉCNICA ACADEMICA
1375,2023-07-20,2023-07-21,1,DIRECCIÓN DE LA SECRETARÍA TÉCNICA ACADEMICA
1375,2023-09-14,2023-09-14,1,DIRECCIÓN DE LA SECRETARÍA TÉCNICA ACADEMICA
1375,2023-12-26,2023-12-29,1,DIRECCIÓN DE LA SECRETARÍA TÉCNICA ACADEMICA
1375,2024-02-19,2024-03-04,1,DIRECCIÓN DE LA SECRETARÍA TÉCNICA ACADEMICA
1375,2024-08-06,2024-08-23,1,DIRECCIÓN DE LA SECRETARÍA TÉCNICA ACADEMICA
1375,2024-12-26,2024-12-31,1,DIRECCIÓN DE LA SECRETARÍA TÉCNICA ACADEMICA
1375,2025-01-06,2025-01-07,1,DIRECCIÓN DE LA SECRETARÍA TÉCNICA ACADEMICA
1375,2025-02-17,2025-02-28,1,DIRECCIÓN DE LA SECRETARÍA TÉCNICA ACADEMICA
1375,2025-12-26,2025-12-31,1,DIRECCIÓN DE LA SECRETARÍA TÉCNICA ACADEMICA
1375,2026-02-18,2026-02-27,1,DIRECCIÓN DE LA SECRETARÍA TÉCNICA ACADEMICA
1375,2026-03-09,2026-03-09,1,DIRECCIÓN DE LA SECRETARÍA TÉCNICA ACADEMICA
1375,2026-04-02,2026-04-02,1,DIRECCIÓN DE LA SECRETARÍA TÉCNICA ACADEMICA
1375,2026-04-14,2026-04-15,1,DIRECCIÓN DE LA SECRETARÍA TÉCNICA ACADEMICA
1375,2026-05-15,2026-05-15,1,DIRECCIÓN DE LA SECRETARÍA TÉCNICA ACADEMICA
1375,2026-08-06,2026-08-07,1,DIRECCIÓN DE LA SECRETARÍA TÉCNICA ACADEMICA
1375,2026-08-14,2026-08-18,1,DIRECCIÓN DE LA SECRETARÍA TÉCNICA ACADEMICA
1375,2006-07-01,2014-12-31,9,DESCONOCIDA
1375,2026-08-27,,2,DIRECCIÓN DE LA SECRETARÍA TÉCNICA ACADEMICA
1385,1990-05-16,1991-11-15,3,DESCONOCIDA
1385,2018-11-07,2018-11-21,1,VICERRECTORADO ACADÉMICO
1385,2019-03-11,2019-03-25,1,VICERRECTORADO ACADÉMICO
1385,2019-08-05,2019-08-16,1,VICERRECTORADO ACADÉMICO
1385,2021-08-05,2021-08-20,1,VICERRECTORADO ACADÉMICO
1385,1992-09-01,2021-11-30,12,DESCONOCIDA
1385,2018-03-07,2018-03-16,1,UNIDAD DE BIENESTAR ESTUDIANTIL Y POLITÉCNICO
1385,2021-11-22,2022-11-13,6,VICERRECTORADO ACADÉMICO
1385,2022-11-14,,27,FACULTAD DE INGENIERÍA EN CIENCIAS DE LA TIERRA
1400,2002-10-21,2012-12-31,6,DESCONOCIDA
1400,2013-01-01,2015-09-13,3,FACULTAD DE INGENIERÍA MECÁNICA Y CIENCIAS DE LA PRODUCCIÓN
1400,2020-02-11,2020-02-21,1,FACULTAD DE INGENIERÍA MECÁNICA Y CIENCIAS DE LA PRODUCCIÓN
1400,2021-02-22,2021-03-22,1,FACULTAD DE INGENIERÍA MECÁNICA Y CIENCIAS DE LA PRODUCCIÓN
1400,2022-03-07,2022-04-08,1,FACULTAD DE INGENIERÍA MECÁNICA Y CIENCIAS DE LA PRODUCCIÓN
1400,2022-12-27,2022-12-30,1,FACULTAD DE INGENIERÍA MECÁNICA Y CIENCIAS DE LA PRODUCCIÓN
1400,2023-01-21,2023-03-02,2,FACULTAD DE INGENIERÍA MECÁNICA Y CIENCIAS DE LA PRODUCCIÓN
1400,2023-12-26,2023-12-29,1,FACULTAD DE INGENIERÍA MECÁNICA Y CIENCIAS DE LA PRODUCCIÓN
1400,2024-02-26,2024-04-15,1,FACULTAD DE INGENIERÍA MECÁNICA Y CIENCIAS DE LA PRODUCCIÓN
1400,2024-08-26,2024-09-24,1,FACULTAD DE INGENIERÍA MECÁNICA Y CIENCIAS DE LA PRODUCCIÓN
1400,2024-12-26,2024-12-31,1,FACULTAD DE INGENIERÍA MECÁNICA Y CIENCIAS DE LA PRODUCCIÓN
1400,2025-05-20,2025-05-31,1,DECANATO DE VINCULACIÓN
1400,2025-06-23,2025-06-30,1,DECANATO DE VINCULACIÓN
1400,2025-07-15,2025-07-19,1,DECANATO DE VINCULACIÓN
1400,2025-08-12,2025-08-12,1,DECANATO DE VINCULACIÓN
1400,2025-09-23,2025-09-23,1,DECANATO DE VINCULACIÓN
1400,2025-02-17,2025-03-18,1,FACULTAD DE INGENIERÍA MECÁNICA Y CIENCIAS DE LA PRODUCCIÓN
1400,2025-12-26,2025-12-31,1,FACULTAD DE INGENIERÍA MECÁNICA Y CIENCIAS DE LA PRODUCCIÓN
1400,2016-04-05,2016-04-11,1,DESCONOCIDA
1400,2026-09-01,,1,FACULTAD DE INGENIERÍA MECÁNICA Y CIENCIAS DE LA PRODUCCIÓN
1400,2025-09-25,2025-10-02,1,DECANATO DE VINCULACIÓN
1402,1996-10-01,2014-12-31,15,DESCONOCIDA
1402,2023-04-03,2023-05-04,1,DESCONOCIDA
1402,2015-01-01,,14,FACULTAD DE INGENIERÍA MECÁNICA Y CIENCIAS DE LA PRODUCCIÓN
1411,1996-10-14,1997-02-28,1,DESCONOCIDA
1411,1997-05-26,1997-10-03,1,DESCONOCIDA
1411,1997-10-20,1998-02-27,1,DESCONOCIDA
1411,1998-05-25,1998-10-02,1,DESCONOCIDA
1411,1998-10-19,1999-03-02,1,DESCONOCIDA
1411,1999-05-25,1999-10-02,1,DESCONOCIDA
1411,1999-10-19,2000-03-03,1,DESCONOCIDA
1411,2000-03-15,2000-05-05,1,DESCONOCIDA
1411,2000-05-25,2000-09-22,1,DESCONOCIDA
1411,2000-10-10,2001-02-23,1,DESCONOCIDA
1411,2001-03-12,2001-05-05,1,DESCONOCIDA
1411,2001-05-21,2001-09-28,1,DESCONOCIDA
1411,2001-10-22,2002-03-02,1,DESCONOCIDA
1411,2002-05-20,2002-09-27,1,DESCONOCIDA
1411,2002-10-21,2003-03-07,1,DESCONOCIDA
1411,2003-05-19,2003-09-27,1,DESCONOCIDA
1411,2005-05-16,2005-09-24,1,DESCONOCIDA
1411,2005-10-01,2011-10-25,13,DESCONOCIDA
1411,2018-01-15,2018-01-17,1,DESCONOCIDA
1411,2018-03-05,2018-03-10,1,DESCONOCIDA
1411,2018-03-26,2018-03-30,1,DESCONOCIDA
1411,2018-04-16,2018-04-19,1,DESCONOCIDA
1411,2018-04-29,2018-05-06,1,DESCONOCIDA
1411,2018-05-15,2018-05-18,1,DESCONOCIDA
1411,2018-08-19,2018-08-24,1,DESCONOCIDA
1411,2018-10-03,2018-10-10,1,DESCONOCIDA
1411,2018-10-17,2018-10-20,1,DESCONOCIDA
1411,2018-11-02,2018-11-11,1,DESCONOCIDA
1411,2018-12-27,2019-01-08,1,DESCONOCIDA
1411,2019-02-13,2019-02-18,1,DESCONOCIDA
1411,2019-04-01,2019-04-05,1,DESCONOCIDA
1411,2019-05-13,2019-05-17,1,DESCONOCIDA
1411,2019-06-19,2019-06-21,1,DESCONOCIDA
1411,2019-08-30,2019-09-06,1,DESCONOCIDA
1411,2019-09-17,2019-10-12,2,DESCONOCIDA
1411,2019-11-16,2019-11-20,1,DESCONOCIDA
1411,2019-12-07,2019-12-12,1,DESCONOCIDA
1411,2011-10-26,,38,FACULTAD DE INGENIERÍA EN ELECTRICIDAD Y COMPUTACIÓN
1421,2000-05-15,2001-02-23,5,DESCONOCIDA
1421,2001-05-21,2001-09-28,2,DESCONOCIDA
1421,2003-10-20,2004-03-08,1,DESCONOCIDA
1421,2006-01-12,2006-04-17,1,DESCONOCIDA
1421,2006-05-15,2006-09-23,1,DESCONOCIDA
1421,2006-10-17,2007-03-06,1,DESCONOCIDA
1421,2007-03-26,2007-09-22,4,DESCONOCIDA
1421,2007-10-15,2008-03-05,1,DESCONOCIDA
1421,2008-05-19,2008-09-26,1,DESCONOCIDA
1421,2008-10-13,2009-03-02,1,DESCONOCIDA
1421,2009-05-18,2009-09-25,1,DESCONOCIDA
1421,2009-10-12,2010-03-02,2,DESCONOCIDA
1421,2012-08-16,2012-09-20,1,DESCONOCIDA
1421,2013-05-13,2013-09-20,1,DESCONOCIDA
1421,2013-10-14,2013-12-31,1,DESCONOCIDA
1421,2014-05-12,2016-12-31,3,DESCONOCIDA
1421,2017-01-01,,9,FACULTAD DE INGENIERÍA MECÁNICA Y CIENCIAS DE LA PRODUCCIÓN
1421,2020-07-01,2020-08-05,1,DIRECCIÓN DE LA SECRETARÍA TÉCNICA DE ASEGURAMIENTO DE LA CALIDAD DE LA EDUCACIÓN SUPERIOR
1421,2020-08-06,,26,SECRETARÍA TÉCNICA DE ASEGURAMIENTO DE LA CALIDAD
1424,1996-05-20,1996-09-27,1,DESCONOCIDA
1424,1996-11-14,1997-01-13,1,DESCONOCIDA
1424,1999-11-15,2000-03-03,1,DESCONOCIDA
1424,2006-08-01,2014-10-31,5,DESCONOCIDA
1424,2014-11-01,,17,FACULTAD DE INGENIERÍA MECÁNICA Y CIENCIAS DE LA PRODUCCIÓN
1426,1993-10-18,1994-05-06,2,DESCONOCIDA
1426,1994-05-23,1994-10-07,1,DESCONOCIDA
1426,1994-10-17,1995-03-03,1,DESCONOCIDA
1426,1995-05-22,1995-10-06,1,DESCONOCIDA
1426,1995-10-16,1996-03-03,1,DESCONOCIDA
1426,1996-05-20,1996-09-27,1,DESCONOCIDA
1426,1996-10-14,1997-02-28,1,DESCONOCIDA
1426,1997-05-26,1997-10-03,1,DESCONOCIDA
1426,1997-10-20,1998-02-27,1,DESCONOCIDA
1426,1998-05-25,1998-10-02,1,DESCONOCIDA
1426,1998-10-19,1999-03-02,1,DESCONOCIDA
1426,1999-10-19,2000-03-03,1,DESCONOCIDA
1426,2000-05-15,2000-09-22,1,DESCONOCIDA
1426,2000-10-10,2000-10-28,1,DESCONOCIDA
1426,2001-05-21,2001-09-28,1,DESCONOCIDA
1426,2001-10-22,2002-03-02,2,DESCONOCIDA
1426,2002-05-20,2002-09-27,1,DESCONOCIDA
1426,2003-05-19,2003-09-27,1,DESCONOCIDA
1426,2008-03-10,2008-05-10,1,DESCONOCIDA
1426,2011-07-11,2012-12-31,1,DESCONOCIDA
1426,2013-01-01,2024-03-11,11,FACULTAD DE INGENIERÍA MECÁNICA Y CIENCIAS DE LA PRODUCCIÓN
1430,2024-05-13,,9,FACULTAD DE INGENIERÍA EN ELECTRICIDAD Y COMPUTACIÓN
1433,2022-05-16,,14,FACULTAD DE INGENIERÍA EN ELECTRICIDAD Y COMPUTACIÓN
1439,2001-07-18,2015-12-31,14,DESCONOCIDA
1439,2016-01-01,2016-12-31,1,FACULTAD DE CIENCIAS NATURALES Y MATEMÁTICAS
1439,2020-01-01,2020-12-31,1,UNIDAD DE BIENESTAR ESTUDIANTIL Y POLITÉCNICO
1439,2022-02-25,2022-02-25,1,UNIDAD DE BIENESTAR ESTUDIANTIL Y POLITÉCNICO
1439,2022-03-15,2022-03-16,1,UNIDAD DE BIENESTAR ESTUDIANTIL Y POLITÉCNICO
1439,2017-01-01,2018-12-31,2,DESCONOCIDA
1439,2019-01-01,2019-12-31,1,FACULTAD DE CIENCIAS NATURALES Y MATEMÁTICAS
1439,2022-07-04,2022-07-04,1,UNIDAD DE BIENESTAR ESTUDIANTIL Y POLITÉCNICO
1439,2021-01-01,,28,GERENCIA DE BIENESTAR POLITÉCNICO
1444,1998-08-03,1998-11-02,1,DESCONOCIDA
1444,1999-03-01,2002-12-30,8,DESCONOCIDA
1444,2003-10-20,2004-03-08,1,DESCONOCIDA
1444,2004-05-17,2004-09-25,1,DESCONOCIDA
1444,2006-06-01,2014-10-31,5,DESCONOCIDA
1444,2017-03-09,2017-03-10,1,DESCONOCIDA
1444,2020-07-01,2020-07-01,1,DESCONOCIDA
1444,2014-11-01,,55,FACULTAD DE INGENIERÍA EN ELECTRICIDAD Y COMPUTACIÓN
1444,2015-10-01,2015-10-01,1,AUDITORÍA INTERNA
1444,2017-11-13,2020-06-30,2,DIRECCIÓN DE LA SECRETARÍA TÉCNICA DE ASEGURAMIENTO DE LA CALIDAD DE LA EDUCACIÓN SUPERIOR
1451,2009-10-12,2010-03-02,2,DESCONOCIDA
1451,2014-11-01,2015-08-31,1,FACULTAD DE INGENIERÍA EN ELECTRICIDAD Y COMPUTACIÓN
1451,2015-10-01,2022-08-08,8,FACULTAD DE INGENIERÍA EN ELECTRICIDAD Y COMPUTACIÓN
1451,2011-12-01,2014-10-31,2,DESCONOCIDA
1451,2023-02-09,2026-07-02,16,FACULTAD DE INGENIERÍA EN ELECTRICIDAD Y COMPUTACIÓN
1451,2015-09-01,2015-09-30,1,FACULTAD DE INGENIERÍA MECÁNICA Y CIENCIAS DE LA PRODUCCIÓN
1457,1995-08-07,1995-11-06,1,DESCONOCIDA
1457,1996-05-08,1997-12-07,3,DESCONOCIDA
1457,2000-01-01,2002-03-30,5,DESCONOCIDA
1457,2003-02-25,2005-02-24,2,DESCONOCIDA
1457,2017-11-09,2017-12-02,2,GERENCIA DE PLANIFICACIÓN ESTRATÉGICA
1457,2018-06-11,2018-06-25,1,GERENCIA DE PLANIFICACIÓN ESTRATÉGICA
1457,2019-03-06,2019-03-12,1,GERENCIA DE PLANIFICACIÓN ESTRATÉGICA
1457,2019-04-01,2019-04-03,1,GERENCIA DE PLANIFICACIÓN ESTRATÉGICA
1457,2005-11-01,2014-12-31,5,DESCONOCIDA
1457,2019-03-27,2019-03-29,1,CENTRO DE EMPRENDIMIENTO E INNOVACIÓN I3LAB
1457,2019-07-08,2020-12-01,2,DESCONOCIDA
1457,2019-04-23,2019-04-29,1,GERENCIA DE PLANIFICACIÓN ESTRATÉGICA
1457,2019-11-05,2019-11-07,1,CENTRO DE EMPRENDIMIENTO E INNOVACIÓN I3LAB
1472,2001-05-21,2001-09-28,1,DESCONOCIDA
1472,2001-10-22,2002-03-02,1,DESCONOCIDA
1472,2002-05-20,2002-09-27,1,DESCONOCIDA
1472,2002-10-21,2003-03-07,1,DESCONOCIDA
1472,2003-05-19,2003-09-27,1,DESCONOCIDA
1472,2003-10-20,2004-03-08,1,DESCONOCIDA
1472,2004-05-17,2004-09-25,1,DESCONOCIDA
1472,2004-10-18,2005-03-08,1,DESCONOCIDA
1472,2005-05-16,2005-09-24,1,DESCONOCIDA
1472,2005-10-17,2006-03-03,1,DESCONOCIDA
1472,2006-05-15,2006-09-23,1,DESCONOCIDA
1472,2006-10-17,2007-03-06,1,DESCONOCIDA
1472,2007-05-14,2007-09-22,1,DESCONOCIDA
1472,2007-10-15,2008-03-05,1,DESCONOCIDA
1472,2008-05-19,2008-09-26,1,DESCONOCIDA
1472,2008-10-13,2009-03-02,1,DESCONOCIDA
1472,2009-05-18,2009-09-25,2,DESCONOCIDA
1472,2009-10-12,2010-03-02,2,DESCONOCIDA
1472,2013-05-13,2013-09-20,1,DESCONOCIDA
1472,2013-10-14,2013-12-31,1,DESCONOCIDA
1472,2018-03-05,2018-03-31,1,FACULTAD DE INGENIERÍA MARÍTIMA Y CIENCIAS DEL MAR
1472,2014-05-12,2016-12-31,4,DESCONOCIDA
1472,2017-01-01,2019-01-23,4,"FACULTAD DE INGENIERIA MARÍTIMA, CIENCIAS BIOLÓGICAS, OCEÁNICAS Y RECURSOS NATURALES"
1472,2019-01-24,,38,FACULTAD DE INGENIERÍA MARÍTIMA Y CIENCIAS DEL MAR
1476,1989-10-01,1992-12-30,4,DESCONOCIDA
1476,2018-07-02,2018-07-09,1,UNIDAD DE BIENESTAR ESTUDIANTIL Y POLITÉCNICO
1476,1993-05-01,2020-12-01,20,DESCONOCIDA
1476,2018-03-19,2018-04-01,1,VICERRECTORADO ACADÉMICO
1476,2019-03-27,2019-04-12,1,UNIDAD DE BIENESTAR ESTUDIANTIL Y POLITÉCNICO
1478,2018-01-02,2018-12-31,1,GERENCIA ADMINISTRATIVA
1478,2017-01-03,2017-12-31,1,DESCONOCIDA
1478,2019-01-02,2019-12-31,1,GERENCIA ADMINISTRATIVA
1478,2020-01-02,2020-12-31,1,UNIDAD DE BIENESTAR ESTUDIANTIL Y POLITÉCNICO
1485,2000-11-30,2014-12-31,59,DESCONOCIDA
1485,2015-01-01,,31,GERENCIA FINANCIERA
1496,1999-05-25,1999-10-02,1,DESCONOCIDA
1496,1999-10-19,2000-03-03,1,DESCONOCIDA
1496,2000-05-15,2000-09-22,1,DESCONOCIDA
1496,2002-10-21,2013-12-31,19,DESCONOCIDA
1496,2013-01-01,2023-03-15,11,FACULTAD DE CIENCIAS SOCIALES Y HUMANÍSTICAS
1517,2000-05-15,2000-09-22,1,DESCONOCIDA
1517,2000-10-10,2001-02-23,1,DESCONOCIDA
1517,2001-03-12,2001-05-05,1,DESCONOCIDA
1517,2001-05-21,2001-09-28,1,DESCONOCIDA
1517,2001-10-22,2002-03-02,1,DESCONOCIDA
1517,2002-05-20,2002-09-27,1,DESCONOCIDA
1517,2002-10-21,2003-03-07,1,DESCONOCIDA
1517,2003-05-19,2003-09-27,1,DESCONOCIDA
1517,2003-10-20,2004-03-08,1,DESCONOCIDA
1517,2004-05-17,2004-09-25,4,DESCONOCIDA
1517,2004-10-18,2005-03-08,3,DESCONOCIDA
1517,2005-05-16,2005-09-24,3,DESCONOCIDA
1517,2005-10-17,2006-03-03,3,DESCONOCIDA
1517,2006-03-08,2006-04-29,1,DESCONOCIDA
1517,2006-05-15,2006-09-23,5,DESCONOCIDA
1517,2006-10-17,2007-03-06,4,DESCONOCIDA
1517,2007-05-14,2007-09-22,2,DESCONOCIDA
1517,2007-10-15,2008-03-05,5,DESCONOCIDA
1517,2008-05-19,2008-09-26,6,DESCONOCIDA
1517,2009-04-01,2009-04-30,1,DESCONOCIDA
1517,2010-05-18,2011-05-17,1,DESCONOCIDA
1517,2013-05-13,2013-12-31,1,DESCONOCIDA
1517,2017-01-01,2017-03-31,1,FACULTAD DE INGENIERÍA EN ELECTRICIDAD Y COMPUTACIÓN
1517,2021-05-25,2021-08-31,1,DIRECCIÓN DE ADMISIONES
1517,2021-10-11,2021-12-31,1,DIRECCIÓN DE ADMISIONES
1517,2014-10-01,2016-12-31,3,DESCONOCIDA
1517,2017-05-02,2017-09-22,1,FACULTAD DE INGENIERÍA EN ELECTRICIDAD Y COMPUTACIÓN
1517,2023-05-29,,12,DIRECCIÓN DE ADMISIONES
1526,1999-10-19,2012-12-31,47,DESCONOCIDA
1526,2014-11-01,2014-10-31,1,DESCONOCIDA
1526,2016-10-17,2016-10-19,1,DESCONOCIDA
1526,2017-03-20,2017-10-08,4,DESCONOCIDA
1526,2013-01-01,,25,FACULTAD DE CIENCIAS SOCIALES Y HUMANÍSTICAS
1526,2017-11-13,2022-09-01,12,GERENCIA DE PLANIFICACIÓN ESTRATÉGICA
1530,1990-01-19,1993-01-18,5,DESCONOCIDA
1530,1993-04-19,2014-12-31,8,DESCONOCIDA
1530,2017-11-13,2017-11-13,1,DESCONOCIDA
1530,2020-06-30,2020-06-30,1,DESCONOCIDA
1530,2015-01-01,2020-06-29,13,DIRECCIÓN DE ADQUISICIONES Y SUMINISTROS
1534,2021-03-24,2021-03-31,1,DIRECCIÓN DE ADQUISICIONES
1534,2015-01-01,2021-07-07,8,DIRECCIÓN DE ADQUISICIONES Y SUMINISTROS
1534,2021-09-24,2021-09-24,1,DIRECCIÓN DE ADQUISICIONES Y SUMINISTROS
1534,1996-05-13,2009-12-31,17,DESCONOCIDA
1534,2021-10-19,2021-10-19,1,DIRECCIÓN DE ADQUISICIONES Y SUMINISTROS
1534,2021-07-08,2023-12-01,10,DIRECCIÓN DE ADQUISICIONES
1546,2000-05-01,2003-06-30,7,DESCONOCIDA
1546,2008-07-01,2010-01-31,3,DESCONOCIDA
1546,2010-09-01,2010-12-31,1,DESCONOCIDA
1546,2011-04-01,2014-12-31,2,DESCONOCIDA
1546,2015-11-12,2018-12-31,3,DESCONOCIDA
1546,2020-11-01,2020-11-01,1,DESCONOCIDA
1546,2015-01-01,2020-10-31,5,DIRECCIÓN DE SEGURIDAD Y SALUD OCUPACIONAL
1550,1999-10-04,1999-10-15,1,DESCONOCIDA
1550,2002-05-02,2002-09-30,1,DESCONOCIDA
1550,2017-01-01,2026-02-13,28,FACULTAD DE CIENCIAS NATURALES Y MATEMÁTICAS
1550,2016-10-17,2016-12-31,1,DESCONOCIDA
1550,2026-05-04,,1,FACULTAD DE CIENCIAS NATURALES Y MATEMÁTICAS
1553,2002-02-01,2003-05-30,4,DESCONOCIDA
1553,2004-02-01,2004-07-15,2,DESCONOCIDA
1553,2004-08-01,2006-02-28,6,DESCONOCIDA
1553,2006-10-17,2007-03-06,2,DESCONOCIDA
1553,2007-05-14,2007-09-22,2,DESCONOCIDA
1553,2008-05-19,2008-09-26,1,DESCONOCIDA
1553,2009-05-18,2009-09-25,1,DESCONOCIDA
1553,2009-10-12,2010-03-02,2,DESCONOCIDA
1553,2010-05-17,2013-09-20,5,DESCONOCIDA
1553,2015-05-11,2015-10-02,1,FACULTAD DE CIENCIAS SOCIALES Y HUMANÍSTICAS
1553,2013-10-14,2014-02-28,1,DESCONOCIDA
1553,2015-10-19,2016-02-28,1,FACULTAD DE CIENCIAS SOCIALES Y HUMANÍSTICAS
1553,2016-10-10,2020-03-31,7,FACULTAD DE CIENCIAS SOCIALES Y HUMANÍSTICAS
1553,2021-05-17,2021-09-24,1,FACULTAD DE CIENCIAS SOCIALES Y HUMANÍSTICAS
1553,2021-10-04,2022-02-18,3,FACULTAD DE CIENCIAS SOCIALES Y HUMANÍSTICAS
1553,2022-05-16,2022-09-23,2,FACULTAD DE CIENCIAS SOCIALES Y HUMANÍSTICAS
1553,2022-10-03,2023-02-17,3,FACULTAD DE CIENCIAS SOCIALES Y HUMANÍSTICAS
1553,2023-05-15,2024-02-16,3,FACULTAD DE CIENCIAS SOCIALES Y HUMANÍSTICAS
1553,2024-05-06,2025-02-14,4,FACULTAD DE CIENCIAS SOCIALES Y HUMANÍSTICAS
1553,2025-05-05,2026-02-13,3,FACULTAD DE CIENCIAS SOCIALES Y HUMANÍSTICAS
1553,2016-05-02,2016-09-23,1,DESCONOCIDA
1553,2026-05-04,,1,FACULTAD DE CIENCIAS SOCIALES Y HUMANÍSTICAS
1554,2016-02-01,2016-06-30,1,DESCONOCIDA
1554,2016-07-01,2016-10-31,1,DIRECCIÓN DE ADQUISICIONES Y SUMINISTROS
1554,2021-05-10,2021-05-14,1,DIRECCIÓN DE ADQUISICIONES
1554,2016-11-01,2017-01-31,1,DESCONOCIDA
1554,2017-02-01,2021-07-07,6,DIRECCIÓN DE ADQUISICIONES Y SUMINISTROS
1554,2021-07-08,2025-10-14,12,DIRECCIÓN DE ADQUISICIONES
1554,2024-04-13,,15,AUDITORÍA INTERNA
1555,1989-04-20,2014-12-31,17,DESCONOCIDA
1555,2015-01-01,,41,DIRECCIÓN DE LA SECRETARÍA TÉCNICA ACADEMICA
1557,2008-07-11,2009-03-11,2,DESCONOCIDA
1557,2009-05-18,2009-09-25,1,DESCONOCIDA
1557,2009-10-12,2010-03-02,2,DESCONOCIDA
1557,2010-05-17,2017-03-31,9,DESCONOCIDA
1557,2024-01-11,,10,FACULTAD DE INGENIERÍA EN ELECTRICIDAD Y COMPUTACIÓN
1569,1999-10-19,2000-03-03,1,DESCONOCIDA
1569,2000-03-12,2001-05-04,10,DESCONOCIDA
1569,2001-05-21,2001-09-28,2,DESCONOCIDA
1569,2007-05-14,2007-09-22,1,DESCONOCIDA
1569,2010-10-01,2014-10-31,5,DESCONOCIDA
1569,2014-11-01,,21,FACULTAD DE CIENCIAS NATURALES Y MATEMÁTICAS
1573,1996-10-11,2015-12-31,25,DESCONOCIDA
1573,2016-01-01,2016-12-31,1,FACULTAD DE INGENIERÍA MECÁNICA Y CIENCIAS DE LA PRODUCCIÓN
1573,2017-01-01,2018-12-31,2,DESCONOCIDA
1573,2019-01-01,,18,FACULTAD DE INGENIERÍA MECÁNICA Y CIENCIAS DE LA PRODUCCIÓN
1576,1996-12-02,1999-03-01,6,DESCONOCIDA
1576,1999-03-16,2000-03-15,3,DESCONOCIDA
1576,2004-03-09,2004-05-08,1,DESCONOCIDA
1576,2004-05-17,2004-09-25,1,DESCONOCIDA
1576,2004-10-18,2008-10-17,5,DESCONOCIDA
1576,2009-05-18,2013-05-16,5,DESCONOCIDA
1576,2014-10-01,2016-12-31,4,DESCONOCIDA
1576,2016-11-11,2016-11-26,1,CENTRO DE INVESTIGACIONES Y SERVICIOS EDUCATIVOS
1576,2017-01-01,,22,FACULTAD DE INGENIERÍA MECÁNICA Y CIENCIAS DE LA PRODUCCIÓN
1577,2010-05-17,2011-05-16,1,DESCONOCIDA
1577,2015-01-01,2021-03-12,6,FACULTAD DE INGENIERÍA MECÁNICA Y CIENCIAS DE LA PRODUCCIÓN
1577,2022-04-04,2022-04-22,1,FACULTAD DE INGENIERÍA MECÁNICA Y CIENCIAS DE LA PRODUCCIÓN
1577,2022-12-27,2022-12-30,1,FACULTAD DE INGENIERÍA MECÁNICA Y CIENCIAS DE LA PRODUCCIÓN
1577,2023-03-03,2023-05-01,1,FACULTAD DE INGENIERÍA MECÁNICA Y CIENCIAS DE LA PRODUCCIÓN
1577,2023-12-26,2023-12-29,1,FACULTAD DE INGENIERÍA MECÁNICA Y CIENCIAS DE LA PRODUCCIÓN
1577,2024-12-26,2024-12-31,1,FACULTAD DE INGENIERÍA MECÁNICA Y CIENCIAS DE LA PRODUCCIÓN
1577,2025-02-17,2025-03-18,2,FACULTAD DE INGENIERÍA MECÁNICA Y CIENCIAS DE LA PRODUCCIÓN
1577,2025-12-26,2025-12-31,1,FACULTAD DE INGENIERÍA MECÁNICA Y CIENCIAS DE LA PRODUCCIÓN
1577,2011-10-10,2012-12-31,2,DESCONOCIDA
1577,2026-08-20,,1,FACULTAD DE INGENIERÍA MECÁNICA Y CIENCIAS DE LA PRODUCCIÓN
1583,2003-10-20,2004-03-08,1,DESCONOCIDA
1583,2004-05-17,2004-09-25,1,DESCONOCIDA
1583,2004-10-18,2005-03-08,1,DESCONOCIDA
1583,2006-05-15,2006-09-23,1,DESCONOCIDA
1583,2006-10-17,2007-03-06,1,DESCONOCIDA
1583,2007-05-14,2007-09-22,1,DESCONOCIDA
1583,2013-05-13,2013-09-20,1,DESCONOCIDA
1583,2013-10-14,2013-12-31,1,DESCONOCIDA
1583,2014-05-12,2014-10-03,1,DESCONOCIDA
1583,2015-01-01,2015-03-13,1,FACULTAD DE CIENCIAS SOCIALES Y HUMANÍSTICAS
1583,2014-10-20,2014-12-31,1,DESCONOCIDA
1583,2015-05-01,2015-12-31,1,FACULTAD DE CIENCIAS SOCIALES Y HUMANÍSTICAS
1583,2016-01-01,2017-05-01,2,DESCONOCIDA
1583,2018-01-01,2020-02-21,3,FACULTAD DE CIENCIAS SOCIALES Y HUMANÍSTICAS
1583,2017-05-02,2017-12-31,1,FACULTAD DE CIENCIAS NATURALES Y MATEMÁTICAS
1583,2020-02-22,,20,"FACULTAD DE ARTE, DISEÑO Y COMUNICACIÓN AUDIOVISUAL"
1586,1996-04-01,1996-10-30,1,DESCONOCIDA
1586,2003-09-09,2004-03-08,1,DESCONOCIDA
1586,2005-10-17,2006-03-03,2,DESCONOCIDA
1586,2006-05-15,2006-09-23,1,DESCONOCIDA
1586,2007-03-12,2007-05-09,1,DESCONOCIDA
1586,2007-10-15,2008-03-05,1,DESCONOCIDA
1586,2017-08-01,2017-08-10,1,DESCONOCIDA
1586,2017-08-17,2017-08-18,1,DESCONOCIDA
1586,2018-03-05,2018-03-14,1,DESCONOCIDA
1586,2018-06-02,2018-06-08,1,DESCONOCIDA
1586,2018-07-12,2018-07-13,1,DESCONOCIDA
1586,2019-06-08,2019-06-14,1,DESCONOCIDA
1586,2019-06-19,2019-06-21,1,DESCONOCIDA
1586,2019-07-15,2019-07-20,1,DESCONOCIDA
1586,2019-09-26,2019-09-27,1,DESCONOCIDA
1586,2019-10-16,2019-10-24,1,DESCONOCIDA
1586,2019-12-14,2019-12-19,1,DESCONOCIDA
1586,2020-01-28,2020-02-01,1,DESCONOCIDA
1586,2013-01-01,,42,FACULTAD DE INGENIERÍA MECÁNICA Y CIENCIAS DE LA PRODUCCIÓN
1593,2008-11-01,2014-12-31,4,DESCONOCIDA
1593,2015-01-01,2022-01-01,11,UNIDAD DE VINCULACIÓN CON LA SOCIEDAD
1593,2023-06-15,2024-10-18,3,FACULTAD DE INGENIERÍA MARÍTIMA Y CIENCIAS DEL MAR
1598,1991-07-01,1991-07-30,1,DESCONOCIDA
1598,1991-11-01,2014-12-31,11,DESCONOCIDA
1598,2015-01-01,2017-11-12,1,RECTORADO
1598,2017-11-13,2021-11-30,2,DESCONOCIDA
1598,2017-12-01,,46,RECTORADO
1601,2010-11-01,2014-10-31,3,DESCONOCIDA
1601,2018-06-11,2018-06-15,1,DESCONOCIDA
1601,2019-06-19,2019-06-21,1,DESCONOCIDA
1601,2019-09-06,2019-09-06,1,DESCONOCIDA
1601,2019-09-14,2019-09-20,1,DESCONOCIDA
1601,2019-09-26,2019-09-27,1,DESCONOCIDA
1601,2013-01-01,,13,FACULTAD DE INGENIERÍA MECÁNICA Y CIENCIAS DE LA PRODUCCIÓN
1606,1995-05-29,1995-10-06,1,DESCONOCIDA
1606,1995-10-16,1996-03-03,1,DESCONOCIDA
1606,1996-10-14,1997-02-28,1,DESCONOCIDA
1606,1997-05-26,1997-10-03,1,DESCONOCIDA
1606,2001-10-01,2009-06-22,2,DESCONOCIDA
1606,2010-01-01,2014-10-31,2,DESCONOCIDA
1606,2014-11-01,,23,FACULTAD DE CIENCIAS NATURALES Y MATEMÁTICAS
1614,1996-10-14,1997-02-28,1,DESCONOCIDA
1614,2006-01-01,2006-12-30,1,DESCONOCIDA
1614,2011-06-01,2014-12-31,2,DESCONOCIDA
1614,2014-11-01,,40,FACULTAD DE INGENIERÍA EN ELECTRICIDAD Y COMPUTACIÓN
1616,2002-11-15,2004-08-14,3,DESCONOCIDA
1616,2006-08-01,2013-06-01,9,DESCONOCIDA
1616,2016-11-01,2016-12-31,1,DESCONOCIDA
1616,2017-01-01,2017-12-10,1,DIRECCIÓN DE LA SECRETARÍA TÉCNICA ACADEMICA
1616,2017-12-11,2023-01-01,12,FACULTAD DE CIENCIAS NATURALES Y MATEMÁTICAS
1616,2023-01-01,2023-11-01,8,DECANATO DE GRADO
1616,2023-11-01,,23,GERENCIA FINANCIERA
1628,2000-08-24,2014-12-31,14,DESCONOCIDA
1628,2018-03-19,2017-12-04,1,VICERRECTORADO ACADÉMICO
1628,2018-09-10,2018-09-12,1,VICERRECTORADO ACADÉMICO
1628,2019-03-11,2019-03-25,1,VICERRECTORADO ACADÉMICO
1628,2019-09-16,2019-09-20,1,VICERRECTORADO ACADÉMICO
1628,2021-03-16,2021-04-05,1,VICERRECTORADO ACADÉMICO
1628,2017-11-13,2021-11-30,1,DESCONOCIDA
1628,2015-01-01,2016-05-29,1,GERENCIA ADMINISTRATIVA
1628,2016-05-30,2017-11-12,1,FACULTAD DE CIENCIAS DE LA VIDA
1628,2021-12-01,2022-11-13,3,VICERRECTORADO ACADÉMICO
1628,2022-11-14,,15,FACULTAD DE INGENIERÍA MECÁNICA Y CIENCIAS DE LA PRODUCCIÓN
1637,2015-01-01,2015-01-02,1,FACULTAD DE CIENCIAS SOCIALES Y HUMANÍSTICAS
1637,2014-06-01,2015-12-31,2,DESCONOCIDA
1637,2016-01-01,2016-12-31,1,FACULTAD DE CIENCIAS SOCIALES Y HUMANÍSTICAS
1637,2017-01-01,2018-12-31,2,DESCONOCIDA
1637,2019-01-01,2025-09-08,14,FACULTAD DE CIENCIAS SOCIALES Y HUMANÍSTICAS
1644,1999-09-01,2014-12-31,13,DESCONOCIDA
1644,2015-01-01,2020-11-01,7,GERENCIA FINANCIERA
1657,2023-10-10,2023-12-31,1,DIRECCIÓN DE ADMISIONES
1660,1997-01-01,1998-02-27,3,DESCONOCIDA
1660,2002-10-21,2012-12-31,7,DESCONOCIDA
1660,2013-01-01,2014-10-31,1,FACULTAD DE INGENIERÍA MARÍTIMA Y CIENCIAS DEL MAR
1660,2020-03-09,2020-03-13,1,FACULTAD DE INGENIERÍA MARÍTIMA Y CIENCIAS DEL MAR
1660,2022-03-02,2022-04-01,1,FACULTAD DE INGENIERÍA MARÍTIMA Y CIENCIAS DEL MAR
1660,2019-01-24,2022-08-11,1,DESCONOCIDA
1660,2022-08-12,2022-08-12,1,FACULTAD DE INGENIERÍA MARÍTIMA Y CIENCIAS DEL MAR
1660,2014-11-01,2019-01-23,1,"FACULTAD DE INGENIERIA MARÍTIMA, CIENCIAS BIOLÓGICAS, OCEÁNICAS Y RECURSOS NATURALES"
1662,1998-03-02,1998-10-09,2,DESCONOCIDA
1662,2003-12-15,2004-03-08,1,DESCONOCIDA
1662,2005-10-17,2006-03-03,1,DESCONOCIDA
1662,2006-05-15,2006-09-23,1,DESCONOCIDA
1662,2007-10-15,2008-03-05,2,DESCONOCIDA
1662,2008-05-19,2008-09-26,1,DESCONOCIDA
1662,2008-10-13,2009-03-02,1,DESCONOCIDA
1662,2009-05-18,2013-05-17,5,DESCONOCIDA
1662,2014-10-01,2015-12-31,1,FACULTAD DE INGENIERÍA EN ELECTRICIDAD Y COMPUTACIÓN
1662,2016-01-01,2016-12-31,1,DESCONOCIDA
1662,2017-01-01,,23,FACULTAD DE INGENIERÍA EN ELECTRICIDAD Y COMPUTACIÓN
1668,1997-01-01,1998-03-30,2,DESCONOCIDA
1668,2001-02-01,2012-12-31,15,DESCONOCIDA
1668,2013-01-01,,17,FACULTAD DE INGENIERÍA EN ELECTRICIDAD Y COMPUTACIÓN
1668,2023-05-01,,31,CENTRO DE INFORMACIÓN BIBLIOTECARIA
1670,2000-05-15,2000-09-22,2,DESCONOCIDA
1670,2000-10-01,2001-09-30,5,DESCONOCIDA
1670,2013-01-01,2014-05-31,1,ESCUELA DE POSTGRADO EN ADMINISTRACIÓN DE EMPRESAS
1670,2014-11-01,2014-11-01,3,ESCUELA DE POSTGRADO EN ADMINISTRACIÓN DE EMPRESAS
1670,2017-06-09,2017-06-16,1,ESCUELA DE POSTGRADO EN ADMINISTRACIÓN DE EMPRESAS
1670,2018-02-21,2018-03-01,1,ESCUELA DE POSTGRADO EN ADMINISTRACIÓN DE EMPRESAS
1670,2018-09-23,2018-09-27,1,ESCUELA DE POSTGRADO EN ADMINISTRACIÓN DE EMPRESAS
1670,2019-03-31,2019-04-05,1,ESCUELA DE POSTGRADO EN ADMINISTRACIÓN DE EMPRESAS
1670,2001-10-22,2012-12-31,27,DESCONOCIDA
1670,2019-09-30,2019-10-02,1,DESCONOCIDA
1670,2019-04-29,2016-05-08,1,ESCUELA DE POSTGRADO EN ADMINISTRACIÓN DE EMPRESAS
1670,2021-07-14,2021-07-17,1,ESCUELA DE POSTGRADO EN ADMINISTRACIÓN DE EMPRESAS
1670,2021-11-17,2021-11-19,1,ESCUELA DE POSTGRADO EN ADMINISTRACIÓN DE EMPRESAS
1670,2021-12-13,2021-12-15,1,ESCUELA DE POSTGRADO EN ADMINISTRACIÓN DE EMPRESAS
1670,2022-03-02,2022-03-15,1,ESCUELA DE POSTGRADO EN ADMINISTRACIÓN DE EMPRESAS
1670,2022-03-26,2022-04-01,1,ESCUELA DE POSTGRADO EN ADMINISTRACIÓN DE EMPRESAS
1670,2022-05-11,2022-05-13,1,ESCUELA DE POSTGRADO EN ADMINISTRACIÓN DE EMPRESAS
1670,2022-05-26,2022-05-27,1,ESCUELA DE POSTGRADO EN ADMINISTRACIÓN DE EMPRESAS
1670,2022-07-26,2022-07-30,1,ESCUELA DE POSTGRADO EN ADMINISTRACIÓN DE EMPRESAS
1670,2022-10-07,2022-10-14,1,ESCUELA DE POSTGRADO EN ADMINISTRACIÓN DE EMPRESAS
1670,2022-12-19,2022-12-30,1,ESCUELA DE POSTGRADO EN ADMINISTRACIÓN DE EMPRESAS
1670,2023-03-06,2023-03-10,1,ESCUELA DE POSTGRADO EN ADMINISTRACIÓN DE EMPRESAS
1670,2023-04-26,2023-04-29,1,ESCUELA DE POSTGRADO EN ADMINISTRACIÓN DE EMPRESAS
1670,2023-05-08,2023-05-16,1,ESCUELA DE POSTGRADO EN ADMINISTRACIÓN DE EMPRESAS
1670,2023-09-28,2023-10-02,1,ESCUELA DE POSTGRADO EN ADMINISTRACIÓN DE EMPRESAS
1670,2023-10-10,2023-10-10,1,ESCUELA DE POSTGRADO EN ADMINISTRACIÓN DE EMPRESAS
1670,2023-11-28,2023-12-01,1,ESCUELA DE POSTGRADO EN ADMINISTRACIÓN DE EMPRESAS
1670,2023-12-06,2023-12-08,1,ESCUELA DE POSTGRADO EN ADMINISTRACIÓN DE EMPRESAS
1670,2023-12-26,2023-12-29,1,ESCUELA DE POSTGRADO EN ADMINISTRACIÓN DE EMPRESAS
1670,2024-02-05,2024-03-08,4,ESCUELA DE POSTGRADO EN ADMINISTRACIÓN DE EMPRESAS
1670,2024-11-05,2024-11-06,1,ESCUELA DE POSTGRADO EN ADMINISTRACIÓN DE EMPRESAS
1670,2025-01-19,2025-01-25,1,ESCUELA DE POSTGRADO EN ADMINISTRACIÓN DE EMPRESAS
1670,2025-02-02,2025-02-07,1,ESCUELA DE POSTGRADO EN ADMINISTRACIÓN DE EMPRESAS
1670,2025-02-10,2025-02-14,1,ESCUELA DE POSTGRADO EN ADMINISTRACIÓN DE EMPRESAS
1670,2025-08-25,2025-09-05,1,ESCUELA DE POSTGRADO EN ADMINISTRACIÓN DE EMPRESAS
1670,2025-09-22,2025-09-26,1,ESCUELA DE POSTGRADO EN ADMINISTRACIÓN DE EMPRESAS
1670,2025-12-26,2025-12-31,1,ESCUELA DE POSTGRADO EN ADMINISTRACIÓN DE EMPRESAS
1670,2026-01-27,2026-01-30,1,ESCUELA DE POSTGRADO EN ADMINISTRACIÓN DE EMPRESAS
1670,2026-03-09,2026-03-18,1,ESCUELA DE POSTGRADO EN ADMINISTRACIÓN DE EMPRESAS
1670,2026-03-23,2026-03-28,1,ESCUELA DE POSTGRADO EN ADMINISTRACIÓN DE EMPRESAS
1670,2026-04-13,2026-04-17,1,ESCUELA DE POSTGRADO EN ADMINISTRACIÓN DE EMPRESAS
1670,2026-05-16,2026-05-17,1,ESCUELA DE POSTGRADO EN ADMINISTRACIÓN DE EMPRESAS
1670,2026-05-25,2026-05-30,1,ESCUELA DE POSTGRADO EN ADMINISTRACIÓN DE EMPRESAS
1670,2026-06-04,2026-06-04,1,ESCUELA DE POSTGRADO EN ADMINISTRACIÓN DE EMPRESAS
1670,2026-07-08,2026-07-09,1,ESCUELA DE POSTGRADO EN ADMINISTRACIÓN DE EMPRESAS
1670,2026-07-12,2026-07-18,1,ESCUELA DE POSTGRADO EN ADMINISTRACIÓN DE EMPRESAS
1670,2019-10-27,2019-11-01,1,DESCONOCIDA
1670,2026-08-31,,1,ESCUELA DE POSTGRADO EN ADMINISTRACIÓN DE EMPRESAS
1670,2014-06-01,2014-10-31,1,FACULTAD DE CIENCIAS SOCIALES Y HUMANÍSTICAS
1670,2014-06-01,2017-06-27,1,GERENCIA FINANCIERA
1670,2014-11-01,2014-11-01,1,FACULTAD DE INGENIERÍA EN CIENCIAS DE LA TIERRA
1674,1995-06-19,1995-06-27,1,DESCONOCIDA
1674,1995-08-14,1995-08-22,1,DESCONOCIDA
1674,1996-01-15,1998-01-14,4,DESCONOCIDA
1674,2011-10-01,,26,FACULTAD DE CIENCIAS NATURALES Y MATEMÁTICAS
1676,2008-08-01,2014-12-31,5,DESCONOCIDA
1676,2015-01-01,,12,GERENCIA FINANCIERA
1681,2005-07-11,2005-08-30,1,DESCONOCIDA
1681,2011-09-01,2012-09-30,2,DESCONOCIDA
1681,2016-09-05,2016-09-19,1,DESCONOCIDA
1681,2016-09-26,2016-10-12,1,DESCONOCIDA
1681,2016-12-15,2017-02-21,3,DESCONOCIDA
1681,2017-03-16,2017-03-21,1,DESCONOCIDA
1681,2017-04-12,2017-04-17,1,DESCONOCIDA
1681,2017-07-16,2017-07-20,1,DESCONOCIDA
1681,2017-09-08,2017-09-11,1,DESCONOCIDA
1681,2017-11-24,2017-11-29,1,DESCONOCIDA
1681,2018-01-27,2018-02-01,1,DESCONOCIDA
1681,2018-02-06,2018-02-10,1,DESCONOCIDA
1681,2018-03-02,2018-03-05,1,DESCONOCIDA
1681,2018-03-21,2018-03-25,1,DESCONOCIDA
1681,2018-04-04,2018-04-07,1,DESCONOCIDA
1681,2018-12-05,2018-12-06,1,DESCONOCIDA
1681,2016-08-01,,44,ESCUELA DE POSTGRADO EN ADMINISTRACIÓN DE EMPRESAS
1688,2001-02-06,2002-03-30,2,DESCONOCIDA
1688,2014-10-01,,21,FACULTAD DE INGENIERÍA EN ELECTRICIDAD Y COMPUTACIÓN
1689,2012-05-04,2012-10-14,1,DESCONOCIDA
1689,2017-01-01,2019-12-31,4,FACULTAD DE CIENCIAS NATURALES Y MATEMÁTICAS
1689,2020-01-01,2020-02-21,1,DIRECCIÓN DE ADMISIONES
1689,2021-06-01,2021-08-31,1,DIRECCIÓN DE ADMISIONES
1689,2021-10-11,2021-12-31,1,DIRECCIÓN DE ADMISIONES
1689,2025-09-22,2025-12-31,2,DIRECCIÓN DE ADMISIONES
1689,2016-10-17,2016-12-31,1,DESCONOCIDA
1689,2020-02-22,2020-09-18,1,FACULTAD DE CIENCIAS NATURALES Y MATEMÁTICAS
1689,2026-05-04,,1,DIRECCIÓN DE ADMISIONES
1697,2003-05-19,2003-09-27,1,DESCONOCIDA
1697,2003-10-20,2004-03-08,1,DESCONOCIDA
1697,2004-05-17,2004-09-25,1,DESCONOCIDA
1697,2004-10-18,2005-04-30,2,DESCONOCIDA
1697,2005-05-16,2005-09-24,1,DESCONOCIDA
1697,2005-10-17,2006-03-03,2,DESCONOCIDA
1697,2006-05-15,2006-09-23,3,DESCONOCIDA
1697,2007-05-14,2007-09-22,1,DESCONOCIDA
1697,2007-10-15,2008-03-05,2,DESCONOCIDA
1697,2008-05-19,2008-09-26,2,DESCONOCIDA
1697,2008-10-13,2009-03-02,2,DESCONOCIDA
1697,2009-05-18,2009-09-25,1,DESCONOCIDA
1697,2009-10-12,2010-03-02,2,DESCONOCIDA
1697,2021-05-25,2021-08-31,2,DIRECCIÓN DE ADMISIONES
1697,2010-05-17,2012-10-14,4,DESCONOCIDA
1697,2023-09-20,2023-12-31,1,DIRECCIÓN DE ADMISIONES
1701,2014-10-01,2016-12-31,3,DESCONOCIDA
1701,2017-01-01,2020-02-21,4,FACULTAD DE INGENIERÍA EN ELECTRICIDAD Y COMPUTACIÓN
1701,2023-05-29,,18,DIRECCIÓN DE ADMISIONES
1706,2000-10-10,2001-02-23,1,DESCONOCIDA
1706,2001-05-21,2001-09-28,1,DESCONOCIDA
1706,2001-10-22,2002-03-02,1,DESCONOCIDA
1706,2002-05-20,2002-09-27,1,DESCONOCIDA
1706,2007-10-15,2008-03-05,1,DESCONOCIDA
1706,2008-05-19,2008-09-26,1,DESCONOCIDA
1706,2008-10-13,2009-03-02,1,DESCONOCIDA
1706,2017-01-01,2017-03-17,1,FACULTAD DE INGENIERÍA EN CIENCIAS DE LA TIERRA
1706,2017-05-02,2017-09-22,1,FACULTAD DE INGENIERÍA EN CIENCIAS DE LA TIERRA
1706,2018-05-02,2018-09-21,1,FACULTAD DE INGENIERÍA EN CIENCIAS DE LA TIERRA
1706,2019-05-13,2019-09-20,1,FACULTAD DE INGENIERÍA EN CIENCIAS DE LA TIERRA
1706,2021-05-17,2022-02-18,2,FACULTAD DE INGENIERÍA EN CIENCIAS DE LA TIERRA
1706,2022-05-18,2024-02-16,8,FACULTAD DE INGENIERÍA EN CIENCIAS DE LA TIERRA
1706,2024-02-19,2024-04-11,1,FACULTAD DE INGENIERÍA EN CIENCIAS DE LA TIERRA
1706,2016-10-10,2016-12-31,1,DESCONOCIDA
1706,2024-05-13,2025-02-14,4,FACULTAD DE INGENIERÍA EN CIENCIAS DE LA TIERRA
1706,2018-10-01,2019-02-22,2,FACULTAD DE CIENCIAS NATURALES Y MATEMÁTICAS
1718,1993-10-04,1994-03-31,2,DESCONOCIDA
1718,1994-06-20,1994-07-31,1,DESCONOCIDA
1718,2009-01-01,2015-12-31,7,DESCONOCIDA
1718,2016-01-01,2016-12-31,1,CENTRO DE INVESTIGACIONES BIOTECNOLÓGICAS DEL ECUADOR
1718,2017-01-01,2018-12-31,2,DESCONOCIDA
1718,2019-01-01,,34,CENTRO DE INVESTIGACIONES BIOTECNOLÓGICAS DEL ECUADOR
1728,2001-10-22,2002-03-02,1,DESCONOCIDA
1728,2007-10-15,2008-03-05,1,DESCONOCIDA
1728,2012-10-08,2013-02-26,1,DESCONOCIDA
1728,2017-01-01,2017-09-22,1,FACULTAD DE CIENCIAS NATURALES Y MATEMÁTICAS
1728,2018-05-01,2020-02-21,3,FACULTAD DE CIENCIAS NATURALES Y MATEMÁTICAS
1728,2013-05-13,2016-12-31,3,DESCONOCIDA
1728,2026-05-04,,1,FACULTAD DE CIENCIAS NATURALES Y MATEMÁTICAS
1741,2001-10-22,2002-03-02,1,DESCONOCIDA
1741,2002-05-20,2002-09-27,3,DESCONOCIDA
1741,2002-10-21,2003-03-07,1,DESCONOCIDA
1741,2003-05-19,2003-09-27,2,DESCONOCIDA
1741,2016-10-01,2016-12-31,1,DESCONOCIDA
1741,2017-01-01,2019-09-27,3,FACULTAD DE CIENCIAS SOCIALES Y HUMANÍSTICAS
1742,1999-12-01,2002-02-28,4,DESCONOCIDA
1742,2010-05-17,2011-05-16,1,DESCONOCIDA
1742,2011-06-01,2012-12-31,1,DESCONOCIDA
1742,2013-01-01,2014-10-31,1,FACULTAD DE CIENCIAS DE LA VIDA
1742,2019-03-11,2019-03-29,1,FACULTAD DE CIENCIAS DE LA VIDA
1742,2020-03-02,2020-03-31,1,FACULTAD DE CIENCIAS DE LA VIDA
1742,2015-08-20,2021-02-28,1,DESCONOCIDA
1742,2021-03-01,2021-12-08,3,FACULTAD DE CIENCIAS DE LA VIDA
1742,2014-11-01,2015-08-19,1,FACULTAD DE INGENIERÍA MECÁNICA Y CIENCIAS DE LA PRODUCCIÓN
1742,2021-12-09,,19,ESCUELA DE POSTGRADO EN ADMINISTRACIÓN DE EMPRESAS
1745,2010-01-01,2013-02-24,3,DESCONOCIDA
1760,1995-12-01,1998-11-30,7,DESCONOCIDA
1760,2002-10-21,2003-03-07,1,DESCONOCIDA
1760,2003-05-19,2003-09-27,1,DESCONOCIDA
1760,2003-10-20,2004-03-08,1,DESCONOCIDA
1760,2004-05-17,2004-09-25,1,DESCONOCIDA
1760,2004-10-18,2005-03-08,1,DESCONOCIDA
1760,2005-05-16,2005-09-24,1,DESCONOCIDA
1760,2005-10-17,2006-03-03,1,DESCONOCIDA
1760,2006-05-15,2006-09-23,1,DESCONOCIDA
1760,2006-10-17,2007-03-06,1,DESCONOCIDA
1760,2007-05-14,2007-09-22,1,DESCONOCIDA
1760,2007-10-15,2008-03-05,1,DESCONOCIDA
1760,2008-05-19,2008-09-26,1,DESCONOCIDA
1760,2008-10-13,2009-03-02,1,DESCONOCIDA
1760,2009-05-18,2009-09-25,1,DESCONOCIDA
1760,2009-10-12,2010-03-02,2,DESCONOCIDA
1787,2000-02-07,2014-12-31,12,DESCONOCIDA
1787,2015-01-01,,41,GERENCIA DE TECNOLOGÍAS Y SISTEMAS DE INFORMACIÓN
1790,1999-11-08,2014-12-31,12,DESCONOCIDA
1790,2016-05-09,2016-05-20,1,DESCONOCIDA
1790,2016-07-01,2016-07-01,1,DESCONOCIDA
1790,2017-01-17,2017-02-03,1,DESCONOCIDA
1790,2015-01-01,2021-07-07,8,DIRECCIÓN DE ADQUISICIONES Y SUMINISTROS
1790,2021-07-08,,22,DIRECCIÓN DE ADQUISICIONES
1794,1995-01-06,1996-01-22,3,DESCONOCIDA
1794,1996-04-01,2014-12-31,15,DESCONOCIDA
1794,2015-01-01,,64,CENTRO DE INVESTIGACIONES Y SERVICIOS EDUCATIVOS
1797,2002-06-05,2002-09-27,1,DESCONOCIDA
1797,2003-05-19,2003-09-27,1,DESCONOCIDA
1797,2003-10-20,2004-03-08,1,DESCONOCIDA
1797,2004-05-17,2004-09-25,1,DESCONOCIDA
1797,2005-05-16,2005-09-24,1,DESCONOCIDA
1797,2006-05-15,2006-09-23,1,DESCONOCIDA
1797,2006-10-17,2007-03-06,2,DESCONOCIDA
1797,2007-03-12,2007-05-09,1,DESCONOCIDA
1797,2007-05-14,2007-09-22,2,DESCONOCIDA
1797,2007-10-15,2008-03-05,2,DESCONOCIDA
1797,2008-03-10,2008-05-10,1,DESCONOCIDA
1797,2008-05-19,2008-09-26,2,DESCONOCIDA
1797,2008-10-13,2009-03-02,1,DESCONOCIDA
1797,2009-05-18,2011-05-17,2,DESCONOCIDA
1797,2011-06-01,2012-12-31,1,DESCONOCIDA
1797,2013-01-01,,18,FACULTAD DE INGENIERÍA MECÁNICA Y CIENCIAS DE LA PRODUCCIÓN
1812,2004-05-17,2004-09-25,1,DESCONOCIDA
1812,2007-05-14,2007-09-22,1,DESCONOCIDA
1812,2008-05-19,2008-09-26,1,DESCONOCIDA
1812,2008-10-13,2009-03-02,1,DESCONOCIDA
1812,2009-05-18,2009-09-25,1,DESCONOCIDA
1812,2016-05-02,2018-03-07,4,FACULTAD DE INGENIERÍA EN CIENCIAS DE LA TIERRA
1812,2018-03-08,2019-01-23,2,"FACULTAD DE INGENIERIA MARÍTIMA, CIENCIAS BIOLÓGICAS, OCEÁNICAS Y RECURSOS NATURALES"
1812,2019-01-24,,35,FACULTAD DE INGENIERÍA MARÍTIMA Y CIENCIAS DEL MAR
1842,2001-04-01,2001-12-30,2,DESCONOCIDA
1842,2002-11-01,2004-10-30,2,DESCONOCIDA
1842,2005-01-01,2014-12-31,4,DESCONOCIDA
1842,2020-11-01,2020-11-01,1,DESCONOCIDA
1842,2015-01-01,2020-10-31,7,GERENCIA FINANCIERA
1848,2012-05-04,2012-06-24,1,DESCONOCIDA
1848,2013-10-14,2013-12-31,1,DESCONOCIDA
1848,2014-05-12,2014-12-31,2,DESCONOCIDA
1848,2015-01-01,2016-12-31,2,FACULTAD DE CIENCIAS NATURALES Y MATEMÁTICAS
1848,2018-01-01,2025-12-31,21,FACULTAD DE CIENCIAS NATURALES Y MATEMÁTICAS
1848,2026-03-20,2026-04-02,1,FACULTAD DE CIENCIAS NATURALES Y MATEMÁTICAS
1848,2026-08-28,2026-08-28,1,FACULTAD DE CIENCIAS NATURALES Y MATEMÁTICAS
1848,2017-01-01,2017-12-31,1,DESCONOCIDA
1848,2026-08-31,,2,FACULTAD DE CIENCIAS NATURALES Y MATEMÁTICAS
1857,2000-02-01,2000-07-30,1,DESCONOCIDA
1857,2001-03-01,2001-08-31,1,DESCONOCIDA
1857,2007-04-16,2008-10-15,2,DESCONOCIDA
1857,2014-05-12,2015-02-28,2,DESCONOCIDA
1857,2016-10-17,2016-10-19,1,DESCONOCIDA
1857,2017-03-21,2017-03-23,1,DESCONOCIDA
1857,2017-04-03,2017-04-05,1,DESCONOCIDA
1857,2017-07-29,2017-08-02,1,DESCONOCIDA
1857,2017-10-09,2017-10-13,1,DESCONOCIDA
1857,2017-10-19,2017-10-20,1,DESCONOCIDA
1857,2017-11-08,2017-11-10,1,DESCONOCIDA
1857,2015-03-01,2025-12-31,35,FACULTAD DE CIENCIAS SOCIALES Y HUMANÍSTICAS
1857,2026-01-19,2026-01-23,1,FACULTAD DE CIENCIAS SOCIALES Y HUMANÍSTICAS
1857,2026-02-18,2026-03-13,1,FACULTAD DE CIENCIAS SOCIALES Y HUMANÍSTICAS
1857,2026-04-09,2026-04-13,1,FACULTAD DE CIENCIAS SOCIALES Y HUMANÍSTICAS
1857,2018-03-19,2018-03-23,1,DESCONOCIDA
1857,2026-06-04,,2,FACULTAD DE CIENCIAS SOCIALES Y HUMANÍSTICAS
1877,1998-05-25,1998-10-02,1,DESCONOCIDA
1877,1998-10-19,1999-03-02,1,DESCONOCIDA
1877,1999-05-25,1998-10-02,1,DESCONOCIDA
1877,1999-10-19,2000-03-03,1,DESCONOCIDA
1877,2000-05-25,2000-09-22,1,DESCONOCIDA
1877,2000-10-10,2001-02-23,1,DESCONOCIDA
1877,2001-05-21,2001-09-28,1,DESCONOCIDA
1877,2001-10-22,2002-03-02,1,DESCONOCIDA
1877,2002-05-20,2002-09-27,1,DESCONOCIDA
1877,2002-10-21,2003-03-07,1,DESCONOCIDA
1877,2022-10-19,2022-10-26,1,DECANATO DE GRADO
1877,2022-07-04,2022-07-10,1,VICERRECTORADO ACADÉMICO
1877,2023-05-22,2023-05-27,1,VICERRECTORADO DE DOCENCIA
1877,2023-06-06,2023-06-10,2,VICERRECTORADO DE DOCENCIA
1877,2023-08-21,2023-08-24,1,VICERRECTORADO DE DOCENCIA
1877,2023-09-03,2023-09-07,1,VICERRECTORADO DE DOCENCIA
1877,2023-09-11,2023-09-22,1,VICERRECTORADO DE DOCENCIA
1877,2005-09-02,2014-10-31,4,DESCONOCIDA
1877,2014-11-01,,37,FACULTAD DE INGENIERÍA EN ELECTRICIDAD Y COMPUTACIÓN
1877,2023-01-30,2023-02-02,1,VICERRECTORADO ACADÉMICO
1877,2022-11-13,2023-11-19,8,DECANATO DE GRADO
1877,2023-10-20,2023-10-29,1,VICERRECTORADO DE DOCENCIA
1877,2023-10-05,2023-10-05,1,"VICERRECTORADO DE INVESTIGACIÓN, DESARROLLO E INNOVACIÓN"
1878,2018-06-11,2018-06-20,1,UNIDAD DE BIENESTAR ESTUDIANTIL Y POLITÉCNICO
1878,2005-09-01,2014-12-31,12,DESCONOCIDA
1878,2015-01-01,2021-11-30,1,RECTORADO
1878,2017-06-03,2018-06-09,2,VICERRECTORADO ACADÉMICO
1878,2018-07-12,2022-11-13,7,UNIDAD DE BIENESTAR ESTUDIANTIL Y POLITÉCNICO
1878,2021-10-04,2022-02-18,2,CENTRO DE EMPRENDIMIENTO E INNOVACIÓN I3LAB
1878,2021-12-01,2022-11-14,3,SECRETARÍA TÉCNICA DE ASEGURAMIENTO DE LA CALIDAD
1878,2022-11-08,2026-07-31,29,GERENCIA DE BIENESTAR POLITÉCNICO
1878,2026-08-01,,1,DECANATO DE GRADO
1885,2007-07-16,2007-10-12,1,DESCONOCIDA
1885,2007-10-15,2008-03-05,2,DESCONOCIDA
1885,2008-03-10,2008-05-10,1,DESCONOCIDA
1885,2008-05-19,2008-09-26,2,DESCONOCIDA
1885,2008-10-13,2009-03-02,1,DESCONOCIDA
1885,2009-05-18,2009-09-25,1,DESCONOCIDA
1885,2010-05-17,2011-05-17,1,DESCONOCIDA
1885,2011-06-01,2012-12-31,1,DESCONOCIDA
1885,2013-01-01,2013-09-30,1,FACULTAD DE INGENIERÍA EN ELECTRICIDAD Y COMPUTACIÓN
1885,2013-10-01,2014-10-31,1,DESCONOCIDA
1885,2020-01-26,2020-02-01,1,DESCONOCIDA
1885,2020-02-18,2020-02-18,1,DESCONOCIDA
1885,2020-10-12,2020-10-15,1,DESCONOCIDA
1885,2020-11-09,2020-11-15,1,DESCONOCIDA
1885,2014-11-01,,38,FACULTAD DE INGENIERÍA EN ELECTRICIDAD Y COMPUTACIÓN
1888,1999-06-01,2000-05-30,1,DESCONOCIDA
1888,2000-09-01,2003-05-30,9,DESCONOCIDA
1888,2015-03-01,,26,FACULTAD DE CIENCIAS SOCIALES Y HUMANÍSTICAS
1889,1999-05-25,1999-10-02,1,DESCONOCIDA
1889,1999-10-19,2000-03-03,1,DESCONOCIDA
1889,2000-03-12,2001-05-05,8,DESCONOCIDA
1889,2001-05-21,2001-09-28,5,DESCONOCIDA
1889,2001-10-22,2002-03-08,3,DESCONOCIDA
1889,2002-05-20,2002-09-27,3,DESCONOCIDA
1889,2002-10-21,2003-03-07,2,DESCONOCIDA
1889,2003-05-19,2003-09-27,2,DESCONOCIDA
1889,2003-10-20,2004-03-08,1,DESCONOCIDA
1889,2004-05-17,2004-09-25,2,DESCONOCIDA
1889,2004-10-18,2005-03-08,1,DESCONOCIDA
1889,2005-05-16,2005-09-24,1,DESCONOCIDA
1889,2013-10-14,2013-12-31,1,DESCONOCIDA
1889,2016-05-02,2016-12-31,1,DESCONOCIDA
1889,2017-01-01,2019-12-31,3,FACULTAD DE CIENCIAS NATURALES Y MATEMÁTICAS
1889,2020-01-01,2020-02-21,1,DIRECCIÓN DE ADMISIONES
1890,2001-05-24,2001-08-23,1,DESCONOCIDA
1890,2002-05-13,2002-08-12,1,DESCONOCIDA
1890,2002-08-14,2004-05-30,3,DESCONOCIDA
1890,2005-12-01,2014-12-24,10,DESCONOCIDA
1890,2015-01-01,2020-11-01,9,GERENCIA FINANCIERA
1891,2003-10-01,2004-11-15,5,DESCONOCIDA
1891,2013-05-13,2014-05-30,1,DESCONOCIDA
1891,2015-01-01,2015-03-13,1,FACULTAD DE CIENCIAS SOCIALES Y HUMANÍSTICAS
1891,2014-10-20,2014-12-31,1,DESCONOCIDA
1891,2015-05-11,2016-12-31,2,FACULTAD DE CIENCIAS SOCIALES Y HUMANÍSTICAS
1891,2017-01-01,2017-05-01,1,DESCONOCIDA
1891,2018-01-01,,23,FACULTAD DE CIENCIAS SOCIALES Y HUMANÍSTICAS
1891,2017-05-02,2017-12-31,1,FACULTAD DE CIENCIAS NATURALES Y MATEMÁTICAS
1903,2008-02-06,2008-05-08,1,DESCONOCIDA
1903,2008-10-13,2009-03-02,1,DESCONOCIDA
1903,2009-05-18,2009-09-25,2,DESCONOCIDA
1903,2011-05-17,2011-09-24,1,DESCONOCIDA
1903,2015-05-01,2016-12-31,1,FACULTAD DE INGENIERÍA MECÁNICA Y CIENCIAS DE LA PRODUCCIÓN
1903,2017-01-01,2017-12-31,1,DESCONOCIDA
1903,2018-01-01,,20,FACULTAD DE INGENIERÍA MECÁNICA Y CIENCIAS DE LA PRODUCCIÓN
1933,2014-05-12,2016-07-31,4,DESCONOCIDA
1933,2016-08-01,2016-10-19,1,FACULTAD DE INGENIERÍA MECÁNICA Y CIENCIAS DE LA PRODUCCIÓN
1933,2017-04-29,2017-04-29,1,FACULTAD DE INGENIERÍA MECÁNICA Y CIENCIAS DE LA PRODUCCIÓN
1933,2016-10-20,2018-01-07,4,DESCONOCIDA
1933,2018-01-28,2018-02-01,1,DESCONOCIDA
1933,2018-03-05,2018-03-14,1,DESCONOCIDA
1933,2018-04-29,2018-05-04,1,DESCONOCIDA
1933,2018-06-02,2018-06-08,1,DESCONOCIDA
1933,2021-02-10,2021-02-12,1,DECANATO DE POSGRADO
1933,2021-02-18,2021-02-18,1,DECANATO DE POSGRADO
1933,2021-02-25,2021-02-25,1,DECANATO DE POSGRADO
1933,2018-01-01,2019-05-01,8,FACULTAD DE INGENIERÍA MECÁNICA Y CIENCIAS DE LA PRODUCCIÓN
1933,2021-04-19,2021-04-30,1,FACULTAD DE INGENIERÍA MECÁNICA Y CIENCIAS DE LA PRODUCCIÓN
1933,2021-12-13,2021-12-17,1,FACULTAD DE INGENIERÍA MECÁNICA Y CIENCIAS DE LA PRODUCCIÓN
1933,2022-01-31,2022-02-04,1,FACULTAD DE INGENIERÍA MECÁNICA Y CIENCIAS DE LA PRODUCCIÓN
1933,2022-02-22,2022-02-22,1,FACULTAD DE INGENIERÍA MECÁNICA Y CIENCIAS DE LA PRODUCCIÓN
1933,2022-03-02,2022-03-02,1,FACULTAD DE INGENIERÍA MECÁNICA Y CIENCIAS DE LA PRODUCCIÓN
1933,2022-03-07,2022-03-11,1,FACULTAD DE INGENIERÍA MECÁNICA Y CIENCIAS DE LA PRODUCCIÓN
1933,2022-04-06,2022-04-06,1,FACULTAD DE INGENIERÍA MECÁNICA Y CIENCIAS DE LA PRODUCCIÓN
1933,2022-05-05,2022-05-05,1,FACULTAD DE INGENIERÍA MECÁNICA Y CIENCIAS DE LA PRODUCCIÓN
1933,2022-05-10,2022-05-10,1,FACULTAD DE INGENIERÍA MECÁNICA Y CIENCIAS DE LA PRODUCCIÓN
1933,2022-06-13,2022-06-13,1,FACULTAD DE INGENIERÍA MECÁNICA Y CIENCIAS DE LA PRODUCCIÓN
1933,2022-06-30,2022-06-30,1,FACULTAD DE INGENIERÍA MECÁNICA Y CIENCIAS DE LA PRODUCCIÓN
1933,2022-07-05,2022-07-05,1,FACULTAD DE INGENIERÍA MECÁNICA Y CIENCIAS DE LA PRODUCCIÓN
1933,2022-09-06,2022-09-06,1,FACULTAD DE INGENIERÍA MECÁNICA Y CIENCIAS DE LA PRODUCCIÓN
1933,2022-10-10,2022-10-14,1,FACULTAD DE INGENIERÍA MECÁNICA Y CIENCIAS DE LA PRODUCCIÓN
1933,2021-03-09,2021-03-11,1,DECANATO DE POSGRADO
1933,2025-05-27,2025-05-31,1,VICERRECTORADO DE DOCENCIA
1933,2025-09-15,2025-09-19,1,VICERRECTORADO DE DOCENCIA
1933,2026-01-27,2026-02-03,1,VICERRECTORADO DE DOCENCIA
1933,2026-03-23,2026-03-27,1,VICERRECTORADO DE DOCENCIA
1933,2026-06-15,2026-06-20,1,VICERRECTORADO DE DOCENCIA
1933,2018-07-12,2018-07-13,1,DESCONOCIDA
1933,2022-11-07,2022-11-08,1,FACULTAD DE INGENIERÍA MECÁNICA Y CIENCIAS DE LA PRODUCCIÓN
1933,2018-01-01,2022-11-12,1,FACULTAD DE INGENIERÍA EN ELECTRICIDAD Y COMPUTACIÓN
1933,2022-11-13,,27,DECANATO DE POSGRADO
1933,2026-07-12,2026-07-18,1,VICERRECTORADO DE DOCENCIA
1935,2002-05-20,2002-09-27,2,DESCONOCIDA
1935,2002-10-21,2003-03-07,2,DESCONOCIDA
1935,2003-05-19,2003-09-27,1,DESCONOCIDA
1935,2003-10-20,2004-03-08,1,DESCONOCIDA
1935,2004-05-17,2004-09-25,2,DESCONOCIDA
1935,2004-10-18,2005-03-08,1,DESCONOCIDA
1935,2005-05-16,2005-09-24,2,DESCONOCIDA
1935,2005-10-17,2006-03-03,1,DESCONOCIDA
1935,2006-05-15,2006-09-23,2,DESCONOCIDA
1935,2006-10-17,2007-09-22,3,DESCONOCIDA
1935,2007-10-15,2008-03-05,1,DESCONOCIDA
1935,2008-05-19,2008-09-26,2,DESCONOCIDA
1935,2012-06-28,2012-07-26,1,DESCONOCIDA
1935,2013-01-01,2014-10-31,1,DESCONOCIDA
1935,2020-02-17,2020-02-21,1,DESCONOCIDA
1935,2020-02-26,2020-03-06,1,DESCONOCIDA
1935,2020-03-09,2020-04-03,1,DESCONOCIDA
1935,2021-03-02,2021-03-10,1,DESCONOCIDA
1935,2023-01-30,2023-02-02,1,DECANATO DE GRADO
1935,2023-02-17,2023-02-17,1,DECANATO DE GRADO
1935,2024-03-05,2024-03-10,1,DECANATO DE INVESTIGACIÓN
1935,2024-05-25,2024-06-02,1,DECANATO DE INVESTIGACIÓN
1935,2024-05-06,2024-05-12,1,DECANATO DE POSGRADO
1935,2024-09-21,2024-10-06,1,DECANATO DE POSGRADO
1935,2024-07-11,2024-07-13,1,DECANATO DE INVESTIGACIÓN
1935,2025-09-21,2025-09-22,1,DECANATO DE INVESTIGACIÓN
1935,2021-04-07,2021-04-16,1,DESCONOCIDA
1935,2014-11-01,,43,FACULTAD DE CIENCIAS NATURALES Y MATEMÁTICAS
1935,2023-11-07,2023-11-10,1,DECANATO DE GRADO
1935,2025-09-24,2025-09-27,1,DECANATO DE INVESTIGACIÓN
1935,2025-09-15,2025-09-19,1,DECANATO DE POSGRADO
1945,2023-09-20,2023-12-31,1,DIRECCIÓN DE ADMISIONES
1947,2010-01-01,2013-01-01,3,FACULTAD DE CIENCIAS SOCIALES Y HUMANÍSTICAS
1947,2001-03-12,2009-12-31,39,DESCONOCIDA
1947,2013-10-01,,24,FACULTAD DE CIENCIAS SOCIALES Y HUMANÍSTICAS
1961,2014-10-01,2016-07-31,2,DESCONOCIDA
1961,2016-08-01,,23,FACULTAD DE INGENIERÍA MECÁNICA Y CIENCIAS DE LA PRODUCCIÓN
1961,2024-12-16,,7,GERENCIA ADMINISTRATIVA
1971,2009-05-18,2010-05-17,1,DESCONOCIDA
1971,2011-06-01,2015-05-15,3,DESCONOCIDA
1971,2017-09-13,2017-09-22,1,DESCONOCIDA
1971,2017-10-06,2017-10-13,1,DESCONOCIDA
1971,2018-09-20,2018-09-19,1,DESCONOCIDA
1971,2019-07-23,2019-07-27,1,DESCONOCIDA
1971,2019-10-07,2019-10-11,1,DESCONOCIDA
1971,2019-10-15,2019-10-20,1,DESCONOCIDA
1971,2019-11-21,2019-11-24,1,DESCONOCIDA
1971,2019-12-05,2019-12-12,1,DESCONOCIDA
1971,2020-01-21,2020-01-22,1,DESCONOCIDA
1971,2014-11-01,2023-02-02,25,FACULTAD DE CIENCIAS NATURALES Y MATEMÁTICAS
1971,2023-02-17,2023-02-17,1,FACULTAD DE CIENCIAS NATURALES Y MATEMÁTICAS
1971,2023-02-22,2023-03-10,1,FACULTAD DE CIENCIAS NATURALES Y MATEMÁTICAS
1971,2023-03-12,2021-03-20,1,FACULTAD DE CIENCIAS NATURALES Y MATEMÁTICAS
1971,2023-03-21,2023-03-24,1,FACULTAD DE CIENCIAS NATURALES Y MATEMÁTICAS
1971,2023-03-27,2023-03-31,1,FACULTAD DE CIENCIAS NATURALES Y MATEMÁTICAS
1971,2023-04-14,2023-04-14,1,FACULTAD DE CIENCIAS NATURALES Y MATEMÁTICAS
1971,2023-05-30,2023-05-31,1,FACULTAD DE CIENCIAS NATURALES Y MATEMÁTICAS
1971,2023-08-03,2023-08-03,1,FACULTAD DE CIENCIAS NATURALES Y MATEMÁTICAS
1971,2023-08-14,2023-08-15,1,FACULTAD DE CIENCIAS NATURALES Y MATEMÁTICAS
1971,2023-08-25,2023-08-25,1,FACULTAD DE CIENCIAS NATURALES Y MATEMÁTICAS
1971,2023-09-09,2023-09-21,1,FACULTAD DE CIENCIAS NATURALES Y MATEMÁTICAS
1971,2023-11-07,2023-11-10,1,FACULTAD DE CIENCIAS NATURALES Y MATEMÁTICAS
1971,2023-12-26,2023-12-29,1,FACULTAD DE CIENCIAS NATURALES Y MATEMÁTICAS
1971,2024-01-04,2024-01-05,1,FACULTAD DE CIENCIAS NATURALES Y MATEMÁTICAS
1971,2024-02-22,2024-02-22,1,FACULTAD DE CIENCIAS NATURALES Y MATEMÁTICAS
1971,2024-03-05,2024-03-10,1,FACULTAD DE CIENCIAS NATURALES Y MATEMÁTICAS
1971,2024-03-18,2024-05-01,2,FACULTAD DE CIENCIAS NATURALES Y MATEMÁTICAS
1971,2024-05-06,2024-05-12,1,FACULTAD DE CIENCIAS NATURALES Y MATEMÁTICAS
1971,2024-05-25,2024-06-14,3,FACULTAD DE CIENCIAS NATURALES Y MATEMÁTICAS
1971,2024-07-11,2024-07-13,1,FACULTAD DE CIENCIAS NATURALES Y MATEMÁTICAS
1971,2024-08-08,2024-08-08,1,FACULTAD DE CIENCIAS NATURALES Y MATEMÁTICAS
1971,2024-09-07,2024-09-17,1,FACULTAD DE CIENCIAS NATURALES Y MATEMÁTICAS
1971,2024-09-21,2024-10-06,1,FACULTAD DE CIENCIAS NATURALES Y MATEMÁTICAS
1971,2024-11-25,2024-11-27,1,FACULTAD DE CIENCIAS NATURALES Y MATEMÁTICAS
1971,2024-12-02,2024-12-04,1,FACULTAD DE CIENCIAS NATURALES Y MATEMÁTICAS
1971,2024-12-26,2024-12-31,1,FACULTAD DE CIENCIAS NATURALES Y MATEMÁTICAS
1971,2025-01-28,2025-01-30,1,FACULTAD DE CIENCIAS NATURALES Y MATEMÁTICAS
1971,2025-02-21,2025-02-28,1,FACULTAD DE CIENCIAS NATURALES Y MATEMÁTICAS
1971,2025-03-24,2025-04-11,1,FACULTAD DE CIENCIAS NATURALES Y MATEMÁTICAS
1971,2025-04-14,2025-03-03,1,FACULTAD DE CIENCIAS NATURALES Y MATEMÁTICAS
1971,2025-06-02,2025-06-07,1,FACULTAD DE CIENCIAS NATURALES Y MATEMÁTICAS
1971,2025-09-08,2025-09-12,1,FACULTAD DE CIENCIAS NATURALES Y MATEMÁTICAS
1971,2025-09-15,2025-09-19,1,FACULTAD DE CIENCIAS NATURALES Y MATEMÁTICAS
1971,2025-09-21,2025-09-27,1,FACULTAD DE CIENCIAS NATURALES Y MATEMÁTICAS
1971,2025-10-02,2025-10-02,1,FACULTAD DE CIENCIAS NATURALES Y MATEMÁTICAS
1971,2025-10-13,2025-10-20,2,FACULTAD DE CIENCIAS NATURALES Y MATEMÁTICAS
1971,2025-11-19,2025-11-21,1,FACULTAD DE CIENCIAS NATURALES Y MATEMÁTICAS
1971,2025-12-15,2025-12-23,1,FACULTAD DE CIENCIAS NATURALES Y MATEMÁTICAS
1971,2025-12-26,2025-12-31,1,FACULTAD DE CIENCIAS NATURALES Y MATEMÁTICAS
1971,2026-01-27,2026-01-30,1,FACULTAD DE CIENCIAS NATURALES Y MATEMÁTICAS
1971,2026-02-25,2026-03-04,1,FACULTAD DE CIENCIAS NATURALES Y MATEMÁTICAS
1971,2026-03-09,2026-03-20,1,FACULTAD DE CIENCIAS NATURALES Y MATEMÁTICAS
1971,2026-03-23,2026-04-01,2,FACULTAD DE CIENCIAS NATURALES Y MATEMÁTICAS
1971,2026-04-06,2026-04-11,2,FACULTAD DE CIENCIAS NATURALES Y MATEMÁTICAS
1971,2026-04-13,2026-04-17,1,FACULTAD DE CIENCIAS NATURALES Y MATEMÁTICAS
1971,2026-05-05,2026-05-08,1,FACULTAD DE CIENCIAS NATURALES Y MATEMÁTICAS
1971,2026-06-18,2026-06-18,1,FACULTAD DE CIENCIAS NATURALES Y MATEMÁTICAS
1971,2026-06-29,2026-07-01,1,FACULTAD DE CIENCIAS NATURALES Y MATEMÁTICAS
1971,2026-07-12,2026-07-18,1,FACULTAD DE CIENCIAS NATURALES Y MATEMÁTICAS
1971,2026-07-29,2026-07-29,1,FACULTAD DE CIENCIAS NATURALES Y MATEMÁTICAS
1971,2026-08-28,2026-08-28,1,FACULTAD DE CIENCIAS NATURALES Y MATEMÁTICAS
1971,2020-02-26,2020-03-06,1,DESCONOCIDA
1971,2026-08-31,,2,FACULTAD DE CIENCIAS NATURALES Y MATEMÁTICAS
1971,2015-10-01,2015-10-01,1,DIRECCIÓN DE ADQUISICIONES Y SUMINISTROS
1971,2015-11-01,2016-02-16,1,CENTRO DE INFORMACIÓN BIBLIOTECARIA
1971,2019-03-26,2019-04-12,1,VICERRECTORADO ACADÉMICO
1971,2025-03-19,2025-03-21,1,DECANATO DE GRADO
1977,2002-10-21,2003-03-07,2,DESCONOCIDA
1977,2003-03-10,2003-05-03,1,DESCONOCIDA
1977,2003-05-19,2003-09-27,1,DESCONOCIDA
1977,2003-10-20,2005-04-30,9,DESCONOCIDA
1977,2005-05-16,2005-09-24,1,DESCONOCIDA
1977,2005-10-17,2006-03-03,2,DESCONOCIDA
1977,2006-04-01,2013-09-19,23,DESCONOCIDA
1977,2013-01-01,,39,FACULTAD DE CIENCIAS SOCIALES Y HUMANÍSTICAS
1979,2002-05-20,2002-09-27,1,DESCONOCIDA
1979,2002-10-21,2003-03-07,1,DESCONOCIDA
1979,2003-05-19,2003-09-27,1,DESCONOCIDA
1979,2003-10-20,2004-03-08,2,DESCONOCIDA
1979,2004-05-17,2004-09-25,2,DESCONOCIDA
1979,2017-05-02,2017-09-22,1,FACULTAD DE CIENCIAS SOCIALES Y HUMANÍSTICAS
1979,2017-10-04,2018-03-02,2,FACULTAD DE CIENCIAS SOCIALES Y HUMANÍSTICAS
1979,2018-05-02,2018-09-21,1,FACULTAD DE CIENCIAS SOCIALES Y HUMANÍSTICAS
1979,2018-10-01,2019-02-22,2,FACULTAD DE CIENCIAS SOCIALES Y HUMANÍSTICAS
1979,2019-05-13,2019-09-20,1,FACULTAD DE CIENCIAS SOCIALES Y HUMANÍSTICAS
1979,2021-05-17,2021-09-24,1,FACULTAD DE CIENCIAS SOCIALES Y HUMANÍSTICAS
1979,2021-10-04,2022-02-18,2,FACULTAD DE CIENCIAS SOCIALES Y HUMANÍSTICAS
1979,2022-05-16,2022-09-23,1,FACULTAD DE CIENCIAS SOCIALES Y HUMANÍSTICAS
1979,2004-10-18,2022-05-08,22,DESCONOCIDA
1979,2016-10-10,2017-03-17,2,FACULTAD DE CIENCIAS NATURALES Y MATEMÁTICAS
1979,2022-09-28,,15,FACULTAD DE CIENCIAS SOCIALES Y HUMANÍSTICAS
1980,2001-05-01,2010-10-31,7,DESCONOCIDA
1980,2010-12-01,2015-12-31,4,DESCONOCIDA
1980,2016-01-01,2016-12-31,1,DIRECCIÓN DE SERVICIOS GENERALES
1980,2017-01-01,2018-12-31,2,DESCONOCIDA
1980,2019-01-01,,30,DIRECCIÓN DE SERVICIOS GENERALES
1991,2002-09-28,2003-09-27,3,DESCONOCIDA
1991,2003-09-29,2004-06-15,3,DESCONOCIDA
1991,2006-06-01,2008-05-30,3,DESCONOCIDA
1991,2008-08-01,2010-09-30,5,DESCONOCIDA
1991,2013-05-01,2014-05-14,2,DESCONOCIDA
1991,2015-01-01,2015-01-01,1,DESCONOCIDA
1991,2015-03-09,2015-03-13,1,DESCONOCIDA
1991,2015-03-24,2015-04-15,1,DESCONOCIDA
1991,2015-07-07,2015-07-08,1,DESCONOCIDA
1991,2015-09-14,2015-09-21,1,DESCONOCIDA
1991,2016-02-15,2016-03-04,1,DESCONOCIDA
1991,2016-07-06,2016-07-08,1,DESCONOCIDA
1991,2016-07-26,2016-07-29,1,DESCONOCIDA
1991,2016-08-29,2016-09-09,1,DESCONOCIDA
1991,2016-10-17,2016-10-21,1,DESCONOCIDA
1991,2017-03-07,2017-03-16,1,DESCONOCIDA
1991,2017-03-27,2017-04-21,1,DESCONOCIDA
1991,2019-09-02,2019-09-05,1,DESCONOCIDA
1991,2021-11-24,2021-11-24,1,DESCONOCIDA
1991,2010-10-01,2011-12-31,1,GERENCIA ADMINISTRATIVA
1991,2010-10-01,2013-05-15,1,FACULTAD DE INGENIERÍA EN ELECTRICIDAD Y COMPUTACIÓN
1991,2010-10-01,2021-11-23,14,GERENCIA DE TECNOLOGÍAS Y SISTEMAS DE INFORMACIÓN
1991,2015-01-01,2021-11-23,1,SUBGERENCIA DE SERVICIOS DE INFRAESTRUCTURA TECNOLÓGICA Y SEGURIDAD INFORMÁTICA
1991,2015-05-25,2015-05-27,1,FACULTAD DE CIENCIAS SOCIALES Y HUMANÍSTICAS
2006,2014-10-01,2016-12-23,3,DESCONOCIDA
2006,2021-10-04,,21,FACULTAD DE CIENCIAS NATURALES Y MATEMÁTICAS
2008,2015-01-01,2023-01-03,31,CENTRO DE INVESTIGACIONES Y SERVICIOS EDUCATIVOS
2022,2001-05-01,2002-04-30,4,DESCONOCIDA
2022,2002-07-01,2004-06-30,6,DESCONOCIDA
2022,2004-12-01,2004-12-15,1,DESCONOCIDA
2022,2015-01-01,2021-07-07,6,DIRECCIÓN DE ADQUISICIONES Y SUMINISTROS
2022,2005-03-16,2014-12-31,6,DESCONOCIDA
2022,2021-09-30,2021-10-01,1,DIRECCIÓN DE ADQUISICIONES Y SUMINISTROS
2022,2021-07-08,,21,DIRECCIÓN DE ADQUISICIONES
2031,1998-06-10,2011-07-11,20,DESCONOCIDA
2031,2015-09-28,2015-10-19,1,DESCONOCIDA
2031,2016-03-21,2016-04-10,1,DESCONOCIDA
2031,2015-03-09,2016-10-31,2,GERENCIA DE TECNOLOGÍAS Y SISTEMAS DE INFORMACIÓN
2031,2016-11-01,2017-01-31,3,DESCONOCIDA
2031,2017-03-27,2017-04-21,1,DESCONOCIDA
2031,2018-03-02,2018-03-20,1,DESCONOCIDA
2031,2017-02-01,,36,GERENCIA DE TECNOLOGÍAS Y SISTEMAS DE INFORMACIÓN
2036,2014-10-01,2017-09-22,3,DESCONOCIDA
2045,1999-11-04,2014-12-31,12,DESCONOCIDA
2045,2015-01-01,2020-11-01,10,GERENCIA FINANCIERA
2049,2003-10-01,2004-07-30,1,DESCONOCIDA
2049,2005-01-01,2007-12-31,3,DESCONOCIDA
2049,2008-10-13,2014-12-31,5,DESCONOCIDA
2049,2015-01-01,2018-09-30,2,DIRECCIÓN DE LA SECRETARÍA TÉCNICA DE ASEGURAMIENTO DE LA CALIDAD DE LA EDUCACIÓN SUPERIOR
2049,2018-12-26,2018-12-28,1,DIRECCIÓN DE LA SECRETARÍA TÉCNICA DE ASEGURAMIENTO DE LA CALIDAD DE LA EDUCACIÓN SUPERIOR
2049,2019-03-18,2019-04-02,1,DIRECCIÓN DE LA SECRETARÍA TÉCNICA DE ASEGURAMIENTO DE LA CALIDAD DE LA EDUCACIÓN SUPERIOR
2049,2022-11-21,2022-11-25,1,GERENCIA DE PLANIFICACIÓN ESTRATÉGICA
2049,2023-03-07,2023-03-08,1,GERENCIA DE PLANIFICACIÓN ESTRATÉGICA
2049,2023-04-25,2023-05-14,1,GERENCIA DE PLANIFICACIÓN ESTRATÉGICA
2049,2023-09-04,2023-09-15,1,GERENCIA DE PLANIFICACIÓN ESTRATÉGICA
2049,2023-09-25,2023-10-06,1,GERENCIA DE PLANIFICACIÓN ESTRATÉGICA
2049,2024-07-08,2024-07-10,1,GERENCIA DE PLANIFICACIÓN ESTRATÉGICA
2049,2024-09-09,2024-09-27,1,GERENCIA DE PLANIFICACIÓN ESTRATÉGICA
2049,2018-10-01,2019-06-02,1,DESCONOCIDA
2049,2019-09-16,2019-09-25,1,DIRECCIÓN DE LA SECRETARÍA TÉCNICA DE ASEGURAMIENTO DE LA CALIDAD DE LA EDUCACIÓN SUPERIOR
2049,2019-06-03,2025-03-20,25,RECTORADO
2049,2025-03-21,,10,GERENCIA DE PLANIFICACIÓN ESTRATÉGICA
2051,2002-10-21,2003-03-07,1,DESCONOCIDA
2051,2003-05-19,2003-09-27,3,DESCONOCIDA
2051,2003-10-20,2004-03-08,1,DESCONOCIDA
2051,2004-05-17,2004-09-25,2,DESCONOCIDA
2051,2017-10-01,2024-03-13,23,FACULTAD DE CIENCIAS SOCIALES Y HUMANÍSTICAS
2051,2004-10-18,2005-03-08,1,DESCONOCIDA
2051,2024-09-30,2025-02-14,4,FACULTAD DE CIENCIAS SOCIALES Y HUMANÍSTICAS
2052,2000-03-01,2005-09-30,7,DESCONOCIDA
2052,2008-01-01,2013-06-01,5,DESCONOCIDA
2052,2014-10-01,2016-12-31,3,DESCONOCIDA
2052,2017-01-01,,32,FACULTAD DE INGENIERÍA EN ELECTRICIDAD Y COMPUTACIÓN
2058,1999-11-24,2003-08-30,12,DESCONOCIDA
2058,2009-01-01,2010-06-30,2,DESCONOCIDA
2058,2017-04-10,2021-11-30,9,CENTRO NACIONAL DE ACUICULTURA E INVESTIGACIONES MARINAS
2058,2021-12-27,2021-12-27,1,CENTRO NACIONAL DE ACUICULTURA E INVESTIGACIONES MARINAS
2058,2022-03-25,2022-03-25,1,CENTRO NACIONAL DE ACUICULTURA E INVESTIGACIONES MARINAS
2058,2016-01-19,2017-04-09,1,DESCONOCIDA
2058,2015-10-19,2016-01-18,1,FACULTAD DE INGENIERÍA EN ELECTRICIDAD Y COMPUTACIÓN
2058,2022-04-08,,36,CENTRO NACIONAL DE ACUICULTURA E INVESTIGACIONES MARINAS
2067,2017-10-04,2019-12-31,3,DIRECCIÓN DE ADMISIONES
2067,2020-02-03,2020-05-31,1,DIRECCIÓN DE ADMISIONES
2067,2021-05-25,2021-12-31,1,DIRECCIÓN DE ADMISIONES
2067,2017-01-01,2017-09-22,1,FACULTAD DE CIENCIAS NATURALES Y MATEMÁTICAS
2067,2010-05-17,2016-12-31,6,DESCONOCIDA
2067,2026-05-11,,1,FACULTAD DE CIENCIAS NATURALES Y MATEMÁTICAS
2067,2023-05-29,2024-12-31,4,DIRECCIÓN DE ADMISIONES
2069,1998-09-07,1999-05-13,2,DESCONOCIDA
2069,1999-05-17,1999-09-30,1,DESCONOCIDA
2069,1999-10-18,2003-09-27,12,DESCONOCIDA
2069,2010-05-17,2012-05-16,3,DESCONOCIDA
2069,2013-01-01,2015-09-30,1,DESCONOCIDA
2069,2015-10-01,,22,FACULTAD DE INGENIERÍA EN ELECTRICIDAD Y COMPUTACIÓN
2081,2001-05-21,2001-09-28,1,DESCONOCIDA
2081,2006-01-01,2006-08-31,3,DESCONOCIDA
2081,2014-10-01,2015-10-01,2,DESCONOCIDA
2081,2015-10-02,,18,FACULTAD DE INGENIERÍA EN ELECTRICIDAD Y COMPUTACIÓN
2097,2017-01-01,2017-10-16,1,FACULTAD DE INGENIERÍA EN ELECTRICIDAD Y COMPUTACIÓN
2097,2016-09-01,2016-09-30,1,DESCONOCIDA
2097,2016-10-01,2016-12-31,1,FACULTAD DE INGENIERÍA MECÁNICA Y CIENCIAS DE LA PRODUCCIÓN
2097,2019-03-01,,26,FACULTAD DE INGENIERÍA EN ELECTRICIDAD Y COMPUTACIÓN
2098,2003-10-20,2004-03-08,1,DESCONOCIDA
2098,2004-05-17,2004-09-25,1,DESCONOCIDA
2098,2004-10-18,2005-03-08,1,DESCONOCIDA
2098,2015-03-01,2023-12-29,14,FACULTAD DE CIENCIAS SOCIALES Y HUMANÍSTICAS
2098,2024-02-19,2024-03-13,1,FACULTAD DE CIENCIAS SOCIALES Y HUMANÍSTICAS
2098,2024-12-23,2024-12-24,1,FACULTAD DE CIENCIAS SOCIALES Y HUMANÍSTICAS
2098,2024-12-26,2024-12-31,1,FACULTAD DE CIENCIAS SOCIALES Y HUMANÍSTICAS
2098,2025-02-24,2025-02-28,1,FACULTAD DE CIENCIAS SOCIALES Y HUMANÍSTICAS
2098,2025-03-05,2025-03-27,1,FACULTAD DE CIENCIAS SOCIALES Y HUMANÍSTICAS
2098,2025-07-07,2025-09-05,2,ESCUELA DE POSTGRADO EN ADMINISTRACIÓN DE EMPRESAS
2098,2025-09-22,2025-09-26,1,ESCUELA DE POSTGRADO EN ADMINISTRACIÓN DE EMPRESAS
2098,2025-12-26,2025-12-31,1,ESCUELA DE POSTGRADO EN ADMINISTRACIÓN DE EMPRESAS
2098,2026-01-27,2026-01-30,1,ESCUELA DE POSTGRADO EN ADMINISTRACIÓN DE EMPRESAS
2098,2026-03-09,2026-03-18,1,ESCUELA DE POSTGRADO EN ADMINISTRACIÓN DE EMPRESAS
2098,2026-03-23,2026-03-27,1,ESCUELA DE POSTGRADO EN ADMINISTRACIÓN DE EMPRESAS
2098,2026-04-13,2026-04-17,1,ESCUELA DE POSTGRADO EN ADMINISTRACIÓN DE EMPRESAS
2098,2026-05-25,2026-05-30,1,ESCUELA DE POSTGRADO EN ADMINISTRACIÓN DE EMPRESAS
2098,2026-07-12,2026-07-17,1,ESCUELA DE POSTGRADO EN ADMINISTRACIÓN DE EMPRESAS
2098,2026-08-17,2026-08-21,1,ESCUELA DE POSTGRADO EN ADMINISTRACIÓN DE EMPRESAS
2098,2005-05-16,2005-09-24,1,DESCONOCIDA
2098,2025-04-02,2025-04-04,1,FACULTAD DE CIENCIAS SOCIALES Y HUMANÍSTICAS
2098,2026-08-31,,2,ESCUELA DE POSTGRADO EN ADMINISTRACIÓN DE EMPRESAS
2103,2018-10-01,2020-02-21,3,FACULTAD DE INGENIERÍA EN CIENCIAS DE LA TIERRA
2103,2020-06-01,2021-12-31,4,FACULTAD DE INGENIERÍA EN CIENCIAS DE LA TIERRA
2103,2020-02-22,2020-05-31,1,DIRECCIÓN DE ADMISIONES
2105,2000-04-17,2014-12-31,13,DESCONOCIDA
2105,2018-10-14,2018-10-22,1,DESCONOCIDA
2105,2019-05-07,2019-05-10,1,DESCONOCIDA
2105,2019-09-24,2019-09-28,1,DESCONOCIDA
2105,2020-01-02,2020-01-07,1,DESCONOCIDA
2105,2015-01-01,2025-11-01,31,GERENCIA FINANCIERA
2124,2013-02-01,2015-12-31,3,DESCONOCIDA
2124,2016-01-01,2016-12-31,1,GERENCIA DE COMUNICACIÓN SOCIAL Y ASUNTOS PÚBLICOS
2124,2019-01-01,2020-12-31,2,GERENCIA DE COMUNICACIÓN SOCIAL Y ASUNTOS PÚBLICOS
2124,2021-12-22,2021-12-30,1,GERENCIA DE COMUNICACIÓN SOCIAL Y ASUNTOS PÚBLICOS
2124,2022-01-17,2022-01-21,1,GERENCIA DE COMUNICACIÓN SOCIAL Y ASUNTOS PÚBLICOS
2124,2022-03-17,2022-03-17,1,GERENCIA DE COMUNICACIÓN SOCIAL Y ASUNTOS PÚBLICOS
2124,2022-03-25,2022-03-25,1,GERENCIA DE COMUNICACIÓN SOCIAL Y ASUNTOS PÚBLICOS
2124,2022-04-14,2022-04-14,1,GERENCIA DE COMUNICACIÓN SOCIAL Y ASUNTOS PÚBLICOS
2124,2022-05-04,2022-05-05,1,GERENCIA DE COMUNICACIÓN SOCIAL Y ASUNTOS PÚBLICOS
2124,2022-12-27,2022-12-30,1,GERENCIA DE COMUNICACIÓN SOCIAL Y ASUNTOS PÚBLICOS
2124,2017-01-01,2018-12-31,2,DESCONOCIDA
2124,2023-03-23,2023-03-24,1,GERENCIA DE COMUNICACIÓN SOCIAL Y ASUNTOS PÚBLICOS
2124,2021-01-01,2025-09-29,16,GERENCIA DE COMUNICACIÓN
2125,2021-05-25,2021-12-31,1,DIRECCIÓN DE ADMISIONES
2125,2023-05-29,2024-12-31,4,DIRECCIÓN DE ADMISIONES
2137,2016-10-01,2016-12-31,1,DESCONOCIDA
2137,2017-01-01,2020-02-21,4,FACULTAD DE CIENCIAS DE LA VIDA
2137,2020-02-22,,20,FACULTAD DE CIENCIAS NATURALES Y MATEMÁTICAS
2146,2001-05-07,2014-12-31,10,DESCONOCIDA
2146,2015-01-01,2023-09-30,20,FACULTAD DE INGENIERÍA EN CIENCIAS DE LA TIERRA
2146,2023-10-01,,11,CENTRO DE INFORMACIÓN BIBLIOTECARIA
2147,2016-03-01,2016-10-19,2,DESCONOCIDA
2147,2018-11-11,2018-11-16,1,DESCONOCIDA
2147,2019-03-25,2019-04-09,1,FACULTAD DE INGENIERÍA MARÍTIMA Y CIENCIAS DEL MAR
2147,2019-12-23,2020-01-01,1,FACULTAD DE INGENIERÍA MARÍTIMA Y CIENCIAS DEL MAR
2147,2020-03-16,2020-04-09,1,FACULTAD DE INGENIERÍA MARÍTIMA Y CIENCIAS DEL MAR
2147,2021-03-15,2021-04-16,1,FACULTAD DE INGENIERÍA MARÍTIMA Y CIENCIAS DEL MAR
2147,2019-01-24,2021-05-31,1,DESCONOCIDA
2147,2016-10-20,2019-01-23,1,"FACULTAD DE INGENIERIA MARÍTIMA, CIENCIAS BIOLÓGICAS, OCEÁNICAS Y RECURSOS NATURALES"
2147,2021-06-01,,25,FACULTAD DE INGENIERÍA MARÍTIMA Y CIENCIAS DEL MAR
2152,2004-09-01,2005-08-30,1,DESCONOCIDA
2152,2005-10-01,2012-12-31,5,DESCONOCIDA
2152,2013-03-01,2013-06-08,1,DESCONOCIDA
2152,2015-01-12,2015-04-30,2,UNIDAD DE VINCULACIÓN CON LA SOCIEDAD
2152,2015-11-16,2017-03-01,7,UNIDAD DE VINCULACIÓN CON LA SOCIEDAD
2152,2017-03-10,2017-03-20,2,UNIDAD DE VINCULACIÓN CON LA SOCIEDAD
2152,2018-01-15,2018-01-28,1,UNIDAD DE VINCULACIÓN CON LA SOCIEDAD
2152,2018-01-30,2018-05-23,2,UNIDAD DE VINCULACIÓN CON LA SOCIEDAD
2152,2018-09-10,2018-09-11,1,UNIDAD DE VINCULACIÓN CON LA SOCIEDAD
2152,2018-12-26,2018-12-28,1,UNIDAD DE VINCULACIÓN CON LA SOCIEDAD
2152,2019-02-21,2019-03-10,1,UNIDAD DE VINCULACIÓN CON LA SOCIEDAD
2152,2019-04-11,2019-04-18,1,UNIDAD DE VINCULACIÓN CON LA SOCIEDAD
2152,2023-04-24,2023-04-28,1,DECANATO DE POSGRADO
2152,2023-08-21,2023-08-24,1,DECANATO DE POSGRADO
2152,2023-09-20,2023-09-29,1,DECANATO DE POSGRADO
2152,2022-03-01,2022-11-12,2,DECANATO DE VINCULACIÓN
2152,2023-11-16,2023-11-16,1,DECANATO DE POSGRADO
2152,2023-12-07,2023-12-15,1,DECANATO DE VINCULACIÓN
2152,2024-03-10,2024-03-17,1,DECANATO DE VINCULACIÓN
2152,2024-06-12,2024-06-15,1,DECANATO DE GRADO
2152,2024-07-21,2024-07-26,1,DECANATO DE GRADO
2152,2024-07-29,2024-08-03,1,DECANATO DE GRADO
2152,2024-09-11,2024-09-16,1,DECANATO DE GRADO
2152,2024-09-21,2024-09-30,1,DECANATO DE GRADO
2152,2024-02-07,2024-02-19,1,DECANATO DE POSGRADO
2152,2024-10-10,2024-10-19,2,DECANATO DE GRADO
2152,2025-01-28,2025-01-30,1,DECANATO DE GRADO
2152,2025-03-07,2025-03-11,1,DECANATO DE GRADO
2152,2024-12-23,2024-12-24,1,DECANATO DE POSGRADO
2152,2025-03-30,2025-04-02,1,DECANATO DE POSGRADO
2152,2024-04-08,2024-04-12,1,DECANATO DE VINCULACIÓN
2152,2025-03-25,2025-03-28,1,DECANATO DE GRADO
2152,2025-05-20,2025-05-31,2,DECANATO DE GRADO
2152,2025-04-21,2025-05-01,1,DECANATO DE POSGRADO
2152,2025-07-25,2025-08-08,1,DECANATO DE GRADO
2152,2025-10-12,2025-10-14,1,DECANATO DE GRADO
2152,2025-09-10,2025-09-12,1,DECANATO DE POSGRADO
2152,2025-10-20,2025-10-21,1,DECANATO DE GRADO
2152,2026-03-09,2026-03-27,3,DECANATO DE GRADO
2152,2025-05-06,2025-05-16,1,DECANATO DE VINCULACIÓN
2152,2025-12-01,2025-12-07,1,DECANATO DE POSGRADO
2152,2026-06-03,2026-06-08,1,DECANATO DE VINCULACIÓN
2152,2026-06-15,2026-06-20,1,DECANATO DE POSGRADO
2152,2026-07-08,2026-07-10,1,DECANATO DE POSGRADO
2152,2013-09-12,2013-10-11,1,DESCONOCIDA
2152,2013-01-01,,44,FACULTAD DE INGENIERÍA MECÁNICA Y CIENCIAS DE LA PRODUCCIÓN
2152,2020-02-17,2020-02-28,1,UNIDAD DE VINCULACIÓN CON LA SOCIEDAD
2152,2026-06-29,2026-07-03,1,DECANATO DE VINCULACIÓN
2152,2026-09-09,,1,DECANATO DE POSGRADO
2152,2026-03-30,2026-04-02,1,DECANATO DE GRADO
2152,2025-11-18,2025-11-22,1,VICERRECTORADO DE DOCENCIA
2152,2026-02-07,2026-02-13,1,DECANATO DE INVESTIGACIÓN
2152,2026-04-13,2026-04-17,1,ESCUELA DE POSTGRADO EN ADMINISTRACIÓN DE EMPRESAS
2161,2008-10-13,2010-02-28,2,DESCONOCIDA
2161,2012-03-01,2014-02-28,1,DESCONOCIDA
2161,2015-03-16,2015-03-27,1,DESCONOCIDA
2161,2017-08-18,2017-08-31,1,DESCONOCIDA
2161,2018-07-09,2018-07-14,1,DESCONOCIDA
2161,2022-03-18,2022-03-25,1,VICERRECTORADO ACADÉMICO
2161,2022-09-02,2022-09-11,1,VICERRECTORADO ACADÉMICO
2161,2020-03-12,2020-04-09,1,VICERRECTORADO DE DOCENCIA
2161,2023-01-30,2023-02-02,1,RECTORADO
2161,2023-06-06,2023-06-08,1,RECTORADO
2161,2023-09-03,2023-09-07,1,RECTORADO
2161,2023-11-19,2023-11-22,1,RECTORADO
2161,2024-01-28,2024-02-04,1,RECTORADO
2161,2024-03-17,2024-03-23,1,RECTORADO
2161,2024-04-15,2024-04-22,1,RECTORADO
2161,2024-06-03,2024-06-06,1,RECTORADO
2161,2024-06-12,2024-06-15,1,RECTORADO
2161,2024-10-16,2024-10-19,1,RECTORADO
2161,2025-01-28,2025-01-30,1,RECTORADO
2161,2025-03-07,2025-03-11,1,RECTORADO
2161,2013-01-01,2022-11-12,26,FACULTAD DE INGENIERÍA EN CIENCIAS DE LA TIERRA
2161,2025-06-12,2025-07-01,1,RECTORADO
2161,2025-10-12,2025-10-14,1,RECTORADO
2161,2025-11-09,2025-11-15,1,RECTORADO
2161,2026-01-31,2026-02-03,1,RECTORADO
2161,2026-03-28,2026-04-07,1,RECTORADO
2161,2026-05-25,2026-05-31,2,RECTORADO
2161,2026-07-01,2026-07-05,1,RECTORADO
2161,2026-07-12,2026-07-18,2,RECTORADO
2161,2018-08-13,2018-08-17,1,DESCONOCIDA
2161,2025-09-15,2025-09-19,1,FACULTAD DE INGENIERÍA EN CIENCIAS DE LA TIERRA
2161,2022-11-13,,40,VICERRECTORADO DE DOCENCIA
2161,2022-10-10,2022-10-16,1,VICERRECTORADO ACADÉMICO
2161,2026-07-28,2026-08-03,1,RECTORADO
2167,2012-05-14,2013-09-20,2,DESCONOCIDA
2167,2013-10-14,2013-12-31,1,DESCONOCIDA
2167,2014-05-12,2014-10-03,1,DESCONOCIDA
2167,2014-10-20,2015-03-13,2,DESCONOCIDA
2167,2015-10-19,2016-02-28,1,FACULTAD DE CIENCIAS NATURALES Y MATEMÁTICAS
2167,2015-05-11,2015-10-02,1,DESCONOCIDA
2167,2016-05-02,2016-09-23,1,FACULTAD DE CIENCIAS NATURALES Y MATEMÁTICAS
2167,2023-06-15,,9,FACULTAD DE INGENIERÍA EN ELECTRICIDAD Y COMPUTACIÓN
2178,1999-10-19,2000-03-03,1,DESCONOCIDA
2178,2000-05-15,2000-09-22,1,DESCONOCIDA
2178,2002-10-21,2003-03-07,1,DESCONOCIDA
2178,2013-01-01,2014-09-30,1,FACULTAD DE CIENCIAS SOCIALES Y HUMANÍSTICAS
2178,2003-05-19,2012-12-31,22,DESCONOCIDA
2178,2015-08-11,2015-08-12,1,DESCONOCIDA
2178,2016-01-29,2016-02-03,1,DESCONOCIDA
2178,2014-11-01,2019-09-30,6,FACULTAD DE CIENCIAS SOCIALES Y HUMANÍSTICAS
2178,2021-12-27,2021-12-31,1,DECANATO DE GRADO
2178,2022-02-21,2022-03-11,1,DECANATO DE GRADO
2178,2024-04-15,2024-04-27,1,DECANATO DE GRADO
2178,2024-05-19,2024-06-06,2,DECANATO DE GRADO
2178,2025-08-25,2025-09-05,1,ESCUELA DE POSTGRADO EN ADMINISTRACIÓN DE EMPRESAS
2178,2025-09-22,2025-09-26,1,ESCUELA DE POSTGRADO EN ADMINISTRACIÓN DE EMPRESAS
2178,2026-01-27,2026-01-30,1,ESCUELA DE POSTGRADO EN ADMINISTRACIÓN DE EMPRESAS
2178,2024-01-02,2024-01-05,1,DECANATO DE POSGRADO
2178,2026-03-01,2026-03-07,1,DECANATO DE POSGRADO
2178,2026-02-18,2026-02-27,1,ESCUELA DE POSTGRADO EN ADMINISTRACIÓN DE EMPRESAS
2178,2024-11-17,2024-11-26,2,DECANATO DE GRADO
2178,2026-03-28,2026-04-07,1,DECANATO DE GRADO
2178,2026-05-08,2026-05-08,1,DECANATO DE GRADO
2178,2026-03-23,2026-03-27,1,ESCUELA DE POSTGRADO EN ADMINISTRACIÓN DE EMPRESAS
2178,2019-10-01,2021-05-02,1,DESCONOCIDA
2178,2021-05-03,,14,FACULTAD DE CIENCIAS SOCIALES Y HUMANÍSTICAS
2178,2014-10-01,2014-10-31,1,DIRECCIÓN DE LA SECRETARÍA TÉCNICA DE ASEGURAMIENTO DE LA CALIDAD DE LA EDUCACIÓN SUPERIOR
2178,2026-06-12,2026-06-16,1,DECANATO DE GRADO
2178,2026-03-11,2026-03-16,1,DECANATO DE POSGRADO
2178,2026-07-12,2026-07-18,1,ESCUELA DE POSTGRADO EN ADMINISTRACIÓN DE EMPRESAS
2194,2004-10-18,2005-03-08,2,DESCONOCIDA
2194,2005-05-01,2006-03-03,5,DESCONOCIDA
2194,2006-05-15,2006-09-23,2,DESCONOCIDA
2194,2006-10-17,2007-03-06,1,DESCONOCIDA
2194,2007-05-14,2007-09-22,1,DESCONOCIDA
2194,2007-10-15,2008-03-05,1,DESCONOCIDA
2194,2008-05-19,2008-09-26,1,DESCONOCIDA
2194,2008-10-13,2009-03-02,1,DESCONOCIDA
2194,2009-05-18,2009-09-25,1,DESCONOCIDA
2194,2009-10-12,2010-03-02,2,DESCONOCIDA
2194,2013-01-01,2013-01-01,1,FACULTAD DE CIENCIAS NATURALES Y MATEMÁTICAS
2194,2011-06-01,2012-12-31,2,DESCONOCIDA
2194,2014-11-01,,21,FACULTAD DE CIENCIAS NATURALES Y MATEMÁTICAS
2196,2018-01-15,2018-12-31,1,FACULTAD DE INGENIERÍA EN ELECTRICIDAD Y COMPUTACIÓN
2196,2023-05-30,,10,DIRECCIÓN DE ADMISIONES
2200,2009-06-01,2009-09-25,1,DESCONOCIDA
2200,2009-10-12,2010-03-02,2,DESCONOCIDA
2200,2013-05-13,2013-09-20,1,DESCONOCIDA
2200,2013-10-14,2013-12-31,1,DESCONOCIDA
2200,2015-01-01,2015-03-13,1,FACULTAD DE CIENCIAS SOCIALES Y HUMANÍSTICAS
2200,2015-05-11,2015-10-02,1,FACULTAD DE CIENCIAS SOCIALES Y HUMANÍSTICAS
2200,2014-10-20,2014-12-31,1,DESCONOCIDA
2200,2015-10-19,2016-02-28,1,FACULTAD DE CIENCIAS SOCIALES Y HUMANÍSTICAS
2200,2016-10-10,2017-03-17,2,FACULTAD DE CIENCIAS SOCIALES Y HUMANÍSTICAS
2200,2017-05-02,2017-09-22,1,FACULTAD DE CIENCIAS SOCIALES Y HUMANÍSTICAS
2200,2017-10-04,2018-03-02,2,FACULTAD DE CIENCIAS SOCIALES Y HUMANÍSTICAS
2200,2018-05-02,2018-09-21,1,FACULTAD DE CIENCIAS SOCIALES Y HUMANÍSTICAS
2200,2018-10-01,2019-02-22,2,FACULTAD DE CIENCIAS SOCIALES Y HUMANÍSTICAS
2200,2019-05-13,2019-09-20,1,FACULTAD DE CIENCIAS SOCIALES Y HUMANÍSTICAS
2200,2021-05-17,2021-09-24,1,FACULTAD DE CIENCIAS SOCIALES Y HUMANÍSTICAS
2200,2021-10-04,2022-02-18,3,FACULTAD DE CIENCIAS SOCIALES Y HUMANÍSTICAS
2200,2022-05-16,2022-09-23,1,FACULTAD DE CIENCIAS SOCIALES Y HUMANÍSTICAS
2200,2022-10-03,2023-02-17,3,FACULTAD DE CIENCIAS SOCIALES Y HUMANÍSTICAS
2200,2023-05-15,2024-02-16,3,FACULTAD DE CIENCIAS SOCIALES Y HUMANÍSTICAS
2200,2024-05-13,2025-02-14,5,FACULTAD DE CIENCIAS SOCIALES Y HUMANÍSTICAS
2200,2025-05-05,2026-02-13,3,FACULTAD DE CIENCIAS SOCIALES Y HUMANÍSTICAS
2200,2016-05-02,2016-09-23,1,DESCONOCIDA
2200,2026-05-04,,1,FACULTAD DE CIENCIAS SOCIALES Y HUMANÍSTICAS
2203,1999-05-25,1999-11-25,1,DESCONOCIDA
2203,1999-12-01,2003-03-30,6,DESCONOCIDA
2203,2003-12-01,2007-12-01,1,DESCONOCIDA
2203,2008-01-01,2014-03-07,5,DESCONOCIDA
2203,2014-03-08,,37,FACULTAD DE CIENCIAS NATURALES Y MATEMÁTICAS
2208,2014-05-12,2014-10-31,1,DESCONOCIDA
2208,2020-02-22,,20,FACULTAD DE INGENIERÍA EN CIENCIAS DE LA TIERRA
2213,2000-08-14,2015-12-31,12,DESCONOCIDA
2213,2016-01-01,2016-12-31,1,FACULTAD DE CIENCIAS SOCIALES Y HUMANÍSTICAS
2213,2017-01-01,2018-12-31,2,DESCONOCIDA
2213,2019-01-01,,29,FACULTAD DE CIENCIAS SOCIALES Y HUMANÍSTICAS
2237,1999-05-04,2000-10-30,5,DESCONOCIDA
2237,2001-01-16,2002-12-30,3,DESCONOCIDA
2237,2003-02-13,2003-03-21,2,DESCONOCIDA
2237,2003-04-21,2014-12-31,8,DESCONOCIDA
2237,2015-01-01,2018-07-12,2,VICERRECTORADO ACADÉMICO
2237,2020-02-17,2020-02-23,1,FACULTAD DE INGENIERÍA EN CIENCIAS DE LA TIERRA
2237,2020-12-14,2020-12-18,1,FACULTAD DE INGENIERÍA EN CIENCIAS DE LA TIERRA
2237,2021-02-22,2021-02-26,1,FACULTAD DE INGENIERÍA EN CIENCIAS DE LA TIERRA
2237,2021-07-27,2021-08-25,3,FACULTAD DE INGENIERÍA EN CIENCIAS DE LA TIERRA
2237,2018-07-13,2021-11-30,1,DESCONOCIDA
2237,2019-04-08,2019-04-15,1,VICERRECTORADO ACADÉMICO
2237,2021-12-01,,47,FACULTAD DE INGENIERÍA EN CIENCIAS DE LA TIERRA
2280,2010-05-17,2011-05-16,1,DESCONOCIDA
2280,2012-05-14,2013-05-13,1,DESCONOCIDA
2280,2014-05-12,2016-12-31,3,DESCONOCIDA
2280,2017-01-01,,22,FACULTAD DE CIENCIAS NATURALES Y MATEMÁTICAS
2283,2013-05-13,2013-09-20,1,DESCONOCIDA
2283,2015-01-01,2015-03-13,1,FACULTAD DE CIENCIAS SOCIALES Y HUMANÍSTICAS
2283,2013-10-14,2014-12-31,2,DESCONOCIDA
2283,2015-05-01,2016-12-31,1,FACULTAD DE CIENCIAS SOCIALES Y HUMANÍSTICAS
2283,2017-01-01,2017-12-31,1,DESCONOCIDA
2283,2018-01-01,,31,FACULTAD DE CIENCIAS SOCIALES Y HUMANÍSTICAS
2293,2009-05-18,2009-09-25,1,DESCONOCIDA
2293,2009-10-12,2010-03-02,2,DESCONOCIDA
2293,2015-05-01,2016-12-31,1,FACULTAD DE INGENIERÍA EN ELECTRICIDAD Y COMPUTACIÓN
2293,2017-01-01,2017-12-31,1,DESCONOCIDA
2293,2018-01-01,2022-09-26,12,FACULTAD DE INGENIERÍA EN ELECTRICIDAD Y COMPUTACIÓN
2297,2003-03-17,2003-07-16,1,DESCONOCIDA
2297,2019-09-16,2019-09-20,1,SECRETARÍA TÉCNICA DE ASEGURAMIENTO DE LA CALIDAD
2297,2011-05-02,2016-07-31,4,DESCONOCIDA
2297,2016-08-01,2020-08-05,7,CENTRO DE PROMOCIÓN Y EMPLEO
2297,2020-08-06,,22,SECRETARÍA TÉCNICA DE ASEGURAMIENTO DE LA CALIDAD
2299,2010-09-01,2010-12-31,1,DESCONOCIDA
2299,2013-01-01,2014-12-31,2,DESCONOCIDA
2299,2015-01-01,2016-02-29,2,CENTRO DE INVESTIGACIONES BIOTECNOLÓGICAS DEL ECUADOR
2299,2016-03-01,2016-10-31,3,DESCONOCIDA
2299,2016-11-01,,69,CENTRO DE INVESTIGACIONES BIOTECNOLÓGICAS DEL ECUADOR
2308,2014-05-12,2014-09-30,1,DESCONOCIDA
2308,2014-10-01,2016-12-31,2,FACULTAD DE INGENIERÍA EN ELECTRICIDAD Y COMPUTACIÓN
2308,2017-01-01,2017-12-31,1,DESCONOCIDA
2308,2018-01-01,2023-09-30,15,FACULTAD DE INGENIERÍA EN ELECTRICIDAD Y COMPUTACIÓN
2308,2024-11-05,2026-02-17,5,FACULTAD DE INGENIERÍA MECÁNICA Y CIENCIAS DE LA PRODUCCIÓN
2312,2001-05-21,2003-12-30,5,DESCONOCIDA
2312,2004-05-17,2004-09-25,1,DESCONOCIDA
2312,2004-10-18,2005-03-08,1,DESCONOCIDA
2312,2005-05-16,2005-09-24,1,DESCONOCIDA
2312,2005-10-17,2006-03-03,1,DESCONOCIDA
2312,2006-05-15,2006-09-23,2,DESCONOCIDA
2312,2006-10-17,2007-03-06,2,DESCONOCIDA
2312,2007-05-14,2007-09-22,3,DESCONOCIDA
2312,2007-10-09,2008-03-05,5,DESCONOCIDA
2312,2008-05-19,2008-09-26,3,DESCONOCIDA
2312,2009-04-01,2009-04-30,1,DESCONOCIDA
2312,2009-05-18,2010-05-17,1,DESCONOCIDA
2312,2020-10-01,2023-08-31,9,FACULTAD DE CIENCIAS SOCIALES Y HUMANÍSTICAS
2312,2011-05-18,2016-12-31,7,DESCONOCIDA
2312,2017-01-01,2020-09-30,5,FACULTAD DE CIENCIAS NATURALES Y MATEMÁTICAS
2312,2024-03-11,2026-07-31,8,FACULTAD DE CIENCIAS SOCIALES Y HUMANÍSTICAS
2350,2005-03-01,2005-12-30,1,DESCONOCIDA
2370,2002-10-19,2014-12-31,6,DESCONOCIDA
2370,2015-01-01,,41,GERENCIA FINANCIERA
2378,2006-08-17,2006-12-31,1,DESCONOCIDA
2378,2008-08-17,2014-12-31,5,DESCONOCIDA
2378,2015-01-01,,52,DIRECCIÓN DE TALENTO HUMANO
2378,2015-07-01,2016-03-01,3,RECTORADO
2380,2006-02-01,2014-12-31,10,DESCONOCIDA
2380,2015-01-01,,53,GERENCIA DE TECNOLOGÍAS Y SISTEMAS DE INFORMACIÓN
2390,2000-10-01,2003-12-30,7,DESCONOCIDA
2390,2004-10-18,2005-04-30,3,DESCONOCIDA
2390,2005-05-16,2005-09-24,6,DESCONOCIDA
2390,2005-10-17,2006-04-29,8,DESCONOCIDA
2390,2006-10-12,2007-03-06,2,DESCONOCIDA
2390,2007-04-27,2007-09-22,2,DESCONOCIDA
2390,2007-10-09,2008-03-05,4,DESCONOCIDA
2390,2008-04-01,2016-12-31,14,DESCONOCIDA
2390,2017-01-01,2017-12-31,1,ESCUELA DE DISEÑO Y COMUNICACIÓN VISUAL
2390,2018-01-01,2024-11-30,15,FACULTAD DE CIENCIAS SOCIALES Y HUMANÍSTICAS
2391,2015-01-01,2022-11-07,13,UNIDAD DE BIENESTAR ESTUDIANTIL Y POLITÉCNICO
2391,2022-11-10,2022-11-10,1,UNIDAD DE BIENESTAR ESTUDIANTIL Y POLITÉCNICO
2391,2022-11-16,2022-11-16,1,UNIDAD DE BIENESTAR ESTUDIANTIL Y POLITÉCNICO
2391,2022-11-23,2022-12-02,1,UNIDAD DE BIENESTAR ESTUDIANTIL Y POLITÉCNICO
2391,2022-12-05,2022-12-05,1,UNIDAD DE BIENESTAR ESTUDIANTIL Y POLITÉCNICO
2391,1999-06-03,2014-12-31,6,DESCONOCIDA
2391,2022-12-27,2022-12-30,1,UNIDAD DE BIENESTAR ESTUDIANTIL Y POLITÉCNICO
2391,2022-11-08,,24,GERENCIA DE BIENESTAR POLITÉCNICO
2397,2001-10-10,2015-12-31,14,DESCONOCIDA
2397,2017-01-01,2018-12-31,2,DESCONOCIDA
2397,2016-01-01,2016-12-31,1,ESCUELA DE DISEÑO Y COMUNICACIÓN VISUAL
2397,2019-01-01,,23,"FACULTAD DE ARTE, DISEÑO Y COMUNICACIÓN AUDIOVISUAL"
2419,2002-05-20,2002-09-27,1,DESCONOCIDA
2419,2003-05-19,2003-09-27,1,DESCONOCIDA
2419,2003-10-20,2004-03-08,1,DESCONOCIDA
2419,2004-05-17,2004-09-25,2,DESCONOCIDA
2419,2004-10-18,2005-03-08,1,DESCONOCIDA
2419,2005-05-16,2005-09-24,1,DESCONOCIDA
2419,2006-05-15,2006-09-23,2,DESCONOCIDA
2419,2006-10-17,2007-03-06,2,DESCONOCIDA
2419,2007-05-14,2007-09-22,3,DESCONOCIDA
2419,2007-10-15,2008-03-05,2,DESCONOCIDA
2419,2008-05-19,2008-09-26,2,DESCONOCIDA
2419,2008-10-13,2009-03-02,1,DESCONOCIDA
2419,2009-05-18,2009-09-25,1,DESCONOCIDA
2419,2009-10-12,2010-03-02,2,DESCONOCIDA
2419,2011-09-25,2012-05-16,1,DESCONOCIDA
2419,2013-05-13,2013-09-20,1,DESCONOCIDA
2419,2013-10-14,2013-12-31,1,DESCONOCIDA
2419,2014-05-12,2014-10-03,1,DESCONOCIDA
2419,2014-10-20,2015-03-13,2,DESCONOCIDA
2419,2017-01-01,2020-02-21,4,FACULTAD DE CIENCIAS SOCIALES Y HUMANÍSTICAS
2419,2021-03-29,2026-02-13,18,FACULTAD DE CIENCIAS SOCIALES Y HUMANÍSTICAS
2419,2015-05-01,2016-12-31,1,DESCONOCIDA
2419,2026-03-09,,1,FACULTAD DE CIENCIAS SOCIALES Y HUMANÍSTICAS
2432,2016-01-01,2016-12-31,1,FACULTAD DE CIENCIAS SOCIALES Y HUMANÍSTICAS
2432,2019-01-01,2019-12-31,1,FACULTAD DE CIENCIAS SOCIALES Y HUMANÍSTICAS
2432,2017-01-01,2018-12-31,2,DESCONOCIDA
2432,2020-01-01,,31,DIRECCIÓN DE SERVICIOS GENERALES
2455,2002-04-01,2014-12-31,18,DESCONOCIDA
2455,2015-02-02,2015-02-11,1,DESCONOCIDA
2455,2015-07-07,2015-07-11,1,DESCONOCIDA
2455,2015-08-25,2015-08-25,1,DESCONOCIDA
2455,2016-08-29,2016-09-09,1,DESCONOCIDA
2455,2016-10-17,2016-10-22,1,DESCONOCIDA
2455,2017-03-20,2017-04-13,1,DESCONOCIDA
2455,2018-01-29,2018-03-01,1,DESCONOCIDA
2455,2018-06-28,2018-07-20,1,DESCONOCIDA
2455,2020-10-12,2020-10-15,1,DESCONOCIDA
2455,2021-03-22,2021-04-01,1,DESCONOCIDA
2455,2021-08-10,2021-10-08,1,DESCONOCIDA
2455,2021-10-14,2021-10-27,1,DESCONOCIDA
2455,2015-01-01,,68,GERENCIA DE TECNOLOGÍAS Y SISTEMAS DE INFORMACIÓN
2455,2015-09-08,2015-09-22,1,GERENCIA FINANCIERA
2455,2018-03-02,2018-03-02,1,VICERRECTORADO ACADÉMICO
2487,2024-05-13,2024-09-20,1,DIRECCIÓN DE ADMISIONES
2487,2024-09-23,,5,DIRECCIÓN DE ADMISIONES
2497,1999-05-02,2015-12-31,6,DESCONOCIDA
2497,2017-01-01,2018-12-31,2,DESCONOCIDA
2497,2016-01-01,2016-12-31,1,VICERRECTORADO ACADÉMICO
2497,2019-01-01,,26,RECTORADO
2498,2015-01-01,2015-03-13,1,FACULTAD DE CIENCIAS NATURALES Y MATEMÁTICAS
2498,2015-05-01,2016-12-31,1,FACULTAD DE CIENCIAS NATURALES Y MATEMÁTICAS
2498,2017-01-03,2017-03-17,1,DESCONOCIDA
2498,2022-01-03,2022-02-18,1,FACULTAD DE CIENCIAS SOCIALES Y HUMANÍSTICAS
2516,2005-02-14,2005-05-06,1,DESCONOCIDA
2516,2005-05-16,2005-09-28,2,DESCONOCIDA
2516,2005-10-17,2006-05-12,3,DESCONOCIDA
2516,2006-05-15,2006-09-23,2,DESCONOCIDA
2516,2006-10-17,2007-09-22,6,DESCONOCIDA
2516,2007-10-15,2008-03-05,3,DESCONOCIDA
2516,2008-03-10,2008-05-10,1,DESCONOCIDA
2516,2008-05-19,2008-09-26,2,DESCONOCIDA
2516,2008-10-13,2009-05-05,2,DESCONOCIDA
2516,2010-01-11,2010-05-11,1,DESCONOCIDA
2516,2011-06-01,2014-10-31,4,DESCONOCIDA
2516,2021-05-01,2021-05-01,1,DESCONOCIDA
2516,2014-11-01,,19,FACULTAD DE CIENCIAS NATURALES Y MATEMÁTICAS
2516,2016-05-02,2021-05-02,6,DIRECCIÓN DE ADMISIONES
2516,2021-05-03,2022-11-12,3,DECANATO DE GRADO
2524,2015-05-01,2016-12-31,1,FACULTAD DE INGENIERÍA EN ELECTRICIDAD Y COMPUTACIÓN
2524,2017-03-28,2017-03-31,1,FACULTAD DE INGENIERÍA EN ELECTRICIDAD Y COMPUTACIÓN
2524,2018-01-01,,24,FACULTAD DE INGENIERÍA EN ELECTRICIDAD Y COMPUTACIÓN
2524,2017-01-01,2017-12-31,1,DESCONOCIDA
2535,2015-01-01,2022-11-14,10,GERENCIA DE COMUNICACIÓN SOCIAL Y ASUNTOS PÚBLICOS
2535,2022-12-27,2022-12-30,1,GERENCIA DE COMUNICACIÓN SOCIAL Y ASUNTOS PÚBLICOS
2535,2023-02-01,2023-02-03,1,GERENCIA DE COMUNICACIÓN SOCIAL Y ASUNTOS PÚBLICOS
2535,2023-03-08,2023-03-08,1,GERENCIA DE COMUNICACIÓN SOCIAL Y ASUNTOS PÚBLICOS
2535,2001-07-16,2014-12-31,8,DESCONOCIDA
2535,2023-04-03,2023-04-17,1,GERENCIA DE COMUNICACIÓN SOCIAL Y ASUNTOS PÚBLICOS
2535,2022-11-08,,41,GERENCIA DE COMUNICACIÓN
2544,2001-02-05,2004-12-30,5,DESCONOCIDA
2544,2006-03-01,2009-02-28,4,DESCONOCIDA
2544,2012-10-22,2014-12-31,3,DESCONOCIDA
2544,2015-06-01,2015-10-18,1,GERENCIA DE TECNOLOGÍAS Y SISTEMAS DE INFORMACIÓN
2544,2015-10-19,2016-01-18,2,DESCONOCIDA
2544,2016-01-19,,43,GERENCIA DE TECNOLOGÍAS Y SISTEMAS DE INFORMACIÓN
2546,2024-07-29,2024-09-20,1,FACULTAD DE CIENCIAS NATURALES Y MATEMÁTICAS
2562,2008-01-01,2011-12-31,5,DESCONOCIDA
2562,2015-01-01,,33,FACULTAD DE CIENCIAS DE LA VIDA
2562,2021-02-08,2021-08-08,1,FACULTAD DE CIENCIAS NATURALES Y MATEMÁTICAS
2567,2007-05-01,2007-08-31,1,DESCONOCIDA
2567,2010-01-01,2013-12-31,3,DESCONOCIDA
2567,2014-03-01,2014-12-31,1,DESCONOCIDA
2567,2015-01-01,2016-10-31,2,GERENCIA DE TECNOLOGÍAS Y SISTEMAS DE INFORMACIÓN
2567,2016-11-01,2017-01-31,2,DESCONOCIDA
2567,2020-09-30,2020-09-30,1,DESCONOCIDA
2567,2017-02-01,2023-12-01,38,GERENCIA DE TECNOLOGÍAS Y SISTEMAS DE INFORMACIÓN
2569,2009-05-01,2010-12-31,2,DESCONOCIDA
2569,2021-10-04,2022-02-18,2,FACULTAD DE INGENIERÍA MECÁNICA Y CIENCIAS DE LA PRODUCCIÓN
2569,2022-05-16,2022-09-23,1,FACULTAD DE INGENIERÍA MECÁNICA Y CIENCIAS DE LA PRODUCCIÓN
2569,2022-10-03,2023-02-17,2,FACULTAD DE INGENIERÍA MECÁNICA Y CIENCIAS DE LA PRODUCCIÓN
2569,2011-04-01,2011-12-31,2,DESCONOCIDA
2569,2012-01-01,2026-07-20,56,CENTRO DE ENERGÍAS RENOVABLES Y ALTERNATIVAS
2569,2014-07-04,2015-04-08,1,FACULTAD DE INGENIERÍA MARÍTIMA Y CIENCIAS DEL MAR
2569,2023-06-01,2026-07-19,4,FACULTAD DE INGENIERÍA MECÁNICA Y CIENCIAS DE LA PRODUCCIÓN
2569,2026-07-20,,1,FACULTAD DE INGENIERÍA EN ELECTRICIDAD Y COMPUTACIÓN
2593,2023-09-20,2023-12-31,1,DIRECCIÓN DE ADMISIONES
2608,2025-05-12,2026-02-13,4,FACULTAD DE CIENCIAS NATURALES Y MATEMÁTICAS
2608,2026-05-11,,2,FACULTAD DE CIENCIAS NATURALES Y MATEMÁTICAS
2612,2001-03-20,2001-12-30,3,DESCONOCIDA
2612,2003-05-16,2004-08-15,5,DESCONOCIDA
2612,2005-07-01,2005-09-30,1,DESCONOCIDA
2612,2015-01-01,2018-07-12,2,DIRECCIÓN DE SERVICIOS GENERALES
2612,2018-09-24,2018-09-26,1,DIRECCIÓN DE SERVICIOS GENERALES
2612,2018-10-29,2018-10-30,1,DIRECCIÓN DE SERVICIOS GENERALES
2612,2019-03-25,2019-03-29,1,DIRECCIÓN DE SERVICIOS GENERALES
2612,2008-11-01,2014-12-31,4,DESCONOCIDA
2612,2019-06-13,2019-06-27,1,DIRECCIÓN DE SERVICIOS GENERALES
2612,2018-07-13,,58,DECANATO DE POSGRADO
2626,2016-01-15,2017-03-31,2,DESCONOCIDA
2626,2017-04-01,,46,DIRECCIÓN DE LA SECRETARÍA TÉCNICA ACADEMICA
2637,2015-03-01,2025-12-02,14,FACULTAD DE INGENIERÍA EN ELECTRICIDAD Y COMPUTACIÓN
2637,2013-05-13,2015-02-28,2,DESCONOCIDA
2637,2025-12-05,,4,FACULTAD DE INGENIERÍA EN ELECTRICIDAD Y COMPUTACIÓN
2651,2009-01-05,2009-03-02,1,DESCONOCIDA
2651,2009-05-18,2009-09-25,1,DESCONOCIDA
2651,2009-10-12,2010-03-02,2,DESCONOCIDA
2651,2015-01-01,2015-03-13,1,FACULTAD DE CIENCIAS SOCIALES Y HUMANÍSTICAS
2651,2015-05-11,2015-10-02,1,FACULTAD DE CIENCIAS SOCIALES Y HUMANÍSTICAS
2651,2014-05-12,2014-10-03,1,DESCONOCIDA
2651,2015-10-19,2016-02-28,1,FACULTAD DE CIENCIAS SOCIALES Y HUMANÍSTICAS
2651,2016-10-10,2017-03-17,2,FACULTAD DE CIENCIAS SOCIALES Y HUMANÍSTICAS
2651,2017-07-03,2017-09-22,1,FACULTAD DE CIENCIAS SOCIALES Y HUMANÍSTICAS
2651,2018-06-01,2018-09-21,1,FACULTAD DE CIENCIAS SOCIALES Y HUMANÍSTICAS
2651,2018-10-01,2019-02-22,2,FACULTAD DE CIENCIAS SOCIALES Y HUMANÍSTICAS
2651,2016-05-02,2016-09-23,1,DESCONOCIDA
2651,2019-05-13,2019-09-20,1,FACULTAD DE CIENCIAS SOCIALES Y HUMANÍSTICAS
2655,2016-04-01,2022-06-06,11,FACULTAD DE CIENCIAS NATURALES Y MATEMÁTICAS
2657,2022-05-16,2022-09-23,1,FACULTAD DE CIENCIAS SOCIALES Y HUMANÍSTICAS
2663,2016-10-17,2016-12-31,1,DESCONOCIDA
2663,2017-01-01,2020-02-21,5,FACULTAD DE CIENCIAS NATURALES Y MATEMÁTICAS
2663,2021-06-01,2021-08-31,1,DIRECCIÓN DE ADMISIONES
2693,2003-07-18,2004-08-30,4,DESCONOCIDA
2693,2006-05-01,2006-06-30,1,DESCONOCIDA
2693,2015-01-01,2022-10-31,12,GERENCIA DE COMUNICACIÓN SOCIAL Y ASUNTOS PÚBLICOS
2693,2022-11-08,2022-11-09,1,GERENCIA DE COMUNICACIÓN SOCIAL Y ASUNTOS PÚBLICOS
2693,2006-12-07,2014-12-31,6,DESCONOCIDA
2693,2022-12-27,2023-01-06,1,GERENCIA DE COMUNICACIÓN SOCIAL Y ASUNTOS PÚBLICOS
2693,2022-11-01,,18,GERENCIA DE COMUNICACIÓN
2696,2010-05-17,2011-05-16,1,DESCONOCIDA
2696,2013-05-13,2013-09-20,1,DESCONOCIDA
2696,2013-10-14,2013-12-31,1,DESCONOCIDA
2696,2015-01-01,2015-03-13,1,FACULTAD DE CIENCIAS SOCIALES Y HUMANÍSTICAS
2696,2015-05-11,2015-10-02,1,FACULTAD DE CIENCIAS SOCIALES Y HUMANÍSTICAS
2696,2014-10-20,2014-12-31,1,DESCONOCIDA
2696,2015-10-19,2016-02-26,1,FACULTAD DE CIENCIAS SOCIALES Y HUMANÍSTICAS
2696,2016-05-02,2016-09-23,1,DESCONOCIDA
2696,2016-10-10,,28,FACULTAD DE CIENCIAS SOCIALES Y HUMANÍSTICAS
2701,2006-04-01,2008-05-31,2,DESCONOCIDA
2701,2011-05-16,2011-09-24,1,DESCONOCIDA
2701,2015-05-01,2016-12-31,1,FACULTAD DE INGENIERÍA MECÁNICA Y CIENCIAS DE LA PRODUCCIÓN
2701,2017-01-01,2017-12-31,1,DESCONOCIDA
2701,2018-01-01,,19,FACULTAD DE INGENIERÍA MECÁNICA Y CIENCIAS DE LA PRODUCCIÓN
2701,2023-03-06,2023-03-08,1,DECANATO DE VINCULACIÓN
2704,2006-08-01,2007-07-30,1,DESCONOCIDA
2704,2015-01-01,2016-03-01,4,DIRECCIÓN DE TALENTO HUMANO
2704,2018-04-03,2018-04-09,1,DIRECCIÓN DE TALENTO HUMANO
2704,2018-09-13,2018-09-18,1,DIRECCIÓN DE TALENTO HUMANO
2704,2019-01-02,2019-01-08,1,DIRECCIÓN DE TALENTO HUMANO
2704,2019-01-16,2019-01-18,1,DIRECCIÓN DE TALENTO HUMANO
2704,2008-08-01,2020-11-01,12,DESCONOCIDA
2704,2019-03-18,2019-03-31,1,DIRECCIÓN DE TALENTO HUMANO
2704,2020-02-26,2020-03-03,1,UNIDAD DE VINCULACIÓN CON LA SOCIEDAD
2710,2020-10-12,2021-05-15,2,FACULTAD DE INGENIERÍA EN CIENCIAS DE LA TIERRA
2735,2006-05-13,2008-06-30,4,DESCONOCIDA
2735,2014-01-13,2014-12-31,1,DESCONOCIDA
2735,2015-01-01,2015-05-31,1,GERENCIA DE PLANIFICACIÓN ESTRATÉGICA
2735,2015-06-01,2015-10-18,2,DESCONOCIDA
2735,2016-03-01,2016-03-06,1,DESCONOCIDA
2735,2016-04-25,2016-05-13,1,DESCONOCIDA
2735,2015-10-19,,60,GERENCIA DE PLANIFICACIÓN ESTRATÉGICA
2748,2005-04-01,2015-03-13,24,DESCONOCIDA
2748,2015-05-11,2015-10-02,1,DESCONOCIDA
2748,2015-10-19,2016-02-28,1,DESCONOCIDA
2748,2015-01-01,,42,DECANATO DE POSGRADO
2751,1999-05-27,2015-12-31,15,DESCONOCIDA
2751,2016-01-01,2016-12-31,1,DIRECCIÓN DE SERVICIOS GENERALES
2751,2017-01-01,2018-12-31,2,DESCONOCIDA
2751,2019-01-01,,26,DIRECCIÓN DE SERVICIOS GENERALES
2753,2016-03-01,2016-12-31,1,DESCONOCIDA
2753,2017-01-01,2019-01-23,3,"FACULTAD DE INGENIERIA MARÍTIMA, CIENCIAS BIOLÓGICAS, OCEÁNICAS Y RECURSOS NATURALES"
2753,2019-01-24,,26,FACULTAD DE INGENIERÍA MARÍTIMA Y CIENCIAS DEL MAR
2755,2004-05-01,2005-04-30,3,DESCONOCIDA
2755,2005-05-15,2005-09-24,1,DESCONOCIDA
2755,2005-10-17,2006-03-03,1,DESCONOCIDA
2755,2006-05-15,2006-09-23,1,DESCONOCIDA
2755,2008-05-19,2008-09-26,1,DESCONOCIDA
2755,2011-05-15,2012-05-17,2,DESCONOCIDA
2755,2014-10-01,2016-07-31,4,DESCONOCIDA
2755,2016-08-01,2025-11-15,19,FACULTAD DE CIENCIAS NATURALES Y MATEMÁTICAS
2803,2016-02-01,2016-06-06,1,FACULTAD DE INGENIERÍA EN ELECTRICIDAD Y COMPUTACIÓN
2803,2014-07-01,2014-12-31,1,DESCONOCIDA
2803,2015-01-01,2016-01-31,1,CENTRO DE TECNOLOGÍAS DE LA INFORMACIÓN
2803,2017-10-01,,24,FACULTAD DE INGENIERÍA EN ELECTRICIDAD Y COMPUTACIÓN
2815,2023-05-15,,11,FACULTAD DE INGENIERÍA MECÁNICA Y CIENCIAS DE LA PRODUCCIÓN
2823,2009-06-01,2010-12-31,2,DESCONOCIDA
2823,2011-04-01,2014-12-31,3,DESCONOCIDA
2823,2015-01-01,2019-01-23,3,"FACULTAD DE INGENIERIA MARÍTIMA, CIENCIAS BIOLÓGICAS, OCEÁNICAS Y RECURSOS NATURALES"
2823,2021-04-05,2021-04-19,1,FACULTAD DE INGENIERÍA MARÍTIMA Y CIENCIAS DEL MAR
2823,2019-01-24,2021-11-30,1,DESCONOCIDA
2823,2019-03-11,2019-04-09,1,"FACULTAD DE INGENIERIA MARÍTIMA, CIENCIAS BIOLÓGICAS, OCEÁNICAS Y RECURSOS NATURALES"
2823,2021-12-01,,23,FACULTAD DE INGENIERÍA MARÍTIMA Y CIENCIAS DEL MAR
2824,2018-05-01,2021-09-30,8,FACULTAD DE CIENCIAS NATURALES Y MATEMÁTICAS
2830,2014-05-01,2017-03-06,10,FACULTAD DE CIENCIAS NATURALES Y MATEMÁTICAS
2830,2019-02-27,2019-02-28,1,FACULTAD DE CIENCIAS NATURALES Y MATEMÁTICAS
2830,2019-10-01,2020-04-01,2,FACULTAD DE CIENCIAS NATURALES Y MATEMÁTICAS
2830,2022-03-10,2022-03-11,1,FACULTAD DE CIENCIAS NATURALES Y MATEMÁTICAS
2830,2022-12-27,2022-12-30,1,FACULTAD DE CIENCIAS NATURALES Y MATEMÁTICAS
2830,2023-04-19,2023-05-12,1,FACULTAD DE CIENCIAS NATURALES Y MATEMÁTICAS
2830,2023-09-15,2023-09-29,1,FACULTAD DE CIENCIAS NATURALES Y MATEMÁTICAS
2830,2023-12-26,2023-12-29,1,FACULTAD DE CIENCIAS NATURALES Y MATEMÁTICAS
2830,2024-12-26,2024-12-31,1,FACULTAD DE CIENCIAS NATURALES Y MATEMÁTICAS
2830,2025-02-17,2025-03-18,1,FACULTAD DE CIENCIAS NATURALES Y MATEMÁTICAS
2830,2025-12-26,2025-12-31,1,FACULTAD DE CIENCIAS NATURALES Y MATEMÁTICAS
2830,2026-04-16,2026-04-21,1,FACULTAD DE CIENCIAS NATURALES Y MATEMÁTICAS
2830,2009-07-01,2014-04-30,5,DESCONOCIDA
2830,2026-07-04,,3,FACULTAD DE CIENCIAS NATURALES Y MATEMÁTICAS
2834,2007-10-15,2008-03-05,1,DESCONOCIDA
2834,2010-10-11,2010-12-31,1,DESCONOCIDA
2834,2011-05-16,2015-10-18,6,DESCONOCIDA
2834,2015-10-19,,21,FACULTAD DE INGENIERÍA MECÁNICA Y CIENCIAS DE LA PRODUCCIÓN
2834,2023-10-02,,21,GERENCIA DE INFRAESTRUCTURA FÍSICA
2843,2005-01-01,2007-12-31,3,DESCONOCIDA
2843,2012-01-01,2014-12-31,3,DESCONOCIDA
2843,2015-01-01,2016-04-30,2,GERENCIA ADMINISTRATIVA
2843,2016-05-01,2016-07-31,2,DESCONOCIDA
2843,2016-08-01,2024-10-06,26,GERENCIA ADMINISTRATIVA
2843,2024-10-07,,5,DIRECCIÓN DE SERVICIOS GENERALES
2844,2015-10-01,2017-12-31,2,DESCONOCIDA
2844,2018-01-01,2025-10-02,19,FACULTAD DE CIENCIAS NATURALES Y MATEMÁTICAS
2846,2000-08-01,2002-12-30,3,DESCONOCIDA
2846,2003-05-02,2003-06-02,1,DESCONOCIDA
2846,2017-12-01,2022-11-13,11,FACULTAD DE INGENIERÍA EN ELECTRICIDAD Y COMPUTACIÓN
2846,2022-11-14,,22,RECTORADO
2850,2011-05-17,2012-05-16,2,DESCONOCIDA
2850,2023-05-15,,13,FACULTAD DE INGENIERÍA EN CIENCIAS DE LA TIERRA
2857,2000-11-30,2005-06-30,53,DESCONOCIDA
2857,2005-08-01,2018-01-16,6,DESCONOCIDA
2857,2018-01-17,,44,GERENCIA FINANCIERA
2888,2024-09-30,,7,ESCUELA DE POSTGRADO EN ADMINISTRACIÓN DE EMPRESAS
2904,2005-12-01,2014-12-31,5,DESCONOCIDA
2904,2015-01-01,,44,GERENCIA FINANCIERA
2930,2025-09-29,2026-02-13,2,FACULTAD DE INGENIERÍA EN ELECTRICIDAD Y COMPUTACIÓN
2950,2007-10-15,2008-03-05,1,DESCONOCIDA
2950,2008-05-19,2008-09-26,2,DESCONOCIDA
2950,2008-10-13,2009-03-02,1,DESCONOCIDA
2950,2017-04-10,2017-12-31,1,FACULTAD DE CIENCIAS NATURALES Y MATEMÁTICAS
2950,2009-05-18,2012-05-17,4,DESCONOCIDA
2950,2019-01-01,,19,FACULTAD DE CIENCIAS NATURALES Y MATEMÁTICAS
2950,2018-01-01,2018-12-31,1,DIRECCIÓN DE ADMISIONES
2957,2018-06-01,2023-10-02,14,GERENCIA ADMINISTRATIVA
2962,2019-05-07,2019-05-10,1,DESCONOCIDA
2962,2019-09-23,2019-09-26,1,DESCONOCIDA
2962,2020-03-02,2020-03-29,2,DESCONOCIDA
2962,2022-03-02,2022-03-11,1,GERENCIA ADMINISTRATIVA
2962,2023-03-13,2023-03-19,1,GERENCIA ADMINISTRATIVA
2962,2025-03-27,2025-04-04,1,GERENCIA ADMINISTRATIVA
2962,2025-04-30,2025-04-30,1,GERENCIA ADMINISTRATIVA
2962,2025-12-11,2025-12-11,1,GERENCIA ADMINISTRATIVA
2962,2018-11-01,2023-10-02,8,DIRECCIÓN DE SERVICIOS GENERALES
2962,2021-06-14,2021-06-21,1,DESCONOCIDA
2962,2026-01-16,2026-01-20,1,GERENCIA ADMINISTRATIVA
2962,2024-09-18,,2,DIRECCION DE SEGURIDAD FISICA
2966,2015-10-08,2016-09-23,1,FACULTAD DE INGENIERÍA EN CIENCIAS DE LA TIERRA
2966,2022-10-03,2023-05-13,3,FACULTAD DE INGENIERÍA EN CIENCIAS DE LA TIERRA
3000,2003-06-23,2003-12-22,2,DESCONOCIDA
3000,2004-01-01,2004-08-30,2,DESCONOCIDA
3000,2006-03-01,2014-12-31,8,DESCONOCIDA
3000,2017-01-01,2017-12-31,1,DESCONOCIDA
3000,2015-01-01,2023-12-01,30,GERENCIA FINANCIERA
3009,2009-01-01,2015-12-31,7,DESCONOCIDA
3009,2016-01-01,2016-12-31,1,CENTRO DE INVESTIGACIONES BIOTECNOLÓGICAS DEL ECUADOR
3009,2017-01-01,2018-12-31,2,DESCONOCIDA
3009,2019-01-01,,22,CENTRO DE INVESTIGACIONES BIOTECNOLÓGICAS DEL ECUADOR
3015,2022-10-03,2023-02-19,3,FACULTAD DE INGENIERÍA EN ELECTRICIDAD Y COMPUTACIÓN
3017,2023-06-01,,11,ESCUELA DE POSTGRADO EN ADMINISTRACIÓN DE EMPRESAS
3025,2023-09-20,2023-12-31,1,DIRECCIÓN DE ADMISIONES
3057,2009-03-01,2010-12-31,2,DESCONOCIDA
3057,2011-07-01,2012-02-29,1,DESCONOCIDA
3057,2012-05-14,2013-12-31,2,DESCONOCIDA
3057,2014-10-01,2014-12-31,1,DESCONOCIDA
3057,2015-01-01,2016-12-31,3,FACULTAD DE INGENIERÍA EN CIENCIAS DE LA TIERRA
3057,2017-01-01,2017-12-31,1,DESCONOCIDA
3057,2018-01-01,,40,FACULTAD DE INGENIERÍA EN CIENCIAS DE LA TIERRA
3060,2022-05-16,2022-09-23,1,FACULTAD DE CIENCIAS SOCIALES Y HUMANÍSTICAS
3060,2022-10-04,,16,FACULTAD DE CIENCIAS SOCIALES Y HUMANÍSTICAS
3078,2008-10-13,2009-03-02,1,DESCONOCIDA
3078,2009-05-18,2009-09-25,1,DESCONOCIDA
3078,2009-10-12,2010-03-02,2,DESCONOCIDA
3078,2018-05-01,2019-12-31,2,FACULTAD DE CIENCIAS NATURALES Y MATEMÁTICAS
3078,2010-05-17,2011-05-16,1,DESCONOCIDA
3078,2020-02-22,,23,FACULTAD DE CIENCIAS NATURALES Y MATEMÁTICAS
3078,2020-01-01,2020-02-21,1,DIRECCIÓN DE ADMISIONES
3088,2013-02-01,2014-12-31,1,DESCONOCIDA
3088,2015-01-01,2015-01-31,1,GERENCIA FINANCIERA
3088,2015-02-01,2017-04-30,2,CENTRO NACIONAL DE ACUICULTURA E INVESTIGACIONES MARINAS
3088,2017-05-01,2023-02-09,7,GERENCIA FINANCIERA
3088,2016-01-01,2017-12-31,2,DESCONOCIDA
3088,2023-10-17,,25,GERENCIA FINANCIERA
3088,2022-04-11,2023-10-16,5,CENTRO NACIONAL DE ACUICULTURA E INVESTIGACIONES MARINAS
3093,2008-10-13,2009-03-02,1,DESCONOCIDA
3093,2009-04-01,2009-04-30,1,DESCONOCIDA
3093,2009-05-18,2011-05-30,3,DESCONOCIDA
3093,2011-06-01,2011-09-24,1,FACULTAD DE CIENCIAS SOCIALES Y HUMANÍSTICAS
3093,2011-09-25,2013-03-31,1,DESCONOCIDA
3093,2013-01-01,,22,FACULTAD DE CIENCIAS SOCIALES Y HUMANÍSTICAS
3095,2021-01-01,,16,FACULTAD DE CIENCIAS NATURALES Y MATEMÁTICAS
3095,2022-08-15,2022-08-19,1,GERENCIA DE TECNOLOGÍAS Y SISTEMAS DE INFORMACIÓN
3097,2012-12-01,2015-03-13,5,DESCONOCIDA
3097,2015-05-11,2015-10-02,1,DESCONOCIDA
3097,2016-10-10,2017-03-17,2,FACULTAD DE CIENCIAS SOCIALES Y HUMANÍSTICAS
3097,2017-05-02,2017-09-22,1,FACULTAD DE CIENCIAS SOCIALES Y HUMANÍSTICAS
3097,2017-10-04,2018-03-02,2,FACULTAD DE CIENCIAS SOCIALES Y HUMANÍSTICAS
3097,2015-01-01,2017-11-28,5,RECTORADO
3097,2018-05-02,2018-09-21,1,FACULTAD DE CIENCIAS SOCIALES Y HUMANÍSTICAS
3097,2019-01-01,2019-02-22,1,FACULTAD DE CIENCIAS SOCIALES Y HUMANÍSTICAS
3097,2019-05-13,2019-09-20,1,FACULTAD DE CIENCIAS SOCIALES Y HUMANÍSTICAS
3097,2019-10-01,2020-02-21,2,FACULTAD DE CIENCIAS SOCIALES Y HUMANÍSTICAS
3097,2020-06-01,2021-02-19,2,FACULTAD DE CIENCIAS SOCIALES Y HUMANÍSTICAS
3097,2016-05-02,2016-09-23,1,DESCONOCIDA
3097,2018-10-01,2018-12-31,1,RECTORADO
3097,2021-05-17,2024-05-16,12,FACULTAD DE CIENCIAS SOCIALES Y HUMANÍSTICAS
3108,2008-10-01,2014-12-31,10,DESCONOCIDA
3108,2015-01-01,,45,GERENCIA FINANCIERA
3130,2012-05-14,2013-05-13,1,DESCONOCIDA
3130,2014-10-01,2016-12-31,2,DESCONOCIDA
3130,2017-01-01,,33,FACULTAD DE CIENCIAS NATURALES Y MATEMÁTICAS
3131,2014-10-01,2015-12-31,1,FACULTAD DE CIENCIAS SOCIALES Y HUMANÍSTICAS
3131,2024-11-05,,7,ESCUELA DE POSTGRADO EN ADMINISTRACIÓN DE EMPRESAS
3160,2015-10-01,2016-12-31,1,FACULTAD DE CIENCIAS SOCIALES Y HUMANÍSTICAS
3160,2018-01-01,2018-12-31,1,FACULTAD DE CIENCIAS SOCIALES Y HUMANÍSTICAS
3160,2019-01-02,2019-02-22,1,FACULTAD DE CIENCIAS SOCIALES Y HUMANÍSTICAS
3160,2019-05-13,2019-09-20,1,FACULTAD DE CIENCIAS SOCIALES Y HUMANÍSTICAS
3160,2021-05-17,2021-09-24,1,FACULTAD DE CIENCIAS SOCIALES Y HUMANÍSTICAS
3160,2021-10-04,2022-02-18,3,FACULTAD DE CIENCIAS SOCIALES Y HUMANÍSTICAS
3160,2022-05-16,2022-09-23,1,FACULTAD DE CIENCIAS SOCIALES Y HUMANÍSTICAS
3160,2022-10-03,,19,FACULTAD DE CIENCIAS SOCIALES Y HUMANÍSTICAS
3160,2017-01-01,2017-12-31,1,DESCONOCIDA
3160,2019-01-02,2023-05-01,17,CENTRO DE INFORMACIÓN BIBLIOTECARIA
3165,2025-06-02,2025-09-21,1,FACULTAD DE INGENIERÍA EN CIENCIAS DE LA TIERRA
3165,2026-05-11,,1,FACULTAD DE INGENIERÍA EN CIENCIAS DE LA TIERRA
3198,2023-09-25,2024-02-16,3,FACULTAD DE INGENIERÍA EN CIENCIAS DE LA TIERRA
3198,2024-02-19,2025-02-14,4,FACULTAD DE INGENIERÍA EN CIENCIAS DE LA TIERRA
3198,2025-05-12,2026-02-13,4,FACULTAD DE INGENIERÍA EN CIENCIAS DE LA TIERRA
3208,2015-05-01,2015-12-31,1,FACULTAD DE CIENCIAS NATURALES Y MATEMÁTICAS
3208,2018-01-01,2023-02-28,11,FACULTAD DE CIENCIAS NATURALES Y MATEMÁTICAS
3208,2023-05-15,2023-09-19,1,FACULTAD DE CIENCIAS NATURALES Y MATEMÁTICAS
3208,2016-01-01,2017-12-31,2,DESCONOCIDA
3218,2016-10-17,2016-12-31,1,DIRECCIÓN DE ADMISIONES
3218,2018-01-01,2019-12-31,3,DIRECCIÓN DE ADMISIONES
3218,2020-02-03,2020-05-31,1,DIRECCIÓN DE ADMISIONES
3218,2021-05-25,2021-12-31,1,DIRECCIÓN DE ADMISIONES
3218,2017-01-01,2017-12-31,1,FACULTAD DE CIENCIAS NATURALES Y MATEMÁTICAS
3218,2023-05-29,2024-05-12,2,DIRECCIÓN DE ADMISIONES
3218,2024-05-13,,9,FACULTAD DE CIENCIAS NATURALES Y MATEMÁTICAS
3235,2011-05-16,2014-09-30,4,DESCONOCIDA
3235,2014-10-01,2015-12-31,2,FACULTAD DE INGENIERÍA EN ELECTRICIDAD Y COMPUTACIÓN
3235,2016-01-01,2016-12-31,1,DESCONOCIDA
3235,2017-01-01,,26,FACULTAD DE INGENIERÍA EN ELECTRICIDAD Y COMPUTACIÓN
3246,2015-10-01,2016-12-31,1,FACULTAD DE CIENCIAS SOCIALES Y HUMANÍSTICAS
3246,2018-01-01,2021-12-31,8,FACULTAD DE CIENCIAS SOCIALES Y HUMANÍSTICAS
3246,2023-09-25,2025-02-14,7,FACULTAD DE CIENCIAS SOCIALES Y HUMANÍSTICAS
3246,2025-05-05,2026-02-13,3,FACULTAD DE CIENCIAS SOCIALES Y HUMANÍSTICAS
3246,2026-05-04,,1,FACULTAD DE CIENCIAS SOCIALES Y HUMANÍSTICAS
3246,2017-01-01,2017-12-31,1,DESCONOCIDA
3247,2002-10-21,2003-03-07,1,DESCONOCIDA
3247,2008-10-13,2009-03-02,1,DESCONOCIDA
3247,2009-05-18,2012-12-31,4,DESCONOCIDA
3247,2013-01-01,2019-01-23,2,ESCUELA DE DISEÑO Y COMUNICACIÓN VISUAL
3247,2019-01-24,,14,"FACULTAD DE ARTE, DISEÑO Y COMUNICACIÓN AUDIOVISUAL"
3254,2013-01-01,2015-12-31,3,DESCONOCIDA
3254,2016-01-01,2016-12-31,1,FACULTAD DE INGENIERÍA MARÍTIMA Y CIENCIAS DEL MAR
3254,2017-01-01,2018-12-31,3,DESCONOCIDA
3254,2019-01-01,2020-05-29,2,FACULTAD DE INGENIERÍA MARÍTIMA Y CIENCIAS DEL MAR
3255,1987-05-01,2014-10-31,16,DESCONOCIDA
3255,2014-11-01,,21,FACULTAD DE INGENIERÍA EN ELECTRICIDAD Y COMPUTACIÓN
3257,1985-03-13,2015-12-31,8,DESCONOCIDA
3257,2016-01-01,2016-12-31,1,CENTRO DE TECNOLOGÍAS DE LA INFORMACIÓN
3257,2017-01-01,2018-12-31,3,DESCONOCIDA
3257,2019-01-01,2024-10-31,9,CENTRO DE TECNOLOGÍAS DE LA INFORMACIÓN
3271,2013-01-01,2015-12-31,3,DESCONOCIDA
3271,2017-01-01,2018-12-31,2,DESCONOCIDA
3271,2016-01-01,2020-01-31,3,DIRECCIÓN DE SERVICIOS GENERALES
3275,1999-07-01,2003-09-27,8,DESCONOCIDA
3275,2004-05-17,2004-09-25,1,DESCONOCIDA
3275,2005-05-16,2005-09-24,1,DESCONOCIDA
3275,2005-10-17,2006-03-03,1,DESCONOCIDA
3275,2008-05-19,2008-09-26,1,DESCONOCIDA
3275,2008-10-13,2009-03-02,1,DESCONOCIDA
3275,2009-05-18,2009-09-25,1,DESCONOCIDA
3275,2010-01-01,2015-07-31,10,DESCONOCIDA
3275,2015-08-01,2015-08-19,1,FACULTAD DE CIENCIAS DE LA VIDA
3275,2015-08-20,2016-10-19,1,DESCONOCIDA
3275,2018-02-23,2018-03-12,1,DESCONOCIDA
3275,2018-06-11,2018-06-13,1,DESCONOCIDA
3275,2018-09-17,2018-10-08,1,DESCONOCIDA
3275,2018-11-21,2018-11-23,1,DESCONOCIDA
3275,2016-10-20,2020-03-27,2,FACULTAD DE CIENCIAS DE LA VIDA
3275,2021-09-27,2021-10-01,1,FACULTAD DE CIENCIAS DE LA VIDA
3275,2022-03-07,2022-03-28,2,FACULTAD DE CIENCIAS DE LA VIDA
3275,2022-06-14,2022-06-16,1,FACULTAD DE CIENCIAS DE LA VIDA
3275,2022-12-27,2022-12-30,1,FACULTAD DE CIENCIAS DE LA VIDA
3275,2023-03-15,2023-04-13,1,FACULTAD DE CIENCIAS DE LA VIDA
3275,2023-04-19,2023-04-28,1,FACULTAD DE CIENCIAS DE LA VIDA
3275,2023-06-29,2023-07-06,1,FACULTAD DE CIENCIAS DE LA VIDA
3275,2023-09-11,2023-09-13,1,FACULTAD DE CIENCIAS DE LA VIDA
3275,2023-12-26,2023-12-29,1,FACULTAD DE CIENCIAS DE LA VIDA
3275,2024-03-17,2024-03-17,1,FACULTAD DE CIENCIAS DE LA VIDA
3275,2024-03-25,2024-04-26,1,FACULTAD DE CIENCIAS DE LA VIDA
3275,2024-04-30,2024-05-02,1,FACULTAD DE CIENCIAS DE LA VIDA
3275,2024-09-09,2024-09-12,1,FACULTAD DE CIENCIAS DE LA VIDA
3275,2024-12-26,2024-12-31,1,FACULTAD DE CIENCIAS DE LA VIDA
3275,2025-03-25,2025-04-25,1,FACULTAD DE CIENCIAS DE LA VIDA
3275,2025-06-05,2025-06-06,1,FACULTAD DE CIENCIAS DE LA VIDA
3275,2025-07-10,2025-07-11,1,FACULTAD DE CIENCIAS DE LA VIDA
3275,2025-07-30,2025-08-01,1,FACULTAD DE CIENCIAS DE LA VIDA
3275,2025-08-07,2025-08-08,1,FACULTAD DE CIENCIAS DE LA VIDA
3275,2025-09-04,2025-09-05,1,FACULTAD DE CIENCIAS DE LA VIDA
3275,2025-11-11,2025-11-15,1,FACULTAD DE CIENCIAS DE LA VIDA
3275,2025-11-20,2025-11-21,1,FACULTAD DE CIENCIAS DE LA VIDA
3275,2025-12-26,2025-12-31,1,FACULTAD DE CIENCIAS DE LA VIDA
3275,2026-03-09,2026-03-10,1,FACULTAD DE CIENCIAS DE LA VIDA
3275,2026-03-16,2026-03-25,1,FACULTAD DE CIENCIAS DE LA VIDA
3275,2026-04-15,2026-05-06,2,FACULTAD DE CIENCIAS DE LA VIDA
3275,2026-06-04,2026-06-05,1,FACULTAD DE CIENCIAS DE LA VIDA
3275,2026-07-30,2026-08-02,1,FACULTAD DE CIENCIAS DE LA VIDA
3275,2019-01-21,2019-01-26,1,DESCONOCIDA
3275,2026-08-31,,1,FACULTAD DE CIENCIAS DE LA VIDA
3280,2001-10-08,2012-08-23,27,DESCONOCIDA
3280,2012-08-24,,25,FACULTAD DE CIENCIAS SOCIALES Y HUMANÍSTICAS
3286,2007-10-15,2008-03-05,1,DESCONOCIDA
3286,2008-05-19,2008-09-26,1,DESCONOCIDA
3286,2008-10-13,2009-03-02,1,DESCONOCIDA
3286,2009-05-18,2009-09-25,1,DESCONOCIDA
3286,2009-10-12,2010-03-02,2,DESCONOCIDA
3286,2016-10-01,2016-12-31,1,DESCONOCIDA
3286,2017-01-01,2025-04-01,17,FACULTAD DE INGENIERÍA MECÁNICA Y CIENCIAS DE LA PRODUCCIÓN
3309,1988-03-05,1988-04-20,1,DESCONOCIDA
3309,1989-04-06,1989-08-04,1,DESCONOCIDA
3309,1992-09-08,1992-11-07,1,DESCONOCIDA
3309,1993-03-08,1993-05-07,1,DESCONOCIDA
3309,1994-10-07,1994-12-06,1,DESCONOCIDA
3309,1996-04-01,1996-04-30,1,DESCONOCIDA
3309,1997-04-18,1997-05-02,1,DESCONOCIDA
3309,1998-05-25,1998-10-02,1,DESCONOCIDA
3309,1998-10-19,1999-03-02,1,DESCONOCIDA
3309,2000-05-15,2000-09-22,1,DESCONOCIDA
3309,2000-10-10,2001-02-23,1,DESCONOCIDA
3309,2001-03-12,2001-05-05,1,DESCONOCIDA
3309,2001-05-21,2001-09-28,1,DESCONOCIDA
3309,2001-10-22,2002-03-02,2,DESCONOCIDA
3309,2002-03-11,2002-05-03,1,DESCONOCIDA
3309,2002-05-20,2002-09-27,1,DESCONOCIDA
3309,2002-10-21,2003-03-07,1,DESCONOCIDA
3309,2017-09-11,2017-09-16,1,FACULTAD DE INGENIERÍA MARÍTIMA Y CIENCIAS DEL MAR
3309,2013-01-01,2019-01-23,1,DESCONOCIDA
3309,2019-01-24,2025-05-22,14,FACULTAD DE INGENIERÍA MARÍTIMA Y CIENCIAS DEL MAR
3310,1996-05-20,1996-09-27,1,DESCONOCIDA
3310,1996-10-14,1997-02-28,1,DESCONOCIDA
3310,1997-05-26,1997-10-03,1,DESCONOCIDA
3310,1997-10-20,1998-02-27,1,DESCONOCIDA
3310,1998-05-25,1998-10-02,1,DESCONOCIDA
3310,1998-10-19,1999-03-02,1,DESCONOCIDA
3310,1999-05-25,1999-10-02,1,DESCONOCIDA
3310,1999-10-19,2000-03-03,1,DESCONOCIDA
3310,2000-05-25,2000-09-22,1,DESCONOCIDA
3310,2000-10-10,2001-02-23,1,DESCONOCIDA
3310,2001-05-21,2012-12-31,7,DESCONOCIDA
3310,2013-01-01,,16,FACULTAD DE INGENIERÍA EN ELECTRICIDAD Y COMPUTACIÓN
3312,1988-02-17,1988-05-17,1,DESCONOCIDA
3312,1989-02-20,1989-09-16,3,DESCONOCIDA
3312,1993-02-08,1993-05-21,1,DESCONOCIDA
3312,1996-03-18,1996-05-18,1,DESCONOCIDA
3312,1997-02-03,1997-05-10,1,DESCONOCIDA
3312,1997-06-09,1997-11-22,1,DESCONOCIDA
3312,1998-02-10,1998-05-16,1,DESCONOCIDA
3312,1999-07-01,1999-07-30,1,DESCONOCIDA
3312,2000-01-01,2000-02-29,1,DESCONOCIDA
3312,2000-03-15,2000-05-05,1,DESCONOCIDA
3312,2003-05-19,2003-09-27,2,DESCONOCIDA
3312,2003-10-20,2004-03-08,2,DESCONOCIDA
3312,2004-05-17,2004-09-25,2,DESCONOCIDA
3312,2004-10-18,2005-03-08,1,DESCONOCIDA
3312,2005-05-16,2005-09-24,1,DESCONOCIDA
3312,2005-10-17,2006-03-03,2,DESCONOCIDA
3312,2006-03-08,2006-04-29,1,DESCONOCIDA
3312,2006-05-15,2006-09-23,2,DESCONOCIDA
3312,2006-10-17,2007-03-06,1,DESCONOCIDA
3312,2007-05-14,2007-09-22,1,DESCONOCIDA
3312,2007-10-15,2008-03-05,1,DESCONOCIDA
3312,2008-05-02,2009-05-01,1,DESCONOCIDA
3312,2018-03-26,2018-03-30,1,DESCONOCIDA
3312,2013-01-01,,15,FACULTAD DE INGENIERÍA EN ELECTRICIDAD Y COMPUTACIÓN
3313,1988-09-01,2005-02-20,4,DESCONOCIDA
3313,2007-02-21,2009-12-31,2,DESCONOCIDA
3313,2013-01-01,2024-05-01,8,FACULTAD DE INGENIERÍA MECÁNICA Y CIENCIAS DE LA PRODUCCIÓN
3318,2013-01-01,2015-12-31,3,DESCONOCIDA
3318,2016-01-01,2016-12-31,1,DIRECCIÓN DE SERVICIOS GENERALES
3318,2017-01-01,2018-12-31,2,DESCONOCIDA
3318,2019-01-01,2022-12-31,6,DIRECCIÓN DE SERVICIOS GENERALES
3322,1986-10-14,1987-03-30,1,DESCONOCIDA
3322,1987-05-19,1989-03-22,1,DESCONOCIDA
3322,1989-04-01,2015-12-31,21,DESCONOCIDA
3322,2016-01-01,2016-12-31,1,DIRECCIÓN DE SERVICIOS GENERALES
3322,2017-01-01,2018-12-31,2,DESCONOCIDA
3322,2019-01-01,2024-12-31,15,DIRECCIÓN DE SERVICIOS GENERALES
3324,2022-07-08,2022-09-23,1,FACULTAD DE INGENIERÍA MARÍTIMA Y CIENCIAS DEL MAR
3324,2022-10-03,,18,FACULTAD DE INGENIERÍA MARÍTIMA Y CIENCIAS DEL MAR
3325,1999-01-10,2015-12-31,4,DESCONOCIDA
3325,2016-01-01,2016-12-31,1,DIRECCIÓN DE SERVICIOS GENERALES
3325,2017-01-01,2018-12-31,2,DESCONOCIDA
3325,2019-01-01,2024-04-30,16,DIRECCIÓN DE SERVICIOS GENERALES
3326,1988-11-01,1988-11-30,1,DESCONOCIDA
3326,1996-08-12,2012-12-31,29,DESCONOCIDA
3326,2013-01-01,2019-07-06,15,FACULTAD DE INGENIERÍA EN CIENCIAS DE LA TIERRA
3326,2019-11-11,2019-11-17,2,FACULTAD DE INGENIERÍA EN CIENCIAS DE LA TIERRA
3326,2021-04-05,2021-04-23,1,FACULTAD DE INGENIERÍA EN CIENCIAS DE LA TIERRA
3326,2021-12-27,2022-01-01,1,FACULTAD DE INGENIERÍA EN CIENCIAS DE LA TIERRA
3326,2022-01-03,2022-01-11,1,FACULTAD DE INGENIERÍA EN CIENCIAS DE LA TIERRA
3326,2022-04-01,2022-04-29,1,FACULTAD DE INGENIERÍA EN CIENCIAS DE LA TIERRA
3326,2022-08-22,2022-08-26,1,FACULTAD DE INGENIERÍA EN CIENCIAS DE LA TIERRA
3326,2022-12-27,2023-01-21,2,FACULTAD DE INGENIERÍA EN CIENCIAS DE LA TIERRA
3326,2023-05-02,2023-05-13,1,DECANATO DE VINCULACIÓN
3326,2023-05-28,2023-06-05,1,DECANATO DE VINCULACIÓN
3326,2023-06-18,2023-06-24,1,DECANATO DE VINCULACIÓN
3326,2023-07-01,2023-07-14,1,DECANATO DE VINCULACIÓN
3326,2023-02-22,2023-04-10,1,FACULTAD DE INGENIERÍA EN CIENCIAS DE LA TIERRA
3326,2023-08-25,2023-09-08,1,DECANATO DE VINCULACIÓN
3326,2023-09-07,2023-09-15,1,FACULTAD DE INGENIERÍA EN CIENCIAS DE LA TIERRA
3326,2023-09-21,2023-10-07,1,DECANATO DE VINCULACIÓN
3326,2024-01-02,2024-01-19,1,DECANATO DE VINCULACIÓN
3326,2024-03-18,2024-03-23,1,DECANATO DE VINCULACIÓN
3326,2024-04-22,2024-04-26,1,DECANATO DE VINCULACIÓN
3326,2024-09-16,2024-09-20,1,DECANATO DE VINCULACIÓN
3326,2023-12-26,2023-12-29,1,FACULTAD DE INGENIERÍA EN CIENCIAS DE LA TIERRA
3326,2024-09-22,2024-09-24,1,DECANATO DE VINCULACIÓN
3326,2024-10-04,2024-10-21,1,FACULTAD DE INGENIERÍA EN CIENCIAS DE LA TIERRA
3326,2024-11-09,2024-11-13,1,DECANATO DE VINCULACIÓN
3326,2025-01-19,2025-01-25,1,DECANATO DE VINCULACIÓN
3326,2024-12-23,2025-01-06,1,FACULTAD DE INGENIERÍA EN CIENCIAS DE LA TIERRA
3326,2025-02-18,2025-02-27,1,DECANATO DE VINCULACIÓN
3326,2025-03-21,2025-03-26,1,DECANATO DE VINCULACIÓN
3326,2025-03-05,2025-03-17,2,FACULTAD DE INGENIERÍA EN CIENCIAS DE LA TIERRA
3326,2025-04-08,2025-04-12,1,DECANATO DE VINCULACIÓN
3326,2025-04-30,2025-05-31,1,FACULTAD DE INGENIERÍA EN CIENCIAS DE LA TIERRA
3326,2018-10-09,2018-10-11,1,DESCONOCIDA
3326,2025-09-01,,15,FACULTAD DE INGENIERÍA EN CIENCIAS DE LA TIERRA
3326,2025-08-17,2025-08-23,1,DECANATO DE VINCULACIÓN
3333,2001-05-21,2014-10-31,8,DESCONOCIDA
3333,2014-03-01,,25,FACULTAD DE INGENIERÍA EN ELECTRICIDAD Y COMPUTACIÓN
3342,1996-06-10,1996-11-23,1,DESCONOCIDA
3342,1997-05-26,1997-11-22,2,DESCONOCIDA
3342,1998-02-10,1998-05-16,1,DESCONOCIDA
3342,1998-05-25,1998-10-02,1,DESCONOCIDA
3342,1998-10-19,1999-03-02,1,DESCONOCIDA
3342,1999-05-25,2000-09-22,3,DESCONOCIDA
3342,2001-05-21,2002-05-03,4,DESCONOCIDA
3342,2002-05-20,2002-09-27,2,DESCONOCIDA
3342,2002-10-21,2003-03-07,3,DESCONOCIDA
3342,2003-05-19,2003-09-27,3,DESCONOCIDA
3342,2003-10-20,2004-03-08,3,DESCONOCIDA
3342,2004-05-17,2004-09-25,2,DESCONOCIDA
3342,2004-10-18,2005-03-08,1,DESCONOCIDA
3342,2005-05-16,2005-09-24,1,DESCONOCIDA
3342,2005-10-17,2006-03-03,2,DESCONOCIDA
3342,2006-05-15,2006-09-23,2,DESCONOCIDA
3342,2006-10-17,2007-03-06,2,DESCONOCIDA
3342,2007-05-14,2007-09-22,1,DESCONOCIDA
3342,2007-10-15,2008-03-05,1,DESCONOCIDA
3342,2013-01-01,2015-02-20,2,FACULTAD DE CIENCIAS NATURALES Y MATEMÁTICAS
3342,2010-06-14,2012-12-31,1,DESCONOCIDA
3342,2015-03-16,2015-03-20,1,DESCONOCIDA
3342,2015-03-02,2015-03-05,1,FACULTAD DE CIENCIAS NATURALES Y MATEMÁTICAS
3342,2015-04-21,2015-04-27,1,DESCONOCIDA
3342,2015-05-27,2015-05-29,1,DESCONOCIDA
3342,2015-06-17,2015-06-19,1,DESCONOCIDA
3342,2015-07-27,2015-08-06,1,DESCONOCIDA
3342,2015-09-18,2015-10-02,1,DESCONOCIDA
3342,2015-10-09,2015-10-19,1,DESCONOCIDA
3342,2016-04-01,2016-04-15,1,DESCONOCIDA
3342,2015-05-04,2015-05-15,1,FACULTAD DE CIENCIAS NATURALES Y MATEMÁTICAS
3342,2016-10-02,2016-10-02,1,FACULTAD DE CIENCIAS NATURALES Y MATEMÁTICAS
3342,2019-02-25,2019-03-26,1,FACULTAD DE CIENCIAS NATURALES Y MATEMÁTICAS
3342,2021-02-22,2021-03-12,1,FACULTAD DE CIENCIAS NATURALES Y MATEMÁTICAS
3342,2022-02-21,2022-03-18,1,FACULTAD DE CIENCIAS NATURALES Y MATEMÁTICAS
3342,2022-09-21,2022-09-23,1,FACULTAD DE CIENCIAS NATURALES Y MATEMÁTICAS
3342,2022-12-27,2022-12-30,1,FACULTAD DE CIENCIAS NATURALES Y MATEMÁTICAS
3342,2023-01-30,2023-02-02,1,FACULTAD DE CIENCIAS NATURALES Y MATEMÁTICAS
3342,2023-02-17,2023-02-17,1,FACULTAD DE CIENCIAS NATURALES Y MATEMÁTICAS
3342,2023-02-22,2023-03-10,1,FACULTAD DE CIENCIAS NATURALES Y MATEMÁTICAS
3342,2023-03-13,2023-03-24,2,FACULTAD DE CIENCIAS NATURALES Y MATEMÁTICAS
3342,2023-03-27,2023-03-31,1,FACULTAD DE CIENCIAS NATURALES Y MATEMÁTICAS
3342,2023-04-14,2023-04-14,1,FACULTAD DE CIENCIAS NATURALES Y MATEMÁTICAS
3342,2023-05-02,2023-05-05,1,FACULTAD DE CIENCIAS NATURALES Y MATEMÁTICAS
3342,2023-05-30,2023-05-31,1,FACULTAD DE CIENCIAS NATURALES Y MATEMÁTICAS
3342,2023-08-03,2023-08-03,1,FACULTAD DE CIENCIAS NATURALES Y MATEMÁTICAS
3342,2023-08-14,2023-08-15,1,FACULTAD DE CIENCIAS NATURALES Y MATEMÁTICAS
3342,2023-08-25,2023-08-25,1,FACULTAD DE CIENCIAS NATURALES Y MATEMÁTICAS
3342,2023-09-09,2023-09-21,1,FACULTAD DE CIENCIAS NATURALES Y MATEMÁTICAS
3342,2023-10-21,2023-10-28,1,FACULTAD DE CIENCIAS NATURALES Y MATEMÁTICAS
3342,2023-11-07,2023-11-10,1,FACULTAD DE CIENCIAS NATURALES Y MATEMÁTICAS
3342,2023-12-26,2023-12-29,1,FACULTAD DE CIENCIAS NATURALES Y MATEMÁTICAS
3342,2024-01-04,2024-01-05,1,FACULTAD DE CIENCIAS NATURALES Y MATEMÁTICAS
3342,2024-02-19,2024-02-22,3,FACULTAD DE CIENCIAS NATURALES Y MATEMÁTICAS
3342,2024-02-26,2024-03-13,3,FACULTAD DE CIENCIAS NATURALES Y MATEMÁTICAS
3342,2024-03-19,2024-05-01,2,FACULTAD DE CIENCIAS NATURALES Y MATEMÁTICAS
3342,2024-05-06,2024-05-12,1,FACULTAD DE CIENCIAS NATURALES Y MATEMÁTICAS
3342,2024-05-25,2024-06-16,3,FACULTAD DE CIENCIAS NATURALES Y MATEMÁTICAS
3342,2024-07-05,2024-07-05,1,FACULTAD DE CIENCIAS NATURALES Y MATEMÁTICAS
3342,2024-07-11,2024-07-13,1,FACULTAD DE CIENCIAS NATURALES Y MATEMÁTICAS
3342,2024-08-08,2024-08-08,1,FACULTAD DE CIENCIAS NATURALES Y MATEMÁTICAS
3342,2024-09-07,2024-10-06,3,FACULTAD DE CIENCIAS NATURALES Y MATEMÁTICAS
3342,2024-11-25,2024-11-29,1,FACULTAD DE CIENCIAS NATURALES Y MATEMÁTICAS
3342,2024-12-02,2024-12-04,1,FACULTAD DE CIENCIAS NATURALES Y MATEMÁTICAS
3342,2024-12-23,2024-12-24,1,FACULTAD DE CIENCIAS NATURALES Y MATEMÁTICAS
3342,2024-12-26,2024-12-31,1,FACULTAD DE CIENCIAS NATURALES Y MATEMÁTICAS
3342,2025-01-28,2025-01-30,1,FACULTAD DE CIENCIAS NATURALES Y MATEMÁTICAS
3342,2025-02-20,2025-02-28,1,FACULTAD DE CIENCIAS NATURALES Y MATEMÁTICAS
3342,2025-03-05,2025-03-19,2,FACULTAD DE CIENCIAS NATURALES Y MATEMÁTICAS
3342,2025-03-24,2025-04-11,1,FACULTAD DE CIENCIAS NATURALES Y MATEMÁTICAS
3342,2025-04-14,2025-05-03,1,FACULTAD DE CIENCIAS NATURALES Y MATEMÁTICAS
3342,2025-06-04,2025-06-06,1,FACULTAD DE CIENCIAS NATURALES Y MATEMÁTICAS
3342,2025-09-08,2025-09-19,1,FACULTAD DE CIENCIAS NATURALES Y MATEMÁTICAS
3342,2025-09-21,2025-09-27,1,FACULTAD DE CIENCIAS NATURALES Y MATEMÁTICAS
3342,2025-10-13,2025-10-20,1,FACULTAD DE CIENCIAS NATURALES Y MATEMÁTICAS
3342,2025-11-17,2025-11-21,3,FACULTAD DE CIENCIAS NATURALES Y MATEMÁTICAS
3342,2025-12-15,2025-12-23,1,FACULTAD DE CIENCIAS NATURALES Y MATEMÁTICAS
3342,2025-12-26,2025-12-31,1,FACULTAD DE CIENCIAS NATURALES Y MATEMÁTICAS
3342,2026-01-27,2026-01-30,1,FACULTAD DE CIENCIAS NATURALES Y MATEMÁTICAS
3342,2026-02-25,2026-03-04,1,FACULTAD DE CIENCIAS NATURALES Y MATEMÁTICAS
3342,2026-03-09,2026-03-20,1,FACULTAD DE CIENCIAS NATURALES Y MATEMÁTICAS
3342,2026-03-24,2026-04-01,1,FACULTAD DE CIENCIAS NATURALES Y MATEMÁTICAS
3342,2026-04-06,2026-04-10,1,FACULTAD DE CIENCIAS NATURALES Y MATEMÁTICAS
3342,2026-04-13,2026-04-17,1,FACULTAD DE CIENCIAS NATURALES Y MATEMÁTICAS
3342,2026-04-20,2026-04-30,2,FACULTAD DE CIENCIAS NATURALES Y MATEMÁTICAS
3342,2026-05-05,2026-05-08,1,FACULTAD DE CIENCIAS NATURALES Y MATEMÁTICAS
3342,2026-06-18,2026-06-18,1,FACULTAD DE CIENCIAS NATURALES Y MATEMÁTICAS
3342,2026-07-12,2026-07-18,1,FACULTAD DE CIENCIAS NATURALES Y MATEMÁTICAS
3342,2026-07-29,2026-07-29,1,FACULTAD DE CIENCIAS NATURALES Y MATEMÁTICAS
3342,2016-09-23,2016-10-01,1,DESCONOCIDA
3342,2026-08-31,,4,FACULTAD DE CIENCIAS NATURALES Y MATEMÁTICAS
3342,2015-08-27,2015-09-04,1,DIRECCIÓN DE LA SECRETARÍA TÉCNICA DE ASEGURAMIENTO DE LA CALIDAD DE LA EDUCACIÓN SUPERIOR
3342,2025-03-19,2025-03-21,1,DECANATO DE GRADO
3380,2017-10-01,2018-03-15,2,FACULTAD DE INGENIERÍA EN ELECTRICIDAD Y COMPUTACIÓN
3380,2002-05-04,2002-09-27,1,DESCONOCIDA
3380,2022-05-16,2022-09-23,1,FACULTAD DE INGENIERÍA EN ELECTRICIDAD Y COMPUTACIÓN
3403,2009-08-01,2014-12-31,5,DESCONOCIDA
3403,2015-01-01,,26,CENTRO NACIONAL DE ACUICULTURA E INVESTIGACIONES MARINAS
3454,1991-06-10,1991-10-19,1,DESCONOCIDA
3454,1992-05-25,1992-10-03,1,DESCONOCIDA
3454,1995-05-22,1995-10-06,1,DESCONOCIDA
3454,1996-05-20,1996-09-27,1,DESCONOCIDA
3454,1997-05-26,1997-10-03,1,DESCONOCIDA
3454,1998-05-25,1998-10-02,1,DESCONOCIDA
3454,1998-10-19,1999-03-02,1,DESCONOCIDA
3454,1999-10-19,2000-03-03,1,DESCONOCIDA
3454,2000-05-15,2000-09-22,1,DESCONOCIDA
3454,2000-10-10,2001-02-23,1,DESCONOCIDA
3454,2001-05-21,2001-09-28,1,DESCONOCIDA
3454,2001-10-22,2002-03-02,1,DESCONOCIDA
3454,2002-05-20,2002-09-27,1,DESCONOCIDA
3454,2002-10-21,2003-03-07,1,DESCONOCIDA
3454,2003-05-19,2003-09-27,1,DESCONOCIDA
3454,2003-10-20,2004-03-08,1,DESCONOCIDA
3454,2004-05-17,2004-09-25,1,DESCONOCIDA
3454,2004-10-18,2005-03-08,2,DESCONOCIDA
3454,2005-05-16,2005-09-24,1,DESCONOCIDA
3454,2005-10-01,2006-03-03,2,DESCONOCIDA
3454,2006-05-15,2006-09-23,1,DESCONOCIDA
3454,2006-10-17,2007-03-06,1,DESCONOCIDA
3454,2007-05-14,2007-09-22,1,DESCONOCIDA
3454,2007-10-15,2008-03-05,1,DESCONOCIDA
3454,2008-05-19,2008-09-26,1,DESCONOCIDA
3454,2008-10-13,2009-03-02,1,DESCONOCIDA
3454,2009-05-18,2013-09-20,6,DESCONOCIDA
3454,2013-10-14,2013-12-31,1,DESCONOCIDA
3454,2014-05-12,2014-10-03,1,DESCONOCIDA
3454,2015-01-01,2015-03-13,1,FACULTAD DE INGENIERÍA EN ELECTRICIDAD Y COMPUTACIÓN
3454,2015-05-11,2015-10-02,1,FACULTAD DE INGENIERÍA EN ELECTRICIDAD Y COMPUTACIÓN
3454,2014-10-20,2014-12-31,1,DESCONOCIDA
3454,2015-10-19,2016-02-28,1,FACULTAD DE INGENIERÍA EN ELECTRICIDAD Y COMPUTACIÓN
3454,2016-05-02,2016-12-31,1,DESCONOCIDA
3454,2017-01-01,2025-02-14,16,FACULTAD DE INGENIERÍA EN ELECTRICIDAD Y COMPUTACIÓN
3455,1990-02-01,1991-03-31,1,DESCONOCIDA
3455,1999-05-18,1999-07-27,1,DESCONOCIDA
3455,1999-09-30,1999-10-05,1,DESCONOCIDA
3455,2013-01-01,2018-03-02,6,FACULTAD DE INGENIERÍA EN CIENCIAS DE LA TIERRA
3455,2010-01-01,2012-12-31,1,DESCONOCIDA
3455,2018-05-01,2023-10-01,8,FACULTAD DE INGENIERÍA EN CIENCIAS DE LA TIERRA
3461,1989-05-01,1990-10-30,3,DESCONOCIDA
3461,1992-10-01,2015-12-31,16,DESCONOCIDA
3461,2016-01-01,2016-12-31,1,DIRECCIÓN DE SERVICIOS GENERALES
3461,2017-01-01,2018-12-31,2,DESCONOCIDA
3461,2019-01-01,2020-03-18,2,DIRECCIÓN DE SERVICIOS GENERALES
3462,2013-01-01,2015-12-31,3,DESCONOCIDA
3462,2017-01-01,2018-12-31,2,DESCONOCIDA
3462,2016-01-01,2020-01-31,3,DIRECCIÓN DE SERVICIOS GENERALES
3464,2013-01-01,2015-12-31,3,DESCONOCIDA
3464,2016-01-01,2016-12-31,1,RECTORADO
3464,2017-01-01,2018-12-31,2,DESCONOCIDA
3464,2019-01-01,2020-06-30,2,RECTORADO
3465,1988-12-01,2014-12-31,16,DESCONOCIDA
3465,2016-10-02,2016-10-06,1,DESCONOCIDA
3465,2017-03-31,2017-04-13,1,DESCONOCIDA
3465,2018-02-22,2018-03-23,1,DESCONOCIDA
3465,2018-09-04,2018-09-07,1,DESCONOCIDA
3465,2018-10-22,2018-10-29,1,DESCONOCIDA
3465,2020-03-06,2018-03-23,1,DESCONOCIDA
3465,2015-01-01,2023-11-01,28,CENTRO DE INFORMACIÓN BIBLIOTECARIA
3466,1994-02-01,1996-03-03,4,DESCONOCIDA
3466,1996-03-06,1997-10-05,6,DESCONOCIDA
3466,1997-10-20,2000-09-30,16,DESCONOCIDA
3466,2000-10-10,2001-02-23,1,DESCONOCIDA
3466,2001-03-12,2001-05-05,1,DESCONOCIDA
3466,2001-05-21,2001-09-28,2,DESCONOCIDA
3466,2001-10-22,2002-03-02,2,DESCONOCIDA
3466,2002-03-11,2002-05-03,1,DESCONOCIDA
3466,2002-05-20,2002-09-27,2,DESCONOCIDA
3466,2002-10-21,2003-03-07,2,DESCONOCIDA
3466,2003-03-10,2003-05-03,1,DESCONOCIDA
3466,2003-05-19,2003-09-27,2,DESCONOCIDA
3466,2003-10-20,2004-05-08,3,DESCONOCIDA
3466,2004-05-17,2004-09-25,2,DESCONOCIDA
3466,2004-10-18,2011-01-24,22,DESCONOCIDA
3466,2013-01-01,,14,FACULTAD DE CIENCIAS SOCIALES Y HUMANÍSTICAS
3467,1988-07-01,2014-12-07,6,DESCONOCIDA
3467,2019-03-06,2019-03-19,1,DESCONOCIDA
3467,2019-04-08,2019-04-21,1,DESCONOCIDA
3467,2019-10-28,2019-10-31,1,DESCONOCIDA
3467,2021-03-22,2021-04-09,1,DESCONOCIDA
3467,2014-12-08,2022-10-01,25,CENTRO DE INFORMACIÓN BIBLIOTECARIA
3471,1986-05-19,1986-09-27,1,DESCONOCIDA
3471,2019-01-24,2019-03-22,2,"FACULTAD DE ARTE, DISEÑO Y COMUNICACIÓN AUDIOVISUAL"
3471,2019-03-29,2019-04-18,1,"FACULTAD DE ARTE, DISEÑO Y COMUNICACIÓN AUDIOVISUAL"
3471,2019-05-09,2019-05-10,1,"FACULTAD DE ARTE, DISEÑO Y COMUNICACIÓN AUDIOVISUAL"
3471,2019-07-11,2019-07-19,1,"FACULTAD DE ARTE, DISEÑO Y COMUNICACIÓN AUDIOVISUAL"
3471,2021-01-24,2021-05-15,1,"FACULTAD DE ARTE, DISEÑO Y COMUNICACIÓN AUDIOVISUAL"
3471,2021-06-28,2021-07-02,1,"FACULTAD DE ARTE, DISEÑO Y COMUNICACIÓN AUDIOVISUAL"
3471,2021-11-03,2021-11-12,1,"FACULTAD DE ARTE, DISEÑO Y COMUNICACIÓN AUDIOVISUAL"
3471,2022-03-29,2022-04-12,1,"FACULTAD DE ARTE, DISEÑO Y COMUNICACIÓN AUDIOVISUAL"
3471,2022-06-20,2022-08-05,1,"FACULTAD DE ARTE, DISEÑO Y COMUNICACIÓN AUDIOVISUAL"
3471,2022-10-17,2022-11-01,1,"FACULTAD DE ARTE, DISEÑO Y COMUNICACIÓN AUDIOVISUAL"
3471,2002-05-06,2009-12-31,2,DESCONOCIDA
3471,2025-05-01,2025-05-09,1,DESCONOCIDA
3471,2024-03-17,2024-03-23,1,VICERRECTORADO DE DOCENCIA
3471,2024-04-23,2024-05-01,2,"VICERRECTORADO DE INVESTIGACIÓN, DESARROLLO E INNOVACIÓN"
3471,2026-03-26,2026-03-29,1,"VICERRECTORADO DE INVESTIGACIÓN, DESARROLLO E INNOVACIÓN"
3471,2025-11-05,2025-11-10,1,DESCONOCIDA
3471,2013-01-01,2019-01-23,7,ESCUELA DE DISEÑO Y COMUNICACIÓN VISUAL
3471,2022-11-13,,34,"FACULTAD DE ARTE, DISEÑO Y COMUNICACIÓN AUDIOVISUAL"
3471,2026-03-13,2026-03-22,1,VICERRECTORADO DE DOCENCIA
3471,2026-04-06,2026-04-28,1,"VICERRECTORADO DE INVESTIGACIÓN, DESARROLLO E INNOVACIÓN"
3488,1990-10-01,1992-11-30,2,DESCONOCIDA
3488,1993-03-01,2015-12-31,16,DESCONOCIDA
3488,2016-01-01,2016-12-31,1,FACULTAD DE INGENIERÍA MECÁNICA Y CIENCIAS DE LA PRODUCCIÓN
3488,2017-01-01,2018-12-31,2,DESCONOCIDA
3488,2019-01-01,,18,FACULTAD DE INGENIERÍA MECÁNICA Y CIENCIAS DE LA PRODUCCIÓN
3489,1988-11-18,2015-12-31,18,DESCONOCIDA
3489,2016-01-01,2016-12-31,1,DIRECCIÓN DE SERVICIOS GENERALES
3489,2017-01-01,2018-12-31,2,DESCONOCIDA
3489,2019-01-01,,18,DIRECCIÓN DE SERVICIOS GENERALES
3491,1998-10-19,1999-03-02,2,DESCONOCIDA
3491,2013-01-01,2014-12-19,3,FACULTAD DE INGENIERÍA EN ELECTRICIDAD Y COMPUTACIÓN
3491,2015-06-01,2017-09-24,7,FACULTAD DE INGENIERÍA EN ELECTRICIDAD Y COMPUTACIÓN
3491,2010-01-01,2012-12-31,1,DESCONOCIDA
3491,2017-10-01,,34,FACULTAD DE INGENIERÍA EN ELECTRICIDAD Y COMPUTACIÓN
3492,1994-03-01,1994-05-31,1,DESCONOCIDA
3492,1995-07-01,2002-03-02,18,DESCONOCIDA
3492,2003-10-20,2004-03-08,1,DESCONOCIDA
3492,2005-10-17,2006-03-03,1,DESCONOCIDA
3492,2009-05-18,2011-05-17,2,DESCONOCIDA
3492,2011-06-01,2014-10-31,8,DESCONOCIDA
3492,2013-01-01,,20,FACULTAD DE INGENIERÍA EN ELECTRICIDAD Y COMPUTACIÓN
3496,1998-05-22,2015-12-31,4,DESCONOCIDA
3496,2016-01-01,2016-12-31,1,FACULTAD DE CIENCIAS SOCIALES Y HUMANÍSTICAS
3496,2017-01-01,2018-12-31,2,DESCONOCIDA
3496,2019-01-01,,38,FACULTAD DE CIENCIAS SOCIALES Y HUMANÍSTICAS
3497,1996-05-02,2014-12-31,13,DESCONOCIDA
3497,2015-01-01,,58,GERENCIA DE TECNOLOGÍAS Y SISTEMAS DE INFORMACIÓN
3503,2023-11-01,,27,DIRECCIÓN DE SOSTENIBILIDAD
3519,2001-07-30,2001-09-28,1,DESCONOCIDA
3519,2001-10-22,2002-03-02,4,DESCONOCIDA
3519,2002-03-11,2002-05-03,1,DESCONOCIDA
3519,2002-05-20,2002-09-27,5,DESCONOCIDA
3519,2002-10-01,2004-03-08,14,DESCONOCIDA
3519,2004-05-17,2005-04-30,11,DESCONOCIDA
3519,2005-05-16,2005-09-24,3,DESCONOCIDA
3519,2005-10-17,2006-03-03,3,DESCONOCIDA
3519,2006-03-08,2006-04-29,1,DESCONOCIDA
3519,2006-05-15,2006-09-23,3,DESCONOCIDA
3519,2006-10-17,2007-03-06,4,DESCONOCIDA
3519,2007-03-12,2007-05-09,1,DESCONOCIDA
3519,2007-05-14,2007-09-22,4,DESCONOCIDA
3519,2007-10-15,2008-03-05,4,DESCONOCIDA
3519,2008-03-10,2008-05-10,2,DESCONOCIDA
3519,2008-05-19,2008-09-26,4,DESCONOCIDA
3519,2008-10-13,2009-04-30,2,DESCONOCIDA
3519,2009-05-18,2011-05-17,2,DESCONOCIDA
3519,2011-06-01,2015-02-28,3,DESCONOCIDA
3519,2017-11-13,2021-02-21,2,DESCONOCIDA
3519,2014-06-01,,20,FACULTAD DE INGENIERÍA MECÁNICA Y CIENCIAS DE LA PRODUCCIÓN
3519,2015-03-01,2017-11-12,1,DIRECCIÓN DE LA SECRETARÍA TÉCNICA ACADEMICA
3519,2021-02-22,2022-02-22,1,FACULTAD DE CIENCIAS NATURALES Y MATEMÁTICAS
3519,2021-02-22,2022-11-12,3,DECANATO DE POSGRADO
3519,2025-06-09,,3,DIRECCIÓN DE TALENTO HUMANO
3519,2026-06-13,2026-06-21,1,GERENCIA ADMINISTRATIVA
3541,2012-04-01,2012-12-31,1,DESCONOCIDA
3541,2013-01-01,2015-08-19,1,FACULTAD DE CIENCIAS DE LA VIDA
3541,2015-08-20,2015-09-30,1,DESCONOCIDA
3541,2019-08-11,2019-08-15,1,DESCONOCIDA
3541,2019-09-19,2019-09-20,1,DESCONOCIDA
3541,2015-10-01,,25,FACULTAD DE CIENCIAS DE LA VIDA
3541,2019-05-06,2019-05-10,1,DECANATO DE POSGRADO
3565,1984-05-14,1984-09-29,1,DESCONOCIDA
3565,1984-10-15,1985-03-02,1,DESCONOCIDA
3565,1985-05-20,1985-10-05,1,DESCONOCIDA
3565,1985-10-21,1987-05-08,4,DESCONOCIDA
3565,1989-02-20,2019-05-20,50,DESCONOCIDA
3571,1973-05-02,1985-05-10,2,DESCONOCIDA
3571,2002-10-21,2003-03-07,1,DESCONOCIDA
3571,2003-05-19,2003-09-27,1,DESCONOCIDA
3571,2004-05-17,2009-02-09,6,DESCONOCIDA
3571,2010-01-01,2011-07-31,1,DESCONOCIDA
3571,2011-08-30,2012-12-31,1,DESCONOCIDA
3571,2019-02-23,2019-02-23,1,DESCONOCIDA
3571,2013-01-01,2019-02-22,2,FACULTAD DE CIENCIAS NATURALES Y MATEMÁTICAS
3578,1983-10-17,1984-02-25,1,DESCONOCIDA
3578,1984-05-14,1984-09-29,1,DESCONOCIDA
3578,1984-10-15,1985-03-02,1,DESCONOCIDA
3578,1985-10-21,1986-03-01,1,DESCONOCIDA
3578,2013-01-01,,9,FACULTAD DE INGENIERÍA MECÁNICA Y CIENCIAS DE LA PRODUCCIÓN
3592,2015-01-01,2015-03-13,1,FACULTAD DE INGENIERÍA MECÁNICA Y CIENCIAS DE LA PRODUCCIÓN
3592,2015-10-19,2016-02-28,1,FACULTAD DE INGENIERÍA MECÁNICA Y CIENCIAS DE LA PRODUCCIÓN
3592,2016-05-02,2016-09-23,1,DESCONOCIDA
3593,1987-02-16,1987-05-16,1,DESCONOCIDA
3593,1987-05-18,1987-09-26,1,DESCONOCIDA
3593,1987-10-19,1988-09-24,3,DESCONOCIDA
3593,1988-10-17,1989-09-16,4,DESCONOCIDA
3593,1989-09-25,1990-04-28,3,DESCONOCIDA
3593,1990-05-28,1990-10-06,1,DESCONOCIDA
3593,1990-10-22,1991-03-01,1,DESCONOCIDA
3593,1991-06-13,1992-06-12,1,DESCONOCIDA
3593,1992-10-13,1993-05-21,3,DESCONOCIDA
3593,1993-06-28,1993-12-31,2,DESCONOCIDA
3593,1994-01-03,1994-05-13,1,DESCONOCIDA
3593,1994-09-01,1994-12-31,1,DESCONOCIDA
3593,1995-06-12,1995-11-25,1,DESCONOCIDA
3593,1996-02-12,1996-05-18,1,DESCONOCIDA
3593,1996-06-10,1996-11-23,1,DESCONOCIDA
3593,1997-02-03,1997-05-10,2,DESCONOCIDA
3593,1997-06-09,1997-11-22,1,DESCONOCIDA
3593,1998-02-10,1999-03-02,4,DESCONOCIDA
3593,1999-05-25,1999-10-02,1,DESCONOCIDA
3593,1999-10-19,2000-03-03,1,DESCONOCIDA
3593,2000-03-15,2000-05-05,1,DESCONOCIDA
3593,2000-05-15,2000-09-22,1,DESCONOCIDA
3593,2000-10-01,2001-02-23,3,DESCONOCIDA
3593,2001-05-21,2001-09-28,1,DESCONOCIDA
3593,2002-05-20,2002-09-27,1,DESCONOCIDA
3593,2002-10-21,2003-03-07,2,DESCONOCIDA
3593,2003-05-19,2003-09-27,1,DESCONOCIDA
3593,2003-10-20,2004-03-08,1,DESCONOCIDA
3593,2004-05-17,2009-02-09,13,DESCONOCIDA
3593,2010-01-01,2012-12-31,2,DESCONOCIDA
3593,2020-10-31,2020-10-31,1,DESCONOCIDA
3593,2013-01-01,2020-10-30,3,FACULTAD DE CIENCIAS NATURALES Y MATEMÁTICAS
3596,2020-02-22,2022-04-29,5,FACULTAD DE INGENIERÍA MECÁNICA Y CIENCIAS DE LA PRODUCCIÓN
3596,2022-05-03,2022-09-23,2,FACULTAD DE INGENIERÍA MECÁNICA Y CIENCIAS DE LA PRODUCCIÓN
3596,2022-10-03,2022-12-31,2,FACULTAD DE INGENIERÍA MECÁNICA Y CIENCIAS DE LA PRODUCCIÓN
3596,2023-01-05,,10,FACULTAD DE INGENIERÍA MECÁNICA Y CIENCIAS DE LA PRODUCCIÓN
3600,1989-10-16,1994-04-30,6,DESCONOCIDA
3600,1996-05-27,2012-12-31,14,DESCONOCIDA
3600,2026-01-27,2026-02-03,1,DECANATO DE POSGRADO
3600,2026-03-05,2026-03-17,1,DECANATO DE POSGRADO
3600,2017-11-11,2017-11-11,1,DESCONOCIDA
3600,2013-01-01,,32,FACULTAD DE INGENIERÍA MECÁNICA Y CIENCIAS DE LA PRODUCCIÓN
3600,2014-11-01,2017-11-10,2,DIRECCIÓN DE LA SECRETARÍA TÉCNICA DE ASEGURAMIENTO DE LA CALIDAD DE LA EDUCACIÓN SUPERIOR
3600,2026-07-12,2026-07-18,1,DECANATO DE POSGRADO
3612,1995-05-22,1995-10-06,2,DESCONOCIDA
3612,1995-10-16,1996-05-18,2,DESCONOCIDA
3612,1996-05-20,1996-09-28,2,DESCONOCIDA
3612,1996-10-14,1997-05-10,2,DESCONOCIDA
3612,1997-05-26,1997-10-03,2,DESCONOCIDA
3612,1997-10-20,1998-05-16,2,DESCONOCIDA
3612,1998-05-25,1998-10-02,1,DESCONOCIDA
3612,1998-10-19,1999-03-02,1,DESCONOCIDA
3612,1999-05-25,1999-10-02,1,DESCONOCIDA
3612,1999-10-19,2015-09-30,39,DESCONOCIDA
3612,2014-11-01,,20,FACULTAD DE CIENCIAS NATURALES Y MATEMÁTICAS
3619,1995-05-22,1995-10-06,2,DESCONOCIDA
3619,1995-10-16,1996-05-18,2,DESCONOCIDA
3619,1996-05-20,1996-09-28,2,DESCONOCIDA
3619,1996-10-14,1997-05-10,2,DESCONOCIDA
3619,1997-05-26,1997-10-03,2,DESCONOCIDA
3619,1997-10-20,1998-05-16,2,DESCONOCIDA
3619,1998-05-25,1998-10-02,1,DESCONOCIDA
3619,1998-10-19,1999-03-02,1,DESCONOCIDA
3619,1999-05-25,1999-10-02,1,DESCONOCIDA
3619,1999-10-19,2014-10-31,52,DESCONOCIDA
3619,2014-11-01,2019-03-27,2,FACULTAD DE CIENCIAS NATURALES Y MATEMÁTICAS
3619,2020-07-13,2020-08-18,2,FACULTAD DE CIENCIAS NATURALES Y MATEMÁTICAS
3619,2019-03-28,2019-03-28,1,DESCONOCIDA
3619,2021-01-22,,12,FACULTAD DE CIENCIAS NATURALES Y MATEMÁTICAS
3634,2008-10-13,2009-03-02,1,DESCONOCIDA
3634,2009-05-18,2011-05-17,2,DESCONOCIDA
3634,2013-01-01,2021-12-30,11,FACULTAD DE INGENIERÍA EN ELECTRICIDAD Y COMPUTACIÓN
3634,2022-02-21,2022-04-14,1,FACULTAD DE INGENIERÍA EN ELECTRICIDAD Y COMPUTACIÓN
3634,2022-12-26,2022-12-30,1,FACULTAD DE INGENIERÍA EN ELECTRICIDAD Y COMPUTACIÓN
3634,2023-02-22,2023-03-31,1,FACULTAD DE INGENIERÍA EN ELECTRICIDAD Y COMPUTACIÓN
3634,2023-12-26,2023-12-29,1,FACULTAD DE INGENIERÍA EN ELECTRICIDAD Y COMPUTACIÓN
3634,2024-02-19,2024-03-28,1,FACULTAD DE INGENIERÍA EN ELECTRICIDAD Y COMPUTACIÓN
3634,2024-12-26,2024-12-31,1,FACULTAD DE INGENIERÍA EN ELECTRICIDAD Y COMPUTACIÓN
3634,2025-02-17,2025-03-18,1,FACULTAD DE INGENIERÍA EN ELECTRICIDAD Y COMPUTACIÓN
3634,2011-06-01,2012-12-31,1,DESCONOCIDA
3634,2025-08-05,,1,FACULTAD DE INGENIERÍA EN ELECTRICIDAD Y COMPUTACIÓN
3651,2007-10-15,2008-03-05,1,DESCONOCIDA
3651,2008-05-19,2008-09-26,1,DESCONOCIDA
3651,2008-10-13,2009-03-02,1,DESCONOCIDA
3651,2010-05-17,2011-05-16,1,DESCONOCIDA
3651,2017-04-10,,25,FACULTAD DE INGENIERÍA EN ELECTRICIDAD Y COMPUTACIÓN
3659,2017-10-01,,25,FACULTAD DE INGENIERÍA EN ELECTRICIDAD Y COMPUTACIÓN
3678,2016-02-01,2016-12-31,2,DESCONOCIDA
3680,1981-06-01,1981-10-02,1,DESCONOCIDA
3680,1981-10-05,1982-02-28,1,DESCONOCIDA
3680,1982-04-01,2009-12-31,53,DESCONOCIDA
3680,2013-01-01,2014-02-28,1,DESCONOCIDA
3680,2014-03-01,2014-09-01,2,FACULTAD DE CIENCIAS NATURALES Y MATEMÁTICAS
3680,2017-03-20,2017-04-19,1,FACULTAD DE CIENCIAS NATURALES Y MATEMÁTICAS
3680,2017-07-03,2017-07-07,1,FACULTAD DE CIENCIAS NATURALES Y MATEMÁTICAS
3680,2017-10-10,2017-10-16,1,FACULTAD DE CIENCIAS NATURALES Y MATEMÁTICAS
3680,2014-09-01,2017-11-12,14,DESCONOCIDA
3680,2018-07-12,2018-07-12,1,DESCONOCIDA
3680,2017-11-13,2026-04-01,17,FACULTAD DE CIENCIAS NATURALES Y MATEMÁTICAS
3680,2015-02-13,2015-02-20,1,SUBGERENCIA DE SERVICIOS INFORMÁTICOS
3680,2017-11-13,2018-05-13,1,UNIDAD DE BIENESTAR ESTUDIANTIL Y POLITÉCNICO
3683,1987-10-03,1989-08-31,2,DESCONOCIDA
3683,1992-10-19,1994-05-25,2,DESCONOCIDA
3683,1999-06-15,2009-04-30,4,DESCONOCIDA
3683,2010-01-01,2012-12-31,2,DESCONOCIDA
3683,2018-10-08,2018-10-08,1,DESCONOCIDA
3683,2013-01-01,2018-10-07,1,FACULTAD DE INGENIERÍA MECÁNICA Y CIENCIAS DE LA PRODUCCIÓN
3685,1984-10-15,1985-03-02,1,DESCONOCIDA
3685,1985-04-13,1985-10-05,3,DESCONOCIDA
3685,1985-10-21,1986-03-08,2,DESCONOCIDA
3685,1986-05-19,1986-09-27,1,DESCONOCIDA
3685,1987-09-01,2014-02-28,11,DESCONOCIDA
3685,2014-03-01,2019-01-23,8,ESCUELA DE DISEÑO Y COMUNICACIÓN VISUAL
3685,2019-01-24,,30,"FACULTAD DE ARTE, DISEÑO Y COMUNICACIÓN AUDIOVISUAL"
3690,2013-01-01,2015-12-31,3,DESCONOCIDA
3690,2016-01-01,2016-12-31,1,DIRECCIÓN DE SERVICIOS GENERALES
3690,2017-01-01,2018-12-31,2,DESCONOCIDA
3690,2019-01-01,2022-08-31,3,DIRECCIÓN DE SERVICIOS GENERALES
3724,2006-08-01,2012-12-31,4,DESCONOCIDA
3724,2013-01-01,,29,ESCUELA DE POSTGRADO EN ADMINISTRACIÓN DE EMPRESAS
3725,2004-10-18,2012-12-31,3,DESCONOCIDA
3725,2014-01-01,2014-03-31,1,DESCONOCIDA
3725,2013-01-01,2022-04-13,11,FACULTAD DE INGENIERÍA EN ELECTRICIDAD Y COMPUTACIÓN
3725,2023-01-03,2023-01-06,1,DECANATO DE INVESTIGACIÓN
3725,2022-12-27,2022-12-30,1,FACULTAD DE INGENIERÍA EN ELECTRICIDAD Y COMPUTACIÓN
3725,2023-03-20,2023-04-11,1,FACULTAD DE INGENIERÍA EN ELECTRICIDAD Y COMPUTACIÓN
3725,2023-01-30,2023-02-04,1,DECANATO DE INVESTIGACIÓN
3725,2023-04-21,2023-04-27,1,DECANATO DE INVESTIGACIÓN
3725,2023-06-06,2023-06-10,1,DECANATO DE INVESTIGACIÓN
3725,2023-07-01,2023-07-14,1,DECANATO DE INVESTIGACIÓN
3725,2023-07-22,2023-07-29,1,DECANATO DE INVESTIGACIÓN
3725,2023-09-11,2023-09-15,1,DECANATO DE INVESTIGACIÓN
3725,2023-09-17,2023-09-20,1,DECANATO DE INVESTIGACIÓN
3725,2023-09-24,2023-10-02,1,DECANATO DE INVESTIGACIÓN
3725,2023-04-14,2023-04-20,1,FACULTAD DE INGENIERÍA EN ELECTRICIDAD Y COMPUTACIÓN
3725,2023-12-26,2023-12-29,1,FACULTAD DE INGENIERÍA EN ELECTRICIDAD Y COMPUTACIÓN
3725,2023-12-18,2023-12-22,1,DECANATO DE INVESTIGACIÓN
3725,2024-02-26,2024-03-01,1,DECANATO DE INVESTIGACIÓN
3725,2024-04-22,2024-04-27,1,DECANATO DE INVESTIGACIÓN
3725,2024-02-20,2024-04-24,5,FACULTAD DE INGENIERÍA EN ELECTRICIDAD Y COMPUTACIÓN
3725,2024-08-22,2024-08-31,1,DECANATO DE INVESTIGACIÓN
3725,2024-09-17,2024-09-24,2,DECANATO DE INVESTIGACIÓN
3725,2024-09-09,2024-09-13,1,FACULTAD DE INGENIERÍA EN ELECTRICIDAD Y COMPUTACIÓN
3725,2024-12-16,2024-12-24,1,DECANATO DE INVESTIGACIÓN
3725,2025-01-23,2025-01-23,1,DECANATO DE INVESTIGACIÓN
3725,2025-02-09,2025-02-12,1,DECANATO DE INVESTIGACIÓN
3725,2024-12-26,2024-12-31,1,FACULTAD DE INGENIERÍA EN ELECTRICIDAD Y COMPUTACIÓN
3725,2025-03-05,2025-03-16,1,DECANATO DE INVESTIGACIÓN
3725,2025-04-26,2025-05-01,1,DECANATO DE INVESTIGACIÓN
3725,2025-05-15,2025-05-18,1,DECANATO DE INVESTIGACIÓN
3725,2025-06-06,2025-06-06,1,DECANATO DE INVESTIGACIÓN
3725,2025-06-12,2025-06-18,1,DECANATO DE INVESTIGACIÓN
3725,2025-06-23,2025-06-28,1,DECANATO DE INVESTIGACIÓN
3725,2025-07-13,2025-07-18,1,DECANATO DE INVESTIGACIÓN
3725,2025-08-12,2025-08-12,1,DECANATO DE INVESTIGACIÓN
3725,2025-09-12,2025-09-20,1,DECANATO DE INVESTIGACIÓN
3725,2025-10-06,2025-10-08,1,DECANATO DE INVESTIGACIÓN
3725,2025-11-07,2025-11-10,1,DECANATO DE INVESTIGACIÓN
3725,2025-03-17,2025-04-09,1,FACULTAD DE INGENIERÍA EN ELECTRICIDAD Y COMPUTACIÓN
3725,2025-11-23,2025-12-03,1,DECANATO DE INVESTIGACIÓN
3725,2025-12-23,2025-12-24,1,DECANATO DE INVESTIGACIÓN
3725,2026-01-19,2026-01-30,1,DECANATO DE INVESTIGACIÓN
3725,2026-02-02,2026-02-13,1,DECANATO DE INVESTIGACIÓN
3725,2026-02-18,2026-02-27,1,DECANATO DE INVESTIGACIÓN
3725,2026-03-31,2026-04-01,1,DECANATO DE INVESTIGACIÓN
3725,2026-04-15,2026-05-02,1,DECANATO DE INVESTIGACIÓN
3725,2026-06-21,2026-06-28,1,DECANATO DE INVESTIGACIÓN
3725,2026-07-12,2026-07-17,1,DECANATO DE INVESTIGACIÓN
3725,2020-02-12,2020-02-16,1,DESCONOCIDA
3725,2025-12-04,,9,FACULTAD DE INGENIERÍA EN ELECTRICIDAD Y COMPUTACIÓN
3725,2026-07-21,2026-07-25,1,DECANATO DE INVESTIGACIÓN
3727,1989-08-01,1989-09-30,1,DESCONOCIDA
3727,1992-08-03,1994-02-02,2,DESCONOCIDA
3727,2006-05-15,2006-09-23,1,DESCONOCIDA
3727,2006-10-17,2007-03-06,1,DESCONOCIDA
3727,2007-05-14,2007-09-22,1,DESCONOCIDA
3727,2007-10-15,2008-03-05,1,DESCONOCIDA
3727,2013-01-01,2014-10-31,1,DESCONOCIDA
3727,2016-03-07,2016-03-11,1,DESCONOCIDA
3727,2014-11-01,2019-01-23,1,ESCUELA DE DISEÑO Y COMUNICACIÓN VISUAL
3727,2019-01-24,,13,"FACULTAD DE ARTE, DISEÑO Y COMUNICACIÓN AUDIOVISUAL"
3728,2013-01-01,2014-10-31,1,FACULTAD DE CIENCIAS DE LA VIDA
3728,2006-05-15,2012-12-31,8,DESCONOCIDA
3728,2016-01-04,2016-01-14,1,DESCONOCIDA
3728,2016-04-13,2016-04-20,1,DESCONOCIDA
3728,2016-05-12,2016-05-12,1,DESCONOCIDA
3728,2016-10-08,2016-10-08,1,DESCONOCIDA
3728,2016-11-02,2016-11-05,1,DESCONOCIDA
3728,2016-11-12,2016-12-04,1,DESCONOCIDA
3728,2016-12-08,2016-12-08,1,DESCONOCIDA
3728,2017-01-21,2017-01-23,1,DESCONOCIDA
3728,2017-03-16,2017-03-19,1,DESCONOCIDA
3728,2017-04-01,2017-04-02,1,DESCONOCIDA
3728,2017-04-18,2017-05-21,1,DESCONOCIDA
3728,2017-05-26,2017-06-29,1,DESCONOCIDA
3728,2017-07-08,2017-07-12,1,DESCONOCIDA
3728,2017-07-15,2017-07-15,1,DESCONOCIDA
3728,2017-08-31,2017-08-31,1,DESCONOCIDA
3728,2017-09-28,2017-10-02,1,DESCONOCIDA
3728,2017-10-28,2017-11-11,1,DESCONOCIDA
3728,2019-06-19,2019-06-22,1,DESCONOCIDA
3728,2019-06-25,2019-06-29,1,DESCONOCIDA
3728,2019-07-18,2019-07-20,1,DESCONOCIDA
3728,2019-08-11,2019-08-15,1,DESCONOCIDA
3728,2019-10-22,2019-10-23,1,DESCONOCIDA
3728,2019-11-17,2019-11-20,1,DESCONOCIDA
3728,2020-01-26,2020-02-01,1,DESCONOCIDA
3728,2019-02-27,2019-03-29,1,DECANATO DE INVESTIGACIÓN
3728,2020-02-21,2020-03-15,2,DESCONOCIDA
3728,2021-05-03,2021-05-05,1,DESCONOCIDA
3728,2021-07-14,2021-07-16,1,DESCONOCIDA
3728,2021-09-04,2021-09-20,2,DESCONOCIDA
3728,2021-09-30,2021-10-01,1,DESCONOCIDA
3728,2021-03-15,2021-03-19,1,DECANATO DE INVESTIGACIÓN
3728,2022-03-02,2022-03-12,2,DECANATO DE INVESTIGACIÓN
3728,2022-03-14,2022-03-20,1,DECANATO DE INVESTIGACIÓN
3728,2022-04-15,2022-04-18,1,DECANATO DE INVESTIGACIÓN
3728,2022-05-02,2022-05-03,1,DECANATO DE INVESTIGACIÓN
3728,2022-06-26,2022-07-02,1,DECANATO DE INVESTIGACIÓN
3728,2022-07-04,2022-07-12,1,DECANATO DE INVESTIGACIÓN
3728,2022-09-02,2022-09-09,1,DECANATO DE INVESTIGACIÓN
3728,2022-09-12,2022-09-14,1,DECANATO DE INVESTIGACIÓN
3728,2022-09-26,2022-10-02,1,DECANATO DE INVESTIGACIÓN
3728,2022-10-10,2022-10-15,1,DECANATO DE INVESTIGACIÓN
3728,2021-11-15,2021-11-24,1,DESCONOCIDA
3728,2015-08-20,,61,FACULTAD DE CIENCIAS DE LA VIDA
3728,2014-03-01,2015-08-19,5,"FACULTAD DE INGENIERIA MARÍTIMA, CIENCIAS BIOLÓGICAS, OCEÁNICAS Y RECURSOS NATURALES"
3728,2022-10-30,2022-11-06,1,DECANATO DE INVESTIGACIÓN
3729,1998-05-25,1998-10-02,1,DESCONOCIDA
3729,1998-10-19,1999-03-02,1,DESCONOCIDA
3729,1999-05-25,1999-10-02,1,DESCONOCIDA
3729,2004-05-17,2004-09-25,1,DESCONOCIDA
3729,2004-10-18,2005-04-30,2,DESCONOCIDA
3729,2005-05-16,2005-09-24,2,DESCONOCIDA
3729,2005-10-17,2006-03-03,2,DESCONOCIDA
3729,2006-03-08,2006-04-29,1,DESCONOCIDA
3729,2006-05-02,2007-03-06,4,DESCONOCIDA
3729,2007-03-12,2007-05-09,1,DESCONOCIDA
3729,2007-05-14,2007-09-22,2,DESCONOCIDA
3729,2007-10-15,2008-03-05,3,DESCONOCIDA
3729,2008-06-23,2011-05-03,3,FACULTAD DE CIENCIAS SOCIALES Y HUMANÍSTICAS
3730,1999-12-01,2015-12-31,8,DESCONOCIDA
3730,2019-01-01,2020-12-31,2,GERENCIA DE COMUNICACIÓN SOCIAL Y ASUNTOS PÚBLICOS
3730,2021-12-17,2021-12-17,1,GERENCIA DE COMUNICACIÓN SOCIAL Y ASUNTOS PÚBLICOS
3730,2022-01-03,2022-01-21,1,GERENCIA DE COMUNICACIÓN SOCIAL Y ASUNTOS PÚBLICOS
3730,2022-04-20,2022-04-22,1,GERENCIA DE COMUNICACIÓN SOCIAL Y ASUNTOS PÚBLICOS
3730,2022-11-10,2022-11-10,1,GERENCIA DE COMUNICACIÓN SOCIAL Y ASUNTOS PÚBLICOS
3730,2022-12-27,2022-12-30,1,GERENCIA DE COMUNICACIÓN SOCIAL Y ASUNTOS PÚBLICOS
3730,2023-01-03,2023-01-06,1,GERENCIA DE COMUNICACIÓN SOCIAL Y ASUNTOS PÚBLICOS
3730,2023-02-28,2023-02-28,1,GERENCIA DE COMUNICACIÓN SOCIAL Y ASUNTOS PÚBLICOS
3730,2023-03-09,2023-03-09,1,GERENCIA DE COMUNICACIÓN SOCIAL Y ASUNTOS PÚBLICOS
3730,2023-04-10,2023-04-21,1,GERENCIA DE COMUNICACIÓN SOCIAL Y ASUNTOS PÚBLICOS
3730,2017-01-01,2018-12-31,2,DESCONOCIDA
3730,2016-01-01,2016-12-31,1,DIRECCIÓN DE SERVICIOS GENERALES
3730,2023-07-04,2023-07-05,2,GERENCIA DE COMUNICACIÓN SOCIAL Y ASUNTOS PÚBLICOS
3730,2021-01-01,,24,GERENCIA DE COMUNICACIÓN
3731,2002-03-01,2014-12-31,10,DESCONOCIDA
3731,2015-01-01,,26,FACULTAD DE CIENCIAS DE LA VIDA
3732,2003-06-17,2005-03-30,2,DESCONOCIDA
3732,2015-01-01,2015-03-13,1,FACULTAD DE INGENIERÍA EN ELECTRICIDAD Y COMPUTACIÓN
3732,2015-05-11,2015-10-02,1,FACULTAD DE INGENIERÍA EN ELECTRICIDAD Y COMPUTACIÓN
3732,2006-08-01,2015-05-31,11,DESCONOCIDA
3732,2015-10-19,2016-02-28,1,FACULTAD DE INGENIERÍA EN ELECTRICIDAD Y COMPUTACIÓN
3732,2016-10-10,2017-03-17,2,FACULTAD DE INGENIERÍA EN ELECTRICIDAD Y COMPUTACIÓN
3732,2017-05-02,2017-09-22,1,FACULTAD DE INGENIERÍA EN ELECTRICIDAD Y COMPUTACIÓN
3732,2016-05-02,2016-09-23,1,DESCONOCIDA
3732,2017-10-04,2017-11-07,1,FACULTAD DE INGENIERÍA EN ELECTRICIDAD Y COMPUTACIÓN
3733,1999-06-01,1999-07-30,1,DESCONOCIDA
3733,1999-12-01,2015-12-31,4,DESCONOCIDA
3733,2016-01-01,2016-12-31,1,DIRECCIÓN DE ADMISIONES
3733,2017-01-01,2018-12-31,2,DESCONOCIDA
3733,2019-01-01,,29,DIRECCIÓN DE ADMISIONES
3734,2006-02-01,2014-12-31,6,DESCONOCIDA
3734,2015-10-15,2016-01-03,1,DESCONOCIDA
3734,2016-04-13,2016-05-08,1,GERENCIA ADMINISTRATIVA
3734,2016-09-05,2016-09-09,1,DESCONOCIDA
3734,2018-07-01,2021-11-30,1,DESCONOCIDA
3734,2015-01-01,,52,GERENCIA FINANCIERA
3734,2017-11-01,2018-06-30,1,GERENCIA ADMINISTRATIVA
3734,2016-07-11,2016-07-15,1,RECTORADO
3735,2006-08-01,2014-12-31,5,DESCONOCIDA
3735,2015-01-01,,47,DECANATO DE INVESTIGACIÓN
3737,1989-07-01,2018-12-31,7,DESCONOCIDA
3737,2019-01-01,,31,CENTRO DE INFORMACIÓN BIBLIOTECARIA
3738,2006-05-02,2013-10-01,7,DESCONOCIDA
3738,2017-11-13,2018-03-02,1,DECANATO DE POSGRADO
3738,2018-03-12,2018-03-22,1,DECANATO DE POSGRADO
3738,2019-03-01,2019-03-09,1,VICERRECTORADO ACADÉMICO
3738,2018-03-03,2021-02-22,2,FACULTAD DE CIENCIAS SOCIALES Y HUMANÍSTICAS
3738,2021-03-01,2021-03-26,1,FACULTAD DE CIENCIAS SOCIALES Y HUMANÍSTICAS
3738,2021-12-27,2021-12-31,1,FACULTAD DE CIENCIAS SOCIALES Y HUMANÍSTICAS
3738,2022-02-21,2022-03-22,2,FACULTAD DE CIENCIAS SOCIALES Y HUMANÍSTICAS
3738,2022-06-27,2022-07-01,1,FACULTAD DE CIENCIAS SOCIALES Y HUMANÍSTICAS
3738,2022-12-27,2022-12-30,1,FACULTAD DE CIENCIAS SOCIALES Y HUMANÍSTICAS
3738,2023-03-06,2023-03-10,1,FACULTAD DE CIENCIAS SOCIALES Y HUMANÍSTICAS
3738,2023-03-24,2023-03-24,1,FACULTAD DE CIENCIAS SOCIALES Y HUMANÍSTICAS
3738,2023-04-10,2023-04-19,1,FACULTAD DE CIENCIAS SOCIALES Y HUMANÍSTICAS
3738,2023-09-25,2023-09-27,1,FACULTAD DE CIENCIAS SOCIALES Y HUMANÍSTICAS
3738,2023-12-26,2023-12-29,1,FACULTAD DE CIENCIAS SOCIALES Y HUMANÍSTICAS
3738,2024-02-19,2024-03-13,1,FACULTAD DE CIENCIAS SOCIALES Y HUMANÍSTICAS
3738,2024-04-03,2024-04-23,1,FACULTAD DE CIENCIAS SOCIALES Y HUMANÍSTICAS
3738,2024-12-23,2024-12-24,1,FACULTAD DE CIENCIAS SOCIALES Y HUMANÍSTICAS
3738,2024-12-26,2024-12-31,1,FACULTAD DE CIENCIAS SOCIALES Y HUMANÍSTICAS
3738,2025-01-06,2025-01-09,1,FACULTAD DE CIENCIAS SOCIALES Y HUMANÍSTICAS
3738,2025-02-17,2025-03-28,2,FACULTAD DE CIENCIAS SOCIALES Y HUMANÍSTICAS
3738,2025-07-21,2025-07-21,1,FACULTAD DE CIENCIAS SOCIALES Y HUMANÍSTICAS
3738,2025-09-15,2025-09-27,1,FACULTAD DE CIENCIAS SOCIALES Y HUMANÍSTICAS
3738,2026-03-25,2026-03-27,1,DECANATO DE INVESTIGACIÓN
3738,2018-03-03,2021-02-21,13,DESCONOCIDA
3738,2013-10-01,2017-11-12,9,"FACULTAD DE INGENIERIA MARÍTIMA, CIENCIAS BIOLÓGICAS, OCEÁNICAS Y RECURSOS NATURALES"
3738,2018-09-20,2018-10-05,1,DECANATO DE POSGRADO
3738,2025-11-01,,11,FACULTAD DE CIENCIAS SOCIALES Y HUMANÍSTICAS
3738,2019-09-19,2019-09-20,1,VICERRECTORADO ACADÉMICO
3738,2026-03-30,2026-03-30,1,DECANATO DE INVESTIGACIÓN
3740,2005-04-04,2007-04-03,5,DESCONOCIDA
3740,2007-05-02,2014-10-31,5,DESCONOCIDA
3740,2015-11-16,2015-11-16,2,DESCONOCIDA
3740,2015-11-26,2016-03-19,2,DESCONOCIDA
3740,2016-10-06,2016-10-19,2,DESCONOCIDA
3740,2020-01-28,2020-02-01,1,DESCONOCIDA
3740,2014-11-01,2019-03-15,7,FACULTAD DE INGENIERÍA MECÁNICA Y CIENCIAS DE LA PRODUCCIÓN
3740,2022-03-28,2022-04-01,1,FACULTAD DE INGENIERÍA MECÁNICA Y CIENCIAS DE LA PRODUCCIÓN
3740,2022-04-18,2022-04-20,1,FACULTAD DE INGENIERÍA MECÁNICA Y CIENCIAS DE LA PRODUCCIÓN
3740,2022-04-29,2022-05-13,2,FACULTAD DE INGENIERÍA MECÁNICA Y CIENCIAS DE LA PRODUCCIÓN
3740,2022-09-26,2022-10-07,1,FACULTAD DE INGENIERÍA MECÁNICA Y CIENCIAS DE LA PRODUCCIÓN
3740,2022-11-14,2023-09-03,6,FACULTAD DE INGENIERÍA MECÁNICA Y CIENCIAS DE LA PRODUCCIÓN
3740,2023-09-05,2023-09-22,2,FACULTAD DE INGENIERÍA MECÁNICA Y CIENCIAS DE LA PRODUCCIÓN
3740,2023-09-25,2023-09-29,1,FACULTAD DE INGENIERÍA MECÁNICA Y CIENCIAS DE LA PRODUCCIÓN
3740,2023-10-02,2023-10-06,1,FACULTAD DE INGENIERÍA MECÁNICA Y CIENCIAS DE LA PRODUCCIÓN
3740,2023-10-13,2023-10-16,1,FACULTAD DE INGENIERÍA MECÁNICA Y CIENCIAS DE LA PRODUCCIÓN
3740,2024-04-15,2024-04-27,2,VICERRECTORADO DE DOCENCIA
3740,2024-05-19,2024-06-06,2,VICERRECTORADO DE DOCENCIA
3740,2024-06-12,2024-06-15,1,VICERRECTORADO DE DOCENCIA
3740,2024-07-21,2024-07-26,1,VICERRECTORADO DE DOCENCIA
3740,2024-08-26,2024-08-31,1,VICERRECTORADO DE DOCENCIA
3740,2024-09-11,2024-09-30,1,VICERRECTORADO DE DOCENCIA
3740,2024-10-16,2024-10-19,1,VICERRECTORADO DE DOCENCIA
3740,2024-11-17,2024-11-21,1,VICERRECTORADO DE DOCENCIA
3740,2025-01-28,2025-01-30,1,VICERRECTORADO DE DOCENCIA
3740,2025-03-07,2025-03-11,1,VICERRECTORADO DE DOCENCIA
3740,2025-03-19,2025-03-21,1,VICERRECTORADO DE DOCENCIA
3740,2025-03-25,2025-03-28,1,VICERRECTORADO DE DOCENCIA
3740,2025-05-20,2025-05-26,1,VICERRECTORADO DE DOCENCIA
3740,2025-06-12,2025-07-01,1,VICERRECTORADO DE DOCENCIA
3740,2025-07-25,2025-08-08,1,VICERRECTORADO DE DOCENCIA
3740,2025-10-12,2025-10-14,1,VICERRECTORADO DE DOCENCIA
3740,2025-10-20,2025-10-21,1,VICERRECTORADO DE DOCENCIA
3740,2025-11-09,2025-11-15,1,VICERRECTORADO DE DOCENCIA
3740,2025-11-18,2025-11-22,1,VICERRECTORADO DE DOCENCIA
3740,2026-01-05,2026-01-14,1,VICERRECTORADO DE DOCENCIA
3740,2026-03-28,2026-04-07,1,VICERRECTORADO DE DOCENCIA
3740,2026-04-10,2026-04-17,1,VICERRECTORADO DE DOCENCIA
3740,2026-04-20,2026-04-24,1,VICERRECTORADO DE DOCENCIA
3740,2026-05-08,2026-05-08,1,VICERRECTORADO DE DOCENCIA
3740,2026-05-25,2026-05-31,1,VICERRECTORADO DE DOCENCIA
3740,2026-06-22,2026-06-24,1,VICERRECTORADO DE DOCENCIA
3740,2026-07-01,2026-07-05,1,VICERRECTORADO DE DOCENCIA
3740,2026-07-10,2026-07-10,1,VICERRECTORADO DE DOCENCIA
3740,2020-10-03,2020-10-08,1,DESCONOCIDA
3740,2023-11-06,2023-11-06,1,FACULTAD DE INGENIERÍA MECÁNICA Y CIENCIAS DE LA PRODUCCIÓN
3740,2023-11-20,,18,DECANATO DE GRADO
3740,2026-07-28,2026-08-03,1,VICERRECTORADO DE DOCENCIA
3758,1998-05-25,1998-10-02,1,DESCONOCIDA
3758,1998-10-19,1999-03-02,1,DESCONOCIDA
3758,1999-05-25,1999-10-02,1,DESCONOCIDA
3760,2006-10-17,2007-03-06,1,DESCONOCIDA
3760,2007-05-14,2007-09-22,1,DESCONOCIDA
3760,2007-10-15,2008-03-05,1,DESCONOCIDA
3760,2008-05-19,2008-09-26,1,DESCONOCIDA
3760,2008-10-13,2009-03-02,1,DESCONOCIDA
3760,2009-05-18,2009-09-25,1,DESCONOCIDA
3760,2009-10-12,2010-03-02,2,DESCONOCIDA
3760,2010-05-17,2011-05-16,1,DESCONOCIDA
3760,2015-01-01,2015-03-13,1,FACULTAD DE INGENIERÍA EN CIENCIAS DE LA TIERRA
3760,2015-05-11,2015-10-02,1,FACULTAD DE INGENIERÍA EN CIENCIAS DE LA TIERRA
3760,2011-09-25,2013-05-12,2,DESCONOCIDA
3760,2015-10-19,2016-02-28,1,FACULTAD DE INGENIERÍA EN CIENCIAS DE LA TIERRA
3760,2016-05-02,2016-12-31,2,DESCONOCIDA
3760,2017-01-01,2025-02-14,22,FACULTAD DE INGENIERÍA EN CIENCIAS DE LA TIERRA
3765,1994-10-17,1995-03-03,1,DESCONOCIDA
3765,1995-05-22,1995-10-06,1,DESCONOCIDA
3765,1995-10-30,1996-03-17,1,DESCONOCIDA
3765,1996-05-21,1996-09-27,1,DESCONOCIDA
3765,1996-10-14,1997-02-28,1,DESCONOCIDA
3765,1997-05-26,1997-10-03,1,DESCONOCIDA
3765,1997-10-20,1998-02-27,2,DESCONOCIDA
3765,1998-05-25,1998-10-02,1,DESCONOCIDA
3765,1999-05-25,2000-03-03,2,DESCONOCIDA
3765,2000-05-15,2000-09-22,3,DESCONOCIDA
3765,2000-10-10,2001-02-23,3,DESCONOCIDA
3765,2001-03-12,2001-05-04,1,DESCONOCIDA
3765,2001-05-21,2001-09-28,4,DESCONOCIDA
3765,2001-10-22,2002-03-02,4,DESCONOCIDA
3765,2002-05-20,2002-09-27,3,DESCONOCIDA
3765,2004-05-17,2004-09-25,2,DESCONOCIDA
3765,2005-10-17,2006-03-03,1,DESCONOCIDA
3765,2015-01-01,2015-03-13,1,DESCONOCIDA
3765,2015-10-01,2016-12-31,1,FACULTAD DE CIENCIAS SOCIALES Y HUMANÍSTICAS
3765,2017-01-01,2017-12-31,1,DESCONOCIDA
3765,2018-01-01,2020-02-21,3,FACULTAD DE CIENCIAS SOCIALES Y HUMANÍSTICAS
3771,2008-12-01,2010-01-01,3,DESCONOCIDA
3771,2015-01-01,2022-01-01,17,UNIDAD DE BIENESTAR ESTUDIANTIL Y POLITÉCNICO
3773,2006-05-15,2006-09-23,2,DESCONOCIDA
3773,2006-10-17,2007-03-06,2,DESCONOCIDA
3773,2007-05-14,2007-09-22,1,DESCONOCIDA
3773,2007-10-15,2008-03-05,1,DESCONOCIDA
3773,2008-05-19,2008-09-26,1,DESCONOCIDA
3773,2008-10-13,2009-03-02,1,DESCONOCIDA
3773,2009-05-18,2009-09-25,1,DESCONOCIDA
3773,2009-10-12,2009-12-31,1,DESCONOCIDA
3773,2011-09-25,2014-04-08,2,DESCONOCIDA
3773,2014-04-09,,27,FACULTAD DE CIENCIAS SOCIALES Y HUMANÍSTICAS
3774,2016-10-17,2016-12-31,1,DESCONOCIDA
3774,2017-01-01,2026-02-13,20,FACULTAD DE CIENCIAS NATURALES Y MATEMÁTICAS
3775,2006-07-01,2010-09-30,7,DESCONOCIDA
3775,2011-05-01,2012-05-31,1,DESCONOCIDA
3775,2013-01-07,2014-05-31,1,DESCONOCIDA
3775,2012-01-01,2013-01-06,3,DIRECCIÓN DE LA SECRETARÍA TÉCNICA DE ASEGURAMIENTO DE LA CALIDAD DE LA EDUCACIÓN SUPERIOR
3775,2015-05-18,2015-05-18,1,DESCONOCIDA
3775,2017-12-01,2018-11-01,2,DESCONOCIDA
3775,2019-01-01,2019-10-31,1,DESCONOCIDA
3775,2019-03-06,2019-03-24,1,CENTRO DE INVESTIGACIONES Y SERVICIOS EDUCATIVOS
3775,2020-08-06,2023-03-10,16,CENTRO DE INVESTIGACIONES Y SERVICIOS EDUCATIVOS
3775,2023-04-17,2023-05-08,1,CENTRO DE INVESTIGACIONES Y SERVICIOS EDUCATIVOS
3775,2023-07-14,2023-07-14,1,CENTRO DE INVESTIGACIONES Y SERVICIOS EDUCATIVOS
3775,2023-07-17,2023-07-21,1,CENTRO DE INVESTIGACIONES Y SERVICIOS EDUCATIVOS
3775,2023-08-09,2023-08-10,1,CENTRO DE INVESTIGACIONES Y SERVICIOS EDUCATIVOS
3775,2023-08-14,2023-08-14,1,CENTRO DE INVESTIGACIONES Y SERVICIOS EDUCATIVOS
3775,2023-08-16,2023-08-16,1,CENTRO DE INVESTIGACIONES Y SERVICIOS EDUCATIVOS
3775,2023-08-18,2023-08-18,1,CENTRO DE INVESTIGACIONES Y SERVICIOS EDUCATIVOS
3775,2023-09-05,2023-09-13,2,CENTRO DE INVESTIGACIONES Y SERVICIOS EDUCATIVOS
3775,2023-10-10,2023-10-13,1,CENTRO DE INVESTIGACIONES Y SERVICIOS EDUCATIVOS
3775,2023-10-17,2023-10-20,1,CENTRO DE INVESTIGACIONES Y SERVICIOS EDUCATIVOS
3775,2023-11-22,2023-11-27,1,CENTRO DE INVESTIGACIONES Y SERVICIOS EDUCATIVOS
3775,2023-12-14,2023-12-14,1,CENTRO DE INVESTIGACIONES Y SERVICIOS EDUCATIVOS
3775,2023-12-26,2023-12-29,1,CENTRO DE INVESTIGACIONES Y SERVICIOS EDUCATIVOS
3775,2024-02-27,2024-03-01,1,CENTRO DE INVESTIGACIONES Y SERVICIOS EDUCATIVOS
3775,2024-03-27,2024-04-12,1,CENTRO DE INVESTIGACIONES Y SERVICIOS EDUCATIVOS
3775,2024-05-27,2024-05-29,1,CENTRO DE INVESTIGACIONES Y SERVICIOS EDUCATIVOS
3775,2024-07-18,2024-07-19,1,CENTRO DE INVESTIGACIONES Y SERVICIOS EDUCATIVOS
3775,2024-07-29,2024-08-03,1,CENTRO DE INVESTIGACIONES Y SERVICIOS EDUCATIVOS
3775,2024-09-09,2024-09-13,1,CENTRO DE INVESTIGACIONES Y SERVICIOS EDUCATIVOS
3775,2024-09-18,2024-09-20,1,CENTRO DE INVESTIGACIONES Y SERVICIOS EDUCATIVOS
3775,2024-09-23,2024-09-24,1,CENTRO DE INVESTIGACIONES Y SERVICIOS EDUCATIVOS
3775,2024-12-26,2024-12-31,1,CENTRO DE INVESTIGACIONES Y SERVICIOS EDUCATIVOS
3775,2025-01-20,2025-01-27,1,CENTRO DE INVESTIGACIONES Y SERVICIOS EDUCATIVOS
3775,2025-02-26,2025-02-26,1,CENTRO DE INVESTIGACIONES Y SERVICIOS EDUCATIVOS
3775,2025-02-28,2025-02-28,1,CENTRO DE INVESTIGACIONES Y SERVICIOS EDUCATIVOS
3775,2025-03-06,2025-03-14,1,CENTRO DE INVESTIGACIONES Y SERVICIOS EDUCATIVOS
3775,2025-04-14,2025-04-15,1,CENTRO DE INVESTIGACIONES Y SERVICIOS EDUCATIVOS
3775,2025-07-18,2025-07-18,1,CENTRO DE INVESTIGACIONES Y SERVICIOS EDUCATIVOS
3775,2025-07-28,2025-08-08,1,CENTRO DE INVESTIGACIONES Y SERVICIOS EDUCATIVOS
3775,2025-09-15,2025-09-19,1,CENTRO DE INVESTIGACIONES Y SERVICIOS EDUCATIVOS
3775,2025-11-09,2025-11-15,1,CENTRO DE INVESTIGACIONES Y SERVICIOS EDUCATIVOS
3775,2026-03-04,2026-03-04,1,CENTRO DE INVESTIGACIONES Y SERVICIOS EDUCATIVOS
3775,2026-04-06,2026-04-10,1,CENTRO DE INVESTIGACIONES Y SERVICIOS EDUCATIVOS
3775,2026-06-12,2026-06-12,1,CENTRO DE INVESTIGACIONES Y SERVICIOS EDUCATIVOS
3775,2026-06-15,2026-06-29,1,CENTRO DE INVESTIGACIONES Y SERVICIOS EDUCATIVOS
3775,2026-07-27,2026-08-02,1,CENTRO DE INVESTIGACIONES Y SERVICIOS EDUCATIVOS
3775,2026-08-05,2026-08-07,1,CENTRO DE INVESTIGACIONES Y SERVICIOS EDUCATIVOS
3775,2026-08-11,2026-08-14,2,CENTRO DE INVESTIGACIONES Y SERVICIOS EDUCATIVOS
3775,2020-03-09,2020-08-05,1,DESCONOCIDA
3775,2010-10-01,2017-11-30,4,CENTRO DE PROMOCIÓN Y EMPLEO
3775,2015-05-18,2020-03-08,5,DIRECCIÓN DE LA SECRETARÍA TÉCNICA DE ASEGURAMIENTO DE LA CALIDAD DE LA EDUCACIÓN SUPERIOR
3775,2014-06-01,2014-06-01,1,GERENCIA ADMINISTRATIVA
3775,2026-08-27,,1,CENTRO DE INVESTIGACIONES Y SERVICIOS EDUCATIVOS
3775,2019-11-01,2019-11-01,1,CENTRO NACIONAL DE ACUICULTURA E INVESTIGACIONES MARINAS
3776,2004-12-09,2014-12-31,9,DESCONOCIDA
3776,2015-01-01,2023-11-30,12,FACULTAD DE INGENIERÍA MECÁNICA Y CIENCIAS DE LA PRODUCCIÓN
3776,2023-12-01,,25,DECANATO DE GRADO
3777,2005-05-16,2005-09-24,1,DESCONOCIDA
3777,2006-05-16,2009-03-02,5,DESCONOCIDA
3777,2009-05-18,2016-12-31,9,DESCONOCIDA
3777,2017-01-01,,30,FACULTAD DE CIENCIAS SOCIALES Y HUMANÍSTICAS
3783,2006-05-16,2007-05-15,1,DESCONOCIDA
3783,2008-05-19,2008-09-26,2,DESCONOCIDA
3783,2014-01-01,2014-12-31,1,FACULTAD DE CIENCIAS SOCIALES Y HUMANÍSTICAS
3783,2015-01-01,2016-12-31,3,DESCONOCIDA
3783,2017-01-01,,31,FACULTAD DE CIENCIAS SOCIALES Y HUMANÍSTICAS
3788,2013-05-13,2014-09-30,1,DESCONOCIDA
3788,2014-10-01,,32,FACULTAD DE CIENCIAS SOCIALES Y HUMANÍSTICAS
3792,2000-11-01,2003-04-30,3,DESCONOCIDA
3792,2004-01-01,2004-12-30,1,DESCONOCIDA
3792,2015-01-01,2016-12-31,1,CENTRO DE TECNOLOGÍAS DE LA INFORMACIÓN
3792,2005-04-01,2006-03-31,1,DESCONOCIDA
3792,2017-01-03,2017-02-28,1,CENTRO DE TECNOLOGÍAS DE LA INFORMACIÓN
3792,2017-03-01,2017-07-01,2,DESCONOCIDA
3792,2017-07-01,2023-12-01,25,CENTRO DE TECNOLOGÍAS DE LA INFORMACIÓN
3796,2012-05-14,2013-09-20,2,DESCONOCIDA
3796,2013-10-14,2013-12-31,1,DESCONOCIDA
3796,2014-05-12,2014-12-31,1,DESCONOCIDA
3796,2016-01-01,2017-12-31,2,DESCONOCIDA
3796,2014-10-01,2015-12-31,1,UNIDAD DE BIENESTAR ESTUDIANTIL Y POLITÉCNICO
3796,2018-01-01,2023-02-17,14,FACULTAD DE CIENCIAS SOCIALES Y HUMANÍSTICAS
3800,2006-05-15,2006-09-23,1,DESCONOCIDA
3800,2007-10-15,2008-03-05,1,DESCONOCIDA
3800,2008-05-19,2008-09-26,2,DESCONOCIDA
3800,2008-10-13,2009-03-02,1,DESCONOCIDA
3800,2009-05-18,2011-12-31,4,DESCONOCIDA
3800,2012-11-13,2014-01-01,4,DESCONOCIDA
3800,2015-01-01,2015-03-13,1,FACULTAD DE INGENIERÍA MECÁNICA Y CIENCIAS DE LA PRODUCCIÓN
3800,2015-05-11,2015-10-02,1,FACULTAD DE INGENIERÍA MECÁNICA Y CIENCIAS DE LA PRODUCCIÓN
3800,2014-05-12,2014-12-31,2,DESCONOCIDA
3800,2015-10-19,2015-12-31,1,FACULTAD DE INGENIERÍA MECÁNICA Y CIENCIAS DE LA PRODUCCIÓN
3800,2016-10-10,2017-03-17,2,FACULTAD DE INGENIERÍA MECÁNICA Y CIENCIAS DE LA PRODUCCIÓN
3800,2017-05-02,2017-09-22,1,FACULTAD DE INGENIERÍA MECÁNICA Y CIENCIAS DE LA PRODUCCIÓN
3800,2018-05-02,2018-09-21,1,FACULTAD DE INGENIERÍA MECÁNICA Y CIENCIAS DE LA PRODUCCIÓN
3800,2019-01-01,2019-02-22,1,FACULTAD DE INGENIERÍA MECÁNICA Y CIENCIAS DE LA PRODUCCIÓN
3800,2019-05-13,2019-09-20,2,FACULTAD DE INGENIERÍA MECÁNICA Y CIENCIAS DE LA PRODUCCIÓN
3800,2020-01-01,2020-02-21,1,FACULTAD DE INGENIERÍA MECÁNICA Y CIENCIAS DE LA PRODUCCIÓN
3800,2020-06-01,2020-09-30,1,FACULTAD DE INGENIERÍA MECÁNICA Y CIENCIAS DE LA PRODUCCIÓN
3800,2020-10-12,2021-02-19,2,FACULTAD DE INGENIERÍA MECÁNICA Y CIENCIAS DE LA PRODUCCIÓN
3800,2021-05-18,2021-09-24,1,FACULTAD DE INGENIERÍA MECÁNICA Y CIENCIAS DE LA PRODUCCIÓN
3800,2021-10-04,2022-02-18,2,FACULTAD DE INGENIERÍA MECÁNICA Y CIENCIAS DE LA PRODUCCIÓN
3800,2022-05-17,2022-09-23,1,FACULTAD DE INGENIERÍA MECÁNICA Y CIENCIAS DE LA PRODUCCIÓN
3800,2022-10-03,2023-02-17,2,FACULTAD DE INGENIERÍA MECÁNICA Y CIENCIAS DE LA PRODUCCIÓN
3800,2016-05-02,2016-09-23,1,DESCONOCIDA
3800,2023-05-22,,5,FACULTAD DE INGENIERÍA MECÁNICA Y CIENCIAS DE LA PRODUCCIÓN
3800,2017-09-01,,32,RECTORADO
3800,2017-10-04,2018-03-02,2,VICERRECTORADO ACADÉMICO
3801,2007-11-01,2009-03-02,3,DESCONOCIDA
3801,2013-05-13,2013-12-31,1,DESCONOCIDA
3801,2014-10-01,2016-12-31,4,DESCONOCIDA
3801,2017-01-01,,31,FACULTAD DE CIENCIAS SOCIALES Y HUMANÍSTICAS
3802,2008-10-02,2008-12-30,1,DESCONOCIDA
3802,2015-01-01,2016-12-31,1,FACULTAD DE CIENCIAS SOCIALES Y HUMANÍSTICAS
3802,2012-08-21,2014-12-31,3,DESCONOCIDA
3802,2019-01-01,,26,FACULTAD DE CIENCIAS SOCIALES Y HUMANÍSTICAS
3807,2005-05-16,2005-09-24,1,DESCONOCIDA
3807,2007-10-15,2008-03-05,1,DESCONOCIDA
3807,2008-05-19,2008-09-26,1,DESCONOCIDA
3807,2008-10-13,2009-03-02,1,DESCONOCIDA
3807,2012-05-14,2014-12-31,3,DESCONOCIDA
3807,2015-01-01,,35,FACULTAD DE CIENCIAS SOCIALES Y HUMANÍSTICAS
3807,2017-06-05,2017-06-16,2,CENTRO DE INVESTIGACIONES Y SERVICIOS EDUCATIVOS
3808,2009-01-01,2017-06-30,5,DESCONOCIDA
3808,2018-09-10,2018-09-16,1,CENTRO NACIONAL DE ACUICULTURA E INVESTIGACIONES MARINAS
3808,2018-11-15,2018-11-15,1,CENTRO NACIONAL DE ACUICULTURA E INVESTIGACIONES MARINAS
3808,2017-10-01,2018-12-31,1,DESCONOCIDA
3808,2018-12-17,,49,CENTRO NACIONAL DE ACUICULTURA E INVESTIGACIONES MARINAS
3810,2018-01-02,2018-12-31,1,UNIDAD DE BIENESTAR ESTUDIANTIL Y POLITÉCNICO
3810,2019-01-02,2019-12-31,1,UNIDAD DE BIENESTAR ESTUDIANTIL Y POLITÉCNICO
3810,2017-01-03,2017-12-31,1,FACULTAD DE INGENIERÍA MECÁNICA Y CIENCIAS DE LA PRODUCCIÓN
3810,2020-01-02,2020-12-31,1,UNIDAD DE BIENESTAR ESTUDIANTIL Y POLITÉCNICO
3810,2026-02-10,,2,GERENCIA DE BIENESTAR POLITÉCNICO
3811,2007-10-15,2008-03-05,1,DESCONOCIDA
3811,2008-05-19,2008-09-26,4,DESCONOCIDA
3811,2008-10-13,2009-03-02,1,DESCONOCIDA
3811,2009-05-18,2009-09-25,1,DESCONOCIDA
3811,2009-10-12,2010-03-02,2,DESCONOCIDA
3811,2017-01-01,2020-02-21,4,FACULTAD DE CIENCIAS NATURALES Y MATEMÁTICAS
3811,2014-10-01,2016-12-31,2,DESCONOCIDA
3811,2020-09-15,,18,FACULTAD DE CIENCIAS NATURALES Y MATEMÁTICAS
3814,1996-06-24,1996-12-24,1,DESCONOCIDA
3814,2006-10-13,2014-12-31,9,DESCONOCIDA
3814,2015-01-01,2020-08-05,8,DIRECCIÓN DE LA SECRETARÍA TÉCNICA DE ASEGURAMIENTO DE LA CALIDAD DE LA EDUCACIÓN SUPERIOR
3814,2020-08-06,2023-05-01,10,SECRETARÍA TÉCNICA DE ASEGURAMIENTO DE LA CALIDAD
3814,2023-05-02,2024-06-02,15,DIRECCIÓN DE TALENTO HUMANO
3814,2024-06-03,2026-01-07,12,ESCUELA DE POSTGRADO EN ADMINISTRACIÓN DE EMPRESAS
3814,2026-01-08,,9,GERENCIA DE PLANIFICACIÓN ESTRATÉGICA
3818,2006-09-28,2014-12-31,8,DESCONOCIDA
3818,2015-01-01,,42,SECRETARIA ADMINISTRATIVA
3820,2018-10-01,2023-02-28,15,FACULTAD DE CIENCIAS SOCIALES Y HUMANÍSTICAS
3820,2006-05-16,2008-10-31,4,DESCONOCIDA
3820,2023-05-15,2024-05-05,6,FACULTAD DE CIENCIAS SOCIALES Y HUMANÍSTICAS
3821,2005-01-01,2007-12-31,4,DESCONOCIDA
3821,2008-02-01,2009-12-31,1,DESCONOCIDA
3821,2015-10-05,2016-12-31,1,FACULTAD DE CIENCIAS DE LA VIDA
3821,2017-01-01,2017-12-31,1,DESCONOCIDA
3821,2018-01-01,2019-02-22,3,FACULTAD DE CIENCIAS DE LA VIDA
3829,1991-02-01,1998-01-30,7,DESCONOCIDA
3829,2004-02-01,2005-01-30,1,DESCONOCIDA
3829,2006-07-01,2008-12-31,3,DESCONOCIDA
3829,2011-09-25,2014-10-31,2,DESCONOCIDA
3829,2019-10-31,2019-11-05,1,DESCONOCIDA
3829,2019-11-15,2019-11-21,1,DESCONOCIDA
3829,2014-11-01,2025-09-11,34,FACULTAD DE CIENCIAS SOCIALES Y HUMANÍSTICAS
3850,1999-12-08,2003-03-30,1,DESCONOCIDA
3850,2006-01-01,2015-12-31,4,DESCONOCIDA
3850,2016-01-01,2016-12-31,1,FACULTAD DE CIENCIAS DE LA VIDA
3850,2017-01-01,2018-12-31,2,DESCONOCIDA
3850,2019-01-01,2025-01-31,10,FACULTAD DE CIENCIAS DE LA VIDA
3852,1998-02-02,2015-12-31,4,DESCONOCIDA
3852,2016-01-01,2016-12-31,1,DIRECCIÓN DE SERVICIOS GENERALES
3852,2017-01-01,2018-12-31,2,DESCONOCIDA
3852,2019-01-01,2023-03-31,10,DIRECCIÓN DE SERVICIOS GENERALES
3853,2000-02-28,2015-12-31,5,DESCONOCIDA
3853,2016-01-01,2016-12-31,1,DIRECCIÓN DE SERVICIOS GENERALES
3853,2017-01-01,2018-12-31,2,DESCONOCIDA
3853,2019-01-01,,18,DIRECCIÓN DE SERVICIOS GENERALES
3856,2013-01-01,2015-12-31,3,DESCONOCIDA
3856,2016-01-01,2016-12-31,1,DIRECCIÓN DE SERVICIOS GENERALES
3856,2017-01-01,2018-12-31,2,DESCONOCIDA
3856,2019-01-01,2022-07-31,6,DIRECCIÓN DE SERVICIOS GENERALES
3858,1999-07-01,2015-12-31,4,DESCONOCIDA
3858,2016-01-01,2016-12-31,1,DIRECCIÓN DE SERVICIOS GENERALES
3858,2017-01-01,2018-12-31,2,DESCONOCIDA
3858,2019-01-01,2026-03-31,23,DIRECCIÓN DE SERVICIOS GENERALES
3859,2000-03-09,2015-12-31,4,DESCONOCIDA
3859,2017-01-01,2018-12-31,2,DESCONOCIDA
3859,2016-01-01,2016-12-31,1,FACULTAD DE INGENIERÍA MECÁNICA Y CIENCIAS DE LA PRODUCCIÓN
3859,2019-01-01,,20,DIRECCIÓN DE SERVICIOS GENERALES
3862,2006-06-01,2015-12-31,4,DESCONOCIDA
3862,2016-01-01,2016-12-31,1,FACULTAD DE CIENCIAS NATURALES Y MATEMÁTICAS
3862,2017-01-01,2018-12-31,2,DESCONOCIDA
3862,2019-01-01,,22,FACULTAD DE CIENCIAS NATURALES Y MATEMÁTICAS
3863,1993-11-01,2015-12-31,4,DESCONOCIDA
3863,2016-01-01,2016-12-31,1,DIRECCIÓN DE SERVICIOS GENERALES
3863,2017-01-01,2018-12-31,2,DESCONOCIDA
3863,2019-01-01,,16,DIRECCIÓN DE SERVICIOS GENERALES
3864,1999-07-01,1999-09-30,1,DESCONOCIDA
3864,1999-12-01,1999-12-31,1,DESCONOCIDA
3864,2000-03-01,2015-12-31,5,DESCONOCIDA
3864,2016-01-01,2016-12-31,1,FACULTAD DE INGENIERÍA EN ELECTRICIDAD Y COMPUTACIÓN
3864,2017-01-01,2018-12-31,2,DESCONOCIDA
3864,2019-01-01,,15,FACULTAD DE INGENIERÍA EN ELECTRICIDAD Y COMPUTACIÓN
3865,2013-01-01,2015-12-31,3,DESCONOCIDA
3865,2016-01-01,2016-12-31,1,DIRECCIÓN DE ADMISIONES
3865,2017-01-01,2018-12-31,2,DESCONOCIDA
3865,2019-01-01,2021-04-20,2,DIRECCIÓN DE ADMISIONES
3866,1999-06-01,2015-12-31,4,DESCONOCIDA
3866,2016-01-01,2016-12-31,1,DIRECCIÓN DE SERVICIOS GENERALES
3866,2017-01-01,2018-12-31,2,DESCONOCIDA
3866,2019-01-01,,19,DIRECCIÓN DE SERVICIOS GENERALES
3867,1998-06-01,2015-12-31,4,DESCONOCIDA
3867,2016-01-01,2016-12-31,1,DIRECCIÓN DE SERVICIOS GENERALES
3867,2017-01-01,2018-12-31,2,DESCONOCIDA
3867,2019-01-01,,34,DIRECCIÓN DE SERVICIOS GENERALES
3869,1993-11-29,1994-03-31,2,DESCONOCIDA
3869,1998-12-14,1999-04-30,1,DESCONOCIDA
3869,1999-06-09,2015-12-31,5,DESCONOCIDA
3869,2016-01-01,2016-12-31,1,DIRECCIÓN DE SERVICIOS GENERALES
3869,2017-01-01,2018-12-31,2,DESCONOCIDA
3869,2019-01-01,,19,DIRECCIÓN DE SERVICIOS GENERALES
3870,1997-05-01,2015-12-31,4,DESCONOCIDA
3870,2016-01-01,2016-12-31,1,DIRECCIÓN DE SERVICIOS GENERALES
3870,2017-01-01,2018-12-31,2,DESCONOCIDA
3870,2019-01-01,,54,DIRECCIÓN DE SERVICIOS GENERALES
3871,2004-04-01,2015-12-31,4,DESCONOCIDA
3871,2016-01-01,2016-12-31,1,CENTRO DE INFORMACIÓN BIBLIOTECARIA
3871,2017-01-01,2018-12-31,2,DESCONOCIDA
3871,2019-01-01,,20,CENTRO DE INFORMACIÓN BIBLIOTECARIA
3872,2005-12-26,2015-12-31,4,DESCONOCIDA
3872,2016-01-01,2016-12-31,1,DIRECCIÓN DE ADMISIONES
3872,2017-01-01,2018-12-31,2,DESCONOCIDA
3872,2019-01-01,,23,DIRECCIÓN DE ADMISIONES
3874,1992-09-01,1992-12-31,1,DESCONOCIDA
3874,1993-03-01,2015-12-31,16,DESCONOCIDA
3874,2016-01-01,2016-12-31,1,FACULTAD DE INGENIERÍA MARÍTIMA Y CIENCIAS DEL MAR
3874,2017-01-01,2018-12-31,2,DESCONOCIDA
3874,2019-01-01,,33,FACULTAD DE INGENIERÍA MARÍTIMA Y CIENCIAS DEL MAR
3875,2013-01-01,2015-12-31,3,DESCONOCIDA
3875,2016-01-01,2016-12-31,1,DIRECCIÓN DE SERVICIOS GENERALES
3875,2017-01-01,2018-12-31,2,DESCONOCIDA
3875,2019-01-01,2023-10-31,6,DIRECCIÓN DE SERVICIOS GENERALES
3877,2001-04-01,2015-12-31,4,DESCONOCIDA
3877,2016-01-01,2016-12-31,1,DIRECCIÓN DE SERVICIOS GENERALES
3877,2017-01-01,2018-12-31,2,DESCONOCIDA
3877,2019-01-01,,37,DIRECCIÓN DE SERVICIOS GENERALES
3878,1995-10-18,2015-12-31,4,DESCONOCIDA
3878,2016-01-01,2016-12-31,1,FACULTAD DE CIENCIAS NATURALES Y MATEMÁTICAS
3878,2017-01-01,2018-12-31,2,DESCONOCIDA
3878,2019-01-01,,30,FACULTAD DE CIENCIAS NATURALES Y MATEMÁTICAS
3879,1996-06-10,2015-12-31,4,DESCONOCIDA
3879,2016-01-01,2016-12-31,1,DIRECCIÓN DE SERVICIOS GENERALES
3879,2017-01-01,2018-12-31,2,DESCONOCIDA
3879,2019-01-01,2019-12-31,1,DIRECCIÓN DE SERVICIOS GENERALES
3879,2020-01-01,,19,GERENCIA DE BIENESTAR POLITÉCNICO
3880,1993-11-29,1994-03-26,2,DESCONOCIDA
3880,1999-05-09,2015-12-31,5,DESCONOCIDA
3880,2016-01-01,2016-12-31,1,"VICERRECTORADO DE INVESTIGACIÓN, DESARROLLO E INNOVACIÓN"
3880,2017-01-01,2018-12-31,2,DESCONOCIDA
3880,2019-01-01,,21,"VICERRECTORADO DE INVESTIGACIÓN, DESARROLLO E INNOVACIÓN"
3881,1999-12-13,1999-12-31,1,DESCONOCIDA
3881,2000-01-13,2015-12-31,4,DESCONOCIDA
3881,2016-01-01,2016-12-31,1,FACULTAD DE INGENIERÍA EN ELECTRICIDAD Y COMPUTACIÓN
3881,2017-01-01,2018-12-31,2,DESCONOCIDA
3881,2019-01-01,,15,FACULTAD DE INGENIERÍA EN ELECTRICIDAD Y COMPUTACIÓN
3882,1999-09-01,2015-12-31,4,DESCONOCIDA
3882,2016-01-01,2016-12-31,1,DIRECCIÓN DE SERVICIOS GENERALES
3882,2017-01-01,2018-12-31,2,DESCONOCIDA
3882,2019-01-01,,40,DIRECCIÓN DE SERVICIOS GENERALES
3883,2000-03-01,2015-12-31,4,DESCONOCIDA
3883,2016-01-01,2016-12-31,1,VICERRECTORADO ACADÉMICO
3883,2019-01-01,2020-12-31,2,VICERRECTORADO ACADÉMICO
3883,2017-01-01,2018-12-31,2,DESCONOCIDA
3883,2022-03-15,2022-04-04,1,VICERRECTORADO ACADÉMICO
3883,2021-01-01,,19,VICERRECTORADO DE DOCENCIA
3884,1999-05-02,2015-12-31,4,DESCONOCIDA
3884,2016-01-01,2016-12-31,1,DIRECCIÓN DE SERVICIOS GENERALES
3884,2017-01-01,2018-12-31,2,DESCONOCIDA
3884,2019-01-01,,43,DIRECCIÓN DE SERVICIOS GENERALES
3886,1998-04-01,2015-12-31,4,DESCONOCIDA
3886,2016-01-01,2016-12-31,1,DIRECCIÓN DE SERVICIOS GENERALES
3886,2017-01-01,2018-12-31,2,DESCONOCIDA
3886,2019-01-01,,24,DIRECCIÓN DE SERVICIOS GENERALES
3887,2004-04-02,2015-12-31,5,DESCONOCIDA
3887,2016-01-01,2016-12-31,1,DIRECCIÓN DE SERVICIOS GENERALES
3887,2017-01-01,2018-12-31,2,DESCONOCIDA
3887,2019-01-01,,23,DIRECCIÓN DE SERVICIOS GENERALES
3889,2000-03-01,2015-12-31,4,DESCONOCIDA
3889,2016-01-01,2016-12-31,1,FACULTAD DE INGENIERÍA EN ELECTRICIDAD Y COMPUTACIÓN
3889,2017-01-01,2018-12-31,2,DESCONOCIDA
3889,2019-01-01,,17,FACULTAD DE INGENIERÍA EN ELECTRICIDAD Y COMPUTACIÓN
3890,1997-01-13,2015-12-31,4,DESCONOCIDA
3890,2016-01-01,2016-12-31,1,DIRECCIÓN DE SERVICIOS GENERALES
3890,2017-01-01,2018-12-31,2,DESCONOCIDA
3890,2019-01-01,,25,DIRECCIÓN DE SERVICIOS GENERALES
3892,1999-07-01,2015-12-31,4,DESCONOCIDA
3892,2016-01-01,2016-12-31,1,DIRECCIÓN DE SERVICIOS GENERALES
3892,2017-01-01,2018-12-31,2,DESCONOCIDA
3892,2019-01-01,,17,DIRECCIÓN DE SERVICIOS GENERALES
3893,1999-12-17,2001-06-30,1,DESCONOCIDA
3893,2001-10-01,2015-12-31,4,DESCONOCIDA
3893,2016-01-01,2016-12-31,1,DIRECCIÓN DE SERVICIOS GENERALES
3893,2017-01-01,2018-12-31,2,DESCONOCIDA
3893,2019-01-01,,21,DIRECCIÓN DE SERVICIOS GENERALES
3895,2004-04-02,2015-12-31,4,DESCONOCIDA
3895,2016-01-01,2016-12-31,1,FACULTAD DE INGENIERÍA EN CIENCIAS DE LA TIERRA
3895,2017-01-01,2018-12-31,2,DESCONOCIDA
3895,2019-01-01,,31,FACULTAD DE INGENIERÍA EN CIENCIAS DE LA TIERRA
3896,2005-09-01,2015-12-31,4,DESCONOCIDA
3896,2016-01-01,2016-12-31,1,DIRECCIÓN DE SERVICIOS GENERALES
3896,2017-01-01,2018-12-31,2,DESCONOCIDA
3896,2019-01-01,,24,DIRECCIÓN DE SERVICIOS GENERALES
3897,2005-08-01,2015-12-31,4,DESCONOCIDA
3897,2016-01-01,2016-12-31,1,DIRECCIÓN DE ADMISIONES
3897,2017-01-01,2018-12-31,2,DESCONOCIDA
3897,2019-01-01,,25,DIRECCIÓN DE ADMISIONES
3898,1998-04-04,2015-12-31,4,DESCONOCIDA
3898,2016-01-01,2016-12-31,1,DIRECCIÓN DE SERVICIOS GENERALES
3898,2017-01-01,2018-12-31,2,DESCONOCIDA
3898,2019-01-01,,38,DIRECCIÓN DE SERVICIOS GENERALES
3901,2013-01-01,2015-12-31,3,DESCONOCIDA
3901,2016-01-01,2016-12-31,1,DIRECCIÓN DE SERVICIOS GENERALES
3901,2017-01-01,2018-12-31,2,DESCONOCIDA
3901,2019-01-01,2023-08-31,10,DIRECCIÓN DE SERVICIOS GENERALES
3902,1998-12-01,2015-12-31,4,DESCONOCIDA
3902,2016-01-01,2016-12-31,1,DIRECCIÓN DE SERVICIOS GENERALES
3902,2019-01-01,2024-12-31,17,DIRECCIÓN DE SERVICIOS GENERALES
3902,2017-01-01,2018-12-31,2,DESCONOCIDA
3902,2025-04-28,2025-05-16,1,DIRECCIÓN DE SERVICIOS GENERALES
3902,2025-01-01,,4,FACULTAD DE CIENCIAS NATURALES Y MATEMÁTICAS
3905,2001-01-01,2015-12-31,4,DESCONOCIDA
3905,2016-01-01,2016-12-31,1,DIRECCIÓN DE SERVICIOS GENERALES
3905,2017-01-01,2018-12-31,2,DESCONOCIDA
3905,2019-01-01,,16,DIRECCIÓN DE SERVICIOS GENERALES
3909,1999-07-01,2015-12-31,4,DESCONOCIDA
3909,2016-01-01,2016-12-31,1,DIRECCIÓN DE SERVICIOS GENERALES
3909,2017-01-01,2018-12-31,2,DESCONOCIDA
3909,2019-01-01,2021-05-31,2,DIRECCIÓN DE SERVICIOS GENERALES
3910,1999-12-14,2015-12-31,4,DESCONOCIDA
3910,2016-01-01,2016-12-31,1,DIRECCIÓN DE SERVICIOS GENERALES
3910,2017-01-01,2018-12-31,2,DESCONOCIDA
3910,2019-01-01,2025-07-31,7,DIRECCIÓN DE SERVICIOS GENERALES
3911,2013-01-01,2015-12-31,3,DESCONOCIDA
3911,2016-01-01,2016-12-31,1,DIRECCIÓN DE SERVICIOS GENERALES
3911,2017-01-01,2018-12-31,2,DESCONOCIDA
3911,2019-01-01,2022-10-31,9,DIRECCIÓN DE SERVICIOS GENERALES
3912,2013-01-01,2015-12-31,3,DESCONOCIDA
3912,2016-01-01,2016-12-31,1,DIRECCIÓN DE SERVICIOS GENERALES
3912,2017-01-01,2018-12-31,2,DESCONOCIDA
3912,2019-01-01,2021-10-31,2,DIRECCIÓN DE SERVICIOS GENERALES
3913,1999-12-01,2001-08-21,2,DESCONOCIDA
3913,2001-09-05,2015-12-31,5,DESCONOCIDA
3913,2016-01-01,2016-12-31,1,DIRECCIÓN DE SERVICIOS GENERALES
3913,2017-01-01,2018-12-31,2,DESCONOCIDA
3913,2019-01-01,2025-06-11,20,DIRECCIÓN DE SERVICIOS GENERALES
3914,1999-12-08,2015-12-31,4,DESCONOCIDA
3914,2016-01-01,2016-12-31,1,DIRECCIÓN DE SERVICIOS GENERALES
3914,2017-01-01,2018-12-31,2,DESCONOCIDA
3914,2019-01-01,2025-05-31,15,DIRECCIÓN DE SERVICIOS GENERALES
3915,1999-06-05,2015-12-31,4,DESCONOCIDA
3915,2016-01-01,2016-12-31,1,DIRECCIÓN DE SERVICIOS GENERALES
3915,2019-01-01,2022-12-31,4,DIRECCIÓN DE SERVICIOS GENERALES
3915,2023-02-01,2023-02-22,1,DIRECCIÓN DE SERVICIOS GENERALES
3915,2023-08-01,2023-08-04,1,DIRECCIÓN DE SERVICIOS GENERALES
3915,2023-12-26,2023-12-29,2,DIRECCIÓN DE SERVICIOS GENERALES
3915,2017-01-01,2018-12-31,2,DESCONOCIDA
3915,2024-01-22,2024-02-09,1,DIRECCIÓN DE SERVICIOS GENERALES
3915,2023-01-01,,13,DIRECCION DE SEGURIDAD FISICA
3916,2004-04-02,2015-12-31,4,DESCONOCIDA
3916,2016-01-01,2016-12-31,1,DIRECCIÓN DE SERVICIOS GENERALES
3916,2017-01-01,2018-12-31,2,DESCONOCIDA
3916,2019-01-01,2019-12-31,1,DIRECCIÓN DE SERVICIOS GENERALES
3916,2020-01-01,,20,FACULTAD DE CIENCIAS DE LA VIDA
3917,1998-12-10,2015-12-31,4,DESCONOCIDA
3917,2016-01-01,2016-12-31,1,DIRECCIÓN DE SERVICIOS GENERALES
3917,2017-01-01,2018-12-31,2,DESCONOCIDA
3917,2019-01-01,2026-01-31,21,DIRECCIÓN DE SERVICIOS GENERALES
3918,1999-07-01,2015-12-31,4,DESCONOCIDA
3918,2016-01-01,2016-12-31,1,FACULTAD DE CIENCIAS NATURALES Y MATEMÁTICAS
3918,2017-01-01,2018-12-31,2,DESCONOCIDA
3918,2019-01-01,,27,FACULTAD DE CIENCIAS NATURALES Y MATEMÁTICAS
3919,1999-06-08,2015-12-31,4,DESCONOCIDA
3919,2016-01-01,2016-12-31,1,DIRECCIÓN DE SERVICIOS GENERALES
3919,2019-01-01,2022-12-31,4,DIRECCIÓN DE SERVICIOS GENERALES
3919,2023-03-20,2023-04-18,1,DIRECCIÓN DE SERVICIOS GENERALES
3919,2017-01-01,2018-12-31,2,DESCONOCIDA
3919,2023-10-25,2023-11-08,1,DIRECCIÓN DE SERVICIOS GENERALES
3919,2023-01-01,,10,DIRECCION DE SEGURIDAD FISICA
3920,1998-06-02,2015-12-31,4,DESCONOCIDA
3920,2016-01-01,2016-12-31,1,DIRECCIÓN DE SERVICIOS GENERALES
3920,2017-01-01,2018-12-31,2,DESCONOCIDA
3920,2019-01-01,,32,DIRECCIÓN DE SERVICIOS GENERALES
3921,2000-03-01,2015-12-31,4,DESCONOCIDA
3921,2016-01-01,2016-12-31,1,DIRECCIÓN DE SERVICIOS GENERALES
3921,2017-01-01,2018-12-31,2,DESCONOCIDA
3921,2019-01-01,,19,DIRECCIÓN DE SERVICIOS GENERALES
3922,2002-03-01,2015-12-31,4,DESCONOCIDA
3922,2016-01-01,2016-12-31,1,DIRECCIÓN DE SERVICIOS GENERALES
3922,2017-01-01,2018-12-31,2,DESCONOCIDA
3922,2019-01-01,,12,DIRECCIÓN DE SERVICIOS GENERALES
3925,2004-04-01,2015-12-31,4,DESCONOCIDA
3925,2016-01-01,2016-12-31,1,DIRECCIÓN DE SERVICIOS GENERALES
3925,2017-01-01,2018-12-31,2,DESCONOCIDA
3925,2019-01-01,,19,DIRECCIÓN DE SERVICIOS GENERALES
3926,1998-02-02,2015-12-31,4,DESCONOCIDA
3926,2016-01-01,2016-12-31,1,CENTRO DE INFORMACIÓN BIBLIOTECARIA
3926,2017-01-01,2018-12-31,2,DESCONOCIDA
3926,2019-01-01,,27,CENTRO DE INFORMACIÓN BIBLIOTECARIA
3927,2000-02-29,2015-12-31,4,DESCONOCIDA
3927,2016-01-01,2016-12-31,1,CENTRO DE TECNOLOGÍAS DE LA INFORMACIÓN
3927,2017-01-01,2018-12-31,2,DESCONOCIDA
3927,2019-01-01,,18,CENTRO DE TECNOLOGÍAS DE LA INFORMACIÓN
3928,2000-03-01,2015-12-31,5,DESCONOCIDA
3928,2016-01-01,2016-12-31,1,FACULTAD DE CIENCIAS NATURALES Y MATEMÁTICAS
3928,2017-01-01,2018-12-31,2,DESCONOCIDA
3928,2019-01-01,,21,FACULTAD DE CIENCIAS NATURALES Y MATEMÁTICAS
3929,1999-12-01,2015-12-31,4,DESCONOCIDA
3929,2016-01-01,2016-12-31,1,DIRECCIÓN DE SERVICIOS GENERALES
3929,2017-01-01,2018-12-31,2,DESCONOCIDA
3929,2019-01-01,,31,DIRECCIÓN DE SERVICIOS GENERALES
3930,2000-02-01,2002-09-15,1,DESCONOCIDA
3930,2003-04-01,2015-12-31,4,DESCONOCIDA
3930,2016-01-01,2016-12-31,1,FACULTAD DE INGENIERÍA MECÁNICA Y CIENCIAS DE LA PRODUCCIÓN
3930,2017-01-01,2018-12-31,2,DESCONOCIDA
3930,2019-01-01,2019-12-31,1,FACULTAD DE INGENIERÍA MECÁNICA Y CIENCIAS DE LA PRODUCCIÓN
3930,2020-01-01,2025-10-31,13,FACULTAD DE CIENCIAS DE LA VIDA
3931,1999-12-01,2015-12-31,4,DESCONOCIDA
3931,2016-01-01,2016-12-31,1,GERENCIA DE COMUNICACIÓN SOCIAL Y ASUNTOS PÚBLICOS
3931,2019-01-01,2022-12-31,5,GERENCIA DE COMUNICACIÓN SOCIAL Y ASUNTOS PÚBLICOS
3931,2023-02-22,2023-02-24,1,GERENCIA DE COMUNICACIÓN SOCIAL Y ASUNTOS PÚBLICOS
3931,2023-09-04,2023-09-29,1,GERENCIA DE COMUNICACIÓN SOCIAL Y ASUNTOS PÚBLICOS
3931,2023-10-02,2023-10-03,1,GERENCIA DE COMUNICACIÓN SOCIAL Y ASUNTOS PÚBLICOS
3931,2017-01-01,2018-12-31,2,DESCONOCIDA
3931,2023-12-26,2023-12-29,1,GERENCIA DE COMUNICACIÓN SOCIAL Y ASUNTOS PÚBLICOS
3931,2023-01-01,,9,GERENCIA DE COMUNICACIÓN
3932,1999-06-01,2015-12-31,4,DESCONOCIDA
3932,2016-01-01,2016-12-31,1,DIRECCIÓN DE SERVICIOS GENERALES
3932,2017-01-01,2018-12-31,2,DESCONOCIDA
3932,2019-01-01,2019-12-31,1,DIRECCIÓN DE SERVICIOS GENERALES
3932,2020-01-01,,22,FACULTAD DE CIENCIAS SOCIALES Y HUMANÍSTICAS
3933,2000-03-08,2015-12-31,4,DESCONOCIDA
3933,2016-01-01,2016-12-31,1,FACULTAD DE INGENIERÍA EN ELECTRICIDAD Y COMPUTACIÓN
3933,2017-01-01,2018-12-31,2,DESCONOCIDA
3933,2019-01-01,,39,FACULTAD DE INGENIERÍA EN ELECTRICIDAD Y COMPUTACIÓN
3934,1998-12-07,2015-12-31,4,DESCONOCIDA
3934,2016-01-01,2016-12-31,1,DIRECCIÓN DE SERVICIOS GENERALES
3934,2017-01-01,2018-12-31,2,DESCONOCIDA
3934,2019-01-01,,32,DIRECCIÓN DE SERVICIOS GENERALES
3935,2000-02-28,2001-02-28,1,DESCONOCIDA
3935,2002-03-19,2015-12-31,4,DESCONOCIDA
3935,2016-01-01,2016-12-31,1,DIRECCIÓN DE SERVICIOS GENERALES
3935,2017-01-01,2018-12-31,2,DESCONOCIDA
3935,2019-01-01,2019-12-31,1,DIRECCIÓN DE SERVICIOS GENERALES
3935,2020-01-01,,29,FACULTAD DE CIENCIAS DE LA VIDA
3937,2000-06-01,2018-12-31,7,DESCONOCIDA
3937,2019-01-01,,26,FACULTAD DE CIENCIAS SOCIALES Y HUMANÍSTICAS
3938,1999-12-09,2015-12-31,4,DESCONOCIDA
3938,2016-01-01,2016-12-31,1,DIRECCIÓN DE SERVICIOS GENERALES
3938,2017-01-01,2018-12-31,2,DESCONOCIDA
3938,2019-01-01,2025-05-31,21,DIRECCIÓN DE SERVICIOS GENERALES
3939,1999-12-01,2001-08-20,2,DESCONOCIDA
3939,2001-09-01,2015-12-31,4,DESCONOCIDA
3939,2016-01-01,2016-12-31,1,DIRECCIÓN DE SERVICIOS GENERALES
3939,2017-01-01,2018-12-31,2,DESCONOCIDA
3939,2019-01-01,,23,DIRECCIÓN DE SERVICIOS GENERALES
3941,2006-05-03,2015-12-31,6,DESCONOCIDA
3941,2016-01-01,2016-12-31,1,DIRECCIÓN DE SERVICIOS GENERALES
3941,2017-01-01,2018-12-31,2,DESCONOCIDA
3941,2019-01-01,,20,DIRECCIÓN DE SERVICIOS GENERALES
3942,2004-04-02,2015-12-31,4,DESCONOCIDA
3942,2016-01-01,2016-12-31,1,FACULTAD DE CIENCIAS NATURALES Y MATEMÁTICAS
3942,2017-01-01,2018-12-31,2,DESCONOCIDA
3942,2019-01-01,,16,FACULTAD DE CIENCIAS NATURALES Y MATEMÁTICAS
3943,2005-10-01,2015-12-31,4,DESCONOCIDA
3943,2016-01-01,2016-12-31,1,SECRETARIA ADMINISTRATIVA
3943,2017-01-01,2018-12-31,2,DESCONOCIDA
3943,2019-01-01,,29,SECRETARIA ADMINISTRATIVA
3944,2006-09-01,2015-12-31,6,DESCONOCIDA
3944,2016-01-01,2016-12-31,1,FACULTAD DE INGENIERÍA MECÁNICA Y CIENCIAS DE LA PRODUCCIÓN
3944,2017-01-01,2018-12-31,2,DESCONOCIDA
3944,2019-01-01,,13,FACULTAD DE INGENIERÍA MECÁNICA Y CIENCIAS DE LA PRODUCCIÓN
3945,1999-12-08,2015-12-31,5,DESCONOCIDA
3945,2016-01-01,2016-12-31,1,DIRECCIÓN DE SERVICIOS GENERALES
3945,2017-01-01,2018-12-31,2,DESCONOCIDA
3945,2019-01-01,,31,DIRECCIÓN DE SERVICIOS GENERALES
3962,2009-09-01,2010-12-31,2,DESCONOCIDA
3962,2016-06-01,2016-12-31,1,DESCONOCIDA
3962,2017-01-01,2020-04-30,5,FACULTAD DE CIENCIAS DE LA VIDA
3973,2015-05-11,2023-10-13,21,FACULTAD DE INGENIERÍA EN ELECTRICIDAD Y COMPUTACIÓN
3973,2016-04-13,2016-12-31,1,DESCONOCIDA
3987,2015-10-21,2016-12-31,1,FACULTAD DE INGENIERÍA MECÁNICA Y CIENCIAS DE LA PRODUCCIÓN
3987,2018-01-01,,28,FACULTAD DE INGENIERÍA MECÁNICA Y CIENCIAS DE LA PRODUCCIÓN
3987,2017-01-01,2017-12-31,1,DESCONOCIDA
3990,2011-10-10,2014-12-31,5,DESCONOCIDA
3990,2016-07-01,2016-07-01,1,DESCONOCIDA
3990,2015-01-01,,42,GERENCIA DE TECNOLOGÍAS Y SISTEMAS DE INFORMACIÓN
4001,2015-01-01,2015-03-13,1,DESCONOCIDA
4001,2014-10-20,2014-12-31,1,FACULTAD DE INGENIERÍA EN CIENCIAS DE LA TIERRA
4001,2018-01-01,2018-03-05,1,FACULTAD DE INGENIERÍA EN CIENCIAS DE LA TIERRA
4001,2019-11-01,2020-02-21,2,FACULTAD DE INGENIERÍA EN CIENCIAS DE LA TIERRA
4001,2020-06-01,,32,FACULTAD DE INGENIERÍA EN CIENCIAS DE LA TIERRA
4001,2015-05-01,2017-12-31,2,DESCONOCIDA
4024,2011-09-01,2012-12-31,2,DESCONOCIDA
4024,2013-01-02,2014-01-01,1,DESCONOCIDA
4024,2018-10-01,,28,FACULTAD DE CIENCIAS DE LA VIDA
4029,2010-05-17,2014-09-30,5,DESCONOCIDA
4029,2014-10-01,2014-12-31,1,FACULTAD DE CIENCIAS SOCIALES Y HUMANÍSTICAS
4029,2017-01-01,2021-12-31,10,FACULTAD DE CIENCIAS SOCIALES Y HUMANÍSTICAS
4029,2022-02-21,2022-03-15,1,FACULTAD DE CIENCIAS SOCIALES Y HUMANÍSTICAS
4029,2022-12-27,2022-12-30,1,FACULTAD DE CIENCIAS SOCIALES Y HUMANÍSTICAS
4029,2023-02-22,2023-03-17,1,FACULTAD DE CIENCIAS SOCIALES Y HUMANÍSTICAS
4029,2023-12-26,2023-12-29,1,FACULTAD DE CIENCIAS SOCIALES Y HUMANÍSTICAS
4029,2024-02-19,2024-03-13,1,FACULTAD DE CIENCIAS SOCIALES Y HUMANÍSTICAS
4029,2024-12-23,2024-12-24,1,FACULTAD DE CIENCIAS SOCIALES Y HUMANÍSTICAS
4029,2024-12-26,2024-12-31,1,FACULTAD DE CIENCIAS SOCIALES Y HUMANÍSTICAS
4029,2025-02-17,2025-02-28,1,FACULTAD DE CIENCIAS SOCIALES Y HUMANÍSTICAS
4029,2025-03-05,2025-03-14,1,FACULTAD DE CIENCIAS SOCIALES Y HUMANÍSTICAS
4029,2025-12-26,2025-12-31,1,FACULTAD DE CIENCIAS SOCIALES Y HUMANÍSTICAS
4029,2026-02-23,2026-03-02,1,FACULTAD DE CIENCIAS SOCIALES Y HUMANÍSTICAS
4029,2015-01-01,2016-12-31,2,DESCONOCIDA
4029,2026-08-31,,1,FACULTAD DE CIENCIAS SOCIALES Y HUMANÍSTICAS
4036,2014-05-01,2016-06-30,3,DESCONOCIDA
4036,2016-07-01,2020-05-31,6,FACULTAD DE INGENIERÍA EN ELECTRICIDAD Y COMPUTACIÓN
4062,2016-06-18,2016-07-16,1,DESCONOCIDA
4067,2016-10-01,2016-12-31,1,DESCONOCIDA
4067,2017-01-01,2019-01-23,3,"FACULTAD DE INGENIERIA MARÍTIMA, CIENCIAS BIOLÓGICAS, OCEÁNICAS Y RECURSOS NATURALES"
4067,2019-01-24,2022-09-30,9,FACULTAD DE INGENIERÍA MARÍTIMA Y CIENCIAS DEL MAR
4075,2013-10-14,2013-12-31,1,DESCONOCIDA
4075,2014-05-12,2014-10-03,1,DESCONOCIDA
4075,2015-01-01,2015-03-13,1,CENTRO DE EMPRENDIMIENTO E INNOVACIÓN I3LAB
4075,2015-10-19,2016-02-28,1,FACULTAD DE INGENIERÍA MECÁNICA Y CIENCIAS DE LA PRODUCCIÓN
4075,2016-10-10,2017-03-17,2,FACULTAD DE INGENIERÍA MECÁNICA Y CIENCIAS DE LA PRODUCCIÓN
4075,2017-05-02,2017-09-22,1,FACULTAD DE INGENIERÍA MECÁNICA Y CIENCIAS DE LA PRODUCCIÓN
4075,2017-10-04,2018-03-02,2,FACULTAD DE INGENIERÍA MECÁNICA Y CIENCIAS DE LA PRODUCCIÓN
4075,2015-05-11,2015-10-02,1,CENTRO DE EMPRENDIMIENTO E INNOVACIÓN I3LAB
4075,2014-10-20,2014-12-31,1,DESCONOCIDA
4075,2019-05-13,2025-12-31,33,CENTRO DE EMPRENDIMIENTO E INNOVACIÓN I3LAB
4075,2018-05-02,2018-09-21,1,FACULTAD DE INGENIERÍA MECÁNICA Y CIENCIAS DE LA PRODUCCIÓN
4075,2016-05-02,2016-09-23,1,FACULTAD DE CIENCIAS SOCIALES Y HUMANÍSTICAS
4075,2018-10-01,2019-02-22,2,FACULTAD DE INGENIERÍA EN ELECTRICIDAD Y COMPUTACIÓN
4075,2026-01-01,,4,DECANATO DE GRADO
4082,2013-10-14,2013-12-31,1,DESCONOCIDA
4082,2014-05-12,2014-10-03,1,DESCONOCIDA
4082,2014-10-20,2015-03-13,2,DESCONOCIDA
4082,2015-05-01,2016-07-31,1,DESCONOCIDA
4082,2016-08-01,,44,FACULTAD DE INGENIERÍA EN ELECTRICIDAD Y COMPUTACIÓN
4100,2022-05-16,2022-09-23,1,FACULTAD DE INGENIERÍA MECÁNICA Y CIENCIAS DE LA PRODUCCIÓN
4100,2022-10-07,2022-12-09,1,FACULTAD DE INGENIERÍA MECÁNICA Y CIENCIAS DE LA PRODUCCIÓN
4103,2016-05-02,2016-12-31,1,DESCONOCIDA
4103,2017-01-01,2024-02-16,14,FACULTAD DE CIENCIAS NATURALES Y MATEMÁTICAS
4107,2025-08-04,,7,DIRECCIÓN DE SEGURIDAD Y SALUD OCUPACIONAL
4109,2014-07-01,2015-12-01,2,DESCONOCIDA
4109,2015-12-02,2016-07-31,1,"FACULTAD DE INGENIERIA MARÍTIMA, CIENCIAS BIOLÓGICAS, OCEÁNICAS Y RECURSOS NATURALES"
4109,2016-08-01,2016-10-31,2,DESCONOCIDA
4109,2016-08-01,2019-01-23,3,FACULTAD DE INGENIERÍA MARÍTIMA Y CIENCIAS DEL MAR
4109,2019-02-07,2019-02-12,1,FACULTAD DE INGENIERÍA MARÍTIMA Y CIENCIAS DEL MAR
4109,2019-10-22,2019-10-24,1,FACULTAD DE INGENIERÍA MARÍTIMA Y CIENCIAS DEL MAR
4109,2020-06-08,2020-06-12,1,FACULTAD DE INGENIERÍA MARÍTIMA Y CIENCIAS DEL MAR
4109,2020-11-23,2020-12-10,1,FACULTAD DE INGENIERÍA MARÍTIMA Y CIENCIAS DEL MAR
4109,2021-08-27,2021-08-27,1,FACULTAD DE INGENIERÍA MARÍTIMA Y CIENCIAS DEL MAR
4109,2021-09-28,2021-10-01,1,FACULTAD DE INGENIERÍA MARÍTIMA Y CIENCIAS DEL MAR
4109,2021-10-25,2021-10-27,1,FACULTAD DE INGENIERÍA MARÍTIMA Y CIENCIAS DEL MAR
4109,2019-01-24,2021-11-30,1,DESCONOCIDA
4109,2018-08-09,2018-08-24,1,"FACULTAD DE INGENIERIA MARÍTIMA, CIENCIAS BIOLÓGICAS, OCEÁNICAS Y RECURSOS NATURALES"
4109,2021-11-29,,34,FACULTAD DE INGENIERÍA MARÍTIMA Y CIENCIAS DEL MAR
4135,2009-12-01,2010-01-31,1,DESCONOCIDA
4135,2012-10-08,2013-02-26,2,DESCONOCIDA
4135,2013-05-13,2013-12-31,1,DESCONOCIDA
4135,2015-03-01,2021-09-15,4,FACULTAD DE CIENCIAS SOCIALES Y HUMANÍSTICAS
4135,2021-12-27,2021-12-31,1,FACULTAD DE CIENCIAS SOCIALES Y HUMANÍSTICAS
4135,2022-02-21,2022-03-16,1,FACULTAD DE CIENCIAS SOCIALES Y HUMANÍSTICAS
4135,2022-05-20,2022-07-31,1,FACULTAD DE CIENCIAS SOCIALES Y HUMANÍSTICAS
4135,2022-08-26,2022-08-26,1,FACULTAD DE CIENCIAS SOCIALES Y HUMANÍSTICAS
4135,2022-12-27,2022-12-30,1,FACULTAD DE CIENCIAS SOCIALES Y HUMANÍSTICAS
4135,2023-02-22,2023-03-19,1,FACULTAD DE CIENCIAS SOCIALES Y HUMANÍSTICAS
4135,2023-11-20,2023-11-20,1,FACULTAD DE CIENCIAS SOCIALES Y HUMANÍSTICAS
4135,2023-12-26,2023-12-29,1,FACULTAD DE CIENCIAS SOCIALES Y HUMANÍSTICAS
4135,2024-03-12,2024-03-28,1,FACULTAD DE CIENCIAS SOCIALES Y HUMANÍSTICAS
4135,2024-12-23,2024-12-24,1,FACULTAD DE CIENCIAS SOCIALES Y HUMANÍSTICAS
4135,2024-12-26,2024-12-31,1,FACULTAD DE CIENCIAS SOCIALES Y HUMANÍSTICAS
4135,2025-02-15,2025-02-26,1,FACULTAD DE CIENCIAS SOCIALES Y HUMANÍSTICAS
4135,2025-03-16,2025-03-30,1,FACULTAD DE CIENCIAS SOCIALES Y HUMANÍSTICAS
4135,2025-12-26,2025-12-31,1,FACULTAD DE CIENCIAS SOCIALES Y HUMANÍSTICAS
4135,2026-02-18,2026-03-13,1,FACULTAD DE CIENCIAS SOCIALES Y HUMANÍSTICAS
4135,2014-10-01,2015-02-28,1,DESCONOCIDA
4135,2026-03-19,,1,FACULTAD DE CIENCIAS SOCIALES Y HUMANÍSTICAS
4145,2012-01-01,2014-12-31,3,DESCONOCIDA
4145,2015-01-01,2016-02-29,2,CENTRO DE INVESTIGACIONES BIOTECNOLÓGICAS DEL ECUADOR
4145,2016-06-01,2023-04-28,22,CENTRO DE INVESTIGACIONES BIOTECNOLÓGICAS DEL ECUADOR
4145,2023-06-09,2023-06-12,1,CENTRO DE INVESTIGACIONES BIOTECNOLÓGICAS DEL ECUADOR
4145,2023-06-16,2023-06-19,1,CENTRO DE INVESTIGACIONES BIOTECNOLÓGICAS DEL ECUADOR
4145,2023-09-11,2023-09-15,1,CENTRO DE INVESTIGACIONES BIOTECNOLÓGICAS DEL ECUADOR
4145,2023-10-31,2023-10-31,1,CENTRO DE INVESTIGACIONES BIOTECNOLÓGICAS DEL ECUADOR
4145,2023-11-13,2023-11-18,2,CENTRO DE INVESTIGACIONES BIOTECNOLÓGICAS DEL ECUADOR
4145,2023-12-20,2023-12-20,1,CENTRO DE INVESTIGACIONES BIOTECNOLÓGICAS DEL ECUADOR
4145,2023-12-26,2023-12-29,1,CENTRO DE INVESTIGACIONES BIOTECNOLÓGICAS DEL ECUADOR
4145,2024-04-17,2024-05-02,1,CENTRO DE INVESTIGACIONES BIOTECNOLÓGICAS DEL ECUADOR
4145,2024-07-12,2024-07-16,1,CENTRO DE INVESTIGACIONES BIOTECNOLÓGICAS DEL ECUADOR
4145,2024-08-07,2024-08-08,1,CENTRO DE INVESTIGACIONES BIOTECNOLÓGICAS DEL ECUADOR
4145,2024-08-12,2024-08-13,1,CENTRO DE INVESTIGACIONES BIOTECNOLÓGICAS DEL ECUADOR
4145,2024-09-16,2024-09-20,1,CENTRO DE INVESTIGACIONES BIOTECNOLÓGICAS DEL ECUADOR
4145,2024-11-10,2024-11-12,1,CENTRO DE INVESTIGACIONES BIOTECNOLÓGICAS DEL ECUADOR
4145,2024-12-20,2024-12-24,1,CENTRO DE INVESTIGACIONES BIOTECNOLÓGICAS DEL ECUADOR
4145,2024-12-26,2024-12-31,1,CENTRO DE INVESTIGACIONES BIOTECNOLÓGICAS DEL ECUADOR
4145,2025-01-06,2025-01-22,1,CENTRO DE INVESTIGACIONES BIOTECNOLÓGICAS DEL ECUADOR
4145,2025-03-12,2025-03-13,1,CENTRO DE INVESTIGACIONES BIOTECNOLÓGICAS DEL ECUADOR
4145,2025-03-31,2025-04-02,1,CENTRO DE INVESTIGACIONES BIOTECNOLÓGICAS DEL ECUADOR
4145,2025-08-19,2025-08-20,1,CENTRO DE INVESTIGACIONES BIOTECNOLÓGICAS DEL ECUADOR
4145,2025-09-15,2025-09-19,1,CENTRO DE INVESTIGACIONES BIOTECNOLÓGICAS DEL ECUADOR
4145,2026-03-04,2026-03-13,1,CENTRO DE INVESTIGACIONES BIOTECNOLÓGICAS DEL ECUADOR
4145,2026-05-29,2026-05-29,1,CENTRO DE INVESTIGACIONES BIOTECNOLÓGICAS DEL ECUADOR
4145,2026-06-17,2026-06-17,1,CENTRO DE INVESTIGACIONES BIOTECNOLÓGICAS DEL ECUADOR
4145,2026-08-24,2026-08-28,1,CENTRO DE INVESTIGACIONES BIOTECNOLÓGICAS DEL ECUADOR
4145,2016-03-01,2016-05-31,2,DESCONOCIDA
4145,2026-08-31,,5,CENTRO DE INVESTIGACIONES BIOTECNOLÓGICAS DEL ECUADOR
4163,2008-10-01,2014-12-31,7,DESCONOCIDA
4163,2017-12-01,2018-10-31,1,DESCONOCIDA
4163,2015-01-01,2023-12-01,38,GERENCIA FINANCIERA
4199,2019-01-24,2020-02-21,2,"FACULTAD DE ARTE, DISEÑO Y COMUNICACIÓN AUDIOVISUAL"
4199,2015-05-01,2016-12-31,1,DESCONOCIDA
4199,2017-01-01,2019-01-23,3,ESCUELA DE DISEÑO Y COMUNICACIÓN VISUAL
4199,2023-10-03,,11,"FACULTAD DE ARTE, DISEÑO Y COMUNICACIÓN AUDIOVISUAL"
4231,2019-11-01,2025-12-31,26,FACULTAD DE INGENIERÍA EN ELECTRICIDAD Y COMPUTACIÓN
4231,2026-03-23,2026-03-23,1,FACULTAD DE INGENIERÍA EN ELECTRICIDAD Y COMPUTACIÓN
4231,2026-04-06,2026-04-30,4,FACULTAD DE INGENIERÍA EN ELECTRICIDAD Y COMPUTACIÓN
4231,2026-05-12,,1,FACULTAD DE INGENIERÍA EN ELECTRICIDAD Y COMPUTACIÓN
4233,2016-10-01,2016-12-31,1,DESCONOCIDA
4233,2017-01-01,,27,FACULTAD DE INGENIERÍA EN ELECTRICIDAD Y COMPUTACIÓN
4242,2008-03-06,2010-12-31,3,DESCONOCIDA
4242,2011-10-03,2016-07-31,5,DESCONOCIDA
4242,2018-03-05,2018-03-16,1,"FACULTAD DE ARTE, DISEÑO Y COMUNICACIÓN AUDIOVISUAL"
4242,2019-02-25,2019-03-26,1,"FACULTAD DE ARTE, DISEÑO Y COMUNICACIÓN AUDIOVISUAL"
4242,2019-09-28,2019-10-07,1,"FACULTAD DE ARTE, DISEÑO Y COMUNICACIÓN AUDIOVISUAL"
4242,2020-02-26,2020-03-27,1,"FACULTAD DE ARTE, DISEÑO Y COMUNICACIÓN AUDIOVISUAL"
4242,2021-03-01,2021-03-31,1,"FACULTAD DE ARTE, DISEÑO Y COMUNICACIÓN AUDIOVISUAL"
4242,2022-02-21,2022-04-01,1,"FACULTAD DE ARTE, DISEÑO Y COMUNICACIÓN AUDIOVISUAL"
4242,2022-12-27,2022-12-30,1,"FACULTAD DE ARTE, DISEÑO Y COMUNICACIÓN AUDIOVISUAL"
4242,2023-02-22,2023-03-29,1,"FACULTAD DE ARTE, DISEÑO Y COMUNICACIÓN AUDIOVISUAL"
4242,2019-01-24,2023-08-31,2,DESCONOCIDA
4242,2016-08-01,2019-01-23,1,ESCUELA DE DISEÑO Y COMUNICACIÓN VISUAL
4242,2023-09-01,,26,"FACULTAD DE ARTE, DISEÑO Y COMUNICACIÓN AUDIOVISUAL"
4267,2017-01-01,2017-09-22,1,FACULTAD DE INGENIERÍA MECÁNICA Y CIENCIAS DE LA PRODUCCIÓN
4267,2014-05-12,2016-12-31,6,DESCONOCIDA
4267,2024-12-02,,5,FACULTAD DE INGENIERÍA MECÁNICA Y CIENCIAS DE LA PRODUCCIÓN
4273,2016-06-18,2016-07-16,1,DESCONOCIDA
4273,2016-10-29,2016-12-10,1,FACULTAD DE CIENCIAS NATURALES Y MATEMÁTICAS
4273,2021-10-11,2021-12-31,1,DIRECCIÓN DE ADMISIONES
4279,2020-02-22,2022-04-14,3,FACULTAD DE INGENIERÍA EN ELECTRICIDAD Y COMPUTACIÓN
4279,2022-12-27,2022-12-30,1,FACULTAD DE INGENIERÍA EN ELECTRICIDAD Y COMPUTACIÓN
4279,2017-01-01,2017-05-31,1,DECANATO DE INVESTIGACIÓN
4279,2023-01-09,,1,FACULTAD DE INGENIERÍA EN ELECTRICIDAD Y COMPUTACIÓN
4294,2021-03-22,2021-04-01,1,FACULTAD DE CIENCIAS NATURALES Y MATEMÁTICAS
4294,2018-02-01,2021-11-30,6,UNIDAD DE BIENESTAR ESTUDIANTIL Y POLITÉCNICO
4294,2021-12-06,2021-12-08,1,UNIDAD DE BIENESTAR ESTUDIANTIL Y POLITÉCNICO
4294,2017-05-01,2017-12-31,1,DESCONOCIDA
4294,2022-04-11,2022-04-11,1,UNIDAD DE BIENESTAR ESTUDIANTIL Y POLITÉCNICO
4294,2021-12-01,2022-04-10,1,FACULTAD DE CIENCIAS NATURALES Y MATEMÁTICAS
4296,2017-10-01,2025-12-31,29,FACULTAD DE INGENIERÍA EN ELECTRICIDAD Y COMPUTACIÓN
4296,2026-02-18,2026-03-06,1,FACULTAD DE INGENIERÍA EN ELECTRICIDAD Y COMPUTACIÓN
4296,2026-04-29,2026-04-29,1,FACULTAD DE INGENIERÍA EN ELECTRICIDAD Y COMPUTACIÓN
4296,2026-07-10,2026-07-10,1,FACULTAD DE INGENIERÍA EN ELECTRICIDAD Y COMPUTACIÓN
4296,2026-07-12,2026-07-18,1,FACULTAD DE INGENIERÍA EN ELECTRICIDAD Y COMPUTACIÓN
4296,2026-08-14,,1,FACULTAD DE INGENIERÍA EN ELECTRICIDAD Y COMPUTACIÓN
4300,2011-10-10,2012-02-24,1,DESCONOCIDA
4300,2012-05-14,2013-12-31,3,DESCONOCIDA
4300,2014-05-12,2016-12-31,4,DESCONOCIDA
4300,2017-01-01,,28,FACULTAD DE CIENCIAS SOCIALES Y HUMANÍSTICAS
4329,2011-04-18,2011-07-31,1,DESCONOCIDA
4329,2011-08-14,2011-12-31,1,DESCONOCIDA
4329,2012-08-01,2014-12-31,2,DESCONOCIDA
4329,2015-01-01,,34,FACULTAD DE INGENIERÍA MECÁNICA Y CIENCIAS DE LA PRODUCCIÓN
4330,2018-07-02,2018-07-15,1,VICERRECTORADO ACADÉMICO
4330,2018-10-01,2018-10-07,1,VICERRECTORADO ACADÉMICO
4330,2017-04-24,2018-04-23,1,DESCONOCIDA
4330,2020-08-01,2020-08-01,1,DESCONOCIDA
4330,2017-12-01,2020-07-31,2,CENTRO DE PROMOCIÓN Y EMPLEO
4330,2018-12-05,2019-02-26,1,VICERRECTORADO ACADÉMICO
4337,2013-10-14,2015-12-31,3,DESCONOCIDA
4337,2021-10-04,,13,FACULTAD DE CIENCIAS NATURALES Y MATEMÁTICAS
4342,2015-05-11,2015-10-02,1,FACULTAD DE CIENCIAS SOCIALES Y HUMANÍSTICAS
4342,2015-10-19,2016-02-28,1,FACULTAD DE CIENCIAS SOCIALES Y HUMANÍSTICAS
4342,2016-05-02,2016-09-23,1,FACULTAD DE CIENCIAS SOCIALES Y HUMANÍSTICAS
4342,2017-05-02,2017-09-22,1,FACULTAD DE CIENCIAS SOCIALES Y HUMANÍSTICAS
4342,2017-10-04,2018-03-02,2,FACULTAD DE CIENCIAS SOCIALES Y HUMANÍSTICAS
4342,2018-05-02,2018-09-21,1,FACULTAD DE CIENCIAS SOCIALES Y HUMANÍSTICAS
4342,2018-10-01,2020-02-21,5,FACULTAD DE CIENCIAS SOCIALES Y HUMANÍSTICAS
4342,2021-05-17,2021-09-24,1,FACULTAD DE CIENCIAS SOCIALES Y HUMANÍSTICAS
4342,2021-10-04,2022-02-18,2,FACULTAD DE CIENCIAS SOCIALES Y HUMANÍSTICAS
4342,2022-05-16,2022-09-23,1,FACULTAD DE CIENCIAS SOCIALES Y HUMANÍSTICAS
4342,2022-10-03,2023-02-17,3,FACULTAD DE CIENCIAS SOCIALES Y HUMANÍSTICAS
4342,2016-10-10,2017-03-17,2,FACULTAD DE CIENCIAS NATURALES Y MATEMÁTICAS
4343,2017-01-01,2018-03-02,3,FACULTAD DE CIENCIAS SOCIALES Y HUMANÍSTICAS
4343,2018-05-01,2019-05-14,2,FACULTAD DE CIENCIAS SOCIALES Y HUMANÍSTICAS
4343,2014-05-12,2016-12-31,4,DESCONOCIDA
4343,2024-10-07,2025-02-14,2,FACULTAD DE CIENCIAS SOCIALES Y HUMANÍSTICAS
4353,2015-01-01,2025-03-07,31,FACULTAD DE INGENIERÍA EN ELECTRICIDAD Y COMPUTACIÓN
4353,2025-03-11,2025-03-14,1,FACULTAD DE INGENIERÍA EN ELECTRICIDAD Y COMPUTACIÓN
4353,2008-08-01,2014-12-31,5,DESCONOCIDA
4353,2025-03-24,,15,FACULTAD DE INGENIERÍA EN ELECTRICIDAD Y COMPUTACIÓN
4383,2017-01-10,2017-12-31,1,DESCONOCIDA
4383,2018-01-01,,29,FACULTAD DE INGENIERÍA MECÁNICA Y CIENCIAS DE LA PRODUCCIÓN
4395,2015-05-01,2015-12-31,1,FACULTAD DE CIENCIAS SOCIALES Y HUMANÍSTICAS
4395,2018-01-01,2024-12-31,20,FACULTAD DE CIENCIAS SOCIALES Y HUMANÍSTICAS
4395,2016-01-01,2017-12-31,2,DESCONOCIDA
4401,2007-05-14,2007-09-22,2,DESCONOCIDA
4401,2007-10-15,2008-03-05,1,DESCONOCIDA
4401,2008-03-10,2008-05-10,1,DESCONOCIDA
4401,2008-05-19,2013-05-17,10,DESCONOCIDA
4401,2014-10-01,2015-12-31,2,FACULTAD DE CIENCIAS NATURALES Y MATEMÁTICAS
4401,2016-01-01,2016-12-31,1,DESCONOCIDA
4401,2017-01-01,2023-02-17,12,FACULTAD DE CIENCIAS NATURALES Y MATEMÁTICAS
4444,2007-01-01,2010-12-31,6,DESCONOCIDA
4444,2011-04-01,2015-07-20,4,DESCONOCIDA
4444,2015-07-21,,49,GERENCIA FINANCIERA
4466,2015-04-13,2015-07-11,1,DIRECCIÓN DE LA SECRETARÍA TÉCNICA DE ASEGURAMIENTO DE LA CALIDAD DE LA EDUCACIÓN SUPERIOR
4466,2015-07-13,2016-10-10,1,DIRECCIÓN DE LA SECRETARÍA TÉCNICA DE ASEGURAMIENTO DE LA CALIDAD DE LA EDUCACIÓN SUPERIOR
4466,2017-01-03,2017-12-31,1,DESCONOCIDA
4466,2023-11-01,,14,SECRETARÍA TÉCNICA DE ASEGURAMIENTO DE LA CALIDAD
4488,2023-09-20,2023-12-31,1,DIRECCIÓN DE ADMISIONES
4490,2017-01-01,2019-09-30,4,FACULTAD DE CIENCIAS NATURALES Y MATEMÁTICAS
4490,2014-10-01,2016-12-31,3,DESCONOCIDA
4490,2020-10-01,,19,FACULTAD DE CIENCIAS NATURALES Y MATEMÁTICAS
4512,2016-08-01,2016-12-31,1,DESCONOCIDA
4512,2017-01-01,2022-01-01,10,FACULTAD DE CIENCIAS DE LA VIDA
4527,2015-10-01,2016-12-31,1,FACULTAD DE CIENCIAS NATURALES Y MATEMÁTICAS
4527,2018-01-01,,28,FACULTAD DE CIENCIAS NATURALES Y MATEMÁTICAS
4527,2017-01-01,2017-12-31,1,DESCONOCIDA
4560,2016-10-10,2016-12-31,1,DESCONOCIDA
4560,2017-01-01,,23,FACULTAD DE INGENIERÍA EN ELECTRICIDAD Y COMPUTACIÓN
4584,2008-11-01,2014-12-31,6,DESCONOCIDA
4584,2015-01-01,,56,DECANATO DE POSGRADO
4627,2016-06-18,2016-07-16,1,DESCONOCIDA
4627,2016-10-29,2016-12-10,1,FACULTAD DE CIENCIAS NATURALES Y MATEMÁTICAS
4635,2016-04-01,2016-12-31,1,DESCONOCIDA
4635,2017-01-01,2018-09-20,4,FACULTAD DE CIENCIAS NATURALES Y MATEMÁTICAS
4635,2023-05-15,,13,FACULTAD DE CIENCIAS SOCIALES Y HUMANÍSTICAS
4667,2023-05-29,,12,DIRECCIÓN DE ADMISIONES
4675,2011-05-16,2016-12-31,7,DESCONOCIDA
4675,2017-01-01,2020-02-21,4,FACULTAD DE CIENCIAS NATURALES Y MATEMÁTICAS
4707,2014-04-15,2016-12-31,4,DESCONOCIDA
4707,2017-01-01,2017-12-31,2,ESCUELA DE DISEÑO Y COMUNICACIÓN VISUAL
4707,2018-01-01,,28,FACULTAD DE INGENIERÍA EN ELECTRICIDAD Y COMPUTACIÓN
4714,2014-08-01,2014-10-09,1,DESCONOCIDA
4714,2016-10-01,2016-12-31,1,DESCONOCIDA
4714,2017-01-01,,24,FACULTAD DE INGENIERÍA EN ELECTRICIDAD Y COMPUTACIÓN
4718,2014-10-20,2014-12-31,1,DESCONOCIDA
4718,2015-01-01,,51,FACULTAD DE INGENIERÍA EN CIENCIAS DE LA TIERRA
4736,2004-01-01,2014-12-31,3,DESCONOCIDA
4736,2015-01-01,2016-12-31,2,FACULTAD DE CIENCIAS NATURALES Y MATEMÁTICAS
4736,2017-04-01,2022-04-03,12,FACULTAD DE CIENCIAS NATURALES Y MATEMÁTICAS
4736,2022-04-13,2022-05-11,1,FACULTAD DE CIENCIAS NATURALES Y MATEMÁTICAS
4736,2022-10-11,2022-10-25,1,FACULTAD DE CIENCIAS NATURALES Y MATEMÁTICAS
4736,2017-01-01,2017-03-31,2,DESCONOCIDA
4736,2023-04-06,2023-04-06,1,FACULTAD DE CIENCIAS NATURALES Y MATEMÁTICAS
4736,2022-04-04,,21,CENTRO DE ESTUDIOS E INVESTIGACIONES ESTADÍSTICAS
4776,2014-03-01,2014-03-08,1,DESCONOCIDA
4776,2019-07-01,2024-05-31,15,FACULTAD DE INGENIERÍA EN ELECTRICIDAD Y COMPUTACIÓN
4819,2007-07-19,2014-12-31,11,DESCONOCIDA
4819,2020-02-03,2020-11-04,2,DESCONOCIDA
4819,2015-01-01,2020-11-03,12,AUDITORÍA INTERNA
4819,2020-11-04,2022-01-01,5,FACULTAD DE CIENCIAS DE LA VIDA
4829,2018-05-01,2020-09-30,5,FACULTAD DE CIENCIAS NATURALES Y MATEMÁTICAS
4830,2015-06-01,2015-12-31,2,GERENCIA FINANCIERA
4830,2012-03-01,2013-12-31,3,DESCONOCIDA
4830,2016-04-01,,47,GERENCIA FINANCIERA
4830,2016-01-01,2016-03-31,1,FACULTAD DE CIENCIAS SOCIALES Y HUMANÍSTICAS
4835,2012-10-08,2013-02-26,1,DESCONOCIDA
4835,2013-05-13,2014-04-15,1,DESCONOCIDA
4835,2018-09-01,,28,FACULTAD DE INGENIERÍA EN CIENCIAS DE LA TIERRA
4860,2015-05-01,2016-12-31,3,DESCONOCIDA
4860,2017-01-01,2017-12-31,2,CENTRO DE INVESTIGACIONES Y SERVICIOS EDUCATIVOS
4860,2018-01-01,2018-04-30,1,FACULTAD DE CIENCIAS SOCIALES Y HUMANÍSTICAS
4860,2018-05-01,2019-01-23,2,CENTRO DE DESARROLLO DE EMPRENDEDORES
4860,2019-01-24,2020-09-30,4,CENTRO DE EMPRENDIMIENTO E INNOVACIÓN I3LAB
4871,2009-07-01,2010-12-31,3,DESCONOCIDA
4871,2011-04-01,2014-12-31,3,DESCONOCIDA
4871,2015-01-01,,57,GERENCIA FINANCIERA
4894,2016-04-07,2016-12-31,1,DESCONOCIDA
4894,2017-01-01,2020-09-30,6,FACULTAD DE INGENIERÍA MECÁNICA Y CIENCIAS DE LA PRODUCCIÓN
4901,2013-10-14,2014-09-30,2,DESCONOCIDA
4901,2016-01-01,2017-12-31,2,DESCONOCIDA
4901,2018-01-01,2024-05-28,17,FACULTAD DE CIENCIAS SOCIALES Y HUMANÍSTICAS
4924,2007-01-16,2007-04-15,1,DESCONOCIDA
4924,2007-05-01,2008-03-05,2,DESCONOCIDA
4924,2008-05-19,2008-09-26,1,DESCONOCIDA
4924,2008-10-13,2010-12-31,4,DESCONOCIDA
4924,2013-05-13,2013-12-31,1,DESCONOCIDA
4924,2017-01-01,2019-02-22,5,FACULTAD DE CIENCIAS SOCIALES Y HUMANÍSTICAS
4924,2014-05-12,2016-12-31,3,DESCONOCIDA
4924,2019-05-13,2019-09-20,1,FACULTAD DE CIENCIAS SOCIALES Y HUMANÍSTICAS
4971,2011-05-16,2011-11-30,2,DESCONOCIDA
4971,2013-01-01,2018-08-18,2,DESCONOCIDA
4971,2014-11-01,2025-08-05,23,FACULTAD DE INGENIERÍA EN ELECTRICIDAD Y COMPUTACIÓN
5027,2012-10-08,2013-02-26,1,DESCONOCIDA
5027,2015-01-01,2015-03-13,1,DESCONOCIDA
5027,2015-10-19,2016-02-28,1,FACULTAD DE INGENIERÍA EN CIENCIAS DE LA TIERRA
5027,2020-10-01,2023-09-15,12,FACULTAD DE INGENIERÍA EN CIENCIAS DE LA TIERRA
5027,2023-10-26,2023-10-27,1,FACULTAD DE INGENIERÍA EN CIENCIAS DE LA TIERRA
5027,2023-11-06,2023-11-07,1,FACULTAD DE INGENIERÍA EN CIENCIAS DE LA TIERRA
5027,2023-12-13,2023-12-15,1,FACULTAD DE INGENIERÍA EN CIENCIAS DE LA TIERRA
5027,2023-12-26,2023-12-29,1,FACULTAD DE INGENIERÍA EN CIENCIAS DE LA TIERRA
5027,2024-02-19,2024-02-21,1,FACULTAD DE INGENIERÍA EN CIENCIAS DE LA TIERRA
5027,2024-04-08,2024-04-09,1,FACULTAD DE INGENIERÍA EN CIENCIAS DE LA TIERRA
5027,2024-06-24,2024-06-28,1,FACULTAD DE INGENIERÍA EN CIENCIAS DE LA TIERRA
5027,2024-09-26,2024-10-03,1,FACULTAD DE INGENIERÍA EN CIENCIAS DE LA TIERRA
5027,2024-11-19,2024-11-28,1,FACULTAD DE INGENIERÍA EN CIENCIAS DE LA TIERRA
5027,2024-12-23,2024-12-24,1,FACULTAD DE INGENIERÍA EN CIENCIAS DE LA TIERRA
5027,2024-12-26,2024-12-31,1,FACULTAD DE INGENIERÍA EN CIENCIAS DE LA TIERRA
5027,2025-02-14,2025-02-14,1,FACULTAD DE INGENIERÍA EN CIENCIAS DE LA TIERRA
5027,2025-02-17,2025-03-17,1,FACULTAD DE INGENIERÍA EN CIENCIAS DE LA TIERRA
5027,2025-12-26,2025-12-31,1,FACULTAD DE INGENIERÍA EN CIENCIAS DE LA TIERRA
5027,2026-04-13,2026-05-08,3,FACULTAD DE INGENIERÍA EN CIENCIAS DE LA TIERRA
5027,2026-05-14,2026-05-15,1,FACULTAD DE INGENIERÍA EN CIENCIAS DE LA TIERRA
5027,2026-05-22,2026-05-22,1,FACULTAD DE INGENIERÍA EN CIENCIAS DE LA TIERRA
5027,2026-06-19,2026-06-19,1,FACULTAD DE INGENIERÍA EN CIENCIAS DE LA TIERRA
5027,2026-08-14,2026-08-23,1,FACULTAD DE INGENIERÍA EN CIENCIAS DE LA TIERRA
5027,2015-05-11,2015-10-02,1,DESCONOCIDA
5027,2026-08-31,,1,FACULTAD DE INGENIERÍA EN CIENCIAS DE LA TIERRA
5087,2015-10-01,2025-01-31,23,FACULTAD DE CIENCIAS DE LA VIDA
5087,2009-01-01,2010-12-31,2,DESCONOCIDA
5087,2026-05-26,,1,FACULTAD DE CIENCIAS DE LA VIDA
5185,2018-10-01,2019-02-22,2,FACULTAD DE INGENIERÍA EN CIENCIAS DE LA TIERRA
5185,2019-05-13,2019-09-20,1,FACULTAD DE INGENIERÍA EN CIENCIAS DE LA TIERRA
5185,2023-10-05,2023-12-31,2,FACULTAD DE INGENIERÍA EN CIENCIAS DE LA TIERRA
5185,2025-03-05,,4,DECANATO DE GRADO
5258,2013-01-01,2018-09-30,6,DESCONOCIDA
5280,2015-01-01,2015-03-13,1,FACULTAD DE CIENCIAS SOCIALES Y HUMANÍSTICAS
5280,2015-05-11,2015-10-02,1,FACULTAD DE CIENCIAS SOCIALES Y HUMANÍSTICAS
5280,1992-09-01,1993-02-28,1,DESCONOCIDA
5280,2016-05-02,2016-09-23,1,DESCONOCIDA
5280,2015-10-19,2016-02-28,1,FACULTAD DE CIENCIAS SOCIALES Y HUMANÍSTICAS
5280,2016-10-10,2016-12-31,1,DESCONOCIDA
5280,2017-05-02,2017-09-22,1,FACULTAD DE CIENCIAS SOCIALES Y HUMANÍSTICAS
5280,2017-01-01,2017-03-17,1,FACULTAD DE CIENCIAS NATURALES Y MATEMÁTICAS
5290,2005-05-16,2005-09-24,1,DESCONOCIDA
5290,2006-05-15,2006-09-23,1,DESCONOCIDA
5290,2008-10-13,2009-03-02,2,DESCONOCIDA
5290,2009-05-18,2009-09-25,1,DESCONOCIDA
5290,2009-10-12,2010-03-02,2,DESCONOCIDA
5290,2010-05-17,2013-05-12,4,DESCONOCIDA
5290,2014-10-01,2015-12-31,1,FACULTAD DE CIENCIAS SOCIALES Y HUMANÍSTICAS
5290,2015-11-23,2016-12-31,2,DESCONOCIDA
5290,2017-01-01,,30,FACULTAD DE CIENCIAS SOCIALES Y HUMANÍSTICAS
5307,2007-05-14,2007-09-22,1,DESCONOCIDA
5307,2008-10-13,2009-03-02,1,DESCONOCIDA
5307,2009-05-18,2009-09-25,1,DESCONOCIDA
5307,2009-10-12,2010-03-02,2,DESCONOCIDA
5307,2010-05-17,2013-05-16,4,DESCONOCIDA
5307,2014-10-01,2016-12-31,3,DESCONOCIDA
5307,2017-01-01,2020-02-21,4,FACULTAD DE INGENIERÍA EN ELECTRICIDAD Y COMPUTACIÓN
5323,2005-05-16,2005-09-24,2,DESCONOCIDA
5323,2006-05-15,2006-09-23,1,DESCONOCIDA
5323,2008-10-13,2009-03-02,1,DESCONOCIDA
5323,2013-05-13,2013-12-31,1,DESCONOCIDA
5323,2014-10-01,2016-12-31,3,DESCONOCIDA
5323,2017-01-01,2020-02-21,4,FACULTAD DE CIENCIAS SOCIALES Y HUMANÍSTICAS
5325,2006-08-01,2008-06-30,1,DESCONOCIDA
5325,2008-10-13,2009-03-02,1,DESCONOCIDA
5325,2009-05-18,2011-05-18,2,DESCONOCIDA
5325,2011-06-01,2012-12-31,1,DESCONOCIDA
5325,2016-02-20,2016-02-27,1,DESCONOCIDA
5325,2013-01-01,2025-11-01,18,FACULTAD DE CIENCIAS NATURALES Y MATEMÁTICAS
5336,2005-08-24,2005-09-08,1,DESCONOCIDA
5336,2005-09-13,2005-09-29,2,DESCONOCIDA
5336,2005-10-17,2006-03-03,1,DESCONOCIDA
5336,2006-10-17,2007-03-06,1,DESCONOCIDA
5336,2007-05-14,2007-09-22,1,DESCONOCIDA
5336,2008-05-21,2008-07-01,1,DESCONOCIDA
5336,2008-10-13,2009-03-02,1,DESCONOCIDA
5336,2009-10-12,2010-03-02,2,DESCONOCIDA
5336,2010-05-17,2014-10-31,5,DESCONOCIDA
5336,2019-04-08,2019-04-18,1,DESCONOCIDA
5336,2019-03-06,2019-04-04,1,FACULTAD DE INGENIERÍA EN CIENCIAS DE LA TIERRA
5336,2020-12-28,2020-12-31,1,FACULTAD DE INGENIERÍA EN CIENCIAS DE LA TIERRA
5336,2014-11-01,2022-11-12,11,FACULTAD DE CIENCIAS SOCIALES Y HUMANÍSTICAS
5336,2022-12-27,2022-12-30,1,FACULTAD DE CIENCIAS SOCIALES Y HUMANÍSTICAS
5336,2025-07-15,2025-08-01,1,FACULTAD DE CIENCIAS SOCIALES Y HUMANÍSTICAS
5336,2019-10-29,2019-10-30,1,DESCONOCIDA
5336,2025-09-01,,7,FACULTAD DE CIENCIAS SOCIALES Y HUMANÍSTICAS
5336,2022-11-13,2025-08-31,21,FACULTAD DE INGENIERÍA EN CIENCIAS DE LA TIERRA
5336,2025-03-19,2025-03-20,1,DECANATO DE VINCULACIÓN
5337,2005-01-01,2005-04-30,2,DESCONOCIDA
5337,2007-05-14,2007-09-22,1,DESCONOCIDA
5337,2008-10-13,2014-10-31,9,DESCONOCIDA
5337,2014-11-01,2015-08-19,1,FACULTAD DE CIENCIAS DE LA VIDA
5337,2015-08-20,2015-10-04,1,DESCONOCIDA
5337,2019-03-11,2019-03-15,1,DESCONOCIDA
5337,2019-04-01,2019-04-05,1,DESCONOCIDA
5337,2019-05-13,2019-05-21,1,DESCONOCIDA
5337,2021-03-02,2021-03-31,1,DESCONOCIDA
5337,2015-10-05,2022-12-30,13,FACULTAD DE CIENCIAS DE LA VIDA
5337,2023-04-24,2023-04-28,1,FACULTAD DE CIENCIAS DE LA VIDA
5337,2023-09-03,2023-09-07,1,DECANATO DE GRADO
5337,2023-06-28,2023-07-07,1,FACULTAD DE CIENCIAS DE LA VIDA
5337,2023-11-19,2023-11-22,1,VICERRECTORADO DE DOCENCIA
5337,2023-12-03,2023-12-06,1,VICERRECTORADO DE DOCENCIA
5337,2024-01-28,2024-02-04,1,VICERRECTORADO DE DOCENCIA
5337,2023-09-11,2023-09-22,1,DECANATO DE GRADO
5337,2023-09-24,2023-10-02,1,FACULTAD DE CIENCIAS DE LA VIDA
5337,2024-02-19,2024-02-20,1,VICERRECTORADO DE DOCENCIA
5337,2024-03-19,2024-03-27,1,FACULTAD DE CIENCIAS DE LA VIDA
5337,2024-06-25,2024-06-29,1,DECANATO DE VINCULACIÓN
5337,2024-02-23,2024-02-26,1,DECANATO DE GRADO
5337,2024-06-03,2024-06-21,1,FACULTAD DE CIENCIAS DE LA VIDA
5337,2024-11-05,2024-12-13,1,FACULTAD DE CIENCIAS DE LA VIDA
5337,2024-12-26,2024-12-31,1,FACULTAD DE CIENCIAS DE LA VIDA
5337,2025-01-28,2025-01-30,1,FACULTAD DE CIENCIAS DE LA VIDA
5337,2025-03-14,2025-03-15,1,FACULTAD DE CIENCIAS DE LA VIDA
5337,2024-08-08,2024-08-08,1,DECANATO DE VINCULACIÓN
5337,2025-04-14,2025-04-29,2,DECANATO DE VINCULACIÓN
5337,2025-04-07,2025-04-09,1,FACULTAD DE CIENCIAS DE LA VIDA
5337,2025-06-29,2025-07-03,1,FACULTAD DE CIENCIAS DE LA VIDA
5337,2025-07-21,2025-07-24,1,FACULTAD DE CIENCIAS DE LA VIDA
5337,2025-05-12,2025-05-16,1,DECANATO DE VINCULACIÓN
5337,2025-10-13,2025-10-31,1,FACULTAD DE CIENCIAS DE LA VIDA
5337,2025-12-26,2025-12-31,1,FACULTAD DE CIENCIAS DE LA VIDA
5337,2026-01-27,2026-01-30,1,FACULTAD DE CIENCIAS DE LA VIDA
5337,2026-03-12,2026-03-14,1,FACULTAD DE CIENCIAS DE LA VIDA
5337,2026-03-24,2026-04-02,1,FACULTAD DE CIENCIAS DE LA VIDA
5337,2026-04-10,2026-04-11,1,FACULTAD DE CIENCIAS DE LA VIDA
5337,2026-04-20,2026-04-25,1,FACULTAD DE CIENCIAS DE LA VIDA
5337,2026-05-27,2026-06-11,1,FACULTAD DE CIENCIAS DE LA VIDA
5337,2026-07-12,2026-07-18,1,FACULTAD DE CIENCIAS DE LA VIDA
5337,2021-09-08,2021-10-07,2,DESCONOCIDA
5337,2026-08-26,,2,FACULTAD DE CIENCIAS DE LA VIDA
5337,2024-09-17,2024-09-20,1,DECANATO DE GRADO
5337,2024-03-28,2024-04-05,1,VICERRECTORADO DE DOCENCIA
5337,2024-03-17,2024-03-17,1,"VICERRECTORADO DE INVESTIGACIÓN, DESARROLLO E INNOVACIÓN"
5337,2025-12-04,2025-12-06,1,DECANATO DE VINCULACIÓN
5337,2024-07-22,2024-07-25,1,DECANATO DE POSGRADO
5339,2005-05-16,2005-09-24,1,DESCONOCIDA
5339,2005-10-17,2006-03-03,1,DESCONOCIDA
5339,2006-05-15,2006-09-23,1,DESCONOCIDA
5339,2006-10-17,2007-03-06,1,DESCONOCIDA
5339,2007-05-14,2007-09-22,1,DESCONOCIDA
5339,2007-10-15,2008-03-05,1,DESCONOCIDA
5339,2008-05-19,2008-09-01,1,DESCONOCIDA
5339,2008-10-13,2009-03-02,1,DESCONOCIDA
5339,2009-05-18,2009-09-25,1,DESCONOCIDA
5339,2009-10-12,2010-03-02,2,DESCONOCIDA
5339,2014-05-12,2014-10-03,1,DESCONOCIDA
5339,2014-10-20,2015-03-13,2,DESCONOCIDA
5339,2015-05-11,2015-10-02,1,DESCONOCIDA
5339,2015-10-19,2016-12-31,1,DESCONOCIDA
5339,2017-01-01,2017-12-31,1,FACULTAD DE CIENCIAS NATURALES Y MATEMÁTICAS
5339,2018-01-01,2025-09-19,22,FACULTAD DE CIENCIAS SOCIALES Y HUMANÍSTICAS
5356,2009-01-01,2011-12-31,4,DESCONOCIDA
5356,2015-03-01,2016-10-19,2,DESCONOCIDA
5356,2016-10-20,,11,FACULTAD DE CIENCIAS DE LA VIDA
5361,2003-03-01,2004-02-28,1,DESCONOCIDA
5361,2007-04-01,2009-03-31,4,DESCONOCIDA
5361,2010-05-17,2012-05-16,3,DESCONOCIDA
5361,2012-05-18,2013-12-31,2,DESCONOCIDA
5361,2014-05-12,2014-12-31,1,DESCONOCIDA
5361,2014-10-01,2015-12-31,1,FACULTAD DE CIENCIAS SOCIALES Y HUMANÍSTICAS
5361,2016-01-01,2016-12-31,1,DESCONOCIDA
5361,2017-01-01,,32,FACULTAD DE CIENCIAS SOCIALES Y HUMANÍSTICAS
5371,2006-05-29,2006-06-14,1,DESCONOCIDA
5371,2006-07-03,2006-07-12,1,DESCONOCIDA
5371,2009-05-18,2014-09-30,6,DESCONOCIDA
5371,2014-10-01,2014-12-31,1,FACULTAD DE INGENIERÍA EN ELECTRICIDAD Y COMPUTACIÓN
5371,2015-01-01,2015-12-31,1,DESCONOCIDA
5371,2016-01-01,,24,FACULTAD DE INGENIERÍA EN ELECTRICIDAD Y COMPUTACIÓN
5388,2005-10-17,2006-03-03,1,DESCONOCIDA
5388,2006-10-17,2007-03-06,1,DESCONOCIDA
5388,2007-05-14,2012-12-31,7,DESCONOCIDA
5388,2017-10-16,2017-10-20,1,DESCONOCIDA
5388,2017-11-16,2017-11-22,1,DESCONOCIDA
5388,2018-06-04,2018-06-08,1,DESCONOCIDA
5388,2019-11-14,2019-11-18,1,DESCONOCIDA
5388,2013-01-01,2019-01-23,2,"FACULTAD DE INGENIERIA MARÍTIMA, CIENCIAS BIOLÓGICAS, OCEÁNICAS Y RECURSOS NATURALES"
5388,2019-01-24,,27,FACULTAD DE INGENIERÍA MARÍTIMA Y CIENCIAS DEL MAR
5417,2005-10-17,2006-03-03,2,DESCONOCIDA
5417,2006-05-15,2006-09-23,1,DESCONOCIDA
5417,2006-10-17,2007-03-06,1,DESCONOCIDA
5417,2007-05-14,2007-09-22,1,DESCONOCIDA
5417,2007-10-15,2008-05-05,2,DESCONOCIDA
5417,2008-10-13,2009-03-02,1,DESCONOCIDA
5417,2009-05-18,2014-09-30,6,DESCONOCIDA
5417,2014-10-01,2014-12-31,1,FACULTAD DE CIENCIAS DE LA VIDA
5417,2015-01-01,2016-12-31,3,DESCONOCIDA
5417,2018-01-01,2019-09-23,2,FACULTAD DE CIENCIAS DE LA VIDA
5417,2017-01-01,2017-12-31,1,LABORATORIO PROTAL
5422,2001-07-05,2003-07-04,2,DESCONOCIDA
5422,2008-10-01,2014-12-31,5,DESCONOCIDA
5422,2015-01-01,,36,DIRECCIÓN DE ADMISIONES
5436,2006-10-17,2007-03-06,1,DESCONOCIDA
5436,2007-05-14,2007-09-22,1,DESCONOCIDA
5436,2014-10-01,2022-04-29,14,FACULTAD DE CIENCIAS NATURALES Y MATEMÁTICAS
5436,2022-12-27,2022-12-30,1,FACULTAD DE CIENCIAS NATURALES Y MATEMÁTICAS
5436,2023-03-10,2023-04-06,1,FACULTAD DE CIENCIAS NATURALES Y MATEMÁTICAS
5436,2023-12-26,2023-12-29,1,FACULTAD DE CIENCIAS NATURALES Y MATEMÁTICAS
5436,2024-02-26,2024-03-18,1,FACULTAD DE CIENCIAS NATURALES Y MATEMÁTICAS
5436,2024-04-22,2024-04-29,1,FACULTAD DE CIENCIAS NATURALES Y MATEMÁTICAS
5436,2024-12-26,2024-12-31,1,FACULTAD DE CIENCIAS NATURALES Y MATEMÁTICAS
5436,2025-11-25,2025-11-28,1,FACULTAD DE CIENCIAS NATURALES Y MATEMÁTICAS
5436,2025-12-26,2025-12-31,1,FACULTAD DE CIENCIAS NATURALES Y MATEMÁTICAS
5436,2026-02-23,2026-03-24,1,FACULTAD DE CIENCIAS NATURALES Y MATEMÁTICAS
5436,2026-04-21,2026-04-21,1,FACULTAD DE CIENCIAS NATURALES Y MATEMÁTICAS
5436,2013-05-13,2014-09-30,1,DESCONOCIDA
5436,2026-06-06,,3,FACULTAD DE CIENCIAS NATURALES Y MATEMÁTICAS
5460,2017-01-01,2021-03-12,8,FACULTAD DE INGENIERÍA MECÁNICA Y CIENCIAS DE LA PRODUCCIÓN
5460,2021-12-28,2021-12-30,1,FACULTAD DE INGENIERÍA MECÁNICA Y CIENCIAS DE LA PRODUCCIÓN
5460,2022-03-02,2022-03-11,1,FACULTAD DE INGENIERÍA MECÁNICA Y CIENCIAS DE LA PRODUCCIÓN
5460,2022-04-05,2022-04-22,1,FACULTAD DE INGENIERÍA MECÁNICA Y CIENCIAS DE LA PRODUCCIÓN
5460,2022-07-11,2022-07-15,1,FACULTAD DE INGENIERÍA MECÁNICA Y CIENCIAS DE LA PRODUCCIÓN
5460,2022-12-27,2022-12-30,1,FACULTAD DE INGENIERÍA MECÁNICA Y CIENCIAS DE LA PRODUCCIÓN
5460,2023-03-23,2023-07-18,2,FACULTAD DE INGENIERÍA MECÁNICA Y CIENCIAS DE LA PRODUCCIÓN
5460,2014-10-01,2016-12-31,2,DESCONOCIDA
5460,2023-09-06,,1,FACULTAD DE INGENIERÍA MECÁNICA Y CIENCIAS DE LA PRODUCCIÓN
5559,2007-10-01,2009-09-30,2,DESCONOCIDA
5559,2010-01-01,2014-12-31,4,DESCONOCIDA
5559,2015-01-01,,66,DIRECCIÓN DE LA SECRETARÍA TÉCNICA ACADEMICA
5561,2023-09-26,2023-09-26,1,"FACULTAD DE INGENIERIA MARÍTIMA, CIENCIAS BIOLÓGICAS, OCEÁNICAS Y RECURSOS NATURALES"
5561,2008-10-01,2014-12-31,6,DESCONOCIDA
5561,2015-01-01,2023-12-01,45,FACULTAD DE INGENIERÍA MARÍTIMA Y CIENCIAS DEL MAR
5561,2023-11-13,2023-11-13,1,"FACULTAD DE INGENIERIA MARÍTIMA, CIENCIAS BIOLÓGICAS, OCEÁNICAS Y RECURSOS NATURALES"
5573,2014-06-01,2017-03-31,6,DESCONOCIDA
5573,2017-04-01,,62,FACULTAD DE CIENCIAS DE LA VIDA
5583,2018-10-01,2020-09-30,5,FACULTAD DE INGENIERÍA MECÁNICA Y CIENCIAS DE LA PRODUCCIÓN
5583,2020-10-12,2022-02-18,4,FACULTAD DE INGENIERÍA MECÁNICA Y CIENCIAS DE LA PRODUCCIÓN
5588,2015-01-01,2015-03-13,1,FACULTAD DE INGENIERÍA EN ELECTRICIDAD Y COMPUTACIÓN
5588,2014-10-06,2014-12-31,1,DESCONOCIDA
5588,2020-02-22,,19,FACULTAD DE INGENIERÍA EN ELECTRICIDAD Y COMPUTACIÓN
5590,2018-05-18,2024-05-09,16,FACULTAD DE INGENIERÍA EN ELECTRICIDAD Y COMPUTACIÓN
5601,2012-03-01,2013-12-31,2,DESCONOCIDA
5601,2016-01-04,2016-12-31,1,DESCONOCIDA
5601,2017-01-01,2023-08-02,18,FACULTAD DE CIENCIAS DE LA VIDA
5607,2024-01-01,2025-05-04,4,FACULTAD DE INGENIERÍA MECÁNICA Y CIENCIAS DE LA PRODUCCIÓN
5607,2023-03-01,2023-12-31,2,DECANATO DE INVESTIGACIÓN
5607,2025-06-02,,3,FACULTAD DE INGENIERÍA MECÁNICA Y CIENCIAS DE LA PRODUCCIÓN
5616,2020-11-04,2020-12-31,1,DESCONOCIDA
5625,2015-11-01,2016-12-31,2,GERENCIA DE TECNOLOGÍAS Y SISTEMAS DE INFORMACIÓN
5625,2019-01-01,,23,GERENCIA DE TECNOLOGÍAS Y SISTEMAS DE INFORMACIÓN
5625,2017-01-01,2018-12-31,2,DESCONOCIDA
5653,2007-05-14,2007-09-22,1,DESCONOCIDA
5653,2007-10-15,2008-03-05,1,DESCONOCIDA
5653,2008-05-19,2008-09-26,1,DESCONOCIDA
5653,2008-10-13,2009-03-02,1,DESCONOCIDA
5653,2009-05-18,2011-05-17,2,DESCONOCIDA
5653,2011-09-18,2013-12-31,4,DESCONOCIDA
5653,2017-01-01,2017-09-22,1,FACULTAD DE CIENCIAS NATURALES Y MATEMÁTICAS
5653,2018-05-01,2021-02-19,7,FACULTAD DE CIENCIAS NATURALES Y MATEMÁTICAS
5653,2021-11-19,2022-02-18,2,FACULTAD DE CIENCIAS NATURALES Y MATEMÁTICAS
5653,2022-04-01,2024-02-16,5,FACULTAD DE CIENCIAS NATURALES Y MATEMÁTICAS
5653,2024-05-13,2025-02-14,5,FACULTAD DE CIENCIAS NATURALES Y MATEMÁTICAS
5653,2025-10-03,2026-02-13,2,FACULTAD DE CIENCIAS NATURALES Y MATEMÁTICAS
5653,2014-10-01,2016-12-31,3,DESCONOCIDA
5653,2026-05-18,,1,FACULTAD DE CIENCIAS NATURALES Y MATEMÁTICAS
5821,2019-01-02,2020-12-31,1,CENTRO DE INVESTIGACIÓN Y PROYECTOS APLICADOS A LAS CIENCIAS DE LA TIERRA
5821,2021-01-04,2021-12-31,1,CENTRO DE INVESTIGACIÓN Y PROYECTOS APLICADOS A LAS CIENCIAS DE LA TIERRA
5821,2022-01-06,2022-12-31,1,CENTRO DE INVESTIGACIÓN Y PROYECTOS APLICADOS A LAS CIENCIAS DE LA TIERRA
5821,2023-01-09,2023-12-31,1,CENTRO DE INVESTIGACIÓN Y PROYECTOS APLICADOS A LAS CIENCIAS DE LA TIERRA
5821,2016-10-30,2017-01-30,1,DESCONOCIDA
5821,2024-01-08,2024-12-31,1,CENTRO DE INVESTIGACIÓN Y PROYECTOS APLICADOS A LAS CIENCIAS DE LA TIERRA
5831,2015-07-01,2015-12-31,1,FACULTAD DE INGENIERÍA EN CIENCIAS DE LA TIERRA
5831,2018-03-03,2020-05-31,4,FACULTAD DE CIENCIAS SOCIALES Y HUMANÍSTICAS
5831,2020-10-01,2023-02-17,9,FACULTAD DE CIENCIAS SOCIALES Y HUMANÍSTICAS
5831,2018-01-01,2018-03-02,1,FACULTAD DE INGENIERÍA EN CIENCIAS DE LA TIERRA
5831,2016-01-01,2017-12-31,2,DESCONOCIDA
5831,2023-11-17,2024-02-16,3,FACULTAD DE CIENCIAS SOCIALES Y HUMANÍSTICAS
5831,2020-06-01,2020-09-30,1,FACULTAD DE INGENIERÍA EN ELECTRICIDAD Y COMPUTACIÓN
5874,2008-10-22,2015-12-31,4,DESCONOCIDA
5874,2016-01-01,2016-12-31,1,DIRECCIÓN DE SERVICIOS GENERALES
5874,2017-01-01,2018-12-31,2,DESCONOCIDA
5874,2019-01-01,,16,DIRECCIÓN DE SERVICIOS GENERALES
6022,1995-01-01,2015-12-31,13,DESCONOCIDA
6022,2016-01-01,2016-12-31,1,DIRECCIÓN DE ADMISIONES
6022,2017-01-01,2018-12-31,2,DESCONOCIDA
6022,2019-01-01,2025-06-30,29,DIRECCIÓN DE ADMISIONES
6056,2013-05-13,2013-09-20,1,DESCONOCIDA
6056,2013-10-14,2016-07-31,4,DESCONOCIDA
6056,2016-08-01,,34,FACULTAD DE INGENIERÍA EN ELECTRICIDAD Y COMPUTACIÓN
6120,2007-04-10,2009-12-31,3,DESCONOCIDA
6120,2022-05-16,2023-04-30,3,FACULTAD DE INGENIERÍA EN ELECTRICIDAD Y COMPUTACIÓN
6127,2025-09-29,,6,FACULTAD DE INGENIERÍA EN CIENCIAS DE LA TIERRA
6160,2009-01-01,2012-12-31,4,DESCONOCIDA
6160,2018-05-01,,37,FACULTAD DE CIENCIAS DE LA VIDA
6163,2026-01-05,,2,DIRECCIÓN DE ADMISIONES
6241,2014-05-12,2016-12-31,3,DESCONOCIDA
6241,2017-01-01,,32,FACULTAD DE INGENIERÍA MECÁNICA Y CIENCIAS DE LA PRODUCCIÓN
6811,1991-03-01,1993-02-28,2,DESCONOCIDA
6811,1994-03-01,1995-02-28,1,DESCONOCIDA
6811,1996-12-01,1997-11-30,2,DESCONOCIDA
6811,2009-08-01,2010-07-31,1,DESCONOCIDA
6811,2013-01-01,2014-12-31,2,DESCONOCIDA
6811,2019-01-01,2024-07-01,39,CENTRO NACIONAL DE ACUICULTURA E INVESTIGACIONES MARINAS
6847,1994-05-01,1997-08-31,4,DESCONOCIDA
6847,2003-01-01,2003-12-31,1,DESCONOCIDA
6847,2010-12-01,2011-12-31,1,DESCONOCIDA
6847,2012-12-01,2014-07-31,2,DESCONOCIDA
6847,2019-09-09,2019-09-16,1,DESCONOCIDA
6847,2014-08-01,2014-10-31,1,GERENCIA FINANCIERA
6847,2014-11-01,2025-09-01,48,ESCUELA DE POSTGRADO EN ADMINISTRACIÓN DE EMPRESAS
6866,1995-03-01,2002-12-31,7,DESCONOCIDA
6866,2008-02-01,2019-02-28,7,DESCONOCIDA
6866,2019-01-01,2019-02-28,1,FACULTAD DE CIENCIAS DE LA VIDA
6870,2015-01-01,2015-03-13,1,DESCONOCIDA
6870,2015-05-11,2015-10-02,1,DESCONOCIDA
6870,2016-05-02,2016-09-23,1,DESCONOCIDA
6870,2015-10-19,2016-02-28,1,DIRECCIÓN DE ADMISIONES
6870,2016-10-10,2017-03-17,2,ESCUELA DE DISEÑO Y COMUNICACIÓN VISUAL
6939,2007-06-25,2007-08-04,1,DESCONOCIDA
6939,2016-04-01,2016-12-31,1,DESCONOCIDA
6939,2017-01-01,2019-01-23,3,ESCUELA DE DISEÑO Y COMUNICACIÓN VISUAL
6939,2019-01-24,2024-03-31,14,"FACULTAD DE ARTE, DISEÑO Y COMUNICACIÓN AUDIOVISUAL"
6992,1985-10-21,1986-03-01,1,DESCONOCIDA
6992,1986-05-19,1986-09-27,1,DESCONOCIDA
6992,1986-10-20,1987-05-15,2,DESCONOCIDA
6992,1987-05-18,1987-09-26,1,DESCONOCIDA
6992,1987-11-04,1988-09-24,2,DESCONOCIDA
6992,1989-02-20,1989-09-16,2,DESCONOCIDA
6992,1989-10-02,1990-02-03,1,DESCONOCIDA
6992,1990-05-28,1990-10-06,2,DESCONOCIDA
6992,1990-10-22,1991-03-01,1,DESCONOCIDA
6992,1991-06-10,1991-10-19,1,DESCONOCIDA
6992,1991-11-04,1992-03-06,1,DESCONOCIDA
6992,1992-05-25,1994-03-04,7,DESCONOCIDA
6992,1994-05-23,1994-10-07,1,DESCONOCIDA
6992,1994-10-17,1995-03-03,1,DESCONOCIDA
6992,1995-05-22,1996-05-18,4,DESCONOCIDA
6992,1996-05-20,1996-11-23,2,DESCONOCIDA
6992,2016-08-01,2016-10-19,1,FACULTAD DE INGENIERÍA MARÍTIMA Y CIENCIAS DEL MAR
6992,2013-10-14,2016-07-31,4,DESCONOCIDA
6992,2019-01-24,2025-08-01,37,FACULTAD DE INGENIERÍA MARÍTIMA Y CIENCIAS DEL MAR
6992,2016-10-20,2019-01-23,2,"FACULTAD DE INGENIERIA MARÍTIMA, CIENCIAS BIOLÓGICAS, OCEÁNICAS Y RECURSOS NATURALES"
7090,1995-03-01,1998-12-31,6,DESCONOCIDA
7090,2002-01-01,2002-12-31,1,DESCONOCIDA
7090,2008-10-01,2015-12-31,7,DESCONOCIDA
7090,2016-01-01,2016-12-31,1,DIRECCIÓN DE SERVICIOS GENERALES
7090,2017-01-01,2018-12-31,2,DESCONOCIDA
7090,2019-01-01,2024-12-31,14,DIRECCIÓN DE SERVICIOS GENERALES
7197,2018-09-01,,17,DIRECCIÓN DE SERVICIOS GENERALES
7232,2024-06-07,2024-09-20,1,FACULTAD DE CIENCIAS SOCIALES Y HUMANÍSTICAS
7232,2024-09-30,2026-02-13,6,FACULTAD DE CIENCIAS SOCIALES Y HUMANÍSTICAS
7232,2026-05-04,,1,FACULTAD DE CIENCIAS SOCIALES Y HUMANÍSTICAS
7265,2021-04-01,2021-09-06,2,AUDITORÍA INTERNA
7281,1994-06-15,1995-06-14,1,DESCONOCIDA
7281,1996-12-01,1997-11-30,2,DESCONOCIDA
7281,2009-08-01,2010-07-31,1,DESCONOCIDA
7281,2012-01-01,2013-09-30,3,DESCONOCIDA
7281,2013-01-01,2015-08-19,2,DECANATO DE INVESTIGACIÓN
7281,2015-08-20,2015-09-30,1,CENTRO NACIONAL DE ACUICULTURA E INVESTIGACIONES MARINAS
7281,2015-10-01,,36,FACULTAD DE CIENCIAS DE LA VIDA
7308,1992-06-01,1995-09-30,5,DESCONOCIDA
7308,1996-12-01,1997-11-30,3,DESCONOCIDA
7308,1998-02-01,2007-11-30,20,DESCONOCIDA
7308,2012-03-01,2012-12-31,1,DESCONOCIDA
7308,2013-01-01,2014-02-28,1,FACULTAD DE CIENCIAS DE LA VIDA
7308,2015-08-20,2022-11-11,15,DESCONOCIDA
7308,2016-12-20,,29,FACULTAD DE CIENCIAS DE LA VIDA
7308,2014-03-01,2015-08-20,2,RECTORADO
7351,1991-07-04,1992-10-03,2,DESCONOCIDA
7351,1996-05-20,1996-09-27,1,DESCONOCIDA
7351,1996-10-14,1997-02-28,1,DESCONOCIDA
7351,1997-05-26,1997-10-03,1,DESCONOCIDA
7351,2002-01-24,2002-02-02,1,DESCONOCIDA
7351,2014-10-01,2014-12-31,1,FACULTAD DE INGENIERÍA EN ELECTRICIDAD Y COMPUTACIÓN
7351,2015-01-01,2017-09-30,3,DESCONOCIDA
7351,2017-10-01,2020-02-21,5,FACULTAD DE INGENIERÍA EN ELECTRICIDAD Y COMPUTACIÓN
7374,1986-09-01,1987-08-30,1,DESCONOCIDA
7374,1987-11-12,1999-03-02,2,DESCONOCIDA
7374,2009-08-01,2011-09-30,1,DESCONOCIDA
7374,2013-01-01,2014-10-31,1,DESCONOCIDA
7374,2019-01-09,2019-01-09,1,CENTRO NACIONAL DE ACUICULTURA E INVESTIGACIONES MARINAS
7374,2019-01-31,2019-01-31,1,CENTRO NACIONAL DE ACUICULTURA E INVESTIGACIONES MARINAS
7374,2018-09-11,2018-09-14,1,DESCONOCIDA
7374,2019-02-28,2019-02-28,1,CENTRO NACIONAL DE ACUICULTURA E INVESTIGACIONES MARINAS
7374,2019-04-02,2019-04-05,1,DESCONOCIDA
7374,2014-11-01,2019-01-23,4,"FACULTAD DE INGENIERIA MARÍTIMA, CIENCIAS BIOLÓGICAS, OCEÁNICAS Y RECURSOS NATURALES"
7374,2019-04-26,2019-04-26,1,CENTRO NACIONAL DE ACUICULTURA E INVESTIGACIONES MARINAS
7374,2019-01-24,,28,FACULTAD DE INGENIERÍA MARÍTIMA Y CIENCIAS DEL MAR
7389,2018-10-01,2023-02-17,16,FACULTAD DE CIENCIAS SOCIALES Y HUMANÍSTICAS
7389,2023-02-22,2023-03-10,1,FACULTAD DE CIENCIAS SOCIALES Y HUMANÍSTICAS
7416,2023-09-20,2023-12-31,1,DIRECCIÓN DE ADMISIONES
7419,1999-10-11,2000-04-10,1,DESCONOCIDA
7419,2018-02-19,2018-02-23,1,FACULTAD DE INGENIERÍA MARÍTIMA Y CIENCIAS DEL MAR
7419,2018-03-06,2018-03-31,1,FACULTAD DE INGENIERÍA MARÍTIMA Y CIENCIAS DEL MAR
7419,2013-01-01,2016-08-04,2,DESCONOCIDA
7419,2016-08-05,2019-01-23,2,"FACULTAD DE INGENIERIA MARÍTIMA, CIENCIAS BIOLÓGICAS, OCEÁNICAS Y RECURSOS NATURALES"
7419,2019-01-24,,47,FACULTAD DE INGENIERÍA MARÍTIMA Y CIENCIAS DEL MAR
7443,1991-06-01,1992-05-31,1,DESCONOCIDA
7443,1992-07-01,1995-06-30,3,DESCONOCIDA
7443,1997-07-01,1997-09-15,1,DESCONOCIDA
7443,1999-12-01,2008-07-30,2,DESCONOCIDA
7443,2015-10-01,2019-01-23,7,CENTRO NACIONAL DE ACUICULTURA E INVESTIGACIONES MARINAS
7443,2019-03-04,2019-03-12,1,CENTRO NACIONAL DE ACUICULTURA E INVESTIGACIONES MARINAS
7443,2019-04-22,2019-05-03,1,CENTRO NACIONAL DE ACUICULTURA E INVESTIGACIONES MARINAS
7443,2020-02-07,2020-02-13,1,CENTRO NACIONAL DE ACUICULTURA E INVESTIGACIONES MARINAS
7443,2022-04-12,2022-04-27,1,CENTRO NACIONAL DE ACUICULTURA E INVESTIGACIONES MARINAS
7443,2009-08-01,2014-10-31,4,DESCONOCIDA
7443,2014-11-01,2015-09-30,1,DECANATO DE INVESTIGACIÓN
7443,2022-08-22,2022-08-26,1,CENTRO NACIONAL DE ACUICULTURA E INVESTIGACIONES MARINAS
7443,2019-01-24,,14,FACULTAD DE INGENIERÍA MARÍTIMA Y CIENCIAS DEL MAR
7526,1990-12-01,1995-12-31,4,DESCONOCIDA
7526,1996-12-01,1997-11-30,2,DESCONOCIDA
7526,2009-08-01,2015-12-31,5,DESCONOCIDA
7526,2016-01-01,2016-12-31,1,CENTRO NACIONAL DE ACUICULTURA E INVESTIGACIONES MARINAS
7526,2017-01-01,2018-12-31,2,DESCONOCIDA
7526,2019-01-01,,19,CENTRO NACIONAL DE ACUICULTURA E INVESTIGACIONES MARINAS
7568,1990-12-01,1991-01-30,1,DESCONOCIDA
7568,1991-05-01,1995-12-31,4,DESCONOCIDA
7568,1996-12-01,1997-11-30,1,DESCONOCIDA
7568,2009-08-01,2015-12-31,4,DESCONOCIDA
7568,2016-01-01,2016-12-31,1,CENTRO NACIONAL DE ACUICULTURA E INVESTIGACIONES MARINAS
7568,2017-01-01,2018-12-31,2,DESCONOCIDA
7568,2019-01-01,,24,CENTRO NACIONAL DE ACUICULTURA E INVESTIGACIONES MARINAS
7651,2013-01-01,2015-12-31,3,DESCONOCIDA
7651,2016-01-01,2016-12-31,1,CENTRO NACIONAL DE ACUICULTURA E INVESTIGACIONES MARINAS
7651,2017-01-01,2018-12-31,2,DESCONOCIDA
7651,2019-01-01,2024-04-30,10,CENTRO NACIONAL DE ACUICULTURA E INVESTIGACIONES MARINAS
7712,1997-07-01,1997-12-30,1,DESCONOCIDA
7712,2008-10-01,2015-12-31,4,DESCONOCIDA
7712,2016-01-01,2016-12-31,1,"FACULTAD DE ARTE, DISEÑO Y COMUNICACIÓN AUDIOVISUAL"
7712,2017-01-01,2018-12-31,2,DESCONOCIDA
7712,2019-01-01,,17,"FACULTAD DE ARTE, DISEÑO Y COMUNICACIÓN AUDIOVISUAL"
7726,1988-11-08,1989-01-07,1,DESCONOCIDA
7726,1989-05-01,1992-08-30,4,DESCONOCIDA
7726,2008-10-13,2009-03-02,1,DESCONOCIDA
7726,2009-05-18,2009-09-25,1,DESCONOCIDA
7726,2009-10-12,2010-03-02,2,DESCONOCIDA
7726,2012-04-01,2014-10-31,2,DESCONOCIDA
7726,2019-11-15,2019-11-21,1,DESCONOCIDA
7726,2014-11-01,2018-03-03,3,"FACULTAD DE INGENIERIA MARÍTIMA, CIENCIAS BIOLÓGICAS, OCEÁNICAS Y RECURSOS NATURALES"
7726,2018-03-03,2023-12-01,22,FACULTAD DE CIENCIAS SOCIALES Y HUMANÍSTICAS
7726,2019-08-25,2019-08-25,1,FACULTAD DE INGENIERÍA EN ELECTRICIDAD Y COMPUTACIÓN
7730,2013-01-01,2015-12-31,3,DESCONOCIDA
7730,2016-01-01,2016-12-31,1,DIRECCIÓN DE SERVICIOS GENERALES
7730,2017-01-01,2018-12-31,2,DESCONOCIDA
7730,2019-01-01,2023-05-31,18,DIRECCIÓN DE SERVICIOS GENERALES
7809,1989-06-01,1992-12-30,4,DESCONOCIDA
7809,1996-02-01,1998-01-30,4,DESCONOCIDA
7809,1998-02-02,1998-12-31,1,DESCONOCIDA
7809,2006-04-03,2006-12-30,2,DESCONOCIDA
7809,2007-01-02,2007-12-31,1,DESCONOCIDA
7809,2008-06-01,2014-12-31,4,DESCONOCIDA
7809,2015-01-01,,31,FACULTAD DE CIENCIAS NATURALES Y MATEMÁTICAS
7830,2011-06-01,2015-12-31,4,DESCONOCIDA
7830,2016-01-01,2016-12-31,1,FACULTAD DE CIENCIAS SOCIALES Y HUMANÍSTICAS
7830,2017-01-01,2018-12-31,2,DESCONOCIDA
7830,2019-01-01,,34,FACULTAD DE CIENCIAS SOCIALES Y HUMANÍSTICAS
7837,1995-06-01,1995-12-31,1,DESCONOCIDA
7837,1996-12-01,1997-11-30,2,DESCONOCIDA
7837,2009-08-01,2015-12-31,4,DESCONOCIDA
7837,2016-01-01,2016-12-31,1,CENTRO NACIONAL DE ACUICULTURA E INVESTIGACIONES MARINAS
7837,2017-01-01,2018-12-31,2,DESCONOCIDA
7837,2019-01-01,,27,CENTRO NACIONAL DE ACUICULTURA E INVESTIGACIONES MARINAS
7916,1991-02-01,1993-01-31,2,DESCONOCIDA
7916,1994-03-01,1995-02-28,1,DESCONOCIDA
7916,1996-12-01,1997-11-30,2,DESCONOCIDA
7916,2009-08-01,2015-12-31,5,DESCONOCIDA
7916,2016-01-01,2016-12-31,1,CENTRO NACIONAL DE ACUICULTURA E INVESTIGACIONES MARINAS
7916,2017-01-01,2018-12-31,2,DESCONOCIDA
7916,2019-01-01,,21,CENTRO NACIONAL DE ACUICULTURA E INVESTIGACIONES MARINAS
7945,2000-01-01,2002-03-31,1,DESCONOCIDA
7945,2016-01-01,2016-01-01,1,DESCONOCIDA
7945,2016-01-01,2016-12-31,1,DIRECCIÓN DE SERVICIOS GENERALES
7945,2017-01-01,2018-12-31,2,DESCONOCIDA
7945,2019-01-01,,80,DIRECCIÓN DE SERVICIOS GENERALES
7965,2015-02-01,2016-04-30,2,FACULTAD DE INGENIERÍA EN ELECTRICIDAD Y COMPUTACIÓN
7965,2016-08-01,2023-12-01,28,FACULTAD DE INGENIERÍA EN ELECTRICIDAD Y COMPUTACIÓN
7965,2016-05-01,2016-07-31,2,DESCONOCIDA
7973,1990-07-13,1998-10-12,9,DESCONOCIDA
7973,2008-10-01,2015-12-31,6,DESCONOCIDA
7973,2016-01-01,2016-12-31,1,DIRECCIÓN DE SERVICIOS GENERALES
7973,2017-01-01,2018-12-31,2,DESCONOCIDA
7973,2019-01-01,,13,DIRECCIÓN DE SERVICIOS GENERALES
8024,2023-09-20,2023-12-31,1,DIRECCIÓN DE ADMISIONES
8120,1999-11-11,2000-05-10,1,DESCONOCIDA
8120,2008-11-01,2011-10-31,1,DESCONOCIDA
8120,2014-12-05,2014-12-06,1,DESCONOCIDA
8120,2016-04-01,2016-04-15,2,DESCONOCIDA
8120,2017-03-13,2017-03-31,1,DESCONOCIDA
8120,2017-05-16,2017-05-25,1,DESCONOCIDA
8120,2018-01-29,2018-02-01,1,DESCONOCIDA
8120,2018-02-19,2018-02-22,1,DESCONOCIDA
8120,2018-08-13,2018-08-17,1,DESCONOCIDA
8120,2015-05-01,,41,FACULTAD DE INGENIERÍA EN CIENCIAS DE LA TIERRA
8120,2016-03-10,2016-03-31,1,DIRECCIÓN DE LA SECRETARÍA TÉCNICA DE ASEGURAMIENTO DE LA CALIDAD DE LA EDUCACIÓN SUPERIOR
8168,2024-08-01,,7,GERENCIA DE TECNOLOGÍAS Y SISTEMAS DE INFORMACIÓN
8193,1996-08-07,1997-12-30,2,DESCONOCIDA
8193,1998-02-01,2015-12-31,8,DESCONOCIDA
8193,2016-01-01,2016-12-31,1,FACULTAD DE INGENIERÍA EN CIENCIAS DE LA TIERRA
8193,2017-01-01,2018-12-31,2,DESCONOCIDA
8193,2019-01-01,,17,FACULTAD DE INGENIERÍA EN CIENCIAS DE LA TIERRA
8244,2002-04-03,2003-04-02,1,DESCONOCIDA
8244,2008-10-01,2014-12-31,3,DESCONOCIDA
8244,2015-01-01,,30,FACULTAD DE INGENIERÍA EN ELECTRICIDAD Y COMPUTACIÓN
8293,2023-09-20,2023-12-31,1,DIRECCIÓN DE ADMISIONES
8301,2018-05-01,2018-09-21,1,FACULTAD DE CIENCIAS SOCIALES Y HUMANÍSTICAS
8301,2018-10-01,2019-02-22,2,FACULTAD DE CIENCIAS SOCIALES Y HUMANÍSTICAS
8301,2019-05-13,2019-09-20,1,FACULTAD DE CIENCIAS SOCIALES Y HUMANÍSTICAS
8327,2017-01-01,2017-12-31,1,FACULTAD DE CIENCIAS NATURALES Y MATEMÁTICAS
8327,2016-10-17,2016-12-31,1,DESCONOCIDA
8327,2019-01-01,,23,FACULTAD DE CIENCIAS NATURALES Y MATEMÁTICAS
8327,2018-01-01,2018-12-31,1,DIRECCIÓN DE ADMISIONES
8331,1989-08-09,1989-11-08,1,DESCONOCIDA
8331,1991-01-02,1991-05-01,1,DESCONOCIDA
8331,1991-07-01,1991-09-30,1,DESCONOCIDA
8331,1993-09-15,1993-10-30,1,DESCONOCIDA
8331,1996-05-14,1996-06-29,1,DESCONOCIDA
8331,1996-10-07,1999-01-08,3,DESCONOCIDA
8331,2000-02-07,2000-05-06,1,DESCONOCIDA
8331,2003-08-01,2004-07-31,1,DESCONOCIDA
8331,2008-10-01,2010-12-31,4,DESCONOCIDA
8331,2015-01-01,2019-01-23,5,"FACULTAD DE INGENIERIA MARÍTIMA, CIENCIAS BIOLÓGICAS, OCEÁNICAS Y RECURSOS NATURALES"
8331,2019-03-06,2019-03-12,1,"FACULTAD DE INGENIERIA MARÍTIMA, CIENCIAS BIOLÓGICAS, OCEÁNICAS Y RECURSOS NATURALES"
8331,2011-04-01,2014-12-31,3,DESCONOCIDA
8331,2021-08-10,2021-08-24,1,"FACULTAD DE INGENIERIA MARÍTIMA, CIENCIAS BIOLÓGICAS, OCEÁNICAS Y RECURSOS NATURALES"
8331,2019-01-24,,30,FACULTAD DE INGENIERÍA MARÍTIMA Y CIENCIAS DEL MAR
8335,2018-05-01,2020-02-21,3,FACULTAD DE INGENIERÍA EN CIENCIAS DE LA TIERRA
8403,2017-05-02,2018-03-02,1,FACULTAD DE CIENCIAS DE LA VIDA
8433,2018-05-01,2025-02-14,19,FACULTAD DE CIENCIAS NATURALES Y MATEMÁTICAS
8433,2025-05-12,,6,DECANATO DE GRADO
8441,2025-12-01,,5,FACULTAD DE CIENCIAS NATURALES Y MATEMÁTICAS
8442,2020-06-08,,24,FACULTAD DE CIENCIAS NATURALES Y MATEMÁTICAS
8446,2012-05-04,2012-10-24,1,DESCONOCIDA
8446,2018-01-01,2019-12-31,2,DIRECCIÓN DE ADMISIONES
8446,2020-02-03,2020-05-31,1,DIRECCIÓN DE ADMISIONES
8446,2021-05-25,2021-12-31,1,DIRECCIÓN DE ADMISIONES
8446,2017-05-01,2017-12-31,1,DESCONOCIDA
8446,2023-05-29,,17,DIRECCIÓN DE ADMISIONES
8457,2021-08-01,,10,FACULTAD DE INGENIERÍA EN ELECTRICIDAD Y COMPUTACIÓN
8497,1999-05-25,1999-10-02,1,DESCONOCIDA
8497,2002-01-16,2003-01-16,1,DESCONOCIDA
8497,2011-09-25,2014-02-28,2,DESCONOCIDA
8497,2016-03-31,2016-04-17,1,DESCONOCIDA
8497,2017-03-27,2017-03-27,1,DESCONOCIDA
8497,2019-03-11,2019-03-25,1,"FACULTAD DE ARTE, DISEÑO Y COMUNICACIÓN AUDIOVISUAL"
8497,2021-01-21,2021-01-22,1,"FACULTAD DE ARTE, DISEÑO Y COMUNICACIÓN AUDIOVISUAL"
8497,2021-02-22,2021-03-10,1,"FACULTAD DE ARTE, DISEÑO Y COMUNICACIÓN AUDIOVISUAL"
8497,2019-01-24,2021-05-31,1,DESCONOCIDA
8497,2014-03-01,2019-01-23,10,ESCUELA DE DISEÑO Y COMUNICACIÓN VISUAL
8497,2017-11-13,,30,DIRECCIÓN DE LA SECRETARÍA TÉCNICA ACADEMICA
8497,2021-06-01,,4,"FACULTAD DE ARTE, DISEÑO Y COMUNICACIÓN AUDIOVISUAL"
8530,2018-05-01,2019-12-31,2,DIRECCIÓN DE ADMISIONES
8530,2020-02-03,2020-12-31,1,DIRECCIÓN DE ADMISIONES
8530,2021-05-25,2021-12-31,1,DIRECCIÓN DE ADMISIONES
8530,2023-05-29,,11,DIRECCIÓN DE ADMISIONES
8558,1991-08-01,1995-12-31,3,DESCONOCIDA
8558,1996-12-01,1997-11-30,2,DESCONOCIDA
8558,2009-08-01,2010-12-31,3,DESCONOCIDA
8558,2011-05-02,2014-12-31,2,DESCONOCIDA
8558,2015-01-01,,51,CENTRO NACIONAL DE ACUICULTURA E INVESTIGACIONES MARINAS
8577,2008-10-01,2015-12-31,6,DESCONOCIDA
8577,2016-01-01,2016-12-31,1,DIRECCIÓN DE SERVICIOS GENERALES
8577,2017-01-01,2018-12-31,2,DESCONOCIDA
8577,2019-01-01,,16,DIRECCIÓN DE SERVICIOS GENERALES
8666,2007-04-01,2008-04-30,1,DESCONOCIDA
8666,2008-10-01,2009-03-02,1,DESCONOCIDA
8666,2009-04-16,2009-05-15,1,DESCONOCIDA
8666,2009-05-18,2011-09-24,3,DESCONOCIDA
8666,2013-01-01,2018-03-02,3,"FACULTAD DE INGENIERIA MARÍTIMA, CIENCIAS BIOLÓGICAS, OCEÁNICAS Y RECURSOS NATURALES"
8666,2019-02-26,2019-03-01,1,"FACULTAD DE INGENIERIA MARÍTIMA, CIENCIAS BIOLÓGICAS, OCEÁNICAS Y RECURSOS NATURALES"
8666,2018-03-03,2019-03-31,1,DESCONOCIDA
8666,2019-04-08,2019-04-18,1,DESCONOCIDA
8666,2019-04-01,2019-10-01,3,FACULTAD DE CIENCIAS SOCIALES Y HUMANÍSTICAS
8666,2019-09-26,2019-09-30,1,DESCONOCIDA
8666,2019-03-18,2019-03-29,1,"FACULTAD DE INGENIERIA MARÍTIMA, CIENCIAS BIOLÓGICAS, OCEÁNICAS Y RECURSOS NATURALES"
8666,2017-11-13,2019-03-31,7,GERENCIA DE RELACIONES INTERNACIONALES
8666,2019-11-01,2024-10-01,6,FACULTAD DE CIENCIAS SOCIALES Y HUMANÍSTICAS
8757,2025-10-03,,2,CENTRO INTERNACIONAL DEL PACÍFICO PARA LA REDUCCIÓN DEL RIESGO DE DESASTRES
8762,2023-10-02,2023-12-31,1,DIRECCIÓN DE ADMISIONES
8766,2016-06-18,2016-07-16,1,DESCONOCIDA
8766,2016-10-17,,28,FACULTAD DE CIENCIAS NATURALES Y MATEMÁTICAS
8819,2016-01-01,2016-12-31,1,CENTRO DE INVESTIGACIONES Y SERVICIOS EDUCATIVOS
8819,2016-01-01,2016-01-01,1,DIRECCIÓN DE SERVICIOS GENERALES
8819,2019-01-01,,25,CENTRO DE INVESTIGACIONES Y SERVICIOS EDUCATIVOS
8819,2017-01-01,2018-12-31,2,DESCONOCIDA
8884,2012-06-18,2013-06-18,1,DESCONOCIDA
8884,2017-04-17,2017-04-21,1,DESCONOCIDA
8884,2017-12-28,2018-01-07,1,DESCONOCIDA
8884,2018-01-28,2018-02-01,1,DESCONOCIDA
8884,2018-03-26,2018-04-06,1,DESCONOCIDA
8884,2018-07-16,2018-07-18,1,DESCONOCIDA
8884,2018-09-25,2018-09-28,1,DESCONOCIDA
8884,2019-04-15,2019-04-30,1,DESCONOCIDA
8884,2019-05-27,2019-05-31,1,DESCONOCIDA
8884,2019-06-08,2019-06-14,1,DESCONOCIDA
8884,2019-07-15,2019-07-20,1,DESCONOCIDA
8884,2019-10-16,2019-10-24,1,DESCONOCIDA
8884,2019-12-14,2019-12-19,1,DESCONOCIDA
8884,2023-04-17,2023-04-20,1,DECANATO DE INVESTIGACIÓN
8884,2024-09-25,2024-09-29,1,DECANATO DE INVESTIGACIÓN
8884,2025-03-17,2025-03-28,1,DECANATO DE INVESTIGACIÓN
8884,2025-04-05,2025-04-12,1,DECANATO DE INVESTIGACIÓN
8884,2025-05-20,2025-05-27,1,DECANATO DE INVESTIGACIÓN
8884,2025-06-19,2025-06-22,1,DECANATO DE INVESTIGACIÓN
8884,2019-12-26,2019-12-27,1,DESCONOCIDA
8884,2014-04-01,,30,FACULTAD DE INGENIERÍA MECÁNICA Y CIENCIAS DE LA PRODUCCIÓN
8884,2019-03-18,2019-03-29,1,VICERRECTORADO ACADÉMICO
8884,2026-03-21,2026-03-24,1,DECANATO DE INVESTIGACIÓN
8941,2005-04-01,2006-03-31,1,DESCONOCIDA
8941,2008-10-01,2010-12-31,4,DESCONOCIDA
8941,2011-04-01,2011-06-30,1,DESCONOCIDA
8941,2018-11-01,2018-12-31,1,FACULTAD DE INGENIERÍA MARÍTIMA Y CIENCIAS DEL MAR
8941,2019-01-01,2019-01-23,1,"FACULTAD DE INGENIERIA MARÍTIMA, CIENCIAS BIOLÓGICAS, OCEÁNICAS Y RECURSOS NATURALES"
8941,2011-07-04,2018-10-31,4,DESCONOCIDA
8941,2018-03-15,2018-04-13,1,FACULTAD DE CIENCIAS SOCIALES Y HUMANÍSTICAS
8941,2019-01-24,2024-06-06,13,FACULTAD DE INGENIERÍA MARÍTIMA Y CIENCIAS DEL MAR
8941,2019-03-18,2019-04-16,1,"FACULTAD DE INGENIERIA MARÍTIMA, CIENCIAS BIOLÓGICAS, OCEÁNICAS Y RECURSOS NATURALES"
8941,2024-06-07,,12,CENTRO DE INFORMACIÓN BIBLIOTECARIA
8975,2024-11-18,2025-02-14,2,FACULTAD DE INGENIERÍA MARÍTIMA Y CIENCIAS DEL MAR
8975,2025-06-11,,4,FACULTAD DE INGENIERÍA MARÍTIMA Y CIENCIAS DEL MAR
9029,2015-01-01,2015-03-13,1,DESCONOCIDA
9035,2022-05-24,2022-09-23,1,FACULTAD DE INGENIERÍA MARÍTIMA Y CIENCIAS DEL MAR
9035,2015-05-11,2015-10-02,1,"FACULTAD DE INGENIERIA MARÍTIMA, CIENCIAS BIOLÓGICAS, OCEÁNICAS Y RECURSOS NATURALES"
9035,2022-10-03,2023-02-17,3,FACULTAD DE INGENIERÍA MARÍTIMA Y CIENCIAS DEL MAR
9067,2008-10-01,2015-12-31,6,DESCONOCIDA
9067,2016-01-01,2016-12-31,1,"FACULTAD DE ARTE, DISEÑO Y COMUNICACIÓN AUDIOVISUAL"
9067,2017-01-01,2018-12-31,2,DESCONOCIDA
9067,2019-01-01,,20,"FACULTAD DE ARTE, DISEÑO Y COMUNICACIÓN AUDIOVISUAL"
9189,1996-04-01,1997-12-30,4,DESCONOCIDA
9189,2003-02-01,2003-05-30,1,DESCONOCIDA
9189,2003-09-01,2004-08-31,1,DESCONOCIDA
9189,2008-07-01,2014-12-31,4,DESCONOCIDA
9189,2015-01-01,,41,DIRECCIÓN DE TALENTO HUMANO
9196,1995-04-05,1998-01-04,5,DESCONOCIDA
9196,1998-04-05,1998-10-04,1,DESCONOCIDA
9196,2015-01-01,2016-12-31,2,GERENCIA FINANCIERA
9196,2018-04-02,2018-04-23,1,GERENCIA FINANCIERA
9196,2019-12-04,2019-12-07,1,FACULTAD DE CIENCIAS NATURALES Y MATEMÁTICAS
9196,2020-04-13,2020-04-30,1,FACULTAD DE CIENCIAS NATURALES Y MATEMÁTICAS
9196,2021-04-09,2021-04-29,1,FACULTAD DE CIENCIAS NATURALES Y MATEMÁTICAS
9196,2013-05-01,2024-12-31,6,DESCONOCIDA
9196,2019-04-22,2018-05-17,1,GERENCIA FINANCIERA
9196,2021-12-01,2024-11-23,19,FACULTAD DE CIENCIAS NATURALES Y MATEMÁTICAS
9326,1995-08-21,1995-12-31,1,DESCONOCIDA
9326,1996-12-01,1997-11-30,1,DESCONOCIDA
9326,2009-08-01,2014-12-31,6,DESCONOCIDA
9326,2015-01-01,,57,CENTRO NACIONAL DE ACUICULTURA E INVESTIGACIONES MARINAS
9457,2009-01-01,2019-12-31,5,DESCONOCIDA
9457,2017-01-01,,31,FACULTAD DE CIENCIAS DE LA VIDA
9465,2016-05-19,2016-10-19,3,FACULTAD DE CIENCIAS DE LA VIDA
9465,2017-02-16,2017-02-24,1,FACULTAD DE CIENCIAS DE LA VIDA
9465,2017-09-18,2017-09-29,1,FACULTAD DE CIENCIAS DE LA VIDA
9465,2023-03-05,2023-03-08,1,"VICERRECTORADO DE INVESTIGACIÓN, DESARROLLO E INNOVACIÓN"
9465,2023-03-25,2023-03-29,1,"VICERRECTORADO DE INVESTIGACIÓN, DESARROLLO E INNOVACIÓN"
9465,2023-05-02,2023-05-13,1,"VICERRECTORADO DE INVESTIGACIÓN, DESARROLLO E INNOVACIÓN"
9465,2023-05-28,2023-06-05,1,"VICERRECTORADO DE INVESTIGACIÓN, DESARROLLO E INNOVACIÓN"
9465,2023-06-18,2023-06-24,1,"VICERRECTORADO DE INVESTIGACIÓN, DESARROLLO E INNOVACIÓN"
9465,2023-08-25,2023-09-08,1,"VICERRECTORADO DE INVESTIGACIÓN, DESARROLLO E INNOVACIÓN"
9465,2024-01-02,2024-01-19,1,"VICERRECTORADO DE INVESTIGACIÓN, DESARROLLO E INNOVACIÓN"
9465,2024-03-18,2024-03-23,1,"VICERRECTORADO DE INVESTIGACIÓN, DESARROLLO E INNOVACIÓN"
9465,2024-04-28,2024-05-01,1,"VICERRECTORADO DE INVESTIGACIÓN, DESARROLLO E INNOVACIÓN"
9465,2024-06-25,2024-06-29,1,"VICERRECTORADO DE INVESTIGACIÓN, DESARROLLO E INNOVACIÓN"
9465,2024-09-22,2024-09-24,1,"VICERRECTORADO DE INVESTIGACIÓN, DESARROLLO E INNOVACIÓN"
9465,2024-11-09,2024-11-13,1,"VICERRECTORADO DE INVESTIGACIÓN, DESARROLLO E INNOVACIÓN"
9465,2024-12-04,2024-12-08,1,"VICERRECTORADO DE INVESTIGACIÓN, DESARROLLO E INNOVACIÓN"
9465,2025-01-06,2025-01-14,1,"VICERRECTORADO DE INVESTIGACIÓN, DESARROLLO E INNOVACIÓN"
9465,2025-01-19,2025-01-25,1,"VICERRECTORADO DE INVESTIGACIÓN, DESARROLLO E INNOVACIÓN"
9465,2025-02-18,2025-02-27,1,"VICERRECTORADO DE INVESTIGACIÓN, DESARROLLO E INNOVACIÓN"
9465,2025-04-08,2025-04-12,1,"VICERRECTORADO DE INVESTIGACIÓN, DESARROLLO E INNOVACIÓN"
9465,2025-05-20,2025-05-31,1,"VICERRECTORADO DE INVESTIGACIÓN, DESARROLLO E INNOVACIÓN"
9465,2025-06-23,2025-07-04,1,"VICERRECTORADO DE INVESTIGACIÓN, DESARROLLO E INNOVACIÓN"
9465,2025-07-07,2025-07-08,1,"VICERRECTORADO DE INVESTIGACIÓN, DESARROLLO E INNOVACIÓN"
9465,2025-08-12,2025-08-12,1,"VICERRECTORADO DE INVESTIGACIÓN, DESARROLLO E INNOVACIÓN"
9465,2025-08-17,2025-08-23,1,"VICERRECTORADO DE INVESTIGACIÓN, DESARROLLO E INNOVACIÓN"
9465,2025-09-23,2025-09-23,1,"VICERRECTORADO DE INVESTIGACIÓN, DESARROLLO E INNOVACIÓN"
9465,2025-11-02,2025-11-06,1,"VICERRECTORADO DE INVESTIGACIÓN, DESARROLLO E INNOVACIÓN"
9465,2025-12-04,2025-12-06,1,"VICERRECTORADO DE INVESTIGACIÓN, DESARROLLO E INNOVACIÓN"
9465,2026-01-27,2026-01-30,1,"VICERRECTORADO DE INVESTIGACIÓN, DESARROLLO E INNOVACIÓN"
9465,2026-02-02,2026-02-13,1,"VICERRECTORADO DE INVESTIGACIÓN, DESARROLLO E INNOVACIÓN"
9465,2026-06-03,2026-06-08,1,"VICERRECTORADO DE INVESTIGACIÓN, DESARROLLO E INNOVACIÓN"
9465,2026-06-29,2026-07-03,1,"VICERRECTORADO DE INVESTIGACIÓN, DESARROLLO E INNOVACIÓN"
9465,2014-10-01,2016-05-18,3,DESCONOCIDA
9465,2018-01-01,2022-11-12,9,FACULTAD DE CIENCIAS DE LA VIDA
9465,2016-10-20,2017-12-31,2,CENTRO DE DESARROLLO DE EMPRENDEDORES
9465,2022-11-13,2026-07-31,23,DECANATO DE VINCULACIÓN
9465,2026-08-01,,3,"VICERRECTORADO DE INVESTIGACIÓN, DESARROLLO E INNOVACIÓN"
9465,2024-05-23,2024-06-06,1,RECTORADO
9510,2015-01-01,2015-03-13,1,DESCONOCIDA
9510,2015-05-11,2015-10-02,1,DESCONOCIDA
9510,2023-09-20,2023-12-31,1,DIRECCIÓN DE ADMISIONES
9640,1995-08-01,1997-10-30,3,DESCONOCIDA
9640,1997-11-13,1998-12-31,2,DESCONOCIDA
9640,2000-01-01,2000-12-31,1,DESCONOCIDA
9640,2008-10-01,2014-12-31,4,DESCONOCIDA
9640,2015-01-01,2023-12-01,26,DIRECCIÓN DE ADMISIONES
9654,2007-05-14,2007-09-22,1,DESCONOCIDA
9654,2008-05-19,2008-09-26,2,DESCONOCIDA
9654,2008-10-13,2009-03-02,1,DESCONOCIDA
9654,2009-05-18,2009-09-25,1,DESCONOCIDA
9654,2010-10-11,2011-02-25,1,DESCONOCIDA
9654,2015-08-03,2019-08-01,2,FACULTAD DE CIENCIAS DE LA VIDA
9654,2011-05-16,2021-05-31,7,DESCONOCIDA
9654,2021-06-01,,33,FACULTAD DE CIENCIAS DE LA VIDA
9665,1995-09-01,1995-12-31,1,DESCONOCIDA
9665,1996-12-01,2015-12-31,7,DESCONOCIDA
9665,2016-01-01,2016-12-31,1,CENTRO NACIONAL DE ACUICULTURA E INVESTIGACIONES MARINAS
9665,2017-01-01,2018-12-31,2,DESCONOCIDA
9665,2019-01-01,,38,CENTRO NACIONAL DE ACUICULTURA E INVESTIGACIONES MARINAS
9693,2017-01-01,2017-09-22,1,FACULTAD DE CIENCIAS NATURALES Y MATEMÁTICAS
9693,2018-05-01,2020-02-21,3,FACULTAD DE CIENCIAS NATURALES Y MATEMÁTICAS
9693,2023-10-10,2024-02-16,3,FACULTAD DE CIENCIAS NATURALES Y MATEMÁTICAS
9693,2014-10-01,2016-12-31,3,DESCONOCIDA
9693,2026-05-20,,1,FACULTAD DE CIENCIAS NATURALES Y MATEMÁTICAS
9715,2023-10-05,2023-12-31,1,DIRECCIÓN DE ADMISIONES
9816,2015-05-01,2016-12-31,1,FACULTAD DE INGENIERÍA MECÁNICA Y CIENCIAS DE LA PRODUCCIÓN
9816,2018-01-01,,37,FACULTAD DE INGENIERÍA MECÁNICA Y CIENCIAS DE LA PRODUCCIÓN
9816,2017-01-01,2017-12-31,1,DESCONOCIDA
9834,2016-04-01,,41,DIRECCIÓN DE SEGURIDAD Y SALUD OCUPACIONAL
9855,2017-01-01,2017-03-17,1,"FACULTAD DE INGENIERIA MARÍTIMA, CIENCIAS BIOLÓGICAS, OCEÁNICAS Y RECURSOS NATURALES"
9855,2007-03-01,2015-11-30,8,DESCONOCIDA
9855,2018-02-01,2018-02-09,1,GERENCIA DE COMUNICACIÓN SOCIAL Y ASUNTOS PÚBLICOS
9855,2018-11-13,2018-11-16,1,GERENCIA DE COMUNICACIÓN SOCIAL Y ASUNTOS PÚBLICOS
9855,2017-11-13,2020-12-01,4,DESCONOCIDA
9855,2015-12-01,2017-11-12,4,UNIDAD DE BIENESTAR ESTUDIANTIL Y POLITÉCNICO
9855,2016-04-08,2016-04-17,1,RECTORADO
9855,2017-10-04,2018-03-02,2,"FACULTAD DE INGENIERIA MARÍTIMA, CIENCIAS BIOLÓGICAS, OCEÁNICAS Y RECURSOS NATURALES"
9855,2019-07-01,2019-07-31,2,GERENCIA DE COMUNICACIÓN SOCIAL Y ASUNTOS PÚBLICOS
9855,2018-05-02,2018-05-21,1,FACULTAD DE CIENCIAS SOCIALES Y HUMANÍSTICAS
9855,2018-11-19,2019-06-30,1,CENTRO DE INVESTIGACIONES BIOTECNOLÓGICAS DEL ECUADOR
9912,2017-02-20,2017-09-30,3,DESCONOCIDA
9912,2017-10-01,,36,FACULTAD DE INGENIERÍA EN CIENCIAS DE LA TIERRA
9936,2008-05-19,2008-09-26,1,DESCONOCIDA
9936,2008-10-13,2009-03-02,1,DESCONOCIDA
9936,2009-05-18,2009-09-25,1,DESCONOCIDA
9936,2009-10-12,2010-03-02,2,DESCONOCIDA
9936,2011-06-01,2014-10-31,2,DESCONOCIDA
9936,2014-03-01,,23,FACULTAD DE CIENCIAS NATURALES Y MATEMÁTICAS
10023,2023-10-19,2023-12-31,2,"FACULTAD DE ARTE, DISEÑO Y COMUNICACIÓN AUDIOVISUAL"
10059,2015-10-19,2016-12-31,1,FACULTAD DE CIENCIAS SOCIALES Y HUMANÍSTICAS
10059,2018-03-03,,27,FACULTAD DE CIENCIAS SOCIALES Y HUMANÍSTICAS
10059,2017-01-01,2017-12-31,1,DESCONOCIDA
10059,2018-01-01,2018-03-02,1,"FACULTAD DE INGENIERIA MARÍTIMA, CIENCIAS BIOLÓGICAS, OCEÁNICAS Y RECURSOS NATURALES"
10072,2025-06-02,,3,DIRECCIÓN DE SERVICIOS GENERALES
10093,2025-10-21,2026-02-13,2,FACULTAD DE CIENCIAS NATURALES Y MATEMÁTICAS
10093,2026-03-09,2026-05-03,1,FACULTAD DE CIENCIAS NATURALES Y MATEMÁTICAS
10130,2015-10-19,2016-02-28,1,FACULTAD DE INGENIERÍA EN CIENCIAS DE LA TIERRA
10130,2016-10-10,2017-03-17,2,FACULTAD DE INGENIERÍA EN CIENCIAS DE LA TIERRA
10130,2017-10-04,2018-03-02,2,FACULTAD DE INGENIERÍA EN CIENCIAS DE LA TIERRA
10130,2018-05-02,2018-09-21,1,FACULTAD DE INGENIERÍA EN CIENCIAS DE LA TIERRA
10130,2018-10-01,2019-02-22,2,FACULTAD DE INGENIERÍA EN CIENCIAS DE LA TIERRA
10130,2019-05-13,2019-09-20,1,FACULTAD DE INGENIERÍA EN CIENCIAS DE LA TIERRA
10130,2020-01-01,2020-02-21,1,FACULTAD DE INGENIERÍA EN CIENCIAS DE LA TIERRA
10130,2020-06-01,2020-09-30,1,FACULTAD DE INGENIERÍA EN CIENCIAS DE LA TIERRA
10130,2020-10-12,2021-02-19,2,FACULTAD DE INGENIERÍA EN CIENCIAS DE LA TIERRA
10130,2021-05-17,2022-02-18,2,FACULTAD DE INGENIERÍA EN CIENCIAS DE LA TIERRA
10130,2022-05-16,2022-09-23,1,FACULTAD DE INGENIERÍA EN CIENCIAS DE LA TIERRA
10130,2022-10-03,2024-02-16,6,FACULTAD DE INGENIERÍA EN CIENCIAS DE LA TIERRA
10130,2025-06-02,2025-09-21,1,FACULTAD DE INGENIERÍA EN CIENCIAS DE LA TIERRA
10130,2016-05-02,2016-09-23,1,DESCONOCIDA
10133,2010-07-01,2014-12-31,8,DESCONOCIDA
10133,2015-01-01,2015-10-31,1,SECRETARIA ADMINISTRATIVA
10136,2016-10-01,2016-12-31,1,DESCONOCIDA
10136,2017-01-01,,36,FACULTAD DE CIENCIAS DE LA VIDA
10157,2010-05-17,2012-05-01,3,DESCONOCIDA
10157,2018-05-14,2018-05-25,1,DESCONOCIDA
10157,2018-10-09,2018-10-15,1,DESCONOCIDA
10157,2018-11-12,2018-11-17,1,DESCONOCIDA
10157,2013-01-01,,23,FACULTAD DE CIENCIAS NATURALES Y MATEMÁTICAS
10191,2021-05-10,,21,FACULTAD DE CIENCIAS NATURALES Y MATEMÁTICAS
10248,2023-05-15,2023-09-22,1,FACULTAD DE INGENIERÍA EN ELECTRICIDAD Y COMPUTACIÓN
10248,2024-10-08,,6,FACULTAD DE INGENIERÍA EN ELECTRICIDAD Y COMPUTACIÓN
10352,2019-02-23,2024-09-29,17,FACULTAD DE INGENIERÍA MARÍTIMA Y CIENCIAS DEL MAR
10352,2018-05-01,2019-02-22,2,"FACULTAD DE INGENIERIA MARÍTIMA, CIENCIAS BIOLÓGICAS, OCEÁNICAS Y RECURSOS NATURALES"
10352,2025-05-12,,7,FACULTAD DE INGENIERÍA MARÍTIMA Y CIENCIAS DEL MAR
10441,2023-05-15,2023-09-22,1,FACULTAD DE INGENIERÍA MECÁNICA Y CIENCIAS DE LA PRODUCCIÓN
10441,2023-10-02,2026-02-13,8,FACULTAD DE INGENIERÍA MECÁNICA Y CIENCIAS DE LA PRODUCCIÓN
10441,2026-03-24,,1,FACULTAD DE INGENIERÍA MECÁNICA Y CIENCIAS DE LA PRODUCCIÓN
10447,2019-11-01,2020-02-21,2,FACULTAD DE INGENIERÍA EN ELECTRICIDAD Y COMPUTACIÓN
10483,2009-08-01,2015-12-31,6,DESCONOCIDA
10483,2016-01-01,2016-12-31,1,CENTRO NACIONAL DE ACUICULTURA E INVESTIGACIONES MARINAS
10483,2017-01-01,2018-12-31,2,DESCONOCIDA
10483,2019-01-01,,25,CENTRO NACIONAL DE ACUICULTURA E INVESTIGACIONES MARINAS
10493,1999-05-03,2005-03-30,11,DESCONOCIDA
10493,2015-01-01,2016-12-31,1,DESCONOCIDA
10493,2017-01-03,2017-09-30,4,DESCONOCIDA
10493,2017-10-01,,54,CENTRO DE TECNOLOGÍAS DE LA INFORMACIÓN
10531,2003-01-01,2003-12-31,1,DESCONOCIDA
10531,2010-02-01,2012-12-31,4,DESCONOCIDA
10531,2013-03-01,2015-12-02,3,DESCONOCIDA
10531,2016-01-01,2016-01-01,1,DESCONOCIDA
10531,2016-02-01,2016-07-01,2,DESCONOCIDA
10531,2015-12-02,2015-12-31,1,GERENCIA ADMINISTRATIVA
10531,2016-07-01,2022-11-14,18,FACULTAD DE INGENIERÍA EN CIENCIAS DE LA TIERRA
10531,2022-11-15,,32,VICERRECTORADO DE DOCENCIA
10597,2017-10-01,2021-09-04,4,CENTRO DE INVESTIGACIONES BIOTECNOLÓGICAS DEL ECUADOR
10597,2021-09-15,,22,CENTRO DE INVESTIGACIONES BIOTECNOLÓGICAS DEL ECUADOR
10597,2021-09-05,2021-09-05,1,DESCONOCIDA
10605,2014-07-07,2014-12-31,1,DESCONOCIDA
10605,2016-01-01,2016-12-31,1,DIRECCIÓN DE SERVICIOS GENERALES
10605,2017-01-01,2018-12-31,2,DESCONOCIDA
10605,2015-01-01,2015-12-31,2,"FACULTAD DE INGENIERIA MARÍTIMA, CIENCIAS BIOLÓGICAS, OCEÁNICAS Y RECURSOS NATURALES"
10605,2019-01-01,,27,DIRECCIÓN DE SERVICIOS GENERALES
10646,2015-05-04,,30,FACULTAD DE INGENIERÍA MECÁNICA Y CIENCIAS DE LA PRODUCCIÓN
10778,2016-01-01,2016-01-01,1,DESCONOCIDA
10778,2016-01-01,2016-12-31,1,GERENCIA DE TECNOLOGÍAS Y SISTEMAS DE INFORMACIÓN
10778,2017-01-01,2018-12-31,2,DESCONOCIDA
10778,2019-01-01,,46,GERENCIA DE TECNOLOGÍAS Y SISTEMAS DE INFORMACIÓN
10864,2022-01-03,2022-01-31,1,UNIDAD DE VINCULACIÓN CON LA SOCIEDAD
10864,2022-02-01,2026-08-03,28,DECANATO DE VINCULACIÓN
10864,2026-08-03,,2,GERENCIA DE COMUNICACIÓN
10941,2018-10-01,2022-09-23,9,FACULTAD DE INGENIERÍA EN ELECTRICIDAD Y COMPUTACIÓN
10946,2009-01-01,2009-08-31,1,DESCONOCIDA
10946,2015-01-01,2015-01-30,1,CENTRO DE INVESTIGACIONES BIOTECNOLÓGICAS DEL ECUADOR
10946,2012-01-01,2014-12-31,3,DESCONOCIDA
10946,2020-02-22,2023-12-31,15,FACULTAD DE CIENCIAS DE LA VIDA
10946,2019-01-01,2019-01-01,1,DESCONOCIDA
10946,2017-10-01,2020-02-21,3,CENTRO DE INVESTIGACIONES BIOTECNOLÓGICAS DEL ECUADOR
10946,2024-06-03,,10,FACULTAD DE CIENCIAS DE LA VIDA
11053,2017-01-01,2017-09-30,1,FACULTAD DE INGENIERÍA EN CIENCIAS DE LA TIERRA
11053,2021-07-06,2022-02-18,2,FACULTAD DE INGENIERÍA EN CIENCIAS DE LA TIERRA
11053,2022-05-16,2022-09-23,1,FACULTAD DE INGENIERÍA EN CIENCIAS DE LA TIERRA
11053,2022-10-03,2025-02-14,10,FACULTAD DE INGENIERÍA EN CIENCIAS DE LA TIERRA
11053,2016-10-01,2016-12-31,1,DESCONOCIDA
11053,2025-05-12,2025-09-21,1,FACULTAD DE INGENIERÍA EN CIENCIAS DE LA TIERRA
11174,2024-05-13,2024-09-20,1,FACULTAD DE CIENCIAS NATURALES Y MATEMÁTICAS
11174,2024-09-30,2025-05-04,2,FACULTAD DE CIENCIAS NATURALES Y MATEMÁTICAS
11196,2008-10-01,2015-12-31,4,DESCONOCIDA
11196,2016-01-01,2016-12-31,1,DIRECCIÓN DE SERVICIOS GENERALES
11196,2017-01-01,2018-12-31,2,DESCONOCIDA
11196,2019-01-01,2025-01-31,12,DIRECCIÓN DE SERVICIOS GENERALES
11234,2018-01-01,2019-12-31,2,DIRECCIÓN DE ADMISIONES
11234,2020-02-03,2020-05-31,1,DIRECCIÓN DE ADMISIONES
11234,2021-05-25,2021-12-31,1,DIRECCIÓN DE ADMISIONES
11234,2023-10-05,2023-12-31,2,DECANATO DE GRADO
11234,2017-05-01,2017-12-31,1,DESCONOCIDA
11234,2024-01-01,2026-05-03,6,DIRECCIÓN DE ADMISIONES
11234,2026-05-04,,1,DECANATO DE GRADO
11237,1988-09-01,1989-08-30,1,DESCONOCIDA
11237,1992-05-18,1995-12-31,2,DESCONOCIDA
11237,1996-12-01,1997-11-30,1,DESCONOCIDA
11237,2009-08-01,2010-12-31,3,DESCONOCIDA
11237,2011-09-01,2016-01-01,5,DESCONOCIDA
11237,2016-01-01,2016-12-31,1,CENTRO NACIONAL DE ACUICULTURA E INVESTIGACIONES MARINAS
11237,2017-01-01,2018-12-31,2,DESCONOCIDA
11237,2019-01-01,,34,CENTRO NACIONAL DE ACUICULTURA E INVESTIGACIONES MARINAS
11351,2020-06-01,2021-06-30,3,FACULTAD DE INGENIERÍA EN CIENCIAS DE LA TIERRA
11493,1991-01-01,1991-01-31,1,DESCONOCIDA
11493,1991-05-01,1991-08-31,1,DESCONOCIDA
11493,1991-10-01,1991-12-31,1,DESCONOCIDA
11493,1992-04-01,1992-04-30,1,DESCONOCIDA
11493,1992-06-01,1995-12-31,2,DESCONOCIDA
11493,1996-12-01,1997-11-30,2,DESCONOCIDA
11493,2009-08-01,2013-12-31,2,DESCONOCIDA
11493,2015-01-01,2015-12-31,1,DESCONOCIDA
11493,2016-01-01,2016-12-31,1,CENTRO NACIONAL DE ACUICULTURA E INVESTIGACIONES MARINAS
11493,2017-01-01,2018-12-31,2,DESCONOCIDA
11493,2019-01-01,2025-10-31,14,CENTRO NACIONAL DE ACUICULTURA E INVESTIGACIONES MARINAS
11495,2008-10-01,2015-12-31,4,DESCONOCIDA
11495,2016-01-01,2016-12-31,1,DIRECCIÓN DE SERVICIOS GENERALES
11495,2017-01-01,2018-12-31,2,DESCONOCIDA
11495,2019-01-01,,18,DIRECCIÓN DE SERVICIOS GENERALES
11509,1988-07-01,1988-09-30,1,DESCONOCIDA
11509,1989-07-01,1991-01-31,4,DESCONOCIDA
11509,1993-08-16,1993-10-15,1,DESCONOCIDA
11509,1993-12-27,1994-01-26,1,DESCONOCIDA
11509,1994-05-23,1994-10-07,2,DESCONOCIDA
11509,1994-10-17,1995-03-03,1,DESCONOCIDA
11509,1998-02-01,1999-04-30,2,DESCONOCIDA
11509,1999-10-01,2000-12-30,2,DESCONOCIDA
11509,2016-04-01,2016-12-31,1,DESCONOCIDA
11509,2017-01-01,2019-01-23,3,"FACULTAD DE INGENIERIA MARÍTIMA, CIENCIAS BIOLÓGICAS, OCEÁNICAS Y RECURSOS NATURALES"
11509,2019-01-24,,34,FACULTAD DE INGENIERÍA MARÍTIMA Y CIENCIAS DEL MAR
11509,2022-03-14,2022-03-25,1,DECANATO DE VINCULACIÓN
11522,1991-08-21,1992-08-20,1,DESCONOCIDA
11522,1994-03-01,1995-02-28,1,DESCONOCIDA
11522,1996-12-01,1997-11-30,1,DESCONOCIDA
11522,2009-08-01,2015-12-31,4,DESCONOCIDA
11522,2016-01-01,2016-12-31,1,CENTRO NACIONAL DE ACUICULTURA E INVESTIGACIONES MARINAS
11522,2017-01-01,2018-12-31,2,DESCONOCIDA
11522,2019-01-01,,18,CENTRO NACIONAL DE ACUICULTURA E INVESTIGACIONES MARINAS
11528,1991-02-01,1993-01-31,2,DESCONOCIDA
11528,1994-03-01,1995-02-28,1,DESCONOCIDA
11528,1996-12-01,1997-11-30,1,DESCONOCIDA
11528,2009-08-01,2015-12-31,4,DESCONOCIDA
11528,2016-01-01,2016-12-31,1,CENTRO NACIONAL DE ACUICULTURA E INVESTIGACIONES MARINAS
11528,2017-01-01,2018-12-31,2,DESCONOCIDA
11528,2019-01-01,,24,CENTRO NACIONAL DE ACUICULTURA E INVESTIGACIONES MARINAS
11822,2009-11-01,2015-12-31,6,DESCONOCIDA
11822,2016-01-01,2016-12-31,1,RECTORADO
11822,2017-01-01,2018-12-31,2,DESCONOCIDA
11822,2019-01-01,,21,RECTORADO
11851,2020-02-22,,22,FACULTAD DE INGENIERÍA MECÁNICA Y CIENCIAS DE LA PRODUCCIÓN
11859,2018-03-05,2023-02-28,15,FACULTAD DE CIENCIAS SOCIALES Y HUMANÍSTICAS
11859,2017-10-01,2018-03-04,2,"FACULTAD DE INGENIERIA MARÍTIMA, CIENCIAS BIOLÓGICAS, OCEÁNICAS Y RECURSOS NATURALES"
11859,2025-04-16,,5,FACULTAD DE CIENCIAS SOCIALES Y HUMANÍSTICAS
11865,1992-03-01,1993-02-28,1,DESCONOCIDA
11865,1994-03-01,1995-02-28,1,DESCONOCIDA
11865,1996-12-01,1997-11-30,2,DESCONOCIDA
11865,2009-09-01,2014-12-31,2,DESCONOCIDA
11865,2015-01-01,2015-12-01,1,CENTRO NACIONAL DE ACUICULTURA E INVESTIGACIONES MARINAS
11865,2015-12-02,2017-01-31,3,DESCONOCIDA
11865,2017-02-01,2025-05-01,27,CENTRO NACIONAL DE ACUICULTURA E INVESTIGACIONES MARINAS
11880,2017-03-12,2017-04-23,1,DESCONOCIDA
11918,1997-10-20,1998-02-27,1,DESCONOCIDA
11918,1998-05-25,1998-10-02,1,DESCONOCIDA
11918,1998-10-19,1999-03-02,1,DESCONOCIDA
11918,2013-05-13,2013-05-31,1,DESCONOCIDA
11918,2014-10-01,2016-12-31,2,DESCONOCIDA
11918,2017-01-01,2019-01-23,3,ESCUELA DE DISEÑO Y COMUNICACIÓN VISUAL
11918,2019-01-24,2020-02-21,2,"FACULTAD DE ARTE, DISEÑO Y COMUNICACIÓN AUDIOVISUAL"
12371,2025-10-13,2025-12-31,1,CENTRO DE ENERGÍAS RENOVABLES Y ALTERNATIVAS
12371,2026-06-15,,1,DIRECCIÓN DE ADMISIONES
12394,2013-03-01,2014-12-31,2,DESCONOCIDA
12394,2015-01-01,2016-07-31,2,CENTRO DE INVESTIGACIONES BIOTECNOLÓGICAS DEL ECUADOR
12394,2016-08-01,2016-10-31,2,DESCONOCIDA
12394,2016-11-01,,47,CENTRO DE INVESTIGACIONES BIOTECNOLÓGICAS DEL ECUADOR
12403,2010-10-01,2010-12-31,1,DESCONOCIDA
12403,2016-02-01,2016-12-31,1,DESCONOCIDA
12403,2017-01-01,,43,FACULTAD DE CIENCIAS DE LA VIDA
12405,2012-01-01,2014-12-31,3,DESCONOCIDA
12405,2015-01-01,2016-02-29,2,CENTRO DE INVESTIGACIONES BIOTECNOLÓGICAS DEL ECUADOR
12405,2016-03-01,2016-05-31,2,DESCONOCIDA
12405,2016-06-01,,36,CENTRO DE INVESTIGACIONES BIOTECNOLÓGICAS DEL ECUADOR
12411,2015-10-01,2016-12-31,1,FACULTAD DE CIENCIAS DE LA VIDA
12411,2018-01-01,,29,FACULTAD DE CIENCIAS DE LA VIDA
12411,2017-01-01,2017-12-31,1,DESCONOCIDA
12422,2014-05-12,2015-02-28,3,DESCONOCIDA
12422,2018-04-04,2018-04-05,1,DESCONOCIDA
12422,2018-05-28,2018-05-31,1,DESCONOCIDA
12422,2018-07-09,2018-07-27,1,DESCONOCIDA
12422,2018-09-10,2018-09-14,1,DESCONOCIDA
12422,2024-12-04,2024-12-08,1,DECANATO DE VINCULACIÓN
12422,2025-01-06,2025-01-14,1,DECANATO DE VINCULACIÓN
12422,2025-03-19,2025-03-20,1,DECANATO DE VINCULACIÓN
12422,2025-11-02,2025-11-06,1,DECANATO DE VINCULACIÓN
12422,2015-03-01,2025-09-19,38,FACULTAD DE INGENIERÍA EN CIENCIAS DE LA TIERRA
12422,2025-12-26,2025-12-31,1,FACULTAD DE INGENIERÍA EN CIENCIAS DE LA TIERRA
12422,2025-11-08,2025-11-22,1,DECANATO DE VINCULACIÓN
12422,2026-01-27,2026-01-30,1,DECANATO DE VINCULACIÓN
12422,2026-02-02,2026-02-13,1,DECANATO DE VINCULACIÓN
12422,2026-03-13,2026-04-02,1,DECANATO DE VINCULACIÓN
12422,2026-01-05,2026-01-14,1,DECANATO DE GRADO
12422,2026-01-16,2026-01-21,1,FACULTAD DE INGENIERÍA EN CIENCIAS DE LA TIERRA
12422,2026-04-10,2026-04-17,1,DECANATO DE GRADO
12422,2026-05-15,2026-05-21,1,DECANATO DE GRADO
12422,2026-05-25,2026-05-31,1,DECANATO DE GRADO
12422,2026-06-22,2026-06-24,1,DECANATO DE GRADO
12422,2026-07-01,2026-07-05,1,DECANATO DE GRADO
12422,2026-07-10,2026-07-10,1,DECANATO DE GRADO
12422,2026-07-12,2026-07-18,1,DECANATO DE GRADO
12422,2026-05-04,2026-05-08,1,FACULTAD DE INGENIERÍA EN CIENCIAS DE LA TIERRA
12422,2026-08-07,2026-08-07,1,FACULTAD DE INGENIERÍA EN CIENCIAS DE LA TIERRA
12422,2026-08-24,2026-08-28,1,FACULTAD DE INGENIERÍA EN CIENCIAS DE LA TIERRA
12422,2018-09-18,2018-09-22,1,DESCONOCIDA
12422,2026-08-31,,1,FACULTAD DE INGENIERÍA EN CIENCIAS DE LA TIERRA
12422,2026-04-06,2026-04-07,1,DECANATO DE VINCULACIÓN
12422,2026-07-28,2026-08-03,1,DECANATO DE GRADO
12471,2008-03-01,2015-12-31,4,DESCONOCIDA
12471,2016-01-01,2016-12-31,1,GERENCIA DE COMUNICACIÓN SOCIAL Y ASUNTOS PÚBLICOS
12471,2019-01-01,2022-12-31,5,GERENCIA DE COMUNICACIÓN SOCIAL Y ASUNTOS PÚBLICOS
12471,2023-08-15,2023-09-11,1,GERENCIA DE COMUNICACIÓN SOCIAL Y ASUNTOS PÚBLICOS
12471,2017-01-01,2018-12-31,2,DESCONOCIDA
12471,2023-12-26,2023-12-29,1,GERENCIA DE COMUNICACIÓN SOCIAL Y ASUNTOS PÚBLICOS
12471,2023-01-01,,13,GERENCIA DE COMUNICACIÓN
12487,2008-10-01,2017-03-31,8,DESCONOCIDA
12487,2018-03-05,2018-03-31,1,"FACULTAD DE INGENIERIA MARÍTIMA, CIENCIAS BIOLÓGICAS, OCEÁNICAS Y RECURSOS NATURALES"
12487,2018-12-26,2018-12-28,1,"FACULTAD DE INGENIERIA MARÍTIMA, CIENCIAS BIOLÓGICAS, OCEÁNICAS Y RECURSOS NATURALES"
12487,2019-01-14,2019-01-18,1,"FACULTAD DE INGENIERIA MARÍTIMA, CIENCIAS BIOLÓGICAS, OCEÁNICAS Y RECURSOS NATURALES"
12487,2019-04-08,2019-04-19,1,"FACULTAD DE INGENIERIA MARÍTIMA, CIENCIAS BIOLÓGICAS, OCEÁNICAS Y RECURSOS NATURALES"
12487,2017-11-13,2019-01-23,1,DESCONOCIDA
12487,2017-04-01,2017-11-12,1,RECTORADO
12487,2021-10-05,2021-10-08,1,"FACULTAD DE INGENIERIA MARÍTIMA, CIENCIAS BIOLÓGICAS, OCEÁNICAS Y RECURSOS NATURALES"
12487,2019-01-24,2025-03-12,25,FACULTAD DE INGENIERÍA MARÍTIMA Y CIENCIAS DEL MAR
12487,2025-03-13,,8,GERENCIA ADMINISTRATIVA
12696,2025-01-06,2025-12-31,1,CENTRO DE INVESTIGACIÓN Y PROYECTOS APLICADOS A LAS CIENCIAS DE LA TIERRA
12696,2026-01-06,,1,CENTRO DE INVESTIGACIÓN Y PROYECTOS APLICADOS A LAS CIENCIAS DE LA TIERRA
12725,2012-01-01,2014-12-31,2,DESCONOCIDA
12725,2016-03-01,2016-05-31,1,DESCONOCIDA
12725,2016-06-01,,52,CENTRO DE INVESTIGACIONES BIOTECNOLÓGICAS DEL ECUADOR
12781,2022-10-03,2023-09-17,4,FACULTAD DE INGENIERÍA MECÁNICA Y CIENCIAS DE LA PRODUCCIÓN
12880,2022-11-01,2023-12-31,6,CENTRO DE TECNOLOGÍAS DE LA INFORMACIÓN
12899,2021-02-07,2021-03-01,1,DIRECCIÓN DE ADQUISICIONES
12899,2021-08-01,2021-08-01,1,DIRECCIÓN DE ADQUISICIONES Y SUMINISTROS
12899,2021-09-06,2021-09-06,1,DIRECCIÓN DE ADQUISICIONES Y SUMINISTROS
12899,2021-11-11,2021-11-11,1,DIRECCIÓN DE ADQUISICIONES Y SUMINISTROS
12899,2016-02-01,2021-07-31,9,GERENCIA DE INFRAESTRUCTURA FÍSICA
12899,2017-05-22,2017-06-01,1,DESCONOCIDA
12899,2021-08-01,,21,DIRECCIÓN DE ADQUISICIONES
12899,2021-12-27,2021-12-30,1,DIRECCIÓN DE ADQUISICIONES Y SUMINISTROS
12900,2017-01-01,2019-12-31,5,FACULTAD DE CIENCIAS NATURALES Y MATEMÁTICAS
12900,2013-05-13,2016-12-31,4,DESCONOCIDA
12900,2020-02-22,,31,FACULTAD DE CIENCIAS NATURALES Y MATEMÁTICAS
12900,2020-01-01,2020-02-21,1,DIRECCIÓN DE ADMISIONES
13040,2008-07-01,2014-12-31,10,DESCONOCIDA
13040,2015-01-01,,63,FACULTAD DE CIENCIAS SOCIALES Y HUMANÍSTICAS
13055,2017-01-01,2017-10-06,1,FACULTAD DE INGENIERÍA EN ELECTRICIDAD Y COMPUTACIÓN
13055,2016-04-01,2016-12-31,1,DESCONOCIDA
13055,2021-10-04,2022-09-28,5,FACULTAD DE INGENIERÍA EN ELECTRICIDAD Y COMPUTACIÓN
13170,2015-02-01,2015-02-28,1,DIRECCIÓN DE TALENTO HUMANO
13170,2018-03-05,2018-03-09,1,DIRECCIÓN DE TALENTO HUMANO
13170,2018-04-16,2018-04-27,1,DIRECCIÓN DE TALENTO HUMANO
13170,2006-03-01,2014-12-31,9,DESCONOCIDA
13170,2019-01-01,2019-08-19,1,DIRECCIÓN DE TALENTO HUMANO
13170,2019-08-20,2020-11-01,2,DESCONOCIDA
13170,2015-01-01,2018-12-31,6,RECTORADO
13170,2019-12-26,2019-12-31,1,DIRECCIÓN DE TALENTO HUMANO
13170,2020-03-02,2020-03-11,1,DIRECCIÓN DE LA SECRETARÍA TÉCNICA ACADEMICA
13170,2020-10-30,2020-10-31,1,DIRECCIÓN DE SEGURIDAD Y SALUD OCUPACIONAL
13296,2007-01-22,2015-12-31,4,DESCONOCIDA
13296,2016-01-01,2016-12-31,1,DIRECCIÓN DE SERVICIOS GENERALES
13296,2017-01-01,2018-12-31,2,DESCONOCIDA
13296,2019-01-01,,16,DIRECCIÓN DE SERVICIOS GENERALES
13297,2007-02-01,2015-12-31,4,DESCONOCIDA
13297,2016-01-01,2016-12-31,1,DIRECCIÓN DE SERVICIOS GENERALES
13297,2019-01-01,2019-12-31,1,DIRECCIÓN DE SERVICIOS GENERALES
13297,2020-01-01,2024-12-31,15,FACULTAD DE CIENCIAS NATURALES Y MATEMÁTICAS
13297,2017-01-01,2018-12-31,2,DESCONOCIDA
13297,2025-01-01,,4,DIRECCIÓN DE SERVICIOS GENERALES
13297,2025-06-23,2025-07-04,1,FACULTAD DE CIENCIAS NATURALES Y MATEMÁTICAS
13298,2007-01-18,2007-07-31,1,DESCONOCIDA
13298,2008-02-01,2015-12-31,4,DESCONOCIDA
13298,2016-01-01,2016-12-31,1,FACULTAD DE CIENCIAS SOCIALES Y HUMANÍSTICAS
13298,2017-01-01,2018-12-31,2,DESCONOCIDA
13298,2019-01-01,,22,FACULTAD DE CIENCIAS SOCIALES Y HUMANÍSTICAS
13302,2007-01-22,2015-12-31,4,DESCONOCIDA
13302,2016-01-01,2016-12-31,1,DIRECCIÓN DE SERVICIOS GENERALES
13302,2017-01-01,2018-12-31,2,DESCONOCIDA
13302,2019-01-01,2024-09-08,17,DIRECCIÓN DE SERVICIOS GENERALES
13310,2007-01-22,2015-12-31,4,DESCONOCIDA
13310,2016-01-01,2016-12-31,1,DIRECCIÓN DE SERVICIOS GENERALES
13310,2017-01-01,2018-12-31,2,DESCONOCIDA
13310,2019-01-01,,23,DIRECCIÓN DE SERVICIOS GENERALES
13317,2007-01-22,2015-12-31,4,DESCONOCIDA
13317,2016-01-01,2016-12-31,1,DIRECCIÓN DE SERVICIOS GENERALES
13317,2017-01-01,2018-12-31,2,DESCONOCIDA
13317,2019-01-01,,19,DIRECCIÓN DE SERVICIOS GENERALES
13325,2011-05-16,2012-06-24,3,DESCONOCIDA
13325,2012-07-09,2012-10-14,1,DESCONOCIDA
13325,2013-05-13,2013-09-20,1,DESCONOCIDA
13325,2013-10-14,2013-12-31,1,DESCONOCIDA
13325,2014-05-12,2014-09-30,1,DESCONOCIDA
13325,2014-10-01,2014-12-31,1,FACULTAD DE CIENCIAS SOCIALES Y HUMANÍSTICAS
13325,2015-01-01,2016-12-31,2,DESCONOCIDA
13325,2018-01-01,,27,FACULTAD DE CIENCIAS SOCIALES Y HUMANÍSTICAS
13325,2017-01-01,2017-12-31,1,FACULTAD DE CIENCIAS NATURALES Y MATEMÁTICAS
13326,2020-06-01,2020-09-30,1,FACULTAD DE CIENCIAS NATURALES Y MATEMÁTICAS
13326,2020-10-12,2021-02-19,2,FACULTAD DE CIENCIAS NATURALES Y MATEMÁTICAS
13326,2021-05-17,,19,FACULTAD DE CIENCIAS NATURALES Y MATEMÁTICAS
13351,2007-01-01,2007-01-31,1,DESCONOCIDA
13351,2007-11-01,2007-11-30,1,DESCONOCIDA
13351,2008-02-01,2014-12-31,4,DESCONOCIDA
13351,2015-01-01,2021-11-01,8,FACULTAD DE INGENIERÍA MECÁNICA Y CIENCIAS DE LA PRODUCCIÓN
13505,2015-10-19,2016-01-18,1,GERENCIA DE TECNOLOGÍAS Y SISTEMAS DE INFORMACIÓN
13505,2014-06-01,2015-10-18,2,DESCONOCIDA
13505,2022-02-01,,38,GERENCIA DE TECNOLOGÍAS Y SISTEMAS DE INFORMACIÓN
13505,2016-01-19,2022-02-01,14,FACULTAD DE INGENIERÍA EN ELECTRICIDAD Y COMPUTACIÓN
13532,2016-08-01,2019-04-05,4,FACULTAD DE CIENCIAS DE LA VIDA
13532,2021-09-20,2021-09-24,1,FACULTAD DE CIENCIAS DE LA VIDA
13532,2022-04-02,2022-04-10,1,FACULTAD DE CIENCIAS DE LA VIDA
13532,2022-04-18,2022-05-06,1,FACULTAD DE CIENCIAS DE LA VIDA
13532,2022-05-31,2022-06-03,1,FACULTAD DE CIENCIAS DE LA VIDA
13532,2022-10-06,2022-10-07,1,FACULTAD DE CIENCIAS DE LA VIDA
13532,2022-12-27,2022-12-30,1,FACULTAD DE CIENCIAS DE LA VIDA
13532,2023-09-06,2023-09-07,1,FACULTAD DE CIENCIAS DE LA VIDA
13532,2023-09-11,2023-09-13,1,FACULTAD DE CIENCIAS DE LA VIDA
13532,2023-12-26,2023-12-29,1,FACULTAD DE CIENCIAS DE LA VIDA
13532,2024-02-26,2024-02-28,1,FACULTAD DE CIENCIAS DE LA VIDA
13532,2024-03-04,2024-04-12,1,FACULTAD DE CIENCIAS DE LA VIDA
13532,2024-09-17,2024-09-20,1,FACULTAD DE CIENCIAS DE LA VIDA
13532,2024-10-25,2024-10-31,1,FACULTAD DE CIENCIAS DE LA VIDA
13532,2024-11-05,2024-12-13,1,FACULTAD DE CIENCIAS DE LA VIDA
13532,2024-12-20,2024-12-24,1,FACULTAD DE CIENCIAS DE LA VIDA
13532,2024-12-26,2024-12-31,1,FACULTAD DE CIENCIAS DE LA VIDA
13532,2025-01-28,2025-01-30,1,FACULTAD DE CIENCIAS DE LA VIDA
13532,2025-02-04,2025-02-04,1,FACULTAD DE CIENCIAS DE LA VIDA
13532,2025-02-17,2025-02-28,1,FACULTAD DE CIENCIAS DE LA VIDA
13532,2025-04-14,2025-04-30,1,FACULTAD DE CIENCIAS DE LA VIDA
13532,2025-05-12,2025-05-16,1,FACULTAD DE CIENCIAS DE LA VIDA
13532,2025-05-26,2025-05-29,1,FACULTAD DE CIENCIAS DE LA VIDA
13532,2025-06-12,2025-06-24,1,FACULTAD DE CIENCIAS DE LA VIDA
13532,2025-06-30,2025-07-04,1,FACULTAD DE CIENCIAS DE LA VIDA
13532,2025-07-21,2025-07-24,1,FACULTAD DE CIENCIAS DE LA VIDA
13532,2025-08-25,2025-09-05,2,FACULTAD DE CIENCIAS DE LA VIDA
13532,2025-09-22,2025-09-25,1,FACULTAD DE CIENCIAS DE LA VIDA
13532,2025-12-26,2025-12-31,1,FACULTAD DE CIENCIAS DE LA VIDA
13532,2026-02-23,2026-03-27,1,FACULTAD DE CIENCIAS DE LA VIDA
13532,2026-08-05,2026-08-07,1,FACULTAD DE CIENCIAS DE LA VIDA
13532,2026-08-26,,1,FACULTAD DE CIENCIAS DE LA VIDA
13532,2021-03-02,2021-03-31,1,DESCONOCIDA
13532,2026-07-12,2026-07-18,1,DECANATO DE VINCULACIÓN
13532,2026-09-08,,2,"VICERRECTORADO DE INVESTIGACIÓN, DESARROLLO E INNOVACIÓN"
13566,2012-05-14,2013-05-13,1,DESCONOCIDA
13566,2014-10-01,2015-12-31,1,FACULTAD DE INGENIERÍA EN ELECTRICIDAD Y COMPUTACIÓN
13566,2016-01-01,2016-12-31,1,DESCONOCIDA
13566,2017-01-01,2023-05-03,13,FACULTAD DE INGENIERÍA EN ELECTRICIDAD Y COMPUTACIÓN
13660,2015-01-01,2015-10-31,1,ESCUELA DE DISEÑO Y COMUNICACIÓN VISUAL
13660,2018-05-01,2018-09-21,1,ESCUELA DE DISEÑO Y COMUNICACIÓN VISUAL
13660,2018-10-01,2019-09-27,2,ESCUELA DE DISEÑO Y COMUNICACIÓN VISUAL
13660,2015-11-01,2016-12-31,1,DESCONOCIDA
13660,2017-01-01,2016-12-31,1,DIRECCIÓN DE TALENTO HUMANO
13660,2017-01-03,2017-12-31,1,UNIDAD DE BIENESTAR ESTUDIANTIL Y POLITÉCNICO
13663,2007-09-30,2014-12-31,7,DESCONOCIDA
13663,2015-01-01,2020-08-01,10,UNIDAD DE BIENESTAR ESTUDIANTIL Y POLITÉCNICO
13674,2007-10-15,2008-03-05,1,DESCONOCIDA
13674,2008-05-19,2008-09-26,1,DESCONOCIDA
13674,2009-05-18,2013-10-11,6,DESCONOCIDA
13674,2013-01-01,,14,FACULTAD DE CIENCIAS NATURALES Y MATEMÁTICAS
13674,2018-09-01,2020-07-31,1,FACULTAD DE INGENIERÍA EN ELECTRICIDAD Y COMPUTACIÓN
13696,2023-10-16,2023-12-31,1,GERENCIA DE BIENESTAR POLITÉCNICO
13696,2024-01-08,2024-12-31,1,GERENCIA DE BIENESTAR POLITÉCNICO
13703,2008-08-01,2014-12-31,5,DESCONOCIDA
13703,2017-02-20,2017-03-01,1,DESCONOCIDA
13703,2017-03-10,2017-03-19,1,DESCONOCIDA
13703,2017-04-17,2017-04-26,1,DESCONOCIDA
13703,2017-07-19,2017-07-24,1,DESCONOCIDA
13703,2017-09-18,2017-09-19,1,DESCONOCIDA
13703,2019-02-21,2019-03-10,1,DESCONOCIDA
13703,2020-02-17,2020-02-28,1,DESCONOCIDA
13703,2020-10-12,2020-10-20,1,DESCONOCIDA
13703,2021-03-01,2021-03-12,1,DESCONOCIDA
13703,2015-01-01,2022-01-31,19,UNIDAD DE VINCULACIÓN CON LA SOCIEDAD
13703,2022-02-01,2023-04-03,8,DECANATO DE VINCULACIÓN
13703,2023-05-18,2023-05-18,1,DECANATO DE VINCULACIÓN
13703,2023-07-01,2023-07-15,2,DECANATO DE VINCULACIÓN
13703,2023-07-21,2023-07-21,1,DECANATO DE VINCULACIÓN
13703,2023-09-04,2023-09-08,1,DECANATO DE VINCULACIÓN
13703,2023-12-26,2023-12-29,1,DECANATO DE VINCULACIÓN
13703,2024-02-19,2024-03-15,1,DECANATO DE VINCULACIÓN
13703,2024-07-16,2024-07-17,1,DECANATO DE VINCULACIÓN
13703,2024-10-20,2024-10-21,1,DECANATO DE VINCULACIÓN
13703,2024-10-24,2024-10-25,1,DECANATO DE VINCULACIÓN
13703,2024-10-29,2024-10-30,1,DECANATO DE VINCULACIÓN
13703,2024-11-07,2024-11-08,1,DECANATO DE VINCULACIÓN
13703,2024-12-24,2024-12-31,1,DECANATO DE VINCULACIÓN
13703,2025-02-21,2025-02-23,1,DECANATO DE VINCULACIÓN
13703,2025-02-27,2025-02-28,1,DECANATO DE VINCULACIÓN
13703,2025-03-24,2025-04-11,1,DECANATO DE VINCULACIÓN
13703,2025-05-26,2025-05-26,1,DECANATO DE VINCULACIÓN
13703,2025-12-26,2025-12-31,1,DECANATO DE VINCULACIÓN
13703,2021-08-13,2021-08-13,1,DESCONOCIDA
13703,2022-04-18,2022-05-05,1,UNIDAD DE VINCULACIÓN CON LA SOCIEDAD
13703,2026-08-19,,1,DECANATO DE VINCULACIÓN
13705,1989-10-02,1990-02-03,1,DESCONOCIDA
13705,1990-05-28,1990-10-06,1,DESCONOCIDA
13705,1990-10-22,1991-03-01,1,DESCONOCIDA
13705,1993-06-03,2012-12-31,5,DESCONOCIDA
13705,2013-01-01,,26,FACULTAD DE INGENIERÍA EN ELECTRICIDAD Y COMPUTACIÓN
13708,2007-05-14,2007-09-22,1,DESCONOCIDA
13708,2009-05-18,2009-09-25,1,DESCONOCIDA
13708,2009-10-12,2010-03-02,2,DESCONOCIDA
13708,2019-02-25,2019-03-26,1,CENTRO DE INVESTIGACIONES Y SERVICIOS EDUCATIVOS
13708,2011-09-25,2021-03-12,21,FACULTAD DE CIENCIAS SOCIALES Y HUMANÍSTICAS
13708,2022-02-21,2022-03-11,1,FACULTAD DE CIENCIAS SOCIALES Y HUMANÍSTICAS
13708,2022-05-09,2022-05-13,1,FACULTAD DE CIENCIAS SOCIALES Y HUMANÍSTICAS
13708,2022-09-15,2022-09-21,1,FACULTAD DE CIENCIAS SOCIALES Y HUMANÍSTICAS
13708,2022-12-05,2022-12-08,1,FACULTAD DE CIENCIAS SOCIALES Y HUMANÍSTICAS
13708,2022-12-27,2022-12-30,1,FACULTAD DE CIENCIAS SOCIALES Y HUMANÍSTICAS
13708,2023-02-22,2023-03-10,1,FACULTAD DE CIENCIAS SOCIALES Y HUMANÍSTICAS
13708,2023-03-30,2023-04-02,1,FACULTAD DE CIENCIAS SOCIALES Y HUMANÍSTICAS
13708,2023-05-02,2023-05-12,1,FACULTAD DE CIENCIAS SOCIALES Y HUMANÍSTICAS
13708,2023-12-26,2023-12-29,1,FACULTAD DE CIENCIAS SOCIALES Y HUMANÍSTICAS
13708,2024-02-19,2024-02-29,1,FACULTAD DE CIENCIAS SOCIALES Y HUMANÍSTICAS
13708,2024-03-04,2024-03-06,1,FACULTAD DE CIENCIAS SOCIALES Y HUMANÍSTICAS
13708,2024-03-08,2024-03-18,1,FACULTAD DE CIENCIAS SOCIALES Y HUMANÍSTICAS
13708,2024-03-21,2024-03-28,2,FACULTAD DE CIENCIAS SOCIALES Y HUMANÍSTICAS
13708,2024-05-31,2024-06-15,1,FACULTAD DE CIENCIAS SOCIALES Y HUMANÍSTICAS
13708,2024-08-16,2024-08-16,1,FACULTAD DE CIENCIAS SOCIALES Y HUMANÍSTICAS
13708,2024-10-02,2024-10-04,1,FACULTAD DE CIENCIAS SOCIALES Y HUMANÍSTICAS
13708,2024-12-11,2024-12-13,1,FACULTAD DE CIENCIAS SOCIALES Y HUMANÍSTICAS
13708,2024-12-26,2024-12-31,1,FACULTAD DE CIENCIAS SOCIALES Y HUMANÍSTICAS
13708,2025-01-14,2025-01-17,2,FACULTAD DE CIENCIAS SOCIALES Y HUMANÍSTICAS
13708,2025-02-17,2025-02-28,1,FACULTAD DE CIENCIAS SOCIALES Y HUMANÍSTICAS
13708,2025-03-05,2025-03-14,1,FACULTAD DE CIENCIAS SOCIALES Y HUMANÍSTICAS
13708,2025-03-17,2025-03-31,2,FACULTAD DE CIENCIAS SOCIALES Y HUMANÍSTICAS
13708,2025-04-02,2025-04-04,1,FACULTAD DE CIENCIAS SOCIALES Y HUMANÍSTICAS
13708,2025-05-22,2025-05-23,1,FACULTAD DE CIENCIAS SOCIALES Y HUMANÍSTICAS
13708,2025-07-15,2025-07-19,1,FACULTAD DE CIENCIAS SOCIALES Y HUMANÍSTICAS
13708,2025-09-12,2025-09-25,1,FACULTAD DE CIENCIAS SOCIALES Y HUMANÍSTICAS
13708,2025-10-16,2025-10-17,1,FACULTAD DE CIENCIAS SOCIALES Y HUMANÍSTICAS
13708,2025-10-28,2025-10-29,1,FACULTAD DE CIENCIAS SOCIALES Y HUMANÍSTICAS
13708,2025-12-26,2025-12-31,1,FACULTAD DE CIENCIAS SOCIALES Y HUMANÍSTICAS
13708,2026-03-30,2026-04-02,1,FACULTAD DE CIENCIAS SOCIALES Y HUMANÍSTICAS
13708,2026-04-13,2026-04-19,1,FACULTAD DE CIENCIAS SOCIALES Y HUMANÍSTICAS
13708,2026-04-21,2026-04-27,1,FACULTAD DE CIENCIAS SOCIALES Y HUMANÍSTICAS
13708,2026-06-18,2026-06-18,1,FACULTAD DE CIENCIAS SOCIALES Y HUMANÍSTICAS
13708,2026-07-31,2026-07-31,1,FACULTAD DE CIENCIAS SOCIALES Y HUMANÍSTICAS
13708,2026-08-27,2026-08-28,1,FACULTAD DE CIENCIAS SOCIALES Y HUMANÍSTICAS
13708,2018-11-21,2018-12-09,2,DESCONOCIDA
13708,2026-08-31,,1,FACULTAD DE CIENCIAS SOCIALES Y HUMANÍSTICAS
13708,2019-05-02,2020-07-31,1,CENTRO DE INVESTIGACIONES Y SERVICIOS EDUCATIVOS
13756,2017-05-02,2023-08-06,17,FACULTAD DE INGENIERÍA EN CIENCIAS DE LA TIERRA
13779,2010-05-17,2014-10-31,5,DESCONOCIDA
13779,2014-11-01,,19,FACULTAD DE CIENCIAS SOCIALES Y HUMANÍSTICAS
13801,2009-01-01,2012-12-31,4,DESCONOCIDA
13801,2018-01-01,2023-07-10,11,FACULTAD DE CIENCIAS DE LA VIDA
13801,2015-05-01,2017-12-31,4,DESCONOCIDA
13801,2025-03-05,,5,FACULTAD DE CIENCIAS DE LA VIDA
13826,2018-01-02,2018-12-31,1,UNIDAD DE BIENESTAR ESTUDIANTIL Y POLITÉCNICO
13826,2019-01-02,2019-12-31,1,UNIDAD DE BIENESTAR ESTUDIANTIL Y POLITÉCNICO
13826,2017-01-03,2017-12-31,1,DESCONOCIDA
13826,2020-01-02,2020-12-31,1,UNIDAD DE BIENESTAR ESTUDIANTIL Y POLITÉCNICO
13831,2007-10-15,2015-12-31,4,DESCONOCIDA
13831,2016-01-01,2016-12-31,1,VICERRECTORADO ACADÉMICO
13831,2019-01-01,2020-12-31,2,VICERRECTORADO ACADÉMICO
13831,2017-01-01,2018-12-31,2,DESCONOCIDA
13831,2022-03-15,2022-03-31,1,VICERRECTORADO ACADÉMICO
13831,2021-01-01,,28,VICERRECTORADO DE DOCENCIA
13838,2008-10-13,2010-12-31,4,DESCONOCIDA
13838,2011-04-01,2014-12-31,4,DESCONOCIDA
13838,2015-01-01,,43,CENTRO NACIONAL DE ACUICULTURA E INVESTIGACIONES MARINAS
13863,2020-12-01,2023-11-30,14,DIRECCIÓN DE SERVICIOS GENERALES
13876,2024-10-02,2025-02-14,2,FACULTAD DE CIENCIAS NATURALES Y MATEMÁTICAS
13876,2025-05-05,,5,FACULTAD DE CIENCIAS NATURALES Y MATEMÁTICAS
13879,2007-10-01,2010-12-31,5,DESCONOCIDA
13879,2011-05-02,2014-12-31,3,DESCONOCIDA
13879,2015-01-01,,53,FACULTAD DE INGENIERÍA EN ELECTRICIDAD Y COMPUTACIÓN
13895,2024-09-30,,9,ESCUELA DE POSTGRADO EN ADMINISTRACIÓN DE EMPRESAS
13897,2000-04-01,2006-07-31,1,DESCONOCIDA
13897,2018-03-19,2018-03-29,1,FACULTAD DE INGENIERÍA EN ELECTRICIDAD Y COMPUTACIÓN
13897,2018-11-15,2018-11-16,1,DIRECCIÓN DE LA SECRETARÍA TÉCNICA ACADEMICA
13897,2019-01-08,2019-01-14,1,DIRECCIÓN DE LA SECRETARÍA TÉCNICA ACADEMICA
13897,2019-09-09,2019-09-13,1,DIRECCIÓN DE TALENTO HUMANO
13897,2018-06-01,2023-02-10,7,FACULTAD DE INGENIERÍA EN ELECTRICIDAD Y COMPUTACIÓN
13897,2008-10-01,2019-11-04,11,DESCONOCIDA
13897,2023-11-30,2023-11-30,1,FACULTAD DE INGENIERÍA EN ELECTRICIDAD Y COMPUTACIÓN
13897,2019-03-11,2019-03-25,1,DIRECCIÓN DE LA SECRETARÍA TÉCNICA ACADEMICA
13897,2019-11-05,2023-11-29,16,DIRECCIÓN DE TALENTO HUMANO
13922,2007-07-06,2014-12-31,5,DESCONOCIDA
13922,2015-10-05,2015-08-09,1,DESCONOCIDA
13922,2017-07-31,2017-08-04,1,DESCONOCIDA
13922,2017-09-11,2017-09-17,1,DESCONOCIDA
13922,2018-02-14,2018-03-05,1,FACULTAD DE CIENCIAS SOCIALES Y HUMANÍSTICAS
13922,2019-05-07,2019-05-10,1,DESCONOCIDA
13922,2019-09-23,2019-09-26,1,FACULTAD DE CIENCIAS SOCIALES Y HUMANÍSTICAS
13922,2020-03-02,2020-03-13,1,DESCONOCIDA
13922,2021-06-14,2021-06-21,1,DESCONOCIDA
13922,2015-01-01,,42,DIRECCIÓN DE SERVICIOS GENERALES
13922,2015-08-11,2015-08-16,1,FACULTAD DE INGENIERÍA MECÁNICA Y CIENCIAS DE LA PRODUCCIÓN
13922,2020-03-14,2020-03-29,1,FACULTAD DE CIENCIAS SOCIALES Y HUMANÍSTICAS
13929,2010-04-19,2012-02-15,3,DESCONOCIDA
13929,2016-10-01,2016-12-31,1,DESCONOCIDA
13929,2017-01-01,2019-04-30,3,FACULTAD DE INGENIERÍA EN ELECTRICIDAD Y COMPUTACIÓN
13956,2012-03-01,2015-12-01,4,DESCONOCIDA
13956,2015-12-02,2016-07-31,1,CENTRO DE INVESTIGACIONES BIOTECNOLÓGICAS DEL ECUADOR
13956,2018-01-30,2018-02-16,1,CENTRO DE INVESTIGACIONES BIOTECNOLÓGICAS DEL ECUADOR
13956,2021-03-02,2021-03-12,1,CENTRO DE AGUA Y DESARROLLO SUSTENTABLE
13956,2021-09-06,2021-09-09,1,CENTRO DE AGUA Y DESARROLLO SUSTENTABLE
13956,2018-11-27,2018-11-30,1,CENTRO DE INVESTIGACIONES BIOTECNOLÓGICAS DEL ECUADOR
13956,2016-08-01,2021-11-30,8,DESCONOCIDA
13956,2023-12-01,2025-04-17,21,CENTRO DE INVESTIGACIONES BIOTECNOLÓGICAS DEL ECUADOR
13956,2021-12-01,2023-11-30,10,CENTRO DE AGUA Y DESARROLLO SUSTENTABLE
13964,2008-10-01,2015-12-31,4,DESCONOCIDA
13964,2016-01-01,2016-12-31,1,DIRECCIÓN DE SERVICIOS GENERALES
13964,2017-01-01,2018-12-31,2,DESCONOCIDA
13964,2019-01-01,,24,DIRECCIÓN DE SERVICIOS GENERALES
13971,2007-07-06,2011-01-01,6,DESCONOCIDA
13971,2011-04-01,2011-06-01,1,DESCONOCIDA
13971,2011-07-01,2014-12-31,5,DESCONOCIDA
13971,2015-01-01,,46,GERENCIA FINANCIERA
13994,2013-05-13,2016-12-31,5,DESCONOCIDA
13994,2017-01-01,,32,FACULTAD DE INGENIERÍA EN ELECTRICIDAD Y COMPUTACIÓN
14004,2014-03-01,2014-12-31,2,DESCONOCIDA
14004,2014-10-01,2015-12-31,1,FACULTAD DE INGENIERÍA EN ELECTRICIDAD Y COMPUTACIÓN
14004,2016-01-01,2016-07-31,1,DESCONOCIDA
14004,2016-08-01,,16,FACULTAD DE INGENIERÍA EN ELECTRICIDAD Y COMPUTACIÓN
14022,2012-01-01,2014-12-31,3,DESCONOCIDA
14022,2015-01-01,2016-02-29,2,CENTRO DE INVESTIGACIONES BIOTECNOLÓGICAS DEL ECUADOR
14022,2016-03-01,2016-05-31,1,DESCONOCIDA
14022,2016-06-01,,36,CENTRO DE INVESTIGACIONES BIOTECNOLÓGICAS DEL ECUADOR
14060,2022-10-12,2023-02-17,3,"FACULTAD DE ARTE, DISEÑO Y COMUNICACIÓN AUDIOVISUAL"
14060,2023-02-22,,11,"FACULTAD DE ARTE, DISEÑO Y COMUNICACIÓN AUDIOVISUAL"
14080,2008-07-06,2010-12-31,4,DESCONOCIDA
14080,2018-03-01,2018-03-16,1,CENTRO DE INVESTIGACIONES BIOTECNOLÓGICAS DEL ECUADOR
14080,2018-09-24,2018-09-27,1,CENTRO DE INVESTIGACIONES BIOTECNOLÓGICAS DEL ECUADOR
14080,2019-01-01,2023-03-09,19,CENTRO DE INVESTIGACIONES BIOTECNOLÓGICAS DEL ECUADOR
14080,2023-04-11,2023-04-11,1,CENTRO DE INVESTIGACIONES BIOTECNOLÓGICAS DEL ECUADOR
14080,2023-06-07,2023-06-23,2,CENTRO DE INVESTIGACIONES BIOTECNOLÓGICAS DEL ECUADOR
14080,2023-06-28,2023-06-28,1,CENTRO DE INVESTIGACIONES BIOTECNOLÓGICAS DEL ECUADOR
14080,2023-07-13,2023-07-13,1,CENTRO DE INVESTIGACIONES BIOTECNOLÓGICAS DEL ECUADOR
14080,2023-09-28,2023-10-06,1,CENTRO DE INVESTIGACIONES BIOTECNOLÓGICAS DEL ECUADOR
14080,2023-11-17,2023-11-17,1,CENTRO DE INVESTIGACIONES BIOTECNOLÓGICAS DEL ECUADOR
14080,2023-12-20,2023-12-29,1,CENTRO DE INVESTIGACIONES BIOTECNOLÓGICAS DEL ECUADOR
14080,2024-03-15,2024-03-28,1,CENTRO DE INVESTIGACIONES BIOTECNOLÓGICAS DEL ECUADOR
14080,2024-06-25,2024-06-25,1,CENTRO DE INVESTIGACIONES BIOTECNOLÓGICAS DEL ECUADOR
14080,2024-07-18,2024-07-18,1,CENTRO DE INVESTIGACIONES BIOTECNOLÓGICAS DEL ECUADOR
14080,2024-12-16,2024-12-31,1,CENTRO DE INVESTIGACIONES BIOTECNOLÓGICAS DEL ECUADOR
14080,2025-03-31,2025-04-09,1,CENTRO DE INVESTIGACIONES BIOTECNOLÓGICAS DEL ECUADOR
14080,2025-05-22,2025-05-22,1,CENTRO DE INVESTIGACIONES BIOTECNOLÓGICAS DEL ECUADOR
14080,2025-12-15,2025-12-31,1,CENTRO DE INVESTIGACIONES BIOTECNOLÓGICAS DEL ECUADOR
14080,2026-03-04,2026-03-04,1,CENTRO DE INVESTIGACIONES BIOTECNOLÓGICAS DEL ECUADOR
14080,2026-04-17,2026-04-17,1,CENTRO DE INVESTIGACIONES BIOTECNOLÓGICAS DEL ECUADOR
14080,2026-04-23,2026-04-29,1,CENTRO DE INVESTIGACIONES BIOTECNOLÓGICAS DEL ECUADOR
14080,2026-05-04,2026-05-08,1,CENTRO DE INVESTIGACIONES BIOTECNOLÓGICAS DEL ECUADOR
14080,2026-07-21,2026-07-21,1,CENTRO DE INVESTIGACIONES BIOTECNOLÓGICAS DEL ECUADOR
14080,2011-04-01,2018-12-31,5,DESCONOCIDA
14080,2026-08-01,,2,CENTRO DE INVESTIGACIONES BIOTECNOLÓGICAS DEL ECUADOR
14089,2015-10-06,2016-12-31,1,FACULTAD DE INGENIERÍA EN ELECTRICIDAD Y COMPUTACIÓN
14089,2017-03-28,2017-03-31,1,FACULTAD DE INGENIERÍA EN ELECTRICIDAD Y COMPUTACIÓN
14089,2018-01-01,2026-02-13,23,FACULTAD DE INGENIERÍA EN ELECTRICIDAD Y COMPUTACIÓN
14089,2026-05-11,,2,FACULTAD DE INGENIERÍA EN ELECTRICIDAD Y COMPUTACIÓN
14089,2017-01-01,2017-12-31,1,DESCONOCIDA
14090,2007-08-01,2015-12-31,4,DESCONOCIDA
14090,2016-01-01,2016-12-31,1,DIRECCIÓN DE SERVICIOS GENERALES
14090,2017-01-01,2018-12-31,2,DESCONOCIDA
14090,2019-01-01,,42,DIRECCIÓN DE SERVICIOS GENERALES
14091,2007-08-01,2014-12-31,5,DESCONOCIDA
14091,2015-05-04,2016-02-29,2,DIRECCIÓN DE TALENTO HUMANO
14091,2016-03-01,2016-08-31,2,DESCONOCIDA
14091,2019-05-13,2019-06-13,1,DESCONOCIDA
14091,2016-09-01,,57,DIRECCIÓN DE TALENTO HUMANO
14093,2015-05-15,2016-12-31,1,GERENCIA DE TECNOLOGÍAS Y SISTEMAS DE INFORMACIÓN
14093,2023-01-03,2023-11-01,5,GERENCIA DE TECNOLOGÍAS Y SISTEMAS DE INFORMACIÓN
14093,2016-02-01,2016-12-31,1,DESCONOCIDA
14093,2017-01-01,2018-01-31,2,CENTRO DE TECNOLOGÍAS DE LA INFORMACIÓN
14097,2016-11-01,2017-01-31,1,DESCONOCIDA
14097,2017-02-01,,38,GERENCIA FINANCIERA
14113,2016-10-10,2016-12-11,1,DESCONOCIDA
14113,2016-12-12,,21,FACULTAD DE CIENCIAS NATURALES Y MATEMÁTICAS
14116,2012-01-01,2014-12-31,3,DESCONOCIDA
14116,2015-01-01,2016-12-31,2,FACULTAD DE CIENCIAS NATURALES Y MATEMÁTICAS
14116,2017-04-01,2023-04-01,12,FACULTAD DE CIENCIAS NATURALES Y MATEMÁTICAS
14116,2023-08-16,2023-08-18,1,FACULTAD DE CIENCIAS NATURALES Y MATEMÁTICAS
14116,2017-01-01,2017-03-31,2,DESCONOCIDA
14116,2023-11-20,2023-11-24,1,FACULTAD DE CIENCIAS NATURALES Y MATEMÁTICAS
14116,2022-04-04,,15,CENTRO DE ESTUDIOS E INVESTIGACIONES ESTADÍSTICAS
14147,2023-10-03,2023-12-31,2,FACULTAD DE CIENCIAS SOCIALES Y HUMANÍSTICAS
14147,2024-12-06,2025-02-14,2,FACULTAD DE CIENCIAS SOCIALES Y HUMANÍSTICAS
14153,2015-05-11,2015-10-02,1,DESCONOCIDA
14153,2015-10-19,2015-12-31,1,DESCONOCIDA
14153,2016-05-01,2016-12-31,1,DESCONOCIDA
14153,2017-01-01,2019-01-23,4,FACULTAD DE CIENCIAS SOCIALES Y HUMANÍSTICAS
14153,2019-01-24,2025-12-31,28,CENTRO DE EMPRENDIMIENTO E INNOVACIÓN I3LAB
14153,2026-01-01,,5,DECANATO DE GRADO
14155,2015-10-01,2016-09-16,1,FACULTAD DE CIENCIAS NATURALES Y MATEMÁTICAS
14155,2020-06-01,,18,FACULTAD DE INGENIERÍA EN ELECTRICIDAD Y COMPUTACIÓN
14164,2015-05-01,2015-09-30,1,FACULTAD DE INGENIERÍA EN ELECTRICIDAD Y COMPUTACIÓN
14164,2012-03-01,2013-12-31,2,DESCONOCIDA
14164,2020-02-22,,20,FACULTAD DE INGENIERÍA EN ELECTRICIDAD Y COMPUTACIÓN
14178,2011-09-01,2012-12-31,2,DESCONOCIDA
14178,2014-04-01,2014-12-31,1,DESCONOCIDA
14178,2015-01-01,2016-07-31,2,CENTRO DE INVESTIGACIONES BIOTECNOLÓGICAS DEL ECUADOR
14178,2016-08-01,2016-10-31,2,DESCONOCIDA
14178,2016-11-01,,38,CENTRO DE INVESTIGACIONES BIOTECNOLÓGICAS DEL ECUADOR
14179,2020-02-22,,19,FACULTAD DE CIENCIAS NATURALES Y MATEMÁTICAS
14185,2015-01-01,2015-03-13,1,DESCONOCIDA
14185,2015-05-01,2017-12-31,3,DESCONOCIDA
14185,2018-01-01,,31,FACULTAD DE INGENIERÍA EN CIENCIAS DE LA TIERRA
14216,2017-01-01,2017-09-30,1,FACULTAD DE INGENIERÍA EN ELECTRICIDAD Y COMPUTACIÓN
14216,2016-04-01,2016-12-31,1,DESCONOCIDA
14216,2021-10-04,,20,FACULTAD DE INGENIERÍA EN ELECTRICIDAD Y COMPUTACIÓN
14227,2014-10-01,2015-12-31,1,DESCONOCIDA
14227,2016-01-01,2016-12-31,1,FACULTAD DE CIENCIAS NATURALES Y MATEMÁTICAS
14227,2019-01-01,2025-05-16,16,FACULTAD DE CIENCIAS NATURALES Y MATEMÁTICAS
14227,2025-06-05,2025-06-06,1,FACULTAD DE CIENCIAS NATURALES Y MATEMÁTICAS
14227,2025-07-02,2025-07-04,1,FACULTAD DE CIENCIAS NATURALES Y MATEMÁTICAS
14227,2018-01-01,2018-12-31,1,DESCONOCIDA
14227,2025-08-21,2025-08-22,1,FACULTAD DE CIENCIAS NATURALES Y MATEMÁTICAS
14227,2017-01-01,2017-12-31,1,GERENCIA ADMINISTRATIVA
14227,2023-05-12,,8,AJÁ PARQUE DE LA CIENCIA
14258,2014-03-17,2014-12-31,1,DESCONOCIDA
14258,2015-06-01,2016-02-29,1,GERENCIA FINANCIERA
14258,2016-03-01,2016-05-31,2,DESCONOCIDA
14258,2015-01-01,2015-05-30,1,CENTRO DE PROMOCIÓN Y EMPLEO
14258,2018-07-30,2018-08-05,1,CENTRO DE PROMOCIÓN Y EMPLEO
14258,2018-10-05,2018-10-05,1,CENTRO DE PROMOCIÓN Y EMPLEO
14258,2018-12-06,2018-12-16,1,CENTRO DE PROMOCIÓN Y EMPLEO
14258,2018-12-26,2018-12-28,1,CENTRO DE PROMOCIÓN Y EMPLEO
14258,2021-07-21,2021-07-30,1,UNIDAD DE VINCULACIÓN CON LA SOCIEDAD
14258,2018-03-01,2021-11-30,1,DESCONOCIDA
14258,2019-05-30,2019-06-12,1,CENTRO DE PROMOCIÓN Y EMPLEO
14258,2016-06-01,2018-02-28,1,GERENCIA FINANCIERA
14258,2021-12-01,2022-01-31,1,UNIDAD DE VINCULACIÓN CON LA SOCIEDAD
14258,2022-02-01,,33,DECANATO DE VINCULACIÓN
14261,2016-10-01,2016-12-31,1,DESCONOCIDA
14261,2017-01-01,,22,FACULTAD DE INGENIERÍA MECÁNICA Y CIENCIAS DE LA PRODUCCIÓN
14264,2007-06-26,2010-12-31,6,DESCONOCIDA
14264,2011-04-01,2016-04-30,7,DESCONOCIDA
14264,2018-09-23,2019-07-08,1,DESCONOCIDA
14264,2021-02-08,2021-07-11,1,DESCONOCIDA
14264,2016-05-01,,47,CENTRO DE INFORMACIÓN BIBLIOTECARIA
14264,2020-12-28,2020-12-31,1,FACULTAD DE CIENCIAS SOCIALES Y HUMANÍSTICAS
14309,2021-05-25,2021-08-31,1,DIRECCIÓN DE ADMISIONES
14309,2021-11-15,2021-12-31,1,DIRECCIÓN DE ADMISIONES
14321,2023-10-23,2023-12-31,2,FACULTAD DE CIENCIAS NATURALES Y MATEMÁTICAS
14328,2024-05-13,2024-09-20,1,FACULTAD DE CIENCIAS SOCIALES Y HUMANÍSTICAS
14328,2024-09-30,2025-02-14,4,FACULTAD DE CIENCIAS SOCIALES Y HUMANÍSTICAS
14328,2025-05-12,2026-02-13,3,FACULTAD DE CIENCIAS SOCIALES Y HUMANÍSTICAS
14328,2026-05-04,,1,FACULTAD DE CIENCIAS SOCIALES Y HUMANÍSTICAS
14333,2021-05-17,,16,FACULTAD DE INGENIERÍA EN CIENCIAS DE LA TIERRA
14340,2016-04-01,2016-12-31,1,DESCONOCIDA
14340,2017-01-01,,28,FACULTAD DE CIENCIAS NATURALES Y MATEMÁTICAS
14361,2023-10-10,2023-12-31,1,DIRECCIÓN DE ADMISIONES
14390,2016-10-10,2016-12-31,1,DESCONOCIDA
14390,2017-01-01,2022-05-06,10,FACULTAD DE INGENIERÍA EN ELECTRICIDAD Y COMPUTACIÓN
14397,2023-10-03,2023-12-31,2,FACULTAD DE INGENIERÍA MECÁNICA Y CIENCIAS DE LA PRODUCCIÓN
14464,2018-10-01,2023-12-31,12,FACULTAD DE INGENIERÍA MECÁNICA Y CIENCIAS DE LA PRODUCCIÓN
14464,2024-01-15,,13,FACULTAD DE INGENIERÍA MECÁNICA Y CIENCIAS DE LA PRODUCCIÓN
14465,2021-05-17,2023-10-01,6,FACULTAD DE INGENIERÍA MECÁNICA Y CIENCIAS DE LA PRODUCCIÓN
14465,2023-11-13,2023-12-22,1,FACULTAD DE INGENIERÍA MECÁNICA Y CIENCIAS DE LA PRODUCCIÓN
14465,2023-12-26,2023-12-29,1,FACULTAD DE INGENIERÍA MECÁNICA Y CIENCIAS DE LA PRODUCCIÓN
14465,2024-01-02,2024-02-09,1,FACULTAD DE INGENIERÍA MECÁNICA Y CIENCIAS DE LA PRODUCCIÓN
14489,2016-12-05,2018-03-30,3,FACULTAD DE INGENIERÍA EN CIENCIAS DE LA TIERRA
14489,2016-10-01,2016-12-04,1,DESCONOCIDA
14489,2023-01-01,2025-02-14,6,FACULTAD DE INGENIERÍA EN CIENCIAS DE LA TIERRA
14497,2018-05-01,2018-09-21,1,FACULTAD DE INGENIERÍA MECÁNICA Y CIENCIAS DE LA PRODUCCIÓN
14497,2018-10-01,2019-02-22,2,FACULTAD DE INGENIERÍA MECÁNICA Y CIENCIAS DE LA PRODUCCIÓN
14497,2019-05-13,2019-09-20,1,FACULTAD DE INGENIERÍA MECÁNICA Y CIENCIAS DE LA PRODUCCIÓN
14497,2020-10-01,2021-02-19,2,FACULTAD DE INGENIERÍA MECÁNICA Y CIENCIAS DE LA PRODUCCIÓN
14497,2021-05-17,2021-09-24,1,FACULTAD DE INGENIERÍA MECÁNICA Y CIENCIAS DE LA PRODUCCIÓN
14497,2021-10-04,2021-12-31,1,FACULTAD DE INGENIERÍA MECÁNICA Y CIENCIAS DE LA PRODUCCIÓN
14497,2023-01-01,2024-12-31,6,FACULTAD DE INGENIERÍA MECÁNICA Y CIENCIAS DE LA PRODUCCIÓN
14499,2007-07-01,2015-12-31,7,DESCONOCIDA
14499,2016-01-01,2016-12-31,1,FACULTAD DE INGENIERÍA EN CIENCIAS DE LA TIERRA
14499,2017-01-01,2018-12-31,2,DESCONOCIDA
14499,2019-01-01,,24,FACULTAD DE INGENIERÍA EN CIENCIAS DE LA TIERRA
14547,2023-06-26,2023-08-04,1,FACULTAD DE INGENIERÍA MECÁNICA Y CIENCIAS DE LA PRODUCCIÓN
14613,2012-01-01,2015-12-02,4,DESCONOCIDA
14613,2015-12-02,2023-04-04,19,CENTRO DE INVESTIGACIONES BIOTECNOLÓGICAS DEL ECUADOR
14613,2023-04-28,2023-04-28,1,CENTRO DE INVESTIGACIONES BIOTECNOLÓGICAS DEL ECUADOR
14613,2023-05-16,2023-05-21,2,CENTRO DE INVESTIGACIONES BIOTECNOLÓGICAS DEL ECUADOR
14613,2023-05-29,2023-06-21,1,CENTRO DE INVESTIGACIONES BIOTECNOLÓGICAS DEL ECUADOR
14613,2023-08-23,2023-08-25,1,CENTRO DE INVESTIGACIONES BIOTECNOLÓGICAS DEL ECUADOR
14613,2023-11-27,2023-12-01,1,CENTRO DE INVESTIGACIONES BIOTECNOLÓGICAS DEL ECUADOR
14613,2024-01-03,2024-01-03,1,CENTRO DE INVESTIGACIONES BIOTECNOLÓGICAS DEL ECUADOR
14613,2024-01-05,2024-01-05,1,CENTRO DE INVESTIGACIONES BIOTECNOLÓGICAS DEL ECUADOR
14613,2024-02-21,2024-02-23,1,CENTRO DE INVESTIGACIONES BIOTECNOLÓGICAS DEL ECUADOR
14613,2024-04-01,2024-04-12,1,CENTRO DE INVESTIGACIONES BIOTECNOLÓGICAS DEL ECUADOR
14613,2024-04-17,2024-04-19,1,CENTRO DE INVESTIGACIONES BIOTECNOLÓGICAS DEL ECUADOR
14613,2024-05-01,2024-07-30,2,CENTRO DE INVESTIGACIONES BIOTECNOLÓGICAS DEL ECUADOR
14613,2024-11-25,2024-11-28,1,CENTRO DE INVESTIGACIONES BIOTECNOLÓGICAS DEL ECUADOR
14613,2024-12-16,2024-12-20,1,CENTRO DE INVESTIGACIONES BIOTECNOLÓGICAS DEL ECUADOR
14613,2024-12-23,2025-01-03,1,CENTRO DE INVESTIGACIONES BIOTECNOLÓGICAS DEL ECUADOR
14613,2025-01-06,2025-01-09,1,CENTRO DE INVESTIGACIONES BIOTECNOLÓGICAS DEL ECUADOR
14613,2025-03-05,2025-04-17,2,CENTRO DE INVESTIGACIONES BIOTECNOLÓGICAS DEL ECUADOR
14613,2016-08-01,2016-08-01,1,DESCONOCIDA
14613,2025-04-21,,3,CENTRO DE INVESTIGACIONES BIOTECNOLÓGICAS DEL ECUADOR
14617,2021-05-25,2021-12-31,1,DIRECCIÓN DE ADMISIONES
14623,2015-01-01,2017-12-31,4,DESCONOCIDA
14623,2018-01-01,2020-02-21,4,FACULTAD DE INGENIERÍA MECÁNICA Y CIENCIAS DE LA PRODUCCIÓN
14627,2013-07-01,2013-12-31,1,DESCONOCIDA
14627,2014-04-01,2015-11-30,2,DESCONOCIDA
14627,2015-12-01,2016-07-31,1,CENTRO DE INVESTIGACIONES BIOTECNOLÓGICAS DEL ECUADOR
14627,2016-08-01,2016-10-31,2,DESCONOCIDA
14627,2016-11-01,,49,CENTRO DE INVESTIGACIONES BIOTECNOLÓGICAS DEL ECUADOR
14710,2021-01-01,2022-11-07,8,UNIDAD DE BIENESTAR ESTUDIANTIL Y POLITÉCNICO
14710,2017-12-01,2020-12-31,5,CENTRO DE PROMOCIÓN Y EMPLEO
14710,2022-12-27,2022-12-30,1,UNIDAD DE BIENESTAR ESTUDIANTIL Y POLITÉCNICO
14710,2022-11-08,,20,GERENCIA DE BIENESTAR POLITÉCNICO
17054,1985-05-20,1985-10-05,1,DESCONOCIDA
17054,1985-10-21,1986-03-01,1,DESCONOCIDA
17054,2021-05-25,2021-08-31,1,DIRECCIÓN DE ADMISIONES
17054,2021-10-11,2021-12-31,1,DIRECCIÓN DE ADMISIONES
17054,1986-10-20,1987-02-28,1,DESCONOCIDA
17054,2023-05-29,,11,DIRECCIÓN DE ADMISIONES
17123,2025-03-19,,5,FACULTAD DE INGENIERÍA MECÁNICA Y CIENCIAS DE LA PRODUCCIÓN
17519,2013-05-01,2013-12-31,1,DESCONOCIDA
17519,2015-06-01,2016-07-31,2,ESCUELA DE DISEÑO Y COMUNICACIÓN VISUAL
17519,2016-05-01,2016-05-01,1,DESCONOCIDA
17519,2018-03-12,2018-04-04,1,ESCUELA DE DISEÑO Y COMUNICACIÓN VISUAL
17519,2019-02-05,2019-02-19,1,ESCUELA DE DISEÑO Y COMUNICACIÓN VISUAL
17519,2019-03-06,2019-03-29,1,ESCUELA DE DISEÑO Y COMUNICACIÓN VISUAL
17519,2016-08-01,2019-01-23,1,"FACULTAD DE ARTE, DISEÑO Y COMUNICACIÓN AUDIOVISUAL"
17519,2021-03-01,2021-03-15,1,"FACULTAD DE ARTE, DISEÑO Y COMUNICACIÓN AUDIOVISUAL"
17519,2019-01-24,2021-11-30,1,DESCONOCIDA
17519,2015-01-01,2015-04-30,1,GERENCIA DE TECNOLOGÍAS Y SISTEMAS DE INFORMACIÓN
17519,2019-07-07,2019-07-16,1,ESCUELA DE DISEÑO Y COMUNICACIÓN VISUAL
17519,2021-12-01,,26,"FACULTAD DE ARTE, DISEÑO Y COMUNICACIÓN AUDIOVISUAL"
18327,2012-07-09,2012-10-14,1,DESCONOCIDA
18327,2013-05-13,2014-09-30,2,DESCONOCIDA
18327,2014-10-01,,30,FACULTAD DE CIENCIAS NATURALES Y MATEMÁTICAS
19999,2018-03-01,2026-07-02,32,FACULTAD DE INGENIERÍA EN ELECTRICIDAD Y COMPUTACIÓN
20698,2018-01-01,2019-12-31,2,DIRECCIÓN DE ADMISIONES
20698,2021-05-25,2021-08-31,1,DIRECCIÓN DE ADMISIONES
20698,2017-05-01,2017-12-31,1,DESCONOCIDA
20698,2021-10-18,2021-12-31,1,DIRECCIÓN DE ADMISIONES
21004,1989-06-01,1989-09-30,1,DESCONOCIDA
21004,2014-05-12,2015-03-13,3,DESCONOCIDA
21004,2016-01-01,2016-12-31,1,DESCONOCIDA
21004,2017-01-01,2020-09-30,7,FACULTAD DE INGENIERÍA MECÁNICA Y CIENCIAS DE LA PRODUCCIÓN
21436,2023-10-10,2023-12-31,1,DIRECCIÓN DE ADMISIONES
21772,2017-01-01,2020-02-21,6,FACULTAD DE INGENIERÍA EN ELECTRICIDAD Y COMPUTACIÓN
21772,2014-10-01,2016-12-31,3,DESCONOCIDA
21772,2024-12-02,,9,FACULTAD DE INGENIERÍA EN ELECTRICIDAD Y COMPUTACIÓN
21845,2015-08-01,2016-04-30,2,ESCUELA DE DISEÑO Y COMUNICACIÓN VISUAL
21845,2016-05-01,2016-05-01,1,DESCONOCIDA
21845,2016-07-01,2019-01-23,5,ESCUELA DE DISEÑO Y COMUNICACIÓN VISUAL
21845,2019-03-25,2019-04-12,1,ESCUELA DE DISEÑO Y COMUNICACIÓN VISUAL
21845,2020-05-16,2023-12-29,6,"FACULTAD DE ARTE, DISEÑO Y COMUNICACIÓN AUDIOVISUAL"
21845,2024-04-15,2024-04-19,1,"FACULTAD DE ARTE, DISEÑO Y COMUNICACIÓN AUDIOVISUAL"
21845,2024-09-12,2024-09-27,1,"FACULTAD DE ARTE, DISEÑO Y COMUNICACIÓN AUDIOVISUAL"
21845,2024-12-26,2024-12-31,1,"FACULTAD DE ARTE, DISEÑO Y COMUNICACIÓN AUDIOVISUAL"
21845,2025-04-07,2025-04-17,1,"FACULTAD DE ARTE, DISEÑO Y COMUNICACIÓN AUDIOVISUAL"
21845,2025-09-15,2025-09-19,1,"FACULTAD DE ARTE, DISEÑO Y COMUNICACIÓN AUDIOVISUAL"
21845,2025-10-03,2025-10-03,1,"FACULTAD DE ARTE, DISEÑO Y COMUNICACIÓN AUDIOVISUAL"
21845,2025-12-26,2025-12-31,1,"FACULTAD DE ARTE, DISEÑO Y COMUNICACIÓN AUDIOVISUAL"
21845,2026-02-05,2026-02-05,1,"FACULTAD DE ARTE, DISEÑO Y COMUNICACIÓN AUDIOVISUAL"
21845,2026-02-09,2026-02-10,1,"FACULTAD DE ARTE, DISEÑO Y COMUNICACIÓN AUDIOVISUAL"
21845,2026-03-02,2026-03-03,1,"FACULTAD DE ARTE, DISEÑO Y COMUNICACIÓN AUDIOVISUAL"
21845,2026-04-13,2026-04-24,1,"FACULTAD DE ARTE, DISEÑO Y COMUNICACIÓN AUDIOVISUAL"
21845,2026-06-08,2026-06-08,1,"FACULTAD DE ARTE, DISEÑO Y COMUNICACIÓN AUDIOVISUAL"
21845,2019-05-21,2020-05-15,1,ESCUELA DE DISEÑO Y COMUNICACIÓN VISUAL
21845,2019-01-24,2023-05-11,1,DESCONOCIDA
21845,2026-09-01,,1,"FACULTAD DE ARTE, DISEÑO Y COMUNICACIÓN AUDIOVISUAL"
21907,1988-11-01,1988-11-30,1,DESCONOCIDA
21907,2018-05-01,2018-09-21,1,FACULTAD DE INGENIERÍA EN CIENCIAS DE LA TIERRA
21907,2018-10-01,2019-02-22,2,FACULTAD DE INGENIERÍA EN CIENCIAS DE LA TIERRA
21907,2012-05-14,2013-05-13,1,DESCONOCIDA
21907,2019-05-06,2019-09-20,1,FACULTAD DE INGENIERÍA EN CIENCIAS DE LA TIERRA
22230,2015-01-01,2015-03-13,1,FACULTAD DE INGENIERÍA EN ELECTRICIDAD Y COMPUTACIÓN
22230,2015-05-11,2015-10-02,1,FACULTAD DE INGENIERÍA EN ELECTRICIDAD Y COMPUTACIÓN
22230,2015-10-19,2016-02-28,1,FACULTAD DE INGENIERÍA EN ELECTRICIDAD Y COMPUTACIÓN
22230,2016-10-10,2017-03-17,2,FACULTAD DE INGENIERÍA EN ELECTRICIDAD Y COMPUTACIÓN
22230,2017-05-02,2017-09-22,1,FACULTAD DE INGENIERÍA EN ELECTRICIDAD Y COMPUTACIÓN
22230,2016-05-02,2016-09-23,1,DESCONOCIDA
22230,2023-09-20,2023-12-31,1,DIRECCIÓN DE ADMISIONES
22233,2014-10-01,2015-12-31,1,FACULTAD DE INGENIERÍA EN ELECTRICIDAD Y COMPUTACIÓN
22233,2016-01-01,2016-12-31,1,DESCONOCIDA
22233,2024-05-13,2025-02-14,3,DECANATO DE GRADO
22233,2017-01-01,2020-02-21,6,FACULTAD DE INGENIERÍA EN ELECTRICIDAD Y COMPUTACIÓN
22233,2020-10-12,2020-12-31,1,DESCONOCIDA
22233,2021-01-01,2024-02-16,9,CENTRO DE EMPRENDIMIENTO E INNOVACIÓN I3LAB
22233,2025-05-12,,4,DECANATO DE GRADO
22250,2016-10-10,2017-03-17,2,FACULTAD DE CIENCIAS SOCIALES Y HUMANÍSTICAS
22250,2017-05-02,2017-09-22,1,FACULTAD DE CIENCIAS SOCIALES Y HUMANÍSTICAS
22250,2017-10-04,2018-03-02,2,FACULTAD DE CIENCIAS SOCIALES Y HUMANÍSTICAS
22250,2018-05-02,2018-09-21,1,FACULTAD DE CIENCIAS SOCIALES Y HUMANÍSTICAS
22250,2018-10-01,2019-02-22,2,FACULTAD DE CIENCIAS SOCIALES Y HUMANÍSTICAS
22250,2016-05-02,2016-09-23,1,DESCONOCIDA
22250,2019-05-13,2019-09-20,1,FACULTAD DE CIENCIAS SOCIALES Y HUMANÍSTICAS
22321,2016-04-01,,26,FACULTAD DE CIENCIAS NATURALES Y MATEMÁTICAS
22783,1991-03-05,1991-10-04,1,DESCONOCIDA
22783,1993-02-08,1993-08-07,1,DESCONOCIDA
22783,1993-10-18,1994-03-04,1,DESCONOCIDA
22783,1994-05-23,1994-10-07,1,DESCONOCIDA
22783,1994-10-17,1995-03-03,1,DESCONOCIDA
22783,1995-06-12,1995-11-25,1,DESCONOCIDA
22783,1996-02-12,1996-05-18,1,DESCONOCIDA
22783,1996-05-20,1996-09-28,2,DESCONOCIDA
22783,1997-02-03,1997-05-10,1,DESCONOCIDA
22783,1997-06-09,1997-09-27,1,DESCONOCIDA
22783,2021-05-25,2021-08-31,1,DIRECCIÓN DE ADMISIONES
22783,2021-10-11,2021-12-31,1,DIRECCIÓN DE ADMISIONES
22783,2023-09-20,2024-12-31,4,DIRECCIÓN DE ADMISIONES
22783,1998-02-10,1998-05-16,1,DESCONOCIDA
22783,2026-05-14,,1,DIRECCIÓN DE ADMISIONES
23468,2023-10-10,2023-12-31,1,DIRECCIÓN DE ADMISIONES
23552,2016-01-18,2016-12-31,2,DESCONOCIDA
23552,2017-01-01,,31,FACULTAD DE INGENIERÍA EN CIENCIAS DE LA TIERRA
23638,2023-09-20,2023-09-30,1,DIRECCIÓN DE ADMISIONES
24479,2018-05-01,,27,FACULTAD DE CIENCIAS NATURALES Y MATEMÁTICAS
24526,2017-01-01,2017-07-15,1,FACULTAD DE INGENIERÍA EN CIENCIAS DE LA TIERRA
24526,2021-05-17,2022-02-18,2,FACULTAD DE INGENIERÍA EN CIENCIAS DE LA TIERRA
24526,2022-05-16,2022-09-23,1,FACULTAD DE INGENIERÍA EN CIENCIAS DE LA TIERRA
24526,2022-10-03,2024-02-16,6,FACULTAD DE INGENIERÍA EN CIENCIAS DE LA TIERRA
24526,2016-05-01,2016-12-31,2,DESCONOCIDA
24526,2024-05-13,2025-02-14,3,FACULTAD DE INGENIERÍA EN CIENCIAS DE LA TIERRA
25170,2015-10-01,2017-12-31,3,DESCONOCIDA
25170,2018-01-01,2026-06-05,38,FACULTAD DE CIENCIAS DE LA VIDA
25259,2023-05-29,,9,DIRECCIÓN DE ADMISIONES
25565,2015-05-11,2015-10-02,1,DESCONOCIDA
25565,2015-10-19,2016-02-28,1,DESCONOCIDA
25565,2016-10-10,2017-03-17,2,FACULTAD DE INGENIERÍA EN CIENCIAS DE LA TIERRA
25565,2017-05-02,2017-09-22,1,FACULTAD DE INGENIERÍA EN CIENCIAS DE LA TIERRA
25565,2017-10-01,2018-09-21,3,FACULTAD DE INGENIERÍA EN CIENCIAS DE LA TIERRA
25565,2018-10-01,2019-02-22,2,FACULTAD DE INGENIERÍA EN CIENCIAS DE LA TIERRA
25565,2019-05-13,2019-09-20,1,FACULTAD DE INGENIERÍA EN CIENCIAS DE LA TIERRA
25565,2019-10-01,2020-02-21,2,FACULTAD DE INGENIERÍA EN CIENCIAS DE LA TIERRA
25565,2020-06-01,2020-09-30,1,FACULTAD DE INGENIERÍA EN CIENCIAS DE LA TIERRA
25565,2020-10-12,2021-02-19,2,FACULTAD DE INGENIERÍA EN CIENCIAS DE LA TIERRA
25565,2020-02-12,2023-09-28,17,GERENCIA DE INFRAESTRUCTURA FÍSICA
25565,2016-05-02,2016-09-23,1,DESCONOCIDA
25565,2021-05-17,,23,FACULTAD DE INGENIERÍA EN CIENCIAS DE LA TIERRA
25565,2023-10-02,2023-10-02,1,GERENCIA DE INFRAESTRUCTURA FÍSICA
25763,2025-10-01,2025-12-31,1,DIRECCIÓN DE ADMISIONES
25856,2003-02-17,2003-05-17,1,DESCONOCIDA
25856,2008-10-13,2009-03-02,1,DESCONOCIDA
25856,2009-05-18,2014-09-30,6,DESCONOCIDA
25856,2014-10-01,2016-07-31,3,"FACULTAD DE ARTE, DISEÑO Y COMUNICACIÓN AUDIOVISUAL"
25856,2019-03-06,2019-04-04,1,"FACULTAD DE ARTE, DISEÑO Y COMUNICACIÓN AUDIOVISUAL"
25856,2021-02-17,2021-02-17,1,"FACULTAD DE ARTE, DISEÑO Y COMUNICACIÓN AUDIOVISUAL"
25856,2021-02-22,2021-03-12,1,"FACULTAD DE ARTE, DISEÑO Y COMUNICACIÓN AUDIOVISUAL"
25856,2019-01-24,2021-05-31,1,DESCONOCIDA
25856,2021-06-01,,10,"FACULTAD DE ARTE, DISEÑO Y COMUNICACIÓN AUDIOVISUAL"
25856,2016-08-01,2019-01-23,1,DIRECCIÓN DE ADMISIONES
25856,2023-10-11,2023-10-17,1,CENTRO INTERNACIONAL DEL PACÍFICO PARA LA REDUCCIÓN DEL RIESGO DE DESASTRES
25989,2023-10-10,2023-12-31,1,DIRECCIÓN DE ADMISIONES
25989,2025-05-05,,7,DIRECCIÓN DE ADMISIONES
26171,2022-04-04,,13,FACULTAD DE INGENIERÍA MECÁNICA Y CIENCIAS DE LA PRODUCCIÓN
26207,2015-01-01,2015-02-28,1,GERENCIA DE INFRAESTRUCTURA FÍSICA
26207,2013-03-01,2014-12-31,2,DESCONOCIDA
26207,2015-06-01,2015-10-18,1,GERENCIA DE INFRAESTRUCTURA FÍSICA
26207,2015-10-19,2016-01-18,2,DESCONOCIDA
26207,2020-09-16,2020-09-16,1,DESCONOCIDA
26207,2016-01-19,,74,GERENCIA DE INFRAESTRUCTURA FÍSICA
26655,2016-10-17,2019-12-31,6,FACULTAD DE CIENCIAS NATURALES Y MATEMÁTICAS
26655,2014-10-01,2016-09-30,1,DESCONOCIDA
26655,2020-02-22,2026-02-13,19,FACULTAD DE CIENCIAS NATURALES Y MATEMÁTICAS
26655,2020-01-01,2020-02-21,1,DIRECCIÓN DE ADMISIONES
26740,2015-01-01,2015-03-13,1,"FACULTAD DE INGENIERIA MARÍTIMA, CIENCIAS BIOLÓGICAS, OCEÁNICAS Y RECURSOS NATURALES"
26740,2015-05-11,2015-10-02,1,"FACULTAD DE INGENIERIA MARÍTIMA, CIENCIAS BIOLÓGICAS, OCEÁNICAS Y RECURSOS NATURALES"
26740,2015-10-19,2016-02-28,1,"FACULTAD DE INGENIERIA MARÍTIMA, CIENCIAS BIOLÓGICAS, OCEÁNICAS Y RECURSOS NATURALES"
26740,2022-05-16,2022-09-23,1,FACULTAD DE INGENIERÍA MARÍTIMA Y CIENCIAS DEL MAR
26740,2016-10-10,2017-03-17,2,"FACULTAD DE INGENIERIA MARÍTIMA, CIENCIAS BIOLÓGICAS, OCEÁNICAS Y RECURSOS NATURALES"
26740,2016-05-02,2016-09-23,1,DESCONOCIDA
26740,2022-11-15,2024-10-02,8,FACULTAD DE INGENIERÍA MARÍTIMA Y CIENCIAS DEL MAR
27203,2017-01-01,2017-03-17,1,FACULTAD DE CIENCIAS SOCIALES Y HUMANÍSTICAS
27203,2017-05-02,2017-09-22,1,FACULTAD DE CIENCIAS SOCIALES Y HUMANÍSTICAS
27203,2017-10-04,2018-03-02,2,FACULTAD DE CIENCIAS SOCIALES Y HUMANÍSTICAS
27203,2018-05-02,2018-09-21,1,FACULTAD DE CIENCIAS SOCIALES Y HUMANÍSTICAS
27203,2018-10-01,2019-02-22,2,FACULTAD DE CIENCIAS SOCIALES Y HUMANÍSTICAS
27203,2016-10-10,2016-12-31,1,DESCONOCIDA
27203,2019-05-13,2019-09-20,1,FACULTAD DE CIENCIAS SOCIALES Y HUMANÍSTICAS
27736,2017-01-01,2017-12-31,1,FACULTAD DE CIENCIAS NATURALES Y MATEMÁTICAS
27736,2019-02-23,2026-02-13,18,FACULTAD DE CIENCIAS NATURALES Y MATEMÁTICAS
27736,2016-10-01,2016-12-31,1,DESCONOCIDA
27736,2026-03-09,,2,FACULTAD DE CIENCIAS NATURALES Y MATEMÁTICAS
27736,2018-01-01,2019-02-22,2,DIRECCIÓN DE ADMISIONES
27983,2018-03-01,2018-05-31,1,GERENCIA DE RELACIONES INTERNACIONALES
28061,2017-01-01,2017-03-17,1,FACULTAD DE INGENIERÍA MECÁNICA Y CIENCIAS DE LA PRODUCCIÓN
28061,2017-05-02,2017-09-22,1,FACULTAD DE INGENIERÍA MECÁNICA Y CIENCIAS DE LA PRODUCCIÓN
28061,2017-10-04,2018-03-02,2,FACULTAD DE INGENIERÍA MECÁNICA Y CIENCIAS DE LA PRODUCCIÓN
28061,2019-05-13,2019-09-20,1,CENTRO DE EMPRENDIMIENTO E INNOVACIÓN I3LAB
28061,2021-05-17,2022-02-18,2,CENTRO DE EMPRENDIMIENTO E INNOVACIÓN I3LAB
28061,2022-05-16,2023-02-17,3,DECANATO DE GRADO
28061,2016-10-10,2016-12-31,1,DESCONOCIDA
28061,2018-05-02,2018-09-21,1,FACULTAD DE INGENIERÍA MECÁNICA Y CIENCIAS DE LA PRODUCCIÓN
28061,2018-10-01,2019-02-22,2,FACULTAD DE INGENIERÍA EN ELECTRICIDAD Y COMPUTACIÓN
28061,2023-05-15,2025-12-31,12,CENTRO DE EMPRENDIMIENTO E INNOVACIÓN I3LAB
28061,2026-01-01,,3,DECANATO DE GRADO
28660,2017-01-01,2017-03-17,1,FACULTAD DE CIENCIAS SOCIALES Y HUMANÍSTICAS
28660,2016-10-10,2016-12-31,1,DESCONOCIDA
28660,2017-04-10,2017-12-31,1,FACULTAD DE CIENCIAS SOCIALES Y HUMANÍSTICAS
28660,2018-01-01,2019-01-23,2,CENTRO DE DESARROLLO DE EMPRENDEDORES
28660,2019-01-24,2025-12-31,27,CENTRO DE EMPRENDIMIENTO E INNOVACIÓN I3LAB
28660,2026-01-01,,5,DECANATO DE GRADO
28957,2009-01-01,2012-12-31,4,DESCONOCIDA
28957,2016-10-01,2016-12-13,1,DESCONOCIDA
28957,2016-12-14,,31,FACULTAD DE CIENCIAS DE LA VIDA
29032,2025-02-03,,8,FACULTAD DE CIENCIAS NATURALES Y MATEMÁTICAS
29216,2011-05-16,2012-05-15,2,DESCONOCIDA
29216,2012-10-08,2013-02-26,1,DESCONOCIDA
29289,2008-10-13,2009-03-02,1,DESCONOCIDA
29289,2009-05-18,2009-09-25,1,DESCONOCIDA
29289,2009-10-12,2010-03-02,2,DESCONOCIDA
29289,2013-01-01,2014-10-31,1,FACULTAD DE CIENCIAS SOCIALES Y HUMANÍSTICAS
29289,2018-01-01,2018-12-31,6,FACULTAD DE CIENCIAS SOCIALES Y HUMANÍSTICAS
29289,2019-02-25,2019-03-26,1,FACULTAD DE CIENCIAS SOCIALES Y HUMANÍSTICAS
29289,2021-02-22,2021-03-12,1,FACULTAD DE CIENCIAS SOCIALES Y HUMANÍSTICAS
29289,2021-09-01,2021-11-21,2,FACULTAD DE CIENCIAS SOCIALES Y HUMANÍSTICAS
29289,2021-12-27,2021-12-31,1,FACULTAD DE CIENCIAS SOCIALES Y HUMANÍSTICAS
29289,2022-02-23,2022-04-19,2,FACULTAD DE CIENCIAS SOCIALES Y HUMANÍSTICAS
29289,2022-06-02,2022-07-31,1,FACULTAD DE CIENCIAS SOCIALES Y HUMANÍSTICAS
29289,2022-12-27,2022-12-30,1,FACULTAD DE CIENCIAS SOCIALES Y HUMANÍSTICAS
29289,2023-02-22,2023-03-17,1,FACULTAD DE CIENCIAS SOCIALES Y HUMANÍSTICAS
29289,2023-07-27,2023-10-24,1,FACULTAD DE CIENCIAS SOCIALES Y HUMANÍSTICAS
29289,2023-12-26,2023-12-29,1,FACULTAD DE CIENCIAS SOCIALES Y HUMANÍSTICAS
29289,2024-02-19,2024-03-13,1,FACULTAD DE CIENCIAS SOCIALES Y HUMANÍSTICAS
29289,2024-12-23,2024-12-24,1,FACULTAD DE CIENCIAS SOCIALES Y HUMANÍSTICAS
29289,2024-12-26,2024-12-31,1,FACULTAD DE CIENCIAS SOCIALES Y HUMANÍSTICAS
29289,2025-02-17,2025-02-28,1,FACULTAD DE CIENCIAS SOCIALES Y HUMANÍSTICAS
29289,2025-03-05,2025-03-14,1,FACULTAD DE CIENCIAS SOCIALES Y HUMANÍSTICAS
29289,2025-06-30,2025-07-11,1,FACULTAD DE CIENCIAS SOCIALES Y HUMANÍSTICAS
29289,2025-10-13,2025-12-04,2,FACULTAD DE CIENCIAS SOCIALES Y HUMANÍSTICAS
29289,2025-12-26,2025-12-31,1,FACULTAD DE CIENCIAS SOCIALES Y HUMANÍSTICAS
29289,2026-03-25,2026-04-02,1,FACULTAD DE CIENCIAS SOCIALES Y HUMANÍSTICAS
29289,2026-04-06,2026-04-13,1,FACULTAD DE CIENCIAS SOCIALES Y HUMANÍSTICAS
29289,2026-05-05,2026-05-09,1,FACULTAD DE CIENCIAS SOCIALES Y HUMANÍSTICAS
29289,2026-05-11,2026-05-17,1,FACULTAD DE CIENCIAS SOCIALES Y HUMANÍSTICAS
29289,2026-07-07,2026-07-13,1,FACULTAD DE CIENCIAS SOCIALES Y HUMANÍSTICAS
29289,2026-07-30,2026-08-02,1,FACULTAD DE CIENCIAS SOCIALES Y HUMANÍSTICAS
29289,2010-05-17,2012-12-31,3,DESCONOCIDA
29289,2026-09-01,,1,FACULTAD DE CIENCIAS SOCIALES Y HUMANÍSTICAS
29289,2014-11-01,2018-03-02,1,"FACULTAD DE INGENIERIA MARÍTIMA, CIENCIAS BIOLÓGICAS, OCEÁNICAS Y RECURSOS NATURALES"
29498,2024-06-13,2024-09-20,1,FACULTAD DE CIENCIAS SOCIALES Y HUMANÍSTICAS
29498,2024-09-30,2025-02-14,4,FACULTAD DE CIENCIAS SOCIALES Y HUMANÍSTICAS
29498,2025-05-05,2026-02-13,3,FACULTAD DE CIENCIAS SOCIALES Y HUMANÍSTICAS
29498,2026-05-04,,1,FACULTAD DE CIENCIAS SOCIALES Y HUMANÍSTICAS
29537,2015-05-01,2017-12-31,2,DESCONOCIDA
29537,2018-01-01,2019-01-23,2,ESCUELA DE DISEÑO Y COMUNICACIÓN VISUAL
29537,2019-01-24,,23,"FACULTAD DE ARTE, DISEÑO Y COMUNICACIÓN AUDIOVISUAL"
30219,2024-01-02,2024-02-09,1,FACULTAD DE INGENIERÍA EN ELECTRICIDAD Y COMPUTACIÓN
30390,2009-10-12,2010-03-02,2,DESCONOCIDA
30390,2010-05-17,2011-05-17,1,DESCONOCIDA
30390,2011-09-25,2014-10-31,3,DESCONOCIDA
30390,2014-11-01,2015-09-03,1,FACULTAD DE CIENCIAS SOCIALES Y HUMANÍSTICAS
30390,2017-07-03,2017-09-22,1,FACULTAD DE CIENCIAS SOCIALES Y HUMANÍSTICAS
30390,2018-03-03,2020-02-21,4,FACULTAD DE CIENCIAS SOCIALES Y HUMANÍSTICAS
30390,2021-04-19,2021-09-24,2,FACULTAD DE CIENCIAS SOCIALES Y HUMANÍSTICAS
30390,2021-10-04,2022-02-18,3,FACULTAD DE CIENCIAS SOCIALES Y HUMANÍSTICAS
30390,2022-05-16,2022-09-23,1,FACULTAD DE CIENCIAS SOCIALES Y HUMANÍSTICAS
30390,2022-10-03,2026-02-13,14,FACULTAD DE CIENCIAS SOCIALES Y HUMANÍSTICAS
30390,2015-09-04,2015-09-04,1,DESCONOCIDA
30390,2026-03-09,,1,FACULTAD DE CIENCIAS SOCIALES Y HUMANÍSTICAS
30390,2017-11-01,2018-03-02,2,"FACULTAD DE INGENIERIA MARÍTIMA, CIENCIAS BIOLÓGICAS, OCEÁNICAS Y RECURSOS NATURALES"
30492,2013-05-13,2013-09-20,1,DESCONOCIDA
30492,2013-10-14,2014-03-08,1,DESCONOCIDA
30492,2014-05-12,2014-09-30,1,DESCONOCIDA
30492,2014-10-01,2014-12-31,1,FACULTAD DE INGENIERÍA MECÁNICA Y CIENCIAS DE LA PRODUCCIÓN
30492,2018-01-01,2018-09-21,2,FACULTAD DE INGENIERÍA MECÁNICA Y CIENCIAS DE LA PRODUCCIÓN
30492,2018-10-01,2019-02-22,2,FACULTAD DE INGENIERÍA MECÁNICA Y CIENCIAS DE LA PRODUCCIÓN
30492,2015-01-01,2017-12-31,3,DESCONOCIDA
30492,2019-05-13,,26,FACULTAD DE INGENIERÍA MECÁNICA Y CIENCIAS DE LA PRODUCCIÓN
30674,2022-10-03,2023-02-17,3,FACULTAD DE CIENCIAS NATURALES Y MATEMÁTICAS
30674,2025-10-21,2026-02-13,2,FACULTAD DE CIENCIAS NATURALES Y MATEMÁTICAS
31176,2015-10-19,2016-02-28,1,DESCONOCIDA
32178,2016-05-21,2016-08-13,1,DESCONOCIDA
32178,2016-08-30,2016-12-31,3,DESCONOCIDA
32178,2017-01-01,2017-03-31,1,FACULTAD DE CIENCIAS SOCIALES Y HUMANÍSTICAS
32698,2016-01-01,2016-01-01,1,DESCONOCIDA
32698,2016-01-01,2016-12-31,1,CENTRO DE INVESTIGACIONES BIOTECNOLÓGICAS DEL ECUADOR
32698,2017-01-01,2018-12-31,2,DESCONOCIDA
32698,2019-01-01,2020-04-09,2,CENTRO DE INVESTIGACIONES BIOTECNOLÓGICAS DEL ECUADOR
33010,2009-01-01,2009-12-31,1,DESCONOCIDA
33010,2012-01-01,2012-12-31,1,DESCONOCIDA
33010,2017-04-26,2017-05-31,1,DESCONOCIDA
33010,2017-06-01,2020-02-21,4,FACULTAD DE CIENCIAS DE LA VIDA
33100,2015-11-10,2016-12-31,2,DESCONOCIDA
33100,2017-01-01,2022-09-30,10,FACULTAD DE CIENCIAS NATURALES Y MATEMÁTICAS
33872,2008-10-13,2009-03-02,1,DESCONOCIDA
33872,2020-10-12,2022-02-18,4,"FACULTAD DE ARTE, DISEÑO Y COMUNICACIÓN AUDIOVISUAL"
33872,2009-05-18,2013-05-17,5,DESCONOCIDA
33872,2022-05-16,2024-02-18,5,"FACULTAD DE ARTE, DISEÑO Y COMUNICACIÓN AUDIOVISUAL"
35095,2014-10-06,2015-03-13,1,DESCONOCIDA
35095,2015-05-01,2017-12-31,2,DESCONOCIDA
35095,2018-01-01,2019-01-23,2,ESCUELA DE DISEÑO Y COMUNICACIÓN VISUAL
35095,2019-01-24,,18,"FACULTAD DE ARTE, DISEÑO Y COMUNICACIÓN AUDIOVISUAL"
35262,2015-05-11,2015-10-02,1,DESCONOCIDA
35262,2015-10-19,2016-02-28,1,DESCONOCIDA
35262,2016-05-02,2016-09-23,1,DESCONOCIDA
35262,2016-10-10,2017-03-17,2,FACULTAD DE INGENIERÍA MECÁNICA Y CIENCIAS DE LA PRODUCCIÓN
35373,2021-05-25,2021-08-31,1,DIRECCIÓN DE ADMISIONES
35373,2021-10-11,2021-12-31,1,DIRECCIÓN DE ADMISIONES
35472,2019-01-01,2020-01-06,3,FACULTAD DE CIENCIAS SOCIALES Y HUMANÍSTICAS
35472,2014-10-01,2016-12-31,2,DESCONOCIDA
35472,2017-01-01,2018-12-31,3,"FACULTAD DE INGENIERIA MARÍTIMA, CIENCIAS BIOLÓGICAS, OCEÁNICAS Y RECURSOS NATURALES"
35472,2021-05-17,2021-09-24,1,FACULTAD DE CIENCIAS SOCIALES Y HUMANÍSTICAS
36033,2017-10-01,2018-03-02,2,FACULTAD DE INGENIERÍA MECÁNICA Y CIENCIAS DE LA PRODUCCIÓN
36033,2021-12-06,2022-02-18,2,FACULTAD DE INGENIERÍA MECÁNICA Y CIENCIAS DE LA PRODUCCIÓN
36033,2013-03-01,2016-09-30,5,DESCONOCIDA
36033,2023-05-15,2024-05-19,3,FACULTAD DE INGENIERÍA MECÁNICA Y CIENCIAS DE LA PRODUCCIÓN
36586,2009-05-18,2009-09-25,1,DESCONOCIDA
36586,2009-10-12,2010-03-02,2,DESCONOCIDA
36586,2010-05-17,2011-05-16,1,DESCONOCIDA
36586,2011-06-01,2012-12-31,2,DESCONOCIDA
36586,2021-01-11,2021-01-11,1,DESCONOCIDA
36586,2021-04-05,2021-04-09,1,DESCONOCIDA
36586,2013-01-01,,30,FACULTAD DE INGENIERÍA MECÁNICA Y CIENCIAS DE LA PRODUCCIÓN
37082,2017-04-26,2017-12-31,1,DESCONOCIDA
37082,2018-01-01,2019-12-31,3,FACULTAD DE CIENCIAS DE LA VIDA
37082,2022-03-14,2024-04-30,14,FACULTAD DE CIENCIAS SOCIALES Y HUMANÍSTICAS
37182,2009-10-12,2010-03-02,2,DESCONOCIDA
37182,2010-05-17,2011-09-24,2,DESCONOCIDA
37182,2013-05-13,2014-09-30,1,DESCONOCIDA
37182,2014-10-01,2015-12-31,1,FACULTAD DE CIENCIAS SOCIALES Y HUMANÍSTICAS
37182,2016-01-01,2017-12-31,2,DESCONOCIDA
37182,2018-01-01,,26,FACULTAD DE CIENCIAS SOCIALES Y HUMANÍSTICAS
37198,2021-05-10,2022-02-18,2,FACULTAD DE CIENCIAS NATURALES Y MATEMÁTICAS
37198,2022-07-01,2022-09-23,1,FACULTAD DE CIENCIAS NATURALES Y MATEMÁTICAS
37198,2022-10-13,2024-02-16,5,FACULTAD DE CIENCIAS NATURALES Y MATEMÁTICAS
37198,2024-05-13,2025-02-14,4,FACULTAD DE CIENCIAS NATURALES Y MATEMÁTICAS
37198,2025-05-12,2026-02-13,3,FACULTAD DE CIENCIAS NATURALES Y MATEMÁTICAS
37198,2026-05-11,,1,FACULTAD DE CIENCIAS NATURALES Y MATEMÁTICAS
37842,2022-10-03,2023-02-19,3,FACULTAD DE INGENIERÍA EN ELECTRICIDAD Y COMPUTACIÓN
37954,2017-01-01,2017-08-15,1,FACULTAD DE INGENIERÍA MECÁNICA Y CIENCIAS DE LA PRODUCCIÓN
37954,2022-05-16,2022-09-23,2,FACULTAD DE INGENIERÍA MECÁNICA Y CIENCIAS DE LA PRODUCCIÓN
37954,2013-05-13,2016-12-31,3,DESCONOCIDA
37954,2022-10-03,2024-02-16,6,FACULTAD DE INGENIERÍA MECÁNICA Y CIENCIAS DE LA PRODUCCIÓN
38237,2009-01-01,2010-12-31,3,DESCONOCIDA
38237,2011-04-01,2014-12-31,3,DESCONOCIDA
38237,2015-01-01,2019-01-23,3,"FACULTAD DE INGENIERIA MARÍTIMA, CIENCIAS BIOLÓGICAS, OCEÁNICAS Y RECURSOS NATURALES"
38237,2020-01-17,2020-01-31,1,FACULTAD DE INGENIERÍA MARÍTIMA Y CIENCIAS DEL MAR
38237,2020-03-02,2020-03-31,1,FACULTAD DE INGENIERÍA MARÍTIMA Y CIENCIAS DEL MAR
38237,2021-03-01,2021-03-26,1,FACULTAD DE INGENIERÍA MARÍTIMA Y CIENCIAS DEL MAR
38237,2019-01-24,2021-11-30,1,DESCONOCIDA
38237,2019-03-06,2019-04-01,1,"FACULTAD DE INGENIERIA MARÍTIMA, CIENCIAS BIOLÓGICAS, OCEÁNICAS Y RECURSOS NATURALES"
38237,2021-12-01,,23,FACULTAD DE INGENIERÍA MARÍTIMA Y CIENCIAS DEL MAR
38281,2017-01-01,2017-12-31,1,ESCUELA DE DISEÑO Y COMUNICACIÓN VISUAL
38281,2018-01-01,2018-05-12,1,"FACULTAD DE ARTE, DISEÑO Y COMUNICACIÓN AUDIOVISUAL"
38281,2018-05-13,2019-01-23,2,ESCUELA DE DISEÑO Y COMUNICACIÓN VISUAL
38281,2019-01-24,2019-12-31,1,"FACULTAD DE ARTE, DISEÑO Y COMUNICACIÓN AUDIOVISUAL"
38281,2013-05-13,2016-12-31,4,DESCONOCIDA
38281,2020-01-01,2020-02-21,1,ESCUELA DE DISEÑO Y COMUNICACIÓN VISUAL
38281,2020-02-22,,23,"FACULTAD DE ARTE, DISEÑO Y COMUNICACIÓN AUDIOVISUAL"
38282,2023-10-03,2024-02-18,3,"FACULTAD DE ARTE, DISEÑO Y COMUNICACIÓN AUDIOVISUAL"
38282,2025-09-29,2026-02-13,2,"FACULTAD DE ARTE, DISEÑO Y COMUNICACIÓN AUDIOVISUAL"
38282,2026-05-04,,1,"FACULTAD DE ARTE, DISEÑO Y COMUNICACIÓN AUDIOVISUAL"
38514,2017-12-01,,58,RECTORADO
38831,2009-01-01,2010-12-31,3,DESCONOCIDA
38831,2011-04-01,2014-12-31,3,DESCONOCIDA
38831,2015-01-01,2019-01-23,3,"FACULTAD DE INGENIERIA MARÍTIMA, CIENCIAS BIOLÓGICAS, OCEÁNICAS Y RECURSOS NATURALES"
38831,2019-02-07,2019-02-27,1,"FACULTAD DE INGENIERIA MARÍTIMA, CIENCIAS BIOLÓGICAS, OCEÁNICAS Y RECURSOS NATURALES"
38831,2021-04-05,2021-04-09,1,FACULTAD DE INGENIERÍA MARÍTIMA Y CIENCIAS DEL MAR
38831,2021-07-07,2021-07-30,1,FACULTAD DE INGENIERÍA MARÍTIMA Y CIENCIAS DEL MAR
38831,2019-01-24,2021-11-30,1,DESCONOCIDA
38831,2019-04-09,2019-05-08,1,"FACULTAD DE INGENIERIA MARÍTIMA, CIENCIAS BIOLÓGICAS, OCEÁNICAS Y RECURSOS NATURALES"
38831,2021-12-01,,22,FACULTAD DE INGENIERÍA MARÍTIMA Y CIENCIAS DEL MAR
38858,2013-05-13,2016-07-31,5,DESCONOCIDA
38858,2019-01-28,2019-05-07,2,"FACULTAD DE ARTE, DISEÑO Y COMUNICACIÓN AUDIOVISUAL"
38858,2021-02-22,2021-03-23,1,"FACULTAD DE ARTE, DISEÑO Y COMUNICACIÓN AUDIOVISUAL"
38858,2019-01-24,2021-05-31,1,DESCONOCIDA
38858,2016-08-01,2019-01-23,1,ESCUELA DE DISEÑO Y COMUNICACIÓN VISUAL
38858,2021-06-01,,19,"FACULTAD DE ARTE, DISEÑO Y COMUNICACIÓN AUDIOVISUAL"
38996,2016-04-01,,36,FACULTAD DE INGENIERÍA EN ELECTRICIDAD Y COMPUTACIÓN
39214,2015-05-01,2015-08-19,1,FACULTAD DE CIENCIAS DE LA VIDA
39214,2016-08-01,2024-12-31,15,FACULTAD DE CIENCIAS DE LA VIDA
39214,2025-03-05,2025-03-25,1,FACULTAD DE CIENCIAS DE LA VIDA
39214,2025-03-31,2025-04-11,1,FACULTAD DE CIENCIAS DE LA VIDA
39214,2025-04-14,2025-04-29,1,FACULTAD DE CIENCIAS DE LA VIDA
39214,2025-06-29,2025-07-03,1,FACULTAD DE CIENCIAS DE LA VIDA
39214,2025-11-03,2025-12-01,1,FACULTAD DE CIENCIAS DE LA VIDA
39214,2025-12-26,2025-12-31,1,FACULTAD DE CIENCIAS DE LA VIDA
39214,2026-01-06,2026-01-15,1,FACULTAD DE CIENCIAS DE LA VIDA
39214,2026-03-09,2026-03-18,1,ESCUELA DE POSTGRADO EN ADMINISTRACIÓN DE EMPRESAS
39214,2026-04-06,2026-04-10,1,FACULTAD DE CIENCIAS DE LA VIDA
39214,2026-04-13,2026-04-17,1,ESCUELA DE POSTGRADO EN ADMINISTRACIÓN DE EMPRESAS
39214,2026-05-25,2026-05-30,1,ESCUELA DE POSTGRADO EN ADMINISTRACIÓN DE EMPRESAS
39214,2026-04-21,2026-04-24,1,FACULTAD DE CIENCIAS DE LA VIDA
39214,2026-08-31,,1,FACULTAD DE CIENCIAS DE LA VIDA
39214,2015-08-20,2016-07-31,2,DESCONOCIDA
39214,2023-10-02,2024-12-15,5,GERENCIA ADMINISTRATIVA
39214,2024-01-19,2024-01-26,1,RECTORADO
39214,2026-07-12,2026-07-17,1,ESCUELA DE POSTGRADO EN ADMINISTRACIÓN DE EMPRESAS
39215,2025-05-05,2025-12-31,3,DIRECCIÓN DE ADMISIONES
39413,2015-05-01,2015-12-31,1,FACULTAD DE CIENCIAS SOCIALES Y HUMANÍSTICAS
39413,2018-01-01,,25,FACULTAD DE CIENCIAS SOCIALES Y HUMANÍSTICAS
39413,2016-01-01,2017-12-31,2,DESCONOCIDA
39450,2009-07-01,2012-12-31,4,DESCONOCIDA
39450,2016-07-01,2022-11-07,6,GERENCIA DE COMUNICACIÓN SOCIAL Y ASUNTOS PÚBLICOS
39450,2016-07-01,2016-07-01,1,DESCONOCIDA
39450,2015-09-01,2016-06-30,1,DIRECCIÓN DE ADMISIONES
39450,2022-12-19,2023-01-09,1,GERENCIA DE COMUNICACIÓN SOCIAL Y ASUNTOS PÚBLICOS
39450,2022-11-08,,12,GERENCIA DE COMUNICACIÓN
40081,2009-08-01,2010-12-31,3,DESCONOCIDA
40081,2011-06-01,2014-12-31,3,DESCONOCIDA
40081,2015-01-01,,45,CENTRO NACIONAL DE ACUICULTURA E INVESTIGACIONES MARINAS
40210,2018-10-01,2019-02-22,2,"FACULTAD DE INGENIERIA MARÍTIMA, CIENCIAS BIOLÓGICAS, OCEÁNICAS Y RECURSOS NATURALES"
40210,2019-04-01,,30,FACULTAD DE INGENIERÍA MARÍTIMA Y CIENCIAS DEL MAR
40499,2015-09-01,2015-12-31,1,ESCUELA DE DISEÑO Y COMUNICACIÓN VISUAL
40499,2018-07-01,2022-10-31,9,GERENCIA DE COMUNICACIÓN SOCIAL Y ASUNTOS PÚBLICOS
40499,2022-12-26,2022-12-30,1,GERENCIA DE COMUNICACIÓN SOCIAL Y ASUNTOS PÚBLICOS
40499,2023-01-27,2023-02-03,1,GERENCIA DE COMUNICACIÓN SOCIAL Y ASUNTOS PÚBLICOS
40499,2023-02-28,2023-02-28,1,GERENCIA DE COMUNICACIÓN SOCIAL Y ASUNTOS PÚBLICOS
40499,2017-01-01,2018-06-30,2,ESCUELA DE DISEÑO Y COMUNICACIÓN VISUAL
40499,2016-04-13,2016-12-31,1,DESCONOCIDA
40499,2023-03-17,2023-03-17,1,GERENCIA DE COMUNICACIÓN SOCIAL Y ASUNTOS PÚBLICOS
40499,2022-11-01,,28,GERENCIA DE COMUNICACIÓN
40968,2015-01-01,2022-11-07,29,GERENCIA DE COMUNICACIÓN SOCIAL Y ASUNTOS PÚBLICOS
40968,2022-11-17,2022-11-17,1,GERENCIA DE COMUNICACIÓN SOCIAL Y ASUNTOS PÚBLICOS
40968,2022-12-05,2022-12-16,1,GERENCIA DE COMUNICACIÓN SOCIAL Y ASUNTOS PÚBLICOS
40968,2022-12-23,2022-12-23,1,GERENCIA DE COMUNICACIÓN SOCIAL Y ASUNTOS PÚBLICOS
40968,2022-12-27,2022-12-30,1,GERENCIA DE COMUNICACIÓN SOCIAL Y ASUNTOS PÚBLICOS
40968,2023-01-23,2023-01-27,1,GERENCIA DE COMUNICACIÓN SOCIAL Y ASUNTOS PÚBLICOS
40968,2023-02-07,2023-02-10,1,GERENCIA DE COMUNICACIÓN SOCIAL Y ASUNTOS PÚBLICOS
40968,2016-07-01,2016-07-01,1,DESCONOCIDA
40968,2022-11-08,,31,GERENCIA DE COMUNICACIÓN
41004,2016-10-01,2016-12-31,1,FACULTAD DE CIENCIAS SOCIALES Y HUMANÍSTICAS
41004,2014-10-20,2015-03-20,1,DESCONOCIDA
41004,2018-03-03,,27,FACULTAD DE CIENCIAS SOCIALES Y HUMANÍSTICAS
41004,2017-01-01,2018-03-02,2,FACULTAD DE INGENIERÍA EN CIENCIAS DE LA TIERRA
41300,2023-10-04,,10,GERENCIA FINANCIERA
41305,2013-01-01,2014-12-31,1,DESCONOCIDA
41305,2016-03-01,,41,DIRECCIÓN DE LA SECRETARÍA TÉCNICA ACADEMICA
41411,2020-06-01,2023-04-28,10,FACULTAD DE CIENCIAS SOCIALES Y HUMANÍSTICAS
41494,2013-05-13,2015-12-31,3,DESCONOCIDA
41494,2016-07-11,2016-07-19,1,DESCONOCIDA
41494,2016-01-01,2016-12-31,2,DIRECCIÓN DE LA SECRETARÍA TÉCNICA DE ASEGURAMIENTO DE LA CALIDAD DE LA EDUCACIÓN SUPERIOR
41494,2017-01-01,2017-12-31,1,CENTRO DE INVESTIGACIONES Y SERVICIOS EDUCATIVOS
41494,2018-01-01,2021-10-01,8,FACULTAD DE INGENIERÍA EN CIENCIAS DE LA TIERRA
41626,2023-07-17,2023-12-03,1,FACULTAD DE INGENIERÍA EN ELECTRICIDAD Y COMPUTACIÓN
41644,2013-05-13,2013-09-20,1,DESCONOCIDA
41644,2014-10-20,2014-12-31,1,DESCONOCIDA
41644,2015-01-01,2015-03-13,1,FACULTAD DE INGENIERÍA EN ELECTRICIDAD Y COMPUTACIÓN
41644,2017-11-08,2018-03-02,2,FACULTAD DE INGENIERÍA EN ELECTRICIDAD Y COMPUTACIÓN
41644,2017-02-01,2017-12-31,1,DESCONOCIDA
41644,2018-05-02,2018-09-21,1,FACULTAD DE INGENIERÍA EN ELECTRICIDAD Y COMPUTACIÓN
41644,2019-05-13,2019-09-20,1,CENTRO DE EMPRENDIMIENTO E INNOVACIÓN I3LAB
42290,2015-01-01,2016-12-31,1,CENTRO DE TECNOLOGÍAS DE LA INFORMACIÓN
42290,2017-01-03,2017-02-28,1,CENTRO DE TECNOLOGÍAS DE LA INFORMACIÓN
42290,2017-10-01,,33,CENTRO DE TECNOLOGÍAS DE LA INFORMACIÓN
42290,2017-03-01,2017-09-30,3,DESCONOCIDA
42290,2018-10-27,2018-11-10,1,FACULTAD DE INGENIERÍA MECÁNICA Y CIENCIAS DE LA PRODUCCIÓN
42359,2016-09-01,2016-12-31,1,DESCONOCIDA
42359,2017-01-03,2017-12-31,1,FACULTAD DE CIENCIAS DE LA VIDA
42359,2018-01-01,,31,FACULTAD DE CIENCIAS SOCIALES Y HUMANÍSTICAS
42800,2015-05-01,2017-12-31,3,DESCONOCIDA
42800,2018-01-01,2019-01-23,2,ESCUELA DE DISEÑO Y COMUNICACIÓN VISUAL
42800,2019-01-24,2020-02-21,2,"FACULTAD DE ARTE, DISEÑO Y COMUNICACIÓN AUDIOVISUAL"
42893,2023-09-20,2023-12-31,1,DIRECCIÓN DE ADMISIONES
43101,2014-10-01,2014-12-31,1,DESCONOCIDA
43101,2022-05-16,,16,"FACULTAD DE ARTE, DISEÑO Y COMUNICACIÓN AUDIOVISUAL"
43144,2015-07-20,2022-10-31,20,GERENCIA DE COMUNICACIÓN SOCIAL Y ASUNTOS PÚBLICOS
43144,2022-11-15,2022-11-30,1,GERENCIA DE COMUNICACIÓN SOCIAL Y ASUNTOS PÚBLICOS
43144,2022-12-27,2022-12-30,1,GERENCIA DE COMUNICACIÓN SOCIAL Y ASUNTOS PÚBLICOS
43144,2023-01-04,2023-01-06,1,GERENCIA DE COMUNICACIÓN SOCIAL Y ASUNTOS PÚBLICOS
43144,2023-02-13,2023-02-13,1,GERENCIA DE COMUNICACIÓN SOCIAL Y ASUNTOS PÚBLICOS
43144,2023-03-03,2023-03-03,1,GERENCIA DE COMUNICACIÓN SOCIAL Y ASUNTOS PÚBLICOS
43144,2023-03-10,2023-03-10,1,GERENCIA DE COMUNICACIÓN SOCIAL Y ASUNTOS PÚBLICOS
43144,2023-03-17,2023-03-17,1,GERENCIA DE COMUNICACIÓN SOCIAL Y ASUNTOS PÚBLICOS
43144,2016-07-01,2016-07-01,1,DESCONOCIDA
43144,2022-11-01,,35,GERENCIA DE COMUNICACIÓN
43224,2018-05-01,2021-08-03,6,FACULTAD DE INGENIERÍA EN ELECTRICIDAD Y COMPUTACIÓN
43587,2010-05-17,2014-08-24,3,DESCONOCIDA
43587,2020-03-05,2020-03-15,1,DESCONOCIDA
43587,2014-08-25,2014-10-31,1,RECTORADO
43587,2014-11-01,2025-10-22,53,FACULTAD DE INGENIERÍA EN ELECTRICIDAD Y COMPUTACIÓN
43587,2019-07-01,2019-07-01,1,FACULTAD DE CIENCIAS NATURALES Y MATEMÁTICAS
43587,2023-02-22,2023-02-22,1,DECANATO DE GRADO
43625,2017-01-01,2017-03-31,1,DESCONOCIDA
43625,2017-04-01,2022-11-14,14,FACULTAD DE INGENIERÍA EN CIENCIAS DE LA TIERRA
43625,2022-11-15,,29,VICERRECTORADO DE DOCENCIA
43817,2003-02-01,2003-07-31,2,DESCONOCIDA
43817,2020-03-02,2020-03-24,1,"FACULTAD DE ARTE, DISEÑO Y COMUNICACIÓN AUDIOVISUAL"
43817,2021-03-29,2021-04-21,1,"FACULTAD DE ARTE, DISEÑO Y COMUNICACIÓN AUDIOVISUAL"
43817,2008-10-01,2014-12-31,5,DESCONOCIDA
43817,2015-01-01,2021-11-30,4,ESCUELA DE DISEÑO Y COMUNICACIÓN VISUAL
43817,2021-12-01,,16,"FACULTAD DE ARTE, DISEÑO Y COMUNICACIÓN AUDIOVISUAL"
44046,2025-05-12,2025-12-31,3,DIRECCIÓN DE ADMISIONES
44205,2015-05-01,2015-12-31,1,FACULTAD DE INGENIERÍA EN ELECTRICIDAD Y COMPUTACIÓN
44205,2018-01-01,2020-02-21,3,FACULTAD DE INGENIERÍA EN ELECTRICIDAD Y COMPUTACIÓN
44205,2016-01-01,2017-12-31,2,DESCONOCIDA
44496,2009-10-12,2010-03-02,2,DESCONOCIDA
44496,2010-05-17,2012-02-16,3,DESCONOCIDA
44496,2012-10-08,2013-02-26,1,DESCONOCIDA
44496,2014-05-12,2014-10-03,1,DESCONOCIDA
44496,2014-10-20,2015-03-13,2,DESCONOCIDA
44496,2016-05-02,2016-09-23,1,ESCUELA DE DISEÑO Y COMUNICACIÓN VISUAL
44496,2021-06-04,2021-09-24,1,FACULTAD DE CIENCIAS SOCIALES Y HUMANÍSTICAS
44496,2021-10-04,2022-02-18,3,FACULTAD DE CIENCIAS SOCIALES Y HUMANÍSTICAS
44496,2022-05-16,2022-09-23,1,FACULTAD DE CIENCIAS SOCIALES Y HUMANÍSTICAS
44496,2015-05-11,2015-10-02,1,DESCONOCIDA
44496,2016-10-10,2017-03-17,2,ESCUELA DE DISEÑO Y COMUNICACIÓN VISUAL
44496,2022-10-03,,16,FACULTAD DE CIENCIAS SOCIALES Y HUMANÍSTICAS
44538,2024-05-13,2024-09-20,1,FACULTAD DE INGENIERÍA EN ELECTRICIDAD Y COMPUTACIÓN
44685,2014-11-11,2014-12-31,1,DESCONOCIDA
44685,2015-01-01,2016-07-31,2,GERENCIA FINANCIERA
44685,2016-08-01,2016-10-31,2,DESCONOCIDA
44685,2016-11-01,,34,GERENCIA FINANCIERA
44859,2016-10-01,2016-12-31,1,DESCONOCIDA
44859,2017-01-01,2022-04-30,11,FACULTAD DE INGENIERÍA EN ELECTRICIDAD Y COMPUTACIÓN
44884,2023-07-11,,9,FACULTAD DE CIENCIAS NATURALES Y MATEMÁTICAS
44927,2025-05-12,2026-02-13,3,FACULTAD DE CIENCIAS SOCIALES Y HUMANÍSTICAS
44927,2026-05-04,,2,FACULTAD DE CIENCIAS SOCIALES Y HUMANÍSTICAS
45059,2016-04-11,2019-01-23,4,ESCUELA DE DISEÑO Y COMUNICACIÓN VISUAL
45059,2019-01-24,,20,"FACULTAD DE ARTE, DISEÑO Y COMUNICACIÓN AUDIOVISUAL"
46306,2016-12-01,2021-09-27,9,FACULTAD DE INGENIERÍA EN ELECTRICIDAD Y COMPUTACIÓN
46306,2016-10-01,2016-11-30,1,DESCONOCIDA
46306,2024-10-02,,6,FACULTAD DE INGENIERÍA EN ELECTRICIDAD Y COMPUTACIÓN
46564,2015-12-29,2016-02-28,1,FACULTAD DE CIENCIAS DE LA VIDA
46564,2017-01-01,,33,FACULTAD DE CIENCIAS DE LA VIDA
46564,2016-10-01,2016-12-31,1,DESCONOCIDA
46658,2015-01-01,,40,FACULTAD DE INGENIERÍA EN CIENCIAS DE LA TIERRA
46658,2017-01-01,2017-01-01,1,DESCONOCIDA
46658,2025-06-23,2025-09-23,1,DIRECCIÓN DE ADMISIONES
46684,2017-01-01,2025-02-16,20,FACULTAD DE CIENCIAS NATURALES Y MATEMÁTICAS
46684,2016-10-01,2016-12-31,1,DESCONOCIDA
46684,2025-05-12,,3,FACULTAD DE CIENCIAS NATURALES Y MATEMÁTICAS
46760,2022-01-03,2023-02-28,3,FACULTAD DE CIENCIAS SOCIALES Y HUMANÍSTICAS
46826,2022-01-03,2022-07-01,3,GERENCIA DE TECNOLOGÍAS Y SISTEMAS DE INFORMACIÓN
46826,2010-03-03,2012-12-31,3,DESCONOCIDA
46826,2022-07-04,,28,GERENCIA DE TECNOLOGÍAS Y SISTEMAS DE INFORMACIÓN
46831,2015-01-01,2015-12-31,1,DESCONOCIDA
46845,2017-01-03,2017-12-31,1,DESCONOCIDA
46845,2021-01-01,,16,GERENCIA DE TECNOLOGÍAS Y SISTEMAS DE INFORMACIÓN
47061,2017-10-05,2020-02-21,5,FACULTAD DE CIENCIAS NATURALES Y MATEMÁTICAS
47478,2017-01-01,2020-09-30,7,FACULTAD DE INGENIERÍA MECÁNICA Y CIENCIAS DE LA PRODUCCIÓN
47478,2016-10-03,2016-12-31,1,DESCONOCIDA
47478,2020-10-12,2024-10-01,12,FACULTAD DE INGENIERÍA MECÁNICA Y CIENCIAS DE LA PRODUCCIÓN
47521,2009-01-01,2010-03-31,2,DESCONOCIDA
47521,2010-09-01,2012-12-31,3,DESCONOCIDA
47521,2014-01-15,2015-12-01,2,DESCONOCIDA
47521,2018-04-16,2018-04-30,1,"FACULTAD DE ARTE, DISEÑO Y COMUNICACIÓN AUDIOVISUAL"
47521,2016-08-01,2020-02-01,4,DESCONOCIDA
47521,2015-12-02,2016-07-31,1,ESCUELA DE DISEÑO Y COMUNICACIÓN VISUAL
47521,2019-09-16,2019-09-18,1,"FACULTAD DE ARTE, DISEÑO Y COMUNICACIÓN AUDIOVISUAL"
48405,2018-05-01,2019-09-20,4,FACULTAD DE INGENIERÍA EN CIENCIAS DE LA TIERRA
48405,2019-11-01,,23,FACULTAD DE INGENIERÍA EN CIENCIAS DE LA TIERRA
48584,2017-11-13,2019-07-16,3,DIRECCIÓN DE ADQUISICIONES Y SUMINISTROS
48584,2022-01-17,,15,DIRECCIÓN DE ADQUISICIONES
48755,2015-05-11,2016-12-31,3,CENTRO DE INVESTIGACIONES BIOTECNOLÓGICAS DEL ECUADOR
48755,2017-01-03,2017-12-31,1,CENTRO DE INVESTIGACIONES BIOTECNOLÓGICAS DEL ECUADOR
48755,2019-01-01,2021-11-30,7,CENTRO DE INVESTIGACIONES BIOTECNOLÓGICAS DEL ECUADOR
48755,2016-09-01,2016-09-01,1,DESCONOCIDA
48840,2018-05-01,,25,FACULTAD DE INGENIERÍA EN CIENCIAS DE LA TIERRA
48885,2017-01-01,2019-04-30,4,FACULTAD DE INGENIERÍA EN ELECTRICIDAD Y COMPUTACIÓN
48885,2015-02-01,2016-12-31,2,DESCONOCIDA
48885,2025-05-05,2026-02-13,5,FACULTAD DE INGENIERÍA EN ELECTRICIDAD Y COMPUTACIÓN
48885,2019-05-01,2020-02-21,2,VICERRECTORADO ACADÉMICO
48885,2020-02-22,2025-05-04,22,DECANATO DE GRADO
48938,2021-05-25,2021-12-31,1,DIRECCIÓN DE ADMISIONES
49390,2012-07-09,2012-10-14,1,DESCONOCIDA
49390,2021-05-25,2021-08-31,1,DIRECCIÓN DE ADMISIONES
49404,2018-04-01,2020-12-31,3,FACULTAD DE INGENIERÍA EN CIENCIAS DE LA TIERRA
49404,2021-01-04,,42,FACULTAD DE INGENIERÍA EN CIENCIAS DE LA TIERRA
49500,2023-10-02,2023-12-31,2,FACULTAD DE INGENIERÍA EN ELECTRICIDAD Y COMPUTACIÓN
49657,2014-10-01,2014-12-31,1,ESCUELA DE DISEÑO Y COMUNICACIÓN VISUAL
49657,2013-05-13,2016-12-31,5,DESCONOCIDA
49657,2017-01-01,2019-01-23,4,ESCUELA DE DISEÑO Y COMUNICACIÓN VISUAL
49657,2019-01-24,,15,"FACULTAD DE ARTE, DISEÑO Y COMUNICACIÓN AUDIOVISUAL"
49789,2021-10-04,2021-12-09,1,FACULTAD DE INGENIERÍA EN CIENCIAS DE LA TIERRA
49789,2025-10-01,2025-12-31,2,DIRECCIÓN DE ADMISIONES
49839,2015-01-01,2018-01-15,4,CENTRO DE TECNOLOGÍAS DE LA INFORMACIÓN
49839,2019-01-01,2019-04-30,1,CENTRO DE TECNOLOGÍAS DE LA INFORMACIÓN
49839,2020-01-01,2020-08-14,3,CENTRO DE TECNOLOGÍAS DE LA INFORMACIÓN
49839,2014-12-01,2014-12-31,1,DESCONOCIDA
49839,2021-01-01,,23,CENTRO DE TECNOLOGÍAS DE LA INFORMACIÓN
49869,2023-10-03,2023-12-31,1,FACULTAD DE CIENCIAS SOCIALES Y HUMANÍSTICAS
49926,2023-06-15,2024-06-14,4,FACULTAD DE INGENIERÍA EN ELECTRICIDAD Y COMPUTACIÓN
50023,2022-05-03,,25,DECANATO DE VINCULACIÓN
50030,2015-05-01,2015-12-02,1,DESCONOCIDA
50030,2015-12-02,,64,CENTRO DE INFORMACIÓN BIBLIOTECARIA
50103,2024-03-01,2024-09-20,2,DIRECCIÓN DE ADMISIONES
50103,2024-09-23,,10,DIRECCIÓN DE ADMISIONES
50416,2021-05-17,2022-02-18,2,FACULTAD DE INGENIERÍA EN CIENCIAS DE LA TIERRA
50416,2022-05-18,2023-09-22,4,FACULTAD DE INGENIERÍA EN CIENCIAS DE LA TIERRA
50463,2017-10-01,2023-03-10,17,FACULTAD DE INGENIERÍA EN CIENCIAS DE LA TIERRA
50463,2023-05-08,2025-02-14,13,FACULTAD DE INGENIERÍA EN CIENCIAS DE LA TIERRA
50463,2025-10-20,2025-10-20,1,FACULTAD DE INGENIERÍA EN CIENCIAS DE LA TIERRA
50463,2025-12-26,2025-12-31,1,FACULTAD DE INGENIERÍA EN CIENCIAS DE LA TIERRA
50463,2026-01-08,2026-01-14,2,FACULTAD DE INGENIERÍA EN CIENCIAS DE LA TIERRA
50463,2026-03-18,2026-03-19,1,FACULTAD DE INGENIERÍA EN CIENCIAS DE LA TIERRA
50463,2026-04-06,2026-04-10,1,FACULTAD DE INGENIERÍA EN CIENCIAS DE LA TIERRA
50463,2026-05-04,2026-05-21,3,FACULTAD DE INGENIERÍA EN CIENCIAS DE LA TIERRA
50463,2026-05-26,2026-08-18,2,FACULTAD DE INGENIERÍA EN CIENCIAS DE LA TIERRA
50463,2017-07-01,2017-09-30,1,DESCONOCIDA
50463,2026-08-24,,1,FACULTAD DE INGENIERÍA EN CIENCIAS DE LA TIERRA
50544,2014-02-01,2016-12-31,3,DESCONOCIDA
50544,2017-01-01,2018-01-31,2,CENTRO DE TECNOLOGÍAS DE LA INFORMACIÓN
50544,2023-01-03,,30,GERENCIA DE TECNOLOGÍAS Y SISTEMAS DE INFORMACIÓN
50796,2015-01-01,2016-03-20,1,GERENCIA FINANCIERA
50796,2014-03-21,2014-12-31,1,DESCONOCIDA
50796,2016-04-08,,49,GERENCIA FINANCIERA
51025,2015-06-01,2015-10-19,2,SUBGERENCIA DE SERVICIOS INFORMÁTICOS
51025,2015-01-01,2015-05-31,1,FACULTAD DE INGENIERÍA EN ELECTRICIDAD Y COMPUTACIÓN
51025,2013-06-01,2014-12-31,1,DESCONOCIDA
51025,2016-04-01,,46,FACULTAD DE INGENIERÍA EN ELECTRICIDAD Y COMPUTACIÓN
51025,2016-01-01,2016-03-31,1,SUBGERENCIA DE SERVICIOS INFORMÁTICOS
51050,2016-04-11,2016-12-31,1,DESCONOCIDA
51050,2017-01-01,2018-12-31,2,ESCUELA DE DISEÑO Y COMUNICACIÓN VISUAL
51050,2019-01-01,2020-09-30,4,FACULTAD DE INGENIERÍA EN ELECTRICIDAD Y COMPUTACIÓN
51159,2017-04-26,2017-12-31,1,DESCONOCIDA
51159,2018-01-01,,34,FACULTAD DE INGENIERÍA MECÁNICA Y CIENCIAS DE LA PRODUCCIÓN
51177,2015-10-19,2016-12-31,1,FACULTAD DE CIENCIAS SOCIALES Y HUMANÍSTICAS
51177,2018-01-01,,29,FACULTAD DE CIENCIAS SOCIALES Y HUMANÍSTICAS
51177,2017-01-01,2017-12-31,1,DESCONOCIDA
51195,2017-01-01,2018-04-03,2,CENTRO DE TECNOLOGÍAS DE LA INFORMACIÓN
51195,2014-02-01,2016-12-31,3,DESCONOCIDA
51195,2019-01-01,2020-08-07,4,CENTRO DE TECNOLOGÍAS DE LA INFORMACIÓN
51212,2023-05-15,2026-02-13,12,FACULTAD DE CIENCIAS SOCIALES Y HUMANÍSTICAS
51212,2026-05-04,,1,FACULTAD DE CIENCIAS SOCIALES Y HUMANÍSTICAS
51232,2015-05-01,2017-12-31,3,DESCONOCIDA
51232,2018-01-01,2020-09-30,5,FACULTAD DE CIENCIAS SOCIALES Y HUMANÍSTICAS
51391,2016-05-02,2016-09-23,1,"FACULTAD DE INGENIERIA MARÍTIMA, CIENCIAS BIOLÓGICAS, OCEÁNICAS Y RECURSOS NATURALES"
51391,2017-05-02,2017-09-22,1,FACULTAD DE INGENIERÍA EN ELECTRICIDAD Y COMPUTACIÓN
51391,2017-10-04,2018-03-02,2,FACULTAD DE INGENIERÍA EN ELECTRICIDAD Y COMPUTACIÓN
51391,2018-05-02,2018-09-21,1,FACULTAD DE INGENIERÍA EN ELECTRICIDAD Y COMPUTACIÓN
51391,2019-05-13,2019-09-20,1,CENTRO DE EMPRENDIMIENTO E INNOVACIÓN I3LAB
51391,2022-01-01,2022-02-18,1,DECANATO DE GRADO
51391,2017-01-01,2017-03-31,1,"FACULTAD DE INGENIERIA MARÍTIMA, CIENCIAS BIOLÓGICAS, OCEÁNICAS Y RECURSOS NATURALES"
51391,2016-10-10,2016-12-31,1,DESCONOCIDA
51391,2018-10-01,2019-02-22,2,FACULTAD DE INGENIERÍA EN ELECTRICIDAD Y COMPUTACIÓN
51391,2021-10-04,2021-12-31,1,CENTRO DE EMPRENDIMIENTO E INNOVACIÓN I3LAB
51391,2026-05-11,,1,DECANATO DE GRADO
51418,2018-03-12,2018-03-29,1,FACULTAD DE CIENCIAS SOCIALES Y HUMANÍSTICAS
51418,2019-03-18,2019-04-07,1,FACULTAD DE CIENCIAS SOCIALES Y HUMANÍSTICAS
51418,2016-02-22,2016-05-01,2,CENTRO DE INFORMACIÓN BIBLIOTECARIA
51418,2021-02-08,2021-07-11,1,CENTRO DE INFORMACIÓN BIBLIOTECARIA
51418,2016-07-01,2017-10-31,2,FACULTAD DE INGENIERÍA EN ELECTRICIDAD Y COMPUTACIÓN
51418,2017-11-01,2019-09-30,1,DESCONOCIDA
51418,2019-10-01,,46,FACULTAD DE CIENCIAS SOCIALES Y HUMANÍSTICAS
51539,2016-11-01,2016-12-31,1,DESCONOCIDA
51595,2015-01-19,2018-06-15,4,FACULTAD DE INGENIERÍA MECÁNICA Y CIENCIAS DE LA PRODUCCIÓN
51681,2016-04-01,2016-12-31,1,DESCONOCIDA
51681,2017-01-01,,15,FACULTAD DE INGENIERÍA EN ELECTRICIDAD Y COMPUTACIÓN
51716,2014-10-01,2016-12-31,2,DESCONOCIDA
51716,2017-01-01,2019-01-23,3,ESCUELA DE DISEÑO Y COMUNICACIÓN VISUAL
51716,2019-01-24,2019-09-27,1,"FACULTAD DE ARTE, DISEÑO Y COMUNICACIÓN AUDIOVISUAL"
51737,2021-06-01,2021-06-30,1,GERENCIA ADMINISTRATIVA
51775,2022-04-01,2022-05-06,2,GERENCIA DE TECNOLOGÍAS Y SISTEMAS DE INFORMACIÓN
51880,2025-05-12,2026-02-13,4,FACULTAD DE INGENIERÍA EN CIENCIAS DE LA TIERRA
51960,2014-03-17,2014-12-31,1,DESCONOCIDA
51960,2015-01-01,2016-04-30,2,GERENCIA FINANCIERA
51960,2016-05-01,2016-07-31,2,DESCONOCIDA
51960,2016-08-01,,38,GERENCIA FINANCIERA
52004,2015-01-01,2016-04-12,1,DESCONOCIDA
52004,2016-04-13,,26,FACULTAD DE INGENIERÍA EN ELECTRICIDAD Y COMPUTACIÓN
52227,2016-04-01,2016-12-31,1,DESCONOCIDA
52227,2017-01-01,2019-01-23,3,ESCUELA DE DISEÑO Y COMUNICACIÓN VISUAL
52227,2019-01-24,,21,"FACULTAD DE ARTE, DISEÑO Y COMUNICACIÓN AUDIOVISUAL"
52365,2023-05-15,2023-06-30,1,FACULTAD DE INGENIERÍA EN ELECTRICIDAD Y COMPUTACIÓN
52365,2023-08-14,2023-09-22,1,FACULTAD DE INGENIERÍA EN ELECTRICIDAD Y COMPUTACIÓN
52751,2023-09-20,2023-12-31,1,DIRECCIÓN DE ADMISIONES
52751,2025-05-05,,7,DIRECCIÓN DE ADMISIONES
52752,2016-06-01,2016-12-31,1,DESCONOCIDA
52752,2017-01-01,2024-04-30,19,FACULTAD DE INGENIERÍA MECÁNICA Y CIENCIAS DE LA PRODUCCIÓN
52852,2015-05-01,2016-09-05,1,"FACULTAD DE INGENIERIA MARÍTIMA, CIENCIAS BIOLÓGICAS, OCEÁNICAS Y RECURSOS NATURALES"
52873,2014-05-12,2014-12-31,2,DESCONOCIDA
52873,2015-01-01,2015-12-31,1,FACULTAD DE INGENIERÍA MECÁNICA Y CIENCIAS DE LA PRODUCCIÓN
52873,2017-01-01,2017-10-03,1,FACULTAD DE INGENIERÍA MECÁNICA Y CIENCIAS DE LA PRODUCCIÓN
52873,2018-01-01,2018-01-01,1,FACULTAD DE INGENIERÍA MECÁNICA Y CIENCIAS DE LA PRODUCCIÓN
52873,2016-01-01,2016-12-31,3,DESCONOCIDA
52873,2019-01-01,2021-02-19,7,FACULTAD DE INGENIERÍA MECÁNICA Y CIENCIAS DE LA PRODUCCIÓN
52916,2025-10-08,2025-12-31,1,DIRECCIÓN DE ADMISIONES
52953,2016-09-15,2015-09-15,1,DESCONOCIDA
52953,2015-05-01,2016-09-14,2,FACULTAD DE CIENCIAS NATURALES Y MATEMÁTICAS
52953,2017-01-01,,35,FACULTAD DE CIENCIAS NATURALES Y MATEMÁTICAS
52953,2016-10-01,2016-12-31,1,DESCONOCIDA
53126,2020-10-01,2021-02-19,2,FACULTAD DE INGENIERÍA MECÁNICA Y CIENCIAS DE LA PRODUCCIÓN
53142,2014-04-15,2014-12-31,1,DESCONOCIDA
53142,2015-01-01,2015-12-01,1,GERENCIA DE TECNOLOGÍAS Y SISTEMAS DE INFORMACIÓN
53142,2015-12-02,2017-01-31,3,DESCONOCIDA
53142,2017-02-01,,44,GERENCIA DE TECNOLOGÍAS Y SISTEMAS DE INFORMACIÓN
53156,2017-01-03,2017-12-31,1,DESCONOCIDA
53156,2020-03-02,,53,GERENCIA DE TECNOLOGÍAS Y SISTEMAS DE INFORMACIÓN
53238,2016-10-10,2017-03-17,2,"FACULTAD DE INGENIERIA MARÍTIMA, CIENCIAS BIOLÓGICAS, OCEÁNICAS Y RECURSOS NATURALES"
53238,2017-05-02,2017-09-22,1,"FACULTAD DE INGENIERIA MARÍTIMA, CIENCIAS BIOLÓGICAS, OCEÁNICAS Y RECURSOS NATURALES"
53238,2017-10-04,2018-03-02,2,"FACULTAD DE INGENIERIA MARÍTIMA, CIENCIAS BIOLÓGICAS, OCEÁNICAS Y RECURSOS NATURALES"
53238,2015-10-19,2016-02-28,1,FACULTAD DE CIENCIAS SOCIALES Y HUMANÍSTICAS
53238,2019-05-01,2019-12-31,1,FACULTAD DE CIENCIAS SOCIALES Y HUMANÍSTICAS
53238,2016-05-02,2016-09-29,1,DESCONOCIDA
53238,2018-05-02,2018-09-21,1,"FACULTAD DE INGENIERIA MARÍTIMA, CIENCIAS BIOLÓGICAS, OCEÁNICAS Y RECURSOS NATURALES"
53238,2018-10-01,2019-02-22,2,CENTRO DE DESARROLLO DE EMPRENDEDORES
53238,2020-01-01,2025-12-31,28,CENTRO DE EMPRENDIMIENTO E INNOVACIÓN I3LAB
53238,2026-01-01,,4,DECANATO DE GRADO
53239,2014-10-01,2016-08-31,2,DESCONOCIDA
53239,2021-03-08,2021-09-30,2,FACULTAD DE CIENCIAS SOCIALES Y HUMANÍSTICAS
53345,2021-08-02,,25,GERENCIA DE INFRAESTRUCTURA FÍSICA
53351,2025-12-01,,3,AUDITORÍA INTERNA
53353,2016-08-01,2016-12-31,1,DESCONOCIDA
53353,2017-01-01,2017-09-15,1,CENTRO DE TECNOLOGÍAS DE LA INFORMACIÓN
53355,2012-02-09,2012-07-31,1,DESCONOCIDA
53355,2018-05-01,,29,FACULTAD DE INGENIERÍA EN ELECTRICIDAD Y COMPUTACIÓN
53361,2017-10-01,,28,FACULTAD DE INGENIERÍA EN ELECTRICIDAD Y COMPUTACIÓN
53554,2025-05-07,2025-09-28,1,DIRECCIÓN DE ADMISIONES
53697,2021-05-25,2021-08-31,1,DIRECCIÓN DE ADMISIONES
53697,2021-10-11,2021-12-31,1,DIRECCIÓN DE ADMISIONES
53697,2014-10-01,2016-12-31,3,DESCONOCIDA
53697,2017-01-01,2019-02-22,3,FACULTAD DE CIENCIAS NATURALES Y MATEMÁTICAS
53697,2023-05-29,,14,DIRECCIÓN DE ADMISIONES
53811,2015-10-20,2016-02-26,1,FACULTAD DE CIENCIAS NATURALES Y MATEMÁTICAS
53811,2020-06-01,,22,FACULTAD DE CIENCIAS NATURALES Y MATEMÁTICAS
53814,2012-04-01,2014-03-31,3,DESCONOCIDA
53814,2024-01-02,,13,FACULTAD DE INGENIERÍA MARÍTIMA Y CIENCIAS DEL MAR
53840,2015-02-01,,36,DIRECCIÓN DE SERVICIOS GENERALES
53840,2016-11-01,2016-11-01,1,DESCONOCIDA
53856,2012-01-01,2012-12-31,1,DESCONOCIDA
53856,2017-08-01,,29,FACULTAD DE CIENCIAS DE LA VIDA
53860,2015-11-19,2016-02-28,1,FACULTAD DE INGENIERÍA EN CIENCIAS DE LA TIERRA
53860,2016-10-10,2017-03-17,2,FACULTAD DE INGENIERÍA EN CIENCIAS DE LA TIERRA
53860,2017-05-02,2017-09-22,1,FACULTAD DE INGENIERÍA EN CIENCIAS DE LA TIERRA
53860,2017-10-04,2018-03-02,2,FACULTAD DE INGENIERÍA EN CIENCIAS DE LA TIERRA
53860,2018-05-02,2018-09-21,1,FACULTAD DE INGENIERÍA EN CIENCIAS DE LA TIERRA
53860,2018-10-01,2020-09-30,5,FACULTAD DE INGENIERÍA EN CIENCIAS DE LA TIERRA
53888,2015-01-01,2016-08-31,2,FACULTAD DE INGENIERÍA EN CIENCIAS DE LA TIERRA
53888,2017-10-01,,24,FACULTAD DE INGENIERÍA EN CIENCIAS DE LA TIERRA
53888,2016-09-01,2016-09-01,1,DESCONOCIDA
53915,2022-02-01,,40,GERENCIA DE TECNOLOGÍAS Y SISTEMAS DE INFORMACIÓN
54091,2012-05-01,2013-12-31,2,DESCONOCIDA
54091,2015-06-01,2016-04-01,2,DESCONOCIDA
54091,2016-08-01,2016-08-01,1,DESCONOCIDA
54091,2016-04-01,2022-01-31,9,UNIDAD DE VINCULACIÓN CON LA SOCIEDAD
54091,2022-02-01,,32,DECANATO DE VINCULACIÓN
54155,2013-06-03,2015-06-16,3,DESCONOCIDA
54155,2015-09-21,2015-09-21,1,DESCONOCIDA
54155,2015-06-01,2015-09-20,1,FACULTAD DE CIENCIAS SOCIALES Y HUMANÍSTICAS
54155,2016-10-01,2016-12-31,1,DESCONOCIDA
54155,2017-05-01,,30,FACULTAD DE CIENCIAS SOCIALES Y HUMANÍSTICAS
54155,2017-01-01,2017-04-30,1,FACULTAD DE CIENCIAS NATURALES Y MATEMÁTICAS
54246,2017-01-03,2017-12-31,1,DESCONOCIDA
54358,2021-01-18,2021-12-31,1,VICERRECTORADO ACADÉMICO
54358,2022-01-01,,35,DIRECCIÓN DE LA SECRETARÍA TÉCNICA ACADEMICA
54460,2019-03-01,,22,DIRECCIÓN DE SERVICIOS GENERALES
54568,2012-01-01,2014-12-31,3,DESCONOCIDA
54568,2020-03-01,2020-03-01,1,DESCONOCIDA
54568,2018-03-01,2021-07-19,8,CENTRO DE INVESTIGACIONES BIOTECNOLÓGICAS DEL ECUADOR
54577,2012-01-01,2014-12-31,3,DESCONOCIDA
54577,2016-08-01,2016-08-01,1,DESCONOCIDA
54577,2021-09-05,2021-09-05,1,DESCONOCIDA
54577,2015-01-01,2021-09-04,5,CENTRO DE INVESTIGACIONES BIOTECNOLÓGICAS DEL ECUADOR
54603,2018-05-01,2018-09-21,1,FACULTAD DE INGENIERÍA EN ELECTRICIDAD Y COMPUTACIÓN
54603,2018-10-01,2019-02-22,2,FACULTAD DE INGENIERÍA EN ELECTRICIDAD Y COMPUTACIÓN
54603,2019-05-13,2019-09-20,1,CENTRO DE EMPRENDIMIENTO E INNOVACIÓN I3LAB
54699,2018-12-10,,43,GERENCIA DE TECNOLOGÍAS Y SISTEMAS DE INFORMACIÓN
54701,2016-10-17,2016-12-31,1,FACULTAD DE INGENIERÍA EN ELECTRICIDAD Y COMPUTACIÓN
54701,2013-01-01,2014-12-31,1,DESCONOCIDA
54701,2017-05-08,,24,FACULTAD DE INGENIERÍA EN ELECTRICIDAD Y COMPUTACIÓN
54701,2017-01-03,2017-12-31,2,GERENCIA DE TECNOLOGÍAS Y SISTEMAS DE INFORMACIÓN
54706,2017-01-01,2017-09-15,1,CENTRO DE TECNOLOGÍAS DE LA INFORMACIÓN
54706,2019-01-01,2019-04-30,1,CENTRO DE TECNOLOGÍAS DE LA INFORMACIÓN
54706,2016-08-01,2016-12-31,1,DESCONOCIDA
54706,2020-01-01,2020-08-14,3,CENTRO DE TECNOLOGÍAS DE LA INFORMACIÓN
54744,2015-05-01,2016-09-23,2,FACULTAD DE INGENIERÍA EN CIENCIAS DE LA TIERRA
54744,2018-01-01,,38,FACULTAD DE INGENIERÍA EN CIENCIAS DE LA TIERRA
54744,2017-04-26,2017-12-31,1,DESCONOCIDA
54761,2013-05-01,2014-12-31,1,DESCONOCIDA
54761,2015-01-01,2015-04-30,1,GERENCIA DE TECNOLOGÍAS Y SISTEMAS DE INFORMACIÓN
54761,2015-06-01,2015-10-19,2,DESCONOCIDA
54761,2015-10-19,,38,GERENCIA DE TECNOLOGÍAS Y SISTEMAS DE INFORMACIÓN
54841,2017-01-01,2017-03-31,1,FACULTAD DE INGENIERÍA EN CIENCIAS DE LA TIERRA
54841,2018-01-31,2018-02-11,1,FACULTAD DE INGENIERÍA EN CIENCIAS DE LA TIERRA
54841,2017-04-01,2018-08-15,2,DESCONOCIDA
54845,2015-06-15,2016-04-12,1,FACULTAD DE INGENIERÍA MECÁNICA Y CIENCIAS DE LA PRODUCCIÓN
54845,2017-01-01,2021-02-19,9,FACULTAD DE INGENIERÍA MECÁNICA Y CIENCIAS DE LA PRODUCCIÓN
54845,2016-04-13,2016-12-31,1,DESCONOCIDA
54860,2019-03-01,,40,DIRECCIÓN DE TALENTO HUMANO
54860,2021-03-15,2021-03-26,1,GERENCIA DE PLANIFICACIÓN ESTRATÉGICA
55101,2023-10-17,2023-12-31,2,ESCUELA DE POSTGRADO EN ADMINISTRACIÓN DE EMPRESAS
55101,2024-01-04,,10,ESCUELA DE POSTGRADO EN ADMINISTRACIÓN DE EMPRESAS
55104,2015-05-01,2016-04-12,1,FACULTAD DE INGENIERÍA EN ELECTRICIDAD Y COMPUTACIÓN
55104,2017-01-01,2023-07-25,17,FACULTAD DE INGENIERÍA EN ELECTRICIDAD Y COMPUTACIÓN
55104,2016-04-13,2016-12-31,1,DESCONOCIDA
55173,2015-12-10,2016-07-31,3,DESCONOCIDA
55173,2016-08-01,2024-01-31,41,CENTRO DE INVESTIGACIONES Y SERVICIOS EDUCATIVOS
55173,2024-02-01,,13,FACULTAD DE INGENIERÍA EN ELECTRICIDAD Y COMPUTACIÓN
55230,2014-10-01,2016-12-31,3,DESCONOCIDA
55230,2017-01-01,2024-02-16,13,FACULTAD DE INGENIERÍA MECÁNICA Y CIENCIAS DE LA PRODUCCIÓN
55666,2016-05-01,2016-09-15,1,GERENCIA DE TECNOLOGÍAS Y SISTEMAS DE INFORMACIÓN
55666,2020-03-30,2020-04-03,1,DECANATO DE POSGRADO
55666,2013-06-01,2015-05-31,2,DESCONOCIDA
55666,2018-06-01,2020-12-31,3,GERENCIA DE TECNOLOGÍAS Y SISTEMAS DE INFORMACIÓN
55666,2021-01-01,2026-05-11,45,DECANATO DE POSGRADO
55666,2026-05-11,,1,FACULTAD DE CIENCIAS NATURALES Y MATEMÁTICAS
55699,2025-09-29,2026-02-13,2,FACULTAD DE INGENIERÍA EN CIENCIAS DE LA TIERRA
55731,2015-01-01,2016-05-11,1,FACULTAD DE INGENIERÍA EN ELECTRICIDAD Y COMPUTACIÓN
55731,2014-05-12,2014-12-31,1,DESCONOCIDA
55731,2021-11-09,2022-05-31,2,FACULTAD DE INGENIERÍA EN ELECTRICIDAD Y COMPUTACIÓN
55735,2018-01-15,2019-07-31,2,RECTORADO
55735,2023-05-15,2023-06-30,1,FACULTAD DE INGENIERÍA MECÁNICA Y CIENCIAS DE LA PRODUCCIÓN
55753,2021-05-17,2021-09-24,1,FACULTAD DE INGENIERÍA MECÁNICA Y CIENCIAS DE LA PRODUCCIÓN
55753,2015-01-01,2016-04-12,1,DESCONOCIDA
55753,2016-04-13,2016-05-31,1,FACULTAD DE CIENCIAS NATURALES Y MATEMÁTICAS
55753,2021-10-04,,15,FACULTAD DE INGENIERÍA MECÁNICA Y CIENCIAS DE LA PRODUCCIÓN
55772,2013-11-01,2014-12-31,3,DESCONOCIDA
55772,2015-01-01,2016-07-31,2,GERENCIA DE PLANIFICACIÓN ESTRATÉGICA
55772,2016-08-01,2016-10-31,2,DESCONOCIDA
55772,2016-11-01,2020-12-31,8,GERENCIA DE PLANIFICACIÓN ESTRATÉGICA
55772,2021-01-01,,41,GERENCIA DE TECNOLOGÍAS Y SISTEMAS DE INFORMACIÓN
55814,2015-01-01,2015-03-13,1,FACULTAD DE INGENIERÍA MECÁNICA Y CIENCIAS DE LA PRODUCCIÓN
55814,2014-10-01,2014-12-31,1,DESCONOCIDA
55814,2019-11-01,,22,FACULTAD DE INGENIERÍA MECÁNICA Y CIENCIAS DE LA PRODUCCIÓN
55817,2021-05-25,2021-08-31,1,DIRECCIÓN DE ADMISIONES
55817,2021-10-11,2021-12-31,1,DIRECCIÓN DE ADMISIONES
55817,2023-05-29,,8,DIRECCIÓN DE ADMISIONES
55819,2015-02-01,,34,GERENCIA FINANCIERA
55819,2016-07-01,2016-07-01,1,DESCONOCIDA
56170,2021-10-04,2022-02-18,2,FACULTAD DE INGENIERÍA MECÁNICA Y CIENCIAS DE LA PRODUCCIÓN
56180,2018-10-01,2020-09-30,5,FACULTAD DE INGENIERÍA EN ELECTRICIDAD Y COMPUTACIÓN
56189,2024-05-22,2024-09-20,1,FACULTAD DE INGENIERÍA MECÁNICA Y CIENCIAS DE LA PRODUCCIÓN
56189,2024-09-30,2025-02-14,3,FACULTAD DE INGENIERÍA MECÁNICA Y CIENCIAS DE LA PRODUCCIÓN
56189,2025-05-12,,6,FACULTAD DE INGENIERÍA MECÁNICA Y CIENCIAS DE LA PRODUCCIÓN
56233,2017-10-04,2018-03-02,2,FACULTAD DE CIENCIAS NATURALES Y MATEMÁTICAS
56233,2018-05-01,2022-02-18,9,FACULTAD DE CIENCIAS NATURALES Y MATEMÁTICAS
56408,2013-02-01,2015-01-31,3,DESCONOCIDA
56408,2016-08-01,2016-10-31,1,DESCONOCIDA
56408,2016-11-01,,17,CENTRO DE INVESTIGACIONES BIOTECNOLÓGICAS DEL ECUADOR
56412,2016-08-01,2021-12-30,7,CENTRO DE INVESTIGACIONES BIOTECNOLÓGICAS DEL ECUADOR
56412,2021-12-31,2021-12-31,1,DESCONOCIDA
56413,2017-01-01,2017-12-31,1,DECANATO DE INVESTIGACIÓN
56413,2018-01-01,2020-02-21,5,FACULTAD DE CIENCIAS DE LA VIDA
56413,2016-07-01,2016-12-31,2,DESCONOCIDA
56413,2023-03-01,2023-12-31,2,DECANATO DE INVESTIGACIÓN
56413,2025-11-24,,3,FACULTAD DE CIENCIAS DE LA VIDA
56415,2013-07-01,2014-12-31,1,DESCONOCIDA
56415,2015-01-01,2016-08-01,3,CENTRO DE INVESTIGACIONES BIOTECNOLÓGICAS DEL ECUADOR
56415,2016-08-01,2016-10-31,1,DESCONOCIDA
56415,2016-11-01,,38,CENTRO DE INVESTIGACIONES BIOTECNOLÓGICAS DEL ECUADOR
56431,2016-01-01,2021-07-07,6,DIRECCIÓN DE ADQUISICIONES Y SUMINISTROS
56431,2022-01-03,2022-01-07,1,DIRECCIÓN DE ADQUISICIONES Y SUMINISTROS
56431,2021-07-08,2022-02-28,2,GERENCIA ADMINISTRATIVA
56431,2022-03-01,,38,GERENCIA FINANCIERA
56529,2019-04-01,,35,"CENTRO DE INVESTIGACIÓN, DESARROLLO E INNOVACIÓN DE SISTEMAS COMPUTACIONALES"
56532,2024-12-09,,4,ESCUELA DE POSTGRADO EN ADMINISTRACIÓN DE EMPRESAS
56538,2023-05-10,2023-12-31,1,CENTRO DE INVESTIGACIONES BIOTECNOLÓGICAS DEL ECUADOR
56567,2018-10-01,2019-02-22,2,FACULTAD DE INGENIERÍA MECÁNICA Y CIENCIAS DE LA PRODUCCIÓN
56567,2019-05-13,2019-09-20,1,FACULTAD DE INGENIERÍA MECÁNICA Y CIENCIAS DE LA PRODUCCIÓN
56567,2021-01-01,2021-02-19,1,FACULTAD DE INGENIERÍA MECÁNICA Y CIENCIAS DE LA PRODUCCIÓN
56567,2020-10-01,2020-12-31,1,DESCONOCIDA
56607,2013-02-01,2014-06-30,1,DESCONOCIDA
56607,2016-10-01,2016-12-31,1,DESCONOCIDA
56607,2017-01-01,2019-01-23,3,ESCUELA DE DISEÑO Y COMUNICACIÓN VISUAL
56607,2019-01-24,,25,"FACULTAD DE ARTE, DISEÑO Y COMUNICACIÓN AUDIOVISUAL"
56628,2020-03-05,,28,FACULTAD DE INGENIERÍA EN CIENCIAS DE LA TIERRA
56639,2017-04-17,2017-12-31,1,DESCONOCIDA
56639,2018-01-01,,25,FACULTAD DE CIENCIAS NATURALES Y MATEMÁTICAS
56743,2018-01-01,2024-02-16,19,FACULTAD DE CIENCIAS DE LA VIDA
56743,2024-02-19,2025-02-14,7,FACULTAD DE CIENCIAS DE LA VIDA
56743,2015-10-05,2017-12-31,2,DESCONOCIDA
56743,2025-05-12,,3,FACULTAD DE CIENCIAS DE LA VIDA
56796,2015-01-01,2017-09-30,4,DESCONOCIDA
56796,2020-03-03,2020-03-03,1,DESCONOCIDA
56796,2017-10-01,,52,CENTRO DE INVESTIGACIONES Y SERVICIOS EDUCATIVOS
56798,2016-05-02,2016-12-31,1,DESCONOCIDA
56798,2017-01-01,2019-01-23,3,ESCUELA DE DISEÑO Y COMUNICACIÓN VISUAL
56798,2019-01-24,2020-02-21,2,"FACULTAD DE ARTE, DISEÑO Y COMUNICACIÓN AUDIOVISUAL"
56809,2023-05-22,2025-12-31,8,"FACULTAD DE ARTE, DISEÑO Y COMUNICACIÓN AUDIOVISUAL"
56825,2014-06-01,2015-12-31,2,DESCONOCIDA
56825,2016-01-01,2016-12-31,1,GERENCIA DE COMUNICACIÓN SOCIAL Y ASUNTOS PÚBLICOS
56825,2017-01-01,2018-12-31,2,DESCONOCIDA
56825,2019-01-01,2022-12-31,6,GERENCIA DE COMUNICACIÓN SOCIAL Y ASUNTOS PÚBLICOS
56825,2023-01-01,,16,GERENCIA DE COMUNICACIÓN
56893,2015-09-14,2015-12-31,1,GERENCIA DE TECNOLOGÍAS Y SISTEMAS DE INFORMACIÓN
56893,2016-08-01,,45,GERENCIA DE TECNOLOGÍAS Y SISTEMAS DE INFORMACIÓN
56893,2016-01-01,2016-07-31,2,DESCONOCIDA
56935,2023-10-16,2023-12-31,2,FACULTAD DE INGENIERÍA EN CIENCIAS DE LA TIERRA
56959,2015-01-01,2015-12-01,1,DESCONOCIDA
56959,2015-12-02,2016-04-30,1,GERENCIA FINANCIERA
56959,2016-05-01,2016-07-31,2,DESCONOCIDA
56959,2016-08-01,2022-01-01,9,GERENCIA FINANCIERA
56978,2015-06-01,2015-12-31,2,DIRECCIÓN DE LA SECRETARÍA TÉCNICA DE ASEGURAMIENTO DE LA CALIDAD DE LA EDUCACIÓN SUPERIOR
56978,2014-01-01,2015-05-31,2,DESCONOCIDA
56978,2016-04-01,2020-08-05,4,DIRECCIÓN DE LA SECRETARÍA TÉCNICA DE ASEGURAMIENTO DE LA CALIDAD DE LA EDUCACIÓN SUPERIOR
56978,2016-01-01,2016-03-31,1,FACULTAD DE INGENIERÍA EN ELECTRICIDAD Y COMPUTACIÓN
56978,2020-08-06,2024-12-08,18,SECRETARÍA TÉCNICA DE ASEGURAMIENTO DE LA CALIDAD
56978,2024-12-09,,18,ESCUELA DE POSTGRADO EN ADMINISTRACIÓN DE EMPRESAS
57012,2018-06-04,2018-06-15,1,GERENCIA FINANCIERA
57012,2019-05-27,2019-06-07,1,GERENCIA FINANCIERA
57012,2017-01-01,2019-08-19,2,DESCONOCIDA
57012,2019-08-20,,35,GERENCIA FINANCIERA
57062,2021-10-04,2024-04-08,8,FACULTAD DE INGENIERÍA EN CIENCIAS DE LA TIERRA
57062,2024-05-13,2025-02-14,3,FACULTAD DE INGENIERÍA EN CIENCIAS DE LA TIERRA
57062,2025-05-21,2026-02-13,3,FACULTAD DE INGENIERÍA EN CIENCIAS DE LA TIERRA
57062,2026-05-11,,1,FACULTAD DE INGENIERÍA EN CIENCIAS DE LA TIERRA
57074,2023-11-01,2026-07-31,24,DIRECCIÓN DE SOSTENIBILIDAD
57074,2026-08-03,2026-08-09,2,DIRECCIÓN DE SOSTENIBILIDAD
57074,2026-08-01,,1,GERENCIA ADMINISTRATIVA
57135,2023-05-15,2024-02-18,4,FACULTAD DE CIENCIAS NATURALES Y MATEMÁTICAS
57143,2022-01-03,2022-02-18,1,FACULTAD DE INGENIERÍA EN CIENCIAS DE LA TIERRA
57143,2022-05-18,2025-02-14,11,FACULTAD DE INGENIERÍA EN CIENCIAS DE LA TIERRA
57143,2025-05-12,2025-09-21,1,FACULTAD DE INGENIERÍA EN CIENCIAS DE LA TIERRA
57143,2025-09-29,2026-02-13,3,FACULTAD DE INGENIERÍA EN CIENCIAS DE LA TIERRA
57181,2021-05-17,2021-09-24,1,FACULTAD DE INGENIERÍA MECÁNICA Y CIENCIAS DE LA PRODUCCIÓN
57181,2021-10-04,2022-02-18,2,FACULTAD DE INGENIERÍA MECÁNICA Y CIENCIAS DE LA PRODUCCIÓN
57181,2022-06-06,2022-09-23,1,FACULTAD DE INGENIERÍA MECÁNICA Y CIENCIAS DE LA PRODUCCIÓN
57181,2022-10-03,2023-02-17,3,FACULTAD DE INGENIERÍA MECÁNICA Y CIENCIAS DE LA PRODUCCIÓN
57181,2023-05-15,2024-12-31,4,FACULTAD DE INGENIERÍA MECÁNICA Y CIENCIAS DE LA PRODUCCIÓN
57181,2025-05-27,,3,FACULTAD DE INGENIERÍA MECÁNICA Y CIENCIAS DE LA PRODUCCIÓN
57199,2015-01-01,2015-04-30,1,FACULTAD DE INGENIERÍA EN ELECTRICIDAD Y COMPUTACIÓN
57199,2017-01-01,2018-08-28,3,FACULTAD DE INGENIERÍA EN ELECTRICIDAD Y COMPUTACIÓN
57199,2024-10-08,2025-02-14,2,FACULTAD DE INGENIERÍA EN ELECTRICIDAD Y COMPUTACIÓN
57199,2016-04-13,2016-12-31,1,DESCONOCIDA
57199,2025-05-19,,4,FACULTAD DE INGENIERÍA MECÁNICA Y CIENCIAS DE LA PRODUCCIÓN
57204,2019-05-01,,29,FACULTAD DE INGENIERÍA EN ELECTRICIDAD Y COMPUTACIÓN
57365,2025-05-05,,3,DIRECCIÓN DE ADMISIONES
57394,2021-05-17,2022-02-28,2,FACULTAD DE INGENIERÍA MECÁNICA Y CIENCIAS DE LA PRODUCCIÓN
57406,2013-09-02,2013-12-31,1,DESCONOCIDA
57406,2015-01-01,2016-07-31,2,CENTRO DE INVESTIGACIONES BIOTECNOLÓGICAS DEL ECUADOR
57406,2016-08-01,2016-10-31,2,DESCONOCIDA
57406,2020-11-09,2020-11-09,1,DESCONOCIDA
57406,2016-11-01,2020-11-08,4,CENTRO DE INVESTIGACIONES BIOTECNOLÓGICAS DEL ECUADOR
57503,2025-05-12,2026-02-13,4,FACULTAD DE INGENIERÍA EN ELECTRICIDAD Y COMPUTACIÓN
57503,2026-03-05,,2,FACULTAD DE INGENIERÍA EN ELECTRICIDAD Y COMPUTACIÓN
57573,2017-01-01,2017-03-31,1,DESCONOCIDA
57573,2017-04-01,2023-02-28,11,CENTRO DE INVESTIGACIONES BIOTECNOLÓGICAS DEL ECUADOR
57573,2023-03-01,,30,FACULTAD DE CIENCIAS NATURALES Y MATEMÁTICAS
57586,2018-03-15,2019-08-19,2,CENTRO DE INFORMACIÓN BIBLIOTECARIA
57586,2019-08-20,2019-08-20,1,DESCONOCIDA
57586,2019-08-20,2024-01-31,10,GERENCIA FINANCIERA
57586,2024-02-01,,18,CENTRO DE EMPRENDIMIENTO E INNOVACIÓN I3LAB
57640,2013-06-03,2014-12-31,1,DESCONOCIDA
57640,2015-01-01,2016-12-31,2,FACULTAD DE INGENIERÍA MARÍTIMA Y CIENCIAS DEL MAR
57640,2017-01-01,2017-03-31,1,"FACULTAD DE INGENIERIA MARÍTIMA, CIENCIAS BIOLÓGICAS, OCEÁNICAS Y RECURSOS NATURALES"
57640,2018-03-19,2018-03-29,1,"FACULTAD DE INGENIERIA MARÍTIMA, CIENCIAS BIOLÓGICAS, OCEÁNICAS Y RECURSOS NATURALES"
57640,2017-01-01,2017-01-01,1,DESCONOCIDA
57640,2017-04-01,2019-01-23,5,FACULTAD DE INGENIERÍA MARÍTIMA Y CIENCIAS DEL MAR
57640,2019-02-27,2019-03-22,1,FACULTAD DE INGENIERÍA MARÍTIMA Y CIENCIAS DEL MAR
57640,2019-09-16,2019-09-20,1,FACULTAD DE INGENIERÍA MARÍTIMA Y CIENCIAS DEL MAR
57640,2020-03-16,2020-03-31,1,FACULTAD DE INGENIERÍA MARÍTIMA Y CIENCIAS DEL MAR
57640,2021-07-27,2021-09-17,2,FACULTAD DE INGENIERÍA MARÍTIMA Y CIENCIAS DEL MAR
57640,2019-01-24,2021-11-30,1,DESCONOCIDA
57640,2021-12-01,,23,FACULTAD DE INGENIERÍA MARÍTIMA Y CIENCIAS DEL MAR
57640,2018-05-23,2018-06-07,2,"FACULTAD DE INGENIERIA MARÍTIMA, CIENCIAS BIOLÓGICAS, OCEÁNICAS Y RECURSOS NATURALES"
57642,2015-01-01,2015-12-31,1,DESCONOCIDA
57642,2016-08-01,2016-10-31,1,DESCONOCIDA
57642,2016-11-01,2020-10-20,7,GERENCIA DE TECNOLOGÍAS Y SISTEMAS DE INFORMACIÓN
57652,2017-01-01,2018-04-03,2,CENTRO DE TECNOLOGÍAS DE LA INFORMACIÓN
57652,2016-01-01,2016-12-31,1,DESCONOCIDA
57652,2019-01-01,2020-07-19,4,CENTRO DE TECNOLOGÍAS DE LA INFORMACIÓN
57700,2024-09-30,2025-02-14,2,FACULTAD DE INGENIERÍA EN ELECTRICIDAD Y COMPUTACIÓN
57729,2024-10-07,,8,FACULTAD DE CIENCIAS NATURALES Y MATEMÁTICAS
57817,2023-06-15,2023-11-10,1,FACULTAD DE CIENCIAS SOCIALES Y HUMANÍSTICAS
57821,2015-01-01,2015-01-31,1,GERENCIA DE COMUNICACIÓN
57821,2013-02-01,2013-12-31,1,DESCONOCIDA
57821,2016-04-01,2016-04-01,1,DESCONOCIDA
57821,2016-01-01,2016-12-31,1,GERENCIA DE COMUNICACIÓN SOCIAL Y ASUNTOS PÚBLICOS
57821,2019-01-01,2020-12-31,2,GERENCIA DE COMUNICACIÓN SOCIAL Y ASUNTOS PÚBLICOS
57821,2022-06-13,2022-06-13,1,GERENCIA DE COMUNICACIÓN SOCIAL Y ASUNTOS PÚBLICOS
57821,2022-08-15,2022-08-26,1,GERENCIA DE COMUNICACIÓN SOCIAL Y ASUNTOS PÚBLICOS
57821,2022-12-05,2022-12-05,1,GERENCIA DE COMUNICACIÓN SOCIAL Y ASUNTOS PÚBLICOS
57821,2022-12-27,2022-12-30,1,GERENCIA DE COMUNICACIÓN SOCIAL Y ASUNTOS PÚBLICOS
57821,2023-02-24,2023-02-24,1,GERENCIA DE COMUNICACIÓN SOCIAL Y ASUNTOS PÚBLICOS
57821,2023-04-14,2023-04-14,1,GERENCIA DE COMUNICACIÓN SOCIAL Y ASUNTOS PÚBLICOS
57821,2023-05-02,2023-05-12,1,GERENCIA DE COMUNICACIÓN SOCIAL Y ASUNTOS PÚBLICOS
57821,2017-01-01,2018-12-31,2,DESCONOCIDA
57821,2015-04-01,2024-04-30,7,GERENCIA DE COMUNICACIÓN
57821,2023-08-03,2023-08-04,1,GERENCIA DE COMUNICACIÓN SOCIAL Y ASUNTOS PÚBLICOS
57960,2024-02-19,,6,"FACULTAD DE ARTE, DISEÑO Y COMUNICACIÓN AUDIOVISUAL"
58108,2022-04-01,2024-12-09,6,GERENCIA DE TECNOLOGÍAS Y SISTEMAS DE INFORMACIÓN
58108,2024-12-09,,9,ESCUELA DE POSTGRADO EN ADMINISTRACIÓN DE EMPRESAS
58137,2021-08-02,2024-09-01,18,FACULTAD DE INGENIERÍA EN CIENCIAS DE LA TIERRA
58143,2021-12-13,2021-12-23,1,FACULTAD DE INGENIERÍA MARÍTIMA Y CIENCIAS DEL MAR
58154,2017-01-01,2017-01-01,1,DESCONOCIDA
58154,2018-03-05,2018-03-29,1,FACULTAD DE CIENCIAS SOCIALES Y HUMANÍSTICAS
58154,2019-04-08,2019-05-02,1,FACULTAD DE CIENCIAS SOCIALES Y HUMANÍSTICAS
58154,2019-07-08,2019-07-12,1,FACULTAD DE CIENCIAS SOCIALES Y HUMANÍSTICAS
58154,2021-03-15,2021-04-01,1,FACULTAD DE CIENCIAS SOCIALES Y HUMANÍSTICAS
58154,2021-09-27,2021-10-01,1,FACULTAD DE CIENCIAS SOCIALES Y HUMANÍSTICAS
58154,2016-03-01,2017-03-31,2,FACULTAD DE INGENIERÍA EN CIENCIAS DE LA TIERRA
58154,2017-04-01,2021-11-30,2,DESCONOCIDA
58154,2021-12-01,,30,FACULTAD DE CIENCIAS SOCIALES Y HUMANÍSTICAS
58345,2024-11-15,2024-12-31,1,DIRECCIÓN DE ADMISIONES
58345,2025-03-05,,4,DIRECCIÓN DE ADMISIONES
58382,2023-12-01,2024-12-31,5,FACULTAD DE CIENCIAS DE LA VIDA
58382,2025-02-03,,11,FACULTAD DE CIENCIAS DE LA VIDA
58429,2015-07-27,,61,FACULTAD DE INGENIERÍA EN ELECTRICIDAD Y COMPUTACIÓN
58491,2007-11-05,2008-02-15,1,DESCONOCIDA
58491,2008-02-18,2010-12-31,5,DESCONOCIDA
58491,2018-04-02,2018-04-26,1,DIRECCIÓN DE TALENTO HUMANO
58491,2011-04-01,2020-11-01,12,DESCONOCIDA
58491,2019-03-26,2019-03-29,1,DIRECCIÓN DE TALENTO HUMANO
58491,2020-02-20,2020-03-05,1,DIRECCIÓN DE SEGURIDAD Y SALUD OCUPACIONAL
58517,2002-10-01,2003-12-31,2,DESCONOCIDA
58517,2008-01-02,2014-12-31,6,DESCONOCIDA
58517,2015-01-01,2025-09-19,15,DIRECCIÓN DE SERVICIOS GENERALES
58517,2024-08-01,2025-09-18,1,DIRECCIÓN DE ADQUISICIONES
58517,2025-09-19,,6,GERENCIA ADMINISTRATIVA
58543,2008-04-14,2015-12-31,4,DESCONOCIDA
58543,2016-01-01,2016-12-31,1,DIRECCIÓN DE SERVICIOS GENERALES
58543,2017-01-01,2018-12-31,2,DESCONOCIDA
58543,2019-01-01,,29,DIRECCIÓN DE SERVICIOS GENERALES
58595,2014-05-12,2015-02-13,2,DESCONOCIDA
58595,2017-10-04,2026-12-31,32,FACULTAD DE CIENCIAS NATURALES Y MATEMÁTICAS
58609,2021-10-04,,21,FACULTAD DE INGENIERÍA EN ELECTRICIDAD Y COMPUTACIÓN
58621,2015-01-01,2015-05-31,1,DIRECCIÓN DE ADQUISICIONES Y SUMINISTROS
58621,2013-09-25,2014-12-31,1,DESCONOCIDA
58621,2016-02-01,2016-11-01,2,DIRECCIÓN DE ADQUISICIONES Y SUMINISTROS
58621,2017-02-01,2021-07-07,4,DIRECCIÓN DE ADQUISICIONES Y SUMINISTROS
58621,2016-11-01,2017-01-31,1,DESCONOCIDA
58621,2021-09-24,2021-09-24,1,DIRECCIÓN DE ADQUISICIONES Y SUMINISTROS
58621,2015-06-01,2016-01-31,1,GERENCIA DE INFRAESTRUCTURA FÍSICA
58621,2021-07-08,,22,DIRECCIÓN DE ADQUISICIONES
58627,2017-04-26,2020-02-21,5,FACULTAD DE CIENCIAS NATURALES Y MATEMÁTICAS
58629,2022-05-24,2022-09-23,1,FACULTAD DE INGENIERÍA MECÁNICA Y CIENCIAS DE LA PRODUCCIÓN
58629,2022-10-03,2023-02-17,3,FACULTAD DE INGENIERÍA MECÁNICA Y CIENCIAS DE LA PRODUCCIÓN
58629,2023-06-15,2024-08-31,6,FACULTAD DE INGENIERÍA MECÁNICA Y CIENCIAS DE LA PRODUCCIÓN
58645,2017-08-01,,41,FACULTAD DE INGENIERÍA MECÁNICA Y CIENCIAS DE LA PRODUCCIÓN
58710,2019-11-01,2025-02-14,21,FACULTAD DE INGENIERÍA EN CIENCIAS DE LA TIERRA
58711,2017-04-26,2017-12-31,1,DESCONOCIDA
58711,2018-01-01,2026-04-30,31,FACULTAD DE CIENCIAS NATURALES Y MATEMÁTICAS
58749,2017-01-01,2026-02-13,24,FACULTAD DE INGENIERÍA EN ELECTRICIDAD Y COMPUTACIÓN
58749,2016-05-01,2016-12-31,1,DESCONOCIDA
58749,2026-03-05,,3,FACULTAD DE INGENIERÍA EN ELECTRICIDAD Y COMPUTACIÓN
58795,2021-06-01,2022-02-18,2,FACULTAD DE INGENIERÍA EN CIENCIAS DE LA TIERRA
58795,2022-05-16,2022-09-23,1,FACULTAD DE INGENIERÍA EN CIENCIAS DE LA TIERRA
58795,2022-10-03,2024-02-16,6,FACULTAD DE INGENIERÍA EN CIENCIAS DE LA TIERRA
58795,2024-02-19,2024-03-08,1,FACULTAD DE INGENIERÍA EN CIENCIAS DE LA TIERRA
58795,2024-03-11,2024-04-04,1,FACULTAD DE INGENIERÍA EN CIENCIAS DE LA TIERRA
58795,2024-05-13,2025-02-14,2,FACULTAD DE INGENIERÍA EN CIENCIAS DE LA TIERRA
58819,2015-01-01,2015-12-31,1,FACULTAD DE INGENIERÍA EN ELECTRICIDAD Y COMPUTACIÓN
58819,2014-05-12,2014-12-31,2,DESCONOCIDA
58819,2017-10-12,2024-02-16,16,FACULTAD DE INGENIERÍA EN ELECTRICIDAD Y COMPUTACIÓN
58819,2016-05-09,2016-08-31,1,FACULTAD DE CIENCIAS NATURALES Y MATEMÁTICAS
58823,2017-12-01,2019-12-31,3,GERENCIA ADMINISTRATIVA
58823,2020-01-01,2023-02-01,6,DIRECCIÓN DE SEGURIDAD Y SALUD OCUPACIONAL
58841,2022-02-01,2023-06-10,11,FACULTAD DE CIENCIAS DE LA VIDA
58867,2023-09-20,2023-12-31,1,DIRECCIÓN DE ADMISIONES
58915,2016-05-02,2016-12-31,1,DESCONOCIDA
58915,2017-01-01,2020-02-21,4,FACULTAD DE CIENCIAS SOCIALES Y HUMANÍSTICAS
58939,2023-09-20,2023-12-31,1,DIRECCIÓN DE ADMISIONES
58968,2010-01-01,2010-05-11,1,DESCONOCIDA
58968,2013-01-01,2014-10-31,1,DESCONOCIDA
58968,2015-10-01,2019-03-25,3,FACULTAD DE CIENCIAS DE LA VIDA
58968,2019-04-23,2019-05-03,1,FACULTAD DE CIENCIAS DE LA VIDA
58968,2021-09-28,2021-10-12,1,FACULTAD DE CIENCIAS DE LA VIDA
58968,2022-03-09,2022-03-12,1,FACULTAD DE CIENCIAS DE LA VIDA
58968,2022-04-07,2022-04-13,1,FACULTAD DE CIENCIAS DE LA VIDA
58968,2022-06-23,2022-06-24,1,FACULTAD DE CIENCIAS DE LA VIDA
58968,2022-08-12,2022-08-21,1,FACULTAD DE CIENCIAS DE LA VIDA
58968,2022-09-06,2022-09-12,1,FACULTAD DE CIENCIAS DE LA VIDA
58968,2022-12-27,2022-12-30,1,FACULTAD DE CIENCIAS DE LA VIDA
58968,2023-02-27,2023-03-03,1,FACULTAD DE CIENCIAS DE LA VIDA
58968,2023-07-04,2023-07-05,1,FACULTAD DE CIENCIAS DE LA VIDA
58968,2023-07-12,2023-07-21,1,FACULTAD DE CIENCIAS DE LA VIDA
58968,2023-12-26,2023-12-29,1,FACULTAD DE CIENCIAS DE LA VIDA
58968,2024-02-18,2024-02-25,1,FACULTAD DE CIENCIAS DE LA VIDA
58968,2024-02-29,2024-03-10,1,FACULTAD DE CIENCIAS DE LA VIDA
58968,2024-04-17,2024-04-19,1,FACULTAD DE CIENCIAS DE LA VIDA
58968,2024-05-30,2024-05-31,1,FACULTAD DE CIENCIAS DE LA VIDA
58968,2024-09-23,2024-09-24,1,FACULTAD DE CIENCIAS DE LA VIDA
58968,2025-02-27,2025-03-06,1,FACULTAD DE CIENCIAS DE LA VIDA
58968,2025-06-25,2025-06-27,1,FACULTAD DE CIENCIAS DE LA VIDA
58968,2025-12-26,2025-12-31,1,FACULTAD DE CIENCIAS DE LA VIDA
58968,2026-04-20,2026-04-24,1,FACULTAD DE CIENCIAS DE LA VIDA
58968,2015-08-20,2015-09-30,1,DESCONOCIDA
58968,2014-11-01,2015-08-19,1,FACULTAD DE INGENIERÍA MECÁNICA Y CIENCIAS DE LA PRODUCCIÓN
58968,2026-08-20,,2,FACULTAD DE CIENCIAS DE LA VIDA
59059,2013-01-01,2024-10-31,2,DECANATO DE POSGRADO
59104,2018-05-01,2022-09-25,9,FACULTAD DE INGENIERÍA MECÁNICA Y CIENCIAS DE LA PRODUCCIÓN
59151,2008-05-19,2008-08-26,1,DESCONOCIDA
59151,2009-10-12,2010-03-02,2,DESCONOCIDA
59151,2010-05-17,2013-09-20,5,DESCONOCIDA
59151,2013-10-14,2013-12-31,1,DESCONOCIDA
59151,2018-10-01,2019-01-23,3,"FACULTAD DE INGENIERIA MARÍTIMA, CIENCIAS BIOLÓGICAS, OCEÁNICAS Y RECURSOS NATURALES"
59151,2019-01-24,2022-02-18,7,FACULTAD DE INGENIERÍA MARÍTIMA Y CIENCIAS DEL MAR
59177,2008-05-19,2008-09-26,1,DESCONOCIDA
59177,2008-10-13,2009-03-02,2,DESCONOCIDA
59177,2009-05-18,2010-05-17,1,DESCONOCIDA
59177,2014-10-01,2016-12-31,3,DESCONOCIDA
59177,2017-01-01,,35,FACULTAD DE CIENCIAS SOCIALES Y HUMANÍSTICAS
59216,2018-10-01,2019-09-27,2,FACULTAD DE INGENIERÍA MECÁNICA Y CIENCIAS DE LA PRODUCCIÓN
59216,2021-01-01,2021-02-19,1,FACULTAD DE INGENIERÍA MECÁNICA Y CIENCIAS DE LA PRODUCCIÓN
59216,2021-05-17,2021-09-24,1,FACULTAD DE INGENIERÍA MECÁNICA Y CIENCIAS DE LA PRODUCCIÓN
59216,2021-10-04,2022-02-18,2,FACULTAD DE INGENIERÍA MECÁNICA Y CIENCIAS DE LA PRODUCCIÓN
59216,2022-05-24,2022-09-23,1,FACULTAD DE INGENIERÍA MECÁNICA Y CIENCIAS DE LA PRODUCCIÓN
59216,2022-10-03,2023-02-17,3,FACULTAD DE INGENIERÍA MECÁNICA Y CIENCIAS DE LA PRODUCCIÓN
59217,2014-05-12,2014-12-31,2,DESCONOCIDA
59217,2015-01-01,2016-04-12,1,FACULTAD DE CIENCIAS NATURALES Y MATEMÁTICAS
59217,2016-04-13,2016-12-31,1,DESCONOCIDA
59217,2017-01-01,,27,FACULTAD DE CIENCIAS NATURALES Y MATEMÁTICAS
59225,2023-10-02,,13,FACULTAD DE CIENCIAS NATURALES Y MATEMÁTICAS
59234,2018-01-01,2026-07-23,35,FACULTAD DE CIENCIAS DE LA VIDA
59234,2026-08-18,2026-08-21,1,FACULTAD DE CIENCIAS DE LA VIDA
59234,2015-05-11,2017-12-31,5,DESCONOCIDA
59234,2026-09-01,,5,FACULTAD DE CIENCIAS DE LA VIDA
59237,2025-05-12,,5,FACULTAD DE CIENCIAS DE LA VIDA
59239,2015-05-11,2016-08-19,2,FACULTAD DE INGENIERÍA EN CIENCIAS DE LA TIERRA
59239,2018-11-01,2019-09-20,3,FACULTAD DE INGENIERÍA EN CIENCIAS DE LA TIERRA
59277,2008-08-01,2014-12-31,7,DESCONOCIDA
59277,2015-01-01,,37,GERENCIA FINANCIERA
59450,2025-12-01,,7,GERENCIA DE BIENESTAR POLITÉCNICO
59468,2016-10-30,2017-01-30,1,DESCONOCIDA
59468,2023-10-03,2023-12-31,2,FACULTAD DE INGENIERÍA EN CIENCIAS DE LA TIERRA
59484,2015-06-10,2016-02-25,1,FACULTAD DE INGENIERÍA MECÁNICA Y CIENCIAS DE LA PRODUCCIÓN
59484,2018-12-01,,20,FACULTAD DE INGENIERÍA MECÁNICA Y CIENCIAS DE LA PRODUCCIÓN
59495,2017-01-01,2019-12-31,4,FACULTAD DE CIENCIAS SOCIALES Y HUMANÍSTICAS
59495,2016-10-01,2016-12-31,1,DESCONOCIDA
59495,2020-02-22,,21,FACULTAD DE CIENCIAS SOCIALES Y HUMANÍSTICAS
59495,2020-01-01,2020-02-21,1,CENTRO DE INVESTIGACIONES Y SERVICIOS EDUCATIVOS
59524,2018-07-13,2022-11-07,9,UNIDAD DE BIENESTAR ESTUDIANTIL Y POLITÉCNICO
59524,2016-05-01,2016-12-31,1,DESCONOCIDA
59524,2017-01-01,2018-07-12,2,VICERRECTORADO ACADÉMICO
59524,2022-12-27,2022-12-30,1,UNIDAD DE BIENESTAR ESTUDIANTIL Y POLITÉCNICO
59524,2022-11-08,,40,GERENCIA DE BIENESTAR POLITÉCNICO
59525,2023-05-15,,12,FACULTAD DE CIENCIAS NATURALES Y MATEMÁTICAS
59557,2017-01-01,2019-02-22,3,FACULTAD DE INGENIERÍA EN ELECTRICIDAD Y COMPUTACIÓN
59557,2016-05-01,2016-12-31,1,DESCONOCIDA
59557,2021-10-04,2023-03-08,4,FACULTAD DE INGENIERÍA EN ELECTRICIDAD Y COMPUTACIÓN
59660,2018-05-01,,27,FACULTAD DE INGENIERÍA MECÁNICA Y CIENCIAS DE LA PRODUCCIÓN
59670,2017-10-04,2026-05-09,23,FACULTAD DE INGENIERÍA EN ELECTRICIDAD Y COMPUTACIÓN
59691,2015-05-11,2016-12-31,3,DESCONOCIDA
59691,2023-10-05,2023-12-31,2,FACULTAD DE INGENIERÍA EN CIENCIAS DE LA TIERRA
59752,2014-03-17,2014-12-31,1,DESCONOCIDA
59752,2016-11-01,2016-11-01,1,DESCONOCIDA
59752,2015-01-01,,45,GERENCIA FINANCIERA
59754,2023-10-05,2023-12-31,2,"FACULTAD DE ARTE, DISEÑO Y COMUNICACIÓN AUDIOVISUAL"
59774,2014-08-01,2014-12-31,1,DESCONOCIDA
59774,2015-02-01,2015-12-01,1,"FACULTAD DE INGENIERIA MARÍTIMA, CIENCIAS BIOLÓGICAS, OCEÁNICAS Y RECURSOS NATURALES"
59774,2015-12-02,2017-01-31,3,DESCONOCIDA
59774,2015-01-01,2015-01-31,1,RECTORADO
59774,2018-04-10,2018-04-16,1,RECTORADO
59774,2019-05-20,2019-05-24,1,RECTORADO
59774,2020-01-13,2020-01-17,1,RECTORADO
59774,2020-08-04,2020-08-07,1,RECTORADO
59774,2020-08-11,2020-08-14,1,RECTORADO
59774,2021-07-16,2021-07-16,1,RECTORADO
59774,2021-07-30,2021-07-30,1,RECTORADO
59774,2021-08-11,2021-08-11,1,RECTORADO
59774,2021-09-13,2021-09-28,1,RECTORADO
59774,2021-10-06,2021-10-06,1,RECTORADO
59774,2017-11-13,2021-11-30,3,DESCONOCIDA
59774,2021-12-01,2022-09-14,9,RECTORADO
59774,2017-02-01,2017-11-12,1,"FACULTAD DE INGENIERIA MARÍTIMA, CIENCIAS BIOLÓGICAS, OCEÁNICAS Y RECURSOS NATURALES"
59774,2022-09-15,,39,FACULTAD DE CIENCIAS DE LA VIDA
59788,2024-05-01,,13,GERENCIA FINANCIERA
59794,2015-05-01,2016-12-31,1,ESCUELA DE DISEÑO Y COMUNICACIÓN VISUAL
59794,2018-01-01,2019-01-23,2,ESCUELA DE DISEÑO Y COMUNICACIÓN VISUAL
59794,2017-01-01,2017-12-31,1,DESCONOCIDA
59794,2019-01-24,2022-09-30,7,"FACULTAD DE ARTE, DISEÑO Y COMUNICACIÓN AUDIOVISUAL"
59818,2019-02-01,2021-11-30,6,CENTRO NACIONAL DE ACUICULTURA E INVESTIGACIONES MARINAS
59822,2016-06-01,2016-12-31,1,DESCONOCIDA
59822,2017-01-01,2019-09-27,4,FACULTAD DE INGENIERÍA MECÁNICA Y CIENCIAS DE LA PRODUCCIÓN
59829,2015-01-01,2016-12-31,1,FACULTAD DE INGENIERÍA MECÁNICA Y CIENCIAS DE LA PRODUCCIÓN
59852,2019-08-01,2021-07-07,5,DIRECCIÓN DE ADQUISICIONES Y SUMINISTROS
59852,2021-12-28,2021-12-29,1,DIRECCIÓN DE ADQUISICIONES Y SUMINISTROS
59852,2021-07-08,,17,DIRECCIÓN DE ADQUISICIONES
59853,2017-09-01,,27,FACULTAD DE CIENCIAS SOCIALES Y HUMANÍSTICAS
59904,2014-07-01,2014-12-31,1,DESCONOCIDA
59904,2015-01-01,2016-07-31,3,CENTRO DE DESARROLLO DE EMPRENDEDORES
59904,2016-05-01,2016-05-01,1,DESCONOCIDA
59904,2018-05-01,2018-09-21,1,CENTRO DE DESARROLLO DE EMPRENDEDORES
59904,2023-11-01,,34,OFICINA DE TRANSFERENCIA DE RESULTADOS DE INVESTIGACIÓN - OTRI EN LA ESPOL
59955,2017-01-01,2019-12-31,4,FACULTAD DE INGENIERÍA EN ELECTRICIDAD Y COMPUTACIÓN
59955,2016-10-10,2016-12-31,1,DESCONOCIDA
59955,2020-02-22,2025-04-15,20,FACULTAD DE INGENIERÍA EN ELECTRICIDAD Y COMPUTACIÓN
59955,2020-01-01,2020-02-21,1,DIRECCIÓN DE ADMISIONES
59958,2013-01-01,2014-11-30,1,DESCONOCIDA
59958,2015-10-05,2015-10-09,1,DESCONOCIDA
59958,2016-03-01,2016-05-31,2,DESCONOCIDA
59958,2014-12-01,2015-02-28,1,FACULTAD DE CIENCIAS SOCIALES Y HUMANÍSTICAS
59958,2017-05-02,2017-09-22,1,FACULTAD DE CIENCIAS SOCIALES Y HUMANÍSTICAS
59958,2017-10-04,2018-03-02,3,FACULTAD DE CIENCIAS SOCIALES Y HUMANÍSTICAS
59958,2018-05-02,2018-09-21,1,FACULTAD DE CIENCIAS SOCIALES Y HUMANÍSTICAS
59958,2018-10-01,2019-02-22,2,FACULTAD DE CIENCIAS SOCIALES Y HUMANÍSTICAS
59958,2016-10-10,2018-11-01,3,DESCONOCIDA
59958,2021-03-01,2021-03-01,1,DESCONOCIDA
59958,2019-05-13,2019-09-20,1,FACULTAD DE CIENCIAS SOCIALES Y HUMANÍSTICAS
59958,2015-03-01,2016-02-29,1,DIRECCIÓN DE SERVICIOS GENERALES
59958,2016-06-01,2021-02-28,3,GERENCIA FINANCIERA
59964,2015-01-01,2016-04-12,1,FACULTAD DE INGENIERÍA EN CIENCIAS DE LA TIERRA
59964,2016-04-13,2016-09-19,1,DESCONOCIDA
59988,2020-01-01,2020-02-21,1,DIRECCIÓN DE ADMISIONES
59988,2018-05-01,2019-12-31,3,FACULTAD DE CIENCIAS NATURALES Y MATEMÁTICAS
59988,2022-05-16,,11,FACULTAD DE CIENCIAS NATURALES Y MATEMÁTICAS
59988,2021-05-25,2021-12-31,1,DIRECCIÓN DE ADMISIONES
60020,2017-12-01,2023-09-22,16,FACULTAD DE INGENIERÍA MECÁNICA Y CIENCIAS DE LA PRODUCCIÓN
60112,2021-05-17,2025-02-14,10,FACULTAD DE INGENIERÍA MECÁNICA Y CIENCIAS DE LA PRODUCCIÓN
60114,2020-02-22,2020-09-30,2,FACULTAD DE CIENCIAS NATURALES Y MATEMÁTICAS
60114,2016-02-01,2016-08-15,1,DESCONOCIDA
60114,2022-05-16,,26,FACULTAD DE CIENCIAS NATURALES Y MATEMÁTICAS
60168,2022-02-01,,18,GERENCIA DE TECNOLOGÍAS Y SISTEMAS DE INFORMACIÓN
60187,2023-10-05,2023-12-31,2,FACULTAD DE INGENIERÍA MECÁNICA Y CIENCIAS DE LA PRODUCCIÓN
60260,2017-04-26,2017-09-30,1,DESCONOCIDA
60260,2017-10-01,2024-05-01,26,FACULTAD DE INGENIERÍA EN CIENCIAS DE LA TIERRA
60263,2018-10-01,2019-05-12,2,FACULTAD DE INGENIERÍA MECÁNICA Y CIENCIAS DE LA PRODUCCIÓN
60306,2021-10-04,2022-02-18,2,FACULTAD DE INGENIERÍA MECÁNICA Y CIENCIAS DE LA PRODUCCIÓN
60347,2015-05-01,2016-12-31,2,DESCONOCIDA
60347,2017-01-01,2017-08-31,2,FACULTAD DE INGENIERÍA EN ELECTRICIDAD Y COMPUTACIÓN
60347,2022-05-16,,22,FACULTAD DE INGENIERÍA MECÁNICA Y CIENCIAS DE LA PRODUCCIÓN
60381,2021-05-25,2021-08-31,1,DIRECCIÓN DE ADMISIONES
60381,2021-10-11,2021-12-31,1,DIRECCIÓN DE ADMISIONES
60381,2023-05-29,,12,DIRECCIÓN DE ADMISIONES
60402,2023-09-20,2023-12-31,1,DIRECCIÓN DE ADMISIONES
60408,2023-09-20,2023-12-31,1,DIRECCIÓN DE ADMISIONES
60474,2017-12-01,2019-09-20,3,FACULTAD DE INGENIERÍA MECÁNICA Y CIENCIAS DE LA PRODUCCIÓN
60474,2024-06-10,,8,FACULTAD DE INGENIERÍA MECÁNICA Y CIENCIAS DE LA PRODUCCIÓN
60511,2021-05-25,2021-12-31,1,DIRECCIÓN DE ADMISIONES
60511,2022-06-06,,14,FACULTAD DE CIENCIAS NATURALES Y MATEMÁTICAS
60559,2015-01-01,2015-03-13,1,FACULTAD DE INGENIERÍA EN ELECTRICIDAD Y COMPUTACIÓN
60559,2015-05-01,2015-12-31,1,FACULTAD DE INGENIERÍA EN ELECTRICIDAD Y COMPUTACIÓN
60559,2018-01-01,2025-12-24,30,FACULTAD DE INGENIERÍA EN ELECTRICIDAD Y COMPUTACIÓN
60559,2025-12-26,2025-12-31,1,FACULTAD DE INGENIERÍA EN ELECTRICIDAD Y COMPUTACIÓN
60559,2026-01-27,2026-01-30,1,FACULTAD DE INGENIERÍA EN ELECTRICIDAD Y COMPUTACIÓN
60559,2026-02-02,2026-02-06,1,FACULTAD DE INGENIERÍA EN ELECTRICIDAD Y COMPUTACIÓN
60559,2026-02-18,2026-03-03,4,FACULTAD DE INGENIERÍA EN ELECTRICIDAD Y COMPUTACIÓN
60559,2026-03-10,2026-03-10,1,FACULTAD DE INGENIERÍA EN ELECTRICIDAD Y COMPUTACIÓN
60559,2026-03-12,2026-03-30,1,FACULTAD DE INGENIERÍA EN ELECTRICIDAD Y COMPUTACIÓN
60559,2026-04-24,2026-04-30,1,FACULTAD DE INGENIERÍA EN ELECTRICIDAD Y COMPUTACIÓN
60559,2026-05-16,2026-05-16,1,FACULTAD DE INGENIERÍA EN ELECTRICIDAD Y COMPUTACIÓN
60559,2026-05-24,2026-05-30,2,FACULTAD DE INGENIERÍA EN ELECTRICIDAD Y COMPUTACIÓN
60559,2026-08-31,,3,FACULTAD DE INGENIERÍA EN ELECTRICIDAD Y COMPUTACIÓN
60559,2016-01-01,2017-12-31,2,DESCONOCIDA
60619,2024-11-21,2024-12-31,1,FACULTAD DE CIENCIAS NATURALES Y MATEMÁTICAS
60638,2024-09-02,2025-01-03,2,FACULTAD DE INGENIERÍA EN ELECTRICIDAD Y COMPUTACIÓN
60687,2024-11-15,2024-12-31,1,DIRECCIÓN DE ADMISIONES
60737,2016-11-01,,69,GERENCIA DE TECNOLOGÍAS Y SISTEMAS DE INFORMACIÓN
60838,2022-01-03,2024-06-30,8,DECANATO DE GRADO
60838,2024-07-01,,7,FACULTAD DE INGENIERÍA EN ELECTRICIDAD Y COMPUTACIÓN
61079,2023-09-01,2024-06-30,1,GERENCIA DE TECNOLOGÍAS Y SISTEMAS DE INFORMACIÓN
61079,2024-07-01,,17,FACULTAD DE INGENIERÍA EN ELECTRICIDAD Y COMPUTACIÓN
61199,2015-02-09,2015-12-01,1,CENTRO DE INVESTIGACIONES Y SERVICIOS EDUCATIVOS
61199,2015-12-02,2016-09-03,2,DESCONOCIDA
61199,2017-10-06,2019-01-23,3,ESCUELA DE DISEÑO Y COMUNICACIÓN VISUAL
61199,2019-01-24,,26,"FACULTAD DE ARTE, DISEÑO Y COMUNICACIÓN AUDIOVISUAL"
61323,2015-01-01,2015-12-01,1,GERENCIA DE PLANIFICACIÓN ESTRATÉGICA
61323,2015-12-02,2016-07-31,3,DESCONOCIDA
61323,2017-08-08,2017-08-10,1,DESCONOCIDA
61323,2017-10-02,2017-10-06,1,DESCONOCIDA
61323,2016-08-01,,36,GERENCIA DE PLANIFICACIÓN ESTRATÉGICA
61323,2017-10-10,2017-10-19,1,DESCONOCIDA
61323,2018-03-23,2018-03-29,1,RECTORADO
61359,2018-01-01,2019-01-31,2,FACULTAD DE CIENCIAS SOCIALES Y HUMANÍSTICAS
61359,2021-01-01,2023-11-28,5,FACULTAD DE CIENCIAS SOCIALES Y HUMANÍSTICAS
61359,2024-06-03,2024-06-14,1,FACULTAD DE CIENCIAS SOCIALES Y HUMANÍSTICAS
61359,2024-07-03,2024-07-05,1,FACULTAD DE CIENCIAS SOCIALES Y HUMANÍSTICAS
61359,2024-07-18,2024-07-18,1,FACULTAD DE CIENCIAS SOCIALES Y HUMANÍSTICAS
61359,2024-07-20,2024-07-21,1,FACULTAD DE CIENCIAS SOCIALES Y HUMANÍSTICAS
61359,2024-12-17,2024-12-18,1,FACULTAD DE CIENCIAS SOCIALES Y HUMANÍSTICAS
61359,2024-12-26,2024-12-27,1,FACULTAD DE CIENCIAS SOCIALES Y HUMANÍSTICAS
61359,2025-03-24,2025-03-26,1,FACULTAD DE CIENCIAS SOCIALES Y HUMANÍSTICAS
61359,2025-06-09,2025-06-13,1,FACULTAD DE CIENCIAS SOCIALES Y HUMANÍSTICAS
61359,2025-07-14,2025-07-18,1,FACULTAD DE CIENCIAS SOCIALES Y HUMANÍSTICAS
61359,2025-12-26,2025-12-31,1,FACULTAD DE CIENCIAS SOCIALES Y HUMANÍSTICAS
61359,2026-03-09,2026-03-20,1,FACULTAD DE CIENCIAS SOCIALES Y HUMANÍSTICAS
61359,2026-05-04,,9,FACULTAD DE CIENCIAS SOCIALES Y HUMANÍSTICAS
61592,2005-02-01,2006-01-31,1,DESCONOCIDA
61592,2008-10-01,2010-12-31,4,DESCONOCIDA
61592,2011-04-01,2014-12-31,3,DESCONOCIDA
61592,2015-01-01,,53,FACULTAD DE CIENCIAS SOCIALES Y HUMANÍSTICAS
61593,2008-10-01,2014-12-31,4,DESCONOCIDA
61593,2015-01-01,,59,FACULTAD DE CIENCIAS SOCIALES Y HUMANÍSTICAS
61594,1989-11-20,1990-02-19,1,DESCONOCIDA
61594,1990-05-01,1993-01-30,4,DESCONOCIDA
61594,2002-02-01,2003-01-31,1,DESCONOCIDA
61594,2008-10-01,2010-12-31,4,DESCONOCIDA
61594,2011-04-01,2014-12-31,3,DESCONOCIDA
61594,2015-01-01,2026-01-31,21,FACULTAD DE INGENIERÍA MECÁNICA Y CIENCIAS DE LA PRODUCCIÓN
61595,2007-08-01,2007-11-30,1,DESCONOCIDA
61595,2008-10-01,2010-12-31,4,DESCONOCIDA
61595,2011-04-01,2014-12-31,3,DESCONOCIDA
61595,2015-01-01,2020-12-01,5,DIRECCIÓN DE ADMISIONES
61634,2004-05-04,2005-05-03,1,DESCONOCIDA
61634,2008-10-01,2014-12-31,5,DESCONOCIDA
61634,2015-01-01,2023-12-01,25,DIRECCIÓN DE ADMISIONES
61651,2008-10-01,2015-12-31,7,DESCONOCIDA
61651,2016-01-01,2016-12-31,1,DIRECCIÓN DE SERVICIOS GENERALES
61651,2017-01-01,2018-12-31,2,DESCONOCIDA
61651,2019-01-01,,12,DIRECCIÓN DE SERVICIOS GENERALES
61653,2004-01-01,2004-12-31,1,DESCONOCIDA
61653,2008-10-01,2015-12-31,6,DESCONOCIDA
61653,2016-01-01,2016-12-31,1,DIRECCIÓN DE SERVICIOS GENERALES
61653,2017-01-01,2018-12-31,2,DESCONOCIDA
61653,2019-01-01,,13,DIRECCIÓN DE SERVICIOS GENERALES
61654,2001-08-01,2015-12-31,8,DESCONOCIDA
61654,2016-01-01,2016-12-31,1,FACULTAD DE INGENIERÍA EN ELECTRICIDAD Y COMPUTACIÓN
61654,2017-01-01,2018-12-31,2,DESCONOCIDA
61654,2019-01-01,,27,FACULTAD DE INGENIERÍA EN ELECTRICIDAD Y COMPUTACIÓN
61664,2007-06-25,2007-08-04,1,DESCONOCIDA
61664,2009-05-18,2009-09-25,1,DESCONOCIDA
61664,2009-10-12,2010-03-02,2,DESCONOCIDA
61664,2013-05-13,2017-12-31,5,DESCONOCIDA
61664,2018-01-01,2019-01-23,2,ESCUELA DE DISEÑO Y COMUNICACIÓN VISUAL
61664,2019-01-24,,22,"FACULTAD DE ARTE, DISEÑO Y COMUNICACIÓN AUDIOVISUAL"
61688,2008-10-01,2015-12-31,4,DESCONOCIDA
61688,2016-01-01,2016-12-31,1,DIRECCIÓN DE SERVICIOS GENERALES
61688,2017-01-01,2018-12-31,2,DESCONOCIDA
61688,2019-01-01,2019-12-31,1,DIRECCIÓN DE SERVICIOS GENERALES
61688,2020-01-01,,26,FACULTAD DE CIENCIAS SOCIALES Y HUMANÍSTICAS
61700,2015-05-11,2015-10-02,1,FACULTAD DE CIENCIAS SOCIALES Y HUMANÍSTICAS
61700,2008-10-01,2015-03-13,9,DESCONOCIDA
61700,2015-10-19,2016-02-28,1,FACULTAD DE CIENCIAS SOCIALES Y HUMANÍSTICAS
61700,2018-05-02,2018-09-21,1,FACULTAD DE CIENCIAS SOCIALES Y HUMANÍSTICAS
61700,2018-10-01,2019-02-22,2,FACULTAD DE CIENCIAS SOCIALES Y HUMANÍSTICAS
61700,2019-03-11,2019-04-09,1,FACULTAD DE CIENCIAS SOCIALES Y HUMANÍSTICAS
61700,2019-01-24,2022-11-07,3,UNIDAD DE BIENESTAR ESTUDIANTIL Y POLITÉCNICO
61700,2023-01-01,2023-02-17,1,"FACULTAD DE ARTE, DISEÑO Y COMUNICACIÓN AUDIOVISUAL"
61700,2023-05-15,2023-09-23,1,"FACULTAD DE ARTE, DISEÑO Y COMUNICACIÓN AUDIOVISUAL"
61700,2023-10-02,2024-02-18,2,"FACULTAD DE ARTE, DISEÑO Y COMUNICACIÓN AUDIOVISUAL"
61700,2024-05-13,2024-09-20,1,"FACULTAD DE ARTE, DISEÑO Y COMUNICACIÓN AUDIOVISUAL"
61700,2024-09-30,2025-02-14,2,"FACULTAD DE ARTE, DISEÑO Y COMUNICACIÓN AUDIOVISUAL"
61700,2025-05-19,2025-09-19,1,"FACULTAD DE ARTE, DISEÑO Y COMUNICACIÓN AUDIOVISUAL"
61700,2025-09-29,2026-02-13,2,"FACULTAD DE ARTE, DISEÑO Y COMUNICACIÓN AUDIOVISUAL"
61700,2016-05-02,2016-09-23,1,DESCONOCIDA
61700,2015-01-01,2019-01-23,4,"FACULTAD DE INGENIERIA MARÍTIMA, CIENCIAS BIOLÓGICAS, OCEÁNICAS Y RECURSOS NATURALES"
61700,2019-05-13,2019-09-20,1,FACULTAD DE CIENCIAS SOCIALES Y HUMANÍSTICAS
61700,2017-10-04,2018-03-02,2,ESCUELA DE DISEÑO Y COMUNICACIÓN VISUAL
61700,2022-12-27,2022-12-30,1,UNIDAD DE BIENESTAR ESTUDIANTIL Y POLITÉCNICO
61700,2021-03-01,2021-03-31,1,FACULTAD DE INGENIERÍA MARÍTIMA Y CIENCIAS DEL MAR
61700,2022-11-08,,21,GERENCIA DE BIENESTAR POLITÉCNICO
61700,2026-08-01,2026-08-27,2,"FACULTAD DE ARTE, DISEÑO Y COMUNICACIÓN AUDIOVISUAL"
61751,2008-10-13,2009-03-02,1,DESCONOCIDA
61751,2010-05-17,2013-12-31,5,DESCONOCIDA
61751,2017-01-01,2017-03-17,1,FACULTAD DE CIENCIAS DE LA VIDA
61751,2017-05-02,2017-09-22,1,FACULTAD DE CIENCIAS DE LA VIDA
61751,2018-10-01,2019-02-22,2,FACULTAD DE CIENCIAS DE LA VIDA
61751,2016-10-10,2016-12-31,1,DESCONOCIDA
61751,2019-05-13,2019-09-20,1,FACULTAD DE CIENCIAS DE LA VIDA
61751,2021-01-01,2022-02-18,2,FACULTAD DE CIENCIAS DE LA VIDA
61751,2022-05-09,2022-10-03,1,FACULTAD DE CIENCIAS DE LA VIDA
61751,2022-10-11,2023-02-17,3,FACULTAD DE CIENCIAS DE LA VIDA
61751,2020-10-12,2020-12-31,1,DESCONOCIDA
61751,2023-05-15,2024-02-16,3,FACULTAD DE CIENCIAS DE LA VIDA
61775,2020-10-05,2021-02-19,2,FACULTAD DE INGENIERÍA MECÁNICA Y CIENCIAS DE LA PRODUCCIÓN
61948,2008-10-13,2009-03-02,1,DESCONOCIDA
61948,2009-05-18,2009-09-25,1,DESCONOCIDA
61948,2009-10-12,2010-03-02,2,DESCONOCIDA
61948,2010-05-17,2011-09-24,2,DESCONOCIDA
61948,2012-05-17,2014-09-30,2,DESCONOCIDA
61948,2014-10-01,2014-12-31,1,"FACULTAD DE ARTE, DISEÑO Y COMUNICACIÓN AUDIOVISUAL"
61948,2015-01-01,2016-12-31,2,DESCONOCIDA
61948,2019-01-24,,20,"FACULTAD DE ARTE, DISEÑO Y COMUNICACIÓN AUDIOVISUAL"
61948,2017-01-01,2019-01-23,3,ESCUELA DE DISEÑO Y COMUNICACIÓN VISUAL
63189,2024-12-09,,6,GERENCIA FINANCIERA
64403,2025-01-06,,4,FACULTAD DE CIENCIAS NATURALES Y MATEMÁTICAS
64414,2002-10-01,2003-03-31,1,DESCONOCIDA
64414,2003-10-01,2003-12-31,1,DESCONOCIDA
64414,2009-01-01,2013-12-31,5,DESCONOCIDA
64414,2014-03-01,2014-12-31,1,DESCONOCIDA
64414,2016-11-01,2016-11-01,1,DESCONOCIDA
64414,2015-01-01,2020-11-01,10,DIRECCIÓN DE ADQUISICIONES Y SUMINISTROS
64414,2025-08-04,,5,DIRECCIÓN DE ADQUISICIONES
64415,2009-01-01,2015-12-31,5,DESCONOCIDA
64415,2016-01-01,2016-12-31,1,CENTRO DE INVESTIGACIONES BIOTECNOLÓGICAS DEL ECUADOR
64415,2017-01-01,2018-12-31,2,DESCONOCIDA
64415,2019-01-01,,24,CENTRO DE INVESTIGACIONES BIOTECNOLÓGICAS DEL ECUADOR
64417,2009-01-01,2009-12-31,1,DESCONOCIDA
64417,2014-10-01,2016-12-31,3,DESCONOCIDA
64417,2017-01-01,2017-12-31,1,"FACULTAD DE INGENIERIA MARÍTIMA, CIENCIAS BIOLÓGICAS, OCEÁNICAS Y RECURSOS NATURALES"
64417,2018-01-01,2023-04-30,14,FACULTAD DE CIENCIAS DE LA VIDA
64418,2009-01-01,2015-12-31,5,DESCONOCIDA
64418,2016-01-01,2016-12-31,1,FACULTAD DE INGENIERÍA MECÁNICA Y CIENCIAS DE LA PRODUCCIÓN
64418,2017-01-01,2018-12-31,2,DESCONOCIDA
64418,2019-01-01,,26,FACULTAD DE INGENIERÍA MECÁNICA Y CIENCIAS DE LA PRODUCCIÓN
64419,2009-01-01,2015-12-31,5,DESCONOCIDA
64419,2016-01-01,2016-12-31,1,FACULTAD DE INGENIERÍA MECÁNICA Y CIENCIAS DE LA PRODUCCIÓN
64419,2017-01-01,2018-12-31,2,DESCONOCIDA
64419,2019-01-01,,13,FACULTAD DE INGENIERÍA MECÁNICA Y CIENCIAS DE LA PRODUCCIÓN
64483,2008-10-07,2008-11-05,1,DESCONOCIDA
64483,2019-10-01,2021-08-16,3,GERENCIA DE COMUNICACIÓN SOCIAL Y ASUNTOS PÚBLICOS
64647,2016-06-01,2016-09-20,1,DESCONOCIDA
64647,2018-05-01,,27,FACULTAD DE CIENCIAS NATURALES Y MATEMÁTICAS
64657,2018-10-29,,24,FACULTAD DE CIENCIAS NATURALES Y MATEMÁTICAS
64903,2008-10-13,2008-11-26,1,DESCONOCIDA
64903,2015-05-11,2015-08-19,1,FACULTAD DE CIENCIAS DE LA VIDA
64903,2015-08-20,2015-10-02,1,DESCONOCIDA
64903,2015-10-19,2016-02-26,1,FACULTAD DE CIENCIAS DE LA VIDA
64903,2016-04-01,2016-12-31,1,DESCONOCIDA
64903,2017-01-01,2019-09-19,3,FACULTAD DE CIENCIAS DE LA VIDA
65182,2017-07-01,2023-05-04,11,DIRECCIÓN DE SERVICIOS GENERALES
65182,2023-11-10,2023-11-10,1,DIRECCIÓN DE SERVICIOS GENERALES
65182,2023-12-21,2023-12-22,1,DIRECCIÓN DE SERVICIOS GENERALES
65182,2024-01-23,2024-04-21,4,DIRECCIÓN DE SERVICIOS GENERALES
65182,2024-07-10,2024-07-10,1,GERENCIA ADMINISTRATIVA
65182,2024-07-25,2024-07-25,1,GERENCIA ADMINISTRATIVA
65182,2024-08-07,2024-08-08,1,GERENCIA ADMINISTRATIVA
65182,2024-04-23,2025-01-01,3,DIRECCIÓN DE SERVICIOS GENERALES
65182,2025-03-20,2025-03-21,1,DIRECCIÓN DE SERVICIOS GENERALES
65182,2025-05-16,2025-05-22,1,DIRECCIÓN DE SERVICIOS GENERALES
65182,2025-08-26,2025-08-29,1,DIRECCIÓN DE SERVICIOS GENERALES
65182,2025-10-13,2025-10-21,1,DIRECCIÓN DE SERVICIOS GENERALES
65182,2025-12-18,2025-12-31,1,DIRECCIÓN DE SERVICIOS GENERALES
65182,2026-03-23,2026-03-27,1,DIRECCIÓN DE SERVICIOS GENERALES
65182,2026-04-16,2026-04-16,1,DIRECCIÓN DE SERVICIOS GENERALES
65182,2026-04-27,2026-04-27,1,DIRECCIÓN DE SERVICIOS GENERALES
65182,2026-05-11,2026-05-22,1,DIRECCIÓN DE SERVICIOS GENERALES
65182,2026-06-04,2026-06-05,1,DIRECCIÓN DE SERVICIOS GENERALES
65182,2017-04-01,2017-06-30,1,DESCONOCIDA
65182,2026-08-06,2026-08-07,1,DIRECCIÓN DE SERVICIOS GENERALES
65182,2024-11-14,2024-11-25,1,GERENCIA ADMINISTRATIVA
65182,2026-08-18,,1,FACULTAD DE INGENIERÍA EN ELECTRICIDAD Y COMPUTACIÓN
65191,2016-05-09,2016-12-31,1,DESCONOCIDA
65191,2017-01-01,2022-04-30,11,FACULTAD DE CIENCIAS NATURALES Y MATEMÁTICAS
65192,2017-01-01,2018-08-31,2,FACULTAD DE CIENCIAS NATURALES Y MATEMÁTICAS
65192,2016-05-01,2016-12-31,1,DESCONOCIDA
65192,2021-10-04,2022-05-20,3,FACULTAD DE CIENCIAS NATURALES Y MATEMÁTICAS
65192,2021-05-25,2021-08-31,1,DIRECCIÓN DE ADMISIONES
65357,2018-05-01,2019-05-12,2,FACULTAD DE CIENCIAS NATURALES Y MATEMÁTICAS
65357,2019-05-13,2019-09-20,1,FACULTAD DE INGENIERÍA EN ELECTRICIDAD Y COMPUTACIÓN
65359,2016-05-01,2016-12-31,1,DESCONOCIDA
65359,2017-01-01,,38,FACULTAD DE INGENIERÍA EN ELECTRICIDAD Y COMPUTACIÓN
65363,2019-01-01,2023-12-31,18,CENTRO DE TECNOLOGÍAS DE LA INFORMACIÓN
65364,2016-10-10,2016-12-31,1,DESCONOCIDA
65364,2017-01-01,2022-08-31,15,FACULTAD DE INGENIERÍA EN ELECTRICIDAD Y COMPUTACIÓN
65367,2017-10-01,,35,FACULTAD DE INGENIERÍA MECÁNICA Y CIENCIAS DE LA PRODUCCIÓN
65378,2016-10-01,2016-12-31,1,DESCONOCIDA
65378,2017-01-01,2017-09-21,1,FACULTAD DE CIENCIAS NATURALES Y MATEMÁTICAS
65378,2023-05-19,2025-02-14,6,FACULTAD DE INGENIERÍA EN ELECTRICIDAD Y COMPUTACIÓN
65380,2023-06-01,2023-09-22,1,FACULTAD DE INGENIERÍA MECÁNICA Y CIENCIAS DE LA PRODUCCIÓN
65380,2023-10-02,,9,FACULTAD DE INGENIERÍA MECÁNICA Y CIENCIAS DE LA PRODUCCIÓN
65520,2017-01-01,2023-12-31,17,FACULTAD DE CIENCIAS SOCIALES Y HUMANÍSTICAS
65520,2024-01-01,,14,CENTRO DE TECNOLOGÍAS DE LA INFORMACIÓN
65521,2017-01-03,2017-12-31,1,DESCONOCIDA
65530,2026-07-01,,1,"FACULTAD DE ARTE, DISEÑO Y COMUNICACIÓN AUDIOVISUAL"
65745,2016-09-15,2016-12-31,1,DESCONOCIDA
65745,2017-01-01,2020-02-21,5,FACULTAD DE CIENCIAS DE LA VIDA
65828,2015-11-01,2015-12-31,1,"FACULTAD DE ARTE, DISEÑO Y COMUNICACIÓN AUDIOVISUAL"
65828,2019-02-23,2023-09-27,13,"FACULTAD DE ARTE, DISEÑO Y COMUNICACIÓN AUDIOVISUAL"
65828,2016-02-22,2016-12-31,2,DESCONOCIDA
65828,2017-01-01,2019-02-22,3,ESCUELA DE DISEÑO Y COMUNICACIÓN VISUAL
65904,2016-07-01,2025-04-16,13,DIRECCIÓN DE SERVICIOS GENERALES
65904,2026-02-02,,2,DIRECCIÓN DE SERVICIOS GENERALES
65904,2024-06-17,2026-02-01,9,DIRECCIÓN DE ADQUISICIONES
66011,2024-07-01,,5,FACULTAD DE INGENIERÍA EN ELECTRICIDAD Y COMPUTACIÓN
66025,2018-10-01,,23,FACULTAD DE INGENIERÍA EN ELECTRICIDAD Y COMPUTACIÓN
66037,2023-05-15,2023-09-22,1,FACULTAD DE INGENIERÍA EN ELECTRICIDAD Y COMPUTACIÓN
66037,2023-10-02,2024-02-16,3,FACULTAD DE INGENIERÍA EN ELECTRICIDAD Y COMPUTACIÓN
66037,2024-05-13,2026-02-13,5,FACULTAD DE INGENIERÍA EN ELECTRICIDAD Y COMPUTACIÓN
66037,2026-02-18,,3,FACULTAD DE INGENIERÍA EN ELECTRICIDAD Y COMPUTACIÓN
66041,2016-05-01,2016-12-31,1,DESCONOCIDA
66041,2017-01-01,2018-09-14,2,FACULTAD DE CIENCIAS NATURALES Y MATEMÁTICAS
66062,2016-05-01,2016-12-31,1,DESCONOCIDA
66062,2017-01-01,2017-08-07,1,FACULTAD DE INGENIERÍA EN ELECTRICIDAD Y COMPUTACIÓN
66078,2017-10-05,2022-05-15,9,FACULTAD DE CIENCIAS NATURALES Y MATEMÁTICAS
66078,2022-05-24,,20,FACULTAD DE CIENCIAS NATURALES Y MATEMÁTICAS
66149,2023-09-25,,14,FACULTAD DE CIENCIAS SOCIALES Y HUMANÍSTICAS
66174,2017-01-01,2017-09-15,1,FACULTAD DE CIENCIAS NATURALES Y MATEMÁTICAS
66174,2023-05-15,2024-02-18,5,FACULTAD DE CIENCIAS NATURALES Y MATEMÁTICAS
66174,2016-10-01,2016-12-31,1,DESCONOCIDA
66174,2024-05-13,,11,FACULTAD DE CIENCIAS NATURALES Y MATEMÁTICAS
66177,2021-10-04,,21,FACULTAD DE INGENIERÍA MECÁNICA Y CIENCIAS DE LA PRODUCCIÓN
66201,2025-09-22,2025-12-31,2,DIRECCIÓN DE ADMISIONES
66205,2023-09-20,2023-12-31,1,DIRECCIÓN DE ADMISIONES
66209,2021-05-25,2021-08-31,1,DIRECCIÓN DE ADMISIONES
66209,2017-10-01,2019-01-31,3,FACULTAD DE CIENCIAS NATURALES Y MATEMÁTICAS
66209,2022-05-16,,15,FACULTAD DE CIENCIAS NATURALES Y MATEMÁTICAS
66209,2021-10-11,2021-12-31,1,DIRECCIÓN DE ADMISIONES
66284,2014-04-07,2014-12-31,1,DESCONOCIDA
66284,2016-11-26,2016-11-26,1,ESCUELA DE DISEÑO Y COMUNICACIÓN VISUAL
66284,2016-10-01,2016-12-31,1,DESCONOCIDA
66284,2017-04-10,2019-01-23,3,ESCUELA DE DISEÑO Y COMUNICACIÓN VISUAL
66284,2017-01-01,2017-04-09,1,CENTRO DE INVESTIGACIONES Y SERVICIOS EDUCATIVOS
66284,2019-01-24,2020-02-21,2,"FACULTAD DE ARTE, DISEÑO Y COMUNICACIÓN AUDIOVISUAL"
66304,2017-01-01,2020-12-31,4,FACULTAD DE CIENCIAS NATURALES Y MATEMÁTICAS
66304,2016-10-03,2016-12-31,1,DESCONOCIDA
66304,2022-06-01,,26,FACULTAD DE CIENCIAS NATURALES Y MATEMÁTICAS
66315,2017-03-01,2017-05-31,1,FACULTAD DE INGENIERÍA MECÁNICA Y CIENCIAS DE LA PRODUCCIÓN
66315,2018-08-02,2018-08-06,1,FACULTAD DE INGENIERÍA MECÁNICA Y CIENCIAS DE LA PRODUCCIÓN
66315,2019-01-21,2019-01-30,1,FACULTAD DE INGENIERÍA MECÁNICA Y CIENCIAS DE LA PRODUCCIÓN
66315,2019-02-19,2019-02-22,1,FACULTAD DE INGENIERÍA MECÁNICA Y CIENCIAS DE LA PRODUCCIÓN
66315,2019-03-14,2019-03-28,1,FACULTAD DE INGENIERÍA MECÁNICA Y CIENCIAS DE LA PRODUCCIÓN
66315,2021-02-08,2021-02-11,1,FACULTAD DE INGENIERÍA MECÁNICA Y CIENCIAS DE LA PRODUCCIÓN
66315,2021-03-17,2021-03-31,1,FACULTAD DE INGENIERÍA MECÁNICA Y CIENCIAS DE LA PRODUCCIÓN
66315,2016-06-01,2017-02-28,2,GERENCIA DE TECNOLOGÍAS Y SISTEMAS DE INFORMACIÓN
66315,2014-07-14,2016-05-01,4,DESCONOCIDA
66315,2024-03-18,2026-07-13,10,GERENCIA DE TECNOLOGÍAS Y SISTEMAS DE INFORMACIÓN
66315,2021-12-01,2024-03-18,13,FACULTAD DE INGENIERÍA MECÁNICA Y CIENCIAS DE LA PRODUCCIÓN
66315,2017-06-01,2024-03-17,1,GERENCIA FINANCIERA
66315,2026-07-13,,1,FACULTAD DE INGENIERÍA EN ELECTRICIDAD Y COMPUTACIÓN
66546,2017-04-01,2017-06-30,1,DESCONOCIDA
66546,2017-07-01,,44,GERENCIA FINANCIERA
66602,2009-05-18,2014-12-31,4,DESCONOCIDA
66602,2015-02-01,2015-12-31,1,DESCONOCIDA
66602,2016-01-01,2016-10-31,1,GERENCIA JURÍDICA
66602,2016-11-01,2017-01-31,2,DESCONOCIDA
66602,2017-05-22,2017-06-05,1,DESCONOCIDA
66602,2017-09-20,2017-09-27,1,DESCONOCIDA
66602,2018-09-12,2019-06-24,1,DESCONOCIDA
66602,2020-08-14,2020-08-14,1,DESCONOCIDA
66602,2020-12-01,2020-12-01,1,DESCONOCIDA
66602,2017-02-01,2020-11-30,8,GERENCIA JURÍDICA
66602,2020-08-15,2020-11-30,2,SECRETARIA ADMINISTRATIVA
66660,2013-05-13,2014-09-30,1,DESCONOCIDA
66660,2014-10-01,2015-12-31,1,FACULTAD DE CIENCIAS NATURALES Y MATEMÁTICAS
66660,2016-01-01,2016-12-31,1,DESCONOCIDA
66660,2017-01-01,2020-02-21,4,FACULTAD DE CIENCIAS NATURALES Y MATEMÁTICAS
66819,2009-05-18,2009-09-25,1,DESCONOCIDA
66819,2009-10-12,2010-03-02,2,DESCONOCIDA
66819,2013-05-13,2014-09-30,1,DESCONOCIDA
66819,2014-10-01,2014-12-31,1,FACULTAD DE CIENCIAS SOCIALES Y HUMANÍSTICAS
66819,2016-08-30,2016-11-26,2,FACULTAD DE CIENCIAS SOCIALES Y HUMANÍSTICAS
66819,2015-01-01,2016-12-31,4,DESCONOCIDA
66819,2017-01-01,,31,FACULTAD DE CIENCIAS SOCIALES Y HUMANÍSTICAS
66836,2009-05-18,2009-09-25,1,DESCONOCIDA
66836,2009-10-12,2010-03-02,2,DESCONOCIDA
66836,2010-05-17,2011-05-16,1,DESCONOCIDA
66836,2011-06-01,2014-10-31,2,DESCONOCIDA
66836,2014-11-01,2025-05-14,18,FACULTAD DE INGENIERÍA EN ELECTRICIDAD Y COMPUTACIÓN
66966,2009-05-18,2009-09-25,1,DESCONOCIDA
66966,2020-10-12,2021-02-19,2,"FACULTAD DE ARTE, DISEÑO Y COMUNICACIÓN AUDIOVISUAL"
66966,2021-05-17,2021-09-24,1,"FACULTAD DE ARTE, DISEÑO Y COMUNICACIÓN AUDIOVISUAL"
66966,2021-10-04,2022-02-18,2,"FACULTAD DE ARTE, DISEÑO Y COMUNICACIÓN AUDIOVISUAL"
66966,2022-05-16,2022-09-23,1,"FACULTAD DE ARTE, DISEÑO Y COMUNICACIÓN AUDIOVISUAL"
66966,2010-05-17,2012-05-16,3,DESCONOCIDA
66966,2022-10-03,2025-02-14,7,"FACULTAD DE ARTE, DISEÑO Y COMUNICACIÓN AUDIOVISUAL"
66974,2009-05-18,2009-09-25,1,DESCONOCIDA
66974,2020-10-12,2021-02-19,2,"FACULTAD DE ARTE, DISEÑO Y COMUNICACIÓN AUDIOVISUAL"
66974,2021-05-17,2021-09-24,1,"FACULTAD DE ARTE, DISEÑO Y COMUNICACIÓN AUDIOVISUAL"
66974,2021-10-04,2022-02-18,2,"FACULTAD DE ARTE, DISEÑO Y COMUNICACIÓN AUDIOVISUAL"
66974,2022-05-16,2022-09-23,1,"FACULTAD DE ARTE, DISEÑO Y COMUNICACIÓN AUDIOVISUAL"
66974,2022-10-03,2025-09-19,9,"FACULTAD DE ARTE, DISEÑO Y COMUNICACIÓN AUDIOVISUAL"
66974,2009-10-12,2010-03-02,2,DESCONOCIDA
66974,2025-09-29,,2,"FACULTAD DE ARTE, DISEÑO Y COMUNICACIÓN AUDIOVISUAL"
67008,2022-10-03,2024-02-16,6,FACULTAD DE INGENIERÍA MECÁNICA Y CIENCIAS DE LA PRODUCCIÓN
67133,2024-09-30,2024-10-08,1,ESCUELA DE POSTGRADO EN ADMINISTRACIÓN DE EMPRESAS
67497,2009-05-25,2009-09-25,1,DESCONOCIDA
67497,2009-10-12,2012-12-31,4,DESCONOCIDA
67497,2016-10-01,2016-12-31,1,DESCONOCIDA
67497,2017-01-01,2019-09-18,3,FACULTAD DE CIENCIAS DE LA VIDA
67520,2024-11-06,2024-12-31,1,GERENCIA ADMINISTRATIVA
67520,2025-01-06,2025-12-31,1,GERENCIA ADMINISTRATIVA
67520,2026-01-06,,1,GERENCIA ADMINISTRATIVA
67714,2009-08-01,2011-12-31,1,DESCONOCIDA
67714,2013-01-01,2015-12-31,3,DESCONOCIDA
67714,2016-01-01,2016-12-31,1,CENTRO NACIONAL DE ACUICULTURA E INVESTIGACIONES MARINAS
67714,2017-01-01,2018-12-31,2,DESCONOCIDA
67714,2019-01-01,2020-10-31,2,CENTRO NACIONAL DE ACUICULTURA E INVESTIGACIONES MARINAS
67715,2009-08-01,2015-12-31,4,DESCONOCIDA
67715,2016-01-01,2016-12-31,1,CENTRO NACIONAL DE ACUICULTURA E INVESTIGACIONES MARINAS
67715,2017-01-01,2018-12-31,2,DESCONOCIDA
67715,2019-01-01,,14,CENTRO NACIONAL DE ACUICULTURA E INVESTIGACIONES MARINAS
67716,2009-08-01,2015-12-31,4,DESCONOCIDA
67716,2016-01-01,2016-12-31,1,CENTRO NACIONAL DE ACUICULTURA E INVESTIGACIONES MARINAS
67716,2017-01-01,2018-12-31,2,DESCONOCIDA
67716,2019-01-01,,16,CENTRO NACIONAL DE ACUICULTURA E INVESTIGACIONES MARINAS
67717,2009-08-01,2015-12-31,4,DESCONOCIDA
67717,2016-01-01,2016-12-31,1,CENTRO NACIONAL DE ACUICULTURA E INVESTIGACIONES MARINAS
67717,2017-01-01,2018-12-31,2,DESCONOCIDA
67717,2019-01-01,,28,CENTRO NACIONAL DE ACUICULTURA E INVESTIGACIONES MARINAS
67718,2009-08-01,2015-12-31,4,DESCONOCIDA
67718,2016-01-01,2016-12-31,1,CENTRO NACIONAL DE ACUICULTURA E INVESTIGACIONES MARINAS
67718,2017-01-01,2018-12-31,2,DESCONOCIDA
67718,2019-01-01,,19,CENTRO NACIONAL DE ACUICULTURA E INVESTIGACIONES MARINAS
67720,2007-11-15,2008-11-14,1,DESCONOCIDA
67720,2008-12-01,2010-07-31,2,DESCONOCIDA
67720,2018-05-01,2019-01-23,2,CENTRO NACIONAL DE ACUICULTURA E INVESTIGACIONES MARINAS
67720,2019-01-24,,24,FACULTAD DE INGENIERÍA MARÍTIMA Y CIENCIAS DEL MAR
67726,2009-08-01,2015-12-31,4,DESCONOCIDA
67726,2016-01-01,2016-12-31,1,CENTRO NACIONAL DE ACUICULTURA E INVESTIGACIONES MARINAS
67726,2017-01-01,2018-12-31,2,DESCONOCIDA
67726,2019-01-01,,48,CENTRO NACIONAL DE ACUICULTURA E INVESTIGACIONES MARINAS
67728,2009-08-01,2015-12-31,4,DESCONOCIDA
67728,2016-01-01,2016-12-31,1,CENTRO NACIONAL DE ACUICULTURA E INVESTIGACIONES MARINAS
67728,2017-01-01,2018-12-31,2,DESCONOCIDA
67728,2019-01-01,2021-10-31,2,CENTRO NACIONAL DE ACUICULTURA E INVESTIGACIONES MARINAS
67730,2009-08-01,2015-12-31,5,DESCONOCIDA
67730,2016-01-01,2016-12-31,1,CENTRO NACIONAL DE ACUICULTURA E INVESTIGACIONES MARINAS
67730,2017-01-01,2018-12-31,2,DESCONOCIDA
67730,2019-01-01,,18,CENTRO NACIONAL DE ACUICULTURA E INVESTIGACIONES MARINAS
67732,2009-08-01,2015-12-31,5,DESCONOCIDA
67732,2016-01-01,2016-12-31,1,CENTRO NACIONAL DE ACUICULTURA E INVESTIGACIONES MARINAS
67732,2017-01-01,2018-12-31,2,DESCONOCIDA
67732,2019-01-01,,9,CENTRO NACIONAL DE ACUICULTURA E INVESTIGACIONES MARINAS
67737,2009-08-01,2016-08-01,7,DESCONOCIDA
67737,2016-08-01,,40,CENTRO NACIONAL DE ACUICULTURA E INVESTIGACIONES MARINAS
67739,2009-08-01,2015-12-31,5,DESCONOCIDA
67739,2016-01-01,2016-12-31,1,CENTRO NACIONAL DE ACUICULTURA E INVESTIGACIONES MARINAS
67739,2017-01-01,2018-12-31,2,DESCONOCIDA
67739,2019-01-01,,23,CENTRO NACIONAL DE ACUICULTURA E INVESTIGACIONES MARINAS
67740,2009-08-01,2015-12-31,4,DESCONOCIDA
67740,2016-01-01,2016-12-31,1,CENTRO NACIONAL DE ACUICULTURA E INVESTIGACIONES MARINAS
67740,2017-01-01,2018-12-31,2,DESCONOCIDA
67740,2019-01-01,,31,CENTRO NACIONAL DE ACUICULTURA E INVESTIGACIONES MARINAS
67753,2009-08-01,2015-12-31,5,DESCONOCIDA
67753,2016-01-01,2016-12-31,1,CENTRO NACIONAL DE ACUICULTURA E INVESTIGACIONES MARINAS
67753,2017-01-01,2018-12-31,2,DESCONOCIDA
67753,2019-01-01,,19,CENTRO NACIONAL DE ACUICULTURA E INVESTIGACIONES MARINAS
67755,2009-08-01,2015-12-31,4,DESCONOCIDA
67755,2016-01-01,2016-12-31,1,CENTRO NACIONAL DE ACUICULTURA E INVESTIGACIONES MARINAS
67755,2017-01-01,2018-12-31,2,DESCONOCIDA
67755,2019-01-01,,33,CENTRO NACIONAL DE ACUICULTURA E INVESTIGACIONES MARINAS
67809,1993-03-01,1995-02-28,2,DESCONOCIDA
67809,2009-08-01,2015-12-31,7,DESCONOCIDA
67809,2016-01-01,2016-12-31,1,CENTRO NACIONAL DE ACUICULTURA E INVESTIGACIONES MARINAS
67809,2017-01-01,2018-12-31,2,DESCONOCIDA
67809,2019-01-01,,36,CENTRO NACIONAL DE ACUICULTURA E INVESTIGACIONES MARINAS
67810,2009-08-01,2010-12-31,3,DESCONOCIDA
67810,2011-04-01,2014-12-31,6,DESCONOCIDA
67810,2015-01-01,,39,GERENCIA JURÍDICA
67811,2009-08-01,2010-12-31,2,DESCONOCIDA
67811,2012-03-01,2015-12-31,4,DESCONOCIDA
67811,2016-01-01,2016-12-31,1,CENTRO NACIONAL DE ACUICULTURA E INVESTIGACIONES MARINAS
67811,2017-01-01,2018-12-31,2,DESCONOCIDA
67811,2019-01-01,,58,CENTRO NACIONAL DE ACUICULTURA E INVESTIGACIONES MARINAS
67838,2009-08-01,2015-12-31,4,DESCONOCIDA
67838,2016-01-01,2016-12-31,1,CENTRO NACIONAL DE ACUICULTURA E INVESTIGACIONES MARINAS
67838,2017-01-01,2018-12-31,2,DESCONOCIDA
67838,2019-01-01,,47,CENTRO NACIONAL DE ACUICULTURA E INVESTIGACIONES MARINAS
67839,2013-01-01,2015-12-31,3,DESCONOCIDA
67839,2016-01-01,2016-12-31,1,CENTRO NACIONAL DE ACUICULTURA E INVESTIGACIONES MARINAS
67839,2017-01-01,2018-12-31,2,DESCONOCIDA
67839,2019-01-01,2023-07-31,8,CENTRO NACIONAL DE ACUICULTURA E INVESTIGACIONES MARINAS
67840,2009-08-01,2015-12-31,5,DESCONOCIDA
67840,2016-01-01,2016-12-31,1,CENTRO NACIONAL DE ACUICULTURA E INVESTIGACIONES MARINAS
67840,2017-01-01,2018-12-31,2,DESCONOCIDA
67840,2019-01-01,,27,CENTRO NACIONAL DE ACUICULTURA E INVESTIGACIONES MARINAS
67842,2009-08-01,2015-12-31,5,DESCONOCIDA
67842,2016-01-01,2016-12-31,1,CENTRO NACIONAL DE ACUICULTURA E INVESTIGACIONES MARINAS
67842,2017-01-01,2018-12-31,2,DESCONOCIDA
67842,2019-01-01,,25,CENTRO NACIONAL DE ACUICULTURA E INVESTIGACIONES MARINAS
67843,2009-08-01,2015-12-31,5,DESCONOCIDA
67843,2016-01-01,2016-12-31,1,CENTRO NACIONAL DE ACUICULTURA E INVESTIGACIONES MARINAS
67843,2017-01-01,2018-12-31,2,DESCONOCIDA
67843,2019-01-01,,20,CENTRO NACIONAL DE ACUICULTURA E INVESTIGACIONES MARINAS
67845,2009-08-01,2016-10-31,7,DESCONOCIDA
67845,2016-11-01,,41,CENTRO NACIONAL DE ACUICULTURA E INVESTIGACIONES MARINAS
67846,2009-08-01,2015-12-31,4,DESCONOCIDA
67846,2016-01-01,2016-12-31,1,CENTRO NACIONAL DE ACUICULTURA E INVESTIGACIONES MARINAS
67846,2017-01-01,2018-12-31,2,DESCONOCIDA
67846,2019-01-01,,11,CENTRO NACIONAL DE ACUICULTURA E INVESTIGACIONES MARINAS
67847,2007-09-01,2015-12-31,6,DESCONOCIDA
67847,2016-01-01,2016-12-31,1,CENTRO NACIONAL DE ACUICULTURA E INVESTIGACIONES MARINAS
67847,2017-01-01,2018-12-31,2,DESCONOCIDA
67847,2019-01-01,,17,CENTRO NACIONAL DE ACUICULTURA E INVESTIGACIONES MARINAS
67848,2009-08-01,2015-12-02,4,DESCONOCIDA
67848,2015-12-02,,49,CENTRO NACIONAL DE ACUICULTURA E INVESTIGACIONES MARINAS
67849,2009-08-01,2015-12-31,4,DESCONOCIDA
67849,2016-01-01,2016-12-31,1,DIRECCIÓN DE SERVICIOS GENERALES
67849,2017-01-01,2018-12-31,2,DESCONOCIDA
67849,2019-01-01,,21,DIRECCIÓN DE SERVICIOS GENERALES
67850,2009-08-01,2015-12-31,4,DESCONOCIDA
67850,2016-01-01,2016-12-31,1,CENTRO NACIONAL DE ACUICULTURA E INVESTIGACIONES MARINAS
67850,2017-01-01,2018-12-31,2,DESCONOCIDA
67850,2019-01-01,,25,CENTRO NACIONAL DE ACUICULTURA E INVESTIGACIONES MARINAS
67852,2009-08-01,2015-12-31,5,DESCONOCIDA
67852,2016-01-01,2016-12-31,1,CENTRO NACIONAL DE ACUICULTURA E INVESTIGACIONES MARINAS
67852,2017-01-01,2018-12-31,2,DESCONOCIDA
67852,2019-01-01,,46,CENTRO NACIONAL DE ACUICULTURA E INVESTIGACIONES MARINAS
67854,2009-08-01,2015-12-31,4,DESCONOCIDA
67854,2016-01-01,2016-12-31,1,CENTRO NACIONAL DE ACUICULTURA E INVESTIGACIONES MARINAS
67854,2017-01-01,2018-12-31,2,DESCONOCIDA
67854,2019-01-01,,30,CENTRO NACIONAL DE ACUICULTURA E INVESTIGACIONES MARINAS
67855,2009-08-01,2015-12-31,5,DESCONOCIDA
67855,2016-01-01,2016-12-31,1,CENTRO NACIONAL DE ACUICULTURA E INVESTIGACIONES MARINAS
67855,2017-01-01,2018-12-31,2,DESCONOCIDA
67855,2019-01-01,,18,CENTRO NACIONAL DE ACUICULTURA E INVESTIGACIONES MARINAS
67868,2009-08-01,2015-12-31,4,DESCONOCIDA
67868,2016-01-01,2016-12-31,1,CENTRO NACIONAL DE ACUICULTURA E INVESTIGACIONES MARINAS
67868,2017-01-01,2018-12-31,2,DESCONOCIDA
67868,2019-01-01,,23,CENTRO NACIONAL DE ACUICULTURA E INVESTIGACIONES MARINAS
67869,2009-08-01,2015-12-02,3,DESCONOCIDA
67869,2015-12-02,,71,CENTRO NACIONAL DE ACUICULTURA E INVESTIGACIONES MARINAS
67870,2009-08-01,2015-12-31,5,DESCONOCIDA
67870,2016-01-01,2016-12-31,1,CENTRO NACIONAL DE ACUICULTURA E INVESTIGACIONES MARINAS
67870,2017-01-01,2018-12-31,2,DESCONOCIDA
67870,2019-01-01,,38,CENTRO NACIONAL DE ACUICULTURA E INVESTIGACIONES MARINAS
67871,2009-08-01,2015-12-31,4,DESCONOCIDA
67871,2016-01-01,2016-12-31,1,CENTRO NACIONAL DE ACUICULTURA E INVESTIGACIONES MARINAS
67871,2017-01-01,2018-12-31,2,DESCONOCIDA
67871,2019-01-01,,24,CENTRO NACIONAL DE ACUICULTURA E INVESTIGACIONES MARINAS
67874,2009-08-01,2010-07-31,1,DESCONOCIDA
67874,2014-06-01,2017-01-31,5,DESCONOCIDA
67874,2017-02-01,,37,CENTRO NACIONAL DE ACUICULTURA E INVESTIGACIONES MARINAS
67876,2013-01-01,2015-12-31,3,DESCONOCIDA
67876,2016-01-01,2016-12-31,1,CENTRO NACIONAL DE ACUICULTURA E INVESTIGACIONES MARINAS
67876,2017-01-01,2018-12-31,2,DESCONOCIDA
67876,2019-01-01,2023-08-31,15,CENTRO NACIONAL DE ACUICULTURA E INVESTIGACIONES MARINAS
67877,2009-08-01,2015-12-31,4,DESCONOCIDA
67877,2016-01-01,2016-12-31,1,CENTRO NACIONAL DE ACUICULTURA E INVESTIGACIONES MARINAS
67877,2017-01-01,2018-12-31,2,DESCONOCIDA
67877,2019-01-01,,27,CENTRO NACIONAL DE ACUICULTURA E INVESTIGACIONES MARINAS
67973,2022-01-03,2023-10-01,5,FACULTAD DE INGENIERÍA EN CIENCIAS DE LA TIERRA
68084,2016-05-01,2016-08-19,1,FACULTAD DE INGENIERÍA EN CIENCIAS DE LA TIERRA
68084,2022-12-01,,18,FACULTAD DE INGENIERÍA EN CIENCIAS DE LA TIERRA
68186,2023-03-01,2023-12-31,2,DECANATO DE INVESTIGACIÓN
68186,2024-01-01,2025-12-31,7,FACULTAD DE INGENIERÍA MECÁNICA Y CIENCIAS DE LA PRODUCCIÓN
68191,2018-10-01,2019-02-22,3,FACULTAD DE INGENIERÍA MECÁNICA Y CIENCIAS DE LA PRODUCCIÓN
68191,2019-04-01,,22,FACULTAD DE INGENIERÍA MECÁNICA Y CIENCIAS DE LA PRODUCCIÓN
68232,2023-10-03,2023-12-31,2,FACULTAD DE INGENIERÍA MECÁNICA Y CIENCIAS DE LA PRODUCCIÓN
68232,2024-06-03,2024-09-20,1,FACULTAD DE INGENIERÍA MECÁNICA Y CIENCIAS DE LA PRODUCCIÓN
68232,2024-09-30,2025-02-14,2,FACULTAD DE INGENIERÍA MECÁNICA Y CIENCIAS DE LA PRODUCCIÓN
68247,2024-11-20,2024-12-31,1,FACULTAD DE CIENCIAS NATURALES Y MATEMÁTICAS
68354,2009-09-01,2015-06-01,4,DESCONOCIDA
68354,2015-06-01,2015-12-30,1,CENTRO DE INVESTIGACIONES BIOTECNOLÓGICAS DEL ECUADOR
68354,2015-12-31,2016-05-31,4,DESCONOCIDA
68354,2016-06-01,,81,CENTRO DE INVESTIGACIONES BIOTECNOLÓGICAS DEL ECUADOR
68801,2011-05-02,2014-12-31,3,DESCONOCIDA
68801,2015-01-01,2021-07-07,8,DIRECCIÓN DE ADQUISICIONES Y SUMINISTROS
68801,2021-07-08,,22,DIRECCIÓN DE ADQUISICIONES
68945,2023-11-01,2023-12-31,1,FACULTAD DE INGENIERÍA MARÍTIMA Y CIENCIAS DEL MAR
68945,2024-01-03,2024-01-05,1,FACULTAD DE INGENIERÍA MARÍTIMA Y CIENCIAS DEL MAR
69235,2009-11-01,2012-12-31,4,DESCONOCIDA
69235,2013-03-01,2013-12-31,1,DESCONOCIDA
69235,2014-08-18,2015-12-01,2,DESCONOCIDA
69235,2015-12-02,2017-01-31,2,ESCUELA DE DISEÑO Y COMUNICACIÓN VISUAL
69235,2016-11-01,2016-11-01,1,DESCONOCIDA
69235,2018-03-19,2018-04-17,1,ESCUELA DE DISEÑO Y COMUNICACIÓN VISUAL
69235,2017-02-01,2019-01-23,1,"FACULTAD DE ARTE, DISEÑO Y COMUNICACIÓN AUDIOVISUAL"
69235,2021-03-01,2021-03-30,1,"FACULTAD DE ARTE, DISEÑO Y COMUNICACIÓN AUDIOVISUAL"
69235,2019-01-24,2021-11-30,1,DESCONOCIDA
69235,2019-03-11,2019-03-31,1,ESCUELA DE DISEÑO Y COMUNICACIÓN VISUAL
69235,2021-12-01,2023-12-01,7,"FACULTAD DE ARTE, DISEÑO Y COMUNICACIÓN AUDIOVISUAL"
69247,2009-12-14,2014-12-31,9,DESCONOCIDA
69247,2015-01-01,2016-05-01,3,DIRECCIÓN DE TALENTO HUMANO
69247,2016-05-01,2016-07-01,2,DESCONOCIDA
69247,2016-07-01,2022-01-01,14,DIRECCIÓN DE TALENTO HUMANO
69756,2010-01-01,2012-12-31,4,DESCONOCIDA
69756,2015-01-01,2015-06-01,1,DIRECCIÓN DE LA SECRETARÍA TÉCNICA DE ASEGURAMIENTO DE LA CALIDAD DE LA EDUCACIÓN SUPERIOR
69756,2016-09-01,2020-08-06,12,DIRECCIÓN DE LA SECRETARÍA TÉCNICA DE ASEGURAMIENTO DE LA CALIDAD DE LA EDUCACIÓN SUPERIOR
69756,2014-01-01,2014-12-31,1,DESCONOCIDA
69756,2020-11-23,2020-12-08,1,DIRECCIÓN DE LA SECRETARÍA TÉCNICA DE ASEGURAMIENTO DE LA CALIDAD DE LA EDUCACIÓN SUPERIOR
69756,2015-06-01,2016-05-01,2,CENTRO DE INVESTIGACIONES BIOTECNOLÓGICAS DEL ECUADOR
69756,2020-08-06,2023-07-04,11,SECRETARÍA TÉCNICA DE ASEGURAMIENTO DE LA CALIDAD
69846,2024-11-20,2024-12-31,1,DIRECCIÓN DE ADMISIONES
70235,2016-05-01,,37,DIRECCIÓN DE LA SECRETARÍA TÉCNICA ACADEMICA
70512,2017-01-03,2017-12-31,1,UNIDAD DE BIENESTAR ESTUDIANTIL Y POLITÉCNICO
70512,2018-01-02,2018-12-31,1,UNIDAD DE BIENESTAR ESTUDIANTIL Y POLITÉCNICO
70512,2019-01-02,2019-12-31,1,UNIDAD DE BIENESTAR ESTUDIANTIL Y POLITÉCNICO
70512,2020-01-02,2020-12-31,1,UNIDAD DE BIENESTAR ESTUDIANTIL Y POLITÉCNICO
70512,2025-01-02,,5,DECANATO DE GRADO
71027,2022-07-01,,20,"FACULTAD DE ARTE, DISEÑO Y COMUNICACIÓN AUDIOVISUAL"
71044,2017-04-26,2017-12-31,1,DESCONOCIDA
71044,2018-01-01,2026-02-13,21,FACULTAD DE CIENCIAS NATURALES Y MATEMÁTICAS
72101,2017-04-26,2017-12-31,1,DESCONOCIDA
72101,2018-01-01,2021-09-26,8,FACULTAD DE INGENIERÍA EN ELECTRICIDAD Y COMPUTACIÓN
72297,2016-10-01,2016-12-31,1,DESCONOCIDA
72297,2017-01-01,2022-11-18,13,FACULTAD DE CIENCIAS NATURALES Y MATEMÁTICAS
72297,2024-07-01,,8,FACULTAD DE INGENIERÍA EN ELECTRICIDAD Y COMPUTACIÓN
72321,2023-09-20,2023-12-31,1,DIRECCIÓN DE ADMISIONES
73369,2016-07-01,2019-01-23,4,"FACULTAD DE INGENIERIA MARÍTIMA, CIENCIAS BIOLÓGICAS, OCEÁNICAS Y RECURSOS NATURALES"
73369,2019-02-21,2019-02-25,1,"FACULTAD DE INGENIERIA MARÍTIMA, CIENCIAS BIOLÓGICAS, OCEÁNICAS Y RECURSOS NATURALES"
73369,2019-07-17,2019-07-19,1,"FACULTAD DE INGENIERIA MARÍTIMA, CIENCIAS BIOLÓGICAS, OCEÁNICAS Y RECURSOS NATURALES"
73369,2020-12-28,2020-12-31,1,FACULTAD DE INGENIERÍA MARÍTIMA Y CIENCIAS DEL MAR
73369,2019-09-02,2019-09-27,1,"FACULTAD DE INGENIERIA MARÍTIMA, CIENCIAS BIOLÓGICAS, OCEÁNICAS Y RECURSOS NATURALES"
73369,2019-01-24,2021-11-30,1,DESCONOCIDA
73369,2021-12-01,,25,FACULTAD DE INGENIERÍA MARÍTIMA Y CIENCIAS DEL MAR
73396,2023-05-29,2024-12-31,3,DIRECCIÓN DE ADMISIONES
73399,2018-05-01,2020-02-10,4,FACULTAD DE INGENIERÍA MECÁNICA Y CIENCIAS DE LA PRODUCCIÓN
73399,2021-05-17,2022-02-18,3,FACULTAD DE INGENIERÍA MECÁNICA Y CIENCIAS DE LA PRODUCCIÓN
73399,2022-05-16,2022-09-23,1,FACULTAD DE INGENIERÍA MECÁNICA Y CIENCIAS DE LA PRODUCCIÓN
73399,2022-10-03,2024-05-05,7,FACULTAD DE INGENIERÍA MECÁNICA Y CIENCIAS DE LA PRODUCCIÓN
73422,2015-05-01,2015-12-01,1,FACULTAD DE CIENCIAS NATURALES Y MATEMÁTICAS
73422,2015-12-02,2016-12-31,1,DIRECCIÓN DE ADMISIONES
73422,2018-04-02,2018-04-26,1,DIRECCIÓN DE ADMISIONES
73422,2017-01-01,,19,FACULTAD DE CIENCIAS NATURALES Y MATEMÁTICAS
73422,2019-04-01,2019-04-12,1,DIRECCIÓN DE ADMISIONES
73422,2017-01-01,2017-01-01,1,DESCONOCIDA
73427,2018-10-01,2019-09-29,2,FACULTAD DE CIENCIAS SOCIALES Y HUMANÍSTICAS
73427,2021-05-17,2021-09-24,1,FACULTAD DE CIENCIAS SOCIALES Y HUMANÍSTICAS
73427,2021-10-04,2022-02-18,3,FACULTAD DE CIENCIAS SOCIALES Y HUMANÍSTICAS
73427,2022-05-16,2022-09-23,1,FACULTAD DE CIENCIAS SOCIALES Y HUMANÍSTICAS
73427,2022-10-03,2023-02-17,3,FACULTAD DE CIENCIAS SOCIALES Y HUMANÍSTICAS
73427,2023-05-15,2024-02-16,4,FACULTAD DE CIENCIAS SOCIALES Y HUMANÍSTICAS
73427,2024-05-06,2025-02-14,5,FACULTAD DE CIENCIAS SOCIALES Y HUMANÍSTICAS
73427,2025-05-05,2026-02-13,3,FACULTAD DE CIENCIAS SOCIALES Y HUMANÍSTICAS
73427,2026-05-04,,2,FACULTAD DE CIENCIAS SOCIALES Y HUMANÍSTICAS
73466,2025-06-23,,4,DECANATO DE GRADO
73485,2020-02-22,2023-12-31,12,FACULTAD DE INGENIERÍA EN CIENCIAS DE LA TIERRA
73485,2025-05-05,,9,DIRECCIÓN DE ADMISIONES
73495,2017-01-01,2018-09-13,2,FACULTAD DE CIENCIAS NATURALES Y MATEMÁTICAS
73495,2016-10-01,2016-12-31,1,DESCONOCIDA
73495,2019-09-30,2020-02-21,2,FACULTAD DE CIENCIAS NATURALES Y MATEMÁTICAS
73498,2021-05-17,,17,FACULTAD DE INGENIERÍA MECÁNICA Y CIENCIAS DE LA PRODUCCIÓN
73504,2023-05-15,,11,FACULTAD DE CIENCIAS NATURALES Y MATEMÁTICAS
73526,2022-09-26,2022-09-30,1,SECRETARIA ADMINISTRATIVA
73526,2022-11-25,2022-12-01,1,SECRETARIA ADMINISTRATIVA
73526,2023-09-25,2023-09-29,1,SECRETARIA ADMINISTRATIVA
73526,2024-04-15,2024-04-19,1,SECRETARIA ADMINISTRATIVA
73526,2022-09-01,,27,GERENCIA JURÍDICA
73526,2024-12-26,2024-12-31,1,SECRETARIA ADMINISTRATIVA
73533,2021-03-01,2022-11-07,6,GERENCIA DE COMUNICACIÓN SOCIAL Y ASUNTOS PÚBLICOS
73533,2022-12-27,2022-12-30,1,GERENCIA DE COMUNICACIÓN SOCIAL Y ASUNTOS PÚBLICOS
73533,2023-01-03,2023-01-06,1,GERENCIA DE COMUNICACIÓN SOCIAL Y ASUNTOS PÚBLICOS
73533,2022-11-08,2026-08-03,21,GERENCIA DE COMUNICACIÓN
73533,2026-08-07,2026-08-07,1,GERENCIA DE COMUNICACIÓN
73533,2023-01-27,2023-01-27,1,GERENCIA DE COMUNICACIÓN SOCIAL Y ASUNTOS PÚBLICOS
73533,2026-08-17,,3,GERENCIA DE COMUNICACIÓN
73548,2017-12-07,2017-12-12,1,DESCONOCIDA
73548,2018-03-05,2018-03-09,1,DESCONOCIDA
73548,2018-03-19,2018-03-23,1,DESCONOCIDA
73548,2018-04-03,2018-04-05,1,DESCONOCIDA
73548,2018-04-08,2018-04-11,1,DESCONOCIDA
73548,2018-04-15,2018-04-15,1,DESCONOCIDA
73548,2018-06-16,2018-06-21,1,DESCONOCIDA
73548,2018-07-17,2018-07-20,1,DESCONOCIDA
73548,2018-09-18,2018-09-26,1,DESCONOCIDA
73548,2018-11-03,2018-11-10,1,DESCONOCIDA
73548,2019-01-19,2019-01-24,1,DESCONOCIDA
73548,2019-02-26,2019-03-01,1,DESCONOCIDA
73548,2019-04-13,2019-04-21,1,DESCONOCIDA
73548,2019-05-14,2019-05-17,1,DESCONOCIDA
73548,2019-05-25,2019-06-01,1,DESCONOCIDA
73548,2019-06-19,2019-06-21,1,DESCONOCIDA
73548,2017-12-01,2020-08-05,2,GERENCIA DE RELACIONES INTERNACIONALES
73548,2020-03-02,2020-03-09,1,DESCONOCIDA
73548,2020-08-06,2022-08-01,13,GERENCIA DE RELACIONES EXTERNAS
73563,2014-09-15,2014-12-31,1,DESCONOCIDA
73563,2015-01-01,2015-10-18,1,DIRECCIÓN DE ADMISIONES
73563,2015-10-19,2016-01-18,1,DESCONOCIDA
73563,2016-05-01,2023-08-24,21,DIRECCIÓN DE ADMISIONES
73563,2016-01-19,2016-04-30,1,RECTORADO
73563,2023-08-21,,17,GERENCIA DE TECNOLOGÍAS Y SISTEMAS DE INFORMACIÓN
73569,2016-05-01,2016-08-30,1,FACULTAD DE CIENCIAS DE LA VIDA
73569,2019-09-30,,47,FACULTAD DE CIENCIAS DE LA VIDA
73609,2016-08-15,2016-12-31,1,DESCONOCIDA
73609,2017-01-01,2020-02-21,5,FACULTAD DE CIENCIAS DE LA VIDA
73609,2025-10-07,,3,FACULTAD DE INGENIERÍA MARÍTIMA Y CIENCIAS DEL MAR
73618,2014-06-01,2014-12-31,1,DESCONOCIDA
73618,2016-07-01,2016-07-01,1,DESCONOCIDA
73618,2015-01-01,2024-12-08,33,CENTRO DE INVESTIGACIONES Y SERVICIOS EDUCATIVOS
73618,2024-12-09,,10,ESCUELA DE POSTGRADO EN ADMINISTRACIÓN DE EMPRESAS
73639,2020-02-07,,22,GERENCIA FINANCIERA
73646,2016-04-01,2016-12-31,1,DESCONOCIDA
73646,2018-08-01,2018-08-01,1,DESCONOCIDA
73646,2020-03-01,2020-03-01,1,DESCONOCIDA
73646,2020-12-16,2020-12-16,1,DESCONOCIDA
73646,2017-01-01,2020-12-15,9,GERENCIA FINANCIERA
73677,2018-02-01,2024-01-15,28,FACULTAD DE CIENCIAS SOCIALES Y HUMANÍSTICAS
73683,2023-10-02,,28,GERENCIA DE PLANIFICACIÓN ESTRATÉGICA
73715,2023-03-01,2023-12-31,2,DECANATO DE INVESTIGACIÓN
73715,2025-10-03,,2,FACULTAD DE INGENIERÍA MECÁNICA Y CIENCIAS DE LA PRODUCCIÓN
73724,2017-01-03,2017-12-31,1,UNIDAD DE VINCULACIÓN CON LA SOCIEDAD
73724,2016-08-01,2016-12-31,1,DESCONOCIDA
73724,2021-03-01,2022-01-31,4,UNIDAD DE VINCULACIÓN CON LA SOCIEDAD
73724,2022-02-01,,30,DECANATO DE VINCULACIÓN
73742,2019-05-02,,28,DIRECCIÓN DE SERVICIOS GENERALES
73763,2018-06-01,2021-10-31,8,FACULTAD DE CIENCIAS SOCIALES Y HUMANÍSTICAS
73767,2019-01-01,2022-11-07,14,UNIDAD DE BIENESTAR ESTUDIANTIL Y POLITÉCNICO
73767,2022-11-25,2022-11-25,1,UNIDAD DE BIENESTAR ESTUDIANTIL Y POLITÉCNICO
73767,2022-12-27,2022-12-30,1,UNIDAD DE BIENESTAR ESTUDIANTIL Y POLITÉCNICO
73767,2022-11-08,2024-09-01,14,GERENCIA DE BIENESTAR POLITÉCNICO
73782,2018-01-01,2022-09-01,11,GERENCIA DE PLANIFICACIÓN ESTRATÉGICA
73790,2015-12-01,2017-01-01,3,FACULTAD DE INGENIERÍA EN CIENCIAS DE LA TIERRA
73790,2015-01-01,2016-12-31,1,DESCONOCIDA
73790,2021-11-04,2021-11-18,1,DESCONOCIDA
73790,2017-04-01,2022-01-29,5,FACULTAD DE INGENIERÍA EN CIENCIAS DE LA TIERRA
73799,2019-05-13,2024-02-16,15,FACULTAD DE CIENCIAS NATURALES Y MATEMÁTICAS
73799,2024-05-13,2025-02-14,3,FACULTAD DE CIENCIAS NATURALES Y MATEMÁTICAS
73799,2025-05-12,2026-02-13,3,FACULTAD DE CIENCIAS NATURALES Y MATEMÁTICAS
73803,2016-05-01,2016-09-05,1,FACULTAD DE INGENIERÍA EN CIENCIAS DE LA TIERRA
73837,2023-10-02,,10,FACULTAD DE INGENIERÍA MECÁNICA Y CIENCIAS DE LA PRODUCCIÓN
74185,2023-11-01,,20,DECANATO DE GRADO
74205,2016-09-16,,30,FACULTAD DE CIENCIAS NATURALES Y MATEMÁTICAS
74205,2017-01-01,2017-01-01,1,DESCONOCIDA
74221,2024-11-21,2024-12-31,1,FACULTAD DE CIENCIAS NATURALES Y MATEMÁTICAS
74257,2016-05-01,2016-12-31,1,DESCONOCIDA
74257,2017-01-01,2018-09-04,2,FACULTAD DE INGENIERÍA EN ELECTRICIDAD Y COMPUTACIÓN
74257,2020-10-01,2020-12-31,1,DESCONOCIDA
74257,2021-01-01,2021-09-10,1,FACULTAD DE INGENIERÍA EN ELECTRICIDAD Y COMPUTACIÓN
74261,2022-06-28,,19,FACULTAD DE INGENIERÍA EN CIENCIAS DE LA TIERRA
74289,2021-03-08,2021-03-19,1,DECANATO DE GRADO
74289,2022-04-04,2022-04-14,1,DECANATO DE GRADO
74289,2017-12-11,,35,FACULTAD DE INGENIERÍA MECÁNICA Y CIENCIAS DE LA PRODUCCIÓN
74289,2022-05-19,2022-05-20,1,DECANATO DE GRADO
74317,2015-06-01,2016-01-01,3,DESCONOCIDA
74317,2016-01-01,2016-12-31,1,DIRECCIÓN DE SERVICIOS GENERALES
74317,2017-01-01,2018-12-31,2,DESCONOCIDA
74317,2019-01-01,2022-01-27,3,DIRECCIÓN DE SERVICIOS GENERALES
74334,2025-01-02,2025-05-11,1,DIRECCIÓN DE ADMISIONES
74334,2025-10-08,2025-12-31,1,DECANATO DE GRADO
74410,2015-06-01,2016-04-30,1,GERENCIA ADMINISTRATIVA
74410,2016-05-01,2016-07-31,2,DESCONOCIDA
74410,2015-01-01,2015-05-31,1,DIRECCIÓN DE ADQUISICIONES Y SUMINISTROS
74410,2018-04-25,2018-05-14,1,DIRECCIÓN DE ADQUISICIONES Y SUMINISTROS
74410,2016-08-01,2020-11-01,9,GERENCIA ADMINISTRATIVA
74410,2018-01-16,2018-10-01,2,DESCONOCIDA
74410,2020-03-02,2020-03-16,1,DIRECCIÓN DE SERVICIOS GENERALES
74424,2018-01-17,,15,FACULTAD DE CIENCIAS NATURALES Y MATEMÁTICAS
74517,2022-07-01,2022-09-30,1,UNIDAD DE BIENESTAR ESTUDIANTIL Y POLITÉCNICO
74517,2023-09-04,2023-10-31,1,GERENCIA DE BIENESTAR POLITÉCNICO
74517,2024-09-02,2024-10-31,1,GERENCIA DE BIENESTAR POLITÉCNICO
74517,2022-10-11,2022-11-01,1,UNIDAD DE BIENESTAR ESTUDIANTIL Y POLITÉCNICO
74517,2024-11-11,2024-12-13,1,GERENCIA DE BIENESTAR POLITÉCNICO
75199,2019-11-05,2023-01-01,14,DIRECCIÓN DE TALENTO HUMANO
75537,2015-05-11,2016-12-31,3,DESCONOCIDA
75537,2017-01-01,2020-02-21,5,FACULTAD DE CIENCIAS DE LA VIDA
75543,2022-05-16,2023-04-30,5,FACULTAD DE INGENIERÍA EN CIENCIAS DE LA TIERRA
75611,2024-01-02,,16,FACULTAD DE INGENIERÍA EN ELECTRICIDAD Y COMPUTACIÓN
75635,2023-10-02,2025-05-04,8,FACULTAD DE INGENIERÍA EN ELECTRICIDAD Y COMPUTACIÓN
75635,2026-05-04,,1,FACULTAD DE INGENIERÍA EN ELECTRICIDAD Y COMPUTACIÓN
75635,2025-05-05,2026-05-03,5,DIRECCIÓN DE ADMISIONES
75684,2024-08-26,2024-12-31,2,FACULTAD DE CIENCIAS NATURALES Y MATEMÁTICAS
75698,2020-03-02,2020-12-19,1,FACULTAD DE INGENIERÍA MARÍTIMA Y CIENCIAS DEL MAR
75701,2023-05-02,2023-07-15,1,FACULTAD DE INGENIERÍA EN CIENCIAS DE LA TIERRA
75701,2023-10-03,2023-12-31,2,FACULTAD DE INGENIERÍA EN CIENCIAS DE LA TIERRA
75701,2026-02-20,,2,FACULTAD DE INGENIERÍA EN CIENCIAS DE LA TIERRA
75701,2025-10-03,2025-12-31,2,CENTRO DE INVESTIGACIÓN Y PROYECTOS APLICADOS A LAS CIENCIAS DE LA TIERRA
75709,2021-08-02,2021-12-31,1,GERENCIA DE TECNOLOGÍAS Y SISTEMAS DE INFORMACIÓN
75709,2022-01-06,2022-06-13,1,GERENCIA DE TECNOLOGÍAS Y SISTEMAS DE INFORMACIÓN
75709,2024-01-02,,10,GERENCIA DE TECNOLOGÍAS Y SISTEMAS DE INFORMACIÓN
75712,2019-12-02,2023-04-01,17,FACULTAD DE INGENIERÍA EN ELECTRICIDAD Y COMPUTACIÓN
75712,2025-08-01,,10,DIRECCIÓN DE ADMISIONES
75723,2023-10-03,2023-12-31,2,FACULTAD DE INGENIERÍA EN CIENCIAS DE LA TIERRA
75738,2021-01-04,2021-12-31,1,CENTRO DE INVESTIGACIÓN Y PROYECTOS APLICADOS A LAS CIENCIAS DE LA TIERRA
75738,2026-01-06,,1,CENTRO DE AGUA Y DESARROLLO SUSTENTABLE
75739,2023-10-05,2023-12-31,2,FACULTAD DE INGENIERÍA MECÁNICA Y CIENCIAS DE LA PRODUCCIÓN
75739,2024-11-20,2024-12-31,1,DECANATO DE INVESTIGACIÓN
75747,2023-09-20,2024-09-20,5,DIRECCIÓN DE ADMISIONES
75747,2021-11-15,2021-12-15,1,UNIDAD DE VINCULACIÓN CON LA SOCIEDAD
75747,2022-04-18,2022-05-18,1,DECANATO DE VINCULACIÓN
75747,2024-09-23,,7,DIRECCIÓN DE ADMISIONES
75750,2023-07-25,2025-12-31,6,CENTRO DE INVESTIGACIÓN Y PROYECTOS APLICADOS A LAS CIENCIAS DE LA TIERRA
75750,2026-01-06,2026-06-30,1,CENTRO DE INVESTIGACIÓN Y PROYECTOS APLICADOS A LAS CIENCIAS DE LA TIERRA
75751,2023-05-15,2026-02-13,13,FACULTAD DE INGENIERÍA EN ELECTRICIDAD Y COMPUTACIÓN
75751,2026-05-04,,1,FACULTAD DE INGENIERÍA EN ELECTRICIDAD Y COMPUTACIÓN
75755,2021-03-15,2026-04-17,17,FACULTAD DE CIENCIAS DE LA VIDA
75790,2020-04-01,2020-12-31,1,FACULTAD DE INGENIERÍA EN ELECTRICIDAD Y COMPUTACIÓN
75790,2021-01-01,2021-03-16,2,GERENCIA DE TECNOLOGÍAS Y SISTEMAS DE INFORMACIÓN
75804,2024-11-20,2024-12-31,1,FACULTAD DE CIENCIAS NATURALES Y MATEMÁTICAS
75838,2023-10-23,2024-02-16,3,FACULTAD DE INGENIERÍA EN ELECTRICIDAD Y COMPUTACIÓN
75838,2024-02-19,,9,FACULTAD DE INGENIERÍA EN ELECTRICIDAD Y COMPUTACIÓN
75859,2024-07-01,2024-09-20,1,FACULTAD DE INGENIERÍA MECÁNICA Y CIENCIAS DE LA PRODUCCIÓN
75859,2024-09-30,2025-05-01,2,FACULTAD DE INGENIERÍA MECÁNICA Y CIENCIAS DE LA PRODUCCIÓN
75860,2023-05-15,2025-10-01,7,FACULTAD DE INGENIERÍA MECÁNICA Y CIENCIAS DE LA PRODUCCIÓN
75889,2020-09-01,2023-08-01,25,GERENCIA DE INFRAESTRUCTURA FÍSICA
75946,2023-05-15,,18,FACULTAD DE INGENIERÍA EN CIENCIAS DE LA TIERRA
75961,2020-11-30,2020-12-03,1,FACULTAD DE INGENIERÍA MARÍTIMA Y CIENCIAS DEL MAR
75961,2019-03-01,2019-03-31,1,"FACULTAD DE INGENIERIA MARÍTIMA, CIENCIAS BIOLÓGICAS, OCEÁNICAS Y RECURSOS NATURALES"
75961,2024-05-13,,12,FACULTAD DE INGENIERÍA MARÍTIMA Y CIENCIAS DEL MAR
75964,2026-01-06,,1,CENTRO DE INVESTIGACIÓN Y PROYECTOS APLICADOS A LAS CIENCIAS DE LA TIERRA
75998,2023-09-20,2023-12-31,1,DIRECCIÓN DE ADMISIONES
76024,2023-07-17,2026-06-30,10,FACULTAD DE CIENCIAS NATURALES Y MATEMÁTICAS
76043,2025-09-01,2025-12-31,2,FACULTAD DE CIENCIAS DE LA VIDA
76063,2024-01-01,2025-12-31,8,FACULTAD DE CIENCIAS NATURALES Y MATEMÁTICAS
76063,2023-03-01,2023-12-31,2,DECANATO DE INVESTIGACIÓN
76063,2026-05-11,,1,FACULTAD DE CIENCIAS NATURALES Y MATEMÁTICAS
76065,2025-09-22,2025-12-31,2,DIRECCIÓN DE ADMISIONES
76069,2022-08-02,2023-12-31,8,CENTRO ECUATORIANO DE INVESTIGACIÓN Y DESARROLLO EN NANOTECNOLOGÍA
76072,2025-10-03,,2,FACULTAD DE CIENCIAS NATURALES Y MATEMÁTICAS
76092,2021-05-17,2023-09-04,7,FACULTAD DE CIENCIAS DE LA VIDA
76093,2023-10-23,2023-12-31,2,FACULTAD DE CIENCIAS DE LA VIDA
76093,2024-10-15,,5,FACULTAD DE CIENCIAS DE LA VIDA
76094,2023-10-05,2023-12-31,2,FACULTAD DE CIENCIAS DE LA VIDA
76104,2023-10-10,2023-12-31,2,"VICERRECTORADO DE INVESTIGACIÓN, DESARROLLO E INNOVACIÓN"
76115,2025-05-12,2026-05-03,4,DIRECCIÓN DE ADMISIONES
76209,2016-08-15,2016-08-25,1,DESCONOCIDA
76217,2015-06-01,2016-06-30,3,DESCONOCIDA
76217,2016-07-01,,27,DIRECCIÓN DE TALENTO HUMANO
76218,2015-05-01,2016-04-30,1,ESCUELA DE DISEÑO Y COMUNICACIÓN VISUAL
76218,2016-05-02,2016-09-23,1,ESCUELA DE DISEÑO Y COMUNICACIÓN VISUAL
76218,2016-10-10,2017-03-17,2,ESCUELA DE DISEÑO Y COMUNICACIÓN VISUAL
76218,2017-10-01,2019-01-23,3,ESCUELA DE DISEÑO Y COMUNICACIÓN VISUAL
76218,2019-01-24,2020-09-30,4,"FACULTAD DE ARTE, DISEÑO Y COMUNICACIÓN AUDIOVISUAL"
76778,2018-05-01,2018-09-21,1,FACULTAD DE CIENCIAS NATURALES Y MATEMÁTICAS
76778,2018-10-01,,23,FACULTAD DE INGENIERÍA EN ELECTRICIDAD Y COMPUTACIÓN
77007,2021-01-01,2021-02-19,1,FACULTAD DE INGENIERÍA MECÁNICA Y CIENCIAS DE LA PRODUCCIÓN
77007,2020-10-01,2020-12-31,1,DESCONOCIDA
77007,2021-05-17,2022-04-30,2,FACULTAD DE INGENIERÍA MECÁNICA Y CIENCIAS DE LA PRODUCCIÓN
77381,2024-02-16,,7,"VICERRECTORADO DE INVESTIGACIÓN, DESARROLLO E INNOVACIÓN"
77389,2015-07-01,2015-12-31,1,CENTRO NACIONAL DE ACUICULTURA E INVESTIGACIONES MARINAS
77389,2016-08-01,,58,CENTRO NACIONAL DE ACUICULTURA E INVESTIGACIONES MARINAS
77389,2016-01-01,2016-08-01,2,DESCONOCIDA
77401,2016-11-01,2016-12-31,1,FACULTAD DE INGENIERÍA MARÍTIMA Y CIENCIAS DEL MAR
77401,2019-02-24,,32,FACULTAD DE INGENIERÍA MARÍTIMA Y CIENCIAS DEL MAR
77401,2017-01-01,2019-02-23,3,"FACULTAD DE INGENIERIA MARÍTIMA, CIENCIAS BIOLÓGICAS, OCEÁNICAS Y RECURSOS NATURALES"
77482,2023-10-03,2023-12-31,2,FACULTAD DE INGENIERÍA EN ELECTRICIDAD Y COMPUTACIÓN
77511,2015-08-11,2015-12-31,1,VICERRECTORADO ACADÉMICO
77511,2016-01-01,2017-12-31,3,DESCONOCIDA
77511,2017-12-01,2019-08-31,3,UNIDAD DE BIENESTAR ESTUDIANTIL Y POLITÉCNICO
77511,2023-11-01,2024-12-02,10,GERENCIA DE BIENESTAR POLITÉCNICO
77512,2015-08-17,2016-12-31,2,DESCONOCIDA
77512,2017-01-01,2017-09-30,1,ESCUELA DE DISEÑO Y COMUNICACIÓN VISUAL
77512,2024-10-22,2024-12-31,1,DIRECCIÓN DE ADMISIONES
77512,2025-05-12,2026-02-13,4,DECANATO DE GRADO
77520,2016-01-01,2016-01-01,1,DESCONOCIDA
77520,2015-08-01,2016-12-31,2,RECTORADO
77520,2019-01-01,2024-12-31,10,RECTORADO
77520,2025-01-16,2025-01-16,1,RECTORADO
77520,2025-01-24,2025-01-24,1,RECTORADO
77520,2025-12-26,2025-12-31,1,RECTORADO
77520,2026-02-18,2026-02-27,1,RECTORADO
77520,2026-03-20,2026-03-20,1,RECTORADO
77520,2017-01-01,2018-12-31,2,DESCONOCIDA
77520,2025-01-01,,4,DIRECCIÓN DE TALENTO HUMANO
77528,2015-08-01,,25,FACULTAD DE INGENIERÍA MECÁNICA Y CIENCIAS DE LA PRODUCCIÓN
77558,2015-09-01,2016-02-27,1,DESCONOCIDA
77558,2016-04-01,,54,FACULTAD DE INGENIERÍA EN ELECTRICIDAD Y COMPUTACIÓN
77575,2015-08-17,2016-12-31,1,FACULTAD DE CIENCIAS DE LA VIDA
77575,2018-01-01,,53,FACULTAD DE CIENCIAS DE LA VIDA
77575,2017-01-01,2017-12-31,1,DESCONOCIDA
77594,2016-01-01,2016-01-01,1,DESCONOCIDA
77594,2015-09-21,2016-12-31,2,CENTRO NACIONAL DE ACUICULTURA E INVESTIGACIONES MARINAS
77594,2019-01-01,,24,CENTRO NACIONAL DE ACUICULTURA E INVESTIGACIONES MARINAS
77594,2017-01-01,2018-12-31,2,DESCONOCIDA
77603,2016-01-01,2016-01-01,1,DESCONOCIDA
77603,2016-01-01,2016-12-31,1,GERENCIA DE COMUNICACIÓN SOCIAL Y ASUNTOS PÚBLICOS
77603,2019-01-01,2022-12-31,5,GERENCIA DE COMUNICACIÓN SOCIAL Y ASUNTOS PÚBLICOS
77603,2023-09-04,2023-09-19,1,GERENCIA DE COMUNICACIÓN SOCIAL Y ASUNTOS PÚBLICOS
77603,2017-01-01,2018-12-31,2,DESCONOCIDA
77603,2023-12-26,2023-12-29,1,GERENCIA DE COMUNICACIÓN SOCIAL Y ASUNTOS PÚBLICOS
77603,2023-01-01,,12,GERENCIA DE COMUNICACIÓN
77628,2025-10-03,2025-12-31,1,CENTRO DE AGUA Y DESARROLLO SUSTENTABLE
77629,2023-07-25,,13,"VICERRECTORADO DE INVESTIGACIÓN, DESARROLLO E INNOVACIÓN"
77663,2023-10-03,2023-12-31,2,FACULTAD DE INGENIERÍA EN ELECTRICIDAD Y COMPUTACIÓN
77679,2023-07-03,2023-12-31,2,FACULTAD DE CIENCIAS NATURALES Y MATEMÁTICAS
77679,2026-05-11,,1,FACULTAD DE CIENCIAS NATURALES Y MATEMÁTICAS
77712,2024-03-01,2024-12-31,5,DIRECCIÓN DE ADMISIONES
77712,2021-07-01,2024-02-29,14,FACULTAD DE INGENIERÍA EN CIENCIAS DE LA TIERRA
77712,2026-08-11,,1,DIRECCIÓN DE ADMISIONES
77720,2021-06-22,2021-12-31,1,DECANATO DE INVESTIGACIÓN
77720,2022-01-06,2022-12-31,1,DECANATO DE INVESTIGACIÓN
77720,2023-03-01,2023-11-30,2,FACULTAD DE INGENIERÍA EN CIENCIAS DE LA TIERRA
77727,2023-12-01,2024-08-31,3,FACULTAD DE INGENIERÍA MARÍTIMA Y CIENCIAS DEL MAR
77734,2023-11-13,,12,FACULTAD DE INGENIERÍA EN CIENCIAS DE LA TIERRA
77764,2023-03-01,2023-12-31,2,DECANATO DE INVESTIGACIÓN
77764,2024-01-01,2024-04-06,1,FACULTAD DE INGENIERÍA EN CIENCIAS DE LA TIERRA
77788,2022-05-16,,24,FACULTAD DE INGENIERÍA MECÁNICA Y CIENCIAS DE LA PRODUCCIÓN
77803,2025-06-11,,4,FACULTAD DE INGENIERÍA EN CIENCIAS DE LA TIERRA
77835,2023-05-04,2024-05-02,3,FACULTAD DE CIENCIAS NATURALES Y MATEMÁTICAS
77854,2023-10-03,2023-12-31,2,FACULTAD DE INGENIERÍA MECÁNICA Y CIENCIAS DE LA PRODUCCIÓN
77855,2023-10-03,2023-12-31,2,FACULTAD DE INGENIERÍA MECÁNICA Y CIENCIAS DE LA PRODUCCIÓN
77881,2026-05-04,,3,DIRECCIÓN DE SERVICIOS GENERALES
77927,2021-06-09,2023-07-14,6,FACULTAD DE INGENIERÍA EN ELECTRICIDAD Y COMPUTACIÓN
77935,2023-11-01,2026-02-13,9,CENTRO DE TECNOLOGÍAS DE LA INFORMACIÓN
77935,2026-02-18,,2,CENTRO DE TECNOLOGÍAS DE LA INFORMACIÓN
77974,2023-10-03,2023-12-31,2,FACULTAD DE CIENCIAS SOCIALES Y HUMANÍSTICAS
77994,2021-05-25,2021-08-31,1,DIRECCIÓN DE ADMISIONES
77994,2021-10-11,2021-12-31,1,DIRECCIÓN DE ADMISIONES
78002,2023-03-15,2023-12-31,2,DECANATO DE INVESTIGACIÓN
78002,2025-10-24,,3,FACULTAD DE CIENCIAS SOCIALES Y HUMANÍSTICAS
78035,2024-08-05,,8,RECTORADO
78066,2023-04-03,2023-12-31,2,FACULTAD DE CIENCIAS SOCIALES Y HUMANÍSTICAS
78066,2024-06-03,2026-02-13,5,FACULTAD DE CIENCIAS SOCIALES Y HUMANÍSTICAS
78086,2023-08-07,2025-12-31,14,CENTRO DE INVESTIGACIONES BIOTECNOLÓGICAS DEL ECUADOR
78086,2026-02-10,,2,CENTRO DE INVESTIGACIONES BIOTECNOLÓGICAS DEL ECUADOR
78101,2024-06-03,2026-02-28,6,"FACULTAD DE ARTE, DISEÑO Y COMUNICACIÓN AUDIOVISUAL"
78121,2023-10-06,2023-12-31,2,"FACULTAD DE ARTE, DISEÑO Y COMUNICACIÓN AUDIOVISUAL"
78135,2022-05-03,2022-10-31,1,UNIDAD DE BIENESTAR ESTUDIANTIL Y POLITÉCNICO
78135,2022-12-27,2022-12-30,1,UNIDAD DE BIENESTAR ESTUDIANTIL Y POLITÉCNICO
78135,2022-11-01,,28,GERENCIA DE BIENESTAR POLITÉCNICO
78220,2024-10-01,,10,DIRECCIÓN DE ADMISIONES
78260,2023-09-20,2023-12-31,1,DIRECCIÓN DE ADMISIONES
78305,2021-05-25,2021-08-31,1,DIRECCIÓN DE ADMISIONES
78305,2021-10-11,2021-12-31,1,DIRECCIÓN DE ADMISIONES
78314,2021-10-04,2024-03-20,9,FACULTAD DE INGENIERÍA EN ELECTRICIDAD Y COMPUTACIÓN
78314,2024-09-30,,4,FACULTAD DE INGENIERÍA EN ELECTRICIDAD Y COMPUTACIÓN
78357,2023-06-15,2024-12-31,4,FACULTAD DE INGENIERÍA MECÁNICA Y CIENCIAS DE LA PRODUCCIÓN
78357,2025-02-21,2025-08-31,2,CENTRO ECUATORIANO DE INVESTIGACIÓN Y DESARROLLO EN NANOTECNOLOGÍA
78381,2024-11-20,2024-12-31,1,FACULTAD DE CIENCIAS SOCIALES Y HUMANÍSTICAS
78432,2023-03-01,2023-12-31,2,DECANATO DE INVESTIGACIÓN
78450,2021-11-19,2021-11-26,1,UNIDAD DE VINCULACIÓN CON LA SOCIEDAD
78479,2023-01-03,,19,GERENCIA DE TECNOLOGÍAS Y SISTEMAS DE INFORMACIÓN
78499,2023-05-02,2025-12-31,9,FACULTAD DE INGENIERÍA EN CIENCIAS DE LA TIERRA
78499,2026-02-10,2026-07-30,2,CENTRO DE INVESTIGACIÓN Y PROYECTOS APLICADOS A LAS CIENCIAS DE LA TIERRA
78513,2023-11-01,,11,GERENCIA DE PLANIFICACIÓN ESTRATÉGICA
78520,2023-11-27,2025-12-31,8,"CENTRO DE INVESTIGACIÓN, DESARROLLO E INNOVACIÓN DE SISTEMAS COMPUTACIONALES"
78520,2026-01-06,,4,"CENTRO DE INVESTIGACIÓN, DESARROLLO E INNOVACIÓN DE SISTEMAS COMPUTACIONALES"
78528,2021-05-21,2021-09-30,1,DECANATO DE INVESTIGACIÓN
78543,2023-10-23,2023-12-31,2,FACULTAD DE CIENCIAS DE LA VIDA
78543,2025-09-01,2025-12-31,2,FACULTAD DE CIENCIAS DE LA VIDA
78638,2021-11-15,2021-12-15,1,UNIDAD DE VINCULACIÓN CON LA SOCIEDAD
78656,2015-10-01,2016-07-31,1,ESCUELA DE DISEÑO Y COMUNICACIÓN VISUAL
78656,2016-08-01,2016-10-19,1,"FACULTAD DE ARTE, DISEÑO Y COMUNICACIÓN AUDIOVISUAL"
78656,2018-07-15,2018-07-20,1,"FACULTAD DE ARTE, DISEÑO Y COMUNICACIÓN AUDIOVISUAL"
78656,2016-10-20,2019-01-23,1,ESCUELA DE DISEÑO Y COMUNICACIÓN VISUAL
78656,2020-03-02,2020-03-22,1,ESCUELA DE DISEÑO Y COMUNICACIÓN VISUAL
78656,2019-01-24,2024-03-31,5,"FACULTAD DE ARTE, DISEÑO Y COMUNICACIÓN AUDIOVISUAL"
78685,2015-10-01,2016-12-31,1,"FACULTAD DE INGENIERIA MARÍTIMA, CIENCIAS BIOLÓGICAS, OCEÁNICAS Y RECURSOS NATURALES"
78685,2018-01-01,2019-01-23,2,"FACULTAD DE INGENIERIA MARÍTIMA, CIENCIAS BIOLÓGICAS, OCEÁNICAS Y RECURSOS NATURALES"
78685,2017-01-01,2017-12-31,1,DESCONOCIDA
78685,2019-01-24,2022-09-23,12,FACULTAD DE INGENIERÍA MARÍTIMA Y CIENCIAS DEL MAR
78701,2015-10-13,2016-07-01,2,UNIDAD DE BIENESTAR ESTUDIANTIL Y POLITÉCNICO
78701,2017-01-03,2017-12-31,1,UNIDAD DE BIENESTAR ESTUDIANTIL Y POLITÉCNICO
78701,2019-01-01,2022-10-31,10,UNIDAD DE BIENESTAR ESTUDIANTIL Y POLITÉCNICO
78701,2022-11-25,2022-11-25,1,UNIDAD DE BIENESTAR ESTUDIANTIL Y POLITÉCNICO
78701,2016-07-10,2016-12-31,1,DESCONOCIDA
78701,2022-11-01,,34,GERENCIA DE BIENESTAR POLITÉCNICO
78701,2026-05-04,,1,FACULTAD DE CIENCIAS SOCIALES Y HUMANÍSTICAS
78729,2015-10-19,2016-01-18,1,GERENCIA DE TECNOLOGÍAS Y SISTEMAS DE INFORMACIÓN
78729,2018-10-11,2018-10-23,1,GERENCIA DE TECNOLOGÍAS Y SISTEMAS DE INFORMACIÓN
78729,2015-10-19,2016-01-18,1,DESCONOCIDA
78729,2019-04-15,2019-04-28,1,GERENCIA DE TECNOLOGÍAS Y SISTEMAS DE INFORMACIÓN
78729,2016-01-19,2024-04-30,18,FACULTAD DE INGENIERÍA EN ELECTRICIDAD Y COMPUTACIÓN
78729,2024-05-01,,8,FACULTAD DE INGENIERÍA MECÁNICA Y CIENCIAS DE LA PRODUCCIÓN
78731,2015-10-01,2016-12-31,1,FACULTAD DE INGENIERÍA EN CIENCIAS DE LA TIERRA
78731,2018-01-01,2019-03-06,2,FACULTAD DE INGENIERÍA EN CIENCIAS DE LA TIERRA
78731,2020-04-01,,22,FACULTAD DE INGENIERÍA EN CIENCIAS DE LA TIERRA
78731,2017-01-01,2017-12-31,1,DESCONOCIDA
78761,2021-05-17,2025-02-14,13,FACULTAD DE INGENIERÍA EN CIENCIAS DE LA TIERRA
78762,2024-05-22,2024-09-20,1,FACULTAD DE INGENIERÍA MECÁNICA Y CIENCIAS DE LA PRODUCCIÓN
78762,2024-09-30,,9,FACULTAD DE INGENIERÍA MECÁNICA Y CIENCIAS DE LA PRODUCCIÓN
78783,2016-01-01,2016-01-01,1,DESCONOCIDA
78783,2016-01-01,2016-12-31,1,DIRECCIÓN DE SERVICIOS GENERALES
78783,2017-01-01,2018-12-31,2,DESCONOCIDA
78783,2019-01-01,2021-10-31,2,DIRECCIÓN DE SERVICIOS GENERALES
78814,2023-10-02,2024-02-18,3,FACULTAD DE CIENCIAS NATURALES Y MATEMÁTICAS
78866,2018-10-01,2022-07-01,18,FACULTAD DE CIENCIAS DE LA VIDA
78867,2016-09-09,2016-09-16,1,FACULTAD DE CIENCIAS SOCIALES Y HUMANÍSTICAS
78867,2016-10-10,2017-03-17,2,FACULTAD DE CIENCIAS SOCIALES Y HUMANÍSTICAS
78867,2017-05-02,2017-09-22,1,FACULTAD DE CIENCIAS SOCIALES Y HUMANÍSTICAS
78867,2018-05-01,2018-09-21,1,FACULTAD DE CIENCIAS SOCIALES Y HUMANÍSTICAS
78867,2016-05-02,2016-09-23,1,DESCONOCIDA
78867,2018-10-01,2020-02-21,3,FACULTAD DE CIENCIAS SOCIALES Y HUMANÍSTICAS
78898,2015-10-12,2016-12-31,1,FACULTAD DE CIENCIAS SOCIALES Y HUMANÍSTICAS
78898,2018-01-01,,27,FACULTAD DE CIENCIAS SOCIALES Y HUMANÍSTICAS
78898,2017-01-01,2017-12-31,1,DESCONOCIDA
78901,2025-10-03,2025-12-31,1,CENTRO DE INVESTIGACIÓN Y PROYECTOS APLICADOS A LAS CIENCIAS DE LA TIERRA
78953,2015-10-19,2016-12-31,1,FACULTAD DE CIENCIAS SOCIALES Y HUMANÍSTICAS
78953,2018-01-01,2020-02-21,3,FACULTAD DE CIENCIAS SOCIALES Y HUMANÍSTICAS
78953,2017-01-01,2017-12-31,1,DESCONOCIDA
78953,2020-02-22,2020-05-31,1,DECANATO DE GRADO
78970,2017-04-01,2022-11-07,8,GERENCIA DE COMUNICACIÓN SOCIAL Y ASUNTOS PÚBLICOS
78970,2022-11-29,2022-11-29,1,GERENCIA DE COMUNICACIÓN SOCIAL Y ASUNTOS PÚBLICOS
78970,2022-12-15,2022-12-15,1,GERENCIA DE COMUNICACIÓN SOCIAL Y ASUNTOS PÚBLICOS
78970,2022-12-22,2022-12-23,1,GERENCIA DE COMUNICACIÓN SOCIAL Y ASUNTOS PÚBLICOS
78970,2022-12-27,2022-12-30,1,GERENCIA DE COMUNICACIÓN SOCIAL Y ASUNTOS PÚBLICOS
78970,2023-01-19,2023-01-20,1,GERENCIA DE COMUNICACIÓN SOCIAL Y ASUNTOS PÚBLICOS
78970,2023-02-03,2023-02-03,1,GERENCIA DE COMUNICACIÓN SOCIAL Y ASUNTOS PÚBLICOS
78970,2016-01-04,2017-03-31,2,DESCONOCIDA
78970,2023-02-22,2023-03-09,2,GERENCIA DE COMUNICACIÓN SOCIAL Y ASUNTOS PÚBLICOS
78970,2022-11-08,2023-06-01,7,GERENCIA DE COMUNICACIÓN
79361,2024-01-01,2024-01-01,1,FACULTAD DE INGENIERÍA EN ELECTRICIDAD Y COMPUTACIÓN
79972,2018-09-28,,44,DIRECCIÓN DE TALENTO HUMANO
80032,2023-06-29,2023-09-29,1,FACULTAD DE CIENCIAS SOCIALES Y HUMANÍSTICAS
80032,2023-10-02,2024-02-16,3,FACULTAD DE CIENCIAS SOCIALES Y HUMANÍSTICAS
80032,2024-06-13,2024-09-20,1,FACULTAD DE CIENCIAS SOCIALES Y HUMANÍSTICAS
80194,2024-05-20,,15,FACULTAD DE CIENCIAS SOCIALES Y HUMANÍSTICAS
80200,2018-05-01,,30,FACULTAD DE CIENCIAS SOCIALES Y HUMANÍSTICAS
80206,2018-05-01,,30,FACULTAD DE CIENCIAS SOCIALES Y HUMANÍSTICAS
80235,2025-05-05,,5,DIRECCIÓN DE ADMISIONES
80316,2020-02-22,2020-09-30,2,FACULTAD DE CIENCIAS SOCIALES Y HUMANÍSTICAS
80318,2018-07-16,2019-02-22,2,FACULTAD DE CIENCIAS SOCIALES Y HUMANÍSTICAS
80318,2016-04-01,2016-12-31,1,DESCONOCIDA
80318,2017-01-01,2017-03-31,1,"FACULTAD DE INGENIERIA MARÍTIMA, CIENCIAS BIOLÓGICAS, OCEÁNICAS Y RECURSOS NATURALES"
80318,2020-10-06,2025-09-21,19,FACULTAD DE CIENCIAS SOCIALES Y HUMANÍSTICAS
80918,2022-05-24,2022-09-23,1,FACULTAD DE INGENIERÍA MARÍTIMA Y CIENCIAS DEL MAR
80918,2017-10-04,2018-03-02,2,"FACULTAD DE INGENIERIA MARÍTIMA, CIENCIAS BIOLÓGICAS, OCEÁNICAS Y RECURSOS NATURALES"
80918,2022-10-03,2025-12-31,12,FACULTAD DE INGENIERÍA MARÍTIMA Y CIENCIAS DEL MAR
81202,2021-08-16,2022-11-14,4,GERENCIA DE COMUNICACIÓN SOCIAL Y ASUNTOS PÚBLICOS
81202,2022-11-14,,21,GERENCIA DE COMUNICACIÓN
81247,2022-05-16,2022-09-23,1,FACULTAD DE CIENCIAS SOCIALES Y HUMANÍSTICAS
81247,2022-10-03,2023-03-12,4,FACULTAD DE CIENCIAS SOCIALES Y HUMANÍSTICAS
81247,2023-05-05,2024-03-12,4,FACULTAD DE CIENCIAS SOCIALES Y HUMANÍSTICAS
81391,2025-10-01,,3,FACULTAD DE CIENCIAS SOCIALES Y HUMANÍSTICAS
81684,2023-05-15,,12,FACULTAD DE CIENCIAS SOCIALES Y HUMANÍSTICAS
81761,2018-10-01,2026-02-13,23,FACULTAD DE CIENCIAS SOCIALES Y HUMANÍSTICAS
81761,2026-03-09,,1,FACULTAD DE CIENCIAS SOCIALES Y HUMANÍSTICAS
81832,2022-10-03,2023-02-19,3,FACULTAD DE INGENIERÍA EN ELECTRICIDAD Y COMPUTACIÓN
81832,2023-02-22,2024-09-27,4,FACULTAD DE INGENIERÍA EN ELECTRICIDAD Y COMPUTACIÓN
82056,2020-08-06,2022-01-31,4,UNIDAD DE VINCULACIÓN CON LA SOCIEDAD
82056,2016-05-01,2016-07-31,1,DESCONOCIDA
82056,2016-08-01,2020-08-05,9,CENTRO DE PROMOCIÓN Y EMPLEO
82056,2022-03-02,2022-03-11,1,UNIDAD DE VINCULACIÓN CON LA SOCIEDAD
82056,2022-02-01,,38,DECANATO DE VINCULACIÓN
82478,2023-03-01,2023-12-31,2,DECANATO DE INVESTIGACIÓN
82478,2024-01-01,2024-05-10,1,"FACULTAD DE ARTE, DISEÑO Y COMUNICACIÓN AUDIOVISUAL"
82483,2020-04-01,2020-06-30,1,"FACULTAD DE ARTE, DISEÑO Y COMUNICACIÓN AUDIOVISUAL"
82483,2023-01-09,2023-12-31,1,"FACULTAD DE ARTE, DISEÑO Y COMUNICACIÓN AUDIOVISUAL"
82483,2020-10-01,2020-12-31,1,DECANATO DE INVESTIGACIÓN
82483,2024-01-08,2024-12-31,1,"FACULTAD DE ARTE, DISEÑO Y COMUNICACIÓN AUDIOVISUAL"
82483,2026-04-14,2026-06-14,1,DECANATO DE INVESTIGACIÓN
82497,2025-02-03,,13,SECRETARÍA TÉCNICA DE ASEGURAMIENTO DE LA CALIDAD
83678,2018-05-09,2018-05-24,1,DESCONOCIDA
83678,2019-03-11,2019-03-22,1,DESCONOCIDA
83678,2017-12-01,2025-11-30,26,AUDITORÍA INTERNA
83678,2024-04-09,2025-11-30,1,DESCONOCIDA
84005,2025-09-05,2026-03-31,4,DIRECCIÓN DE ADMISIONES
84005,2026-04-01,,2,FACULTAD DE CIENCIAS NATURALES Y MATEMÁTICAS
86407,2019-02-01,2024-12-31,55,CENTRO NACIONAL DE ACUICULTURA E INVESTIGACIONES MARINAS
86476,2016-01-14,2016-06-30,1,DESCONOCIDA
86476,2016-07-01,2016-10-31,1,DIRECCIÓN DE ADQUISICIONES Y SUMINISTROS
86476,2016-11-01,2017-01-31,2,DESCONOCIDA
86476,2018-09-01,2018-12-21,1,DESCONOCIDA
86476,2021-03-20,2021-03-20,1,DESCONOCIDA
86476,2017-02-01,2021-03-19,7,DIRECCIÓN DE ADQUISICIONES Y SUMINISTROS
86483,2016-01-01,2016-01-01,1,DESCONOCIDA
86483,2016-01-01,2016-12-31,1,DIRECCIÓN DE SERVICIOS GENERALES
86483,2017-01-01,2018-12-31,2,DESCONOCIDA
86483,2019-01-01,,18,DIRECCIÓN DE SERVICIOS GENERALES
86484,2016-01-01,2016-01-01,1,DESCONOCIDA
86484,2016-01-01,2016-12-31,1,DIRECCIÓN DE SERVICIOS GENERALES
86484,2017-01-01,2018-12-31,2,DESCONOCIDA
86484,2019-01-01,,15,DIRECCIÓN DE SERVICIOS GENERALES
86486,2016-01-01,2016-12-31,1,DIRECCIÓN DE SERVICIOS GENERALES
86486,2016-01-01,2018-12-31,3,DESCONOCIDA
86486,2019-01-01,,17,DIRECCIÓN DE SERVICIOS GENERALES
86488,2016-01-01,2016-01-01,1,DESCONOCIDA
86488,2016-01-01,2016-12-31,1,DIRECCIÓN DE SERVICIOS GENERALES
86488,2017-01-01,2018-12-31,2,DESCONOCIDA
86488,2019-01-01,,17,DIRECCIÓN DE SERVICIOS GENERALES
86488,2023-05-15,2023-05-25,1,FACULTAD DE CIENCIAS NATURALES Y MATEMÁTICAS
86489,2016-01-25,2016-12-31,2,FACULTAD DE CIENCIAS NATURALES Y MATEMÁTICAS
86489,2019-01-01,2024-12-31,14,FACULTAD DE CIENCIAS NATURALES Y MATEMÁTICAS
86489,2025-06-23,2025-06-27,1,FACULTAD DE CIENCIAS NATURALES Y MATEMÁTICAS
86489,2025-06-30,2025-06-30,1,FACULTAD DE CIENCIAS NATURALES Y MATEMÁTICAS
86489,2025-08-18,2025-08-20,2,FACULTAD DE CIENCIAS NATURALES Y MATEMÁTICAS
86489,2025-10-02,2025-10-03,1,FACULTAD DE CIENCIAS NATURALES Y MATEMÁTICAS
86489,2017-01-01,2018-12-31,2,DESCONOCIDA
86489,2025-01-01,,4,AJÁ PARQUE DE LA CIENCIA
86490,2016-01-01,2016-03-31,1,DESCONOCIDA
86490,2016-04-01,2016-12-31,1,DIRECCIÓN DE SERVICIOS GENERALES
86490,2017-01-01,2018-12-31,2,DESCONOCIDA
86490,2019-01-01,,41,DIRECCIÓN DE SERVICIOS GENERALES
86494,2016-01-18,,43,FACULTAD DE CIENCIAS DE LA VIDA
86495,2016-01-01,2016-12-31,2,DIRECCIÓN DE SERVICIOS GENERALES
86495,2019-01-01,,26,DIRECCIÓN DE SERVICIOS GENERALES
86495,2017-01-01,2018-12-31,2,DESCONOCIDA
86496,2016-01-01,2016-01-01,1,DESCONOCIDA
86496,2016-01-01,2016-12-31,1,DIRECCIÓN DE SERVICIOS GENERALES
86496,2017-01-01,2018-12-31,2,DESCONOCIDA
86496,2019-01-01,,25,DIRECCIÓN DE SERVICIOS GENERALES
86515,2016-01-01,2016-12-31,2,DIRECCIÓN DE SERVICIOS GENERALES
86515,2019-01-01,2019-12-31,1,DIRECCIÓN DE SERVICIOS GENERALES
86515,2017-01-01,2018-12-31,2,DESCONOCIDA
86515,2020-01-01,,37,CENTRO DE EMPRENDIMIENTO E INNOVACIÓN I3LAB
86548,2016-02-22,2016-07-31,2,DESCONOCIDA
86548,2016-08-01,,20,DIRECCIÓN DE SEGURIDAD Y SALUD OCUPACIONAL
87496,2016-08-24,2016-08-26,2,DESCONOCIDA
90113,2021-05-17,2024-09-30,10,DECANATO DE GRADO
90862,2021-05-10,,24,GERENCIA FINANCIERA
91014,2025-06-09,,3,FACULTAD DE CIENCIAS DE LA VIDA
93997,2021-12-01,,12,DIRECCIÓN DE SERVICIOS GENERALES
94437,2023-10-11,2023-12-31,2,FACULTAD DE INGENIERÍA EN ELECTRICIDAD Y COMPUTACIÓN
94835,2025-09-01,,3,CENTRO DE INVESTIGACIÓN Y PROYECTOS APLICADOS A LAS CIENCIAS DE LA TIERRA
94929,2018-08-09,2020-11-29,4,GERENCIA JURÍDICA
94929,2021-02-01,2022-09-01,13,GERENCIA JURÍDICA
94929,2020-11-30,2021-02-01,2,SECRETARIA ADMINISTRATIVA
95251,2016-06-01,2022-11-07,17,UNIDAD DE BIENESTAR ESTUDIANTIL Y POLITÉCNICO
95251,2022-12-16,2022-12-23,1,UNIDAD DE BIENESTAR ESTUDIANTIL Y POLITÉCNICO
95251,2022-12-27,2022-12-30,1,UNIDAD DE BIENESTAR ESTUDIANTIL Y POLITÉCNICO
95251,2016-03-01,2016-05-31,1,DESCONOCIDA
95251,2023-01-03,2023-01-12,1,UNIDAD DE BIENESTAR ESTUDIANTIL Y POLITÉCNICO
95251,2022-11-08,2025-10-08,21,GERENCIA DE BIENESTAR POLITÉCNICO
95278,2020-09-01,2023-10-30,22,CENTRO NACIONAL DE ACUICULTURA E INVESTIGACIONES MARINAS
95278,2024-12-02,,9,FACULTAD DE CIENCIAS DE LA VIDA
95335,2016-05-01,2016-12-31,1,DESCONOCIDA
95335,2017-01-01,2023-02-17,13,FACULTAD DE CIENCIAS DE LA VIDA
95471,2024-05-06,2025-09-19,4,FACULTAD DE INGENIERÍA MARÍTIMA Y CIENCIAS DEL MAR
95473,2017-01-01,2022-10-31,7,UNIDAD DE BIENESTAR ESTUDIANTIL Y POLITÉCNICO
95473,2016-04-01,2016-12-31,1,DESCONOCIDA
95473,2023-02-14,2023-02-17,1,UNIDAD DE BIENESTAR ESTUDIANTIL Y POLITÉCNICO
95473,2020-06-01,2020-09-30,1,"FACULTAD DE ARTE, DISEÑO Y COMUNICACIÓN AUDIOVISUAL"
95473,2022-11-01,,24,GERENCIA DE BIENESTAR POLITÉCNICO
95480,2023-10-03,2023-12-31,2,FACULTAD DE INGENIERÍA EN CIENCIAS DE LA TIERRA
95491,2016-04-01,2020-04-30,4,DIRECCIÓN DE SEGURIDAD Y SALUD OCUPACIONAL
95491,2020-05-01,2020-05-01,1,DESCONOCIDA
95498,2016-05-02,2016-09-23,1,FACULTAD DE CIENCIAS DE LA VIDA
95498,2016-10-10,2017-03-17,2,FACULTAD DE CIENCIAS DE LA VIDA
95498,2017-05-02,,30,FACULTAD DE CIENCIAS DE LA VIDA
95506,2016-04-01,2016-12-31,1,DESCONOCIDA
95506,2017-01-01,,25,FACULTAD DE INGENIERÍA EN CIENCIAS DE LA TIERRA
95516,2016-03-01,2016-07-31,1,DESCONOCIDA
95516,2017-05-17,2017-05-18,1,DESCONOCIDA
95516,2017-11-17,2017-11-24,1,DESCONOCIDA
95516,2018-04-04,2018-04-05,1,FACULTAD DE INGENIERÍA EN CIENCIAS DE LA TIERRA
95516,2018-07-15,2018-07-27,1,FACULTAD DE INGENIERÍA EN CIENCIAS DE LA TIERRA
95516,2018-09-18,2018-09-22,1,FACULTAD DE INGENIERÍA EN CIENCIAS DE LA TIERRA
95516,2019-03-25,2019-04-05,1,FACULTAD DE INGENIERÍA EN CIENCIAS DE LA TIERRA
95516,2020-02-17,2020-02-21,1,FACULTAD DE INGENIERÍA EN CIENCIAS DE LA TIERRA
95516,2020-03-12,2020-04-09,1,FACULTAD DE INGENIERÍA EN CIENCIAS DE LA TIERRA
95516,2021-02-22,2021-02-22,1,FACULTAD DE INGENIERÍA EN CIENCIAS DE LA TIERRA
95516,2021-03-01,2021-03-14,1,FACULTAD DE INGENIERÍA EN CIENCIAS DE LA TIERRA
95516,2021-04-05,2021-04-09,1,FACULTAD DE INGENIERÍA EN CIENCIAS DE LA TIERRA
95516,2021-04-19,2021-04-19,1,FACULTAD DE INGENIERÍA EN CIENCIAS DE LA TIERRA
95516,2021-04-26,2021-04-27,1,FACULTAD DE INGENIERÍA EN CIENCIAS DE LA TIERRA
95516,2021-05-03,2021-05-07,1,FACULTAD DE INGENIERÍA EN CIENCIAS DE LA TIERRA
95516,2016-08-01,2023-09-08,27,FACULTAD DE INGENIERÍA MECÁNICA Y CIENCIAS DE LA PRODUCCIÓN
95516,2023-12-26,2023-12-29,1,FACULTAD DE INGENIERÍA MECÁNICA Y CIENCIAS DE LA PRODUCCIÓN
95516,2024-02-23,2024-03-08,1,FACULTAD DE INGENIERÍA MECÁNICA Y CIENCIAS DE LA PRODUCCIÓN
95516,2024-03-11,2024-03-12,1,FACULTAD DE INGENIERÍA MECÁNICA Y CIENCIAS DE LA PRODUCCIÓN
95516,2024-03-18,2024-04-05,1,FACULTAD DE INGENIERÍA MECÁNICA Y CIENCIAS DE LA PRODUCCIÓN
95516,2024-07-08,2024-07-12,1,FACULTAD DE INGENIERÍA MECÁNICA Y CIENCIAS DE LA PRODUCCIÓN
95516,2024-07-29,2024-08-16,1,FACULTAD DE INGENIERÍA MECÁNICA Y CIENCIAS DE LA PRODUCCIÓN
95516,2024-10-03,2024-10-10,1,FACULTAD DE INGENIERÍA MECÁNICA Y CIENCIAS DE LA PRODUCCIÓN
95516,2024-12-18,2024-12-24,1,FACULTAD DE INGENIERÍA MECÁNICA Y CIENCIAS DE LA PRODUCCIÓN
95516,2024-12-26,2024-12-31,1,FACULTAD DE INGENIERÍA MECÁNICA Y CIENCIAS DE LA PRODUCCIÓN
95516,2025-01-28,2025-01-30,1,FACULTAD DE INGENIERÍA MECÁNICA Y CIENCIAS DE LA PRODUCCIÓN
95516,2025-02-17,2025-02-28,1,FACULTAD DE INGENIERÍA MECÁNICA Y CIENCIAS DE LA PRODUCCIÓN
95516,2025-03-05,2025-03-18,1,FACULTAD DE INGENIERÍA MECÁNICA Y CIENCIAS DE LA PRODUCCIÓN
95516,2025-04-26,2025-05-01,1,FACULTAD DE INGENIERÍA MECÁNICA Y CIENCIAS DE LA PRODUCCIÓN
95516,2025-06-25,2025-07-01,1,DECANATO DE GRADO
95516,2025-08-21,2025-09-05,1,FACULTAD DE INGENIERÍA MECÁNICA Y CIENCIAS DE LA PRODUCCIÓN
95516,2025-10-02,2025-10-24,1,FACULTAD DE INGENIERÍA MECÁNICA Y CIENCIAS DE LA PRODUCCIÓN
95516,2025-11-25,2025-11-27,1,FACULTAD DE INGENIERÍA MECÁNICA Y CIENCIAS DE LA PRODUCCIÓN
95516,2025-12-18,2025-12-24,1,FACULTAD DE INGENIERÍA MECÁNICA Y CIENCIAS DE LA PRODUCCIÓN
95516,2025-12-26,2025-12-31,1,FACULTAD DE INGENIERÍA MECÁNICA Y CIENCIAS DE LA PRODUCCIÓN
95516,2026-01-27,2026-01-30,1,FACULTAD DE INGENIERÍA MECÁNICA Y CIENCIAS DE LA PRODUCCIÓN
95516,2026-03-02,2026-03-03,1,FACULTAD DE INGENIERÍA MECÁNICA Y CIENCIAS DE LA PRODUCCIÓN
95516,2026-03-23,2026-04-02,1,FACULTAD DE INGENIERÍA MECÁNICA Y CIENCIAS DE LA PRODUCCIÓN
95516,2026-04-13,2026-04-17,1,FACULTAD DE INGENIERÍA MECÁNICA Y CIENCIAS DE LA PRODUCCIÓN
95516,2026-04-26,2026-04-30,1,FACULTAD DE INGENIERÍA MECÁNICA Y CIENCIAS DE LA PRODUCCIÓN
95516,2026-05-04,2026-05-04,1,FACULTAD DE INGENIERÍA MECÁNICA Y CIENCIAS DE LA PRODUCCIÓN
95516,2026-05-16,2026-05-21,1,FACULTAD DE INGENIERÍA MECÁNICA Y CIENCIAS DE LA PRODUCCIÓN
95516,2026-06-03,2026-06-09,1,FACULTAD DE INGENIERÍA MECÁNICA Y CIENCIAS DE LA PRODUCCIÓN
95516,2026-06-26,2026-07-03,2,FACULTAD DE INGENIERÍA MECÁNICA Y CIENCIAS DE LA PRODUCCIÓN
95516,2026-07-27,2026-07-29,1,FACULTAD DE INGENIERÍA MECÁNICA Y CIENCIAS DE LA PRODUCCIÓN
95516,2026-08-06,2026-08-07,1,FACULTAD DE INGENIERÍA MECÁNICA Y CIENCIAS DE LA PRODUCCIÓN
95516,2018-03-02,2021-02-21,11,DESCONOCIDA
95516,2026-08-24,,1,FACULTAD DE INGENIERÍA MECÁNICA Y CIENCIAS DE LA PRODUCCIÓN
95516,2021-07-02,2021-07-02,1,FACULTAD DE INGENIERÍA EN CIENCIAS DE LA TIERRA
95516,2025-04-05,2025-04-14,1,DECANATO DE POSGRADO
95516,2025-09-10,2025-09-19,1,DECANATO DE GRADO
95517,2016-04-01,2016-12-31,2,DESCONOCIDA
95517,2017-01-01,2017-03-17,2,DIRECCIÓN DE LA SECRETARÍA TÉCNICA DE ASEGURAMIENTO DE LA CALIDAD DE LA EDUCACIÓN SUPERIOR
95523,2017-01-03,2017-11-30,1,DIRECCIÓN DE TALENTO HUMANO
95527,2016-07-05,2016-12-31,1,DESCONOCIDA
95527,2017-01-03,,80,DIRECCIÓN DE TALENTO HUMANO
95538,2016-05-01,2016-07-31,1,DESCONOCIDA
95538,2016-08-01,,37,FACULTAD DE INGENIERÍA EN ELECTRICIDAD Y COMPUTACIÓN
95539,2016-04-01,2016-12-31,1,DESCONOCIDA
95539,2017-01-01,2019-01-23,3,ESCUELA DE DISEÑO Y COMUNICACIÓN VISUAL
95539,2019-01-24,2020-05-31,3,"FACULTAD DE ARTE, DISEÑO Y COMUNICACIÓN AUDIOVISUAL"
95540,2019-03-18,2019-03-29,1,FACULTAD DE INGENIERÍA EN CIENCIAS DE LA TIERRA
95541,2023-03-08,2023-04-15,1,CENTRO DE INVESTIGACIÓN Y PROYECTOS APLICADOS A LAS CIENCIAS DE LA TIERRA
95541,2016-10-30,2017-01-30,1,DESCONOCIDA
95541,2019-03-18,2019-03-29,1,FACULTAD DE INGENIERÍA EN CIENCIAS DE LA TIERRA
95541,2024-01-08,2024-03-31,1,CENTRO DE INVESTIGACIÓN Y PROYECTOS APLICADOS A LAS CIENCIAS DE LA TIERRA
95545,2016-05-01,,42,DIRECCIÓN DE LA SECRETARÍA TÉCNICA ACADEMICA
95548,2019-12-01,2019-12-05,1,FACULTAD DE INGENIERÍA MECÁNICA Y CIENCIAS DE LA PRODUCCIÓN
95548,2020-12-30,2021-01-12,1,FACULTAD DE INGENIERÍA MECÁNICA Y CIENCIAS DE LA PRODUCCIÓN
95548,2016-05-01,2021-02-17,5,GERENCIA FINANCIERA
95548,2021-12-31,2022-01-01,2,GERENCIA FINANCIERA
95548,2021-02-18,2021-12-30,2,FACULTAD DE INGENIERÍA MECÁNICA Y CIENCIAS DE LA PRODUCCIÓN
95549,2016-04-01,2016-04-02,1,DESCONOCIDA
95549,2016-04-03,2016-12-31,1,GERENCIA DE INFRAESTRUCTURA FÍSICA
95549,2018-01-01,2018-01-31,1,DIRECCIÓN DE SERVICIOS GENERALES
95549,2017-01-01,2017-12-31,1,DESCONOCIDA
95549,2018-02-01,2020-11-30,3,GERENCIA DE INFRAESTRUCTURA FÍSICA
95549,2020-12-01,2025-12-31,23,DIRECCIÓN DE SERVICIOS GENERALES
95564,2016-05-01,,24,FACULTAD DE INGENIERÍA EN CIENCIAS DE LA TIERRA
95565,2016-10-01,2016-12-31,1,DESCONOCIDA
95565,2017-01-01,,33,FACULTAD DE CIENCIAS DE LA VIDA
95575,2016-04-01,2016-12-31,1,DESCONOCIDA
95575,2017-01-01,,26,FACULTAD DE INGENIERÍA EN ELECTRICIDAD Y COMPUTACIÓN
95580,2016-04-01,2016-12-31,1,DESCONOCIDA
95580,2017-01-01,2018-01-31,2,FACULTAD DE CIENCIAS DE LA VIDA
95586,2016-04-01,2016-12-31,1,DESCONOCIDA
95586,2017-01-01,2018-03-02,3,FACULTAD DE CIENCIAS DE LA VIDA
95600,2016-05-01,2016-06-30,1,DESCONOCIDA
95600,2016-07-01,,35,FACULTAD DE CIENCIAS SOCIALES Y HUMANÍSTICAS
95603,2016-05-01,,55,DIRECCIÓN DE LA SECRETARÍA TÉCNICA ACADEMICA
95607,2017-01-01,2017-03-17,1,ESCUELA DE DISEÑO Y COMUNICACIÓN VISUAL
95607,2017-05-02,2017-09-22,1,ESCUELA DE DISEÑO Y COMUNICACIÓN VISUAL
95607,2017-10-04,2018-03-02,2,ESCUELA DE DISEÑO Y COMUNICACIÓN VISUAL
95607,2018-05-02,2018-09-21,1,ESCUELA DE DISEÑO Y COMUNICACIÓN VISUAL
95607,2019-05-13,2019-09-20,1,"FACULTAD DE ARTE, DISEÑO Y COMUNICACIÓN AUDIOVISUAL"
95607,2021-05-17,2021-09-24,1,"FACULTAD DE ARTE, DISEÑO Y COMUNICACIÓN AUDIOVISUAL"
95607,2021-10-04,2022-02-18,2,"FACULTAD DE ARTE, DISEÑO Y COMUNICACIÓN AUDIOVISUAL"
95607,2022-05-16,2022-09-23,2,"FACULTAD DE ARTE, DISEÑO Y COMUNICACIÓN AUDIOVISUAL"
95607,2022-10-03,2026-02-13,10,"FACULTAD DE ARTE, DISEÑO Y COMUNICACIÓN AUDIOVISUAL"
95607,2016-10-10,2016-12-31,1,DESCONOCIDA
95607,2018-10-01,2019-02-22,2,ESCUELA DE DISEÑO Y COMUNICACIÓN VISUAL
95607,2026-05-11,,1,"FACULTAD DE ARTE, DISEÑO Y COMUNICACIÓN AUDIOVISUAL"
95633,2016-04-14,2016-12-31,1,DESCONOCIDA
95633,2017-01-01,2019-02-28,3,FACULTAD DE CIENCIAS DE LA VIDA
95652,2021-11-16,2021-12-31,1,DECANATO DE INVESTIGACIÓN
95657,2025-01-06,,6,GERENCIA DE TECNOLOGÍAS Y SISTEMAS DE INFORMACIÓN
95687,2023-05-15,2023-10-30,1,FACULTAD DE CIENCIAS SOCIALES Y HUMANÍSTICAS
95689,2023-10-03,2023-12-31,1,FACULTAD DE CIENCIAS DE LA VIDA
95689,2024-01-01,2026-07-30,10,FACULTAD DE CIENCIAS SOCIALES Y HUMANÍSTICAS
95732,2022-05-03,2022-12-31,1,DECANATO DE INVESTIGACIÓN
95732,2023-03-01,2023-04-21,1,DECANATO DE INVESTIGACIÓN
95732,2023-01-09,2023-02-28,1,FACULTAD DE CIENCIAS SOCIALES Y HUMANÍSTICAS
95746,2023-10-16,2023-12-31,2,FACULTAD DE INGENIERÍA EN ELECTRICIDAD Y COMPUTACIÓN
95751,2021-10-26,2023-02-17,5,FACULTAD DE INGENIERÍA MECÁNICA Y CIENCIAS DE LA PRODUCCIÓN
95763,2025-10-03,2025-12-31,2,CENTRO DE INVESTIGACIONES BIOTECNOLÓGICAS DEL ECUADOR
95770,2024-11-20,2024-12-31,1,FACULTAD DE CIENCIAS SOCIALES Y HUMANÍSTICAS
95770,2026-01-05,,4,GERENCIA DE BIENESTAR POLITÉCNICO
95787,2024-05-13,2024-09-20,1,FACULTAD DE INGENIERÍA EN ELECTRICIDAD Y COMPUTACIÓN
95787,2024-09-30,2025-08-11,2,FACULTAD DE INGENIERÍA EN ELECTRICIDAD Y COMPUTACIÓN
95807,2025-08-22,2026-02-13,3,FACULTAD DE INGENIERÍA EN ELECTRICIDAD Y COMPUTACIÓN
95813,2024-11-29,2024-12-31,1,CENTRO DE ESTUDIOS E INVESTIGACIONES ESTADÍSTICAS
95830,2025-09-22,2025-12-31,2,DIRECCIÓN DE ADMISIONES
95830,2026-05-11,,1,DIRECCIÓN DE ADMISIONES
95870,2021-05-12,2021-12-31,1,DECANATO DE INVESTIGACIÓN
95870,2022-01-06,2022-05-06,1,DECANATO DE INVESTIGACIÓN
95870,2023-03-01,2023-12-31,2,DECANATO DE INVESTIGACIÓN
95878,2025-10-03,2025-12-31,1,"CENTRO DE INVESTIGACIÓN, DESARROLLO E INNOVACIÓN DE SISTEMAS COMPUTACIONALES"
95911,2022-06-08,2025-04-03,12,FACULTAD DE INGENIERÍA EN CIENCIAS DE LA TIERRA
95923,2025-11-20,2026-06-14,3,FACULTAD DE INGENIERÍA MECÁNICA Y CIENCIAS DE LA PRODUCCIÓN
95965,2023-07-25,2025-12-31,7,"VICERRECTORADO DE INVESTIGACIÓN, DESARROLLO E INNOVACIÓN"
95980,2024-11-15,2024-12-31,1,FACULTAD DE INGENIERÍA MECÁNICA Y CIENCIAS DE LA PRODUCCIÓN
95985,2023-10-23,2023-12-31,2,FACULTAD DE INGENIERÍA MECÁNICA Y CIENCIAS DE LA PRODUCCIÓN
95985,2025-05-19,,7,FACULTAD DE INGENIERÍA MECÁNICA Y CIENCIAS DE LA PRODUCCIÓN
95988,2023-10-16,2023-12-31,2,FACULTAD DE INGENIERÍA EN ELECTRICIDAD Y COMPUTACIÓN
95991,2022-02-15,2022-04-29,1,DECANATO DE INVESTIGACIÓN
96023,2023-06-12,2025-05-31,7,CENTRO DE TECNOLOGÍAS DE LA INFORMACIÓN
96023,2025-06-09,2026-06-30,4,FACULTAD DE INGENIERÍA EN ELECTRICIDAD Y COMPUTACIÓN
96029,2022-02-01,2023-02-09,4,FACULTAD DE INGENIERÍA EN ELECTRICIDAD Y COMPUTACIÓN
96029,2023-04-03,2023-04-03,1,FACULTAD DE INGENIERÍA EN ELECTRICIDAD Y COMPUTACIÓN
96029,2023-02-10,2023-06-20,3,GERENCIA DE TECNOLOGÍAS Y SISTEMAS DE INFORMACIÓN
96034,2022-10-03,,14,FACULTAD DE INGENIERÍA EN ELECTRICIDAD Y COMPUTACIÓN
96042,2023-07-03,2024-09-30,3,DECANATO DE GRADO
96048,2021-07-20,2021-08-20,1,UNIDAD DE VINCULACIÓN CON LA SOCIEDAD
96048,2022-01-06,2022-06-30,1,UNIDAD DE VINCULACIÓN CON LA SOCIEDAD
96048,2023-05-10,2023-12-31,1,CENTRO DE INVESTIGACIONES BIOTECNOLÓGICAS DEL ECUADOR
96050,2023-07-11,2023-12-31,1,CENTRO DE TECNOLOGÍAS DE LA INFORMACIÓN
96050,2024-01-02,2026-02-13,7,CENTRO DE TECNOLOGÍAS DE LA INFORMACIÓN
96064,2021-08-04,2023-01-31,5,CENTRO DE TECNOLOGÍAS DE LA INFORMACIÓN
96137,2023-03-01,,17,FACULTAD DE INGENIERÍA EN CIENCIAS DE LA TIERRA
96145,2022-10-03,2023-02-28,3,FACULTAD DE INGENIERÍA EN ELECTRICIDAD Y COMPUTACIÓN
96166,2023-05-15,2025-09-12,7,FACULTAD DE INGENIERÍA EN ELECTRICIDAD Y COMPUTACIÓN
96166,2026-05-04,,1,FACULTAD DE INGENIERÍA EN ELECTRICIDAD Y COMPUTACIÓN
96198,2023-10-05,2023-12-31,2,FACULTAD DE CIENCIAS DE LA VIDA
96208,2023-10-10,2024-06-01,4,FACULTAD DE INGENIERÍA MECÁNICA Y CIENCIAS DE LA PRODUCCIÓN
96213,2025-10-03,2025-12-31,1,CENTRO DE INVESTIGACIONES BIOTECNOLÓGICAS DEL ECUADOR
96225,2021-05-12,2021-12-31,1,DECANATO DE INVESTIGACIÓN
96232,2023-03-15,2023-12-31,2,DECANATO DE INVESTIGACIÓN
96232,2024-01-01,2024-04-13,1,FACULTAD DE INGENIERÍA MECÁNICA Y CIENCIAS DE LA PRODUCCIÓN
96244,2025-02-12,,5,AJÁ PARQUE DE LA CIENCIA
96289,2016-06-01,2016-12-31,1,DIRECCIÓN DE TALENTO HUMANO
96289,2017-01-03,2017-12-31,1,DESCONOCIDA
96289,2018-10-01,,45,DIRECCIÓN DE TALENTO HUMANO
96289,2020-11-01,2020-11-01,1,DESCONOCIDA
96289,2018-01-02,2018-09-30,1,VICERRECTORADO ACADÉMICO
96298,2017-04-10,2017-12-31,1,DESCONOCIDA
96298,2018-01-01,2022-08-14,11,FACULTAD DE CIENCIAS NATURALES Y MATEMÁTICAS
96309,2016-07-01,2022-11-18,20,UNIDAD DE BIENESTAR ESTUDIANTIL Y POLITÉCNICO
96309,2022-12-22,2022-12-22,1,UNIDAD DE BIENESTAR ESTUDIANTIL Y POLITÉCNICO
96309,2022-11-08,,32,GERENCIA DE BIENESTAR POLITÉCNICO
96314,2021-09-01,,20,CENTRO NACIONAL DE ACUICULTURA E INVESTIGACIONES MARINAS
96315,2016-06-01,2016-12-31,1,DESCONOCIDA
96315,2017-01-01,2019-02-22,3,FACULTAD DE CIENCIAS SOCIALES Y HUMANÍSTICAS
96315,2019-02-23,2020-05-14,3,VICERRECTORADO ACADÉMICO
96315,2023-05-15,,10,DECANATO DE GRADO
96324,2017-04-10,2017-12-31,1,DESCONOCIDA
96324,2018-01-01,,22,FACULTAD DE INGENIERÍA EN ELECTRICIDAD Y COMPUTACIÓN
96345,2017-01-01,2017-09-22,2,FACULTAD DE CIENCIAS DE LA VIDA
96345,2016-07-01,2016-12-31,1,DESCONOCIDA
96345,2017-10-04,2020-02-21,5,FACULTAD DE CIENCIAS DE LA VIDA
96391,2016-10-01,2016-12-31,1,DESCONOCIDA
96391,2017-01-01,,30,FACULTAD DE CIENCIAS SOCIALES Y HUMANÍSTICAS
96448,2016-09-12,2016-09-20,1,CENTRO DE INVESTIGACIONES Y SERVICIOS EDUCATIVOS
96448,2016-08-15,2016-08-23,1,DESCONOCIDA
96448,2017-01-03,2017-12-31,1,CENTRO DE INVESTIGACIONES Y SERVICIOS EDUCATIVOS
96491,2016-09-01,,39,CENTRO DE INVESTIGACIONES BIOTECNOLÓGICAS DEL ECUADOR
96499,2016-10-20,2026-08-09,37,FACULTAD DE CIENCIAS NATURALES Y MATEMÁTICAS
96499,2016-09-01,2016-10-19,1,DESCONOCIDA
96499,2026-08-31,,3,FACULTAD DE CIENCIAS NATURALES Y MATEMÁTICAS
96556,2023-03-01,2023-12-31,2,DECANATO DE INVESTIGACIÓN
96556,2024-01-01,,15,"FACULTAD DE ARTE, DISEÑO Y COMUNICACIÓN AUDIOVISUAL"
96570,2023-10-03,2023-12-31,2,"FACULTAD DE ARTE, DISEÑO Y COMUNICACIÓN AUDIOVISUAL"
96574,2022-01-06,2022-06-30,1,UNIDAD DE VINCULACIÓN CON LA SOCIEDAD
96607,2022-09-01,2024-02-16,8,FACULTAD DE CIENCIAS DE LA VIDA
96607,2024-02-19,,10,FACULTAD DE CIENCIAS DE LA VIDA
96618,2023-09-20,2025-02-09,8,DIRECCIÓN DE ADMISIONES
96625,2023-10-05,2023-12-31,2,FACULTAD DE CIENCIAS DE LA VIDA
96626,2023-05-24,,11,FACULTAD DE CIENCIAS DE LA VIDA
96660,2025-10-13,,4,FACULTAD DE INGENIERÍA EN CIENCIAS DE LA TIERRA
96672,2023-10-03,2023-12-31,2,FACULTAD DE INGENIERÍA EN ELECTRICIDAD Y COMPUTACIÓN
96707,2023-10-03,2023-12-31,2,FACULTAD DE INGENIERÍA MECÁNICA Y CIENCIAS DE LA PRODUCCIÓN
96713,2024-11-15,2024-12-31,1,FACULTAD DE INGENIERÍA MECÁNICA Y CIENCIAS DE LA PRODUCCIÓN
96742,2021-11-11,2021-12-31,1,DECANATO DE INVESTIGACIÓN
96742,2022-04-26,2022-09-09,1,DECANATO DE INVESTIGACIÓN
96742,2022-09-12,2022-12-31,1,DECANATO DE INVESTIGACIÓN
96832,2021-09-16,2021-12-31,1,GERENCIA DE TECNOLOGÍAS Y SISTEMAS DE INFORMACIÓN
96832,2022-01-06,2022-01-31,1,GERENCIA DE TECNOLOGÍAS Y SISTEMAS DE INFORMACIÓN
96832,2024-01-02,,12,GERENCIA DE TECNOLOGÍAS Y SISTEMAS DE INFORMACIÓN
96833,2022-01-06,2022-06-30,1,UNIDAD DE VINCULACIÓN CON LA SOCIEDAD
96841,2021-09-09,2021-12-31,1,GERENCIA DE TECNOLOGÍAS Y SISTEMAS DE INFORMACIÓN
96841,2022-01-06,2022-01-14,1,GERENCIA DE TECNOLOGÍAS Y SISTEMAS DE INFORMACIÓN
96852,2021-09-16,2021-12-31,1,GERENCIA DE TECNOLOGÍAS Y SISTEMAS DE INFORMACIÓN
96852,2022-01-06,2022-01-31,1,GERENCIA DE TECNOLOGÍAS Y SISTEMAS DE INFORMACIÓN
96856,2023-04-03,2023-12-29,2,FACULTAD DE INGENIERÍA EN ELECTRICIDAD Y COMPUTACIÓN
96856,2024-03-25,2024-03-28,1,FACULTAD DE INGENIERÍA EN ELECTRICIDAD Y COMPUTACIÓN
96856,2024-07-09,2024-07-12,1,FACULTAD DE INGENIERÍA EN ELECTRICIDAD Y COMPUTACIÓN
96856,2024-12-11,2024-12-12,1,FACULTAD DE INGENIERÍA EN ELECTRICIDAD Y COMPUTACIÓN
96856,2024-12-26,2024-12-31,1,FACULTAD DE INGENIERÍA EN ELECTRICIDAD Y COMPUTACIÓN
96856,2025-05-05,2025-05-07,1,FACULTAD DE INGENIERÍA EN ELECTRICIDAD Y COMPUTACIÓN
96856,2025-06-25,2025-06-30,1,FACULTAD DE INGENIERÍA EN ELECTRICIDAD Y COMPUTACIÓN
96856,2025-12-26,2025-12-31,1,FACULTAD DE INGENIERÍA EN ELECTRICIDAD Y COMPUTACIÓN
96856,2026-03-03,2026-03-05,1,FACULTAD DE INGENIERÍA EN ELECTRICIDAD Y COMPUTACIÓN
96856,2026-04-02,2026-04-02,1,FACULTAD DE INGENIERÍA EN ELECTRICIDAD Y COMPUTACIÓN
96856,2026-05-11,2026-05-11,1,FACULTAD DE INGENIERÍA EN ELECTRICIDAD Y COMPUTACIÓN
96856,2026-06-23,2026-06-26,2,FACULTAD DE INGENIERÍA EN ELECTRICIDAD Y COMPUTACIÓN
96856,2026-06-29,2026-06-29,1,FACULTAD DE INGENIERÍA EN ELECTRICIDAD Y COMPUTACIÓN
96856,2026-07-27,2026-07-31,1,FACULTAD DE INGENIERÍA EN ELECTRICIDAD Y COMPUTACIÓN
96856,2026-08-05,2026-08-05,1,FACULTAD DE INGENIERÍA EN ELECTRICIDAD Y COMPUTACIÓN
96856,2026-08-18,2026-08-19,1,FACULTAD DE INGENIERÍA EN ELECTRICIDAD Y COMPUTACIÓN
96856,2026-08-31,,1,FACULTAD DE INGENIERÍA EN ELECTRICIDAD Y COMPUTACIÓN
96863,2025-10-03,2025-12-31,1,CENTRO ECUATORIANO DE INVESTIGACIÓN Y DESARROLLO EN NANOTECNOLOGÍA
96867,2024-01-01,2025-12-31,9,FACULTAD DE CIENCIAS NATURALES Y MATEMÁTICAS
96867,2023-03-01,2023-12-31,2,DECANATO DE INVESTIGACIÓN
96867,2026-01-20,2026-05-14,1,FACULTAD DE CIENCIAS NATURALES Y MATEMÁTICAS
96867,2026-05-15,,1,FACULTAD DE INGENIERÍA MECÁNICA Y CIENCIAS DE LA PRODUCCIÓN
96877,2023-03-01,2023-12-31,2,DECANATO DE INVESTIGACIÓN
96877,2024-01-01,2024-12-31,3,FACULTAD DE CIENCIAS NATURALES Y MATEMÁTICAS
96900,2023-10-16,2024-05-31,4,FACULTAD DE INGENIERÍA MARÍTIMA Y CIENCIAS DEL MAR
96905,2024-09-30,,7,FACULTAD DE INGENIERÍA MECÁNICA Y CIENCIAS DE LA PRODUCCIÓN
96906,2022-01-06,2022-12-31,1,CENTRO DE ENERGÍAS RENOVABLES Y ALTERNATIVAS
96924,2024-01-01,2025-12-31,6,FACULTAD DE INGENIERÍA MECÁNICA Y CIENCIAS DE LA PRODUCCIÓN
96924,2023-03-15,2023-12-31,2,DECANATO DE INVESTIGACIÓN
96924,2026-06-01,,1,FACULTAD DE INGENIERÍA MECÁNICA Y CIENCIAS DE LA PRODUCCIÓN
96954,2023-03-01,2023-12-31,2,DECANATO DE INVESTIGACIÓN
96958,2022-01-06,2022-06-30,1,DECANATO DE INVESTIGACIÓN
96958,2022-07-26,2022-11-25,1,DECANATO DE INVESTIGACIÓN
96958,2022-12-01,2022-12-31,1,DECANATO DE INVESTIGACIÓN
96958,2023-01-09,2023-02-28,1,FACULTAD DE CIENCIAS SOCIALES Y HUMANÍSTICAS
96958,2023-03-01,2023-12-31,2,DECANATO DE INVESTIGACIÓN
96958,2024-01-01,2025-02-16,5,FACULTAD DE CIENCIAS SOCIALES Y HUMANÍSTICAS
97002,2021-06-01,2021-09-30,1,DECANATO DE INVESTIGACIÓN
97002,2023-05-15,2023-12-31,2,FACULTAD DE CIENCIAS SOCIALES Y HUMANÍSTICAS
97002,2021-11-15,2021-11-30,1,DECANATO DE INVESTIGACIÓN
97002,2025-10-13,2025-12-31,1,FACULTAD DE CIENCIAS SOCIALES Y HUMANÍSTICAS
97011,2023-10-03,2023-12-31,2,FACULTAD DE INGENIERÍA MECÁNICA Y CIENCIAS DE LA PRODUCCIÓN
97024,2023-10-03,2023-12-31,2,FACULTAD DE INGENIERÍA EN ELECTRICIDAD Y COMPUTACIÓN
97029,2024-05-13,2025-11-14,4,FACULTAD DE INGENIERÍA EN CIENCIAS DE LA TIERRA
97037,2023-10-02,2024-02-16,3,FACULTAD DE INGENIERÍA EN ELECTRICIDAD Y COMPUTACIÓN
97056,2022-05-16,2023-09-30,3,FACULTAD DE CIENCIAS NATURALES Y MATEMÁTICAS
97077,2023-10-03,2023-12-31,2,FACULTAD DE INGENIERÍA EN CIENCIAS DE LA TIERRA
97130,2023-01-09,2023-02-28,1,FACULTAD DE INGENIERÍA MECÁNICA Y CIENCIAS DE LA PRODUCCIÓN
97130,2023-07-03,,10,FACULTAD DE INGENIERÍA MECÁNICA Y CIENCIAS DE LA PRODUCCIÓN
97130,2023-03-01,2023-07-02,1,DECANATO DE INVESTIGACIÓN
97137,2023-03-01,2023-12-31,2,DECANATO DE INVESTIGACIÓN
97137,2024-01-01,2024-03-31,2,FACULTAD DE INGENIERÍA EN CIENCIAS DE LA TIERRA
97139,2022-11-01,2022-12-31,1,DECANATO DE INVESTIGACIÓN
97139,2023-02-13,,17,FACULTAD DE INGENIERÍA EN CIENCIAS DE LA TIERRA
97140,2023-10-17,2025-12-31,8,FACULTAD DE CIENCIAS NATURALES Y MATEMÁTICAS
97145,2024-09-02,2024-09-20,1,FACULTAD DE INGENIERÍA MARÍTIMA Y CIENCIAS DEL MAR
97145,2024-09-30,,7,FACULTAD DE INGENIERÍA MARÍTIMA Y CIENCIAS DEL MAR
97155,2023-05-15,2023-12-31,2,DECANATO DE GRADO
97155,2024-01-01,2024-02-18,1,DIRECCIÓN DE ADMISIONES
97155,2024-01-02,2024-01-08,1,DECANATO DE GRADO
97155,2025-07-11,2025-09-28,1,DIRECCIÓN DE ADMISIONES
97155,2025-09-29,2026-02-01,3,FACULTAD DE CIENCIAS NATURALES Y MATEMÁTICAS
97158,2022-02-02,2022-12-31,2,DECANATO DE INVESTIGACIÓN
97158,2023-01-09,2023-12-31,1,FACULTAD DE INGENIERÍA MECÁNICA Y CIENCIAS DE LA PRODUCCIÓN
97195,2023-05-02,2026-02-06,10,FACULTAD DE CIENCIAS SOCIALES Y HUMANÍSTICAS
97239,2023-10-23,2023-12-31,1,DIRECCIÓN DE ADMISIONES
97239,2024-01-18,2024-09-20,3,DIRECCIÓN DE ADMISIONES
97254,2023-10-03,2023-12-31,2,FACULTAD DE INGENIERÍA EN CIENCIAS DE LA TIERRA
97298,2021-08-02,2021-12-31,1,GERENCIA DE TECNOLOGÍAS Y SISTEMAS DE INFORMACIÓN
97298,2022-01-06,2022-01-31,1,GERENCIA DE TECNOLOGÍAS Y SISTEMAS DE INFORMACIÓN
97299,2026-07-01,,1,DIRECCIÓN DE ADMISIONES
97328,2023-10-18,,11,FACULTAD DE INGENIERÍA EN CIENCIAS DE LA TIERRA
97362,2023-09-06,2023-12-31,2,DECANATO DE GRADO
97362,2024-01-01,2025-12-31,5,DIRECCIÓN DE ADMISIONES
97379,2023-10-03,2023-12-31,2,"FACULTAD DE ARTE, DISEÑO Y COMUNICACIÓN AUDIOVISUAL"
97410,2025-10-14,,3,FACULTAD DE INGENIERÍA MECÁNICA Y CIENCIAS DE LA PRODUCCIÓN
97455,2016-10-19,2016-10-21,1,CENTRO DE INVESTIGACIONES Y SERVICIOS EDUCATIVOS
97455,2016-11-26,2016-11-26,1,CENTRO DE INVESTIGACIONES Y SERVICIOS EDUCATIVOS
97461,2017-01-01,2018-03-09,2,FACULTAD DE CIENCIAS NATURALES Y MATEMÁTICAS
97461,2016-10-01,2016-12-31,1,DESCONOCIDA
97461,2019-05-13,,28,FACULTAD DE CIENCIAS NATURALES Y MATEMÁTICAS
97463,2016-10-01,2016-12-31,1,DESCONOCIDA
97463,2017-01-01,,32,FACULTAD DE CIENCIAS DE LA VIDA
97465,2016-10-01,2016-12-31,1,DESCONOCIDA
97465,2017-01-01,2019-01-23,3,ESCUELA DE DISEÑO Y COMUNICACIÓN VISUAL
97465,2019-01-24,,21,"FACULTAD DE ARTE, DISEÑO Y COMUNICACIÓN AUDIOVISUAL"
97468,2016-10-01,,34,FACULTAD DE CIENCIAS DE LA VIDA
97471,2016-09-10,2016-09-17,1,DESCONOCIDA
97471,2016-10-01,2016-12-31,1,DESCONOCIDA
97471,2017-01-01,2017-12-31,1,FACULTAD DE CIENCIAS SOCIALES Y HUMANÍSTICAS
97471,2018-01-01,2021-09-30,7,DECANATO DE GRADO
97472,2016-10-01,2016-12-31,1,DESCONOCIDA
97472,2017-01-01,2020-02-21,4,FACULTAD DE CIENCIAS SOCIALES Y HUMANÍSTICAS
97472,2020-02-22,2024-02-16,14,DECANATO DE GRADO
97473,2016-11-01,,25,FACULTAD DE CIENCIAS SOCIALES Y HUMANÍSTICAS
97486,2016-10-01,2016-12-31,1,DESCONOCIDA
97486,2017-01-01,2018-03-02,2,FACULTAD DE INGENIERÍA EN CIENCIAS DE LA TIERRA
97486,2018-03-03,2019-12-31,2,FACULTAD DE CIENCIAS SOCIALES Y HUMANÍSTICAS
97486,2020-01-01,2020-02-21,1,DIRECCIÓN DE ADMISIONES
97530,2017-04-10,,28,FACULTAD DE CIENCIAS NATURALES Y MATEMÁTICAS
97562,2018-06-04,2018-07-01,1,CENTRO NACIONAL DE ACUICULTURA E INVESTIGACIONES MARINAS
97562,2019-07-15,2019-07-26,1,CENTRO NACIONAL DE ACUICULTURA E INVESTIGACIONES MARINAS
97562,2019-09-30,2019-10-27,1,CENTRO NACIONAL DE ACUICULTURA E INVESTIGACIONES MARINAS
97562,2019-11-01,2021-01-04,2,CENTRO NACIONAL DE ACUICULTURA E INVESTIGACIONES MARINAS
97562,2016-11-01,2021-11-30,3,DESCONOCIDA
97562,2021-12-22,2021-12-23,1,DESCONOCIDA
97562,2021-12-01,,37,CENTRO NACIONAL DE ACUICULTURA E INVESTIGACIONES MARINAS
97570,2013-06-03,2013-12-31,1,DESCONOCIDA
97577,2017-01-03,2017-12-31,1,DESCONOCIDA
97601,2016-10-20,2016-12-31,1,DESCONOCIDA
97601,2017-01-01,2024-03-19,25,FACULTAD DE CIENCIAS SOCIALES Y HUMANÍSTICAS
97602,2017-01-01,2021-12-31,7,FACULTAD DE CIENCIAS NATURALES Y MATEMÁTICAS
97602,2016-10-17,2016-12-31,1,DESCONOCIDA
97602,2022-01-20,2026-02-13,14,FACULTAD DE CIENCIAS NATURALES Y MATEMÁTICAS
97637,2016-11-01,2016-12-31,1,DESCONOCIDA
97637,2017-01-01,2019-12-31,3,ESCUELA DE DISEÑO Y COMUNICACIÓN VISUAL
97637,2020-01-01,,17,"FACULTAD DE ARTE, DISEÑO Y COMUNICACIÓN AUDIOVISUAL"
97664,2017-05-02,2018-03-02,2,"FACULTAD DE INGENIERIA MARÍTIMA, CIENCIAS BIOLÓGICAS, OCEÁNICAS Y RECURSOS NATURALES"
97664,2018-03-03,,29,FACULTAD DE CIENCIAS SOCIALES Y HUMANÍSTICAS
97667,2017-04-01,2022-10-31,11,GERENCIA DE COMUNICACIÓN SOCIAL Y ASUNTOS PÚBLICOS
97667,2022-11-14,2022-11-30,1,GERENCIA DE COMUNICACIÓN SOCIAL Y ASUNTOS PÚBLICOS
97667,2022-12-27,2022-12-30,1,GERENCIA DE COMUNICACIÓN SOCIAL Y ASUNTOS PÚBLICOS
97667,2023-02-02,2023-02-02,1,GERENCIA DE COMUNICACIÓN SOCIAL Y ASUNTOS PÚBLICOS
97667,2017-01-01,2017-03-31,1,DESCONOCIDA
97667,2023-03-27,2023-04-12,1,GERENCIA DE COMUNICACIÓN SOCIAL Y ASUNTOS PÚBLICOS
97667,2022-11-01,,19,GERENCIA DE COMUNICACIÓN
97668,2017-01-01,2017-03-31,1,DESCONOCIDA
97668,2017-04-01,,20,CENTRO DE INFORMACIÓN BIBLIOTECARIA
97687,2017-07-01,2017-07-01,1,DESCONOCIDA
97687,2017-01-03,2024-08-30,42,CENTRO NACIONAL DE ACUICULTURA E INVESTIGACIONES MARINAS
97687,2018-10-15,2018-10-19,1,DESCONOCIDA
97703,2017-10-01,2025-05-31,34,CENTRO DE INVESTIGACIONES BIOTECNOLÓGICAS DEL ECUADOR
97703,2016-12-01,2017-09-30,1,DESCONOCIDA
97703,2025-10-03,2026-05-17,3,CENTRO DE INVESTIGACIONES BIOTECNOLÓGICAS DEL ECUADOR
97703,2019-04-02,2019-04-06,1,CENTRO NACIONAL DE ACUICULTURA E INVESTIGACIONES MARINAS
97706,2020-02-26,2020-03-13,1,DESCONOCIDA
97706,2017-02-01,2020-07-05,4,AUDITORÍA INTERNA
97706,2020-07-06,2020-07-06,1,DESCONOCIDA
97741,2016-10-03,2016-10-07,1,DESCONOCIDA
97741,2017-01-03,2017-01-31,1,DESCONOCIDA
97762,2017-12-01,2018-05-31,1,ESCUELA DE DISEÑO Y COMUNICACIÓN VISUAL
97762,2018-06-01,2018-12-31,1,"FACULTAD DE ARTE, DISEÑO Y COMUNICACIÓN AUDIOVISUAL"
97762,2017-02-15,2017-11-30,1,SECRETARIA ADMINISTRATIVA
97762,2019-01-01,2019-12-31,1,ESCUELA DE DISEÑO Y COMUNICACIÓN VISUAL
97762,2018-06-01,2018-06-01,1,DESCONOCIDA
97762,2020-01-01,2020-12-31,1,"FACULTAD DE ARTE, DISEÑO Y COMUNICACIÓN AUDIOVISUAL"
97773,1993-11-08,1994-05-07,2,DESCONOCIDA
97773,1994-06-13,1994-07-31,1,DESCONOCIDA
97773,1994-09-01,1994-10-15,1,DESCONOCIDA
97773,1995-01-01,1995-01-30,1,DESCONOCIDA
97773,2016-10-30,2017-01-30,1,DESCONOCIDA
97773,2021-01-04,,27,GERENCIA DE INFRAESTRUCTURA FÍSICA
97829,2023-10-10,,9,FACULTAD DE INGENIERÍA MECÁNICA Y CIENCIAS DE LA PRODUCCIÓN
97836,2022-08-03,2022-12-31,1,GERENCIA DE INFRAESTRUCTURA FÍSICA
97836,2023-08-01,2025-06-01,5,GERENCIA DE INFRAESTRUCTURA FÍSICA
97845,2023-05-15,2025-02-14,7,FACULTAD DE INGENIERÍA EN ELECTRICIDAD Y COMPUTACIÓN
97846,2023-03-01,2023-12-31,2,DECANATO DE INVESTIGACIÓN
97853,2023-01-09,2023-02-28,1,FACULTAD DE INGENIERÍA MECÁNICA Y CIENCIAS DE LA PRODUCCIÓN
97853,2024-01-01,2024-05-31,1,FACULTAD DE INGENIERÍA MECÁNICA Y CIENCIAS DE LA PRODUCCIÓN
97853,2023-03-01,2023-12-31,2,DECANATO DE INVESTIGACIÓN
97876,2023-03-01,2023-06-05,1,DECANATO DE INVESTIGACIÓN
97894,2022-05-11,2022-12-31,1,DECANATO DE INVESTIGACIÓN
97894,2023-01-09,2023-02-28,1,FACULTAD DE CIENCIAS SOCIALES Y HUMANÍSTICAS
97926,2023-09-20,2024-09-20,5,DIRECCIÓN DE ADMISIONES
97926,2024-09-23,,8,DIRECCIÓN DE ADMISIONES
97928,2023-10-03,2023-12-31,2,"FACULTAD DE ARTE, DISEÑO Y COMUNICACIÓN AUDIOVISUAL"
97928,2024-06-03,,10,"FACULTAD DE ARTE, DISEÑO Y COMUNICACIÓN AUDIOVISUAL"
97933,2021-06-01,2021-12-31,1,DECANATO DE INVESTIGACIÓN
98030,2017-04-26,2017-12-31,1,DESCONOCIDA
98030,2018-01-01,2020-02-21,4,FACULTAD DE CIENCIAS NATURALES Y MATEMÁTICAS
98034,2017-04-26,2017-12-31,1,DESCONOCIDA
98034,2018-01-01,,44,FACULTAD DE CIENCIAS DE LA VIDA
98037,2017-10-01,2021-12-31,8,FACULTAD DE CIENCIAS NATURALES Y MATEMÁTICAS
98037,2022-01-12,2023-02-17,4,FACULTAD DE CIENCIAS NATURALES Y MATEMÁTICAS
98038,2017-10-01,,29,FACULTAD DE CIENCIAS NATURALES Y MATEMÁTICAS
98040,2017-10-01,,32,FACULTAD DE CIENCIAS NATURALES Y MATEMÁTICAS
98044,2023-09-20,,10,DIRECCIÓN DE ADMISIONES
98053,2021-06-14,2021-12-31,1,CENTRO DE ESTUDIOS ASIA-PACÍFICO
98053,2022-01-06,2022-12-31,1,CENTRO DE ESTUDIOS ASIA-PACÍFICO
98053,2023-10-16,2025-02-16,6,FACULTAD DE CIENCIAS SOCIALES Y HUMANÍSTICAS
98113,2023-10-03,2023-12-31,2,FACULTAD DE CIENCIAS SOCIALES Y HUMANÍSTICAS
98201,2023-09-20,2023-12-31,1,DIRECCIÓN DE ADMISIONES
98214,2021-12-01,2022-10-06,4,CENTRO NACIONAL DE ACUICULTURA E INVESTIGACIONES MARINAS
98233,2023-07-25,2023-11-25,1,CENTRO INTERNACIONAL DEL PACÍFICO PARA LA REDUCCIÓN DEL RIESGO DE DESASTRES
98256,2023-03-01,2023-12-31,2,DECANATO DE INVESTIGACIÓN
98256,2024-01-01,2024-04-08,1,FACULTAD DE INGENIERÍA EN CIENCIAS DE LA TIERRA
98296,2017-05-25,2022-12-31,13,DIRECCIÓN DE SERVICIOS GENERALES
98296,2023-01-03,2024-11-04,10,RECTORADO
98296,2024-11-05,,9,GERENCIA ADMINISTRATIVA
98297,2017-05-25,2020-11-30,4,DIRECCIÓN DE SERVICIOS GENERALES
98297,2020-12-01,,18,"FACULTAD DE ARTE, DISEÑO Y COMUNICACIÓN AUDIOVISUAL"
98299,2017-05-25,,49,DIRECCIÓN DE SERVICIOS GENERALES
98307,2017-05-25,2018-09-30,2,DIRECCIÓN DE SERVICIOS GENERALES
98307,2018-10-01,,40,DIRECCIÓN DE LA SECRETARÍA TÉCNICA ACADEMICA
98308,2017-05-25,2019-12-31,3,DIRECCIÓN DE SERVICIOS GENERALES
98308,2020-01-01,2024-12-31,19,FACULTAD DE CIENCIAS SOCIALES Y HUMANÍSTICAS
98308,2025-01-01,,12,DIRECCIÓN DE SERVICIOS GENERALES
98308,2025-04-28,2025-04-29,1,FACULTAD DE CIENCIAS SOCIALES Y HUMANÍSTICAS
98309,2017-05-25,2024-12-31,22,DIRECCIÓN DE SERVICIOS GENERALES
98309,2025-01-06,2025-01-10,1,DIRECCIÓN DE SERVICIOS GENERALES
98309,2025-03-10,2025-03-10,1,DIRECCIÓN DE SERVICIOS GENERALES
98309,2025-03-17,2025-03-18,1,DIRECCIÓN DE SERVICIOS GENERALES
98309,2025-05-19,2025-05-21,1,DIRECCIÓN DE SERVICIOS GENERALES
98309,2025-06-11,2025-06-11,1,DIRECCIÓN DE SERVICIOS GENERALES
98309,2025-08-04,2025-08-05,1,DIRECCIÓN DE SERVICIOS GENERALES
98309,2025-09-08,2025-09-08,1,DIRECCIÓN DE SERVICIOS GENERALES
98309,2025-10-16,2025-10-31,2,DIRECCIÓN DE SERVICIOS GENERALES
98309,2026-02-18,2026-02-27,1,DIRECCIÓN DE SERVICIOS GENERALES
98309,2026-03-16,2026-03-16,1,DIRECCIÓN DE SERVICIOS GENERALES
98309,2025-01-01,,5,GERENCIA DE BIENESTAR POLITÉCNICO
98310,2017-05-25,2022-12-31,14,DIRECCIÓN DE SERVICIOS GENERALES
98310,2023-07-13,2023-07-14,1,DIRECCIÓN DE SERVICIOS GENERALES
98310,2023-07-25,2023-07-27,1,DIRECCIÓN DE SERVICIOS GENERALES
98310,2023-10-23,2023-11-01,1,DIRECCIÓN DE SERVICIOS GENERALES
98310,2023-12-26,2023-12-28,1,DIRECCIÓN DE SERVICIOS GENERALES
98310,2023-01-01,2025-05-31,6,DIRECCION DE SEGURIDAD FISICA
98311,2017-05-25,2018-12-31,2,DIRECCIÓN DE SERVICIOS GENERALES
98311,2019-01-01,2023-03-27,15,FACULTAD DE INGENIERÍA EN ELECTRICIDAD Y COMPUTACIÓN
98340,2022-10-17,2023-07-31,3,FACULTAD DE CIENCIAS DE LA VIDA
98342,2023-01-03,2023-12-31,3,DECANATO DE INVESTIGACIÓN
98344,2023-03-01,2023-08-13,1,DECANATO DE INVESTIGACIÓN
98344,2023-08-14,2023-12-31,2,"VICERRECTORADO DE INVESTIGACIÓN, DESARROLLO E INNOVACIÓN"
98357,2023-06-14,2024-04-08,3,FACULTAD DE INGENIERÍA EN CIENCIAS DE LA TIERRA
98372,2021-10-20,2021-12-31,1,DECANATO DE INVESTIGACIÓN
98372,2022-06-06,2022-09-30,1,DECANATO DE INVESTIGACIÓN
98372,2022-10-03,2022-12-31,1,DECANATO DE INVESTIGACIÓN
98376,2021-10-20,2021-12-31,1,DECANATO DE INVESTIGACIÓN
98376,2022-01-06,2022-09-28,1,DECANATO DE INVESTIGACIÓN
98380,2023-10-05,2023-12-31,2,FACULTAD DE INGENIERÍA MECÁNICA Y CIENCIAS DE LA PRODUCCIÓN
98398,2022-11-08,2022-12-31,1,DECANATO DE INVESTIGACIÓN
98413,2023-10-03,2023-12-31,1,FACULTAD DE CIENCIAS SOCIALES Y HUMANÍSTICAS
98413,2025-03-05,2025-12-31,3,FACULTAD DE CIENCIAS DE LA VIDA
98413,2026-06-15,,1,CENTRO DE INVESTIGACIONES Y SERVICIOS EDUCATIVOS
98417,2023-02-06,2025-05-30,7,FACULTAD DE INGENIERÍA EN ELECTRICIDAD Y COMPUTACIÓN
98417,2025-10-03,2025-12-31,1,CENTRO DE TECNOLOGÍAS DE LA INFORMACIÓN
98433,2021-05-19,2021-12-31,1,DECANATO DE INVESTIGACIÓN
98433,2022-02-01,2022-09-23,1,DECANATO DE INVESTIGACIÓN
98433,2022-10-05,2022-12-31,1,DECANATO DE INVESTIGACIÓN
98433,2023-03-01,2023-08-31,1,DECANATO DE INVESTIGACIÓN
98433,2023-01-09,2023-02-28,1,FACULTAD DE CIENCIAS NATURALES Y MATEMÁTICAS
98467,2023-10-05,2023-12-31,2,FACULTAD DE INGENIERÍA MECÁNICA Y CIENCIAS DE LA PRODUCCIÓN
98468,2023-10-05,2023-12-31,2,FACULTAD DE INGENIERÍA MECÁNICA Y CIENCIAS DE LA PRODUCCIÓN
98473,2023-03-01,2023-12-31,2,DECANATO DE INVESTIGACIÓN
98482,2023-06-05,,13,FACULTAD DE CIENCIAS SOCIALES Y HUMANÍSTICAS
98513,2021-07-27,2021-12-31,1,UNIDAD DE VINCULACIÓN CON LA SOCIEDAD
98536,2023-10-05,2023-12-31,2,FACULTAD DE CIENCIAS DE LA VIDA
98544,2021-06-09,2021-12-31,1,DECANATO DE INVESTIGACIÓN
98544,2022-01-06,2022-02-28,1,DECANATO DE INVESTIGACIÓN
98581,2025-05-12,,3,FACULTAD DE INGENIERÍA MARÍTIMA Y CIENCIAS DEL MAR
98590,2021-06-09,2021-12-31,1,DECANATO DE INVESTIGACIÓN
98590,2022-05-25,2022-12-31,1,DECANATO DE INVESTIGACIÓN
98590,2023-01-09,2023-12-31,1,FACULTAD DE CIENCIAS NATURALES Y MATEMÁTICAS
98590,2024-01-08,2024-12-31,1,FACULTAD DE CIENCIAS SOCIALES Y HUMANÍSTICAS
98610,2024-11-15,2024-12-31,1,FACULTAD DE CIENCIAS DE LA VIDA
98610,2025-09-01,2025-12-31,2,FACULTAD DE CIENCIAS DE LA VIDA
98610,2026-07-21,,1,FACULTAD DE CIENCIAS DE LA VIDA
98657,2023-10-03,2023-12-31,1,FACULTAD DE CIENCIAS DE LA VIDA
98678,2023-10-05,2023-12-31,2,FACULTAD DE CIENCIAS DE LA VIDA
98684,2026-01-05,2026-05-08,2,FACULTAD DE CIENCIAS DE LA VIDA
98686,2023-03-01,2023-12-31,2,DECANATO DE INVESTIGACIÓN
98686,2026-06-01,,1,FACULTAD DE CIENCIAS NATURALES Y MATEMÁTICAS
98706,2023-05-02,2023-08-27,1,FACULTAD DE CIENCIAS NATURALES Y MATEMÁTICAS
98706,2025-10-01,2026-02-13,2,FACULTAD DE CIENCIAS NATURALES Y MATEMÁTICAS
98706,2026-03-09,,2,FACULTAD DE CIENCIAS NATURALES Y MATEMÁTICAS
98732,2022-10-12,2022-12-31,1,DECANATO DE INVESTIGACIÓN
98732,2023-10-18,2023-12-31,2,FACULTAD DE CIENCIAS DE LA VIDA
98732,2023-01-09,2023-10-17,2,DECANATO DE INVESTIGACIÓN
98732,2024-11-18,2024-12-31,1,FACULTAD DE CIENCIAS DE LA VIDA
98757,2023-10-03,2023-12-31,2,FACULTAD DE INGENIERÍA EN CIENCIAS DE LA TIERRA
98757,2026-01-05,,4,FACULTAD DE INGENIERÍA EN CIENCIAS DE LA TIERRA
98780,2023-02-13,,17,FACULTAD DE INGENIERÍA EN CIENCIAS DE LA TIERRA
98828,2023-06-27,2024-08-31,5,FACULTAD DE CIENCIAS NATURALES Y MATEMÁTICAS
98838,2023-11-01,2023-12-31,2,FACULTAD DE CIENCIAS NATURALES Y MATEMÁTICAS
98842,2023-10-03,2023-12-31,2,FACULTAD DE INGENIERÍA MECÁNICA Y CIENCIAS DE LA PRODUCCIÓN
98842,2025-09-22,,5,FACULTAD DE INGENIERÍA MECÁNICA Y CIENCIAS DE LA PRODUCCIÓN
98851,2023-10-05,2023-12-31,2,FACULTAD DE INGENIERÍA MECÁNICA Y CIENCIAS DE LA PRODUCCIÓN
98855,2023-05-15,2026-02-13,11,CENTRO DE TECNOLOGÍAS DE LA INFORMACIÓN
98856,2022-11-01,2022-11-30,1,DECANATO DE INVESTIGACIÓN
98892,2023-10-03,2024-05-05,5,FACULTAD DE INGENIERÍA MECÁNICA Y CIENCIAS DE LA PRODUCCIÓN
98892,2024-05-13,2025-12-31,7,FACULTAD DE INGENIERÍA EN ELECTRICIDAD Y COMPUTACIÓN
98892,2026-01-01,,6,DIRECCIÓN DE ADMISIONES
98896,2023-10-03,2023-12-31,2,FACULTAD DE INGENIERÍA EN CIENCIAS DE LA TIERRA
98923,2017-05-25,,60,DIRECCIÓN DE SERVICIOS GENERALES
98935,2018-01-01,2019-12-31,2,DIRECCIÓN DE ADMISIONES
98935,2020-02-03,2020-05-31,1,DIRECCIÓN DE ADMISIONES
98935,2021-06-01,2021-08-31,1,DIRECCIÓN DE ADMISIONES
98935,2017-05-01,2017-12-31,1,DESCONOCIDA
98935,2023-10-10,2023-12-31,1,DIRECCIÓN DE ADMISIONES
98935,2021-10-04,2022-02-18,2,FACULTAD DE CIENCIAS NATURALES Y MATEMÁTICAS
98936,2018-01-01,2019-12-31,2,DIRECCIÓN DE ADMISIONES
98936,2020-02-03,2020-05-31,1,DIRECCIÓN DE ADMISIONES
98936,2017-05-01,2017-12-31,1,DESCONOCIDA
98936,2021-05-25,2021-10-03,1,DIRECCIÓN DE ADMISIONES
98936,2021-10-04,,18,DECANATO DE GRADO
98950,2017-05-02,2017-09-22,1,DESCONOCIDA
98956,2017-05-15,2017-12-31,1,DESCONOCIDA
98956,2018-01-01,2021-09-17,4,CENTRO NACIONAL DE ACUICULTURA E INVESTIGACIONES MARINAS
98960,2017-07-01,2017-09-30,1,DESCONOCIDA
98960,2017-10-01,,34,SECRETARIA ADMINISTRATIVA
98962,2021-05-25,2021-12-31,1,DIRECCIÓN DE ADMISIONES
98966,2020-02-22,2020-03-01,1,FACULTAD DE INGENIERÍA EN CIENCIAS DE LA TIERRA
98968,2023-09-20,2023-12-31,1,DIRECCIÓN DE ADMISIONES
98971,2021-05-25,2021-08-31,1,DIRECCIÓN DE ADMISIONES
98973,2018-05-01,2019-12-31,4,FACULTAD DE CIENCIAS NATURALES Y MATEMÁTICAS
98973,2020-02-22,,20,FACULTAD DE CIENCIAS NATURALES Y MATEMÁTICAS
98973,2020-01-01,2020-02-21,1,DIRECCIÓN DE ADMISIONES
98980,2021-05-25,2021-08-31,1,DIRECCIÓN DE ADMISIONES
98980,2021-10-11,2021-12-31,1,DIRECCIÓN DE ADMISIONES
98980,2023-05-29,,12,DIRECCIÓN DE ADMISIONES
98984,2017-06-01,2020-12-31,6,GERENCIA DE COMUNICACIÓN SOCIAL Y ASUNTOS PÚBLICOS
98984,2022-02-21,2022-02-25,1,GERENCIA DE COMUNICACIÓN SOCIAL Y ASUNTOS PÚBLICOS
98984,2022-11-21,2022-11-21,1,GERENCIA DE COMUNICACIÓN SOCIAL Y ASUNTOS PÚBLICOS
98984,2022-12-26,2022-12-30,1,GERENCIA DE COMUNICACIÓN SOCIAL Y ASUNTOS PÚBLICOS
98984,2023-08-14,2023-09-01,1,GERENCIA DE COMUNICACIÓN SOCIAL Y ASUNTOS PÚBLICOS
98984,2021-01-01,,16,GERENCIA DE COMUNICACIÓN
99043,2019-05-01,2020-09-20,4,CENTRO NACIONAL DE ACUICULTURA E INVESTIGACIONES MARINAS
99043,2023-10-10,,15,FACULTAD DE CIENCIAS NATURALES Y MATEMÁTICAS
99083,2025-05-12,2025-08-19,1,"FACULTAD DE ARTE, DISEÑO Y COMUNICACIÓN AUDIOVISUAL"
99100,2023-10-10,2023-12-31,1,DIRECCIÓN DE ADMISIONES
99102,2022-01-06,2022-08-25,1,DECANATO DE INVESTIGACIÓN
99110,2023-07-11,2023-12-31,1,CENTRO DE TECNOLOGÍAS DE LA INFORMACIÓN
99110,2024-01-02,2025-12-31,5,CENTRO DE TECNOLOGÍAS DE LA INFORMACIÓN
99124,2023-09-20,2023-12-31,2,DIRECCIÓN DE ADMISIONES
99136,2023-10-03,2023-12-31,2,FACULTAD DE INGENIERÍA MECÁNICA Y CIENCIAS DE LA PRODUCCIÓN
99138,2023-10-05,2023-12-31,2,FACULTAD DE INGENIERÍA MECÁNICA Y CIENCIAS DE LA PRODUCCIÓN
99141,2023-10-05,2023-12-31,2,FACULTAD DE INGENIERÍA MECÁNICA Y CIENCIAS DE LA PRODUCCIÓN
99141,2025-02-03,2025-02-16,1,DECANATO DE INVESTIGACIÓN
99141,2025-02-17,,5,"CENTRO DE INVESTIGACIÓN, DESARROLLO E INNOVACIÓN DE SISTEMAS COMPUTACIONALES"
99143,2025-10-03,2025-12-31,1,"CENTRO DE INVESTIGACIÓN, DESARROLLO E INNOVACIÓN DE SISTEMAS COMPUTACIONALES"
99143,2026-05-13,,1,FACULTAD DE INGENIERÍA EN ELECTRICIDAD Y COMPUTACIÓN
99225,2024-11-05,,6,FACULTAD DE CIENCIAS NATURALES Y MATEMÁTICAS
99249,2023-10-03,2023-12-31,2,FACULTAD DE INGENIERÍA MECÁNICA Y CIENCIAS DE LA PRODUCCIÓN
99267,2025-10-03,2025-12-31,1,CENTRO INTERNACIONAL DEL PACÍFICO PARA LA REDUCCIÓN DEL RIESGO DE DESASTRES
99308,2023-05-22,2024-09-20,5,FACULTAD DE CIENCIAS NATURALES Y MATEMÁTICAS
99419,2023-10-05,2023-12-06,1,FACULTAD DE INGENIERÍA MECÁNICA Y CIENCIAS DE LA PRODUCCIÓN
99442,2025-08-01,2025-12-31,1,GERENCIA DE TECNOLOGÍAS Y SISTEMAS DE INFORMACIÓN
99442,2026-01-06,2026-06-04,1,GERENCIA DE TECNOLOGÍAS Y SISTEMAS DE INFORMACIÓN
99588,2023-05-15,2025-02-16,8,FACULTAD DE CIENCIAS SOCIALES Y HUMANÍSTICAS
99596,2022-10-03,2023-12-22,6,GERENCIA DE PLANIFICACIÓN ESTRATÉGICA
99686,2024-11-15,2024-12-31,1,GERENCIA DE TECNOLOGÍAS Y SISTEMAS DE INFORMACIÓN
99718,2025-09-01,,6,FACULTAD DE CIENCIAS DE LA VIDA
99736,2017-10-01,2019-01-23,3,ESCUELA DE DISEÑO Y COMUNICACIÓN VISUAL
99736,2019-01-24,,24,"FACULTAD DE ARTE, DISEÑO Y COMUNICACIÓN AUDIOVISUAL"
99772,2023-10-02,2024-10-18,5,FACULTAD DE INGENIERÍA MECÁNICA Y CIENCIAS DE LA PRODUCCIÓN
99852,2018-07-01,2022-11-07,9,GERENCIA DE COMUNICACIÓN SOCIAL Y ASUNTOS PÚBLICOS
99852,2022-11-14,2022-11-14,1,GERENCIA DE COMUNICACIÓN SOCIAL Y ASUNTOS PÚBLICOS
99852,2022-11-16,2022-11-28,1,GERENCIA DE COMUNICACIÓN SOCIAL Y ASUNTOS PÚBLICOS
99852,2022-12-27,2022-12-30,1,GERENCIA DE COMUNICACIÓN SOCIAL Y ASUNTOS PÚBLICOS
99852,2017-09-22,2018-06-30,2,ESCUELA DE DISEÑO Y COMUNICACIÓN VISUAL
99852,2023-01-20,2023-01-27,1,GERENCIA DE COMUNICACIÓN SOCIAL Y ASUNTOS PÚBLICOS
99852,2022-11-08,,17,GERENCIA DE COMUNICACIÓN
99869,2023-10-03,2023-12-31,2,FACULTAD DE CIENCIAS SOCIALES Y HUMANÍSTICAS
99877,2025-10-03,2025-12-31,1,CENTRO DE AGUA Y DESARROLLO SUSTENTABLE
99883,2019-01-24,2026-02-13,20,"FACULTAD DE ARTE, DISEÑO Y COMUNICACIÓN AUDIOVISUAL"
99883,2017-10-05,2019-01-23,3,ESCUELA DE DISEÑO Y COMUNICACIÓN VISUAL
99883,2026-05-11,,1,"FACULTAD DE ARTE, DISEÑO Y COMUNICACIÓN AUDIOVISUAL"
99887,2026-06-01,,3,FACULTAD DE INGENIERÍA EN CIENCIAS DE LA TIERRA
99944,2025-05-12,2025-09-21,1,FACULTAD DE CIENCIAS NATURALES Y MATEMÁTICAS
99944,2026-05-04,,1,FACULTAD DE CIENCIAS NATURALES Y MATEMÁTICAS
99944,2025-09-22,2025-12-31,2,DIRECCIÓN DE ADMISIONES
99956,2025-11-06,2025-12-31,1,DIRECCIÓN DE ADMISIONES
99983,2019-03-01,,26,DIRECCIÓN DE SERVICIOS GENERALES
100016,2023-10-05,2023-12-31,2,FACULTAD DE CIENCIAS DE LA VIDA
100055,2022-04-06,2022-05-13,1,DECANATO DE INVESTIGACIÓN
100055,2023-02-01,2023-12-31,1,"CENTRO DE INVESTIGACIÓN, DESARROLLO E INNOVACIÓN DE SISTEMAS COMPUTACIONALES"
100055,2022-06-22,2022-08-23,1,DECANATO DE INVESTIGACIÓN
100055,2024-01-02,,15,"CENTRO DE INVESTIGACIÓN, DESARROLLO E INNOVACIÓN DE SISTEMAS COMPUTACIONALES"
100136,2023-10-05,2023-12-31,2,FACULTAD DE INGENIERÍA MECÁNICA Y CIENCIAS DE LA PRODUCCIÓN
100228,2017-10-01,,32,FACULTAD DE INGENIERÍA EN CIENCIAS DE LA TIERRA
100259,2021-06-17,2021-12-31,1,DECANATO DE INVESTIGACIÓN
100262,2021-05-17,2021-12-31,1,DECANATO DE INVESTIGACIÓN
100276,2024-06-12,,9,FACULTAD DE INGENIERÍA EN ELECTRICIDAD Y COMPUTACIÓN
100304,2023-10-03,2023-12-31,2,FACULTAD DE CIENCIAS SOCIALES Y HUMANÍSTICAS
100334,2023-10-03,2023-12-31,2,FACULTAD DE CIENCIAS SOCIALES Y HUMANÍSTICAS
100423,2023-10-05,2023-12-31,2,FACULTAD DE CIENCIAS DE LA VIDA
100424,2022-09-15,2022-12-31,1,DECANATO DE INVESTIGACIÓN
100427,2023-08-02,,9,FACULTAD DE CIENCIAS DE LA VIDA
100434,2021-04-08,2021-07-30,1,FACULTAD DE INGENIERÍA MECÁNICA Y CIENCIAS DE LA PRODUCCIÓN
100437,2023-09-21,2024-09-13,5,DIRECCIÓN DE ADMISIONES
100450,2023-11-01,2023-12-01,2,GERENCIA DE TECNOLOGÍAS Y SISTEMAS DE INFORMACIÓN
100470,2021-11-22,2021-12-31,1,FACULTAD DE INGENIERÍA MARÍTIMA Y CIENCIAS DEL MAR
100471,2021-11-22,2021-12-31,1,FACULTAD DE INGENIERÍA MARÍTIMA Y CIENCIAS DEL MAR
100484,2024-06-03,2025-12-31,5,FACULTAD DE INGENIERÍA MECÁNICA Y CIENCIAS DE LA PRODUCCIÓN
100484,2026-05-18,,1,FACULTAD DE CIENCIAS NATURALES Y MATEMÁTICAS
100490,2023-10-23,2023-12-31,2,FACULTAD DE INGENIERÍA EN ELECTRICIDAD Y COMPUTACIÓN
100518,2025-09-22,2025-12-31,2,FACULTAD DE INGENIERÍA MECÁNICA Y CIENCIAS DE LA PRODUCCIÓN
100523,2024-11-15,2024-12-31,1,FACULTAD DE INGENIERÍA MECÁNICA Y CIENCIAS DE LA PRODUCCIÓN
100555,2023-10-03,2023-12-31,2,FACULTAD DE CIENCIAS SOCIALES Y HUMANÍSTICAS
100573,2022-11-29,2022-12-31,1,DECANATO DE INVESTIGACIÓN
100573,2023-03-06,2023-12-31,1,FACULTAD DE INGENIERÍA EN ELECTRICIDAD Y COMPUTACIÓN
100591,2023-08-29,2023-12-31,1,CENTRO DE INVESTIGACIONES BIOTECNOLÓGICAS DEL ECUADOR
100592,2022-10-03,2022-12-31,1,DECANATO DE INVESTIGACIÓN
100592,2023-01-09,2023-02-28,1,FACULTAD DE INGENIERÍA EN ELECTRICIDAD Y COMPUTACIÓN
100664,2022-10-04,2022-12-31,1,DECANATO DE INVESTIGACIÓN
100664,2023-01-09,2023-02-28,1,FACULTAD DE CIENCIAS NATURALES Y MATEMÁTICAS
100664,2023-03-01,2023-11-05,1,DECANATO DE INVESTIGACIÓN
100664,2023-11-06,2025-12-31,8,FACULTAD DE CIENCIAS NATURALES Y MATEMÁTICAS
100675,2023-10-06,2023-12-31,2,FACULTAD DE INGENIERÍA EN CIENCIAS DE LA TIERRA
100675,2022-05-11,2022-06-10,1,GERENCIA DE INFRAESTRUCTURA FÍSICA
100675,2025-09-15,2025-12-31,2,FACULTAD DE INGENIERÍA EN CIENCIAS DE LA TIERRA
100682,2022-10-13,2022-12-31,1,DECANATO DE INVESTIGACIÓN
100682,2024-10-07,2025-04-30,2,FACULTAD DE CIENCIAS DE LA VIDA
100682,2023-03-01,2023-12-31,2,DECANATO DE INVESTIGACIÓN
100682,2023-01-09,2023-02-28,1,"VICERRECTORADO DE INVESTIGACIÓN, DESARROLLO E INNOVACIÓN"
100682,2025-05-16,2025-08-16,1,FACULTAD DE CIENCIAS DE LA VIDA
100696,2023-10-06,2023-12-31,2,FACULTAD DE INGENIERÍA EN CIENCIAS DE LA TIERRA
100722,2022-10-11,2022-12-31,1,DECANATO DE INVESTIGACIÓN
100722,2023-01-09,2023-10-17,2,DECANATO DE INVESTIGACIÓN
100722,2023-10-18,2023-12-31,2,FACULTAD DE CIENCIAS DE LA VIDA
100722,2026-06-01,,1,CENTRO DE INVESTIGACIONES BIOTECNOLÓGICAS DEL ECUADOR
100730,2017-10-01,2022-11-14,12,RECTORADO
100730,2022-11-14,2025-09-01,33,GERENCIA DE RELACIONES EXTERNAS Y VINCULACIÓN CORPORATIVA
100731,2018-05-01,,27,FACULTAD DE CIENCIAS DE LA VIDA
100792,2018-01-01,,26,FACULTAD DE CIENCIAS NATURALES Y MATEMÁTICAS
100801,2018-05-01,2018-09-21,1,FACULTAD DE CIENCIAS SOCIALES Y HUMANÍSTICAS
100801,2019-01-01,2019-02-22,1,FACULTAD DE CIENCIAS SOCIALES Y HUMANÍSTICAS
100801,2017-11-01,2020-08-14,6,SECRETARIA ADMINISTRATIVA
100801,2019-05-13,2019-09-20,1,FACULTAD DE CIENCIAS SOCIALES Y HUMANÍSTICAS
100801,2020-08-15,2020-08-15,1,DESCONOCIDA
100940,2019-05-01,2019-09-20,1,FACULTAD DE INGENIERÍA EN CIENCIAS DE LA TIERRA
100940,2020-02-22,2021-08-31,5,FACULTAD DE INGENIERÍA EN CIENCIAS DE LA TIERRA
101041,2017-11-13,2017-12-31,1,VICERRECTORADO ACADÉMICO
101161,2020-02-03,2020-02-07,1,UNIDAD DE BIENESTAR ESTUDIANTIL Y POLITÉCNICO
101161,2023-09-04,2023-10-15,1,GERENCIA DE BIENESTAR POLITÉCNICO
101233,2018-07-01,2019-02-22,2,"FACULTAD DE INGENIERIA MARÍTIMA, CIENCIAS BIOLÓGICAS, OCEÁNICAS Y RECURSOS NATURALES"
101233,2019-02-23,2023-10-21,16,FACULTAD DE INGENIERÍA MARÍTIMA Y CIENCIAS DEL MAR
101234,2017-12-04,,45,GERENCIA JURÍDICA
101236,2024-08-01,2024-12-31,2,FACULTAD DE CIENCIAS SOCIALES Y HUMANÍSTICAS
101236,2025-03-05,2025-03-07,1,FACULTAD DE CIENCIAS SOCIALES Y HUMANÍSTICAS
101236,2025-06-23,2025-06-27,1,FACULTAD DE CIENCIAS SOCIALES Y HUMANÍSTICAS
101236,2025-12-24,2025-12-31,1,FACULTAD DE CIENCIAS SOCIALES Y HUMANÍSTICAS
101236,2026-05-04,2026-05-04,1,FACULTAD DE CIENCIAS SOCIALES Y HUMANÍSTICAS
101236,2026-06-25,2026-06-26,1,FACULTAD DE CIENCIAS SOCIALES Y HUMANÍSTICAS
101236,2026-06-29,2026-07-03,1,FACULTAD DE CIENCIAS SOCIALES Y HUMANÍSTICAS
101236,2017-12-04,2024-08-01,27,FACULTAD DE INGENIERÍA EN ELECTRICIDAD Y COMPUTACIÓN
101236,2026-08-31,,1,FACULTAD DE CIENCIAS SOCIALES Y HUMANÍSTICAS
101237,2019-05-02,2022-10-31,12,GERENCIA DE COMUNICACIÓN SOCIAL Y ASUNTOS PÚBLICOS
101237,2022-11-24,2022-11-25,1,GERENCIA DE COMUNICACIÓN SOCIAL Y ASUNTOS PÚBLICOS
101237,2022-12-15,2022-12-16,1,GERENCIA DE COMUNICACIÓN SOCIAL Y ASUNTOS PÚBLICOS
101237,2022-12-23,2022-12-23,1,GERENCIA DE COMUNICACIÓN SOCIAL Y ASUNTOS PÚBLICOS
101237,2022-12-27,2022-12-30,1,GERENCIA DE COMUNICACIÓN SOCIAL Y ASUNTOS PÚBLICOS
101237,2023-01-03,2023-01-06,1,GERENCIA DE COMUNICACIÓN SOCIAL Y ASUNTOS PÚBLICOS
101237,2023-02-23,2023-02-24,2,GERENCIA DE COMUNICACIÓN SOCIAL Y ASUNTOS PÚBLICOS
101237,2022-11-01,,17,GERENCIA DE COMUNICACIÓN
101243,2023-10-03,2023-12-31,2,FACULTAD DE CIENCIAS SOCIALES Y HUMANÍSTICAS
101247,2017-11-20,2019-05-31,2,FACULTAD DE INGENIERÍA EN ELECTRICIDAD Y COMPUTACIÓN
101247,2022-10-03,2024-12-31,24,RECTORADO
101253,2018-01-08,2021-03-31,4,GERENCIA JURÍDICA
101253,2021-04-01,2021-04-01,1,DESCONOCIDA
101265,2023-10-10,2025-02-14,7,FACULTAD DE CIENCIAS SOCIALES Y HUMANÍSTICAS
101268,2018-01-10,2020-12-31,4,FACULTAD DE INGENIERÍA EN ELECTRICIDAD Y COMPUTACIÓN
101268,2022-03-02,2022-03-04,1,FACULTAD DE INGENIERÍA EN ELECTRICIDAD Y COMPUTACIÓN
101268,2022-05-03,2022-05-04,1,FACULTAD DE INGENIERÍA EN ELECTRICIDAD Y COMPUTACIÓN
101268,2022-11-01,2022-11-02,1,FACULTAD DE INGENIERÍA EN ELECTRICIDAD Y COMPUTACIÓN
101268,2022-12-27,2022-12-30,1,FACULTAD DE INGENIERÍA EN ELECTRICIDAD Y COMPUTACIÓN
101268,2023-03-20,2023-03-22,1,FACULTAD DE INGENIERÍA EN ELECTRICIDAD Y COMPUTACIÓN
101268,2023-04-24,2023-04-26,1,FACULTAD DE INGENIERÍA EN ELECTRICIDAD Y COMPUTACIÓN
101268,2023-07-05,2023-07-05,1,FACULTAD DE INGENIERÍA EN ELECTRICIDAD Y COMPUTACIÓN
101268,2021-01-01,,19,GERENCIA DE BIENESTAR POLITÉCNICO
101281,2024-05-13,2024-09-20,1,FACULTAD DE INGENIERÍA EN ELECTRICIDAD Y COMPUTACIÓN
101281,2024-09-30,,7,FACULTAD DE INGENIERÍA EN ELECTRICIDAD Y COMPUTACIÓN
101290,2024-06-03,2025-12-31,5,FACULTAD DE INGENIERÍA MECÁNICA Y CIENCIAS DE LA PRODUCCIÓN
101297,2023-10-05,2023-12-31,2,FACULTAD DE INGENIERÍA MECÁNICA Y CIENCIAS DE LA PRODUCCIÓN
101329,2023-09-01,2025-04-30,6,FACULTAD DE CIENCIAS NATURALES Y MATEMÁTICAS
101329,2025-09-29,,4,FACULTAD DE CIENCIAS NATURALES Y MATEMÁTICAS
101371,2025-07-28,2025-12-31,1,GERENCIA ADMINISTRATIVA
101371,2026-02-12,2026-06-30,1,GERENCIA ADMINISTRATIVA
101480,2024-11-15,2024-12-31,1,FACULTAD DE INGENIERÍA MECÁNICA Y CIENCIAS DE LA PRODUCCIÓN
101818,2025-06-23,2025-12-31,2,DIRECCIÓN DE ADMISIONES
101883,2023-10-05,2023-12-31,2,FACULTAD DE INGENIERÍA MECÁNICA Y CIENCIAS DE LA PRODUCCIÓN
101896,2023-10-05,2023-12-31,2,FACULTAD DE CIENCIAS SOCIALES Y HUMANÍSTICAS
102035,2025-07-09,,4,FACULTAD DE CIENCIAS NATURALES Y MATEMÁTICAS
102049,2024-07-01,2024-12-31,2,SECRETARÍA TÉCNICA DE ASEGURAMIENTO DE LA CALIDAD
102049,2025-09-05,2025-09-12,1,SECRETARÍA TÉCNICA DE ASEGURAMIENTO DE LA CALIDAD
102049,2026-08-25,,1,SECRETARÍA TÉCNICA DE ASEGURAMIENTO DE LA CALIDAD
102074,2018-02-01,,49,FACULTAD DE CIENCIAS DE LA VIDA
102085,2018-03-01,2022-10-31,7,UNIDAD DE BIENESTAR ESTUDIANTIL Y POLITÉCNICO
102085,2022-11-01,,25,GERENCIA DE BIENESTAR POLITÉCNICO
102302,2018-09-01,2019-05-10,2,DIRECCIÓN DE TALENTO HUMANO
102314,2018-03-01,2024-04-01,28,GERENCIA ADMINISTRATIVA
102314,2024-04-01,,18,FACULTAD DE INGENIERÍA MECÁNICA Y CIENCIAS DE LA PRODUCCIÓN
102363,2018-01-05,2018-01-26,1,GERENCIA ADMINISTRATIVA
102363,2018-06-06,2018-06-09,1,GERENCIA ADMINISTRATIVA
102363,2019-01-08,2019-01-25,1,UNIDAD DE BIENESTAR ESTUDIANTIL Y POLITÉCNICO
102363,2019-07-15,2019-08-25,1,UNIDAD DE BIENESTAR ESTUDIANTIL Y POLITÉCNICO
102363,2019-09-02,2019-09-20,1,UNIDAD DE BIENESTAR ESTUDIANTIL Y POLITÉCNICO
102363,2018-07-26,2018-08-24,1,GERENCIA ADMINISTRATIVA
102363,2020-02-03,2020-02-07,1,UNIDAD DE BIENESTAR ESTUDIANTIL Y POLITÉCNICO
102368,2018-04-01,2019-12-31,2,CENTRO NACIONAL DE ACUICULTURA E INVESTIGACIONES MARINAS
102368,2020-02-03,,14,CENTRO NACIONAL DE ACUICULTURA E INVESTIGACIONES MARINAS
102374,2018-04-01,2021-03-11,9,AUDITORÍA INTERNA
102448,2019-01-01,2019-01-13,1,GERENCIA JURÍDICA
102448,2020-02-01,,29,GERENCIA JURÍDICA
102448,2019-01-14,2019-02-03,1,DESCONOCIDA
102449,2018-04-16,2018-09-30,1,GERENCIA JURÍDICA
102449,2018-10-01,2019-12-31,1,SECRETARIA ADMINISTRATIVA
102449,2021-08-01,,27,DIRECCIÓN DE TALENTO HUMANO
102504,2023-07-10,2023-12-31,2,FACULTAD DE INGENIERÍA MECÁNICA Y CIENCIAS DE LA PRODUCCIÓN
102504,2024-05-22,2024-09-20,1,FACULTAD DE INGENIERÍA MECÁNICA Y CIENCIAS DE LA PRODUCCIÓN
102504,2024-09-30,,6,FACULTAD DE INGENIERÍA MECÁNICA Y CIENCIAS DE LA PRODUCCIÓN
102508,2023-03-01,2023-12-31,2,DECANATO DE INVESTIGACIÓN
102508,2024-01-01,2024-08-10,3,FACULTAD DE CIENCIAS NATURALES Y MATEMÁTICAS
102509,2023-01-09,2023-12-31,3,FACULTAD DE INGENIERÍA MECÁNICA Y CIENCIAS DE LA PRODUCCIÓN
102518,2023-05-15,2026-02-13,9,FACULTAD DE CIENCIAS NATURALES Y MATEMÁTICAS
102520,2023-05-18,2023-11-18,1,CENTRO INTERNACIONAL DEL PACÍFICO PARA LA REDUCCIÓN DEL RIESGO DE DESASTRES
102524,2021-05-17,2021-05-31,1,DECANATO DE INVESTIGACIÓN
102524,2021-08-03,2021-12-31,1,DECANATO DE INVESTIGACIÓN
102526,2023-05-15,,9,FACULTAD DE CIENCIAS NATURALES Y MATEMÁTICAS
102559,2023-05-15,,10,FACULTAD DE INGENIERÍA MECÁNICA Y CIENCIAS DE LA PRODUCCIÓN
102560,2024-11-15,2024-12-31,1,FACULTAD DE INGENIERÍA MECÁNICA Y CIENCIAS DE LA PRODUCCIÓN
102572,2024-11-05,2025-12-31,3,FACULTAD DE CIENCIAS NATURALES Y MATEMÁTICAS
102575,2024-06-03,2025-12-31,6,FACULTAD DE INGENIERÍA EN CIENCIAS DE LA TIERRA
102575,2026-01-20,,3,FACULTAD DE INGENIERÍA EN CIENCIAS DE LA TIERRA
102576,2025-11-26,,3,FACULTAD DE INGENIERÍA EN CIENCIAS DE LA TIERRA
102577,2023-10-05,2023-12-05,1,FACULTAD DE INGENIERÍA MECÁNICA Y CIENCIAS DE LA PRODUCCIÓN
102594,2021-07-01,2021-10-31,1,DECANATO DE INVESTIGACIÓN
102594,2021-11-04,2021-12-31,1,DECANATO DE INVESTIGACIÓN
102594,2022-01-06,2022-04-05,1,DECANATO DE INVESTIGACIÓN
102604,2023-11-27,2023-12-31,1,FACULTAD DE CIENCIAS DE LA VIDA
102634,2024-06-07,,12,FACULTAD DE INGENIERÍA EN ELECTRICIDAD Y COMPUTACIÓN
102644,2022-04-06,2022-05-13,1,DECANATO DE INVESTIGACIÓN
102644,2022-06-22,2022-08-23,1,DECANATO DE INVESTIGACIÓN
102655,2023-10-03,2023-12-31,2,FACULTAD DE INGENIERÍA MECÁNICA Y CIENCIAS DE LA PRODUCCIÓN
102656,2023-10-05,2023-12-31,2,FACULTAD DE INGENIERÍA MECÁNICA Y CIENCIAS DE LA PRODUCCIÓN
102662,2023-05-18,2023-11-18,1,CENTRO INTERNACIONAL DEL PACÍFICO PARA LA REDUCCIÓN DEL RIESGO DE DESASTRES
102665,2023-10-03,2023-12-31,2,FACULTAD DE INGENIERÍA MECÁNICA Y CIENCIAS DE LA PRODUCCIÓN
102668,2023-10-05,2023-12-31,2,FACULTAD DE INGENIERÍA MECÁNICA Y CIENCIAS DE LA PRODUCCIÓN
102670,2023-05-15,2023-09-22,1,FACULTAD DE INGENIERÍA MECÁNICA Y CIENCIAS DE LA PRODUCCIÓN
102674,2023-10-05,2023-12-31,2,FACULTAD DE INGENIERÍA MECÁNICA Y CIENCIAS DE LA PRODUCCIÓN
102688,2023-10-03,2023-12-31,2,FACULTAD DE INGENIERÍA EN ELECTRICIDAD Y COMPUTACIÓN
102747,2023-10-05,2023-12-31,2,FACULTAD DE INGENIERÍA MECÁNICA Y CIENCIAS DE LA PRODUCCIÓN
102747,2024-06-03,2025-09-14,4,FACULTAD DE INGENIERÍA MECÁNICA Y CIENCIAS DE LA PRODUCCIÓN
102747,2025-09-15,,8,DIRECCIÓN DE ADMISIONES
102812,2023-10-05,2023-12-31,2,FACULTAD DE INGENIERÍA MECÁNICA Y CIENCIAS DE LA PRODUCCIÓN
102901,2024-06-03,2025-12-31,5,FACULTAD DE INGENIERÍA MECÁNICA Y CIENCIAS DE LA PRODUCCIÓN
102915,2024-02-19,2026-07-24,7,FACULTAD DE CIENCIAS NATURALES Y MATEMÁTICAS
102964,2018-05-01,2023-05-05,14,FACULTAD DE INGENIERÍA EN ELECTRICIDAD Y COMPUTACIÓN
102965,2021-05-17,2022-02-18,2,FACULTAD DE INGENIERÍA EN CIENCIAS DE LA TIERRA
102966,2018-05-01,2024-02-16,16,FACULTAD DE CIENCIAS DE LA VIDA
102968,2018-05-01,2018-09-21,1,FACULTAD DE INGENIERÍA EN CIENCIAS DE LA TIERRA
102968,2018-10-01,2019-02-22,2,FACULTAD DE INGENIERÍA EN CIENCIAS DE LA TIERRA
102968,2019-05-13,2019-09-20,1,FACULTAD DE INGENIERÍA EN CIENCIAS DE LA TIERRA
102968,2021-05-17,2022-02-18,2,FACULTAD DE INGENIERÍA EN CIENCIAS DE LA TIERRA
102970,2018-05-01,2019-01-23,3,FACULTAD DE INGENIERÍA EN ELECTRICIDAD Y COMPUTACIÓN
102970,2019-01-24,,36,CENTRO DE EMPRENDIMIENTO E INNOVACIÓN I3LAB
102971,2018-05-01,,23,FACULTAD DE CIENCIAS NATURALES Y MATEMÁTICAS
102974,2018-05-01,,31,FACULTAD DE CIENCIAS SOCIALES Y HUMANÍSTICAS
102988,2023-10-02,2025-02-14,8,FACULTAD DE INGENIERÍA MECÁNICA Y CIENCIAS DE LA PRODUCCIÓN
103007,2024-11-20,2024-12-31,1,FACULTAD DE CIENCIAS SOCIALES Y HUMANÍSTICAS
103016,2023-10-05,2023-12-31,2,FACULTAD DE INGENIERÍA MECÁNICA Y CIENCIAS DE LA PRODUCCIÓN
103051,2023-10-05,2023-12-31,2,FACULTAD DE CIENCIAS DE LA VIDA
103052,2023-10-05,2023-12-31,2,FACULTAD DE INGENIERÍA MECÁNICA Y CIENCIAS DE LA PRODUCCIÓN
103060,2025-10-03,2025-12-31,1,CENTRO DE AGUA Y DESARROLLO SUSTENTABLE
103060,2026-06-01,,1,FACULTAD DE CIENCIAS NATURALES Y MATEMÁTICAS
103076,2023-10-26,2023-12-31,2,FACULTAD DE INGENIERÍA EN ELECTRICIDAD Y COMPUTACIÓN
103094,2018-05-01,2019-12-31,3,FACULTAD DE INGENIERÍA MECÁNICA Y CIENCIAS DE LA PRODUCCIÓN
103094,2021-05-17,2021-09-24,1,FACULTAD DE INGENIERÍA MECÁNICA Y CIENCIAS DE LA PRODUCCIÓN
103094,2021-10-04,2022-02-18,2,FACULTAD DE INGENIERÍA MECÁNICA Y CIENCIAS DE LA PRODUCCIÓN
103094,2022-05-16,2022-09-23,1,FACULTAD DE INGENIERÍA MECÁNICA Y CIENCIAS DE LA PRODUCCIÓN
103094,2022-10-03,,13,FACULTAD DE INGENIERÍA MECÁNICA Y CIENCIAS DE LA PRODUCCIÓN
103095,2018-10-01,2019-09-20,3,FACULTAD DE INGENIERÍA EN CIENCIAS DE LA TIERRA
103096,2018-05-01,,31,FACULTAD DE INGENIERÍA EN CIENCIAS DE LA TIERRA
103128,2019-11-01,2024-07-05,13,FACULTAD DE CIENCIAS NATURALES Y MATEMÁTICAS
103135,2018-05-01,,25,FACULTAD DE CIENCIAS NATURALES Y MATEMÁTICAS
103141,2018-05-02,2020-05-30,4,FACULTAD DE CIENCIAS SOCIALES Y HUMANÍSTICAS
103143,2018-05-07,2018-07-07,1,DECANATO DE INVESTIGACIÓN
103143,2018-08-15,2018-09-15,1,DECANATO DE INVESTIGACIÓN
103143,2018-10-08,2018-12-31,1,DECANATO DE INVESTIGACIÓN
103174,2021-10-04,2021-12-31,1,CENTRO DE EMPRENDIMIENTO E INNOVACIÓN I3LAB
103178,2021-05-25,2021-08-31,1,DIRECCIÓN DE ADMISIONES
103189,2021-05-25,2021-08-31,1,DIRECCIÓN DE ADMISIONES
103193,2018-08-14,2018-08-17,1,DESCONOCIDA
103193,2018-07-01,2022-03-15,8,GERENCIA DE TECNOLOGÍAS Y SISTEMAS DE INFORMACIÓN
103193,2022-03-16,2022-03-16,1,DESCONOCIDA
103195,2018-09-01,2025-02-14,21,FACULTAD DE CIENCIAS NATURALES Y MATEMÁTICAS
103196,2018-08-01,2020-02-12,3,FACULTAD DE CIENCIAS NATURALES Y MATEMÁTICAS
103211,2018-07-01,2023-03-01,18,GERENCIA ADMINISTRATIVA
103213,2018-07-01,,18,DIRECCIÓN DE SERVICIOS GENERALES
103214,2018-07-01,2019-12-31,2,DIRECCIÓN DE SERVICIOS GENERALES
103214,2020-01-01,,17,DIRECCIÓN DE ADMISIONES
103215,2018-07-01,2024-12-31,26,DIRECCIÓN DE SERVICIOS GENERALES
103215,2025-03-05,2025-03-11,1,DIRECCIÓN DE SERVICIOS GENERALES
103215,2025-01-01,,3,FACULTAD DE CIENCIAS SOCIALES Y HUMANÍSTICAS
103216,2018-07-01,,20,DIRECCIÓN DE SERVICIOS GENERALES
103218,2018-07-01,,37,DIRECCIÓN DE SERVICIOS GENERALES
103220,2018-07-01,,28,DIRECCIÓN DE SERVICIOS GENERALES
103221,2018-07-01,2020-12-31,3,GERENCIA DE INFRAESTRUCTURA FÍSICA
103230,2018-07-01,,30,FACULTAD DE CIENCIAS DE LA VIDA
103260,2018-08-01,2021-02-28,3,FACULTAD DE CIENCIAS SOCIALES Y HUMANÍSTICAS
103260,2021-03-08,2021-12-31,1,FACULTAD DE CIENCIAS SOCIALES Y HUMANÍSTICAS
103262,2018-08-06,2024-12-31,20,FACULTAD DE CIENCIAS NATURALES Y MATEMÁTICAS
103262,2025-03-14,2025-03-14,1,FACULTAD DE CIENCIAS NATURALES Y MATEMÁTICAS
103262,2025-03-19,2025-03-26,1,FACULTAD DE CIENCIAS NATURALES Y MATEMÁTICAS
103262,2025-01-01,,4,DIRECCIÓN DE SERVICIOS GENERALES
103264,2018-08-01,2025-07-31,27,AUDITORÍA INTERNA
152512,2010-05-01,2014-04-30,2,DESCONOCIDA
152512,2017-10-06,2017-10-10,1,DESCONOCIDA
152512,2019-03-25,2019-03-31,1,DESCONOCIDA
152512,2019-10-15,2019-10-20,1,DESCONOCIDA
152512,2013-01-01,,29,FACULTAD DE CIENCIAS NATURALES Y MATEMÁTICAS
258576,2010-05-03,2015-12-31,4,DESCONOCIDA
258576,2016-01-01,2016-12-31,1,RECTORADO
258576,2017-01-01,2018-12-31,2,DESCONOCIDA
258576,2019-01-01,2024-05-31,8,RECTORADO
441188,2022-05-03,2022-06-30,1,DIRECCIÓN DE SERVICIOS GENERALES
441188,2022-09-01,,22,DIRECCIÓN DE SERVICIOS GENERALES
480354,2014-10-01,2015-12-31,2,"FACULTAD DE ARTE, DISEÑO Y COMUNICACIÓN AUDIOVISUAL"
480354,2020-01-01,2020-02-21,1,CENTRO DE INVESTIGACIONES Y SERVICIOS EDUCATIVOS
480354,2016-01-01,2016-12-31,1,DECANATO DE GRADO
480354,2010-05-17,2014-09-30,6,DESCONOCIDA
480354,2019-01-24,2019-12-31,1,"FACULTAD DE ARTE, DISEÑO Y COMUNICACIÓN AUDIOVISUAL"
480354,2022-01-01,,15,DECANATO DE GRADO
480354,2017-01-01,2019-01-23,3,ESCUELA DE DISEÑO Y COMUNICACIÓN VISUAL
480354,2020-10-01,2021-12-31,2,CENTRO DE INVESTIGACIONES Y SERVICIOS EDUCATIVOS
550294,2017-05-25,,15,DIRECCIÓN DE SERVICIOS GENERALES
552319,2020-08-06,2022-10-31,10,GERENCIA DE RELACIONES EXTERNAS
552319,2022-12-12,2022-12-13,1,GERENCIA DE RELACIONES EXTERNAS
552319,2017-12-01,2020-08-05,2,GERENCIA DE RELACIONES INTERNACIONALES
552319,2022-12-27,2022-12-30,1,GERENCIA DE RELACIONES EXTERNAS
552319,2022-11-01,,28,GERENCIA DE RELACIONES EXTERNAS Y VINCULACIÓN CORPORATIVA
574968,2015-05-01,2015-12-31,1,DESCONOCIDA
574968,2015-12-02,2016-03-01,1,CENTRO DE INVESTIGACIONES BIOTECNOLÓGICAS DEL ECUADOR
574968,2016-11-01,2023-03-03,12,CENTRO DE INVESTIGACIONES BIOTECNOLÓGICAS DEL ECUADOR
574968,2023-05-11,2023-05-12,1,CENTRO DE INVESTIGACIONES BIOTECNOLÓGICAS DEL ECUADOR
574968,2023-07-17,2023-07-18,1,CENTRO DE INVESTIGACIONES BIOTECNOLÓGICAS DEL ECUADOR
574968,2023-08-22,2023-08-25,1,CENTRO DE INVESTIGACIONES BIOTECNOLÓGICAS DEL ECUADOR
574968,2023-10-27,2023-10-27,1,CENTRO DE INVESTIGACIONES BIOTECNOLÓGICAS DEL ECUADOR
574968,2024-02-06,2024-02-07,1,CENTRO DE INVESTIGACIONES BIOTECNOLÓGICAS DEL ECUADOR
574968,2024-03-31,2024-05-01,2,CENTRO DE INVESTIGACIONES BIOTECNOLÓGICAS DEL ECUADOR
574968,2024-07-04,2024-07-05,1,CENTRO DE INVESTIGACIONES BIOTECNOLÓGICAS DEL ECUADOR
574968,2024-12-03,2024-12-06,1,CENTRO DE INVESTIGACIONES BIOTECNOLÓGICAS DEL ECUADOR
574968,2024-12-26,2024-12-31,1,CENTRO DE INVESTIGACIONES BIOTECNOLÓGICAS DEL ECUADOR
574968,2025-03-31,2025-04-04,1,CENTRO DE INVESTIGACIONES BIOTECNOLÓGICAS DEL ECUADOR
574968,2025-06-04,2025-06-06,1,CENTRO DE INVESTIGACIONES BIOTECNOLÓGICAS DEL ECUADOR
574968,2025-12-26,2025-12-31,1,CENTRO DE INVESTIGACIONES BIOTECNOLÓGICAS DEL ECUADOR
574968,2026-01-19,2026-01-23,1,CENTRO DE INVESTIGACIONES BIOTECNOLÓGICAS DEL ECUADOR
574968,2026-05-22,2026-05-22,1,CENTRO DE INVESTIGACIONES BIOTECNOLÓGICAS DEL ECUADOR
574968,2016-03-01,2016-10-31,3,DESCONOCIDA
574968,2026-08-23,,1,CENTRO DE INVESTIGACIONES BIOTECNOLÓGICAS DEL ECUADOR
634492,2025-01-02,,5,DIRECCIÓN DE ADMISIONES
634493,2023-05-29,,11,DIRECCIÓN DE ADMISIONES
634521,2025-11-24,,3,FACULTAD DE INGENIERÍA MECÁNICA Y CIENCIAS DE LA PRODUCCIÓN
634530,2024-03-13,2024-09-20,1,FACULTAD DE INGENIERÍA MECÁNICA Y CIENCIAS DE LA PRODUCCIÓN
634530,2025-11-15,2025-11-21,1,GERENCIA ADMINISTRATIVA
634530,2026-02-09,2026-02-22,1,GERENCIA ADMINISTRATIVA
634530,2026-04-13,2026-04-19,1,GERENCIA ADMINISTRATIVA
634530,2018-10-01,2018-11-30,1,DECANATO DE INVESTIGACIÓN
634530,2024-09-30,2025-01-05,3,FACULTAD DE INGENIERÍA MECÁNICA Y CIENCIAS DE LA PRODUCCIÓN
634530,2025-01-06,,8,DIRECCIÓN DE SERVICIOS GENERALES
634530,2026-06-12,2026-06-21,2,GERENCIA ADMINISTRATIVA
634579,2016-11-07,2016-12-31,1,DESCONOCIDA
634579,2017-01-01,2017-10-31,1,CENTRO DE TECNOLOGÍAS DE LA INFORMACIÓN
634579,2019-08-31,2019-08-31,1,DESCONOCIDA
634579,2020-08-11,2021-05-30,2,CENTRO DE TECNOLOGÍAS DE LA INFORMACIÓN
634579,2017-11-01,2019-08-30,4,FACULTAD DE INGENIERÍA EN ELECTRICIDAD Y COMPUTACIÓN
634587,2018-01-01,2019-04-30,3,FACULTAD DE INGENIERÍA EN ELECTRICIDAD Y COMPUTACIÓN
634587,2017-04-26,2017-12-31,1,DESCONOCIDA
634587,2025-05-05,,10,FACULTAD DE INGENIERÍA EN ELECTRICIDAD Y COMPUTACIÓN
634587,2019-05-01,2025-05-04,27,DECANATO DE GRADO
634588,2023-09-20,2023-12-31,1,DIRECCIÓN DE ADMISIONES
634593,2017-11-01,2018-04-03,2,CENTRO DE TECNOLOGÍAS DE LA INFORMACIÓN
634593,2019-01-01,2023-05-07,11,CENTRO DE TECNOLOGÍAS DE LA INFORMACIÓN
634600,2018-01-02,2018-12-31,1,GERENCIA DE COMUNICACIÓN SOCIAL Y ASUNTOS PÚBLICOS
634600,2020-01-02,2022-11-07,10,GERENCIA DE COMUNICACIÓN SOCIAL Y ASUNTOS PÚBLICOS
634600,2022-11-16,2022-11-16,1,GERENCIA DE COMUNICACIÓN SOCIAL Y ASUNTOS PÚBLICOS
634600,2022-12-09,2022-12-16,1,GERENCIA DE COMUNICACIÓN SOCIAL Y ASUNTOS PÚBLICOS
634600,2022-12-28,2022-12-30,1,GERENCIA DE COMUNICACIÓN SOCIAL Y ASUNTOS PÚBLICOS
634600,2017-01-03,2017-12-31,1,DESCONOCIDA
634600,2023-03-20,2023-03-24,1,GERENCIA DE COMUNICACIÓN SOCIAL Y ASUNTOS PÚBLICOS
634600,2022-11-08,,30,GERENCIA DE COMUNICACIÓN
634614,2016-12-01,2017-02-28,1,DESCONOCIDA
634614,2017-03-01,2023-08-20,17,GERENCIA DE TECNOLOGÍAS Y SISTEMAS DE INFORMACIÓN
634614,2023-08-21,,13,DIRECCIÓN DE ADMISIONES
634625,2017-07-01,2023-12-31,18,CENTRO DE AGUA Y DESARROLLO SUSTENTABLE
634625,2017-02-01,2017-06-30,1,DESCONOCIDA
634625,2024-01-02,,17,CENTRO DE AGUA Y DESARROLLO SUSTENTABLE
634645,2024-10-11,2024-12-31,1,DIRECCIÓN DE ADMISIONES
634661,2023-06-26,2023-08-04,1,FACULTAD DE INGENIERÍA MECÁNICA Y CIENCIAS DE LA PRODUCCIÓN
634661,2024-01-02,2024-02-09,1,FACULTAD DE INGENIERÍA MECÁNICA Y CIENCIAS DE LA PRODUCCIÓN
634684,2019-03-01,,44,DIRECCIÓN DE SERVICIOS GENERALES
634709,2017-10-05,2023-07-31,11,FACULTAD DE CIENCIAS NATURALES Y MATEMÁTICAS
634709,2023-09-20,2025-02-02,6,DIRECCIÓN DE ADMISIONES
634728,2021-03-15,2023-04-30,8,FACULTAD DE CIENCIAS DE LA VIDA
634762,2023-09-01,2023-12-31,1,FACULTAD DE INGENIERÍA MARÍTIMA Y CIENCIAS DEL MAR
634773,2023-10-03,2023-12-31,2,FACULTAD DE INGENIERÍA EN CIENCIAS DE LA TIERRA
634789,2019-04-01,2020-06-30,3,"CENTRO DE INVESTIGACIÓN, DESARROLLO E INNOVACIÓN DE SISTEMAS COMPUTACIONALES"
634797,2021-06-01,2021-12-31,1,DECANATO DE INVESTIGACIÓN
634797,2023-05-29,,11,DIRECCIÓN DE ADMISIONES
634800,2016-12-12,2017-12-31,2,DESCONOCIDA
634800,2018-01-01,,27,FACULTAD DE CIENCIAS NATURALES Y MATEMÁTICAS
634801,2021-05-10,2025-11-06,18,FACULTAD DE CIENCIAS NATURALES Y MATEMÁTICAS
635361,2010-10-01,2015-12-31,4,DESCONOCIDA
635361,2016-01-01,2016-12-31,1,DIRECCIÓN DE SERVICIOS GENERALES
635361,2017-01-01,2018-12-31,2,DESCONOCIDA
635361,2019-01-01,,30,DIRECCIÓN DE SERVICIOS GENERALES
635447,2013-01-01,2014-12-31,2,DESCONOCIDA
635447,2015-01-01,2015-12-01,1,CENTRO NACIONAL DE ACUICULTURA E INVESTIGACIONES MARINAS
635447,2016-11-01,2023-12-12,29,CENTRO NACIONAL DE ACUICULTURA E INVESTIGACIONES MARINAS
635447,2023-12-26,2023-12-29,1,CENTRO NACIONAL DE ACUICULTURA E INVESTIGACIONES MARINAS
635447,2015-12-02,2016-10-31,3,DESCONOCIDA
635447,2024-01-05,2024-01-05,1,CENTRO NACIONAL DE ACUICULTURA E INVESTIGACIONES MARINAS
635447,2023-12-11,,21,"VICERRECTORADO DE INVESTIGACIÓN, DESARROLLO E INNOVACIÓN"
635564,2010-11-04,2015-12-31,4,DESCONOCIDA
635564,2016-01-01,2016-12-31,1,DIRECCIÓN DE SERVICIOS GENERALES
635564,2017-01-01,2018-12-31,2,DESCONOCIDA
635564,2019-01-01,,29,DIRECCIÓN DE SERVICIOS GENERALES
635587,2016-11-22,2016-12-31,1,DESCONOCIDA
635587,2017-01-01,,69,DIRECCIÓN DE TALENTO HUMANO
635845,2014-10-01,2017-03-31,4,DESCONOCIDA
636088,2021-05-25,2021-08-31,1,DIRECCIÓN DE ADMISIONES
636088,2021-10-11,2021-12-31,1,DIRECCIÓN DE ADMISIONES
636088,2012-05-04,2012-10-14,1,DESCONOCIDA
636088,2023-05-29,,13,DIRECCIÓN DE ADMISIONES
637327,2017-08-01,2017-12-31,1,CENTRO DE INVESTIGACIÓN Y PROYECTOS APLICADOS A LAS CIENCIAS DE LA TIERRA
637327,2018-01-15,2018-12-31,1,CENTRO DE INVESTIGACIÓN Y PROYECTOS APLICADOS A LAS CIENCIAS DE LA TIERRA
637327,2019-01-02,2020-12-31,1,CENTRO DE INVESTIGACIÓN Y PROYECTOS APLICADOS A LAS CIENCIAS DE LA TIERRA
637327,2021-01-04,2021-12-31,1,CENTRO DE INVESTIGACIÓN Y PROYECTOS APLICADOS A LAS CIENCIAS DE LA TIERRA
637327,2022-01-06,2022-12-31,1,CENTRO DE INVESTIGACIÓN Y PROYECTOS APLICADOS A LAS CIENCIAS DE LA TIERRA
637327,2023-01-09,2023-12-31,1,CENTRO DE INVESTIGACIÓN Y PROYECTOS APLICADOS A LAS CIENCIAS DE LA TIERRA
637327,2024-01-08,2024-12-31,1,CENTRO DE INVESTIGACIÓN Y PROYECTOS APLICADOS A LAS CIENCIAS DE LA TIERRA
637327,2016-06-01,2016-11-30,1,DESCONOCIDA
637327,2025-01-06,2025-09-30,1,CENTRO DE INVESTIGACIÓN Y PROYECTOS APLICADOS A LAS CIENCIAS DE LA TIERRA
637706,2014-10-01,2014-12-31,1,DESCONOCIDA
637706,2015-01-01,2015-12-31,1,FACULTAD DE CIENCIAS NATURALES Y MATEMÁTICAS
637706,2016-01-01,2016-12-31,1,DESCONOCIDA
637706,2017-01-01,2017-09-22,1,FACULTAD DE CIENCIAS NATURALES Y MATEMÁTICAS
638396,2024-02-01,2026-08-31,18,GERENCIA DE BIENESTAR POLITÉCNICO
638396,2016-05-01,2024-01-31,15,GERENCIA FINANCIERA
638396,2026-09-02,,1,GERENCIA DE BIENESTAR POLITÉCNICO
638474,2018-09-24,2018-09-28,1,CENTRO DE EMPRENDIMIENTO E INNOVACIÓN I3LAB
638474,2019-02-18,2019-02-22,1,CENTRO DE EMPRENDIMIENTO E INNOVACIÓN I3LAB
638474,2019-09-03,2019-09-17,1,CENTRO DE EMPRENDIMIENTO E INNOVACIÓN I3LAB
638474,2020-01-13,2020-01-17,1,CENTRO DE EMPRENDIMIENTO E INNOVACIÓN I3LAB
638474,2016-05-01,2016-07-31,1,DESCONOCIDA
638474,2016-08-01,2020-08-05,1,CENTRO DE DESARROLLO DE EMPRENDEDORES
638474,2020-08-06,,36,CENTRO DE EMPRENDIMIENTO E INNOVACIÓN I3LAB
638504,2018-01-01,2022-02-18,9,FACULTAD DE CIENCIAS NATURALES Y MATEMÁTICAS
638504,2017-04-26,2017-12-31,1,DESCONOCIDA
638504,2025-05-12,,6,FACULTAD DE CIENCIAS NATURALES Y MATEMÁTICAS
638504,2023-05-29,2025-05-11,7,DIRECCIÓN DE ADMISIONES
638513,2018-10-01,2025-02-16,14,FACULTAD DE INGENIERÍA MECÁNICA Y CIENCIAS DE LA PRODUCCIÓN
638513,2025-05-19,,6,FACULTAD DE INGENIERÍA MECÁNICA Y CIENCIAS DE LA PRODUCCIÓN
638554,2017-10-01,2019-02-22,3,FACULTAD DE CIENCIAS NATURALES Y MATEMÁTICAS
638554,2021-05-17,2021-12-31,1,FACULTAD DE CIENCIAS NATURALES Y MATEMÁTICAS
638554,2022-01-01,2023-09-22,5,FACULTAD DE INGENIERÍA MECÁNICA Y CIENCIAS DE LA PRODUCCIÓN
638611,2023-03-01,2023-12-31,2,DECANATO DE INVESTIGACIÓN
638638,2018-10-01,2022-04-01,10,FACULTAD DE CIENCIAS SOCIALES Y HUMANÍSTICAS
638661,2017-10-16,2020-02-21,5,FACULTAD DE INGENIERÍA EN ELECTRICIDAD Y COMPUTACIÓN
638813,2020-06-22,2023-07-09,9,FACULTAD DE INGENIERÍA EN CIENCIAS DE LA TIERRA
638919,2017-04-26,2017-12-31,1,DESCONOCIDA
638919,2018-01-01,2019-02-22,2,"FACULTAD DE INGENIERIA MARÍTIMA, CIENCIAS BIOLÓGICAS, OCEÁNICAS Y RECURSOS NATURALES"
638919,2019-01-23,2020-02-13,2,FACULTAD DE INGENIERÍA MARÍTIMA Y CIENCIAS DEL MAR
638921,2017-09-01,2022-02-01,11,CENTRO NACIONAL DE ACUICULTURA E INVESTIGACIONES MARINAS
638921,2024-11-05,,6,FACULTAD DE INGENIERÍA MECÁNICA Y CIENCIAS DE LA PRODUCCIÓN
638933,2018-05-01,2019-02-22,2,"FACULTAD DE INGENIERIA MARÍTIMA, CIENCIAS BIOLÓGICAS, OCEÁNICAS Y RECURSOS NATURALES"
638933,2019-02-23,2019-08-23,1,FACULTAD DE INGENIERÍA MARÍTIMA Y CIENCIAS DEL MAR
638937,2021-10-04,2025-02-14,11,FACULTAD DE CIENCIAS NATURALES Y MATEMÁTICAS
638941,2024-07-08,2024-09-20,1,FACULTAD DE CIENCIAS NATURALES Y MATEMÁTICAS
638941,2024-10-02,2025-02-14,2,FACULTAD DE CIENCIAS NATURALES Y MATEMÁTICAS
638950,2023-03-01,2023-12-31,2,DECANATO DE INVESTIGACIÓN
639024,2020-10-01,2020-12-31,1,FACULTAD DE INGENIERÍA MECÁNICA Y CIENCIAS DE LA PRODUCCIÓN
639024,2021-03-15,,22,FACULTAD DE INGENIERÍA MECÁNICA Y CIENCIAS DE LA PRODUCCIÓN
639046,2023-10-05,2023-12-31,2,FACULTAD DE INGENIERÍA MECÁNICA Y CIENCIAS DE LA PRODUCCIÓN
639057,2024-06-03,2025-09-19,5,FACULTAD DE INGENIERÍA MECÁNICA Y CIENCIAS DE LA PRODUCCIÓN
639058,2017-04-26,2017-12-31,1,DESCONOCIDA
639058,2018-01-01,2020-09-30,7,FACULTAD DE INGENIERÍA EN ELECTRICIDAD Y COMPUTACIÓN
639176,2025-10-24,2026-02-13,2,FACULTAD DE CIENCIAS NATURALES Y MATEMÁTICAS
639198,2017-04-26,2017-12-31,1,DESCONOCIDA
639198,2018-01-01,,28,FACULTAD DE INGENIERÍA EN ELECTRICIDAD Y COMPUTACIÓN
639200,2023-04-04,2024-04-30,4,FACULTAD DE INGENIERÍA EN ELECTRICIDAD Y COMPUTACIÓN
639213,2021-05-25,2021-08-31,1,DIRECCIÓN DE ADMISIONES
639213,2021-10-11,2021-12-31,1,DIRECCIÓN DE ADMISIONES
639241,2019-05-13,2019-12-31,2,FACULTAD DE CIENCIAS NATURALES Y MATEMÁTICAS
639241,2020-02-22,2021-02-19,4,FACULTAD DE CIENCIAS NATURALES Y MATEMÁTICAS
639241,2021-03-08,2022-02-18,2,FACULTAD DE CIENCIAS NATURALES Y MATEMÁTICAS
639241,2020-01-01,2020-02-21,1,DIRECCIÓN DE ADMISIONES
639241,2024-09-30,2025-05-04,4,FACULTAD DE CIENCIAS NATURALES Y MATEMÁTICAS
639241,2025-05-05,2026-02-17,3,DIRECCIÓN DE ADMISIONES
639243,2021-10-05,2021-12-31,1,FACULTAD DE INGENIERÍA MECÁNICA Y CIENCIAS DE LA PRODUCCIÓN
639243,2022-11-04,2022-11-10,1,FACULTAD DE INGENIERÍA MECÁNICA Y CIENCIAS DE LA PRODUCCIÓN
639243,2017-04-26,2017-12-31,1,DESCONOCIDA
639243,2018-01-01,2018-08-17,1,FACULTAD DE CIENCIAS NATURALES Y MATEMÁTICAS
639243,2023-01-01,2023-04-30,3,FACULTAD DE INGENIERÍA MECÁNICA Y CIENCIAS DE LA PRODUCCIÓN
639243,2022-01-01,2022-12-31,2,DECANATO DE INVESTIGACIÓN
639250,2022-04-01,2023-04-30,7,FACULTAD DE INGENIERÍA MECÁNICA Y CIENCIAS DE LA PRODUCCIÓN
639250,2023-05-16,,13,FACULTAD DE INGENIERÍA MECÁNICA Y CIENCIAS DE LA PRODUCCIÓN
639257,2017-01-01,2017-05-31,1,DESCONOCIDA
639257,2019-09-30,2025-02-14,14,FACULTAD DE INGENIERÍA MECÁNICA Y CIENCIAS DE LA PRODUCCIÓN
639269,2023-03-01,2023-12-31,2,DECANATO DE INVESTIGACIÓN
639269,2024-01-01,2024-08-16,1,FACULTAD DE INGENIERÍA MECÁNICA Y CIENCIAS DE LA PRODUCCIÓN
639300,2019-01-01,2019-04-30,1,CENTRO DE TECNOLOGÍAS DE LA INFORMACIÓN
639300,2022-10-03,2023-02-19,3,FACULTAD DE INGENIERÍA EN ELECTRICIDAD Y COMPUTACIÓN
639300,2020-01-01,2022-10-02,7,CENTRO DE TECNOLOGÍAS DE LA INFORMACIÓN
639300,2023-02-22,,15,FACULTAD DE INGENIERÍA EN ELECTRICIDAD Y COMPUTACIÓN
639307,2018-10-01,2023-02-19,11,FACULTAD DE INGENIERÍA EN ELECTRICIDAD Y COMPUTACIÓN
639307,2023-02-22,,11,FACULTAD DE INGENIERÍA EN ELECTRICIDAD Y COMPUTACIÓN
639308,2019-05-13,2020-09-30,4,FACULTAD DE INGENIERÍA MECÁNICA Y CIENCIAS DE LA PRODUCCIÓN
639423,2014-10-27,2014-12-31,1,DESCONOCIDA
639423,2015-01-01,2016-08-01,3,FACULTAD DE CIENCIAS SOCIALES Y HUMANÍSTICAS
639423,2016-08-01,2016-10-31,1,DESCONOCIDA
639423,2021-09-05,2021-09-05,1,DESCONOCIDA
639423,2016-11-01,2021-09-04,7,FACULTAD DE CIENCIAS SOCIALES Y HUMANÍSTICAS
639425,2019-09-30,2020-09-30,3,FACULTAD DE INGENIERÍA MECÁNICA Y CIENCIAS DE LA PRODUCCIÓN
639454,2023-01-01,2023-01-01,1,GERENCIA DE TECNOLOGÍAS Y SISTEMAS DE INFORMACIÓN
639454,2023-02-15,2023-02-15,1,GERENCIA DE TECNOLOGÍAS Y SISTEMAS DE INFORMACIÓN
639454,2021-06-01,2021-12-31,1,UNIDAD DE BIENESTAR ESTUDIANTIL Y POLITÉCNICO
639454,2022-01-01,,25,GERENCIA DE BIENESTAR POLITÉCNICO
639454,2023-02-22,2023-02-22,1,GERENCIA DE TECNOLOGÍAS Y SISTEMAS DE INFORMACIÓN
639460,2020-10-26,2023-03-14,8,CENTRO DE TECNOLOGÍAS DE LA INFORMACIÓN
639481,2018-05-01,2020-09-30,5,FACULTAD DE CIENCIAS DE LA VIDA
639500,2023-10-03,,22,FACULTAD DE CIENCIAS DE LA VIDA
639501,2016-11-24,2018-09-30,3,FACULTAD DE CIENCIAS NATURALES Y MATEMÁTICAS
639501,2022-05-16,,19,FACULTAD DE CIENCIAS NATURALES Y MATEMÁTICAS
639518,2011-05-02,2014-12-31,3,DESCONOCIDA
639518,2020-11-01,2020-11-01,1,DESCONOCIDA
639518,2015-01-01,2020-10-31,5,FACULTAD DE CIENCIAS NATURALES Y MATEMÁTICAS
639791,2021-08-16,,16,FACULTAD DE INGENIERÍA EN CIENCIAS DE LA TIERRA
639811,2011-05-02,2014-12-31,3,DESCONOCIDA
639811,2015-01-01,2022-11-13,21,FACULTAD DE INGENIERÍA MECÁNICA Y CIENCIAS DE LA PRODUCCIÓN
639811,2022-11-14,,36,DECANATO DE INVESTIGACIÓN
639834,2011-05-02,2014-12-31,3,DESCONOCIDA
639834,2015-01-01,,43,FACULTAD DE CIENCIAS NATURALES Y MATEMÁTICAS
639835,2011-05-02,2011-12-31,2,DESCONOCIDA
639835,2015-01-01,,40,FACULTAD DE CIENCIAS NATURALES Y MATEMÁTICAS
640644,2011-06-01,2014-12-30,3,DESCONOCIDA
640644,2015-01-01,2019-11-01,9,DIRECCIÓN DE TALENTO HUMANO
641217,2011-07-01,2015-12-31,5,DESCONOCIDA
641217,2016-01-01,2016-12-31,1,CENTRO NACIONAL DE ACUICULTURA E INVESTIGACIONES MARINAS
641217,2017-01-01,2018-12-31,2,DESCONOCIDA
641217,2019-01-01,,34,CENTRO NACIONAL DE ACUICULTURA E INVESTIGACIONES MARINAS
641237,2013-01-01,2018-03-30,4,FACULTAD DE CIENCIAS NATURALES Y MATEMÁTICAS
641237,2019-03-15,2019-04-14,1,FACULTAD DE CIENCIAS NATURALES Y MATEMÁTICAS
641237,2020-02-26,2020-03-31,1,FACULTAD DE CIENCIAS NATURALES Y MATEMÁTICAS
641237,2022-03-11,2022-04-22,1,FACULTAD DE CIENCIAS NATURALES Y MATEMÁTICAS
641237,2022-12-27,2022-12-30,1,FACULTAD DE CIENCIAS NATURALES Y MATEMÁTICAS
641237,2023-04-03,2023-05-03,1,FACULTAD DE CIENCIAS NATURALES Y MATEMÁTICAS
641237,2023-12-26,2023-12-29,1,FACULTAD DE CIENCIAS NATURALES Y MATEMÁTICAS
641237,2024-12-23,2024-12-24,1,FACULTAD DE CIENCIAS NATURALES Y MATEMÁTICAS
641237,2024-12-26,2024-12-31,1,FACULTAD DE CIENCIAS NATURALES Y MATEMÁTICAS
641237,2025-02-17,2025-03-18,2,FACULTAD DE CIENCIAS NATURALES Y MATEMÁTICAS
641237,2025-03-31,2025-04-21,1,FACULTAD DE CIENCIAS NATURALES Y MATEMÁTICAS
641237,2025-09-29,2025-10-01,1,FACULTAD DE CIENCIAS NATURALES Y MATEMÁTICAS
641237,2025-12-26,2025-12-31,1,FACULTAD DE CIENCIAS NATURALES Y MATEMÁTICAS
641237,2026-06-07,,1,FACULTAD DE CIENCIAS NATURALES Y MATEMÁTICAS
642021,2020-08-01,2026-08-01,36,GERENCIA FINANCIERA
642071,2018-10-01,2025-12-31,32,FACULTAD DE INGENIERÍA MECÁNICA Y CIENCIAS DE LA PRODUCCIÓN
642127,2017-07-01,,37,FACULTAD DE CIENCIAS NATURALES Y MATEMÁTICAS
642192,2018-05-01,2024-04-05,18,FACULTAD DE INGENIERÍA EN ELECTRICIDAD Y COMPUTACIÓN
642219,2018-10-01,2019-12-31,2,FACULTAD DE CIENCIAS NATURALES Y MATEMÁTICAS
642219,2020-02-22,2023-05-02,7,FACULTAD DE CIENCIAS NATURALES Y MATEMÁTICAS
642219,2020-01-01,2020-02-21,1,DIRECCIÓN DE ADMISIONES
642219,2023-05-03,,14,CENTRO DE TECNOLOGÍAS DE LA INFORMACIÓN
642252,2018-10-01,,26,FACULTAD DE INGENIERÍA EN ELECTRICIDAD Y COMPUTACIÓN
642311,2017-10-01,,29,FACULTAD DE INGENIERÍA EN CIENCIAS DE LA TIERRA
642325,2018-10-01,2023-09-08,11,FACULTAD DE CIENCIAS NATURALES Y MATEMÁTICAS
642330,2019-05-13,2020-02-21,2,FACULTAD DE INGENIERÍA MECÁNICA Y CIENCIAS DE LA PRODUCCIÓN
642360,2023-10-03,2023-11-24,1,FACULTAD DE CIENCIAS DE LA VIDA
642360,2023-11-27,2025-02-16,5,FACULTAD DE CIENCIAS DE LA VIDA
642360,2025-09-01,,5,FACULTAD DE CIENCIAS DE LA VIDA
642382,2024-06-03,2025-12-31,5,FACULTAD DE INGENIERÍA EN CIENCIAS DE LA TIERRA
642382,2026-06-01,,2,FACULTAD DE INGENIERÍA MECÁNICA Y CIENCIAS DE LA PRODUCCIÓN
642402,2020-10-01,2020-12-31,1,DESCONOCIDA
642402,2021-01-01,2021-03-16,1,FACULTAD DE INGENIERÍA EN ELECTRICIDAD Y COMPUTACIÓN
642404,2019-03-01,,25,FACULTAD DE INGENIERÍA EN ELECTRICIDAD Y COMPUTACIÓN
642424,2023-01-01,2023-09-30,2,FACULTAD DE INGENIERÍA MARÍTIMA Y CIENCIAS DEL MAR
642433,2017-04-26,2017-12-31,1,DESCONOCIDA
642433,2018-01-01,2019-02-22,2,"FACULTAD DE INGENIERIA MARÍTIMA, CIENCIAS BIOLÓGICAS, OCEÁNICAS Y RECURSOS NATURALES"
642433,2019-02-23,2020-09-30,3,FACULTAD DE INGENIERÍA MARÍTIMA Y CIENCIAS DEL MAR
642558,2016-08-09,2017-10-30,1,AUDITORÍA INTERNA
642558,2017-10-31,2017-10-31,1,DESCONOCIDA
642558,2018-06-01,2021-06-10,4,AUDITORÍA INTERNA
642558,2024-01-23,,13,AUDITORÍA INTERNA
642558,2021-06-11,2021-06-11,1,DESCONOCIDA
642599,2015-10-19,2016-02-28,1,FACULTAD DE INGENIERÍA EN ELECTRICIDAD Y COMPUTACIÓN
642599,2016-10-10,2017-03-17,4,FACULTAD DE INGENIERÍA EN ELECTRICIDAD Y COMPUTACIÓN
642599,2017-05-02,2017-09-22,1,FACULTAD DE INGENIERÍA EN ELECTRICIDAD Y COMPUTACIÓN
642599,2017-10-04,2018-03-02,2,FACULTAD DE INGENIERÍA EN ELECTRICIDAD Y COMPUTACIÓN
642599,2015-08-03,2016-08-01,2,CENTRO DE EMPRENDIMIENTO E INNOVACIÓN I3LAB
642599,2019-05-13,2019-09-20,2,CENTRO DE EMPRENDIMIENTO E INNOVACIÓN I3LAB
642599,2016-08-01,2020-08-05,9,CENTRO DE DESARROLLO DE EMPRENDEDORES
642599,2020-08-06,2025-09-16,17,CENTRO DE EMPRENDIMIENTO E INNOVACIÓN I3LAB
642599,2018-05-02,2018-09-21,1,FACULTAD DE INGENIERÍA EN ELECTRICIDAD Y COMPUTACIÓN
642599,2016-05-02,2016-09-23,1,DESCONOCIDA
642599,2020-11-24,2020-12-15,1,CENTRO DE DESARROLLO DE EMPRENDEDORES
642649,2011-10-10,2012-02-24,1,DESCONOCIDA
642649,2012-05-14,2014-12-28,3,DESCONOCIDA
642649,2017-04-10,2017-04-16,1,DESCONOCIDA
642649,2017-06-05,2017-06-11,1,DESCONOCIDA
642649,2017-06-19,2017-07-02,1,DESCONOCIDA
642649,2015-03-01,2019-01-23,3,ESCUELA DE DISEÑO Y COMUNICACIÓN VISUAL
642649,2020-03-02,2020-03-13,1,"FACULTAD DE ARTE, DISEÑO Y COMUNICACIÓN AUDIOVISUAL"
642649,2021-03-08,2021-03-26,1,"FACULTAD DE ARTE, DISEÑO Y COMUNICACIÓN AUDIOVISUAL"
642649,2019-01-24,2021-05-31,1,DESCONOCIDA
642649,2019-02-28,2019-03-29,1,ESCUELA DE DISEÑO Y COMUNICACIÓN VISUAL
642649,2017-04-20,2017-04-28,1,CENTRO DE DESARROLLO DE EMPRENDEDORES
642649,2021-06-01,,48,"FACULTAD DE ARTE, DISEÑO Y COMUNICACIÓN AUDIOVISUAL"
642708,2012-05-14,2013-05-13,1,DESCONOCIDA
642708,2014-10-01,2015-12-31,1,"FACULTAD DE ARTE, DISEÑO Y COMUNICACIÓN AUDIOVISUAL"
642708,2016-01-01,2016-12-31,1,DESCONOCIDA
642708,2019-01-24,,25,"FACULTAD DE ARTE, DISEÑO Y COMUNICACIÓN AUDIOVISUAL"
642708,2017-01-01,2019-01-23,3,ESCUELA DE DISEÑO Y COMUNICACIÓN VISUAL
642713,2012-01-01,2015-12-31,5,DESCONOCIDA
642713,2016-01-01,2016-12-31,1,CENTRO NACIONAL DE ACUICULTURA E INVESTIGACIONES MARINAS
642713,2017-01-01,2018-12-31,2,DESCONOCIDA
642713,2019-01-01,,27,CENTRO NACIONAL DE ACUICULTURA E INVESTIGACIONES MARINAS
642714,2013-01-01,2015-12-31,3,DESCONOCIDA
642714,2016-01-01,2016-12-31,1,CENTRO NACIONAL DE ACUICULTURA E INVESTIGACIONES MARINAS
642714,2017-01-01,2018-12-31,2,DESCONOCIDA
642714,2019-01-01,,43,CENTRO NACIONAL DE ACUICULTURA E INVESTIGACIONES MARINAS
642717,2012-01-01,2015-12-31,5,DESCONOCIDA
642717,2016-01-01,2016-12-31,1,CENTRO NACIONAL DE ACUICULTURA E INVESTIGACIONES MARINAS
642717,2019-01-01,2026-08-14,25,CENTRO NACIONAL DE ACUICULTURA E INVESTIGACIONES MARINAS
642717,2026-08-17,2026-08-21,1,CENTRO NACIONAL DE ACUICULTURA E INVESTIGACIONES MARINAS
642717,2026-08-24,2026-08-28,1,CENTRO NACIONAL DE ACUICULTURA E INVESTIGACIONES MARINAS
642717,2017-01-01,2018-12-31,2,DESCONOCIDA
642717,2026-08-31,,1,CENTRO NACIONAL DE ACUICULTURA E INVESTIGACIONES MARINAS
642720,2011-12-16,2015-12-31,4,DESCONOCIDA
642720,2016-01-01,2016-12-31,1,DIRECCIÓN DE SERVICIOS GENERALES
642720,2017-01-01,2018-12-31,2,DESCONOCIDA
642720,2019-01-01,,38,DIRECCIÓN DE SERVICIOS GENERALES
642759,2015-05-01,2017-12-31,4,DESCONOCIDA
642759,2018-01-01,2018-03-02,1,FACULTAD DE CIENCIAS DE LA VIDA
642759,2023-09-25,,8,"VICERRECTORADO DE INVESTIGACIÓN, DESARROLLO E INNOVACIÓN"
642784,2012-03-01,2012-12-31,1,DESCONOCIDA
642784,2016-03-01,2017-12-31,2,DESCONOCIDA
642784,2018-01-01,,25,FACULTAD DE INGENIERÍA EN ELECTRICIDAD Y COMPUTACIÓN
642847,2016-02-01,2018-12-31,1,FACULTAD DE CIENCIAS NATURALES Y MATEMÁTICAS
642847,2016-01-01,2019-06-06,4,DESCONOCIDA
642847,2019-06-07,2026-01-01,32,FACULTAD DE CIENCIAS NATURALES Y MATEMÁTICAS
642871,2023-03-01,2023-12-31,2,DECANATO DE INVESTIGACIÓN
642871,2024-06-03,2026-06-30,5,FACULTAD DE CIENCIAS DE LA VIDA
642876,2023-03-01,2023-12-31,2,DECANATO DE INVESTIGACIÓN
642966,2023-09-20,2023-12-31,1,DIRECCIÓN DE ADMISIONES
642985,2023-03-01,2023-12-31,4,DECANATO DE INVESTIGACIÓN
642985,2024-01-08,2024-12-31,1,DECANATO DE GRADO
643054,2019-02-01,2021-09-01,6,CENTRO NACIONAL DE ACUICULTURA E INVESTIGACIONES MARINAS
643058,2019-12-02,2020-12-31,1,CENTRO NACIONAL DE ACUICULTURA E INVESTIGACIONES MARINAS
643058,2021-01-01,2021-01-01,1,DESCONOCIDA
643061,2017-11-01,2018-01-31,2,FACULTAD DE CIENCIAS DE LA VIDA
643061,2018-04-01,2021-02-28,8,FACULTAD DE CIENCIAS DE LA VIDA
643117,2025-10-01,2026-02-13,2,FACULTAD DE CIENCIAS SOCIALES Y HUMANÍSTICAS
643117,2026-08-05,,1,FACULTAD DE CIENCIAS SOCIALES Y HUMANÍSTICAS
643166,2017-04-07,2017-07-07,1,FACULTAD DE INGENIERÍA EN ELECTRICIDAD Y COMPUTACIÓN
643166,2025-06-02,,4,CENTRO DE INVESTIGACIONES Y SERVICIOS EDUCATIVOS
643204,2023-07-03,2025-04-05,7,CENTRO DE INVESTIGACIONES Y SERVICIOS EDUCATIVOS
643247,2018-10-01,2018-12-31,1,FACULTAD DE CIENCIAS DE LA VIDA
643248,2019-04-15,,38,FACULTAD DE CIENCIAS DE LA VIDA
643299,2019-11-05,2020-10-20,1,GERENCIA DE RELACIONES INTERNACIONALES
643299,2020-10-21,2022-03-16,4,GERENCIA DE RELACIONES EXTERNAS
643299,2020-10-21,2020-10-21,1,DESCONOCIDA
643299,2022-03-17,2022-10-01,2,GERENCIA ADMINISTRATIVA
643304,2020-10-01,2020-12-31,1,DESCONOCIDA
643304,2021-01-01,2023-08-07,6,FACULTAD DE INGENIERÍA MECÁNICA Y CIENCIAS DE LA PRODUCCIÓN
643308,2019-05-01,,23,FACULTAD DE INGENIERÍA EN ELECTRICIDAD Y COMPUTACIÓN
643308,2024-11-15,2024-12-31,1,GERENCIA DE TECNOLOGÍAS Y SISTEMAS DE INFORMACIÓN
643309,2019-05-13,2026-02-13,20,FACULTAD DE CIENCIAS NATURALES Y MATEMÁTICAS
643309,2026-03-09,2026-05-03,1,FACULTAD DE CIENCIAS NATURALES Y MATEMÁTICAS
643312,2018-05-01,2024-04-14,15,FACULTAD DE INGENIERÍA EN ELECTRICIDAD Y COMPUTACIÓN
643312,2025-09-22,2025-12-31,2,DIRECCIÓN DE ADMISIONES
643321,2024-11-15,2024-12-31,1,FACULTAD DE INGENIERÍA MECÁNICA Y CIENCIAS DE LA PRODUCCIÓN
643322,2019-04-01,2020-07-15,2,FACULTAD DE CIENCIAS DE LA VIDA
643333,2019-01-01,2022-03-31,7,CENTRO DE TECNOLOGÍAS DE LA INFORMACIÓN
643337,2023-09-20,2024-09-20,4,DIRECCIÓN DE ADMISIONES
643337,2024-09-23,,6,DIRECCIÓN DE ADMISIONES
643351,2023-10-10,2023-12-29,2,FACULTAD DE CIENCIAS NATURALES Y MATEMÁTICAS
643361,2022-04-04,2025-05-06,13,FACULTAD DE INGENIERÍA EN CIENCIAS DE LA TIERRA
643361,2025-05-07,,6,DIRECCIÓN DE ADMISIONES
643377,2023-10-03,2023-12-31,2,FACULTAD DE INGENIERÍA EN ELECTRICIDAD Y COMPUTACIÓN
643378,2018-10-01,2023-01-25,11,FACULTAD DE INGENIERÍA EN ELECTRICIDAD Y COMPUTACIÓN
643396,2024-11-11,,4,FACULTAD DE INGENIERÍA MECÁNICA Y CIENCIAS DE LA PRODUCCIÓN
643421,2019-09-30,,22,FACULTAD DE INGENIERÍA MARÍTIMA Y CIENCIAS DEL MAR
643445,2021-06-09,2021-09-04,1,DECANATO DE INVESTIGACIÓN
643480,2023-07-25,2023-12-31,2,CENTRO DE INVESTIGACIÓN Y PROYECTOS APLICADOS A LAS CIENCIAS DE LA TIERRA
643480,2025-05-12,,7,FACULTAD DE INGENIERÍA EN CIENCIAS DE LA TIERRA
643498,2018-05-01,2021-02-28,6,FACULTAD DE INGENIERÍA EN CIENCIAS DE LA TIERRA
643562,2018-10-01,2021-09-24,5,FACULTAD DE INGENIERÍA EN ELECTRICIDAD Y COMPUTACIÓN
643578,2023-10-03,2023-12-31,1,FACULTAD DE CIENCIAS DE LA VIDA
643587,2019-05-13,2020-02-21,2,FACULTAD DE CIENCIAS NATURALES Y MATEMÁTICAS
643587,2021-05-25,2021-08-31,1,DIRECCIÓN DE ADMISIONES
643647,2022-01-03,2024-12-31,11,DECANATO DE GRADO
643647,2026-01-01,,11,DECANATO DE GRADO
643647,2025-01-01,2025-12-31,5,FACULTAD DE CIENCIAS NATURALES Y MATEMÁTICAS
643656,2017-07-01,2018-09-21,2,FACULTAD DE CIENCIAS NATURALES Y MATEMÁTICAS
643699,2016-08-01,,49,FACULTAD DE INGENIERÍA EN ELECTRICIDAD Y COMPUTACIÓN
643705,2018-10-01,2019-04-30,2,FACULTAD DE CIENCIAS NATURALES Y MATEMÁTICAS
643705,2019-05-01,2021-09-24,4,FACULTAD DE INGENIERÍA EN ELECTRICIDAD Y COMPUTACIÓN
643715,2018-05-01,2020-02-21,5,FACULTAD DE CIENCIAS NATURALES Y MATEMÁTICAS
643723,2019-05-13,2021-12-31,4,FACULTAD DE CIENCIAS NATURALES Y MATEMÁTICAS
643723,2022-01-20,2023-09-19,5,FACULTAD DE CIENCIAS NATURALES Y MATEMÁTICAS
643723,2023-09-20,2023-12-31,1,DIRECCIÓN DE ADMISIONES
643726,2020-02-22,,22,FACULTAD DE INGENIERÍA EN CIENCIAS DE LA TIERRA
643742,2019-01-01,2024-08-20,18,CENTRO DE TECNOLOGÍAS DE LA INFORMACIÓN
643773,2023-10-03,2024-02-16,3,DIRECCIÓN DE ADMISIONES
643789,2026-05-11,,1,DECANATO DE GRADO
643819,2018-07-02,2021-07-01,6,FACULTAD DE INGENIERÍA EN CIENCIAS DE LA TIERRA
643873,2021-09-01,2021-12-31,1,FACULTAD DE CIENCIAS SOCIALES Y HUMANÍSTICAS
643873,2022-02-01,,28,FACULTAD DE CIENCIAS SOCIALES Y HUMANÍSTICAS
643873,2022-01-01,2022-01-31,1,GERENCIA ADMINISTRATIVA
643899,2021-05-25,2021-12-31,1,DIRECCIÓN DE ADMISIONES
643899,2023-05-29,,12,DIRECCIÓN DE ADMISIONES
643995,2023-10-03,2023-12-31,2,FACULTAD DE INGENIERÍA EN CIENCIAS DE LA TIERRA
644047,2012-05-14,2013-12-31,2,DESCONOCIDA
644047,2014-10-01,2015-12-31,2,"FACULTAD DE ARTE, DISEÑO Y COMUNICACIÓN AUDIOVISUAL"
644047,2016-01-01,2016-12-31,1,DESCONOCIDA
644047,2019-01-24,2019-09-27,1,"FACULTAD DE ARTE, DISEÑO Y COMUNICACIÓN AUDIOVISUAL"
644047,2017-01-01,2019-01-23,3,ESCUELA DE DISEÑO Y COMUNICACIÓN VISUAL
644129,2012-06-18,2015-12-31,3,DESCONOCIDA
644129,2016-01-01,2016-12-31,1,FACULTAD DE INGENIERÍA EN ELECTRICIDAD Y COMPUTACIÓN
644129,2017-01-01,2018-12-31,2,DESCONOCIDA
644129,2019-01-01,,17,FACULTAD DE INGENIERÍA EN ELECTRICIDAD Y COMPUTACIÓN
644132,2015-09-30,2016-12-31,1,RECTORADO
644132,2018-09-24,2018-09-26,1,RECTORADO
644132,2018-12-12,2018-12-12,1,RECTORADO
644132,2019-03-11,2019-03-25,1,RECTORADO
644132,2012-08-20,,60,DECANATO DE INVESTIGACIÓN
644132,2019-04-01,2019-04-18,1,RECTORADO
644133,2019-02-01,2020-08-31,4,CENTRO NACIONAL DE ACUICULTURA E INVESTIGACIONES MARINAS
644134,2012-08-01,2013-12-31,2,DESCONOCIDA
644134,2015-01-01,2015-10-19,3,CENTRO DE INVESTIGACIONES BIOTECNOLÓGICAS DEL ECUADOR
644134,2014-08-01,2014-12-31,1,DESCONOCIDA
644134,2017-04-01,,43,CENTRO DE INVESTIGACIONES BIOTECNOLÓGICAS DEL ECUADOR
644141,2023-10-10,2024-02-18,3,FACULTAD DE CIENCIAS NATURALES Y MATEMÁTICAS
644141,2024-09-30,2025-05-04,2,FACULTAD DE CIENCIAS NATURALES Y MATEMÁTICAS
644141,2025-05-05,,6,DIRECCIÓN DE ADMISIONES
644153,2023-05-15,,11,FACULTAD DE INGENIERÍA EN ELECTRICIDAD Y COMPUTACIÓN
644158,2019-05-01,2020-05-31,3,FACULTAD DE INGENIERÍA EN ELECTRICIDAD Y COMPUTACIÓN
644158,2024-01-08,2024-12-31,1,CENTRO DE INFORMACIÓN BIBLIOTECARIA
644158,2025-03-05,,5,DIRECCIÓN DE ADMISIONES
644211,2023-10-05,2023-12-31,2,FACULTAD DE INGENIERÍA MECÁNICA Y CIENCIAS DE LA PRODUCCIÓN
644262,2019-05-13,2021-12-31,4,FACULTAD DE INGENIERÍA MECÁNICA Y CIENCIAS DE LA PRODUCCIÓN
644281,2021-05-17,2023-09-08,6,FACULTAD DE INGENIERÍA MECÁNICA Y CIENCIAS DE LA PRODUCCIÓN
644298,2018-03-01,2018-05-31,1,RECTORADO
644298,2022-10-03,2023-09-19,5,GERENCIA DE PLANIFICACIÓN ESTRATÉGICA
644312,2023-10-03,2023-12-31,2,FACULTAD DE INGENIERÍA EN CIENCIAS DE LA TIERRA
644365,2023-10-05,2023-12-31,2,FACULTAD DE INGENIERÍA EN CIENCIAS DE LA TIERRA
644365,2024-03-01,2024-09-25,2,FACULTAD DE INGENIERÍA EN CIENCIAS DE LA TIERRA
644365,2024-09-26,2026-03-20,6,DIRECCIÓN DE ADMISIONES
644368,2024-10-07,,8,DIRECCIÓN DE ADMISIONES
644382,2018-06-01,2021-08-04,4,FACULTAD DE INGENIERÍA EN CIENCIAS DE LA TIERRA
644382,2021-08-16,2022-12-31,5,FACULTAD DE INGENIERÍA EN CIENCIAS DE LA TIERRA
644382,2024-01-01,,15,FACULTAD DE INGENIERÍA EN CIENCIAS DE LA TIERRA
644382,2021-08-05,2021-08-05,1,DESCONOCIDA
644384,2023-05-29,,12,DIRECCIÓN DE ADMISIONES
644387,2018-10-01,2021-07-05,5,FACULTAD DE INGENIERÍA EN CIENCIAS DE LA TIERRA
644388,2018-10-01,2021-08-31,5,FACULTAD DE INGENIERÍA EN CIENCIAS DE LA TIERRA
644399,2018-03-01,2018-05-31,1,RECTORADO
644406,2018-05-01,2022-05-06,11,FACULTAD DE CIENCIAS NATURALES Y MATEMÁTICAS
644440,2021-09-09,2021-12-31,1,GERENCIA DE TECNOLOGÍAS Y SISTEMAS DE INFORMACIÓN
644440,2022-01-06,2022-01-31,1,GERENCIA DE TECNOLOGÍAS Y SISTEMAS DE INFORMACIÓN
644440,2025-08-01,,9,DIRECCIÓN DE ADMISIONES
644484,2023-10-03,2023-12-31,2,FACULTAD DE INGENIERÍA EN CIENCIAS DE LA TIERRA
644500,2020-10-01,2020-12-31,1,DESCONOCIDA
644500,2021-01-01,2025-02-21,13,FACULTAD DE INGENIERÍA MARÍTIMA Y CIENCIAS DEL MAR
644515,2024-10-08,,9,FACULTAD DE CIENCIAS NATURALES Y MATEMÁTICAS
644516,2019-05-13,2021-02-19,6,FACULTAD DE CIENCIAS NATURALES Y MATEMÁTICAS
644516,2021-03-08,2022-02-18,2,FACULTAD DE CIENCIAS NATURALES Y MATEMÁTICAS
644516,2025-10-13,,4,FACULTAD DE CIENCIAS NATURALES Y MATEMÁTICAS
644521,2018-05-01,2025-05-16,20,FACULTAD DE CIENCIAS NATURALES Y MATEMÁTICAS
644526,2019-05-13,2026-02-13,20,FACULTAD DE CIENCIAS NATURALES Y MATEMÁTICAS
644526,2026-03-09,2026-05-03,1,FACULTAD DE CIENCIAS NATURALES Y MATEMÁTICAS
644527,2023-03-01,2023-08-31,1,DECANATO DE INVESTIGACIÓN
644527,2023-09-01,2023-12-31,2,FACULTAD DE INGENIERÍA MECÁNICA Y CIENCIAS DE LA PRODUCCIÓN
644530,2022-06-01,2023-07-07,5,FACULTAD DE CIENCIAS NATURALES Y MATEMÁTICAS
644571,2023-06-15,,16,"FACULTAD DE ARTE, DISEÑO Y COMUNICACIÓN AUDIOVISUAL"
644579,2025-09-22,,6,DIRECCIÓN DE ADMISIONES
644606,2023-10-10,,10,FACULTAD DE INGENIERÍA MECÁNICA Y CIENCIAS DE LA PRODUCCIÓN
644623,2019-03-01,2019-03-31,1,"FACULTAD DE INGENIERIA MARÍTIMA, CIENCIAS BIOLÓGICAS, OCEÁNICAS Y RECURSOS NATURALES"
644623,2020-11-30,2020-12-03,1,FACULTAD DE INGENIERÍA MARÍTIMA Y CIENCIAS DEL MAR
644630,2021-01-01,2023-10-31,9,GERENCIA ADMINISTRATIVA
644630,2020-01-02,2020-12-31,1,DIRECCIÓN DE ADQUISICIONES Y SUMINISTROS
644630,2023-11-16,2023-12-01,1,GERENCIA ADMINISTRATIVA
644630,2023-11-01,,31,OFICINA DE TRANSFERENCIA DE RESULTADOS DE INVESTIGACIÓN - OTRI EN LA ESPOL
644698,2018-05-21,2019-02-22,2,"FACULTAD DE INGENIERIA MARÍTIMA, CIENCIAS BIOLÓGICAS, OCEÁNICAS Y RECURSOS NATURALES"
644698,2019-02-23,2020-02-21,2,FACULTAD DE INGENIERÍA MARÍTIMA Y CIENCIAS DEL MAR
644719,2014-01-01,2015-12-31,2,DESCONOCIDA
644719,2016-01-01,2016-12-31,1,CENTRO NACIONAL DE ACUICULTURA E INVESTIGACIONES MARINAS
644719,2017-01-01,2018-12-31,2,DESCONOCIDA
644719,2019-01-01,,18,CENTRO NACIONAL DE ACUICULTURA E INVESTIGACIONES MARINAS
644781,2012-11-29,2016-01-31,1,DESCONOCIDA
644946,2022-01-03,2024-02-01,16,FACULTAD DE INGENIERÍA MECÁNICA Y CIENCIAS DE LA PRODUCCIÓN
645005,2013-03-01,2014-12-31,2,DESCONOCIDA
645005,2016-08-01,2016-08-01,1,DESCONOCIDA
645005,2015-01-01,,63,CENTRO DE INVESTIGACIONES BIOTECNOLÓGICAS DEL ECUADOR
645089,2021-06-01,2021-08-31,1,DIRECCIÓN DE ADMISIONES
645105,2023-10-03,2023-12-31,1,FACULTAD DE CIENCIAS DE LA VIDA
645142,2020-10-12,2020-10-23,1,CENTRO DE TECNOLOGÍAS DE LA INFORMACIÓN
645153,2019-01-01,2022-06-03,10,FACULTAD DE INGENIERÍA EN CIENCIAS DE LA TIERRA
645153,2026-03-03,2026-06-30,1,DIRECCIÓN DE ADMISIONES
645159,2025-09-29,,3,FACULTAD DE INGENIERÍA EN CIENCIAS DE LA TIERRA
645207,2023-03-01,2023-12-31,2,DECANATO DE INVESTIGACIÓN
645207,2024-01-01,2024-05-31,2,FACULTAD DE INGENIERÍA MARÍTIMA Y CIENCIAS DEL MAR
645214,2018-05-01,2019-12-31,3,FACULTAD DE CIENCIAS NATURALES Y MATEMÁTICAS
645214,2020-02-22,,24,FACULTAD DE CIENCIAS NATURALES Y MATEMÁTICAS
645214,2020-01-01,2020-02-21,1,DIRECCIÓN DE ADMISIONES
645261,2021-09-24,2021-12-31,1,DECANATO DE INVESTIGACIÓN
645261,2023-10-03,2023-12-31,1,FACULTAD DE CIENCIAS DE LA VIDA
645277,2025-05-05,,5,DIRECCIÓN DE ADMISIONES
645293,2023-03-01,2023-12-31,4,DECANATO DE INVESTIGACIÓN
645317,2019-03-11,2020-03-16,1,FACULTAD DE INGENIERÍA MECÁNICA Y CIENCIAS DE LA PRODUCCIÓN
645395,2022-04-01,2022-10-22,2,FACULTAD DE INGENIERÍA EN ELECTRICIDAD Y COMPUTACIÓN
645468,2019-09-30,2022-08-21,7,FACULTAD DE INGENIERÍA EN ELECTRICIDAD Y COMPUTACIÓN
645471,2019-12-15,2020-02-15,1,"FACULTAD DE ARTE, DISEÑO Y COMUNICACIÓN AUDIOVISUAL"
645471,2020-05-26,2020-07-25,1,"FACULTAD DE ARTE, DISEÑO Y COMUNICACIÓN AUDIOVISUAL"
645471,2019-09-01,2019-10-31,1,DECANATO DE INVESTIGACIÓN
645471,2020-12-15,2020-12-31,1,DECANATO DE INVESTIGACIÓN
645471,2020-09-15,2020-11-15,1,"FACULTAD DE ARTE, DISEÑO Y COMUNICACIÓN AUDIOVISUAL"
645513,2023-05-15,2026-02-13,9,FACULTAD DE INGENIERÍA EN ELECTRICIDAD Y COMPUTACIÓN
645513,2026-03-05,2026-05-03,1,FACULTAD DE INGENIERÍA EN ELECTRICIDAD Y COMPUTACIÓN
645542,2018-10-01,2020-02-21,3,FACULTAD DE CIENCIAS NATURALES Y MATEMÁTICAS
645542,2023-10-02,2024-02-16,3,FACULTAD DE CIENCIAS NATURALES Y MATEMÁTICAS
645542,2026-05-11,,1,FACULTAD DE CIENCIAS NATURALES Y MATEMÁTICAS
645553,2023-10-05,2023-12-31,2,FACULTAD DE INGENIERÍA MECÁNICA Y CIENCIAS DE LA PRODUCCIÓN
645553,2024-11-20,2024-12-31,1,DECANATO DE INVESTIGACIÓN
645591,2023-10-05,2023-12-31,2,FACULTAD DE INGENIERÍA MECÁNICA Y CIENCIAS DE LA PRODUCCIÓN
645627,2018-10-01,2023-12-31,15,CENTRO DE TECNOLOGÍAS DE LA INFORMACIÓN
645689,2014-10-01,2014-12-31,1,FACULTAD DE CIENCIAS DE LA VIDA
645689,2015-01-01,2016-07-31,3,DESCONOCIDA
645689,2021-09-08,2021-10-07,2,DESCONOCIDA
645689,2016-08-01,2022-12-30,9,FACULTAD DE CIENCIAS DE LA VIDA
645689,2023-03-15,2023-04-13,1,FACULTAD DE CIENCIAS DE LA VIDA
645689,2023-04-24,2023-04-28,1,FACULTAD DE CIENCIAS DE LA VIDA
645689,2023-09-03,2023-09-07,1,FACULTAD DE CIENCIAS DE LA VIDA
645689,2023-09-11,2023-09-22,1,FACULTAD DE CIENCIAS DE LA VIDA
645689,2023-09-25,2023-09-30,1,FACULTAD DE CIENCIAS DE LA VIDA
645689,2023-11-19,2023-11-22,1,FACULTAD DE CIENCIAS DE LA VIDA
645689,2023-12-03,2023-12-06,1,FACULTAD DE CIENCIAS DE LA VIDA
645689,2023-12-22,2023-12-29,1,FACULTAD DE CIENCIAS DE LA VIDA
645689,2024-01-03,2024-01-03,1,FACULTAD DE CIENCIAS DE LA VIDA
645689,2024-01-28,2024-02-04,1,FACULTAD DE CIENCIAS DE LA VIDA
645689,2024-02-19,2024-02-20,1,FACULTAD DE CIENCIAS DE LA VIDA
645689,2024-03-04,2024-03-07,1,DECANATO DE GRADO
645689,2024-02-23,2024-02-26,1,FACULTAD DE CIENCIAS DE LA VIDA
645689,2024-03-17,2024-03-17,1,FACULTAD DE CIENCIAS DE LA VIDA
645689,2024-03-19,2024-04-05,2,FACULTAD DE CIENCIAS DE LA VIDA
645689,2024-06-03,2024-06-21,1,FACULTAD DE CIENCIAS DE LA VIDA
645689,2024-06-25,2024-06-29,1,FACULTAD DE CIENCIAS DE LA VIDA
645689,2024-07-22,2024-07-25,1,FACULTAD DE CIENCIAS DE LA VIDA
645689,2024-03-11,2024-03-15,1,DECANATO DE GRADO
645689,2024-08-08,2024-08-08,1,FACULTAD DE CIENCIAS DE LA VIDA
645689,2024-11-05,2024-12-13,1,FACULTAD DE CIENCIAS DE LA VIDA
645689,2024-12-20,2024-12-31,1,FACULTAD DE CIENCIAS DE LA VIDA
645689,2025-01-28,2025-01-30,1,FACULTAD DE CIENCIAS DE LA VIDA
645689,2024-08-26,2024-08-31,1,DECANATO DE GRADO
645689,2025-02-04,2025-02-04,1,FACULTAD DE CIENCIAS DE LA VIDA
645689,2025-03-05,2025-03-25,1,FACULTAD DE CIENCIAS DE LA VIDA
645689,2025-04-07,2025-04-09,1,FACULTAD DE CIENCIAS DE LA VIDA
645689,2025-04-14,2025-04-29,1,FACULTAD DE CIENCIAS DE LA VIDA
645689,2025-02-17,2025-02-28,1,DECANATO DE GRADO
645689,2025-05-12,2025-05-16,1,FACULTAD DE CIENCIAS DE LA VIDA
645689,2025-06-30,2025-07-04,1,FACULTAD DE CIENCIAS DE LA VIDA
645689,2025-07-21,2025-07-24,1,FACULTAD DE CIENCIAS DE LA VIDA
645689,2025-08-25,2025-08-29,1,FACULTAD DE CIENCIAS DE LA VIDA
645689,2025-09-22,2025-09-25,1,FACULTAD DE CIENCIAS DE LA VIDA
645689,2025-06-12,2025-06-24,1,DECANATO DE GRADO
645689,2025-10-13,2025-10-31,1,FACULTAD DE CIENCIAS DE LA VIDA
645689,2025-12-04,2025-12-06,1,FACULTAD DE CIENCIAS DE LA VIDA
645689,2025-12-26,2025-12-31,1,FACULTAD DE CIENCIAS DE LA VIDA
645689,2026-01-27,2026-01-30,1,FACULTAD DE CIENCIAS DE LA VIDA
645689,2025-11-09,2025-11-15,1,DECANATO DE GRADO
645689,2026-03-02,2026-04-02,4,FACULTAD DE CIENCIAS DE LA VIDA
645689,2026-05-27,2026-06-11,1,FACULTAD DE CIENCIAS DE LA VIDA
645689,2026-04-20,2026-04-24,1,DECANATO DE GRADO
645689,2026-07-12,2026-07-18,1,FACULTAD DE CIENCIAS DE LA VIDA
645689,2026-08-26,,1,FACULTAD DE CIENCIAS DE LA VIDA
645689,2021-10-11,2021-11-07,1,DESCONOCIDA
645689,2026-08-11,2026-08-14,1,DECANATO DE GRADO
645695,2014-10-20,2015-03-13,2,DESCONOCIDA
645695,2015-05-11,2015-10-02,1,DESCONOCIDA
645695,2015-10-19,2016-02-28,1,DESCONOCIDA
645695,2016-05-02,2016-09-23,1,FACULTAD DE CIENCIAS NATURALES Y MATEMÁTICAS
645700,2013-05-01,2015-04-30,2,DESCONOCIDA
645700,2017-01-03,2017-11-30,1,DESCONOCIDA
645700,2017-12-01,2024-07-19,50,RECTORADO
645700,2021-02-22,2021-03-10,1,DECANATO DE INVESTIGACIÓN
645722,2008-05-10,2008-07-19,2,DESCONOCIDA
645722,2013-05-13,2013-12-31,1,DESCONOCIDA
645722,2017-01-01,2023-02-28,15,FACULTAD DE CIENCIAS SOCIALES Y HUMANÍSTICAS
645722,2014-10-01,2016-12-31,2,DESCONOCIDA
645722,2025-03-06,,6,FACULTAD DE CIENCIAS SOCIALES Y HUMANÍSTICAS
645724,2003-05-19,2003-09-27,1,DESCONOCIDA
645724,2003-10-20,2004-03-08,4,DESCONOCIDA
645724,2004-05-17,2004-09-25,1,DESCONOCIDA
645724,2013-05-13,2013-09-20,1,DESCONOCIDA
645724,2016-05-02,2016-09-23,1,FACULTAD DE CIENCIAS NATURALES Y MATEMÁTICAS
645724,2016-10-10,2017-03-17,2,FACULTAD DE CIENCIAS NATURALES Y MATEMÁTICAS
645724,2017-05-02,2017-09-22,1,FACULTAD DE CIENCIAS NATURALES Y MATEMÁTICAS
645724,2018-05-01,2018-09-21,1,FACULTAD DE CIENCIAS NATURALES Y MATEMÁTICAS
645724,2018-10-01,2019-05-03,2,FACULTAD DE CIENCIAS NATURALES Y MATEMÁTICAS
645724,2014-05-12,2014-12-31,1,DESCONOCIDA
645724,2019-05-13,,22,FACULTAD DE CIENCIAS NATURALES Y MATEMÁTICAS
645785,2015-01-01,2015-05-31,1,VICERRECTORADO ACADÉMICO
645785,2014-11-18,2014-12-31,1,DESCONOCIDA
645785,2016-05-01,2016-05-01,1,DESCONOCIDA
645785,2016-05-01,2016-05-31,1,VICERRECTORADO ACADÉMICO
645785,2017-01-01,2017-03-31,1,VICERRECTORADO ACADÉMICO
645785,2017-04-01,2017-11-14,1,FACULTAD DE INGENIERÍA EN ELECTRICIDAD Y COMPUTACIÓN
645785,2022-11-14,2022-11-14,1,FACULTAD DE INGENIERÍA EN ELECTRICIDAD Y COMPUTACIÓN
645785,2022-11-29,2022-11-29,1,FACULTAD DE INGENIERÍA EN ELECTRICIDAD Y COMPUTACIÓN
645785,2022-12-27,2023-01-06,1,FACULTAD DE INGENIERÍA EN ELECTRICIDAD Y COMPUTACIÓN
645785,2016-06-13,2016-12-31,1,DESCONOCIDA
645785,2017-11-15,2023-02-09,10,VICERRECTORADO ACADÉMICO
645785,2015-06-01,2016-04-30,1,FACULTAD DE CIENCIAS SOCIALES Y HUMANÍSTICAS
645785,2023-02-10,,17,FACULTAD DE INGENIERÍA EN ELECTRICIDAD Y COMPUTACIÓN
645794,2013-07-01,2014-12-31,2,DESCONOCIDA
645794,2016-08-01,2016-08-01,1,DESCONOCIDA
645794,2015-01-01,,47,CENTRO DE INVESTIGACIONES BIOTECNOLÓGICAS DEL ECUADOR
645794,2020-01-17,2020-02-16,1,FACULTAD DE CIENCIAS NATURALES Y MATEMÁTICAS
645794,2020-01-17,2020-01-20,1,DIRECCIÓN DE SEGURIDAD Y SALUD OCUPACIONAL
645801,2013-05-13,2013-09-20,1,DESCONOCIDA
645801,2013-10-14,2014-02-28,1,DESCONOCIDA
645801,2014-05-12,2014-09-30,1,DESCONOCIDA
645801,2014-10-01,2015-12-31,1,FACULTAD DE CIENCIAS SOCIALES Y HUMANÍSTICAS
645801,2016-02-01,2016-11-15,1,FACULTAD DE CIENCIAS SOCIALES Y HUMANÍSTICAS
645801,2016-01-01,2016-12-31,1,DESCONOCIDA
645801,2018-01-01,,27,FACULTAD DE CIENCIAS SOCIALES Y HUMANÍSTICAS
645801,2017-01-01,2017-12-31,1,DIRECCIÓN DE LA SECRETARÍA TÉCNICA DE ASEGURAMIENTO DE LA CALIDAD DE LA EDUCACIÓN SUPERIOR
645829,2014-05-12,2014-12-31,2,DESCONOCIDA
645829,2015-01-01,2015-12-31,1,VICERRECTORADO ACADÉMICO
645829,2016-05-02,2016-12-31,1,DESCONOCIDA
645829,2019-02-23,2019-09-20,2,VICERRECTORADO ACADÉMICO
645829,2017-01-01,2019-02-22,3,FACULTAD DE CIENCIAS SOCIALES Y HUMANÍSTICAS
645940,2018-01-01,2019-03-15,2,FACULTAD DE CIENCIAS NATURALES Y MATEMÁTICAS
645940,2021-05-03,2021-09-24,1,FACULTAD DE CIENCIAS NATURALES Y MATEMÁTICAS
645940,2015-05-01,2017-12-31,2,DESCONOCIDA
645940,2021-10-04,,20,FACULTAD DE CIENCIAS NATURALES Y MATEMÁTICAS
645943,2013-08-15,2014-12-31,1,DESCONOCIDA
645943,2015-01-01,2015-08-14,1,UNIDAD DE BIENESTAR ESTUDIANTIL Y POLITÉCNICO
645943,2016-08-01,2022-11-07,31,UNIDAD DE BIENESTAR ESTUDIANTIL Y POLITÉCNICO
645943,2022-11-16,2022-11-16,1,UNIDAD DE BIENESTAR ESTUDIANTIL Y POLITÉCNICO
645943,2022-11-22,2022-11-23,1,UNIDAD DE BIENESTAR ESTUDIANTIL Y POLITÉCNICO
645943,2015-06-01,2016-07-31,3,DESCONOCIDA
645943,2022-12-27,2022-12-30,1,UNIDAD DE BIENESTAR ESTUDIANTIL Y POLITÉCNICO
645943,2022-11-08,,39,GERENCIA DE BIENESTAR POLITÉCNICO
645953,2015-01-01,2015-06-30,1,FACULTAD DE CIENCIAS DE LA VIDA
645953,2018-02-01,2018-02-28,1,FACULTAD DE CIENCIAS DE LA VIDA
645953,2013-07-01,2014-12-31,2,DESCONOCIDA
645953,2022-01-03,,36,FACULTAD DE CIENCIAS DE LA VIDA
646025,2020-02-03,2020-02-07,1,UNIDAD DE BIENESTAR ESTUDIANTIL Y POLITÉCNICO
646025,2023-03-01,2023-12-31,2,DECANATO DE INVESTIGACIÓN
646025,2025-03-06,,4,FACULTAD DE CIENCIAS SOCIALES Y HUMANÍSTICAS
646043,2021-10-08,2023-12-31,10,FACULTAD DE CIENCIAS SOCIALES Y HUMANÍSTICAS
646043,2024-02-01,2024-07-03,2,FACULTAD DE CIENCIAS SOCIALES Y HUMANÍSTICAS
646044,2018-05-07,2018-12-31,1,RECTORADO
646055,2018-10-01,2021-04-30,5,FACULTAD DE CIENCIAS SOCIALES Y HUMANÍSTICAS
646111,2023-03-01,2023-12-31,2,DECANATO DE INVESTIGACIÓN
646111,2024-01-01,2025-03-19,3,ESCUELA DE POSTGRADO EN ADMINISTRACIÓN DE EMPRESAS
646191,2024-11-05,,5,CENTRO DE INVESTIGACIÓN Y PROYECTOS APLICADOS A LAS CIENCIAS DE LA TIERRA
646192,2024-01-02,2025-05-04,3,CENTRO DE INVESTIGACIÓN Y PROYECTOS APLICADOS A LAS CIENCIAS DE LA TIERRA
646192,2025-05-05,,8,FACULTAD DE INGENIERÍA EN CIENCIAS DE LA TIERRA
646196,2023-10-05,2023-12-31,2,FACULTAD DE CIENCIAS DE LA VIDA
646202,2023-03-01,2023-12-31,2,DECANATO DE INVESTIGACIÓN
646202,2024-01-01,,12,FACULTAD DE INGENIERÍA EN CIENCIAS DE LA TIERRA
646220,2023-09-20,2023-12-31,1,DIRECCIÓN DE ADMISIONES
646222,2023-05-15,,12,FACULTAD DE INGENIERÍA EN ELECTRICIDAD Y COMPUTACIÓN
646256,2023-10-03,2023-12-31,1,FACULTAD DE CIENCIAS DE LA VIDA
646262,2024-01-02,2024-04-12,2,DIRECCIÓN DE SERVICIOS GENERALES
646262,2025-03-24,2025-03-28,1,DIRECCIÓN DE SERVICIOS GENERALES
646262,2025-08-28,2025-08-29,1,DIRECCIÓN DE SERVICIOS GENERALES
646262,2025-09-04,2025-09-05,1,DIRECCIÓN DE SERVICIOS GENERALES
646262,2025-09-15,2025-09-15,1,DIRECCIÓN DE SERVICIOS GENERALES
646262,2025-10-07,2025-10-07,1,DIRECCIÓN DE SERVICIOS GENERALES
646262,2025-10-27,2025-10-28,1,DIRECCIÓN DE SERVICIOS GENERALES
646262,2026-03-30,2026-04-08,1,DIRECCIÓN DE SERVICIOS GENERALES
646262,2026-04-17,2026-07-18,4,DIRECCIÓN DE SERVICIOS GENERALES
646262,2026-07-20,,3,DIRECCIÓN DE SERVICIOS GENERALES
646364,2024-02-01,,7,"FACULTAD DE ARTE, DISEÑO Y COMUNICACIÓN AUDIOVISUAL"
646401,2021-08-10,2021-10-31,1,DECANATO DE INVESTIGACIÓN
646418,2024-12-02,2025-05-11,2,DIRECCIÓN DE ADMISIONES
646418,2025-05-12,,4,ESCUELA DE POSTGRADO EN ADMINISTRACIÓN DE EMPRESAS
646519,2024-06-03,,12,FACULTAD DE CIENCIAS SOCIALES Y HUMANÍSTICAS
646521,2025-10-03,2025-12-31,1,"CENTRO DE INVESTIGACIÓN, DESARROLLO E INNOVACIÓN DE SISTEMAS COMPUTACIONALES"
646525,2023-07-25,,10,"VICERRECTORADO DE INVESTIGACIÓN, DESARROLLO E INNOVACIÓN"
646567,2018-11-01,2022-09-01,8,GERENCIA DE PLANIFICACIÓN ESTRATÉGICA
646567,2019-06-30,2019-06-30,1,DESCONOCIDA
646695,2024-01-02,,7,CENTRO DE INVESTIGACIONES BIOTECNOLÓGICAS DEL ECUADOR
646717,2021-01-01,2024-05-10,12,"CENTRO DE INVESTIGACIÓN, DESARROLLO E INNOVACIÓN DE SISTEMAS COMPUTACIONALES"
646749,2024-10-15,2026-02-13,4,CENTRO DE INVESTIGACIONES BIOTECNOLÓGICAS DEL ECUADOR
646749,2026-06-15,,1,CENTRO DE INVESTIGACIONES BIOTECNOLÓGICAS DEL ECUADOR
646751,2021-12-01,2021-12-31,1,FACULTAD DE INGENIERÍA MARÍTIMA Y CIENCIAS DEL MAR
646776,2025-06-09,2025-12-31,1,DECANATO DE GRADO
646785,2025-09-22,2025-12-31,2,FACULTAD DE INGENIERÍA MECÁNICA Y CIENCIAS DE LA PRODUCCIÓN
646794,2025-08-25,2025-12-31,1,ESCUELA DE POSTGRADO EN ADMINISTRACIÓN DE EMPRESAS
646794,2024-06-17,2024-07-04,1,CENTRO DE ESTUDIOS ASIA-PACÍFICO
646794,2026-01-06,,1,ESCUELA DE POSTGRADO EN ADMINISTRACIÓN DE EMPRESAS
646835,2021-03-15,2026-07-17,24,FACULTAD DE CIENCIAS DE LA VIDA
646881,2023-10-03,2023-12-31,1,FACULTAD DE CIENCIAS DE LA VIDA
646897,2024-11-05,2026-05-31,14,FACULTAD DE INGENIERÍA EN CIENCIAS DE LA TIERRA
646897,2026-06-01,,5,GERENCIA DE COMUNICACIÓN
647000,2023-10-23,2025-12-31,8,FACULTAD DE CIENCIAS NATURALES Y MATEMÁTICAS
647012,2013-11-19,2014-12-31,2,DESCONOCIDA
647012,2015-01-01,2016-02-29,2,DIRECCIÓN DE LA SECRETARÍA TÉCNICA ACADEMICA
647012,2016-03-01,2016-05-31,2,DESCONOCIDA
647012,2016-06-01,,37,DIRECCIÓN DE LA SECRETARÍA TÉCNICA ACADEMICA
647015,2018-01-02,2018-12-31,1,UNIDAD DE BIENESTAR ESTUDIANTIL Y POLITÉCNICO
647015,2019-01-02,2019-12-31,1,UNIDAD DE BIENESTAR ESTUDIANTIL Y POLITÉCNICO
647015,2017-01-03,2017-12-31,1,DESCONOCIDA
647015,2020-01-02,2020-03-31,1,UNIDAD DE BIENESTAR ESTUDIANTIL Y POLITÉCNICO
647036,2017-01-01,2017-09-30,1,FACULTAD DE INGENIERÍA MECÁNICA Y CIENCIAS DE LA PRODUCCIÓN
647036,2019-05-25,2019-06-01,1,FACULTAD DE INGENIERÍA MECÁNICA Y CIENCIAS DE LA PRODUCCIÓN
647036,2017-10-01,2019-09-20,5,FACULTAD DE CIENCIAS SOCIALES Y HUMANÍSTICAS
647036,2021-05-17,2021-09-24,1,FACULTAD DE CIENCIAS SOCIALES Y HUMANÍSTICAS
647036,2021-10-04,2022-02-18,2,FACULTAD DE CIENCIAS SOCIALES Y HUMANÍSTICAS
647036,2022-05-16,2022-09-23,1,FACULTAD DE CIENCIAS SOCIALES Y HUMANÍSTICAS
647036,2016-01-01,2016-12-31,1,DESCONOCIDA
647036,2019-06-19,2019-06-22,1,FACULTAD DE INGENIERÍA MECÁNICA Y CIENCIAS DE LA PRODUCCIÓN
647036,2022-10-03,,21,FACULTAD DE CIENCIAS SOCIALES Y HUMANÍSTICAS
647036,2019-04-01,2020-08-05,3,GERENCIA DE RELACIONES INTERNACIONALES
647036,2020-03-02,2020-03-09,1,DIRECCIÓN DE ADQUISICIONES Y SUMINISTROS
647036,2020-08-06,2022-10-03,5,GERENCIA DE RELACIONES EXTERNAS
647047,2013-10-14,2015-12-01,3,DESCONOCIDA
647047,2017-01-01,2017-01-01,1,DESCONOCIDA
647047,2015-12-02,,23,FACULTAD DE CIENCIAS NATURALES Y MATEMÁTICAS
647101,2013-11-18,2014-12-31,1,DESCONOCIDA
647101,2016-01-01,2016-01-01,1,DESCONOCIDA
647101,2015-01-01,2016-12-31,2,GERENCIA FINANCIERA
647101,2017-01-01,2018-12-31,2,DESCONOCIDA
647101,2019-01-01,,28,GERENCIA FINANCIERA
647104,2013-11-18,2014-12-31,1,DESCONOCIDA
647104,2016-01-01,2016-01-01,1,DESCONOCIDA
647104,2015-01-01,2016-12-31,2,GERENCIA DE COMUNICACIÓN SOCIAL Y ASUNTOS PÚBLICOS
647104,2019-01-01,2020-12-31,2,GERENCIA DE COMUNICACIÓN SOCIAL Y ASUNTOS PÚBLICOS
647104,2021-12-17,2021-12-17,1,GERENCIA DE COMUNICACIÓN SOCIAL Y ASUNTOS PÚBLICOS
647104,2021-12-20,2021-12-22,1,GERENCIA DE COMUNICACIÓN SOCIAL Y ASUNTOS PÚBLICOS
647104,2022-02-25,2022-02-25,1,GERENCIA DE COMUNICACIÓN SOCIAL Y ASUNTOS PÚBLICOS
647104,2022-03-24,2022-03-24,1,GERENCIA DE COMUNICACIÓN SOCIAL Y ASUNTOS PÚBLICOS
647104,2022-04-28,2022-04-28,1,GERENCIA DE COMUNICACIÓN SOCIAL Y ASUNTOS PÚBLICOS
647104,2022-05-05,2022-05-11,2,GERENCIA DE COMUNICACIÓN SOCIAL Y ASUNTOS PÚBLICOS
647104,2022-07-11,2022-07-13,1,GERENCIA DE COMUNICACIÓN SOCIAL Y ASUNTOS PÚBLICOS
647104,2022-09-22,2022-09-23,1,GERENCIA DE COMUNICACIÓN SOCIAL Y ASUNTOS PÚBLICOS
647104,2017-01-01,2018-12-31,2,DESCONOCIDA
647104,2022-10-07,2022-10-07,1,GERENCIA DE COMUNICACIÓN SOCIAL Y ASUNTOS PÚBLICOS
647104,2021-01-01,,20,GERENCIA DE COMUNICACIÓN
647105,2013-11-18,2014-12-31,1,DESCONOCIDA
647105,2015-01-01,2016-01-01,2,CENTRO DE INFORMACIÓN BIBLIOTECARIA
647105,2016-01-01,2016-12-31,1,DESCONOCIDA
647105,2017-01-01,,48,CENTRO DE INFORMACIÓN BIBLIOTECARIA
647106,2013-11-18,2015-12-31,2,DESCONOCIDA
647106,2016-01-01,2016-12-31,1,DIRECCIÓN DE SERVICIOS GENERALES
647106,2017-01-01,2018-12-31,2,DESCONOCIDA
647106,2019-01-01,2023-01-31,10,DIRECCIÓN DE SERVICIOS GENERALES
647109,2013-11-18,2015-12-31,2,DESCONOCIDA
647109,2016-01-01,2016-12-31,1,FACULTAD DE INGENIERÍA EN ELECTRICIDAD Y COMPUTACIÓN
647109,2017-01-01,2018-12-31,2,DESCONOCIDA
647109,2019-01-01,,14,FACULTAD DE INGENIERÍA EN ELECTRICIDAD Y COMPUTACIÓN
647120,2015-01-01,2017-05-01,3,DESCONOCIDA
647120,2017-05-16,2018-05-15,1,GERENCIA FINANCIERA
647120,2019-05-21,2020-04-20,2,DIRECCIÓN DE ADQUISICIONES Y SUMINISTROS
647125,2013-11-18,2014-12-31,1,DESCONOCIDA
647125,2016-01-01,2016-01-01,1,DESCONOCIDA
647125,2015-01-01,2016-12-31,2,DIRECCIÓN DE TALENTO HUMANO
647125,2017-01-01,2018-12-31,2,DESCONOCIDA
647125,2019-01-01,,17,DIRECCIÓN DE TALENTO HUMANO
647169,2013-12-01,2015-12-31,2,DESCONOCIDA
647169,2016-01-01,2016-12-31,1,FACULTAD DE INGENIERÍA MECÁNICA Y CIENCIAS DE LA PRODUCCIÓN
647169,2017-01-01,2018-12-31,2,DESCONOCIDA
647169,2019-01-01,2026-03-05,17,FACULTAD DE INGENIERÍA MECÁNICA Y CIENCIAS DE LA PRODUCCIÓN
647170,2015-01-01,2015-12-31,1,DESCONOCIDA
647170,2017-01-01,2018-12-31,2,DESCONOCIDA
647170,2016-01-01,2016-12-31,1,"FACULTAD DE INGENIERIA MARÍTIMA, CIENCIAS BIOLÓGICAS, OCEÁNICAS Y RECURSOS NATURALES"
647170,2019-01-01,2020-02-13,2,DIRECCIÓN DE SERVICIOS GENERALES
647206,2014-03-01,2016-03-01,2,DESCONOCIDA
647206,2016-03-01,2016-12-31,1,FACULTAD DE CIENCIAS SOCIALES Y HUMANÍSTICAS
647206,2017-01-01,2018-12-31,2,DESCONOCIDA
647206,2019-01-01,,12,FACULTAD DE CIENCIAS SOCIALES Y HUMANÍSTICAS
647234,2025-06-16,,3,CENTRO DE INVESTIGACIÓN Y PROYECTOS APLICADOS A LAS CIENCIAS DE LA TIERRA
647259,2014-02-01,2015-12-31,2,DESCONOCIDA
647259,2016-01-01,2016-12-31,1,GERENCIA DE COMUNICACIÓN SOCIAL Y ASUNTOS PÚBLICOS
647259,2019-01-01,2022-12-31,4,GERENCIA DE COMUNICACIÓN SOCIAL Y ASUNTOS PÚBLICOS
647259,2023-03-07,2023-03-10,1,GERENCIA DE COMUNICACIÓN SOCIAL Y ASUNTOS PÚBLICOS
647259,2023-03-23,2023-03-23,1,GERENCIA DE COMUNICACIÓN SOCIAL Y ASUNTOS PÚBLICOS
647259,2023-06-16,2023-06-16,1,GERENCIA DE COMUNICACIÓN SOCIAL Y ASUNTOS PÚBLICOS
647259,2023-09-28,2023-09-28,1,GERENCIA DE COMUNICACIÓN SOCIAL Y ASUNTOS PÚBLICOS
647259,2017-01-01,2018-12-31,2,DESCONOCIDA
647259,2023-12-26,2023-12-29,1,GERENCIA DE COMUNICACIÓN SOCIAL Y ASUNTOS PÚBLICOS
647259,2023-01-01,,15,GERENCIA DE COMUNICACIÓN
647308,2015-01-01,2015-12-31,1,DECANATO DE GRADO
647308,2014-05-12,2016-12-31,4,DESCONOCIDA
647308,2023-05-15,,8,DECANATO DE GRADO
647308,2017-01-01,2019-02-22,3,FACULTAD DE CIENCIAS SOCIALES Y HUMANÍSTICAS
647308,2019-02-23,2019-09-29,1,VICERRECTORADO ACADÉMICO
647358,2017-01-01,2018-04-03,3,CENTRO DE TECNOLOGÍAS DE LA INFORMACIÓN
647358,2014-02-01,2016-12-31,3,DESCONOCIDA
647358,2019-01-01,2020-07-31,4,CENTRO DE TECNOLOGÍAS DE LA INFORMACIÓN
647358,2020-08-01,,37,CENTRO DE INVESTIGACIONES Y SERVICIOS EDUCATIVOS
647364,2015-05-11,2017-03-31,4,DESCONOCIDA
647432,2019-06-19,2019-06-21,1,DIRECCIÓN DE TALENTO HUMANO
647432,2019-10-03,2019-10-10,1,DIRECCIÓN DE TALENTO HUMANO
647432,2020-02-17,2020-02-21,1,DIRECCIÓN DE TALENTO HUMANO
647432,2021-09-27,2021-10-06,1,DIRECCIÓN DE TALENTO HUMANO
647432,2021-12-01,2022-10-10,7,DIRECCIÓN DE TALENTO HUMANO
647432,2014-04-01,2021-11-30,11,DESCONOCIDA
647432,2018-03-15,2018-03-29,1,UNIDAD DE BIENESTAR ESTUDIANTIL Y POLITÉCNICO
647432,2018-10-03,2019-08-19,1,VICERRECTORADO ACADÉMICO
647432,2023-08-11,2023-08-11,1,DIRECCIÓN DE TALENTO HUMANO
647432,2022-10-11,,34,DIRECCIÓN DE SEGURIDAD Y SALUD OCUPACIONAL
647469,2016-08-01,2016-12-31,1,CENTRO NACIONAL DE ACUICULTURA E INVESTIGACIONES MARINAS
647469,2017-01-03,2017-12-31,1,CENTRO NACIONAL DE ACUICULTURA E INVESTIGACIONES MARINAS
647469,2019-01-01,2023-03-10,18,CENTRO NACIONAL DE ACUICULTURA E INVESTIGACIONES MARINAS
647469,2023-06-02,2023-06-02,1,CENTRO NACIONAL DE ACUICULTURA E INVESTIGACIONES MARINAS
647469,2023-07-07,2023-07-07,1,CENTRO NACIONAL DE ACUICULTURA E INVESTIGACIONES MARINAS
647469,2023-07-26,2023-07-28,1,CENTRO NACIONAL DE ACUICULTURA E INVESTIGACIONES MARINAS
647469,2023-07-31,2023-07-31,1,CENTRO NACIONAL DE ACUICULTURA E INVESTIGACIONES MARINAS
647469,2023-08-04,2023-08-04,1,CENTRO NACIONAL DE ACUICULTURA E INVESTIGACIONES MARINAS
647469,2023-09-01,2023-09-01,1,CENTRO NACIONAL DE ACUICULTURA E INVESTIGACIONES MARINAS
647469,2023-10-16,2023-10-16,1,CENTRO NACIONAL DE ACUICULTURA E INVESTIGACIONES MARINAS
647469,2023-11-24,2023-11-24,1,CENTRO NACIONAL DE ACUICULTURA E INVESTIGACIONES MARINAS
647469,2023-12-01,2023-12-08,2,CENTRO NACIONAL DE ACUICULTURA E INVESTIGACIONES MARINAS
647469,2024-03-20,2024-03-20,1,CENTRO NACIONAL DE ACUICULTURA E INVESTIGACIONES MARINAS
647469,2024-04-01,2024-04-05,1,CENTRO NACIONAL DE ACUICULTURA E INVESTIGACIONES MARINAS
647469,2024-08-23,2024-08-30,1,CENTRO NACIONAL DE ACUICULTURA E INVESTIGACIONES MARINAS
647469,2024-10-04,2024-10-10,1,CENTRO NACIONAL DE ACUICULTURA E INVESTIGACIONES MARINAS
647469,2025-02-03,2025-02-07,1,CENTRO NACIONAL DE ACUICULTURA E INVESTIGACIONES MARINAS
647469,2025-03-19,2025-03-20,1,CENTRO NACIONAL DE ACUICULTURA E INVESTIGACIONES MARINAS
647469,2025-07-02,2025-07-21,1,CENTRO NACIONAL DE ACUICULTURA E INVESTIGACIONES MARINAS
647469,2025-09-16,2025-09-19,1,CENTRO NACIONAL DE ACUICULTURA E INVESTIGACIONES MARINAS
647469,2026-04-09,2026-04-09,1,CENTRO NACIONAL DE ACUICULTURA E INVESTIGACIONES MARINAS
647469,2026-04-20,2026-04-24,1,CENTRO NACIONAL DE ACUICULTURA E INVESTIGACIONES MARINAS
647469,2026-05-20,2026-05-20,1,CENTRO NACIONAL DE ACUICULTURA E INVESTIGACIONES MARINAS
647469,2026-05-27,2026-05-27,1,CENTRO NACIONAL DE ACUICULTURA E INVESTIGACIONES MARINAS
647469,2026-06-09,2026-06-09,1,CENTRO NACIONAL DE ACUICULTURA E INVESTIGACIONES MARINAS
647469,2026-06-17,2026-06-17,1,CENTRO NACIONAL DE ACUICULTURA E INVESTIGACIONES MARINAS
647469,2026-07-10,2026-07-17,1,CENTRO NACIONAL DE ACUICULTURA E INVESTIGACIONES MARINAS
647469,2014-04-01,2016-07-31,3,DESCONOCIDA
647469,2026-08-31,,1,CENTRO NACIONAL DE ACUICULTURA E INVESTIGACIONES MARINAS
647470,2014-04-01,2014-12-31,1,DESCONOCIDA
647470,2015-04-22,2015-05-06,1,DESCONOCIDA
647470,2015-12-21,2015-12-31,2,DESCONOCIDA
647470,2016-04-18,2016-05-02,1,DESCONOCIDA
647470,2017-03-27,2017-04-25,1,DESCONOCIDA
647470,2015-01-01,2022-10-31,14,GERENCIA DE COMUNICACIÓN SOCIAL Y ASUNTOS PÚBLICOS
647470,2022-12-27,2023-01-04,1,GERENCIA DE COMUNICACIÓN SOCIAL Y ASUNTOS PÚBLICOS
647470,2019-09-25,2019-09-30,1,DESCONOCIDA
647470,2023-03-01,2023-03-17,1,GERENCIA DE COMUNICACIÓN SOCIAL Y ASUNTOS PÚBLICOS
647470,2022-11-01,,31,GERENCIA DE COMUNICACIÓN
647524,2025-03-05,,5,DECANATO DE GRADO
647678,2023-09-01,,14,FACULTAD DE INGENIERÍA MECÁNICA Y CIENCIAS DE LA PRODUCCIÓN
647711,2023-01-09,2024-05-31,5,"FACULTAD DE ARTE, DISEÑO Y COMUNICACIÓN AUDIOVISUAL"
647747,2020-09-01,2025-12-31,30,CENTRO DE INVESTIGACIONES Y SERVICIOS EDUCATIVOS
647813,2023-10-03,2023-12-31,2,"FACULTAD DE ARTE, DISEÑO Y COMUNICACIÓN AUDIOVISUAL"
647831,2023-03-01,2023-12-31,2,DECANATO DE INVESTIGACIÓN
647862,2021-11-04,2023-09-23,13,FACULTAD DE INGENIERÍA MECÁNICA Y CIENCIAS DE LA PRODUCCIÓN
647873,2023-10-10,2024-02-18,3,FACULTAD DE CIENCIAS NATURALES Y MATEMÁTICAS
647955,2024-06-03,2025-12-31,5,FACULTAD DE INGENIERÍA EN CIENCIAS DE LA TIERRA
647955,2026-06-01,,1,FACULTAD DE INGENIERÍA MECÁNICA Y CIENCIAS DE LA PRODUCCIÓN
647957,2023-07-25,2023-12-31,2,"VICERRECTORADO DE INVESTIGACIÓN, DESARROLLO E INNOVACIÓN"
647957,2024-11-15,2024-12-31,1,FACULTAD DE CIENCIAS DE LA VIDA
647968,2022-05-24,2022-09-23,1,FACULTAD DE CIENCIAS DE LA VIDA
647968,2022-09-26,2022-12-31,2,FACULTAD DE CIENCIAS DE LA VIDA
648005,2021-05-17,,22,FACULTAD DE INGENIERÍA MECÁNICA Y CIENCIAS DE LA PRODUCCIÓN
648036,2022-11-07,2024-02-16,6,FACULTAD DE INGENIERÍA MARÍTIMA Y CIENCIAS DEL MAR
648047,2020-10-01,2020-12-31,1,DESCONOCIDA
648047,2021-01-01,2025-05-08,17,FACULTAD DE INGENIERÍA EN ELECTRICIDAD Y COMPUTACIÓN
648047,2025-10-03,2025-12-31,1,CENTRO DE TECNOLOGÍAS DE LA INFORMACIÓN
648076,2021-06-09,2023-12-31,6,FACULTAD DE CIENCIAS SOCIALES Y HUMANÍSTICAS
648129,2019-07-01,,23,FACULTAD DE INGENIERÍA EN ELECTRICIDAD Y COMPUTACIÓN
648247,2023-10-03,2023-12-31,2,FACULTAD DE INGENIERÍA EN CIENCIAS DE LA TIERRA
648262,2023-08-07,2023-12-31,2,FACULTAD DE INGENIERÍA EN CIENCIAS DE LA TIERRA
648265,2023-03-01,2023-12-31,2,DECANATO DE INVESTIGACIÓN
648267,2019-11-15,2019-12-15,1,UNIDAD DE VINCULACIÓN CON LA SOCIEDAD
648267,2025-05-26,,4,FACULTAD DE CIENCIAS NATURALES Y MATEMÁTICAS
648282,2022-01-03,2023-06-30,3,CENTRO DE INVESTIGACIONES BIOTECNOLÓGICAS DEL ECUADOR
648427,2022-11-07,2024-02-16,6,FACULTAD DE INGENIERÍA MARÍTIMA Y CIENCIAS DEL MAR
648427,2024-02-19,2025-02-14,7,FACULTAD DE INGENIERÍA MARÍTIMA Y CIENCIAS DEL MAR
648455,2022-04-01,,15,CENTRO NACIONAL DE ACUICULTURA E INVESTIGACIONES MARINAS
648513,2023-09-20,2023-12-31,1,DIRECCIÓN DE ADMISIONES
648569,2022-08-01,2023-09-01,6,FACULTAD DE INGENIERÍA MECÁNICA Y CIENCIAS DE LA PRODUCCIÓN
648615,2016-01-01,2017-12-31,2,FACULTAD DE CIENCIAS SOCIALES Y HUMANÍSTICAS
648615,2018-01-01,2018-12-31,3,ESCUELA DE DISEÑO Y COMUNICACIÓN VISUAL
648615,2019-01-24,2019-05-05,2,"FACULTAD DE ARTE, DISEÑO Y COMUNICACIÓN AUDIOVISUAL"
648615,2020-01-01,2020-09-30,3,"FACULTAD DE ARTE, DISEÑO Y COMUNICACIÓN AUDIOVISUAL"
648615,2014-05-12,2015-12-01,4,DESCONOCIDA
648615,2019-01-01,2019-01-23,1,FACULTAD DE CIENCIAS SOCIALES Y HUMANÍSTICAS
648615,2019-05-06,2019-12-31,2,ESCUELA DE DISEÑO Y COMUNICACIÓN VISUAL
648615,2020-10-12,2023-09-22,9,"FACULTAD DE ARTE, DISEÑO Y COMUNICACIÓN AUDIOVISUAL"
648616,2014-05-12,2014-12-31,3,DESCONOCIDA
648616,2016-08-01,2016-08-05,1,FACULTAD DE CIENCIAS SOCIALES Y HUMANÍSTICAS
648616,2016-11-25,2016-12-03,1,FACULTAD DE CIENCIAS SOCIALES Y HUMANÍSTICAS
648616,2016-05-02,2016-12-31,1,DESCONOCIDA
648616,2017-01-01,2019-12-31,4,FACULTAD DE CIENCIAS SOCIALES Y HUMANÍSTICAS
648616,2020-01-01,2020-09-30,3,DECANATO DE GRADO
648617,2014-05-12,2014-09-30,1,DESCONOCIDA
648617,2014-10-01,2015-12-31,1,FACULTAD DE INGENIERÍA MECÁNICA Y CIENCIAS DE LA PRODUCCIÓN
648617,2016-01-01,2016-07-31,1,DESCONOCIDA
648617,2016-08-01,,20,FACULTAD DE INGENIERÍA MECÁNICA Y CIENCIAS DE LA PRODUCCIÓN
648623,2014-10-01,2016-07-31,3,DESCONOCIDA
648623,2016-08-01,,41,FACULTAD DE CIENCIAS DE LA VIDA
648638,2014-05-12,2014-12-31,2,DESCONOCIDA
648638,2015-01-01,2016-06-11,1,FACULTAD DE CIENCIAS SOCIALES Y HUMANÍSTICAS
648638,2016-06-12,2016-12-31,1,DESCONOCIDA
648638,2017-01-01,2019-02-22,3,FACULTAD DE CIENCIAS SOCIALES Y HUMANÍSTICAS
648638,2019-02-23,2020-02-21,2,VICERRECTORADO ACADÉMICO
648638,2020-02-22,2020-05-17,1,DECANATO DE GRADO
648639,2014-05-12,2014-12-31,2,DESCONOCIDA
648639,2015-10-01,2015-12-31,1,FACULTAD DE CIENCIAS SOCIALES Y HUMANÍSTICAS
648639,2016-01-01,2017-12-31,2,DESCONOCIDA
648639,2015-05-11,2015-09-30,1,ESCUELA DE DISEÑO Y COMUNICACIÓN VISUAL
648639,2018-01-01,2019-12-31,3,FACULTAD DE CIENCIAS SOCIALES Y HUMANÍSTICAS
648639,2020-01-01,2020-02-21,1,VICERRECTORADO ACADÉMICO
648642,2014-05-12,2014-12-31,1,DESCONOCIDA
648642,2015-01-01,2016-12-31,2,DIRECCIÓN DE ADMISIONES
648642,2017-01-01,2017-03-31,2,DESCONOCIDA
648642,2017-04-01,,45,DIRECCIÓN DE ADMISIONES
648667,2019-09-30,2025-11-14,19,FACULTAD DE INGENIERÍA EN ELECTRICIDAD Y COMPUTACIÓN
648694,2014-05-12,2016-07-31,3,DESCONOCIDA
648694,2016-08-01,2019-01-23,2,ESCUELA DE DISEÑO Y COMUNICACIÓN VISUAL
648694,2019-01-24,,19,"FACULTAD DE ARTE, DISEÑO Y COMUNICACIÓN AUDIOVISUAL"
648710,2016-10-01,2016-12-31,1,DESCONOCIDA
648710,2017-01-01,2024-02-16,16,FACULTAD DE CIENCIAS SOCIALES Y HUMANÍSTICAS
648757,2014-05-10,2014-12-31,1,DESCONOCIDA
648757,2020-02-01,2020-02-01,1,DESCONOCIDA
648757,2015-01-01,2017-11-13,4,VICERRECTORADO ACADÉMICO
648757,2017-11-13,2020-01-31,1,GERENCIA JURÍDICA
648757,2020-02-01,,37,RECTORADO
648765,2014-06-01,2015-12-02,2,DESCONOCIDA
648765,2015-12-02,,68,CENTRO NACIONAL DE ACUICULTURA E INVESTIGACIONES MARINAS
648775,2024-11-20,2024-12-31,1,FACULTAD DE CIENCIAS NATURALES Y MATEMÁTICAS
648778,2023-04-24,2024-10-18,3,FACULTAD DE INGENIERÍA MARÍTIMA Y CIENCIAS DEL MAR
648778,2026-04-02,,1,DIRECCIÓN DE ADMISIONES
648810,2023-10-03,2023-12-31,1,FACULTAD DE CIENCIAS DE LA VIDA
648841,2023-03-01,2023-05-31,1,DECANATO DE INVESTIGACIÓN
648866,2015-01-01,2016-07-01,3,GERENCIA DE TECNOLOGÍAS Y SISTEMAS DE INFORMACIÓN
648866,2014-07-01,2014-12-31,1,DESCONOCIDA
648866,2016-10-01,,44,GERENCIA DE TECNOLOGÍAS Y SISTEMAS DE INFORMACIÓN
648866,2016-07-01,2016-09-30,1,SUBGERENCIA DE SERVICIOS INFORMÁTICOS
648983,2014-07-14,2014-12-31,1,DESCONOCIDA
648983,2015-01-01,2015-10-31,1,"FACULTAD DE ARTE, DISEÑO Y COMUNICACIÓN AUDIOVISUAL"
648983,2015-11-01,2016-04-30,1,ESCUELA DE DISEÑO Y COMUNICACIÓN VISUAL
648983,2016-05-01,2016-07-31,2,DESCONOCIDA
648983,2018-03-12,2018-04-04,1,ESCUELA DE DISEÑO Y COMUNICACIÓN VISUAL
648983,2019-02-05,2019-04-29,1,ESCUELA DE DISEÑO Y COMUNICACIÓN VISUAL
648983,2019-01-24,2021-11-30,1,DESCONOCIDA
648983,2016-08-01,,24,"FACULTAD DE ARTE, DISEÑO Y COMUNICACIÓN AUDIOVISUAL"
648983,2019-06-24,2019-06-26,1,ESCUELA DE DISEÑO Y COMUNICACIÓN VISUAL
649043,2023-01-03,,14,DIRECCIÓN DE SERVICIOS GENERALES
649047,2015-05-11,2015-10-02,1,FACULTAD DE CIENCIAS SOCIALES Y HUMANÍSTICAS
649047,2017-04-10,2019-12-31,4,FACULTAD DE CIENCIAS SOCIALES Y HUMANÍSTICAS
649047,2017-06-03,2017-06-17,1,CENTRO DE INVESTIGACIONES Y SERVICIOS EDUCATIVOS
649047,2020-01-01,2020-09-30,3,DECANATO DE GRADO
649051,2014-08-01,2015-12-31,1,DESCONOCIDA
649051,2016-01-01,2016-12-31,1,CENTRO NACIONAL DE ACUICULTURA E INVESTIGACIONES MARINAS
649051,2017-01-01,2018-12-31,2,DESCONOCIDA
649051,2019-01-01,,21,CENTRO NACIONAL DE ACUICULTURA E INVESTIGACIONES MARINAS
649060,2014-08-11,2015-12-31,2,DESCONOCIDA
649137,2014-08-01,2016-07-31,2,DESCONOCIDA
649137,2016-08-01,2016-10-31,1,FACULTAD DE CIENCIAS SOCIALES Y HUMANÍSTICAS
649137,2016-11-01,2017-01-31,2,DESCONOCIDA
649137,2017-02-01,,22,FACULTAD DE CIENCIAS SOCIALES Y HUMANÍSTICAS
649148,2015-01-01,2023-02-17,16,CENTRO NACIONAL DE ACUICULTURA E INVESTIGACIONES MARINAS
649148,2023-03-13,2023-03-17,1,CENTRO NACIONAL DE ACUICULTURA E INVESTIGACIONES MARINAS
649148,2023-06-09,2023-06-09,1,CENTRO NACIONAL DE ACUICULTURA E INVESTIGACIONES MARINAS
649148,2023-08-17,2023-08-17,1,CENTRO NACIONAL DE ACUICULTURA E INVESTIGACIONES MARINAS
649148,2023-08-21,2023-08-21,1,CENTRO NACIONAL DE ACUICULTURA E INVESTIGACIONES MARINAS
649148,2023-09-18,2023-09-29,2,CENTRO NACIONAL DE ACUICULTURA E INVESTIGACIONES MARINAS
649148,2023-11-07,2023-11-10,1,CENTRO NACIONAL DE ACUICULTURA E INVESTIGACIONES MARINAS
649148,2023-12-22,2023-12-22,1,CENTRO NACIONAL DE ACUICULTURA E INVESTIGACIONES MARINAS
649148,2024-01-02,2024-01-02,1,CENTRO NACIONAL DE ACUICULTURA E INVESTIGACIONES MARINAS
649148,2024-02-14,2024-02-16,1,CENTRO NACIONAL DE ACUICULTURA E INVESTIGACIONES MARINAS
649148,2024-03-07,2024-03-15,1,CENTRO NACIONAL DE ACUICULTURA E INVESTIGACIONES MARINAS
649148,2024-04-08,2024-04-12,1,CENTRO NACIONAL DE ACUICULTURA E INVESTIGACIONES MARINAS
649148,2024-06-21,2024-06-24,1,CENTRO NACIONAL DE ACUICULTURA E INVESTIGACIONES MARINAS
649148,2024-09-16,2024-09-20,1,CENTRO NACIONAL DE ACUICULTURA E INVESTIGACIONES MARINAS
649148,2024-11-18,2024-11-22,1,CENTRO NACIONAL DE ACUICULTURA E INVESTIGACIONES MARINAS
649148,2024-12-26,2024-12-31,1,CENTRO NACIONAL DE ACUICULTURA E INVESTIGACIONES MARINAS
649148,2025-01-13,2025-01-13,1,CENTRO NACIONAL DE ACUICULTURA E INVESTIGACIONES MARINAS
649148,2025-03-05,2025-03-14,1,CENTRO NACIONAL DE ACUICULTURA E INVESTIGACIONES MARINAS
649148,2025-06-17,2025-06-18,1,CENTRO NACIONAL DE ACUICULTURA E INVESTIGACIONES MARINAS
649148,2025-07-11,2025-07-11,1,CENTRO NACIONAL DE ACUICULTURA E INVESTIGACIONES MARINAS
649148,2025-09-15,2025-09-19,1,CENTRO NACIONAL DE ACUICULTURA E INVESTIGACIONES MARINAS
649148,2025-12-26,2025-12-31,1,CENTRO NACIONAL DE ACUICULTURA E INVESTIGACIONES MARINAS
649148,2026-02-25,2026-02-27,1,CENTRO NACIONAL DE ACUICULTURA E INVESTIGACIONES MARINAS
649148,2026-03-05,2026-03-13,1,CENTRO NACIONAL DE ACUICULTURA E INVESTIGACIONES MARINAS
649148,2026-03-22,2026-03-24,1,CENTRO NACIONAL DE ACUICULTURA E INVESTIGACIONES MARINAS
649148,2026-04-10,2026-04-10,1,CENTRO NACIONAL DE ACUICULTURA E INVESTIGACIONES MARINAS
649148,2026-04-23,2026-04-23,1,CENTRO NACIONAL DE ACUICULTURA E INVESTIGACIONES MARINAS
649148,2026-05-11,2026-05-11,1,CENTRO NACIONAL DE ACUICULTURA E INVESTIGACIONES MARINAS
649148,2026-06-15,2026-06-15,1,CENTRO NACIONAL DE ACUICULTURA E INVESTIGACIONES MARINAS
649148,2026-07-13,2026-07-14,1,CENTRO NACIONAL DE ACUICULTURA E INVESTIGACIONES MARINAS
649148,2026-08-24,2026-08-27,1,CENTRO NACIONAL DE ACUICULTURA E INVESTIGACIONES MARINAS
649148,2014-10-01,2014-12-31,1,DESCONOCIDA
649148,2026-08-29,,2,CENTRO NACIONAL DE ACUICULTURA E INVESTIGACIONES MARINAS
649157,2014-09-15,2014-12-31,1,DESCONOCIDA
649157,2015-01-01,2015-09-14,1,CENTRO DE INVESTIGACIONES BIOTECNOLÓGICAS DEL ECUADOR
649157,2015-09-15,2019-12-31,5,DESCONOCIDA
649157,2020-01-01,,26,CENTRO DE INVESTIGACIONES BIOTECNOLÓGICAS DEL ECUADOR
649184,2014-10-01,2016-07-31,2,DESCONOCIDA
649184,2016-08-01,2021-12-30,11,FACULTAD DE INGENIERÍA MECÁNICA Y CIENCIAS DE LA PRODUCCIÓN
649184,2022-03-07,2022-03-25,1,FACULTAD DE INGENIERÍA MECÁNICA Y CIENCIAS DE LA PRODUCCIÓN
649184,2022-07-14,2022-08-05,1,FACULTAD DE INGENIERÍA MECÁNICA Y CIENCIAS DE LA PRODUCCIÓN
649184,2022-12-27,2022-12-30,1,FACULTAD DE INGENIERÍA MECÁNICA Y CIENCIAS DE LA PRODUCCIÓN
649184,2023-03-01,2023-03-31,1,FACULTAD DE INGENIERÍA MECÁNICA Y CIENCIAS DE LA PRODUCCIÓN
649184,2023-06-15,2023-08-31,1,FACULTAD DE INGENIERÍA MECÁNICA Y CIENCIAS DE LA PRODUCCIÓN
649184,2023-09-04,2023-12-29,2,FACULTAD DE INGENIERÍA MECÁNICA Y CIENCIAS DE LA PRODUCCIÓN
649184,2024-03-18,2024-04-05,1,FACULTAD DE INGENIERÍA MECÁNICA Y CIENCIAS DE LA PRODUCCIÓN
649184,2024-07-29,2024-08-16,1,FACULTAD DE INGENIERÍA MECÁNICA Y CIENCIAS DE LA PRODUCCIÓN
649184,2024-12-23,2024-12-31,1,FACULTAD DE INGENIERÍA MECÁNICA Y CIENCIAS DE LA PRODUCCIÓN
649184,2025-01-28,2025-01-30,1,FACULTAD DE INGENIERÍA MECÁNICA Y CIENCIAS DE LA PRODUCCIÓN
649184,2025-02-17,2025-03-14,1,FACULTAD DE INGENIERÍA MECÁNICA Y CIENCIAS DE LA PRODUCCIÓN
649184,2025-04-23,2025-04-24,1,FACULTAD DE INGENIERÍA MECÁNICA Y CIENCIAS DE LA PRODUCCIÓN
649184,2025-04-26,2025-05-01,1,FACULTAD DE INGENIERÍA MECÁNICA Y CIENCIAS DE LA PRODUCCIÓN
649184,2025-08-21,2025-09-05,1,FACULTAD DE INGENIERÍA MECÁNICA Y CIENCIAS DE LA PRODUCCIÓN
649184,2025-09-23,2025-09-25,1,FACULTAD DE INGENIERÍA MECÁNICA Y CIENCIAS DE LA PRODUCCIÓN
649184,2025-11-25,2025-11-27,1,FACULTAD DE INGENIERÍA MECÁNICA Y CIENCIAS DE LA PRODUCCIÓN
649184,2025-12-26,2025-12-31,1,FACULTAD DE INGENIERÍA MECÁNICA Y CIENCIAS DE LA PRODUCCIÓN
649184,2026-01-27,2026-01-30,1,FACULTAD DE INGENIERÍA MECÁNICA Y CIENCIAS DE LA PRODUCCIÓN
649184,2026-03-30,2026-04-02,1,FACULTAD DE INGENIERÍA MECÁNICA Y CIENCIAS DE LA PRODUCCIÓN
649184,2026-04-13,2026-04-17,1,FACULTAD DE INGENIERÍA MECÁNICA Y CIENCIAS DE LA PRODUCCIÓN
649184,2026-04-26,2026-04-30,1,FACULTAD DE INGENIERÍA MECÁNICA Y CIENCIAS DE LA PRODUCCIÓN
649184,2026-05-16,2026-05-21,1,FACULTAD DE INGENIERÍA MECÁNICA Y CIENCIAS DE LA PRODUCCIÓN
649184,2026-08-06,2026-08-07,1,FACULTAD DE INGENIERÍA MECÁNICA Y CIENCIAS DE LA PRODUCCIÓN
649184,2026-08-24,2026-08-28,1,FACULTAD DE INGENIERÍA MECÁNICA Y CIENCIAS DE LA PRODUCCIÓN
649184,2018-07-16,2018-07-18,1,DESCONOCIDA
649184,2026-08-31,,1,FACULTAD DE INGENIERÍA MECÁNICA Y CIENCIAS DE LA PRODUCCIÓN
649184,2026-03-02,2026-03-03,1,DECANATO DE INVESTIGACIÓN
649206,2014-10-20,2015-03-13,1,DESCONOCIDA
649206,2017-01-01,2017-03-31,1,DESCONOCIDA
649206,2017-04-01,2017-12-31,1,"FACULTAD DE INGENIERIA MARÍTIMA, CIENCIAS BIOLÓGICAS, OCEÁNICAS Y RECURSOS NATURALES"
649206,2015-05-01,2016-12-31,1,FACULTAD DE INGENIERÍA MARÍTIMA Y CIENCIAS DEL MAR
649206,2018-01-01,2018-12-31,1,DESCONOCIDA
649206,2019-01-24,2021-12-31,6,FACULTAD DE INGENIERÍA MARÍTIMA Y CIENCIAS DEL MAR
649206,2019-01-01,2019-01-23,1,"FACULTAD DE INGENIERIA MARÍTIMA, CIENCIAS BIOLÓGICAS, OCEÁNICAS Y RECURSOS NATURALES"
649207,2015-09-01,2016-12-31,1,DESCONOCIDA
649207,2017-01-01,,30,FACULTAD DE CIENCIAS DE LA VIDA
649239,2021-08-01,2025-12-30,14,ESCUELA DE POSTGRADO EN ADMINISTRACIÓN DE EMPRESAS
649239,2026-03-09,2026-04-01,1,ESCUELA DE POSTGRADO EN ADMINISTRACIÓN DE EMPRESAS
649239,2026-08-17,2026-08-21,1,ESCUELA DE POSTGRADO EN ADMINISTRACIÓN DE EMPRESAS
649239,2026-08-31,,2,ESCUELA DE POSTGRADO EN ADMINISTRACIÓN DE EMPRESAS
649245,2014-10-20,2015-12-31,1,FACULTAD DE INGENIERÍA MECÁNICA Y CIENCIAS DE LA PRODUCCIÓN
649245,2017-01-01,2022-04-14,11,FACULTAD DE INGENIERÍA MECÁNICA Y CIENCIAS DE LA PRODUCCIÓN
649245,2022-05-26,2022-06-30,2,FACULTAD DE INGENIERÍA MECÁNICA Y CIENCIAS DE LA PRODUCCIÓN
649245,2022-09-22,2022-10-04,1,FACULTAD DE INGENIERÍA MECÁNICA Y CIENCIAS DE LA PRODUCCIÓN
649245,2022-12-27,2022-12-30,1,FACULTAD DE INGENIERÍA MECÁNICA Y CIENCIAS DE LA PRODUCCIÓN
649245,2023-03-06,2023-03-23,1,FACULTAD DE INGENIERÍA MECÁNICA Y CIENCIAS DE LA PRODUCCIÓN
649245,2023-12-26,2023-12-29,1,FACULTAD DE INGENIERÍA MECÁNICA Y CIENCIAS DE LA PRODUCCIÓN
649245,2024-02-01,2024-06-30,1,FACULTAD DE INGENIERÍA MECÁNICA Y CIENCIAS DE LA PRODUCCIÓN
649245,2024-09-16,2024-10-04,1,FACULTAD DE INGENIERÍA MECÁNICA Y CIENCIAS DE LA PRODUCCIÓN
649245,2024-11-18,2024-11-22,1,FACULTAD DE INGENIERÍA MECÁNICA Y CIENCIAS DE LA PRODUCCIÓN
649245,2024-12-26,2024-12-31,1,FACULTAD DE INGENIERÍA MECÁNICA Y CIENCIAS DE LA PRODUCCIÓN
649245,2025-02-17,2025-03-16,1,FACULTAD DE INGENIERÍA MECÁNICA Y CIENCIAS DE LA PRODUCCIÓN
649245,2025-10-06,,2,FACULTAD DE INGENIERÍA MECÁNICA Y CIENCIAS DE LA PRODUCCIÓN
649245,2016-01-01,2016-12-31,1,DESCONOCIDA
649255,2015-10-01,,27,FACULTAD DE INGENIERÍA EN ELECTRICIDAD Y COMPUTACIÓN
649260,2014-10-06,2015-03-13,1,DESCONOCIDA
649260,2016-11-26,2016-11-26,1,FACULTAD DE CIENCIAS SOCIALES Y HUMANÍSTICAS
649260,2016-04-04,2016-12-31,1,DESCONOCIDA
649260,2018-01-01,2019-12-31,2,FACULTAD DE CIENCIAS SOCIALES Y HUMANÍSTICAS
649260,2017-01-01,2017-12-31,1,CENTRO DE INVESTIGACIONES Y SERVICIOS EDUCATIVOS
649260,2020-01-01,2025-05-01,24,DECANATO DE GRADO
649282,2024-06-03,2024-09-20,1,FACULTAD DE INGENIERÍA EN CIENCIAS DE LA TIERRA
649282,2024-09-30,2025-02-14,3,FACULTAD DE INGENIERÍA EN CIENCIAS DE LA TIERRA
649282,2025-05-21,2026-02-13,3,FACULTAD DE INGENIERÍA EN CIENCIAS DE LA TIERRA
649282,2026-05-11,,1,FACULTAD DE INGENIERÍA EN CIENCIAS DE LA TIERRA
649294,2015-01-01,2015-03-13,1,FACULTAD DE CIENCIAS SOCIALES Y HUMANÍSTICAS
649294,2015-05-11,2015-10-02,1,FACULTAD DE CIENCIAS SOCIALES Y HUMANÍSTICAS
649294,2014-10-20,2014-12-31,1,DESCONOCIDA
649294,2015-10-19,2016-02-28,1,FACULTAD DE CIENCIAS SOCIALES Y HUMANÍSTICAS
649294,2016-05-31,2016-06-16,1,FACULTAD DE CIENCIAS SOCIALES Y HUMANÍSTICAS
649294,2016-10-10,2017-03-17,3,FACULTAD DE CIENCIAS SOCIALES Y HUMANÍSTICAS
649294,2017-05-02,2017-09-22,2,FACULTAD DE CIENCIAS SOCIALES Y HUMANÍSTICAS
649294,2017-10-04,2018-03-02,2,FACULTAD DE CIENCIAS SOCIALES Y HUMANÍSTICAS
649294,2018-05-02,2018-09-21,1,FACULTAD DE CIENCIAS SOCIALES Y HUMANÍSTICAS
649294,2018-10-01,2019-02-22,2,FACULTAD DE CIENCIAS SOCIALES Y HUMANÍSTICAS
649294,2016-05-02,2016-09-23,1,DESCONOCIDA
649294,2019-05-13,2019-08-27,1,FACULTAD DE CIENCIAS SOCIALES Y HUMANÍSTICAS
649313,2001-05-01,2002-05-01,1,DESCONOCIDA
649313,2015-02-01,2015-12-01,1,DESCONOCIDA
649313,2015-12-02,2016-10-31,1,GERENCIA FINANCIERA
649313,2016-11-01,2017-01-31,2,DESCONOCIDA
649313,2017-02-01,,39,GERENCIA FINANCIERA
649335,2014-10-20,2014-12-31,1,DESCONOCIDA
649335,2015-11-16,2016-02-11,1,DESCONOCIDA
649335,2015-01-01,2016-04-12,1,FACULTAD DE CIENCIAS SOCIALES Y HUMANÍSTICAS
649335,2016-05-23,2016-08-02,1,FACULTAD DE CIENCIAS SOCIALES Y HUMANÍSTICAS
649335,2016-08-30,2016-11-08,1,FACULTAD DE CIENCIAS SOCIALES Y HUMANÍSTICAS
649335,2016-04-13,2016-12-31,1,DESCONOCIDA
649335,2017-01-01,,31,FACULTAD DE CIENCIAS SOCIALES Y HUMANÍSTICAS
649338,2014-10-20,2014-12-31,1,DESCONOCIDA
649338,2015-01-01,2016-04-12,1,FACULTAD DE CIENCIAS SOCIALES Y HUMANÍSTICAS
649338,2016-04-13,2016-12-31,1,DESCONOCIDA
649338,2017-01-01,2023-03-12,19,FACULTAD DE CIENCIAS SOCIALES Y HUMANÍSTICAS
649373,2026-05-11,,1,FACULTAD DE INGENIERÍA MECÁNICA Y CIENCIAS DE LA PRODUCCIÓN
649377,2014-10-01,2016-12-31,3,DESCONOCIDA
649377,2017-01-01,2018-03-02,3,FACULTAD DE INGENIERÍA EN CIENCIAS DE LA TIERRA
649377,2018-03-03,,25,FACULTAD DE CIENCIAS SOCIALES Y HUMANÍSTICAS
649383,2025-09-22,2025-12-31,2,DIRECCIÓN DE ADMISIONES
649383,2026-05-11,,1,DIRECCIÓN DE ADMISIONES
649396,2025-09-22,,4,FACULTAD DE INGENIERÍA MECÁNICA Y CIENCIAS DE LA PRODUCCIÓN
649398,2022-08-02,2023-12-31,4,FACULTAD DE INGENIERÍA EN ELECTRICIDAD Y COMPUTACIÓN
649411,2024-09-30,,9,FACULTAD DE INGENIERÍA MARÍTIMA Y CIENCIAS DEL MAR
649436,2023-10-02,2024-02-16,3,FACULTAD DE INGENIERÍA EN ELECTRICIDAD Y COMPUTACIÓN
649460,2023-06-27,2024-12-31,8,FACULTAD DE CIENCIAS NATURALES Y MATEMÁTICAS
649516,2021-05-10,,22,FACULTAD DE INGENIERÍA EN ELECTRICIDAD Y COMPUTACIÓN
649573,2022-11-07,,16,FACULTAD DE INGENIERÍA MARÍTIMA Y CIENCIAS DEL MAR
649590,2020-04-01,2020-12-31,1,DECANATO DE INVESTIGACIÓN
649592,2021-06-09,2026-04-06,23,FACULTAD DE CIENCIAS DE LA VIDA
649600,2023-10-05,2023-12-31,2,FACULTAD DE CIENCIAS DE LA VIDA
649602,2023-10-05,2023-12-31,2,FACULTAD DE INGENIERÍA MECÁNICA Y CIENCIAS DE LA PRODUCCIÓN
649603,2019-03-01,2019-03-31,1,"FACULTAD DE INGENIERIA MARÍTIMA, CIENCIAS BIOLÓGICAS, OCEÁNICAS Y RECURSOS NATURALES"
649603,2020-11-30,2020-12-03,1,FACULTAD DE INGENIERÍA MARÍTIMA Y CIENCIAS DEL MAR
649629,2020-04-01,,24,"FACULTAD DE ARTE, DISEÑO Y COMUNICACIÓN AUDIOVISUAL"
649630,2022-04-01,2025-03-19,12,GERENCIA DE TECNOLOGÍAS Y SISTEMAS DE INFORMACIÓN
649631,2024-11-15,2024-12-31,1,FACULTAD DE INGENIERÍA MECÁNICA Y CIENCIAS DE LA PRODUCCIÓN
649634,2024-10-11,2024-12-31,1,DIRECCIÓN DE ADMISIONES
649635,2024-11-20,,11,CENTRO NACIONAL DE ACUICULTURA E INVESTIGACIONES MARINAS
649650,2023-07-25,2025-08-03,5,CENTRO DE INVESTIGACIÓN Y PROYECTOS APLICADOS A LAS CIENCIAS DE LA TIERRA
649650,2026-01-01,,3,CENTRO DE INVESTIGACIÓN Y PROYECTOS APLICADOS A LAS CIENCIAS DE LA TIERRA
649650,2025-08-04,2025-12-31,2,FACULTAD DE INGENIERÍA MECÁNICA Y CIENCIAS DE LA PRODUCCIÓN
649656,2023-10-02,,13,FACULTAD DE INGENIERÍA EN CIENCIAS DE LA TIERRA
649663,2022-06-06,2023-10-31,5,FACULTAD DE INGENIERÍA EN CIENCIAS DE LA TIERRA
649708,2023-07-26,2024-10-09,4,FACULTAD DE INGENIERÍA EN ELECTRICIDAD Y COMPUTACIÓN
649715,2022-10-03,2024-02-16,7,FACULTAD DE INGENIERÍA EN ELECTRICIDAD Y COMPUTACIÓN
649778,2023-06-15,2025-02-16,5,FACULTAD DE INGENIERÍA MECÁNICA Y CIENCIAS DE LA PRODUCCIÓN
649778,2025-05-19,,4,FACULTAD DE CIENCIAS NATURALES Y MATEMÁTICAS
649788,2021-08-02,2021-11-26,1,DECANATO DE INVESTIGACIÓN
649788,2023-10-23,2023-12-31,2,FACULTAD DE INGENIERÍA EN CIENCIAS DE LA TIERRA
649825,2020-09-14,2020-09-14,1,CENTRO DE EMPRENDIMIENTO E INNOVACIÓN I3LAB
649827,2021-06-01,2021-07-31,1,FACULTAD DE INGENIERÍA EN ELECTRICIDAD Y COMPUTACIÓN
649827,2021-08-23,2022-11-13,3,FACULTAD DE INGENIERÍA EN ELECTRICIDAD Y COMPUTACIÓN
649829,2023-10-03,2023-12-31,1,DIRECCIÓN DE ADMISIONES
649836,2023-03-01,2023-12-31,2,DECANATO DE INVESTIGACIÓN
649836,2024-01-01,2026-02-13,10,FACULTAD DE INGENIERÍA MARÍTIMA Y CIENCIAS DEL MAR
649921,2023-10-03,2023-12-31,1,DIRECCIÓN DE ADMISIONES
649959,2023-07-25,,14,"VICERRECTORADO DE INVESTIGACIÓN, DESARROLLO E INNOVACIÓN"
650090,2019-05-13,2020-12-31,6,FACULTAD DE CIENCIAS SOCIALES Y HUMANÍSTICAS
650114,2025-01-06,,6,CENTRO DE INVESTIGACIONES Y SERVICIOS EDUCATIVOS
650129,2021-05-03,2023-04-07,8,FACULTAD DE CIENCIAS SOCIALES Y HUMANÍSTICAS
650143,2024-10-21,,6,FACULTAD DE INGENIERÍA MECÁNICA Y CIENCIAS DE LA PRODUCCIÓN
650162,2021-10-04,,17,FACULTAD DE CIENCIAS NATURALES Y MATEMÁTICAS
650168,2021-05-25,2021-08-31,1,DIRECCIÓN DE ADMISIONES
650168,2021-10-15,2021-12-31,1,DIRECCIÓN DE ADMISIONES
650168,2023-09-20,2023-12-31,1,DIRECCIÓN DE ADMISIONES
650192,2023-10-03,2023-12-31,2,FACULTAD DE CIENCIAS SOCIALES Y HUMANÍSTICAS
650194,2022-05-03,,20,FACULTAD DE CIENCIAS SOCIALES Y HUMANÍSTICAS
650342,2021-02-08,2021-09-27,1,CENTRO DE INVESTIGACIONES ECONÓMICAS
650462,2015-01-01,2015-12-01,1,DIRECCIÓN DE LA SECRETARÍA TÉCNICA ACADEMICA
650462,2014-11-17,2014-12-31,1,DESCONOCIDA
650462,2016-05-01,2016-05-01,1,DESCONOCIDA
650462,2015-12-02,2016-04-30,1,"FACULTAD DE INGENIERIA MARÍTIMA, CIENCIAS BIOLÓGICAS, OCEÁNICAS Y RECURSOS NATURALES"
650462,2016-11-01,2017-01-31,1,DESCONOCIDA
650462,2017-02-01,2019-01-23,1,"FACULTAD DE INGENIERIA MARÍTIMA, CIENCIAS BIOLÓGICAS, OCEÁNICAS Y RECURSOS NATURALES"
650462,2021-08-11,2021-08-13,1,FACULTAD DE INGENIERÍA MARÍTIMA Y CIENCIAS DEL MAR
650462,2019-01-24,2021-11-30,1,DESCONOCIDA
650462,2016-05-01,2016-10-31,1,DIRECCIÓN DE LA SECRETARÍA TÉCNICA ACADEMICA
650462,2019-06-10,2019-06-17,1,"FACULTAD DE INGENIERIA MARÍTIMA, CIENCIAS BIOLÓGICAS, OCEÁNICAS Y RECURSOS NATURALES"
650462,2021-12-01,,27,FACULTAD DE INGENIERÍA MARÍTIMA Y CIENCIAS DEL MAR
650463,2014-11-01,2016-10-31,4,DESCONOCIDA
650463,2016-11-01,,34,CENTRO NACIONAL DE ACUICULTURA E INVESTIGACIONES MARINAS
650482,2024-06-10,2024-09-20,1,FACULTAD DE CIENCIAS NATURALES Y MATEMÁTICAS
650482,2024-09-30,,7,FACULTAD DE CIENCIAS NATURALES Y MATEMÁTICAS
650503,2014-12-01,2014-12-31,1,DESCONOCIDA
650503,2015-01-01,2022-11-13,30,DECANATO DE INVESTIGACIÓN
650503,2022-11-14,,31,"VICERRECTORADO DE INVESTIGACIÓN, DESARROLLO E INNOVACIÓN"
650513,2019-03-01,2020-11-30,2,DIRECCIÓN DE SERVICIOS GENERALES
650513,2020-12-01,,21,FACULTAD DE CIENCIAS DE LA VIDA
650523,2014-12-01,2014-12-31,1,DESCONOCIDA
650523,2015-10-12,2015-10-20,1,DESCONOCIDA
650523,2016-10-17,2016-10-21,1,DESCONOCIDA
650523,2016-11-01,2016-11-01,1,DESCONOCIDA
650523,2015-01-01,2022-11-28,27,GERENCIA DE INFRAESTRUCTURA FÍSICA
650523,2017-11-07,2017-11-10,1,DESCONOCIDA
650523,2023-09-29,2023-09-29,1,GERENCIA DE INFRAESTRUCTURA FÍSICA
650523,2022-11-29,,35,DIRECCIÓN DE SERVICIOS GENERALES
650540,2014-12-10,2015-12-09,1,DESCONOCIDA
650540,2016-01-01,2016-01-01,1,DESCONOCIDA
650540,2016-01-01,2017-12-31,1,FACULTAD DE CIENCIAS NATURALES Y MATEMÁTICAS
650540,2017-01-01,2018-12-31,2,DESCONOCIDA
650540,2019-01-01,2022-12-31,9,FACULTAD DE CIENCIAS NATURALES Y MATEMÁTICAS
650568,2019-01-24,2025-12-31,28,FACULTAD DE INGENIERÍA MARÍTIMA Y CIENCIAS DEL MAR
650568,2026-02-18,2026-03-10,1,FACULTAD DE INGENIERÍA MARÍTIMA Y CIENCIAS DEL MAR
650568,2026-05-12,2026-05-12,1,FACULTAD DE INGENIERÍA MARÍTIMA Y CIENCIAS DEL MAR
650568,2026-07-27,2026-07-29,1,FACULTAD DE INGENIERÍA MARÍTIMA Y CIENCIAS DEL MAR
650568,2018-10-01,2019-01-23,2,CENTRO NACIONAL DE ACUICULTURA E INVESTIGACIONES MARINAS
650568,2026-08-25,,2,FACULTAD DE INGENIERÍA MARÍTIMA Y CIENCIAS DEL MAR
650613,2023-10-05,2023-12-31,2,FACULTAD DE INGENIERÍA MECÁNICA Y CIENCIAS DE LA PRODUCCIÓN
650857,2015-01-27,2016-12-31,2,FACULTAD DE CIENCIAS NATURALES Y MATEMÁTICAS
650857,2019-01-01,,17,FACULTAD DE CIENCIAS NATURALES Y MATEMÁTICAS
650857,2017-01-01,2018-12-31,2,DESCONOCIDA
650954,2015-01-05,2016-04-12,1,FACULTAD DE INGENIERÍA MECÁNICA Y CIENCIAS DE LA PRODUCCIÓN
650954,2016-04-13,2016-12-31,1,FACULTAD DE INGENIERÍA EN ELECTRICIDAD Y COMPUTACIÓN
650954,2017-01-01,2019-02-22,3,FACULTAD DE CIENCIAS SOCIALES Y HUMANÍSTICAS
650954,2019-02-23,2019-12-31,1,VICERRECTORADO ACADÉMICO
650954,2020-01-01,,27,DECANATO DE GRADO
650954,2020-01-02,2020-08-31,1,UNIDAD DE BIENESTAR ESTUDIANTIL Y POLITÉCNICO
650956,2015-02-01,2015-12-02,1,DESCONOCIDA
650956,2016-03-01,2016-03-01,1,DESCONOCIDA
650956,2020-09-08,2020-09-08,1,DESCONOCIDA
650956,2015-12-02,,54,GERENCIA DE INFRAESTRUCTURA FÍSICA
650957,2015-02-01,2015-05-31,1,GERENCIA DE INFRAESTRUCTURA FÍSICA
650957,2015-10-19,2025-10-16,41,GERENCIA DE INFRAESTRUCTURA FÍSICA
650957,2015-06-01,2015-10-19,2,DESCONOCIDA
651029,2015-02-01,2016-03-01,3,DESCONOCIDA
651029,2016-03-01,,45,DIRECCIÓN DE TALENTO HUMANO
651067,2015-02-01,2016-12-31,2,GERENCIA FINANCIERA
651067,2017-04-01,2024-10-02,25,GERENCIA FINANCIERA
651067,2017-01-01,2017-03-31,2,DESCONOCIDA
651069,2015-02-09,2016-05-31,4,DESCONOCIDA
651069,2016-06-01,,45,DIRECCIÓN DE TALENTO HUMANO
651104,2018-05-01,2021-03-21,5,FACULTAD DE CIENCIAS NATURALES Y MATEMÁTICAS
651108,2016-08-01,2018-01-19,10,FACULTAD DE CIENCIAS DE LA VIDA
651108,2018-04-23,2021-07-31,7,FACULTAD DE CIENCIAS DE LA VIDA
651108,2022-03-21,2022-03-28,1,DECANATO DE INVESTIGACIÓN
651108,2021-12-13,2022-01-03,1,FACULTAD DE CIENCIAS DE LA VIDA
651108,2022-04-08,2022-04-14,1,DECANATO DE INVESTIGACIÓN
651108,2022-04-25,2022-04-29,1,FACULTAD DE CIENCIAS DE LA VIDA
651108,2022-10-08,2022-10-16,1,FACULTAD DE CIENCIAS DE LA VIDA
651108,2022-12-27,2022-12-30,1,FACULTAD DE CIENCIAS DE LA VIDA
651108,2023-01-30,2023-02-04,1,FACULTAD DE CIENCIAS DE LA VIDA
651108,2023-02-22,2023-02-24,1,FACULTAD DE CIENCIAS DE LA VIDA
651108,2023-03-24,2023-03-31,1,FACULTAD DE CIENCIAS DE LA VIDA
651108,2023-08-31,2023-09-04,1,FACULTAD DE CIENCIAS DE LA VIDA
651108,2023-09-11,2023-09-22,1,FACULTAD DE CIENCIAS DE LA VIDA
651108,2023-12-11,2023-12-22,1,FACULTAD DE CIENCIAS DE LA VIDA
651108,2024-02-19,2024-02-20,1,FACULTAD DE CIENCIAS DE LA VIDA
651108,2024-02-23,2024-02-26,1,FACULTAD DE CIENCIAS DE LA VIDA
651108,2024-03-04,2024-03-07,1,FACULTAD DE CIENCIAS DE LA VIDA
651108,2024-03-11,2024-03-15,1,FACULTAD DE CIENCIAS DE LA VIDA
651108,2024-03-19,2024-03-28,2,FACULTAD DE CIENCIAS DE LA VIDA
651108,2024-04-01,2024-04-05,1,FACULTAD DE CIENCIAS DE LA VIDA
651108,2024-08-26,2024-08-30,1,FACULTAD DE CIENCIAS DE LA VIDA
651108,2024-09-02,2024-09-06,1,FACULTAD DE CIENCIAS DE LA VIDA
651108,2024-09-30,2024-10-04,1,FACULTAD DE CIENCIAS DE LA VIDA
651108,2024-12-23,2024-12-24,1,FACULTAD DE CIENCIAS DE LA VIDA
651108,2024-12-26,2024-12-27,1,FACULTAD DE CIENCIAS DE LA VIDA
651108,2024-12-30,2024-12-31,1,FACULTAD DE CIENCIAS DE LA VIDA
651108,2025-01-24,2025-01-27,1,FACULTAD DE CIENCIAS DE LA VIDA
651108,2025-02-06,2025-02-21,1,FACULTAD DE CIENCIAS DE LA VIDA
651108,2025-03-05,2025-03-07,1,FACULTAD DE CIENCIAS DE LA VIDA
651108,2025-04-15,2025-04-17,1,FACULTAD DE CIENCIAS DE LA VIDA
651108,2025-04-28,2025-05-01,1,FACULTAD DE CIENCIAS DE LA VIDA
651108,2025-08-17,2025-08-23,1,FACULTAD DE CIENCIAS DE LA VIDA
651108,2025-08-31,2025-09-06,1,FACULTAD DE CIENCIAS DE LA VIDA
651108,2025-09-24,2025-09-26,1,FACULTAD DE CIENCIAS DE LA VIDA
651108,2025-10-26,2025-10-31,1,FACULTAD DE CIENCIAS DE LA VIDA
651108,2025-12-05,2025-12-05,1,FACULTAD DE CIENCIAS DE LA VIDA
651108,2025-12-22,2025-12-31,1,FACULTAD DE CIENCIAS DE LA VIDA
651108,2026-02-02,2026-02-06,1,FACULTAD DE CIENCIAS DE LA VIDA
651108,2026-03-08,2026-03-14,1,FACULTAD DE CIENCIAS DE LA VIDA
651108,2026-03-30,2026-04-02,1,FACULTAD DE CIENCIAS DE LA VIDA
651108,2026-04-11,2026-04-25,1,FACULTAD DE CIENCIAS DE LA VIDA
651108,2026-05-22,2026-05-22,1,FACULTAD DE CIENCIAS DE LA VIDA
651108,2026-06-08,2026-06-09,1,FACULTAD DE CIENCIAS DE LA VIDA
651108,2026-06-12,2026-06-12,1,FACULTAD DE CIENCIAS DE LA VIDA
651108,2026-06-15,2026-06-16,1,FACULTAD DE CIENCIAS DE LA VIDA
651108,2026-06-19,2026-06-19,1,FACULTAD DE CIENCIAS DE LA VIDA
651108,2026-07-19,2026-07-26,1,FACULTAD DE CIENCIAS DE LA VIDA
651108,2026-08-24,,6,FACULTAD DE CIENCIAS DE LA VIDA
651108,2022-09-18,2022-09-24,1,DECANATO DE INVESTIGACIÓN
651120,2016-08-01,,21,FACULTAD DE INGENIERÍA EN ELECTRICIDAD Y COMPUTACIÓN
651128,2018-01-01,2020-02-21,3,FACULTAD DE CIENCIAS SOCIALES Y HUMANÍSTICAS
651128,2021-05-17,2021-09-24,1,FACULTAD DE CIENCIAS SOCIALES Y HUMANÍSTICAS
651128,2021-10-04,2026-02-13,21,FACULTAD DE CIENCIAS SOCIALES Y HUMANÍSTICAS
651128,2017-01-11,2017-12-31,1,DESCONOCIDA
651128,2026-05-04,,1,FACULTAD DE CIENCIAS SOCIALES Y HUMANÍSTICAS
651135,2016-06-01,2023-02-09,16,DIRECCIÓN DE SERVICIOS GENERALES
651135,2023-03-16,2023-03-17,1,DIRECCIÓN DE SERVICIOS GENERALES
651135,2023-05-04,2023-05-12,1,DIRECCIÓN DE SERVICIOS GENERALES
651135,2023-06-05,2023-06-16,1,DIRECCIÓN DE SERVICIOS GENERALES
651135,2015-06-01,2016-03-01,2,GERENCIA ADMINISTRATIVA
651135,2016-03-01,2016-05-31,1,DESCONOCIDA
651135,2023-07-11,2023-07-14,1,DIRECCIÓN DE SERVICIOS GENERALES
651135,2023-02-10,,15,DIRECCION DE SEGURIDAD FISICA
651142,2017-01-01,2017-01-01,1,DESCONOCIDA
651142,2015-03-04,2015-05-30,1,GERENCIA FINANCIERA
651142,2017-11-25,2018-02-16,1,GERENCIA FINANCIERA
651142,2018-02-19,2018-02-28,1,GERENCIA FINANCIERA
651142,2015-06-01,2017-03-31,2,CENTRO DE INFORMACIÓN BIBLIOTECARIA
651142,2017-04-01,2021-11-30,3,DESCONOCIDA
651142,2018-07-01,2019-08-20,3,GERENCIA FINANCIERA
651142,2021-12-01,,50,CENTRO DE INFORMACIÓN BIBLIOTECARIA
651142,2022-01-17,2022-02-04,1,DESCONOCIDA
651144,2019-05-01,2026-01-31,26,CENTRO NACIONAL DE ACUICULTURA E INVESTIGACIONES MARINAS
651206,2015-04-13,2015-12-31,1,CENTRO NACIONAL DE ACUICULTURA E INVESTIGACIONES MARINAS
651206,2016-11-01,,46,CENTRO NACIONAL DE ACUICULTURA E INVESTIGACIONES MARINAS
651206,2016-01-01,2016-10-31,3,DESCONOCIDA
651227,2015-04-16,2015-12-31,1,DIRECCIÓN DE ADQUISICIONES Y SUMINISTROS
651268,2018-10-01,2024-02-16,14,FACULTAD DE CIENCIAS NATURALES Y MATEMÁTICAS
651294,2015-05-01,2016-12-31,1,"FACULTAD DE INGENIERIA MARÍTIMA, CIENCIAS BIOLÓGICAS, OCEÁNICAS Y RECURSOS NATURALES"
651294,2017-08-01,2018-12-31,2,"FACULTAD DE INGENIERIA MARÍTIMA, CIENCIAS BIOLÓGICAS, OCEÁNICAS Y RECURSOS NATURALES"
651294,2017-01-01,2017-07-31,1,DESCONOCIDA
651294,2019-01-01,,27,FACULTAD DE CIENCIAS SOCIALES Y HUMANÍSTICAS
651295,2015-05-01,2016-12-31,2,DESCONOCIDA
651295,2017-01-01,2017-12-31,1,CENTRO DE INVESTIGACIONES Y SERVICIOS EDUCATIVOS
651295,2018-01-01,2026-02-28,26,FACULTAD DE CIENCIAS SOCIALES Y HUMANÍSTICAS
651323,2015-05-01,2015-05-31,1,CENTRO DE INFORMACIÓN BIBLIOTECARIA
651323,2015-10-19,2015-10-19,1,DESCONOCIDA
651323,2015-10-19,,61,CENTRO DE INFORMACIÓN BIBLIOTECARIA
651323,2015-06-01,2015-10-18,1,FACULTAD DE INGENIERÍA MECÁNICA Y CIENCIAS DE LA PRODUCCIÓN
651323,2023-03-09,2023-03-24,1,DESCONOCIDA
651324,2015-05-01,2016-12-31,2,DESCONOCIDA
651324,2017-01-01,,28,CENTRO DE INFORMACIÓN BIBLIOTECARIA
651339,2015-05-11,2016-09-30,1,FACULTAD DE CIENCIAS NATURALES Y MATEMÁTICAS
651339,2017-04-01,2024-01-11,15,FACULTAD DE CIENCIAS NATURALES Y MATEMÁTICAS
651339,2016-10-01,2017-03-31,2,DESCONOCIDA
651339,2024-01-12,,20,CENTRO DE INFORMACIÓN BIBLIOTECARIA
651346,2015-05-11,2015-10-02,1,FACULTAD DE CIENCIAS DE LA VIDA
651346,2015-10-19,2016-02-28,1,FACULTAD DE CIENCIAS DE LA VIDA
651346,2016-10-10,2017-03-17,2,FACULTAD DE CIENCIAS DE LA VIDA
651346,2017-05-02,2017-09-22,1,FACULTAD DE CIENCIAS DE LA VIDA
651346,2017-10-04,2022-12-31,13,FACULTAD DE CIENCIAS DE LA VIDA
651346,2016-05-02,2016-09-23,1,DESCONOCIDA
651347,2015-05-01,2016-12-31,2,DESCONOCIDA
651347,2017-01-01,2017-09-30,1,FACULTAD DE CIENCIAS NATURALES Y MATEMÁTICAS
651347,2017-10-01,2019-09-27,5,ESCUELA DE DISEÑO Y COMUNICACIÓN VISUAL
651350,2015-05-11,2015-10-02,1,FACULTAD DE INGENIERÍA EN CIENCIAS DE LA TIERRA
651350,2015-10-19,2015-12-31,1,FACULTAD DE INGENIERÍA EN CIENCIAS DE LA TIERRA
651350,2016-10-10,2017-03-17,2,FACULTAD DE INGENIERÍA EN CIENCIAS DE LA TIERRA
651350,2017-05-02,2017-09-22,1,FACULTAD DE INGENIERÍA EN CIENCIAS DE LA TIERRA
651350,2017-10-04,2018-03-02,2,FACULTAD DE INGENIERÍA EN CIENCIAS DE LA TIERRA
651350,2018-05-02,2018-09-21,1,FACULTAD DE INGENIERÍA EN CIENCIAS DE LA TIERRA
651350,2018-10-01,2019-02-22,2,FACULTAD DE INGENIERÍA EN CIENCIAS DE LA TIERRA
651350,2019-05-13,2019-09-20,1,FACULTAD DE INGENIERÍA EN CIENCIAS DE LA TIERRA
651350,2021-05-17,2022-02-18,2,FACULTAD DE INGENIERÍA EN CIENCIAS DE LA TIERRA
651350,2022-05-16,2022-09-23,1,FACULTAD DE INGENIERÍA EN CIENCIAS DE LA TIERRA
651350,2016-05-02,2016-09-23,1,DESCONOCIDA
651366,2015-10-12,2016-12-31,1,FACULTAD DE CIENCIAS SOCIALES Y HUMANÍSTICAS
651366,2018-01-01,,24,FACULTAD DE CIENCIAS SOCIALES Y HUMANÍSTICAS
651366,2017-01-01,2017-12-31,1,DESCONOCIDA
651370,2015-05-11,2015-10-02,1,FACULTAD DE INGENIERÍA MECÁNICA Y CIENCIAS DE LA PRODUCCIÓN
651370,2015-10-19,2017-03-17,3,FACULTAD DE INGENIERÍA MECÁNICA Y CIENCIAS DE LA PRODUCCIÓN
651372,2016-04-13,2016-08-01,1,FACULTAD DE CIENCIAS DE LA VIDA
651372,2017-11-01,,32,FACULTAD DE CIENCIAS DE LA VIDA
651387,2026-01-28,,2,DIRECCIÓN DE SERVICIOS GENERALES
651451,2018-08-01,2018-12-31,1,CENTRO DE INVESTIGACIONES BIOTECNOLÓGICAS DEL ECUADOR
651451,2019-01-02,2019-12-31,1,CENTRO DE INVESTIGACIONES BIOTECNOLÓGICAS DEL ECUADOR
651451,2020-03-02,2020-10-31,1,RECTORADO
651497,2018-09-03,,31,CENTRO DE INVESTIGACIONES BIOTECNOLÓGICAS DEL ECUADOR
651513,2018-09-01,2020-09-30,5,FACULTAD DE CIENCIAS NATURALES Y MATEMÁTICAS
651665,2024-10-02,2025-02-14,2,FACULTAD DE INGENIERÍA EN ELECTRICIDAD Y COMPUTACIÓN
651665,2025-08-12,,4,FACULTAD DE INGENIERÍA EN ELECTRICIDAD Y COMPUTACIÓN
651675,2024-02-01,,17,FACULTAD DE INGENIERÍA MARÍTIMA Y CIENCIAS DEL MAR
651680,2025-09-22,,3,FACULTAD DE CIENCIAS SOCIALES Y HUMANÍSTICAS
651729,2023-10-03,2023-11-01,1,FACULTAD DE CIENCIAS SOCIALES Y HUMANÍSTICAS
651738,2024-07-15,2024-09-20,1,FACULTAD DE CIENCIAS NATURALES Y MATEMÁTICAS
651738,2024-09-30,,8,FACULTAD DE CIENCIAS NATURALES Y MATEMÁTICAS
651745,2023-06-01,2023-12-31,1,GERENCIA DE TECNOLOGÍAS Y SISTEMAS DE INFORMACIÓN
651745,2024-01-08,2024-05-20,1,GERENCIA DE TECNOLOGÍAS Y SISTEMAS DE INFORMACIÓN
651763,2025-05-05,2025-12-31,3,DIRECCIÓN DE ADMISIONES
651799,2023-10-26,2023-12-31,2,FACULTAD DE INGENIERÍA EN ELECTRICIDAD Y COMPUTACIÓN
651799,2024-10-01,2025-10-31,4,CENTRO DE TECNOLOGÍAS DE LA INFORMACIÓN
651902,2021-06-18,2021-07-31,1,DECANATO DE INVESTIGACIÓN
652047,2025-10-01,2026-06-30,6,DIRECCIÓN DE ADMISIONES
652058,2024-11-20,2024-12-31,1,FACULTAD DE CIENCIAS SOCIALES Y HUMANÍSTICAS
652072,2025-10-03,2025-11-14,1,CENTRO DE INVESTIGACIONES BIOTECNOLÓGICAS DEL ECUADOR
652275,2023-10-06,2023-12-31,2,FACULTAD DE CIENCIAS DE LA VIDA
652412,2025-08-06,,4,CENTRO NACIONAL DE ACUICULTURA E INVESTIGACIONES MARINAS
652450,2023-10-03,2023-12-31,2,FACULTAD DE CIENCIAS SOCIALES Y HUMANÍSTICAS
652462,2024-11-15,2024-12-31,1,FACULTAD DE CIENCIAS NATURALES Y MATEMÁTICAS
652462,2025-05-19,2026-02-13,4,FACULTAD DE CIENCIAS NATURALES Y MATEMÁTICAS
652462,2026-03-09,2026-05-03,1,FACULTAD DE CIENCIAS NATURALES Y MATEMÁTICAS
652462,2026-05-11,,1,FACULTAD DE CIENCIAS NATURALES Y MATEMÁTICAS
652543,2018-10-01,2025-02-14,25,FACULTAD DE INGENIERÍA EN CIENCIAS DE LA TIERRA
652545,2018-10-01,,32,FACULTAD DE CIENCIAS SOCIALES Y HUMANÍSTICAS
652546,2018-10-01,,31,FACULTAD DE CIENCIAS SOCIALES Y HUMANÍSTICAS
652557,2018-10-01,2019-02-22,2,FACULTAD DE CIENCIAS SOCIALES Y HUMANÍSTICAS
652557,2019-05-13,2019-09-20,1,FACULTAD DE CIENCIAS SOCIALES Y HUMANÍSTICAS
652557,2021-05-17,2021-09-24,1,FACULTAD DE CIENCIAS SOCIALES Y HUMANÍSTICAS
652557,2021-10-04,2022-02-18,3,FACULTAD DE CIENCIAS SOCIALES Y HUMANÍSTICAS
652557,2023-05-15,2023-09-24,1,FACULTAD DE CIENCIAS SOCIALES Y HUMANÍSTICAS
652562,2018-10-01,,27,FACULTAD DE CIENCIAS NATURALES Y MATEMÁTICAS
652563,2018-10-01,2019-02-22,2,FACULTAD DE INGENIERÍA EN CIENCIAS DE LA TIERRA
652563,2019-05-13,2019-09-20,1,FACULTAD DE INGENIERÍA EN CIENCIAS DE LA TIERRA
652564,2018-10-01,2019-02-22,2,FACULTAD DE CIENCIAS SOCIALES Y HUMANÍSTICAS
652579,2018-10-01,,27,FACULTAD DE CIENCIAS NATURALES Y MATEMÁTICAS
652580,2018-10-01,,25,FACULTAD DE CIENCIAS NATURALES Y MATEMÁTICAS
652582,2018-10-01,2019-02-22,2,FACULTAD DE INGENIERÍA MECÁNICA Y CIENCIAS DE LA PRODUCCIÓN
652588,2023-11-01,,11,GERENCIA DE TECNOLOGÍAS Y SISTEMAS DE INFORMACIÓN
652589,2023-10-17,2025-01-24,7,FACULTAD DE CIENCIAS SOCIALES Y HUMANÍSTICAS
652589,2026-01-20,,1,ESCUELA DE POSTGRADO EN ADMINISTRACIÓN DE EMPRESAS
652590,2023-10-05,2023-12-31,2,FACULTAD DE INGENIERÍA MECÁNICA Y CIENCIAS DE LA PRODUCCIÓN
652613,2022-07-15,2022-10-15,1,"FACULTAD DE ARTE, DISEÑO Y COMUNICACIÓN AUDIOVISUAL"
652624,2024-06-03,2025-12-31,6,FACULTAD DE INGENIERÍA MECÁNICA Y CIENCIAS DE LA PRODUCCIÓN
652641,2023-10-05,2023-12-31,2,FACULTAD DE INGENIERÍA MECÁNICA Y CIENCIAS DE LA PRODUCCIÓN
652655,2023-10-18,2023-12-31,2,FACULTAD DE CIENCIAS DE LA VIDA
652656,2025-09-01,2025-11-14,1,FACULTAD DE CIENCIAS DE LA VIDA
652665,2023-10-05,2023-12-31,2,FACULTAD DE INGENIERÍA MECÁNICA Y CIENCIAS DE LA PRODUCCIÓN
652684,2023-10-03,2023-12-31,2,FACULTAD DE CIENCIAS SOCIALES Y HUMANÍSTICAS
652704,2024-07-01,,11,GERENCIA DE PLANIFICACIÓN ESTRATÉGICA
652714,2023-10-05,2023-12-31,2,FACULTAD DE INGENIERÍA MECÁNICA Y CIENCIAS DE LA PRODUCCIÓN
652724,2023-07-25,2023-10-25,1,CENTRO INTERNACIONAL DEL PACÍFICO PARA LA REDUCCIÓN DEL RIESGO DE DESASTRES
652724,2023-10-05,2023-12-31,2,FACULTAD DE INGENIERÍA MECÁNICA Y CIENCIAS DE LA PRODUCCIÓN
652724,2026-03-05,,5,GERENCIA DE PLANIFICACIÓN ESTRATÉGICA
652759,2025-10-13,2026-06-30,3,CENTRO DE ESTUDIOS E INVESTIGACIONES ESTADÍSTICAS
652759,2024-11-29,2024-12-31,1,FACULTAD DE CIENCIAS NATURALES Y MATEMÁTICAS
652759,2026-07-21,,2,CENTRO DE ESTUDIOS E INVESTIGACIONES ESTADÍSTICAS
652768,2025-09-22,2025-12-31,2,DIRECCIÓN DE ADMISIONES
652768,2024-06-03,2025-09-19,5,FACULTAD DE CIENCIAS NATURALES Y MATEMÁTICAS
652768,2026-05-11,,1,DIRECCIÓN DE ADMISIONES
652796,2023-06-01,2023-11-08,1,GERENCIA DE TECNOLOGÍAS Y SISTEMAS DE INFORMACIÓN
652796,2025-08-01,,6,DIRECCIÓN DE ADMISIONES
652798,2022-04-01,2022-12-31,1,DECANATO DE INVESTIGACIÓN
652798,2023-01-09,,12,"FACULTAD DE ARTE, DISEÑO Y COMUNICACIÓN AUDIOVISUAL"
652800,2024-08-14,2024-12-31,1,GERENCIA DE TECNOLOGÍAS Y SISTEMAS DE INFORMACIÓN
652808,2023-05-18,2023-11-18,1,CENTRO INTERNACIONAL DEL PACÍFICO PARA LA REDUCCIÓN DEL RIESGO DE DESASTRES
652810,2023-08-29,2023-12-31,1,CENTRO DE INVESTIGACIONES BIOTECNOLÓGICAS DEL ECUADOR
652816,2024-06-03,2026-04-30,7,FACULTAD DE INGENIERÍA MECÁNICA Y CIENCIAS DE LA PRODUCCIÓN
652816,2026-07-01,,1,FACULTAD DE INGENIERÍA MECÁNICA Y CIENCIAS DE LA PRODUCCIÓN
652823,2025-10-03,,4,CENTRO DE ENERGÍAS RENOVABLES Y ALTERNATIVAS
652826,2023-10-03,2023-12-31,1,FACULTAD DE CIENCIAS DE LA VIDA
652839,2023-05-15,2025-02-16,7,FACULTAD DE CIENCIAS SOCIALES Y HUMANÍSTICAS
652859,2023-10-03,2023-12-31,2,FACULTAD DE CIENCIAS SOCIALES Y HUMANÍSTICAS
652898,2018-10-01,2024-03-31,17,FACULTAD DE CIENCIAS SOCIALES Y HUMANÍSTICAS
652902,2018-10-17,,26,FACULTAD DE INGENIERÍA EN CIENCIAS DE LA TIERRA
652917,2018-11-01,,31,DIRECCIÓN DE SERVICIOS GENERALES
652921,2018-11-01,,19,CENTRO NACIONAL DE ACUICULTURA E INVESTIGACIONES MARINAS
652925,2018-11-01,,33,DIRECCIÓN DE SEGURIDAD Y SALUD OCUPACIONAL
652934,2018-11-05,2019-02-22,2,FACULTAD DE CIENCIAS SOCIALES Y HUMANÍSTICAS
652934,2019-04-01,2021-02-19,6,FACULTAD DE CIENCIAS SOCIALES Y HUMANÍSTICAS
652934,2021-04-05,2023-02-28,6,FACULTAD DE CIENCIAS SOCIALES Y HUMANÍSTICAS
652934,2025-03-06,,6,FACULTAD DE CIENCIAS SOCIALES Y HUMANÍSTICAS
652972,2020-12-01,2020-12-31,1,GERENCIA ADMINISTRATIVA
652972,2021-01-01,,14,DIRECCIÓN DE SERVICIOS GENERALES
652989,2019-02-01,2026-04-13,24,FACULTAD DE CIENCIAS NATURALES Y MATEMÁTICAS
653004,2020-01-09,2020-12-31,1,GERENCIA ADMINISTRATIVA
653004,2024-07-17,2024-07-18,1,GERENCIA ADMINISTRATIVA
653004,2024-12-16,2024-12-31,1,GERENCIA ADMINISTRATIVA
653004,2019-01-02,2019-12-31,1,FACULTAD DE CIENCIAS DE LA VIDA
653004,2025-01-06,2025-01-17,1,GERENCIA ADMINISTRATIVA
653004,2021-07-01,2024-04-05,22,AUDITORÍA INTERNA
653004,2024-04-06,,5,DIRECCIÓN DE ADQUISICIONES
653010,2019-01-02,2026-02-13,25,FACULTAD DE INGENIERÍA EN CIENCIAS DE LA TIERRA
653075,2019-01-02,2022-11-01,14,GERENCIA DE COMUNICACIÓN SOCIAL Y ASUNTOS PÚBLICOS
653075,2022-12-19,2022-12-30,1,GERENCIA DE COMUNICACIÓN SOCIAL Y ASUNTOS PÚBLICOS
653075,2023-03-09,2023-03-09,1,GERENCIA DE COMUNICACIÓN SOCIAL Y ASUNTOS PÚBLICOS
653075,2023-03-15,2023-03-17,1,GERENCIA DE COMUNICACIÓN SOCIAL Y ASUNTOS PÚBLICOS
653075,2024-09-30,2025-02-14,2,DECANATO DE GRADO
653075,2025-05-12,2026-02-13,4,DECANATO DE GRADO
653075,2023-03-30,2023-04-04,1,GERENCIA DE COMUNICACIÓN SOCIAL Y ASUNTOS PÚBLICOS
653075,2022-11-01,,29,GERENCIA DE COMUNICACIÓN
653075,2026-05-11,,1,DECANATO DE GRADO
653183,2024-11-20,2024-12-31,1,FACULTAD DE CIENCIAS NATURALES Y MATEMÁTICAS
653534,2025-05-12,,8,FACULTAD DE INGENIERÍA MARÍTIMA Y CIENCIAS DEL MAR
653547,2025-09-22,2025-12-31,2,DIRECCIÓN DE ADMISIONES
653547,2025-05-12,2025-09-21,1,FACULTAD DE CIENCIAS NATURALES Y MATEMÁTICAS
653547,2026-05-11,,1,DIRECCIÓN DE ADMISIONES
653585,2024-06-06,2024-12-31,1,GERENCIA DE TECNOLOGÍAS Y SISTEMAS DE INFORMACIÓN
653651,2025-05-12,2026-12-31,4,FACULTAD DE CIENCIAS NATURALES Y MATEMÁTICAS
653690,2023-11-15,2023-12-31,1,GERENCIA DE TECNOLOGÍAS Y SISTEMAS DE INFORMACIÓN
653690,2024-01-08,2024-11-26,1,GERENCIA DE TECNOLOGÍAS Y SISTEMAS DE INFORMACIÓN
653764,2019-02-21,2019-08-31,1,DIRECCIÓN DE TALENTO HUMANO
653764,2019-09-06,2019-12-31,1,RECTORADO
653764,2020-01-02,2020-06-30,1,GERENCIA ADMINISTRATIVA
653770,2019-03-01,2023-11-01,17,"CENTRO DE INVESTIGACIÓN, DESARROLLO E INNOVACIÓN DE SISTEMAS COMPUTACIONALES"
653770,2022-02-07,2022-02-09,1,DECANATO DE INVESTIGACIÓN
653775,2020-12-01,2020-12-31,1,UNIDAD DE BIENESTAR ESTUDIANTIL Y POLITÉCNICO
653775,2021-12-16,2021-12-17,1,UNIDAD DE BIENESTAR ESTUDIANTIL Y POLITÉCNICO
653775,2022-03-02,2022-03-04,1,UNIDAD DE BIENESTAR ESTUDIANTIL Y POLITÉCNICO
653775,2022-03-28,2022-03-29,1,UNIDAD DE BIENESTAR ESTUDIANTIL Y POLITÉCNICO
653775,2022-04-21,2022-04-21,1,UNIDAD DE BIENESTAR ESTUDIANTIL Y POLITÉCNICO
653775,2022-06-10,2022-06-10,1,UNIDAD DE BIENESTAR ESTUDIANTIL Y POLITÉCNICO
653775,2022-06-30,2022-07-01,1,UNIDAD DE BIENESTAR ESTUDIANTIL Y POLITÉCNICO
653775,2022-09-09,2022-09-09,1,UNIDAD DE BIENESTAR ESTUDIANTIL Y POLITÉCNICO
653775,2022-09-14,2022-09-14,1,UNIDAD DE BIENESTAR ESTUDIANTIL Y POLITÉCNICO
653775,2022-09-22,2022-09-22,1,UNIDAD DE BIENESTAR ESTUDIANTIL Y POLITÉCNICO
653775,2019-03-01,2020-11-30,2,DIRECCIÓN DE SERVICIOS GENERALES
653775,2022-09-26,2022-10-03,1,UNIDAD DE BIENESTAR ESTUDIANTIL Y POLITÉCNICO
653775,2021-01-01,2023-10-31,11,FACULTAD DE INGENIERÍA EN ELECTRICIDAD Y COMPUTACIÓN
653777,2019-03-01,2019-12-31,1,UNIDAD DE BIENESTAR ESTUDIANTIL Y POLITÉCNICO
653778,2019-03-01,,28,DIRECCIÓN DE SERVICIOS GENERALES
653814,2019-03-01,2022-10-31,6,UNIDAD DE BIENESTAR ESTUDIANTIL Y POLITÉCNICO
653814,2022-11-01,,14,GERENCIA DE BIENESTAR POLITÉCNICO
653815,2019-03-01,2020-12-31,3,UNIDAD DE BIENESTAR ESTUDIANTIL Y POLITÉCNICO
653815,2021-12-27,2021-12-28,1,UNIDAD DE BIENESTAR ESTUDIANTIL Y POLITÉCNICO
653815,2022-02-09,2022-02-23,1,UNIDAD DE BIENESTAR ESTUDIANTIL Y POLITÉCNICO
653815,2021-01-01,,17,GERENCIA DE BIENESTAR POLITÉCNICO
653816,2019-03-01,2022-11-07,11,UNIDAD DE BIENESTAR ESTUDIANTIL Y POLITÉCNICO
653816,2022-12-27,2022-12-30,1,UNIDAD DE BIENESTAR ESTUDIANTIL Y POLITÉCNICO
653816,2022-11-08,,30,GERENCIA DE BIENESTAR POLITÉCNICO
653827,2019-04-01,2022-12-31,5,DIRECCIÓN DE SERVICIOS GENERALES
653827,2023-02-22,2023-03-15,1,DIRECCIÓN DE SERVICIOS GENERALES
653827,2024-01-15,2024-02-05,1,DIRECCIÓN DE SERVICIOS GENERALES
653827,2023-01-01,,6,DIRECCION DE SEGURIDAD FISICA
653835,2019-04-01,2019-12-31,1,SECRETARIA ADMINISTRATIVA
653835,2020-01-02,2020-12-31,1,SECRETARIA ADMINISTRATIVA
653835,2021-01-04,2021-12-31,1,SECRETARIA ADMINISTRATIVA
653835,2022-01-06,2022-12-31,1,SECRETARIA ADMINISTRATIVA
653835,2023-01-09,2023-12-31,1,SECRETARIA ADMINISTRATIVA
653835,2024-01-08,2024-12-31,1,SECRETARIA ADMINISTRATIVA
653835,2025-01-06,2025-12-31,1,SECRETARIA ADMINISTRATIVA
653835,2026-01-06,,1,SECRETARIA ADMINISTRATIVA
653837,2019-03-01,2020-02-28,1,GERENCIA DE COMUNICACIÓN SOCIAL Y ASUNTOS PÚBLICOS
653852,2019-05-13,,22,FACULTAD DE INGENIERÍA MECÁNICA Y CIENCIAS DE LA PRODUCCIÓN
653854,2021-06-15,2021-12-31,1,DECANATO DE INVESTIGACIÓN
653854,2022-01-01,,15,CENTRO DE INVESTIGACIONES BIOTECNOLÓGICAS DEL ECUADOR
653858,2019-05-01,2020-12-31,2,GERENCIA DE INFRAESTRUCTURA FÍSICA
653884,2024-06-03,2025-09-19,4,FACULTAD DE INGENIERÍA MECÁNICA Y CIENCIAS DE LA PRODUCCIÓN
653914,2024-08-08,2024-09-20,1,FACULTAD DE CIENCIAS NATURALES Y MATEMÁTICAS
653914,2024-10-02,2025-05-04,2,FACULTAD DE CIENCIAS NATURALES Y MATEMÁTICAS
653914,2025-05-12,,5,DECANATO DE GRADO
653985,2024-06-10,2024-09-20,1,FACULTAD DE INGENIERÍA MECÁNICA Y CIENCIAS DE LA PRODUCCIÓN
653985,2024-09-30,,5,FACULTAD DE INGENIERÍA MECÁNICA Y CIENCIAS DE LA PRODUCCIÓN
654017,2024-06-17,2024-12-31,2,GERENCIA DE TECNOLOGÍAS Y SISTEMAS DE INFORMACIÓN
654027,2024-12-09,,6,CENTRO DE EMPRENDIMIENTO E INNOVACIÓN I3LAB
654081,2024-07-04,2024-12-31,1,GERENCIA DE TECNOLOGÍAS Y SISTEMAS DE INFORMACIÓN
654082,2024-06-17,2024-12-31,2,GERENCIA DE TECNOLOGÍAS Y SISTEMAS DE INFORMACIÓN
654104,2025-05-07,,5,DIRECCIÓN DE ADMISIONES
654107,2023-08-07,2024-07-26,4,FACULTAD DE CIENCIAS NATURALES Y MATEMÁTICAS
654118,2022-04-25,2022-12-31,1,DECANATO DE INVESTIGACIÓN
654118,2023-01-09,2023-12-31,1,DECANATO DE INVESTIGACIÓN
654129,2022-03-14,2022-05-06,1,GERENCIA DE PLANIFICACIÓN ESTRATÉGICA
654169,2024-10-08,2025-02-14,3,FACULTAD DE CIENCIAS NATURALES Y MATEMÁTICAS
654169,2025-05-12,,4,FACULTAD DE CIENCIAS NATURALES Y MATEMÁTICAS
654191,2024-05-22,2024-09-20,1,FACULTAD DE INGENIERÍA MECÁNICA Y CIENCIAS DE LA PRODUCCIÓN
654197,2023-10-05,2024-03-31,5,FACULTAD DE INGENIERÍA MECÁNICA Y CIENCIAS DE LA PRODUCCIÓN
654221,2023-10-05,2023-12-31,2,FACULTAD DE INGENIERÍA MECÁNICA Y CIENCIAS DE LA PRODUCCIÓN
654247,2022-09-19,2022-12-31,1,DECANATO DE INVESTIGACIÓN
654247,2023-05-15,,11,FACULTAD DE INGENIERÍA EN ELECTRICIDAD Y COMPUTACIÓN
654250,2024-05-06,2026-02-13,5,FACULTAD DE CIENCIAS NATURALES Y MATEMÁTICAS
654253,2023-10-05,2024-05-05,4,FACULTAD DE INGENIERÍA MECÁNICA Y CIENCIAS DE LA PRODUCCIÓN
654253,2024-05-13,2025-12-31,8,FACULTAD DE INGENIERÍA EN ELECTRICIDAD Y COMPUTACIÓN
654253,2026-01-01,,3,DIRECCIÓN DE ADMISIONES
654262,2023-08-01,2023-12-31,1,FACULTAD DE CIENCIAS SOCIALES Y HUMANÍSTICAS
654262,2022-03-14,2022-12-31,2,DECANATO DE INVESTIGACIÓN
654262,2024-06-03,2025-12-31,5,FACULTAD DE CIENCIAS SOCIALES Y HUMANÍSTICAS
654297,2026-05-11,,2,FACULTAD DE INGENIERÍA EN CIENCIAS DE LA TIERRA
654344,2024-11-19,2024-12-31,1,GERENCIA DE TECNOLOGÍAS Y SISTEMAS DE INFORMACIÓN
654349,2020-12-01,2022-12-31,4,DIRECCIÓN DE SERVICIOS GENERALES
654349,2023-02-22,2023-02-24,1,DIRECCIÓN DE SERVICIOS GENERALES
654349,2023-09-14,2023-09-29,1,DIRECCIÓN DE SERVICIOS GENERALES
654349,2019-05-01,2020-11-30,2,GERENCIA ADMINISTRATIVA
654349,2024-02-05,2024-02-09,1,DIRECCIÓN DE SERVICIOS GENERALES
654349,2023-01-01,,4,DIRECCION DE SEGURIDAD FISICA
654350,2019-05-02,2020-11-30,2,DIRECCIÓN DE SERVICIOS GENERALES
654350,2020-12-01,,24,FACULTAD DE CIENCIAS DE LA VIDA
654351,2019-05-02,,17,DIRECCIÓN DE SERVICIOS GENERALES
654354,2020-02-22,2023-12-29,15,FACULTAD DE INGENIERÍA MECÁNICA Y CIENCIAS DE LA PRODUCCIÓN
654354,2024-04-01,2024-05-10,1,FACULTAD DE INGENIERÍA MECÁNICA Y CIENCIAS DE LA PRODUCCIÓN
654354,2024-05-29,2024-08-02,1,FACULTAD DE INGENIERÍA MECÁNICA Y CIENCIAS DE LA PRODUCCIÓN
654354,2024-12-26,2024-12-31,1,FACULTAD DE INGENIERÍA MECÁNICA Y CIENCIAS DE LA PRODUCCIÓN
654354,2025-02-24,2025-03-18,1,FACULTAD DE INGENIERÍA MECÁNICA Y CIENCIAS DE LA PRODUCCIÓN
654354,2025-05-26,2025-05-30,1,FACULTAD DE INGENIERÍA MECÁNICA Y CIENCIAS DE LA PRODUCCIÓN
654354,2025-07-11,2025-08-02,1,FACULTAD DE INGENIERÍA MECÁNICA Y CIENCIAS DE LA PRODUCCIÓN
654354,2025-12-26,2025-12-31,1,FACULTAD DE INGENIERÍA MECÁNICA Y CIENCIAS DE LA PRODUCCIÓN
654354,2026-02-23,2026-03-02,1,FACULTAD DE INGENIERÍA MECÁNICA Y CIENCIAS DE LA PRODUCCIÓN
654354,2026-03-20,2026-04-02,1,FACULTAD DE INGENIERÍA MECÁNICA Y CIENCIAS DE LA PRODUCCIÓN
654354,2026-08-31,,1,FACULTAD DE INGENIERÍA MECÁNICA Y CIENCIAS DE LA PRODUCCIÓN
654355,2020-02-22,,23,FACULTAD DE INGENIERÍA MECÁNICA Y CIENCIAS DE LA PRODUCCIÓN
654356,2019-05-13,2023-10-27,12,FACULTAD DE CIENCIAS SOCIALES Y HUMANÍSTICAS
654357,2019-05-13,2021-12-31,6,FACULTAD DE CIENCIAS SOCIALES Y HUMANÍSTICAS
654358,2020-02-22,2023-03-15,11,FACULTAD DE INGENIERÍA EN CIENCIAS DE LA TIERRA
654359,2019-05-13,2023-09-21,11,FACULTAD DE CIENCIAS NATURALES Y MATEMÁTICAS
654360,2019-05-13,,26,FACULTAD DE CIENCIAS NATURALES Y MATEMÁTICAS
654361,2019-05-13,2024-02-16,15,FACULTAD DE CIENCIAS NATURALES Y MATEMÁTICAS
654363,2019-12-01,,23,FACULTAD DE CIENCIAS NATURALES Y MATEMÁTICAS
654364,2020-02-22,2024-02-16,12,FACULTAD DE CIENCIAS NATURALES Y MATEMÁTICAS
654365,2019-11-01,2022-02-28,8,FACULTAD DE CIENCIAS NATURALES Y MATEMÁTICAS
654370,2019-05-13,2020-02-21,3,FACULTAD DE CIENCIAS NATURALES Y MATEMÁTICAS
654372,2019-12-02,2022-11-07,13,UNIDAD DE BIENESTAR ESTUDIANTIL Y POLITÉCNICO
654372,2022-12-12,2023-01-12,1,UNIDAD DE BIENESTAR ESTUDIANTIL Y POLITÉCNICO
654372,2022-11-08,,37,GERENCIA DE BIENESTAR POLITÉCNICO
654374,2021-05-17,2022-02-18,2,FACULTAD DE INGENIERÍA EN CIENCIAS DE LA TIERRA
654374,2022-05-16,2022-09-23,1,FACULTAD DE INGENIERÍA EN CIENCIAS DE LA TIERRA
654374,2022-10-03,2024-02-16,7,FACULTAD DE INGENIERÍA EN CIENCIAS DE LA TIERRA
654374,2024-02-19,2024-03-22,1,FACULTAD DE INGENIERÍA EN CIENCIAS DE LA TIERRA
654374,2024-05-13,2025-02-14,3,FACULTAD DE INGENIERÍA EN CIENCIAS DE LA TIERRA
654376,2019-05-13,2022-02-18,9,DECANATO DE GRADO
654379,2020-10-01,2020-12-31,1,FACULTAD DE CIENCIAS DE LA VIDA
654381,2019-05-02,,33,DIRECCIÓN DE SERVICIOS GENERALES
654387,2019-05-13,2019-09-20,1,FACULTAD DE CIENCIAS NATURALES Y MATEMÁTICAS
654387,2020-02-22,2022-02-18,4,FACULTAD DE CIENCIAS NATURALES Y MATEMÁTICAS
654388,2019-05-02,2020-04-30,1,GERENCIA DE COMUNICACIÓN SOCIAL Y ASUNTOS PÚBLICOS
654388,2023-01-09,2023-04-12,1,GERENCIA DE COMUNICACIÓN
654392,2019-05-13,2021-12-31,7,FACULTAD DE CIENCIAS NATURALES Y MATEMÁTICAS
654402,2019-05-01,2019-12-31,1,UNIDAD DE VINCULACIÓN CON LA SOCIEDAD
654402,2020-01-02,2020-12-31,1,UNIDAD DE VINCULACIÓN CON LA SOCIEDAD
654402,2021-01-04,2021-12-31,1,UNIDAD DE VINCULACIÓN CON LA SOCIEDAD
654407,2020-02-22,,20,FACULTAD DE CIENCIAS NATURALES Y MATEMÁTICAS
654412,2023-03-01,,22,DIRECCIÓN DE SERVICIOS GENERALES
654428,2019-06-14,2020-07-15,1,DIRECCIÓN DE TALENTO HUMANO
654428,2020-07-16,2020-07-16,1,DESCONOCIDA
654444,2019-06-04,2019-12-31,1,RECTORADO
654445,2019-10-01,2020-04-01,1,CENTRO DE INVESTIGACIÓN Y PROYECTOS APLICADOS A LAS CIENCIAS DE LA TIERRA
654455,2019-05-13,2020-02-21,4,FACULTAD DE CIENCIAS NATURALES Y MATEMÁTICAS
654462,2019-05-06,2020-04-30,1,RECTORADO
654490,2020-10-01,2020-12-31,1,DESCONOCIDA
654490,2021-01-01,2021-04-30,1,DIRECCIÓN DE ADMISIONES
654490,2021-05-17,,20,DECANATO DE GRADO
654511,2019-07-17,2021-05-17,2,DIRECCIÓN DE ADQUISICIONES Y SUMINISTROS
654527,2019-08-01,2022-11-14,14,RECTORADO
654527,2022-11-23,2022-11-24,1,RECTORADO
654527,2022-11-01,2023-02-09,1,DIRECCIÓN DE SERVICIOS GENERALES
654527,2022-11-15,2024-06-02,18,VICERRECTORADO DE DOCENCIA
654527,2024-06-03,,16,DIRECCIÓN DE TALENTO HUMANO
654548,2021-09-01,,26,FACULTAD DE CIENCIAS SOCIALES Y HUMANÍSTICAS
654570,2020-03-01,2020-03-31,2,GERENCIA JURÍDICA
654583,2020-08-01,2021-07-07,1,DIRECCIÓN DE ADQUISICIONES Y SUMINISTROS
654583,2021-10-14,2021-10-15,1,DIRECCIÓN DE ADQUISICIONES Y SUMINISTROS
654583,2021-11-24,2021-11-24,1,DIRECCIÓN DE ADQUISICIONES Y SUMINISTROS
654583,2021-07-08,,18,DIRECCIÓN DE ADQUISICIONES
655235,2025-11-06,2025-12-31,1,FACULTAD DE CIENCIAS DE LA VIDA
655447,2024-11-20,2024-12-31,1,FACULTAD DE CIENCIAS SOCIALES Y HUMANÍSTICAS
655509,2023-10-06,2023-12-31,2,FACULTAD DE CIENCIAS DE LA VIDA
655515,2024-06-06,2024-12-31,1,GERENCIA DE TECNOLOGÍAS Y SISTEMAS DE INFORMACIÓN
655516,2024-09-23,2024-10-22,1,"CENTRO DE INVESTIGACIÓN, DESARROLLO E INNOVACIÓN DE SISTEMAS COMPUTACIONALES"
655517,2023-11-15,2023-12-31,1,GERENCIA DE TECNOLOGÍAS Y SISTEMAS DE INFORMACIÓN
655517,2024-01-08,2024-11-26,1,GERENCIA DE TECNOLOGÍAS Y SISTEMAS DE INFORMACIÓN
655520,2024-10-09,2024-12-31,1,"CENTRO DE INVESTIGACIÓN, DESARROLLO E INNOVACIÓN DE SISTEMAS COMPUTACIONALES"
655522,2025-10-03,2025-12-31,1,"CENTRO DE INVESTIGACIÓN, DESARROLLO E INNOVACIÓN DE SISTEMAS COMPUTACIONALES"
655525,2024-08-28,2024-12-31,1,GERENCIA DE TECNOLOGÍAS Y SISTEMAS DE INFORMACIÓN
655538,2026-07-13,2026-08-25,1,CENTRO DE TECNOLOGÍAS DE LA INFORMACIÓN
655555,2024-05-13,2024-09-20,1,FACULTAD DE INGENIERÍA EN ELECTRICIDAD Y COMPUTACIÓN
655569,2025-05-12,,5,FACULTAD DE INGENIERÍA EN ELECTRICIDAD Y COMPUTACIÓN
655570,2025-01-02,2025-02-14,1,FACULTAD DE INGENIERÍA EN ELECTRICIDAD Y COMPUTACIÓN
655588,2025-09-29,2025-12-31,1,FACULTAD DE INGENIERÍA MECÁNICA Y CIENCIAS DE LA PRODUCCIÓN
655596,2024-10-22,2024-12-31,1,GERENCIA DE TECNOLOGÍAS Y SISTEMAS DE INFORMACIÓN
655624,2024-11-20,2024-12-31,1,FACULTAD DE CIENCIAS NATURALES Y MATEMÁTICAS
655702,2024-10-21,2024-12-31,1,DIRECCIÓN DE TALENTO HUMANO
655729,2024-04-16,2024-05-17,1,CENTRO DE ESTUDIOS ASIA-PACÍFICO
655729,2026-05-04,,1,FACULTAD DE CIENCIAS SOCIALES Y HUMANÍSTICAS
655736,2024-11-20,2024-12-31,1,FACULTAD DE CIENCIAS SOCIALES Y HUMANÍSTICAS
655747,2024-08-28,2024-12-31,1,FACULTAD DE CIENCIAS NATURALES Y MATEMÁTICAS
655764,2025-03-21,2025-12-31,1,CENTRO DE ESTUDIOS ASIA-PACÍFICO
655773,2023-05-25,2023-07-24,1,DECANATO DE INVESTIGACIÓN
655773,2023-09-27,2023-12-31,1,"VICERRECTORADO DE INVESTIGACIÓN, DESARROLLO E INNOVACIÓN"
655779,2024-11-20,2024-12-31,1,FACULTAD DE CIENCIAS SOCIALES Y HUMANÍSTICAS
655925,2021-08-20,2021-12-31,1,DECANATO DE INVESTIGACIÓN
655963,2020-01-02,2023-02-17,8,FACULTAD DE CIENCIAS DE LA VIDA
655964,2019-10-01,2023-03-10,11,CENTRO NACIONAL DE ACUICULTURA E INVESTIGACIONES MARINAS
655964,2023-12-26,2023-12-29,1,CENTRO NACIONAL DE ACUICULTURA E INVESTIGACIONES MARINAS
655964,2024-06-06,2024-06-14,1,CENTRO NACIONAL DE ACUICULTURA E INVESTIGACIONES MARINAS
655964,2024-09-05,2024-09-06,1,CENTRO NACIONAL DE ACUICULTURA E INVESTIGACIONES MARINAS
655964,2024-12-30,2024-12-31,1,CENTRO NACIONAL DE ACUICULTURA E INVESTIGACIONES MARINAS
655964,2025-04-07,2025-04-11,1,CENTRO NACIONAL DE ACUICULTURA E INVESTIGACIONES MARINAS
655964,2025-08-07,2025-08-15,1,CENTRO NACIONAL DE ACUICULTURA E INVESTIGACIONES MARINAS
655964,2025-09-25,2025-09-26,1,CENTRO NACIONAL DE ACUICULTURA E INVESTIGACIONES MARINAS
655964,2025-12-23,2025-12-26,1,CENTRO NACIONAL DE ACUICULTURA E INVESTIGACIONES MARINAS
655964,2026-05-28,2026-05-28,1,CENTRO NACIONAL DE ACUICULTURA E INVESTIGACIONES MARINAS
655964,2026-06-19,2026-06-19,1,CENTRO NACIONAL DE ACUICULTURA E INVESTIGACIONES MARINAS
655964,2026-06-24,2026-06-24,1,CENTRO NACIONAL DE ACUICULTURA E INVESTIGACIONES MARINAS
655964,2026-07-23,2026-07-24,1,CENTRO NACIONAL DE ACUICULTURA E INVESTIGACIONES MARINAS
655964,2026-09-01,,1,CENTRO NACIONAL DE ACUICULTURA E INVESTIGACIONES MARINAS
655974,2019-09-30,2021-09-09,4,FACULTAD DE CIENCIAS NATURALES Y MATEMÁTICAS
655976,2019-10-15,2019-12-31,1,RECTORADO
655982,2018-10-01,2023-12-31,12,FACULTAD DE CIENCIAS NATURALES Y MATEMÁTICAS
655982,2024-02-19,,9,FACULTAD DE CIENCIAS NATURALES Y MATEMÁTICAS
655989,2020-02-22,2021-07-30,4,FACULTAD DE INGENIERÍA EN CIENCIAS DE LA TIERRA
655989,2023-05-02,,17,FACULTAD DE INGENIERÍA EN CIENCIAS DE LA TIERRA
655995,2019-11-05,2025-02-26,22,DIRECCIÓN DE SERVICIOS GENERALES
655995,2025-03-24,2025-03-28,1,DIRECCIÓN DE SERVICIOS GENERALES
655995,2025-01-01,,7,FACULTAD DE CIENCIAS NATURALES Y MATEMÁTICAS
655996,2019-11-05,,29,DIRECCIÓN DE SERVICIOS GENERALES
655997,2019-11-06,2019-12-31,1,DIRECCIÓN DE SERVICIOS GENERALES
655997,2020-01-01,2020-09-14,1,DIRECCIÓN DE ADQUISICIONES Y SUMINISTROS
655998,2019-11-05,,20,CENTRO DE INFORMACIÓN BIBLIOTECARIA
656001,2021-06-18,2021-12-31,1,DECANATO DE INVESTIGACIÓN
656002,2024-12-02,,10,GERENCIA DE BIENESTAR POLITÉCNICO
656003,2022-01-03,2022-10-31,2,UNIDAD DE BIENESTAR ESTUDIANTIL Y POLITÉCNICO
656003,2023-01-20,2023-01-20,1,UNIDAD DE BIENESTAR ESTUDIANTIL Y POLITÉCNICO
656003,2023-03-27,2023-04-06,1,UNIDAD DE BIENESTAR ESTUDIANTIL Y POLITÉCNICO
656003,2023-07-25,2023-08-04,1,UNIDAD DE BIENESTAR ESTUDIANTIL Y POLITÉCNICO
656003,2022-11-01,,16,GERENCIA DE BIENESTAR POLITÉCNICO
656019,2024-09-30,2025-02-14,2,DECANATO DE GRADO
656019,2025-05-12,2026-02-13,4,DECANATO DE GRADO
656027,2019-12-02,2020-02-28,1,GERENCIA DE TECNOLOGÍAS Y SISTEMAS DE INFORMACIÓN
656027,2020-02-29,2020-02-29,1,DESCONOCIDA
656028,2019-12-02,,24,FACULTAD DE INGENIERÍA EN CIENCIAS DE LA TIERRA
656039,2019-12-09,2019-12-27,1,CENTRO DE INVESTIGACIONES Y SERVICIOS EDUCATIVOS
656039,2022-03-07,2022-03-31,1,DECANATO DE INVESTIGACIÓN
656052,2024-10-01,,11,FACULTAD DE INGENIERÍA EN ELECTRICIDAD Y COMPUTACIÓN
656162,2022-08-01,,23,FACULTAD DE INGENIERÍA MECÁNICA Y CIENCIAS DE LA PRODUCCIÓN
656168,2025-07-09,2025-12-31,1,DECANATO DE GRADO
656168,2024-07-01,2024-09-30,1,DIRECCIÓN DE ADMISIONES
656168,2026-01-06,,1,DECANATO DE GRADO
656194,2024-12-02,2024-12-31,1,GERENCIA DE TECNOLOGÍAS Y SISTEMAS DE INFORMACIÓN
656311,2021-01-04,2022-10-31,5,UNIDAD DE BIENESTAR ESTUDIANTIL Y POLITÉCNICO
656311,2022-12-12,2022-12-27,1,UNIDAD DE BIENESTAR ESTUDIANTIL Y POLITÉCNICO
656311,2022-11-01,2025-10-04,29,GERENCIA DE BIENESTAR POLITÉCNICO
656459,2021-05-20,2021-12-31,1,DECANATO DE INVESTIGACIÓN
656459,2022-01-06,2022-09-30,1,DECANATO DE INVESTIGACIÓN
656587,2025-09-01,2025-12-31,2,FACULTAD DE CIENCIAS DE LA VIDA
656651,2024-06-12,2024-12-31,1,GERENCIA DE TECNOLOGÍAS Y SISTEMAS DE INFORMACIÓN
656651,2024-01-08,2024-06-08,1,CENTRO INTERNACIONAL DEL PACÍFICO PARA LA REDUCCIÓN DEL RIESGO DE DESASTRES
656651,2025-01-06,2025-03-21,1,GERENCIA DE TECNOLOGÍAS Y SISTEMAS DE INFORMACIÓN
656709,2021-09-01,,15,DIRECCIÓN DE SERVICIOS GENERALES
656718,2021-09-01,2021-09-02,1,DIRECCIÓN DE SERVICIOS GENERALES
656719,2022-05-03,2022-06-30,1,DIRECCIÓN DE SERVICIOS GENERALES
656719,2022-09-01,2025-03-07,13,DIRECCIÓN DE SERVICIOS GENERALES
656754,2022-05-13,2022-05-13,1,SECRETARIA ADMINISTRATIVA
656754,2024-01-12,2024-01-16,1,SECRETARIA ADMINISTRATIVA
656754,2025-01-20,2025-02-03,1,SECRETARIA ADMINISTRATIVA
656754,2025-03-17,2025-04-15,2,SECRETARIA ADMINISTRATIVA
656754,2021-04-01,2026-02-07,31,GERENCIA JURÍDICA
656754,2025-12-26,2025-12-31,1,SECRETARIA ADMINISTRATIVA
656778,2020-02-03,2020-02-07,1,UNIDAD DE BIENESTAR ESTUDIANTIL Y POLITÉCNICO
656779,2020-06-01,2020-12-31,1,UNIDAD DE BIENESTAR ESTUDIANTIL Y POLITÉCNICO
656779,2021-10-25,2021-10-28,1,UNIDAD DE BIENESTAR ESTUDIANTIL Y POLITÉCNICO
656779,2021-12-22,2021-12-23,1,UNIDAD DE BIENESTAR ESTUDIANTIL Y POLITÉCNICO
656779,2022-04-18,2022-04-18,1,UNIDAD DE BIENESTAR ESTUDIANTIL Y POLITÉCNICO
656779,2022-04-28,2022-04-28,1,UNIDAD DE BIENESTAR ESTUDIANTIL Y POLITÉCNICO
656779,2022-05-06,2022-05-06,1,UNIDAD DE BIENESTAR ESTUDIANTIL Y POLITÉCNICO
656779,2022-05-26,2022-05-26,1,UNIDAD DE BIENESTAR ESTUDIANTIL Y POLITÉCNICO
656779,2022-09-06,2022-09-06,1,UNIDAD DE BIENESTAR ESTUDIANTIL Y POLITÉCNICO
656779,2020-03-02,2020-05-31,1,DIRECCIÓN DE SERVICIOS GENERALES
656779,2022-09-08,2022-09-08,1,UNIDAD DE BIENESTAR ESTUDIANTIL Y POLITÉCNICO
656779,2021-01-01,2024-06-20,10,GERENCIA DE BIENESTAR POLITÉCNICO
656780,2020-03-02,2022-10-03,5,DIRECCIÓN DE SERVICIOS GENERALES
656781,2020-03-02,2021-09-01,2,CENTRO DE INVESTIGACIONES BIOTECNOLÓGICAS DEL ECUADOR
656831,2025-12-01,,5,FACULTAD DE CIENCIAS DE LA VIDA
656842,2021-01-20,2022-06-01,5,"FACULTAD DE ARTE, DISEÑO Y COMUNICACIÓN AUDIOVISUAL"
656852,2022-11-01,,14,DIRECCIÓN DE SERVICIOS GENERALES
657132,2022-05-03,2022-06-30,1,DIRECCIÓN DE SERVICIOS GENERALES
657168,2021-11-30,2021-12-15,1,GERENCIA DE INFRAESTRUCTURA FÍSICA
657319,2026-01-06,,1,CENTRO DE TECNOLOGÍAS DE LA INFORMACIÓN
657331,2026-01-07,2026-05-03,1,FACULTAD DE CIENCIAS SOCIALES Y HUMANÍSTICAS
657356,2026-01-06,,3,FACULTAD DE CIENCIAS DE LA VIDA
657391,2024-10-18,2024-12-31,1,OFICINA DE TRANSFERENCIA DE RESULTADOS DE INVESTIGACIÓN - OTRI EN LA ESPOL
657449,2025-05-12,,8,FACULTAD DE INGENIERÍA EN CIENCIAS DE LA TIERRA
657500,2025-05-06,2025-09-20,1,DIRECCIÓN DE ADMISIONES
657523,2025-10-03,,3,FACULTAD DE INGENIERÍA EN ELECTRICIDAD Y COMPUTACIÓN
658070,2025-09-17,2025-12-31,1,"VICERRECTORADO DE INVESTIGACIÓN, DESARROLLO E INNOVACIÓN"
658070,2026-01-06,,1,"VICERRECTORADO DE INVESTIGACIÓN, DESARROLLO E INNOVACIÓN"
658075,2025-01-06,,2,DIRECCION DE SEGURIDAD FISICA
658138,2022-05-16,,13,"FACULTAD DE ARTE, DISEÑO Y COMUNICACIÓN AUDIOVISUAL"
658200,2020-08-15,2020-11-15,1,UNIDAD DE BIENESTAR ESTUDIANTIL Y POLITÉCNICO
658206,2020-08-03,2024-01-22,4,AUDITORÍA INTERNA
658319,2026-01-06,,1,CENTRO DE INVESTIGACIONES BIOTECNOLÓGICAS DEL ECUADOR
658334,2020-08-06,2020-10-31,1,"CENTRO DE INVESTIGACIÓN, DESARROLLO E INNOVACIÓN DE SISTEMAS COMPUTACIONALES"
658349,2022-02-01,2022-08-18,1,DECANATO DE INVESTIGACIÓN
658362,2020-10-01,2020-12-31,1,DESCONOCIDA
658362,2021-01-01,2024-09-30,13,FACULTAD DE INGENIERÍA MECÁNICA Y CIENCIAS DE LA PRODUCCIÓN
658363,2020-10-01,2020-12-31,1,DESCONOCIDA
658363,2021-01-01,2021-03-31,1,FACULTAD DE INGENIERÍA MECÁNICA Y CIENCIAS DE LA PRODUCCIÓN
658364,2021-01-01,2022-09-09,5,FACULTAD DE CIENCIAS DE LA VIDA
658364,2021-09-06,2021-09-10,1,DECANATO DE INVESTIGACIÓN
658365,2020-10-01,2022-02-18,5,FACULTAD DE CIENCIAS SOCIALES Y HUMANÍSTICAS
658365,2022-03-02,2025-05-11,16,FACULTAD DE CIENCIAS SOCIALES Y HUMANÍSTICAS
658366,2020-09-07,2023-09-08,7,CENTRO DE TECNOLOGÍAS DE LA INFORMACIÓN
658370,2020-10-01,2022-10-31,10,UNIDAD DE BIENESTAR ESTUDIANTIL Y POLITÉCNICO
658370,2022-11-01,,28,GERENCIA DE BIENESTAR POLITÉCNICO
658371,2020-10-01,,30,CENTRO NACIONAL DE ACUICULTURA E INVESTIGACIONES MARINAS
658467,2024-10-10,2024-12-31,1,OFICINA DE TRANSFERENCIA DE RESULTADOS DE INVESTIGACIÓN - OTRI EN LA ESPOL
658478,2024-02-22,2024-04-22,1,CENTRO INTERNACIONAL DEL PACÍFICO PARA LA REDUCCIÓN DEL RIESGO DE DESASTRES
658481,2024-11-05,2024-12-31,1,GERENCIA DE TECNOLOGÍAS Y SISTEMAS DE INFORMACIÓN
658560,2025-11-17,2025-12-31,1,FACULTAD DE CIENCIAS DE LA VIDA
658560,2026-07-13,,1,FACULTAD DE CIENCIAS DE LA VIDA
658647,2021-12-01,2022-12-31,2,DIRECCIÓN DE SERVICIOS GENERALES
658647,2023-02-10,2023-02-10,1,DIRECCIÓN DE SERVICIOS GENERALES
658647,2023-01-01,,10,DIRECCION DE SEGURIDAD FISICA
658658,2020-10-01,,25,DIRECCIÓN DE SERVICIOS GENERALES
658659,2020-10-01,,35,DIRECCIÓN DE SERVICIOS GENERALES
658674,2021-01-01,2021-04-30,1,DECANATO DE GRADO
658674,2021-05-17,2023-02-19,4,DECANATO DE GRADO
658674,2020-10-12,2020-12-31,1,DESCONOCIDA
658674,2023-05-15,2024-02-16,3,DECANATO DE GRADO
658676,2023-10-02,2024-02-16,3,FACULTAD DE INGENIERÍA EN CIENCIAS DE LA TIERRA
658678,2021-05-17,,16,DECANATO DE GRADO
658679,2021-04-01,2021-07-07,1,DIRECCIÓN DE ADQUISICIONES Y SUMINISTROS
658679,2021-07-08,2026-04-30,21,GERENCIA ADMINISTRATIVA
658681,2020-11-04,2020-11-30,1,UNIDAD DE VINCULACIÓN CON LA SOCIEDAD
658687,2022-12-01,,22,GERENCIA JURÍDICA
658687,2023-02-27,2023-02-28,1,SECRETARIA ADMINISTRATIVA
658694,2023-11-01,,16,GERENCIA DE BIENESTAR POLITÉCNICO
658714,2021-01-06,2021-05-16,1,GERENCIA ADMINISTRATIVA
658714,2022-01-17,2022-12-31,2,GERENCIA ADMINISTRATIVA
658714,2021-05-17,2021-07-07,1,DIRECCIÓN DE ADQUISICIONES Y SUMINISTROS
658714,2021-07-08,2022-01-17,3,DIRECCIÓN DE ADQUISICIONES
658716,2021-01-04,2026-01-09,32,GERENCIA DE INFRAESTRUCTURA FÍSICA
659263,2025-11-27,2026-05-22,2,FACULTAD DE INGENIERÍA MECÁNICA Y CIENCIAS DE LA PRODUCCIÓN
659295,2025-11-06,2025-12-31,1,FACULTAD DE CIENCIAS DE LA VIDA
659311,2024-11-15,2024-12-31,1,GERENCIA DE TECNOLOGÍAS Y SISTEMAS DE INFORMACIÓN
659315,2025-06-09,2025-12-31,1,DECANATO DE GRADO
659315,2026-01-06,2026-06-05,1,DECANATO DE GRADO
659325,2025-06-24,2025-12-31,1,GERENCIA DE TECNOLOGÍAS Y SISTEMAS DE INFORMACIÓN
659325,2026-01-06,2026-02-13,1,GERENCIA DE TECNOLOGÍAS Y SISTEMAS DE INFORMACIÓN
659575,2021-02-01,,16,CENTRO NACIONAL DE ACUICULTURA E INVESTIGACIONES MARINAS
659576,2024-10-10,2025-02-14,2,FACULTAD DE CIENCIAS SOCIALES Y HUMANÍSTICAS
659576,2025-05-05,2026-02-13,2,FACULTAD DE CIENCIAS SOCIALES Y HUMANÍSTICAS
659576,2021-02-01,,20,SECRETARIA ADMINISTRATIVA
659576,2026-05-04,,1,FACULTAD DE CIENCIAS SOCIALES Y HUMANÍSTICAS
659580,2021-02-17,2021-12-31,1,FACULTAD DE CIENCIAS SOCIALES Y HUMANÍSTICAS
659582,2021-03-15,2021-04-21,1,FACULTAD DE INGENIERÍA MECÁNICA Y CIENCIAS DE LA PRODUCCIÓN
659590,2022-08-01,2023-04-07,6,DECANATO DE VINCULACIÓN
659592,2021-03-01,2024-03-31,12,GERENCIA ADMINISTRATIVA
659592,2024-05-15,2024-05-21,1,GERENCIA ADMINISTRATIVA
659592,2024-04-01,2024-09-25,5,DIRECCIÓN DE SERVICIOS GENERALES
659596,2021-03-15,,38,FACULTAD DE CIENCIAS DE LA VIDA
659622,2022-02-01,2023-01-16,5,GERENCIA JURÍDICA
659627,2021-04-15,2023-02-17,6,FACULTAD DE INGENIERÍA MECÁNICA Y CIENCIAS DE LA PRODUCCIÓN
659644,2021-05-17,2023-09-22,10,FACULTAD DE INGENIERÍA MECÁNICA Y CIENCIAS DE LA PRODUCCIÓN
659653,2023-03-13,2023-03-19,1,DIRECCIÓN DE SERVICIOS GENERALES
659653,2023-03-28,2023-04-02,1,DIRECCIÓN DE SERVICIOS GENERALES
659653,2024-01-08,2024-01-20,3,DIRECCIÓN DE SERVICIOS GENERALES
659653,2024-07-10,2024-07-11,1,DIRECCIÓN DE SERVICIOS GENERALES
659653,2024-07-25,2024-07-25,1,DIRECCIÓN DE SERVICIOS GENERALES
659653,2024-08-07,2024-08-08,1,DIRECCIÓN DE SERVICIOS GENERALES
659653,2024-11-14,2024-11-25,1,DIRECCIÓN DE SERVICIOS GENERALES
659653,2024-12-24,2025-01-05,2,DIRECCIÓN DE SERVICIOS GENERALES
659653,2025-11-15,2025-11-21,1,DIRECCIÓN DE SERVICIOS GENERALES
659653,2026-01-26,2026-01-28,1,DIRECCIÓN DE SERVICIOS GENERALES
659653,2026-02-09,2026-02-15,1,DIRECCIÓN DE SERVICIOS GENERALES
659653,2021-08-02,,27,GERENCIA ADMINISTRATIVA
659653,2026-05-26,2026-06-07,2,DIRECCIÓN DE SERVICIOS GENERALES
659660,2021-05-03,2021-08-01,2,DIRECCIÓN DE ADQUISICIONES Y SUMINISTROS
659664,2021-05-17,2022-05-06,3,FACULTAD DE INGENIERÍA MECÁNICA Y CIENCIAS DE LA PRODUCCIÓN
659664,2023-01-01,2023-02-28,1,FACULTAD DE INGENIERÍA MECÁNICA Y CIENCIAS DE LA PRODUCCIÓN
659665,2021-05-17,,21,FACULTAD DE INGENIERÍA MECÁNICA Y CIENCIAS DE LA PRODUCCIÓN
659674,2023-05-15,2025-02-14,10,FACULTAD DE CIENCIAS SOCIALES Y HUMANÍSTICAS
659674,2025-03-06,2026-02-13,3,FACULTAD DE CIENCIAS SOCIALES Y HUMANÍSTICAS
659678,2021-05-17,2021-09-24,1,FACULTAD DE INGENIERÍA MECÁNICA Y CIENCIAS DE LA PRODUCCIÓN
659678,2021-10-04,2022-02-18,2,FACULTAD DE INGENIERÍA MECÁNICA Y CIENCIAS DE LA PRODUCCIÓN
659678,2022-05-16,2022-09-23,1,FACULTAD DE INGENIERÍA MECÁNICA Y CIENCIAS DE LA PRODUCCIÓN
659678,2022-10-03,2023-02-17,3,FACULTAD DE INGENIERÍA MECÁNICA Y CIENCIAS DE LA PRODUCCIÓN
659678,2023-05-15,2024-02-16,3,FACULTAD DE INGENIERÍA MECÁNICA Y CIENCIAS DE LA PRODUCCIÓN
659679,2021-05-17,,21,FACULTAD DE INGENIERÍA MECÁNICA Y CIENCIAS DE LA PRODUCCIÓN
659680,2021-05-13,2023-02-17,6,FACULTAD DE CIENCIAS DE LA VIDA
659680,2023-05-15,,11,FACULTAD DE CIENCIAS DE LA VIDA
659690,2021-10-15,2022-02-18,2,FACULTAD DE INGENIERÍA MECÁNICA Y CIENCIAS DE LA PRODUCCIÓN
659691,2021-05-03,2022-02-17,2,FACULTAD DE CIENCIAS NATURALES Y MATEMÁTICAS
659692,2024-12-02,,7,"FACULTAD DE ARTE, DISEÑO Y COMUNICACIÓN AUDIOVISUAL"
659693,2021-05-03,,31,GERENCIA FINANCIERA
659728,2025-10-28,2025-12-31,1,CENTRO DE INVESTIGACIONES Y SERVICIOS EDUCATIVOS
659728,2026-01-07,2026-02-28,1,CENTRO DE INVESTIGACIONES Y SERVICIOS EDUCATIVOS
659728,2026-04-08,,1,GERENCIA DE TECNOLOGÍAS Y SISTEMAS DE INFORMACIÓN
659818,2021-05-18,,13,DECANATO DE GRADO
659820,2021-05-26,2021-12-31,1,DECANATO DE INVESTIGACIÓN
659822,2023-03-01,2023-12-31,2,DECANATO DE INVESTIGACIÓN
659823,2021-05-17,2022-02-18,2,FACULTAD DE INGENIERÍA EN CIENCIAS DE LA TIERRA
659823,2022-05-16,2022-09-23,1,FACULTAD DE INGENIERÍA EN CIENCIAS DE LA TIERRA
659823,2022-10-03,2022-12-31,2,FACULTAD DE INGENIERÍA EN CIENCIAS DE LA TIERRA
659823,2023-01-10,2023-04-19,2,FACULTAD DE INGENIERÍA EN CIENCIAS DE LA TIERRA
660059,2021-06-10,,22,FACULTAD DE INGENIERÍA MARÍTIMA Y CIENCIAS DEL MAR
660310,2021-05-25,2021-08-31,1,DIRECCIÓN DE ADMISIONES
660310,2021-10-11,2021-12-31,1,DIRECCIÓN DE ADMISIONES
660358,2021-06-01,2021-08-31,1,DIRECCIÓN DE ADMISIONES
660358,2021-10-11,2021-12-31,1,DIRECCIÓN DE ADMISIONES
660358,2023-09-20,2023-12-31,1,DIRECCIÓN DE ADMISIONES
660643,2021-06-01,,28,GERENCIA FINANCIERA
660648,2021-06-01,,17,GERENCIA FINANCIERA
660656,2021-06-14,2024-01-23,9,AUDITORÍA INTERNA
660675,2021-08-04,2022-04-29,2,CENTRO ECUATORIANO DE INVESTIGACIÓN Y DESARROLLO EN NANOTECNOLOGÍA
660682,2021-08-06,2021-12-31,1,GERENCIA DE COMUNICACIÓN SOCIAL Y ASUNTOS PÚBLICOS
660685,2021-08-09,2021-08-19,1,FACULTAD DE CIENCIAS SOCIALES Y HUMANÍSTICAS
660685,2021-09-24,2021-09-27,1,FACULTAD DE CIENCIAS SOCIALES Y HUMANÍSTICAS
660708,2021-09-01,,12,DIRECCIÓN DE SERVICIOS GENERALES
660709,2021-09-01,,21,FACULTAD DE INGENIERÍA MARÍTIMA Y CIENCIAS DEL MAR
660710,2021-09-01,,23,FACULTAD DE INGENIERÍA MARÍTIMA Y CIENCIAS DEL MAR
660711,2021-09-01,,16,DIRECCIÓN DE SERVICIOS GENERALES
660716,2022-02-01,2022-12-01,6,GERENCIA JURÍDICA
660726,2025-02-17,,8,"FACULTAD DE ARTE, DISEÑO Y COMUNICACIÓN AUDIOVISUAL"
660727,2021-10-04,,20,FACULTAD DE CIENCIAS SOCIALES Y HUMANÍSTICAS
660730,2021-10-04,,20,FACULTAD DE CIENCIAS DE LA VIDA
661047,2022-08-01,2022-09-30,1,FACULTAD DE INGENIERÍA MARÍTIMA Y CIENCIAS DEL MAR
661227,2025-01-07,2025-12-31,1,"CENTRO DE INVESTIGACIÓN, DESARROLLO E INNOVACIÓN DE SISTEMAS COMPUTACIONALES"
661227,2026-01-06,,2,"CENTRO DE INVESTIGACIÓN, DESARROLLO E INNOVACIÓN DE SISTEMAS COMPUTACIONALES"
661234,2025-08-01,2025-12-31,1,GERENCIA DE TECNOLOGÍAS Y SISTEMAS DE INFORMACIÓN
661234,2026-01-06,,1,GERENCIA DE TECNOLOGÍAS Y SISTEMAS DE INFORMACIÓN
661261,2024-10-22,2024-12-31,1,GERENCIA DE TECNOLOGÍAS Y SISTEMAS DE INFORMACIÓN
661261,2025-08-20,2025-12-31,1,GERENCIA DE TECNOLOGÍAS Y SISTEMAS DE INFORMACIÓN
661261,2026-01-06,,1,GERENCIA DE TECNOLOGÍAS Y SISTEMAS DE INFORMACIÓN
661986,2021-10-01,,15,DIRECCIÓN DE SERVICIOS GENERALES
662018,2021-10-04,2022-02-18,3,FACULTAD DE CIENCIAS SOCIALES Y HUMANÍSTICAS
662018,2022-05-16,2022-09-23,1,FACULTAD DE CIENCIAS SOCIALES Y HUMANÍSTICAS
662018,2024-05-22,,9,FACULTAD DE CIENCIAS SOCIALES Y HUMANÍSTICAS
662044,2021-10-20,2023-12-29,10,CENTRO NACIONAL DE ACUICULTURA E INVESTIGACIONES MARINAS
662064,2021-10-12,2022-03-07,2,FACULTAD DE INGENIERÍA EN CIENCIAS DE LA TIERRA
662067,2021-10-01,2024-04-30,10,AUDITORÍA INTERNA
662109,2021-11-22,2023-05-21,7,"FACULTAD DE ARTE, DISEÑO Y COMUNICACIÓN AUDIOVISUAL"
662109,2025-05-05,,4,"FACULTAD DE ARTE, DISEÑO Y COMUNICACIÓN AUDIOVISUAL"
662147,2021-12-01,,23,FACULTAD DE CIENCIAS SOCIALES Y HUMANÍSTICAS
662157,2021-12-13,2025-07-12,11,CENTRO NACIONAL DE ACUICULTURA E INVESTIGACIONES MARINAS
662172,2022-01-03,2026-02-13,22,CENTRO DE INVESTIGACIONES BIOTECNOLÓGICAS DEL ECUADOR
662177,2022-01-03,,25,FACULTAD DE INGENIERÍA MECÁNICA Y CIENCIAS DE LA PRODUCCIÓN
662183,2022-01-17,2022-04-30,1,FACULTAD DE CIENCIAS DE LA VIDA
662184,2022-01-25,2023-12-31,9,CENTRO DE INVESTIGACIONES BIOTECNOLÓGICAS DEL ECUADOR
662184,2025-10-03,2025-12-31,1,CENTRO DE INVESTIGACIONES BIOTECNOLÓGICAS DEL ECUADOR
662436,2022-02-18,2022-12-31,1,FACULTAD DE CIENCIAS SOCIALES Y HUMANÍSTICAS
662436,2023-01-09,2023-12-31,1,FACULTAD DE CIENCIAS SOCIALES Y HUMANÍSTICAS
662436,2024-01-08,2024-12-31,1,FACULTAD DE CIENCIAS SOCIALES Y HUMANÍSTICAS
662436,2025-01-06,2025-12-31,1,FACULTAD DE CIENCIAS SOCIALES Y HUMANÍSTICAS
662490,2023-10-03,2023-12-31,2,FACULTAD DE INGENIERÍA EN CIENCIAS DE LA TIERRA
662510,2025-09-22,,6,DECANATO DE GRADO
662512,2022-03-02,2024-10-05,5,GERENCIA ADMINISTRATIVA
662520,2023-06-01,,13,FACULTAD DE CIENCIAS SOCIALES Y HUMANÍSTICAS
662522,2022-04-01,2024-06-21,12,DIRECCIÓN DE LA SECRETARÍA TÉCNICA ACADEMICA
662524,2022-04-01,2023-03-02,2,DIRECCIÓN DE SERVICIOS GENERALES
662524,2023-01-01,2023-03-02,1,DESCONOCIDA
662525,2022-04-01,2022-07-23,2,FACULTAD DE INGENIERÍA MECÁNICA Y CIENCIAS DE LA PRODUCCIÓN
662673,2023-03-01,2023-08-31,1,DECANATO DE INVESTIGACIÓN
662677,2024-01-08,2024-05-03,1,DECANATO DE INVESTIGACIÓN
662678,2023-09-05,2023-09-06,1,FACULTAD DE INGENIERÍA MECÁNICA Y CIENCIAS DE LA PRODUCCIÓN
662678,2022-04-11,2023-10-31,10,GERENCIA FINANCIERA
662678,2023-11-01,,16,FACULTAD DE INGENIERÍA MECÁNICA Y CIENCIAS DE LA PRODUCCIÓN
662679,2023-03-01,2023-12-31,2,DECANATO DE INVESTIGACIÓN
662684,2022-05-16,,14,FACULTAD DE CIENCIAS NATURALES Y MATEMÁTICAS
662687,2022-05-03,2022-07-31,1,GERENCIA DE COMUNICACIÓN SOCIAL Y ASUNTOS PÚBLICOS
662688,2022-05-16,,22,FACULTAD DE INGENIERÍA MECÁNICA Y CIENCIAS DE LA PRODUCCIÓN
662694,2022-05-16,2022-09-23,1,FACULTAD DE CIENCIAS SOCIALES Y HUMANÍSTICAS
662694,2022-10-03,2023-02-17,3,FACULTAD DE CIENCIAS SOCIALES Y HUMANÍSTICAS
662694,2023-05-15,2025-02-14,7,FACULTAD DE CIENCIAS SOCIALES Y HUMANÍSTICAS
662694,2025-05-05,2026-02-13,3,FACULTAD DE CIENCIAS SOCIALES Y HUMANÍSTICAS
662694,2026-05-04,,1,FACULTAD DE CIENCIAS SOCIALES Y HUMANÍSTICAS
662695,2022-05-03,2022-08-01,1,DIRECCIÓN DE SERVICIOS GENERALES
662695,2022-08-02,,13,GERENCIA ADMINISTRATIVA
662706,2022-06-01,2022-07-31,1,GERENCIA DE COMUNICACIÓN SOCIAL Y ASUNTOS PÚBLICOS
662717,2022-10-03,2023-09-17,4,FACULTAD DE INGENIERÍA EN CIENCIAS DE LA TIERRA
662718,2022-05-16,2022-09-23,1,FACULTAD DE INGENIERÍA EN ELECTRICIDAD Y COMPUTACIÓN
662718,2023-05-15,,9,FACULTAD DE INGENIERÍA EN ELECTRICIDAD Y COMPUTACIÓN
662721,2022-05-18,2025-02-14,9,FACULTAD DE INGENIERÍA EN CIENCIAS DE LA TIERRA
662765,2023-09-20,2023-12-31,1,DIRECCIÓN DE ADMISIONES
662765,2024-09-30,2025-02-14,2,FACULTAD DE CIENCIAS NATURALES Y MATEMÁTICAS
662771,2022-06-13,2023-12-31,6,CENTRO DE TECNOLOGÍAS DE LA INFORMACIÓN
662829,2022-06-01,,21,FACULTAD DE INGENIERÍA EN CIENCIAS DE LA TIERRA
662846,2023-11-01,,13,GERENCIA DE BIENESTAR POLITÉCNICO
662857,2023-11-01,,9,GERENCIA DE BIENESTAR POLITÉCNICO
662863,2022-07-01,2022-12-31,1,UNIDAD DE BIENESTAR ESTUDIANTIL Y POLITÉCNICO
662863,2023-01-09,2023-12-31,1,GERENCIA DE BIENESTAR POLITÉCNICO
662864,2022-07-01,2022-12-31,1,UNIDAD DE BIENESTAR ESTUDIANTIL Y POLITÉCNICO
662864,2023-01-09,2023-08-16,1,GERENCIA DE BIENESTAR POLITÉCNICO
662865,2023-01-09,2023-12-31,1,GERENCIA DE BIENESTAR POLITÉCNICO
662865,2022-07-01,2022-12-31,1,UNIDAD DE BIENESTAR ESTUDIANTIL Y POLITÉCNICO
662865,2024-01-08,2024-12-31,1,GERENCIA DE BIENESTAR POLITÉCNICO
663058,2024-03-01,,7,FACULTAD DE CIENCIAS DE LA VIDA
663105,2024-10-01,,8,GERENCIA DE BIENESTAR POLITÉCNICO
663487,2006-10-17,2007-03-06,1,DESCONOCIDA
664061,2024-05-01,2024-08-29,2,GERENCIA FINANCIERA
664061,2024-12-30,2024-12-31,1,GERENCIA FINANCIERA
664061,2025-08-18,2025-08-22,1,GERENCIA FINANCIERA
664061,2025-11-18,2025-11-18,1,GERENCIA FINANCIERA
664061,2025-12-26,2025-12-31,1,GERENCIA FINANCIERA
664061,2026-01-05,2026-01-09,1,GERENCIA FINANCIERA
664061,2026-06-29,2026-07-07,1,GERENCIA FINANCIERA
664061,2026-08-26,,1,GERENCIA FINANCIERA
664776,2023-10-06,2023-12-31,2,FACULTAD DE INGENIERÍA EN CIENCIAS DE LA TIERRA
664869,2023-05-15,2024-02-16,4,FACULTAD DE CIENCIAS SOCIALES Y HUMANÍSTICAS
664869,2024-02-19,,13,FACULTAD DE CIENCIAS SOCIALES Y HUMANÍSTICAS
665063,2024-10-08,2024-11-19,1,FACULTAD DE INGENIERÍA EN ELECTRICIDAD Y COMPUTACIÓN
665145,2024-07-01,,5,FACULTAD DE INGENIERÍA EN ELECTRICIDAD Y COMPUTACIÓN
665207,2024-11-15,2024-12-31,1,DIRECCIÓN DE ADMISIONES
665236,2022-07-01,,23,DIRECCIÓN DE TALENTO HUMANO
665268,2022-08-16,2022-08-19,1,UNIDAD DE BIENESTAR ESTUDIANTIL Y POLITÉCNICO
665316,2023-03-01,2024-01-05,3,DECANATO DE INVESTIGACIÓN
665316,2024-01-01,2025-12-31,10,CENTRO DE INVESTIGACIONES BIOTECNOLÓGICAS DEL ECUADOR
665320,2022-08-01,2022-10-31,1,GERENCIA DE RELACIONES EXTERNAS
665320,2026-03-14,2026-04-01,1,RECTORADO
665320,2022-11-25,2022-11-29,1,GERENCIA DE RELACIONES EXTERNAS
665320,2022-11-01,,50,GERENCIA DE RELACIONES EXTERNAS Y VINCULACIÓN CORPORATIVA
665320,2026-06-21,2026-06-28,1,RECTORADO
665421,2022-09-01,,23,DIRECCIÓN DE SERVICIOS GENERALES
665432,2022-10-03,2024-09-20,6,FACULTAD DE INGENIERÍA MECÁNICA Y CIENCIAS DE LA PRODUCCIÓN
665440,2022-10-03,2023-02-17,3,FACULTAD DE CIENCIAS NATURALES Y MATEMÁTICAS
665621,2025-06-09,2025-12-31,1,DECANATO DE GRADO
665621,2026-01-06,,1,DECANATO DE GRADO
666375,2022-10-03,2026-02-11,15,FACULTAD DE CIENCIAS NATURALES Y MATEMÁTICAS
666375,2026-05-04,,1,FACULTAD DE CIENCIAS NATURALES Y MATEMÁTICAS
666382,2023-09-04,2023-10-31,1,GERENCIA DE BIENESTAR POLITÉCNICO
666382,2024-09-02,2024-10-31,1,GERENCIA DE BIENESTAR POLITÉCNICO
666382,2024-11-11,2024-12-13,1,GERENCIA DE BIENESTAR POLITÉCNICO
666382,2025-09-08,2025-12-08,1,GERENCIA DE BIENESTAR POLITÉCNICO
666382,2026-02-19,2026-05-18,1,GERENCIA DE BIENESTAR POLITÉCNICO
666479,2024-05-06,,24,FACULTAD DE CIENCIAS DE LA VIDA
666552,2022-10-03,2023-04-11,3,GERENCIA ADMINISTRATIVA
666633,2023-11-27,2024-12-31,3,FACULTAD DE CIENCIAS NATURALES Y MATEMÁTICAS
666652,2026-03-02,,6,GERENCIA JURÍDICA
666805,2023-03-01,,14,FACULTAD DE INGENIERÍA EN CIENCIAS DE LA TIERRA
667194,2024-10-04,,5,FACULTAD DE INGENIERÍA MARÍTIMA Y CIENCIAS DEL MAR
667326,2025-05-12,2025-12-31,2,FACULTAD DE INGENIERÍA EN CIENCIAS DE LA TIERRA
667327,2024-11-15,2024-12-31,1,DIRECCIÓN DE ADMISIONES
667339,2022-11-01,2025-02-26,9,DIRECCIÓN DE SERVICIOS GENERALES
667339,2025-01-01,2026-12-31,7,FACULTAD DE CIENCIAS NATURALES Y MATEMÁTICAS
667339,2026-02-01,,6,GERENCIA DE COMUNICACIÓN
667381,2022-12-01,2022-12-31,2,FACULTAD DE INGENIERÍA MECÁNICA Y CIENCIAS DE LA PRODUCCIÓN
667392,2022-12-01,2022-12-31,1,GERENCIA ADMINISTRATIVA
667392,2023-01-01,,17,CENTRO NACIONAL DE ACUICULTURA E INVESTIGACIONES MARINAS
667396,2022-11-30,2022-12-11,1,FACULTAD DE INGENIERÍA MARÍTIMA Y CIENCIAS DEL MAR
667396,2023-11-22,2023-11-28,1,FACULTAD DE INGENIERÍA MARÍTIMA Y CIENCIAS DEL MAR
667452,2023-08-01,,19,GERENCIA JURÍDICA
667452,2026-04-13,2026-04-30,1,SECRETARIA ADMINISTRATIVA
667455,2025-02-03,,20,GERENCIA DE BIENESTAR POLITÉCNICO
667482,2023-01-03,2023-12-31,2,DIRECCIÓN DE SERVICIOS GENERALES
667482,2024-01-01,,11,DIRECCION DE SEGURIDAD FISICA
667482,2025-03-27,2025-04-04,1,GERENCIA ADMINISTRATIVA
667490,2023-01-04,2023-04-03,1,RECTORADO
667490,2023-04-04,,12,DIRECCIÓN DE SERVICIOS GENERALES
667519,2023-02-02,2024-02-16,4,FACULTAD DE CIENCIAS DE LA VIDA
667519,2024-02-19,,15,FACULTAD DE CIENCIAS DE LA VIDA
667527,2023-02-01,,17,RECTORADO
667562,2023-10-03,2023-12-31,2,FACULTAD DE INGENIERÍA EN ELECTRICIDAD Y COMPUTACIÓN
667566,2023-03-01,2023-03-31,1,DECANATO DE INVESTIGACIÓN
667610,2023-02-01,,13,DIRECCIÓN DE SERVICIOS GENERALES
667636,2023-02-22,2023-02-28,1,DECANATO DE VINCULACIÓN
667876,2023-05-29,2025-09-28,8,DIRECCIÓN DE ADMISIONES
667876,2025-09-29,,4,FACULTAD DE CIENCIAS NATURALES Y MATEMÁTICAS
667929,2023-03-20,2023-07-19,1,CENTRO DE INVESTIGACIÓN Y PROYECTOS APLICADOS A LAS CIENCIAS DE LA TIERRA
667930,2023-03-20,2023-07-19,1,CENTRO DE INVESTIGACIÓN Y PROYECTOS APLICADOS A LAS CIENCIAS DE LA TIERRA
667946,2024-01-02,,7,DIRECCIÓN DE ADMISIONES
667946,2024-06-25,2024-06-25,1,DECANATO DE GRADO
667961,2023-03-01,2023-12-31,1,DIRECCIÓN DE SERVICIOS GENERALES
667961,2024-01-08,2024-04-30,1,DIRECCIÓN DE SERVICIOS GENERALES
667961,2024-05-01,,4,GERENCIA ADMINISTRATIVA
667972,2023-03-01,,14,DIRECCIÓN DE SERVICIOS GENERALES
667973,2023-03-01,,14,FACULTAD DE CIENCIAS NATURALES Y MATEMÁTICAS
667976,2023-03-01,2024-03-26,7,DIRECCIÓN DE TALENTO HUMANO
667976,2024-06-10,2024-06-14,1,DIRECCIÓN DE TALENTO HUMANO
667976,2024-11-05,2024-11-08,1,DIRECCIÓN DE TALENTO HUMANO
667976,2025-02-20,2025-02-20,1,DIRECCIÓN DE TALENTO HUMANO
667976,2025-02-28,2025-02-28,1,DIRECCIÓN DE TALENTO HUMANO
667976,2025-05-09,2025-05-09,1,DIRECCIÓN DE TALENTO HUMANO
667976,2025-06-02,2025-06-06,1,DIRECCIÓN DE TALENTO HUMANO
667976,2025-08-01,2025-08-03,1,DIRECCIÓN DE TALENTO HUMANO
667976,2025-09-04,2025-09-04,1,DIRECCIÓN DE TALENTO HUMANO
667976,2025-11-10,2025-11-14,1,DIRECCIÓN DE TALENTO HUMANO
667976,2025-11-26,2025-11-28,1,DIRECCIÓN DE TALENTO HUMANO
667976,2026-01-05,2026-01-05,1,DIRECCIÓN DE TALENTO HUMANO
667976,2026-04-10,2026-04-10,1,DIRECCIÓN DE TALENTO HUMANO
667976,2026-04-20,2026-04-20,1,DIRECCIÓN DE TALENTO HUMANO
667976,2026-05-06,2026-05-08,1,DIRECCIÓN DE TALENTO HUMANO
667976,2026-05-27,2026-05-29,1,DIRECCIÓN DE TALENTO HUMANO
667976,2026-06-09,2026-06-12,2,DIRECCIÓN DE TALENTO HUMANO
667976,2026-06-15,,2,DIRECCIÓN DE TALENTO HUMANO
668010,2025-06-02,,3,FACULTAD DE INGENIERÍA EN ELECTRICIDAD Y COMPUTACIÓN
668040,2023-04-03,,16,CENTRO DE INVESTIGACIONES BIOTECNOLÓGICAS DEL ECUADOR
668042,2023-04-03,2023-07-02,2,DIRECCIÓN DE SERVICIOS GENERALES
668042,2023-07-02,,4,DIRECCION DE SEGURIDAD FISICA
668065,2023-11-01,,15,GERENCIA DE BIENESTAR POLITÉCNICO
668114,2023-04-03,,15,DIRECCIÓN DE SERVICIOS GENERALES
668121,2023-04-24,2026-02-13,12,CENTRO DE INVESTIGACIONES BIOTECNOLÓGICAS DEL ECUADOR
668122,2023-04-24,2023-12-31,3,CENTRO DE INVESTIGACIONES BIOTECNOLÓGICAS DEL ECUADOR
668132,2023-04-25,,12,CENTRO DE INVESTIGACIONES BIOTECNOLÓGICAS DEL ECUADOR
668310,2023-05-02,2023-07-28,2,DECANATO DE VINCULACIÓN
668324,2023-05-02,,31,GERENCIA ADMINISTRATIVA
668325,2023-05-02,,13,FACULTAD DE INGENIERÍA EN ELECTRICIDAD Y COMPUTACIÓN
668333,2023-10-16,2025-06-30,5,FACULTAD DE CIENCIAS DE LA VIDA
668337,2025-07-07,2026-06-30,3,FACULTAD DE CIENCIAS DE LA VIDA
668363,2023-05-15,,10,FACULTAD DE CIENCIAS NATURALES Y MATEMÁTICAS
668407,2023-05-15,,15,FACULTAD DE CIENCIAS DE LA VIDA
668408,2023-05-15,2023-12-31,2,FACULTAD DE CIENCIAS SOCIALES Y HUMANÍSTICAS
668898,2025-07-16,2025-12-31,1,GERENCIA ADMINISTRATIVA
668898,2026-01-19,,2,GERENCIA ADMINISTRATIVA
668935,2023-05-24,,14,FACULTAD DE CIENCIAS DE LA VIDA
669206,2023-05-29,,17,DIRECCIÓN DE ADMISIONES
669390,2026-01-06,,3,CENTRO DE INVESTIGACIONES BIOTECNOLÓGICAS DEL ECUADOR
669423,2023-07-03,2024-04-13,5,FACULTAD DE CIENCIAS DE LA VIDA
669436,2024-07-01,2025-01-16,2,GERENCIA DE INFRAESTRUCTURA FÍSICA
669436,2025-12-01,,3,GERENCIA DE INFRAESTRUCTURA FÍSICA
669472,2023-07-03,2026-07-01,13,GERENCIA DE COMUNICACIÓN
669476,2024-11-20,2024-12-31,1,FACULTAD DE CIENCIAS NATURALES Y MATEMÁTICAS
669596,2023-07-17,2023-08-28,1,CENTRO INTERNACIONAL DEL PACÍFICO PARA LA REDUCCIÓN DEL RIESGO DE DESASTRES
669596,2023-10-23,2023-11-30,1,CENTRO INTERNACIONAL DEL PACÍFICO PARA LA REDUCCIÓN DEL RIESGO DE DESASTRES
669597,2023-07-17,2023-08-28,1,CENTRO INTERNACIONAL DEL PACÍFICO PARA LA REDUCCIÓN DEL RIESGO DE DESASTRES
669599,2023-08-01,2023-12-31,2,FACULTAD DE CIENCIAS DE LA VIDA
669691,2023-09-25,2023-12-31,2,FACULTAD DE CIENCIAS NATURALES Y MATEMÁTICAS
669691,2024-01-01,2025-12-31,7,CENTRO ECUATORIANO DE INVESTIGACIÓN Y DESARROLLO EN NANOTECNOLOGÍA
669752,2023-11-01,,10,GERENCIA DE BIENESTAR POLITÉCNICO
669767,2023-11-08,,10,DIRECCIÓN DE TALENTO HUMANO
669824,2023-09-01,,20,DECANATO DE VINCULACIÓN
669861,2023-09-01,,8,DIRECCIÓN DE SERVICIOS GENERALES
669912,2023-09-25,,9,"FACULTAD DE ARTE, DISEÑO Y COMUNICACIÓN AUDIOVISUAL"
669913,2023-10-02,,13,FACULTAD DE INGENIERÍA MECÁNICA Y CIENCIAS DE LA PRODUCCIÓN
669925,2023-09-25,2024-02-16,3,FACULTAD DE CIENCIAS DE LA VIDA
669925,2024-02-19,2025-02-14,3,FACULTAD DE CIENCIAS DE LA VIDA
669925,2025-05-12,,5,FACULTAD DE CIENCIAS DE LA VIDA
669952,2023-09-25,2024-02-16,3,FACULTAD DE CIENCIAS DE LA VIDA
669952,2024-02-19,2025-02-14,3,FACULTAD DE CIENCIAS DE LA VIDA
669952,2025-05-05,2026-02-13,3,FACULTAD DE CIENCIAS DE LA VIDA
669959,2023-09-20,2023-12-31,1,DIRECCIÓN DE ADMISIONES
669971,2023-09-22,2023-12-31,1,DIRECCIÓN DE ADMISIONES
670083,2023-10-03,2024-02-16,3,FACULTAD DE CIENCIAS DE LA VIDA
670083,2024-02-19,,8,FACULTAD DE CIENCIAS DE LA VIDA
670664,2023-10-02,,14,FACULTAD DE INGENIERÍA MECÁNICA Y CIENCIAS DE LA PRODUCCIÓN
670716,2023-10-02,2023-10-02,1,DIRECCIÓN DE SERVICIOS GENERALES
670716,2023-11-01,,14,DIRECCIÓN DE SERVICIOS GENERALES
671081,2023-10-10,2023-12-31,1,DIRECCIÓN DE ADMISIONES
671086,2023-10-02,,7,DIRECCIÓN DE SERVICIOS GENERALES
671098,2023-10-03,2023-12-31,1,FACULTAD DE CIENCIAS DE LA VIDA
671100,2023-10-03,2023-12-31,1,FACULTAD DE CIENCIAS DE LA VIDA
671102,2023-10-03,2023-12-31,1,FACULTAD DE CIENCIAS DE LA VIDA
671165,2023-10-03,2023-12-31,2,FACULTAD DE INGENIERÍA EN CIENCIAS DE LA TIERRA
671174,2023-10-03,2023-12-31,2,FACULTAD DE INGENIERÍA EN CIENCIAS DE LA TIERRA
671175,2023-10-03,2023-12-31,2,FACULTAD DE INGENIERÍA EN CIENCIAS DE LA TIERRA
671178,2023-10-03,2023-12-31,2,FACULTAD DE INGENIERÍA EN CIENCIAS DE LA TIERRA
671186,2023-10-03,2023-12-31,2,FACULTAD DE INGENIERÍA EN CIENCIAS DE LA TIERRA
671187,2023-10-03,2023-12-31,2,FACULTAD DE INGENIERÍA EN CIENCIAS DE LA TIERRA
671192,2023-10-03,2023-12-31,2,FACULTAD DE INGENIERÍA EN CIENCIAS DE LA TIERRA
671194,2023-10-03,2023-12-31,2,FACULTAD DE INGENIERÍA EN CIENCIAS DE LA TIERRA
671195,2023-10-03,2023-12-31,2,FACULTAD DE INGENIERÍA EN CIENCIAS DE LA TIERRA
671202,2023-10-03,2023-12-31,2,FACULTAD DE INGENIERÍA EN CIENCIAS DE LA TIERRA
671206,2023-10-03,2023-12-31,2,FACULTAD DE INGENIERÍA EN CIENCIAS DE LA TIERRA
671346,2023-10-23,2023-12-31,2,DECANATO DE GRADO
671348,2023-10-23,2023-12-31,2,DIRECCIÓN DE ADMISIONES
671383,2023-10-03,2023-12-31,2,FACULTAD DE INGENIERÍA EN ELECTRICIDAD Y COMPUTACIÓN
671384,2023-10-03,2023-12-31,2,FACULTAD DE INGENIERÍA EN ELECTRICIDAD Y COMPUTACIÓN
671389,2023-10-05,2023-12-31,2,FACULTAD DE CIENCIAS DE LA VIDA
671393,2023-10-06,2023-12-31,2,DECANATO DE GRADO
671402,2023-10-18,2023-12-31,1,GERENCIA FINANCIERA
671402,2024-01-08,2024-05-31,1,GERENCIA FINANCIERA
671417,2023-10-06,2023-12-31,2,FACULTAD DE INGENIERÍA EN CIENCIAS DE LA TIERRA
671449,2024-11-15,2024-12-31,1,DIRECCIÓN DE ADMISIONES
671449,2023-11-01,2023-12-31,2,DECANATO DE GRADO
671449,2025-10-08,2025-12-31,2,DIRECCIÓN DE ADMISIONES
671495,2023-11-01,,14,DIRECCIÓN DE SERVICIOS GENERALES
671497,2023-11-01,2024-01-29,1,DIRECCIÓN DE SERVICIOS GENERALES
671497,2024-01-30,,10,DIRECCION DE SEGURIDAD FISICA
671504,2023-11-07,2025-12-15,7,CENTRO NACIONAL DE ACUICULTURA E INVESTIGACIONES MARINAS
671519,2023-11-01,,18,GERENCIA DE RELACIONES EXTERNAS Y VINCULACIÓN CORPORATIVA
671521,2023-11-06,2023-12-31,2,"FACULTAD DE ARTE, DISEÑO Y COMUNICACIÓN AUDIOVISUAL"
671522,2023-11-01,2024-04-02,4,SECRETARÍA TÉCNICA DE ASEGURAMIENTO DE LA CALIDAD
671524,2026-03-02,,3,GERENCIA DE INFRAESTRUCTURA FÍSICA
671527,2023-11-01,2025-01-01,2,DIRECCIÓN DE SEGURIDAD Y SALUD OCUPACIONAL
671563,2023-12-01,2026-02-15,14,FACULTAD DE CIENCIAS SOCIALES Y HUMANÍSTICAS
671563,2026-03-09,,2,FACULTAD DE CIENCIAS SOCIALES Y HUMANÍSTICAS
671565,2023-12-01,,8,CENTRO NACIONAL DE ACUICULTURA E INVESTIGACIONES MARINAS
671567,2023-12-01,,10,FACULTAD DE INGENIERÍA MECÁNICA Y CIENCIAS DE LA PRODUCCIÓN
671568,2023-12-01,,15,FACULTAD DE INGENIERÍA MECÁNICA Y CIENCIAS DE LA PRODUCCIÓN
671577,2023-12-01,2025-09-30,3,DIRECCIÓN DE SERVICIOS GENERALES
671578,2023-12-01,,10,CENTRO NACIONAL DE ACUICULTURA E INVESTIGACIONES MARINAS
671580,2023-12-01,,19,FACULTAD DE INGENIERÍA EN ELECTRICIDAD Y COMPUTACIÓN
671589,2023-12-01,2024-06-01,2,DIRECCION DE SEGURIDAD FISICA
671628,2025-04-21,2025-04-23,1,GERENCIA DE INFRAESTRUCTURA FÍSICA
671628,2025-02-01,,7,RECTORADO
671628,2025-04-28,2025-05-06,1,GERENCIA DE INFRAESTRUCTURA FÍSICA
671718,2024-05-01,,6,FACULTAD DE CIENCIAS SOCIALES Y HUMANÍSTICAS
671732,2024-02-01,,34,DIRECCIÓN DE ADMISIONES
671753,2024-01-09,,6,GERENCIA FINANCIERA
671911,2024-02-01,,7,DIRECCIÓN DE ADQUISICIONES
671929,2024-02-28,,15,FACULTAD DE INGENIERÍA MARÍTIMA Y CIENCIAS DEL MAR
671930,2024-03-01,2025-02-14,3,FACULTAD DE CIENCIAS DE LA VIDA
671949,2025-11-24,2025-12-31,1,FACULTAD DE CIENCIAS DE LA VIDA
672376,2024-03-01,2024-03-22,2,GERENCIA FINANCIERA
672387,2025-06-13,2025-12-31,3,DIRECCIÓN DE ADMISIONES
672396,2025-09-01,2025-12-31,2,FACULTAD DE CIENCIAS DE LA VIDA
672397,2024-05-02,,7,CENTRO NACIONAL DE ACUICULTURA E INVESTIGACIONES MARINAS
672402,2024-03-05,,7,DIRECCIÓN DE TALENTO HUMANO
672528,2024-10-17,2025-02-14,2,FACULTAD DE CIENCIAS NATURALES Y MATEMÁTICAS
672832,2024-12-02,2026-02-13,5,ESCUELA DE POSTGRADO EN ADMINISTRACIÓN DE EMPRESAS
672832,2026-02-18,2026-05-08,1,ESCUELA DE POSTGRADO EN ADMINISTRACIÓN DE EMPRESAS
672871,2024-04-09,2025-04-30,1,AUDITORÍA INTERNA
672872,2024-05-01,2024-12-31,1,GERENCIA JURÍDICA
672872,2025-01-06,2025-09-12,1,GERENCIA JURÍDICA
672911,2024-06-03,2026-02-28,6,"FACULTAD DE ARTE, DISEÑO Y COMUNICACIÓN AUDIOVISUAL"
672952,2024-05-13,2024-09-20,1,"FACULTAD DE ARTE, DISEÑO Y COMUNICACIÓN AUDIOVISUAL"
672952,2024-09-30,,6,"FACULTAD DE ARTE, DISEÑO Y COMUNICACIÓN AUDIOVISUAL"
672957,2025-01-02,2025-09-19,1,FACULTAD DE CIENCIAS NATURALES Y MATEMÁTICAS
672998,2024-07-22,,11,FACULTAD DE CIENCIAS SOCIALES Y HUMANÍSTICAS
673016,2024-05-20,2024-09-20,1,FACULTAD DE CIENCIAS SOCIALES Y HUMANÍSTICAS
673016,2024-09-30,2026-02-13,7,FACULTAD DE CIENCIAS SOCIALES Y HUMANÍSTICAS
673016,2026-03-09,,1,FACULTAD DE CIENCIAS SOCIALES Y HUMANÍSTICAS
673021,2024-05-22,2024-09-20,1,"FACULTAD DE ARTE, DISEÑO Y COMUNICACIÓN AUDIOVISUAL"
673021,2024-09-30,,8,"FACULTAD DE ARTE, DISEÑO Y COMUNICACIÓN AUDIOVISUAL"
673037,2024-05-20,2024-05-21,1,FACULTAD DE CIENCIAS SOCIALES Y HUMANÍSTICAS
673038,2024-05-13,2024-09-20,1,FACULTAD DE CIENCIAS NATURALES Y MATEMÁTICAS
673473,2024-11-11,,5,FACULTAD DE CIENCIAS NATURALES Y MATEMÁTICAS
673638,2024-07-01,,8,FACULTAD DE INGENIERÍA EN ELECTRICIDAD Y COMPUTACIÓN
674043,2024-06-17,2024-10-17,1,GERENCIA DE TECNOLOGÍAS Y SISTEMAS DE INFORMACIÓN
674043,2024-11-05,2024-12-31,1,GERENCIA DE TECNOLOGÍAS Y SISTEMAS DE INFORMACIÓN
674064,2024-06-20,2024-12-31,1,GERENCIA DE INFRAESTRUCTURA FÍSICA
674064,2025-01-06,2025-05-31,1,GERENCIA DE INFRAESTRUCTURA FÍSICA
674064,2025-06-02,2025-12-31,1,GERENCIA DE INFRAESTRUCTURA FÍSICA
674064,2026-01-06,,2,GERENCIA DE INFRAESTRUCTURA FÍSICA
674089,2024-06-03,2025-09-01,5,AUDITORÍA INTERNA
674159,2024-07-01,,10,GERENCIA DE COMUNICACIÓN
674170,2025-03-05,,6,FACULTAD DE CIENCIAS DE LA VIDA
674257,2024-07-08,2024-09-20,1,FACULTAD DE CIENCIAS NATURALES Y MATEMÁTICAS
674257,2025-05-05,,7,DIRECCIÓN DE ADMISIONES
674524,2024-09-04,2024-10-18,1,CENTRO DE INVESTIGACIÓN Y PROYECTOS APLICADOS A LAS CIENCIAS DE LA TIERRA
674524,2024-12-03,2024-12-31,1,CENTRO DE INVESTIGACIÓN Y PROYECTOS APLICADOS A LAS CIENCIAS DE LA TIERRA
674524,2025-01-06,2025-12-31,1,CENTRO DE INVESTIGACIÓN Y PROYECTOS APLICADOS A LAS CIENCIAS DE LA TIERRA
674524,2026-01-14,,1,CENTRO DE INVESTIGACIÓN Y PROYECTOS APLICADOS A LAS CIENCIAS DE LA TIERRA
674540,2024-08-16,,7,GERENCIA DE PLANIFICACIÓN ESTRATÉGICA
674610,2024-11-11,2025-12-31,3,FACULTAD DE CIENCIAS SOCIALES Y HUMANÍSTICAS
674620,2024-09-02,2024-12-31,2,DIRECCIÓN DE LA SECRETARÍA TÉCNICA ACADEMICA
674620,2025-12-26,2025-12-31,1,DIRECCIÓN DE LA SECRETARÍA TÉCNICA ACADEMICA
674620,2026-02-23,2026-03-06,1,DIRECCIÓN DE LA SECRETARÍA TÉCNICA ACADEMICA
674620,2026-04-10,2026-04-10,1,DIRECCIÓN DE LA SECRETARÍA TÉCNICA ACADEMICA
674620,2026-07-09,2026-07-09,1,DIRECCIÓN DE LA SECRETARÍA TÉCNICA ACADEMICA
674620,2026-07-30,2026-07-30,1,DIRECCIÓN DE LA SECRETARÍA TÉCNICA ACADEMICA
674620,2026-08-14,2026-08-14,1,DIRECCIÓN DE LA SECRETARÍA TÉCNICA ACADEMICA
674620,2026-09-01,,1,DIRECCIÓN DE LA SECRETARÍA TÉCNICA ACADEMICA
674686,2024-09-30,,8,FACULTAD DE INGENIERÍA MECÁNICA Y CIENCIAS DE LA PRODUCCIÓN
674697,2024-10-07,2025-02-14,2,FACULTAD DE CIENCIAS SOCIALES Y HUMANÍSTICAS
674697,2025-03-12,,6,FACULTAD DE CIENCIAS SOCIALES Y HUMANÍSTICAS
676144,2024-11-06,2026-04-30,5,GERENCIA ADMINISTRATIVA
676206,2024-11-15,2024-12-31,1,DIRECCIÓN DE ADMISIONES
676206,2025-12-05,2025-12-31,1,DIRECCIÓN DE ADMISIONES
676235,2025-06-13,2025-12-31,3,DIRECCIÓN DE ADMISIONES
676278,2024-10-15,,3,AUDITORÍA INTERNA
676282,2024-11-05,,8,FACULTAD DE INGENIERÍA MECÁNICA Y CIENCIAS DE LA PRODUCCIÓN
676325,2024-10-21,,2,AUDITORÍA INTERNA
676329,2024-11-20,2024-12-31,1,FACULTAD DE CIENCIAS NATURALES Y MATEMÁTICAS
676330,2024-11-20,2024-12-31,1,FACULTAD DE CIENCIAS NATURALES Y MATEMÁTICAS
676335,2024-11-20,2024-12-31,1,FACULTAD DE CIENCIAS NATURALES Y MATEMÁTICAS
676337,2024-11-21,2024-12-31,1,FACULTAD DE CIENCIAS NATURALES Y MATEMÁTICAS
676339,2024-11-15,2024-12-31,1,"FACULTAD DE ARTE, DISEÑO Y COMUNICACIÓN AUDIOVISUAL"
676341,2024-11-21,,7,CENTRO NACIONAL DE ACUICULTURA E INVESTIGACIONES MARINAS
676346,2024-11-21,2024-12-31,1,FACULTAD DE CIENCIAS NATURALES Y MATEMÁTICAS
676413,2024-12-09,,7,GERENCIA FINANCIERA
676417,2024-12-09,,5,RECTORADO
676420,2024-12-09,,13,ESCUELA DE POSTGRADO EN ADMINISTRACIÓN DE EMPRESAS
676429,2025-06-02,,5,DIRECCIÓN DE SERVICIOS GENERALES
676507,2025-01-06,,6,FACULTAD DE CIENCIAS SOCIALES Y HUMANÍSTICAS
676508,2025-01-06,,7,DIRECCIÓN DE SERVICIOS GENERALES
676509,2025-01-06,,3,CENTRO DE TECNOLOGÍAS DE LA INFORMACIÓN
676510,2025-01-06,,7,FACULTAD DE CIENCIAS NATURALES Y MATEMÁTICAS
676511,2025-01-06,,5,DIRECCIÓN DE SERVICIOS GENERALES
676513,2025-01-06,,9,FACULTAD DE CIENCIAS SOCIALES Y HUMANÍSTICAS
676557,2025-10-13,,5,FACULTAD DE INGENIERÍA EN CIENCIAS DE LA TIERRA
676630,2025-02-10,2025-12-31,1,GERENCIA ADMINISTRATIVA
676630,2026-01-06,,1,GERENCIA ADMINISTRATIVA
677176,2025-02-26,2025-12-31,1,GERENCIA DE INFRAESTRUCTURA FÍSICA
677176,2026-01-06,,1,GERENCIA DE INFRAESTRUCTURA FÍSICA
677353,2025-04-01,,5,FACULTAD DE CIENCIAS DE LA VIDA
677355,2025-04-01,,9,DIRECCIÓN DE SERVICIOS GENERALES
677356,2025-04-01,,6,DIRECCIÓN DE SERVICIOS GENERALES
677411,2025-07-02,2026-05-03,4,DIRECCIÓN DE ADMISIONES
677434,2025-07-01,,3,FACULTAD DE INGENIERÍA EN ELECTRICIDAD Y COMPUTACIÓN
677460,2025-05-12,2025-05-12,1,FACULTAD DE CIENCIAS DE LA VIDA
677461,2025-05-12,,5,FACULTAD DE CIENCIAS NATURALES Y MATEMÁTICAS
677462,2025-05-05,2026-02-13,3,FACULTAD DE CIENCIAS NATURALES Y MATEMÁTICAS
677480,2025-05-05,2026-05-03,5,"FACULTAD DE ARTE, DISEÑO Y COMUNICACIÓN AUDIOVISUAL"
677480,2026-05-04,,2,DECANATO DE GRADO
677485,2025-06-23,2025-12-31,2,CENTRO DE INVESTIGACIONES BIOTECNOLÓGICAS DEL ECUADOR
677485,2026-06-01,,1,CENTRO DE INVESTIGACIONES BIOTECNOLÓGICAS DEL ECUADOR
677508,2025-09-01,,4,FACULTAD DE CIENCIAS DE LA VIDA
678097,2025-06-13,2026-05-03,5,FACULTAD DE CIENCIAS SOCIALES Y HUMANÍSTICAS
678266,2025-05-22,2026-02-13,4,FACULTAD DE CIENCIAS SOCIALES Y HUMANÍSTICAS
678924,2025-06-05,2025-11-16,1,CENTRO NACIONAL DE ACUICULTURA E INVESTIGACIONES MARINAS
679008,2025-06-13,2026-05-03,4,DIRECCIÓN DE ADMISIONES
679011,2025-06-19,2025-10-31,1,GERENCIA DE INFRAESTRUCTURA FÍSICA
679011,2025-11-05,,3,GERENCIA DE INFRAESTRUCTURA FÍSICA
679258,2025-07-04,2025-09-30,1,DIRECCION DE SEGURIDAD FISICA
679328,2025-09-22,2025-12-31,2,DIRECCIÓN DE ADMISIONES
679351,2025-08-01,,8,DIRECCIÓN DE SERVICIOS GENERALES
679352,2025-08-01,,4,DIRECCIÓN DE SERVICIOS GENERALES
679353,2025-08-01,,3,DIRECCIÓN DE SERVICIOS GENERALES
679371,2025-08-01,,6,DIRECCIÓN DE TALENTO HUMANO
679385,2025-08-15,2025-12-31,1,GERENCIA DE COMUNICACIÓN
679385,2026-01-06,2026-04-30,1,GERENCIA DE COMUNICACIÓN
679385,2026-05-11,,2,GERENCIA DE COMUNICACIÓN
679425,2025-08-04,2025-10-01,1,GERENCIA JURÍDICA
679555,2025-10-03,2025-12-31,2,CENTRO DE INVESTIGACIÓN Y PROYECTOS APLICADOS A LAS CIENCIAS DE LA TIERRA
679555,2026-05-11,,1,FACULTAD DE INGENIERÍA EN CIENCIAS DE LA TIERRA
679569,2025-09-08,2025-12-08,1,GERENCIA DE BIENESTAR POLITÉCNICO
679569,2026-06-15,,2,GERENCIA DE BIENESTAR POLITÉCNICO
679595,2025-09-01,2025-12-31,2,FACULTAD DE CIENCIAS DE LA VIDA
679622,2025-09-01,,8,DIRECCIÓN DE SERVICIOS GENERALES
679623,2025-09-01,,10,DIRECCIÓN DE SERVICIOS GENERALES
679666,2025-09-22,2025-12-31,2,DIRECCIÓN DE ADMISIONES
679669,2025-10-20,,2,FACULTAD DE INGENIERÍA EN CIENCIAS DE LA TIERRA
683216,2025-10-03,2025-12-31,1,FACULTAD DE CIENCIAS DE LA VIDA
683250,2025-11-06,2025-12-31,1,DIRECCIÓN DE ADMISIONES
683340,2025-10-03,2025-12-31,1,CENTRO DE AGUA Y DESARROLLO SUSTENTABLE
683347,2025-10-03,2025-12-31,1,CENTRO DE INVESTIGACIONES BIOTECNOLÓGICAS DEL ECUADOR
683349,2025-10-03,,2,CENTRO ECUATORIANO DE INVESTIGACIÓN Y DESARROLLO EN NANOTECNOLOGÍA
683529,2025-10-08,2025-12-31,1,DECANATO DE GRADO
683578,2025-10-03,2025-12-31,1,CENTRO DE INVESTIGACIONES BIOTECNOLÓGICAS DEL ECUADOR
683587,2025-10-03,2025-12-31,1,CENTRO DE INVESTIGACIONES BIOTECNOLÓGICAS DEL ECUADOR
683629,2025-10-08,2025-12-31,1,DIRECCIÓN DE ADMISIONES
683638,2025-10-15,2025-12-31,1,GERENCIA JURÍDICA
683672,2025-10-01,,2,AUDITORÍA INTERNA
683673,2025-10-01,,3,AUDITORÍA INTERNA
683722,2025-11-05,2025-12-31,1,GERENCIA JURÍDICA
683904,2025-12-01,2026-02-06,2,DIRECCIÓN DE SERVICIOS GENERALES
683905,2025-12-01,,7,DIRECCIÓN DE SERVICIOS GENERALES
683917,2025-12-01,,5,CENTRO NACIONAL DE ACUICULTURA E INVESTIGACIONES MARINAS
