IDPERSONA,CARGO,UNIDAD,INICIO,FIN,DURACION_ANIOS,ES_SIGNIFICATIVO,ES_PARALELO
26,PROFESOR,DESCONOCIDA,1999-03-03,1999-05-25,0.23,False,False
26,PROFESOR,DESCONOCIDA,2002-05-20,2004-09-25,2.35,True,False
26,PROFESOR TITULAR AGREGADO 3 (TC),FACULTAD DE INGENIERÍA MECÁNICA Y CIENCIAS DE LA PRODUCCIÓN,2014-08-01,2019-04-15,4.7,True,True
26,TÉCNICOS ESPECIALIZADOS - EJECUCIÓN DE PROYECTOS,FACULTAD DE INGENIERÍA EN ELECTRICIDAD Y COMPUTACIÓN,2016-11-26,2016-11-26,0.0,False,True
26,PROFESOR TITULAR AGREGADO 3 (TC),FACULTAD DE INGENIERÍA MECÁNICA Y CIENCIAS DE LA PRODUCCIÓN,2020-03-23,2020-04-05,0.04,False,False
26,SUBDECANO(A),DESCONOCIDA,2021-03-01,2021-07-17,0.38,True,True
26,PROFESOR TITULAR AGREGADO 3 (TC),FACULTAD DE INGENIERÍA MECÁNICA Y CIENCIAS DE LA PRODUCCIÓN,2021-03-15,2021-04-12,0.08,False,True
26,SUBDECANO(A),FACULTAD DE INGENIERÍA MECÁNICA Y CIENCIAS DE LA PRODUCCIÓN,2021-08-23,2021-09-21,0.08,False,False
26,SUBDECANO(A),FACULTAD DE INGENIERÍA MECÁNICA Y CIENCIAS DE LA PRODUCCIÓN,2021-12-29,2022-08-06,0.6,True,True
26,PROFESOR TITULAR AGREGADO 3 (TC),FACULTAD DE INGENIERÍA MECÁNICA Y CIENCIAS DE LA PRODUCCIÓN,2022-03-28,2022-04-22,0.07,False,True
26,PROFESOR TITULAR AGREGADO 3 (TC),FACULTAD DE INGENIERÍA MECÁNICA Y CIENCIAS DE LA PRODUCCIÓN,2022-09-12,2022-12-30,0.3,True,False
26,PROFESOR TITULAR AGREGADO 3 (TC),FACULTAD DE INGENIERÍA MECÁNICA Y CIENCIAS DE LA PRODUCCIÓN,2023-09-18,2023-12-29,0.28,True,False
26,PROFESOR TITULAR AGREGADO 3 (TC),FACULTAD DE INGENIERÍA MECÁNICA Y CIENCIAS DE LA PRODUCCIÓN,2024-04-01,2024-05-02,0.08,False,False
26,PROFESOR TITULAR AGREGADO 3 (TC),FACULTAD DE INGENIERÍA MECÁNICA Y CIENCIAS DE LA PRODUCCIÓN,2024-12-26,2024-12-31,0.01,False,False
26,DECANO(A),FACULTAD DE INGENIERÍA MECÁNICA Y CIENCIAS DE LA PRODUCCIÓN,2025-02-17,2025-03-05,0.04,False,False
26,DECANO(A),DECANATO DE POSGRADO,2025-04-12,2025-04-14,0.01,False,False
26,SUBDECANO(A),FACULTAD DE INGENIERÍA MECÁNICA Y CIENCIAS DE LA PRODUCCIÓN,2025-04-26,2025-07-01,0.18,False,False
26,PROFESOR TITULAR AGREGADO 3 (TC),FACULTAD DE INGENIERÍA MECÁNICA Y CIENCIAS DE LA PRODUCCIÓN,2025-09-15,2026-03-13,0.49,True,True
26,SUBDECANO(A),FACULTAD DE INGENIERÍA MECÁNICA Y CIENCIAS DE LA PRODUCCIÓN,2025-10-02,,0.96,True,True
26,PROFESOR TITULAR AGREGADO 3 (TC),FACULTAD DE INGENIERÍA MECÁNICA Y CIENCIAS DE LA PRODUCCIÓN,2026-06-25,2026-08-07,0.12,False,True
39,TÉCNICOS ESPECIALIZADOS - EJECUCIÓN DE PROYECTOS,DESCONOCIDA,2016-12-09,2017-11-30,0.97,True,False
86,INGENIERO DE PROYECTO 2,DESCONOCIDA,1986-03-01,1986-04-30,0.16,False,False
86,INGENIERO DE PROYECTO 1,DESCONOCIDA,1986-05-02,1987-02-01,0.75,True,False
86,INGENIERO DE PROYECTO 1,DESCONOCIDA,1987-05-11,1987-08-10,0.25,False,False
86,INVESTIGADOR ASOCIADO,DESCONOCIDA,1987-11-01,1988-02-29,0.33,True,False
86,SUPERVISOR DE PROYECTO,DESCONOCIDA,1991-03-15,1994-04-30,3.13,True,False
86,PERITO DE SERVICIOS DE AGUA POTABLE,DESCONOCIDA,2003-04-01,2004-04-30,1.08,True,False
86,PROFESOR PREGRADO,DESCONOCIDA,2008-05-19,2009-03-02,0.79,True,False
86,PROFESOR PREGRADO,DESCONOCIDA,2010-05-18,2011-05-17,1.0,True,False
86,PROFESOR TITULAR AUXILIAR 1 (TC),FACULTAD DE INGENIERÍA MECÁNICA Y CIENCIAS DE LA PRODUCCIÓN,2011-06-01,,15.29,True,True
86,DECANO(A),GERENCIA DE TECNOLOGÍAS Y SISTEMAS DE INFORMACIÓN,2015-03-16,2015-03-20,0.01,False,True
86,SUBDECANO(A),DESCONOCIDA,2015-05-12,2015-05-20,0.02,False,True
86,SUBDECANO(A),DESCONOCIDA,2016-05-12,2017-02-10,0.75,True,True
86,DECANO(A),DESCONOCIDA,2018-04-29,2018-05-04,0.01,False,True
86,SUBDECANO(A),DESCONOCIDA,2018-05-14,2018-05-19,0.01,False,True
90,AYUDANTE TÉCNICO DE LABORATORIO DE SÓLIDOS,DESCONOCIDA,1983-08-03,1990-03-31,6.66,True,False
90,ASISTENTE TÉCNICO,DESCONOCIDA,1990-04-01,1991-12-31,1.75,True,False
90,ANALISTA,DESCONOCIDA,1992-01-02,2009-12-31,17.99,True,False
90,COORDINADOR DE CALIDAD,DESCONOCIDA,2010-01-01,2012-12-17,2.96,True,False
90,DIRECTOR DE SERVICIOS GENERALES,DESCONOCIDA,2012-12-18,2013-05-31,0.45,True,False
90,DIRECTOR DE SERVICIOS GENERALES,DESCONOCIDA,2014-06-01,2014-11-30,0.5,True,False
90,COORDINADOR DE CALIDAD,DESCONOCIDA,2014-12-01,2014-12-31,0.08,False,False
90,PROFESOR NO TITULAR OCASIONAL (TP),DESCONOCIDA,2015-01-01,2015-10-02,0.75,True,True
90,ANALISTA DE PROYECTOS DE VINCULACIÓN 3,DESCONOCIDA,2015-01-01,2022-06-01,7.41,True,True
90,PROFESOR NO TITULAR OCASIONAL (TP),FACULTAD DE INGENIERÍA MECÁNICA Y CIENCIAS DE LA PRODUCCIÓN,2015-10-19,2016-02-28,0.36,True,True
90,PROFESOR NO TITULAR OCASIONAL 1 (TP),DESCONOCIDA,2016-05-02,2016-09-23,0.39,True,True
90,PROFESOR NO TITULAR OCASIONAL 1 (TP),FACULTAD DE INGENIERÍA MECÁNICA Y CIENCIAS DE LA PRODUCCIÓN,2016-10-10,2017-03-17,0.43,True,True
94,PROFESOR PREGRADO,DESCONOCIDA,1994-12-12,1995-03-03,0.22,False,False
94,PROFESOR PREGRADO,DESCONOCIDA,1999-10-19,2010-03-02,10.37,True,False
94,PROFESOR PREGRADO,DESCONOCIDA,2012-05-14,2013-05-13,1.0,True,False
94,PROFESOR NO TITULAR OCASIONAL (TC),FACULTAD DE CIENCIAS SOCIALES Y HUMANÍSTICAS,2014-10-01,,11.96,True,False
96,PROFESOR PREGRADO,DESCONOCIDA,1999-05-25,2000-09-22,1.33,True,True
96,COORDINADOR PRINCIPAL,DESCONOCIDA,1999-06-01,2000-05-30,1.0,True,True
96,INVESTIGADOR Y COORDINADOR ADMINISTRATIVO,DESCONOCIDA,2000-06-01,2001-05-30,0.99,True,True
96,PROFESOR PREGRADO,DESCONOCIDA,2001-05-21,2001-09-28,0.36,True,True
96,PROFESOR PREGRADO,DESCONOCIDA,2002-05-20,2003-03-07,0.8,True,True
96,DIRECTOR DE TRIBUNA L DE TESIS,DESCONOCIDA,2002-09-01,2002-09-30,0.08,False,True
96,PROFESOR PREGRADO,DESCONOCIDA,2003-10-20,2005-03-08,1.38,True,True
96,COORDINACION GENERAL DEL PROYECTO,DESCONOCIDA,2004-02-01,2004-10-31,0.75,True,True
96,PROFESOR TITULAR PRINCIPAL (TC),VICERRECTORADO ACADÉMICO,2005-10-17,2014-02-28,8.37,True,False
96,DECANO(A),DECANATO DE POSGRADO,2014-03-01,2015-06-04,1.26,True,True
96,PROFESOR TITULAR PRINCIPAL 1 (TC),FACULTAD DE INGENIERÍA MECÁNICA Y CIENCIAS DE LA PRODUCCIÓN,2014-11-01,2014-11-01,0.0,False,True
96,PROFESOR TITULAR PRINCIPAL 2 (TC),FACULTAD DE CIENCIAS DE LA VIDA,2015-06-05,,11.28,True,True
96,DECANO(A),DESCONOCIDA,2015-11-20,2016-03-18,0.33,True,True
96,SUBDECANO(A),DESCONOCIDA,2016-01-04,2016-01-14,0.03,False,True
96,DECANO(A),DESCONOCIDA,2016-10-10,2016-10-14,0.01,False,True
96,RECTOR,RECTORADO,2017-11-13,2022-11-12,5.0,True,True
102,PROFESOR NO TITULAR OCASIONAL (TP),FACULTAD DE INGENIERÍA MECÁNICA Y CIENCIAS DE LA PRODUCCIÓN,2022-05-18,2023-02-17,0.75,True,False
129,COORDINADOR DEL ÁREA DE MAESTRÍA,DESCONOCIDA,1997-02-01,1998-01-30,0.99,True,True
129,PROFESOR PREGRADO,DESCONOCIDA,1997-05-26,1999-03-02,1.77,True,True
129,PROFESOR PREGRADO,DESCONOCIDA,2000-10-10,2007-09-22,6.95,True,False
129,PROFESOR PREGRADO,DESCONOCIDA,2008-05-19,2013-05-12,4.98,True,False
129,PROFESOR NO TITULAR OCASIONAL (TC),FACULTAD DE CIENCIAS SOCIALES Y HUMANÍSTICAS,2014-10-01,2025-05-15,10.62,True,False
130,PROFESOR,DESCONOCIDA,1986-05-15,1986-08-14,0.25,False,False
130,PROFESOR,DESCONOCIDA,1988-02-17,1988-05-17,0.25,False,False
130,PROFESOR,DESCONOCIDA,1989-02-20,1989-05-19,0.24,False,False
130,PROFESOR ACCIDENTAL,DESCONOCIDA,1994-10-01,1995-01-10,0.28,True,True
130,PROFESOR TITULAR AGREGADO 1 (TC),FACULTAD DE INGENIERÍA EN ELECTRICIDAD Y COMPUTACIÓN,1995-01-01,,31.7,True,True
132,PROFESOR PREGRADO,DESCONOCIDA,1990-06-04,1991-03-01,0.74,True,False
132,PROFESOR PREGRADO,DESCONOCIDA,1991-06-10,1991-10-19,0.36,True,False
132,PROFESOR PREGRADO,DESCONOCIDA,2004-05-17,2008-09-26,4.36,True,False
132,PROFESOR NO TITULAR OCASIONAL (TC),FACULTAD DE CIENCIAS NATURALES Y MATEMÁTICAS,2014-10-01,2020-02-21,5.39,True,False
135,PROFESOR PREGRADO,DESCONOCIDA,2001-10-22,2010-05-17,8.57,True,True
135,DIRECTOR DE 4 PROYECTOS DE LA SEXTA PROMOCIÓN DE INGENIEROS,DESCONOCIDA,2003-10-20,2004-03-08,0.38,True,True
135,DIRECTOR DE 2 TESIS Y CODIRECTOR DE 1 TESIS DE GRADO,DESCONOCIDA,2004-05-17,2005-03-08,0.81,True,True
135,DIRECTOR DE 3 TESIS DE GRADO,DESCONOCIDA,2005-10-17,2006-03-03,0.38,True,True
135,PROFESOR NO TITULAR OCASIONAL 1 (TP),FACULTAD DE CIENCIAS NATURALES Y MATEMÁTICAS,2013-05-13,2017-03-17,3.84,True,False
135,PROFESOR NO TITULAR OCASIONAL (TC),FACULTAD DE CIENCIAS NATURALES Y MATEMÁTICAS,2017-05-15,2020-02-21,2.77,True,False
140,PROFESOR TITULAR AGREGADO (TC),FACULTAD DE CIENCIAS SOCIALES Y HUMANÍSTICAS,2012-06-01,2014-09-22,2.31,True,False
195,PROFESOR PREGRADO,DESCONOCIDA,2004-10-18,2009-09-25,4.94,True,True
195,INVESTIGADOR,DESCONOCIDA,2004-10-29,2005-10-29,1.0,True,True
195,PROFESOR NO TITULAR OCASIONAL (TC),FACULTAD DE CIENCIAS SOCIALES Y HUMANÍSTICAS,2024-04-01,2024-05-07,0.1,False,False
195,PROFESOR NO TITULAR OCASIONAL (TC),FACULTAD DE CIENCIAS SOCIALES Y HUMANÍSTICAS,2025-05-15,,1.34,True,False
215,PROFESOR PREGRADO,DESCONOCIDA,1985-02-11,1985-05-10,0.24,False,False
215,PROFESOR ACCIDENTAL,DESCONOCIDA,1985-10-21,1987-01-21,1.25,True,True
215,PROFESOR,DESCONOCIDA,1986-02-24,1986-05-23,0.24,False,True
215,PROFESOR TITULAR PRINCIPAL (TC),FACULTAD DE CIENCIAS NATURALES Y MATEMÁTICAS,1987-01-22,2024-05-01,37.27,True,True
215,COORDINADOR DEL CRECE,DESCONOCIDA,1996-03-04,1996-05-03,0.16,False,True
215,COORDINADOR CRECE,DESCONOCIDA,1997-03-03,1997-05-02,0.16,False,True
215,EJECUCION ACTIVIDADES,DESCONOCIDA,2005-05-20,2005-05-22,0.01,False,True
216,JEFE FINANCIERO,DESCONOCIDA,1987-11-04,1997-01-31,9.24,True,False
216,DIRECTOR FINANCIERO,DESCONOCIDA,1997-04-01,1998-03-30,0.99,True,False
216,JEFE ADMINISTRATIVO FINANCIERO,DESCONOCIDA,1999-01-01,2014-12-31,16.0,True,True
216,ANALISTA ADMINISTRATIVO FINANCIERO DE CENTROS,DESCONOCIDA,2014-12-31,2015-01-01,0.0,False,True
217,PROFESOR PREGRADO,DESCONOCIDA,1982-05-17,1982-10-02,0.38,True,False
217,ASISTENTE DE INVESTIGACIÓN,DESCONOCIDA,1983-07-01,1984-06-30,1.0,True,False
217,ASISTENTE DE INVESTIGACIÓN,DESCONOCIDA,1985-01-01,1985-03-31,0.24,False,False
217,DISEÑO DE EMBARCACIONES,DESCONOCIDA,1987-03-16,1987-05-15,0.16,False,False
217,PROFESOR PREGRADO,DESCONOCIDA,1987-05-18,1987-09-26,0.36,True,False
217,PROFESOR PREGRADO,DESCONOCIDA,1988-05-16,1988-09-24,0.36,True,False
217,PROFESOR PREGRADO,DESCONOCIDA,2003-10-20,2004-03-08,0.38,True,False
217,PROFESOR NO TITULAR OCASIONAL (TC),"FACULTAD DE INGENIERIA MARÍTIMA, CIENCIAS BIOLÓGICAS, OCEÁNICAS Y RECURSOS NATURALES",2017-04-10,2018-02-28,0.89,True,False
217,PROFESOR NO TITULAR OCASIONAL (TP),FACULTAD DE INGENIERÍA MARÍTIMA Y CIENCIAS DEL MAR,2022-06-01,2025-02-14,2.71,True,False
228,ASISTENTE TÉCNICO DE COMPUTADORES,DESCONOCIDA,2002-09-28,2004-05-17,1.63,True,False
228,ASISTENTE TÉCNICO DE SOPORTE,DESCONOCIDA,2008-08-01,2014-06-01,5.83,True,True
228,EJECUCION ACTIVIDADES,DESCONOCIDA,2008-10-13,2009-03-02,0.38,True,True
228,PROFESOR NO TITULAR OCASIONAL (TC),FACULTAD DE INGENIERÍA EN ELECTRICIDAD Y COMPUTACIÓN,2014-05-12,,12.35,True,True
228,TÉCNICOS ESPECIALIZADOS - EJECUCIÓN DE PROYECTOS,FACULTAD DE INGENIERÍA EN ELECTRICIDAD Y COMPUTACIÓN,2017-03-28,2017-03-31,0.01,False,True
229,AYUDANTE,DESCONOCIDA,2006-03-01,2014-12-31,8.83,True,False
229,ANALISTA FINANCIERO 1,GERENCIA FINANCIERA,2015-01-01,,11.71,True,False
231,PROFESOR,DESCONOCIDA,2000-10-10,2002-03-02,1.39,True,False
231,PROFESOR,DESCONOCIDA,2002-10-21,2003-03-07,0.38,True,False
231,PROFESOR,DESCONOCIDA,2004-02-01,2004-05-30,0.33,True,False
231,ANALISTA DE DESARROLLO DE SISTEMAS 3,GERENCIA DE TECNOLOGÍAS Y SISTEMAS DE INFORMACIÓN,2016-06-24,,10.23,True,False
244,PROFESOR NO TITULAR OCASIONAL (TC),FACULTAD DE CIENCIAS NATURALES Y MATEMÁTICAS,2015-05-01,2020-05-31,5.08,True,False
266,DOCENTE,DESCONOCIDA,2002-05-20,2010-03-02,7.78,True,False
266,DIRECTOR DEL CENTRO DE INVESTIGACIONES Y SERVICIOS EDUCATIVOS,DESCONOCIDA,2014-06-01,2018-02-01,3.67,True,False
274,PROFESOR TITULAR PRINCIPAL 1 (TC),DESCONOCIDA,2013-01-01,2015-08-31,2.66,True,False
274,DECANO(A),FACULTAD DE CIENCIAS DE LA VIDA,2015-09-01,2019-02-11,3.45,True,True
274,PROFESOR TITULAR PRINCIPAL 3 (TC),FACULTAD DE CIENCIAS DE LA VIDA,2018-01-01,2018-01-01,0.0,False,True
274,PROFESOR TITULAR PRINCIPAL 3 (TC),DESCONOCIDA,2019-02-12,2019-02-12,0.0,False,False
315,PROFESOR ACCIDENTAL,DESCONOCIDA,1971-06-30,1971-08-31,0.17,False,False
315,PROFESOR ACCIDENTAL,DESCONOCIDA,1973-11-21,1975-08-05,1.7,True,False
315,PROFESOR AGREGADO,DESCONOCIDA,1975-08-06,1977-08-06,2.0,True,False
315,PROFESOR TITULAR PRINCIPAL (TC),DESCONOCIDA,1979-04-16,2016-11-24,37.61,True,True
315,DIRECCION DEL PROYECTO ESPOL/UNO,DESCONOCIDA,1993-05-03,1994-05-03,1.0,True,True
315,RECTOR,RECTORADO,2014-03-01,2017-11-13,3.7,True,True
315,PROFESOR TITULAR PRINCIPAL (TC),DESCONOCIDA,2017-11-13,2017-12-01,0.05,False,True
398,PROFESOR PREGRADO,DESCONOCIDA,1989-05-08,1989-09-16,0.36,True,False
398,PROFESOR PREGRADO,DESCONOCIDA,1990-05-28,1991-03-01,0.76,True,True
398,ASISTENTE PROGRAMA CIRCULACIÓN,DESCONOCIDA,1991-01-02,1991-01-16,0.04,False,True
398,ENCARGADO,DESCONOCIDA,1992-09-08,1992-10-07,0.08,False,False
398,PROFESOR PREGRADO,DESCONOCIDA,1998-10-19,2001-02-23,2.35,True,False
398,PROFESOR PREGRADO,DESCONOCIDA,2001-10-22,2002-03-02,0.36,True,False
398,PROFESOR PREGRADO,DESCONOCIDA,2002-10-21,2003-03-07,0.38,True,False
398,PROFESOR PREGRADO,DESCONOCIDA,2004-05-17,2004-09-25,0.36,True,False
398,PROFESOR PREGRADO,DESCONOCIDA,2006-10-17,2007-03-06,0.38,True,False
398,PROFESOR PREGRADO,DESCONOCIDA,2007-10-15,2008-09-26,0.95,True,False
398,PROFESOR NO TITULAR OCASIONAL (MT),DESCONOCIDA,2014-10-20,2015-03-13,0.39,True,False
398,PROFESOR NO TITULAR OCASIONAL 1 (TP),"FACULTAD DE INGENIERIA MARÍTIMA, CIENCIAS BIOLÓGICAS, OCEÁNICAS Y RECURSOS NATURALES",2016-05-02,2017-03-17,0.87,True,False
398,PROFESOR NO TITULAR OCASIONAL (TP),"FACULTAD DE INGENIERIA MARÍTIMA, CIENCIAS BIOLÓGICAS, OCEÁNICAS Y RECURSOS NATURALES",2017-10-04,2018-03-02,0.41,True,False
398,PROFESOR NO TITULAR OCASIONAL (TP),"FACULTAD DE INGENIERIA MARÍTIMA, CIENCIAS BIOLÓGICAS, OCEÁNICAS Y RECURSOS NATURALES",2018-10-01,2019-02-22,0.39,True,False
398,PROFESOR NO TITULAR OCASIONAL (TP),"FACULTAD DE INGENIERIA MARÍTIMA, CIENCIAS BIOLÓGICAS, OCEÁNICAS Y RECURSOS NATURALES",2021-05-17,2021-08-31,0.29,True,False
414,TÉCNICO AUXILIAR DE CONVENIOS Y PORYECTOS (TECNÓLOGO DE CAPTURA),DESCONOCIDA,1985-05-01,1986-04-09,0.94,True,False
414,PROFESOR ACCIDENTAL,DESCONOCIDA,1989-07-04,1990-07-03,1.0,True,False
414,PROFESOR PREGRADO,DESCONOCIDA,2005-02-11,2009-02-10,4.0,True,False
414,PROFESOR PRINCIPAL,DESCONOCIDA,2009-03-10,2009-12-31,0.81,True,False
414,PROFESOR TITULAR PRINCIPAL (MT),DESCONOCIDA,2013-01-01,2022-05-01,9.33,True,False
419,PROFESOR,DESCONOCIDA,1983-08-01,1983-09-15,0.12,False,False
419,PROFESIR,DESCONOCIDA,1993-10-18,1994-03-04,0.38,True,False
419,PROFESOR,DESCONOCIDA,1994-05-23,2009-03-02,14.77,True,False
419,TÉCNICO DE LABORATORIO 4,FACULTAD DE INGENIERÍA EN CIENCIAS DE LA TIERRA,2017-10-01,2020-09-30,3.0,True,False
529,DOCENTE INVESTIGADOR,DESCONOCIDA,1979-10-01,1985-09-30,6.0,True,True
529,PROFESOR PREGRADO,DESCONOCIDA,1984-10-29,1985-03-02,0.34,True,True
529,PROFESOR PREGRADO,DESCONOCIDA,1985-10-01,1988-09-30,3.0,True,False
529,ASESORÍA EN EL DESARROLLO DE PROGRAMA DE EXTENCIÓN DEL CENAIM,DESCONOCIDA,1994-04-01,1995-03-30,0.99,True,True
529,PROFESOR PREGRADO,DESCONOCIDA,1994-05-23,1995-10-06,1.37,True,True
529,PROFESOR PREGRADO,DESCONOCIDA,1999-05-25,2003-03-07,3.78,True,False
529,PROFESOR PREGRADO,DESCONOCIDA,2003-10-20,2012-12-31,9.2,True,True
529,PARTICIPACIÓN EN CALIDAD DE VOCAL DE MAESTRÍA DE DOCENCIA E INVESTIGACIÓN EDUCATIVA,DESCONOCIDA,2003-11-01,2004-04-30,0.5,True,True
529,PROFESOR NO TITULAR OCASIONAL 1 (TC),"FACULTAD DE INGENIERIA MARÍTIMA, CIENCIAS BIOLÓGICAS, OCEÁNICAS Y RECURSOS NATURALES",2014-10-01,2018-04-30,3.58,True,False
568,TÉCNICO DOCENTE,DESCONOCIDA,2015-01-01,2015-12-31,1.0,True,False
568,PROFESOR NO TITULAR OCASIONAL 2 (TC),FACULTAD DE CIENCIAS SOCIALES Y HUMANÍSTICAS,2016-05-02,2017-12-31,1.66,True,False
568,TÉCNICO DOCENTE 4 (TC),DECANATO DE GRADO,2018-01-01,2021-03-21,3.22,True,False
597,PROFESOR,DESCONOCIDA,1981-09-18,2009-12-31,28.28,True,False
597,PROFESOR TITULAR PRINCIPAL (TC),FACULTAD DE INGENIERÍA MECÁNICA Y CIENCIAS DE LA PRODUCCIÓN,2013-01-01,2021-04-01,8.25,True,False
618,PROFESOR,DESCONOCIDA,1986-10-20,1987-09-26,0.93,True,False
618,PROFESOR,DESCONOCIDA,2002-05-20,2003-03-07,0.8,True,False
618,PROFESOR NO TITULAR OCASIONAL,DESCONOCIDA,2013-05-13,2013-09-20,0.36,True,False
618,PROFESOR NO TITULAR OCASIONAL (TC),FACULTAD DE CIENCIAS NATURALES Y MATEMÁTICAS,2014-01-01,2020-02-21,6.14,True,False
641,PROFESOR NO TITULAR OCASIONAL (MT),FACULTAD DE CIENCIAS NATURALES Y MATEMÁTICAS,2015-01-01,2015-03-13,0.19,False,False
641,PROFESOR NO TITULAR OCASIONAL (MT),DESCONOCIDA,2015-05-11,2015-10-02,0.39,True,False
641,PROFESOR NO TITULAR OCASIONAL (MT),FACULTAD DE CIENCIAS NATURALES Y MATEMÁTICAS,2015-10-19,2016-02-28,0.36,True,False
641,PROFESOR NO TITULAR OCASIONAL 1 (MT),FACULTAD DE CIENCIAS NATURALES Y MATEMÁTICAS,2016-05-02,2017-03-17,0.87,True,False
653,PROFESOR PREGRADO,DESCONOCIDA,1988-05-30,1988-09-24,0.32,True,False
653,PROFESOR PREGRADO,DESCONOCIDA,1991-11-04,1992-03-06,0.34,True,False
653,PROFESOR PREGRADO,DESCONOCIDA,1994-10-17,1997-10-03,2.96,True,True
653,PROFESOR ACCIDENTAL,DESCONOCIDA,1997-10-02,1998-10-01,1.0,True,True
653,PROFESOR PREGRADO,DESCONOCIDA,1998-10-14,2003-02-14,4.34,True,False
653,PROFESOR PREGRADO,DESCONOCIDA,2004-10-18,2008-03-05,3.38,True,False
653,PROFESOR TITULAR PRINCIPAL 1 (TC),DESCONOCIDA,2010-01-01,2019-11-01,9.83,True,False
656,PROFESOR PREGRADO,DESCONOCIDA,2002-05-20,2005-03-08,2.8,True,False
656,PROFESOR PREGRADO,DESCONOCIDA,2005-10-17,2013-05-12,7.57,True,True
656,DIRECTOR DE 1 PROYECTO DE GRADO,DESCONOCIDA,2006-10-01,2006-10-30,0.08,False,True
656,DIRECTOR DE 1 PROYECTO  DE GRADO,DESCONOCIDA,2007-10-15,2008-03-05,0.39,True,True
656,PROFESOR NO TITULAR OCASIONAL (TP),FACULTAD DE CIENCIAS SOCIALES Y HUMANÍSTICAS,2014-10-01,2019-09-20,4.97,True,False
667,PROFESOR,DESCONOCIDA,1986-02-24,1986-05-23,0.24,False,False
667,PROFESOR ACCIDENTAL,DESCONOCIDA,1988-11-08,1997-01-15,8.19,True,False
667,PROFESOR TITULAR PRINCIPAL (TC),FACULTAD DE INGENIERÍA MECÁNICA Y CIENCIAS DE LA PRODUCCIÓN,1997-01-16,,29.66,True,False
671,RESPONSABLE DEL LABORATORIO DE ANÁLISIS DE ALIMENTOS,DESCONOCIDA,1981-01-05,1982-06-04,1.41,True,False
671,ASISTENTE TÉCNICO DE LABORATORIO,DESCONOCIDA,1982-06-05,1982-11-25,0.47,True,True
671,JEFE DE LABORATORIO DE ANÁLISIS Y QUÍMICA DE ALIMENTOS,DESCONOCIDA,1982-07-05,1983-07-04,1.0,True,True
671,INSTRUCTORA A TIEMPO COMPLETO,DESCONOCIDA,1983-01-13,1984-10-14,1.75,True,True
671,PROFESOR ACCIDENTAL,DESCONOCIDA,1984-10-15,1985-04-11,0.49,True,True
671,SUPERVISIÓN DE PRACTICAS INSDUSTRIALES II,DESCONOCIDA,1985-04-11,1985-05-10,0.08,False,True
671,PROFESOR AUXILIAR,DESCONOCIDA,1985-10-28,1986-02-24,0.33,True,True
671,PROFESOR PRE-POLITÉCNICO,DESCONOCIDA,1986-02-24,1986-03-23,0.07,False,True
671,PROFESOR PRE-POLITÉCNICO,DESCONOCIDA,1993-02-08,1993-05-21,0.28,True,False
671,PROFESOR PRE-POLITÉCNICO,DESCONOCIDA,1996-02-12,1997-05-10,1.24,True,False
671,PROFESOR PRE-POLITÉCNICO,DESCONOCIDA,1998-02-10,1998-05-16,0.26,True,False
671,GERENTE TÉCNICO DEL LABORATORIO DE PROTAL DE LA ESPOL,DESCONOCIDA,2008-01-01,2008-09-30,0.75,True,False
671,PROFESOR TITULAR PRINCIPAL (TC),DESCONOCIDA,2010-01-01,2021-07-01,11.5,True,False
675,PROFESOR PREGRADO,DESCONOCIDA,1987-03-09,1987-05-08,0.16,False,False
675,PROFESOR ACCIDENTAL,DESCONOCIDA,1987-05-18,1988-05-08,0.97,True,True
675,PROFESOR PREGRADO,DESCONOCIDA,1988-03-14,1988-05-04,0.14,False,True
675,PROFESOR TITULAR PRINCIPAL 1 (TC),FACULTAD DE INGENIERÍA EN ELECTRICIDAD Y COMPUTACIÓN,1988-05-09,,38.35,True,True
675,JEFE DE PROYECTO,DESCONOCIDA,1996-02-15,1996-06-14,0.33,True,True
678,PROFESOR PREGRADO,DESCONOCIDA,1984-05-14,1985-10-11,1.41,True,False
678,PROFESOR ACCIDENTAL,DESCONOCIDA,1987-05-18,1988-05-30,1.03,True,True
678,PROFESOR PREGRADO,DESCONOCIDA,1988-03-17,1988-04-30,0.12,False,True
678,PROFESOR AUXILIAR,DESCONOCIDA,1988-05-31,1990-05-30,2.0,True,False
678,PROFESOR PREGRADO,DESCONOCIDA,1999-06-01,2000-02-28,0.74,True,False
678,PROFESOR,DESCONOCIDA,2001-07-01,2001-10-31,0.33,True,False
678,PROFESOR PREGRADO,DESCONOCIDA,2004-03-09,2004-05-08,0.16,False,False
678,PROFESOR PREGRADO,DESCONOCIDA,2005-01-01,2005-01-31,0.08,False,False
678,PROFESOR PREGRADO,DESCONOCIDA,2005-09-01,2006-07-01,0.83,True,False
678,PROFESOR PRINCIPAL,DESCONOCIDA,2010-01-01,2012-09-19,2.72,True,False
678,DECANO(A),FACULTAD DE INGENIERÍA EN ELECTRICIDAD Y COMPUTACIÓN,2012-09-20,2017-11-12,5.14,True,True
678,PROFESOR TITULAR PRINCIPAL (TC),FACULTAD DE INGENIERÍA EN ELECTRICIDAD Y COMPUTACIÓN,2013-01-01,2013-01-01,0.0,False,True
678,PROFESOR TITULAR PRINCIPAL (TC),FACULTAD DE INGENIERÍA EN ELECTRICIDAD Y COMPUTACIÓN,2017-11-13,,8.84,True,False
679,PROFESOR PREGRADO,DESCONOCIDA,1982-06-07,1983-03-12,0.76,True,False
679,PROFESOR PREGRADO,DESCONOCIDA,1985-05-20,1985-10-05,0.38,True,False
679,PROFESOR PRE-POLITÉCNICO,DESCONOCIDA,1987-02-16,1987-05-16,0.24,False,False
679,PROFESOR PRE-POLITÉCNICO,DESCONOCIDA,1998-02-10,1998-05-16,0.26,True,False
679,MEDICION DE CONCENTRACIÓN DE GASES,DESCONOCIDA,1999-10-25,1999-10-28,0.01,False,False
679,PROFESOR TITULAR PRINCIPAL (TC),FACULTAD DE CIENCIAS NATURALES Y MATEMÁTICAS,2013-01-01,,13.7,True,False
692,AYUDANTE ACADÉMICO,DESCONOCIDA,1977-12-01,1981-12-15,4.04,True,False
692,PROFESOR TITULAR PRINCIPAL (TC),DESCONOCIDA,2013-01-01,2020-08-23,7.64,True,True
692,CONTRATO CIVIL - SERVICIO TÉCNICO ESPECIALIZADO,FACULTAD DE CIENCIAS NATURALES Y MATEMÁTICAS,2016-10-01,2016-12-31,0.25,False,True
692,TÉCNICOS ESPECIALIZADOS - EJECUCIÓN DE PROYECTOS,FACULTAD DE CIENCIAS NATURALES Y MATEMÁTICAS,2017-01-01,2017-12-31,1.0,True,True
697,PROFESOR ACCIDENTAL,DESCONOCIDA,1987-05-18,2004-06-29,17.12,True,True
697,COORDINADOR,DESCONOCIDA,1988-04-01,1988-04-30,0.08,False,True
697,COORDINADOR,DESCONOCIDA,1989-08-01,1989-09-30,0.16,False,True
697,JEFE,DESCONOCIDA,1991-01-02,1991-01-31,0.08,False,True
697,SUPERVISOR DE PROYECTO,DESCONOCIDA,1991-05-01,1992-04-30,1.0,True,True
697,JEFE,DESCONOCIDA,1992-06-01,1993-07-31,1.16,True,True
697,PROFESOR,DESCONOCIDA,1998-05-25,1998-10-02,0.36,True,True
697,PROFESOR PREGRADO,DESCONOCIDA,1999-10-11,2000-10-30,1.05,True,True
697,PROFESOR TITULAR PRINCIPAL 1 (TC),"FACULTAD DE INGENIERIA MARÍTIMA, CIENCIAS BIOLÓGICAS, OCEÁNICAS Y RECURSOS NATURALES",2004-06-30,2017-11-12,13.37,True,False
697,DECANO(A),FACULTAD DE INGENIERÍA MARÍTIMA Y CIENCIAS DEL MAR,2017-11-13,2021-02-21,3.27,True,True
697,PROFESOR TITULAR PRINCIPAL 3 (TC),"FACULTAD DE INGENIERIA MARÍTIMA, CIENCIAS BIOLÓGICAS, OCEÁNICAS Y RECURSOS NATURALES",2018-01-01,2019-01-24,1.06,True,True
697,PROFESOR TITULAR PRINCIPAL 3 (TC),FACULTAD DE INGENIERÍA MARÍTIMA Y CIENCIAS DEL MAR,2021-02-17,2021-02-22,0.01,False,True
697,PROFESOR TITULAR PRINCIPAL 3 (TC),FACULTAD DE INGENIERÍA MARÍTIMA Y CIENCIAS DEL MAR,2021-06-07,2021-06-14,0.02,False,False
697,PROFESOR TITULAR PRINCIPAL 3 (TC),FACULTAD DE INGENIERÍA MARÍTIMA Y CIENCIAS DEL MAR,2021-11-05,,4.86,True,True
697,DECANO(A),FACULTAD DE INGENIERÍA MARÍTIMA Y CIENCIAS DEL MAR,2026-02-20,2026-02-20,0.0,False,True
705,AYUDANTE EN LA OFICINA DE INVESTIGACION,DESCONOCIDA,1983-06-20,1983-08-19,0.16,False,False
705,EJECUCION ACTIVIDADES,DESCONOCIDA,1985-09-02,1986-05-14,0.7,True,False
705,EJECUCION ACTIVIDADES,DESCONOCIDA,1987-03-09,1987-04-01,0.06,False,False
705,EJECUCION ACTIVIDADES,DESCONOCIDA,1988-09-01,1988-11-30,0.25,False,False
705,EJECUCION ACTIVIDADES,DESCONOCIDA,1990-04-01,1990-04-30,0.08,False,False
705,DECANO DE LA FACULTAD DE INGENIERIA MECANICA,DESCONOCIDA,1993-03-08,1993-05-07,0.16,False,False
705,PREPARACION DE LOS PROYECTOS DE INVERSION DE LA ESPOL,DESCONOCIDA,1999-07-31,1999-08-14,0.04,False,False
705,EJECUCION ACTIVIDADES,DESCONOCIDA,2002-05-20,2003-03-07,0.8,True,False
705,EJECUCION ACTIVIDADES,DESCONOCIDA,2008-03-05,2009-03-04,1.0,True,False
705,PROFESOR TITULAR PRINCIPAL (TC),FACULTAD DE INGENIERÍA MECÁNICA Y CIENCIAS DE LA PRODUCCIÓN,2010-01-01,,16.7,True,True
705,EJECUCION ACTIVIDADES,DESCONOCIDA,2014-02-01,2014-12-31,0.91,True,True
705,DECANO(A),FACULTAD DE INGENIERÍA MECÁNICA Y CIENCIAS DE LA PRODUCCIÓN,2014-10-20,2017-11-12,3.06,True,True
709,PROFESOR ACCIDENTAL,DESCONOCIDA,1985-01-01,1988-03-05,3.17,True,False
709,PROFESOR AUXILIAR,DESCONOCIDA,1988-03-06,1988-04-01,0.07,False,True
709,DESARROLLO DEL PERFIN DEL PUERTO PESQUERO DE MANTA,DESCONOCIDA,1988-04-01,1988-04-30,0.08,False,True
709,DIRECTOR DE PROYECTO,DESCONOCIDA,1989-11-01,1991-04-30,1.49,True,True
709,JEFE PROGRAMA CIRCULACIÓN,DESCONOCIDA,1991-01-02,1991-01-31,0.08,False,True
709,RESPONSABLE DE LOS PROGRAMAS HIDROGRAFICOS Y DE CORRIENTES,DESCONOCIDA,1992-09-08,1992-11-07,0.16,False,False
709,ASISTENTE DE PROYECTO,DESCONOCIDA,1993-08-16,1993-10-15,0.16,False,False
709,DIRECTOR TÉCNICO DE PROYECTO,DESCONOCIDA,1994-06-03,1994-07-02,0.08,False,False
709,DIRECCIÓN GENERAL,DESCONOCIDA,1995-07-01,1995-12-30,0.5,True,False
709,SUBDECANO DE LA FAC. DE ING. MARÍTIMA Y CIENCIAS DEL MAR,DESCONOCIDA,1996-04-03,1996-05-03,0.08,False,False
709,SUBDECANO/A,DESCONOCIDA,1997-03-03,1997-05-02,0.16,False,False
709,PROFESOR PRINCIPAL,DESCONOCIDA,1997-06-20,1998-02-01,0.62,True,True
709,DIRECTOR GENERAL DEL PROYECTO,DESCONOCIDA,1998-02-01,1999-01-31,1.0,True,True
709,PROFESOR PREGRADO,DESCONOCIDA,1998-05-25,1999-03-02,0.77,True,True
709,DIRECTOR GENERAL DE PROYECTO,DESCONOCIDA,1999-03-01,1999-05-31,0.25,False,True
709,DIRECTOR GENERAL DEL PROYECTO,DESCONOCIDA,1999-10-01,2000-12-30,1.25,True,False
709,"ELABORACIÓN, RECEPCIÓN Y CALIFICACIÓN DE EXÁMENES",DESCONOCIDA,2004-05-17,2004-09-25,0.36,True,False
709,"ELABORACIÓN, RECEPCIÓN Y CALIFICACIÓN DE EXÁMENES",DESCONOCIDA,2005-05-16,2005-09-24,0.36,True,False
709,"ELABORACIÓN, RECEPCIÓN Y CALIFICACIÓN DE EXÁMENES",DESCONOCIDA,2006-05-15,2006-09-23,0.36,True,False
709,DIRECTOR COMISIÓN DE VÍNCULOS CON LA COLECTIVIDAD,DESCONOCIDA,2008-05-02,2009-05-01,1.0,True,False
709,PROFESOR TITULAR PRINCIPAL (TC),FACULTAD DE INGENIERÍA MARÍTIMA Y CIENCIAS DEL MAR,2010-01-01,,16.7,True,True
709,DECANO(A),"FACULTAD DE INGENIERIA MARÍTIMA, CIENCIAS BIOLÓGICAS, OCEÁNICAS Y RECURSOS NATURALES",2014-09-29,2017-11-12,3.12,True,True
716,PROFESOR,DESCONOCIDA,1983-10-17,1984-02-25,0.36,True,False
716,PROFESOR PREGRADO,DESCONOCIDA,1984-10-15,1986-03-01,1.37,True,True
716,PROFESOR ACCIDENTAL,DESCONOCIDA,1985-12-12,1987-05-17,1.43,True,True
716,PROFESOR TITULAR PRINCIPAL (TC),FACULTAD DE INGENIERÍA EN ELECTRICIDAD Y COMPUTACIÓN,2013-01-01,2025-03-01,12.16,True,False
725,PROFESOR PREGRADO,DESCONOCIDA,1982-05-03,1982-10-02,0.42,True,False
725,PROFESOR PREGRADO,DESCONOCIDA,1983-01-25,1988-02-17,5.06,True,True
725,PROFESOR PRE-POLITÉCNICO,DESCONOCIDA,1988-02-17,1988-05-17,0.25,False,True
725,PROFESOR PRE-POLITÉCNICO,DESCONOCIDA,1989-02-20,1989-05-20,0.24,False,False
725,PROFESOR PRE-POLITÉCNICO,DESCONOCIDA,1993-02-08,1993-09-30,0.64,True,False
725,PROFESOR TITULAR PRINCIPAL (TC),FACULTAD DE INGENIERÍA EN ELECTRICIDAD Y COMPUTACIÓN,2007-10-15,,18.92,True,True
725,DECANO(A),DESCONOCIDA,2019-03-18,2019-03-24,0.02,False,True
725,DECANO(A),DESCONOCIDA,2020-01-02,2021-02-21,1.14,True,True
733,AUXILIAR DE SECRETARÍA,DESCONOCIDA,1979-04-01,1988-06-06,9.18,True,False
733,ASISTENTE EJECUTIVA DE UNIDAD ACADÉMICA,FACULTAD DE CIENCIAS NATURALES Y MATEMÁTICAS,1988-06-07,2019-05-11,30.92,True,False
760,PROFESOR PREGRADO,DESCONOCIDA,2000-05-15,2010-03-02,9.8,True,True
760,COORDINADOR PROYECTO,DESCONOCIDA,2008-05-15,2009-05-14,1.0,True,True
760,PROFESOR PREGRADO,DESCONOCIDA,2013-04-13,2013-04-21,0.02,False,False
760,PROFESOR NO TITULAR OCASIONAL,DESCONOCIDA,2013-05-13,2014-09-30,1.38,True,False
760,DIRECTOR DE ADMISIONES,DIRECCIÓN DE ADMISIONES,2014-11-10,2016-05-01,1.47,True,True
760,PROFESOR NO TITULAR OCASIONAL (MT),FACULTAD DE CIENCIAS NATURALES Y MATEMÁTICAS,2015-01-01,2015-03-13,0.19,False,True
760,PROFESOR NO TITULAR OCASIONAL (TP),FACULTAD DE CIENCIAS NATURALES Y MATEMÁTICAS,2015-05-11,2016-02-28,0.8,True,True
760,PROFESOR NO TITULAR OCASIONAL 1 (TP),FACULTAD DE CIENCIAS NATURALES Y MATEMÁTICAS,2016-05-02,2017-09-22,1.39,True,True
760,TÉCNICOS ESPECIALIZADOS - EJECUCIÓN DE PROYECTOS,FACULTAD DE CIENCIAS NATURALES Y MATEMÁTICAS,2016-10-01,2017-12-31,1.25,True,True
760,PROFESOR NO TITULAR OCASIONAL (TC),FACULTAD DE CIENCIAS NATURALES Y MATEMÁTICAS,2017-10-04,,8.95,True,True
760,DIRECTOR DE ADMISIONES,FACULTAD DE CIENCIAS NATURALES Y MATEMÁTICAS,2018-06-19,2018-10-10,0.31,True,True
760,DIRECTOR DE ADMISIONES,FACULTAD DE CIENCIAS NATURALES Y MATEMÁTICAS,2019-09-20,2019-10-01,0.03,False,True
760,DIRECTOR DE ADMISIONES,FACULTAD DE CIENCIAS NATURALES Y MATEMÁTICAS,2020-11-24,2020-12-07,0.04,False,True
762,PROFESOR PREGRADO,DESCONOCIDA,1983-05-14,1986-07-17,3.18,True,False
762,PROFESOR ACCIDENTAL,DESCONOCIDA,1987-01-15,1987-03-09,0.15,False,True
762,SUPERVISIÓN DEL PROCESO GENERAL DE PLANIFICA CIÓN,DESCONOCIDA,1987-03-09,1987-05-08,0.16,False,True
762,DIRECTOR DE ESCUELA DE PROTEL,DESCONOCIDA,1988-03-05,1988-04-03,0.08,False,False
762,DIRECTOR ESCUELAS DE TECNOLOGIA ELECTRIA,DESCONOCIDA,1988-04-19,1988-05-04,0.04,False,False
762,PROFESOR PREGRADO,DESCONOCIDA,1989-03-13,1989-05-03,0.14,False,False
762,COORDINADOR GRUPO DE TRABAJO CONVENIO PROMEET/ESPOL,DESCONOCIDA,1989-11-15,1990-02-14,0.25,False,False
762,PROFESOR PRE-POLITÉCNICO,DESCONOCIDA,1993-02-08,1993-05-21,0.28,True,False
762,PROFESOR PRE-POLITÉCNICO,DESCONOCIDA,1999-01-04,1999-04-30,0.32,True,False
762,PROFESOR TITULAR AUXILIAR (TC),DESCONOCIDA,2010-01-01,2020-09-30,10.75,True,False
768,PROFESOR ACCIDENTAL,DESCONOCIDA,1984-07-26,1986-02-05,1.53,True,False
768,PROFESOR PREGRADO,DESCONOCIDA,2002-05-20,2002-09-27,0.36,True,False
768,PROFESOR TITULAR PRINCIPAL 1 (TC),FACULTAD DE INGENIERÍA MARÍTIMA Y CIENCIAS DEL MAR,2010-01-01,,16.7,True,True
768,SUBDECANO(A),DESCONOCIDA,2017-12-04,2017-12-06,0.01,False,True
768,SUBDECANO(A),DESCONOCIDA,2018-07-13,2018-09-21,0.19,False,True
768,DECANO(A),DESCONOCIDA,2019-03-29,2019-04-02,0.01,False,True
769,PROFESOR PREGRADO,DESCONOCIDA,1983-10-17,1984-09-29,0.95,True,False
769,PROFESOR,DESCONOCIDA,1984-10-15,1985-10-05,0.97,True,False
769,PROFESOR PREGRADO,DESCONOCIDA,1985-10-21,1986-09-27,0.93,True,False
769,PROFESOR,DESCONOCIDA,1986-10-01,1987-02-28,0.41,True,True
769,PROFESOR ACCIDENTAL,DESCONOCIDA,1987-01-22,1988-01-31,1.02,True,True
769,PROFESOR AUXILIAR,DESCONOCIDA,1988-02-01,1990-01-30,2.0,True,True
769,COORDINADOR,DESCONOCIDA,1989-03-06,1989-03-12,0.02,False,True
769,PROFESOR PREGRADO,DESCONOCIDA,1999-05-25,2003-03-07,3.78,True,False
769,PROFESOR TITULAR PRINCIPAL 1 (TC),FACULTAD DE INGENIERÍA EN ELECTRICIDAD Y COMPUTACIÓN,2010-01-01,2023-09-01,13.66,True,True
769,TÉCNICOS ESPECIALIZADOS - EJECUCIÓN DE PROYECTOS,FACULTAD DE INGENIERÍA EN ELECTRICIDAD Y COMPUTACIÓN,2017-02-10,2017-02-17,0.02,False,True
771,TÉCNICOS ESPECIALIZADOS - EJECUCIÓN DE PROYECTOS,DESCONOCIDA,2016-08-01,2016-08-05,0.01,False,False
771,TÉCNICOS ESPECIALIZADOS - EJECUCIÓN DE PROYECTOS,CENTRO DE INVESTIGACIONES Y SERVICIOS EDUCATIVOS,2017-01-03,2017-12-31,0.99,True,False
780,PROFESOR,DESCONOCIDA,1984-06-11,1985-05-10,0.91,True,False
780,PROFESOR PREGRADO,DESCONOCIDA,1986-10-20,1987-10-03,0.95,True,False
780,PROFESOR PREGRADO,DESCONOCIDA,1988-05-30,1988-10-01,0.34,True,False
780,PROFESOR,DESCONOCIDA,1998-05-25,1998-10-02,0.36,True,False
780,PROFESOR PREGRADO,DESCONOCIDA,1999-05-25,1999-10-02,0.36,True,False
780,PROFESOR PREGRADO,DESCONOCIDA,2000-05-15,2000-09-22,0.36,True,False
780,COORDINADOR DEL POSTGRADO EN FISICA MEDICA,DESCONOCIDA,2001-08-27,2002-03-30,0.59,True,False
780,PROFESOR PREGRADO,DESCONOCIDA,2002-05-20,2004-03-08,1.8,True,True
780,COORDINADOR DE LOS LABORATORIOS DE CIENCIAS FISICAS,DESCONOCIDA,2002-05-20,2002-09-27,0.36,True,True
780,PROFESOR TITULAR AGREGADO 3 (TC),FACULTAD DE INGENIERÍA MECÁNICA Y CIENCIAS DE LA PRODUCCIÓN,2004-05-17,,22.33,True,False
787,AYUDANTE ACADÉMICO DE I CATEGORÍA,DESCONOCIDA,1977-12-01,1979-10-09,1.85,True,False
787,PROFESOR,DESCONOCIDA,1982-10-13,1983-03-12,0.41,True,False
787,PROFESOR ACCIDENTAL,DESCONOCIDA,1992-05-08,2005-02-08,12.75,True,False
787,PROFESOR TITULAR AGREGADO 1 (TC),FACULTAD DE CIENCIAS NATURALES Y MATEMÁTICAS,2005-02-09,2024-05-01,19.22,True,True
787,DIRECTOR DE ADMISIONES,DESCONOCIDA,2014-06-01,2014-11-10,0.44,True,True
797,PROFESOR PREGRADO,DESCONOCIDA,1984-10-29,1986-03-01,1.34,True,False
797,PROFESOR,DESCONOCIDA,1988-02-17,1988-05-16,0.24,False,False
797,PROFESOR,DESCONOCIDA,1989-02-20,1989-05-19,0.24,False,False
797,PROFESOR,DESCONOCIDA,1992-07-27,1992-08-26,0.08,False,False
797,PROFESOR,DESCONOCIDA,1993-02-08,1993-05-21,0.28,True,False
797,PROFESOR,DESCONOCIDA,1995-06-12,1996-11-23,1.45,True,False
797,TÉCNICO DOCENTE 4 (TC),DIRECCIÓN DE ADMISIONES,2021-05-25,2021-12-31,0.6,True,False
797,TÉCNICO DOCENTE 3 (TC),DIRECCIÓN DE ADMISIONES,2023-05-29,,3.3,True,False
801,INSTRUCTOR EN EL DEPARTAMENTO DE INGENIERÍA ELÉCTRICA,DESCONOCIDA,1983-10-17,1984-02-25,0.36,True,False
801,JEFE DEL PORYECTO INECEL/ESPOL,DESCONOCIDA,1984-03-01,1984-11-17,0.71,True,True
801,PROFESOR PREGRADO,DESCONOCIDA,1984-10-29,1985-03-02,0.34,True,True
801,TÉCNICO AUXILIAR DEL PROYECTO INECEL/ESPOL,DESCONOCIDA,1984-11-17,1985-02-28,0.28,True,True
801,PROFESOR ACCIDENTAL,DESCONOCIDA,1988-09-01,2009-12-31,21.33,True,True
801,PROFESOR PRE-POLITÉCNICO,DESCONOCIDA,1993-02-08,1993-05-21,0.28,True,True
801,PROFESOR PRE-POLITÉCNICO,DESCONOCIDA,1995-06-12,1995-09-30,0.3,True,True
801,PROFESOR PRE-POLITÉCNICO,DESCONOCIDA,1996-02-12,1996-09-28,0.63,True,True
801,"SUPERVISOR DE CAMPO EN PROYECTO ""PREPARACION, CARTOGRAFIA """,DESCONOCIDA,1996-02-15,1996-04-14,0.16,False,True
801,PROFESOR PRE-POLITÉCNICO,DESCONOCIDA,1997-02-03,1997-09-27,0.65,True,True
801,PROFESOR PREGRADO,DESCONOCIDA,2004-10-18,2005-03-08,0.39,True,True
801,PROFESOR PREGRADO,DESCONOCIDA,2006-03-08,2006-04-29,0.14,False,True
801,PROFESOR PREGRADO,DESCONOCIDA,2007-03-12,2007-05-09,0.16,False,True
801,PROFESOR PREGRADO,DESCONOCIDA,2008-03-10,2008-05-10,0.17,False,True
801,PROFESOR TITULAR PRINCIPAL (TC),FACULTAD DE INGENIERÍA EN ELECTRICIDAD Y COMPUTACIÓN,2010-01-01,,16.7,True,False
805,PROFESOR ACCIDENTAL DE INGENIERIA,DESCONOCIDA,1988-09-01,1992-10-14,4.12,True,False
805,PROFESOR TITULAR PRINCIPAL (TC),FACULTAD DE CIENCIAS NATURALES Y MATEMÁTICAS,1992-10-15,2024-05-01,31.54,True,False
807,PROFESOR PREGRADO,DESCONOCIDA,1985-10-28,1986-03-01,0.34,True,False
807,INVESTIGADOR,DESCONOCIDA,1991-01-07,1993-02-28,2.14,True,False
807,PROFESOR PREGRADO,DESCONOCIDA,2001-10-22,2002-03-02,0.36,True,False
807,PROFESOR PREGRADO,DESCONOCIDA,2002-10-21,2003-03-07,0.38,True,False
807,PROFESOR NO TITULAR OCASIONAL (TC),FACULTAD DE INGENIERÍA MARÍTIMA Y CIENCIAS DEL MAR,2015-10-01,,10.96,True,False
808,PROFESOR,DESCONOCIDA,1987-10-13,1988-10-30,1.05,True,False
808,PROFESOR ACCIDENTAL,DESCONOCIDA,1988-11-01,1997-06-30,8.66,True,True
808,PROFESOR,DESCONOCIDA,1995-03-20,1995-03-31,0.03,False,True
808,PROFESOR TITULAR PRINCIPAL (TC),"FACULTAD DE ARTE, DISEÑO Y COMUNICACIÓN AUDIOVISUAL",2013-01-01,,13.7,True,True
808,SUBDIRECTOR,DESCONOCIDA,2018-03-12,2018-04-06,0.07,False,True
813,ASISTENTE DE INVESTIGACIÓN,DESCONOCIDA,1985-03-11,1988-10-02,3.56,True,False
813,COORDINADOR DEL PROGRAMA,DESCONOCIDA,1988-10-03,1997-04-18,8.54,True,True
813,PROFESOR PREGRADO,DESCONOCIDA,1994-05-30,1994-10-07,0.36,True,True
813,PROFESOR PREGRADO,DESCONOCIDA,1996-02-12,1996-05-18,0.26,True,True
813,PROFESOR PREGRADO,DESCONOCIDA,1997-02-03,1997-10-03,0.66,True,True
813,PROFESOR PREGRADO,DESCONOCIDA,1998-02-10,1998-05-16,0.26,True,True
813,ASISTENTE ADMINISTRATIVO DE LA CARRERA DE INGENIERÌA AGROPECUARIA,DESCONOCIDA,1998-04-19,1999-04-18,1.0,True,True
813,ASISTENTE ADMINISTRATIVO,DESCONOCIDA,1999-06-01,1999-12-30,0.58,True,True
813,PROFESOR PREGRADO,DESCONOCIDA,1999-11-04,1999-11-30,0.07,False,True
813,ASISTENTE ADMINISTRATIVO,DESCONOCIDA,2000-06-01,2000-12-30,0.58,True,False
813,ASISTENTE ADMINISTRATIVO,DESCONOCIDA,2002-01-01,2002-07-30,0.57,True,False
813,AYUDANTE DE COORDINADOR,DESCONOCIDA,2002-08-01,2014-12-31,12.42,True,False
813,ASISTENTE DE ACTIVOS FIJOS DE UNIDAD ACADÉMICA,DESCONOCIDA,2015-01-01,2020-11-01,5.83,True,False
815,ASISTENTE,DESCONOCIDA,2000-08-23,2000-11-22,0.25,False,False
815,SECRETARIA,DESCONOCIDA,2002-10-01,2005-12-31,3.25,True,False
815,ANALISTA DE SERVICIOS GENERALES,DIRECCIÓN DE SERVICIOS GENERALES,2017-01-01,2025-01-01,8.0,True,True
815,DIRECTOR DE SERVICIOS GENERALES,DIRECCIÓN DE SERVICIOS GENERALES,2023-10-02,2024-04-26,0.57,True,True
819,TECNICO AUXILIAR,DESCONOCIDA,1986-12-01,1988-02-28,1.24,True,False
819,TÉCNICO AUXILIAR DE CONVENIOS,DESCONOCIDA,1988-03-01,1989-09-30,1.58,True,False
819,TECNICO EN LARVICULTURA,DESCONOCIDA,1989-10-01,1990-09-30,1.0,True,False
819,ASISTENTE,DESCONOCIDA,1991-01-02,1991-01-31,0.08,False,False
819,JEFE DE PLANTA DEL LABORATORIO DE LARVAS,DESCONOCIDA,1991-03-01,1991-07-31,0.42,True,False
819,PROFESOR NO TITULAR OCASIONAL 2 (TC),DESCONOCIDA,2017-01-01,2017-12-31,1.0,True,False
819,TECNICO DOCENTE,"FACULTAD DE INGENIERIA MARÍTIMA, CIENCIAS BIOLÓGICAS, OCEÁNICAS Y RECURSOS NATURALES",2018-01-01,2018-08-31,0.66,True,False
819,PROFESOR NO TITULAR OCASIONAL (TC),FACULTAD DE INGENIERÍA MARÍTIMA Y CIENCIAS DEL MAR,2018-09-01,2025-02-14,6.46,True,False
820,PROFESOR,DESCONOCIDA,1996-02-12,1996-05-18,0.26,True,False
820,PROFESOR,DESCONOCIDA,1998-02-10,1998-05-16,0.26,True,False
820,PROFESOR PREGRADO,DESCONOCIDA,2004-05-17,2004-09-25,0.36,True,False
820,PROFESOR PREGRADO,DESCONOCIDA,2005-05-16,2005-09-24,0.36,True,False
820,PROFESOR PREGRADO,DESCONOCIDA,2010-05-17,2011-05-16,1.0,True,False
820,PROFESOR,DESCONOCIDA,2012-05-04,2012-06-24,0.14,False,False
820,PROFESOR NO TITULAR OCASIONAL (TC),FACULTAD DE CIENCIAS NATURALES Y MATEMÁTICAS,2014-10-01,2020-05-08,5.6,True,False
831,AUXILIAR DE SERVICIOS,DESCONOCIDA,1989-01-10,1991-03-10,2.16,True,False
831,GUARDIAN,DESCONOCIDA,1991-03-11,1992-03-10,1.0,True,False
831,GUARDIAN INTERNO,DESCONOCIDA,1992-04-01,2002-06-30,10.24,True,False
831,GUARDIÀN/GUARDIÀN ADMINISTRATIVO,DESCONOCIDA,2010-12-01,2018-10-31,7.91,True,True
831,SUPERVISOR DE SEGURIDAD,DESCONOCIDA,2015-01-01,2018-10-31,3.83,True,True
831,TÉCNICOS ESPECIALIZADOS - EJECUCIÓN DE ACTIVIDADES,DIRECCIÓN DE SERVICIOS GENERALES,2018-12-03,2024-12-31,6.08,True,False
831,TÉCNICOS ESPECIALIZADOS - EJECUCIÓN DE ACTIVIDADES,DIRECCION DE SEGURIDAD FISICA,2025-01-06,2025-12-31,0.98,True,False
831,TÉCNICOS ESPECIALIZADOS - EJECUCIÓN DE ACTIVIDADES,GERENCIA ADMINISTRATIVA,2026-01-06,,0.69,True,False
836,JEFE DE INVESTIGACIÓN,DESCONOCIDA,2009-01-01,2012-12-31,4.0,True,False
836,PROFESOR NO TITULAR OCASIONAL (TC),FACULTAD DE CIENCIAS DE LA VIDA,2014-05-01,2016-07-31,2.25,True,False
836,PROFESOR TITULAR AGREGADO 3 (TC),FACULTAD DE CIENCIAS DE LA VIDA,2016-08-01,,10.12,True,False
840,SECRETARIA OFICINISTA 1,DESCONOCIDA,1984-06-01,1984-12-27,0.57,True,False
840,ASISTENTE EJECUTIVA 2,FACULTAD DE CIENCIAS DE LA VIDA,1985-01-01,2021-05-01,36.33,True,False
843,PROFESOR PREGRADO,DESCONOCIDA,1984-05-14,1984-09-29,0.38,True,False
843,PROFESOR PREGRADO,DESCONOCIDA,1987-09-03,1988-09-02,1.0,True,False
843,PROFESOR ACCIDENTAL,DESCONOCIDA,1988-10-01,1989-09-30,1.0,True,False
843,CONSULTOR RESPONSABLE SUPERVISIÓN TÉCNICA INSTALACIÓN MONTAJE Y PRUEBAS SISTEMA MECÁN,DESCONOCIDA,1994-09-21,1994-11-20,0.16,False,False
843,PROFESOR PREGRADO,DESCONOCIDA,1998-05-12,1998-10-02,0.39,True,False
843,PROFESOR TITULAR PRINCIPAL (MT),FACULTAD DE INGENIERÍA MECÁNICA Y CIENCIAS DE LA PRODUCCIÓN,2010-01-01,2023-07-01,13.49,True,False
844,PROFESOR,DESCONOCIDA,1994-05-23,1994-10-07,0.38,True,False
844,PROFESOR ACCIDENTAL,DESCONOCIDA,1995-12-14,1996-12-03,0.97,True,False
844,PROFESOR TITULAR AGREGADO 1 (TC),FACULTAD DE CIENCIAS NATURALES Y MATEMÁTICAS,1996-12-04,,29.78,True,True
844,PROFESIONAL,DESCONOCIDA,1998-10-19,1999-03-02,0.37,True,True
846,SUPERVISOR DE PROYECTO,DESCONOCIDA,1984-10-22,1985-10-21,1.0,True,False
846,TECNICO PRINCIPAL DE CONVENIOS,DESCONOCIDA,1985-10-22,1986-01-21,0.25,False,False
846,PROFESOR PREGRADO,DESCONOCIDA,1987-03-09,1990-02-03,2.91,True,True
846,AYUDANTE,DESCONOCIDA,1987-11-10,1988-03-31,0.39,True,True
846,AYUDANTE,DESCONOCIDA,1989-06-15,1989-08-31,0.21,False,True
846,PROFESOR PREGRADO,DESCONOCIDA,1990-05-28,1991-03-01,0.76,True,False
846,PROFESOR PREGRADO,DESCONOCIDA,1991-06-03,1991-10-19,0.38,True,False
846,PROFESOR PREGRADO,DESCONOCIDA,1996-05-02,1996-08-31,0.33,True,False
846,PROFESOR PREGRADO,DESCONOCIDA,1998-02-10,1999-03-02,1.05,True,False
846,PROFESOR TITULAR PRINCIPAL 1 (TC),FACULTAD DE CIENCIAS SOCIALES Y HUMANÍSTICAS,1999-04-24,2018-03-30,18.93,True,False
846,PROFESOR TITULAR PRINCIPAL 1 (TC),FACULTAD DE CIENCIAS SOCIALES Y HUMANÍSTICAS,2018-07-18,2018-07-20,0.01,False,False
846,PROFESOR TITULAR PRINCIPAL 1 (TC),FACULTAD DE CIENCIAS SOCIALES Y HUMANÍSTICAS,2019-02-25,2019-03-26,0.08,False,False
846,PROFESOR TITULAR PRINCIPAL 1 (TC),FACULTAD DE CIENCIAS SOCIALES Y HUMANÍSTICAS,2021-02-22,2021-03-12,0.05,False,False
846,PROFESOR TITULAR PRINCIPAL 1 (TC),FACULTAD DE CIENCIAS SOCIALES Y HUMANÍSTICAS,2021-12-27,2022-03-15,0.21,False,False
846,PROFESOR TITULAR PRINCIPAL 1 (TC),FACULTAD DE CIENCIAS SOCIALES Y HUMANÍSTICAS,2022-12-27,2023-03-17,0.22,False,False
846,PROFESOR TITULAR PRINCIPAL 1 (TC),FACULTAD DE CIENCIAS SOCIALES Y HUMANÍSTICAS,2023-12-26,2024-03-13,0.21,False,False
846,PROFESOR TITULAR PRINCIPAL 1 (TC),FACULTAD DE CIENCIAS SOCIALES Y HUMANÍSTICAS,2024-12-23,2025-03-14,0.22,False,True
846,SUBDECANO(A),FACULTAD DE CIENCIAS SOCIALES Y HUMANÍSTICAS,2025-01-10,2025-11-09,0.83,True,True
846,PROFESOR TITULAR PRINCIPAL 1 (TC),FACULTAD DE CIENCIAS SOCIALES Y HUMANÍSTICAS,2025-12-26,2025-12-31,0.01,False,False
846,SUBDECANO(A),FACULTAD DE CIENCIAS SOCIALES Y HUMANÍSTICAS,2026-02-23,2026-08-11,0.46,True,True
846,DECANO(A),FACULTAD DE CIENCIAS SOCIALES Y HUMANÍSTICAS,2026-07-14,2026-07-18,0.01,False,True
846,PROFESOR TITULAR PRINCIPAL 1 (TC),FACULTAD DE CIENCIAS SOCIALES Y HUMANÍSTICAS,2026-07-23,,0.15,False,True
850,PROFESOR PREGRADO,DESCONOCIDA,1990-05-28,1991-03-01,0.76,True,True
850,TÉCNICO EN PECES,DESCONOCIDA,1990-12-01,1991-01-30,0.16,False,True
850,JEFE DEL LABORATORIO DE PECES,DESCONOCIDA,1991-02-01,1993-10-31,2.75,True,True
850,PROFESOR PREGRADO,DESCONOCIDA,1993-05-25,1994-10-07,1.37,True,True
850,JEFE DEL LABORATORIO DE PISCICULTURA,DESCONOCIDA,1994-03-01,1995-02-28,1.0,True,True
850,PROFESOR PREGRADO,DESCONOCIDA,1995-05-22,1995-10-06,0.38,True,False
850,INVESTIGADOR,DESCONOCIDA,1997-10-01,1997-11-30,0.16,False,True
850,PROFESOR PREGRADO,DESCONOCIDA,1997-10-20,1999-10-02,1.95,True,True
850,PROFESOR PREGRADO,DESCONOCIDA,2000-05-25,2000-09-22,0.33,True,False
850,PROFESOR PREGRADO,DESCONOCIDA,2001-05-21,2001-09-28,0.36,True,False
850,PROFESOR PREGRADO,DESCONOCIDA,2002-05-20,2002-09-27,0.36,True,False
850,PROFESOR PREGRADO,DESCONOCIDA,2004-10-18,2005-03-08,0.39,True,False
850,PROFESOR PREGRADO,DESCONOCIDA,2005-10-17,2006-03-03,0.38,True,False
850,PROFESOR PREGRADO,DESCONOCIDA,2006-10-17,2013-05-16,6.58,True,False
850,PROFESOR NO TITULAR OCASIONAL (MT),"FACULTAD DE INGENIERIA MARÍTIMA, CIENCIAS BIOLÓGICAS, OCEÁNICAS Y RECURSOS NATURALES",2015-01-01,2015-03-13,0.19,False,False
850,PROFESOR NO TITULAR OCASIONAL (MT),FACULTAD DE INGENIERÍA MARÍTIMA Y CIENCIAS DEL MAR,2015-05-01,2023-02-17,7.8,True,False
851,AYUDANTE DE INVESTIGACIÓN,DESCONOCIDA,1984-01-16,1984-10-15,0.75,True,False
851,INVESTIGADOR,DESCONOCIDA,1984-12-04,1985-01-03,0.08,False,False
851,INVESTIGADOR,DESCONOCIDA,1989-04-01,1989-04-30,0.08,False,False
851,DIRECTOR,DESCONOCIDA,1991-02-01,1994-01-31,3.0,True,False
851,PROFESOR TITULAR AGREGADO 1 (TC),FACULTAD DE INGENIERÍA MARÍTIMA Y CIENCIAS DEL MAR,2013-01-01,2022-11-13,9.86,True,True
851,SUBDECANO(A),FACULTAD DE INGENIERÍA MARÍTIMA Y CIENCIAS DEL MAR,2021-02-22,,5.56,True,True
858,AUXILIAR DE SECRETARÍA 1,DESCONOCIDA,1987-11-04,1991-01-01,3.16,True,False
858,ASISTENTE EJECUTIVA 2,FACULTAD DE CIENCIAS SOCIALES Y HUMANÍSTICAS,1991-01-02,2020-08-01,29.58,True,False
862,AYUDANTE DEL ALMACEN POLITÉCNICO,DESCONOCIDA,1982-05-03,1983-05-02,1.0,True,False
862,OFICINISTA 1,DESCONOCIDA,1983-05-03,1988-01-06,4.68,True,False
862,ANALISTA DE SEGUROS,GERENCIA FINANCIERA,1988-01-07,2020-02-01,32.07,True,False
865,ANALISTA DE SISTEMAS,DESCONOCIDA,1981-07-16,2009-12-31,28.46,True,True
865,PROFESOR,DESCONOCIDA,1987-05-18,1987-09-26,0.36,True,True
865,PROFESOR PREGRADO,DESCONOCIDA,1995-05-22,1996-09-27,1.35,True,True
865,PROFESOR PREGRADO,DESCONOCIDA,1998-10-19,2000-09-22,1.93,True,True
865,PROFESOR PREGRADO,DESCONOCIDA,2001-05-21,2002-03-02,0.78,True,True
865,HONORARIOS  PROFESIONALES,DESCONOCIDA,2007-04-10,2008-12-31,1.73,True,True
865,GERENTE DE TECNOLOGÍAS Y SISTEMAS DE INFORMACIÓN,DESCONOCIDA,2010-01-01,2021-10-29,11.82,True,True
865,ANALISTA DE DESARROLLO DE SISTEMAS 3,DESCONOCIDA,2015-01-01,2021-11-01,6.83,True,True
866,AUXILIAR DE CONTABILIDAD,DESCONOCIDA,1981-05-01,1982-04-30,1.0,True,False
866,AYUDANTE DE CONTABILIDAD,DESCONOCIDA,1982-05-25,2010-12-31,28.6,True,True
866,GUARDALMACÉN,DIRECCIÓN DE ADQUISICIONES Y SUMINISTROS,2010-01-01,2021-04-01,11.25,True,True
869,PROFESOR ACCIDENTAL,DESCONOCIDA,1990-06-05,1996-06-21,6.04,True,True
869,PROFESOR TITULAR PRINCIPAL 1 (TC),"FACULTAD DE INGENIERIA MARÍTIMA, CIENCIAS BIOLÓGICAS, OCEÁNICAS Y RECURSOS NATURALES",1996-06-21,2020-06-01,23.94,True,True
869,DIRECTOR DEL CICIT,DESCONOCIDA,1997-03-03,1997-04-02,0.08,False,True
869,COORDINADOR DE MAESTRIA,DESCONOCIDA,1998-03-02,1999-03-01,1.0,True,True
869,DIRECTOR DE PROYECTO,DESCONOCIDA,1999-06-01,2000-03-30,0.83,True,True
870,PROFESOR PREGRADO,DESCONOCIDA,2004-05-17,2009-03-02,4.79,True,False
870,PROFESOR NO TITULAR OCASIONAL (TC),FACULTAD DE CIENCIAS NATURALES Y MATEMÁTICAS,2013-05-13,2020-02-21,6.78,True,False
870,TÉCNICO DOCENTE 1 (TC),FACULTAD DE CIENCIAS NATURALES Y MATEMÁTICAS,2020-02-22,2026-04-30,6.18,True,False
874,PROFESOR TITULAR PRINCIPAL (TC),FACULTAD DE INGENIERÍA MECÁNICA Y CIENCIAS DE LA PRODUCCIÓN,2013-01-01,2021-05-01,8.33,True,False
878,CONTADOR,DESCONOCIDA,1989-10-01,1990-11-30,1.16,True,False
878,AUXILIAR DE OFICINA,DESCONOCIDA,1991-11-01,1992-10-31,1.0,True,False
878,AUXILIAR ADMINISTRATIVO,DESCONOCIDA,1994-03-01,1995-02-28,1.0,True,False
878,AYUDANTE,DESCONOCIDA,1996-04-01,2014-12-31,18.75,True,False
878,ANALISTA CONTABLE 1,GERENCIA FINANCIERA,2015-01-01,2021-04-21,6.3,True,False
883,CONSERJE,DESCONOCIDA,1980-08-25,1985-05-31,4.76,True,False
883,OFICINISTA,DESCONOCIDA,1985-06-01,1990-01-01,4.59,True,False
883,AUXILIAR DE CONTABILIDAD 2,DESCONOCIDA,1990-01-02,2007-09-30,17.74,True,False
883,ASISTENTE,DESCONOCIDA,2007-10-01,2014-12-31,7.25,True,False
883,ANALISTA FINANCIERO 2,GERENCIA FINANCIERA,2015-01-01,2015-08-19,0.63,True,False
883,CONTADOR GENERAL,GERENCIA FINANCIERA,2015-08-20,2020-08-01,4.95,True,False
891,OPERADOR DE TORNO 2,DESCONOCIDA,1983-12-20,1992-01-01,8.03,True,False
891,ASISTENTE TÉCNICO DE LABORATORIO,DESCONOCIDA,1992-01-02,2009-12-31,17.99,True,True
891,PROFESOR PREGRADO,DESCONOCIDA,2000-05-25,2002-09-27,2.34,True,True
891,PROFESOR PREGRADO,DESCONOCIDA,2003-05-19,2009-09-24,6.35,True,True
891,JEFE DE LABORATORIO,DESCONOCIDA,2010-01-01,2014-12-31,5.0,True,False
891,TÉCNICO DOCENTE,FACULTAD DE INGENIERÍA MECÁNICA Y CIENCIAS DE LA PRODUCCIÓN,2015-01-01,2016-04-12,1.28,True,False
891,ANALISTA DE LABORATORIO,DESCONOCIDA,2016-04-13,2022-03-01,5.88,True,False
893,AYUDANTE DE CIRCULACION Y PRESTAMO,DESCONOCIDA,1981-06-01,1981-08-31,0.25,False,False
893,AYUDANTE DE CIRCULACIÓN,DESCONOCIDA,1982-10-01,2014-12-31,32.25,True,False
893,TÉCNICO DE INFORMACIÓN BIBLIOTECARIO,FACULTAD DE INGENIERÍA EN ELECTRICIDAD Y COMPUTACIÓN,2015-01-01,2020-10-01,5.75,True,False
898,PROFESOR PREGRADO,DESCONOCIDA,1992-05-25,1992-10-03,0.36,True,False
898,PROFESOR PREGRADO,DESCONOCIDA,1995-10-16,1997-10-15,2.0,True,True
898,PROFESOR ACCIDENTAL,DESCONOCIDA,1997-10-15,1999-11-14,2.08,True,True
898,PROFESOR PREGRADO,DESCONOCIDA,1998-02-10,1998-05-16,0.26,True,True
898,PROFESOR PREGRADO,DESCONOCIDA,1999-08-23,1999-10-15,0.15,False,True
898,PROFESOR TITULAR PRINCIPAL (TC),FACULTAD DE INGENIERÍA MECÁNICA Y CIENCIAS DE LA PRODUCCIÓN,1999-10-21,2021-10-01,21.94,True,True
903,SECRETARIO ADMINISTRATIVO,GERENCIA JURÍDICA,1995-02-21,2020-08-26,25.51,True,True
903,ASESOR JURIDICO,DESCONOCIDA,2014-04-21,2014-05-20,0.08,False,True
903,ABOGADO,GERENCIA JURÍDICA,2015-01-01,2020-12-01,5.92,True,True
912,DOCENTE,DESCONOCIDA,1987-10-19,1990-02-03,2.29,True,False
912,DOCENTE,DESCONOCIDA,1990-05-28,1990-10-06,0.36,True,False
912,DOCENTE,DESCONOCIDA,1991-06-10,1991-10-19,0.36,True,False
912,PROFESOR ACCIDENTAL,DESCONOCIDA,1991-10-29,1996-07-16,4.71,True,True
912,INVESTIGADOR,DESCONOCIDA,1992-11-01,1993-01-31,0.25,False,True
912,PROFESOR TITULAR PRINCIPAL (TC),FACULTAD DE INGENIERÍA MECÁNICA Y CIENCIAS DE LA PRODUCCIÓN,1996-07-17,,30.16,True,False
919,OFICINISTA 2,DESCONOCIDA,1985-03-19,1986-04-30,1.11,True,False
919,OFICINISTA,DESCONOCIDA,1987-01-01,1990-01-01,3.0,True,False
919,AYUDANTE,DESCONOCIDA,1990-01-02,2014-12-31,24.99,True,False
919,ANALISTA FINANCIERO 1,GERENCIA FINANCIERA,2015-01-01,2023-06-01,8.41,True,False
921,PROFESOR PREGRADO,DESCONOCIDA,1987-08-11,1988-08-10,1.0,True,False
921,PROFESOR ACCIDENTAL,DESCONOCIDA,1988-08-11,1997-08-10,9.0,True,True
921,PROFESOR,DESCONOCIDA,1990-03-01,1990-03-30,0.08,False,True
921,PROFESOR TITULAR PRINCIPAL (TC),FACULTAD DE CIENCIAS DE LA VIDA,1997-08-11,2025-04-01,27.64,True,True
921,SUBDECANO(A),DESCONOCIDA,2018-11-12,2018-11-16,0.01,False,True
921,SUBDECANO(A),DESCONOCIDA,2019-07-03,2019-07-05,0.01,False,True
923,PROFESOR PREGRADO,DESCONOCIDA,1994-05-23,2008-05-10,13.96,True,True
923,DIRECTOR DE PROYECTO,DESCONOCIDA,2000-02-03,2000-03-02,0.08,False,True
923,PROFESOR TITULAR AGREGADO 1 (TC),FACULTAD DE INGENIERÍA EN CIENCIAS DE LA TIERRA,2012-05-01,,14.38,True,True
923,SUBDECANO(A),DESCONOCIDA,2019-02-21,2019-04-05,0.12,False,True
923,SUBDECANO(A),DESCONOCIDA,2019-07-16,2019-07-19,0.01,False,True
926,PROFESOR PREGRADO,DESCONOCIDA,2005-05-16,2010-03-02,4.79,True,False
926,PROFESOR NO TITULAR OCASIONAL (TP),"FACULTAD DE INGENIERIA MARÍTIMA, CIENCIAS BIOLÓGICAS, OCEÁNICAS Y RECURSOS NATURALES",2018-05-01,2019-02-22,0.81,True,False
926,PROFESOR NO TITULAR OCASIONAL (TP),FACULTAD DE INGENIERÍA MARÍTIMA Y CIENCIAS DEL MAR,2019-05-13,2019-09-20,0.36,True,False
926,PROFESOR NO TITULAR OCASIONAL (TP),FACULTAD DE INGENIERÍA MARÍTIMA Y CIENCIAS DEL MAR,2021-05-17,2022-04-22,0.93,True,False
926,PROFESOR NO TITULAR OCASIONAL (TP),FACULTAD DE INGENIERÍA MARÍTIMA Y CIENCIAS DEL MAR,2026-05-11,,0.35,True,False
931,ASISTENTE EN PROYECTO,DESCONOCIDA,1987-09-01,1987-11-30,0.25,False,False
931,PROFESOR PREGRADO,DESCONOCIDA,1995-05-22,1999-10-02,4.36,True,False
931,PROFESOR PREGRADO,DESCONOCIDA,2000-05-25,2000-09-22,0.33,True,False
931,PROFESOR PREGRADO,DESCONOCIDA,2001-05-21,2001-09-28,0.36,True,False
931,PROFESOR PREGRADO,DESCONOCIDA,2002-05-20,2002-09-27,0.36,True,False
931,PROFESOR PREGRADO,DESCONOCIDA,2003-05-19,2004-03-08,0.8,True,True
931,CONTRATO DE SERVICIOS PERSONALES,DESCONOCIDA,2003-05-19,2003-09-27,0.36,True,True
931,PROFESOR PREGRADO,DESCONOCIDA,2004-08-15,2007-03-06,2.55,True,False
931,PROFESOR PREGRADO,DESCONOCIDA,2007-10-15,2008-03-05,0.39,True,False
931,PROFESOR TITULAR PRINCIPAL 1 (TC),FACULTAD DE CIENCIAS NATURALES Y MATEMÁTICAS,2013-01-01,,13.7,True,True
931,DECANO(A),FACULTAD DE INGENIERÍA EN CIENCIAS DE LA TIERRA,2016-01-12,2017-08-13,1.59,True,True
938,AUXILIAR DE SECRETARÍA,DESCONOCIDA,1989-07-10,1993-10-09,4.25,True,False
938,SECRETARIA,DESCONOCIDA,1993-12-01,1994-10-09,0.85,True,False
938,AUXILIAR DE SECRETARÍA,DESCONOCIDA,1994-10-10,1996-11-11,2.09,True,False
938,ASISTENTE EJECUTIVA 2,FACULTAD DE INGENIERÍA MECÁNICA Y CIENCIAS DE LA PRODUCCIÓN,1996-11-12,2022-07-03,25.64,True,False
939,AUXILIAR DE SECRETARÍA,DESCONOCIDA,1989-01-05,1989-04-04,0.24,False,False
939,ASISTENTE EJECUTIVA 2,UNIDAD DE BIENESTAR ESTUDIANTIL Y POLITÉCNICO,1989-04-05,2022-07-01,33.23,True,False
944,CHOFER,DESCONOCIDA,1993-04-21,2008-11-30,15.61,True,False
944,ANALISTA DE INFRAESTRUCTURA INFORMÁTICA 2,FACULTAD DE CIENCIAS NATURALES Y MATEMÁTICAS,2008-12-01,2022-06-01,13.5,True,False
946,AYUDANTE,DESCONOCIDA,1981-06-04,1981-09-03,0.25,False,False
946,AYUDANTE,DESCONOCIDA,1982-12-04,1996-06-30,13.57,True,False
946,ASISTENTE,DESCONOCIDA,1996-07-01,1999-03-14,2.7,True,False
946,JEFE,DESCONOCIDA,1999-03-15,2000-03-14,1.0,True,False
946,JEFE DE PRESUPUESTO,DESCONOCIDA,2000-04-01,2000-09-30,0.5,True,False
946,JEFE DE PRESUPUESTO (E),DESCONOCIDA,2001-04-01,2003-11-30,2.66,True,False
946,ASESOR DE PRESUPUESTO,DESCONOCIDA,2004-04-01,2007-11-26,3.65,True,False
946,DIRECTORA DE LA UNIDAD DE OPERACION FINANCIERA (E),DESCONOCIDA,2007-11-27,2014-12-31,7.09,True,False
946,ANALISTA FINANCIERO 2,GERENCIA FINANCIERA,2015-01-01,2021-04-01,6.25,True,True
946,GERENTE FINANCIERO,FACULTAD DE CIENCIAS NATURALES Y MATEMÁTICAS,2015-08-11,2015-08-21,0.03,False,True
946,GERENTE FINANCIERO,DESCONOCIDA,2016-01-04,2016-01-10,0.02,False,True
946,GERENTE FINANCIERO,DESCONOCIDA,2016-04-13,2016-09-09,0.41,True,True
946,GERENTE FINANCIERO,DESCONOCIDA,2017-07-14,2017-07-21,0.02,False,True
946,GERENTE FINANCIERO,DESCONOCIDA,2017-11-09,2017-11-17,0.02,False,True
946,GERENTE FINANCIERO,GERENCIA FINANCIERA,2018-06-18,2018-06-30,0.03,False,True
953,OFICINISTA,DESCONOCIDA,1990-11-01,1992-09-30,1.91,True,False
953,AYUDANTE ADMINISTRATIVO,DESCONOCIDA,1992-10-01,2004-10-30,12.08,True,False
953,COORDINADOR DE CALIDAD MANTENIMIENTO,DESCONOCIDA,2006-07-06,2009-12-31,3.49,True,False
953,BODEGUERO,DESCONOCIDA,2010-01-01,2014-12-31,5.0,True,False
953,ASISTENTE DE ACTIVOS FIJOS DE UNIDAD ACADÉMICA,FACULTAD DE INGENIERÍA MECÁNICA Y CIENCIAS DE LA PRODUCCIÓN,2015-01-01,2022-01-01,7.0,True,False
954,PROFESOR PREGRADO,DESCONOCIDA,1993-10-18,1994-03-04,0.38,True,False
954,PROFESOR PREGRADO,DESCONOCIDA,1996-05-20,1997-02-28,0.78,True,False
954,PROFESOR PREGRADO,DESCONOCIDA,1997-06-09,1997-09-27,0.3,True,False
954,PROFESOR PREGRADO,DESCONOCIDA,1998-02-10,1998-05-16,0.26,True,False
954,PROFESOR PREGRADO,DESCONOCIDA,2000-05-15,2002-09-27,2.37,True,False
954,PROFESOR TITULAR AGREGADO 1 (TC),FACULTAD DE INGENIERÍA MECÁNICA Y CIENCIAS DE LA PRODUCCIÓN,2002-10-21,,23.9,True,False
955,PRETSACIÓN DE SERVICIOS,DESCONOCIDA,2007-12-06,2007-12-30,0.07,False,False
955,PROFESOR TITULAR PRINCIPAL 3 (TC),ESCUELA DE POSTGRADO EN ADMINISTRACIÓN DE EMPRESAS,2008-05-05,2022-11-13,14.52,True,True
955,PRESTACIÓN DE SERVICIOS,DESCONOCIDA,2013-01-25,2013-02-24,0.08,False,True
955,PRESTACIÓN DE SERVICIOS,DESCONOCIDA,2014-02-07,2014-03-09,0.08,False,True
955,DECANO(A),DESCONOCIDA,2020-10-12,2020-10-16,0.01,False,True
955,DIRECTOR ACADÉMICO E INVESTIGACIÓN,ESCUELA DE POSTGRADO EN ADMINISTRACIÓN DE EMPRESAS,2021-02-01,2022-11-12,1.78,True,True
955,PROFESOR TITULAR PRINCIPAL 3 (TC),FACULTAD DE CIENCIAS SOCIALES Y HUMANÍSTICAS,2024-02-21,2024-02-29,0.02,False,False
955,PROFESOR TITULAR PRINCIPAL 3 (TC),FACULTAD DE CIENCIAS SOCIALES Y HUMANÍSTICAS,2024-06-03,2024-06-28,0.07,False,False
955,PROFESOR TITULAR PRINCIPAL 3 (TC),FACULTAD DE CIENCIAS SOCIALES Y HUMANÍSTICAS,2024-10-14,2025-03-18,0.42,True,False
955,PROFESOR TITULAR PRINCIPAL 3 (TC),FACULTAD DE CIENCIAS SOCIALES Y HUMANÍSTICAS,2025-12-26,,0.72,True,False
958,PROFESOR PREGRADO,DESCONOCIDA,2000-10-10,2001-02-23,0.37,True,False
958,PROFESOR PREGRADO,DESCONOCIDA,2012-07-09,2013-09-20,1.2,True,False
958,PROFESOR NO TITULAR OCASIONAL 1 (TC),FACULTAD DE CIENCIAS NATURALES Y MATEMÁTICAS,2013-10-14,2017-03-31,3.46,True,False
958,PROFESOR NO TITULAR OCASIONAL 1 (MT),FACULTAD DE CIENCIAS NATURALES Y MATEMÁTICAS,2017-05-02,2017-09-22,0.39,True,False
958,TÉCNICO DE LABORATORIO 4 (TC),DECANATO DE GRADO,2017-11-01,2021-12-31,4.16,True,False
958,TÉCNICOS ESPECIALIZADOS - EJECUCIÓN DE CAPACITACIÓN,FACULTAD DE CIENCIAS NATURALES Y MATEMÁTICAS,2023-01-09,2023-01-31,0.06,False,False
964,PROFESOR PREGRADO,DESCONOCIDA,1990-10-22,1991-03-01,0.36,True,False
964,PROFESOR PREGRADO,DESCONOCIDA,1991-06-10,1992-03-06,0.74,True,False
964,PROFESOR PREGRADO,DESCONOCIDA,1993-02-08,1993-05-21,0.28,True,False
964,PROFESOR PREGRADO,DESCONOCIDA,1993-09-01,1993-12-31,0.33,True,False
964,PROFESOR PREGRADO,DESCONOCIDA,1994-09-01,1994-12-31,0.33,True,False
964,PROFESOR PREGRADO,DESCONOCIDA,1995-06-12,1995-11-25,0.45,True,False
964,PROFESOR PREGRADO,DESCONOCIDA,1997-02-03,1997-09-27,0.65,True,False
964,PROFESOR PREGRADO,DESCONOCIDA,1998-02-10,1998-05-16,0.26,True,False
964,PROFESOR PREGRADO,DESCONOCIDA,2000-05-15,2009-03-02,8.8,True,False
964,PROFESOR TITULAR AGREGADO 2 (TC),FACULTAD DE CIENCIAS NATURALES Y MATEMÁTICAS,2009-05-18,,17.33,True,False
969,AUXILIAR DE SECRETARÍA,DESCONOCIDA,1981-10-15,1982-10-14,1.0,True,False
969,AUXILIAR DE SECRETARÍA 1,DESCONOCIDA,1984-02-09,1985-05-19,1.27,True,False
969,AUXILIAR DE SECRETARÍA,DESCONOCIDA,1985-06-01,1992-04-30,6.91,True,False
969,SECRETARIA,DESCONOCIDA,1992-05-01,2003-07-14,11.2,True,True
969,PROFESOR,DESCONOCIDA,2001-05-21,2001-09-28,0.36,True,True
969,PROFESOR,DESCONOCIDA,2002-05-20,2002-09-27,0.36,True,True
969,PROFESOR,DESCONOCIDA,2003-05-19,2003-09-27,0.36,True,True
969,ANALISTA DE PROYECTOS DE VINCULACIÓN 2,DECANATO DE VINCULACIÓN,2003-07-15,2022-08-01,19.05,True,True
969,PROFESOR,DESCONOCIDA,2004-05-17,2004-09-25,0.36,True,True
969,PROFESOR,DESCONOCIDA,2005-05-16,2006-03-03,0.8,True,True
969,PROFESOR,DESCONOCIDA,2009-05-18,2009-09-25,0.36,True,True
969,DIRECTOR DEL CENTRO DE PROMOCIÓN Y EMPLEO,DESCONOCIDA,2015-07-27,2015-08-09,0.04,False,True
969,DIRECTOR DEL CENTRO DE PROMOCIÓN Y EMPLEO,DESCONOCIDA,2016-11-07,2016-11-20,0.04,False,True
969,DIRECTOR DEL CENTRO DE PROMOCIÓN Y EMPLEO,DIRECCIÓN DE LA SECRETARÍA TÉCNICA DE ASEGURAMIENTO DE LA CALIDAD DE LA EDUCACIÓN SUPERIOR,2018-12-05,2019-02-26,0.23,False,True
972,SECRETARIA ADMINISTRATIVA,DESCONOCIDA,1999-03-15,2002-12-30,3.79,True,False
972,ASISTENTE EJECUTIVA 2,FACULTAD DE CIENCIAS NATURALES Y MATEMÁTICAS,2004-01-01,2026-04-01,22.25,True,False
973,PROFESOR PREGRADO,DESCONOCIDA,1989-02-20,1989-05-19,0.24,False,False
973,PROFESOR PREGRADO,DESCONOCIDA,1993-02-08,1993-05-21,0.28,True,False
973,PROFESOR PREGRADO,DESCONOCIDA,1994-02-16,1994-05-20,0.25,True,True
973,COORDINADOR GENERAL DE LA CARRERA DE ECONOMIA,DESCONOCIDA,1994-05-19,1995-05-18,1.0,True,True
973,PROFESOR PREGRADO,DESCONOCIDA,1995-05-15,1999-10-02,4.38,True,True
973,PROFESOR PREGRADO,DESCONOCIDA,2000-05-15,2001-02-23,0.78,True,False
973,DOCENTE,DESCONOCIDA,2001-03-12,2005-09-24,4.54,True,False
973,PROFESOR TITULAR PRINCIPAL (TC),FACULTAD DE CIENCIAS SOCIALES Y HUMANÍSTICAS,2010-01-01,2024-10-01,14.75,True,False
975,OFICINISTA,DESCONOCIDA,1985-05-27,1985-12-31,0.6,True,False
975,AUXILIAR DE PERSONAL 1,DESCONOCIDA,1986-02-04,1988-10-31,2.74,True,False
975,AUXILIAR DE PERSONAL 3,DESCONOCIDA,1989-11-01,2002-01-01,12.17,True,False
975,COORDINADOR DE LABORATORIO DE COMPUTACIÓN,DESCONOCIDA,2002-01-02,2002-03-30,0.24,False,False
975,JEFE DE COMPUTACIÓN,DESCONOCIDA,2003-03-01,2014-12-31,11.83,True,False
975,ASISTENTE DE SOPORTE TÉCNICO,FACULTAD DE INGENIERÍA EN CIENCIAS DE LA TIERRA,2015-01-01,,11.71,True,False
978,AUXILIAR DE SECRETARÍA 1,DESCONOCIDA,1984-08-15,1987-10-13,3.16,True,False
978,ASISTENTE EJECUTIVA 2,DESCONOCIDA,1987-10-14,2022-06-01,34.63,True,False
981,PROFESOR PREGRADO,DESCONOCIDA,1990-05-28,1991-03-01,0.76,True,False
981,PROFESOR PREGRADO,DESCONOCIDA,1996-02-12,1996-09-28,0.63,True,False
981,PROFESOR PREGRADO,DESCONOCIDA,1997-02-03,1997-09-27,0.65,True,False
981,PROFESOR PREGRADO,DESCONOCIDA,1998-02-10,1998-05-16,0.26,True,False
981,PROFESOR PREGRADO,DESCONOCIDA,2000-10-10,2009-03-02,8.39,True,False
981,PROFESOR PREGRADO,DESCONOCIDA,2009-10-12,2010-03-02,0.39,True,False
981,PROFESOR PREGRADO,DESCONOCIDA,2013-10-14,2013-12-31,0.21,False,False
981,PROFESOR NO TITULAR OCASIONAL 1 (MT),DESCONOCIDA,2015-05-01,2017-03-17,1.88,True,False
981,PROFESOR NO TITULAR OCASIONAL 1 (MT),FACULTAD DE CIENCIAS NATURALES Y MATEMÁTICAS,2017-05-02,2017-09-22,0.39,True,False
981,PROFESOR NO TITULAR OCASIONAL (MT),FACULTAD DE CIENCIAS NATURALES Y MATEMÁTICAS,2017-10-04,2019-05-03,1.58,True,False
981,PROFESOR NO TITULAR OCASIONAL (TC),FACULTAD DE CIENCIAS NATURALES Y MATEMÁTICAS,2019-05-13,,7.35,True,False
986,PROFESOR PREGRADO,DESCONOCIDA,2001-05-21,2009-04-30,7.94,True,False
986,PROFESOR PREGRADO,DESCONOCIDA,2011-10-10,2012-02-24,0.38,True,False
986,PROFESOR PREGRADO,DESCONOCIDA,2012-10-10,2013-10-09,1.0,True,False
986,PROFESOR PREGRADO,DESCONOCIDA,2014-04-01,2014-12-31,0.75,True,False
986,PROFESOR TITULAR AGREGADO 3 (TC),FACULTAD DE INGENIERÍA EN ELECTRICIDAD Y COMPUTACIÓN,2015-03-01,,11.54,True,False
988,PROFESOR PREGRADO,DESCONOCIDA,1993-05-25,1994-03-04,0.77,True,False
988,PROFESOR PREGRADO,DESCONOCIDA,1994-10-17,1995-03-03,0.38,True,False
988,PROFESOR PREGRADO,DESCONOCIDA,1999-10-19,2001-02-23,1.35,True,False
988,COORDINADOR CONVENIO Y FERIAS,DESCONOCIDA,2002-03-01,2003-03-07,1.02,True,False
988,PROFESOR TITULAR PRINCIPAL 3 (TC),FACULTAD DE INGENIERÍA EN ELECTRICIDAD Y COMPUTACIÓN,2003-11-13,2019-04-26,15.45,True,False
988,PROFESOR TITULAR PRINCIPAL 3 (TC),FACULTAD DE INGENIERÍA EN ELECTRICIDAD Y COMPUTACIÓN,2021-04-12,2021-05-14,0.09,False,False
988,PROFESOR TITULAR PRINCIPAL 3 (TC),FACULTAD DE INGENIERÍA EN ELECTRICIDAD Y COMPUTACIÓN,2021-09-27,2021-10-01,0.01,False,False
988,PROFESOR TITULAR PRINCIPAL 3 (TC),FACULTAD DE INGENIERÍA EN ELECTRICIDAD Y COMPUTACIÓN,2022-03-16,2022-04-29,0.12,False,False
988,PROFESOR TITULAR PRINCIPAL 3 (TC),FACULTAD DE INGENIERÍA EN ELECTRICIDAD Y COMPUTACIÓN,2022-09-27,2023-06-02,0.68,True,False
988,PROFESOR TITULAR PRINCIPAL 3 (TC),FACULTAD DE INGENIERÍA EN ELECTRICIDAD Y COMPUTACIÓN,2023-09-19,2023-09-21,0.01,False,False
988,PROFESOR TITULAR PRINCIPAL 3 (TC),FACULTAD DE INGENIERÍA EN ELECTRICIDAD Y COMPUTACIÓN,2023-12-26,2024-05-08,0.37,True,False
988,PROFESOR TITULAR PRINCIPAL 3 (TC),FACULTAD DE INGENIERÍA EN ELECTRICIDAD Y COMPUTACIÓN,2024-09-19,2025-04-22,0.59,True,False
988,PROFESOR TITULAR PRINCIPAL 3 (TC),FACULTAD DE INGENIERÍA EN ELECTRICIDAD Y COMPUTACIÓN,2025-10-01,,0.96,True,False
990,ASISTENTE DE PROFESORES,DESCONOCIDA,1998-05-01,1998-07-30,0.25,False,False
990,AUXILIAR DE SECRETARÍA,DESCONOCIDA,1998-08-01,2001-12-30,3.41,True,False
990,RECEPCIONISTA,DESCONOCIDA,2002-01-01,2004-12-30,2.99,True,False
990,AUXILIAR DE SECRETARÍA,DESCONOCIDA,2005-12-01,2008-12-31,3.08,True,False
990,ASISTENTE EJECUTIVA 2,FACULTAD DE CIENCIAS SOCIALES Y HUMANÍSTICAS,2009-01-01,,17.7,True,False
999,PROFESOR PREGRADO,DESCONOCIDA,1998-10-19,1999-03-02,0.37,True,False
999,PROFESOR PREGRADO,DESCONOCIDA,1999-10-18,2000-03-03,0.38,True,False
999,PROFESOR PREGRADO,DESCONOCIDA,2000-10-10,2004-03-08,3.41,True,False
999,PROFESOR TITULAR PRINCIPAL 1 (TP),FACULTAD DE INGENIERÍA MECÁNICA Y CIENCIAS DE LA PRODUCCIÓN,2010-01-01,,16.7,True,True
999,GERENTE DE PLANIFICACIÓN ESTRATÉGICA,GERENCIA DE PLANIFICACIÓN ESTRATÉGICA,2022-09-01,,4.04,True,True
1000,AUXILIAR DE SECRETARÍA 1,DESCONOCIDA,1984-05-22,1988-07-12,4.14,True,False
1000,SECRETARIA TÉCNICA,DESCONOCIDA,1988-07-13,2014-12-31,26.46,True,False
1000,ANALISTA TÉCNICO ACADÉMICO 2,DIRECCIÓN DE LA SECRETARÍA TÉCNICA ACADEMICA,2015-01-01,2022-03-01,7.16,True,False
1001,JEFE DEL LABORATORIO DE FITOPLANCTON,DESCONOCIDA,1991-02-18,1992-02-17,1.0,True,False
1001,"INVESTIGADOR DIRECTOR DE TESIS, DIPLOMADO Y MAESTRÍA DEL COMPONENTE 3",DESCONOCIDA,1999-11-24,2000-05-23,0.5,True,False
1001,ASESORIA E INVESTIGACION ESPECIALIZADA DEL PROYECTO VLIR-CONTRAPARTE ESPOL,DESCONOCIDA,2000-06-01,2000-11-30,0.5,True,False
1001,JEFE DE AREA INMUNOQUIMICA DEL CIBE-ESPOL,DESCONOCIDA,2001-04-01,2002-03-30,0.99,True,False
1001,PROFESOR TITULAR PRINCIPAL 3 (TC),FACULTAD DE CIENCIAS DE LA VIDA,2007-05-09,,19.36,True,True
1001,SUBDECANO(A),DESCONOCIDA,2014-10-13,2014-10-29,0.04,False,True
1001,DECANO(A),DESCONOCIDA,2016-03-24,2016-04-12,0.05,False,True
1001,SUBDECANO(A),DESCONOCIDA,2016-10-04,2017-05-19,0.62,True,True
1001,SUBDECANO(A),DESCONOCIDA,2017-08-18,2018-01-18,0.42,True,True
1001,SUBDECANO(A),DESCONOCIDA,2018-05-16,2018-05-25,0.02,False,True
1001,DECANO(A),DESCONOCIDA,2018-09-11,2018-09-20,0.02,False,True
1003,COORDINADOR,DESCONOCIDA,2004-06-03,2007-05-30,2.99,True,True
1003,PROFESOR TITULAR AGREGADO 1 (TP),FACULTAD DE CIENCIAS SOCIALES Y HUMANÍSTICAS,2005-10-01,,20.96,True,True
1003,SUBDECANO(A),FACULTAD DE CIENCIAS SOCIALES Y HUMANÍSTICAS,2015-06-12,2015-06-19,0.02,False,True
1006,PROFESOR PREGRADO,DESCONOCIDA,1999-10-19,2004-09-25,4.94,True,True
1006,COORDINADOR DE LABORATORIOS,DESCONOCIDA,2003-01-01,2003-04-30,0.33,True,True
1006,PROFESOR PREGRADO,DESCONOCIDA,2005-10-17,2008-05-10,2.56,True,False
1006,PROFESOR TITULAR AGREGADO 1 (TC),FACULTAD DE INGENIERÍA EN ELECTRICIDAD Y COMPUTACIÓN,2010-01-01,,16.7,True,False
1010,PROFESOR TITULAR AGREGADO 2 (TC),FACULTAD DE CIENCIAS NATURALES Y MATEMÁTICAS,2013-01-01,,13.7,True,True
1010,HONORARIOS  PROFESIONALES,DESCONOCIDA,2013-01-03,2013-01-30,0.07,False,True
1013,PROFESOR PREGRADO,DESCONOCIDA,1996-05-20,2001-02-23,4.76,True,False
1013,PROFESOR TITULAR PRINCIPAL (TC),FACULTAD DE CIENCIAS SOCIALES Y HUMANÍSTICAS,2001-03-12,2022-11-13,21.67,True,True
1013,DECANO(A),FACULTAD DE CIENCIAS SOCIALES Y HUMANÍSTICAS,2020-07-01,,6.21,True,True
1032,AUXILIAR DE SECRETARÍA,DESCONOCIDA,1988-03-09,1989-06-08,1.25,True,False
1032,ASISTENTE EJECUTIVA 2,GERENCIA ADMINISTRATIVA,2015-01-01,2022-08-01,7.58,True,False
1033,AYUDANTE ADMINISTRATIVO,DESCONOCIDA,1989-06-01,2014-12-31,25.58,True,False
1033,ASISTENTE DE GUARDALMACÉN,DIRECCIÓN DE SERVICIOS GENERALES,2015-01-01,2023-09-01,8.66,True,False
1038,CONTRATO,DESCONOCIDA,2006-02-24,2006-03-16,0.05,False,False
1038,EL PROFESIONAL,DESCONOCIDA,2012-11-23,2013-01-06,0.12,False,True
1038,PROFESOR TITULAR PRINCIPAL (TP),FACULTAD DE CIENCIAS SOCIALES Y HUMANÍSTICAS,2013-01-01,2024-09-30,11.74,True,True
1038,GERENTE ADMINISTRATIVO,DESCONOCIDA,2014-06-01,2021-07-31,7.16,True,True
1041,PROFESOR PREGRADO,DESCONOCIDA,1993-10-18,1994-03-04,0.38,True,False
1041,PROFESOR PREGRADO,DESCONOCIDA,2004-05-17,2009-03-02,4.79,True,False
1041,PROFESOR PREGRADO,DESCONOCIDA,2009-10-12,2013-09-20,3.94,True,False
1041,PROFESOR NO TITULAR OCASIONAL 1 (TC),FACULTAD DE CIENCIAS NATURALES Y MATEMÁTICAS,2013-10-14,2017-09-22,3.94,True,False
1041,PROFESOR NO TITULAR OCASIONAL (TC),FACULTAD DE CIENCIAS NATURALES Y MATEMÁTICAS,2018-05-01,2020-02-21,1.81,True,False
1041,PROFESOR NO TITULAR OCASIONAL (TC),FACULTAD DE CIENCIAS NATURALES Y MATEMÁTICAS,2020-10-01,,5.96,True,False
1043,ASISTENTE,DESCONOCIDA,1990-01-11,1991-05-31,1.38,True,False
1043,ADMINISTRADOR DE BASE DE DATOS,DESCONOCIDA,1991-06-01,1995-05-31,4.0,True,True
1043,PROFESOR PREGRADO,DESCONOCIDA,1991-06-10,1992-03-06,0.74,True,True
1043,PROFESOR PREGRADO,DESCONOCIDA,1995-11-01,1996-10-30,1.0,True,False
1043,PROFESOR PREGRADO,DESCONOCIDA,1997-03-03,1997-06-30,0.33,True,False
1043,PROFESOR TITULAR PRINCIPAL 3 (TC),FACULTAD DE INGENIERÍA EN ELECTRICIDAD Y COMPUTACIÓN,2013-01-01,2017-11-12,4.86,True,False
1043,"VICERRECTOR(A) DE INVESTIGACIÓN, DESARROLLO E INNOVACIÓN","VICERRECTORADO DE INVESTIGACIÓN, DESARROLLO E INNOVACIÓN",2017-11-13,2023-09-08,5.82,True,True
1043,RECTOR(A),RECTORADO,2023-03-05,2023-10-05,0.59,True,True
1043,"VICERRECTOR(A) DE INVESTIGACIÓN, DESARROLLO E INNOVACIÓN",RECTORADO,2023-09-24,2023-10-02,0.02,False,True
1043,"VICERRECTOR(A) DE INVESTIGACIÓN, DESARROLLO E INNOVACIÓN","VICERRECTORADO DE INVESTIGACIÓN, DESARROLLO E INNOVACIÓN",2023-12-18,2024-06-29,0.53,True,True
1043,RECTOR(A),RECTORADO,2024-02-26,2026-03-03,2.01,True,True
1043,"VICERRECTOR(A) DE INVESTIGACIÓN, DESARROLLO E INNOVACIÓN","VICERRECTORADO DE INVESTIGACIÓN, DESARROLLO E INNOVACIÓN",2024-12-04,,1.78,True,True
1045,ASISTENTE ACADÉMICO DEL PROGRAMA DE ADMINISTRACIÓN PUBLICA,DESCONOCIDA,1995-05-15,1995-10-31,0.46,True,False
1045,PROFESOR PREGRADO,DESCONOCIDA,1998-05-25,1998-10-02,0.36,True,True
1045,ASISTENTE GENERAL DEL PROYECTO,DESCONOCIDA,1998-09-01,1999-02-28,0.49,True,True
1045,PROFESOR PREGRADO,DESCONOCIDA,1999-05-25,2000-09-22,1.33,True,True
1045,INSTRUCTOR DE 25 HORAS DE CLASE DE MODULO,DESCONOCIDA,1999-10-25,1999-10-30,0.01,False,True
1045,PROFESOR ACCIDENTAL,DESCONOCIDA,2001-10-08,2005-03-30,3.47,True,True
1045,PROFESOR PREGRADO,DESCONOCIDA,2001-10-22,2002-09-27,0.93,True,True
1045,PROFESOR TITULAR PRINCIPAL (TC),FACULTAD DE INGENIERÍA MARÍTIMA Y CIENCIAS DEL MAR,2005-03-31,2016-03-02,10.92,True,False
1045,DECANO(A),FACULTAD DE INGENIERÍA MARÍTIMA Y CIENCIAS DEL MAR,2016-03-03,,10.54,True,True
1045,PROFESOR TITULAR PRINCIPAL (TC),FACULTAD DE INGENIERÍA MARÍTIMA Y CIENCIAS DEL MAR,2019-01-24,2022-11-13,3.8,True,True
1052,PROFESOR TITULAR AGREGADO 1 (TP),FACULTAD DE CIENCIAS SOCIALES Y HUMANÍSTICAS,2013-01-01,,13.7,True,False
1058,APOYO SECRETARIAL EN LA CARRERA DE INGENIERÍA EN ALIMENTOS,DESCONOCIDA,1997-05-03,1997-08-02,0.25,False,False
1058,AYUDANTE DE COORDINADOR DE LA CARRERA DE INGENIERÍA EN ALIMENTOS,DESCONOCIDA,1998-08-03,1999-02-02,0.5,True,False
1058,ASISTENTE DE COORDINADOR DE LA CARRERA DE INGENIERÍA EN ALIMENTOS,DESCONOCIDA,1999-04-19,2000-05-15,1.07,True,True
1058,ASISTENCIA EN LA COORDINACIÓN DE ING. EN ALIMENTOS,DESCONOCIDA,2000-05-15,2001-05-14,1.0,True,True
1058,PROFESOR PREGRADO,DESCONOCIDA,2001-05-21,2002-09-27,1.35,True,False
1058,PROFESOR TITULAR AGREGADO (TC),FACULTAD DE INGENIERÍA MECÁNICA Y CIENCIAS DE LA PRODUCCIÓN,2004-10-18,2014-02-28,9.36,True,False
1058,DECANO(A),DESCONOCIDA,2014-03-01,2016-04-04,2.09,True,True
1058,PROFESOR TITULAR AGREGADO 1 (TC),FACULTAD DE INGENIERÍA MECÁNICA Y CIENCIAS DE LA PRODUCCIÓN,2014-11-01,,11.87,True,True
1060,AYUDANTE DE INVESTIGACIÓN,DESCONOCIDA,1988-04-01,1989-08-30,1.41,True,False
1060,TECNICA BIOQUIMICA,DESCONOCIDA,1989-10-01,1990-09-30,1.0,True,False
1060,PROFESOR,DESCONOCIDA,1997-02-03,1998-05-16,1.28,True,False
1060,PROFESOR TITULAR AGREGADO 1 (TC),DESCONOCIDA,2005-02-23,2021-03-14,16.05,True,False
1061,OPERADOR DE COMPUTADOR,DESCONOCIDA,1985-04-08,1995-06-30,10.23,True,False
1061,ASISTENTE TÉCNICO 3,DESCONOCIDA,1995-07-01,1999-10-31,4.33,True,False
1061,COORDINADOR DE SOPORTE TÉCNICO,DESCONOCIDA,1999-11-01,2014-12-31,15.16,True,False
1061,ANALISTA DE INFRAESTRUCTURA INFORMÁTICA 2,GERENCIA DE TECNOLOGÍAS Y SISTEMAS DE INFORMACIÓN,2015-01-01,2023-08-01,8.58,True,False
1063,PROFESOR PREGRADO,DESCONOCIDA,1996-05-20,1998-02-27,1.77,True,True
1063,PROFESOR PRE-POLITÉCNICO,DESCONOCIDA,1997-10-20,1998-02-27,0.36,True,True
1063,PROFESOR PREGRADO,DESCONOCIDA,1998-10-19,2009-03-02,10.37,True,True
1063,DIRECTOR DE TESIS DE GRADO,DESCONOCIDA,2001-11-01,2001-12-30,0.16,False,True
1063,DIRECTOR DE 5 TESIS,DESCONOCIDA,2003-05-19,2003-09-27,0.36,True,True
1063,DIRECTOR DE 4 PROYECTOS,DESCONOCIDA,2003-10-20,2004-03-08,0.38,True,True
1063,DIRECTOR DE 7 TESIS Y CODIRECTOR DE 5 TESIS DE GRADO,DESCONOCIDA,2004-05-17,2005-03-08,0.81,True,True
1063,"ELABORACUON, RECEPCIÓN Y CALIFICACIÓN DE EXAMENES",DESCONOCIDA,2004-10-18,2005-03-08,0.39,True,True
1063,AGREGAR MATERIAL COMPLEMENTARIO Y REVISIÓN DEL LIBRO MATEMÁTICAS BÁSICAS,DESCONOCIDA,2005-08-01,2006-05-31,0.83,True,True
1063,DIRECTOR DE 2 TESIS DE GRADO,DESCONOCIDA,2005-10-17,2006-03-03,0.38,True,True
1063,COORDINADOR DEL ÁREA DE INVESTIGACIÓN EDUCATIVA,DESCONOCIDA,2007-05-14,2007-09-22,0.36,True,True
1063,COORDINADOR DEL AREA DE INVESTIGACIÓN,DESCONOCIDA,2007-10-17,2008-03-05,0.38,True,True
1063,ASISTENTE ACADÉMICO,DESCONOCIDA,2007-12-01,2008-09-26,0.82,True,True
1063,PROFESOR AUXILIAR,DESCONOCIDA,2009-05-18,2011-08-31,2.29,True,False
1063,PROFESOR TITULAR AGREGADO 3 (TC),DIRECCIÓN DE ADMISIONES,2013-01-01,2019-08-31,6.66,True,False
1063,PROFESOR TITULAR AGREGADO 3 (TC),FACULTAD DE CIENCIAS NATURALES Y MATEMÁTICAS,2021-02-22,2021-02-22,0.0,False,False
1063,PROFESOR TITULAR AGREGADO 3 (TC),FACULTAD DE CIENCIAS NATURALES Y MATEMÁTICAS,2022-10-03,,3.95,True,False
1075,PROFESOR TITULAR PRINCIPAL 1 (TC),FACULTAD DE CIENCIAS NATURALES Y MATEMÁTICAS,2013-01-01,,13.7,True,True
1075,SUBDECANO(A),FACULTAD DE INGENIERÍA EN CIENCIAS DE LA TIERRA,2016-01-15,2017-08-10,1.57,True,True
1086,DOCENTE,DESCONOCIDA,1992-01-20,1992-03-06,0.13,False,False
1086,PROFESOR PREGRADO,DESCONOCIDA,1993-03-04,1993-05-07,0.18,False,True
1086,COORDINACION GENERAL DEL PROYECTO,DESCONOCIDA,1993-03-04,1993-05-07,0.18,False,True
1086,JEFE DEL CENTRO DE COMPUTO,DESCONOCIDA,1993-09-15,2004-11-30,11.21,True,True
1086,PROFESOR PREGRADO,DESCONOCIDA,1995-01-30,1997-03-14,2.12,True,True
1086,[TIPO DE SERVICIO...],DESCONOCIDA,1996-01-15,1996-02-09,0.07,False,True
1086,PROFESOR PREGRADO,DESCONOCIDA,1997-07-07,1997-12-13,0.44,True,True
1086,GERENCIAMIENTO DEL PROYECTO DE E-GOBIERNO,DESCONOCIDA,2002-12-02,2004-12-30,2.08,True,True
1086,PROFESOR PREGRADO,DESCONOCIDA,2006-10-06,2006-11-10,0.1,False,False
1086,PROFESOR TITULAR PRINCIPAL (TC),"FACULTAD DE ARTE, DISEÑO Y COMUNICACIÓN AUDIOVISUAL",2010-11-01,,15.87,True,False
1094,TECNICO DOCENTE 4,FACULTAD DE INGENIERÍA EN ELECTRICIDAD Y COMPUTACIÓN,2019-05-15,2019-09-20,0.35,True,False
1094,TÉCNICO DOCENTE 4 (TP),FACULTAD DE INGENIERÍA EN ELECTRICIDAD Y COMPUTACIÓN,2021-10-04,2021-12-31,0.24,False,False
1097,PROFESOR PREGRADO,DESCONOCIDA,1999-10-18,2000-03-03,0.38,True,False
1097,PROFESOR ACCIDENTAL,DESCONOCIDA,2000-10-01,2004-06-20,3.72,True,True
1097,PROFESOR PREGRADO,DESCONOCIDA,2000-10-10,2008-05-10,7.58,True,True
1097,AYUDANTE DE INVESTIGACIÓN,DESCONOCIDA,2002-06-01,2003-05-30,0.99,True,True
1097,PROFESIONAL,DESCONOCIDA,2008-03-01,2008-04-30,0.16,False,True
1097,PROFESOR TITULAR PRINCIPAL (TC),FACULTAD DE CIENCIAS SOCIALES Y HUMANÍSTICAS,2008-07-09,2017-11-12,9.34,True,True
1097,SUBDECANO(A),DESCONOCIDA,2016-10-17,2017-03-23,0.43,True,True
1097,SUBDECANO(A),DESCONOCIDA,2017-07-04,2017-11-10,0.35,True,True
1097,DECANO(A),FACULTAD DE CIENCIAS SOCIALES Y HUMANÍSTICAS,2017-11-13,2025-10-31,7.96,True,True
1097,PROFESOR TITULAR PRINCIPAL (TC),FACULTAD DE CIENCIAS SOCIALES Y HUMANÍSTICAS,2019-04-01,2019-04-01,0.0,False,True
1097,PROFESOR TITULAR PRINCIPAL (TC),FACULTAD DE CIENCIAS SOCIALES Y HUMANÍSTICAS,2022-11-13,2022-11-13,0.0,False,True
1097,PROFESOR TITULAR PRINCIPAL (TC),FACULTAD DE CIENCIAS SOCIALES Y HUMANÍSTICAS,2025-04-28,2025-06-12,0.12,False,True
1097,PROFESOR TITULAR PRINCIPAL (TC),FACULTAD DE CIENCIAS SOCIALES Y HUMANÍSTICAS,2025-11-01,,0.87,True,False
1098,PROFESOR PREGRADO,DESCONOCIDA,2003-10-20,2005-03-08,1.38,True,False
1098,PROFESOR OCASIONAL,DESCONOCIDA,2013-10-14,2015-02-28,1.37,True,True
1098,PROFESOR PREGRADO,DESCONOCIDA,2014-02-11,2014-03-01,0.05,False,True
1098,PROFESOR TITULAR AGREGADO 3 (TC),FACULTAD DE INGENIERÍA EN ELECTRICIDAD Y COMPUTACIÓN,2015-03-01,2024-07-28,9.41,True,True
1098,SUBDECANO(A),DESCONOCIDA,2018-01-15,2018-08-24,0.61,True,True
1098,SUBDECANO(A),FACULTAD DE INGENIERÍA EN ELECTRICIDAD Y COMPUTACIÓN,2024-07-29,2025-09-23,1.15,True,True
1098,PROFESOR TITULAR AGREGADO 3 (TC),FACULTAD DE INGENIERÍA EN ELECTRICIDAD Y COMPUTACIÓN,2025-04-01,2025-04-17,0.04,False,True
1098,PROFESOR TITULAR AGREGADO 3 (TC),FACULTAD DE INGENIERÍA EN ELECTRICIDAD Y COMPUTACIÓN,2025-09-15,2026-05-08,0.64,True,True
1098,DECANO(A),DECANATO DE POSGRADO,2026-02-26,2026-07-03,0.35,True,True
1098,SUBDECANO(A),FACULTAD DE INGENIERÍA EN ELECTRICIDAD Y COMPUTACIÓN,2026-08-31,,0.04,False,False
1101,PROFESOR PREGRADO,DESCONOCIDA,1991-05-13,1992-03-06,0.82,True,False
1101,PROFESOR PREGRADO,DESCONOCIDA,1992-06-08,1993-05-21,0.95,True,False
1101,PROFESOR PREGRADO,DESCONOCIDA,1994-05-23,1996-11-23,2.5,True,True
1101,PROFESOR ACCIDENTAL,DESCONOCIDA,1996-06-20,2000-01-27,3.6,True,True
1101,PROFESOR PREGRADO,DESCONOCIDA,1998-10-19,1999-03-02,0.37,True,True
1101,PROFESOR PREGRADO,DESCONOCIDA,2000-01-28,2005-03-08,5.11,True,False
1101,PROFESOR PREGRADO,DESCONOCIDA,2005-10-17,2006-09-23,0.93,True,False
1101,PROFESOR PREGRADO,DESCONOCIDA,2007-03-12,2007-09-22,0.53,True,False
1101,PROFESOR TITULAR AGREGADO 1 (TC),FACULTAD DE CIENCIAS NATURALES Y MATEMÁTICAS,2010-01-01,2017-11-13,7.87,True,True
1101,SUBDECANO(A),DESCONOCIDA,2016-04-13,2017-11-12,1.58,True,True
1101,PROFESOR TITULAR AGREGADO 1 (TC),FACULTAD DE CIENCIAS NATURALES Y MATEMÁTICAS,2019-04-15,2019-05-03,0.05,False,False
1101,PROFESOR TITULAR AGREGADO 1 (TC),FACULTAD DE CIENCIAS NATURALES Y MATEMÁTICAS,2022-02-25,2022-05-06,0.19,False,False
1101,PROFESOR TITULAR AGREGADO 1 (TC),FACULTAD DE CIENCIAS NATURALES Y MATEMÁTICAS,2022-12-27,2023-05-05,0.35,True,False
1101,PROFESOR TITULAR AGREGADO 1 (TC),FACULTAD DE CIENCIAS NATURALES Y MATEMÁTICAS,2023-09-25,2023-12-29,0.26,True,False
1101,PROFESOR TITULAR AGREGADO 1 (TC),FACULTAD DE CIENCIAS NATURALES Y MATEMÁTICAS,2024-04-15,2024-05-07,0.06,False,False
1101,PROFESOR TITULAR AGREGADO 1 (TC),FACULTAD DE CIENCIAS NATURALES Y MATEMÁTICAS,2024-09-23,2025-05-07,0.62,True,False
1101,PROFESOR TITULAR AGREGADO 1 (TC),FACULTAD DE CIENCIAS NATURALES Y MATEMÁTICAS,2025-09-17,2026-05-08,0.64,True,False
1108,PROFESOR PREGRADO,DESCONOCIDA,1994-05-23,1998-05-16,3.98,True,False
1108,PROFESOR PREGRADO,DESCONOCIDA,1999-10-19,2002-09-27,2.94,True,False
1108,PROFESOR PREGRADO,DESCONOCIDA,2003-03-10,2008-07-31,5.39,True,True
1108,COORDINADOR DE LABORATORIO DE COMPUTACIÓN,DESCONOCIDA,2003-05-05,2004-08-04,1.25,True,True
1108,PROFESOR TITULAR AGREGADO 1 (TC),FACULTAD DE CIENCIAS SOCIALES Y HUMANÍSTICAS,2009-07-22,,17.15,True,False
1113,PROFESOR NO TITULAR OCASIONAL (TC),FACULTAD DE INGENIERÍA EN ELECTRICIDAD Y COMPUTACIÓN,2017-10-01,2018-09-30,1.0,True,False
1116,AYUDANTE,DESCONOCIDA,1988-02-01,2014-12-31,26.91,True,False
1116,ASISTENTE DE TESORERÍA,UNIDAD DE VINCULACIÓN CON LA SOCIEDAD,2015-01-01,2022-04-01,7.25,True,False
1123,AUXILIAR DE CONTABILIDAD 1,DESCONOCIDA,1983-11-22,1984-08-21,0.75,True,False
1123,OFICINISTA 2,DESCONOCIDA,1985-05-01,1985-10-31,0.5,True,False
1123,AYUDANTE,DESCONOCIDA,1986-01-01,2007-09-30,21.74,True,False
1123,ASISTENTE DE PRESUPUESTO,DESCONOCIDA,2007-10-01,2009-12-31,2.25,True,False
1123,AYUDANTE,DESCONOCIDA,2010-01-01,2014-12-31,5.0,True,False
1123,ANALISTA FINANCIERO 1,GERENCIA FINANCIERA,2015-01-01,2026-01-01,11.0,True,False
1135,ASISTENTE ACADÉMICO,DESCONOCIDA,1996-05-01,2001-04-30,5.0,True,False
1135,PROFESOR TITULAR PRINCIPAL 1 (TC),FACULTAD DE CIENCIAS SOCIALES Y HUMANÍSTICAS,2006-05-02,2022-04-21,15.97,True,True
1135,PROFESIONAL,DESCONOCIDA,2008-02-15,2008-05-19,0.26,True,True
1135,PROFESIONAL,DESCONOCIDA,2012-01-26,2012-07-22,0.49,True,True
1135,PROFESOR TITULAR PRINCIPAL 1 (TC),FACULTAD DE CIENCIAS SOCIALES Y HUMANÍSTICAS,2022-12-27,2023-03-31,0.26,True,False
1135,PROFESOR TITULAR PRINCIPAL 1 (TC),FACULTAD DE CIENCIAS SOCIALES Y HUMANÍSTICAS,2023-12-26,2024-04-02,0.27,True,False
1135,PROFESOR TITULAR PRINCIPAL 1 (TC),FACULTAD DE CIENCIAS SOCIALES Y HUMANÍSTICAS,2024-12-23,,1.73,True,False
1140,ASISTENTE ADMINISTRATIVO,DESCONOCIDA,1988-12-01,1993-05-30,4.49,True,True
1140,AUXILIAR DE AUDITORIA 4,DESCONOCIDA,1992-08-01,2009-12-31,17.41,True,True
1140,AUDITOR INTERNO 3,AUDITORÍA INTERNA,2010-01-01,,16.7,True,False
1142,DESARROLLO DE AREA INFORMÁTICA EN EL PROYECTO CENACAD,DESCONOCIDA,2007-09-01,2007-12-31,0.33,True,False
1142,ASISTENTE TÉCNICO,DESCONOCIDA,2008-01-01,2009-12-31,2.0,True,False
1142,PROFESOR NO TITULAR OCASIONAL (TC),"FACULTAD DE ARTE, DISEÑO Y COMUNICACIÓN AUDIOVISUAL",2014-05-12,2019-04-30,4.97,True,False
1142,PROFESOR NO TITULAR OCASIONAL (TC),ESCUELA DE DISEÑO Y COMUNICACIÓN VISUAL,2019-05-06,2020-02-21,0.8,True,False
1142,PROFESOR NO TITULAR OCASIONAL (MT),ESCUELA DE DISEÑO Y COMUNICACIÓN VISUAL,2021-05-17,2021-09-24,0.36,True,False
1142,PROFESOR NO TITULAR OCASIONAL (TC),"FACULTAD DE ARTE, DISEÑO Y COMUNICACIÓN AUDIOVISUAL",2021-11-19,,4.82,True,False
1145,PROFESOR NO TITULAR OCASIONAL (TP),DESCONOCIDA,2015-01-01,2015-10-02,0.75,True,False
1145,PROFESOR NO TITULAR OCASIONAL (MT),DESCONOCIDA,2015-10-19,2016-02-28,0.36,True,False
1145,PROFESOR NO TITULAR OCASIONAL 1 (TP),DESCONOCIDA,2016-05-02,2016-09-23,0.39,True,False
1145,PROFESOR NO TITULAR OCASIONAL 1 (MT),FACULTAD DE CIENCIAS NATURALES Y MATEMÁTICAS,2016-10-10,2017-03-17,0.43,True,False
1153,PRESTACIÓN DE SERVICIOS,DESCONOCIDA,1990-06-15,1991-03-01,0.71,True,True
1153,ASISTENTE DE INFORMATICA,DESCONOCIDA,1990-11-17,1991-05-16,0.49,True,True
1153,PROFESOR TITULAR AUXILIAR 2 (TP),FACULTAD DE INGENIERÍA EN ELECTRICIDAD Y COMPUTACIÓN,2013-01-01,,13.7,True,True
1153,SUBDECANO(A),DESCONOCIDA,2016-03-01,2016-03-25,0.07,False,True
1153,GERENTE DE TECNOLOGÍAS Y SISTEMAS DE INFORMACIÓN,GERENCIA DE TECNOLOGÍAS Y SISTEMAS DE INFORMACIÓN,2022-03-15,,4.51,True,True
1154,PROFESOR ACCIDENTAL,DESCONOCIDA,2000-10-01,2004-10-20,4.05,True,False
1154,PROFESOR TITULAR AGREGADO 1 (TC),FACULTAD DE INGENIERÍA MECÁNICA Y CIENCIAS DE LA PRODUCCIÓN,2004-10-21,,21.9,True,False
1164,PROFESOR TITULAR AGREGADO 1 (MT),FACULTAD DE INGENIERÍA EN CIENCIAS DE LA TIERRA,2007-11-01,,18.87,True,False
1168,AYUDANTE,DESCONOCIDA,1986-08-01,1986-10-10,0.19,False,False
1168,AUXILIAR DE CONTABILIDAD 2,DESCONOCIDA,1986-10-13,2001-05-20,14.6,True,False
1168,TESORERA (E),DESCONOCIDA,2001-05-21,2009-12-31,8.61,True,False
1168,DIRECTORA (E),DESCONOCIDA,2010-01-01,2012-11-15,2.87,True,False
1168,JEFA DE LA DIVISIÓN DE PRESUPUESTO,DESCONOCIDA,2012-11-16,2018-04-02,5.37,True,True
1168,GERENTE FINANCIERO,DESCONOCIDA,2014-11-11,2014-12-31,0.14,False,True
1168,ANALISTA FINANCIERO 3,GERENCIA FINANCIERA,2015-01-01,2026-08-01,11.58,True,True
1170,PRESTACION DE SERVICIOS,DESCONOCIDA,2001-10-22,2002-03-02,0.36,True,False
1170,PRESTACION DE SERVICIOS,DESCONOCIDA,2003-05-19,2004-03-08,0.8,True,False
1170,PRESTACION DE SERVICIOS,DESCONOCIDA,2005-10-17,2007-09-22,1.93,True,False
1170,PROFESOR PREGRADO,DESCONOCIDA,2008-10-13,2011-05-17,2.59,True,False
1170,PROFESOR TITULAR AGREGADO 3 (TC),FACULTAD DE CIENCIAS NATURALES Y MATEMÁTICAS,2011-09-25,,14.97,True,True
1170,PRESTACIÓN DE SERVICIOS PERSONALES,DESCONOCIDA,2011-11-19,2012-04-22,0.42,True,True
1170,SUBDECANO(A),DESCONOCIDA,2017-02-20,2017-07-07,0.38,True,True
1170,SUBDECANO(A),DESCONOCIDA,2018-10-09,2018-11-17,0.11,False,True
1176,PROFESOR PREGRADO,DESCONOCIDA,2003-10-20,2010-03-02,6.36,True,False
1176,PROFESOR NO TITULAR OCASIONAL (TC),FACULTAD DE INGENIERÍA MECÁNICA Y CIENCIAS DE LA PRODUCCIÓN,2014-08-01,2020-02-21,5.56,True,False
1178,DOCENTE,DESCONOCIDA,2012-10-08,2013-02-26,0.39,True,False
1178,PROFESOR NO TITULAR OCASIONAL,DESCONOCIDA,2013-05-13,2013-12-31,0.64,True,False
1178,PROFESOR TITULAR AGREGADO 1 (TC),FACULTAD DE INGENIERÍA MECÁNICA Y CIENCIAS DE LA PRODUCCIÓN,2014-04-01,2015-12-31,1.75,True,False
1178,DECANO(A),DECANATO DE INVESTIGACIÓN,2016-01-01,,10.71,True,True
1178,PROFESOR TITULAR AGREGADO 3 (TC),FACULTAD DE INGENIERÍA MECÁNICA Y CIENCIAS DE LA PRODUCCIÓN,2016-10-20,2016-10-20,0.0,False,True
1178,PROFESOR TITULAR AGREGADO 3 (TC),FACULTAD DE INGENIERÍA MECÁNICA Y CIENCIAS DE LA PRODUCCIÓN,2017-11-13,2017-11-13,0.0,False,True
1180,AUXILIAR DE SECRETARÍA 1,DESCONOCIDA,1987-03-04,1988-06-03,1.25,True,False
1180,ASISTENTE,DESCONOCIDA,1988-07-04,2015-01-01,26.49,True,True
1180,GERENTE DE PLANIFICACIÓN ESTRATÉGICA,DESCONOCIDA,2015-01-01,2017-11-12,2.86,True,True
1180,ANALISTA DE PROYECTOS DE VINCULACIÓN 3,GERENCIA DE PLANIFICACIÓN ESTRATÉGICA,2015-01-01,2025-05-01,10.33,True,True
1180,GERENTE DE PLANIFICACIÓN ESTRATÉGICA,GERENCIA DE PLANIFICACIÓN ESTRATÉGICA,2018-09-19,2018-10-02,0.04,False,True
1193,PROFESOR TITULAR PRINCIPAL 3 (TC),FACULTAD DE INGENIERÍA EN ELECTRICIDAD Y COMPUTACIÓN,1998-05-04,,28.37,True,False
1202,PROFESOR TITULAR PRINCIPAL 1 (TC),FACULTAD DE INGENIERÍA EN CIENCIAS DE LA TIERRA,2010-01-01,2025-10-01,15.75,True,True
1202,DECANO(A),FACULTAD DE INGENIERÍA EN CIENCIAS DE LA TIERRA,2014-03-01,2016-01-11,1.86,True,True
1205,AUXILIAR DE SECRETARÍA 3,DESCONOCIDA,1985-06-28,2004-08-31,19.17,True,False
1205,ASISTENTE EJECUTIVA 3,FACULTAD DE CIENCIAS NATURALES Y MATEMÁTICAS,2004-09-01,,22.04,True,False
1206,ASISTENTE ACADÉMICO,DESCONOCIDA,2002-04-28,2008-12-31,6.68,True,False
1206,AYUDANTE DE NÓMINAS,DESCONOCIDA,2009-01-01,2014-12-31,6.0,True,False
1206,ANALISTA DE TALENTO HUMANO 1,FACULTAD DE INGENIERÍA MARÍTIMA Y CIENCIAS DEL MAR,2015-01-01,2023-03-10,8.19,True,True
1206,DIRECTOR DE TALENTO HUMANO,DIRECCIÓN DE TALENTO HUMANO,2016-11-30,2016-12-30,0.08,False,True
1206,ANALISTA DE TALENTO HUMANO 1,FACULTAD DE INGENIERÍA MARÍTIMA Y CIENCIAS DEL MAR,2023-07-17,2023-09-11,0.15,False,False
1206,ANALISTA DE TALENTO HUMANO 1,FACULTAD DE INGENIERÍA MARÍTIMA Y CIENCIAS DEL MAR,2023-12-26,2024-03-04,0.19,False,False
1206,ANALISTA DE TALENTO HUMANO 1,FACULTAD DE INGENIERÍA MARÍTIMA Y CIENCIAS DEL MAR,2024-10-24,2025-04-03,0.44,True,False
1206,ANALISTA DE TALENTO HUMANO 1,FACULTAD DE INGENIERÍA MARÍTIMA Y CIENCIAS DEL MAR,2026-02-18,,0.57,True,False
1211,PROFESOR PREGRADO,DESCONOCIDA,1993-05-25,1993-10-08,0.37,True,False
1211,PROFESOR ACCIDENTAL,DESCONOCIDA,1995-06-14,1997-09-14,2.25,True,True
1211,COORDINADOR DE LA CARRERA DE LICENCIATURA EN SISTEMAS DE INFORMACION,DESCONOCIDA,1995-09-18,1998-09-17,3.0,True,True
1211,PROFESOR AUXILIAR,DESCONOCIDA,1997-09-15,1997-09-18,0.01,False,True
1211,PROFESOR AGREGADO,DESCONOCIDA,2002-04-15,2008-03-05,5.89,True,True
1211,COORDINADOR DE LA CARRERA DE ING. EN COMPUTACIÓN ANTE LA ABET,DESCONOCIDA,2008-03-05,2009-03-04,1.0,True,True
1211,PROFESOR TITULAR PRINCIPAL 1 (TC),FACULTAD DE INGENIERÍA EN ELECTRICIDAD Y COMPUTACIÓN,2010-01-01,2015-06-04,5.42,True,False
1211,VICERRECTOR/A,DESCONOCIDA,2015-06-05,2021-02-21,5.72,True,True
1211,PROFESOR TITULAR PRINCIPAL 1 (TC),VICERRECTORADO ACADÉMICO,2017-11-13,2017-11-13,0.0,False,True
1211,PROFESOR TITULAR PRINCIPAL 3 (TC),FACULTAD DE INGENIERÍA EN ELECTRICIDAD Y COMPUTACIÓN,2018-01-01,,8.71,True,True
1212,PROFESOR PREGRADO,DESCONOCIDA,1991-11-04,1992-10-03,0.91,True,False
1212,PROFESOR PREGRADO,DESCONOCIDA,1996-05-20,1997-10-03,1.37,True,False
1212,PROFESOR PREGRADO,DESCONOCIDA,1999-10-19,2000-03-03,0.37,True,False
1212,PROFESOR PREGRADO,DESCONOCIDA,2001-10-22,2002-09-27,0.93,True,False
1212,PROFESOR PREGRADO,DESCONOCIDA,2005-05-16,2011-05-17,6.0,True,False
1212,PROFESOR PREGRADO,DESCONOCIDA,2011-09-25,2013-12-31,2.27,True,True
1212,ANÁLISIS DE MUESTRA BIOLÓGICA,DESCONOCIDA,2013-08-16,2013-09-16,0.08,False,True
1212,PROFESOR NO TITULAR OCASIONAL (MT),"FACULTAD DE INGENIERIA MARÍTIMA, CIENCIAS BIOLÓGICAS, OCEÁNICAS Y RECURSOS NATURALES",2014-10-01,2019-02-22,4.39,True,False
1212,PROFESOR NO TITULAR OCASIONAL (MT),FACULTAD DE INGENIERÍA MARÍTIMA Y CIENCIAS DEL MAR,2019-05-13,2019-09-20,0.36,True,False
1212,PROFESOR NO TITULAR OCASIONAL (TP),FACULTAD DE INGENIERÍA MARÍTIMA Y CIENCIAS DEL MAR,2022-05-24,2022-09-23,0.33,True,False
1212,PROFESOR NO TITULAR OCASIONAL (MT),FACULTAD DE INGENIERÍA MARÍTIMA Y CIENCIAS DEL MAR,2022-10-03,,3.95,True,False
1213,PROFESOR PREGRADO,DESCONOCIDA,2004-05-17,2005-03-08,0.81,True,False
1213,PROFESOR PREGRADO,DESCONOCIDA,2006-05-15,2008-09-26,2.37,True,False
1213,PROFESOR PREGRADO,DESCONOCIDA,2010-05-17,2010-09-30,0.37,True,False
1213,PROFESOR NO TITULAR OCASIONAL (TC),FACULTAD DE INGENIERÍA EN ELECTRICIDAD Y COMPUTACIÓN,2016-05-02,2018-03-02,1.83,True,False
1213,PROFESOR NO TITULAR OCASIONAL (TC),FACULTAD DE INGENIERÍA EN ELECTRICIDAD Y COMPUTACIÓN,2018-10-01,,7.96,True,False
1216,PROFESOR PRINCIPAL,DESCONOCIDA,2001-05-01,2012-11-12,11.53,True,False
1216,VICERRECTORA ACADEMICA,DESCONOCIDA,2012-11-13,2012-12-31,0.13,False,False
1216,PROFESOR TITULAR PRINCIPAL (TC),VICERRECTORADO ACADÉMICO,2013-01-01,2014-02-28,1.16,True,False
1216,RECTOR(A),RECTORADO,2014-03-01,,12.54,True,True
1216,PROFESOR TITULAR PRINCIPAL 1 (TC),FACULTAD DE INGENIERÍA MECÁNICA Y CIENCIAS DE LA PRODUCCIÓN,2014-11-01,2014-11-01,0.0,False,True
1216,PROFESOR TITULAR PRINCIPAL 3 (TC),DESCONOCIDA,2016-10-20,2017-11-13,1.06,True,True
1216,PROFESOR TITULAR PRINCIPAL 3 (TC),FACULTAD DE INGENIERÍA MECÁNICA Y CIENCIAS DE LA PRODUCCIÓN,2022-11-13,2022-11-13,0.0,False,True
1219,PROFESOR NO TITULAR OCASIONAL (TP),FACULTAD DE CIENCIAS DE LA VIDA,2015-12-01,2016-02-26,0.24,False,False
1219,TÉCNICO DOCENTE 1 (TC),FACULTAD DE INGENIERÍA MECÁNICA Y CIENCIAS DE LA PRODUCCIÓN,2023-05-15,,3.34,True,False
1220,PROFESOR PREGRADO,DESCONOCIDA,1994-10-17,1995-03-03,0.38,True,False
1220,PROFESOR PREGRADO,DESCONOCIDA,2009-05-18,2011-05-17,2.0,True,False
1220,PROFESOR TITULAR AGREGADO 2 (TC),FACULTAD DE INGENIERÍA EN ELECTRICIDAD Y COMPUTACIÓN,2011-06-01,,15.29,True,True
1220,SUBDECANO(A),FACULTAD DE INGENIERÍA EN ELECTRICIDAD Y COMPUTACIÓN,2015-03-10,2015-03-12,0.01,False,True
1225,AYUDANTE DE CONTABILIDAD,DESCONOCIDA,1999-09-20,2004-12-30,5.28,True,False
1225,AYUDANTE,DESCONOCIDA,2005-01-03,2014-12-31,9.99,True,False
1225,ASISTENTE CONTABLE,DESCONOCIDA,2015-01-01,2017-12-27,2.99,True,False
1225,ANALISTA CONTABLE 1,DESCONOCIDA,2017-12-28,2020-11-01,2.84,True,False
1229,AUXILIAR DE CONTABILIDAD,DESCONOCIDA,1989-05-15,1989-07-31,0.21,False,False
1229,AYUDANTE SECRETARIO DEPTO. MANTENIMIENTO,DESCONOCIDA,1990-05-02,2008-01-10,17.69,True,False
1229,NOMBRAMIENTO REGULAR-TRASLADO DE MANTENIENTO A LA UATH,DESCONOCIDA,2008-01-11,2009-12-31,1.97,True,False
1229,AYUDANTE DE NÓMINAS,DESCONOCIDA,2010-01-01,2014-12-31,5.0,True,False
1229,ASISTENTE DE TALENTO HUMANO,DIRECCIÓN DE TALENTO HUMANO,2015-01-01,2026-08-01,11.58,True,False
1230,PROFESOR,DESCONOCIDA,1997-05-26,1997-10-03,0.36,True,False
1230,JEFE DE PROYECTO,DESCONOCIDA,1999-02-01,1999-12-31,0.91,True,False
1230,PROFESOR ACCIDENTAL,DESCONOCIDA,2000-09-15,2005-02-15,4.42,True,False
1230,PROFESOR AUXILIAR,DESCONOCIDA,2005-02-16,2007-02-15,2.0,True,False
1230,PROFESOR TITULAR AGREGADO 3 (TC),"FACULTAD DE ARTE, DISEÑO Y COMUNICACIÓN AUDIOVISUAL",2010-01-01,,16.7,True,False
1231,ASISTENTE DE INVESTIGACIÓN,DESCONOCIDA,1988-09-01,1990-08-30,1.99,True,False
1231,PROFESOR ACCIDENTAL,DESCONOCIDA,1996-05-06,2002-09-10,6.35,True,True
1231,PROFESOR PREGRADO,DESCONOCIDA,1998-05-25,1998-10-02,0.36,True,True
1231,PROFESOR PREGRADO,DESCONOCIDA,2005-05-16,2007-03-06,1.8,True,False
1231,PROFESOR,DESCONOCIDA,2007-10-15,2008-03-05,0.39,True,False
1231,PROFESOR TITULAR PRINCIPAL (TC),FACULTAD DE INGENIERÍA MARÍTIMA Y CIENCIAS DEL MAR,2013-01-01,,13.7,True,False
1232,PROFESOR PREGRADO,DESCONOCIDA,1999-10-19,2003-03-07,3.38,True,False
1232,PROFESOR PREGRADO,DESCONOCIDA,2004-03-09,2004-05-08,0.16,False,False
1232,PROFESOR PREGRADO,DESCONOCIDA,2004-10-18,2011-05-17,6.58,True,True
1232,HONORARIOS  PROFESIONALES,DESCONOCIDA,2006-06-01,2006-12-30,0.58,True,True
1232,PROFESIONAL,DESCONOCIDA,2011-11-01,2012-12-29,1.16,True,False
1232,PROFESOR TITULAR AGREGADO 2 (TC),FACULTAD DE INGENIERÍA EN ELECTRICIDAD Y COMPUTACIÓN,2013-01-01,,13.7,True,False
1235,PROFESOR PREGRADO,DESCONOCIDA,2013-05-13,2013-12-31,0.64,True,False
1235,PROFESOR NO TITULAR OCASIONAL (TC),FACULTAD DE INGENIERÍA MECÁNICA Y CIENCIAS DE LA PRODUCCIÓN,2017-10-01,2020-03-31,2.5,True,False
1235,PROFESOR TITULAR AGREGADO 2 (TC),FACULTAD DE INGENIERÍA MECÁNICA Y CIENCIAS DE LA PRODUCCIÓN,2020-04-01,,6.46,True,False
1246,PROFESOR PREGRADO,DESCONOCIDA,1996-10-14,1997-02-28,0.38,True,False
1246,COORDINADO DEL CONVENIO DE COOPERACIÓN ENTRE LA DEFENSORÍA DEL PUEBLO Y LA ESPOL,DESCONOCIDA,2003-03-08,2005-05-17,2.19,True,True
1246,PROFESOR TITULAR PRINCIPAL (TC),FACULTAD DE INGENIERÍA EN ELECTRICIDAD Y COMPUTACIÓN,2004-08-06,2022-11-12,18.27,True,True
1246,DECANO(A),FACULTAD DE INGENIERÍA EN ELECTRICIDAD Y COMPUTACIÓN,2022-11-13,,3.84,True,False
1247,AYUDANTE DE CONTABILIDAD,DESCONOCIDA,1985-11-01,2002-07-31,16.74,True,False
1247,ASISTENTE DE PRESUPUESTO,DESCONOCIDA,2002-08-01,2004-03-31,1.66,True,False
1247,JEFE DE PRESUPUESTO (E),DESCONOCIDA,2004-04-01,2014-12-31,10.75,True,False
1247,ANALISTA FINANCIERO 2,DESCONOCIDA,2015-01-01,2015-08-19,0.63,True,False
1247,JEFE DE PRESUPUESTO,GERENCIA FINANCIERA,2015-08-20,2024-01-08,8.39,True,True
1247,GERENTE FINANCIERO,GERENCIA FINANCIERA,2023-09-11,2023-10-05,0.07,False,True
1247,JEFE DE PRESUPUESTO,GERENCIA FINANCIERA,2024-07-09,2024-07-13,0.01,False,False
1247,JEFE DE PRESUPUESTO,GERENCIA FINANCIERA,2024-10-14,2025-01-13,0.25,False,False
1247,GERENTE FINANCIERO,GERENCIA FINANCIERA,2025-01-27,2025-01-31,0.01,False,False
1247,JEFE DE PRESUPUESTO,GERENCIA FINANCIERA,2026-01-12,,0.68,True,False
1252,PROFESOR PREGRADO,DESCONOCIDA,2002-05-20,2006-03-03,3.79,True,True
1252,ADMINISTRADORA DE LOS SERVICIOS ADMINISTRATIVOS BASADOS EN TECNOLOGÍAS DE INFORMACIÓN,DESCONOCIDA,2003-06-30,2003-09-30,0.25,True,True
1252,COORDINADOR DEL PROYECTO ESPOL-COMISIÓN DE TRANSITO DEL GUAYAS,DESCONOCIDA,2004-04-01,2004-04-30,0.08,False,True
1252,PROFESOR NO TITULAR OCASIONAL (TC),FACULTAD DE INGENIERÍA EN ELECTRICIDAD Y COMPUTACIÓN,2016-06-01,2020-02-21,3.72,True,False
1255,SECRETARIA OFICINISTA 1,DESCONOCIDA,1987-08-28,1988-08-27,1.0,True,False
1255,AUXILIAR DE SECRETARÍA 3,DESCONOCIDA,1988-09-05,1996-10-31,8.15,True,False
1255,SECRETARIA,DESCONOCIDA,1996-11-01,2009-12-31,13.16,True,False
1255,AYUDANTE,DESCONOCIDA,2010-01-01,2014-12-31,5.0,True,False
1255,ASISTENTE CONTABLE,GERENCIA FINANCIERA,2015-01-01,2023-12-01,8.91,True,False
1262,PROFESOR PREGRADO,DESCONOCIDA,2000-05-15,2000-09-22,0.36,True,False
1262,PROFESOR PREGRADO,DESCONOCIDA,2001-04-01,2001-04-30,0.08,False,False
1262,PROFESOR PREGRADO,DESCONOCIDA,2003-09-08,2003-09-24,0.04,False,False
1262,PROFESOR PREGRADO,DESCONOCIDA,2004-05-17,2004-09-25,0.36,True,False
1262,PROFESOR PREGRADO,DESCONOCIDA,2005-05-16,2008-05-10,2.98,True,True
1262,INVESTIGADOR,DESCONOCIDA,2006-10-16,2008-04-15,1.5,True,True
1262,PROFESOR AUXILIAR,DESCONOCIDA,2010-01-01,2010-05-02,0.33,True,False
1262,PROFESOR TITULAR PRINCIPAL 1 (TC),FACULTAD DE CIENCIAS SOCIALES Y HUMANÍSTICAS,2012-06-01,,14.29,True,False
1268,SECRETARIA-AYUDANTE DE CONTABILIDAD Y DIGITADORA,DESCONOCIDA,1991-04-15,1991-10-15,0.5,True,False
1268,SECRETARIA DIGITADORA,DESCONOCIDA,1991-11-01,1992-12-31,1.17,True,False
1268,SECRETARIA DIGITADORA,DESCONOCIDA,1993-06-01,1993-10-31,0.42,True,False
1268,SECRETARIA PROYECTO,DESCONOCIDA,1995-02-01,1995-05-31,0.33,True,False
1268,AUXILIAR DE SECRETARÍA,DESCONOCIDA,1995-06-01,1996-12-30,1.58,True,False
1268,SECRETARIA ASISTENTE,DESCONOCIDA,1997-02-26,2004-12-30,7.84,True,False
1268,ASISTENTE EJECUTIVA 2,CENTRO DE ESTUDIOS DEL MEDIO AMBIENTE,2007-06-01,2022-01-01,14.59,True,False
1277,PROFESOR PREGRADO,DESCONOCIDA,2002-10-21,2004-09-25,1.93,True,False
1277,PROFESOR PRE-POLITÉCNICO,DESCONOCIDA,2012-07-09,2012-10-14,0.27,True,False
1277,PROFESOR NO TITULAR OCASIONAL (MT),FACULTAD DE CIENCIAS NATURALES Y MATEMÁTICAS,2015-01-01,2015-03-13,0.19,False,False
1277,PROFESOR NO TITULAR OCASIONAL 1 (TC),FACULTAD DE CIENCIAS NATURALES Y MATEMÁTICAS,2015-05-01,2017-09-22,2.4,True,False
1277,PROFESOR NO TITULAR OCASIONAL (TP),FACULTAD DE CIENCIAS NATURALES Y MATEMÁTICAS,2018-01-15,2018-03-02,0.13,False,False
1277,TECNICO DOCENTE 4,DIRECCIÓN DE ADMISIONES,2018-05-01,2020-05-31,2.08,True,False
1277,TÉCNICO DOCENTE 4 (TC),DIRECCIÓN DE ADMISIONES,2021-05-25,2021-12-31,0.6,True,False
1277,TÉCNICO DOCENTE 3 (TC),DIRECCIÓN DE ADMISIONES,2023-05-29,2025-12-31,2.59,True,False
1278,AYUDANTE DE ACTIVOS FIJOS,DESCONOCIDA,1999-05-18,2015-11-10,16.48,True,True
1278,ASISTENTE DE COMPRAS PÚBLICAS,DESCONOCIDA,2015-01-01,2020-12-01,5.92,True,True
1308,PROFESOR NO TITULAR OCASIONAL,DESCONOCIDA,2013-05-13,2013-12-31,0.64,True,False
1308,PROFESOR NO TITULAR OCASIONAL,DESCONOCIDA,2014-05-12,2014-10-03,0.39,True,False
1308,PROFESOR NO TITULAR OCASIONAL (TP),FACULTAD DE CIENCIAS SOCIALES Y HUMANÍSTICAS,2014-10-20,2015-10-02,0.95,True,False
1308,PROFESOR NO TITULAR OCASIONAL (TC),FACULTAD DE CIENCIAS SOCIALES Y HUMANÍSTICAS,2015-10-19,,10.91,True,False
1315,PROFESOR PREGRADO,DESCONOCIDA,2005-10-01,2007-09-30,2.0,True,False
1315,PROFESOR TITULAR PRINCIPAL 1 (TC),FACULTAD DE INGENIERÍA EN ELECTRICIDAD Y COMPUTACIÓN,2013-01-01,,13.7,True,False
1322,DISEÑADOR GRÁFICO,DESCONOCIDA,2003-08-11,2004-05-30,0.8,True,False
1322,DISEÑADOR GRÁFICO 2,GERENCIA DE COMUNICACIÓN,2008-08-18,,18.08,True,False
1329,PROFESOR TITULAR AGREGADO 3 (TC),FACULTAD DE CIENCIAS SOCIALES Y HUMANÍSTICAS,2006-10-16,,19.92,True,True
1329,ORDEN DE SERVICIO,DESCONOCIDA,2013-03-09,2013-03-09,0.0,False,True
1329,SUBDECANO(A),DESCONOCIDA,2017-03-28,2017-03-28,0.0,False,True
1335,PROFESOR PREGRADO,DESCONOCIDA,1993-10-18,1995-03-03,1.37,True,False
1335,PROFESOR ACCIDENTAL,DESCONOCIDA,2001-10-08,2005-02-15,3.36,True,False
1335,PROFESOR TITULAR AGREGADO 1 (TC),"FACULTAD DE ARTE, DISEÑO Y COMUNICACIÓN AUDIOVISUAL",2005-02-16,,21.58,True,True
1335,DIRECTOR,DESCONOCIDA,2016-03-21,2016-03-30,0.02,False,True
1335,SUBDIRECTOR,DESCONOCIDA,2017-03-27,2017-04-09,0.04,False,True
1335,DIRECTOR,DESCONOCIDA,2017-11-13,2019-01-23,1.19,True,True
1335,SUBDECANO(A),"FACULTAD DE ARTE, DISEÑO Y COMUNICACIÓN AUDIOVISUAL",2018-03-12,2018-03-25,0.04,False,True
1335,DECANO(A),"FACULTAD DE ARTE, DISEÑO Y COMUNICACIÓN AUDIOVISUAL",2019-01-24,2022-11-12,3.8,True,True
1339,PROFESOR,DESCONOCIDA,2009-05-18,2010-03-02,0.79,True,False
1339,PROFESOR TITULAR AGREGADO 3 (TC),FACULTAD DE CIENCIAS SOCIALES Y HUMANÍSTICAS,2011-06-01,,15.29,True,True
1339,GERENTE FINANCIERO,DESCONOCIDA,2017-11-01,2018-06-16,0.62,True,True
1349,PROFESOR PREGRADO,DESCONOCIDA,2001-10-22,2003-03-07,1.37,True,False
1349,PROFESOR AGREGADO,DESCONOCIDA,2010-01-01,2012-04-30,2.33,True,False
1349,PROFESOR TITULAR AGREGADO 3 (TC),FACULTAD DE INGENIERÍA EN ELECTRICIDAD Y COMPUTACIÓN,2014-11-01,,11.87,True,False
1354,AUXILIAR DE SECRETARÍA 3,DESCONOCIDA,1989-10-13,2009-12-31,20.21,True,False
1354,SECRETARIA,DESCONOCIDA,2010-01-01,2014-12-31,5.0,True,False
1354,ANALISTA DE RELACIONES EXTERNAS Y VINCULACIÓN CORPORATIVA 2,DECANATO DE POSGRADO,2015-01-01,,11.71,True,False
1360,PROFESOR PREGRADO,DESCONOCIDA,2007-06-25,2007-08-04,0.11,False,False
1360,PROFESOR PREGRADO,DESCONOCIDA,2008-10-13,2011-05-17,2.59,True,False
1360,PROFESOR TITULAR AUXILIAR 1 (TC),ESCUELA DE DISEÑO Y COMUNICACIÓN VISUAL,2011-09-25,2017-11-12,6.13,True,False
1360,DIRECTOR,"FACULTAD DE ARTE, DISEÑO Y COMUNICACIÓN AUDIOVISUAL",2017-11-13,2019-01-23,1.19,True,False
1360,PROFESOR TITULAR AUXILIAR 1 (TC),DESCONOCIDA,2019-01-24,2019-01-24,0.0,False,True
1360,DECANO(A),"FACULTAD DE ARTE, DISEÑO Y COMUNICACIÓN AUDIOVISUAL",2019-01-24,2023-01-06,3.95,True,True
1360,PROFESOR TITULAR AUXILIAR 1 (TC),"FACULTAD DE ARTE, DISEÑO Y COMUNICACIÓN AUDIOVISUAL",2020-08-01,2020-08-01,0.0,False,True
1360,PROFESOR TITULAR AGREGADO 1 (TC),"FACULTAD DE ARTE, DISEÑO Y COMUNICACIÓN AUDIOVISUAL",2021-06-01,,5.29,True,True
1363,PROFESOR PREGRADO,DESCONOCIDA,2000-05-15,2001-02-23,0.78,True,True
1363,PROFESOR ACCIDENTAL,DESCONOCIDA,2000-10-01,2003-05-18,2.63,True,True
1363,PROFESOR TITULAR PRINCIPAL (TC),ESCUELA DE POSTGRADO EN ADMINISTRACIÓN DE EMPRESAS,2001-04-01,,25.46,True,True
1364,PROFESOR NO TITULAR OCASIONAL 2 (TC),FACULTAD DE CIENCIAS NATURALES Y MATEMÁTICAS,2016-10-17,2017-12-31,1.2,True,False
1364,TECNICO DOCENTE 4,DIRECCIÓN DE ADMISIONES,2018-01-01,2019-12-31,2.0,True,False
1372,DOCUMENTADORA,DESCONOCIDA,1996-05-02,1997-04-10,0.94,True,False
1372,ANALISTA DE DESARROLLO DE SISTEMAS 2,GERENCIA DE TECNOLOGÍAS Y SISTEMAS DE INFORMACIÓN,1997-04-11,,29.43,True,False
1373,PROFESOR PREGRADO,DESCONOCIDA,1994-12-01,2000-03-03,5.25,True,False
1373,PROFESOR PREGRADO,DESCONOCIDA,2004-03-09,2004-05-08,0.16,False,False
1373,PROFESOR PREGRADO,DESCONOCIDA,2004-10-01,2011-05-17,6.62,True,False
1373,PROFESOR TITULAR AUXILIAR 2 (TC),FACULTAD DE INGENIERÍA EN ELECTRICIDAD Y COMPUTACIÓN,2013-01-01,,13.7,True,True
1373,SUBDECANO(A),DESCONOCIDA,2018-10-03,2018-10-20,0.05,False,True
1375,SECRETARIA RECEPCIONISTA,DESCONOCIDA,2003-01-06,2004-03-30,1.23,True,False
1375,SECRETARIA-RECEPCIONISTA,DESCONOCIDA,2004-05-01,2005-09-30,1.42,True,False
1375,ASISTENTE EJECUTIVA 2,DIRECCIÓN DE LA SECRETARÍA TÉCNICA ACADEMICA,2006-07-01,2022-03-08,15.68,True,True
1375,ANALISTA TÉCNICO ACADÉMICO 1,DIRECCIÓN DE LA SECRETARÍA TÉCNICA ACADEMICA,2022-03-01,2023-03-07,1.02,True,True
1375,ANALISTA DE INFORMACIÓN ACADÉMICA 1,DIRECCIÓN DE LA SECRETARÍA TÉCNICA ACADEMICA,2023-05-11,2023-09-14,0.34,True,False
1375,ANALISTA DE INFORMACIÓN ACADÉMICA 1,DIRECCIÓN DE LA SECRETARÍA TÉCNICA ACADEMICA,2023-12-26,2024-03-04,0.19,False,False
1375,ANALISTA DE INFORMACIÓN ACADÉMICA 1,DIRECCIÓN DE LA SECRETARÍA TÉCNICA ACADEMICA,2024-08-06,2024-08-23,0.05,False,False
1375,ANALISTA DE INFORMACIÓN ACADÉMICA 1,DIRECCIÓN DE LA SECRETARÍA TÉCNICA ACADEMICA,2024-12-26,2025-02-28,0.18,False,False
1375,ANALISTA DE INFORMACIÓN ACADÉMICA 1,DIRECCIÓN DE LA SECRETARÍA TÉCNICA ACADEMICA,2025-12-26,,0.72,True,False
1385,AUXILIAR DE SECRETARÍA,DESCONOCIDA,1990-05-16,1990-08-15,0.25,False,False
1385,SECRETARIA OFICINISTA,DESCONOCIDA,1990-08-16,1991-11-15,1.25,True,False
1385,AUXILIAR SECRETARÍA 3,DESCONOCIDA,1992-09-01,2004-06-10,11.77,True,False
1385,ASISTENTE EJECUTIVA 3,FACULTAD DE INGENIERÍA EN CIENCIAS DE LA TIERRA,2004-06-11,,22.26,True,False
1400,PROFESOR TITULAR PRINCIPAL (TC),FACULTAD DE INGENIERÍA MECÁNICA Y CIENCIAS DE LA PRODUCCIÓN,2002-10-21,2015-09-13,12.89,True,False
1400,SUBDECANO(A),DESCONOCIDA,2016-04-05,2016-04-11,0.02,False,False
1400,PROFESOR TITULAR PRINCIPAL (TC),FACULTAD DE INGENIERÍA MECÁNICA Y CIENCIAS DE LA PRODUCCIÓN,2020-02-11,2020-02-21,0.03,False,False
1400,PROFESOR TITULAR PRINCIPAL (TC),FACULTAD DE INGENIERÍA MECÁNICA Y CIENCIAS DE LA PRODUCCIÓN,2021-02-22,2021-03-22,0.08,False,False
1400,PROFESOR TITULAR PRINCIPAL (TC),FACULTAD DE INGENIERÍA MECÁNICA Y CIENCIAS DE LA PRODUCCIÓN,2022-03-07,2022-04-08,0.09,False,False
1400,PROFESOR TITULAR PRINCIPAL (TC),FACULTAD DE INGENIERÍA MECÁNICA Y CIENCIAS DE LA PRODUCCIÓN,2022-12-27,2023-03-02,0.18,False,False
1400,PROFESOR TITULAR PRINCIPAL (TC),FACULTAD DE INGENIERÍA MECÁNICA Y CIENCIAS DE LA PRODUCCIÓN,2023-12-26,2024-04-15,0.3,True,False
1400,PROFESOR TITULAR PRINCIPAL (TC),FACULTAD DE INGENIERÍA MECÁNICA Y CIENCIAS DE LA PRODUCCIÓN,2024-08-26,2024-09-24,0.08,False,False
1400,PROFESOR TITULAR PRINCIPAL (TC),FACULTAD DE INGENIERÍA MECÁNICA Y CIENCIAS DE LA PRODUCCIÓN,2024-12-26,2025-03-18,0.22,False,False
1400,DECANO(A),DECANATO DE VINCULACIÓN,2025-05-20,2025-10-02,0.37,True,False
1400,PROFESOR TITULAR PRINCIPAL (TC),FACULTAD DE INGENIERÍA MECÁNICA Y CIENCIAS DE LA PRODUCCIÓN,2025-12-26,2025-12-31,0.01,False,False
1400,PROFESOR TITULAR PRINCIPAL (TC),FACULTAD DE INGENIERÍA MECÁNICA Y CIENCIAS DE LA PRODUCCIÓN,2026-09-01,,0.04,False,False
1402,AYUDANTE ADMINISTRATIVO,DESCONOCIDA,1996-10-01,2014-12-31,18.25,True,False
1402,ASISTENTE DE ACTIVOS FIJOS,FACULTAD DE INGENIERÍA MECÁNICA Y CIENCIAS DE LA PRODUCCIÓN,2015-01-01,,11.71,True,False
1411,PROFESOR,DESCONOCIDA,1996-10-14,2003-09-27,6.95,True,False
1411,PROFESOR,DESCONOCIDA,2005-05-16,2005-09-24,0.36,True,False
1411,PROFESOR TITULAR AGREGADO 2 (TP),FACULTAD DE INGENIERÍA EN ELECTRICIDAD Y COMPUTACIÓN,2005-10-01,,20.96,True,True
1411,DECANO(A),DESCONOCIDA,2017-11-13,2019-12-31,2.13,True,True
1411,DECANO(A),FACULTAD DE INGENIERÍA EN ELECTRICIDAD Y COMPUTACIÓN,2021-02-22,2021-12-13,0.8,True,True
1421,PROFESOR,DESCONOCIDA,2000-05-15,2001-09-28,1.37,True,False
1421,PROFESOR,DESCONOCIDA,2003-10-20,2004-03-08,0.38,True,False
1421,PROFESOR,DESCONOCIDA,2006-01-12,2010-03-02,4.13,True,False
1421,PROFESOR,DESCONOCIDA,2012-08-16,2012-09-20,0.1,False,False
1421,PROFESOR NO TITULAR OCASIONAL,DESCONOCIDA,2013-05-13,2013-09-20,0.36,True,False
1421,PROFESOR,DESCONOCIDA,2013-10-14,2013-12-31,0.21,False,False
1421,PROFESOR,DESCONOCIDA,2014-05-12,2014-09-30,0.39,True,False
1421,PROFESOR NO TITULAR OCASIONAL (TC),FACULTAD DE INGENIERÍA MECÁNICA Y CIENCIAS DE LA PRODUCCIÓN,2014-10-01,2020-03-31,5.5,True,False
1421,PROFESOR TITULAR AUXILIAR 2 (TP),FACULTAD DE INGENIERÍA MECÁNICA Y CIENCIAS DE LA PRODUCCIÓN,2020-04-01,,6.46,True,True
1421,DIRECTOR DE LA SECRETARÍA TÉCNICA DE ASEGURAMIENTO DE LA CALIDAD,SECRETARÍA TÉCNICA DE ASEGURAMIENTO DE LA CALIDAD,2020-07-01,,6.21,True,True
1424,PRESTACIÓN DE SERVICIOS,DESCONOCIDA,1996-05-20,1996-09-27,0.36,True,False
1424,CONTRATO DE PRESTACION DE SERVICIOS INMATERIALES,DESCONOCIDA,1996-11-14,1997-01-13,0.16,False,False
1424,PRESTACIÓN DE SERVICIOS PERSONALES,DESCONOCIDA,1999-11-15,2000-03-03,0.3,True,False
1424,PROFESOR TITULAR AGREGADO 3 (TC),FACULTAD DE INGENIERÍA MECÁNICA Y CIENCIAS DE LA PRODUCCIÓN,2006-08-01,,20.12,True,True
1424,CONTRATACIÓN DE SERVICIOS,DESCONOCIDA,2008-06-01,2009-05-30,0.99,True,True
1426,PROFESOR PREGRADO,DESCONOCIDA,1993-10-18,1999-03-02,5.37,True,False
1426,PROFESOR PREGRADO,DESCONOCIDA,1999-10-19,2000-10-28,1.03,True,False
1426,PROFESOR PREGRADO,DESCONOCIDA,2001-05-21,2002-09-27,1.35,True,False
1426,PROFESOR PREGRADO,DESCONOCIDA,2003-05-19,2003-09-27,0.36,True,False
1426,PROFESOR PREGRADO,DESCONOCIDA,2008-03-10,2008-05-10,0.17,False,False
1426,PROFESOR TITULAR AGREGADO 1 (TC),FACULTAD DE INGENIERÍA MECÁNICA Y CIENCIAS DE LA PRODUCCIÓN,2011-07-11,2024-03-11,12.67,True,False
1430,PROFESOR NO TITULAR OCASIONAL (TC),FACULTAD DE INGENIERÍA EN ELECTRICIDAD Y COMPUTACIÓN,2024-05-13,,2.34,True,False
1433,PROFESOR NO TITULAR OCASIONAL (TC),FACULTAD DE INGENIERÍA EN ELECTRICIDAD Y COMPUTACIÓN,2022-05-16,,4.34,True,False
1444,WEBMASTER CESERCOMP,DESCONOCIDA,1998-08-03,1998-11-02,0.25,False,False
1444,PROGRAMADOR 2,DESCONOCIDA,1999-03-01,2002-12-30,3.83,True,True
1444,PROFESOR PREGRADO,DESCONOCIDA,2001-06-04,2002-03-02,0.74,True,True
1444,PROFESOR PREGRADO,DESCONOCIDA,2003-10-20,2004-09-25,0.93,True,False
1444,PROFESOR TITULAR AGREGADO 3 (TC),FACULTAD DE INGENIERÍA EN ELECTRICIDAD Y COMPUTACIÓN,2006-06-01,,20.29,True,True
1444,SUBDECANO(A),DESCONOCIDA,2017-03-09,2017-03-10,0.0,False,True
1444,DIRECTOR DE LA SECRETARÍA TÉCNICA DE ASEGURAMIENTO DE LA CALIDAD DE EDUCACIÓN SUPERIOR,DESCONOCIDA,2017-11-13,2020-07-01,2.63,True,True
1451,PROFESOR,DESCONOCIDA,2009-10-12,2010-03-02,0.39,True,False
1451,PROFESOR TITULAR AGREGADO 3 (TC),FACULTAD DE INGENIERÍA EN ELECTRICIDAD Y COMPUTACIÓN,2011-12-01,2022-08-08,10.68,True,False
1451,PROFESOR TITULAR AGREGADO 3 (TC),FACULTAD DE INGENIERÍA EN ELECTRICIDAD Y COMPUTACIÓN,2023-02-09,2026-07-02,3.39,True,False
1457,AUXILIAR DE SECRETARÍA,DESCONOCIDA,1995-08-07,1995-11-06,0.25,False,False
1457,AUXILIAR DE SECRETARÍA,DESCONOCIDA,1996-05-08,1997-12-07,1.58,True,False
1457,SECRETARIA AUXILIAR,DESCONOCIDA,2000-01-01,2000-12-30,1.0,True,False
1457,AUXILIAR DE SECRETARÍA,DESCONOCIDA,2001-01-01,2002-03-30,1.24,True,False
1457,AUXILIAR DE SECRETARÍA,DESCONOCIDA,2003-02-25,2005-02-24,2.0,True,False
1457,AUXILIAR DE SECRETARÍA,DESCONOCIDA,2005-11-01,2009-12-31,4.16,True,False
1457,SECRETARIA AUXILIAR,DESCONOCIDA,2010-01-01,2014-12-31,5.0,True,False
1457,ASISTENTE EJECUTIVA 2,GERENCIA DE PLANIFICACIÓN ESTRATÉGICA,2017-11-09,2017-12-02,0.06,False,False
1457,ASISTENTE EJECUTIVA 2,GERENCIA DE PLANIFICACIÓN ESTRATÉGICA,2018-06-11,2018-06-25,0.04,False,False
1457,ASISTENTE EJECUTIVA 2,GERENCIA DE PLANIFICACIÓN ESTRATÉGICA,2019-03-06,2019-04-29,0.15,False,False
1457,ASISTENTE EJECUTIVA 2,DESCONOCIDA,2019-07-08,2020-12-01,1.4,True,False
1472,PROFESOR PREGRADO,DESCONOCIDA,2001-05-21,2010-03-02,8.78,True,False
1472,PROFESOR PREGRADO,DESCONOCIDA,2013-05-13,2013-12-31,0.64,True,False
1472,PROFESOR PREGRADO,DESCONOCIDA,2014-05-12,2014-10-03,0.39,True,True
1472,PROFESOR NO TITULAR OCASIONAL (TC),FACULTAD DE INGENIERÍA MARÍTIMA Y CIENCIAS DEL MAR,2014-10-01,2020-03-31,5.5,True,True
1472,PROFESOR TITULAR AGREGADO 1 (TC),FACULTAD DE INGENIERÍA MARÍTIMA Y CIENCIAS DEL MAR,2018-03-05,2018-03-31,0.07,False,True
1472,PROFESOR TITULAR AGREGADO 1 (TC),FACULTAD DE INGENIERÍA MARÍTIMA Y CIENCIAS DEL MAR,2019-03-01,2019-04-18,0.13,False,True
1472,PROFESOR TITULAR AGREGADO 1 (TC),FACULTAD DE INGENIERÍA MARÍTIMA Y CIENCIAS DEL MAR,2019-12-23,,6.73,True,True
1476,DIGITADOR,DESCONOCIDA,1989-10-01,1992-12-30,3.25,True,False
1476,AUXILIAR DE SECRETARÍA,DESCONOCIDA,1993-05-01,1997-09-30,4.42,True,False
1476,CAJERA AUXILIAR,DESCONOCIDA,1997-10-01,1998-09-30,1.0,True,False
1476,DIGITADOR,DESCONOCIDA,1998-10-01,2001-12-31,3.25,True,True
1476,AYUDANTE DE GESTION DE GARANTIAS,DESCONOCIDA,2001-02-01,2014-12-31,13.91,True,True
1476,ASISTENTE EJECUTIVA 2,DESCONOCIDA,2015-01-01,2020-12-01,5.92,True,False
1478,CONTRATO CIVIL - SERVICIO TÉCNICO ESPECIALIZADO,DESCONOCIDA,2017-01-03,2017-12-31,0.99,True,False
1478,TÉCNICOS ESPECIALIZADOS - EJECUCIÓN DE ACTIVIDADES,GERENCIA ADMINISTRATIVA,2018-01-02,2019-12-31,1.99,True,False
1478,TÉCNICOS ESPECIALIZADOS - EJECUCIÓN DE ACTIVIDADES,UNIDAD DE BIENESTAR ESTUDIANTIL Y POLITÉCNICO,2020-01-02,2020-12-31,1.0,True,False
1485,AYUDANTE,DESCONOCIDA,2000-11-30,2014-12-31,14.08,True,False
1485,ASISTENTE CONTABLE,GERENCIA FINANCIERA,2015-01-01,2016-03-02,1.17,True,False
1485,ANALISTA CONTABLE 1,GERENCIA FINANCIERA,2016-03-03,,10.54,True,False
1496,PROFESOR PREGRADO,DESCONOCIDA,1999-05-25,2000-09-22,1.33,True,False
1496,PROFESOR TITULAR PRINCIPAL (TC),FACULTAD DE CIENCIAS SOCIALES Y HUMANÍSTICAS,2002-10-21,2023-03-15,20.4,True,True
1496,COORDINADOR ACADÉMICO,DESCONOCIDA,2003-09-16,2004-09-15,1.0,True,True
1496,PRESTACIÓN DE SERVICIOS PERSONALES,DESCONOCIDA,2004-04-01,2004-10-22,0.56,True,True
1517,PROFESOR PREGRADO,DESCONOCIDA,2000-05-15,2003-09-27,3.37,True,False
1517,DOCENTE(GRADO),DESCONOCIDA,2003-10-20,2008-03-05,4.37,True,False
1517,PROFESOR PREGRADO,DESCONOCIDA,2008-05-19,2008-09-26,0.36,True,False
1517,DOCENTE(GRADO),DESCONOCIDA,2009-04-01,2009-04-30,0.08,False,False
1517,DOCENTE(GRADO),DESCONOCIDA,2010-05-18,2011-05-17,1.0,True,False
1517,PROFESOR NO TITULAR OCASIONAL,DESCONOCIDA,2013-05-13,2013-12-31,0.64,True,False
1517,PROFESOR NO TITULAR OCASIONAL 1 (TC),FACULTAD DE INGENIERÍA EN ELECTRICIDAD Y COMPUTACIÓN,2014-10-01,2017-03-31,2.5,True,False
1517,PROFESOR NO TITULAR OCASIONAL 1 (TP),FACULTAD DE INGENIERÍA EN ELECTRICIDAD Y COMPUTACIÓN,2017-05-02,2017-09-22,0.39,True,False
1517,TÉCNICO DOCENTE 4 (MT),DIRECCIÓN DE ADMISIONES,2021-05-25,2021-12-31,0.6,True,False
1517,TÉCNICO DOCENTE 3 (TC),DIRECCIÓN DE ADMISIONES,2023-05-29,,3.3,True,False
1526,PROFESOR,DESCONOCIDA,1999-10-19,2000-03-03,0.37,True,True
1526,COORDINADOR ACADÉMICO,DESCONOCIDA,1999-11-15,2001-11-14,2.0,True,True
1526,PROFESIONAL,DESCONOCIDA,2000-05-15,2000-09-22,0.36,True,True
1526,VOCAL Y MIEMBRO DEL AVAL ACADÉMICO,DESCONOCIDA,2001-04-01,2002-06-30,1.25,True,True
1526,DOCENTE,DESCONOCIDA,2001-05-21,2004-09-30,3.36,True,True
1526,COORDINADOR ACADÉMICO DE ECONOMÍA Y GESTIÓN  EMPRESARIAL,DESCONOCIDA,2001-05-21,2003-03-07,1.79,True,True
1526,COORDINADOR ACADÉMICO,DESCONOCIDA,2002-05-01,2005-05-30,3.08,True,True
1526,VOCAL Y MIEMBRO DEL AVAL ACADÉMICO,DESCONOCIDA,2002-12-01,2003-06-20,0.55,True,True
1526,"DIRECTOR, MIEMBRO DE AVAL Y VOCAL DEL ICHE",DESCONOCIDA,2003-01-01,2003-08-31,0.66,True,True
1526,PROFESOR PREGRADO,DESCONOCIDA,2003-03-10,2003-05-03,0.15,False,True
1526,PROFESOR,DESCONOCIDA,2004-10-18,2005-09-24,0.93,True,True
1526,PROFESIONAL,DESCONOCIDA,2005-06-01,2006-05-30,0.99,True,True
1526,PROFESOR TITULAR PRINCIPAL 1 (TC),FACULTAD DE CIENCIAS SOCIALES Y HUMANÍSTICAS,2005-10-01,2014-11-01,9.08,True,True
1526,DECANO(A),FACULTAD DE CIENCIAS SOCIALES Y HUMANÍSTICAS,2014-03-01,2017-11-12,3.7,True,True
1526,PROFESOR TITULAR PRINCIPAL 1 (TP),FACULTAD DE CIENCIAS SOCIALES Y HUMANÍSTICAS,2017-11-13,,8.84,True,True
1526,GERENTE DE PLANIFICACIÓN ESTRATÉGICA,GERENCIA DE PLANIFICACIÓN ESTRATÉGICA,2017-11-13,2022-09-01,4.8,True,True
1530,SECRETARIA OFICINISTA 1 (G.2),DESCONOCIDA,1990-01-19,1993-01-18,3.0,True,False
1530,AUXILIAR DE SECRETARÍA 3,DESCONOCIDA,1993-04-19,1996-09-10,3.39,True,False
1530,ASISTENTE DE IMPORTACIONES,DESCONOCIDA,1996-09-11,2014-12-31,18.3,True,False
1530,ANALISTA DE COMPRAS PÚBLICAS 3,DESCONOCIDA,2015-01-01,2020-06-30,5.49,True,True
1530,DIRECTOR DE ADQUISICIONES Y SUMINISTROS,DIRECCIÓN DE ADQUISICIONES Y SUMINISTROS,2015-09-01,2017-11-12,2.2,True,True
1534,AYUDANTE DE COMPRAS LOCALES,DESCONOCIDA,1996-05-13,2009-12-31,13.63,True,False
1534,ASISTENTE DE COMPRAS PÚBLICAS,DIRECCIÓN DE ADQUISICIONES Y SUMINISTROS,2015-01-01,2018-11-19,3.88,True,False
1534,ANALISTA DE COMPRAS PÚBLICAS 2,DIRECCIÓN DE ADQUISICIONES,2018-11-20,2023-12-01,5.03,True,False
1546,AUXILIAR DE ENFERMERÍA,DESCONOCIDA,2000-05-01,2003-06-30,3.16,True,False
1546,AUXILIAR DE ENFERMERÍA,DESCONOCIDA,2008-07-01,2010-01-31,1.59,True,False
1546,AUXILIAR DE ENFERMERÍA,DESCONOCIDA,2010-09-01,2010-12-31,0.33,True,False
1546,AUXILIAR DE ENFERMERÍA,DESCONOCIDA,2011-04-01,2014-12-31,3.75,True,False
1546,ASISTENTE EJECUTIVA 2,DESCONOCIDA,2015-01-01,2020-11-01,5.83,True,False
1550,PROFESOR PREGRADO,DESCONOCIDA,1999-10-04,1999-10-15,0.03,False,False
1550,ASISTENTE DE LABORATORIO,DESCONOCIDA,2002-05-02,2002-09-30,0.41,True,False
1550,PROFESOR NO TITULAR OCASIONAL 2 (TC),FACULTAD DE CIENCIAS NATURALES Y MATEMÁTICAS,2016-10-17,2017-12-31,1.2,True,False
1550,TÉCNICO DOCENTE 1 (TC),FACULTAD DE CIENCIAS NATURALES Y MATEMÁTICAS,2018-01-01,2026-02-13,8.12,True,False
1550,PROFESOR NO TITULAR OCASIONAL (TC),FACULTAD DE CIENCIAS NATURALES Y MATEMÁTICAS,2026-05-04,,0.37,True,False
1553,AYUDANTE DE INVESTIGACIÓN,DESCONOCIDA,2002-02-01,2003-05-30,1.32,True,True
1553,PROFESOR PREGRADO,DESCONOCIDA,2002-05-20,2003-03-07,0.8,True,True
1553,COORDINADOR ACADÉMICO ADMINISTRATIVO,DESCONOCIDA,2004-02-01,2006-02-28,2.08,True,True
1553,PROFESOR PREGRADO,DESCONOCIDA,2004-03-09,2004-05-08,0.16,False,True
1553,PROFESOR PREGRADO,DESCONOCIDA,2004-10-18,2005-09-24,0.93,True,True
1553,PROFESOR PREGRADO,DESCONOCIDA,2006-10-17,2007-09-22,0.93,True,False
1553,PROFESOR PREGRADO,DESCONOCIDA,2008-05-19,2008-09-26,0.36,True,False
1553,PROFESOR PREGRADO,DESCONOCIDA,2009-05-18,2014-02-28,4.78,True,False
1553,PROFESOR NO TITULAR OCASIONAL (TP),FACULTAD DE CIENCIAS SOCIALES Y HUMANÍSTICAS,2015-05-11,2016-02-28,0.8,True,False
1553,PROFESOR NO TITULAR OCASIONAL 1 (TP),DESCONOCIDA,2016-05-02,2016-09-23,0.39,True,False
1553,PROFESOR NO TITULAR OCASIONAL (TC),FACULTAD DE CIENCIAS SOCIALES Y HUMANÍSTICAS,2016-10-10,2020-03-31,3.47,True,False
1553,PROFESOR NO TITULAR OCASIONAL (TP),FACULTAD DE CIENCIAS SOCIALES Y HUMANÍSTICAS,2021-05-17,,5.33,True,False
1554,ASISTENTE DE COMPRAS PÚBLICAS,AUDITORÍA INTERNA,2016-02-01,,10.62,True,False
1555,AUXILIAR DE SECRETARÍA 3,DESCONOCIDA,1989-04-20,1997-01-30,7.78,True,False
1555,SECRETARIA TÉCNICA,DESCONOCIDA,1997-02-01,2014-12-31,17.91,True,False
1555,ANALISTA DE INFORMACIÓN ACADÉMICA 1,DIRECCIÓN DE LA SECRETARÍA TÉCNICA ACADEMICA,2015-01-01,,11.71,True,False
1557,PROFESOR,DESCONOCIDA,2008-07-11,2010-03-02,1.64,True,False
1557,PROFESOR NO TITULAR OCASIONAL 1 (TC),DESCONOCIDA,2010-05-17,2017-03-31,6.87,True,False
1557,PROFESOR NO TITULAR OCASIONAL (TC),FACULTAD DE INGENIERÍA EN ELECTRICIDAD Y COMPUTACIÓN,2024-01-11,,2.68,True,False
1569,PROFESOR PREGRADO,DESCONOCIDA,1999-10-19,2001-09-28,1.94,True,False
1569,PROFESOR PREGRADO,DESCONOCIDA,2007-05-14,2007-09-22,0.36,True,False
1569,PROFESOR TITULAR AUXILIAR 1 (MT),FACULTAD DE CIENCIAS NATURALES Y MATEMÁTICAS,2010-10-01,,15.96,True,False
1576,DIFUSION Y APOYO LOGISTICO AL SISTEMA MODULAR DE INGENIERIA EN ALIMENTOS,DESCONOCIDA,1996-12-02,1999-03-01,2.24,True,False
1576,DIFUSION Y APOYO LOGISTICO AL SISTEMA MODULAR DE LA CARRERA DE ING.  EN ALIMENTOS,DESCONOCIDA,1999-03-16,2000-03-15,1.0,True,False
1576,PROFESOR PREGRADO,DESCONOCIDA,2004-03-09,2008-10-17,4.61,True,True
1576,COORDINADORA DEL PROGRAMA DE MAESTRIA DE LA CARRERA DE ING. EN ALIMENTOS,DESCONOCIDA,2006-10-01,2007-09-30,1.0,True,True
1576,PROFESOR PREGRADO,DESCONOCIDA,2009-05-18,2013-05-16,3.99,True,False
1576,PROFESOR NO TITULAR OCASIONAL (TC),FACULTAD DE INGENIERÍA MECÁNICA Y CIENCIAS DE LA PRODUCCIÓN,2014-10-01,,11.96,True,True
1576,TÉCNICOS ESPECIALIZADOS - EJECUCIÓN DE PROYECTOS,DESCONOCIDA,2016-10-07,2016-10-21,0.04,False,True
1576,TÉCNICOS ESPECIALIZADOS - EJECUCIÓN DE PROYECTOS,CENTRO DE INVESTIGACIONES Y SERVICIOS EDUCATIVOS,2016-11-11,2016-11-26,0.04,False,True
1577,PROFESOR PREGRADO,DESCONOCIDA,2010-05-17,2011-05-16,1.0,True,False
1577,PROFESOR PREGRADO,DESCONOCIDA,2011-10-10,2012-12-31,1.23,True,False
1577,PROFESOR NO TITULAR OCASIONAL (TC),FACULTAD DE INGENIERÍA MECÁNICA Y CIENCIAS DE LA PRODUCCIÓN,2015-01-01,2016-07-31,1.58,True,False
1577,PROFESOR TITULAR AGREGADO 3 (TC),FACULTAD DE INGENIERÍA MECÁNICA Y CIENCIAS DE LA PRODUCCIÓN,2016-08-01,2021-03-12,4.61,True,False
1577,PROFESOR TITULAR AGREGADO 3 (TC),FACULTAD DE INGENIERÍA MECÁNICA Y CIENCIAS DE LA PRODUCCIÓN,2022-04-04,2022-04-22,0.05,False,False
1577,PROFESOR TITULAR AGREGADO 3 (TC),FACULTAD DE INGENIERÍA MECÁNICA Y CIENCIAS DE LA PRODUCCIÓN,2022-12-27,2023-05-01,0.34,True,False
1577,PROFESOR TITULAR AGREGADO 3 (TC),FACULTAD DE INGENIERÍA MECÁNICA Y CIENCIAS DE LA PRODUCCIÓN,2023-12-26,2023-12-29,0.01,False,False
1577,PROFESOR TITULAR AGREGADO 3 (TC),FACULTAD DE INGENIERÍA MECÁNICA Y CIENCIAS DE LA PRODUCCIÓN,2024-12-26,2025-03-18,0.22,False,False
1577,PROFESOR TITULAR AGREGADO 3 (TC),FACULTAD DE INGENIERÍA MECÁNICA Y CIENCIAS DE LA PRODUCCIÓN,2025-12-26,2025-12-31,0.01,False,False
1577,PROFESOR TITULAR AGREGADO 3 (TC),FACULTAD DE INGENIERÍA MECÁNICA Y CIENCIAS DE LA PRODUCCIÓN,2026-08-20,,0.07,False,False
1583,PROFESOR PREGRADO,DESCONOCIDA,2003-10-20,2005-03-08,1.38,True,False
1583,PROFESOR PREGRADO,DESCONOCIDA,2006-05-15,2007-09-22,1.36,True,False
1583,PROFESOR NO TITULAR OCASIONAL,DESCONOCIDA,2013-05-13,2013-12-31,0.64,True,False
1583,PROFESOR NO TITULAR OCASIONAL,DESCONOCIDA,2014-05-12,2014-10-03,0.39,True,False
1583,PROFESOR NO TITULAR OCASIONAL (MT),FACULTAD DE CIENCIAS SOCIALES Y HUMANÍSTICAS,2014-10-20,2015-03-13,0.39,True,False
1583,PROFESOR NO TITULAR OCASIONAL (TC),"FACULTAD DE ARTE, DISEÑO Y COMUNICACIÓN AUDIOVISUAL",2015-05-01,,11.38,True,False
1586,PROFESOR PREGRADO,DESCONOCIDA,1996-04-01,1996-10-30,0.58,True,False
1586,PROFESOR,DESCONOCIDA,2003-09-09,2004-03-08,0.5,True,False
1586,PROFESOR,DESCONOCIDA,2005-10-17,2006-09-23,0.93,True,False
1586,PROFESOR,DESCONOCIDA,2007-03-12,2007-05-09,0.16,False,False
1586,PROFESOR,DESCONOCIDA,2007-10-15,2008-03-05,0.39,True,False
1586,PROFESOR TITULAR PRINCIPAL 3 (TC),FACULTAD DE INGENIERÍA MECÁNICA Y CIENCIAS DE LA PRODUCCIÓN,2013-01-01,,13.7,True,True
1586,SUBDECANO(A),DESCONOCIDA,2017-08-01,2017-08-18,0.05,False,True
1586,SUBDECANO(A),DESCONOCIDA,2018-03-05,2018-07-13,0.36,True,True
1586,DECANO(A),DESCONOCIDA,2019-05-01,2021-02-21,1.81,True,True
1593,ASISTENTE EJECUTIVA 2,UNIDAD DE VINCULACIÓN CON LA SOCIEDAD,2008-11-01,2022-01-01,13.17,True,False
1593,TÉCNICO DE INVESTIGACIÓN 1 (TC),FACULTAD DE INGENIERÍA MARÍTIMA Y CIENCIAS DEL MAR,2023-06-15,2024-10-18,1.34,True,False
1598,SECRETARIA,DESCONOCIDA,1991-07-01,1991-07-30,0.08,False,False
1598,SECRETARIA AUXILIAR,DESCONOCIDA,1991-11-01,1992-05-30,0.58,True,False
1598,AUXILIAR DE SECRETARÍA 1,DESCONOCIDA,1992-06-01,1996-01-31,3.67,True,False
1598,SECRETARIA,DESCONOCIDA,1996-02-01,2014-12-31,18.91,True,False
1598,ASESOR 4,RECTORADO,2015-01-01,2025-01-31,10.08,True,False
1598,COORDINACIÓN DE DESPACHO INSTITUCIONAL,RECTORADO,2025-02-01,,1.62,True,False
1601,PROFESOR TITULAR AGREGADO 3 (TC),FACULTAD DE INGENIERÍA MECÁNICA Y CIENCIAS DE LA PRODUCCIÓN,2010-11-01,,15.87,True,True
1601,SUBDECANO(A),DESCONOCIDA,2018-06-11,2018-06-15,0.01,False,True
1606,PROFESOR PREGRADO,DESCONOCIDA,1995-05-29,1996-03-03,0.76,True,False
1606,PROFESOR PREGRADO,DESCONOCIDA,1996-10-14,1997-10-03,0.97,True,False
1606,PROFESOR ACCIDENTAL,DESCONOCIDA,2001-10-01,2005-01-27,3.32,True,False
1606,PROFESOR AGREGADO,DESCONOCIDA,2005-01-28,2009-06-22,4.4,True,False
1606,PROFESOR TITULAR AGREGADO 1 (TC),FACULTAD DE CIENCIAS NATURALES Y MATEMÁTICAS,2010-01-01,,16.7,True,False
1614,DIGITALES I,DESCONOCIDA,1996-10-14,1997-02-28,0.38,True,False
1614,HONORARIOS  PROFESIONALES,DESCONOCIDA,2006-01-01,2006-12-30,0.99,True,False
1614,PROFESOR TITULAR AUXILIAR (TC),FACULTAD DE INGENIERÍA EN ELECTRICIDAD Y COMPUTACIÓN,2011-06-01,2014-12-31,3.58,True,False
1614,SUBDECANO(A),FACULTAD DE INGENIERÍA EN ELECTRICIDAD Y COMPUTACIÓN,2015-01-01,2016-05-01,1.33,True,True
1614,PROFESOR TITULAR AGREGADO 2 (TC),FACULTAD DE INGENIERÍA EN ELECTRICIDAD Y COMPUTACIÓN,2015-10-01,,10.96,True,True
1616,RECEPCIONISTA,DESCONOCIDA,2002-11-15,2004-08-14,1.75,True,False
1616,AYUDANTE DE RECEPCIÓN DE DOCUMENTOS,DESCONOCIDA,2006-08-01,2007-09-30,1.16,True,False
1616,SECRETARIA,DESCONOCIDA,2007-10-01,2013-06-01,5.67,True,False
1616,ASISTENTE EJECUTIVA 3,DECANATO DE GRADO,2016-11-01,2023-11-01,7.0,True,True
1616,ANALISTA DE ACTIVOS FIJOS,GERENCIA FINANCIERA,2023-11-01,,2.87,True,True
1628,AUXILIAR DE SECRETARÍA,DESCONOCIDA,2000-08-24,2007-12-30,7.35,True,False
1628,ASISTENTE EJECUTIVA 2,FACULTAD DE INGENIERÍA MECÁNICA Y CIENCIAS DE LA PRODUCCIÓN,2008-01-01,,18.71,True,False
1644,ENCARGADO DE ARCHIVO,DESCONOCIDA,1999-09-01,2000-12-30,1.33,True,False
1644,AYUDANTE,DESCONOCIDA,2001-01-01,2014-12-31,13.99,True,False
1644,ASISTENTE CONTABLE,GERENCIA FINANCIERA,2015-01-01,2015-10-18,0.79,True,False
1644,ANALISTA CONTABLE 1,GERENCIA FINANCIERA,2015-10-19,2020-11-01,5.04,True,False
1657,TÉCNICO DOCENTE 3 (MT),DIRECCIÓN DE ADMISIONES,2023-10-10,2023-12-31,0.22,False,False
1660,INVESTIGADOR DE EPIDEMIOLOGÍA,DESCONOCIDA,1997-01-01,1997-11-30,0.91,True,True
1660,PROFESOR,DESCONOCIDA,1997-10-20,1998-02-27,0.36,True,True
1660,PROFESOR TITULAR PRINCIPAL 1 (TC),FACULTAD DE INGENIERÍA MARÍTIMA Y CIENCIAS DEL MAR,2002-10-21,2022-08-12,19.81,True,True
1660,"ELABORACIÓN, RECEPCIÓN Y CALIFICACIÓN DE EXÁMENES",DESCONOCIDA,2004-10-18,2005-03-08,0.39,True,True
1662,ASISTENTE TECNICO DE MICROCOMPUTADORES DE LA F.I.E.C.,DESCONOCIDA,1998-03-02,1998-10-09,0.61,True,False
1662,PROFESOR PREGRADO,DESCONOCIDA,2003-12-15,2004-03-08,0.23,False,False
1662,PROFESOR PREGRADO,DESCONOCIDA,2005-10-17,2006-09-23,0.93,True,False
1662,PROFESOR PREGRADO,DESCONOCIDA,2007-10-15,2013-05-17,5.59,True,False
1662,PROFESOR NO TITULAR OCASIONAL (TC),FACULTAD DE INGENIERÍA EN ELECTRICIDAD Y COMPUTACIÓN,2014-10-01,,11.96,True,False
1668,ASISTENTE DEL AREA SATELITAL EN EL ESPAE,DESCONOCIDA,1997-01-01,1998-03-30,1.24,True,False
1668,COORDINADOR PROYECTO - GERENCIAMIENTO E-GOBIERNO,DESCONOCIDA,2001-02-01,2003-11-30,2.83,True,True
1668,PROFESOR PREGRADO,DESCONOCIDA,2001-05-21,2004-03-08,2.8,True,True
1668,GERENCIAMIENTO DEL PROYECTO DE E-GOBIERNO,DESCONOCIDA,2003-12-01,2004-11-30,1.0,True,True
1668,PROFESOR TITULAR AGREGADO 1 (TP),FACULTAD DE INGENIERÍA EN ELECTRICIDAD Y COMPUTACIÓN,2004-05-17,,22.33,True,True
1668,DIRECTOR DEL CENTRO DE INFORMACIÓN BIBLIOTECARIA,CENTRO DE INFORMACIÓN BIBLIOTECARIA,2023-05-01,,3.38,True,True
1670,PROFESOR PREGRADO,DESCONOCIDA,2000-05-15,2002-09-27,2.37,True,True
1670,AYUDANTE DE INVESTIGACIÓN,DESCONOCIDA,2002-02-01,2004-05-30,2.32,True,True
1670,PROFESOR TITULAR PRINCIPAL (TC),ESCUELA DE POSTGRADO EN ADMINISTRACIÓN DE EMPRESAS,2002-10-01,2014-11-01,12.08,True,True
1670,DIRECTOR DE LA SECRETARÍA TÉCNICA ACADÉMICA,FACULTAD DE INGENIERÍA EN CIENCIAS DE LA TIERRA,2014-06-01,2014-11-01,0.42,True,True
1670,TÉCNICOS ESPECIALIZADOS - EJECUCIÓN DE PROYECTOS,ESCUELA DE POSTGRADO EN ADMINISTRACIÓN DE EMPRESAS,2017-06-09,2017-06-16,0.02,False,False
1670,PROFESOR TITULAR PRINCIPAL 1 (TC),ESCUELA DE POSTGRADO EN ADMINISTRACIÓN DE EMPRESAS,2018-02-21,2018-03-01,0.02,False,False
1670,PROFESOR TITULAR PRINCIPAL 1 (TC),ESCUELA DE POSTGRADO EN ADMINISTRACIÓN DE EMPRESAS,2018-09-23,2018-09-27,0.01,False,False
1670,PROFESOR TITULAR PRINCIPAL 1 (TC),ESCUELA DE POSTGRADO EN ADMINISTRACIÓN DE EMPRESAS,2019-03-31,2019-04-05,0.01,False,False
1670,DECANO(A),DESCONOCIDA,2019-09-30,2019-11-01,0.09,False,False
1670,PROFESOR TITULAR PRINCIPAL 1 (TC),ESCUELA DE POSTGRADO EN ADMINISTRACIÓN DE EMPRESAS,2021-07-14,2021-07-17,0.01,False,False
1670,PROFESOR TITULAR PRINCIPAL 1 (TC),ESCUELA DE POSTGRADO EN ADMINISTRACIÓN DE EMPRESAS,2021-11-17,2022-05-27,0.52,True,True
1670,DECANO(A),ESCUELA DE POSTGRADO EN ADMINISTRACIÓN DE EMPRESAS,2022-03-26,2022-04-01,0.02,False,True
1670,DECANO(A),ESCUELA DE POSTGRADO EN ADMINISTRACIÓN DE EMPRESAS,2022-07-26,2022-07-30,0.01,False,False
1670,PROFESOR TITULAR PRINCIPAL 1 (TC),ESCUELA DE POSTGRADO EN ADMINISTRACIÓN DE EMPRESAS,2022-10-07,2023-05-16,0.61,True,False
1670,PROFESOR TITULAR PRINCIPAL 1 (TC),ESCUELA DE POSTGRADO EN ADMINISTRACIÓN DE EMPRESAS,2023-09-28,2024-02-07,0.36,True,False
1670,DECANO(A),ESCUELA DE POSTGRADO EN ADMINISTRACIÓN DE EMPRESAS,2024-02-08,2024-03-08,0.08,False,False
1670,DECANO(A),ESCUELA DE POSTGRADO EN ADMINISTRACIÓN DE EMPRESAS,2024-11-05,2025-02-14,0.28,True,False
1670,PROFESOR TITULAR PRINCIPAL 1 (TC),ESCUELA DE POSTGRADO EN ADMINISTRACIÓN DE EMPRESAS,2025-08-25,2025-09-26,0.09,False,False
1670,PROFESOR TITULAR PRINCIPAL 1 (TC),ESCUELA DE POSTGRADO EN ADMINISTRACIÓN DE EMPRESAS,2025-12-26,2025-12-31,0.01,False,False
1670,DECANO(A),ESCUELA DE POSTGRADO EN ADMINISTRACIÓN DE EMPRESAS,2026-01-27,,0.64,True,False
1674,PROFESOR PREGRADO,DESCONOCIDA,1995-06-19,1995-08-22,0.18,False,False
1674,JEFE DEL CENTRO DE COMPUTO,DESCONOCIDA,1996-01-15,1998-01-14,2.0,True,False
1674,PROFESOR TITULAR AGREGADO 1 (TC),FACULTAD DE CIENCIAS NATURALES Y MATEMÁTICAS,2011-10-01,,14.96,True,False
1676,AYUDANTE DE LIBRO BANCO,DESCONOCIDA,2008-08-01,2014-12-31,6.41,True,False
1676,ANALISTA DE PRESUPUESTO 2,GERENCIA FINANCIERA,2015-01-01,2021-07-31,6.58,True,False
1676,TESORERO GENERAL,GERENCIA FINANCIERA,2021-08-01,,5.12,True,False
1681,CONTRATO CIVIL DE SERVICIOS PROFESIONAL,DESCONOCIDA,2005-07-11,2005-08-30,0.14,False,False
1681,PROFESOR INVESTIGADOR,DESCONOCIDA,2011-09-01,2012-09-01,1.0,True,True
1681,EJECUCION ACTIVIDADES,DESCONOCIDA,2012-09-01,2012-09-30,0.08,False,True
1681,PROFESOR TITULAR AGREGADO 3 (TP),ESCUELA DE POSTGRADO EN ADMINISTRACIÓN DE EMPRESAS,2016-08-01,,10.12,True,True
1681,DECANO(A),DESCONOCIDA,2016-09-05,2017-09-11,1.02,True,True
1681,DECANO(A),ESCUELA DE POSTGRADO EN ADMINISTRACIÓN DE EMPRESAS,2017-09-14,2024-02-07,6.4,True,True
1688,AYUDANTE,DESCONOCIDA,2001-02-06,2002-03-30,1.14,True,False
1688,PROFESOR NO TITULAR OCASIONAL (TC),FACULTAD DE INGENIERÍA EN ELECTRICIDAD Y COMPUTACIÓN,2014-10-01,2020-03-31,5.5,True,True
1688,TÉCNICOS ESPECIALIZADOS - EJECUCIÓN DE ACTIVIDADES,FACULTAD DE INGENIERÍA EN ELECTRICIDAD Y COMPUTACIÓN,2015-01-01,2015-02-28,0.16,False,True
1688,PROFESOR TITULAR AGREGADO 2 (TC),FACULTAD DE INGENIERÍA EN ELECTRICIDAD Y COMPUTACIÓN,2020-04-01,,6.46,True,False
1689,PROFESOR PREGRADO,DESCONOCIDA,2012-05-04,2012-10-14,0.45,True,False
1689,PROFESOR NO TITULAR OCASIONAL 2 (TC),FACULTAD DE CIENCIAS NATURALES Y MATEMÁTICAS,2016-10-17,2017-12-31,1.2,True,False
1689,TECNICO DOCENTE 1,FACULTAD DE CIENCIAS NATURALES Y MATEMÁTICAS,2018-01-01,2020-09-18,2.71,True,False
1689,TÉCNICO DOCENTE 4 (TC),DIRECCIÓN DE ADMISIONES,2021-06-01,2021-12-31,0.58,True,False
1689,TÉCNICO DOCENTE 3 (TC),DIRECCIÓN DE ADMISIONES,2025-09-22,2025-12-31,0.27,True,False
1689,TÉCNICO DOCENTE 3 (TC),DIRECCIÓN DE ADMISIONES,2026-05-04,,0.37,True,False
1697,PROFESOR PREGRADO,DESCONOCIDA,2003-05-19,2006-09-23,3.35,True,False
1697,PROFESOR PREGRADO,DESCONOCIDA,2007-05-14,2012-05-16,5.01,True,True
1697,PROFESOR PRE-POLITÉCNICO,DESCONOCIDA,2012-05-04,2012-10-14,0.45,True,True
1697,TÉCNICO DOCENTE 4 (MT),DIRECCIÓN DE ADMISIONES,2021-05-25,2021-08-31,0.27,True,False
1697,TÉCNICO DOCENTE 3 (TC),DIRECCIÓN DE ADMISIONES,2023-09-20,2023-12-31,0.28,True,False
1701,PROFESOR NO TITULAR OCASIONAL (TC),FACULTAD DE INGENIERÍA EN ELECTRICIDAD Y COMPUTACIÓN,2014-10-01,2020-02-21,5.39,True,False
1701,TÉCNICO DOCENTE 3 (TC),DIRECCIÓN DE ADMISIONES,2023-05-29,,3.3,True,False
1706,PROFESOR PREGRADO,DESCONOCIDA,2000-10-10,2002-09-27,1.96,True,False
1706,PROFESOR PREGRADO,DESCONOCIDA,2007-10-15,2009-03-02,1.38,True,False
1706,PROFESOR NO TITULAR OCASIONAL 1 (TP),FACULTAD DE INGENIERÍA EN CIENCIAS DE LA TIERRA,2016-10-10,2017-09-22,0.95,True,False
1706,PROFESOR NO TITULAR OCASIONAL (TP),FACULTAD DE INGENIERÍA EN CIENCIAS DE LA TIERRA,2018-05-02,2018-09-21,0.39,True,False
1706,PROFESOR NO TITULAR OCASIONAL (TP),FACULTAD DE CIENCIAS NATURALES Y MATEMÁTICAS,2018-10-01,2019-02-22,0.39,True,False
1706,PROFESOR NO TITULAR OCASIONAL (TP),FACULTAD DE INGENIERÍA EN CIENCIAS DE LA TIERRA,2019-05-13,2019-09-20,0.36,True,False
1706,PROFESOR NO TITULAR OCASIONAL (TP),FACULTAD DE INGENIERÍA EN CIENCIAS DE LA TIERRA,2021-05-17,2025-02-14,3.75,True,False
1728,PROFESOR PREGRADO,DESCONOCIDA,2001-10-22,2002-03-02,0.36,True,False
1728,PROFESOR PREGRADO,DESCONOCIDA,2007-10-15,2008-03-05,0.39,True,False
1728,PROFESOR PREGRADO,DESCONOCIDA,2012-10-08,2013-02-26,0.39,True,False
1728,PROFESOR NO TITULAR OCASIONAL 1 (TC),FACULTAD DE CIENCIAS NATURALES Y MATEMÁTICAS,2013-05-13,2017-09-22,4.36,True,False
1728,PROFESOR NO TITULAR OCASIONAL (TC),FACULTAD DE CIENCIAS NATURALES Y MATEMÁTICAS,2018-05-01,2020-02-21,1.81,True,False
1728,PROFESOR NO TITULAR OCASIONAL (MT),FACULTAD DE CIENCIAS NATURALES Y MATEMÁTICAS,2026-05-04,,0.37,True,False
1741,PROFESOR PREGRADO,DESCONOCIDA,2001-10-22,2003-09-27,1.93,True,False
1741,PROFESOR NO TITULAR OCASIONAL (TC),FACULTAD DE CIENCIAS SOCIALES Y HUMANÍSTICAS,2016-10-01,2019-09-27,2.99,True,False
1742,AYUDANTE DE INVESTIGACIÓN,DESCONOCIDA,1999-12-01,2001-05-30,1.49,True,True
1742,INVESTIGADORA ASISTENTE,DESCONOCIDA,2000-12-01,2002-02-28,1.24,True,True
1742,PROFESOR PREGRADO,DESCONOCIDA,2010-05-17,2011-05-16,1.0,True,False
1742,PROFESOR TITULAR AUXILIAR 2 (MT),ESCUELA DE POSTGRADO EN ADMINISTRACIÓN DE EMPRESAS,2011-06-01,,15.29,True,False
1760,ASISTENTE DEL DEPARTAMENTO DE REDES EN EL CESERCOMP,DESCONOCIDA,1995-12-01,1998-11-30,3.0,True,True
1760,PROFESOR PREGRADO,DESCONOCIDA,1996-10-14,1998-10-02,1.97,True,True
1760,PROFESOR PREGRADO,DESCONOCIDA,2002-10-21,2010-03-02,7.36,True,False
1787,AUXILIAR DE SECRETARÍA,DESCONOCIDA,2000-02-07,2008-12-31,8.9,True,False
1787,SOPORTE DE APLICACIONES,DESCONOCIDA,2009-01-01,2009-03-31,0.24,False,True
1787,ANALISTA DE DESARROLLO DE SISTEMAS 2,GERENCIA DE TECNOLOGÍAS Y SISTEMAS DE INFORMACIÓN,2009-01-01,,17.7,True,True
1790,AUXILIAR DE SECRETARÍA,DESCONOCIDA,1999-11-08,2000-04-07,0.41,True,False
1790,ASISTENTE,DESCONOCIDA,2000-04-08,2001-06-30,1.23,True,False
1790,AYUDANTE,DESCONOCIDA,2001-07-01,2008-12-31,7.5,True,False
1790,ASISTENTE DE COMPRAS PUBLICAS,DESCONOCIDA,2009-01-01,2014-12-31,6.0,True,False
1790,ANALISTA DE COMPRAS PÚBLICAS 3,DIRECCIÓN DE ADQUISICIONES,2015-01-01,,11.71,True,True
1790,DIRECTOR DE ADQUISICIONES Y SUMINISTROS,DESCONOCIDA,2016-05-09,2016-05-20,0.03,False,True
1790,DIRECTOR DE ADQUISICIONES Y SUMINISTROS,DESCONOCIDA,2017-01-17,2017-02-03,0.05,False,True
1794,AUXILIAR DE SECRETARÍA 3,DESCONOCIDA,1995-01-06,1996-01-22,1.04,True,False
1794,AUXILIAR DE SECRETARÍA,DESCONOCIDA,1996-04-01,1997-12-31,1.75,True,False
1794,ASISTENTE EJECUTIVA 2,CENTRO DE INVESTIGACIONES Y SERVICIOS EDUCATIVOS,1998-01-01,,28.7,True,False
1797,PROFESOR PREGRADO,DESCONOCIDA,2002-06-05,2002-09-27,0.31,True,False
1797,PROFESOR PREGRADO,DESCONOCIDA,2003-05-19,2004-09-25,1.36,True,False
1797,PROFESOR PREGRADO,DESCONOCIDA,2005-05-16,2005-09-24,0.36,True,False
1797,PROFESOR PREGRADO,DESCONOCIDA,2006-05-15,2011-05-17,5.0,True,False
1797,PROFESOR TITULAR AGREGADO 3 (TC),FACULTAD DE INGENIERÍA MECÁNICA Y CIENCIAS DE LA PRODUCCIÓN,2011-06-01,,15.29,True,False
1812,PROFESOR,DESCONOCIDA,2004-05-17,2004-09-25,0.36,True,False
1812,PROFESOR,DESCONOCIDA,2007-05-14,2007-09-22,0.36,True,False
1812,PROFESOR,DESCONOCIDA,2008-05-19,2009-09-25,1.35,True,False
1812,PROFESOR NO TITULAR OCASIONAL (TC),FACULTAD DE INGENIERÍA MARÍTIMA Y CIENCIAS DEL MAR,2016-05-02,,10.37,True,False
1842,ACTIVIDADES DE ARCHIVO,DESCONOCIDA,2001-04-01,2001-12-30,0.75,True,False
1842,AUXILIAR DE CONTRABILIDAD (ARCHIVO),DESCONOCIDA,2002-11-01,2004-10-30,2.0,True,False
1842,AUXILIAR DE CONTABILIDAD 3,DESCONOCIDA,2005-01-01,2007-09-30,2.74,True,False
1842,ENCARGADO DE ARCHIVO,DESCONOCIDA,2007-10-01,2008-12-31,1.25,True,False
1842,TÉCNICO DE ARCHIVO 1,DESCONOCIDA,2009-01-01,2009-12-31,1.0,True,False
1842,ENCARGADO DE ARCHIVO,DESCONOCIDA,2010-01-01,2014-12-31,5.0,True,False
1842,TÉCNICO DE ARCHIVO Y DIGITALIZACIÓN,DESCONOCIDA,2015-01-01,2020-11-01,5.83,True,False
1848,PROFESOR PREGRADO,DESCONOCIDA,2012-05-04,2012-06-24,0.14,False,False
1848,TÉCNICO DOCENTE,DESCONOCIDA,2013-10-14,2013-12-31,0.21,False,False
1848,TECNICO DOCENTE,FACULTAD DE CIENCIAS NATURALES Y MATEMÁTICAS,2014-05-12,2015-12-31,1.64,True,True
1848,PROFESOR NO TITULAR OCASIONAL (TC),FACULTAD DE CIENCIAS NATURALES Y MATEMÁTICAS,2015-05-01,2020-03-31,4.92,True,True
1848,PROFESOR TITULAR AUXILIAR 2 (TC),FACULTAD DE CIENCIAS NATURALES Y MATEMÁTICAS,2020-04-01,2026-04-02,6.0,True,False
1848,SUBDECANO(A),FACULTAD DE CIENCIAS NATURALES Y MATEMÁTICAS,2026-08-28,,0.05,False,False
1857,DIRECTOR DEL CENTRO DE ESTUDIOS ESTRATEGICOS,DESCONOCIDA,2000-02-01,2000-07-30,0.49,True,False
1857,HONORARIOS  PROFESIONALES,DESCONOCIDA,2001-03-01,2001-08-31,0.5,True,False
1857,INVESTIGADOR,DESCONOCIDA,2007-04-16,2008-10-15,1.5,True,False
1857,PROFESOR OCASIONAL,DESCONOCIDA,2014-05-12,2015-02-28,0.8,True,False
1857,PROFESOR TITULAR AGREGADO 2 (TC),FACULTAD DE CIENCIAS SOCIALES Y HUMANÍSTICAS,2015-03-01,,11.54,True,True
1857,DECANO(A),FACULTAD DE CIENCIAS SOCIALES Y HUMANÍSTICAS,2016-04-13,2019-03-31,2.96,True,True
1877,PROFESOR PREGRADO,DESCONOCIDA,1998-05-25,1999-03-02,0.77,True,False
1877,PROFESOR PREGRADO,DESCONOCIDA,1999-10-19,2003-03-07,3.38,True,False
1877,PROFESOR TITULAR PRINCIPAL 2 (TC),FACULTAD DE INGENIERÍA EN ELECTRICIDAD Y COMPUTACIÓN,2005-09-02,,21.04,True,True
1877,TÉCNICOS ESPECIALIZADOS - EJECUCIÓN DE PROYECTOS,FACULTAD DE INGENIERÍA EN ELECTRICIDAD Y COMPUTACIÓN,2017-03-28,2017-03-31,0.01,False,True
1877,DECANO(A),DECANATO DE GRADO,2021-12-14,2023-11-19,1.93,True,True
1878,ASISTENTE,DESCONOCIDA,2005-09-01,2006-12-31,1.33,True,False
1878,ANALISTA DE CALIDAD Y ACREDITACIÓN 2,SECRETARÍA TÉCNICA DE ASEGURAMIENTO DE LA CALIDAD,2007-01-01,2022-11-14,15.87,True,True
1878,PROFESOR NO TITULAR OCASIONAL,DESCONOCIDA,2013-05-13,2013-09-20,0.36,True,True
1878,GERENTE DE BIENESTAR POLITÉCNICO,DECANATO DE GRADO,2018-07-12,,8.18,True,True
1878,PROFESOR NO TITULAR OCASIONAL (TP),CENTRO DE EMPRENDIMIENTO E INNOVACIÓN I3LAB,2021-10-04,2022-02-18,0.38,True,True
1885,PROFESOR PREGRADO,DESCONOCIDA,2007-07-16,2009-09-25,2.2,True,False
1885,PROFESOR PREGRADO,DESCONOCIDA,2010-05-17,2011-05-17,1.0,True,False
1885,PROFESOR TITULAR AGREGADO 1 (TP),FACULTAD DE INGENIERÍA EN ELECTRICIDAD Y COMPUTACIÓN,2011-06-01,,15.29,True,True
1885,DECANO(A),FACULTAD DE INGENIERÍA EN ELECTRICIDAD Y COMPUTACIÓN,2021-02-22,2022-11-12,1.72,True,True
1885,SUBDECANO(A),FACULTAD DE INGENIERÍA EN ELECTRICIDAD Y COMPUTACIÓN,2022-11-22,2022-11-25,0.01,False,True
1888,AYUDANTE DE INVESTIGACIÓN DEL CENTRO DE INVESTIGACIONES ECONOMICAS DEL ICHE,DESCONOCIDA,1999-06-01,2000-05-30,1.0,True,False
1888,COORDINADOR ADMINISTRATIVO FINANCIERO DEL CIEC - CENTRO DE INVESTIGACIONES ECONOMICAS,DESCONOCIDA,2000-09-01,2003-05-30,2.74,True,True
1888,INVESTIGADORA ASISTENTE EN MANEJO DE ASPECTOS ADMINISTRATIVOS DENTRO DEL PROY. PROMSA,DESCONOCIDA,2001-12-01,2002-02-28,0.24,False,True
1888,ASISTENTE DE INVESTIGACION EN EL PROYECTO AGROINDUSTRIAL Y EXPORTADOR,DESCONOCIDA,2002-03-01,2002-07-30,0.41,True,True
1888,PROFESOR TITULAR AGREGADO 1 (TC),FACULTAD DE CIENCIAS SOCIALES Y HUMANÍSTICAS,2015-03-01,,11.54,True,False
1889,PROFESOR PREGRADO,DESCONOCIDA,1999-05-25,2005-09-24,6.33,True,True
1889,COORDINADOR DE LA OFICINA DE PROMOCION Y SERVICIOS,DESCONOCIDA,2000-10-10,2001-02-23,0.37,True,True
1889,COORDINADORA DE LA OFICINA DE PROMOCIÒN Y SERVICIOS,DESCONOCIDA,2001-05-21,2002-03-08,0.8,True,True
1889,COORDINADORA DE LA OFICINA DE PROMOCIÒN Y SERVICIOS ESTADÌSTICOS,DESCONOCIDA,2002-05-20,2002-09-27,0.36,True,True
1889,PROFESOR PREGRADO,DESCONOCIDA,2013-10-14,2013-12-31,0.21,False,False
1889,PROFESOR NO TITULAR OCASIONAL (TC),DIRECCIÓN DE ADMISIONES,2016-05-02,2020-02-21,3.81,True,False
1890,RECEPCIONISTA,DESCONOCIDA,2001-05-24,2001-08-23,0.25,False,False
1890,SECRETARIA RECEPCIONISTA,DESCONOCIDA,2002-05-13,2002-08-12,0.25,False,False
1890,RECEPCIONISTA,DESCONOCIDA,2002-08-14,2004-05-30,1.79,True,False
1890,AUXILIAR DE NÓMINAS,DESCONOCIDA,2005-12-01,2014-12-24,9.06,True,False
1890,ASISTENTE DE PRESUPUESTO,GERENCIA FINANCIERA,2015-01-01,2020-11-01,5.83,True,False
1891,ASISTENTE,DESCONOCIDA,2003-10-01,2004-08-15,0.87,True,False
1891,JEFE DE SUMINISTROS ENCARGADA,DESCONOCIDA,2004-08-16,2004-11-15,0.25,False,False
1891,PROFESOR NO TITULAR OCASIONAL,DESCONOCIDA,2013-05-13,2014-05-30,1.05,True,False
1891,PROFESOR NO TITULAR OCASIONAL (TP),FACULTAD DE CIENCIAS SOCIALES Y HUMANÍSTICAS,2014-10-20,2015-03-13,0.39,True,False
1891,PROFESOR NO TITULAR OCASIONAL (TC),FACULTAD DE CIENCIAS SOCIALES Y HUMANÍSTICAS,2015-05-11,,11.35,True,False
1903,PROFESOR PREGRADO,DESCONOCIDA,2008-02-06,2008-05-08,0.25,True,False
1903,PROFESOR PREGRADO,DESCONOCIDA,2008-10-13,2009-09-25,0.95,True,False
1903,PROFESOR PREGRADO,DESCONOCIDA,2011-05-17,2011-09-24,0.36,True,False
1903,PROFESOR NO TITULAR OCASIONAL (TC),FACULTAD DE INGENIERÍA MECÁNICA Y CIENCIAS DE LA PRODUCCIÓN,2015-05-01,2023-05-31,8.08,True,False
1903,PROFESOR TITULAR AGREGADO 1 (TC),FACULTAD DE INGENIERÍA MECÁNICA Y CIENCIAS DE LA PRODUCCIÓN,2023-06-01,,3.29,True,False
1933,PROFESOR NO TITULAR OCASIONAL (TC),DESCONOCIDA,2014-05-12,2016-07-31,2.22,True,False
1933,PROFESOR TITULAR AGREGADO 1 (TC),DESCONOCIDA,2016-08-01,2017-11-12,1.28,True,True
1933,TÉCNICOS ESPECIALIZADOS - EJECUCIÓN DE PROYECTOS,FACULTAD DE INGENIERÍA MECÁNICA Y CIENCIAS DE LA PRODUCCIÓN,2017-04-29,2017-04-29,0.0,False,True
1933,SUBDECANO(A),FACULTAD DE INGENIERÍA MECÁNICA Y CIENCIAS DE LA PRODUCCIÓN,2017-11-13,2019-04-30,1.46,True,True
1933,PROFESOR TITULAR AGREGADO 3 (TC),FACULTAD DE INGENIERÍA MECÁNICA Y CIENCIAS DE LA PRODUCCIÓN,2018-01-01,2022-11-12,4.86,True,True
1933,DECANO(A),DECANATO DE POSGRADO,2022-11-13,,3.84,True,False
1935,EJECUCION ACTIVIDADES,DESCONOCIDA,2002-05-20,2008-09-26,6.35,True,False
1935,PROFESOR PREGRADO,DESCONOCIDA,2012-06-28,2012-07-26,0.08,False,False
1935,PROFESOR TITULAR AGREGADO 2 (TC),FACULTAD DE CIENCIAS NATURALES Y MATEMÁTICAS,2013-01-01,2022-11-12,9.86,True,True
1935,DECANO(A),FACULTAD DE CIENCIAS NATURALES Y MATEMÁTICAS,2022-10-03,,3.95,True,True
1945,TÉCNICO DOCENTE 3 (MT),DIRECCIÓN DE ADMISIONES,2023-09-20,2023-12-31,0.28,True,False
1947,PROFESOR PREGRADO,DESCONOCIDA,2001-03-12,2003-05-03,2.14,True,True
1947,PROFESOR ACCIDENTAL,DESCONOCIDA,2001-05-01,2003-07-27,2.24,True,True
1947,AYUDANTE DE INVESTIGACIÓN,DESCONOCIDA,2002-02-01,2003-05-30,1.32,True,True
1947,DIRECTOR FINANCIERO ENCARGADO,DESCONOCIDA,2003-02-12,2005-02-11,2.0,True,True
1947,PROFESOR TITULAR PRINCIPAL (TC),FACULTAD DE CIENCIAS SOCIALES Y HUMANÍSTICAS,2003-05-19,2013-01-01,9.62,True,True
1947,"ELABORACIÓN, RECEPCIÓN Y CALIFICACIONES DE EXÁMENES, DE LA MATERIA MACROECONOMÍA II",DESCONOCIDA,2003-10-20,2004-03-08,0.38,True,True
1947,VICEPRESIDENTE FINANCIERO,DESCONOCIDA,2008-05-02,2009-05-01,1.0,True,True
1947,PROFESOR TITULAR PRINCIPAL (TP),FACULTAD DE CIENCIAS SOCIALES Y HUMANÍSTICAS,2013-10-01,,12.96,True,False
1961,PROFESOR PREGRADO,DESCONOCIDA,2014-10-01,2015-12-31,1.25,True,False
1961,PROFESOR NO TITULAR OCASIONAL (TC),DESCONOCIDA,2016-01-01,2016-07-31,0.58,True,False
1961,PROFESOR TITULAR AGREGADO 3 (TP),FACULTAD DE INGENIERÍA MECÁNICA Y CIENCIAS DE LA PRODUCCIÓN,2016-08-01,,10.12,True,True
1961,GERENTE ADMINISTRATIVO,GERENCIA ADMINISTRATIVA,2024-12-16,,1.75,True,True
1971,PROFESOR,DESCONOCIDA,2009-05-18,2010-05-17,1.0,True,False
1971,PROFESOR TITULAR AGREGADO 2 (TC),FACULTAD DE CIENCIAS NATURALES Y MATEMÁTICAS,2011-06-01,2022-11-13,11.45,True,True
1971,TÉCNICOS ESPECIALIZADOS - EJECUCIÓN DE PROYECTOS,FACULTAD DE CIENCIAS NATURALES Y MATEMÁTICAS,2016-11-19,2016-11-19,0.0,False,True
1971,SUBDECANO(A),DESCONOCIDA,2017-09-13,2017-09-22,0.02,False,True
1971,DECANO(A),DESCONOCIDA,2017-10-06,2017-10-13,0.02,False,True
1971,DECANO(A),FACULTAD DE CIENCIAS NATURALES Y MATEMÁTICAS,2023-02-17,2023-11-10,0.73,True,True
1971,SUBDECANO(A),FACULTAD DE CIENCIAS NATURALES Y MATEMÁTICAS,2023-02-22,2023-03-10,0.04,False,True
1971,SUBDECANO(A),FACULTAD DE CIENCIAS NATURALES Y MATEMÁTICAS,2023-08-14,2023-08-25,0.03,False,True
1971,SUBDECANO(A),FACULTAD DE CIENCIAS NATURALES Y MATEMÁTICAS,2023-12-26,2024-01-05,0.03,False,False
1971,DECANO(A),FACULTAD DE CIENCIAS NATURALES Y MATEMÁTICAS,2024-02-22,2024-10-06,0.62,True,True
1971,SUBDECANO(A),FACULTAD DE CIENCIAS NATURALES Y MATEMÁTICAS,2024-05-25,2024-08-08,0.21,False,True
1971,SUBDECANO(A),FACULTAD DE CIENCIAS NATURALES Y MATEMÁTICAS,2024-11-25,2025-03-03,0.27,True,True
1971,DECANO(A),FACULTAD DE CIENCIAS NATURALES Y MATEMÁTICAS,2025-01-28,2025-06-07,0.36,True,True
1971,DECANO(A),DECANATO DE GRADO,2025-03-19,2025-03-21,0.01,False,True
1971,SUBDECANO(A),FACULTAD DE CIENCIAS NATURALES Y MATEMÁTICAS,2025-09-08,2026-08-28,0.97,True,True
1971,DECANO(A),FACULTAD DE CIENCIAS NATURALES Y MATEMÁTICAS,2025-09-15,2025-09-27,0.03,False,True
1971,DECANO(A),FACULTAD DE CIENCIAS NATURALES Y MATEMÁTICAS,2026-01-27,,0.64,True,True
1977,PROFESOR PREGRADO,DESCONOCIDA,2002-10-21,2006-03-03,3.36,True,True
1977,INVESTIGADOR,DESCONOCIDA,2004-03-01,2005-04-30,1.16,True,True
1977,INVESTIGADOR,DESCONOCIDA,2006-04-01,2007-05-30,1.16,True,True
1977,PROFESOR TITULAR AGREGADO 3 (TC),FACULTAD DE CIENCIAS SOCIALES Y HUMANÍSTICAS,2006-05-15,,20.34,True,True
1977,SUBDECANO/A,DESCONOCIDA,2011-10-17,2013-09-19,1.92,True,True
1979,PROFESOR PREGRADO,DESCONOCIDA,2002-05-20,2004-09-25,2.35,True,False
1979,PROFESOR NO TITULAR OCASIONAL (TP),FACULTAD DE CIENCIAS SOCIALES Y HUMANÍSTICAS,2004-10-18,2022-09-23,17.93,True,False
1979,PROFESOR NO TITULAR OCASIONAL (TC),FACULTAD DE CIENCIAS SOCIALES Y HUMANÍSTICAS,2022-09-28,,3.97,True,False
1991,ASISTENTE TÉCNICO DE COMPUTADORA,DESCONOCIDA,2002-09-28,2003-09-27,1.0,True,False
1991,JEFE DE LABORATORIO DE COMPUTACIÓN,DESCONOCIDA,2003-09-29,2004-05-17,0.63,True,False
1991,ADMINISTRADOR DE LABORATORÍO DE COMPUTACIÓN,DESCONOCIDA,2004-05-18,2004-06-15,0.08,False,False
1991,JEFE DE LABORATORIO DE COMPUTACIÓN,DESCONOCIDA,2006-06-01,2014-05-14,7.95,True,True
1991,PARTICIPACIÓN EN CONCURSO DE SELECCIÓN DE OFERTAS N° 02-2008,DESCONOCIDA,2008-03-03,2008-03-10,0.02,False,True
1991,MEJOR TRABAJADOR FIEC,DESCONOCIDA,2008-10-01,2008-10-31,0.08,False,True
1991,ANALISTA DE SEGURIDAD INFORMÁTICO 3,DESCONOCIDA,2010-10-01,2021-11-24,11.15,True,True
1991,SUBGERENTE DE INFRAESTRUCTURA TECNOLÓGICA Y SEGURIDAD INFORMÁTICA,GERENCIA DE TECNOLOGÍAS Y SISTEMAS DE INFORMACIÓN,2014-05-15,2021-11-19,7.51,True,True
1991,JEFE DE LABORATORIO DE COMPUTACIÓN,DESCONOCIDA,2015-01-01,2015-01-01,0.0,False,True
2006,PROFESOR NO TITULAR OCASIONAL (TC),DESCONOCIDA,2014-10-01,2016-12-23,2.23,True,False
2006,PROFESOR NO TITULAR OCASIONAL (TC),FACULTAD DE CIENCIAS NATURALES Y MATEMÁTICAS,2021-10-04,,4.95,True,False
2008,ANALISTA DE FORMACIÓN ACADÉMICA,CENTRO DE INVESTIGACIONES Y SERVICIOS EDUCATIVOS,2015-01-01,2023-01-03,8.0,True,True
2008,DIRECTOR DEL CENTRO DE INVESTIGACIONES Y SERVICIOS EDUCATIVOS,CENTRO DE INVESTIGACIONES Y SERVICIOS EDUCATIVOS,2018-02-01,2019-05-01,1.24,True,True
2022,APOYO EN TOMA FISICA DE INVENTARIO,DESCONOCIDA,2001-05-01,2002-04-30,1.0,True,False
2022,CONCILIACIÓN DE CUENTAS,DESCONOCIDA,2002-07-01,2004-06-30,2.0,True,False
2022,CONTROL DE MERCADERIAS,DESCONOCIDA,2004-12-01,2004-12-15,0.04,False,False
2022,AYUDANTE DE BODEGA,DESCONOCIDA,2005-03-16,2008-12-31,3.79,True,True
2022,PROFESOR,DESCONOCIDA,2006-06-13,2006-07-29,0.13,False,True
2022,AYUDANTE DE GUARDALMACÉN,DESCONOCIDA,2009-01-01,2009-12-31,1.0,True,False
2022,AYUDANTE DE BODEGA,DESCONOCIDA,2010-01-01,2014-12-31,5.0,True,False
2022,ANALISTA DE COMPRAS PÚBLICAS 2,DIRECCIÓN DE ADQUISICIONES,2015-01-01,,11.71,True,False
2031,AYUDANTE,DESCONOCIDA,1998-06-10,2000-12-30,2.56,True,False
2031,ASISTENTE DE SISTEMAS,DESCONOCIDA,2001-01-01,2004-12-30,3.99,True,False
2031,AYUDANTE ADMINISTRATIVO,DESCONOCIDA,2005-01-01,2006-06-28,1.49,True,True
2031,ASISTENTE TÉCNICO DE REDES E INTERNET,DESCONOCIDA,2006-03-01,2010-12-31,4.83,True,True
2031,ASESOR,DESCONOCIDA,2007-03-01,2007-03-13,0.03,False,True
2031,DOCENTE,DESCONOCIDA,2010-07-12,2011-07-11,1.0,True,True
2031,ANALISTA DE TELECOMUNICACIONES 3,GERENCIA DE TECNOLOGÍAS Y SISTEMAS DE INFORMACIÓN,2015-03-09,2022-11-14,7.68,True,True
2031,SUBGERENTE DE INFRAESTRUCTURA TECNOLÓGICA Y SEGURIDAD INFORMÁTICA,DESCONOCIDA,2015-09-28,2015-10-19,0.06,False,True
2031,SUBGERENTE DE INFRAESTRUCTURA TECNOLÓGICA Y SEGURIDAD INFORMÁTICA,DESCONOCIDA,2016-03-21,2016-04-10,0.05,False,True
2031,SUBGERENTE DE INFRAESTRUCTURA TECNOLÓGICA Y SEGURIDAD INFORMÁTICA,DESCONOCIDA,2016-11-28,2016-12-09,0.03,False,True
2031,SUBGERENTE DE INFRAESTRUCTURA TECNOLÓGICA Y SEGURIDAD INFORMÁTICA,DESCONOCIDA,2017-03-27,2017-04-21,0.07,False,True
2031,SUBGERENTE DE INFRAESTRUCTURA TECNOLÓGICA Y SEGURIDAD INFORMÁTICA,DESCONOCIDA,2018-03-02,2018-03-20,0.05,False,True
2031,DIRECTOR DE SEGURIDAD Y CONTROL DE SISTEMAS,GERENCIA DE TECNOLOGÍAS Y SISTEMAS DE INFORMACIÓN,2022-02-01,,4.62,True,True
2036,PROFESOR NO TITULAR OCASIONAL 1 (TC),DESCONOCIDA,2014-10-01,2017-09-22,2.98,True,False
2045,AYUDANTE,DESCONOCIDA,1999-11-04,2014-12-31,15.16,True,False
2045,ANALISTA DE ACTIVOS FIJOS,GERENCIA FINANCIERA,2015-01-01,2020-11-01,5.83,True,False
2049,CONSULTORA JR.,DESCONOCIDA,2003-10-01,2004-07-30,0.83,True,False
2049,ASISTENTE,DESCONOCIDA,2005-01-01,2006-12-31,2.0,True,False
2049,ASESOR SENIOR DE CALIDAD Y EVALUACIÓN,DESCONOCIDA,2007-01-01,2007-12-31,1.0,True,False
2049,DOCENTE,DESCONOCIDA,2008-10-13,2009-03-02,0.38,True,True
2049,ANALISTA DE CALIDAD Y ACREDITACIÓN 2,GERENCIA DE PLANIFICACIÓN ESTRATÉGICA,2008-11-01,,17.87,True,True
2051,PROFESOR PREGRADO,DESCONOCIDA,2002-10-21,2005-03-08,2.38,True,False
2051,PROFESOR NO TITULAR OCASIONAL (MT),FACULTAD DE CIENCIAS SOCIALES Y HUMANÍSTICAS,2017-10-01,2024-03-13,6.45,True,False
2051,PROFESOR NO TITULAR OCASIONAL (MT),FACULTAD DE CIENCIAS SOCIALES Y HUMANÍSTICAS,2024-09-30,2025-02-14,0.38,True,False
2052,PROGRAMADOR 2,DESCONOCIDA,2000-03-01,2005-09-30,5.58,True,False
2052,ANALISTA PROGRAMADOR,DESCONOCIDA,2008-01-01,2013-06-01,5.42,True,False
2052,PROFESOR NO TITULAR OCASIONAL (TC),FACULTAD DE INGENIERÍA EN ELECTRICIDAD Y COMPUTACIÓN,2014-10-01,2020-02-21,5.39,True,False
2052,TÉCNICO DOCENTE 3 (TC),FACULTAD DE INGENIERÍA EN ELECTRICIDAD Y COMPUTACIÓN,2020-02-22,2022-03-13,2.05,True,False
2052,PROFESOR NO TITULAR OCASIONAL (TC),FACULTAD DE INGENIERÍA EN ELECTRICIDAD Y COMPUTACIÓN,2022-03-14,,4.51,True,False
2058,ASISTENTE ADMINISTRATIVO DEL PROYECTO ALBARRADAS,DESCONOCIDA,1999-11-24,2003-08-30,3.76,True,False
2058,JEFE ADMINISTRATIVO FINANCIERO,DESCONOCIDA,2009-01-01,2010-06-30,1.49,True,False
2058,ANALISTA ADMINISTRATIVO FINANCIERO DE CENTROS,CENTRO NACIONAL DE ACUICULTURA E INVESTIGACIONES MARINAS,2015-10-19,2022-03-25,6.43,True,False
2058,ANALISTA ADMINISTRATIVO FINANCIERO 3,CENTRO NACIONAL DE ACUICULTURA E INVESTIGACIONES MARINAS,2022-04-08,,4.44,True,False
2067,PROFESOR NO TITULAR OCASIONAL 1 (TC),FACULTAD DE CIENCIAS NATURALES Y MATEMÁTICAS,2010-05-17,2017-09-22,7.35,True,False
2067,TECNICO DOCENTE 4,DIRECCIÓN DE ADMISIONES,2017-10-04,2020-05-31,2.66,True,False
2067,TÉCNICO DOCENTE 4 (TC),DIRECCIÓN DE ADMISIONES,2021-05-25,2021-12-31,0.6,True,False
2067,TÉCNICO DOCENTE 3 (TC),DIRECCIÓN DE ADMISIONES,2023-05-29,2024-12-31,1.59,True,False
2067,TÉCNICO DOCENTE 1 (TC),FACULTAD DE CIENCIAS NATURALES Y MATEMÁTICAS,2026-05-11,,0.35,True,False
2069,ASISTENTE TECNICO DE LABORATORIO DE MICROCOMPUTADORES,DESCONOCIDA,1998-09-07,1999-05-13,0.68,True,False
2069,ASISTENTE TECNICO DE LABORATORIO,DESCONOCIDA,1999-05-17,1999-09-30,0.37,True,False
2069,ASISTENTE TECNICO DE LABORATORIO DE MICROCOMPUTADORES,DESCONOCIDA,1999-10-18,2000-03-03,0.38,True,False
2069,JEFE DE LABORATORIOS DE COMPUTACIÓN,DESCONOCIDA,2000-03-04,2003-09-27,3.56,True,True
2069,PRESTACION DE SERVICIOS,DESCONOCIDA,2001-10-22,2002-03-02,0.36,True,True
2069,PRESTACION DE SERVICIOS,DESCONOCIDA,2002-10-21,2003-03-07,0.38,True,True
2069,PROFESOR PREGRADO,DESCONOCIDA,2010-05-17,2012-05-16,2.0,True,False
2069,PROFESOR TITULAR PRINCIPAL 1 (TC),FACULTAD DE INGENIERÍA EN ELECTRICIDAD Y COMPUTACIÓN,2013-01-01,,13.7,True,False
2081,PROFESOR PREGRADO,DESCONOCIDA,2001-05-21,2001-09-28,0.36,True,False
2081,PROFESOR PREGRADO,DESCONOCIDA,2006-01-01,2006-08-31,0.66,True,False
2081,PROFESOR OCASIONAL,DESCONOCIDA,2014-10-01,2015-02-28,0.41,True,False
2081,PROFESOR TITULAR AGREGADO 3 (TC),FACULTAD DE INGENIERÍA EN ELECTRICIDAD Y COMPUTACIÓN,2015-03-01,,11.54,True,False
2097,TÉCNICOS ESPECIALIZADOS - EJECUCIÓN DE PROYECTOS,DESCONOCIDA,2016-09-01,2016-09-30,0.08,False,False
2097,ANALISTA DE LABORATORIO,FACULTAD DE INGENIERÍA EN ELECTRICIDAD Y COMPUTACIÓN,2016-10-01,2017-10-16,1.04,True,False
2097,TÉCNICO DE LABORATORIO 1 (TC),FACULTAD DE INGENIERÍA EN ELECTRICIDAD Y COMPUTACIÓN,2019-03-01,,7.54,True,False
2098,PROFESOR PREGRADO,DESCONOCIDA,2003-10-20,2005-09-24,1.93,True,False
2098,PROFESOR TITULAR AUXILIAR 2 (TC),FACULTAD DE CIENCIAS SOCIALES Y HUMANÍSTICAS,2015-03-01,2024-03-13,9.03,True,False
2098,PROFESOR TITULAR AUXILIAR 2 (TC),FACULTAD DE CIENCIAS SOCIALES Y HUMANÍSTICAS,2024-12-23,2025-04-04,0.28,True,False
2098,DECANO(A),ESCUELA DE POSTGRADO EN ADMINISTRACIÓN DE EMPRESAS,2025-07-07,2025-09-26,0.22,False,False
2098,SUBDECANO(A),ESCUELA DE POSTGRADO EN ADMINISTRACIÓN DE EMPRESAS,2025-12-26,2025-12-31,0.01,False,False
2098,DECANO(A),ESCUELA DE POSTGRADO EN ADMINISTRACIÓN DE EMPRESAS,2026-01-27,2026-05-30,0.34,True,True
2098,SUBDECANO(A),ESCUELA DE POSTGRADO EN ADMINISTRACIÓN DE EMPRESAS,2026-04-13,,0.43,True,True
2103,PROFESOR NO TITULAR OCASIONAL (TP),FACULTAD DE INGENIERÍA EN CIENCIAS DE LA TIERRA,2018-10-01,2021-12-31,3.25,True,False
2105,ASISTENTE DE TESORERÍA,DESCONOCIDA,2000-04-17,2003-09-14,3.41,True,False
2105,TESORERA (E),DESCONOCIDA,2003-09-15,2004-06-30,0.79,True,False
2105,TESORERO DE ESPOL,DESCONOCIDA,2004-07-01,2009-12-31,5.5,True,False
2105,TESORERA GENERAL (E),DESCONOCIDA,2010-01-01,2014-12-31,5.0,True,False
2105,TESORERO GENERAL,GERENCIA FINANCIERA,2015-01-01,2025-11-01,10.83,True,True
2105,ANALISTA FINANCIERO 2,GERENCIA FINANCIERA,2015-01-01,2015-08-19,0.63,True,True
2105,GERENTE FINANCIERO,DESCONOCIDA,2018-10-14,2018-10-22,0.02,False,True
2105,GERENTE FINANCIERO,DESCONOCIDA,2019-05-07,2019-05-10,0.01,False,True
2105,GERENTE FINANCIERO,DESCONOCIDA,2020-01-02,2020-01-07,0.01,False,True
2125,TÉCNICO DOCENTE 4 (TC),DIRECCIÓN DE ADMISIONES,2021-05-25,2021-12-31,0.6,True,False
2125,TÉCNICO DOCENTE 3 (TC),DIRECCIÓN DE ADMISIONES,2023-05-29,2024-12-31,1.59,True,False
2137,PROFESOR NO TITULAR OCASIONAL (TC),FACULTAD DE CIENCIAS NATURALES Y MATEMÁTICAS,2016-10-01,,9.96,True,False
2146,AUXILIAR DE ACTIVOS FIJOS,DESCONOCIDA,2001-05-07,2014-12-31,13.65,True,False
2146,ANALISTA DE INFORMACIÓN BIBLIOTECARIO,CENTRO DE INFORMACIÓN BIBLIOTECARIA,2015-01-01,,11.71,True,False
2147,PROFESOR NO TITULAR OCASIONAL (TC),DESCONOCIDA,2016-03-01,2016-07-31,0.42,True,False
2147,PROFESOR TITULAR AGREGADO 3 (TC),FACULTAD DE INGENIERÍA MARÍTIMA Y CIENCIAS DEL MAR,2016-08-01,,10.12,True,False
2152,PROFESOR,DESCONOCIDA,2004-09-01,2005-08-30,0.99,True,False
2152,PROFESOR TITULAR AGREGADO 3 (TC),FACULTAD DE INGENIERÍA MECÁNICA Y CIENCIAS DE LA PRODUCCIÓN,2005-10-01,,20.96,True,True
2152,DIRECTOR DE VINCULOS CON LA SOCIEDAD,UNIDAD DE VINCULACIÓN CON LA SOCIEDAD,2015-01-12,2015-04-30,0.3,True,True
2152,DIRECTOR DE VINCULOS CON LA SOCIEDAD,UNIDAD DE VINCULACIÓN CON LA SOCIEDAD,2015-11-16,2017-03-20,1.34,True,True
2152,DIRECTOR DE VINCULOS CON LA SOCIEDAD,UNIDAD DE VINCULACIÓN CON LA SOCIEDAD,2018-01-15,2018-05-23,0.35,True,True
2152,DIRECTOR DE VINCULOS CON LA SOCIEDAD,UNIDAD DE VINCULACIÓN CON LA SOCIEDAD,2018-09-10,2018-09-11,0.0,False,True
2152,DIRECTOR DE VINCULOS CON LA SOCIEDAD,UNIDAD DE VINCULACIÓN CON LA SOCIEDAD,2018-12-26,2019-04-18,0.31,True,True
2152,DIRECTOR DE VINCULOS CON LA SOCIEDAD,UNIDAD DE VINCULACIÓN CON LA SOCIEDAD,2020-02-17,2020-02-28,0.03,False,True
2152,DECANO(A),DECANATO DE VINCULACIÓN,2022-03-01,2022-11-12,0.7,True,True
2161,PROFESIONAL,DESCONOCIDA,2008-10-13,2010-02-28,1.38,True,False
2161,PROFESOR TITULAR AUXILIAR (TC),FACULTAD DE INGENIERÍA EN CIENCIAS DE LA TIERRA,2012-03-01,2014-10-05,2.6,True,False
2161,DECANO(A),DESCONOCIDA,2014-10-06,2016-01-11,1.26,True,False
2161,PROFESOR TITULAR AGREGADO 3 (TC),FACULTAD DE INGENIERÍA EN CIENCIAS DE LA TIERRA,2016-01-12,2018-03-02,2.14,True,True
2161,VICERRECTOR(A) DE DOCENCIA,VICERRECTORADO DE DOCENCIA,2017-08-14,,9.09,True,True
2161,PROFESOR TITULAR AGREGADO 3 (TC),FACULTAD DE INGENIERÍA EN CIENCIAS DE LA TIERRA,2022-11-13,2022-11-12,-0.0,False,True
2161,PROFESOR TITULAR AGREGADO 3 (TC),FACULTAD DE INGENIERÍA EN CIENCIAS DE LA TIERRA,2025-09-15,2025-09-19,0.01,False,True
2167,PROFESOR PREGRADO,DESCONOCIDA,2012-05-14,2013-12-31,1.63,True,False
2167,PROFESOR PREGRADO,DESCONOCIDA,2014-05-12,2014-10-03,0.39,True,False
2167,PROFESOR NO TITULAR OCASIONAL (TP),DESCONOCIDA,2014-10-20,2015-10-02,0.95,True,False
2167,PROFESOR NO TITULAR OCASIONAL (TP),FACULTAD DE CIENCIAS NATURALES Y MATEMÁTICAS,2015-10-19,2016-02-28,0.36,True,False
2167,PROFESOR NO TITULAR OCASIONAL 1 (TP),FACULTAD DE CIENCIAS NATURALES Y MATEMÁTICAS,2016-05-02,2016-09-23,0.39,True,False
2167,TÉCNICO DE INVESTIGACIÓN 2 (TC),FACULTAD DE INGENIERÍA EN ELECTRICIDAD Y COMPUTACIÓN,2023-06-15,,3.26,True,False
2178,PROFESOR PREGRADO,DESCONOCIDA,1999-10-19,2000-09-22,0.93,True,False
2178,PROFESOR PREGRADO,DESCONOCIDA,2002-10-21,2003-03-07,0.38,True,False
2178,PROFESOR TITULAR AGREGADO (TC),FACULTAD DE CIENCIAS SOCIALES Y HUMANÍSTICAS,2003-05-19,2014-09-30,11.37,True,False
2178,DECANO(A),DESCONOCIDA,2014-10-01,2016-04-12,1.53,True,True
2178,PROFESOR TITULAR AGREGADO 1 (TC),FACULTAD DE CIENCIAS SOCIALES Y HUMANÍSTICAS,2014-11-01,2014-11-01,0.0,False,True
2178,PROFESOR TITULAR AGREGADO 2 (TC),FACULTAD DE CIENCIAS SOCIALES Y HUMANÍSTICAS,2016-04-13,2019-09-30,3.46,True,False
2178,DECANO(A),DESCONOCIDA,2019-10-01,2021-05-02,1.59,True,False
2178,PROFESOR TITULAR AGREGADO 2 (TC),FACULTAD DE CIENCIAS SOCIALES Y HUMANÍSTICAS,2021-05-03,,5.37,True,False
2194,PROFESOR,DESCONOCIDA,2004-10-18,2010-03-02,5.37,True,True
2194,AYUDANTE DE INVESTIGACIÓN,DESCONOCIDA,2004-11-01,2005-01-31,0.25,False,True
2194,DIRECTOR DE PROYECTOS DE TESIS DE GRADO,DESCONOCIDA,2005-05-01,2005-12-30,0.67,True,True
2194,COORDINADORA DE PROYECTOS,DESCONOCIDA,2005-09-01,2005-12-31,0.33,True,True
2194,DIRECTOR DE PROYECTOS DE TESIS DE GRADO,DESCONOCIDA,2006-05-15,2006-09-23,0.36,True,True
2194,PROFESOR TITULAR AUXILIAR (TC),FACULTAD DE CIENCIAS NATURALES Y MATEMÁTICAS,2011-06-01,2013-01-01,1.59,True,False
2194,PROFESOR TITULAR AUXILIAR 2 (TP),FACULTAD DE CIENCIAS NATURALES Y MATEMÁTICAS,2014-11-01,,11.87,True,False
2196,ANALISTA DE LABORATORIO,FACULTAD DE INGENIERÍA EN ELECTRICIDAD Y COMPUTACIÓN,2018-01-15,2018-12-31,0.96,True,False
2196,TÉCNICO DOCENTE 3 (TC),DIRECCIÓN DE ADMISIONES,2023-05-30,,3.3,True,False
2200,PROFESOR PREGRADO,DESCONOCIDA,2009-06-01,2010-03-02,0.75,True,False
2200,PROFESOR PREGRADO,DESCONOCIDA,2013-05-13,2013-12-31,0.64,True,False
2200,PROFESOR NO TITULAR OCASIONAL (MT),FACULTAD DE CIENCIAS SOCIALES Y HUMANÍSTICAS,2014-10-20,2015-03-13,0.39,True,False
2200,PROFESOR NO TITULAR OCASIONAL (TP),FACULTAD DE CIENCIAS SOCIALES Y HUMANÍSTICAS,2015-05-11,2016-02-28,0.8,True,False
2200,PROFESOR NO TITULAR OCASIONAL 1 (TP),DESCONOCIDA,2016-05-02,2016-09-23,0.39,True,False
2200,PROFESOR NO TITULAR OCASIONAL 1 (TP),FACULTAD DE CIENCIAS SOCIALES Y HUMANÍSTICAS,2016-10-10,2017-09-22,0.95,True,False
2200,PROFESOR NO TITULAR OCASIONAL (TP),FACULTAD DE CIENCIAS SOCIALES Y HUMANÍSTICAS,2017-10-04,2019-09-20,1.96,True,False
2200,PROFESOR NO TITULAR OCASIONAL (TP),FACULTAD DE CIENCIAS SOCIALES Y HUMANÍSTICAS,2021-05-17,,5.33,True,False
2203,ASISTENTE DE LA COMPONENTE 4/VLIR-ESPOL,DESCONOCIDA,1999-05-25,1999-11-25,0.5,True,False
2203,ASISTENTE EN EL PROYECTO VLIR COMPONENTE 4,DESCONOCIDA,1999-12-01,2000-05-30,0.5,True,False
2203,AYUDANTE DE INVESTIGACION C4.2 DEL COMPONENTE 4 DEL VLIR,DESCONOCIDA,2000-06-01,2003-03-30,2.83,True,False
2203,PROFESOR PREGRADO,DESCONOCIDA,2003-12-01,2007-12-01,4.0,True,False
2203,PROFESOR TITULAR PRINCIPAL 3 (TC),FACULTAD DE CIENCIAS NATURALES Y MATEMÁTICAS,2008-01-01,,18.71,True,False
2208,TÉCNICO DOCENTE,DESCONOCIDA,2014-05-12,2014-10-31,0.47,True,False
2208,PROFESOR NO TITULAR OCASIONAL (TC),FACULTAD DE INGENIERÍA EN CIENCIAS DE LA TIERRA,2020-02-22,,6.56,True,False
2237,ASISTENTE DE COORDINADOR,DESCONOCIDA,1999-05-04,2000-10-30,1.49,True,False
2237,SECRETARIA,DESCONOCIDA,2001-01-16,2002-12-30,1.95,True,False
2237,AUXILIAR DE SECRETARÍA 1,DESCONOCIDA,2003-02-13,2003-03-21,0.1,False,False
2237,SECRETARIA OFICINISTA 2,DESCONOCIDA,2003-04-21,2004-06-30,1.19,True,False
2237,AUXILIAR DE SECRETARÍA,DESCONOCIDA,2004-07-01,2008-12-31,4.5,True,False
2237,SECRETARIA,DESCONOCIDA,2009-01-01,2014-12-31,6.0,True,False
2237,ANALISTA ESTADÍSTICO ACADÉMICO,FACULTAD DE INGENIERÍA EN CIENCIAS DE LA TIERRA,2015-01-01,,11.71,True,False
2280,PROFESOR PREGRADO,DESCONOCIDA,2010-05-17,2011-05-16,1.0,True,False
2280,PROFESOR PREGRADO,DESCONOCIDA,2012-05-14,2013-05-13,1.0,True,False
2280,PROFESOR NO TITULAR OCASIONAL (TC),FACULTAD DE CIENCIAS NATURALES Y MATEMÁTICAS,2014-05-12,,12.35,True,False
2283,PROFESOR PREGRADO,DESCONOCIDA,2013-05-13,2013-09-20,0.36,True,False
2283,PROFESOR NO TITULAR OCASIONAL (TP),FACULTAD DE CIENCIAS SOCIALES Y HUMANÍSTICAS,2013-10-14,2015-03-13,1.41,True,False
2283,PROFESOR NO TITULAR OCASIONAL (TC),FACULTAD DE CIENCIAS SOCIALES Y HUMANÍSTICAS,2015-05-01,,11.38,True,False
2293,PROFESOR PREGRADO,DESCONOCIDA,2009-05-18,2010-03-02,0.79,True,False
2293,PROFESOR NO TITULAR OCASIONAL (TC),FACULTAD DE INGENIERÍA EN ELECTRICIDAD Y COMPUTACIÓN,2015-05-01,2022-09-26,7.41,True,False
2297,SECRETARIA,DESCONOCIDA,2003-03-17,2003-07-16,0.33,True,False
2297,ASISTENTE EJECUTIVA 2,DESCONOCIDA,2011-05-02,2016-07-31,5.25,True,False
2297,ANALISTA DE SEGUIMIENTO A GRADUADOS 2,SECRETARÍA TÉCNICA DE ASEGURAMIENTO DE LA CALIDAD,2016-08-01,,10.12,True,False
2299,ASISTENTE DE INVESTIGACIÓN,DESCONOCIDA,2010-09-01,2010-12-31,0.33,True,False
2299,ASISTENTE DE INVESTIGACIÓN,DESCONOCIDA,2013-01-01,2013-12-31,1.0,True,False
2299,TÉCNICO DOCENTE,CENTRO DE INVESTIGACIONES BIOTECNOLÓGICAS DEL ECUADOR,2014-01-01,2015-12-01,1.91,True,False
2299,ANALISTA DE LABORATORIO DE INVESTIGACIÓN 2,CENTRO DE INVESTIGACIONES BIOTECNOLÓGICAS DEL ECUADOR,2015-12-02,,10.79,True,False
2308,PROFESOR NO TITULAR OCASIONAL (TC),FACULTAD DE INGENIERÍA EN ELECTRICIDAD Y COMPUTACIÓN,2014-05-12,2023-09-30,9.38,True,False
2308,TÉCNICO DE INVESTIGACIÓN 2 (MT),FACULTAD DE INGENIERÍA MECÁNICA Y CIENCIAS DE LA PRODUCCIÓN,2024-11-05,2026-02-17,1.28,True,False
2312,AUXILIAR DE PAGADURIA EN EL CPS,DESCONOCIDA,2001-05-21,2001-12-30,0.61,True,False
2312,ASISTENTE CONTABLE,DESCONOCIDA,2002-01-01,2003-12-30,1.99,True,False
2312,PROFESOR PREGRADO,DESCONOCIDA,2004-05-17,2008-09-26,4.36,True,False
2312,PROFESOR PREGRADO,DESCONOCIDA,2009-04-01,2010-05-17,1.13,True,False
2312,PROFESOR NO TITULAR OCASIONAL (TC),FACULTAD DE CIENCIAS SOCIALES Y HUMANÍSTICAS,2011-05-18,2023-08-31,12.29,True,False
2312,PROFESOR NO TITULAR OCASIONAL (TC),FACULTAD DE CIENCIAS SOCIALES Y HUMANÍSTICAS,2024-03-11,2026-07-31,2.39,True,False
2350,ASESOR TÉCNICO,DESCONOCIDA,2005-03-01,2005-12-30,0.83,True,False
2370,AUXILIAR DE TESORERÍA,DESCONOCIDA,2002-10-19,2004-06-30,1.7,True,False
2370,ASISTENTE,DESCONOCIDA,2004-07-01,2014-12-31,10.5,True,False
2370,ANALISTA FINANCIERO 3,GERENCIA FINANCIERA,2015-01-01,2025-11-01,10.83,True,True
2370,TESORERO GENERAL,GERENCIA FINANCIERA,2025-11-01,,0.87,True,True
2378,AYUDANTE DE RECAUDACIONES,DESCONOCIDA,2006-08-17,2006-12-31,0.37,True,False
2378,AYUDANTE DE RECAUDACIONES,DESCONOCIDA,2008-08-17,2014-12-31,6.37,True,False
2378,ANALISTA DE TALENTO HUMANO 3,DIRECCIÓN DE TALENTO HUMANO,2015-01-01,,11.71,True,True
2378,DIRECTOR DE TALENTO HUMANO,RECTORADO,2015-07-07,2015-07-11,0.01,False,True
2380,IMPLEMENTACIÓN Y ADMINISTRACIÓN DE SISTEMA ON-BASE,DESCONOCIDA,2006-02-01,2006-12-31,0.91,True,False
2380,ADMINISTRADOR DEL SISTEMA ONBASE,DESCONOCIDA,2007-01-01,2008-10-30,1.83,True,True
2380,IMPLEMENTACIÓN DE NUEVOS MÓDULOS DE SISTEMA FINANCIERO,DESCONOCIDA,2007-12-01,2008-01-31,0.17,False,True
2380,COORDINADOR DE SISTEMA DE INFORMACIÓN GERENCIAL,DESCONOCIDA,2008-11-01,2014-12-31,6.16,True,False
2380,ANALISTA DE TELECOMUNICACIONES 3,GERENCIA DE TECNOLOGÍAS Y SISTEMAS DE INFORMACIÓN,2015-01-01,,11.71,True,False
2390,AYUDANTE DE INVESTIGACIÓN,DESCONOCIDA,2000-10-01,2001-09-30,1.0,True,True
2390,COORDINADOR DEL CEPRAVEM,DESCONOCIDA,2001-02-01,2003-12-30,2.91,True,True
2390,PROFESOR PREGRADO,DESCONOCIDA,2002-05-20,2003-09-27,1.36,True,True
2390,PROFESOR PREGRADO,DESCONOCIDA,2004-10-18,2006-04-29,1.53,True,False
2390,PROFESOR PREGRADO,DESCONOCIDA,2006-10-12,2009-03-02,2.39,True,True
2390,JEFA DEL DEPARTAMENTO DE ADQUISICIONES Y SUMINISTROS,DESCONOCIDA,2008-04-01,2008-09-30,0.5,True,True
2390,DIRECTORA DE LA UNIDAD DE ADQUISICIONES Y SUMINISTROS,DESCONOCIDA,2008-10-01,2013-05-13,4.61,True,True
2390,PROFESOR NO TITULAR OCASIONAL (TC),FACULTAD DE CIENCIAS SOCIALES Y HUMANÍSTICAS,2012-05-14,2024-11-30,12.55,True,True
2391,DIGITADOR,DESCONOCIDA,1999-06-03,2002-10-30,3.41,True,False
2391,AUXILIAR DE SECRETARÍA,DESCONOCIDA,2002-11-01,2009-12-31,7.16,True,False
2391,ASISTENTE EJECUTIVA 2,GERENCIA DE BIENESTAR POLITÉCNICO,2010-01-01,,16.7,True,False
2419,PROFESOR PREGRADO,DESCONOCIDA,2002-05-20,2002-09-27,0.36,True,False
2419,PROFESOR PREGRADO,DESCONOCIDA,2003-05-19,2003-09-27,0.36,True,False
2419,PROFESOR,DESCONOCIDA,2003-10-20,2005-03-08,1.38,True,False
2419,PROFESOR PREGRADO,DESCONOCIDA,2005-05-16,2005-09-24,0.36,True,False
2419,PROFESOR,DESCONOCIDA,2006-05-15,2006-09-23,0.36,True,False
2419,PROFESOR PREGRADO,DESCONOCIDA,2006-10-17,2008-09-26,1.94,True,True
2419,DIRECTOR DE TESIS,DESCONOCIDA,2007-07-03,2007-07-27,0.07,False,True
2419,PROFESOR,DESCONOCIDA,2008-10-13,2009-03-02,0.38,True,False
2419,PROFESOR PREGRADO,DESCONOCIDA,2009-05-18,2010-03-02,0.79,True,False
2419,PROFESOR,DESCONOCIDA,2011-09-25,2012-05-16,0.64,True,False
2419,PROFESOR NO TITULAR OCASIONAL,DESCONOCIDA,2013-05-13,2013-12-31,0.64,True,False
2419,PROFESOR NO TITULAR OCASIONAL,DESCONOCIDA,2014-05-12,2014-10-03,0.39,True,False
2419,PROFESOR NO TITULAR OCASIONAL (MT),DESCONOCIDA,2014-10-20,2015-03-13,0.39,True,False
2419,PROFESOR NO TITULAR OCASIONAL (TC),FACULTAD DE CIENCIAS SOCIALES Y HUMANÍSTICAS,2015-05-01,2020-02-21,4.81,True,False
2419,PROFESOR NO TITULAR OCASIONAL (MT),FACULTAD DE CIENCIAS SOCIALES Y HUMANÍSTICAS,2021-03-29,,5.47,True,False
2455,PROGRAMADOR,DESCONOCIDA,2002-04-01,2004-12-30,2.75,True,False
2455,AYUDANTE,DESCONOCIDA,2005-01-01,2005-06-30,0.49,True,False
2455,ANALISTA DE DESARROLLO DE SISTEMAS 3,GERENCIA DE TECNOLOGÍAS Y SISTEMAS DE INFORMACIÓN,2005-07-01,2022-11-28,17.41,True,True
2455,ASISTENTE,DESCONOCIDA,2007-01-01,2007-04-30,0.33,True,True
2455,PROFESOR PREGRADO,DESCONOCIDA,2009-05-18,2009-09-25,0.36,True,True
2455,SUBGERENTE,DESCONOCIDA,2014-11-06,2015-02-11,0.27,True,True
2455,SUBGERENTE DE SERVICIOS INFORMÁTICOS,DESCONOCIDA,2015-07-07,2015-08-25,0.13,False,True
2455,SUBGERENTE DE SERVICIOS INFORMÁTICOS,GERENCIA FINANCIERA,2015-09-08,2015-09-22,0.04,False,True
2455,SUBGERENTE DE SERVICIOS INFORMÁTICOS,DESCONOCIDA,2016-08-29,2016-09-09,0.03,False,True
2455,SUBGERENTE DE SERVICIOS INFORMÁTICOS,DESCONOCIDA,2017-03-20,2017-04-13,0.07,False,True
2455,SUBGERENTE DE SERVICIOS INFORMÁTICOS,DESCONOCIDA,2018-01-29,2018-03-01,0.08,False,True
2455,SUBGERENTE DE SERVICIOS INFORMÁTICOS,DESCONOCIDA,2018-06-28,2018-07-20,0.06,False,True
2455,SUBGERENTE DE SERVICIOS INFORMÁTICOS,GERENCIA DE TECNOLOGÍAS Y SISTEMAS DE INFORMACIÓN,2021-11-05,2021-12-30,0.15,False,True
2455,DIRECTOR DE DESARROLLO DE APLICACIONES,GERENCIA DE TECNOLOGÍAS Y SISTEMAS DE INFORMACIÓN,2022-02-01,,4.62,True,True
2487,TÉCNICO DOCENTE 3 (TC),DIRECCIÓN DE ADMISIONES,2024-05-13,,2.34,True,False
2498,PROFESOR NO TITULAR OCASIONAL (TP),FACULTAD DE CIENCIAS NATURALES Y MATEMÁTICAS,2015-01-01,2015-03-13,0.19,False,False
2498,PROFESOR NO TITULAR OCASIONAL (TC),FACULTAD DE CIENCIAS NATURALES Y MATEMÁTICAS,2015-05-01,2016-12-31,1.67,True,False
2498,PROFESOR NO TITULAR OCASIONAL 1 (TP),DESCONOCIDA,2017-01-03,2017-03-17,0.2,False,False
2498,PROFESOR NO TITULAR OCASIONAL (MT),FACULTAD DE CIENCIAS SOCIALES Y HUMANÍSTICAS,2022-01-03,2022-02-18,0.13,False,False
2516,PROFESIONAL,DESCONOCIDA,2005-02-14,2005-09-28,0.62,True,True
2516,PROFESOR PREGRADO,DESCONOCIDA,2005-05-16,2009-03-02,3.79,True,True
2516,PROFESIONAL,DESCONOCIDA,2006-02-06,2006-05-12,0.26,True,True
2516,PROFESIONAL,DESCONOCIDA,2006-11-22,2007-05-30,0.52,True,True
2516,PROFESIONAL,DESCONOCIDA,2009-02-09,2009-05-05,0.23,False,True
2516,PROFESIONAL,DESCONOCIDA,2010-01-11,2010-05-11,0.33,True,False
2516,PROFESOR TITULAR AGREGADO 2 (TC),FACULTAD DE CIENCIAS NATURALES Y MATEMÁTICAS,2011-06-01,,15.29,True,True
2516,DIRECTOR DE ADMISIONES,DESCONOCIDA,2016-05-02,2021-05-02,5.0,True,True
2516,DECANO(A),DECANATO DE GRADO,2021-05-03,2022-11-12,1.53,True,True
2524,PROFESOR NO TITULAR OCASIONAL (TC),FACULTAD DE INGENIERÍA EN ELECTRICIDAD Y COMPUTACIÓN,2015-05-01,,11.38,True,True
2524,TÉCNICOS ESPECIALIZADOS - EJECUCIÓN DE PROYECTOS,FACULTAD DE INGENIERÍA EN ELECTRICIDAD Y COMPUTACIÓN,2017-03-28,2017-03-31,0.01,False,True
2535,AUXILIAR DE SECRETARÍA,DESCONOCIDA,2001-07-16,2009-12-31,8.46,True,False
2535,ASISTENTE EJECUTIVA 2,GERENCIA DE COMUNICACIÓN,2010-01-01,,16.7,True,False
2544,ASISTENTE TÉCNICO,DESCONOCIDA,2001-02-05,2004-12-30,3.9,True,False
2544,PROFESIONAL,DESCONOCIDA,2006-03-01,2009-02-28,3.0,True,False
2544,ADMINISTRADOR DE REDES E INTERNET,DESCONOCIDA,2012-10-22,2012-12-31,0.19,False,False
2544,JEFE DE INFRAESTRUCTURA TECNOLÓGICA,DESCONOCIDA,2013-01-01,2014-10-20,1.8,True,False
2544,PROFESIONAL,DESCONOCIDA,2014-10-21,2014-12-31,0.19,False,False
2544,ANALISTA DE INFRAESTRUCTURA INFORMÁTICA 3,GERENCIA DE TECNOLOGÍAS Y SISTEMAS DE INFORMACIÓN,2015-06-01,2022-11-14,7.45,True,True
2544,SUBGERENTE DE INFRAESTRUCTURA TECNOLÓGICA Y SEGURIDAD INFORMÁTICA,GERENCIA DE TECNOLOGÍAS Y SISTEMAS DE INFORMACIÓN,2021-11-22,2021-11-30,0.02,False,True
2544,DIRECTOR DE INGENIERÍA EN SISTEMAS,GERENCIA DE TECNOLOGÍAS Y SISTEMAS DE INFORMACIÓN,2022-02-01,,4.62,True,True
2546,TÉCNICO DOCENTE 1 (TC),FACULTAD DE CIENCIAS NATURALES Y MATEMÁTICAS,2024-07-29,2024-09-20,0.15,False,False
2562,ASISTENTE TÉCNICO DE REDES,DESCONOCIDA,2008-01-01,2011-12-31,4.0,True,False
2562,ANALISTA DE INFRAESTRUCTURA INFORMÁTICA 2,FACULTAD DE CIENCIAS DE LA VIDA,2015-01-01,,11.71,True,False
2567,PROGRAMADOR SENIOR DEL SISTEMA INTEGRADO,DESCONOCIDA,2007-05-01,2007-08-31,0.33,True,False
2567,ASISTENTE TÉCNICO,DESCONOCIDA,2010-01-01,2013-12-31,4.0,True,False
2567,ASISTENTE DE SOPORTE TÉCNICO,GERENCIA DE TECNOLOGÍAS Y SISTEMAS DE INFORMACIÓN,2014-03-01,2015-12-01,1.75,True,False
2567,ANALISTA DE DESARROLLO DE SISTEMAS 1,GERENCIA DE TECNOLOGÍAS Y SISTEMAS DE INFORMACIÓN,2015-12-02,2023-12-01,8.0,True,False
2569,ENCARGADO DE LABORATORIO,DESCONOCIDA,2009-05-01,2010-12-31,1.67,True,False
2569,AYUDANTE DE CONTROL Y MANTENIMIENTO DE ENERGÍA,CENTRO DE ENERGÍAS RENOVABLES Y ALTERNATIVAS,2011-04-01,2015-04-09,4.02,True,True
2569,TÉCNICO DOCENTE,CENTRO DE ENERGÍAS RENOVABLES Y ALTERNATIVAS,2015-04-09,2016-04-13,1.01,True,True
2569,ANALISTA DE LABORATORIO DE INVESTIGACIÓN 2,CENTRO DE ENERGÍAS RENOVABLES Y ALTERNATIVAS,2016-04-13,2026-07-20,10.27,True,True
2569,PROFESOR NO TITULAR OCASIONAL (TP),FACULTAD DE INGENIERÍA MECÁNICA Y CIENCIAS DE LA PRODUCCIÓN,2021-10-04,2023-02-17,1.37,True,True
2569,PROFESOR NO TITULAR OCASIONAL (TP),FACULTAD DE INGENIERÍA MECÁNICA Y CIENCIAS DE LA PRODUCCIÓN,2023-06-01,2026-07-19,3.13,True,True
2569,PROFESOR TITULAR AUXILIAR 1 (TC),FACULTAD DE INGENIERÍA EN ELECTRICIDAD Y COMPUTACIÓN,2026-07-20,,0.16,False,True
2593,TÉCNICO DOCENTE 3 (TC),DIRECCIÓN DE ADMISIONES,2023-09-20,2023-12-31,0.28,True,False
2608,PROFESOR NO TITULAR OCASIONAL (TP),FACULTAD DE CIENCIAS NATURALES Y MATEMÁTICAS,2025-05-12,,1.35,True,False
2612,AUXILIAR DE SECRETARÍA,DESCONOCIDA,2001-03-20,2001-12-30,0.78,True,False
2612,AUXILIAR DE SECRETARÍA,DESCONOCIDA,2003-05-16,2004-08-15,1.25,True,False
2612,CONTRATACIÓN DE SERVICIOS,DESCONOCIDA,2005-07-01,2005-09-30,0.25,False,False
2612,ASISTENTE EJECUTIVA 2,DECANATO DE POSGRADO,2008-11-01,,17.87,True,False
2626,ANALISTA DE INFORMACIÓN ACADÉMICA 2,DIRECCIÓN DE LA SECRETARÍA TÉCNICA ACADEMICA,2016-01-15,,10.67,True,False
2637,PROFESOR NO TITULAR OCASIONAL,DESCONOCIDA,2013-05-13,2015-02-28,1.8,True,False
2637,PROFESOR TITULAR AUXILIAR 2 (TC),FACULTAD DE INGENIERÍA EN ELECTRICIDAD Y COMPUTACIÓN,2015-03-01,2025-12-02,10.76,True,False
2637,PROFESOR TITULAR AGREGADO 1 (TC),FACULTAD DE INGENIERÍA EN ELECTRICIDAD Y COMPUTACIÓN,2025-12-05,,0.78,True,False
2651,PROFESOR PREGRADO,DESCONOCIDA,2009-01-05,2010-03-02,1.15,True,False
2651,PROFESOR PREGRADO,DESCONOCIDA,2014-05-12,2014-10-03,0.39,True,False
2651,PROFESOR NO TITULAR OCASIONAL (TP),FACULTAD DE CIENCIAS SOCIALES Y HUMANÍSTICAS,2015-01-01,2016-02-28,1.16,True,False
2651,PROFESOR NO TITULAR OCASIONAL 1 (TP),DESCONOCIDA,2016-05-02,2016-09-23,0.39,True,False
2651,PROFESOR NO TITULAR OCASIONAL 1 (TP),FACULTAD DE CIENCIAS SOCIALES Y HUMANÍSTICAS,2016-10-10,2017-03-17,0.43,True,False
2651,PROFESOR NO TITULAR OCASIONAL 1 (TP),FACULTAD DE CIENCIAS SOCIALES Y HUMANÍSTICAS,2017-07-03,2017-09-22,0.22,False,False
2651,PROFESOR NO TITULAR OCASIONAL (TP),FACULTAD DE CIENCIAS SOCIALES Y HUMANÍSTICAS,2018-06-01,2019-09-20,1.3,True,False
2655,PROFESOR NO TITULAR OCASIONAL (TC),FACULTAD DE CIENCIAS NATURALES Y MATEMÁTICAS,2016-04-01,2022-06-06,6.18,True,False
2657,PROFESOR NO TITULAR OCASIONAL (TP),FACULTAD DE CIENCIAS SOCIALES Y HUMANÍSTICAS,2022-05-16,2022-09-23,0.36,True,False
2663,PROFESOR NO TITULAR OCASIONAL 2 (TC),FACULTAD DE CIENCIAS NATURALES Y MATEMÁTICAS,2016-10-17,2017-12-31,1.2,True,False
2663,TECNICO DOCENTE 1,FACULTAD DE CIENCIAS NATURALES Y MATEMÁTICAS,2018-01-01,2020-02-21,2.14,True,False
2663,TÉCNICO DOCENTE 4 (TC),DIRECCIÓN DE ADMISIONES,2021-06-01,2021-08-31,0.25,False,False
2693,DISEÑADOR GRÁFICO,DESCONOCIDA,2003-07-18,2004-08-30,1.12,True,False
2693,DISEÑADOR GRÁFICO,DESCONOCIDA,2006-05-01,2006-06-30,0.16,False,False
2693,DISEÑADOR GRÁFICO 1,GERENCIA DE COMUNICACIÓN,2006-12-07,,19.77,True,False
2696,PROFESOR PREGRADO,DESCONOCIDA,2010-05-17,2011-05-16,1.0,True,False
2696,PROFESOR NO TITULAR OCASIONAL,DESCONOCIDA,2013-05-13,2013-12-31,0.64,True,False
2696,PROFESOR NO TITULAR OCASIONAL (TP),FACULTAD DE CIENCIAS SOCIALES Y HUMANÍSTICAS,2014-10-20,2016-02-26,1.35,True,False
2696,PROFESOR NO TITULAR OCASIONAL 1 (TP),DESCONOCIDA,2016-05-02,2016-09-23,0.39,True,False
2696,PROFESOR NO TITULAR OCASIONAL (TC),FACULTAD DE CIENCIAS SOCIALES Y HUMANÍSTICAS,2016-10-10,,9.93,True,False
2701,AYUDANTE DE PROYECTOS,DESCONOCIDA,2006-04-01,2008-05-31,2.17,True,False
2701,PROFESOR PREGRADO,DESCONOCIDA,2011-05-16,2011-09-24,0.36,True,False
2701,PROFESOR NO TITULAR OCASIONAL (TC),FACULTAD DE INGENIERÍA MECÁNICA Y CIENCIAS DE LA PRODUCCIÓN,2015-05-01,2021-07-31,6.25,True,False
2701,PROFESOR TITULAR AGREGADO 2 (TC),FACULTAD DE INGENIERÍA MECÁNICA Y CIENCIAS DE LA PRODUCCIÓN,2021-08-01,,5.12,True,False
2704,AUXILIAR DE PERSONAL,DESCONOCIDA,2006-08-01,2007-07-30,0.99,True,False
2704,AYUDANTE DE NÓMINAS,DESCONOCIDA,2008-08-01,2011-02-13,2.54,True,False
2704,ASISTENTE,DESCONOCIDA,2011-02-14,2011-12-31,0.88,True,False
2704,AYUDANTE DE NÓMINAS,DESCONOCIDA,2012-01-01,2014-07-14,2.53,True,True
2704,ASISTENTE,DESCONOCIDA,2013-03-15,2013-05-09,0.15,False,True
2704,DIRECTOR DE TALENTO HUMANO,DIRECCIÓN DE TALENTO HUMANO,2014-07-15,2016-02-29,1.63,True,True
2704,ANALISTA DE TALENTO HUMANO 3,DESCONOCIDA,2015-01-01,2020-11-01,5.83,True,True
2710,PROFESOR NO TITULAR OCASIONAL (TC),FACULTAD DE INGENIERÍA EN CIENCIAS DE LA TIERRA,2020-10-12,2021-05-15,0.59,True,False
2735,AUXILIAR CONTABLE,DESCONOCIDA,2006-05-13,2008-06-30,2.13,True,False
2735,ASISTENTE DE PLANIFICACION,DESCONOCIDA,2014-01-13,2014-12-31,0.96,True,False
2735,ANALISTA DE PLANIFICACIÓN Y PROYECTOS,GERENCIA DE PLANIFICACIÓN ESTRATÉGICA,2015-01-01,,11.71,True,True
2735,GERENTE DE PLANIFICACIÓN ESTRATÉGICA,DESCONOCIDA,2016-03-01,2016-05-13,0.2,False,True
2748,ASISTENTE DE CALIDAD Y EVALUACIÓN,DESCONOCIDA,2005-04-01,2008-09-30,3.5,True,True
2748,PROFESOR PREGRADO,DESCONOCIDA,2005-10-17,2009-09-25,3.94,True,True
2748,COORDINADORA DE CALIDAD,DESCONOCIDA,2008-10-01,2014-12-31,6.25,True,True
2748,PROFESOR NO TITULAR OCASIONAL,DESCONOCIDA,2013-05-13,2013-12-31,0.64,True,True
2748,PROFESOR NO TITULAR OCASIONAL,DESCONOCIDA,2014-05-12,2014-10-03,0.39,True,True
2748,PROFESOR NO TITULAR OCASIONAL (MT),DESCONOCIDA,2014-10-20,2015-03-13,0.39,True,True
2748,ANALISTA DE GESTIÓN DE POSTGRADO,DECANATO DE POSGRADO,2015-01-01,,11.71,True,True
2748,PROFESOR NO TITULAR OCASIONAL (TP),DESCONOCIDA,2015-05-11,2016-02-28,0.8,True,True
2748,PROFESOR NO TITULAR OCASIONAL 1 (TP),DECANATO DE POSGRADO,2016-05-02,2017-03-17,0.87,True,True
2753,PROFESOR NO TITULAR OCASIONAL (TC),FACULTAD DE INGENIERÍA MARÍTIMA Y CIENCIAS DEL MAR,2016-03-01,2021-07-31,5.42,True,False
2753,PROFESOR TITULAR AUXILIAR 1 (TC),FACULTAD DE INGENIERÍA MARÍTIMA Y CIENCIAS DEL MAR,2021-08-01,,5.12,True,False
2755,PROFESOR PREGRADO,DESCONOCIDA,2004-05-01,2006-09-23,2.4,True,False
2755,PROFESOR PREGRADO,DESCONOCIDA,2008-05-19,2008-09-26,0.36,True,False
2755,PROFESOR PREGRADO,DESCONOCIDA,2011-05-15,2012-05-17,1.01,True,False
2755,PROFESOR NO TITULAR OCASIONAL (TC),DESCONOCIDA,2014-10-01,2016-07-31,1.83,True,False
2755,PROFESOR TITULAR AGREGADO 3 (TC),FACULTAD DE CIENCIAS NATURALES Y MATEMÁTICAS,2016-08-01,2025-11-15,9.29,True,False
2803,ANALISTA DE DESARROLLO DE SISTEMAS 1,FACULTAD DE INGENIERÍA EN ELECTRICIDAD Y COMPUTACIÓN,2014-07-01,2016-06-06,1.93,True,False
2803,PROFESOR NO TITULAR OCASIONAL (TC),FACULTAD DE INGENIERÍA EN ELECTRICIDAD Y COMPUTACIÓN,2017-10-01,,8.96,True,False
2815,PROFESOR NO TITULAR OCASIONAL (TC),FACULTAD DE INGENIERÍA MECÁNICA Y CIENCIAS DE LA PRODUCCIÓN,2023-05-15,,3.34,True,False
2823,JEFE DE COMPUTACIÓN,DESCONOCIDA,2009-06-01,2010-12-31,1.58,True,False
2823,ASISTENTE TÉCNICO DE SOPORTE,DESCONOCIDA,2011-04-01,2014-12-31,3.75,True,False
2823,ANALISTA DE INFRAESTRUCTURA INFORMÁTICA 2,FACULTAD DE INGENIERÍA MARÍTIMA Y CIENCIAS DEL MAR,2015-01-01,,11.71,True,False
2824,PROFESOR NO TITULAR OCASIONAL (TC),FACULTAD DE CIENCIAS NATURALES Y MATEMÁTICAS,2018-05-01,2021-09-30,3.42,True,False
2830,PROFESOR TITULAR AGREGADO 3 (TC),FACULTAD DE CIENCIAS NATURALES Y MATEMÁTICAS,2009-07-01,2017-03-06,7.68,True,False
2830,PROFESOR TITULAR AGREGADO 1 (TC),FACULTAD DE CIENCIAS NATURALES Y MATEMÁTICAS,2019-02-27,2019-02-28,0.0,False,False
2830,PROFESOR TITULAR AGREGADO 3 (TC),FACULTAD DE CIENCIAS NATURALES Y MATEMÁTICAS,2019-10-01,2020-04-01,0.5,True,False
2830,PROFESOR TITULAR AGREGADO 3 (TC),FACULTAD DE CIENCIAS NATURALES Y MATEMÁTICAS,2022-03-10,2022-03-11,0.0,False,False
2830,PROFESOR TITULAR AGREGADO 3 (TC),FACULTAD DE CIENCIAS NATURALES Y MATEMÁTICAS,2022-12-27,2022-12-30,0.01,False,False
2830,PROFESOR TITULAR AGREGADO 3 (TC),FACULTAD DE CIENCIAS NATURALES Y MATEMÁTICAS,2023-04-19,2023-05-12,0.06,False,False
2830,PROFESOR TITULAR AGREGADO 3 (TC),FACULTAD DE CIENCIAS NATURALES Y MATEMÁTICAS,2023-09-15,2023-12-29,0.29,True,False
2830,PROFESOR TITULAR AGREGADO 3 (TC),FACULTAD DE CIENCIAS NATURALES Y MATEMÁTICAS,2024-12-26,2025-03-18,0.22,False,False
2830,PROFESOR TITULAR AGREGADO 3 (TC),FACULTAD DE CIENCIAS NATURALES Y MATEMÁTICAS,2025-12-26,2025-12-31,0.01,False,False
2830,PROFESOR TITULAR AGREGADO 3 (TC),FACULTAD DE CIENCIAS NATURALES Y MATEMÁTICAS,2026-04-16,,0.42,True,False
2834,PROFESOR PREGRADO,DESCONOCIDA,2007-10-15,2008-03-05,0.39,True,False
2834,PROFESOR PREGRADO,DESCONOCIDA,2010-10-11,2010-12-31,0.22,False,False
2834,PROFESOR NO TITULAR OCASIONAL (TP),FACULTAD DE INGENIERÍA MECÁNICA Y CIENCIAS DE LA PRODUCCIÓN,2011-05-16,,15.34,True,True
2834,GERENTE DE INFRAESTRUCTURA FÍSICA,GERENCIA DE INFRAESTRUCTURA FÍSICA,2023-10-02,,2.96,True,True
2843,ASISTENTE ADMINISTRATIVO,DESCONOCIDA,2005-01-01,2007-12-31,2.99,True,False
2843,ASISTENTE,DESCONOCIDA,2012-01-01,2013-12-31,2.0,True,False
2843,INSPECTOR DE SEGURIDAD,DESCONOCIDA,2014-01-01,2014-12-31,1.0,True,False
2843,ANALISTA ADMINISTRATIVO,DIRECCIÓN DE SERVICIOS GENERALES,2015-01-01,,11.71,True,False
2844,PROFESOR NO TITULAR OCASIONAL (TC),FACULTAD DE CIENCIAS NATURALES Y MATEMÁTICAS,2015-10-01,2025-10-02,10.0,True,False
2846,AUXILIAR DE SECRETARÍA 1,DESCONOCIDA,2000-08-01,2002-12-30,2.41,True,False
2846,AUXILIAR DE SECRETARÍA,DESCONOCIDA,2003-05-02,2003-06-02,0.08,False,False
2846,ASISTENTE EJECUTIVA 3,RECTORADO,2017-12-01,,8.79,True,False
2850,PROFESOR PREGRADO,DESCONOCIDA,2011-05-17,2012-05-16,1.0,True,False
2850,PROFESOR NO TITULAR OCASIONAL (MT),FACULTAD DE INGENIERÍA EN CIENCIAS DE LA TIERRA,2023-05-15,,3.34,True,False
2857,AYUDANTE DE CONTABILIDAD,DESCONOCIDA,2000-11-30,2005-06-30,4.58,True,False
2857,AYUDANTE,DESCONOCIDA,2005-08-01,2014-12-31,9.41,True,False
2857,ASISTENTE CONTABLE,DESCONOCIDA,2015-01-01,2018-01-16,3.04,True,False
2857,ANALISTA CONTABLE 1,GERENCIA FINANCIERA,2018-01-17,,8.66,True,False
2888,PROFESOR NO TITULAR OCASIONAL (TC),ESCUELA DE POSTGRADO EN ADMINISTRACIÓN DE EMPRESAS,2024-09-30,,1.96,True,False
2904,AYUDANTE,DESCONOCIDA,2005-12-01,2014-12-31,9.08,True,False
2904,ASISTENTE FINANCIERO,GERENCIA FINANCIERA,2015-01-01,,11.71,True,False
2930,PROFESOR NO TITULAR OCASIONAL (TC),FACULTAD DE INGENIERÍA EN ELECTRICIDAD Y COMPUTACIÓN,2025-09-29,2026-02-13,0.38,True,False
2950,PROFESOR,DESCONOCIDA,2007-10-15,2009-03-02,1.38,True,False
2950,PROFESOR PREGRADO,DESCONOCIDA,2009-05-18,2012-05-17,3.0,True,False
2950,PROFESOR NO TITULAR OCASIONAL (TC),FACULTAD DE CIENCIAS NATURALES Y MATEMÁTICAS,2017-04-10,2020-03-31,2.97,True,False
2950,PROFESOR TITULAR AGREGADO 1 (TC),FACULTAD DE CIENCIAS NATURALES Y MATEMÁTICAS,2020-04-01,,6.46,True,False
2957,GERENTE ADMINISTRATIVO,GERENCIA ADMINISTRATIVA,2018-06-01,2023-10-02,5.34,True,False
2962,DIRECTOR DE SERVICIOS GENERALES,DIRECCIÓN DE SERVICIOS GENERALES,2018-11-01,2023-10-02,4.92,True,False
2962,DIRECTOR DE SEGURIDAD FISICA,DIRECCION DE SEGURIDAD FISICA,2024-09-18,,1.99,True,False
2966,PROFESOR NO TITULAR OCASIONAL (TC),FACULTAD DE INGENIERÍA EN CIENCIAS DE LA TIERRA,2015-10-08,2016-09-23,0.96,True,False
2966,PROFESOR NO TITULAR OCASIONAL (TP),FACULTAD DE INGENIERÍA EN CIENCIAS DE LA TIERRA,2022-10-03,2023-05-13,0.61,True,False
3000,AYUDANTE DE RECAUDACIONES,DESCONOCIDA,2003-06-23,2004-08-30,1.19,True,False
3000,AYUDANTE,DESCONOCIDA,2006-03-01,2014-12-31,8.83,True,False
3000,ANALISTA CONTABLE 1,GERENCIA FINANCIERA,2015-01-01,2023-12-01,8.91,True,False
3015,PROFESOR NO TITULAR OCASIONAL (TC),FACULTAD DE INGENIERÍA EN ELECTRICIDAD Y COMPUTACIÓN,2022-10-03,2023-02-19,0.38,True,False
3017,PROFESOR TITULAR AGREGADO 1 (TC),ESCUELA DE POSTGRADO EN ADMINISTRACIÓN DE EMPRESAS,2023-06-01,,3.29,True,False
3025,TÉCNICO DOCENTE 3 (MT),DIRECCIÓN DE ADMISIONES,2023-09-20,2023-12-31,0.28,True,False
3057,ASISTENTE DE CALIDAD,DESCONOCIDA,2009-03-01,2010-12-31,1.83,True,False
3057,ASISTENTE DE CALIDAD,DESCONOCIDA,2011-07-01,2012-02-29,0.67,True,False
3057,PROFESOR PREGRADO,DESCONOCIDA,2012-05-14,2013-12-31,1.63,True,False
3057,PROFESOR PREGRADO,DESCONOCIDA,2014-10-01,2014-12-31,0.25,False,False
3057,PROFESOR NO TITULAR OCASIONAL (TC),FACULTAD DE INGENIERÍA EN CIENCIAS DE LA TIERRA,2015-01-01,2020-03-31,5.25,True,False
3057,PROFESOR TITULAR AUXILIAR 1 (TC),FACULTAD DE INGENIERÍA EN CIENCIAS DE LA TIERRA,2020-04-01,2025-08-30,5.41,True,False
3057,SUBDECANO(A),FACULTAD DE INGENIERÍA EN CIENCIAS DE LA TIERRA,2025-09-01,,1.04,True,False
3060,PROFESOR NO TITULAR OCASIONAL (TC),FACULTAD DE CIENCIAS SOCIALES Y HUMANÍSTICAS,2022-05-16,,4.34,True,False
3078,PROFESOR PREGRADO,DESCONOCIDA,2008-10-13,2011-05-16,2.59,True,False
3078,PROFESOR NO TITULAR OCASIONAL (TC),FACULTAD DE CIENCIAS NATURALES Y MATEMÁTICAS,2018-05-01,,8.38,True,False
3088,ASISTENTE EJECUTIVA 2,GERENCIA FINANCIERA,2013-02-01,2015-01-31,2.0,True,False
3088,AYUDANTE DE SERVICIOS ADMINISTRATIVOS,DESCONOCIDA,2015-02-01,2017-12-31,2.91,True,True
3088,ASISTENTE DE ACTIVOS FIJOS,GERENCIA FINANCIERA,2017-05-01,2023-02-09,5.78,True,True
3088,ANALISTA FINANCIERO 1,GERENCIA FINANCIERA,2022-04-11,,4.43,True,True
3088,ASISTENTE DE ACTIVOS FIJOS,GERENCIA FINANCIERA,2026-03-05,2026-03-05,0.0,False,True
3093,DOCENTE,DESCONOCIDA,2008-10-13,2009-03-02,0.38,True,False
3093,PROFESIONAL,DESCONOCIDA,2009-04-01,2009-04-30,0.08,False,False
3093,PROFESOR TITULAR AGREGADO 3 (TC),FACULTAD DE CIENCIAS SOCIALES Y HUMANÍSTICAS,2009-05-18,,17.33,True,False
3095,ASISTENTE DE SOPORTE TÉCNICO,FACULTAD DE CIENCIAS NATURALES Y MATEMÁTICAS,2021-01-01,2022-05-31,1.41,True,False
3095,ANALISTA DE INFRAESTRUCTURA INFORMÁTICA 2,FACULTAD DE CIENCIAS NATURALES Y MATEMÁTICAS,2022-06-01,,4.29,True,False
3097,COORDINADOR,DESCONOCIDA,2012-12-01,2014-05-31,1.49,True,True
3097,PROFESOR PREGRADO,DESCONOCIDA,2014-05-12,2014-12-31,0.64,True,True
3097,ASESOR 2,RECTORADO,2014-06-01,2017-11-28,3.49,True,True
3097,PROFESOR NO TITULAR OCASIONAL (TP),DESCONOCIDA,2015-01-01,2015-10-02,0.75,True,True
3097,PROFESOR NO TITULAR OCASIONAL (TP),RECTORADO,2015-10-19,2015-12-31,0.2,False,True
3097,PROFESOR NO TITULAR OCASIONAL 1 (TP),DESCONOCIDA,2016-05-02,2016-09-23,0.39,True,True
3097,PROFESOR NO TITULAR OCASIONAL 1 (TP),FACULTAD DE CIENCIAS SOCIALES Y HUMANÍSTICAS,2016-10-10,2017-09-22,0.95,True,True
3097,PROFESOR NO TITULAR OCASIONAL (TP),FACULTAD DE CIENCIAS SOCIALES Y HUMANÍSTICAS,2017-10-04,2020-02-21,2.38,True,True
3097,PROFESOR NO TITULAR OCASIONAL (TP),FACULTAD DE CIENCIAS SOCIALES Y HUMANÍSTICAS,2020-06-01,2021-07-31,1.16,True,False
3097,PROFESOR TITULAR AUXILIAR 1 (TP),FACULTAD DE CIENCIAS SOCIALES Y HUMANÍSTICAS,2021-08-01,2024-05-16,2.79,True,False
3108,AYUDANTE CONTABLE,DESCONOCIDA,2008-10-01,2010-12-31,2.25,True,False
3108,APOYO EN CONCILIACIÓN DE CUENTAS,DESCONOCIDA,2011-01-01,2011-01-31,0.08,False,False
3108,AYUDANTE,DESCONOCIDA,2011-02-01,2014-12-31,3.91,True,False
3108,ANALISTA CONTABLE 1,GERENCIA FINANCIERA,2015-01-01,,11.71,True,False
3130,PROFESOR PREGRADO,DESCONOCIDA,2012-05-14,2013-05-13,1.0,True,False
3130,PROFESOR NO TITULAR OCASIONAL (TC),FACULTAD DE CIENCIAS NATURALES Y MATEMÁTICAS,2014-10-01,,11.96,True,False
3131,PROFESOR NO TITULAR OCASIONAL 1 (TC),FACULTAD DE CIENCIAS SOCIALES Y HUMANÍSTICAS,2014-10-01,2015-12-31,1.25,True,False
3131,PROFESOR NO TITULAR OCASIONAL (TC),ESCUELA DE POSTGRADO EN ADMINISTRACIÓN DE EMPRESAS,2024-11-05,,1.86,True,False
3160,PROFESOR NO TITULAR OCASIONAL (TC),FACULTAD DE CIENCIAS SOCIALES Y HUMANÍSTICAS,2015-10-01,2018-12-31,3.25,True,False
3160,PROFESOR NO TITULAR OCASIONAL 1 (TP),FACULTAD DE CIENCIAS SOCIALES Y HUMANÍSTICAS,2019-01-02,2019-02-22,0.14,False,True
3160,DIRECTOR DEL CENTRO DE INFORMACIÓN BIBLIOTECARIA,CENTRO DE INFORMACIÓN BIBLIOTECARIA,2019-01-02,2023-05-01,4.33,True,True
3160,PROFESOR NO TITULAR OCASIONAL (TP),FACULTAD DE CIENCIAS SOCIALES Y HUMANÍSTICAS,2019-05-13,2019-09-20,0.36,True,True
3160,PROFESOR NO TITULAR OCASIONAL (TP),FACULTAD DE CIENCIAS SOCIALES Y HUMANÍSTICAS,2021-05-17,2022-09-23,1.35,True,True
3160,PROFESOR NO TITULAR OCASIONAL (TC),FACULTAD DE CIENCIAS SOCIALES Y HUMANÍSTICAS,2022-10-03,,3.95,True,True
3165,PROFESOR NO TITULAR OCASIONAL (TP),FACULTAD DE INGENIERÍA EN CIENCIAS DE LA TIERRA,2025-06-02,2025-09-21,0.3,True,False
3165,PROFESOR NO TITULAR OCASIONAL (TP),FACULTAD DE INGENIERÍA EN CIENCIAS DE LA TIERRA,2026-05-11,,0.35,True,False
3198,PROFESOR NO TITULAR OCASIONAL (TP),FACULTAD DE INGENIERÍA EN CIENCIAS DE LA TIERRA,2023-09-25,2026-02-13,2.39,True,False
3208,PROFESOR NO TITULAR OCASIONAL (TC),FACULTAD DE CIENCIAS NATURALES Y MATEMÁTICAS,2015-05-01,2023-02-28,7.83,True,False
3208,PROFESOR NO TITULAR OCASIONAL (TP),FACULTAD DE CIENCIAS NATURALES Y MATEMÁTICAS,2023-05-15,2023-09-19,0.35,True,False
3218,PROFESOR NO TITULAR OCASIONAL 2 (TC),FACULTAD DE CIENCIAS NATURALES Y MATEMÁTICAS,2016-10-17,2017-12-31,1.2,True,False
3218,TECNICO DOCENTE 4,DIRECCIÓN DE ADMISIONES,2018-01-01,2020-05-31,2.41,True,False
3218,TÉCNICO DOCENTE 4 (TC),DIRECCIÓN DE ADMISIONES,2021-05-25,2021-12-31,0.6,True,False
3218,TÉCNICO DOCENTE 3 (TC),DIRECCIÓN DE ADMISIONES,2023-05-29,2024-05-12,0.96,True,False
3218,PROFESOR NO TITULAR OCASIONAL (TC),FACULTAD DE CIENCIAS NATURALES Y MATEMÁTICAS,2024-05-13,,2.34,True,False
3235,PROFESOR NO TITULAR OCASIONAL (TC),FACULTAD DE INGENIERÍA EN ELECTRICIDAD Y COMPUTACIÓN,2011-05-16,,15.34,True,False
3246,PROFESOR NO TITULAR OCASIONAL (TC),FACULTAD DE CIENCIAS SOCIALES Y HUMANÍSTICAS,2015-10-01,2021-12-31,6.25,True,False
3246,PROFESOR NO TITULAR OCASIONAL (TP),FACULTAD DE CIENCIAS SOCIALES Y HUMANÍSTICAS,2023-09-25,,2.98,True,False
3247,PROFESOR PREGRADO,DESCONOCIDA,2002-10-21,2003-03-07,0.38,True,False
3247,PROFESOR PREGRADO,DESCONOCIDA,2008-10-13,2009-03-02,0.38,True,False
3247,PROFESOR TITULAR AUXILIAR 2 (TC),"FACULTAD DE ARTE, DISEÑO Y COMUNICACIÓN AUDIOVISUAL",2009-05-18,,17.33,True,False
3255,AYUDANTE TÉCNICO,DESCONOCIDA,1987-05-01,1991-08-31,4.33,True,False
3255,PROFESOR ACCIDENTAL,DESCONOCIDA,1991-09-01,1996-05-21,4.72,True,True
3255,DIRECTOR DE CESERCOMP,DESCONOCIDA,1995-11-01,1996-10-30,1.0,True,True
3255,PROFESOR PREGRADO,DESCONOCIDA,1996-01-01,1996-04-30,0.33,True,True
3255,SUPERVISOR DE CAMPO EN EL PROYECTO,DESCONOCIDA,1996-02-15,1996-04-14,0.16,False,True
3255,PROFESOR TITULAR PRINCIPAL 3 (TC),FACULTAD DE INGENIERÍA EN ELECTRICIDAD Y COMPUTACIÓN,1996-05-22,,30.32,True,True
3255,DIRECTOR DE CESERCOMP,DESCONOCIDA,1997-03-03,1997-05-02,0.16,False,True
3255,DIRECTOR DEL CTI,DESCONOCIDA,2008-03-06,2009-05-01,1.15,True,True
3275,ASERSORAMIENTO EN ASUNTOS AGRÍCOLAS,DESCONOCIDA,1999-07-01,1999-12-30,0.5,True,False
3275,ASESORAMIENTO EN ASUNTOS AGRÍCOLAS,DESCONOCIDA,2000-01-01,2001-12-30,2.0,True,True
3275,PROFESOR,DESCONOCIDA,2000-05-15,2000-09-22,0.36,True,True
3275,PROFESOR,DESCONOCIDA,2001-05-21,2001-09-28,0.36,True,True
3275,COORDINADOR DEL BOSQUE PROTECTOR,DESCONOCIDA,2002-01-01,2002-12-30,0.99,True,True
3275,TÉCNICO AUXILIAR DE CONVENIOS,DESCONOCIDA,2002-10-01,2003-05-18,0.63,True,True
3275,PROFESOR,DESCONOCIDA,2003-05-19,2003-09-27,0.36,True,False
3275,PROFESOR,DESCONOCIDA,2004-05-17,2004-09-25,0.36,True,False
3275,PROFESOR PREGRADO,DESCONOCIDA,2005-05-16,2006-03-03,0.8,True,False
3275,PROFESOR PREGRADO,DESCONOCIDA,2008-05-19,2008-09-26,0.36,True,False
3275,PROFESOR,DESCONOCIDA,2008-10-13,2009-09-25,0.95,True,False
3275,COORDINADOR DE BOSQUE PROTECTOR,DESCONOCIDA,2010-01-01,2010-05-24,0.39,True,False
3275,ENCARGADO DE BOSQUE PROTECTOR,DESCONOCIDA,2010-05-25,2011-05-24,1.0,True,True
3275,COORDINADOR DE BOSQUE PROTECTOR,DESCONOCIDA,2011-05-02,2015-07-31,4.25,True,True
3275,PROFESOR NO TITULAR OCASIONAL (TP),DESCONOCIDA,2014-10-01,2015-03-13,0.45,True,True
3275,PROFESOR TITULAR AGREGADO 2 (TC),FACULTAD DE CIENCIAS DE LA VIDA,2015-08-01,2020-03-27,4.65,True,True
3275,SUBDECANO(A),DESCONOCIDA,2018-02-23,2018-03-12,0.05,False,True
3275,SUBDECANO(A),DESCONOCIDA,2018-06-11,2018-06-13,0.01,False,True
3275,SUBDECANO(A),DESCONOCIDA,2018-09-17,2019-01-26,0.36,True,True
3275,PROFESOR TITULAR AGREGADO 2 (TC),FACULTAD DE CIENCIAS DE LA VIDA,2021-09-27,2021-10-01,0.01,False,False
3275,PROFESOR TITULAR AGREGADO 2 (TC),FACULTAD DE CIENCIAS DE LA VIDA,2022-03-07,2022-06-16,0.28,True,False
3275,PROFESOR TITULAR AGREGADO 2 (TC),FACULTAD DE CIENCIAS DE LA VIDA,2022-12-27,2022-12-30,0.01,False,False
3275,SUBDECANO(A),FACULTAD DE CIENCIAS DE LA VIDA,2023-03-15,2023-07-06,0.31,True,False
3275,PROFESOR TITULAR AGREGADO 2 (TC),FACULTAD DE CIENCIAS DE LA VIDA,2023-09-11,2023-09-13,0.01,False,False
3275,PROFESOR TITULAR AGREGADO 2 (TC),FACULTAD DE CIENCIAS DE LA VIDA,2023-12-26,2024-05-02,0.35,True,True
3275,SUBDECANO(A),FACULTAD DE CIENCIAS DE LA VIDA,2024-03-17,2024-03-17,0.0,False,True
3275,PROFESOR TITULAR AGREGADO 2 (TC),FACULTAD DE CIENCIAS DE LA VIDA,2024-09-09,2024-09-12,0.01,False,False
3275,PROFESOR TITULAR AGREGADO 2 (TC),FACULTAD DE CIENCIAS DE LA VIDA,2024-12-26,,1.72,True,False
3280,PROFESOR ACCIDENTAL,DESCONOCIDA,2001-10-08,2006-10-03,4.99,True,True
3280,PROFESOR PREGRADO,DESCONOCIDA,2001-10-22,2002-03-02,0.36,True,True
3280,PROFESOR PREGRADO,DESCONOCIDA,2002-10-21,2003-03-07,0.38,True,True
3280,PROFESOR PREGRADO,DESCONOCIDA,2005-05-16,2006-09-23,1.36,True,True
3280,COORDINADOR ACADÉMICO DE LA CARRERA GESTIÓN EMPRESARIAL INTERNACIONAL,DESCONOCIDA,2006-02-15,2008-02-14,2.0,True,True
3280,PROFESOR TITULAR AGREGADO 1 (TC),FACULTAD DE CIENCIAS SOCIALES Y HUMANÍSTICAS,2006-10-04,,19.95,True,True
3286,PROFESOR PREGRADO,DESCONOCIDA,2007-10-15,2008-03-05,0.39,True,False
3286,DIRECTOR TECNICO LEMAT,DESCONOCIDA,2008-05-19,2009-03-02,0.79,True,False
3286,PROFESOR PREGRADO,DESCONOCIDA,2009-05-18,2010-03-02,0.79,True,False
3286,PROFESOR NO TITULAR OCASIONAL (TC),FACULTAD DE INGENIERÍA MECÁNICA Y CIENCIAS DE LA PRODUCCIÓN,2016-10-01,2020-03-31,3.5,True,False
3286,PROFESOR TITULAR AGREGADO 1 (TC),FACULTAD DE INGENIERÍA MECÁNICA Y CIENCIAS DE LA PRODUCCIÓN,2020-04-01,2025-04-01,5.0,True,False
3309,DECANO DE LA FACULTAD DE INGENIERIA MARITIMA,DESCONOCIDA,1988-03-05,1988-04-20,0.13,False,False
3309,DECANO DE LA FACULTAD DE INGENIERIA MARITIMA,DESCONOCIDA,1989-04-06,1989-08-04,0.33,True,False
3309,EJECUCION ACTIVIDADES,DESCONOCIDA,1992-09-08,1992-11-07,0.16,False,False
3309,DECANO DE LA FACULTAD DE INGENIERIA MARITIMA,DESCONOCIDA,1993-03-08,1993-05-07,0.16,False,False
3309,EJECUCION ACTIVIDADES,DESCONOCIDA,1994-10-07,1994-12-06,0.16,False,False
3309,EJECUCION ACTIVIDADES,DESCONOCIDA,1996-04-01,1996-04-30,0.08,False,False
3309,SUBDECANO DE LA FAC. DE ING. MARÍTIMA Y CIENCIAS DEL MAR,DESCONOCIDA,1997-04-18,1997-05-02,0.04,False,False
3309,EJECUCION ACTIVIDADES,DESCONOCIDA,1998-05-25,1999-03-02,0.77,True,False
3309,EJECUCION ACTIVIDADES,DESCONOCIDA,2000-05-15,2003-03-07,2.81,True,False
3309,PROFESOR TITULAR PRINCIPAL (TC),FACULTAD DE INGENIERÍA MARÍTIMA Y CIENCIAS DEL MAR,2013-01-01,2025-05-22,12.39,True,False
3310,PROFESOR PREGRADO,DESCONOCIDA,1996-05-20,2001-09-28,5.36,True,True
3310,PROFESOR ACCIDENTAL,DESCONOCIDA,2001-05-21,2003-05-19,1.99,True,True
3310,PROFESOR TITULAR PRINCIPAL (TC),FACULTAD DE INGENIERÍA EN ELECTRICIDAD Y COMPUTACIÓN,2003-05-19,,23.33,True,True
3312,PROFESOR PREGRADO,DESCONOCIDA,1988-02-17,1988-05-17,0.25,False,False
3312,PROFESOR PREGRADO,DESCONOCIDA,1989-02-20,1989-09-16,0.57,True,False
3312,PROFESOR PREGRADO,DESCONOCIDA,1993-02-08,1993-05-21,0.28,True,False
3312,PROFESOR PREGRADO,DESCONOCIDA,1996-03-18,1996-05-18,0.17,False,False
3312,PROFESOR PREGRADO,DESCONOCIDA,1997-02-03,1998-05-16,1.28,True,False
3312,PROFESOR PREGRADO,DESCONOCIDA,1999-07-01,1999-07-30,0.08,False,False
3312,PROFESOR PREGRADO,DESCONOCIDA,2000-01-01,2000-05-05,0.34,True,False
3312,PROFESOR PREGRADO,DESCONOCIDA,2003-05-19,2008-03-05,4.8,True,False
3312,DIRECTOR SECRETARIA TÉCNICA ACADÉMICA,DESCONOCIDA,2008-05-02,2009-05-01,1.0,True,False
3312,PROFESOR TITULAR PRINCIPAL (TC),FACULTAD DE INGENIERÍA EN ELECTRICIDAD Y COMPUTACIÓN,2013-01-01,,13.7,True,True
3312,SUBDECANO(A),DESCONOCIDA,2018-03-26,2018-03-30,0.01,False,True
3313,PROFESOR ACCIDENTAL,DESCONOCIDA,1988-09-01,2005-02-20,16.47,True,True
3313,PROFESOR PREGRADO,DESCONOCIDA,1995-01-18,1995-04-28,0.27,True,True
3313,PROFESOR PREGRADO,DESCONOCIDA,2001-01-02,2001-02-16,0.12,False,True
3313,PROFESOR AGREGADO,DESCONOCIDA,2007-02-21,2009-12-31,2.86,True,False
3313,PROFESOR TITULAR AGREGADO 1 (TC),FACULTAD DE INGENIERÍA MECÁNICA Y CIENCIAS DE LA PRODUCCIÓN,2013-01-01,2024-05-01,11.33,True,False
3324,PROFESOR NO TITULAR OCASIONAL (TC),FACULTAD DE INGENIERÍA MARÍTIMA Y CIENCIAS DEL MAR,2022-07-08,,4.19,True,False
3326,AYUDANTE DE CAMPO,DESCONOCIDA,1988-11-01,1988-11-30,0.08,False,False
3326,PROFESOR ACCIDENTAL,DESCONOCIDA,1996-08-12,1997-09-17,1.1,True,False
3326,PROFESOR TITULAR PRINCIPAL 1 (TC),DESCONOCIDA,1997-09-18,2018-10-11,21.06,True,True
3326,PROFESOR PRE-POLITÉCNICO,DESCONOCIDA,1998-02-10,1998-05-16,0.26,True,True
3326,PROFESOR TITULAR PRINCIPAL 3 (TC),FACULTAD DE INGENIERÍA EN CIENCIAS DE LA TIERRA,2019-07-03,2019-07-06,0.01,False,False
3326,PROFESOR TITULAR PRINCIPAL 3 (TC),FACULTAD DE INGENIERÍA EN CIENCIAS DE LA TIERRA,2019-11-11,2019-11-17,0.02,False,False
3326,PROFESOR TITULAR PRINCIPAL 3 (TC),FACULTAD DE INGENIERÍA EN CIENCIAS DE LA TIERRA,2021-04-05,2021-04-23,0.05,False,False
3326,PROFESOR TITULAR PRINCIPAL 3 (TC),FACULTAD DE INGENIERÍA EN CIENCIAS DE LA TIERRA,2021-12-27,2022-04-29,0.34,True,False
3326,PROFESOR TITULAR PRINCIPAL 3 (TC),FACULTAD DE INGENIERÍA EN CIENCIAS DE LA TIERRA,2022-08-22,2022-08-26,0.01,False,False
3326,PROFESOR TITULAR PRINCIPAL 3 (TC),FACULTAD DE INGENIERÍA EN CIENCIAS DE LA TIERRA,2022-12-27,2023-04-10,0.28,True,False
3326,DECANO(A),DECANATO DE VINCULACIÓN,2023-05-02,2024-04-26,0.99,True,True
3326,PROFESOR TITULAR PRINCIPAL 3 (TC),FACULTAD DE INGENIERÍA EN CIENCIAS DE LA TIERRA,2023-12-26,2023-12-29,0.01,False,True
3326,DECANO(A),DECANATO DE VINCULACIÓN,2024-09-16,2025-04-12,0.57,True,True
3326,PROFESOR TITULAR PRINCIPAL 3 (TC),FACULTAD DE INGENIERÍA EN CIENCIAS DE LA TIERRA,2024-10-04,2025-05-31,0.65,True,True
3326,DECANO(A),DECANATO DE VINCULACIÓN,2025-08-17,2025-08-23,0.02,False,False
3326,DECANO(A),FACULTAD DE INGENIERÍA EN CIENCIAS DE LA TIERRA,2025-09-01,,1.04,True,False
3333,PROFESOR ACCIDENTAL,DESCONOCIDA,2001-05-21,2002-05-20,1.0,True,False
3333,PROFESOR PRINCIPAL,DESCONOCIDA,2002-05-21,2014-02-28,11.77,True,False
3333,SUBDECANO(A),FACULTAD DE INGENIERÍA EN ELECTRICIDAD Y COMPUTACIÓN,2014-03-01,2014-12-31,0.83,True,True
3333,PROFESOR TITULAR PRINCIPAL 3 (TC),FACULTAD DE INGENIERÍA EN ELECTRICIDAD Y COMPUTACIÓN,2014-11-01,,11.87,True,True
3342,PROFESOR PREGRADO,DESCONOCIDA,1996-06-10,1996-11-23,0.45,True,False
3342,PROFESOR PREGRADO,DESCONOCIDA,1997-05-26,1999-10-02,2.35,True,True
3342,COORDINADOR,DESCONOCIDA,1999-09-20,2000-08-25,0.93,True,True
3342,PROFESOR PREGRADO,DESCONOCIDA,2000-05-15,2000-09-22,0.36,True,True
3342,PROFESOR PREGRADO,DESCONOCIDA,2001-05-21,2008-03-05,6.79,True,False
3342,PROFESOR TITULAR PRINCIPAL (TC),FACULTAD DE CIENCIAS NATURALES Y MATEMÁTICAS,2010-06-14,2016-10-02,6.3,True,True
3342,DECANO(A),FACULTAD DE CIENCIAS NATURALES Y MATEMÁTICAS,2015-02-13,2015-02-20,0.02,False,True
3342,SUBDECANO(A),FACULTAD DE CIENCIAS NATURALES Y MATEMÁTICAS,2015-03-02,2015-05-15,0.2,False,True
3342,SUBDECANO(A),DESCONOCIDA,2015-03-16,2015-10-19,0.59,True,True
3342,SUBDECANO(A),DIRECCIÓN DE LA SECRETARÍA TÉCNICA DE ASEGURAMIENTO DE LA CALIDAD DE LA EDUCACIÓN SUPERIOR,2015-08-27,2015-09-04,0.02,False,True
3342,SUBDECANO(A),DESCONOCIDA,2016-04-01,2016-04-15,0.04,False,True
3342,SUBDECANO(A),DESCONOCIDA,2016-09-23,2016-10-01,0.02,False,True
3342,PROFESOR TITULAR PRINCIPAL (TC),FACULTAD DE CIENCIAS NATURALES Y MATEMÁTICAS,2019-02-25,2019-03-26,0.08,False,False
3342,PROFESOR TITULAR PRINCIPAL (TC),FACULTAD DE CIENCIAS NATURALES Y MATEMÁTICAS,2021-02-22,2021-03-12,0.05,False,False
3342,PROFESOR TITULAR PRINCIPAL (TC),FACULTAD DE CIENCIAS NATURALES Y MATEMÁTICAS,2022-02-21,2022-03-18,0.07,False,False
3342,PROFESOR TITULAR PRINCIPAL (TC),FACULTAD DE CIENCIAS NATURALES Y MATEMÁTICAS,2022-09-21,2022-09-23,0.01,False,False
3342,PROFESOR TITULAR PRINCIPAL (TC),FACULTAD DE CIENCIAS NATURALES Y MATEMÁTICAS,2022-12-27,2022-12-30,0.01,False,False
3342,SUBDECANO(A),FACULTAD DE CIENCIAS NATURALES Y MATEMÁTICAS,2023-01-30,2025-05-03,2.26,True,True
3342,PROFESOR TITULAR PRINCIPAL (TC),FACULTAD DE CIENCIAS NATURALES Y MATEMÁTICAS,2023-05-02,2023-05-05,0.01,False,True
3342,PROFESOR TITULAR PRINCIPAL (TC),FACULTAD DE CIENCIAS NATURALES Y MATEMÁTICAS,2023-10-21,2024-03-13,0.39,True,True
3342,PROFESOR TITULAR PRINCIPAL (TC),FACULTAD DE CIENCIAS NATURALES Y MATEMÁTICAS,2024-09-18,2024-09-20,0.01,False,True
3342,PROFESOR TITULAR PRINCIPAL (TC),FACULTAD DE CIENCIAS NATURALES Y MATEMÁTICAS,2024-12-23,2025-06-06,0.45,True,True
3342,SUBDECANO(A),FACULTAD DE CIENCIAS NATURALES Y MATEMÁTICAS,2025-09-08,2026-07-29,0.89,True,True
3342,DECANO(A),FACULTAD DE CIENCIAS NATURALES Y MATEMÁTICAS,2025-10-13,2025-10-20,0.02,False,True
3342,PROFESOR TITULAR PRINCIPAL (TC),FACULTAD DE CIENCIAS NATURALES Y MATEMÁTICAS,2025-11-17,2025-12-31,0.12,False,True
3342,PROFESOR TITULAR PRINCIPAL (TC),FACULTAD DE CIENCIAS NATURALES Y MATEMÁTICAS,2026-04-20,2026-04-30,0.03,False,True
3342,PROFESOR TITULAR PRINCIPAL (TC),FACULTAD DE CIENCIAS NATURALES Y MATEMÁTICAS,2026-08-31,,0.04,False,False
3380,ASISTENTE TÉCNICO DE COMPUTADORA,DESCONOCIDA,2002-05-04,2002-09-27,0.4,True,False
3380,PROFESOR NO TITULAR OCASIONAL (TC),FACULTAD DE INGENIERÍA EN ELECTRICIDAD Y COMPUTACIÓN,2017-10-01,2018-03-15,0.45,True,False
3380,PROFESOR NO TITULAR OCASIONAL (TP),FACULTAD DE INGENIERÍA EN ELECTRICIDAD Y COMPUTACIÓN,2022-05-16,2022-09-23,0.36,True,False
3403,JEFE DE MANTENIMIENTO,DESCONOCIDA,2009-08-01,2009-12-31,0.42,True,False
3403,ASISTENTE DE MANTENIMIENTO,DESCONOCIDA,2010-01-01,2014-12-31,5.0,True,False
3403,ANALISTA DE SERVICIOS GENERALES,CENTRO NACIONAL DE ACUICULTURA E INVESTIGACIONES MARINAS,2015-01-01,,11.71,True,False
3454,PROFESOR PREGRADO,DESCONOCIDA,1991-06-10,1991-10-19,0.36,True,False
3454,PROFESOR PREGRADO,DESCONOCIDA,1992-05-25,1992-10-03,0.36,True,False
3454,PROFESOR PREGRADO,DESCONOCIDA,1995-05-22,1995-10-06,0.38,True,False
3454,PROFESOR PREGRADO,DESCONOCIDA,1996-05-20,1996-09-27,0.36,True,False
3454,PROFESOR PREGRADO,DESCONOCIDA,1997-05-26,1997-10-03,0.36,True,False
3454,PROFESOR PREGRADO,DESCONOCIDA,1998-05-25,1999-03-02,0.77,True,False
3454,PROFESOR PREGRADO,DESCONOCIDA,1999-10-19,2013-12-31,14.2,True,True
3454,COORDINADOR DE PROTEL Y PROFESOR PREGRADO,DESCONOCIDA,2005-10-01,2005-10-27,0.07,False,True
3454,PROFESOR PREGRADO,DESCONOCIDA,2014-05-12,2014-10-03,0.39,True,False
3454,PROFESOR NO TITULAR OCASIONAL (TP),FACULTAD DE INGENIERÍA EN ELECTRICIDAD Y COMPUTACIÓN,2014-10-20,2016-02-28,1.36,True,False
3454,PROFESOR NO TITULAR OCASIONAL (TC),FACULTAD DE INGENIERÍA EN ELECTRICIDAD Y COMPUTACIÓN,2016-05-02,2025-02-14,8.79,True,False
3455,ASESOR TÉCNICO,DESCONOCIDA,1990-02-01,1991-03-31,1.16,True,False
3455,PARTICIPACION EN ESTUDIO DE DAÑOS PRODUCIDOS EN ACUEDUCTO ECAPAG,DESCONOCIDA,1999-05-18,1999-07-27,0.19,False,False
3455,RESPONSABLE ENSAYOS DE DISEÑO DE HORMIGON,DESCONOCIDA,1999-09-30,1999-10-05,0.01,False,False
3455,PROFESOR TITULAR PRINCIPAL (MT),FACULTAD DE INGENIERÍA EN CIENCIAS DE LA TIERRA,2010-01-01,2017-08-13,7.61,True,False
3455,DECANO(A),FACULTAD DE INGENIERÍA EN CIENCIAS DE LA TIERRA,2017-08-14,2018-03-01,0.54,True,False
3455,PROFESOR TITULAR PRINCIPAL (TC),FACULTAD DE INGENIERÍA EN CIENCIAS DE LA TIERRA,2018-03-02,2018-03-02,0.0,False,False
3455,PROFESOR TITULAR PRINCIPAL (TP),FACULTAD DE INGENIERÍA EN CIENCIAS DE LA TIERRA,2018-05-01,2023-10-01,5.42,True,False
3465,AUXILIAR DE CIRCULACIÓN,DESCONOCIDA,1988-12-01,1997-02-28,8.24,True,False
3465,CLASIFICADORA DE BIBLIOTECA,DESCONOCIDA,1997-03-01,1999-02-28,2.0,True,False
3465,AUXILIAR DE CIRCULACIÓN,DESCONOCIDA,1999-03-01,2001-01-31,1.92,True,False
3465,BIBLIOTECARIO,CENTRO DE INFORMACIÓN BIBLIOTECARIA,2001-02-01,2023-11-01,22.74,True,True
3465,DIRECTOR DEL CENTRO DE INFORMACIÓN BIBLIOTECARIA,DESCONOCIDA,2016-10-02,2016-10-06,0.01,False,True
3465,DIRECTOR DEL CENTRO DE INFORMACIÓN BIBLIOTECARIA,DESCONOCIDA,2017-03-31,2017-04-13,0.04,False,True
3465,DIRECTOR DEL CENTRO DE INFORMACIÓN BIBLIOTECARIA,DESCONOCIDA,2018-02-22,2018-03-23,0.08,False,True
3465,DIRECTOR DEL CENTRO DE INFORMACIÓN BIBLIOTECARIA,DESCONOCIDA,2018-09-04,2018-10-29,0.15,False,True
3465,DIRECTOR DEL CENTRO DE INFORMACIÓN BIBLIOTECARIA,DESCONOCIDA,2020-03-06,2018-03-23,-1.95,False,True
3465,DIRECTOR DEL CENTRO DE INFORMACIÓN BIBLIOTECARIA,CENTRO DE INFORMACIÓN BIBLIOTECARIA,2021-12-27,2021-12-31,0.01,False,True
3466,AYUDANTE DE LABORATORIO,DESCONOCIDA,1994-02-01,1996-10-05,2.67,True,True
3466,PROFESOR PRE-POLITÉCNICO,DESCONOCIDA,1996-06-10,1997-05-10,0.91,True,True
3466,COORDINADOR DE LABORATORIO,DESCONOCIDA,1996-10-06,1997-10-05,1.0,True,True
3466,PROFESOR PREGRADO,DESCONOCIDA,1996-10-14,2008-03-05,11.39,True,True
3466,JEFE DE LABORATORIO,DESCONOCIDA,1997-11-13,2000-09-30,2.88,True,True
3466,PROFESOR PRE-POLITÉCNICO,DESCONOCIDA,1998-02-10,1998-05-16,0.26,True,True
3466,DIRECTOR,DESCONOCIDA,2005-01-24,2005-08-29,0.59,True,True
3466,DECANO/A,DESCONOCIDA,2005-08-30,2011-01-24,5.4,True,True
3466,PROFESOR TITULAR PRINCIPAL (TC),FACULTAD DE CIENCIAS SOCIALES Y HUMANÍSTICAS,2013-01-01,,13.7,True,False
3467,AYUDANTE DE CIRCULACIÓN,DESCONOCIDA,1988-07-01,1990-06-30,2.0,True,True
3467,HEMEROTECA,DESCONOCIDA,1989-11-01,1992-10-31,3.0,True,True
3467,BIBLIOTECARIO,DESCONOCIDA,1992-11-01,2014-12-07,22.1,True,False
3467,DIRECTOR DEL CENTRO DE INFORMACIÓN BIBLIOTECARIA,CENTRO DE INFORMACIÓN BIBLIOTECARIA,2014-12-08,2019-01-01,4.07,True,True
3467,BIBLIOTECARIO,CENTRO DE INFORMACIÓN BIBLIOTECARIA,2015-01-01,2022-10-01,7.75,True,True
3467,DIRECTOR DEL CENTRO DE INFORMACIÓN BIBLIOTECARIA,DESCONOCIDA,2019-03-06,2019-04-21,0.13,False,True
3467,DIRECTOR DEL CENTRO DE INFORMACIÓN BIBLIOTECARIA,DESCONOCIDA,2019-10-28,2019-10-31,0.01,False,True
3471,CONTRATACIÓN DE SERVICIOS,DESCONOCIDA,1986-05-19,1986-09-27,0.36,True,False
3471,PROFESOR AGREGADO,DESCONOCIDA,2002-05-06,2009-12-31,7.65,True,True
3471,EL PROFESIONAL,DESCONOCIDA,2008-04-01,2008-04-30,0.08,False,True
3471,PROFESOR TITULAR PRINCIPAL 1 (TC),"FACULTAD DE ARTE, DISEÑO Y COMUNICACIÓN AUDIOVISUAL",2013-01-01,2019-07-19,6.54,True,False
3471,PROFESOR TITULAR PRINCIPAL 1 (TC),"FACULTAD DE ARTE, DISEÑO Y COMUNICACIÓN AUDIOVISUAL",2021-01-24,2021-07-02,0.44,True,False
3471,PROFESOR TITULAR PRINCIPAL 1 (TC),"FACULTAD DE ARTE, DISEÑO Y COMUNICACIÓN AUDIOVISUAL",2021-11-03,2021-11-12,0.02,False,False
3471,PROFESOR TITULAR PRINCIPAL 1 (TC),"FACULTAD DE ARTE, DISEÑO Y COMUNICACIÓN AUDIOVISUAL",2022-03-29,2022-11-01,0.59,True,False
3471,DECANO(A),"FACULTAD DE ARTE, DISEÑO Y COMUNICACIÓN AUDIOVISUAL",2022-11-13,,3.84,True,True
3471,PROFESOR TITULAR PRINCIPAL 1 (TC),DESCONOCIDA,2025-05-01,2025-05-09,0.02,False,True
3471,PROFESOR TITULAR PRINCIPAL 1 (TC),DESCONOCIDA,2025-11-05,2025-11-10,0.01,False,True
3491,PROFESOR PREGRADO,DESCONOCIDA,1998-10-19,1999-03-02,0.37,True,False
3491,PROFESOR TITULAR AGREGADO (TC),FACULTAD DE INGENIERÍA EN ELECTRICIDAD Y COMPUTACIÓN,2010-01-01,2014-12-19,4.96,True,False
3491,PROFESOR TITULAR AGREGADO 3 (TC),FACULTAD DE INGENIERÍA EN ELECTRICIDAD Y COMPUTACIÓN,2015-06-01,,11.29,True,True
3491,TÉCNICOS ESPECIALIZADOS - EJECUCIÓN DE PROYECTOS,FACULTAD DE INGENIERÍA EN ELECTRICIDAD Y COMPUTACIÓN,2016-07-01,2016-12-31,0.5,True,True
3492,PROGRAMADOR,DESCONOCIDA,1994-03-01,1994-05-31,0.25,False,False
3492,OPERADOR DE MICROCOMPUTADOR,DESCONOCIDA,1995-07-01,1995-12-30,0.5,True,True
3492,JEFE DE DEPARTAMENTO,DESCONOCIDA,1995-12-01,2001-12-30,6.08,True,True
3492,PRESTACIÓN DE SERVICIOS,DESCONOCIDA,1998-10-19,1999-03-02,0.37,True,True
3492,PRESTACIÓN DE SERVICIOS PERSONALES,DESCONOCIDA,2000-05-15,2002-03-02,1.8,True,True
3492,PRESTACIÓN DE SERVICIOS PERSONALES,DESCONOCIDA,2003-10-20,2004-03-08,0.38,True,False
3492,PRESTACIÓN DE SERVICIOS PERSONALES,DESCONOCIDA,2005-10-17,2006-03-03,0.38,True,False
3492,PROFESOR PREGRADO,DESCONOCIDA,2009-05-18,2011-05-17,2.0,True,False
3492,PROFESOR TITULAR AGREGADO 1 (TC),FACULTAD DE INGENIERÍA EN ELECTRICIDAD Y COMPUTACIÓN,2011-06-01,,15.29,True,True
3492,PRESTACIÓN DE SERVICIOS PERSONALES,DESCONOCIDA,2012-03-24,2012-10-06,0.54,True,True
3492,PRESTACIÓN DE SERVICIOS PERSONALES,DESCONOCIDA,2014-09-24,2014-10-19,0.07,False,True
3497,DOCUMENTADORA,DESCONOCIDA,1996-05-02,1997-07-06,1.18,True,False
3497,ANALISTA DE DESARROLLO DE SISTEMAS 1,GERENCIA DE TECNOLOGÍAS Y SISTEMAS DE INFORMACIÓN,1997-07-07,,29.19,True,False
3503,ANALISTA DE SOSTENIBILIDAD 3,DIRECCIÓN DE SOSTENIBILIDAD,2023-11-01,,2.87,True,False
3519,PROFESOR PREGRADO,DESCONOCIDA,2001-07-30,2011-05-17,9.8,True,True
3519,COORDINADOR DE LA OFICINA DE PROMOCION Y SERVICIOS,DESCONOCIDA,2002-10-01,2004-02-28,1.41,True,True
3519,DIRECTOR DE TESIS,DESCONOCIDA,2004-05-17,2005-03-08,0.81,True,True
3519,PROFESOR TITULAR AUXILIAR 2 (TP),FACULTAD DE INGENIERÍA MECÁNICA Y CIENCIAS DE LA PRODUCCIÓN,2011-06-01,,15.29,True,True
3519,DIRECTOR DE LA SECRETARÍA TÉCNICA ACADÉMICA,DESCONOCIDA,2014-06-01,2017-11-13,3.45,True,True
3519,DECANO(A),DECANATO DE POSGRADO,2017-11-13,2022-11-12,5.0,True,True
3519,DIRECTOR DE TALENTO HUMANO,DIRECCIÓN DE TALENTO HUMANO,2025-06-09,,1.27,True,True
3541,DOCENTE INVESTIGADOR,DESCONOCIDA,2012-04-01,2012-12-31,0.75,True,False
3541,PROFESOR TITULAR PRINCIPAL 2 (TC),FACULTAD DE CIENCIAS DE LA VIDA,2013-01-01,,13.7,True,True
3541,DECANO(A),DESCONOCIDA,2019-08-11,2019-09-20,0.11,False,True
3578,PROFESOR,DESCONOCIDA,1983-10-17,1985-03-02,1.37,True,False
3578,PROFESOR,DESCONOCIDA,1985-10-21,1986-03-01,0.36,True,False
3578,PROFESOR TITULAR PRINCIPAL (MT),FACULTAD DE INGENIERÍA MECÁNICA Y CIENCIAS DE LA PRODUCCIÓN,2013-01-01,,13.7,True,False
3592,PROFESOR NO TITULAR OCASIONAL (TP),FACULTAD DE INGENIERÍA MECÁNICA Y CIENCIAS DE LA PRODUCCIÓN,2015-01-01,2015-03-13,0.19,False,False
3592,PROFESOR NO TITULAR OCASIONAL (TP),FACULTAD DE INGENIERÍA MECÁNICA Y CIENCIAS DE LA PRODUCCIÓN,2015-10-19,2016-02-28,0.36,True,False
3592,PROFESOR NO TITULAR OCASIONAL 1 (TP),DESCONOCIDA,2016-05-02,2016-09-23,0.39,True,False
3593,PROFESOR PRE-POLITÉCNICO,DESCONOCIDA,1987-02-16,1987-05-16,0.24,False,False
3593,PROFESOR PREGRADO,DESCONOCIDA,1987-05-18,1990-02-03,2.72,True,True
3593,PROFESOR PRE-POLITÉCNICO,DESCONOCIDA,1988-02-17,1988-05-17,0.25,False,True
3593,PROFESOR PRE-POLITÉCNICO,DESCONOCIDA,1989-10-16,1990-04-28,0.53,True,True
3593,PROFESOR PREGRADO,DESCONOCIDA,1990-05-28,1991-03-01,0.76,True,False
3593,PROFESOR ACCIDENTAL,DESCONOCIDA,1991-06-13,1992-06-12,1.0,True,False
3593,PROFESOR PRE-POLITÉCNICO,DESCONOCIDA,1992-10-13,1994-05-13,1.58,True,True
3593,PROFESOR AUXILIAR,DESCONOCIDA,1992-11-23,1993-02-08,0.21,False,True
3593,PROFESOR PRE-POLITÉCNICO,DESCONOCIDA,1994-09-01,1994-12-31,0.33,True,False
3593,PROFESOR PRE-POLITÉCNICO,DESCONOCIDA,1995-06-12,1998-05-16,2.93,True,True
3593,SUBDIRECTOR INSTITUTO CC. MATEMÁTICAS,DESCONOCIDA,1997-04-18,1997-05-02,0.04,False,True
3593,DIRECTOR DEL PROCESAMIENTO DE PROYECTO,DESCONOCIDA,1998-04-02,1998-12-31,0.75,True,True
3593,PROFESOR PREGRADO,DESCONOCIDA,1998-05-25,2001-09-28,3.35,True,True
3593,DIRECTOR DE PROYECTOS DE TESIS DE GRADO,DESCONOCIDA,2000-10-01,2000-10-30,0.08,False,True
3593,PROFESOR PREGRADO,DESCONOCIDA,2002-05-20,2009-02-09,6.73,True,True
3593,DIRECTOR DE 2 TESIS DE GRADO,DESCONOCIDA,2004-05-17,2005-03-08,0.81,True,True
3593,"ELABORACIÓN, RECEPCIÓN Y CALIFICACIÓN DE EXÁMENES",DESCONOCIDA,2005-03-09,2005-04-30,0.14,False,True
3593,PROFESOR TITULAR AGREGADO 1 (TC),DESCONOCIDA,2010-01-01,2020-10-31,10.83,True,False
3596,PROFESOR NO TITULAR OCASIONAL (TC),FACULTAD DE INGENIERÍA MECÁNICA Y CIENCIAS DE LA PRODUCCIÓN,2020-02-22,2022-04-29,2.18,True,False
3596,PROFESOR NO TITULAR OCASIONAL (MT),FACULTAD DE INGENIERÍA MECÁNICA Y CIENCIAS DE LA PRODUCCIÓN,2022-05-03,2022-12-31,0.66,True,False
3596,PROFESOR NO TITULAR OCASIONAL (TP),FACULTAD DE INGENIERÍA MECÁNICA Y CIENCIAS DE LA PRODUCCIÓN,2023-01-05,,3.7,True,False
3600,PROFESOR PREGRADO,DESCONOCIDA,1989-10-16,1994-04-30,4.54,True,True
3600,PROFESOR PRE-POLITÉCNICO,DESCONOCIDA,1993-02-08,1993-05-21,0.28,True,True
3600,PROFESOR PREGRADO,DESCONOCIDA,1996-05-27,1998-05-26,2.0,True,True
3600,PROFESOR PRE-POLITÉCNICO,DESCONOCIDA,1997-02-03,1998-05-16,1.28,True,True
3600,PROFESOR ACCIDENTAL,DESCONOCIDA,1997-08-05,2005-01-20,7.46,True,True
3600,PROFESOR TITULAR PRINCIPAL (TC),FACULTAD DE INGENIERÍA MECÁNICA Y CIENCIAS DE LA PRODUCCIÓN,2005-01-21,2014-02-28,9.1,True,False
3600,DECANO(A),FACULTAD DE INGENIERÍA MECÁNICA Y CIENCIAS DE LA PRODUCCIÓN,2014-03-01,2014-10-31,0.67,True,False
3600,PROFESOR TITULAR PRINCIPAL 1 (TC),FACULTAD DE INGENIERÍA MECÁNICA Y CIENCIAS DE LA PRODUCCIÓN,2014-11-01,,11.87,True,True
3600,DIRECTOR DE LA SECRETARÍA TÉCNICA DE ASEGURAMIENTO DE LA CALIDAD DE EDUCACIÓN SUPERIOR,DESCONOCIDA,2014-11-01,2017-11-11,3.03,True,True
3612,PROFESOR PREGRADO,DESCONOCIDA,1995-05-22,2001-02-23,5.76,True,True
3612,PROFESOR ACCIDENTAL,DESCONOCIDA,1999-12-01,2005-02-08,5.19,True,True
3612,"ELABORACIÓN, RECEPCIÓN Y CALIFICACIÓN DE EXÁMENES",DESCONOCIDA,2000-10-10,2001-02-23,0.37,True,True
3612,DIRECTOR DE 7 TESIS DE GRADO,DESCONOCIDA,2002-04-01,2002-05-30,0.16,False,True
3612,PROFESOR PREGRADO,DESCONOCIDA,2003-01-01,2004-09-25,1.73,True,True
3612,DIRECTOR DE TESIS DE GRADO,DESCONOCIDA,2004-05-17,2005-03-08,0.81,True,True
3612,"ELABORACIÓN, RECEPCIÓN Y CALIFICACIÓN DE EXÁMENES",DESCONOCIDA,2004-10-18,2005-03-08,0.39,True,True
3612,PROFESOR TITULAR AGREGADO 3 (TC),FACULTAD DE CIENCIAS NATURALES Y MATEMÁTICAS,2004-10-18,,21.91,True,True
3619,PROFESOR PREGRADO,DESCONOCIDA,1995-05-22,2001-12-30,6.61,True,True
3619,PROFESOR ACCIDENTAL,DESCONOCIDA,1999-12-01,2004-02-17,4.21,True,True
3619,PROFESOR PREGRADO,DESCONOCIDA,2002-04-01,2003-09-27,1.49,True,True
3619,PROFESOR TITULAR PRINCIPAL 1 (TP),DESCONOCIDA,2003-10-20,2019-03-28,15.43,True,True
3619,PROFESOR TITULAR PRINCIPAL 1 (TP),FACULTAD DE CIENCIAS NATURALES Y MATEMÁTICAS,2020-07-13,2020-08-18,0.1,False,False
3619,PROFESOR TITULAR PRINCIPAL 1 (TC),FACULTAD DE CIENCIAS NATURALES Y MATEMÁTICAS,2021-01-22,,5.65,True,False
3634,PROFESOR PREGRADO,DESCONOCIDA,2008-10-13,2011-05-17,2.59,True,False
3634,PROFESOR TITULAR AGREGADO 2 (TC),FACULTAD DE INGENIERÍA EN ELECTRICIDAD Y COMPUTACIÓN,2011-06-01,2022-04-14,10.87,True,False
3634,PROFESOR TITULAR AGREGADO 2 (TC),FACULTAD DE INGENIERÍA EN ELECTRICIDAD Y COMPUTACIÓN,2022-12-26,2023-03-31,0.26,True,False
3634,PROFESOR TITULAR AGREGADO 2 (TC),FACULTAD DE INGENIERÍA EN ELECTRICIDAD Y COMPUTACIÓN,2023-12-26,2024-03-28,0.25,True,False
3634,PROFESOR TITULAR AGREGADO 2 (TC),FACULTAD DE INGENIERÍA EN ELECTRICIDAD Y COMPUTACIÓN,2024-12-26,2025-03-18,0.22,False,False
3634,PROFESOR TITULAR AGREGADO 2 (TC),FACULTAD DE INGENIERÍA EN ELECTRICIDAD Y COMPUTACIÓN,2025-08-05,,1.11,True,False
3651,PROFESOR PREGRADO,DESCONOCIDA,2007-10-15,2009-03-02,1.38,True,False
3651,PROFESOR PREGRADO,DESCONOCIDA,2010-05-17,2011-05-16,1.0,True,False
3651,PROFESOR NO TITULAR OCASIONAL (TC),FACULTAD DE INGENIERÍA EN ELECTRICIDAD Y COMPUTACIÓN,2017-04-10,2026-07-19,9.27,True,False
3651,PROFESOR TITULAR AUXILIAR 1 (TC),FACULTAD DE INGENIERÍA EN ELECTRICIDAD Y COMPUTACIÓN,2026-07-20,,0.16,False,False
3659,PROFESOR NO TITULAR OCASIONAL (TC),FACULTAD DE INGENIERÍA EN ELECTRICIDAD Y COMPUTACIÓN,2017-10-01,,8.96,True,False
3678,TÉCNICOS ESPECIALIZADOS - EJECUCIÓN DE PROYECTOS,DESCONOCIDA,2016-02-01,2016-12-31,0.91,True,False
3680,PROFESOR PREGRADO,DESCONOCIDA,1981-06-01,2009-12-31,28.58,True,True
3680,VICE - RECTOR ENCARGADO,DESCONOCIDA,1989-03-06,1989-03-31,0.07,False,True
3680,PROFESOR TITULAR PRINCIPAL (TC),DESCONOCIDA,2013-01-01,2014-02-28,1.16,True,False
3680,DECANO(A),FACULTAD DE CIENCIAS NATURALES Y MATEMÁTICAS,2014-03-01,2017-11-12,3.7,True,True
3680,PROFESOR TITULAR PRINCIPAL (TC),FACULTAD DE CIENCIAS NATURALES Y MATEMÁTICAS,2014-09-01,2014-09-01,0.0,False,True
3680,PROFESOR TITULAR PRINCIPAL (TC),FACULTAD DE CIENCIAS NATURALES Y MATEMÁTICAS,2017-11-13,2026-04-01,8.38,True,True
3680,DIRECTOR DE LA UNIDAD DE BIENESTAR ESTUDIANTIL Y POLITÉCNICO,FACULTAD DE CIENCIAS NATURALES Y MATEMÁTICAS,2017-11-13,2018-05-21,0.52,True,True
3680,DIRECTOR DE LA UNIDAD DE BIENESTAR ESTUDIANTIL Y POLITÉCNICO,DESCONOCIDA,2018-07-12,2018-07-12,0.0,False,True
3683,PROFESOR PREGRADO,DESCONOCIDA,1987-10-03,1988-10-02,1.0,True,True
3683,PROFESOR ACCIDENTAL,DESCONOCIDA,1988-09-01,1989-08-31,1.0,True,True
3683,PROFESOR AUXILIAR,DESCONOCIDA,1992-10-19,1994-05-25,1.6,True,False
3683,PROFESOR PRINCIPAL,DESCONOCIDA,1999-06-15,2007-02-01,7.63,True,True
3683,DIRECTOR PROYECTO,DESCONOCIDA,2007-02-01,2009-04-30,2.24,True,True
3683,PROFESOR TITULAR PRINCIPAL (TC),DESCONOCIDA,2010-01-01,2018-10-08,8.77,True,False
3685,PROFESOR PREGRADO,DESCONOCIDA,1984-10-15,1985-10-05,0.97,True,True
3685,COORDINADOR,DESCONOCIDA,1985-04-13,1985-08-12,0.33,True,True
3685,PROFESOR,DESCONOCIDA,1985-10-21,1986-03-08,0.38,True,False
3685,PROFESOR PREGRADO,DESCONOCIDA,1986-05-19,1986-09-27,0.36,True,False
3685,PROFESOR,DESCONOCIDA,1987-09-01,1988-10-30,1.16,True,False
3685,PROFESOR ACCIDENTAL,DESCONOCIDA,1988-11-01,1990-03-26,1.4,True,False
3685,PROFESOR TITULAR AGREGADO (TC),DESCONOCIDA,1990-03-27,2014-02-28,23.92,True,False
3685,DIRECTOR,ESCUELA DE DISEÑO Y COMUNICACIÓN VISUAL,2014-03-01,2017-11-12,3.7,True,True
3685,PROFESOR TITULAR AGREGADO 1 (TC),"FACULTAD DE ARTE, DISEÑO Y COMUNICACIÓN AUDIOVISUAL",2014-11-01,,11.87,True,True
3724,PROFESOR TITULAR PRINCIPAL 2 (TC),ESCUELA DE POSTGRADO EN ADMINISTRACIÓN DE EMPRESAS,2006-08-01,,20.12,True,False
3725,PROFESOR TITULAR PRINCIPAL 1 (TC),FACULTAD DE INGENIERÍA EN ELECTRICIDAD Y COMPUTACIÓN,2004-10-18,2022-04-13,17.48,True,False
3725,PROFESOR TITULAR PRINCIPAL 1 (TC),FACULTAD DE INGENIERÍA EN ELECTRICIDAD Y COMPUTACIÓN,2022-12-27,2023-04-20,0.31,True,True
3725,DECANO(A),DECANATO DE INVESTIGACIÓN,2023-01-03,2023-12-22,0.97,True,True
3725,PROFESOR TITULAR PRINCIPAL 1 (TC),FACULTAD DE INGENIERÍA EN ELECTRICIDAD Y COMPUTACIÓN,2023-12-26,2024-04-24,0.33,True,False
3725,DECANO(A),DECANATO DE INVESTIGACIÓN,2024-08-22,2026-02-27,1.52,True,True
3725,PROFESOR TITULAR PRINCIPAL 1 (TC),FACULTAD DE INGENIERÍA EN ELECTRICIDAD Y COMPUTACIÓN,2024-09-09,2024-09-13,0.01,False,True
3725,PROFESOR TITULAR PRINCIPAL 1 (TC),FACULTAD DE INGENIERÍA EN ELECTRICIDAD Y COMPUTACIÓN,2024-12-26,2025-04-09,0.28,True,True
3725,PROFESOR TITULAR PRINCIPAL 2 (TC),FACULTAD DE INGENIERÍA EN ELECTRICIDAD Y COMPUTACIÓN,2025-12-04,,0.78,True,True
3727,ASISTENTE,DESCONOCIDA,1989-08-01,1989-09-30,0.16,False,False
3727,AYUDANTE DE INVESTIGACIÓN,DESCONOCIDA,1992-08-03,1994-02-02,1.5,True,False
3727,PROFESOR PREGRADO,DESCONOCIDA,2006-05-15,2008-03-05,1.81,True,False
3727,PROFESOR TITULAR AGREGADO 1 (TC),"FACULTAD DE ARTE, DISEÑO Y COMUNICACIÓN AUDIOVISUAL",2013-01-01,,13.7,True,True
3727,DIRECTOR,DESCONOCIDA,2016-03-07,2016-03-11,0.01,False,True
3728,PROFESOR TITULAR PRINCIPAL 1 (TC),FACULTAD DE CIENCIAS DE LA VIDA,2006-05-15,,20.34,True,True
3728,SUBDECANO(A),"FACULTAD DE INGENIERIA MARÍTIMA, CIENCIAS BIOLÓGICAS, OCEÁNICAS Y RECURSOS NATURALES",2014-03-01,2015-07-27,1.4,True,True
3728,DECANO(A),DESCONOCIDA,2015-09-11,2017-11-12,2.17,True,True
3728,DECANO(A),DESCONOCIDA,2019-06-19,2019-08-15,0.16,False,True
3729,PROFESOR PRE-POLITÉCNICO,DESCONOCIDA,1998-05-25,1998-10-02,0.36,True,False
3729,PROFESOR PREGRADO,DESCONOCIDA,1998-10-19,1999-10-02,0.95,True,False
3729,PROFESOR PREGRADO,DESCONOCIDA,2004-05-17,2008-03-05,3.8,True,False
3729,PROFESOR TITULAR AGREGADO (TC),FACULTAD DE CIENCIAS SOCIALES Y HUMANÍSTICAS,2008-06-23,2011-05-03,2.86,True,False
3731,AYUDANTE ADMINISTRATIVO,DESCONOCIDA,2002-03-01,2014-12-31,12.83,True,False
3731,ASISTENTE DE ACTIVOS FIJOS,FACULTAD DE CIENCIAS DE LA VIDA,2015-01-01,,11.71,True,False
3732,ASISTENTE FINANCIERO,DESCONOCIDA,2003-06-17,2005-03-30,1.78,True,False
3732,ASISTENTE FINANCIERO,DESCONOCIDA,2006-08-01,2015-05-31,8.83,True,True
3732,PROFESOR NO TITULAR OCASIONAL A TIEMPO PARCIAL,DESCONOCIDA,2013-05-13,2013-12-31,0.64,True,True
3732,PROFESOR NO TITULAR OCASIONAL A TIEMPO PARCIAL,DESCONOCIDA,2014-05-12,2014-10-03,0.39,True,True
3732,PROFESOR NO TITULAR OCASIONAL (TP),FACULTAD DE INGENIERÍA EN ELECTRICIDAD Y COMPUTACIÓN,2014-10-20,2016-02-28,1.36,True,True
3732,PROFESOR NO TITULAR OCASIONAL 1 (TP),DESCONOCIDA,2016-05-02,2016-09-23,0.39,True,False
3732,PROFESOR NO TITULAR OCASIONAL 1 (TP),FACULTAD DE INGENIERÍA EN ELECTRICIDAD Y COMPUTACIÓN,2016-10-10,2017-09-22,0.95,True,False
3732,PROFESOR NO TITULAR OCASIONAL (TP),FACULTAD DE INGENIERÍA EN ELECTRICIDAD Y COMPUTACIÓN,2017-10-04,2017-11-07,0.09,False,False
3734,ASISTENTE DE DIRECCION FINANCIERA,DESCONOCIDA,2006-02-01,2006-07-31,0.49,True,False
3734,COORDINADORA DE CALIDAD,DESCONOCIDA,2006-08-01,2008-03-31,1.66,True,False
3734,ASISTENTE,DESCONOCIDA,2008-04-01,2014-12-31,6.75,True,True
3734,DIRECTORA DE LA UNIDAD OPERACIONES (E),DESCONOCIDA,2014-04-17,2014-04-30,0.04,False,True
3734,ANALISTA FINANCIERO 3,GERENCIA FINANCIERA,2015-01-01,2023-02-10,8.11,True,True
3734,GERENTE ADMINISTRATIVO,DESCONOCIDA,2015-03-01,2017-10-31,2.67,True,True
3734,GERENTE FINANCIERO,GERENCIA FINANCIERA,2018-07-01,,8.21,True,True
3735,SECRETARIA,DECANATO DE INVESTIGACIÓN,2006-08-01,2015-01-01,8.42,True,True
3735,ANALISTA DE GESTIÓN DE PROYECTOS DE INVESTIGACIÓN,DECANATO DE INVESTIGACIÓN,2015-01-01,,11.71,True,True
3738,PROFESOR TITULAR AGREGADO 1 (TC),"FACULTAD DE INGENIERIA MARÍTIMA, CIENCIAS BIOLÓGICAS, OCEÁNICAS Y RECURSOS NATURALES",2006-05-02,2015-10-01,9.41,True,True
3738,SUBDECANO(A),"FACULTAD DE INGENIERIA MARÍTIMA, CIENCIAS BIOLÓGICAS, OCEÁNICAS Y RECURSOS NATURALES",2015-06-01,2016-03-02,0.75,True,True
3738,PROFESOR TITULAR AGREGADO 3 (TC),"FACULTAD DE INGENIERIA MARÍTIMA, CIENCIAS BIOLÓGICAS, OCEÁNICAS Y RECURSOS NATURALES",2016-03-03,2017-11-12,1.69,True,False
3738,DECANO(A),VICERRECTORADO ACADÉMICO,2017-11-13,2021-02-21,3.27,True,True
3738,PROFESOR TITULAR AGREGADO 3 (TC),FACULTAD DE CIENCIAS SOCIALES Y HUMANÍSTICAS,2018-03-03,2021-03-26,3.06,True,True
3738,PROFESOR TITULAR AGREGADO 3 (TC),FACULTAD DE CIENCIAS SOCIALES Y HUMANÍSTICAS,2021-12-27,2022-03-22,0.23,False,False
3738,PROFESOR TITULAR AGREGADO 3 (TC),FACULTAD DE CIENCIAS SOCIALES Y HUMANÍSTICAS,2022-06-27,2022-07-01,0.01,False,False
3738,PROFESOR TITULAR AGREGADO 3 (TC),FACULTAD DE CIENCIAS SOCIALES Y HUMANÍSTICAS,2022-12-27,2023-04-19,0.31,True,False
3738,PROFESOR TITULAR AGREGADO 3 (TC),FACULTAD DE CIENCIAS SOCIALES Y HUMANÍSTICAS,2023-09-25,2024-04-23,0.58,True,False
3738,PROFESOR TITULAR AGREGADO 3 (TC),FACULTAD DE CIENCIAS SOCIALES Y HUMANÍSTICAS,2024-12-23,2025-03-28,0.26,True,False
3738,PROFESOR TITULAR AGREGADO 3 (TC),FACULTAD DE CIENCIAS SOCIALES Y HUMANÍSTICAS,2025-07-21,2025-09-27,0.19,False,False
3738,DECANO(A),FACULTAD DE CIENCIAS SOCIALES Y HUMANÍSTICAS,2025-11-01,,0.87,True,False
3740,PROFESOR PREGRADO,DESCONOCIDA,2005-04-04,2007-04-03,2.0,True,False
3740,PROFESOR TITULAR AGREGADO 3 (TC),FACULTAD DE INGENIERÍA MECÁNICA Y CIENCIAS DE LA PRODUCCIÓN,2007-05-02,2019-03-15,11.87,True,True
3740,DIRECTOR DE VINCULOS CON LA SOCIEDAD,DESCONOCIDA,2015-11-16,2016-03-18,0.34,True,True
3740,DIRECTOR DE VINCULOS CON LA SOCIEDAD,DESCONOCIDA,2016-10-06,2016-10-07,0.0,False,True
3740,SUBDECANO(A),DESCONOCIDA,2020-01-28,2020-02-01,0.01,False,False
3740,SUBDECANO(A),DESCONOCIDA,2020-10-03,2020-10-08,0.01,False,False
3740,SUBDECANO(A),FACULTAD DE INGENIERÍA MECÁNICA Y CIENCIAS DE LA PRODUCCIÓN,2022-03-28,2022-04-20,0.06,False,False
3740,PROFESOR TITULAR AGREGADO 3 (TC),FACULTAD DE INGENIERÍA MECÁNICA Y CIENCIAS DE LA PRODUCCIÓN,2022-04-29,2022-05-13,0.04,False,False
3740,SUBDECANO(A),FACULTAD DE INGENIERÍA MECÁNICA Y CIENCIAS DE LA PRODUCCIÓN,2022-09-26,2023-09-29,1.01,True,False
3740,PROFESOR TITULAR AGREGADO 3 (TC),FACULTAD DE INGENIERÍA MECÁNICA Y CIENCIAS DE LA PRODUCCIÓN,2023-10-02,2023-11-06,0.1,False,False
3740,DECANO(A),DECANATO DE GRADO,2023-11-20,,2.82,True,False
3758,PROFESOR PREGRADO,DESCONOCIDA,1998-05-25,1999-10-02,1.36,True,False
3760,PROFESOR PREGRADO,DESCONOCIDA,2006-10-17,2011-05-16,4.58,True,False
3760,PROFESOR PREGRADO,DESCONOCIDA,2011-09-25,2013-05-12,1.63,True,False
3760,PROFESOR NO TITULAR OCASIONAL (TP),FACULTAD DE INGENIERÍA EN CIENCIAS DE LA TIERRA,2015-01-01,2015-03-13,0.19,False,False
3760,PROFESOR NO TITULAR OCASIONAL (MT),FACULTAD DE INGENIERÍA EN CIENCIAS DE LA TIERRA,2015-05-11,2025-02-14,9.77,True,False
3765,EJECUCION ACTIVIDADES,DESCONOCIDA,1994-10-17,1998-02-27,3.36,True,True
3765,PROFESOR PREGRADO,DESCONOCIDA,1998-02-10,1998-02-16,0.02,False,True
3765,PROFESOR PREGRADO,DESCONOCIDA,1998-05-25,1998-10-02,0.36,True,False
3765,PROFESOR PREGRADO,DESCONOCIDA,1999-05-25,2002-09-27,3.34,True,False
3765,DIRECTOR DE TESIS,DESCONOCIDA,2004-05-17,2004-09-25,0.36,True,True
3765,PROFESOR PREGRADO,DESCONOCIDA,2004-05-17,2004-09-25,0.36,True,True
3765,DIRECTOR DE TESIS,DESCONOCIDA,2005-10-17,2006-03-03,0.38,True,False
3765,PROFESOR NO TITULAR OCASIONAL (TP),DESCONOCIDA,2015-01-01,2015-03-13,0.19,False,False
3765,PROFESOR NO TITULAR OCASIONAL (TC),FACULTAD DE CIENCIAS SOCIALES Y HUMANÍSTICAS,2015-10-01,2020-02-21,4.39,True,False
3771,MÉDICO,DESCONOCIDA,2008-12-01,2010-01-01,1.08,True,False
3771,MÉDICO,UNIDAD DE BIENESTAR ESTUDIANTIL Y POLITÉCNICO,2015-01-01,2022-01-01,7.0,True,False
3773,PROFESOR PREGRADO,DESCONOCIDA,2006-05-15,2007-03-06,0.81,True,False
3773,PROFESOR,DESCONOCIDA,2007-05-14,2008-03-05,0.81,True,False
3773,PROFESOR PREGRADO,DESCONOCIDA,2008-05-19,2008-09-26,0.36,True,False
3773,PROFESOR,DESCONOCIDA,2008-10-13,2009-12-31,1.22,True,False
3773,PROFESOR TITULAR AGREGADO 2 (TC),FACULTAD DE CIENCIAS SOCIALES Y HUMANÍSTICAS,2011-09-25,,14.97,True,False
3774,PROFESOR NO TITULAR OCASIONAL 2 (TC),FACULTAD DE CIENCIAS NATURALES Y MATEMÁTICAS,2016-10-17,2017-12-31,1.2,True,False
3774,TÉCNICO DOCENTE 1 (TC),FACULTAD DE CIENCIAS NATURALES Y MATEMÁTICAS,2018-01-01,2026-02-13,8.12,True,False
3775,ASISTENTE DE CALIDAD Y EVALUACIÒN,CENTRO DE PROMOCIÓN Y EMPLEO,2006-07-01,2014-05-31,7.91,True,True
3775,PROFESOR,DESCONOCIDA,2009-05-15,2009-09-25,0.36,True,True
3775,ASESOR JUNIOR DE CALIDAD Y EVALUACIÓN,DIRECCIÓN DE LA SECRETARÍA TÉCNICA DE ASEGURAMIENTO DE LA CALIDAD DE LA EDUCACIÓN SUPERIOR,2011-05-01,2013-01-06,1.69,True,True
3775,DIRECTOR DEL CENTRO DE PROMOCIÓN Y EMPLEO,CENTRO DE PROMOCIÓN Y EMPLEO,2013-01-07,2017-11-30,4.89,True,True
3775,ANALISTA DE CALIDAD Y ACREDITACIÓN 2,CENTRO DE INVESTIGACIONES Y SERVICIOS EDUCATIVOS,2015-05-18,2024-04-12,8.9,True,True
3775,ASISTENTE DE CALIDAD Y EVALUACIÒN,DESCONOCIDA,2015-05-18,2015-05-18,0.0,False,True
3775,DIRECTOR DEL CENTRO DE INVESTIGACIONES Y SERVICIOS EDUCATIVOS,CENTRO DE INVESTIGACIONES Y SERVICIOS EDUCATIVOS,2023-10-17,2023-10-20,0.01,False,True
3775,DIRECTOR DEL CENTRO DE INVESTIGACIONES Y SERVICIOS EDUCATIVOS,CENTRO DE INVESTIGACIONES Y SERVICIOS EDUCATIVOS,2024-02-27,2024-09-13,0.54,True,True
3775,ANALISTA DE CALIDAD Y ACREDITACIÓN 2,CENTRO DE INVESTIGACIONES Y SERVICIOS EDUCATIVOS,2024-09-18,2024-09-24,0.02,False,False
3775,ANALISTA DE CALIDAD Y ACREDITACIÓN 2,CENTRO DE INVESTIGACIONES Y SERVICIOS EDUCATIVOS,2024-12-26,2025-03-14,0.21,False,True
3775,DIRECTOR DEL CENTRO DE INVESTIGACIONES Y SERVICIOS EDUCATIVOS,CENTRO DE INVESTIGACIONES Y SERVICIOS EDUCATIVOS,2025-02-26,2025-04-15,0.13,False,True
3775,DIRECTOR DEL CENTRO DE INVESTIGACIONES Y SERVICIOS EDUCATIVOS,CENTRO DE INVESTIGACIONES Y SERVICIOS EDUCATIVOS,2025-07-18,2025-11-15,0.33,True,True
3775,ANALISTA DE CALIDAD Y ACREDITACIÓN 2,CENTRO DE INVESTIGACIONES Y SERVICIOS EDUCATIVOS,2025-07-28,2025-08-08,0.03,False,True
3775,DIRECTOR DEL CENTRO DE INVESTIGACIONES Y SERVICIOS EDUCATIVOS,CENTRO DE INVESTIGACIONES Y SERVICIOS EDUCATIVOS,2026-03-04,2026-04-10,0.1,False,False
3775,ANALISTA DE CALIDAD Y ACREDITACIÓN 2,CENTRO DE INVESTIGACIONES Y SERVICIOS EDUCATIVOS,2026-06-12,,0.26,True,True
3775,DIRECTOR DEL CENTRO DE INVESTIGACIONES Y SERVICIOS EDUCATIVOS,CENTRO DE INVESTIGACIONES Y SERVICIOS EDUCATIVOS,2026-07-27,2026-08-14,0.05,False,True
3776,AUXILIAR DE SECRETARÍA,DESCONOCIDA,2004-12-09,2008-12-31,4.06,True,False
3776,ASISTENTE EJECUTIVA 3,DECANATO DE GRADO,2009-01-01,,17.7,True,False
3777,PROFESOR PREGRADO,DESCONOCIDA,2005-05-16,2005-09-24,0.36,True,False
3777,PROFESOR PREGRADO,DESCONOCIDA,2006-05-16,2009-03-02,2.8,True,False
3777,PROFESOR NO TITULAR OCASIONAL (TC),FACULTAD DE CIENCIAS SOCIALES Y HUMANÍSTICAS,2009-05-18,,17.33,True,False
3783,PROFESOR PREGRADO,DESCONOCIDA,2006-05-16,2007-05-15,1.0,True,False
3783,PROFESOR PREGRADO,DESCONOCIDA,2008-05-19,2008-09-26,0.36,True,False
3783,PROFESOR NO TITULAR OCASIONAL (TC),FACULTAD DE CIENCIAS SOCIALES Y HUMANÍSTICAS,2014-01-01,,12.71,True,True
3783,TÉCNICOS ESPECIALIZADOS - EJECUCIÓN DE PROYECTOS,DESCONOCIDA,2016-05-21,2016-08-13,0.23,False,True
3788,PROFESOR NO TITULAR OCASIONAL (TC),FACULTAD DE CIENCIAS SOCIALES Y HUMANÍSTICAS,2013-05-13,,13.34,True,False
3792,ASISTENTE DE DIRECTOR,DESCONOCIDA,2000-11-01,2003-04-30,2.49,True,False
3792,COORDINADORA DE PROYECTOS,DESCONOCIDA,2004-01-01,2004-12-30,1.0,True,False
3792,COORDINADORA DE PROYECTOS,DESCONOCIDA,2005-04-01,2006-03-31,1.0,True,False
3792,ANALISTA DE PROYECTOS DE VINCULACIÓN 2,CENTRO DE TECNOLOGÍAS DE LA INFORMACIÓN,2015-01-01,2016-12-31,2.0,True,False
3792,TÉCNICOS ESPECIALIZADOS - EJECUCIÓN DE PROYECTOS,CENTRO DE TECNOLOGÍAS DE LA INFORMACIÓN,2017-01-03,2017-02-28,0.15,False,False
3792,ANALISTA DE PLANIFICACIÓN Y PROYECTOS,CENTRO DE TECNOLOGÍAS DE LA INFORMACIÓN,2017-03-01,2023-12-01,6.75,True,False
3796,PROFESOR NO TITULAR OCASIONAL,DESCONOCIDA,2012-05-14,2013-12-31,1.63,True,False
3796,PROFESOR NO TITULAR OCASIONAL (TC),FACULTAD DE CIENCIAS SOCIALES Y HUMANÍSTICAS,2014-05-12,2023-02-17,8.77,True,True
3796,DIRECTOR DE LA UNIDAD DE BIENESTAR ESTUDIANTIL Y POLITÉCNICO,FACULTAD DE CIENCIAS SOCIALES Y HUMANÍSTICAS,2018-04-03,2018-04-06,0.01,False,True
3800,PROFESOR PREGRADO,DESCONOCIDA,2006-05-15,2006-09-23,0.36,True,False
3800,PROFESOR PREGRADO,DESCONOCIDA,2007-10-15,2009-09-25,1.95,True,True
3800,JEFE DE LABORATORIO,DESCONOCIDA,2009-07-01,2011-12-31,2.5,True,True
3800,DIRECTOR,DESCONOCIDA,2012-11-13,2014-01-01,1.13,True,True
3800,PROFESOR NO TITULAR OCASIONAL,DESCONOCIDA,2013-05-13,2013-12-31,0.64,True,True
3800,PROFESOR NO TITULAR OCASIONAL (TP),FACULTAD DE INGENIERÍA MECÁNICA Y CIENCIAS DE LA PRODUCCIÓN,2014-05-12,2015-12-31,1.64,True,False
3800,PROFESOR NO TITULAR OCASIONAL 1 (TP),DESCONOCIDA,2016-05-02,2016-09-23,0.39,True,False
3800,PROFESOR NO TITULAR OCASIONAL 1 (TP),FACULTAD DE INGENIERÍA MECÁNICA Y CIENCIAS DE LA PRODUCCIÓN,2016-10-10,2017-09-22,0.95,True,True
3800,ASESOR 2,RECTORADO,2017-09-01,2025-01-31,7.42,True,True
3800,PROFESOR NO TITULAR OCASIONAL (TP),VICERRECTORADO ACADÉMICO,2017-10-04,2018-03-02,0.41,True,True
3800,PROFESOR NO TITULAR OCASIONAL (TP),FACULTAD DE INGENIERÍA MECÁNICA Y CIENCIAS DE LA PRODUCCIÓN,2018-05-02,2019-09-20,1.39,True,True
3800,PROFESOR NO TITULAR OCASIONAL 1 (TP),FACULTAD DE INGENIERÍA MECÁNICA Y CIENCIAS DE LA PRODUCCIÓN,2020-01-01,2020-02-21,0.14,False,True
3800,PROFESOR NO TITULAR OCASIONAL (TP),FACULTAD DE INGENIERÍA MECÁNICA Y CIENCIAS DE LA PRODUCCIÓN,2020-06-01,2023-02-17,2.71,True,True
3800,PROFESOR NO TITULAR OCASIONAL (TP),FACULTAD DE INGENIERÍA MECÁNICA Y CIENCIAS DE LA PRODUCCIÓN,2023-05-22,,3.32,True,True
3800,COORDINACIÓN DE GESTIÓN INSTITUCIONAL,RECTORADO,2025-02-01,,1.62,True,True
3801,PROFESOR PREGRADO,DESCONOCIDA,2007-11-01,2009-03-02,1.33,True,False
3801,PROFESOR NO TITULAR OCASIONAL,DESCONOCIDA,2013-05-13,2013-12-31,0.64,True,False
3801,PROFESOR NO TITULAR OCASIONAL (TC),FACULTAD DE CIENCIAS SOCIALES Y HUMANÍSTICAS,2014-10-01,,11.96,True,True
3801,TÉCNICOS ESPECIALIZADOS - EJECUCIÓN DE PROYECTOS,DESCONOCIDA,2015-11-16,2016-02-11,0.24,False,True
3802,SECRETARIA AUXILIAR (RECEPCIONISTA),DESCONOCIDA,2008-10-02,2008-12-30,0.24,False,False
3802,ASISTENTE EJECUTIVA 2,FACULTAD DE CIENCIAS SOCIALES Y HUMANÍSTICAS,2012-08-21,2016-12-31,4.36,True,False
3802,ASISTENTE EJECUTIVA 2,FACULTAD DE CIENCIAS SOCIALES Y HUMANÍSTICAS,2019-01-01,,7.71,True,False
3807,PROFESOR PREGRADO,DESCONOCIDA,2005-05-16,2005-09-24,0.36,True,False
3807,PROFESOR PREGRADO,DESCONOCIDA,2007-10-15,2009-03-02,1.38,True,False
3807,PROFESOR NO TITULAR OCASIONAL (TC),FACULTAD DE CIENCIAS SOCIALES Y HUMANÍSTICAS,2012-05-14,,14.34,True,True
3807,TÉCNICOS ESPECIALIZADOS - EJECUCIÓN DE PROYECTOS,CENTRO DE INVESTIGACIONES Y SERVICIOS EDUCATIVOS,2017-06-05,2017-06-16,0.03,False,True
3808,AYUDANTE ADMINISTRATIVO,DESCONOCIDA,2009-01-01,2014-12-31,6.0,True,False
3808,ASISTENTE DE ACTIVOS FIJOS DE UNIDAD ACADÉMICA,DESCONOCIDA,2015-01-01,2017-06-30,2.49,True,False
3808,ASISTENTE DE ACTIVOS FIJOS,CENTRO NACIONAL DE ACUICULTURA E INVESTIGACIONES MARINAS,2017-10-01,,8.96,True,False
3810,CONTRATO CIVIL - SERVICIO TÉCNICO ESPECIALIZADO,FACULTAD DE INGENIERÍA MECÁNICA Y CIENCIAS DE LA PRODUCCIÓN,2017-01-03,2017-12-31,0.99,True,False
3810,TÉCNICOS ESPECIALIZADOS - EJECUCIÓN DE ACTIVIDADES,UNIDAD DE BIENESTAR ESTUDIANTIL Y POLITÉCNICO,2018-01-02,2020-12-31,2.99,True,False
3810,TÉCNICOS ESPECIALIZADOS - EJECUCIÓN DE ACTIVIDADES,GERENCIA DE BIENESTAR POLITÉCNICO,2026-02-10,,0.6,True,False
3811,PROFESOR PREGRADO,DESCONOCIDA,2007-10-15,2009-09-25,1.95,True,False
3811,PROFESOR,DESCONOCIDA,2009-10-12,2010-03-02,0.39,True,False
3811,PROFESOR NO TITULAR OCASIONAL (TC),FACULTAD DE CIENCIAS NATURALES Y MATEMÁTICAS,2014-10-01,2020-02-21,5.39,True,False
3811,PROFESOR NO TITULAR OCASIONAL (TC),FACULTAD DE CIENCIAS NATURALES Y MATEMÁTICAS,2020-09-15,,6.0,True,False
3814,CAJERA EN SEGUNDO TURNO,DESCONOCIDA,1996-06-24,1996-12-24,0.5,True,False
3814,ASISTENTE EJECUTIVA 2,DIRECCIÓN DE LA SECRETARÍA TÉCNICA DE ASEGURAMIENTO DE LA CALIDAD DE LA EDUCACIÓN SUPERIOR,2006-10-13,2015-12-31,9.21,True,False
3814,ANALISTA DE CALIDAD Y ACREDITACIÓN 1,GERENCIA DE PLANIFICACIÓN ESTRATÉGICA,2016-01-01,,10.71,True,False
3818,AUXILIAR DE SECRETARÍA,DESCONOCIDA,2006-09-28,2008-11-30,2.17,True,False
3818,ASISTENTE EJECUTIVA 2,SECRETARIA ADMINISTRATIVA,2008-12-01,,17.79,True,False
3820,PROFESOR PREGRADO,DESCONOCIDA,2006-05-16,2008-10-31,2.46,True,False
3820,TÉCNICO DOCENTE 4 (TC),FACULTAD DE CIENCIAS SOCIALES Y HUMANÍSTICAS,2018-10-01,2023-02-28,4.41,True,False
3820,PROFESOR NO TITULAR OCASIONAL (TC),FACULTAD DE CIENCIAS SOCIALES Y HUMANÍSTICAS,2023-05-15,2024-05-05,0.97,True,False
3821,ANALISTA DE LABORATORIO,DESCONOCIDA,2005-01-01,2006-12-31,2.0,True,False
3821,RESPONSABLE DE LABORATORIO DE BRAMOTOLOGIA,DESCONOCIDA,2007-01-01,2007-12-31,1.0,True,False
3821,RESPONSABLE DEL AREA DE INSTRUMENTAL,DESCONOCIDA,2008-02-01,2009-12-31,1.91,True,False
3821,PROFESOR NO TITULAR OCASIONAL (TP),FACULTAD DE CIENCIAS DE LA VIDA,2015-10-05,2019-02-22,3.38,True,False
3829,AUXILIAR DE SECRETARIA  I,DESCONOCIDA,1991-02-01,1997-01-31,6.0,True,False
3829,SECRETARIA BILINGUE (G-06),DESCONOCIDA,1997-02-01,1998-01-30,0.99,True,False
3829,PROFESOR,DESCONOCIDA,2004-02-01,2005-01-30,1.0,True,False
3829,PROFESOR,DESCONOCIDA,2006-07-01,2008-06-30,2.0,True,False
3829,JEFE DE LABORATORIO DE CELEX,DESCONOCIDA,2008-07-01,2008-12-31,0.5,True,False
3829,PROFESOR TITULAR AUXILIAR 2 (TC),FACULTAD DE CIENCIAS SOCIALES Y HUMANÍSTICAS,2011-09-25,2025-09-11,13.96,True,True
3829,SUBDECANO(A),DESCONOCIDA,2019-10-31,2019-11-21,0.06,False,True
3962,ASISTENTE DE LABORATORIO,DESCONOCIDA,2009-09-01,2010-12-31,1.33,True,False
3962,PROFESOR NO TITULAR OCASIONAL (TC),FACULTAD DE CIENCIAS DE LA VIDA,2016-06-01,2020-04-30,3.91,True,False
3973,TÉCNICO DOCENTE,FACULTAD DE INGENIERÍA EN ELECTRICIDAD Y COMPUTACIÓN,2015-05-11,2016-12-31,1.64,True,True
3973,PROFESOR NO TITULAR OCASIONAL 2 (TC),FACULTAD DE INGENIERÍA EN ELECTRICIDAD Y COMPUTACIÓN,2016-04-13,2017-12-31,1.72,True,True
3973,TÉCNICO DOCENTE 1 (TC),FACULTAD DE INGENIERÍA EN ELECTRICIDAD Y COMPUTACIÓN,2018-01-01,2023-10-13,5.78,True,False
3987,PROFESOR NO TITULAR OCASIONAL (TC),FACULTAD DE INGENIERÍA MECÁNICA Y CIENCIAS DE LA PRODUCCIÓN,2015-10-21,2020-03-31,4.44,True,False
3987,PROFESOR TITULAR AGREGADO 2 (TC),FACULTAD DE INGENIERÍA MECÁNICA Y CIENCIAS DE LA PRODUCCIÓN,2020-04-01,,6.46,True,False
3990,DISEÑADOR GRÁFICO DE SISTEMAS WEB,DESCONOCIDA,2011-10-10,2013-10-03,1.98,True,True
3990,ASISTENTE DE COMUNICACIÓN SOCIAL,DESCONOCIDA,2013-10-03,2016-07-01,2.74,True,True
3990,DISEÑADOR GRÁFICO 1,GERENCIA DE TECNOLOGÍAS Y SISTEMAS DE INFORMACIÓN,2016-07-01,,10.21,True,True
4001,PROFESOR NO TITULAR OCASIONAL (TP),DESCONOCIDA,2014-10-20,2015-03-13,0.39,True,False
4001,PROFESOR NO TITULAR OCASIONAL (TC),FACULTAD DE INGENIERÍA EN CIENCIAS DE LA TIERRA,2015-05-01,2018-03-05,2.84,True,False
4001,PROFESOR NO TITULAR OCASIONAL (TC),FACULTAD DE INGENIERÍA EN CIENCIAS DE LA TIERRA,2019-11-01,2020-02-21,0.31,True,False
4001,PROFESOR NO TITULAR OCASIONAL (TC),FACULTAD DE INGENIERÍA EN CIENCIAS DE LA TIERRA,2020-06-01,2021-08-31,1.25,True,True
4001,PROFESOR TITULAR AUXILIAR 2 (TC),FACULTAD DE INGENIERÍA EN CIENCIAS DE LA TIERRA,2021-08-01,,5.12,True,True
4024,ASISTENTE DE INVESTIGACIÓN,DESCONOCIDA,2011-09-01,2012-12-31,1.33,True,False
4024,AYUDANTE DE INVESTIGACIÓN,DESCONOCIDA,2013-01-02,2014-01-01,1.0,True,False
4024,PROFESOR NO TITULAR OCASIONAL (TC),FACULTAD DE CIENCIAS DE LA VIDA,2018-10-01,,7.96,True,False
4029,PROFESOR PREGRADO,DESCONOCIDA,2010-05-17,2014-09-30,4.37,True,False
4029,PROFESOR NO TITULAR OCASIONAL (TC),FACULTAD DE CIENCIAS SOCIALES Y HUMANÍSTICAS,2014-10-01,2021-07-31,6.83,True,False
4029,PROFESOR TITULAR AUXILIAR 1 (TC),FACULTAD DE CIENCIAS SOCIALES Y HUMANÍSTICAS,2021-08-01,2022-03-15,0.62,True,False
4029,PROFESOR TITULAR AUXILIAR 1 (TC),FACULTAD DE CIENCIAS SOCIALES Y HUMANÍSTICAS,2022-12-27,2023-03-17,0.22,False,False
4029,PROFESOR TITULAR AUXILIAR 1 (TC),FACULTAD DE CIENCIAS SOCIALES Y HUMANÍSTICAS,2023-12-26,2024-03-13,0.21,False,False
4029,PROFESOR TITULAR AUXILIAR 1 (TC),FACULTAD DE CIENCIAS SOCIALES Y HUMANÍSTICAS,2024-12-23,2025-03-14,0.22,False,False
4029,PROFESOR TITULAR AUXILIAR 1 (TC),FACULTAD DE CIENCIAS SOCIALES Y HUMANÍSTICAS,2025-12-26,2026-03-02,0.18,False,False
4029,PROFESOR TITULAR AUXILIAR 1 (TC),FACULTAD DE CIENCIAS SOCIALES Y HUMANÍSTICAS,2026-08-31,,0.04,False,False
4036,TÉCNICO DOCENTE,DESCONOCIDA,2014-05-01,2016-04-30,2.0,True,False
4036,PROFESOR NO TITULAR OCASIONAL (MT),FACULTAD DE INGENIERÍA EN ELECTRICIDAD Y COMPUTACIÓN,2016-05-01,2020-05-31,4.08,True,False
4062,TÉCNICOS ESPECIALIZADOS - EJECUCIÓN DE PROYECTOS,DESCONOCIDA,2016-06-18,2016-07-16,0.08,False,False
4067,PROFESOR NO TITULAR OCASIONAL (TC),FACULTAD DE INGENIERÍA MARÍTIMA Y CIENCIAS DEL MAR,2016-10-01,2022-09-30,6.0,True,False
4075,PROFESOR PREGRADO,DESCONOCIDA,2013-10-14,2013-12-31,0.21,False,False
4075,PROFESOR PREGRADO,DESCONOCIDA,2014-05-12,2014-10-03,0.39,True,False
4075,PROFESOR NO TITULAR OCASIONAL (TP),CENTRO DE EMPRENDIMIENTO E INNOVACIÓN I3LAB,2014-10-20,2015-10-02,0.95,True,False
4075,PROFESOR NO TITULAR OCASIONAL (TP),FACULTAD DE INGENIERÍA MECÁNICA Y CIENCIAS DE LA PRODUCCIÓN,2015-10-19,2016-02-28,0.36,True,False
4075,PROFESOR NO TITULAR OCASIONAL 1 (TP),FACULTAD DE CIENCIAS SOCIALES Y HUMANÍSTICAS,2016-05-02,2016-09-23,0.39,True,False
4075,PROFESOR NO TITULAR OCASIONAL 1 (TP),FACULTAD DE INGENIERÍA MECÁNICA Y CIENCIAS DE LA PRODUCCIÓN,2016-10-10,2017-09-22,0.95,True,False
4075,PROFESOR NO TITULAR OCASIONAL (TP),FACULTAD DE INGENIERÍA MECÁNICA Y CIENCIAS DE LA PRODUCCIÓN,2017-10-04,2018-03-02,0.41,True,False
4075,PROFESOR NO TITULAR OCASIONAL (MT),FACULTAD DE INGENIERÍA MECÁNICA Y CIENCIAS DE LA PRODUCCIÓN,2018-05-02,2018-09-21,0.39,True,False
4075,PROFESOR NO TITULAR OCASIONAL (MT),FACULTAD DE INGENIERÍA EN ELECTRICIDAD Y COMPUTACIÓN,2018-10-01,2019-02-22,0.39,True,False
4075,PROFESOR NO TITULAR OCASIONAL (TC),DECANATO DE GRADO,2019-05-13,,7.35,True,False
4082,PROFESOR NO TITULAR OCASIONAL,DESCONOCIDA,2013-10-14,2013-12-31,0.21,False,False
4082,PROFESOR NO TITULAR OCASIONAL,DESCONOCIDA,2014-05-12,2014-10-03,0.39,True,False
4082,PROFESOR NO TITULAR OCASIONAL (TP),DESCONOCIDA,2014-10-20,2015-03-13,0.39,True,False
4082,PROFESOR NO TITULAR OCASIONAL (TC),DESCONOCIDA,2015-05-01,2016-07-31,1.25,True,False
4082,PROFESOR TITULAR AUXILIAR 2 (TC),FACULTAD DE INGENIERÍA EN ELECTRICIDAD Y COMPUTACIÓN,2016-08-01,,10.12,True,False
4100,PROFESOR NO TITULAR OCASIONAL (TP),FACULTAD DE INGENIERÍA MECÁNICA Y CIENCIAS DE LA PRODUCCIÓN,2022-05-16,2022-12-09,0.57,True,False
4103,PROFESOR NO TITULAR OCASIONAL (TC),FACULTAD DE CIENCIAS NATURALES Y MATEMÁTICAS,2016-05-02,2024-02-16,7.79,True,False
4107,ANALISTA EN SEGURIDAD Y SALUD OCUPACIONAL,DIRECCIÓN DE SEGURIDAD Y SALUD OCUPACIONAL,2025-08-04,,1.12,True,False
4109,ANALISTA DE LABORATORIO,FACULTAD DE INGENIERÍA MARÍTIMA Y CIENCIAS DEL MAR,2014-07-01,,12.21,True,False
4135,DIRECTOR DE PROYECTO,DESCONOCIDA,2009-12-01,2010-01-31,0.17,False,False
4135,PROFESOR PREGRADO,DESCONOCIDA,2012-10-08,2013-12-31,1.23,True,False
4135,PROFESOR TITULAR AGREGADO 1 (TC),FACULTAD DE CIENCIAS SOCIALES Y HUMANÍSTICAS,2014-10-01,2021-09-15,6.96,True,False
4135,PROFESOR TITULAR AGREGADO 1 (TC),FACULTAD DE CIENCIAS SOCIALES Y HUMANÍSTICAS,2021-12-27,2022-08-26,0.66,True,False
4135,PROFESOR TITULAR AGREGADO 1 (TC),FACULTAD DE CIENCIAS SOCIALES Y HUMANÍSTICAS,2022-12-27,2023-03-19,0.22,False,False
4135,PROFESOR TITULAR AGREGADO 1 (TC),FACULTAD DE CIENCIAS SOCIALES Y HUMANÍSTICAS,2023-11-20,2024-03-28,0.35,True,False
4135,PROFESOR TITULAR AGREGADO 1 (TC),FACULTAD DE CIENCIAS SOCIALES Y HUMANÍSTICAS,2024-12-23,2025-03-30,0.27,True,False
4135,PROFESOR TITULAR AGREGADO 1 (TC),FACULTAD DE CIENCIAS SOCIALES Y HUMANÍSTICAS,2025-12-26,,0.72,True,False
4145,ASISTENTE DE INVESTIGACIÓN,DESCONOCIDA,2012-01-01,2013-12-31,2.0,True,False
4145,TÉCNICO DOCENTE,CENTRO DE INVESTIGACIONES BIOTECNOLÓGICAS DEL ECUADOR,2014-01-01,2015-12-01,1.91,True,False
4145,ANALISTA DE LABORATORIO DE INVESTIGACIÓN 3,CENTRO DE INVESTIGACIONES BIOTECNOLÓGICAS DEL ECUADOR,2015-12-02,2023-12-29,8.07,True,False
4145,ANALISTA DE LABORATORIO DE INVESTIGACIÓN 3,CENTRO DE INVESTIGACIONES BIOTECNOLÓGICAS DEL ECUADOR,2024-04-17,2025-04-02,0.96,True,False
4145,ANALISTA DE LABORATORIO DE INVESTIGACIÓN 3,CENTRO DE INVESTIGACIONES BIOTECNOLÓGICAS DEL ECUADOR,2025-08-19,2025-09-19,0.08,False,False
4145,ANALISTA DE LABORATORIO DE INVESTIGACIÓN 3,CENTRO DE INVESTIGACIONES BIOTECNOLÓGICAS DEL ECUADOR,2026-03-04,,0.54,True,False
4163,AYUDANTE,DESCONOCIDA,2008-10-01,2014-12-31,6.25,True,False
4163,ANALISTA FINANCIERO 2,GERENCIA FINANCIERA,2015-01-01,2023-12-01,8.91,True,False
4199,PROFESOR NO TITULAR OCASIONAL (TC),"FACULTAD DE ARTE, DISEÑO Y COMUNICACIÓN AUDIOVISUAL",2015-05-01,2020-02-21,4.81,True,False
4199,PROFESOR NO TITULAR OCASIONAL (TC),"FACULTAD DE ARTE, DISEÑO Y COMUNICACIÓN AUDIOVISUAL",2023-10-03,,2.95,True,False
4231,PROFESOR NO TITULAR OCASIONAL (TC),FACULTAD DE INGENIERÍA EN ELECTRICIDAD Y COMPUTACIÓN,2019-11-01,2021-07-31,1.75,True,False
4231,PROFESOR TITULAR AGREGADO 2 (TC),FACULTAD DE INGENIERÍA EN ELECTRICIDAD Y COMPUTACIÓN,2021-08-01,2026-04-30,4.74,True,False
4231,PROFESOR TITULAR AGREGADO 2 (TP),FACULTAD DE INGENIERÍA EN ELECTRICIDAD Y COMPUTACIÓN,2026-05-12,,0.35,True,False
4233,PROFESOR NO TITULAR OCASIONAL (TC),FACULTAD DE INGENIERÍA EN ELECTRICIDAD Y COMPUTACIÓN,2016-10-01,,9.96,True,False
4242,HONORARIOS  PROFESIONALES,DESCONOCIDA,2008-03-06,2009-03-05,1.0,True,False
4242,DISEÑADOR GRÁFICO DE SISTEMAS WEB,DESCONOCIDA,2009-03-06,2010-12-31,1.82,True,False
4242,DISEÑADOR GRÁFICO DE SISTEMAS WEB,DESCONOCIDA,2011-10-03,2014-09-30,2.99,True,False
4242,PROFESOR NO TITULAR OCASIONAL (TC),DESCONOCIDA,2014-10-01,2016-07-31,1.83,True,False
4242,PROFESOR TITULAR AUXILIAR 2 (TC),"FACULTAD DE ARTE, DISEÑO Y COMUNICACIÓN AUDIOVISUAL",2016-08-01,,10.12,True,True
4242,SUBDECANO(A),DESCONOCIDA,2019-04-02,2019-04-05,0.01,False,True
4267,TÉCNICO DOCENTE,DESCONOCIDA,2014-05-12,2015-12-31,1.64,True,False
4267,ANALISTA DE LABORATORIO,DESCONOCIDA,2016-01-01,2016-05-02,0.33,True,True
4267,PROFESOR NO TITULAR OCASIONAL 2 (TC),FACULTAD DE INGENIERÍA MECÁNICA Y CIENCIAS DE LA PRODUCCIÓN,2016-05-02,2017-09-22,1.39,True,True
4267,PROFESOR NO TITULAR OCASIONAL (TC),FACULTAD DE INGENIERÍA MECÁNICA Y CIENCIAS DE LA PRODUCCIÓN,2024-12-02,,1.79,True,False
4273,TÉCNICOS ESPECIALIZADOS - EJECUCIÓN DE PROYECTOS,DESCONOCIDA,2016-06-18,2016-07-16,0.08,False,False
4273,TÉCNICOS ESPECIALIZADOS - EJECUCIÓN DE PROYECTOS,FACULTAD DE CIENCIAS NATURALES Y MATEMÁTICAS,2016-10-29,2016-12-10,0.11,False,False
4273,TÉCNICO DOCENTE 4 (MT),DIRECCIÓN DE ADMISIONES,2021-10-11,2021-12-31,0.22,False,False
4279,TÉCNICOS ESPECIALIZADOS - EJECUCIÓN DE PROYECTOS,DECANATO DE INVESTIGACIÓN,2017-01-01,2017-05-31,0.41,True,False
4279,PROFESOR NO TITULAR OCASIONAL (TC),FACULTAD DE INGENIERÍA EN ELECTRICIDAD Y COMPUTACIÓN,2020-02-22,2020-03-31,0.1,False,False
4279,PROFESOR TITULAR AUXILIAR 1 (TC),FACULTAD DE INGENIERÍA EN ELECTRICIDAD Y COMPUTACIÓN,2020-04-01,2022-04-14,2.03,True,False
4279,PROFESOR TITULAR AUXILIAR 1 (TC),FACULTAD DE INGENIERÍA EN ELECTRICIDAD Y COMPUTACIÓN,2022-12-27,,3.72,True,False
4294,CONTRATO CIVIL - SERVICIO TÉCNICO ESPECIALIZADO,DESCONOCIDA,2017-05-01,2017-12-31,0.67,True,False
4294,ASISTENTE DE BIENESTAR ESTUDIANTIL Y POLITÉCNICO,UNIDAD DE BIENESTAR ESTUDIANTIL Y POLITÉCNICO,2018-02-01,2022-04-11,4.19,True,False
4296,PROFESOR NO TITULAR OCASIONAL (TC),FACULTAD DE INGENIERÍA EN ELECTRICIDAD Y COMPUTACIÓN,2017-10-01,2020-03-31,2.5,True,False
4296,PROFESOR TITULAR AGREGADO 2 (TC),FACULTAD DE INGENIERÍA EN ELECTRICIDAD Y COMPUTACIÓN,2020-04-01,,6.46,True,False
4300,PROFESOR PREGRADO,DESCONOCIDA,2011-10-10,2013-12-31,2.23,True,False
4300,PROFESOR PREGRADO,DESCONOCIDA,2014-05-12,2014-12-31,0.64,True,True
4300,PROFESOR NO TITULAR OCASIONAL (TC),FACULTAD DE CIENCIAS SOCIALES Y HUMANÍSTICAS,2014-10-01,2023-05-31,8.66,True,True
4300,PROFESOR TITULAR AUXILIAR 1 (TC),FACULTAD DE CIENCIAS SOCIALES Y HUMANÍSTICAS,2023-06-01,,3.29,True,False
4329,ASISTENTE DE CALIDAD,DESCONOCIDA,2011-04-18,2011-12-31,0.7,True,False
4329,ASISTENTE DE CALIDAD,DESCONOCIDA,2012-08-01,2014-12-31,2.41,True,False
4329,ANALISTA ESTADÍSTICO ACADÉMICO,FACULTAD DE INGENIERÍA MECÁNICA Y CIENCIAS DE LA PRODUCCIÓN,2015-01-01,,11.71,True,False
4330,TÉCNICOS ESPECIALIZADOS - EJECUCIÓN DE PROYECTOS,DESCONOCIDA,2017-04-24,2018-04-23,1.0,True,True
4330,DIRECTOR DEL CENTRO DE PROMOCIÓN Y EMPLEO,DESCONOCIDA,2017-12-01,2020-08-01,2.67,True,True
4337,TÉCNICO DOCENTE,DESCONOCIDA,2013-10-14,2015-12-31,2.21,True,False
4337,PROFESOR NO TITULAR OCASIONAL (TC),FACULTAD DE CIENCIAS NATURALES Y MATEMÁTICAS,2021-10-04,2024-12-08,3.18,True,False
4337,PROFESOR TITULAR AGREGADO 1 (TC),FACULTAD DE CIENCIAS NATURALES Y MATEMÁTICAS,2024-12-09,,1.77,True,False
4342,PROFESOR NO TITULAR OCASIONAL (TP),FACULTAD DE CIENCIAS SOCIALES Y HUMANÍSTICAS,2015-05-11,2016-02-28,0.8,True,False
4342,PROFESOR NO TITULAR OCASIONAL 1 (TC),FACULTAD DE CIENCIAS SOCIALES Y HUMANÍSTICAS,2016-05-02,2016-09-23,0.39,True,False
4342,PROFESOR NO TITULAR OCASIONAL 1 (TP),FACULTAD DE CIENCIAS NATURALES Y MATEMÁTICAS,2016-10-10,2017-03-17,0.43,True,False
4342,PROFESOR NO TITULAR OCASIONAL 1 (TP),FACULTAD DE CIENCIAS SOCIALES Y HUMANÍSTICAS,2017-05-02,2017-09-22,0.39,True,False
4342,PROFESOR NO TITULAR OCASIONAL (TP),FACULTAD DE CIENCIAS SOCIALES Y HUMANÍSTICAS,2017-10-04,2020-02-21,2.38,True,False
4342,PROFESOR NO TITULAR OCASIONAL (TP),FACULTAD DE CIENCIAS SOCIALES Y HUMANÍSTICAS,2021-05-17,2023-02-17,1.75,True,False
4343,PROFESOR NO TITULAR OCASIONAL (TP),FACULTAD DE CIENCIAS SOCIALES Y HUMANÍSTICAS,2014-05-12,2018-03-02,3.81,True,False
4343,PROFESOR NO TITULAR OCASIONAL (TC),FACULTAD DE CIENCIAS SOCIALES Y HUMANÍSTICAS,2018-05-01,2019-05-14,1.03,True,False
4343,PROFESOR NO TITULAR OCASIONAL (MT),FACULTAD DE CIENCIAS SOCIALES Y HUMANÍSTICAS,2024-10-07,2025-02-14,0.36,True,False
4353,ASISTENTE TÉCNICO DE SOPORTE,DESCONOCIDA,2008-08-01,2014-12-31,6.41,True,False
4353,ANALISTA DE INFRAESTRUCTURA INFORMÁTICA 2,FACULTAD DE INGENIERÍA EN ELECTRICIDAD Y COMPUTACIÓN,2015-01-01,,11.71,True,False
4383,PROFESOR NO TITULAR OCASIONAL (TC),FACULTAD DE INGENIERÍA MECÁNICA Y CIENCIAS DE LA PRODUCCIÓN,2017-01-10,,9.68,True,False
4395,PROFESOR NO TITULAR OCASIONAL (TC),FACULTAD DE CIENCIAS SOCIALES Y HUMANÍSTICAS,2015-05-01,2024-12-31,9.67,True,False
4401,PROFESOR PREGRADO,DESCONOCIDA,2007-05-14,2013-05-17,6.01,True,True
4401,ASISTENTE DE VINCULOS,DESCONOCIDA,2008-08-01,2009-07-31,1.0,True,True
4401,PROFESOR NO TITULAR OCASIONAL (TC),FACULTAD DE CIENCIAS NATURALES Y MATEMÁTICAS,2014-10-01,2023-02-17,8.38,True,False
4444,COORDINADOR DE RECEPCIÓN DE DOCUMENTOS,DESCONOCIDA,2007-01-01,2010-12-31,4.0,True,False
4444,COORDINADOR DE RECEPCIÓN DE DOCUMENTOS,DESCONOCIDA,2011-04-01,2014-12-31,3.75,True,False
4444,ANALISTA FINANCIERO 3,GERENCIA FINANCIERA,2015-01-01,,11.71,True,False
4466,AYUDANTE DE SERVICIOS ADMINISTRATIVOS,DIRECCIÓN DE LA SECRETARÍA TÉCNICA DE ASEGURAMIENTO DE LA CALIDAD DE LA EDUCACIÓN SUPERIOR,2015-04-13,2016-10-10,1.49,True,False
4466,TÉCNICOS ESPECIALIZADOS - EJECUCIÓN DE PROYECTOS,DESCONOCIDA,2017-01-03,2017-12-31,0.99,True,False
4466,ANALISTA DE CALIDAD Y ACREDITACIÓN 2,SECRETARÍA TÉCNICA DE ASEGURAMIENTO DE LA CALIDAD,2023-11-01,,2.87,True,False
4488,TÉCNICO DOCENTE 3 (TC),DIRECCIÓN DE ADMISIONES,2023-09-20,2023-12-31,0.28,True,False
4490,TÉCNICO DOCENTE,DESCONOCIDA,2014-10-01,2016-04-12,1.53,True,False
4490,PROFESOR NO TITULAR OCASIONAL 2 (TC),FACULTAD DE CIENCIAS NATURALES Y MATEMÁTICAS,2016-04-13,2017-12-31,1.72,True,False
4490,TECNICO DOCENTE 4,FACULTAD DE CIENCIAS NATURALES Y MATEMÁTICAS,2018-01-01,2019-09-30,1.74,True,False
4490,TÉCNICO DOCENTE 1 (TC),FACULTAD DE CIENCIAS NATURALES Y MATEMÁTICAS,2020-10-01,2023-05-14,2.61,True,False
4490,PROFESOR NO TITULAR OCASIONAL (TC),FACULTAD DE CIENCIAS NATURALES Y MATEMÁTICAS,2023-05-15,,3.34,True,False
4512,ASISTENTE ADMINISTRATIVO,FACULTAD DE CIENCIAS DE LA VIDA,2016-08-01,2018-01-31,1.5,True,False
4512,ANALISTA ESTADÍSTICO ACADÉMICO,FACULTAD DE CIENCIAS DE LA VIDA,2018-02-01,2022-01-01,3.91,True,False
4527,PROFESOR NO TITULAR OCASIONAL (TC),FACULTAD DE CIENCIAS NATURALES Y MATEMÁTICAS,2015-10-01,,10.96,True,False
4560,PROFESOR NO TITULAR OCASIONAL (TC),FACULTAD DE INGENIERÍA EN ELECTRICIDAD Y COMPUTACIÓN,2016-10-10,,9.93,True,False
4584,COORDINADORA DE CALIDAD,DESCONOCIDA,2008-11-01,2014-12-31,6.16,True,False
4584,ANALISTA DE GESTIÓN DE POSTGRADO,DECANATO DE POSGRADO,2015-01-01,,11.71,True,False
4627,TÉCNICOS ESPECIALIZADOS - EJECUCIÓN DE PROYECTOS,DESCONOCIDA,2016-06-18,2016-07-16,0.08,False,False
4627,TÉCNICOS ESPECIALIZADOS - EJECUCIÓN DE PROYECTOS,FACULTAD DE CIENCIAS NATURALES Y MATEMÁTICAS,2016-10-29,2016-12-10,0.11,False,False
4635,PROFESOR NO TITULAR OCASIONAL (TC),FACULTAD DE CIENCIAS NATURALES Y MATEMÁTICAS,2016-04-01,2018-09-20,2.47,True,False
4635,PROFESOR NO TITULAR OCASIONAL (TC),FACULTAD DE CIENCIAS SOCIALES Y HUMANÍSTICAS,2023-05-15,,3.34,True,False
4667,TÉCNICO DOCENTE 3 (TC),DIRECCIÓN DE ADMISIONES,2023-05-29,,3.3,True,False
4675,PROFESOR NO TITULAR OCASIONAL (TC),FACULTAD DE CIENCIAS NATURALES Y MATEMÁTICAS,2011-05-16,2020-02-21,8.77,True,False
4707,INVESTIGADOR,DESCONOCIDA,2014-04-15,2014-09-30,0.46,True,False
4707,PROFESOR NO TITULAR OCASIONAL (TC),FACULTAD DE INGENIERÍA EN ELECTRICIDAD Y COMPUTACIÓN,2014-10-01,,11.96,True,False
4714,TÉCNICO DOCENTE,DESCONOCIDA,2014-08-01,2014-10-09,0.19,False,False
4714,PROFESOR NO TITULAR OCASIONAL (TC),FACULTAD DE INGENIERÍA EN ELECTRICIDAD Y COMPUTACIÓN,2016-10-01,,9.96,True,False
4718,ANALISTA DE LABORATORIO,FACULTAD DE INGENIERÍA EN CIENCIAS DE LA TIERRA,2014-10-20,,11.91,True,False
4736,SUPERVISOR DE PROYECTOS ESTADÍSTICOS,DESCONOCIDA,2004-01-01,2014-12-31,11.0,True,False
4736,TÉCNICO DOCENTE,FACULTAD DE CIENCIAS NATURALES Y MATEMÁTICAS,2015-01-01,2015-12-01,0.91,True,False
4736,ANALISTA DE GESTIÓN DE PROYECTOS DE INVESTIGACIÓN,CENTRO DE ESTUDIOS E INVESTIGACIONES ESTADÍSTICAS,2015-12-02,,10.79,True,True
4736,PROFESOR NO TITULAR OCASIONAL (TP),FACULTAD DE CIENCIAS NATURALES Y MATEMÁTICAS,2018-05-01,2019-09-20,1.39,True,True
4776,INVESTIGADOR,DESCONOCIDA,2014-03-01,2014-03-08,0.02,False,False
4776,PROFESOR NO TITULAR OCASIONAL (TC),FACULTAD DE INGENIERÍA EN ELECTRICIDAD Y COMPUTACIÓN,2019-07-01,2024-05-31,4.92,True,False
4819,ASISTENTE EJECUTIVA 2,FACULTAD DE CIENCIAS DE LA VIDA,2007-07-19,2022-01-01,14.45,True,False
4829,PROFESOR NO TITULAR OCASIONAL (TC),FACULTAD DE CIENCIAS NATURALES Y MATEMÁTICAS,2018-05-01,2020-09-30,2.42,True,False
4830,AYUDANTE,DESCONOCIDA,2012-03-01,2013-12-31,1.83,True,False
4830,ANALISTA FINANCIERO 2,GERENCIA FINANCIERA,2015-06-01,,11.29,True,False
4835,PROFESOR PREGRADO,DESCONOCIDA,2012-10-08,2014-04-15,1.52,True,False
4835,PROFESOR NO TITULAR OCASIONAL (TC),FACULTAD DE INGENIERÍA EN CIENCIAS DE LA TIERRA,2018-09-01,2023-05-31,4.74,True,False
4835,PROFESOR TITULAR AGREGADO 1 (TC),FACULTAD DE INGENIERÍA EN CIENCIAS DE LA TIERRA,2023-06-01,,3.29,True,False
4860,PROFESOR NO TITULAR OCASIONAL (TC),CENTRO DE EMPRENDIMIENTO E INNOVACIÓN I3LAB,2015-05-01,2020-09-30,5.42,True,True
4860,TÉCNICOS ESPECIALIZADOS - EJECUCIÓN DE PROYECTOS,DESCONOCIDA,2016-11-14,2016-11-18,0.01,False,True
4860,TÉCNICOS ESPECIALIZADOS - EJECUCIÓN DE PROYECTOS,CENTRO DE INVESTIGACIONES Y SERVICIOS EDUCATIVOS,2017-02-10,2017-02-17,0.02,False,True
4871,AYUDANTE CONTABLE,DESCONOCIDA,2009-07-01,2010-12-31,1.5,True,False
4871,AYUDANTE,DESCONOCIDA,2011-04-01,2014-12-31,3.75,True,False
4871,ANALISTA CONTABLE 2,GERENCIA FINANCIERA,2015-01-01,,11.71,True,False
4894,PROFESOR NO TITULAR OCASIONAL (TC),FACULTAD DE INGENIERÍA MECÁNICA Y CIENCIAS DE LA PRODUCCIÓN,2016-04-07,2020-09-30,4.48,True,False
4901,TÉCNICO DOCENTE,DESCONOCIDA,2013-10-14,2014-03-31,0.46,True,False
4901,PROFESOR PREGRADO,DESCONOCIDA,2014-04-01,2014-09-30,0.5,True,False
4901,PROFESOR NO TITULAR OCASIONAL (TC),FACULTAD DE CIENCIAS SOCIALES Y HUMANÍSTICAS,2016-01-01,2024-05-28,8.4,True,False
4924,RELACIONISTA PÚBLICA,DESCONOCIDA,2007-01-16,2007-10-30,0.79,True,True
4924,PROFESOR PREGRADO,DESCONOCIDA,2007-10-15,2009-03-02,1.38,True,True
4924,COORDINADORA DE RELACIONES PÚBLICAS Y ACTIVIDADES CULTURALES FEN,DESCONOCIDA,2008-11-01,2010-12-31,2.16,True,True
4924,PROFESOR NO TITULAR OCASIONAL,DESCONOCIDA,2013-05-13,2013-12-31,0.64,True,False
4924,PROFESOR NO TITULAR OCASIONAL (MT),FACULTAD DE CIENCIAS SOCIALES Y HUMANÍSTICAS,2014-05-12,2019-09-20,5.36,True,False
4971,PROFESOR,DESCONOCIDA,2011-05-16,2011-11-30,0.54,True,False
4971,PROFESOR TITULAR AUXILIAR 2 (TC),FACULTAD DE INGENIERÍA EN ELECTRICIDAD Y COMPUTACIÓN,2013-01-01,2025-08-05,12.59,True,False
5027,DOCENTE,DESCONOCIDA,2012-10-08,2013-02-26,0.39,True,False
5027,PROFESOR NO TITULAR OCASIONAL (TP),DESCONOCIDA,2015-01-01,2015-03-13,0.19,False,False
5027,PROFESOR NO TITULAR OCASIONAL (MT),DESCONOCIDA,2015-05-11,2015-10-02,0.39,True,False
5027,PROFESOR NO TITULAR OCASIONAL (TP),FACULTAD DE INGENIERÍA EN CIENCIAS DE LA TIERRA,2015-10-19,2016-02-28,0.36,True,False
5027,PROFESOR NO TITULAR OCASIONAL (TC),FACULTAD DE INGENIERÍA EN CIENCIAS DE LA TIERRA,2020-10-01,2023-05-31,2.66,True,False
5027,PROFESOR TITULAR AGREGADO 1 (TC),FACULTAD DE INGENIERÍA EN CIENCIAS DE LA TIERRA,2023-06-01,2025-03-17,1.79,True,False
5027,PROFESOR TITULAR AGREGADO 1 (TC),FACULTAD DE INGENIERÍA EN CIENCIAS DE LA TIERRA,2025-12-26,2025-12-31,0.01,False,False
5027,PROFESOR TITULAR AGREGADO 1 (TC),FACULTAD DE INGENIERÍA EN CIENCIAS DE LA TIERRA,2026-04-13,,0.43,True,False
5087,ASISTENTE DE INVESTIGACIÓN,DESCONOCIDA,2009-01-01,2010-12-31,2.0,True,False
5087,PROFESOR NO TITULAR OCASIONAL (TP),FACULTAD DE CIENCIAS DE LA VIDA,2015-10-01,2025-01-31,9.34,True,False
5087,PROFESOR NO TITULAR OCASIONAL (TP),FACULTAD DE CIENCIAS DE LA VIDA,2026-05-26,,0.31,True,False
5185,PROFESOR NO TITULAR OCASIONAL (MT),FACULTAD DE INGENIERÍA EN CIENCIAS DE LA TIERRA,2018-10-01,2019-02-22,0.39,True,False
5185,PROFESOR NO TITULAR OCASIONAL (TP),FACULTAD DE INGENIERÍA EN CIENCIAS DE LA TIERRA,2019-05-13,2019-09-20,0.36,True,False
5185,TÉCNICO DE LABORATORIO 1 (TC),FACULTAD DE INGENIERÍA EN CIENCIAS DE LA TIERRA,2023-10-05,2023-12-31,0.24,False,False
5185,TÉCNICO DE LABORATORIO 1 (TC),DECANATO DE GRADO,2025-03-05,,1.53,True,False
5280,ASESOR JURIDICO,DESCONOCIDA,1992-09-01,1993-02-28,0.49,True,False
5280,PROFESOR NO TITULAR OCASIONAL (TP),FACULTAD DE CIENCIAS SOCIALES Y HUMANÍSTICAS,2015-01-01,2016-02-28,1.16,True,False
5280,PROFESOR NO TITULAR OCASIONAL 1 (TP),DESCONOCIDA,2016-05-02,2016-09-23,0.39,True,False
5280,PROFESOR NO TITULAR OCASIONAL 1 (TP),FACULTAD DE CIENCIAS NATURALES Y MATEMÁTICAS,2016-10-10,2017-03-17,0.43,True,False
5280,PROFESOR NO TITULAR OCASIONAL 1 (TP),FACULTAD DE CIENCIAS SOCIALES Y HUMANÍSTICAS,2017-05-02,2017-09-22,0.39,True,False
5290,PROFESOR PREGRADO,DESCONOCIDA,2005-05-16,2005-09-24,0.36,True,False
5290,PROFESOR PREGRADO,DESCONOCIDA,2006-05-15,2006-09-23,0.36,True,False
5290,PROFESOR PREGRADO,DESCONOCIDA,2008-10-13,2013-05-12,4.58,True,False
5290,PROFESOR NO TITULAR OCASIONAL (TC),FACULTAD DE CIENCIAS SOCIALES Y HUMANÍSTICAS,2014-10-01,,11.96,True,True
5290,TÉCNICOS ESPECIALIZADOS - EJECUCIÓN DE PROYECTOS,DESCONOCIDA,2015-11-23,2016-02-17,0.24,False,True
5307,PROFESOR PREGRADO,DESCONOCIDA,2007-05-14,2007-09-22,0.36,True,False
5307,PROFESOR PREGRADO,DESCONOCIDA,2008-10-13,2013-05-16,4.59,True,False
5307,PROFESOR NO TITULAR OCASIONAL (TC),FACULTAD DE INGENIERÍA EN ELECTRICIDAD Y COMPUTACIÓN,2014-10-01,2020-02-21,5.39,True,False
5323,PROFESOR PREGRADO,DESCONOCIDA,2005-05-16,2005-09-24,0.36,True,False
5323,PROFESOR PREGRADO,DESCONOCIDA,2006-05-15,2006-09-23,0.36,True,False
5323,PROFESOR PREGRADO,DESCONOCIDA,2008-10-13,2009-03-02,0.38,True,False
5323,PROFESOR PREGRADO,DESCONOCIDA,2013-05-13,2013-12-31,0.64,True,False
5323,PROFESOR NO TITULAR OCASIONAL (TC),FACULTAD DE CIENCIAS SOCIALES Y HUMANÍSTICAS,2014-10-01,2020-02-21,5.39,True,False
5325,PROFESOR PREGRADO,DESCONOCIDA,2006-08-01,2008-06-30,1.91,True,False
5325,PROFESOR,DESCONOCIDA,2008-10-13,2009-03-02,0.38,True,False
5325,PROFESOR NO TITULAR,DESCONOCIDA,2009-05-18,2010-05-17,1.0,True,False
5325,PROFESOR,DESCONOCIDA,2010-05-18,2011-05-18,1.0,True,False
5325,PROFESOR TITULAR AGREGADO 3 (TC),FACULTAD DE CIENCIAS NATURALES Y MATEMÁTICAS,2011-06-01,2025-11-01,14.42,True,True
5325,SUBDECANO(A),DESCONOCIDA,2016-02-20,2016-02-27,0.02,False,True
5336,PROFESOR PREGRADO,DESCONOCIDA,2005-08-24,2006-03-03,0.52,True,False
5336,PROFESOR PREGRADO,DESCONOCIDA,2006-10-17,2007-09-22,0.93,True,False
5336,PROFESOR PREGRADO,DESCONOCIDA,2008-05-21,2008-07-01,0.11,False,False
5336,PROFESOR PREGRADO,DESCONOCIDA,2008-10-13,2009-03-02,0.38,True,False
5336,PROFESOR PREGRADO,DESCONOCIDA,2009-10-12,2010-03-02,0.39,True,False
5336,PROFESOR TITULAR AGREGADO 1 (TC),FACULTAD DE CIENCIAS SOCIALES Y HUMANÍSTICAS,2010-05-17,2022-12-30,12.62,True,True
5336,DECANO(A),FACULTAD DE INGENIERÍA EN CIENCIAS DE LA TIERRA,2022-11-13,2025-08-31,2.8,True,True
5336,PROFESOR TITULAR AGREGADO 1 (TC),FACULTAD DE CIENCIAS SOCIALES Y HUMANÍSTICAS,2025-07-15,,1.17,True,True
5337,DIRECTORA ENCARGADA DEL CIBE,DESCONOCIDA,2005-01-01,2005-04-30,0.33,True,False
5337,PROFESOR PREGRADO,DESCONOCIDA,2007-05-14,2007-09-22,0.36,True,False
5337,PROFESOR TITULAR AGREGADO 1 (TC),FACULTAD DE CIENCIAS DE LA VIDA,2008-10-13,2019-02-11,10.33,True,False
5337,DECANO(A),FACULTAD DE CIENCIAS DE LA VIDA,2019-02-12,2022-12-30,3.88,True,True
5337,PROFESOR TITULAR AGREGADO 1 (TC),FACULTAD DE CIENCIAS DE LA VIDA,2021-04-22,2022-11-13,1.56,True,True
5337,DECANO(A),FACULTAD DE CIENCIAS DE LA VIDA,2023-04-24,2023-10-02,0.44,True,True
5337,DECANO(A),DECANATO DE GRADO,2023-09-03,2023-09-22,0.05,False,True
5337,VICERRECTOR(A) DE DOCENCIA,VICERRECTORADO DE DOCENCIA,2023-11-19,2024-04-05,0.38,True,True
5337,DECANO(A),DECANATO DE GRADO,2024-02-23,2024-02-26,0.01,False,True
5337,"VICERRECTOR(A) DE INVESTIGACIÓN, DESARROLLO E INNOVACIÓN","VICERRECTORADO DE INVESTIGACIÓN, DESARROLLO E INNOVACIÓN",2024-03-17,2024-03-17,0.0,False,True
5337,DECANO(A),FACULTAD DE CIENCIAS DE LA VIDA,2024-06-03,2024-06-21,0.05,False,False
5337,DECANO(A),DECANATO DE VINCULACIÓN,2024-06-25,2024-08-08,0.12,False,True
5337,DECANO(A),DECANATO DE POSGRADO,2024-07-22,2024-07-25,0.01,False,True
5337,DECANO(A),DECANATO DE GRADO,2024-09-17,2024-09-20,0.01,False,False
5337,DECANO(A),FACULTAD DE CIENCIAS DE LA VIDA,2024-11-05,,1.86,True,True
5337,DECANO(A),DECANATO DE VINCULACIÓN,2025-04-14,2025-05-16,0.09,False,True
5337,DECANO(A),DECANATO DE VINCULACIÓN,2025-12-04,2025-12-06,0.01,False,True
5339,PROFESOR PREGRADO,DESCONOCIDA,2005-05-16,2010-03-02,4.79,True,False
5339,PROFESOR PREGRADO,DESCONOCIDA,2014-05-12,2014-10-03,0.39,True,False
5339,PROFESOR NO TITULAR OCASIONAL (MT),DESCONOCIDA,2014-10-20,2015-10-02,0.95,True,False
5339,PROFESOR NO TITULAR OCASIONAL (TC),FACULTAD DE CIENCIAS SOCIALES Y HUMANÍSTICAS,2015-10-19,2025-09-19,9.92,True,False
5356,JEFE DE INVESTIGACION,DESCONOCIDA,2009-01-01,2011-12-31,2.99,True,True
5356,DOCENTE,DESCONOCIDA,2009-05-18,2009-09-25,0.36,True,True
5356,PROFESOR TITULAR AGREGADO 3 (TC),FACULTAD DE CIENCIAS DE LA VIDA,2015-03-01,,11.54,True,False
5361,PROFESOR PREGRADO,DESCONOCIDA,2003-03-01,2004-02-28,1.0,True,False
5361,PROFESOR PREGRADO,DESCONOCIDA,2007-04-01,2009-03-31,2.0,True,False
5361,PROFESOR PREGRADO,DESCONOCIDA,2010-05-17,2013-12-31,3.62,True,False
5361,PROFESOR NO TITULAR OCASIONAL (TC),FACULTAD DE CIENCIAS SOCIALES Y HUMANÍSTICAS,2014-05-12,,12.35,True,False
5371,CONTRATACIÓN DE SERVICIOS,DESCONOCIDA,2006-05-29,2006-07-12,0.12,False,False
5371,PROFESOR NO TITULAR OCASIONAL (TC),FACULTAD DE INGENIERÍA EN ELECTRICIDAD Y COMPUTACIÓN,2009-05-18,,17.33,True,False
5388,PROFESOR PREGRADO,DESCONOCIDA,2005-10-17,2006-03-03,0.38,True,False
5388,PROFESOR PREGRADO,DESCONOCIDA,2006-10-17,2007-03-06,0.38,True,False
5388,PROFESOR TITULAR PRINCIPAL 1 (TC),FACULTAD DE INGENIERÍA MARÍTIMA Y CIENCIAS DEL MAR,2007-05-14,,19.34,True,True
5388,SUBDECANO(A),DESCONOCIDA,2017-10-16,2017-11-22,0.1,False,True
5388,SUBDECANO(A),DESCONOCIDA,2018-06-04,2018-06-08,0.01,False,True
5388,SUBDECANO(A),DESCONOCIDA,2019-11-14,2019-11-18,0.01,False,True
5417,PROFESOR PREGRADO,DESCONOCIDA,2005-10-17,2008-03-05,2.38,True,False
5417,COORDINADOR DE CALIDAD DEL INTEC,DESCONOCIDA,2008-03-06,2008-05-05,0.16,False,False
5417,PROFESOR PREGRADO,DESCONOCIDA,2008-10-13,2009-03-02,0.38,True,False
5417,PROFESOR NO TITULAR OCASIONAL (TC),FACULTAD DE CIENCIAS DE LA VIDA,2009-05-18,2019-09-23,10.35,True,False
5422,AUXILIAR DE SECRETARÍA,DESCONOCIDA,2001-07-05,2002-07-04,1.0,True,False
5422,DIGITADOR,DESCONOCIDA,2002-07-05,2003-07-04,1.0,True,False
5422,ASISTENTE DE ADMISIONES,DIRECCIÓN DE ADMISIONES,2008-10-01,,17.96,True,False
5436,PROFESOR PREGRADO,DESCONOCIDA,2006-10-17,2007-03-06,0.38,True,False
5436,PROFESOR,DESCONOCIDA,2007-05-14,2007-09-22,0.36,True,False
5436,PROFESOR PREGRADO,DESCONOCIDA,2013-05-13,2014-09-30,1.38,True,False
5436,PROFESOR NO TITULAR OCASIONAL (TC),FACULTAD DE CIENCIAS NATURALES Y MATEMÁTICAS,2014-10-01,2021-07-31,6.83,True,False
5436,PROFESOR TITULAR AUXILIAR 1 (TC),FACULTAD DE CIENCIAS NATURALES Y MATEMÁTICAS,2021-08-01,2022-04-29,0.74,True,False
5436,PROFESOR TITULAR AUXILIAR 1 (TC),FACULTAD DE CIENCIAS NATURALES Y MATEMÁTICAS,2022-12-27,2023-04-06,0.27,True,False
5436,PROFESOR TITULAR AUXILIAR 1 (TC),FACULTAD DE CIENCIAS NATURALES Y MATEMÁTICAS,2023-12-26,2024-04-29,0.34,True,False
5436,PROFESOR TITULAR AUXILIAR 1 (TC),FACULTAD DE CIENCIAS NATURALES Y MATEMÁTICAS,2024-12-26,2024-12-31,0.01,False,False
5436,PROFESOR TITULAR AUXILIAR 1 (TC),FACULTAD DE CIENCIAS NATURALES Y MATEMÁTICAS,2025-11-25,,0.81,True,False
5460,PROFESOR NO TITULAR OCASIONAL (TC),FACULTAD DE INGENIERÍA MECÁNICA Y CIENCIAS DE LA PRODUCCIÓN,2014-10-01,2020-03-31,5.5,True,False
5460,PROFESOR TITULAR AUXILIAR 1 (TC),FACULTAD DE INGENIERÍA MECÁNICA Y CIENCIAS DE LA PRODUCCIÓN,2020-04-01,2021-03-12,0.94,True,False
5460,PROFESOR TITULAR AUXILIAR 1 (TC),FACULTAD DE INGENIERÍA MECÁNICA Y CIENCIAS DE LA PRODUCCIÓN,2021-12-28,2022-07-15,0.54,True,False
5460,PROFESOR TITULAR AUXILIAR 1 (TC),FACULTAD DE INGENIERÍA MECÁNICA Y CIENCIAS DE LA PRODUCCIÓN,2022-12-27,,3.72,True,False
5559,SOPORTE TÉCNICO,DESCONOCIDA,2007-10-01,2008-09-30,1.0,True,False
5559,JEFE DE COMPUTACIÓN,DESCONOCIDA,2008-10-01,2009-09-30,1.0,True,False
5559,JEFE DE COMPUTACIÓN,DESCONOCIDA,2010-01-01,2010-12-31,1.0,True,True
5559,ASISTENTE TÉCNICO DE SOPORTE,DESCONOCIDA,2010-10-01,2014-12-31,4.25,True,True
5559,ANALISTA ESTADÍSTICO ACADÉMICO,DIRECCIÓN DE LA SECRETARÍA TÉCNICA ACADEMICA,2015-01-01,,11.71,True,False
5561,ASISTENTE ADMINISTRATIVO,FACULTAD DE INGENIERÍA MARÍTIMA Y CIENCIAS DEL MAR,2008-10-01,2023-12-01,15.16,True,False
5573,TÉCNICO DOCENTE,DESCONOCIDA,2014-06-01,2016-05-31,2.0,True,False
5573,PROFESOR NO TITULAR OCASIONAL 2 (TC),DESCONOCIDA,2016-06-01,2016-12-31,0.58,True,False
5573,ANALISTA DE LABORATORIO,FACULTAD DE CIENCIAS DE LA VIDA,2017-01-01,,9.7,True,False
5583,PROFESOR NO TITULAR OCASIONAL (MT),FACULTAD DE INGENIERÍA MECÁNICA Y CIENCIAS DE LA PRODUCCIÓN,2018-10-01,2020-09-30,2.0,True,False
5583,PROFESOR NO TITULAR OCASIONAL (TC),FACULTAD DE INGENIERÍA MECÁNICA Y CIENCIAS DE LA PRODUCCIÓN,2020-10-12,2022-02-18,1.35,True,False
5588,TÉCNICO DOCENTE,FACULTAD DE INGENIERÍA EN ELECTRICIDAD Y COMPUTACIÓN,2014-10-06,2015-03-13,0.43,True,False
5588,PROFESOR NO TITULAR OCASIONAL (TC),FACULTAD DE INGENIERÍA EN ELECTRICIDAD Y COMPUTACIÓN,2020-02-22,,6.56,True,False
5590,PROFESOR NO TITULAR OCASIONAL (TC),FACULTAD DE INGENIERÍA EN ELECTRICIDAD Y COMPUTACIÓN,2018-05-18,2024-05-09,5.98,True,False
5601,JEFE DE LABORATORIO,DESCONOCIDA,2012-03-01,2012-12-31,0.83,True,False
5601,ANALISTA DE LABORATORIO DE INVESTIGACIÓN,DESCONOCIDA,2013-01-01,2013-12-31,1.0,True,False
5601,ANALISTA DE LABORATORIO,FACULTAD DE CIENCIAS DE LA VIDA,2016-01-04,2023-08-02,7.58,True,False
5607,TÉCNICO DE INVESTIGACIÓN 1 (TC),FACULTAD DE INGENIERÍA MECÁNICA Y CIENCIAS DE LA PRODUCCIÓN,2023-03-01,2025-05-04,2.18,True,False
5607,TÉCNICO DE INVESTIGACIÓN 2 (TC),FACULTAD DE INGENIERÍA MECÁNICA Y CIENCIAS DE LA PRODUCCIÓN,2025-06-02,,1.29,True,False
5616,TÉCNICO DE INVESTIGACIÓN 1 (TC),DESCONOCIDA,2020-11-04,2020-12-31,0.16,False,False
5653,PROFESOR PREGRADO,DESCONOCIDA,2007-05-14,2011-05-17,4.01,True,False
5653,PROFESOR NO TITULAR OCASIONAL,DESCONOCIDA,2011-09-18,2013-12-31,2.29,True,False
5653,PROFESOR NO TITULAR OCASIONAL 1 (TC),FACULTAD DE CIENCIAS NATURALES Y MATEMÁTICAS,2014-10-01,2017-09-22,2.98,True,False
5653,PROFESOR NO TITULAR OCASIONAL (TC),FACULTAD DE CIENCIAS NATURALES Y MATEMÁTICAS,2018-05-01,2021-02-19,2.81,True,False
5653,PROFESOR NO TITULAR OCASIONAL (MT),FACULTAD DE CIENCIAS NATURALES Y MATEMÁTICAS,2021-11-19,2025-02-14,3.24,True,False
5653,PROFESOR NO TITULAR OCASIONAL (MT),FACULTAD DE CIENCIAS NATURALES Y MATEMÁTICAS,2025-10-03,2026-02-13,0.36,True,False
5653,PROFESOR NO TITULAR OCASIONAL (TC),FACULTAD DE CIENCIAS NATURALES Y MATEMÁTICAS,2026-05-18,,0.33,True,False
5821,CONTRATO CIVIL - SERVICIO TÉCNICO ESPECIALIZADO,DESCONOCIDA,2016-10-30,2017-01-30,0.25,True,False
5821,TÉCNICOS ESPECIALIZADOS - EJECUCIÓN DE ACTIVIDADES,CENTRO DE INVESTIGACIÓN Y PROYECTOS APLICADOS A LAS CIENCIAS DE LA TIERRA,2019-01-02,2024-12-31,6.0,True,False
5831,PROFESOR NO TITULAR OCASIONAL (MT),FACULTAD DE CIENCIAS SOCIALES Y HUMANÍSTICAS,2015-07-01,2023-02-17,7.63,True,False
5831,PROFESOR NO TITULAR OCASIONAL (TP),FACULTAD DE CIENCIAS SOCIALES Y HUMANÍSTICAS,2023-11-17,2024-02-16,0.25,False,False
6056,PROFESOR PREGRADO,DESCONOCIDA,2013-05-13,2015-12-31,2.63,True,False
6056,PROFESOR NO TITULAR OCASIONAL (TC),DESCONOCIDA,2016-01-01,2016-07-31,0.58,True,False
6056,PROFESOR TITULAR AGREGADO 2 (TC),FACULTAD DE INGENIERÍA EN ELECTRICIDAD Y COMPUTACIÓN,2016-08-01,,10.12,True,False
6120,HONORARIOS  PROFESIONALES,DESCONOCIDA,2007-04-10,2008-12-31,1.73,True,False
6120,ADMINISTRADOR DE BASE DE DATOS,DESCONOCIDA,2009-01-01,2009-12-31,1.0,True,False
6120,TÉCNICO DOCENTE 1 (MT),FACULTAD DE INGENIERÍA EN ELECTRICIDAD Y COMPUTACIÓN,2022-05-16,2023-04-30,0.96,True,False
6127,TÉCNICO DE LABORATORIO 1 (TC),FACULTAD DE INGENIERÍA EN CIENCIAS DE LA TIERRA,2025-09-29,,0.96,True,False
6160,ASISTENTE DE INVESTIGACIÓN,DESCONOCIDA,2009-01-01,2012-12-31,4.0,True,False
6160,PROFESOR NO TITULAR OCASIONAL (TC),FACULTAD DE CIENCIAS DE LA VIDA,2018-05-01,,8.38,True,False
6163,TÉCNICO DOCENTE 3 (TC),DIRECCIÓN DE ADMISIONES,2026-01-05,,0.7,True,False
6241,PROFESOR NO TITULAR OCASIONAL (TC),FACULTAD DE INGENIERÍA MECÁNICA Y CIENCIAS DE LA PRODUCCIÓN,2014-05-12,,12.35,True,False
6811,OPERARIO MICROBIOLOGIA,DESCONOCIDA,1991-03-01,1993-02-28,2.0,True,False
6811,OPERARIO DE MICCROBIOLOGIA Y PATOLOGIA,DESCONOCIDA,1994-03-01,1995-02-28,1.0,True,False
6811,ASISTENTE TÉCNICO,DESCONOCIDA,1996-12-01,1997-11-30,1.0,True,False
6811,JEFE DE LABORATORIO,DESCONOCIDA,2009-08-01,2010-07-31,1.0,True,False
6811,TÉCNICO DOCENTE,DESCONOCIDA,2013-01-01,2014-12-31,2.0,True,False
6811,ANALISTA DE LABORATORIO DE INVESTIGACIÓN 2,CENTRO NACIONAL DE ACUICULTURA E INVESTIGACIONES MARINAS,2019-01-01,2024-07-01,5.5,True,False
6847,PROFESOR,DESCONOCIDA,1994-05-01,1997-08-31,3.33,True,False
6847,COORDINADOR ACADÉMICO,DESCONOCIDA,2003-01-01,2003-12-31,1.0,True,False
6847,PROFESOR AGREGADO,DESCONOCIDA,2010-12-01,2011-12-31,1.08,True,False
6847,PROFESOR TITULAR PRINCIPAL (TC),DESCONOCIDA,2012-12-01,2014-07-31,1.66,True,False
6847,DECANO(A),ESCUELA DE POSTGRADO EN ADMINISTRACIÓN DE EMPRESAS,2014-08-01,2018-06-30,3.91,True,True
6847,PROFESOR TITULAR PRINCIPAL 1 (TC),ESCUELA DE POSTGRADO EN ADMINISTRACIÓN DE EMPRESAS,2014-11-01,2014-11-01,0.0,False,True
6847,PROFESOR TITULAR PRINCIPAL 2 (TC),ESCUELA DE POSTGRADO EN ADMINISTRACIÓN DE EMPRESAS,2018-01-01,2025-09-01,7.67,True,True
6847,DECANO(A),DESCONOCIDA,2019-09-09,2019-09-16,0.02,False,True
6847,SUBDECANO(A),ESCUELA DE POSTGRADO EN ADMINISTRACIÓN DE EMPRESAS,2024-02-27,2025-07-06,1.36,True,True
6870,PROFESOR NO TITULAR OCASIONAL (TP),DESCONOCIDA,2015-01-01,2015-10-02,0.75,True,False
6870,PROFESOR NO TITULAR OCASIONAL (TP),DIRECCIÓN DE ADMISIONES,2015-10-19,2016-02-28,0.36,True,False
6870,PROFESOR NO TITULAR OCASIONAL 1 (TP),DESCONOCIDA,2016-05-02,2016-09-23,0.39,True,False
6870,PROFESOR NO TITULAR OCASIONAL 1 (TP),ESCUELA DE DISEÑO Y COMUNICACIÓN VISUAL,2016-10-10,2017-03-17,0.43,True,False
6939,PROFESOR PREGRADO,DESCONOCIDA,2007-06-25,2007-08-04,0.11,False,False
6939,PROFESOR NO TITULAR OCASIONAL (TC),"FACULTAD DE ARTE, DISEÑO Y COMUNICACIÓN AUDIOVISUAL",2016-04-01,2024-03-31,8.0,True,False
6992,PROFESOR PREGRADO,DESCONOCIDA,1985-10-21,1988-09-24,2.93,True,True
6992,PROFESOR PRE-POLITÉCNICO,DESCONOCIDA,1987-02-16,1987-05-15,0.24,False,True
6992,PROFESOR PRE-POLITÉCNICO,DESCONOCIDA,1989-02-20,1989-05-19,0.24,False,True
6992,PROFESOR PREGRADO,DESCONOCIDA,1989-05-08,1990-02-03,0.74,True,True
6992,PROFESOR PREGRADO,DESCONOCIDA,1990-05-28,1991-03-01,0.76,True,False
6992,PROFESOR PREGRADO,DESCONOCIDA,1991-06-10,1996-09-27,5.3,True,True
6992,DIRECTORA DE PROYECTO,DESCONOCIDA,1992-07-03,1994-01-02,1.5,True,True
6992,ASESOR EN ELBAORACIÓN DE MODELOS MATEMÁTICOS DE CALIDAD DE AGUAS,DESCONOCIDA,1992-12-13,1993-01-12,0.08,False,True
6992,PROFESOR PRE-POLITÉCNICO,DESCONOCIDA,1993-02-08,1993-05-21,0.28,True,True
6992,PROFESOR PRE-POLITÉCNICO,DESCONOCIDA,1995-06-12,1996-11-23,1.45,True,True
6992,PROFESOR PREGRADO,DESCONOCIDA,2013-10-14,2014-12-31,1.21,True,False
6992,PROFESOR NO TITULAR OCASIONAL (TC),DESCONOCIDA,2015-01-01,2016-07-31,1.58,True,False
6992,PROFESOR TITULAR AGREGADO 3 (TC),FACULTAD DE INGENIERÍA MARÍTIMA Y CIENCIAS DEL MAR,2016-08-01,2025-08-01,9.0,True,False
7197,AUXILIAR DE SERVICIOS,DIRECCIÓN DE SERVICIOS GENERALES,2018-09-01,,8.04,True,False
7232,PROFESOR NO TITULAR OCASIONAL (TP),FACULTAD DE CIENCIAS SOCIALES Y HUMANÍSTICAS,2024-06-07,,2.27,True,False
7265,AUDITOR INTERNO 1,AUDITORÍA INTERNA,2021-04-01,2021-09-06,0.43,True,False
7281,JEFE DEL LABORATORIO DE INMUNOLOGIA,DESCONOCIDA,1994-06-15,1995-06-14,1.0,True,False
7281,INVESTIGADORA DE INMUNOLOGÍA,DESCONOCIDA,1996-12-01,1997-11-30,1.0,True,False
7281,INVESTIGADORA DE INMUNOLOGÍA,DESCONOCIDA,2009-08-01,2010-07-31,1.0,True,False
7281,PROFESOR AUXILIAR,DESCONOCIDA,2012-01-01,2012-08-31,0.67,True,False
7281,DOCENTE INVESTIGADOR,DESCONOCIDA,2012-09-01,2013-09-30,1.08,True,True
7281,PROFESOR TITULAR AGREGADO 3 (TC),FACULTAD DE CIENCIAS DE LA VIDA,2013-01-01,,13.7,True,True
7308,ASISTENTE DE DIRECCIÓN DEL CENAIM,DESCONOCIDA,1992-06-01,1993-07-31,1.16,True,False
7308,TECNICO LABORA TORIO DE ASIOLOOIA Y OENBI'ICA.,DESCONOCIDA,1993-08-01,1995-05-11,1.77,True,False
7308,INVESTIGADOR,DESCONOCIDA,1995-05-12,1995-09-30,0.39,True,False
7308,INVESTIGADORA DE ENDOCRINOLOGIA,DESCONOCIDA,1996-12-01,1997-11-30,1.0,True,False
7308,INVESTIGADOR,DESCONOCIDA,1998-02-01,2007-11-30,9.83,True,False
7308,DOCENTE INVESTIGADOR,DESCONOCIDA,2012-03-01,2012-12-31,0.83,True,False
7308,PROFESOR TITULAR AUXILIAR (TC),FACULTAD DE CIENCIAS DE LA VIDA,2013-01-01,2014-02-28,1.16,True,False
7308,DECANO(A),FACULTAD DE CIENCIAS DE LA VIDA,2014-03-01,2022-11-18,8.72,True,True
7308,PROFESOR TITULAR AUXILIAR 1 (TC),FACULTAD DE CIENCIAS DE LA VIDA,2015-08-20,,11.07,True,True
7351,PROGRAMADOR 2,DESCONOCIDA,1991-07-04,1992-10-03,1.25,True,False
7351,PROFESOR PREGRADO,DESCONOCIDA,1996-05-20,1997-10-03,1.37,True,False
7351,PROFESOR PREGRADO,DESCONOCIDA,2002-01-24,2002-02-02,0.02,False,False
7351,PROFESOR NO TITULAR OCASIONAL (TC),FACULTAD DE INGENIERÍA EN ELECTRICIDAD Y COMPUTACIÓN,2014-10-01,2020-02-21,5.39,True,False
7374,AYUDANTE DE INVESTIGACIÓN,DESCONOCIDA,1986-09-01,1987-08-30,0.99,True,False
7374,ASISTENTE TÉCNICO,DESCONOCIDA,1987-11-12,1989-05-11,1.49,True,True
7374,PROFESOR,DESCONOCIDA,1988-10-19,1999-03-02,10.36,True,True
7374,INVESTIGADOR DE MONITOREO,DESCONOCIDA,2009-08-01,2011-09-30,2.16,True,False
7374,PROFESOR TITULAR AGREGADO 3 (TC),FACULTAD DE INGENIERÍA MARÍTIMA Y CIENCIAS DEL MAR,2013-01-01,,13.7,True,True
7374,SUBDECANO(A),DESCONOCIDA,2018-09-11,2018-09-14,0.01,False,True
7374,SUBDECANO(A),DESCONOCIDA,2019-04-02,2019-04-05,0.01,False,True
7389,TÉCNICO DOCENTE 4 (TC),FACULTAD DE CIENCIAS SOCIALES Y HUMANÍSTICAS,2018-10-01,2021-10-03,3.01,True,False
7389,PROFESOR NO TITULAR OCASIONAL (TC),FACULTAD DE CIENCIAS SOCIALES Y HUMANÍSTICAS,2021-10-04,2023-03-10,1.43,True,False
7416,TÉCNICO DOCENTE 3 (TC),DIRECCIÓN DE ADMISIONES,2023-09-20,2023-12-31,0.28,True,False
7419,AYUDANTE DEL PROYECTO,DESCONOCIDA,1999-10-11,2000-04-10,0.5,True,False
7419,PROFESOR TITULAR AGREGADO 2 (TC),FACULTAD DE INGENIERÍA MARÍTIMA Y CIENCIAS DEL MAR,2013-01-01,,13.7,True,False
7443,ASISTENTE DE COORDINADOR,DESCONOCIDA,1991-06-01,1995-06-30,4.08,True,False
7443,ASISTENTE DE INVESTIGACIÓN,DESCONOCIDA,1997-07-01,1997-09-15,0.21,False,False
7443,ASISTENTE DE COORDINADOR,DESCONOCIDA,1999-12-01,1999-12-30,0.08,False,False
7443,INVESTIGADOR,DESCONOCIDA,2000-01-01,2008-07-30,8.58,True,False
7443,COORDINADOR CIENTIFICO,DESCONOCIDA,2009-08-01,2011-10-31,2.25,True,False
7443,PROFESOR TITULAR AGREGADO 3 (TC),FACULTAD DE INGENIERÍA MARÍTIMA Y CIENCIAS DEL MAR,2011-11-01,,14.87,True,False
7726,PROFESOR,DESCONOCIDA,1988-11-08,1989-01-07,0.16,False,False
7726,ASISTENTE DE INVESTIGACIÓN,DESCONOCIDA,1989-05-01,1990-04-30,1.0,True,False
7726,INVESTIGADOR ADJUNTO,DESCONOCIDA,1990-05-01,1991-08-30,1.33,True,False
7726,AUXILIAR ADMINISTRATIVO,DESCONOCIDA,1991-09-01,1992-08-30,1.0,True,False
7726,PROFESOR,DESCONOCIDA,2008-10-13,2010-03-02,1.38,True,False
7726,PROFESOR TITULAR AUXILIAR 2 (TC),FACULTAD DE CIENCIAS SOCIALES Y HUMANÍSTICAS,2012-04-01,2023-12-01,11.67,True,True
7726,SUBDECANO(A),FACULTAD DE CIENCIAS SOCIALES Y HUMANÍSTICAS,2019-10-01,2020-06-30,0.75,True,True
7809,AUXILIAR DE SECRETARÍA,DESCONOCIDA,1989-06-01,1992-12-30,3.58,True,False
7809,AUXILIAR DE SECRETARÍA,DESCONOCIDA,1996-02-01,1998-01-30,2.0,True,False
7809,SECRETARIA ACADÉMICA 1,DESCONOCIDA,1998-02-02,1998-12-31,0.91,True,False
7809,AUXILIAR DE SECRETARÍA,DESCONOCIDA,2006-04-03,2007-12-31,1.74,True,False
7809,AUXILIAR DE SECRETARÍA,DESCONOCIDA,2008-06-01,2008-11-30,0.5,True,False
7809,ASISTENTE EJECUTIVA 2,FACULTAD DE CIENCIAS NATURALES Y MATEMÁTICAS,2008-12-01,,17.79,True,False
7965,ASISTENTE DE ACTIVOS FIJOS,FACULTAD DE INGENIERÍA EN ELECTRICIDAD Y COMPUTACIÓN,2015-02-01,2023-12-01,8.83,True,False
8024,TÉCNICO DOCENTE 3 (TC),DIRECCIÓN DE ADMISIONES,2023-09-20,2023-12-31,0.28,True,False
8120,AYUDANTE TECNICO EN PROYECTO,DESCONOCIDA,1999-11-11,2000-05-10,0.5,True,False
8120,INVESTIGADOR,DESCONOCIDA,2008-11-01,2011-10-31,2.99,True,False
8120,EJECUCION ACTIVIDADES,DESCONOCIDA,2014-12-05,2014-12-06,0.0,False,False
8120,PROFESOR TITULAR AGREGADO 3 (TC),FACULTAD DE INGENIERÍA EN CIENCIAS DE LA TIERRA,2015-05-01,,11.38,True,True
8120,DECANO(A),DESCONOCIDA,2016-04-01,2016-04-15,0.04,False,True
8120,TÉCNICOS ESPECIALIZADOS - EJECUCIÓN DE PROYECTOS,FACULTAD DE INGENIERÍA EN CIENCIAS DE LA TIERRA,2016-08-05,2016-08-27,0.06,False,True
8120,TÉCNICOS ESPECIALIZADOS - EJECUCIÓN DE PROYECTOS,FACULTAD DE INGENIERÍA EN CIENCIAS DE LA TIERRA,2017-01-01,2017-12-31,1.0,True,True
8120,SUBDECANO(A),DESCONOCIDA,2017-03-13,2017-05-25,0.2,False,True
8120,SUBDECANO(A),DESCONOCIDA,2018-01-29,2018-02-22,0.07,False,True
8120,SUBDECANO(A),DESCONOCIDA,2018-08-13,2018-08-17,0.01,False,True
8244,ASISTENTE ADMINISTRATIVO,DESCONOCIDA,2002-04-03,2003-04-02,1.0,True,False
8244,ASISTENTE EJECUTIVA 1,FACULTAD DE INGENIERÍA EN ELECTRICIDAD Y COMPUTACIÓN,2008-10-01,,17.96,True,False
8293,TÉCNICO DOCENTE 3 (MT),DIRECCIÓN DE ADMISIONES,2023-09-20,2023-12-31,0.28,True,False
8301,PROFESOR NO TITULAR OCASIONAL (TP),FACULTAD DE CIENCIAS SOCIALES Y HUMANÍSTICAS,2018-05-01,2019-09-20,1.39,True,False
8327,PROFESOR NO TITULAR OCASIONAL 2 (TC),FACULTAD DE CIENCIAS NATURALES Y MATEMÁTICAS,2016-10-17,2017-12-31,1.2,True,False
8327,TÉCNICO DOCENTE 4 (TC),FACULTAD DE CIENCIAS NATURALES Y MATEMÁTICAS,2018-01-01,2022-05-15,4.37,True,False
8327,PROFESOR NO TITULAR OCASIONAL (TC),FACULTAD DE CIENCIAS NATURALES Y MATEMÁTICAS,2022-05-16,,4.34,True,False
8331,AUXILIAR DE SECRETARÍA,DESCONOCIDA,1989-08-09,1989-11-08,0.25,False,False
8331,AUXILIAR DE SECRETARÍA,DESCONOCIDA,1991-01-02,1991-09-30,0.74,True,False
8331,SECRETARIA,DESCONOCIDA,1993-09-15,1993-10-30,0.12,False,False
8331,AUXILIAR DE SECRETARÍA,DESCONOCIDA,1996-05-14,1996-06-29,0.13,False,False
8331,AUXILIAR DE SECRETARÍA,DESCONOCIDA,1996-10-07,1997-01-06,0.25,False,False
8331,SECRETARIA OFICINISTA 1,DESCONOCIDA,1997-01-07,1999-01-08,2.0,True,False
8331,SECRETARIA,DESCONOCIDA,2000-02-07,2000-05-06,0.24,False,False
8331,SECRETARIA,DESCONOCIDA,2003-08-01,2004-07-31,1.0,True,False
8331,SECRETARIA AUXILIAR,DESCONOCIDA,2008-10-01,2010-12-31,2.25,True,False
8331,ASISTENTE EJECUTIVA 1,FACULTAD DE INGENIERÍA MARÍTIMA Y CIENCIAS DEL MAR,2011-04-01,,15.46,True,False
8335,PROFESOR NO TITULAR OCASIONAL (TC),FACULTAD DE INGENIERÍA EN CIENCIAS DE LA TIERRA,2018-05-01,2020-02-21,1.81,True,False
8403,TÉCNICOS ESPECIALIZADOS - EJECUCIÓN DE PROYECTOS,FACULTAD DE CIENCIAS DE LA VIDA,2017-05-02,2018-03-02,0.83,True,False
8433,PROFESOR NO TITULAR OCASIONAL (TC),FACULTAD DE CIENCIAS NATURALES Y MATEMÁTICAS,2018-05-01,2025-02-14,6.79,True,False
8433,PROFESOR NO TITULAR OCASIONAL (TC),DECANATO DE GRADO,2025-05-12,,1.35,True,False
8441,ANALISTA ESTADÍSTICO ACADÉMICO,FACULTAD DE CIENCIAS NATURALES Y MATEMÁTICAS,2025-12-01,,0.79,True,False
8442,PROFESOR NO TITULAR OCASIONAL (TC),FACULTAD DE CIENCIAS NATURALES Y MATEMÁTICAS,2020-06-08,,6.27,True,False
8446,PROFESOR PRE-POLITÉCNICO,DESCONOCIDA,2012-05-04,2012-10-24,0.47,True,False
8446,PROFESOR NO TITULAR OCASIONAL 2 (TC),DESCONOCIDA,2017-05-01,2017-12-31,0.67,True,False
8446,TECNICO DOCENTE 4,DIRECCIÓN DE ADMISIONES,2018-01-01,2020-05-31,2.41,True,False
8446,TÉCNICO DOCENTE 4 (TC),DIRECCIÓN DE ADMISIONES,2021-05-25,2021-12-31,0.6,True,False
8446,TÉCNICO DOCENTE 3 (TC),DIRECCIÓN DE ADMISIONES,2023-05-29,,3.3,True,False
8457,PROFESOR TITULAR AGREGADO 1 (TP),FACULTAD DE INGENIERÍA EN ELECTRICIDAD Y COMPUTACIÓN,2021-08-01,,5.12,True,False
8497,PROFESOR PREGRADO,DESCONOCIDA,1999-05-25,1999-10-02,0.36,True,False
8497,COORDINADOR,DESCONOCIDA,2002-01-16,2003-01-16,1.0,True,False
8497,PROFESOR TITULAR AUXILIAR (TC),DESCONOCIDA,2011-09-25,2014-02-28,2.43,True,False
8497,SUBDIRECTOR,ESCUELA DE DISEÑO Y COMUNICACIÓN VISUAL,2014-03-01,2017-11-12,3.7,True,True
8497,PROFESOR TITULAR AUXILIAR 1 (TC),ESCUELA DE DISEÑO Y COMUNICACIÓN VISUAL,2014-11-01,2014-11-01,0.0,False,True
8497,PROFESOR TITULAR AUXILIAR 2 (TP),"FACULTAD DE ARTE, DISEÑO Y COMUNICACIÓN AUDIOVISUAL",2017-11-13,,8.84,True,True
8497,DIRECTOR DE LA SECRETARÍA TÉCNICA ACADÉMICA,DIRECCIÓN DE LA SECRETARÍA TÉCNICA ACADEMICA,2017-11-13,,8.84,True,True
8530,TECNICO DOCENTE 4,DIRECCIÓN DE ADMISIONES,2018-05-01,2020-12-31,2.67,True,False
8530,TÉCNICO DOCENTE 4 (TC),DIRECCIÓN DE ADMISIONES,2021-05-25,2021-12-31,0.6,True,False
8530,TÉCNICO DOCENTE 3 (TC),DIRECCIÓN DE ADMISIONES,2023-05-29,,3.3,True,False
8558,SECRETARIA ADMINISTRATIVA,DESCONOCIDA,1991-08-01,1994-02-28,2.58,True,False
8558,BIBLIOTECARIO,DESCONOCIDA,1994-03-01,1995-12-31,1.83,True,False
8558,BIBLIOTECARIO,DESCONOCIDA,1996-12-01,1997-11-30,1.0,True,False
8558,BIBLIOTECARIO,DESCONOCIDA,2009-08-01,2009-12-31,0.42,True,False
8558,AUXILIAR DE BIBLIOTECA,DESCONOCIDA,2010-01-01,2010-12-31,1.0,True,False
8558,AUXILIAR DE BIBLIOTECA,DESCONOCIDA,2011-05-02,2014-12-31,3.67,True,False
8558,TÉCNICO DE INFORMACIÓN BIBLIOTECARIO,CENTRO NACIONAL DE ACUICULTURA E INVESTIGACIONES MARINAS,2015-01-01,,11.71,True,False
8666,PROFESOR PREGRADO,DESCONOCIDA,2007-04-01,2008-04-30,1.08,True,False
8666,PROFESOR PREGRADO,DESCONOCIDA,2008-10-01,2011-09-24,2.98,True,True
8666,HONORARIOS  PROFESIONALES,DESCONOCIDA,2009-04-16,2009-05-15,0.08,False,True
8666,PROFESOR TITULAR AUXILIAR 1 (TC),FACULTAD DE CIENCIAS SOCIALES Y HUMANÍSTICAS,2013-01-01,2019-04-01,6.24,True,True
8666,GERENTE DE RELACIONES INTERNACIONALES,"FACULTAD DE INGENIERIA MARÍTIMA, CIENCIAS BIOLÓGICAS, OCEÁNICAS Y RECURSOS NATURALES",2017-11-13,2019-03-31,1.38,True,True
8666,PROFESOR TITULAR AUXILIAR 1 (TC),FACULTAD DE CIENCIAS SOCIALES Y HUMANÍSTICAS,2019-10-01,2024-10-01,5.0,True,False
8757,TÉCNICO DE INVESTIGACIÓN 1 (TC),CENTRO INTERNACIONAL DEL PACÍFICO PARA LA REDUCCIÓN DEL RIESGO DE DESASTRES,2025-10-03,,0.95,True,False
8762,TÉCNICO DOCENTE 3 (TC),DIRECCIÓN DE ADMISIONES,2023-10-02,2023-12-31,0.25,False,False
8766,TÉCNICOS ESPECIALIZADOS - EJECUCIÓN DE PROYECTOS,DESCONOCIDA,2016-06-18,2016-07-16,0.08,False,False
8766,PROFESOR NO TITULAR OCASIONAL 2 (TC),FACULTAD DE CIENCIAS NATURALES Y MATEMÁTICAS,2016-10-17,2017-12-31,1.2,True,False
8766,TÉCNICO DOCENTE 1 (TC),FACULTAD DE CIENCIAS NATURALES Y MATEMÁTICAS,2018-01-01,2025-05-11,7.36,True,False
8766,PROFESOR NO TITULAR OCASIONAL (TC),FACULTAD DE CIENCIAS NATURALES Y MATEMÁTICAS,2025-05-12,,1.35,True,False
8884,DOCENTE,DESCONOCIDA,2012-06-18,2013-06-18,1.0,True,False
8884,PROFESOR TITULAR PRINCIPAL 2 (TC),FACULTAD DE INGENIERÍA MECÁNICA Y CIENCIAS DE LA PRODUCCIÓN,2014-04-01,,12.46,True,True
8884,SUBDECANO(A),DESCONOCIDA,2017-04-17,2017-04-21,0.01,False,True
8884,SUBDECANO(A),DESCONOCIDA,2017-12-28,2018-04-06,0.27,True,True
8884,DECANO(A),DESCONOCIDA,2018-07-16,2018-07-18,0.01,False,True
8884,SUBDECANO(A),DESCONOCIDA,2018-09-25,2018-09-28,0.01,False,True
8941,COORDINADOR DE BIBLIOTECA,DESCONOCIDA,2005-04-01,2006-03-31,1.0,True,False
8941,AUXILIAR DE BIBLIOTECA,DESCONOCIDA,2008-10-01,2010-12-31,2.25,True,False
8941,AUXILIAR DE BIBLIOTECA,DESCONOCIDA,2011-04-01,2014-12-31,3.75,True,False
8941,ANALISTA DE INFORMACIÓN BIBLIOTECARIO,CENTRO DE INFORMACIÓN BIBLIOTECARIA,2015-01-01,,11.71,True,False
8975,PROFESOR NO TITULAR OCASIONAL (TP),FACULTAD DE INGENIERÍA MARÍTIMA Y CIENCIAS DEL MAR,2024-11-18,2025-02-14,0.24,False,False
8975,PROFESOR NO TITULAR OCASIONAL (TP),FACULTAD DE INGENIERÍA MARÍTIMA Y CIENCIAS DEL MAR,2025-06-11,,1.26,True,False
9029,PROFESOR NO TITULAR OCASIONAL (TP),DESCONOCIDA,2015-01-01,2015-03-13,0.19,False,False
9035,PROFESOR NO TITULAR OCASIONAL (TP),"FACULTAD DE INGENIERIA MARÍTIMA, CIENCIAS BIOLÓGICAS, OCEÁNICAS Y RECURSOS NATURALES",2015-05-11,2015-10-02,0.39,True,False
9035,PROFESOR NO TITULAR OCASIONAL (TP),FACULTAD DE INGENIERÍA MARÍTIMA Y CIENCIAS DEL MAR,2022-05-24,2023-02-17,0.74,True,False
9189,RECEPCIONISTA,DESCONOCIDA,1996-04-01,1997-12-30,1.75,True,False
9189,ASISTENTE DE APOYO LOGISTICO Y FINANCIERO,DESCONOCIDA,2003-02-01,2003-05-30,0.32,True,False
9189,ASISTENTE DE RECURSOS HUMANOS,DESCONOCIDA,2003-09-01,2004-08-31,1.0,True,False
9189,ASISTENTE EJECUTIVA 2,DIRECCIÓN DE TALENTO HUMANO,2008-07-01,,18.21,True,False
9196,AUXILIAR DE CONTABILIDAD 3,DESCONOCIDA,1995-04-05,1998-01-04,2.75,True,False
9196,AUXILIAR DE CONTABILIDAD,DESCONOCIDA,1998-04-05,1998-10-04,0.5,True,False
9196,AUXILIAR DE ACTIVOS FIJOS,DESCONOCIDA,2013-05-01,2024-12-31,11.67,True,True
9196,ASISTENTE DE ACTIVOS FIJOS,FACULTAD DE CIENCIAS NATURALES Y MATEMÁTICAS,2015-01-01,2024-11-23,9.89,True,True
9326,OPERARIO DE BODEGA,DESCONOCIDA,1995-08-21,1995-12-31,0.36,True,False
9326,AUXILIAR DE BODEGA,DESCONOCIDA,1996-12-01,1997-11-30,1.0,True,False
9326,ASISTENTE DE GUARDALMACÉN,CENTRO NACIONAL DE ACUICULTURA E INVESTIGACIONES MARINAS,2009-08-01,,17.12,True,False
9457,ASISTENTE DE INVESTIGACIÓN,DESCONOCIDA,2009-01-01,2019-12-31,10.99,True,True
9457,JEFE DE INVESTIGACIÓN,DESCONOCIDA,2011-01-01,2012-12-31,2.0,True,True
9457,PROFESOR NO TITULAR OCASIONAL (TC),FACULTAD DE CIENCIAS DE LA VIDA,2016-02-01,2020-03-31,4.16,True,True
9457,PROFESOR TITULAR AGREGADO 2 (TC),FACULTAD DE CIENCIAS DE LA VIDA,2020-04-01,,6.46,True,False
9465,PROFESOR NO TITULAR OCASIONAL 1 (TC),FACULTAD DE CIENCIAS DE LA VIDA,2014-10-01,2016-07-31,1.83,True,False
9465,PROFESOR TITULAR AGREGADO 3 (TC),FACULTAD DE CIENCIAS DE LA VIDA,2016-08-01,2022-11-12,6.28,True,True
9465,TÉCNICOS ESPECIALIZADOS - EJECUCIÓN DE PROYECTOS,FACULTAD DE CIENCIAS DE LA VIDA,2016-09-23,2016-10-01,0.02,False,True
9465,TÉCNICOS ESPECIALIZADOS - EJECUCIÓN DE PROYECTOS,FACULTAD DE CIENCIAS DE LA VIDA,2017-02-16,2017-02-24,0.02,False,True
9465,TÉCNICOS ESPECIALIZADOS - EJECUCIÓN DE PROYECTOS,CENTRO DE DESARROLLO DE EMPRENDEDORES,2017-04-20,2017-04-28,0.02,False,True
9465,"VICERRECTOR(A) DE INVESTIGACIÓN, DESARROLLO E INNOVACIÓN","VICERRECTORADO DE INVESTIGACIÓN, DESARROLLO E INNOVACIÓN",2022-11-13,,3.84,True,False
9510,PROFESOR NO TITULAR OCASIONAL (MT),DESCONOCIDA,2015-01-01,2015-10-02,0.75,True,False
9510,TÉCNICO DOCENTE 3 (MT),DIRECCIÓN DE ADMISIONES,2023-09-20,2023-12-31,0.28,True,False
9640,AUXILIAR DE SECRETARÍA,DESCONOCIDA,1995-08-01,1998-12-31,3.42,True,False
9640,AUXILIAR DE SECRETARÍA,DESCONOCIDA,2000-01-01,2000-12-31,1.0,True,False
9640,ASISTENTE DE ADMISIONES,DIRECCIÓN DE ADMISIONES,2008-10-01,2023-12-01,15.16,True,False
9654,PROFESOR PREGRADO,DESCONOCIDA,2007-05-14,2007-09-22,0.36,True,False
9654,PROFESOR PREGRADO,DESCONOCIDA,2008-05-19,2009-09-25,1.35,True,False
9654,PROFESOR PREGRADO,DESCONOCIDA,2010-10-11,2011-02-25,0.38,True,False
9654,PROFESOR TITULAR AGREGADO 1 (TC),FACULTAD DE CIENCIAS DE LA VIDA,2011-05-16,,15.34,True,False
9693,PROFESOR NO TITULAR OCASIONAL 1 (TC),FACULTAD DE CIENCIAS NATURALES Y MATEMÁTICAS,2014-10-01,2017-09-22,2.98,True,False
9693,PROFESOR NO TITULAR OCASIONAL (TC),FACULTAD DE CIENCIAS NATURALES Y MATEMÁTICAS,2018-05-01,2020-02-21,1.81,True,False
9693,PROFESOR NO TITULAR OCASIONAL (TP),FACULTAD DE CIENCIAS NATURALES Y MATEMÁTICAS,2023-10-10,2024-02-16,0.35,True,False
9693,PROFESOR NO TITULAR OCASIONAL (MT),FACULTAD DE CIENCIAS NATURALES Y MATEMÁTICAS,2026-05-20,,0.33,True,False
9715,TÉCNICO DOCENTE 3 (MT),DIRECCIÓN DE ADMISIONES,2023-10-05,2023-12-31,0.24,False,False
9816,PROFESOR NO TITULAR OCASIONAL (TC),FACULTAD DE INGENIERÍA MECÁNICA Y CIENCIAS DE LA PRODUCCIÓN,2015-05-01,,11.38,True,False
9834,ANALISTA EN SEGURIDAD Y SALUD OCUPACIONAL,DIRECCIÓN DE SEGURIDAD Y SALUD OCUPACIONAL,2016-04-01,,10.46,True,True
9834,DIRECTOR DE SEGURIDAD Y SALUD OCUPACIONAL,DIRECCIÓN DE SEGURIDAD Y SALUD OCUPACIONAL,2017-03-01,2017-03-10,0.02,False,True
9855,RELACIONISTA PÚBLICO,DESCONOCIDA,2007-03-01,2007-03-11,0.03,False,False
9855,ASISTENTE,DESCONOCIDA,2007-03-12,2014-12-31,7.8,True,False
9855,ANALISTA DE RELACIONES INTERNACIONALES 3,DESCONOCIDA,2015-01-01,2015-11-30,0.91,True,True
9855,GERENTE DE RELACIONES INTERNACIONALES,DESCONOCIDA,2015-09-17,2015-10-02,0.04,False,True
9855,DIRECTOR DE LA UNIDAD DE BIENESTAR ESTUDIANTIL Y POLITÉCNICO,UNIDAD DE BIENESTAR ESTUDIANTIL Y POLITÉCNICO,2015-12-01,2017-11-12,1.95,True,True
9855,PROFESOR NO TITULAR OCASIONAL 1 (TP),"FACULTAD DE INGENIERIA MARÍTIMA, CIENCIAS BIOLÓGICAS, OCEÁNICAS Y RECURSOS NATURALES",2016-10-10,2017-03-17,0.43,True,True
9855,PROFESOR NO TITULAR OCASIONAL 1 (TP),"FACULTAD DE INGENIERIA MARÍTIMA, CIENCIAS BIOLÓGICAS, OCEÁNICAS Y RECURSOS NATURALES",2017-10-04,2018-03-02,0.41,True,True
9855,ANALISTA DE RELACIONES INTERNACIONALES 3,DESCONOCIDA,2017-11-13,2020-12-01,3.05,True,True
9855,PROFESOR NO TITULAR OCASIONAL (TP),FACULTAD DE CIENCIAS SOCIALES Y HUMANÍSTICAS,2018-05-02,2018-05-21,0.05,False,True
9912,ANALISTA DE LABORATORIO,FACULTAD DE INGENIERÍA EN CIENCIAS DE LA TIERRA,2017-02-20,,9.57,True,False
9936,PROFESOR PREGRADO,DESCONOCIDA,2008-05-19,2010-03-02,1.78,True,False
9936,PROFESOR TITULAR AGREGADO 2 (TC),FACULTAD DE CIENCIAS NATURALES Y MATEMÁTICAS,2011-06-01,,15.29,True,False
10023,TÉCNICO DE LABORATORIO 1 (TC),"FACULTAD DE ARTE, DISEÑO Y COMUNICACIÓN AUDIOVISUAL",2023-10-19,2023-12-31,0.2,False,False
10059,PROFESOR NO TITULAR OCASIONAL (TC),FACULTAD DE CIENCIAS SOCIALES Y HUMANÍSTICAS,2015-10-19,2026-07-19,10.75,True,False
10059,PROFESOR TITULAR AUXILIAR 1 (TC),FACULTAD DE CIENCIAS SOCIALES Y HUMANÍSTICAS,2026-07-20,,0.16,False,False
10093,PROFESOR NO TITULAR OCASIONAL (TP),FACULTAD DE CIENCIAS NATURALES Y MATEMÁTICAS,2025-10-21,2026-02-13,0.31,True,False
10093,PROFESOR NO TITULAR OCASIONAL (MT),FACULTAD DE CIENCIAS NATURALES Y MATEMÁTICAS,2026-03-09,2026-05-03,0.15,False,False
10130,PROFESOR NO TITULAR OCASIONAL (TP),FACULTAD DE INGENIERÍA EN CIENCIAS DE LA TIERRA,2015-10-19,2016-02-28,0.36,True,False
10130,PROFESOR NO TITULAR OCASIONAL 1 (TP),DESCONOCIDA,2016-05-02,2016-09-23,0.39,True,False
10130,PROFESOR NO TITULAR OCASIONAL 1 (TP),FACULTAD DE INGENIERÍA EN CIENCIAS DE LA TIERRA,2016-10-10,2017-03-17,0.43,True,False
10130,PROFESOR NO TITULAR OCASIONAL (TP),FACULTAD DE INGENIERÍA EN CIENCIAS DE LA TIERRA,2017-10-04,2019-09-20,1.96,True,False
10130,PROFESOR NO TITULAR OCASIONAL (TP),FACULTAD DE INGENIERÍA EN CIENCIAS DE LA TIERRA,2020-01-01,2020-02-21,0.14,False,False
10130,PROFESOR NO TITULAR OCASIONAL (TP),FACULTAD DE INGENIERÍA EN CIENCIAS DE LA TIERRA,2020-06-01,2024-02-16,3.71,True,False
10130,PROFESOR NO TITULAR OCASIONAL (TP),FACULTAD DE INGENIERÍA EN CIENCIAS DE LA TIERRA,2025-06-02,2025-09-21,0.3,True,False
10133,ASISTENTE EJECUTIVA 2,SECRETARIA ADMINISTRATIVA,2010-07-01,2015-10-31,5.33,True,False
10136,PROFESOR NO TITULAR OCASIONAL (TC),FACULTAD DE CIENCIAS DE LA VIDA,2016-10-01,,9.96,True,False
10157,PROFESOR PREGRADO,DESCONOCIDA,2010-05-17,2012-05-01,1.96,True,False
10157,PROFESOR TITULAR AUXILIAR 1 (TC),FACULTAD DE CIENCIAS NATURALES Y MATEMÁTICAS,2013-01-01,2017-11-12,4.86,True,False
10157,SUBDECANO(A),FACULTAD DE CIENCIAS NATURALES Y MATEMÁTICAS,2017-11-13,2019-08-31,1.8,True,True
10157,PROFESOR TITULAR AGREGADO 3 (TC),FACULTAD DE CIENCIAS NATURALES Y MATEMÁTICAS,2018-01-01,,8.71,True,True
10191,PROFESOR NO TITULAR OCASIONAL (TC),FACULTAD DE CIENCIAS NATURALES Y MATEMÁTICAS,2021-05-10,,5.35,True,False
10248,PROFESOR NO TITULAR OCASIONAL (MT),FACULTAD DE INGENIERÍA EN ELECTRICIDAD Y COMPUTACIÓN,2023-05-15,2023-09-22,0.36,True,False
10248,PROFESOR NO TITULAR OCASIONAL (TC),FACULTAD DE INGENIERÍA EN ELECTRICIDAD Y COMPUTACIÓN,2024-10-08,,1.94,True,False
10352,TÉCNICO DOCENTE 1 (TC),FACULTAD DE INGENIERÍA MARÍTIMA Y CIENCIAS DEL MAR,2018-05-01,2024-09-29,6.41,True,False
10352,PROFESOR NO TITULAR OCASIONAL (TC),FACULTAD DE INGENIERÍA MARÍTIMA Y CIENCIAS DEL MAR,2025-05-12,,1.35,True,False
10441,PROFESOR NO TITULAR OCASIONAL (MT),FACULTAD DE INGENIERÍA MECÁNICA Y CIENCIAS DE LA PRODUCCIÓN,2023-05-15,2023-09-22,0.36,True,False
10441,PROFESOR NO TITULAR OCASIONAL (TP),FACULTAD DE INGENIERÍA MECÁNICA Y CIENCIAS DE LA PRODUCCIÓN,2023-10-02,,2.96,True,False
10447,PROFESOR NO TITULAR OCASIONAL (TC),FACULTAD DE INGENIERÍA EN ELECTRICIDAD Y COMPUTACIÓN,2019-11-01,2020-02-21,0.31,True,False
10493,SECRETARIA PAGADORA,DESCONOCIDA,1999-05-03,2000-12-31,1.66,True,False
10493,AUXILIAR DE CONTABILIDAD,DESCONOCIDA,2001-01-01,2002-12-30,1.99,True,False
10493,ASISTENTE DE DIRECTOR,DESCONOCIDA,2003-01-01,2005-03-30,2.24,True,False
10493,ASISTENTE EJECUTIVA 2,DESCONOCIDA,2015-01-01,2016-12-31,2.0,True,False
10493,CONTRATO CIVIL - SERVICIO TÉCNICO ESPECIALIZADO,DESCONOCIDA,2017-01-03,2017-02-28,0.15,False,False
10493,TÉCNICO DE ARCHIVO Y DIGITALIZACIÓN,CENTRO DE TECNOLOGÍAS DE LA INFORMACIÓN,2017-03-01,,9.54,True,False
10531,INFORMANTE DE EVENTOS Y CAPACITACIÓN,DESCONOCIDA,2003-01-01,2003-12-31,1.0,True,False
10531,SECRETARIA AUXILIAR,DESCONOCIDA,2010-02-01,2012-12-31,2.91,True,False
10531,ASISTENTE EJECUTIVA 2,DESCONOCIDA,2013-03-01,2016-01-01,2.84,True,False
10531,ASISTENTE EJECUTIVA 3,VICERRECTORADO DE DOCENCIA,2016-02-01,,10.62,True,False
10597,ANALISTA DE LABORATORIO DE INVESTIGACIÓN 2,DESCONOCIDA,2017-10-01,2021-09-05,3.93,True,False
10597,TÉCNICO DE INVESTIGACIÓN 2 (TC),CENTRO DE INVESTIGACIONES BIOTECNOLÓGICAS DEL ECUADOR,2021-09-15,,5.0,True,False
10646,TÉCNICO DOCENTE,FACULTAD DE INGENIERÍA MECÁNICA Y CIENCIAS DE LA PRODUCCIÓN,2015-05-04,2016-04-12,0.94,True,False
10646,PROFESOR NO TITULAR OCASIONAL 2 (TC),FACULTAD DE INGENIERÍA MECÁNICA Y CIENCIAS DE LA PRODUCCIÓN,2016-04-13,2017-12-31,1.72,True,False
10646,TÉCNICO DE LABORATORIO 1 (TC),FACULTAD DE INGENIERÍA MECÁNICA Y CIENCIAS DE LA PRODUCCIÓN,2018-01-01,,8.71,True,False
10864,ASISTENTE DE COMUNICACIÓN,GERENCIA DE COMUNICACIÓN,2022-01-03,,4.7,True,False
10941,PROFESOR NO TITULAR OCASIONAL (TC),FACULTAD DE INGENIERÍA EN ELECTRICIDAD Y COMPUTACIÓN,2018-10-01,2022-09-23,3.98,True,False
10946,ASISTENTE DE INVESTIGACIÓN,DESCONOCIDA,2009-01-01,2009-08-31,0.66,True,False
10946,INVESTIGADOR,DESCONOCIDA,2012-01-01,2014-12-31,3.0,True,False
10946,TÉCNICO DOCENTE,CENTRO DE INVESTIGACIONES BIOTECNOLÓGICAS DEL ECUADOR,2015-01-01,2015-01-30,0.08,False,False
10946,ANALISTA DE LABORATORIO DE INVESTIGACIÓN 2,DESCONOCIDA,2017-10-01,2019-01-01,1.25,True,True
10946,TÉCNICO DE INVESTIGACIÓN 2 (TC),FACULTAD DE CIENCIAS DE LA VIDA,2019-01-01,2023-12-31,5.0,True,True
10946,TÉCNICO DE LABORATORIO 1 (TC),FACULTAD DE CIENCIAS DE LA VIDA,2024-06-03,,2.29,True,False
11053,PROFESOR NO TITULAR OCASIONAL 2 (TC),FACULTAD DE INGENIERÍA EN CIENCIAS DE LA TIERRA,2016-10-01,2017-09-30,1.0,True,False
11053,PROFESOR NO TITULAR OCASIONAL (TP),FACULTAD DE INGENIERÍA EN CIENCIAS DE LA TIERRA,2021-07-06,2022-09-23,1.22,True,False
11053,PROFESOR NO TITULAR OCASIONAL (MT),FACULTAD DE INGENIERÍA EN CIENCIAS DE LA TIERRA,2022-10-03,2025-02-14,2.37,True,False
11053,PROFESOR NO TITULAR OCASIONAL (TP),FACULTAD DE INGENIERÍA EN CIENCIAS DE LA TIERRA,2025-05-12,2025-09-21,0.36,True,False
11174,TÉCNICO DOCENTE 1 (TC),FACULTAD DE CIENCIAS NATURALES Y MATEMÁTICAS,2024-05-13,2025-05-04,0.97,True,False
11234,PROFESOR NO TITULAR OCASIONAL 2 (TC),DESCONOCIDA,2017-05-01,2017-12-31,0.67,True,False
11234,TECNICO DOCENTE 4,DIRECCIÓN DE ADMISIONES,2018-01-01,2020-05-31,2.41,True,False
11234,TÉCNICO DOCENTE 4 (TC),DIRECCIÓN DE ADMISIONES,2021-05-25,2021-12-31,0.6,True,False
11234,TÉCNICO DOCENTE 3 (TC),DIRECCIÓN DE ADMISIONES,2023-10-05,2026-05-03,2.58,True,False
11234,PROFESOR NO TITULAR OCASIONAL (TC),DECANATO DE GRADO,2026-05-04,,0.37,True,False
11351,TÉCNICO DOCENTE 4 (TC),FACULTAD DE INGENIERÍA EN CIENCIAS DE LA TIERRA,2020-06-01,2021-06-30,1.08,True,False
11509,AYUDANTE DE INVESTIGACIÓN,DESCONOCIDA,1988-07-01,1988-09-30,0.25,False,False
11509,AYUDANTE DE INVESTIGACIÓN.,DESCONOCIDA,1989-07-01,1991-01-30,1.58,True,True
11509,ASISTENTE EN PROYECTO,DESCONOCIDA,1989-08-01,1989-10-30,0.25,False,True
11509,ASISTENTE EN PROGRAMA CIRCULACIÓN,DESCONOCIDA,1991-01-02,1991-01-31,0.08,False,True
11509,COORDINADORA DE ACTIVIDADES,DESCONOCIDA,1993-08-16,1993-10-15,0.16,False,False
11509,ASISTENTE EN EL PROCESAMIENTO DE INFORMACIÓN Y ELABORACION DE INFORMES,DESCONOCIDA,1993-12-27,1994-01-26,0.08,False,False
11509,PROFESOR PREGRADO,DESCONOCIDA,1994-05-23,1995-03-03,0.78,True,True
11509,PARTICIPACIÓN EN EL PROCESAMIENTO Y ELABORACIÓN DE INFORME DE PROYECTO,DESCONOCIDA,1994-06-03,1994-07-02,0.08,False,True
11509,DIRECTORA DE CURSOS Y ASISTENTE DE LA UNIDAD DE COORDINACION,DESCONOCIDA,1998-02-01,1999-04-30,1.24,True,False
11509,COORDINADORA DE CAPACITACION Y DESARROLLO,DESCONOCIDA,1999-10-01,2000-12-30,1.25,True,False
11509,PROFESOR NO TITULAR OCASIONAL (TC),FACULTAD DE INGENIERÍA MARÍTIMA Y CIENCIAS DEL MAR,2016-04-01,2021-07-31,5.33,True,False
11509,PROFESOR TITULAR AUXILIAR 2 (TC),FACULTAD DE INGENIERÍA MARÍTIMA Y CIENCIAS DEL MAR,2021-08-01,,5.12,True,False
11851,PROFESOR NO TITULAR OCASIONAL (TC),FACULTAD DE INGENIERÍA MECÁNICA Y CIENCIAS DE LA PRODUCCIÓN,2020-02-22,2021-07-31,1.44,True,False
11851,PROFESOR TITULAR AGREGADO 2 (TC),FACULTAD DE INGENIERÍA MECÁNICA Y CIENCIAS DE LA PRODUCCIÓN,2021-08-01,,5.12,True,False
11859,TÉCNICO DOCENTE 4 (TC),FACULTAD DE CIENCIAS SOCIALES Y HUMANÍSTICAS,2017-10-01,2023-02-28,5.41,True,False
11859,PROFESOR NO TITULAR OCASIONAL (TC),FACULTAD DE CIENCIAS SOCIALES Y HUMANÍSTICAS,2025-04-16,,1.42,True,False
11865,TÉCNICO GENETICA,DESCONOCIDA,1992-03-01,1993-02-28,1.0,True,False
11865,TECNICO LABORATORIO DE FISIOLOGIA Y GENETICA.,DESCONOCIDA,1994-03-01,1995-02-28,1.0,True,False
11865,TÉCNICO DE BIOLOGIA MOLECULAR,DESCONOCIDA,1996-12-01,1997-11-30,1.0,True,False
11865,JEFE DE LABORATORIO,DESCONOCIDA,2009-09-01,2012-12-31,3.33,True,False
11865,ANALISTA DE LABORATORIO DE INVESTIGACIÓN,DESCONOCIDA,2013-01-01,2014-12-31,2.0,True,False
11865,TÉCNICO DOCENTE,CENTRO NACIONAL DE ACUICULTURA E INVESTIGACIONES MARINAS,2015-01-01,2015-12-01,0.91,True,False
11865,ANALISTA DE LABORATORIO DE INVESTIGACIÓN 3,CENTRO NACIONAL DE ACUICULTURA E INVESTIGACIONES MARINAS,2015-12-02,2025-05-01,9.41,True,False
11880,TÉCNICOS ESPECIALIZADOS - EJECUCIÓN DE PROYECTOS,DESCONOCIDA,2017-03-12,2017-04-23,0.11,False,False
11918,PROFESOR PREGRADO,DESCONOCIDA,1997-10-20,1999-03-02,1.36,True,False
11918,PROFESOR NO TITULAR OCASIONAL,DESCONOCIDA,2013-05-13,2013-05-31,0.05,False,False
11918,PROFESOR NO TITULAR OCASIONAL (TC),"FACULTAD DE ARTE, DISEÑO Y COMUNICACIÓN AUDIOVISUAL",2014-10-01,2020-02-21,5.39,True,False
12371,TÉCNICO DE INVESTIGACIÓN 1 (TC),CENTRO DE ENERGÍAS RENOVABLES Y ALTERNATIVAS,2025-10-13,2025-12-31,0.22,False,False
12371,TÉCNICO DOCENTE 3 (TC),DIRECCIÓN DE ADMISIONES,2026-06-15,,0.25,True,False
12394,ASISTENTE DE INVESTIGACIÓN,DESCONOCIDA,2013-03-01,2013-12-31,0.83,True,False
12394,TÉCNICO DOCENTE,CENTRO DE INVESTIGACIONES BIOTECNOLÓGICAS DEL ECUADOR,2014-01-01,2015-12-01,1.91,True,False
12394,ANALISTA DE LABORATORIO DE INVESTIGACIÓN 2,CENTRO DE INVESTIGACIONES BIOTECNOLÓGICAS DEL ECUADOR,2015-12-02,,10.79,True,False
12403,ASISTENTE DE INVESTIGACIÓN,DESCONOCIDA,2010-10-01,2010-12-31,0.25,False,False
12403,PROFESOR NO TITULAR OCASIONAL (TC),FACULTAD DE CIENCIAS DE LA VIDA,2016-02-01,,10.62,True,False
12405,ASISTENTE DE INVESTIGACIÓN,DESCONOCIDA,2012-01-01,2013-12-31,2.0,True,False
12405,TÉCNICO DOCENTE,CENTRO DE INVESTIGACIONES BIOTECNOLÓGICAS DEL ECUADOR,2014-01-01,2015-10-31,1.83,True,False
12405,ANALISTA DE LABORATORIO DE INVESTIGACIÓN 3,CENTRO DE INVESTIGACIONES BIOTECNOLÓGICAS DEL ECUADOR,2015-11-01,,10.87,True,False
12411,PROFESOR NO TITULAR OCASIONAL (TC),FACULTAD DE CIENCIAS DE LA VIDA,2015-10-01,2023-05-31,7.66,True,False
12411,PROFESOR TITULAR AUXILIAR 1 (TC),FACULTAD DE CIENCIAS DE LA VIDA,2023-06-01,,3.29,True,False
12422,PROFESOR NO TITULAR OCASIONAL (TC),DESCONOCIDA,2014-05-12,2015-02-28,0.8,True,False
12422,PROFESOR TITULAR AUXILIAR 1 (TC),FACULTAD DE INGENIERÍA EN CIENCIAS DE LA TIERRA,2015-03-01,2021-02-21,5.98,True,True
12422,DECANO(A),FACULTAD DE INGENIERÍA EN CIENCIAS DE LA TIERRA,2015-03-30,2015-04-14,0.04,False,True
12422,SUBDECANO(A),FACULTAD DE INGENIERÍA EN CIENCIAS DE LA TIERRA,2015-08-03,2015-08-07,0.01,False,True
12422,SUBDECANO(A),FACULTAD DE INGENIERÍA EN CIENCIAS DE LA TIERRA,2017-08-18,2017-09-20,0.09,False,True
12422,SUBDECANO(A),DESCONOCIDA,2018-04-04,2018-09-22,0.47,True,True
12422,DECANO(A),FACULTAD DE INGENIERÍA EN CIENCIAS DE LA TIERRA,2021-02-22,2025-09-19,4.57,True,True
12422,PROFESOR TITULAR AUXILIAR 2 (TC),FACULTAD DE INGENIERÍA EN CIENCIAS DE LA TIERRA,2025-09-01,2026-01-21,0.39,True,True
12422,DECANO(A),DECANATO DE GRADO,2026-01-05,2026-08-03,0.57,True,True
12422,DECANO(A),DECANATO DE VINCULACIÓN,2026-01-27,2026-04-07,0.19,False,True
12422,PROFESOR TITULAR AUXILIAR 2 (TC),FACULTAD DE INGENIERÍA EN CIENCIAS DE LA TIERRA,2026-05-04,2026-05-08,0.01,False,True
12422,PROFESOR TITULAR AUXILIAR 2 (TC),FACULTAD DE INGENIERÍA EN CIENCIAS DE LA TIERRA,2026-08-07,,0.11,False,False
12471,AUXILIAR,DESCONOCIDA,2008-03-01,2013-01-01,4.84,True,True
12471,OPERARIO DE TALLER DE IMPRENTA,DESCONOCIDA,2013-01-01,2013-12-31,1.0,True,True
12471,AUXILIAR DE IMPRENTA,GERENCIA DE COMUNICACIÓN,2014-01-01,,12.71,True,False
12487,SECRETARIA AUXILIAR,DESCONOCIDA,2008-10-01,2014-12-31,6.25,True,False
12487,ANALISTA DE DESPACHO 1,GERENCIA ADMINISTRATIVA,2015-01-01,,11.71,True,False
12725,AUXILIAR DE INVESTIGACIÓN,DESCONOCIDA,2012-01-01,2014-12-31,3.0,True,False
12725,ANALISTA DE LABORATORIO DE INVESTIGACIÓN 2,CENTRO DE INVESTIGACIONES BIOTECNOLÓGICAS DEL ECUADOR,2016-03-01,,10.54,True,False
12781,PROFESOR NO TITULAR OCASIONAL (TC),FACULTAD DE INGENIERÍA MECÁNICA Y CIENCIAS DE LA PRODUCCIÓN,2022-10-03,2023-09-17,0.96,True,False
12880,TÉCNICO DE INVESTIGACIÓN 1 (TC),CENTRO DE TECNOLOGÍAS DE LA INFORMACIÓN,2022-11-01,2023-12-31,1.16,True,False
12899,ANALISTA DE COMPRAS PÚBLICAS 2,DIRECCIÓN DE ADQUISICIONES,2016-02-01,,10.62,True,True
12899,GERENTE DE INFRAESTRUCTURA FÍSICA,DESCONOCIDA,2017-05-22,2017-06-01,0.03,False,True
12900,ASISTENTE DE LABORATORIO DE FISICA (TÉCNICO DOCENTE),DESCONOCIDA,2013-05-13,2014-09-30,1.38,True,False
12900,TÉCNICO DOCENTE,DESCONOCIDA,2014-10-01,2016-04-30,1.58,True,False
12900,PROFESOR NO TITULAR OCASIONAL 2 (TC),FACULTAD DE CIENCIAS NATURALES Y MATEMÁTICAS,2016-05-01,2017-12-31,1.67,True,False
12900,TÉCNICO DOCENTE 1 (TC),FACULTAD DE CIENCIAS NATURALES Y MATEMÁTICAS,2018-01-01,,8.71,True,False
13040,ASISTENTE DE CALIDAD,DESCONOCIDA,2008-07-01,2014-12-31,6.5,True,False
13040,ANALISTA DE COMUNICACIÓN 1,FACULTAD DE CIENCIAS SOCIALES Y HUMANÍSTICAS,2015-01-01,,11.71,True,True
13040,PROFESOR NO TITULAR OCASIONAL (TP),FACULTAD DE CIENCIAS SOCIALES Y HUMANÍSTICAS,2021-05-17,,5.33,True,True
13055,PROFESOR NO TITULAR OCASIONAL 1 (TC),FACULTAD DE INGENIERÍA EN ELECTRICIDAD Y COMPUTACIÓN,2016-04-01,2017-10-06,1.51,True,False
13055,PROFESOR NO TITULAR OCASIONAL (TC),FACULTAD DE INGENIERÍA EN ELECTRICIDAD Y COMPUTACIÓN,2021-10-04,2022-09-28,0.98,True,False
13170,ASISTENTE DE RELACIONES INTERNACIONALES,RECTORADO,2006-03-01,2017-07-01,11.33,True,True
13170,ANALISTA DE GESTIÓN DE CALIDAD Y SERVICIO AL USUARIO,DESCONOCIDA,2015-02-01,2020-11-01,5.75,True,True
13325,PROFESOR AGREGADO,DESCONOCIDA,2011-05-16,2012-06-24,1.11,True,False
13325,PROFESOR PREGRADO,DESCONOCIDA,2012-07-09,2012-10-14,0.27,True,False
13325,PROFESOR PREGRADO,DESCONOCIDA,2013-05-13,2013-12-31,0.64,True,False
13325,PROFESOR PREGRADO,DESCONOCIDA,2014-05-12,2014-09-30,0.39,True,False
13325,PROFESOR NO TITULAR OCASIONAL (TC),FACULTAD DE CIENCIAS SOCIALES Y HUMANÍSTICAS,2014-10-01,2026-07-19,11.8,True,False
13325,PROFESOR TITULAR AUXILIAR 1 (TC),FACULTAD DE CIENCIAS SOCIALES Y HUMANÍSTICAS,2026-07-20,,0.16,False,False
13326,PROFESOR NO TITULAR OCASIONAL (MT),FACULTAD DE CIENCIAS NATURALES Y MATEMÁTICAS,2020-06-01,2021-02-19,0.72,True,False
13326,PROFESOR NO TITULAR OCASIONAL (TC),FACULTAD DE CIENCIAS NATURALES Y MATEMÁTICAS,2021-05-17,,5.33,True,False
13351,RECEPCIONISTA,DESCONOCIDA,2007-01-01,2007-01-31,0.08,False,False
13351,RECEPCIONISTA,DESCONOCIDA,2007-11-01,2007-11-30,0.08,False,False
13351,ASISTENTE EJECUTIVA 1,FACULTAD DE INGENIERÍA MECÁNICA Y CIENCIAS DE LA PRODUCCIÓN,2008-02-01,2021-11-01,13.75,True,False
13505,ASISTENTE DE SOPORTE TÉCNICO,DESCONOCIDA,2014-06-01,2015-10-18,1.38,True,False
13505,ANALISTA DE SEGURIDAD INFORMÁTICO 3,GERENCIA DE TECNOLOGÍAS Y SISTEMAS DE INFORMACIÓN,2015-10-19,,10.91,True,False
13532,PROFESOR TITULAR AGREGADO 3 (TC),FACULTAD DE CIENCIAS DE LA VIDA,2016-08-01,2019-04-05,2.67,True,False
13532,SUBDECANO(A),DESCONOCIDA,2021-03-02,2021-03-31,0.08,False,False
13532,PROFESOR TITULAR AGREGADO 3 (TC),FACULTAD DE CIENCIAS DE LA VIDA,2021-09-20,2021-09-24,0.01,False,False
13532,PROFESOR TITULAR AGREGADO 3 (TC),FACULTAD DE CIENCIAS DE LA VIDA,2022-04-02,2022-06-03,0.17,False,False
13532,PROFESOR TITULAR AGREGADO 3 (TC),FACULTAD DE CIENCIAS DE LA VIDA,2022-10-06,2022-12-30,0.23,False,False
13532,PROFESOR TITULAR AGREGADO 3 (TC),FACULTAD DE CIENCIAS DE LA VIDA,2023-09-06,2023-09-13,0.02,False,False
13532,PROFESOR TITULAR AGREGADO 3 (TC),FACULTAD DE CIENCIAS DE LA VIDA,2023-12-26,2024-04-12,0.3,True,False
13532,DECANO(A),FACULTAD DE CIENCIAS DE LA VIDA,2024-09-17,2024-09-20,0.01,False,False
13532,PROFESOR TITULAR AGREGADO 3 (TC),FACULTAD DE CIENCIAS DE LA VIDA,2024-10-25,2024-12-31,0.18,False,True
13532,SUBDECANO(A),FACULTAD DE CIENCIAS DE LA VIDA,2024-11-05,2025-09-25,0.89,True,True
13532,PROFESOR TITULAR AGREGADO 3 (TC),FACULTAD DE CIENCIAS DE LA VIDA,2025-04-14,2025-05-29,0.12,False,True
13532,PROFESOR TITULAR AGREGADO 3 (TC),FACULTAD DE CIENCIAS DE LA VIDA,2025-09-01,2025-09-05,0.01,False,True
13532,PROFESOR TITULAR AGREGADO 3 (TC),FACULTAD DE CIENCIAS DE LA VIDA,2025-12-26,2026-03-27,0.25,False,False
13532,DECANO(A),DECANATO DE VINCULACIÓN,2026-07-12,2026-07-18,0.02,False,False
13532,PROFESOR TITULAR AGREGADO 3 (TC),FACULTAD DE CIENCIAS DE LA VIDA,2026-08-05,2026-08-07,0.01,False,False
13532,DECANO(A),"VICERRECTORADO DE INVESTIGACIÓN, DESARROLLO E INNOVACIÓN",2026-08-26,,0.06,False,False
13566,PROFESOR PREGRADO,DESCONOCIDA,2012-05-14,2013-05-13,1.0,True,False
13566,PROFESOR NO TITULAR OCASIONAL (TC),FACULTAD DE INGENIERÍA EN ELECTRICIDAD Y COMPUTACIÓN,2014-10-01,2023-05-03,8.59,True,False
13660,PROMOTOR DE ARTE Y CULTURA,DIRECCIÓN DE TALENTO HUMANO,2015-01-01,2016-12-31,2.0,True,False
13660,TÉCNICOS ESPECIALIZADOS - EJECUCIÓN DE PROYECTOS,UNIDAD DE BIENESTAR ESTUDIANTIL Y POLITÉCNICO,2017-01-03,2017-12-31,0.99,True,False
13660,TECNICO DOCENTE,ESCUELA DE DISEÑO Y COMUNICACIÓN VISUAL,2018-05-01,2018-09-21,0.39,True,False
13660,TECNICO DOCENTE 4,ESCUELA DE DISEÑO Y COMUNICACIÓN VISUAL,2018-10-01,2019-09-27,0.99,True,False
13663,ENFERMERA,UNIDAD DE BIENESTAR ESTUDIANTIL Y POLITÉCNICO,2007-09-30,2020-08-01,12.84,True,False
13674,PROFESOR PREGRADO,DESCONOCIDA,2007-10-15,2008-09-26,0.95,True,False
13674,PROFESOR TITULAR AGREGADO 3 (TC),FACULTAD DE CIENCIAS NATURALES Y MATEMÁTICAS,2009-05-18,,17.33,True,False
13703,ASISTENTE DE VINCULOS,DESCONOCIDA,2008-08-01,2014-12-31,6.41,True,False
13703,ANALISTA DE PROYECTOS DE VINCULACIÓN 2,DECANATO DE VINCULACIÓN,2015-01-01,2023-09-08,8.68,True,True
13703,DIRECTOR DE VINCULOS CON LA SOCIEDAD,DESCONOCIDA,2017-02-20,2017-09-19,0.58,True,True
13703,DIRECTOR DE VINCULOS CON LA SOCIEDAD,DESCONOCIDA,2019-02-21,2019-03-10,0.05,False,True
13703,DIRECTOR DE VINCULOS CON LA SOCIEDAD,DESCONOCIDA,2020-02-17,2020-02-28,0.03,False,True
13703,ANALISTA DE PROYECTOS DE VINCULACIÓN 2,DECANATO DE VINCULACIÓN,2023-12-26,2024-03-15,0.22,False,False
13703,ANALISTA DE PROYECTOS DE VINCULACIÓN 2,DECANATO DE VINCULACIÓN,2024-07-16,2024-07-17,0.0,False,False
13703,ANALISTA DE PROYECTOS DE VINCULACIÓN 2,DECANATO DE VINCULACIÓN,2024-10-20,2025-05-26,0.6,True,False
13703,ANALISTA DE PROYECTOS DE VINCULACIÓN 2,DECANATO DE VINCULACIÓN,2025-12-26,2025-12-31,0.01,False,False
13703,ANALISTA DE PROYECTOS DE VINCULACIÓN 2,DECANATO DE VINCULACIÓN,2026-08-19,,0.08,False,False
13705,PROFESOR PREGRADO,DESCONOCIDA,1989-10-02,1990-02-03,0.34,True,False
13705,PROFESOR PREGRADO,DESCONOCIDA,1990-05-28,1991-03-01,0.76,True,False
13705,PROFESOR ACCIDENTAL,DESCONOCIDA,1993-06-03,1999-06-02,6.0,True,False
13705,PROFESOR TITULAR PRINCIPAL (TC),FACULTAD DE INGENIERÍA EN ELECTRICIDAD Y COMPUTACIÓN,1999-06-03,,27.29,True,True
13705,DIRECTOR DEL CENTRO DE DESARROLLO DE EMPRENDEDORES,DESCONOCIDA,2008-05-02,2009-05-01,1.0,True,True
13708,PROFESOR,DESCONOCIDA,2007-05-14,2007-09-22,0.36,True,False
13708,PROFESIONAL,DESCONOCIDA,2009-05-18,2010-03-02,0.79,True,False
13708,PROFESOR TITULAR AGREGADO 1 (TC),FACULTAD DE CIENCIAS SOCIALES Y HUMANÍSTICAS,2011-09-25,2021-03-12,9.46,True,True
13708,GERENTE DE RELACIONES INTERNACIONALES,DESCONOCIDA,2018-11-21,2018-12-09,0.05,False,True
13708,DIRECTOR DEL CENTRO DE INVESTIGACIONES Y SERVICIOS EDUCATIVOS,CENTRO DE INVESTIGACIONES Y SERVICIOS EDUCATIVOS,2019-05-02,2020-07-31,1.25,True,True
13708,PROFESOR TITULAR AGREGADO 1 (TC),FACULTAD DE CIENCIAS SOCIALES Y HUMANÍSTICAS,2022-02-21,2022-05-13,0.22,False,False
13708,PROFESOR TITULAR AGREGADO 1 (TC),FACULTAD DE CIENCIAS SOCIALES Y HUMANÍSTICAS,2022-09-15,2023-05-12,0.65,True,False
13708,PROFESOR TITULAR AGREGADO 1 (TC),FACULTAD DE CIENCIAS SOCIALES Y HUMANÍSTICAS,2023-12-26,,2.72,True,False
13756,PROFESOR NO TITULAR OCASIONAL 2 (TC),FACULTAD DE INGENIERÍA EN CIENCIAS DE LA TIERRA,2017-05-02,2017-12-31,0.67,True,False
13756,TÉCNICO DOCENTE 1 (MT),FACULTAD DE INGENIERÍA EN CIENCIAS DE LA TIERRA,2018-01-01,2023-08-06,5.59,True,False
13779,PROFESOR TITULAR AGREGADO 3 (TC),FACULTAD DE CIENCIAS SOCIALES Y HUMANÍSTICAS,2010-05-17,,16.33,True,False
13801,ASISTENTE DE INVESTIGACIÓN,DESCONOCIDA,2009-01-01,2012-12-31,4.0,True,False
13801,PROFESOR NO TITULAR OCASIONAL (TC),FACULTAD DE CIENCIAS DE LA VIDA,2015-05-01,2023-07-10,8.19,True,False
13801,PROFESOR NO TITULAR OCASIONAL (TC),FACULTAD DE CIENCIAS DE LA VIDA,2025-03-05,,1.53,True,False
13826,CONTRATO CIVIL - SERVICIO TÉCNICO ESPECIALIZADO,DESCONOCIDA,2017-01-03,2017-12-31,0.99,True,False
13826,TÉCNICOS ESPECIALIZADOS - EJECUCIÓN DE ACTIVIDADES,UNIDAD DE BIENESTAR ESTUDIANTIL Y POLITÉCNICO,2018-01-02,2020-12-31,2.99,True,False
13838,SECRETARIA AUXILIAR,DESCONOCIDA,2008-10-13,2010-12-31,2.21,True,False
13838,ASISTENTE EJECUTIVA 2,CENTRO NACIONAL DE ACUICULTURA E INVESTIGACIONES MARINAS,2011-04-01,,15.46,True,False
13863,ANALISTA DE TRANSPORTE,DIRECCIÓN DE SERVICIOS GENERALES,2020-12-01,2023-11-30,2.99,True,False
13876,PROFESOR NO TITULAR OCASIONAL (MT),FACULTAD DE CIENCIAS NATURALES Y MATEMÁTICAS,2024-10-02,2025-02-14,0.37,True,False
13876,PROFESOR NO TITULAR OCASIONAL (TC),FACULTAD DE CIENCIAS NATURALES Y MATEMÁTICAS,2025-05-05,,1.37,True,False
13879,SECRETARIA AUXILIAR,DESCONOCIDA,2007-10-01,2010-12-31,3.25,True,False
13879,ASISTENTE EJECUTIVA 3,FACULTAD DE INGENIERÍA EN ELECTRICIDAD Y COMPUTACIÓN,2011-05-02,,15.37,True,False
13895,PROFESOR NO TITULAR OCASIONAL (TC),ESCUELA DE POSTGRADO EN ADMINISTRACIÓN DE EMPRESAS,2024-09-30,,1.96,True,False
13897,SECRETARIA,DESCONOCIDA,2000-04-01,2006-07-31,6.33,True,False
13897,ASISTENTE EJECUTIVA 3,FACULTAD DE INGENIERÍA EN ELECTRICIDAD Y COMPUTACIÓN,2008-10-01,2023-02-10,14.36,True,True
13897,ANALISTA DE TALENTO HUMANO 1,DIRECCIÓN DE TALENTO HUMANO,2019-09-09,2023-11-29,4.22,True,True
13897,ASISTENTE EJECUTIVA 3,FACULTAD DE INGENIERÍA EN ELECTRICIDAD Y COMPUTACIÓN,2023-11-30,2023-11-30,0.0,False,False
13922,JEFE DE ACTIVOS FIJOS,DESCONOCIDA,2007-07-06,2008-07-06,1.0,True,False
13922,AUXILIAR DE ACTIVOS FIJOS,DESCONOCIDA,2008-07-07,2014-12-31,6.48,True,False
13922,ASISTENTE DE ACTIVOS FIJOS,DIRECCIÓN DE SERVICIOS GENERALES,2015-01-01,2023-02-09,8.11,True,True
13922,DIRECTOR DE SERVICIOS GENERALES,FACULTAD DE INGENIERÍA MECÁNICA Y CIENCIAS DE LA PRODUCCIÓN,2015-08-11,2015-08-16,0.01,False,True
13922,DIRECTOR DE SERVICIOS GENERALES,DESCONOCIDA,2015-10-05,2015-08-09,-0.16,False,True
13922,DIRECTOR DE SERVICIOS GENERALES,DIRECCIÓN DE SERVICIOS GENERALES,2016-03-03,2016-03-03,0.0,False,True
13922,DIRECTOR DE SERVICIOS GENERALES,DESCONOCIDA,2017-07-31,2017-09-17,0.13,False,True
13922,DIRECTOR DE SERVICIOS GENERALES,DESCONOCIDA,2019-05-07,2019-05-10,0.01,False,True
13922,ANALISTA ADMINISTRATIVO,DIRECCIÓN DE SERVICIOS GENERALES,2023-01-01,,3.71,True,True
13929,ASISTENTE DE REDES E INTERNET,DESCONOCIDA,2010-04-19,2012-02-15,1.83,True,False
13929,PROFESOR NO TITULAR OCASIONAL (TC),FACULTAD DE INGENIERÍA EN ELECTRICIDAD Y COMPUTACIÓN,2016-10-01,2019-04-30,2.58,True,False
13956,ASISTENTE DE INVESTIGACIÓN,DESCONOCIDA,2012-03-01,2013-12-31,1.83,True,False
13956,TÉCNICO DOCENTE,DESCONOCIDA,2014-01-01,2015-12-01,1.91,True,False
13956,ANALISTA DE LABORATORIO DE INVESTIGACIÓN 2,CENTRO DE INVESTIGACIONES BIOTECNOLÓGICAS DEL ECUADOR,2015-12-02,2025-04-17,9.37,True,False
13971,"ANALISIS DE CADA UNIDAD ACAD. Y ADM, BAJA DE BIENES, DONACIONES ETC.",DESCONOCIDA,2007-07-06,2008-07-06,1.0,True,False
13971,AUXILIAR DE ACTIVOS FIJOS 2,DESCONOCIDA,2008-07-07,2011-06-01,2.9,True,False
13971,AUXILIAR DE ACTIVOS FIJOS,DESCONOCIDA,2011-07-01,2014-12-31,3.5,True,False
13971,ASISTENTE FINANCIERO,GERENCIA FINANCIERA,2015-01-01,,11.71,True,True
13971,ANALISTA DE TESORERÍA 1,GERENCIA FINANCIERA,2017-12-01,2018-10-31,0.91,True,True
13971,ANALISTA DE TESORERÍA 1,GERENCIA FINANCIERA,2021-03-15,2021-03-22,0.02,False,True
13971,ANALISTA FINANCIERO 2,GERENCIA FINANCIERA,2021-05-25,2023-02-10,1.71,True,True
13971,ANALISTA DE TESORERÍA 1,GERENCIA FINANCIERA,2023-03-17,2023-03-30,0.04,False,True
13971,ANALISTA FINANCIERO 1,GERENCIA FINANCIERA,2023-10-18,2023-12-29,0.2,False,True
13994,TÉCNICO DOCENTE,DESCONOCIDA,2013-05-13,2016-03-31,2.88,True,False
13994,PROFESOR NO TITULAR OCASIONAL (TC),FACULTAD DE INGENIERÍA EN ELECTRICIDAD Y COMPUTACIÓN,2016-04-01,,10.46,True,False
14004,INVESTIGADOR,DESCONOCIDA,2014-03-01,2014-05-11,0.19,False,False
14004,PROFESOR NO TITULAR OCASIONAL (TC),DESCONOCIDA,2014-05-12,2016-07-31,2.22,True,False
14004,PROFESOR TITULAR AGREGADO 3 (TC),FACULTAD DE INGENIERÍA EN ELECTRICIDAD Y COMPUTACIÓN,2016-08-01,,10.12,True,False
14022,ASISTENTE DE INVESTIGACIÓN,DESCONOCIDA,2012-01-01,2013-12-31,2.0,True,False
14022,TÉCNICO DOCENTE,DESCONOCIDA,2014-01-01,2014-12-31,1.0,True,False
14022,TÉCNICO DOCENTE,CENTRO DE INVESTIGACIONES BIOTECNOLÓGICAS DEL ECUADOR,2015-01-01,2015-12-01,0.91,True,True
14022,ANALISTA DE LABORATORIO DE INVESTIGACIÓN 3,CENTRO DE INVESTIGACIONES BIOTECNOLÓGICAS DEL ECUADOR,2015-12-01,,10.79,True,True
14060,PROFESOR NO TITULAR OCASIONAL (TC),"FACULTAD DE ARTE, DISEÑO Y COMUNICACIÓN AUDIOVISUAL",2022-10-12,,3.93,True,False
14080,AUXILIAR DE ACTIVOS FIJOS 2,DESCONOCIDA,2008-07-06,2010-12-31,2.49,True,False
14080,AUXILIAR DE ACTIVOS FIJOS,DESCONOCIDA,2011-04-01,2014-12-31,3.75,True,False
14080,ASISTENTE DE ACTIVOS FIJOS,CENTRO DE INVESTIGACIONES BIOTECNOLÓGICAS DEL ECUADOR,2015-01-01,2024-07-18,9.54,True,False
14080,ASISTENTE DE ACTIVOS FIJOS,CENTRO DE INVESTIGACIONES BIOTECNOLÓGICAS DEL ECUADOR,2024-12-16,2025-05-22,0.43,True,False
14080,ASISTENTE DE ACTIVOS FIJOS,CENTRO DE INVESTIGACIONES BIOTECNOLÓGICAS DEL ECUADOR,2025-12-15,,0.75,True,False
14089,PROFESOR NO TITULAR OCASIONAL (TC),FACULTAD DE INGENIERÍA EN ELECTRICIDAD Y COMPUTACIÓN,2015-10-06,2021-02-19,5.37,True,True
14089,TÉCNICOS ESPECIALIZADOS - EJECUCIÓN DE PROYECTOS,FACULTAD DE INGENIERÍA EN ELECTRICIDAD Y COMPUTACIÓN,2017-03-28,2017-03-31,0.01,False,True
14089,TÉCNICO DOCENTE 3 (TC),FACULTAD DE INGENIERÍA EN ELECTRICIDAD Y COMPUTACIÓN,2021-02-20,2022-02-18,0.99,True,False
14089,PROFESOR NO TITULAR OCASIONAL (TP),FACULTAD DE INGENIERÍA EN ELECTRICIDAD Y COMPUTACIÓN,2022-02-19,2026-07-19,4.41,True,False
14089,PROFESOR TITULAR AUXILIAR 1 (TC),FACULTAD DE INGENIERÍA EN ELECTRICIDAD Y COMPUTACIÓN,2026-07-20,,0.16,False,False
14091,SECRETARIA AUXILIAR,DESCONOCIDA,2007-08-01,2014-12-31,7.42,True,False
14091,ASISTENTE DE TALENTO HUMANO,DIRECCIÓN DE TALENTO HUMANO,2015-05-04,2015-05-31,0.07,False,False
14091,ANALISTA DE TALENTO HUMANO 3,DIRECCIÓN DE TALENTO HUMANO,2015-06-01,2020-07-15,5.12,True,True
14091,DIRECTOR DE TALENTO HUMANO,DIRECCIÓN DE TALENTO HUMANO,2018-09-27,2018-10-02,0.01,False,True
14091,DIRECTOR DE TALENTO HUMANO,DESCONOCIDA,2019-05-13,2019-06-13,0.08,False,True
14091,DIRECTOR DE TALENTO HUMANO,DIRECCIÓN DE TALENTO HUMANO,2020-07-16,2025-06-09,4.9,True,True
14091,ANALISTA DE TALENTO HUMANO 3,DIRECCIÓN DE TALENTO HUMANO,2021-12-01,2021-12-01,0.0,False,True
14091,ANALISTA DE TALENTO HUMANO 3,DIRECCIÓN DE TALENTO HUMANO,2022-11-14,,3.84,True,True
14093,ANALISTA DE DESARROLLO DE SISTEMAS 1,CENTRO DE TECNOLOGÍAS DE LA INFORMACIÓN,2015-05-15,2018-01-31,2.72,True,False
14093,ANALISTA DE DESARROLLO DE SISTEMAS 1,GERENCIA DE TECNOLOGÍAS Y SISTEMAS DE INFORMACIÓN,2023-01-03,2023-11-01,0.83,True,False
14097,ANALISTA FINANCIERO 1,GERENCIA FINANCIERA,2016-11-01,,9.87,True,False
14113,PROFESOR NO TITULAR OCASIONAL (TC),FACULTAD DE CIENCIAS NATURALES Y MATEMÁTICAS,2016-10-10,2020-03-31,3.47,True,False
14113,PROFESOR TITULAR AGREGADO 1 (TC),FACULTAD DE CIENCIAS NATURALES Y MATEMÁTICAS,2020-04-01,,6.46,True,False
14116,ANALISTA ESTADISTICO,DESCONOCIDA,2012-01-01,2014-12-31,3.0,True,False
14116,TÉCNICO DOCENTE,FACULTAD DE CIENCIAS NATURALES Y MATEMÁTICAS,2015-01-01,2015-12-31,1.0,True,True
14116,ANALISTA DE GESTIÓN DE PROYECTOS DE INVESTIGACIÓN,CENTRO DE ESTUDIOS E INVESTIGACIONES ESTADÍSTICAS,2015-12-02,,10.79,True,True
14116,PROFESOR NO TITULAR OCASIONAL (TP),FACULTAD DE CIENCIAS NATURALES Y MATEMÁTICAS,2018-05-01,2019-09-20,1.39,True,True
14147,TÉCNICO DE LABORATORIO 1 (TC),FACULTAD DE CIENCIAS SOCIALES Y HUMANÍSTICAS,2023-10-03,2023-12-31,0.24,False,False
14147,PROFESOR NO TITULAR OCASIONAL (TC),FACULTAD DE CIENCIAS SOCIALES Y HUMANÍSTICAS,2024-12-06,2025-02-14,0.19,False,False
14153,PROFESOR NO TITULAR OCASIONAL (TP),DESCONOCIDA,2015-05-11,2015-12-31,0.64,True,False
14153,PROFESOR NO TITULAR OCASIONAL (TC),DECANATO DE GRADO,2016-05-01,,10.38,True,False
14155,PROFESOR NO TITULAR OCASIONAL (TC),FACULTAD DE CIENCIAS NATURALES Y MATEMÁTICAS,2015-10-01,2016-09-16,0.96,True,False
14155,PROFESOR NO TITULAR OCASIONAL (TC),FACULTAD DE INGENIERÍA EN ELECTRICIDAD Y COMPUTACIÓN,2020-06-01,,6.29,True,False
14164,ASISTENTE TÉCNICO DE APLICACIONES,DESCONOCIDA,2012-03-01,2013-12-31,1.83,True,False
14164,PROFESOR NO TITULAR OCASIONAL (TC),FACULTAD DE INGENIERÍA EN ELECTRICIDAD Y COMPUTACIÓN,2015-05-01,2015-09-30,0.42,True,False
14164,PROFESOR NO TITULAR OCASIONAL (TC),FACULTAD DE INGENIERÍA EN ELECTRICIDAD Y COMPUTACIÓN,2020-02-22,,6.56,True,False
14178,AUXILIAR DE REDES E INTERNET,DESCONOCIDA,2011-09-01,2012-12-31,1.33,True,False
14178,AUXILIAR DE INVESTIGACIÓN,DESCONOCIDA,2014-04-01,2014-12-31,0.75,True,False
14178,TÉCNICO DOCENTE,CENTRO DE INVESTIGACIONES BIOTECNOLÓGICAS DEL ECUADOR,2015-01-01,2015-12-01,0.91,True,False
14178,ANALISTA DE LABORATORIO DE INVESTIGACIÓN 2,CENTRO DE INVESTIGACIONES BIOTECNOLÓGICAS DEL ECUADOR,2015-12-02,,10.79,True,False
14179,PROFESOR NO TITULAR OCASIONAL (TC),FACULTAD DE CIENCIAS NATURALES Y MATEMÁTICAS,2020-02-22,,6.56,True,False
14185,PROFESOR NO TITULAR OCASIONAL (TP),DESCONOCIDA,2015-01-01,2015-03-13,0.19,False,False
14185,PROFESOR NO TITULAR OCASIONAL (TC),FACULTAD DE INGENIERÍA EN CIENCIAS DE LA TIERRA,2015-05-01,,11.38,True,False
14216,PROFESOR NO TITULAR OCASIONAL 1 (TC),FACULTAD DE INGENIERÍA EN ELECTRICIDAD Y COMPUTACIÓN,2016-04-01,2017-09-30,1.5,True,False
14216,PROFESOR NO TITULAR OCASIONAL (TC),FACULTAD DE INGENIERÍA EN ELECTRICIDAD Y COMPUTACIÓN,2021-10-04,,4.95,True,False
14227,TÈCNICO DE OPERACIÒN Y MANTENIMIENTO DE MAQUINARIA Y/O EQUIPOS/TÈCNICO DE OPERACIONES,AJÁ PARQUE DE LA CIENCIA,2014-10-01,,11.96,True,False
14258,AYUDANTE DE CONTABILIDAD,DESCONOCIDA,2014-03-17,2014-12-31,0.79,True,False
14258,ASISTENTE FINANCIERO,DECANATO DE VINCULACIÓN,2015-01-01,,11.71,True,False
14261,PROFESOR NO TITULAR OCASIONAL (TC),FACULTAD DE INGENIERÍA MECÁNICA Y CIENCIAS DE LA PRODUCCIÓN,2016-10-01,2021-07-31,4.83,True,False
14261,PROFESOR TITULAR AUXILIAR 1 (TC),FACULTAD DE INGENIERÍA MECÁNICA Y CIENCIAS DE LA PRODUCCIÓN,2021-08-01,,5.12,True,False
14264,MANEJO Y REGISTRO ADMINISTRATIVO DE LOS ACTIVOS FIJOS,DESCONOCIDA,2007-06-26,2008-06-26,1.0,True,False
14264,AUXILIAR DE ACTIVOS FIJOS 2,DESCONOCIDA,2008-06-27,2010-12-31,2.51,True,False
14264,AUXILIAR DE ACTIVOS FIJOS,DESCONOCIDA,2011-04-01,2014-12-31,3.75,True,False
14264,ASISTENTE DE SOPORTE TÉCNICO,DESCONOCIDA,2015-01-01,2016-04-30,1.33,True,False
14264,ANALISTA DE INFRAESTRUCTURA INFORMÁTICA 2,CENTRO DE INFORMACIÓN BIBLIOTECARIA,2016-05-01,,10.38,True,False
14309,TÉCNICO DOCENTE 4 (MT),DIRECCIÓN DE ADMISIONES,2021-05-25,2021-12-31,0.6,True,False
14321,TÉCNICO DE INVESTIGACIÓN 1 (MT),FACULTAD DE CIENCIAS NATURALES Y MATEMÁTICAS,2023-10-23,2023-12-31,0.19,False,False
14328,PROFESOR NO TITULAR OCASIONAL (TP),FACULTAD DE CIENCIAS SOCIALES Y HUMANÍSTICAS,2024-05-13,,2.34,True,False
14333,PROFESOR NO TITULAR OCASIONAL (TC),FACULTAD DE INGENIERÍA EN CIENCIAS DE LA TIERRA,2021-05-17,,5.33,True,False
14340,PROFESOR NO TITULAR OCASIONAL (TC),FACULTAD DE CIENCIAS NATURALES Y MATEMÁTICAS,2016-04-01,,10.46,True,False
14361,TÉCNICO DOCENTE 3 (MT),DIRECCIÓN DE ADMISIONES,2023-10-10,2023-12-31,0.22,False,False
14390,PROFESOR NO TITULAR OCASIONAL (TC),FACULTAD DE INGENIERÍA EN ELECTRICIDAD Y COMPUTACIÓN,2016-10-10,2022-05-06,5.57,True,False
14397,TÉCNICO DE LABORATORIO 1 (TC),FACULTAD DE INGENIERÍA MECÁNICA Y CIENCIAS DE LA PRODUCCIÓN,2023-10-03,2023-12-31,0.24,False,False
14464,PROFESOR NO TITULAR OCASIONAL (TC),FACULTAD DE INGENIERÍA MECÁNICA Y CIENCIAS DE LA PRODUCCIÓN,2018-10-01,,7.96,True,False
14465,TÉCNICO DOCENTE 1 (TC),FACULTAD DE INGENIERÍA MECÁNICA Y CIENCIAS DE LA PRODUCCIÓN,2021-05-17,2023-10-01,2.37,True,False
14465,PROFESOR NO TITULAR OCASIONAL (TP),FACULTAD DE INGENIERÍA MECÁNICA Y CIENCIAS DE LA PRODUCCIÓN,2023-11-13,2024-02-09,0.24,False,False
14489,PROFESOR NO TITULAR OCASIONAL (TC),FACULTAD DE INGENIERÍA EN CIENCIAS DE LA TIERRA,2016-10-01,2018-03-30,1.49,True,False
14489,PROFESOR NO TITULAR OCASIONAL (TP),FACULTAD DE INGENIERÍA EN CIENCIAS DE LA TIERRA,2023-01-01,2025-02-14,2.12,True,False
14497,PROFESOR NO TITULAR OCASIONAL (MT),FACULTAD DE INGENIERÍA MECÁNICA Y CIENCIAS DE LA PRODUCCIÓN,2018-05-01,2019-09-20,1.39,True,False
14497,PROFESOR NO TITULAR OCASIONAL (MT),FACULTAD DE INGENIERÍA MECÁNICA Y CIENCIAS DE LA PRODUCCIÓN,2020-10-01,2021-12-31,1.25,True,False
14497,PROFESOR NO TITULAR OCASIONAL (MT),FACULTAD DE INGENIERÍA MECÁNICA Y CIENCIAS DE LA PRODUCCIÓN,2023-01-01,2024-12-31,2.0,True,False
14547,PROFESOR NO TITULAR OCASIONAL (TP),FACULTAD DE INGENIERÍA MECÁNICA Y CIENCIAS DE LA PRODUCCIÓN,2023-06-26,2023-08-04,0.11,False,False
14613,AYUDANTE DE INVESTIGACIÓN,DESCONOCIDA,2012-01-01,2012-12-31,1.0,True,False
14613,TÉCNICO DOCENTE,DESCONOCIDA,2013-01-01,2015-12-02,2.92,True,True
14613,ANALISTA DE LABORATORIO DE INVESTIGACIÓN 2,CENTRO DE INVESTIGACIONES BIOTECNOLÓGICAS DEL ECUADOR,2015-12-02,2023-08-25,7.73,True,True
14613,ANALISTA DE LABORATORIO DE INVESTIGACIÓN 2,CENTRO DE INVESTIGACIONES BIOTECNOLÓGICAS DEL ECUADOR,2023-11-27,2024-07-30,0.67,True,False
14613,ANALISTA DE LABORATORIO DE INVESTIGACIÓN 2,CENTRO DE INVESTIGACIONES BIOTECNOLÓGICAS DEL ECUADOR,2024-11-25,,1.81,True,False
14617,TÉCNICO DOCENTE 4 (TC),DIRECCIÓN DE ADMISIONES,2021-05-25,2021-12-31,0.6,True,False
14623,PROFESOR NO TITULAR OCASIONAL (TC),FACULTAD DE INGENIERÍA MECÁNICA Y CIENCIAS DE LA PRODUCCIÓN,2015-01-01,2020-02-21,5.14,True,True
14623,TÉCNICOS ESPECIALIZADOS - EJECUCIÓN DE PROYECTOS,DESCONOCIDA,2017-01-01,2017-12-31,1.0,True,True
14627,AUXILIAR DE INVESTIGACIÓN,DESCONOCIDA,2013-07-01,2013-12-31,0.5,True,False
14627,TÉCNICO DOCENTE,DESCONOCIDA,2014-04-01,2015-11-30,1.66,True,False
14627,ANALISTA DE LABORATORIO DE INVESTIGACIÓN 2,CENTRO DE INVESTIGACIONES BIOTECNOLÓGICAS DEL ECUADOR,2015-12-01,,10.79,True,False
14710,ANALISTA DE SEGUIMIENTO A GRADUADOS 3,GERENCIA DE BIENESTAR POLITÉCNICO,2017-12-01,,8.79,True,False
17054,DOCENTE INVESTIGADOR,DESCONOCIDA,1985-05-20,1986-03-01,0.78,True,False
17054,DOCENTE INVESTIGADOR,DESCONOCIDA,1986-10-20,1987-02-28,0.36,True,False
17054,TÉCNICO DOCENTE 4 (MT),DIRECCIÓN DE ADMISIONES,2021-05-25,2021-12-31,0.6,True,False
17054,TÉCNICO DOCENTE 3 (TC),DIRECCIÓN DE ADMISIONES,2023-05-29,,3.3,True,False
17123,TÉCNICO DE LABORATORIO 1 (TC),FACULTAD DE INGENIERÍA MECÁNICA Y CIENCIAS DE LA PRODUCCIÓN,2025-03-19,,1.49,True,False
17519,JEFE DE COMPUTACIÓN,DESCONOCIDA,2013-05-01,2013-12-31,0.67,True,False
17519,ANALISTA DE INFRAESTRUCTURA INFORMÁTICA 2,GERENCIA DE TECNOLOGÍAS Y SISTEMAS DE INFORMACIÓN,2015-01-01,2015-04-30,0.33,True,False
17519,ANALISTA DE INFRAESTRUCTURA INFORMÁTICA 2,"FACULTAD DE ARTE, DISEÑO Y COMUNICACIÓN AUDIOVISUAL",2015-06-01,,11.29,True,False
18327,PROFESOR PREGRADO,DESCONOCIDA,2012-07-09,2012-10-14,0.27,True,False
18327,TÉCNICO DOCENTE,DESCONOCIDA,2013-05-13,2014-09-30,1.38,True,False
18327,PROFESOR NO TITULAR OCASIONAL (TC),FACULTAD DE CIENCIAS NATURALES Y MATEMÁTICAS,2014-10-01,2020-02-21,5.39,True,False
18327,TÉCNICO DOCENTE 4 (TC),FACULTAD DE CIENCIAS NATURALES Y MATEMÁTICAS,2020-02-22,2020-09-30,0.61,True,False
18327,PROFESOR NO TITULAR OCASIONAL (TC),FACULTAD DE CIENCIAS NATURALES Y MATEMÁTICAS,2020-10-01,2024-04-05,3.51,True,True
18327,TÉCNICO DOCENTE 1 (TC),FACULTAD DE CIENCIAS NATURALES Y MATEMÁTICAS,2024-02-19,,2.57,True,True
19999,ANALISTA DE SERVICIOS GENERALES,FACULTAD DE INGENIERÍA EN ELECTRICIDAD Y COMPUTACIÓN,2018-03-01,2026-07-02,8.34,True,False
20698,PROFESOR NO TITULAR OCASIONAL 2 (TC),DESCONOCIDA,2017-05-01,2017-12-31,0.67,True,False
20698,TECNICO DOCENTE 4,DIRECCIÓN DE ADMISIONES,2018-01-01,2019-12-31,2.0,True,False
20698,TÉCNICO DOCENTE 4 (TC),DIRECCIÓN DE ADMISIONES,2021-05-25,2021-08-31,0.27,True,False
20698,TÉCNICO DOCENTE 4 (MT),DIRECCIÓN DE ADMISIONES,2021-10-18,2021-12-31,0.2,False,False
21004,AYUDANTE DE INVESTIGACIÓN,DESCONOCIDA,1989-06-01,1989-09-30,0.33,True,False
21004,PROFESOR NO TITULAR OCASIONAL (TC),DESCONOCIDA,2014-05-12,2015-03-13,0.83,True,False
21004,PROFESOR NO TITULAR OCASIONAL (TC),FACULTAD DE INGENIERÍA MECÁNICA Y CIENCIAS DE LA PRODUCCIÓN,2016-01-01,2020-09-30,4.75,True,False
21436,TÉCNICO DOCENTE 3 (MT),DIRECCIÓN DE ADMISIONES,2023-10-10,2023-12-31,0.22,False,False
21772,PROFESOR NO TITULAR OCASIONAL (TC),FACULTAD DE INGENIERÍA EN ELECTRICIDAD Y COMPUTACIÓN,2014-10-01,2020-02-21,5.39,True,True
21772,TÉCNICOS ESPECIALIZADOS - EJECUCIÓN DE PROYECTOS,FACULTAD DE INGENIERÍA EN ELECTRICIDAD Y COMPUTACIÓN,2017-04-01,2017-05-31,0.16,False,True
21772,PROFESOR NO TITULAR OCASIONAL (TC),FACULTAD DE INGENIERÍA EN ELECTRICIDAD Y COMPUTACIÓN,2024-12-02,,1.79,True,False
21845,TÉCNICO DOCENTE,ESCUELA DE DISEÑO Y COMUNICACIÓN VISUAL,2015-08-01,2015-11-30,0.33,True,False
21845,ANALISTA ESTADÍSTICO ACADÉMICO,DESCONOCIDA,2015-12-01,2016-05-01,0.42,True,False
21845,ANALISTA ESTADÍSTICO ACADÉMICO,"FACULTAD DE ARTE, DISEÑO Y COMUNICACIÓN AUDIOVISUAL",2016-07-01,2023-12-29,7.49,True,False
21845,ANALISTA ESTADÍSTICO ACADÉMICO,"FACULTAD DE ARTE, DISEÑO Y COMUNICACIÓN AUDIOVISUAL",2024-04-15,2024-04-19,0.01,False,False
21845,ANALISTA ESTADÍSTICO ACADÉMICO,"FACULTAD DE ARTE, DISEÑO Y COMUNICACIÓN AUDIOVISUAL",2024-09-12,2024-12-31,0.3,True,False
21845,ANALISTA ESTADÍSTICO ACADÉMICO,"FACULTAD DE ARTE, DISEÑO Y COMUNICACIÓN AUDIOVISUAL",2025-04-07,2025-04-17,0.03,False,False
21845,ANALISTA ESTADÍSTICO ACADÉMICO,"FACULTAD DE ARTE, DISEÑO Y COMUNICACIÓN AUDIOVISUAL",2025-09-15,,1.0,True,False
21907,AYUDANTE DE CAMPO,DESCONOCIDA,1988-11-01,1988-11-30,0.08,False,False
21907,PROFESOR PREGRADO,DESCONOCIDA,2012-05-14,2013-05-13,1.0,True,False
21907,PROFESOR NO TITULAR OCASIONAL (MT),FACULTAD DE INGENIERÍA EN CIENCIAS DE LA TIERRA,2018-05-01,2019-09-20,1.39,True,False
22230,PROFESOR NO TITULAR OCASIONAL (TP),FACULTAD DE INGENIERÍA EN ELECTRICIDAD Y COMPUTACIÓN,2015-01-01,2016-02-28,1.16,True,False
22230,PROFESOR NO TITULAR OCASIONAL 1 (TP),DESCONOCIDA,2016-05-02,2016-09-23,0.39,True,False
22230,PROFESOR NO TITULAR OCASIONAL 1 (TP),FACULTAD DE INGENIERÍA EN ELECTRICIDAD Y COMPUTACIÓN,2016-10-10,2017-09-22,0.95,True,False
22230,TÉCNICO DOCENTE 3 (TC),DIRECCIÓN DE ADMISIONES,2023-09-20,2023-12-31,0.28,True,False
22233,PROFESOR NO TITULAR OCASIONAL (TC),FACULTAD DE INGENIERÍA EN ELECTRICIDAD Y COMPUTACIÓN,2014-10-01,2020-02-21,5.39,True,False
22233,PROFESOR NO TITULAR OCASIONAL (TC),CENTRO DE EMPRENDIMIENTO E INNOVACIÓN I3LAB,2020-10-12,2024-02-16,3.35,True,False
22233,PROFESOR NO TITULAR OCASIONAL (MT),DECANATO DE GRADO,2024-05-13,2025-02-14,0.76,True,False
22233,PROFESOR NO TITULAR OCASIONAL (TC),DECANATO DE GRADO,2025-05-12,,1.35,True,False
22250,PROFESOR NO TITULAR OCASIONAL 1 (TP),DESCONOCIDA,2016-05-02,2016-09-23,0.39,True,False
22250,PROFESOR NO TITULAR OCASIONAL 1 (TP),FACULTAD DE CIENCIAS SOCIALES Y HUMANÍSTICAS,2016-10-10,2017-09-22,0.95,True,False
22250,PROFESOR NO TITULAR OCASIONAL (TP),FACULTAD DE CIENCIAS SOCIALES Y HUMANÍSTICAS,2017-10-04,2019-09-20,1.96,True,False
22321,PROFESOR NO TITULAR OCASIONAL (TC),FACULTAD DE CIENCIAS NATURALES Y MATEMÁTICAS,2016-04-01,,10.46,True,False
22783,AYUDANTE ACADÉMICO,DESCONOCIDA,1991-03-05,1991-10-04,0.58,True,False
22783,ASISTENTE TÉCNICO,DESCONOCIDA,1993-02-08,1993-08-07,0.49,True,False
22783,PROFESOR,DESCONOCIDA,1993-10-18,1995-03-03,1.37,True,False
22783,PROFESOR,DESCONOCIDA,1995-06-12,1996-09-28,1.3,True,False
22783,PROFESOR,DESCONOCIDA,1997-02-03,1997-09-27,0.65,True,False
22783,PROFESOR,DESCONOCIDA,1998-02-10,1998-05-16,0.26,True,False
22783,TÉCNICO DOCENTE 4 (MT),DIRECCIÓN DE ADMISIONES,2021-05-25,2021-12-31,0.6,True,False
22783,TÉCNICO DOCENTE 3 (TC),DIRECCIÓN DE ADMISIONES,2023-09-20,2024-12-31,1.28,True,False
22783,TÉCNICO DOCENTE 3 (TC),DIRECCIÓN DE ADMISIONES,2026-05-14,,0.34,True,False
23468,TÉCNICO DOCENTE 3 (MT),DIRECCIÓN DE ADMISIONES,2023-10-10,2023-12-31,0.22,False,False
23552,TÉCNICOS ESPECIALIZADOS - EJECUCIÓN DE PROYECTOS,DESCONOCIDA,2016-01-18,2016-03-31,0.2,False,False
23552,PROFESOR NO TITULAR OCASIONAL (TC),FACULTAD DE INGENIERÍA EN CIENCIAS DE LA TIERRA,2016-04-01,2026-07-19,10.3,True,False
23552,PROFESOR TITULAR AUXILIAR 1 (TC),FACULTAD DE INGENIERÍA EN CIENCIAS DE LA TIERRA,2026-07-20,,0.16,False,False
23638,TÉCNICO DOCENTE 3 (TC),DIRECCIÓN DE ADMISIONES,2023-09-20,2023-09-30,0.03,False,False
24479,PROFESOR NO TITULAR OCASIONAL (TC),FACULTAD DE CIENCIAS NATURALES Y MATEMÁTICAS,2018-05-01,,8.38,True,False
24526,TÉCNICOS ESPECIALIZADOS - EJECUCIÓN DE PROYECTOS,DESCONOCIDA,2016-05-01,2016-05-31,0.08,False,False
24526,PROFESOR NO TITULAR OCASIONAL 1 (TC),FACULTAD DE INGENIERÍA EN CIENCIAS DE LA TIERRA,2016-06-01,2017-07-15,1.12,True,False
24526,PROFESOR NO TITULAR OCASIONAL (TP),FACULTAD DE INGENIERÍA EN CIENCIAS DE LA TIERRA,2021-05-17,2022-09-23,1.35,True,False
24526,PROFESOR NO TITULAR OCASIONAL (TC),FACULTAD DE INGENIERÍA EN CIENCIAS DE LA TIERRA,2022-10-03,2024-02-16,1.37,True,False
24526,PROFESOR NO TITULAR OCASIONAL (TP),FACULTAD DE INGENIERÍA EN CIENCIAS DE LA TIERRA,2024-05-13,2025-02-14,0.76,True,False
25170,PROFESOR NO TITULAR OCASIONAL (TC),FACULTAD DE CIENCIAS DE LA VIDA,2015-10-01,2026-06-05,10.68,True,False
25259,TÉCNICO DOCENTE 3 (TC),DIRECCIÓN DE ADMISIONES,2023-05-29,,3.3,True,False
25565,PROFESOR NO TITULAR OCASIONAL (TP),DESCONOCIDA,2015-05-11,2016-02-28,0.8,True,False
25565,PROFESOR NO TITULAR OCASIONAL 1 (TP),DESCONOCIDA,2016-05-02,2016-09-23,0.39,True,False
25565,PROFESOR NO TITULAR OCASIONAL 1 (TP),FACULTAD DE INGENIERÍA EN CIENCIAS DE LA TIERRA,2016-10-10,2017-09-22,0.95,True,False
25565,PROFESOR NO TITULAR OCASIONAL (MT),FACULTAD DE INGENIERÍA EN CIENCIAS DE LA TIERRA,2017-10-01,2019-09-20,1.97,True,False
25565,PROFESOR NO TITULAR OCASIONAL 1 (MT),FACULTAD DE INGENIERÍA EN CIENCIAS DE LA TIERRA,2019-10-01,2020-02-21,0.39,True,True
25565,GERENTE DE INFRAESTRUCTURA FÍSICA,GERENCIA DE INFRAESTRUCTURA FÍSICA,2020-02-12,2023-10-02,3.64,True,True
25565,PROFESOR NO TITULAR OCASIONAL (TP),FACULTAD DE INGENIERÍA EN CIENCIAS DE LA TIERRA,2020-06-01,2021-07-31,1.16,True,True
25565,PROFESOR TITULAR AUXILIAR 1 (TC),FACULTAD DE INGENIERÍA EN CIENCIAS DE LA TIERRA,2021-08-01,,5.12,True,True
25763,TÉCNICO DOCENTE 3 (TC),DIRECCIÓN DE ADMISIONES,2025-10-01,2025-12-31,0.25,False,False
25856,ILUSTRADOR DIAGRAMADOR,DESCONOCIDA,2003-02-17,2003-05-17,0.24,False,False
25856,PROFESOR PREGRADO,DESCONOCIDA,2008-10-13,2014-09-30,5.96,True,False
25856,PROFESOR NO TITULAR OCASIONAL (TC),"FACULTAD DE ARTE, DISEÑO Y COMUNICACIÓN AUDIOVISUAL",2014-10-01,2016-07-31,1.83,True,False
25856,PROFESOR TITULAR AUXILIAR 2 (TC),"FACULTAD DE ARTE, DISEÑO Y COMUNICACIÓN AUDIOVISUAL",2016-08-01,,10.12,True,True
25856,TÉCNICOS ESPECIALIZADOS - EJECUCIÓN DE PROYECTOS DE INVESTIGACIÓN,CENTRO INTERNACIONAL DEL PACÍFICO PARA LA REDUCCIÓN DEL RIESGO DE DESASTRES,2023-10-11,2023-10-17,0.02,False,True
25989,TÉCNICO DOCENTE 3 (TC),DIRECCIÓN DE ADMISIONES,2023-10-10,2023-12-31,0.22,False,False
25989,TÉCNICO DOCENTE 3 (TC),DIRECCIÓN DE ADMISIONES,2025-05-05,,1.37,True,False
26171,TÉCNICO DOCENTE 1 (TC),FACULTAD DE INGENIERÍA MECÁNICA Y CIENCIAS DE LA PRODUCCIÓN,2022-04-04,,4.45,True,False
26207,ANALISTA DE INFRAESTRUCTURA FÍSICA 2,GERENCIA DE INFRAESTRUCTURA FÍSICA,2013-03-01,2015-02-28,2.0,True,False
26207,ANALISTA DE INFRAESTRUCTURA FÍSICA 2,GERENCIA DE INFRAESTRUCTURA FÍSICA,2015-06-01,,11.29,True,False
26655,PROFESOR PREGRADO,DESCONOCIDA,2014-10-01,2016-09-30,2.0,True,False
26655,PROFESOR NO TITULAR OCASIONAL 2 (TC),FACULTAD DE CIENCIAS NATURALES Y MATEMÁTICAS,2016-10-17,2017-12-31,1.2,True,True
26655,TÉCNICOS ESPECIALIZADOS - EJECUCIÓN DE PROYECTOS,FACULTAD DE CIENCIAS NATURALES Y MATEMÁTICAS,2016-12-10,2016-12-10,0.0,False,True
26655,TÉCNICO DOCENTE 1 (TC),FACULTAD DE CIENCIAS NATURALES Y MATEMÁTICAS,2018-01-01,2026-02-13,8.12,True,False
26740,PROFESOR NO TITULAR OCASIONAL (TP),"FACULTAD DE INGENIERIA MARÍTIMA, CIENCIAS BIOLÓGICAS, OCEÁNICAS Y RECURSOS NATURALES",2015-01-01,2016-02-28,1.16,True,False
26740,PROFESOR NO TITULAR OCASIONAL 1 (TP),DESCONOCIDA,2016-05-02,2016-09-23,0.39,True,False
26740,PROFESOR NO TITULAR OCASIONAL 1 (TP),"FACULTAD DE INGENIERIA MARÍTIMA, CIENCIAS BIOLÓGICAS, OCEÁNICAS Y RECURSOS NATURALES",2016-10-10,2017-03-17,0.43,True,False
26740,PROFESOR NO TITULAR OCASIONAL (TP),FACULTAD DE INGENIERÍA MARÍTIMA Y CIENCIAS DEL MAR,2022-05-16,2024-10-02,2.38,True,False
27203,PROFESOR NO TITULAR OCASIONAL 1 (TP),FACULTAD DE CIENCIAS SOCIALES Y HUMANÍSTICAS,2016-10-10,2017-09-22,0.95,True,False
27203,PROFESOR NO TITULAR OCASIONAL (TP),FACULTAD DE CIENCIAS SOCIALES Y HUMANÍSTICAS,2017-10-04,2019-09-20,1.96,True,False
27736,PROFESOR NO TITULAR OCASIONAL 2 (TC),FACULTAD DE CIENCIAS NATURALES Y MATEMÁTICAS,2016-10-01,2017-12-31,1.25,True,False
27736,TÉCNICO DOCENTE 1 (TC),FACULTAD DE CIENCIAS NATURALES Y MATEMÁTICAS,2018-01-01,2026-02-13,8.12,True,False
27736,PROFESOR NO TITULAR OCASIONAL (MT),FACULTAD DE CIENCIAS NATURALES Y MATEMÁTICAS,2026-03-09,,0.52,True,False
27983,TÉCNICOS ESPECIALIZADOS - EJECUCIÓN DE ACTIVIDADES,GERENCIA DE RELACIONES INTERNACIONALES,2018-03-01,2018-05-31,0.25,False,False
28061,PROFESOR NO TITULAR OCASIONAL 1 (TP),FACULTAD DE INGENIERÍA MECÁNICA Y CIENCIAS DE LA PRODUCCIÓN,2016-10-10,2017-09-22,0.95,True,False
28061,PROFESOR NO TITULAR OCASIONAL (TP),FACULTAD DE INGENIERÍA MECÁNICA Y CIENCIAS DE LA PRODUCCIÓN,2017-10-04,2018-03-02,0.41,True,False
28061,PROFESOR NO TITULAR OCASIONAL 1 (TP),FACULTAD DE INGENIERÍA MECÁNICA Y CIENCIAS DE LA PRODUCCIÓN,2018-05-02,2018-09-21,0.39,True,False
28061,PROFESOR NO TITULAR OCASIONAL (TP),FACULTAD DE INGENIERÍA EN ELECTRICIDAD Y COMPUTACIÓN,2018-10-01,2019-02-22,0.39,True,False
28061,PROFESOR NO TITULAR OCASIONAL (TP),CENTRO DE EMPRENDIMIENTO E INNOVACIÓN I3LAB,2019-05-13,2019-09-20,0.36,True,False
28061,PROFESOR NO TITULAR OCASIONAL (MT),CENTRO DE EMPRENDIMIENTO E INNOVACIÓN I3LAB,2021-05-17,2022-02-18,0.76,True,False
28061,PROFESOR NO TITULAR OCASIONAL (MT),DECANATO DE GRADO,2022-05-16,2023-02-17,0.76,True,False
28061,PROFESOR NO TITULAR OCASIONAL (TC),DECANATO DE GRADO,2023-05-15,,3.34,True,False
28660,PROFESOR NO TITULAR OCASIONAL 1 (TP),FACULTAD DE CIENCIAS SOCIALES Y HUMANÍSTICAS,2016-10-10,2017-03-17,0.43,True,False
28660,PROFESOR NO TITULAR OCASIONAL (TC),DECANATO DE GRADO,2017-04-10,,9.43,True,False
28957,JEFE DE INVESTIGACIÓN,DESCONOCIDA,2009-01-01,2012-12-31,4.0,True,False
28957,PROFESOR NO TITULAR OCASIONAL (TC),FACULTAD DE CIENCIAS DE LA VIDA,2016-10-01,,9.96,True,False
29032,ASISTENTE EJECUTIVA 3,FACULTAD DE CIENCIAS NATURALES Y MATEMÁTICAS,2025-02-03,,1.62,True,False
29216,PROFESOR PREGRADO,DESCONOCIDA,2011-05-16,2012-05-15,1.0,True,False
29216,PROFESOR PREGRADO,DESCONOCIDA,2012-10-08,2013-02-26,0.39,True,False
29289,PROFESOR PREGRADO,DESCONOCIDA,2008-10-13,2010-03-02,1.38,True,False
29289,PROFESOR TITULAR AGREGADO 3 (TC),FACULTAD DE CIENCIAS SOCIALES Y HUMANÍSTICAS,2010-05-17,2018-12-31,8.62,True,False
29289,PROFESOR TITULAR AUXILIAR 1 (TC),FACULTAD DE CIENCIAS SOCIALES Y HUMANÍSTICAS,2019-02-25,2019-03-26,0.08,False,False
29289,PROFESOR TITULAR AGREGADO 3 (TC),FACULTAD DE CIENCIAS SOCIALES Y HUMANÍSTICAS,2021-02-22,2021-03-12,0.05,False,False
29289,PROFESOR TITULAR AGREGADO 3 (TC),FACULTAD DE CIENCIAS SOCIALES Y HUMANÍSTICAS,2021-09-01,2022-07-31,0.91,True,False
29289,PROFESOR TITULAR AGREGADO 3 (TC),FACULTAD DE CIENCIAS SOCIALES Y HUMANÍSTICAS,2022-12-27,2023-03-17,0.22,False,False
29289,PROFESOR TITULAR AGREGADO 3 (TC),FACULTAD DE CIENCIAS SOCIALES Y HUMANÍSTICAS,2023-07-27,2024-03-13,0.63,True,False
29289,PROFESOR TITULAR AGREGADO 3 (TC),FACULTAD DE CIENCIAS SOCIALES Y HUMANÍSTICAS,2024-12-23,2025-03-14,0.22,False,False
29289,PROFESOR TITULAR AGREGADO 3 (TC),FACULTAD DE CIENCIAS SOCIALES Y HUMANÍSTICAS,2025-06-30,2025-07-11,0.03,False,False
29289,PROFESOR TITULAR AGREGADO 3 (TC),FACULTAD DE CIENCIAS SOCIALES Y HUMANÍSTICAS,2025-10-13,,0.93,True,False
29498,PROFESOR NO TITULAR OCASIONAL (TP),FACULTAD DE CIENCIAS SOCIALES Y HUMANÍSTICAS,2024-06-13,,2.26,True,False
29537,PROFESOR NO TITULAR OCASIONAL (TC),"FACULTAD DE ARTE, DISEÑO Y COMUNICACIÓN AUDIOVISUAL",2015-05-01,2023-05-31,8.08,True,False
29537,PROFESOR TITULAR AUXILIAR 1 (TC),"FACULTAD DE ARTE, DISEÑO Y COMUNICACIÓN AUDIOVISUAL",2023-06-01,,3.29,True,False
30219,PROFESOR NO TITULAR OCASIONAL (TP),FACULTAD DE INGENIERÍA EN ELECTRICIDAD Y COMPUTACIÓN,2024-01-02,2024-02-09,0.1,False,False
30390,PROFESOR PREGRADO,DESCONOCIDA,2009-10-12,2011-05-17,1.59,True,False
30390,PROFESOR TITULAR AUXILIAR 1 (TC),DESCONOCIDA,2011-09-25,2015-09-04,3.94,True,False
30390,PROFESOR NO TITULAR OCASIONAL 1 (TP),FACULTAD DE CIENCIAS SOCIALES Y HUMANÍSTICAS,2017-07-03,2017-09-22,0.22,False,False
30390,TECNICO DOCENTE 4,FACULTAD DE CIENCIAS SOCIALES Y HUMANÍSTICAS,2017-11-01,2020-02-21,2.31,True,False
30390,PROFESOR NO TITULAR OCASIONAL (TP),FACULTAD DE CIENCIAS SOCIALES Y HUMANÍSTICAS,2021-04-19,2022-09-23,1.43,True,False
30390,PROFESOR NO TITULAR OCASIONAL (MT),FACULTAD DE CIENCIAS SOCIALES Y HUMANÍSTICAS,2022-10-03,,3.95,True,False
30492,PROFESOR PREGRADO,DESCONOCIDA,2013-05-13,2014-09-30,1.38,True,False
30492,PROFESOR NO TITULAR OCASIONAL (MT),FACULTAD DE INGENIERÍA MECÁNICA Y CIENCIAS DE LA PRODUCCIÓN,2014-10-01,2019-02-22,4.39,True,False
30492,PROFESOR NO TITULAR OCASIONAL (TC),FACULTAD DE INGENIERÍA MECÁNICA Y CIENCIAS DE LA PRODUCCIÓN,2019-05-13,2026-07-19,7.18,True,False
30492,PROFESOR TITULAR AUXILIAR 1 (TC),FACULTAD DE INGENIERÍA MECÁNICA Y CIENCIAS DE LA PRODUCCIÓN,2026-07-20,,0.16,False,False
30674,PROFESOR NO TITULAR OCASIONAL (MT),FACULTAD DE CIENCIAS NATURALES Y MATEMÁTICAS,2022-10-03,2023-02-17,0.38,True,False
30674,PROFESOR NO TITULAR OCASIONAL (TP),FACULTAD DE CIENCIAS NATURALES Y MATEMÁTICAS,2025-10-21,2026-02-13,0.31,True,False
31176,PROFESOR NO TITULAR OCASIONAL (TP),DESCONOCIDA,2015-10-19,2016-02-28,0.36,True,False
32178,TÉCNICOS ESPECIALIZADOS - EJECUCIÓN DE PROYECTOS,DESCONOCIDA,2016-05-21,2016-11-26,0.52,True,True
32178,PROFESOR NO TITULAR OCASIONAL 2 (TC),FACULTAD DE CIENCIAS SOCIALES Y HUMANÍSTICAS,2016-10-01,2017-03-31,0.5,True,True
33010,ASISTENTE DE INVESTIGACIÓN,DESCONOCIDA,2009-01-01,2009-12-31,1.0,True,False
33010,INVESTIGADOR,DESCONOCIDA,2012-01-01,2012-12-31,1.0,True,False
33010,PROFESOR NO TITULAR OCASIONAL (TC),FACULTAD DE CIENCIAS DE LA VIDA,2017-04-26,2020-02-21,2.82,True,False
33100,PROFESOR NO TITULAR OCASIONAL (TC),FACULTAD DE CIENCIAS NATURALES Y MATEMÁTICAS,2015-11-10,2022-09-30,6.89,True,False
33872,PROFESOR,DESCONOCIDA,2008-10-13,2013-05-17,4.59,True,False
33872,PROFESOR NO TITULAR OCASIONAL (MT),"FACULTAD DE ARTE, DISEÑO Y COMUNICACIÓN AUDIOVISUAL",2020-10-12,2024-02-18,3.35,True,False
35095,PROFESOR PREGRADO,DESCONOCIDA,2014-10-06,2015-03-13,0.43,True,False
35095,PROFESOR NO TITULAR OCASIONAL (TC),"FACULTAD DE ARTE, DISEÑO Y COMUNICACIÓN AUDIOVISUAL",2015-05-01,,11.38,True,False
35262,PROFESOR NO TITULAR OCASIONAL (TP),DESCONOCIDA,2015-05-11,2016-02-28,0.8,True,False
35262,PROFESOR NO TITULAR OCASIONAL 1 (TP),DESCONOCIDA,2016-05-02,2016-09-23,0.39,True,False
35262,PROFESOR NO TITULAR OCASIONAL 1 (TP),FACULTAD DE INGENIERÍA MECÁNICA Y CIENCIAS DE LA PRODUCCIÓN,2016-10-10,2017-03-17,0.43,True,False
35373,TÉCNICO DOCENTE 1 (TC),DIRECCIÓN DE ADMISIONES,2021-05-25,2021-12-31,0.6,True,False
35472,PROFESOR NO TITULAR OCASIONAL (TC),FACULTAD DE CIENCIAS SOCIALES Y HUMANÍSTICAS,2014-10-01,2020-01-06,5.26,True,False
35472,PROFESOR NO TITULAR OCASIONAL (TP),FACULTAD DE CIENCIAS SOCIALES Y HUMANÍSTICAS,2021-05-17,2021-09-24,0.36,True,False
36033,JEFE DE LABORATORIO,DESCONOCIDA,2013-03-01,2014-12-31,1.83,True,False
36033,TÉCNICO DOCENTE,DESCONOCIDA,2015-01-01,2015-12-31,1.0,True,False
36033,ANALISTA DE LABORATORIO,DESCONOCIDA,2016-01-01,2016-05-02,0.33,True,True
36033,PROFESOR NO TITULAR OCASIONAL 2 (TC),DESCONOCIDA,2016-05-02,2016-09-30,0.41,True,True
36033,TECNICO DOCENTE,FACULTAD DE INGENIERÍA MECÁNICA Y CIENCIAS DE LA PRODUCCIÓN,2017-10-01,2018-03-02,0.42,True,False
36033,PROFESOR NO TITULAR OCASIONAL (TP),FACULTAD DE INGENIERÍA MECÁNICA Y CIENCIAS DE LA PRODUCCIÓN,2021-12-06,2022-02-18,0.2,False,False
36033,PROFESOR NO TITULAR OCASIONAL (TP),FACULTAD DE INGENIERÍA MECÁNICA Y CIENCIAS DE LA PRODUCCIÓN,2023-05-15,2024-05-19,1.01,True,False
36586,PROFESOR PREGRADO,DESCONOCIDA,2009-05-18,2011-05-16,1.99,True,False
36586,PROFESOR TITULAR AGREGADO 2 (TC),FACULTAD DE INGENIERÍA MECÁNICA Y CIENCIAS DE LA PRODUCCIÓN,2011-06-01,,15.29,True,False
37082,PROFESOR NO TITULAR OCASIONAL (TC),FACULTAD DE CIENCIAS DE LA VIDA,2017-04-26,2019-12-31,2.68,True,False
37082,PROFESOR NO TITULAR OCASIONAL (TC),FACULTAD DE CIENCIAS SOCIALES Y HUMANÍSTICAS,2022-03-14,2024-04-30,2.13,True,False
37182,PROFESOR PREGRADO,DESCONOCIDA,2009-10-12,2011-09-24,1.95,True,False
37182,PROFESOR NO TITULAR OCASIONAL (TC),FACULTAD DE CIENCIAS SOCIALES Y HUMANÍSTICAS,2013-05-13,,13.34,True,False
37198,PROFESOR NO TITULAR OCASIONAL (MT),FACULTAD DE CIENCIAS NATURALES Y MATEMÁTICAS,2021-05-10,2022-02-18,0.78,True,False
37198,PROFESOR NO TITULAR OCASIONAL (MT),FACULTAD DE CIENCIAS NATURALES Y MATEMÁTICAS,2022-07-01,2022-09-23,0.23,False,False
37198,PROFESOR NO TITULAR OCASIONAL (TP),FACULTAD DE CIENCIAS NATURALES Y MATEMÁTICAS,2022-10-13,,3.93,True,False
37842,PROFESOR NO TITULAR OCASIONAL (TC),FACULTAD DE INGENIERÍA EN ELECTRICIDAD Y COMPUTACIÓN,2022-10-03,2023-02-19,0.38,True,False
37954,PROFESOR NO TITULAR OCASIONAL 1 (TC),FACULTAD DE INGENIERÍA MECÁNICA Y CIENCIAS DE LA PRODUCCIÓN,2013-05-13,2017-08-15,4.26,True,False
37954,PROFESOR NO TITULAR OCASIONAL (TP),FACULTAD DE INGENIERÍA MECÁNICA Y CIENCIAS DE LA PRODUCCIÓN,2022-05-16,2024-02-16,1.75,True,False
38237,ASISTENTE ADMINISTRATIVO,DESCONOCIDA,2009-01-01,2010-12-31,2.0,True,False
38237,ASISTENTE ADMINISTRATIVO,FACULTAD DE INGENIERÍA MARÍTIMA Y CIENCIAS DEL MAR,2011-04-01,,15.46,True,False
38281,PROFESOR PREGRADO,DESCONOCIDA,2013-05-13,2014-12-31,1.63,True,False
38281,PROFESOR NO TITULAR OCASIONAL (TC),"FACULTAD DE ARTE, DISEÑO Y COMUNICACIÓN AUDIOVISUAL",2015-01-01,2024-12-08,9.93,True,False
38281,PROFESOR TITULAR AGREGADO 1 (TC),"FACULTAD DE ARTE, DISEÑO Y COMUNICACIÓN AUDIOVISUAL",2024-12-09,,1.77,True,False
38282,PROFESOR NO TITULAR OCASIONAL (TC),"FACULTAD DE ARTE, DISEÑO Y COMUNICACIÓN AUDIOVISUAL",2023-10-03,2024-02-18,0.38,True,False
38282,PROFESOR NO TITULAR OCASIONAL (TC),"FACULTAD DE ARTE, DISEÑO Y COMUNICACIÓN AUDIOVISUAL",2025-09-29,2026-02-13,0.38,True,False
38282,PROFESOR NO TITULAR OCASIONAL (TP),"FACULTAD DE ARTE, DISEÑO Y COMUNICACIÓN AUDIOVISUAL",2026-05-04,,0.37,True,False
38514,ASESOR 5,RECTORADO,2017-12-01,2025-02-14,7.21,True,True
38514,COORDINACIÓN DE PROTOCOLO Y RELACIONES PÚBLICAS,RECTORADO,2025-02-01,,1.62,True,True
38831,ASISTENTE ACADÉMICO,DESCONOCIDA,2009-01-01,2010-12-31,2.0,True,False
38831,ASISTENTE EJECUTIVA 1,FACULTAD DE INGENIERÍA MARÍTIMA Y CIENCIAS DEL MAR,2011-04-01,,15.46,True,False
38858,PROFESOR PREGRADO,DESCONOCIDA,2013-05-13,2014-12-31,1.63,True,False
38858,PROFESOR NO TITULAR OCASIONAL (TC),DESCONOCIDA,2015-01-01,2016-07-31,1.58,True,False
38858,PROFESOR TITULAR AUXILIAR 2 (TC),"FACULTAD DE ARTE, DISEÑO Y COMUNICACIÓN AUDIOVISUAL",2016-08-01,,10.12,True,False
38996,ANALISTA ESTADÍSTICO ACADÉMICO,FACULTAD DE INGENIERÍA EN ELECTRICIDAD Y COMPUTACIÓN,2016-04-01,2018-04-30,2.08,True,False
38996,PROFESOR NO TITULAR OCASIONAL (TC),FACULTAD DE INGENIERÍA EN ELECTRICIDAD Y COMPUTACIÓN,2018-05-01,2026-07-19,8.22,True,False
38996,PROFESOR TITULAR AUXILIAR 1 (TC),FACULTAD DE INGENIERÍA EN ELECTRICIDAD Y COMPUTACIÓN,2026-07-20,,0.16,False,False
39214,PROFESOR NO TITULAR OCASIONAL (TC),DESCONOCIDA,2015-05-01,2016-07-31,1.25,True,False
39214,PROFESOR TITULAR AGREGADO 3 (TC),FACULTAD DE CIENCIAS DE LA VIDA,2016-08-01,2025-07-03,8.92,True,True
39214,GERENTE ADMINISTRATIVO,GERENCIA ADMINISTRATIVA,2023-10-02,2024-12-15,1.2,True,True
39214,SUBDECANO(A),FACULTAD DE CIENCIAS DE LA VIDA,2025-03-05,2025-04-29,0.15,False,True
39214,PROFESOR TITULAR AGREGADO 3 (TC),FACULTAD DE CIENCIAS DE LA VIDA,2025-11-03,2026-04-24,0.47,True,True
39214,SUBDECANO(A),ESCUELA DE POSTGRADO EN ADMINISTRACIÓN DE EMPRESAS,2026-03-09,2026-07-17,0.36,True,True
39214,DECANO(A),ESCUELA DE POSTGRADO EN ADMINISTRACIÓN DE EMPRESAS,2026-04-13,2026-04-17,0.01,False,True
39214,PROFESOR TITULAR AGREGADO 3 (TC),FACULTAD DE CIENCIAS DE LA VIDA,2026-08-31,,0.04,False,False
39215,TÉCNICO DOCENTE 3 (TC),DIRECCIÓN DE ADMISIONES,2025-05-05,2025-12-31,0.66,True,False
39413,PROFESOR NO TITULAR OCASIONAL (TC),FACULTAD DE CIENCIAS SOCIALES Y HUMANÍSTICAS,2015-05-01,2023-05-31,8.08,True,False
39413,PROFESOR TITULAR AGREGADO 1 (TC),FACULTAD DE CIENCIAS SOCIALES Y HUMANÍSTICAS,2023-06-01,,3.29,True,False
39450,DISEÑADOR GRÁFICO,DESCONOCIDA,2009-07-01,2012-12-31,3.5,True,False
39450,DISEÑADOR GRÁFICO 1,GERENCIA DE COMUNICACIÓN,2015-09-01,,11.04,True,False
40081,SECRETARIA AUXILIAR,DESCONOCIDA,2009-08-01,2010-12-31,1.42,True,False
40081,ASISTENTE EJECUTIVA 1,CENTRO NACIONAL DE ACUICULTURA E INVESTIGACIONES MARINAS,2011-06-01,,15.29,True,False
40210,PROFESOR NO TITULAR OCASIONAL (TP),"FACULTAD DE INGENIERIA MARÍTIMA, CIENCIAS BIOLÓGICAS, OCEÁNICAS Y RECURSOS NATURALES",2018-10-01,2019-02-22,0.39,True,False
40210,PROFESOR NO TITULAR OCASIONAL (TC),FACULTAD DE INGENIERÍA MARÍTIMA Y CIENCIAS DEL MAR,2019-04-01,,7.46,True,False
40499,TECNICO DOCENTE,ESCUELA DE DISEÑO Y COMUNICACIÓN VISUAL,2015-09-01,2015-12-31,0.33,True,False
40499,PROFESOR NO TITULAR OCASIONAL 2 (TC),ESCUELA DE DISEÑO Y COMUNICACIÓN VISUAL,2016-04-13,2017-12-31,1.72,True,False
40499,TECNICO DOCENTE,ESCUELA DE DISEÑO Y COMUNICACIÓN VISUAL,2018-01-01,2018-06-30,0.49,True,False
40499,ANALISTA DE COMUNICACIÓN 3,GERENCIA DE COMUNICACIÓN,2018-07-01,,8.21,True,False
40968,DISEÑADOR GRÁFICO 1,GERENCIA DE COMUNICACIÓN,2015-01-01,,11.71,True,False
41004,TÉCNICO DE REGISTRO FOTOGRÁFICO Y AUDIOVISUAL,DESCONOCIDA,2014-10-20,2015-03-20,0.41,True,False
41004,PROFESOR NO TITULAR OCASIONAL 2 (TC),FACULTAD DE INGENIERÍA EN CIENCIAS DE LA TIERRA,2016-10-01,2017-12-31,1.25,True,False
41004,TÉCNICO DOCENTE 1 (TC),FACULTAD DE CIENCIAS SOCIALES Y HUMANÍSTICAS,2018-01-01,,8.71,True,False
41300,ANALISTA FINANCIERO 1,GERENCIA FINANCIERA,2023-10-04,,2.95,True,False
41305,SECRETARIA,DESCONOCIDA,2013-01-01,2014-12-31,2.0,True,False
41305,ANALISTA DE INFORMACIÓN ACADÉMICA 1,DIRECCIÓN DE LA SECRETARÍA TÉCNICA ACADEMICA,2016-03-01,,10.54,True,False
41411,PROFESOR NO TITULAR OCASIONAL (TC),FACULTAD DE CIENCIAS SOCIALES Y HUMANÍSTICAS,2020-06-01,2023-04-28,2.9,True,False
41494,PROFESOR NO TITULAR OCASIONAL (TC),FACULTAD DE INGENIERÍA EN CIENCIAS DE LA TIERRA,2013-05-13,2021-10-01,8.39,True,True
41494,TÉCNICOS ESPECIALIZADOS - EJECUCIÓN DE PROYECTOS,DESCONOCIDA,2016-01-01,2016-12-31,1.0,True,True
41626,TÉCNICO DOCENTE 1 (MT),FACULTAD DE INGENIERÍA EN ELECTRICIDAD Y COMPUTACIÓN,2023-07-17,2023-12-03,0.38,True,False
41644,PROFESOR PREGRADO,DESCONOCIDA,2013-05-13,2013-09-20,0.36,True,False
41644,PROFESOR NO TITULAR OCASIONAL (TP),FACULTAD DE INGENIERÍA EN ELECTRICIDAD Y COMPUTACIÓN,2014-10-20,2015-03-13,0.39,True,False
41644,TÉCNICOS ESPECIALIZADOS - EJECUCIÓN DE PROYECTOS,DESCONOCIDA,2017-02-01,2017-12-31,0.91,True,True
41644,PROFESOR NO TITULAR OCASIONAL (TP),FACULTAD DE INGENIERÍA EN ELECTRICIDAD Y COMPUTACIÓN,2017-11-08,2018-09-21,0.87,True,True
41644,PROFESOR NO TITULAR OCASIONAL (TP),CENTRO DE EMPRENDIMIENTO E INNOVACIÓN I3LAB,2019-05-13,2019-09-20,0.36,True,False
42290,ANALISTA DE DESARROLLO DE SISTEMAS 3,CENTRO DE TECNOLOGÍAS DE LA INFORMACIÓN,2015-01-01,2016-12-31,2.0,True,False
42290,TÉCNICOS ESPECIALIZADOS - EJECUCIÓN DE PROYECTOS,CENTRO DE TECNOLOGÍAS DE LA INFORMACIÓN,2017-01-03,2017-02-28,0.15,False,False
42290,ANALISTA DE SEGURIDAD INFORMÁTICO 3,CENTRO DE TECNOLOGÍAS DE LA INFORMACIÓN,2017-03-01,,9.54,True,False
42359,TÉCNICOS ESPECIALIZADOS - EJECUCIÓN DE PROYECTOS,DESCONOCIDA,2016-09-01,2016-12-31,0.33,True,False
42359,TÉCNICOS ESPECIALIZADOS - EJECUCIÓN DE PROYECTOS,FACULTAD DE CIENCIAS DE LA VIDA,2017-01-03,2017-12-31,0.99,True,False
42359,ANALISTA DE SOPORTE TÉCNICO,FACULTAD DE CIENCIAS SOCIALES Y HUMANÍSTICAS,2018-01-01,,8.71,True,False
42800,PROFESOR NO TITULAR OCASIONAL (TC),"FACULTAD DE ARTE, DISEÑO Y COMUNICACIÓN AUDIOVISUAL",2015-05-01,2020-02-21,4.81,True,False
42893,TÉCNICO DOCENTE 3 (MT),DIRECCIÓN DE ADMISIONES,2023-09-20,2023-12-31,0.28,True,False
43101,TÉCNICO DOCENTE,DESCONOCIDA,2014-10-01,2014-12-31,0.25,False,False
43101,TÉCNICO DOCENTE 4 (TC),"FACULTAD DE ARTE, DISEÑO Y COMUNICACIÓN AUDIOVISUAL",2022-05-16,2023-05-14,0.99,True,False
43101,PROFESOR NO TITULAR OCASIONAL (TC),"FACULTAD DE ARTE, DISEÑO Y COMUNICACIÓN AUDIOVISUAL",2023-05-15,,3.34,True,False
43144,DISEÑADOR GRÁFICO 1,GERENCIA DE COMUNICACIÓN,2015-07-20,,11.16,True,False
43224,TÉCNICO DE LABORATORIO 3 (TC),FACULTAD DE INGENIERÍA EN ELECTRICIDAD Y COMPUTACIÓN,2018-05-01,2021-08-03,3.26,True,False
43587,PROFESOR TITULAR AUXILIAR 2 (TC),FACULTAD DE INGENIERÍA EN ELECTRICIDAD Y COMPUTACIÓN,2010-05-17,2025-10-22,15.43,True,True
43587,DECANO(A),FACULTAD DE INGENIERÍA EN ELECTRICIDAD Y COMPUTACIÓN,2022-11-13,2024-07-20,1.68,True,True
43625,ASISTENTE DE ACTIVOS FIJOS,FACULTAD DE INGENIERÍA EN CIENCIAS DE LA TIERRA,2017-01-01,2022-05-31,5.41,True,False
43625,ANALISTA DE SERVICIOS GENERALES,VICERRECTORADO DE DOCENCIA,2022-06-01,,4.29,True,False
43817,ADMINISTRADOR DE REDES,DESCONOCIDA,2003-02-01,2003-07-31,0.49,True,False
43817,AYUDANTE ADMINISTRATIVO,DESCONOCIDA,2008-10-01,2014-12-31,6.25,True,False
43817,ASISTENTE DE ACTIVOS FIJOS,"FACULTAD DE ARTE, DISEÑO Y COMUNICACIÓN AUDIOVISUAL",2015-01-01,,11.71,True,False
44046,TÉCNICO DOCENTE 3 (MT),DIRECCIÓN DE ADMISIONES,2025-05-12,2025-12-31,0.64,True,False
44205,PROFESOR NO TITULAR OCASIONAL (TC),FACULTAD DE INGENIERÍA EN ELECTRICIDAD Y COMPUTACIÓN,2015-05-01,2020-02-21,4.81,True,False
44496,PROFESOR PREGRADO,DESCONOCIDA,2009-10-12,2012-02-16,2.35,True,False
44496,PROFESOR PREGRADO,DESCONOCIDA,2012-10-08,2013-02-26,0.39,True,False
44496,PROFESOR PREGRADO,DESCONOCIDA,2014-05-12,2014-10-03,0.39,True,False
44496,PROFESOR NO TITULAR OCASIONAL (TP),DESCONOCIDA,2014-10-20,2015-10-02,0.95,True,False
44496,PROFESOR NO TITULAR OCASIONAL 1 (TP),ESCUELA DE DISEÑO Y COMUNICACIÓN VISUAL,2016-05-02,2017-03-17,0.87,True,False
44496,PROFESOR NO TITULAR OCASIONAL (TP),FACULTAD DE CIENCIAS SOCIALES Y HUMANÍSTICAS,2021-06-04,2021-09-24,0.31,True,False
44496,PROFESOR NO TITULAR OCASIONAL (MT),FACULTAD DE CIENCIAS SOCIALES Y HUMANÍSTICAS,2021-10-04,2022-09-23,0.97,True,False
44496,PROFESOR NO TITULAR OCASIONAL (TC),FACULTAD DE CIENCIAS SOCIALES Y HUMANÍSTICAS,2022-10-03,,3.95,True,False
44538,TÉCNICO DOCENTE 1 (TC),FACULTAD DE INGENIERÍA EN ELECTRICIDAD Y COMPUTACIÓN,2024-05-13,2024-09-20,0.36,True,False
44685,ASISTENTE FINANCIERO,DESCONOCIDA,2014-11-11,2014-12-31,0.14,False,False
44685,ANALISTA FINANCIERO 2,GERENCIA FINANCIERA,2015-01-01,,11.71,True,False
44859,PROFESOR NO TITULAR OCASIONAL (TC),FACULTAD DE INGENIERÍA EN ELECTRICIDAD Y COMPUTACIÓN,2016-10-01,2022-04-30,5.58,True,False
44884,TÉCNICO DOCENTE 1 (TC),FACULTAD DE CIENCIAS NATURALES Y MATEMÁTICAS,2023-07-11,,3.18,True,False
44927,PROFESOR NO TITULAR OCASIONAL (MT),FACULTAD DE CIENCIAS SOCIALES Y HUMANÍSTICAS,2025-05-12,2026-02-13,0.76,True,False
44927,PROFESOR NO TITULAR OCASIONAL (TP),FACULTAD DE CIENCIAS SOCIALES Y HUMANÍSTICAS,2026-05-04,,0.37,True,False
45059,PROFESOR NO TITULAR OCASIONAL (TC),"FACULTAD DE ARTE, DISEÑO Y COMUNICACIÓN AUDIOVISUAL",2016-04-11,,10.43,True,False
46306,PROFESOR NO TITULAR OCASIONAL (TC),FACULTAD DE INGENIERÍA EN ELECTRICIDAD Y COMPUTACIÓN,2016-10-01,2021-09-27,4.99,True,False
46306,PROFESOR NO TITULAR OCASIONAL (TC),FACULTAD DE INGENIERÍA EN ELECTRICIDAD Y COMPUTACIÓN,2024-10-02,,1.95,True,False
46564,PROFESOR NO TITULAR OCASIONAL (TP),FACULTAD DE CIENCIAS DE LA VIDA,2015-12-29,2016-02-28,0.17,False,False
46564,PROFESOR NO TITULAR OCASIONAL (TC),FACULTAD DE CIENCIAS DE LA VIDA,2016-10-01,,9.96,True,False
46658,ANALISTA DE LABORATORIO,FACULTAD DE INGENIERÍA EN CIENCIAS DE LA TIERRA,2015-01-01,,11.71,True,True
46658,PROFESOR NO TITULAR OCASIONAL (TP),FACULTAD DE INGENIERÍA EN CIENCIAS DE LA TIERRA,2022-05-16,2025-02-14,2.75,True,True
46658,TÉCNICO DOCENTE 3 (MT),DIRECCIÓN DE ADMISIONES,2025-06-23,2025-09-23,0.25,True,True
46684,PROFESOR NO TITULAR OCASIONAL 2 (TC),FACULTAD DE CIENCIAS NATURALES Y MATEMÁTICAS,2016-10-01,2017-12-31,1.25,True,False
46684,TÉCNICO DE INVESTIGACIÓN 1 (TC),FACULTAD DE CIENCIAS NATURALES Y MATEMÁTICAS,2018-01-01,2025-02-16,7.13,True,False
46684,PROFESOR NO TITULAR OCASIONAL (TC),FACULTAD DE CIENCIAS NATURALES Y MATEMÁTICAS,2025-05-12,,1.35,True,False
46760,TÉCNICO DE LABORATORIO 4 (TC),FACULTAD DE CIENCIAS SOCIALES Y HUMANÍSTICAS,2022-01-03,2023-02-28,1.15,True,False
46826,PROGRAMADOR,DESCONOCIDA,2010-03-03,2012-12-31,2.83,True,False
46826,ANALISTA DE DESARROLLO DE SISTEMAS 1,GERENCIA DE TECNOLOGÍAS Y SISTEMAS DE INFORMACIÓN,2022-01-03,,4.7,True,False
46831,ANALISTA DE PROYECTOS DE VINCULACIÓN 2,DESCONOCIDA,2015-01-01,2015-12-31,1.0,True,False
46845,TÉCNICOS ESPECIALIZADOS - EJECUCIÓN DE PROYECTOS,DESCONOCIDA,2017-01-03,2017-12-31,0.99,True,False
46845,ANALISTA DE DESARROLLO DE SISTEMAS 1,GERENCIA DE TECNOLOGÍAS Y SISTEMAS DE INFORMACIÓN,2021-01-01,,5.71,True,False
47061,TECNICO DOCENTE 4,FACULTAD DE CIENCIAS NATURALES Y MATEMÁTICAS,2017-10-05,2020-02-21,2.38,True,False
47478,PROFESOR NO TITULAR OCASIONAL 2 (TC),FACULTAD DE INGENIERÍA MECÁNICA Y CIENCIAS DE LA PRODUCCIÓN,2016-10-03,2017-12-31,1.24,True,False
47478,TÉCNICO DOCENTE 4 (MT),FACULTAD DE INGENIERÍA MECÁNICA Y CIENCIAS DE LA PRODUCCIÓN,2018-01-01,2020-09-30,2.75,True,False
47478,TÉCNICO DOCENTE 1 (TC),FACULTAD DE INGENIERÍA MECÁNICA Y CIENCIAS DE LA PRODUCCIÓN,2020-10-12,2024-10-01,3.97,True,False
47521,JEFE DE COMPUTACIÓN,DESCONOCIDA,2009-01-01,2010-03-31,1.24,True,False
47521,ASISTENTE TÉCNICO DE SOPORTE,DESCONOCIDA,2010-09-01,2012-12-31,2.33,True,False
47521,ASISTENTE DE SOPORTE TÉCNICO,DESCONOCIDA,2014-01-15,2020-02-01,6.04,True,False
48405,PROFESOR NO TITULAR OCASIONAL (TC),FACULTAD DE INGENIERÍA EN CIENCIAS DE LA TIERRA,2018-05-01,,8.38,True,False
48584,ASESOR 2,DIRECCIÓN DE ADQUISICIONES Y SUMINISTROS,2017-11-13,2019-07-16,1.67,True,False
48584,DIRECTOR DE ADQUISICIONES,DIRECCIÓN DE ADQUISICIONES,2022-01-17,,4.66,True,False
48755,TÉCNICO DOCENTE,CENTRO DE INVESTIGACIONES BIOTECNOLÓGICAS DEL ECUADOR,2015-05-11,2015-12-31,0.64,True,False
48755,ANALISTA DE LABORATORIO DE INVESTIGACIÓN 2,DESCONOCIDA,2016-01-01,2016-09-01,0.67,True,True
48755,TÉCNICOS ESPECIALIZADOS - EJECUCIÓN DE PROYECTOS,CENTRO DE INVESTIGACIONES BIOTECNOLÓGICAS DEL ECUADOR,2016-09-01,2017-12-31,1.33,True,True
48755,TÉCNICO DE INVESTIGACIÓN 3 (TC),CENTRO DE INVESTIGACIONES BIOTECNOLÓGICAS DEL ECUADOR,2019-01-01,2021-11-30,2.91,True,False
48840,PROFESOR NO TITULAR OCASIONAL (TC),FACULTAD DE INGENIERÍA EN CIENCIAS DE LA TIERRA,2018-05-01,,8.38,True,False
48885,TÉCNICO DOCENTE,DESCONOCIDA,2015-02-01,2016-04-12,1.19,True,False
48885,PROFESOR NO TITULAR OCASIONAL 2 (TC),FACULTAD DE INGENIERÍA EN ELECTRICIDAD Y COMPUTACIÓN,2016-04-13,2017-12-31,1.72,True,False
48885,TÉCNICO DE LABORATORIO 1 (TC),FACULTAD DE INGENIERÍA EN ELECTRICIDAD Y COMPUTACIÓN,2018-01-01,2026-02-13,8.12,True,False
48938,TÉCNICO DOCENTE 4 (TC),DIRECCIÓN DE ADMISIONES,2021-05-25,2021-12-31,0.6,True,False
49390,PROFESOR,DESCONOCIDA,2012-07-09,2012-10-14,0.27,True,False
49390,TÉCNICO DOCENTE 4 (MT),DIRECCIÓN DE ADMISIONES,2021-05-25,2021-08-31,0.27,True,False
49404,ASISTENTE EJECUTIVA 2,FACULTAD DE INGENIERÍA EN CIENCIAS DE LA TIERRA,2018-04-01,,8.46,True,False
49500,PROFESOR NO TITULAR OCASIONAL (TP),FACULTAD DE INGENIERÍA EN ELECTRICIDAD Y COMPUTACIÓN,2023-10-02,2023-12-31,0.25,False,False
49657,PROFESOR PREGRADO,DESCONOCIDA,2013-05-13,2014-12-31,1.63,True,True
49657,PROFESOR NO TITULAR OCASIONAL (TC),"FACULTAD DE ARTE, DISEÑO Y COMUNICACIÓN AUDIOVISUAL",2014-10-01,2020-03-31,5.5,True,True
49657,PROFESOR TITULAR AUXILIAR 2 (TC),"FACULTAD DE ARTE, DISEÑO Y COMUNICACIÓN AUDIOVISUAL",2020-04-01,,6.46,True,False
49789,PROFESOR NO TITULAR OCASIONAL (MT),FACULTAD DE INGENIERÍA EN CIENCIAS DE LA TIERRA,2021-10-04,2021-12-09,0.18,False,False
49789,TÉCNICO DOCENTE 3 (TC),DIRECCIÓN DE ADMISIONES,2025-10-01,2025-12-31,0.25,False,False
49839,TÉCNICO DOCENTE,CENTRO DE TECNOLOGÍAS DE LA INFORMACIÓN,2014-12-01,2016-01-31,1.17,True,False
49839,ANALISTA DE LABORATORIO DE INVESTIGACIÓN 2,CENTRO DE TECNOLOGÍAS DE LA INFORMACIÓN,2016-02-01,2018-01-15,1.95,True,False
49839,TÉCNICO DE INVESTIGACIÓN 4,CENTRO DE TECNOLOGÍAS DE LA INFORMACIÓN,2019-01-01,2019-04-30,0.33,True,False
49839,TÉCNICO DE INVESTIGACIÓN 4 (TC),CENTRO DE TECNOLOGÍAS DE LA INFORMACIÓN,2020-01-01,2020-08-14,0.62,True,False
49839,TÉCNICO DE INVESTIGACIÓN 2 (TC),CENTRO DE TECNOLOGÍAS DE LA INFORMACIÓN,2021-01-01,,5.71,True,False
49869,TÉCNICO DE LABORATORIO 1 (TC),FACULTAD DE CIENCIAS SOCIALES Y HUMANÍSTICAS,2023-10-03,2023-12-31,0.24,False,False
49926,TÉCNICO DE INVESTIGACIÓN 2 (MT),FACULTAD DE INGENIERÍA EN ELECTRICIDAD Y COMPUTACIÓN,2023-06-15,2024-06-14,1.0,True,False
50023,ASISTENTE ADMINISTRATIVO,DECANATO DE VINCULACIÓN,2022-05-03,,4.37,True,False
50030,ASISTENTE EJECUTIVA 1,CENTRO DE INFORMACIÓN BIBLIOTECARIA,2015-05-01,,11.38,True,False
50103,TÉCNICO DOCENTE 3 (TC),DIRECCIÓN DE ADMISIONES,2024-03-01,,2.54,True,False
50416,PROFESOR NO TITULAR OCASIONAL (TP),FACULTAD DE INGENIERÍA EN CIENCIAS DE LA TIERRA,2021-05-17,2023-09-22,2.35,True,False
50463,ANALISTA DE LABORATORIO,FACULTAD DE INGENIERÍA EN CIENCIAS DE LA TIERRA,2017-07-01,2023-03-10,5.69,True,True
50463,PROFESOR NO TITULAR OCASIONAL (MT),FACULTAD DE INGENIERÍA EN CIENCIAS DE LA TIERRA,2022-10-03,2025-02-14,2.37,True,True
50463,ANALISTA DE LABORATORIO,FACULTAD DE INGENIERÍA EN CIENCIAS DE LA TIERRA,2023-09-18,2024-03-08,0.47,True,True
50463,ANALISTA DE LABORATORIO,FACULTAD DE INGENIERÍA EN CIENCIAS DE LA TIERRA,2024-07-18,2024-08-23,0.1,False,True
50463,ANALISTA DE LABORATORIO,FACULTAD DE INGENIERÍA EN CIENCIAS DE LA TIERRA,2024-12-23,2024-12-24,0.0,False,True
50463,ANALISTA DE LABORATORIO,FACULTAD DE INGENIERÍA EN CIENCIAS DE LA TIERRA,2025-10-20,,0.91,True,False
50544,TÉCNICO DOCENTE,DESCONOCIDA,2014-02-01,2016-02-01,2.0,True,True
50544,ANALISTA DE LABORATORIO DE INVESTIGACIÓN 2,CENTRO DE TECNOLOGÍAS DE LA INFORMACIÓN,2016-02-01,2018-01-31,2.0,True,True
50544,ANALISTA DE DESARROLLO DE SISTEMAS 1,GERENCIA DE TECNOLOGÍAS Y SISTEMAS DE INFORMACIÓN,2023-01-03,,3.7,True,False
50796,AYUDANTE,DESCONOCIDA,2014-03-21,2014-12-31,0.78,True,False
50796,ASISTENTE DE PRESUPUESTO,GERENCIA FINANCIERA,2015-01-01,2016-03-20,1.22,True,False
50796,ANALISTA FINANCIERO 1,GERENCIA FINANCIERA,2016-04-08,,10.44,True,False
51025,ASISTENTE TÉCNICO DE SOPORTE,DESCONOCIDA,2013-06-01,2014-12-31,1.58,True,False
51025,ANALISTA DE SOPORTE TÉCNICO,SUBGERENCIA DE SERVICIOS INFORMÁTICOS,2015-01-01,2015-10-19,0.8,True,False
51025,ANALISTA DE SOPORTE TÉCNICO,FACULTAD DE INGENIERÍA EN ELECTRICIDAD Y COMPUTACIÓN,2016-01-01,,10.71,True,False
51050,PROFESOR NO TITULAR OCASIONAL (TC),FACULTAD DE INGENIERÍA EN ELECTRICIDAD Y COMPUTACIÓN,2016-04-11,2020-09-30,4.47,True,False
51159,PROFESOR NO TITULAR OCASIONAL (TC),FACULTAD DE INGENIERÍA MECÁNICA Y CIENCIAS DE LA PRODUCCIÓN,2017-04-26,,9.39,True,False
51177,PROFESOR NO TITULAR OCASIONAL (TC),FACULTAD DE CIENCIAS SOCIALES Y HUMANÍSTICAS,2015-10-19,,10.91,True,False
51195,ANALISTA DE DESARROLLO DE SISTEMAS 1,CENTRO DE TECNOLOGÍAS DE LA INFORMACIÓN,2014-02-01,2018-04-03,4.17,True,False
51195,TÉCNICO DE INVESTIGACIÓN 4 (TC),CENTRO DE TECNOLOGÍAS DE LA INFORMACIÓN,2019-01-01,2020-08-07,1.6,True,False
51212,PROFESOR NO TITULAR OCASIONAL (TP),FACULTAD DE CIENCIAS SOCIALES Y HUMANÍSTICAS,2023-05-15,,3.34,True,False
51232,PROFESOR NO TITULAR OCASIONAL (TC),FACULTAD DE CIENCIAS SOCIALES Y HUMANÍSTICAS,2015-05-01,2020-09-30,5.42,True,False
51391,PROFESOR NO TITULAR OCASIONAL 1 (TP),"FACULTAD DE INGENIERIA MARÍTIMA, CIENCIAS BIOLÓGICAS, OCEÁNICAS Y RECURSOS NATURALES",2016-05-02,2016-09-23,0.39,True,False
51391,PROFESOR NO TITULAR OCASIONAL 1 (TC),"FACULTAD DE INGENIERIA MARÍTIMA, CIENCIAS BIOLÓGICAS, OCEÁNICAS Y RECURSOS NATURALES",2016-10-10,2017-03-31,0.47,True,False
51391,PROFESOR NO TITULAR OCASIONAL 1 (TP),FACULTAD DE INGENIERÍA EN ELECTRICIDAD Y COMPUTACIÓN,2017-05-02,2017-09-22,0.39,True,False
51391,PROFESOR NO TITULAR OCASIONAL (TP),FACULTAD DE INGENIERÍA EN ELECTRICIDAD Y COMPUTACIÓN,2017-10-04,2019-02-22,1.39,True,False
51391,PROFESOR NO TITULAR OCASIONAL (TP),CENTRO DE EMPRENDIMIENTO E INNOVACIÓN I3LAB,2019-05-13,2019-09-20,0.36,True,False
51391,PROFESOR NO TITULAR OCASIONAL (TP),DECANATO DE GRADO,2021-10-04,2022-02-18,0.38,True,False
51391,PROFESOR NO TITULAR OCASIONAL (MT),DECANATO DE GRADO,2026-05-11,,0.35,True,False
51418,ANALISTA DE INFRAESTRUCTURA INFORMÁTICA 2,CENTRO DE INFORMACIÓN BIBLIOTECARIA,2016-02-22,2016-05-01,0.19,False,False
51418,ASISTENTE DE SOPORTE TÉCNICO,FACULTAD DE INGENIERÍA EN ELECTRICIDAD Y COMPUTACIÓN,2016-07-01,2017-10-31,1.33,True,False
51418,ANALISTA DE INFRAESTRUCTURA INFORMÁTICA 2,FACULTAD DE CIENCIAS SOCIALES Y HUMANÍSTICAS,2017-11-01,,8.87,True,True
51418,ASISTENTE DE SOPORTE TÉCNICO,FACULTAD DE CIENCIAS SOCIALES Y HUMANÍSTICAS,2019-10-01,2019-10-31,0.08,False,True
51418,PROFESOR NO TITULAR OCASIONAL (TP),FACULTAD DE CIENCIAS SOCIALES Y HUMANÍSTICAS,2026-05-04,,0.37,True,True
51539,TÉCNICOS ESPECIALIZADOS - EJECUCIÓN DE PROYECTOS,DESCONOCIDA,2016-11-01,2016-12-31,0.16,False,False
51595,TÉCNICO DOCENTE,FACULTAD DE INGENIERÍA MECÁNICA Y CIENCIAS DE LA PRODUCCIÓN,2015-01-19,2015-04-30,0.28,True,False
51595,PROFESOR NO TITULAR OCASIONAL (TC),FACULTAD DE INGENIERÍA MECÁNICA Y CIENCIAS DE LA PRODUCCIÓN,2015-05-01,2018-06-15,3.12,True,False
51681,PROFESOR NO TITULAR OCASIONAL (TC),FACULTAD DE INGENIERÍA EN ELECTRICIDAD Y COMPUTACIÓN,2016-04-01,2020-03-31,4.0,True,False
51681,PROFESOR TITULAR AUXILIAR 1 (TC),FACULTAD DE INGENIERÍA EN ELECTRICIDAD Y COMPUTACIÓN,2020-04-01,,6.46,True,False
51716,PROFESOR NO TITULAR OCASIONAL (TC),"FACULTAD DE ARTE, DISEÑO Y COMUNICACIÓN AUDIOVISUAL",2014-10-01,2019-09-27,4.99,True,False
51737,ANALISTA ADMINISTRATIVO,GERENCIA ADMINISTRATIVA,2021-06-01,2021-06-30,0.08,False,False
51775,ASISTENTE EJECUTIVA 1,GERENCIA DE TECNOLOGÍAS Y SISTEMAS DE INFORMACIÓN,2022-04-01,2022-05-06,0.1,False,False
51880,PROFESOR NO TITULAR OCASIONAL (TP),FACULTAD DE INGENIERÍA EN CIENCIAS DE LA TIERRA,2025-05-12,2026-02-13,0.76,True,False
51960,AYUDANTE,DESCONOCIDA,2014-03-17,2014-12-31,0.79,True,False
51960,ASISTENTE FINANCIERO,GERENCIA FINANCIERA,2015-01-01,2024-11-04,9.84,True,False
51960,ANALISTA CONTABLE 1,GERENCIA FINANCIERA,2024-11-05,2026-08-01,1.74,True,True
51960,ASISTENTE FINANCIERO,GERENCIA FINANCIERA,2026-08-01,2026-08-01,0.0,False,True
51960,CONTADOR GENERAL,GERENCIA FINANCIERA,2026-08-01,,0.13,False,True
52004,TÉCNICO DOCENTE,DESCONOCIDA,2015-01-01,2016-04-12,1.28,True,False
52004,PROFESOR NO TITULAR OCASIONAL 2 (TC),FACULTAD DE INGENIERÍA EN ELECTRICIDAD Y COMPUTACIÓN,2016-04-13,2017-12-31,1.72,True,False
52004,TECNICO DOCENTE,FACULTAD DE INGENIERÍA EN ELECTRICIDAD Y COMPUTACIÓN,2018-01-01,2018-09-30,0.74,True,False
52004,PROFESOR NO TITULAR OCASIONAL (TC),FACULTAD DE INGENIERÍA EN ELECTRICIDAD Y COMPUTACIÓN,2018-10-01,,7.96,True,False
52227,PROFESOR NO TITULAR OCASIONAL (TC),"FACULTAD DE ARTE, DISEÑO Y COMUNICACIÓN AUDIOVISUAL",2016-04-01,,10.46,True,False
52365,PROFESOR NO TITULAR OCASIONAL (TP),FACULTAD DE INGENIERÍA EN ELECTRICIDAD Y COMPUTACIÓN,2023-05-15,2023-09-22,0.36,True,False
52751,TÉCNICO DOCENTE 3 (TC),DIRECCIÓN DE ADMISIONES,2023-09-20,2023-12-31,0.28,True,False
52751,TÉCNICO DOCENTE 3 (TC),DIRECCIÓN DE ADMISIONES,2025-05-05,,1.37,True,False
52752,PROFESOR NO TITULAR OCASIONAL 2 (TC),FACULTAD DE INGENIERÍA MECÁNICA Y CIENCIAS DE LA PRODUCCIÓN,2016-06-01,2017-12-31,1.58,True,False
52752,TÉCNICO DE LABORATORIO 1 (TC),FACULTAD DE INGENIERÍA MECÁNICA Y CIENCIAS DE LA PRODUCCIÓN,2018-01-01,2024-04-30,6.33,True,False
52852,PROFESOR NO TITULAR OCASIONAL (TC),"FACULTAD DE INGENIERIA MARÍTIMA, CIENCIAS BIOLÓGICAS, OCEÁNICAS Y RECURSOS NATURALES",2015-05-01,2016-09-05,1.35,True,False
52873,TÉCNICO DOCENTE,FACULTAD DE INGENIERÍA MECÁNICA Y CIENCIAS DE LA PRODUCCIÓN,2014-05-12,2015-12-31,1.64,True,False
52873,ANALISTA DE LABORATORIO,DESCONOCIDA,2016-01-01,2016-05-02,0.33,True,True
52873,PROFESOR NO TITULAR OCASIONAL 2 (TC),FACULTAD DE INGENIERÍA MECÁNICA Y CIENCIAS DE LA PRODUCCIÓN,2016-05-02,2017-10-03,1.42,True,True
52873,TECNICO DOCENTE,FACULTAD DE INGENIERÍA MECÁNICA Y CIENCIAS DE LA PRODUCCIÓN,2018-01-01,2018-01-01,0.0,False,False
52873,TÉCNICO DOCENTE 4 (TC),FACULTAD DE INGENIERÍA MECÁNICA Y CIENCIAS DE LA PRODUCCIÓN,2019-01-01,2021-02-19,2.14,True,False
52916,TÉCNICO DOCENTE 3 (TC),DIRECCIÓN DE ADMISIONES,2025-10-08,2025-12-31,0.23,False,False
52953,TÉCNICO DOCENTE,FACULTAD DE CIENCIAS NATURALES Y MATEMÁTICAS,2015-05-01,2015-11-30,0.58,True,False
52953,ANALISTA DE LABORATORIO,DESCONOCIDA,2015-12-01,2016-09-14,0.79,True,False
52953,PROFESOR NO TITULAR OCASIONAL 2 (TC),FACULTAD DE CIENCIAS NATURALES Y MATEMÁTICAS,2016-10-01,2017-12-31,1.25,True,False
52953,TÉCNICO DOCENTE 3 (TC),FACULTAD DE CIENCIAS NATURALES Y MATEMÁTICAS,2018-01-01,2022-06-14,4.45,True,False
52953,PROFESOR NO TITULAR OCASIONAL (TC),FACULTAD DE CIENCIAS NATURALES Y MATEMÁTICAS,2022-06-15,,4.25,True,False
53126,PROFESOR NO TITULAR OCASIONAL (TP),FACULTAD DE INGENIERÍA MECÁNICA Y CIENCIAS DE LA PRODUCCIÓN,2020-10-01,2021-02-19,0.39,True,False
53142,ASISTENTE DE SOPORTE TÉCNICO,GERENCIA DE TECNOLOGÍAS Y SISTEMAS DE INFORMACIÓN,2014-04-15,2015-12-01,1.63,True,False
53142,ANALISTA DE DESARROLLO DE SISTEMAS 3,GERENCIA DE TECNOLOGÍAS Y SISTEMAS DE INFORMACIÓN,2015-12-02,,10.79,True,False
53156,TÉCNICOS ESPECIALIZADOS - EJECUCIÓN DE PROYECTOS,DESCONOCIDA,2017-01-03,2017-12-31,0.99,True,False
53156,ANALISTA DE SOPORTE TÉCNICO,GERENCIA DE TECNOLOGÍAS Y SISTEMAS DE INFORMACIÓN,2020-03-02,,6.54,True,False
53238,PROFESOR NO TITULAR OCASIONAL (TP),FACULTAD DE CIENCIAS SOCIALES Y HUMANÍSTICAS,2015-10-19,2016-02-28,0.36,True,False
53238,PROFESOR NO TITULAR OCASIONAL 1 (TP),DESCONOCIDA,2016-05-02,2016-09-29,0.41,True,False
53238,PROFESOR NO TITULAR OCASIONAL 1 (TP),"FACULTAD DE INGENIERIA MARÍTIMA, CIENCIAS BIOLÓGICAS, OCEÁNICAS Y RECURSOS NATURALES",2016-10-10,2017-09-22,0.95,True,False
53238,PROFESOR NO TITULAR OCASIONAL (TP),"FACULTAD DE INGENIERIA MARÍTIMA, CIENCIAS BIOLÓGICAS, OCEÁNICAS Y RECURSOS NATURALES",2017-10-04,2018-09-21,0.96,True,False
53238,PROFESOR NO TITULAR OCASIONAL (TP),CENTRO DE DESARROLLO DE EMPRENDEDORES,2018-10-01,2019-02-22,0.39,True,False
53238,PROFESOR NO TITULAR OCASIONAL (TC),DECANATO DE GRADO,2019-05-01,,7.38,True,False
53239,PROFESOR NO TITULAR OCASIONAL (TC),DESCONOCIDA,2014-10-01,2016-08-31,1.92,True,False
53239,PROFESOR NO TITULAR OCASIONAL (TP),FACULTAD DE CIENCIAS SOCIALES Y HUMANÍSTICAS,2021-03-08,2021-09-30,0.56,True,False
53345,ANALISTA ADMINISTRATIVO,GERENCIA DE INFRAESTRUCTURA FÍSICA,2021-08-02,,5.12,True,False
53351,AUDITOR INTERNO 2,AUDITORÍA INTERNA,2025-12-01,,0.79,True,False
53353,ANALISTA DE DESARROLLO DE SISTEMAS 1,CENTRO DE TECNOLOGÍAS DE LA INFORMACIÓN,2016-08-01,2017-09-15,1.12,True,False
53355,ASISTENTE TÉCNICO,DESCONOCIDA,2012-02-09,2012-07-31,0.47,True,False
53355,PROFESOR NO TITULAR OCASIONAL (TC),FACULTAD DE INGENIERÍA EN ELECTRICIDAD Y COMPUTACIÓN,2018-05-01,,8.38,True,False
53361,PROFESOR NO TITULAR OCASIONAL (TC),FACULTAD DE INGENIERÍA EN ELECTRICIDAD Y COMPUTACIÓN,2017-10-01,,8.96,True,False
53554,TÉCNICO DOCENTE 3 (TC),DIRECCIÓN DE ADMISIONES,2025-05-07,2025-09-28,0.39,True,False
53697,TÉCNICO DOCENTE,DESCONOCIDA,2014-10-01,2016-04-12,1.53,True,False
53697,PROFESOR NO TITULAR OCASIONAL 2 (TC),FACULTAD DE CIENCIAS NATURALES Y MATEMÁTICAS,2016-04-13,2017-12-31,1.72,True,False
53697,TECNICO DOCENTE,FACULTAD DE CIENCIAS NATURALES Y MATEMÁTICAS,2018-01-01,2019-02-22,1.14,True,False
53697,TÉCNICO DOCENTE 4 (TC),DIRECCIÓN DE ADMISIONES,2021-05-25,2021-12-31,0.6,True,False
53697,TÉCNICO DOCENTE 3 (TC),DIRECCIÓN DE ADMISIONES,2023-05-29,,3.3,True,False
53811,PROFESOR NO TITULAR OCASIONAL (TC),FACULTAD DE CIENCIAS NATURALES Y MATEMÁTICAS,2015-10-20,2016-02-26,0.35,True,False
53811,PROFESOR NO TITULAR OCASIONAL (TC),FACULTAD DE CIENCIAS NATURALES Y MATEMÁTICAS,2020-06-01,2024-12-08,4.52,True,False
53811,PROFESOR TITULAR AGREGADO 1 (TC),FACULTAD DE CIENCIAS NATURALES Y MATEMÁTICAS,2024-12-09,,1.77,True,False
53814,TECNICO DOCENTE,DESCONOCIDA,2012-04-01,2014-03-31,2.0,True,False
53814,PROFESOR NO TITULAR OCASIONAL (TC),FACULTAD DE INGENIERÍA MARÍTIMA Y CIENCIAS DEL MAR,2024-01-02,,2.7,True,False
53840,INGENIERO ELÉCTRICO,DIRECCIÓN DE SERVICIOS GENERALES,2015-02-01,,11.62,True,False
53856,ASISTENTE DE INVESTIGACIÓN,DESCONOCIDA,2012-01-01,2012-12-31,1.0,True,False
53856,PROFESOR NO TITULAR OCASIONAL (TC),FACULTAD DE CIENCIAS DE LA VIDA,2017-08-01,2021-07-31,4.0,True,False
53856,PROFESOR TITULAR AGREGADO 2 (TC),FACULTAD DE CIENCIAS DE LA VIDA,2021-08-01,,5.12,True,False
53860,PROFESOR NO TITULAR OCASIONAL (TP),FACULTAD DE INGENIERÍA EN CIENCIAS DE LA TIERRA,2015-11-19,2016-02-28,0.28,True,False
53860,PROFESOR NO TITULAR OCASIONAL 1 (TP),FACULTAD DE INGENIERÍA EN CIENCIAS DE LA TIERRA,2016-10-10,2017-09-22,0.95,True,False
53860,PROFESOR NO TITULAR OCASIONAL (TP),FACULTAD DE INGENIERÍA EN CIENCIAS DE LA TIERRA,2017-10-04,2018-09-21,0.96,True,False
53860,PROFESOR NO TITULAR OCASIONAL (TC),FACULTAD DE INGENIERÍA EN CIENCIAS DE LA TIERRA,2018-10-01,2020-09-30,2.0,True,False
53888,TÉCNICO DOCENTE,FACULTAD DE INGENIERÍA EN CIENCIAS DE LA TIERRA,2015-01-01,2015-12-01,0.91,True,False
53888,ANALISTA DE LABORATORIO,DESCONOCIDA,2015-12-02,2016-09-01,0.75,True,False
53888,PROFESOR NO TITULAR OCASIONAL (TC),FACULTAD DE INGENIERÍA EN CIENCIAS DE LA TIERRA,2017-10-01,,8.96,True,False
53915,ANALISTA DE TELECOMUNICACIONES 2,GERENCIA DE TECNOLOGÍAS Y SISTEMAS DE INFORMACIÓN,2022-02-01,,4.62,True,False
54091,AYUDANTE,DESCONOCIDA,2012-05-01,2013-12-31,1.67,True,False
54091,ANALISTA DE PROYECTOS DE VINCULACIÓN 2,DECANATO DE VINCULACIÓN,2015-06-01,,11.29,True,False
54155,ASISTENTE DE CALIDAD Y EVALUACIÓN,DESCONOCIDA,2013-06-03,2013-12-31,0.58,True,False
54155,ANALISTA DE CALIDAD Y ACREDITACIÓN 1,DESCONOCIDA,2014-01-01,2015-09-21,1.72,True,False
54155,PROFESOR NO TITULAR OCASIONAL (TC),FACULTAD DE CIENCIAS SOCIALES Y HUMANÍSTICAS,2016-10-01,2021-07-31,4.83,True,False
54155,PROFESOR TITULAR AUXILIAR 2 (TC),FACULTAD DE CIENCIAS SOCIALES Y HUMANÍSTICAS,2021-08-01,,5.12,True,False
54246,TÉCNICOS ESPECIALIZADOS - EJECUCIÓN DE PROYECTOS,DESCONOCIDA,2017-01-03,2017-12-31,0.99,True,False
54358,ASISTENTE ADMINISTRATIVO,DIRECCIÓN DE LA SECRETARÍA TÉCNICA ACADEMICA,2021-01-18,,5.66,True,False
54460,AUXILIAR DE SERVICIOS DE MANTENIMIENTO,DIRECCIÓN DE SERVICIOS GENERALES,2019-03-01,2023-03-24,4.06,True,True
54460,ELECTRICISTA/OPERADOR ELECTRICISTA,DIRECCIÓN DE SERVICIOS GENERALES,2023-01-01,,3.71,True,True
54568,AUXILIAR DE INVESTIGACIÓN,DESCONOCIDA,2012-01-01,2013-12-31,2.0,True,False
54568,TÉCNICO DOCENTE,DESCONOCIDA,2014-01-01,2014-12-31,1.0,True,False
54568,ANALISTA DE LABORATORIO DE INVESTIGACIÓN 2,DESCONOCIDA,2018-03-01,2020-03-01,2.0,True,True
54568,TÉCNICO DE INVESTIGACIÓN 4 (TC),CENTRO DE INVESTIGACIONES BIOTECNOLÓGICAS DEL ECUADOR,2020-03-01,2021-07-19,1.38,True,True
54577,ASISTENTE DE INVESTIGACIÓN,DESCONOCIDA,2012-01-01,2013-12-31,2.0,True,False
54577,TÉCNICO DOCENTE,CENTRO DE INVESTIGACIONES BIOTECNOLÓGICAS DEL ECUADOR,2014-01-01,2015-12-01,1.91,True,False
54577,ANALISTA DE LABORATORIO DE INVESTIGACIÓN 2,DESCONOCIDA,2015-12-02,2021-09-05,5.76,True,False
54603,PROFESOR NO TITULAR OCASIONAL (TP),FACULTAD DE INGENIERÍA EN ELECTRICIDAD Y COMPUTACIÓN,2018-05-01,2019-02-22,0.81,True,False
54603,PROFESOR NO TITULAR OCASIONAL (TP),CENTRO DE EMPRENDIMIENTO E INNOVACIÓN I3LAB,2019-05-13,2019-09-20,0.36,True,False
54699,ASISTENTE DE SOPORTE TÉCNICO,GERENCIA DE TECNOLOGÍAS Y SISTEMAS DE INFORMACIÓN,2018-12-10,2023-08-31,4.72,True,False
54699,ANALISTA DE SOPORTE TÉCNICO,GERENCIA DE TECNOLOGÍAS Y SISTEMAS DE INFORMACIÓN,2023-09-01,,3.04,True,False
54701,PROGRAMADOR,DESCONOCIDA,2013-01-01,2014-12-31,2.0,True,False
54701,TÉCNICOS ESPECIALIZADOS - EJECUCIÓN DE PROYECTOS,FACULTAD DE INGENIERÍA EN ELECTRICIDAD Y COMPUTACIÓN,2016-10-17,2016-12-31,0.21,False,False
54701,TÉCNICOS ESPECIALIZADOS - EJECUCIÓN DE ACTIVIDADES,GERENCIA DE TECNOLOGÍAS Y SISTEMAS DE INFORMACIÓN,2017-01-03,2017-12-31,0.99,True,True
54701,PROFESOR NO TITULAR OCASIONAL (TC),FACULTAD DE INGENIERÍA EN ELECTRICIDAD Y COMPUTACIÓN,2017-05-08,,9.36,True,True
54706,ANALISTA DE DESARROLLO DE SISTEMAS 1,CENTRO DE TECNOLOGÍAS DE LA INFORMACIÓN,2016-08-01,2017-09-15,1.12,True,False
54706,TÉCNICO DE INVESTIGACIÓN 3,CENTRO DE TECNOLOGÍAS DE LA INFORMACIÓN,2019-01-01,2019-04-30,0.33,True,False
54706,TÉCNICO DE INVESTIGACIÓN 3 (TC),CENTRO DE TECNOLOGÍAS DE LA INFORMACIÓN,2020-01-01,2020-08-14,0.62,True,False
54744,PROFESOR NO TITULAR OCASIONAL (TC),FACULTAD DE INGENIERÍA EN CIENCIAS DE LA TIERRA,2015-05-01,2016-09-23,1.4,True,False
54744,PROFESOR NO TITULAR OCASIONAL (TC),FACULTAD DE INGENIERÍA EN CIENCIAS DE LA TIERRA,2017-04-26,,9.39,True,False
54761,ASISTENTE TÉCNICO DE REDES E INTERNET,DESCONOCIDA,2013-05-01,2014-12-31,1.67,True,False
54761,ANALISTA DE SOPORTE TÉCNICO,GERENCIA DE TECNOLOGÍAS Y SISTEMAS DE INFORMACIÓN,2015-01-01,2015-04-30,0.33,True,False
54761,ANALISTA DE INFRAESTRUCTURA INFORMÁTICA 3,GERENCIA DE TECNOLOGÍAS Y SISTEMAS DE INFORMACIÓN,2015-06-01,,11.29,True,True
54761,DIRECTOR DE INGENIERÍA EN SISTEMAS,GERENCIA DE TECNOLOGÍAS Y SISTEMAS DE INFORMACIÓN,2022-05-20,2022-05-23,0.01,False,True
54841,ANALISTA DE LABORATORIO,DESCONOCIDA,2017-01-01,2018-08-15,1.62,True,False
54845,TÉCNICO DOCENTE,FACULTAD DE INGENIERÍA MECÁNICA Y CIENCIAS DE LA PRODUCCIÓN,2015-06-15,2016-04-12,0.83,True,False
54845,PROFESOR NO TITULAR OCASIONAL 2 (TC),FACULTAD DE INGENIERÍA MECÁNICA Y CIENCIAS DE LA PRODUCCIÓN,2016-04-13,2017-12-31,1.72,True,False
54845,TÉCNICO DOCENTE 4 (TC),FACULTAD DE INGENIERÍA MECÁNICA Y CIENCIAS DE LA PRODUCCIÓN,2018-01-01,2021-02-19,3.13,True,False
54860,ANALISTA DE TALENTO HUMANO 3,DIRECCIÓN DE TALENTO HUMANO,2019-03-01,,7.54,True,False
55101,PROFESOR NO TITULAR OCASIONAL (TC),ESCUELA DE POSTGRADO EN ADMINISTRACIÓN DE EMPRESAS,2023-10-17,,2.92,True,False
55104,TÉCNICO DOCENTE,FACULTAD DE INGENIERÍA EN ELECTRICIDAD Y COMPUTACIÓN,2015-05-01,2016-04-12,0.95,True,False
55104,PROFESOR NO TITULAR OCASIONAL 2 (TC),FACULTAD DE INGENIERÍA EN ELECTRICIDAD Y COMPUTACIÓN,2016-04-13,2017-12-31,1.72,True,False
55104,TÉCNICO DOCENTE 1 (TC),FACULTAD DE INGENIERÍA EN ELECTRICIDAD Y COMPUTACIÓN,2018-01-01,2023-07-25,5.56,True,False
55173,ASISTENTE DE ACTIVOS FIJOS,FACULTAD DE INGENIERÍA EN ELECTRICIDAD Y COMPUTACIÓN,2015-12-10,,10.77,True,False
55230,TÉCNICO DOCENTE,DESCONOCIDA,2014-10-01,2016-04-12,1.53,True,False
55230,PROFESOR NO TITULAR OCASIONAL 2 (TC),FACULTAD DE INGENIERÍA MECÁNICA Y CIENCIAS DE LA PRODUCCIÓN,2016-04-13,2017-12-31,1.72,True,False
55230,TÉCNICO DOCENTE 1 (TC),FACULTAD DE INGENIERÍA MECÁNICA Y CIENCIAS DE LA PRODUCCIÓN,2018-01-01,2024-02-16,6.12,True,False
55666,ASISTENTE TÉCNICO DE SOPORTE,DESCONOCIDA,2013-06-01,2014-12-31,1.58,True,False
55666,ANALISTA DE SOPORTE TÉCNICO,DESCONOCIDA,2015-01-01,2015-05-31,0.41,True,False
55666,PROFESOR NO TITULAR OCASIONAL 2 (TC),GERENCIA DE TECNOLOGÍAS Y SISTEMAS DE INFORMACIÓN,2016-05-01,2016-09-15,0.38,True,False
55666,ANALISTA DE SOPORTE TÉCNICO,DECANATO DE POSGRADO,2018-06-01,2026-05-11,7.94,True,True
55666,PROFESOR NO TITULAR OCASIONAL (TC),FACULTAD DE CIENCIAS NATURALES Y MATEMÁTICAS,2026-05-11,,0.35,True,True
55699,PROFESOR NO TITULAR OCASIONAL (TP),FACULTAD DE INGENIERÍA EN CIENCIAS DE LA TIERRA,2025-09-29,2026-02-13,0.38,True,False
55731,TÉCNICO DOCENTE,FACULTAD DE INGENIERÍA EN ELECTRICIDAD Y COMPUTACIÓN,2014-05-12,2016-05-11,2.0,True,False
55731,TÉCNICO DE INVESTIGACIÓN 1 (TC),FACULTAD DE INGENIERÍA EN ELECTRICIDAD Y COMPUTACIÓN,2021-11-09,2022-05-31,0.56,True,False
55735,ANALISTA DE DESPACHO 2,RECTORADO,2018-01-15,2019-07-31,1.54,True,False
55735,PROFESOR NO TITULAR OCASIONAL (TP),FACULTAD DE INGENIERÍA MECÁNICA Y CIENCIAS DE LA PRODUCCIÓN,2023-05-15,2023-06-30,0.13,False,False
55753,TÉCNICO DOCENTE,DESCONOCIDA,2015-01-01,2016-04-12,1.28,True,False
55753,PROFESOR NO TITULAR OCASIONAL 2 (TC),FACULTAD DE CIENCIAS NATURALES Y MATEMÁTICAS,2016-04-13,2016-05-31,0.13,False,False
55753,PROFESOR NO TITULAR OCASIONAL (MT),FACULTAD DE INGENIERÍA MECÁNICA Y CIENCIAS DE LA PRODUCCIÓN,2021-05-17,2021-09-24,0.36,True,False
55753,PROFESOR NO TITULAR OCASIONAL (TC),FACULTAD DE INGENIERÍA MECÁNICA Y CIENCIAS DE LA PRODUCCIÓN,2021-10-04,,4.95,True,False
55772,AYUDANTE TÉCNICO DE PLANIFICACIÓN,DESCONOCIDA,2013-11-01,2014-04-30,0.49,True,False
55772,ASISTENTE TÉCNICO DE PLANIFICACIÓN,DESCONOCIDA,2014-05-01,2014-12-31,0.67,True,False
55772,ANALISTA DE SISTEMAS DE PLANIFICACIÓN,GERENCIA DE TECNOLOGÍAS Y SISTEMAS DE INFORMACIÓN,2015-01-01,,11.71,True,False
55814,TÉCNICO DOCENTE,DESCONOCIDA,2014-10-01,2014-12-31,0.25,False,False
55814,TÉCNICO DOCENTE,FACULTAD DE INGENIERÍA MECÁNICA Y CIENCIAS DE LA PRODUCCIÓN,2015-01-01,2015-03-13,0.19,False,False
55814,PROFESOR NO TITULAR OCASIONAL (TC),FACULTAD DE INGENIERÍA MECÁNICA Y CIENCIAS DE LA PRODUCCIÓN,2019-11-01,,6.87,True,False
55817,TÉCNICO DOCENTE 4 (TC),DIRECCIÓN DE ADMISIONES,2021-05-25,2021-12-31,0.6,True,False
55817,TÉCNICO DOCENTE 3 (TC),DIRECCIÓN DE ADMISIONES,2023-05-29,,3.3,True,False
55819,ANALISTA FINANCIERO 1,GERENCIA FINANCIERA,2015-02-01,,11.62,True,False
56170,PROFESOR NO TITULAR OCASIONAL (MT),FACULTAD DE INGENIERÍA MECÁNICA Y CIENCIAS DE LA PRODUCCIÓN,2021-10-04,2022-02-18,0.38,True,False
56180,PROFESOR NO TITULAR OCASIONAL (TC),FACULTAD DE INGENIERÍA EN ELECTRICIDAD Y COMPUTACIÓN,2018-10-01,2020-09-30,2.0,True,False
56189,PROFESOR NO TITULAR OCASIONAL (TP),FACULTAD DE INGENIERÍA MECÁNICA Y CIENCIAS DE LA PRODUCCIÓN,2024-05-22,2026-07-19,2.16,True,False
56189,PROFESOR TITULAR AUXILIAR 1 (MT),FACULTAD DE INGENIERÍA MECÁNICA Y CIENCIAS DE LA PRODUCCIÓN,2026-07-20,,0.16,False,False
56233,PROFESOR NO TITULAR OCASIONAL (TP),FACULTAD DE CIENCIAS NATURALES Y MATEMÁTICAS,2017-10-04,2018-03-02,0.41,True,False
56233,PROFESOR NO TITULAR OCASIONAL (TC),FACULTAD DE CIENCIAS NATURALES Y MATEMÁTICAS,2018-05-01,2022-02-18,3.8,True,False
56408,ASISTENTE DE INVESTIGACIÓN,DESCONOCIDA,2013-02-01,2013-12-31,0.91,True,False
56408,TÉCNICO DOCENTE,DESCONOCIDA,2014-01-01,2015-01-31,1.08,True,False
56408,ANALISTA DE LABORATORIO DE INVESTIGACIÓN 2,CENTRO DE INVESTIGACIONES BIOTECNOLÓGICAS DEL ECUADOR,2016-08-01,,10.12,True,False
56412,ANALISTA DE LABORATORIO DE INVESTIGACIÓN 2,DESCONOCIDA,2016-08-01,2021-12-31,5.42,True,False
56413,TÉCNICOS ESPECIALIZADOS - EJECUCIÓN DE PROYECTOS,DESCONOCIDA,2016-07-01,2016-09-30,0.25,False,True
56413,ANALISTA DE LABORATORIO,FACULTAD DE CIENCIAS DE LA VIDA,2016-07-01,2018-06-30,2.0,True,True
56413,TÉCNICO DE INVESTIGACIÓN 4,FACULTAD DE CIENCIAS DE LA VIDA,2018-07-01,2020-02-21,1.64,True,False
56413,TÉCNICO DE INVESTIGACIÓN 1 (TC),DECANATO DE INVESTIGACIÓN,2023-03-01,2023-12-31,0.83,True,False
56413,TÉCNICO DE LABORATORIO 1 (TC),FACULTAD DE CIENCIAS DE LA VIDA,2025-11-24,,0.81,True,False
56415,AUXILIAR DE INVESTIGACIÓN,DESCONOCIDA,2013-07-01,2014-12-31,1.5,True,False
56415,TÉCNICO DOCENTE,CENTRO DE INVESTIGACIONES BIOTECNOLÓGICAS DEL ECUADOR,2015-01-01,2015-12-01,0.91,True,False
56415,ANALISTA DE LABORATORIO DE INVESTIGACIÓN 2,CENTRO DE INVESTIGACIONES BIOTECNOLÓGICAS DEL ECUADOR,2015-12-02,,10.79,True,False
56431,ANALISTA CONTABLE 1,GERENCIA FINANCIERA,2016-01-01,,10.71,True,False
56529,TÉCNICO DE INVESTIGACIÓN 1 (TC),"CENTRO DE INVESTIGACIÓN, DESARROLLO E INNOVACIÓN DE SISTEMAS COMPUTACIONALES",2019-04-01,,7.46,True,False
56532,ASISTENTE EJECUTIVA 3,ESCUELA DE POSTGRADO EN ADMINISTRACIÓN DE EMPRESAS,2024-12-09,,1.77,True,False
56538,TÉCNICOS ESPECIALIZADOS - EJECUCIÓN DE PROYECTOS,CENTRO DE INVESTIGACIONES BIOTECNOLÓGICAS DEL ECUADOR,2023-05-10,2023-12-31,0.64,True,False
56567,PROFESOR NO TITULAR OCASIONAL (MT),FACULTAD DE INGENIERÍA MECÁNICA Y CIENCIAS DE LA PRODUCCIÓN,2018-10-01,2019-09-20,0.97,True,False
56567,PROFESOR NO TITULAR OCASIONAL (MT),FACULTAD DE INGENIERÍA MECÁNICA Y CIENCIAS DE LA PRODUCCIÓN,2020-10-01,2021-02-19,0.39,True,False
56607,ASISTENTE,DESCONOCIDA,2013-02-01,2014-06-30,1.41,True,False
56607,PROFESOR NO TITULAR OCASIONAL (TC),"FACULTAD DE ARTE, DISEÑO Y COMUNICACIÓN AUDIOVISUAL",2016-10-01,2021-07-31,4.83,True,False
56607,PROFESOR TITULAR AUXILIAR 2 (TC),"FACULTAD DE ARTE, DISEÑO Y COMUNICACIÓN AUDIOVISUAL",2021-08-01,,5.12,True,False
56628,PROFESOR NO TITULAR OCASIONAL (TC),FACULTAD DE INGENIERÍA EN CIENCIAS DE LA TIERRA,2020-03-05,2023-05-31,3.24,True,False
56628,PROFESOR TITULAR AGREGADO 1 (TC),FACULTAD DE INGENIERÍA EN CIENCIAS DE LA TIERRA,2023-06-01,,3.29,True,False
56639,PROFESOR NO TITULAR OCASIONAL (TC),FACULTAD DE CIENCIAS NATURALES Y MATEMÁTICAS,2017-04-17,,9.41,True,False
56743,PROFESOR NO TITULAR OCASIONAL (TC),FACULTAD DE CIENCIAS DE LA VIDA,2015-10-05,2024-02-16,8.37,True,False
56743,PROFESOR NO TITULAR OCASIONAL (MT),FACULTAD DE CIENCIAS DE LA VIDA,2024-02-19,,2.57,True,False
56796,ASISTENTE DE COMUNICACIÓN,CENTRO DE INVESTIGACIONES Y SERVICIOS EDUCATIVOS,2015-01-01,2023-05-01,8.33,True,True
56796,ANALISTA DE CALIDAD Y ACREDITACIÓN 2,DESCONOCIDA,2019-11-01,2020-03-03,0.34,True,True
56796,ANALISTA DE FORMACIÓN ACADÉMICA,CENTRO DE INVESTIGACIONES Y SERVICIOS EDUCATIVOS,2023-05-02,,3.38,True,False
56798,PROFESOR NO TITULAR OCASIONAL (TC),"FACULTAD DE ARTE, DISEÑO Y COMUNICACIÓN AUDIOVISUAL",2016-05-02,2020-02-21,3.81,True,False
56809,TÉCNICO EN EL CAMPO DE LAS ARTES 1 (TC),"FACULTAD DE ARTE, DISEÑO Y COMUNICACIÓN AUDIOVISUAL",2023-05-22,2025-12-31,2.61,True,False
56825,DISEÑADOR GRÁFICO,DESCONOCIDA,2014-06-01,2014-12-31,0.58,True,False
56825,TÈCNICO EN ARTES GRÀFICAS,GERENCIA DE COMUNICACIÓN SOCIAL Y ASUNTOS PÚBLICOS,2015-01-01,2021-03-31,6.24,True,False
56825,DISEÑADOR GRÁFICO 2,GERENCIA DE COMUNICACIÓN,2021-04-01,,5.46,True,False
56893,AYUDANTE DE SERVICIOS ADMINISTRATIVOS,GERENCIA DE TECNOLOGÍAS Y SISTEMAS DE INFORMACIÓN,2015-09-14,2015-12-31,0.3,True,False
56893,ASISTENTE EJECUTIVA 1,GERENCIA DE TECNOLOGÍAS Y SISTEMAS DE INFORMACIÓN,2016-01-01,,10.71,True,False
56935,TÉCNICO DE INVESTIGACIÓN 1 (TC),FACULTAD DE INGENIERÍA EN CIENCIAS DE LA TIERRA,2023-10-16,2023-12-31,0.21,False,False
56959,ASISTENTE DE PRESUPUESTO,GERENCIA FINANCIERA,2015-01-01,2022-01-01,7.0,True,False
56978,ANALISTA DE CALIDAD Y ACREDITACIÓN 2,ESCUELA DE POSTGRADO EN ADMINISTRACIÓN DE EMPRESAS,2014-01-01,,12.71,True,False
57012,ASISTENTE DE ACTIVOS FIJOS,GERENCIA FINANCIERA,2017-01-01,2019-08-19,2.63,True,False
57012,ANALISTA DE ACTIVOS FIJOS,GERENCIA FINANCIERA,2019-08-20,2023-10-31,4.2,True,False
57012,JEFE DE ACTIVOS FIJOS,GERENCIA FINANCIERA,2023-11-01,,2.87,True,False
57062,PROFESOR NO TITULAR OCASIONAL (TC),FACULTAD DE INGENIERÍA EN CIENCIAS DE LA TIERRA,2021-10-04,2024-04-08,2.51,True,False
57062,PROFESOR NO TITULAR OCASIONAL (TP),FACULTAD DE INGENIERÍA EN CIENCIAS DE LA TIERRA,2024-05-13,2025-02-14,0.76,True,False
57062,PROFESOR NO TITULAR OCASIONAL (TP),FACULTAD DE INGENIERÍA EN CIENCIAS DE LA TIERRA,2025-05-21,,1.32,True,False
57074,DIRECTOR DE SOSTENIBILIDAD,GERENCIA ADMINISTRATIVA,2023-11-01,,2.87,True,False
57135,TÉCNICO DOCENTE 1 (MT),FACULTAD DE CIENCIAS NATURALES Y MATEMÁTICAS,2023-05-15,2024-02-18,0.76,True,False
57143,PROFESOR NO TITULAR OCASIONAL (MT),FACULTAD DE INGENIERÍA EN CIENCIAS DE LA TIERRA,2022-01-03,2025-02-14,3.12,True,False
57143,PROFESOR NO TITULAR OCASIONAL (TP),FACULTAD DE INGENIERÍA EN CIENCIAS DE LA TIERRA,2025-05-12,2026-02-13,0.76,True,False
57181,PROFESOR NO TITULAR OCASIONAL (TP),FACULTAD DE INGENIERÍA MECÁNICA Y CIENCIAS DE LA PRODUCCIÓN,2021-05-17,2022-02-18,0.76,True,False
57181,PROFESOR NO TITULAR OCASIONAL (TP),FACULTAD DE INGENIERÍA MECÁNICA Y CIENCIAS DE LA PRODUCCIÓN,2022-06-06,2024-12-31,2.57,True,False
57181,PROFESOR NO TITULAR OCASIONAL (TP),FACULTAD DE INGENIERÍA MECÁNICA Y CIENCIAS DE LA PRODUCCIÓN,2025-05-27,,1.31,True,False
57199,ASISTENTE EJECUTIVA 1,FACULTAD DE INGENIERÍA EN ELECTRICIDAD Y COMPUTACIÓN,2015-01-01,2015-04-30,0.33,True,False
57199,PROFESOR NO TITULAR OCASIONAL 2 (TC),FACULTAD DE INGENIERÍA EN ELECTRICIDAD Y COMPUTACIÓN,2016-04-13,2017-12-31,1.72,True,True
57199,TÉCNICOS ESPECIALIZADOS - EJECUCIÓN DE PROYECTOS,FACULTAD DE INGENIERÍA EN ELECTRICIDAD Y COMPUTACIÓN,2017-03-28,2017-03-31,0.01,False,True
57199,TECNICO DOCENTE,FACULTAD DE INGENIERÍA EN ELECTRICIDAD Y COMPUTACIÓN,2018-01-01,2018-08-28,0.65,True,False
57199,PROFESOR NO TITULAR OCASIONAL (TP),FACULTAD DE INGENIERÍA EN ELECTRICIDAD Y COMPUTACIÓN,2024-10-08,2025-02-14,0.35,True,False
57199,PROFESOR NO TITULAR OCASIONAL (TP),FACULTAD DE INGENIERÍA MECÁNICA Y CIENCIAS DE LA PRODUCCIÓN,2025-05-19,,1.33,True,False
57204,TÉCNICO DOCENTE 3 (TC),FACULTAD DE INGENIERÍA EN ELECTRICIDAD Y COMPUTACIÓN,2019-05-01,2023-10-01,4.42,True,False
57204,PROFESOR NO TITULAR OCASIONAL (TC),FACULTAD DE INGENIERÍA EN ELECTRICIDAD Y COMPUTACIÓN,2023-10-02,,2.96,True,False
57365,TÉCNICO DOCENTE 3 (TC),DIRECCIÓN DE ADMISIONES,2025-05-05,,1.37,True,False
57394,TÉCNICO DOCENTE 1 (TC),FACULTAD DE INGENIERÍA MECÁNICA Y CIENCIAS DE LA PRODUCCIÓN,2021-05-17,2022-02-28,0.79,True,False
57406,AUXILIAR DE INVESTIGACIÓN,DESCONOCIDA,2013-09-02,2013-12-31,0.33,True,False
57406,TÉCNICO DOCENTE,CENTRO DE INVESTIGACIONES BIOTECNOLÓGICAS DEL ECUADOR,2015-01-01,2015-12-01,0.91,True,False
57406,ANALISTA DE LABORATORIO DE INVESTIGACIÓN 2,DESCONOCIDA,2015-12-02,2020-11-09,4.94,True,False
57503,PROFESOR NO TITULAR OCASIONAL (MT),FACULTAD DE INGENIERÍA EN ELECTRICIDAD Y COMPUTACIÓN,2025-05-12,2026-02-13,0.76,True,False
57503,PROFESOR NO TITULAR OCASIONAL (TC),FACULTAD DE INGENIERÍA EN ELECTRICIDAD Y COMPUTACIÓN,2026-03-05,,0.53,True,False
57573,ASISTENTE EJECUTIVA 3,FACULTAD DE CIENCIAS NATURALES Y MATEMÁTICAS,2017-01-01,,9.7,True,False
57586,TÉCNICOS ESPECIALIZADOS - EJECUCIÓN DE ACTIVIDADES,CENTRO DE INFORMACIÓN BIBLIOTECARIA,2018-03-15,2018-06-30,0.29,True,False
57586,ASISTENTE DE ACTIVOS FIJOS,CENTRO DE EMPRENDIMIENTO E INNOVACIÓN I3LAB,2018-07-01,,8.21,True,False
57640,AYUDANTE ADMINISTRATIVO,DESCONOCIDA,2013-06-03,2014-12-31,1.58,True,False
57640,ASISTENTE DE ACTIVOS FIJOS,FACULTAD DE INGENIERÍA MARÍTIMA Y CIENCIAS DEL MAR,2015-01-01,,11.71,True,False
57642,ASISTENTE DE SOPORTE TÉCNICO,DESCONOCIDA,2015-01-01,2015-12-31,1.0,True,False
57642,ASISTENTE DE SOPORTE TÉCNICO,GERENCIA DE TECNOLOGÍAS Y SISTEMAS DE INFORMACIÓN,2016-08-01,2020-10-20,4.22,True,False
57652,ASISTENTE DE LABORATORIO DE INVESTIGACIÓN,CENTRO DE TECNOLOGÍAS DE LA INFORMACIÓN,2016-01-01,2018-04-03,2.25,True,False
57652,TÉCNICO DE INVESTIGACIÓN 3 (TC),CENTRO DE TECNOLOGÍAS DE LA INFORMACIÓN,2019-01-01,2020-07-19,1.55,True,False
57700,TÉCNICO DOCENTE 1 (TC),FACULTAD DE INGENIERÍA EN ELECTRICIDAD Y COMPUTACIÓN,2024-09-30,2025-02-14,0.38,True,False
57729,TÉCNICO DE INVESTIGACIÓN 1 (TC),FACULTAD DE CIENCIAS NATURALES Y MATEMÁTICAS,2024-10-07,,1.94,True,False
57817,TÉCNICO DE INVESTIGACIÓN 1 (TC),FACULTAD DE CIENCIAS SOCIALES Y HUMANÍSTICAS,2023-06-15,2023-11-10,0.41,True,False
57960,TÉCNICO EN EL CAMPO DE LAS ARTES 1 (TC),"FACULTAD DE ARTE, DISEÑO Y COMUNICACIÓN AUDIOVISUAL",2024-02-19,,2.57,True,False
58108,ASISTENTE DE SOPORTE TÉCNICO,GERENCIA DE TECNOLOGÍAS Y SISTEMAS DE INFORMACIÓN,2022-04-01,2024-12-09,2.69,True,True
58108,ANALISTA DE INFRAESTRUCTURA INFORMÁTICA 2,ESCUELA DE POSTGRADO EN ADMINISTRACIÓN DE EMPRESAS,2024-12-09,,1.77,True,True
58137,ASISTENTE DE COMUNICACIÓN,FACULTAD DE INGENIERÍA EN CIENCIAS DE LA TIERRA,2021-08-02,2024-09-01,3.08,True,False
58143,TÉCNICOS ESPECIALIZADOS - EJECUCIÓN DE ACTIVIDADES,FACULTAD DE INGENIERÍA MARÍTIMA Y CIENCIAS DEL MAR,2021-12-13,2021-12-23,0.03,False,False
58154,ANALISTA DE LABORATORIO,FACULTAD DE CIENCIAS SOCIALES Y HUMANÍSTICAS,2016-03-01,,10.54,True,True
58154,PROFESOR NO TITULAR OCASIONAL (TP),FACULTAD DE CIENCIAS SOCIALES Y HUMANÍSTICAS,2023-05-15,,3.34,True,True
58345,TÉCNICO DOCENTE 3 (TC),DIRECCIÓN DE ADMISIONES,2024-11-15,,1.83,True,False
58382,ANALISTA DE SERVICIOS GENERALES,FACULTAD DE CIENCIAS DE LA VIDA,2023-12-01,,2.79,True,False
58429,TÉCNICO DOCENTE,FACULTAD DE INGENIERÍA EN ELECTRICIDAD Y COMPUTACIÓN,2015-07-27,2015-12-01,0.35,True,False
58429,ANALISTA ESTADÍSTICO ACADÉMICO,FACULTAD DE INGENIERÍA EN ELECTRICIDAD Y COMPUTACIÓN,2015-12-02,,10.79,True,False
58491,AYUDANTE,DESCONOCIDA,2007-11-05,2008-02-15,0.28,True,False
58491,AUXILIAR,DESCONOCIDA,2008-02-18,2008-08-30,0.53,True,False
58491,SECRETARIA AUXILIAR,DESCONOCIDA,2008-09-01,2008-12-30,0.33,True,False
58491,AUXILIAR DE NÓMINAS,DESCONOCIDA,2009-01-01,2010-12-31,2.0,True,False
58491,AUXILIAR DE NÓMINAS,DESCONOCIDA,2011-04-01,2014-12-31,3.75,True,False
58491,ASISTENTE DE TALENTO HUMANO,DESCONOCIDA,2015-01-01,2017-11-30,2.91,True,False
58491,ANALISTA DE TALENTO HUMANO 1,DIRECCIÓN DE SEGURIDAD Y SALUD OCUPACIONAL,2017-12-01,2020-10-31,2.92,True,True
58491,ASISTENTE DE TALENTO HUMANO,DESCONOCIDA,2020-10-30,2020-11-01,0.01,False,True
58517,AUXILIAR DE SERVICIOS,DESCONOCIDA,2002-10-01,2003-12-31,1.25,True,False
58517,AYUDANTE ADMINISTRATIVO,DESCONOCIDA,2008-01-02,2008-10-31,0.83,True,False
58517,ASISTENTE DE CALIDAD,DESCONOCIDA,2008-11-01,2010-09-30,1.91,True,False
58517,AYUDANTE ADMINISTRATIVO,DESCONOCIDA,2010-10-01,2011-12-31,1.25,True,False
58517,ASISTENTE ADMINISTRATIVO,DIRECCIÓN DE SERVICIOS GENERALES,2012-01-01,2024-07-31,12.58,True,False
58517,ANALISTA DE COMPRAS PÚBLICAS 2,DIRECCIÓN DE SERVICIOS GENERALES,2024-08-01,2025-09-19,1.13,True,True
58517,ASISTENTE ADMINISTRATIVO,GERENCIA ADMINISTRATIVA,2025-09-19,,0.99,True,True
58595,TECNICO DOCENTE,DESCONOCIDA,2014-05-12,2014-12-31,0.64,True,False
58595,ANALISTA DE LABORATORIO,DESCONOCIDA,2015-01-01,2015-02-13,0.12,False,False
58595,TÉCNICO DE LABORATORIO 1 (TC),FACULTAD DE CIENCIAS NATURALES Y MATEMÁTICAS,2017-10-04,2025-09-28,7.98,True,False
58595,PROFESOR NO TITULAR OCASIONAL (TC),FACULTAD DE CIENCIAS NATURALES Y MATEMÁTICAS,2025-09-29,2026-12-31,1.25,True,False
58609,PROFESOR NO TITULAR OCASIONAL (TC),FACULTAD DE INGENIERÍA EN ELECTRICIDAD Y COMPUTACIÓN,2021-10-04,,4.95,True,False
58621,ANALISTA DE COMPRAS PÚBLICAS 2,DIRECCIÓN DE ADQUISICIONES,2013-09-25,,12.97,True,False
58627,TECNICO DOCENTE 3,FACULTAD DE CIENCIAS NATURALES Y MATEMÁTICAS,2017-04-26,2020-02-21,2.82,True,False
58629,PROFESOR NO TITULAR OCASIONAL (TP),FACULTAD DE INGENIERÍA MECÁNICA Y CIENCIAS DE LA PRODUCCIÓN,2022-05-24,2023-02-17,0.74,True,False
58629,PROFESOR NO TITULAR OCASIONAL (TP),FACULTAD DE INGENIERÍA MECÁNICA Y CIENCIAS DE LA PRODUCCIÓN,2023-06-15,2024-08-31,1.21,True,False
58645,PROFESOR NO TITULAR OCASIONAL (TC),FACULTAD DE INGENIERÍA MECÁNICA Y CIENCIAS DE LA PRODUCCIÓN,2017-08-01,,9.12,True,False
58710,PROFESOR NO TITULAR OCASIONAL (TC),FACULTAD DE INGENIERÍA EN CIENCIAS DE LA TIERRA,2019-11-01,2025-02-14,5.29,True,False
58711,PROFESOR NO TITULAR OCASIONAL 2 (TC),DESCONOCIDA,2017-04-26,2017-12-31,0.68,True,False
58711,TÉCNICO DOCENTE 4 (TC),FACULTAD DE CIENCIAS NATURALES Y MATEMÁTICAS,2018-01-01,2026-04-30,8.33,True,False
58749,PROFESOR NO TITULAR OCASIONAL 2 (TC),FACULTAD DE INGENIERÍA EN ELECTRICIDAD Y COMPUTACIÓN,2016-05-01,2017-12-31,1.67,True,False
58749,TÉCNICO DOCENTE 4 (TC),FACULTAD DE INGENIERÍA EN ELECTRICIDAD Y COMPUTACIÓN,2018-01-01,2022-10-02,4.75,True,False
58749,PROFESOR NO TITULAR OCASIONAL (TC),FACULTAD DE INGENIERÍA EN ELECTRICIDAD Y COMPUTACIÓN,2022-10-03,2026-02-13,3.36,True,False
58749,PROFESOR NO TITULAR OCASIONAL (MT),FACULTAD DE INGENIERÍA EN ELECTRICIDAD Y COMPUTACIÓN,2026-03-05,,0.53,True,False
58795,PROFESOR NO TITULAR OCASIONAL (TP),FACULTAD DE INGENIERÍA EN CIENCIAS DE LA TIERRA,2021-06-01,2025-02-14,3.71,True,False
58819,TÉCNICO DOCENTE,FACULTAD DE INGENIERÍA EN ELECTRICIDAD Y COMPUTACIÓN,2014-05-12,2015-12-31,1.64,True,False
58819,PROFESOR NO TITULAR OCASIONAL 2 (TC),FACULTAD DE CIENCIAS NATURALES Y MATEMÁTICAS,2016-05-09,2016-08-31,0.31,True,False
58819,PROFESOR NO TITULAR OCASIONAL (TC),FACULTAD DE INGENIERÍA EN ELECTRICIDAD Y COMPUTACIÓN,2017-10-12,2024-02-16,6.35,True,False
58823,ANALISTA EN SEGURIDAD Y SALUD OCUPACIONAL,DIRECCIÓN DE SEGURIDAD Y SALUD OCUPACIONAL,2017-12-01,2023-02-01,5.17,True,False
58841,ASISTENTE EJECUTIVA 2,FACULTAD DE CIENCIAS DE LA VIDA,2022-02-01,2023-06-10,1.35,True,False
58867,TÉCNICO DOCENTE 3 (TC),DIRECCIÓN DE ADMISIONES,2023-09-20,2023-12-31,0.28,True,False
58915,PROFESOR NO TITULAR OCASIONAL (TC),FACULTAD DE CIENCIAS SOCIALES Y HUMANÍSTICAS,2016-05-02,2020-02-21,3.81,True,False
58939,TÉCNICO DOCENTE 3 (TC),DIRECCIÓN DE ADMISIONES,2023-09-20,2023-12-31,0.28,True,False
58968,PROFESOR AGREGADO,DESCONOCIDA,2010-01-01,2010-05-11,0.36,True,False
58968,PROFESOR TITULAR PRINCIPAL 3 (TC),FACULTAD DE CIENCIAS DE LA VIDA,2013-01-01,2019-05-03,6.33,True,False
58968,PROFESOR TITULAR PRINCIPAL 3 (TC),FACULTAD DE CIENCIAS DE LA VIDA,2021-09-28,2021-10-12,0.04,False,False
58968,PROFESOR TITULAR PRINCIPAL 3 (TC),FACULTAD DE CIENCIAS DE LA VIDA,2022-03-09,2022-09-12,0.51,True,False
58968,PROFESOR TITULAR PRINCIPAL 3 (TC),FACULTAD DE CIENCIAS DE LA VIDA,2022-12-27,2023-03-03,0.18,False,False
58968,PROFESOR TITULAR PRINCIPAL 3 (TC),FACULTAD DE CIENCIAS DE LA VIDA,2023-07-04,2023-07-21,0.05,False,False
58968,PROFESOR TITULAR PRINCIPAL 3 (TC),FACULTAD DE CIENCIAS DE LA VIDA,2023-12-26,2024-05-31,0.43,True,False
58968,PROFESOR TITULAR PRINCIPAL 3 (TC),FACULTAD DE CIENCIAS DE LA VIDA,2024-09-23,2024-09-24,0.0,False,False
58968,PROFESOR TITULAR PRINCIPAL 3 (TC),FACULTAD DE CIENCIAS DE LA VIDA,2025-02-27,2025-03-06,0.02,False,False
58968,PROFESOR TITULAR PRINCIPAL 3 (TC),FACULTAD DE CIENCIAS DE LA VIDA,2025-06-25,2025-06-27,0.01,False,False
58968,PROFESOR TITULAR PRINCIPAL 3 (TC),FACULTAD DE CIENCIAS DE LA VIDA,2025-12-26,2025-12-31,0.01,False,False
58968,PROFESOR TITULAR PRINCIPAL 3 (TC),FACULTAD DE CIENCIAS DE LA VIDA,2026-04-20,2026-04-24,0.01,False,False
58968,PROFESOR TITULAR PRINCIPAL 3 (TC),FACULTAD DE CIENCIAS DE LA VIDA,2026-08-20,,0.07,False,False
59059,PROFESOR TITULAR AGREGADO 1 (TC),DECANATO DE POSGRADO,2013-01-01,2024-10-31,11.83,True,False
59104,PROFESOR NO TITULAR OCASIONAL (TC),FACULTAD DE INGENIERÍA MECÁNICA Y CIENCIAS DE LA PRODUCCIÓN,2018-05-01,2022-09-25,4.4,True,False
59151,PROFESOR PREGRADO,DESCONOCIDA,2008-05-19,2008-08-26,0.27,True,False
59151,PROFESOR PREGRADO,DESCONOCIDA,2009-10-12,2013-12-31,4.22,True,False
59151,PROFESOR NO TITULAR OCASIONAL (TC),FACULTAD DE INGENIERÍA MARÍTIMA Y CIENCIAS DEL MAR,2018-10-01,2022-02-18,3.38,True,False
59177,PROFESOR,DESCONOCIDA,2008-05-19,2010-05-17,1.99,True,False
59177,PROFESOR NO TITULAR OCASIONAL (TC),FACULTAD DE CIENCIAS SOCIALES Y HUMANÍSTICAS,2014-10-01,,11.96,True,False
59216,PROFESOR NO TITULAR OCASIONAL (TC),FACULTAD DE INGENIERÍA MECÁNICA Y CIENCIAS DE LA PRODUCCIÓN,2018-10-01,2019-09-27,0.99,True,False
59216,PROFESOR NO TITULAR OCASIONAL (TP),FACULTAD DE INGENIERÍA MECÁNICA Y CIENCIAS DE LA PRODUCCIÓN,2021-01-01,2022-02-18,1.13,True,False
59216,PROFESOR NO TITULAR OCASIONAL (TP),FACULTAD DE INGENIERÍA MECÁNICA Y CIENCIAS DE LA PRODUCCIÓN,2022-05-24,2023-02-17,0.74,True,False
59217,ASISTENTE DE LABORATORIO,DESCONOCIDA,2014-05-12,2014-10-03,0.39,True,True
59217,TÉCNICO DOCENTE,FACULTAD DE CIENCIAS NATURALES Y MATEMÁTICAS,2014-10-01,2016-04-12,1.53,True,True
59217,PROFESOR NO TITULAR OCASIONAL 2 (TC),FACULTAD DE CIENCIAS NATURALES Y MATEMÁTICAS,2016-04-13,2017-12-31,1.72,True,False
59217,TÉCNICO DOCENTE 1 (TC),FACULTAD DE CIENCIAS NATURALES Y MATEMÁTICAS,2018-01-01,,8.71,True,False
59225,PROFESOR NO TITULAR OCASIONAL (TC),FACULTAD DE CIENCIAS NATURALES Y MATEMÁTICAS,2023-10-02,,2.96,True,False
59234,PROFESOR NO TITULAR OCASIONAL (TC),FACULTAD DE CIENCIAS DE LA VIDA,2015-05-11,2026-07-19,11.19,True,False
59234,PROFESOR TITULAR AUXILIAR 1 (TC),FACULTAD DE CIENCIAS DE LA VIDA,2026-07-20,,0.16,False,False
59237,PROFESOR NO TITULAR OCASIONAL (TC),FACULTAD DE CIENCIAS DE LA VIDA,2025-05-12,,1.35,True,False
59239,TÉCNICO DOCENTE,FACULTAD DE INGENIERÍA EN CIENCIAS DE LA TIERRA,2015-05-11,2016-04-12,0.92,True,False
59239,PROFESOR NO TITULAR OCASIONAL 2 (TC),FACULTAD DE INGENIERÍA EN CIENCIAS DE LA TIERRA,2016-04-13,2016-08-19,0.35,True,False
59239,PROFESOR NO TITULAR OCASIONAL (MT),FACULTAD DE INGENIERÍA EN CIENCIAS DE LA TIERRA,2018-11-01,2019-09-20,0.88,True,False
59277,AYUDANTE,DESCONOCIDA,2008-08-01,2014-12-31,6.41,True,False
59277,ANALISTA CONTABLE 1,GERENCIA FINANCIERA,2015-01-01,,11.71,True,True
59277,TESORERO GENERAL,GERENCIA FINANCIERA,2022-07-20,2023-10-02,1.2,True,True
59450,PROMOTOR DE ARTE Y CULTURA,GERENCIA DE BIENESTAR POLITÉCNICO,2025-12-01,,0.79,True,False
59468,TÉCNICOS ESPECIALIZADOS - EJECUCIÓN DE PROYECTOS,DESCONOCIDA,2016-10-30,2017-01-30,0.25,True,False
59468,TÉCNICO DE INVESTIGACIÓN 1 (TC),FACULTAD DE INGENIERÍA EN CIENCIAS DE LA TIERRA,2023-10-03,2023-12-31,0.24,False,False
59484,TÉCNICO DOCENTE,FACULTAD DE INGENIERÍA MECÁNICA Y CIENCIAS DE LA PRODUCCIÓN,2015-06-10,2016-02-25,0.71,True,False
59484,PROFESOR NO TITULAR OCASIONAL (TC),FACULTAD DE INGENIERÍA MECÁNICA Y CIENCIAS DE LA PRODUCCIÓN,2018-12-01,,7.79,True,False
59495,PROFESOR NO TITULAR OCASIONAL (TC),FACULTAD DE CIENCIAS SOCIALES Y HUMANÍSTICAS,2016-10-01,2023-09-20,6.97,True,True
59495,PROFESOR TITULAR AUXILIAR 1 (TC),FACULTAD DE CIENCIAS SOCIALES Y HUMANÍSTICAS,2023-06-01,,3.29,True,True
59524,ANALISTA ESTADÍSTICO ACADÉMICO,GERENCIA DE BIENESTAR POLITÉCNICO,2016-05-01,,10.38,True,False
59525,PROFESOR NO TITULAR OCASIONAL (TC),FACULTAD DE CIENCIAS NATURALES Y MATEMÁTICAS,2023-05-15,,3.34,True,False
59557,PROFESOR NO TITULAR OCASIONAL 2 (TC),FACULTAD DE INGENIERÍA EN ELECTRICIDAD Y COMPUTACIÓN,2016-05-01,2017-12-31,1.67,True,False
59557,TECNICO DOCENTE,FACULTAD DE INGENIERÍA EN ELECTRICIDAD Y COMPUTACIÓN,2018-01-01,2019-02-22,1.14,True,False
59557,TÉCNICO DOCENTE 1 (TC),FACULTAD DE INGENIERÍA EN ELECTRICIDAD Y COMPUTACIÓN,2021-10-04,2023-03-08,1.42,True,False
59660,PROFESOR NO TITULAR OCASIONAL (TC),FACULTAD DE INGENIERÍA MECÁNICA Y CIENCIAS DE LA PRODUCCIÓN,2018-05-01,,8.38,True,False
59670,TÉCNICO DE INVESTIGACIÓN 2 (TC),FACULTAD DE INGENIERÍA EN ELECTRICIDAD Y COMPUTACIÓN,2017-10-04,2026-05-09,8.59,True,False
59691,TÉCNICO DOCENTE,DESCONOCIDA,2015-05-11,2015-12-31,0.64,True,True
59691,ANALISTA DE LABORATORIO,DESCONOCIDA,2015-12-02,2016-12-31,1.08,True,True
59691,TÉCNICO DE LABORATORIO 1 (TC),FACULTAD DE INGENIERÍA EN CIENCIAS DE LA TIERRA,2023-10-05,2023-12-31,0.24,False,False
59752,AYUDANTE DE CONTABILIDAD,DESCONOCIDA,2014-03-17,2014-12-31,0.79,True,False
59752,ANALISTA CONTABLE 1,GERENCIA FINANCIERA,2015-01-01,,11.71,True,False
59754,TÉCNICO DE LABORATORIO 1 (TC),"FACULTAD DE ARTE, DISEÑO Y COMUNICACIÓN AUDIOVISUAL",2023-10-05,2023-12-31,0.24,False,False
59774,ASISTENTE EJECUTIVA DE UNIDAD ACADÉMICA,DESCONOCIDA,2014-08-01,2017-12-01,3.33,True,True
59774,ANALISTA ESTADÍSTICO ACADÉMICO,FACULTAD DE CIENCIAS DE LA VIDA,2017-12-01,,8.79,True,True
59788,ASISTENTE FINANCIERO,GERENCIA FINANCIERA,2024-05-01,2026-09-01,2.34,True,True
59788,ANALISTA CONTABLE 1,GERENCIA FINANCIERA,2026-09-01,,0.04,False,True
59794,PROFESOR NO TITULAR OCASIONAL (TC),"FACULTAD DE ARTE, DISEÑO Y COMUNICACIÓN AUDIOVISUAL",2015-05-01,2022-09-30,7.42,True,False
59818,TÉCNICO DE INVESTIGACIÓN 3 (TC),CENTRO NACIONAL DE ACUICULTURA E INVESTIGACIONES MARINAS,2019-02-01,2021-11-30,2.83,True,False
59822,PROFESOR NO TITULAR OCASIONAL 2 (TC),FACULTAD DE INGENIERÍA MECÁNICA Y CIENCIAS DE LA PRODUCCIÓN,2016-06-01,2017-12-31,1.58,True,False
59822,TECNICO DOCENTE 4,FACULTAD DE INGENIERÍA MECÁNICA Y CIENCIAS DE LA PRODUCCIÓN,2018-01-01,2019-09-27,1.74,True,False
59829,ASISTENTE DE SOPORTE TÉCNICO,FACULTAD DE INGENIERÍA MECÁNICA Y CIENCIAS DE LA PRODUCCIÓN,2015-01-01,2016-12-31,2.0,True,False
59852,ANALISTA DE COMPRAS PÚBLICAS 3,DIRECCIÓN DE ADQUISICIONES,2019-08-01,,7.13,True,False
59853,ASISTENTE DE ACTIVOS FIJOS,FACULTAD DE CIENCIAS SOCIALES Y HUMANÍSTICAS,2017-09-01,,9.04,True,False
59904,ASISTENTE EJECUTIVA 1,DESCONOCIDA,2014-07-01,2016-05-01,1.83,True,True
59904,TÉCNICOS ESPECIALIZADOS - EJECUCIÓN DE CAPACITACIÓN,CENTRO DE DESARROLLO DE EMPRENDEDORES,2016-05-01,2016-07-31,0.25,False,True
59904,PROFESOR NO TITULAR OCASIONAL (TP),CENTRO DE DESARROLLO DE EMPRENDEDORES,2018-05-01,2018-09-21,0.39,True,False
59904,ANALISTA ADMINISTRATIVO,OFICINA DE TRANSFERENCIA DE RESULTADOS DE INVESTIGACIÓN - OTRI EN LA ESPOL,2023-11-01,,2.87,True,False
59955,PROFESOR NO TITULAR OCASIONAL 2 (TC),FACULTAD DE INGENIERÍA EN ELECTRICIDAD Y COMPUTACIÓN,2016-10-10,2017-12-31,1.22,True,False
59955,TÉCNICO DOCENTE 4 (TC),FACULTAD DE INGENIERÍA EN ELECTRICIDAD Y COMPUTACIÓN,2018-01-01,2025-04-15,7.28,True,False
59958,ASISTENTE,DESCONOCIDA,2013-01-01,2014-11-30,1.91,True,False
59958,DIRECTOR DE SERVICIOS GENERALES,DESCONOCIDA,2014-12-01,2016-03-01,1.25,True,True
59958,ANALISTA FINANCIERO 2,DESCONOCIDA,2016-03-01,2021-03-01,5.0,True,True
59958,DIRECTOR DE SEGURIDAD Y SALUD OCUPACIONAL,DESCONOCIDA,2016-10-10,2018-10-31,2.06,True,True
59958,PROFESOR NO TITULAR OCASIONAL 1 (TP),FACULTAD DE CIENCIAS SOCIALES Y HUMANÍSTICAS,2017-05-02,2017-09-22,0.39,True,True
59958,PROFESOR NO TITULAR OCASIONAL (TP),FACULTAD DE CIENCIAS SOCIALES Y HUMANÍSTICAS,2017-10-04,2019-09-20,1.96,True,True
59964,TÉCNICO DOCENTE,FACULTAD DE INGENIERÍA EN CIENCIAS DE LA TIERRA,2015-01-01,2016-04-12,1.28,True,False
59964,PROFESOR NO TITULAR OCASIONAL 2 (TC),DESCONOCIDA,2016-04-13,2016-09-19,0.44,True,False
59988,TECNICO DOCENTE 1,DIRECCIÓN DE ADMISIONES,2018-05-01,2020-02-21,1.81,True,False
59988,TÉCNICO DOCENTE 4 (TC),DIRECCIÓN DE ADMISIONES,2021-05-25,2021-12-31,0.6,True,False
59988,TÉCNICO DOCENTE 1 (TC),FACULTAD DE CIENCIAS NATURALES Y MATEMÁTICAS,2022-05-16,,4.34,True,False
60020,PROFESOR NO TITULAR OCASIONAL (TC),FACULTAD DE INGENIERÍA MECÁNICA Y CIENCIAS DE LA PRODUCCIÓN,2017-12-01,2023-09-22,5.81,True,False
60112,TÉCNICO DOCENTE 1 (TC),FACULTAD DE INGENIERÍA MECÁNICA Y CIENCIAS DE LA PRODUCCIÓN,2021-05-17,2025-02-14,3.75,True,False
60114,ANALISTA DE LABORATORIO DE INVESTIGACIÓN 2,DESCONOCIDA,2016-02-01,2016-08-15,0.54,True,False
60114,PROFESOR NO TITULAR OCASIONAL (TC),FACULTAD DE CIENCIAS NATURALES Y MATEMÁTICAS,2020-02-22,2020-09-30,0.61,True,False
60114,PROFESOR NO TITULAR OCASIONAL (TC),FACULTAD DE CIENCIAS NATURALES Y MATEMÁTICAS,2022-05-16,2026-07-19,4.17,True,False
60114,PROFESOR TITULAR AUXILIAR 1 (TC),FACULTAD DE CIENCIAS NATURALES Y MATEMÁTICAS,2026-07-20,,0.16,False,False
60168,ANALISTA DE DESARROLLO DE SISTEMAS 1,GERENCIA DE TECNOLOGÍAS Y SISTEMAS DE INFORMACIÓN,2022-02-01,,4.62,True,False
60187,TÉCNICO DE LABORATORIO 1 (TC),FACULTAD DE INGENIERÍA MECÁNICA Y CIENCIAS DE LA PRODUCCIÓN,2023-10-05,2023-12-31,0.24,False,False
60260,PROFESOR NO TITULAR OCASIONAL (TC),FACULTAD DE INGENIERÍA EN CIENCIAS DE LA TIERRA,2017-04-26,2024-05-01,7.01,True,False
60263,TECNICO DOCENTE 3,FACULTAD DE INGENIERÍA MECÁNICA Y CIENCIAS DE LA PRODUCCIÓN,2018-10-01,2019-05-12,0.61,True,False
60306,PROFESOR NO TITULAR OCASIONAL (TP),FACULTAD DE INGENIERÍA MECÁNICA Y CIENCIAS DE LA PRODUCCIÓN,2021-10-04,2022-02-18,0.38,True,False
60347,TÉCNICO DOCENTE,DESCONOCIDA,2015-05-01,2016-04-12,0.95,True,False
60347,PROFESOR NO TITULAR OCASIONAL 2 (TC),FACULTAD DE INGENIERÍA EN ELECTRICIDAD Y COMPUTACIÓN,2016-04-13,2017-08-31,1.38,True,True
60347,TÉCNICOS ESPECIALIZADOS - EJECUCIÓN DE PROYECTOS,FACULTAD DE INGENIERÍA EN ELECTRICIDAD Y COMPUTACIÓN,2017-03-28,2017-03-31,0.01,False,True
60347,PROFESOR NO TITULAR OCASIONAL (TC),FACULTAD DE INGENIERÍA MECÁNICA Y CIENCIAS DE LA PRODUCCIÓN,2022-05-16,2024-12-08,2.57,True,False
60347,PROFESOR TITULAR AGREGADO 1 (TC),FACULTAD DE INGENIERÍA MECÁNICA Y CIENCIAS DE LA PRODUCCIÓN,2024-12-09,,1.77,True,False
60381,TÉCNICO DOCENTE 4 (TC),DIRECCIÓN DE ADMISIONES,2021-05-25,2021-12-31,0.6,True,False
60381,TÉCNICO DOCENTE 3 (TC),DIRECCIÓN DE ADMISIONES,2023-05-29,,3.3,True,False
60402,TÉCNICO DOCENTE 3 (TC),DIRECCIÓN DE ADMISIONES,2023-09-20,2023-12-31,0.28,True,False
60408,TÉCNICO DOCENTE 3 (TC),DIRECCIÓN DE ADMISIONES,2023-09-20,2023-12-31,0.28,True,False
60474,PROFESOR NO TITULAR OCASIONAL (TC),FACULTAD DE INGENIERÍA MECÁNICA Y CIENCIAS DE LA PRODUCCIÓN,2017-12-01,2019-09-20,1.8,True,False
60474,PROFESOR NO TITULAR OCASIONAL (TC),FACULTAD DE INGENIERÍA MECÁNICA Y CIENCIAS DE LA PRODUCCIÓN,2024-06-10,,2.27,True,False
60511,TÉCNICO DOCENTE 4 (TC),DIRECCIÓN DE ADMISIONES,2021-05-25,2021-12-31,0.6,True,False
60511,TÉCNICO DOCENTE 1 (TC),FACULTAD DE CIENCIAS NATURALES Y MATEMÁTICAS,2022-06-06,,4.28,True,False
60559,PROFESOR NO TITULAR OCASIONAL (TP),FACULTAD DE INGENIERÍA EN ELECTRICIDAD Y COMPUTACIÓN,2015-01-01,2015-03-13,0.19,False,False
60559,PROFESOR NO TITULAR OCASIONAL (TC),FACULTAD DE INGENIERÍA EN ELECTRICIDAD Y COMPUTACIÓN,2015-05-01,2020-03-31,4.92,True,False
60559,PROFESOR TITULAR AUXILIAR 2 (TC),FACULTAD DE INGENIERÍA EN ELECTRICIDAD Y COMPUTACIÓN,2020-04-01,,6.46,True,False
60619,TÉCNICO DE INVESTIGACIÓN 1 (TC),FACULTAD DE CIENCIAS NATURALES Y MATEMÁTICAS,2024-11-21,2024-12-31,0.11,False,False
60638,ASISTENTE DE SOPORTE TÉCNICO,FACULTAD DE INGENIERÍA EN ELECTRICIDAD Y COMPUTACIÓN,2024-09-02,2025-01-03,0.34,True,False
60687,TÉCNICO DOCENTE 3 (TC),DIRECCIÓN DE ADMISIONES,2024-11-15,2024-12-31,0.13,False,False
60737,ANALISTA DE DESARROLLO DE SISTEMAS 3,GERENCIA DE TECNOLOGÍAS Y SISTEMAS DE INFORMACIÓN,2016-11-01,,9.87,True,False
60838,TÉCNICO DE INVESTIGACIÓN 2 (TC),FACULTAD DE INGENIERÍA EN ELECTRICIDAD Y COMPUTACIÓN,2022-01-03,,4.7,True,False
61079,ASISTENTE DE SOPORTE TÉCNICO,GERENCIA DE TECNOLOGÍAS Y SISTEMAS DE INFORMACIÓN,2023-09-01,2024-06-30,0.83,True,False
61079,ANALISTA DE SOPORTE TÉCNICO,FACULTAD DE INGENIERÍA EN ELECTRICIDAD Y COMPUTACIÓN,2024-07-01,,2.21,True,False
61199,ASISTENTE DE COMUNICACIÓN SOCIAL,DESCONOCIDA,2015-02-09,2016-09-03,1.57,True,False
61199,PROFESOR NO TITULAR OCASIONAL (TC),"FACULTAD DE ARTE, DISEÑO Y COMUNICACIÓN AUDIOVISUAL",2017-10-06,2023-05-31,5.65,True,False
61199,PROFESOR TITULAR AUXILIAR 1 (TC),"FACULTAD DE ARTE, DISEÑO Y COMUNICACIÓN AUDIOVISUAL",2023-06-01,,3.29,True,False
61323,ASISTENTE DE PLANIFICACIÓN Y PROYECTOS,GERENCIA DE PLANIFICACIÓN ESTRATÉGICA,2015-01-01,2015-12-01,0.91,True,False
61323,ANALISTA DE INFORMACIÓN ESTRATÉGICA,GERENCIA DE PLANIFICACIÓN ESTRATÉGICA,2015-12-02,,10.79,True,True
61323,GERENTE DE PLANIFICACIÓN ESTRATÉGICA,DESCONOCIDA,2017-08-08,2017-10-19,0.2,False,True
61323,GERENTE DE PLANIFICACIÓN ESTRATÉGICA,RECTORADO,2018-03-23,2018-03-29,0.02,False,True
61359,ANALISTA ADMINISTRATIVO,FACULTAD DE CIENCIAS SOCIALES Y HUMANÍSTICAS,2018-01-01,2019-01-31,1.08,True,False
61359,ANALISTA ADMINISTRATIVO,FACULTAD DE CIENCIAS SOCIALES Y HUMANÍSTICAS,2021-01-01,2023-11-28,2.9,True,False
61359,ANALISTA ADMINISTRATIVO,FACULTAD DE CIENCIAS SOCIALES Y HUMANÍSTICAS,2024-06-03,2024-07-21,0.13,False,False
61359,ANALISTA ADMINISTRATIVO,FACULTAD DE CIENCIAS SOCIALES Y HUMANÍSTICAS,2024-12-17,2025-07-18,0.58,True,False
61359,ANALISTA ADMINISTRATIVO,FACULTAD DE CIENCIAS SOCIALES Y HUMANÍSTICAS,2025-12-26,,0.72,True,True
61359,PROFESOR NO TITULAR OCASIONAL (TP),FACULTAD DE CIENCIAS SOCIALES Y HUMANÍSTICAS,2026-05-04,,0.37,True,True
61592,RECEPCIONISTA,DESCONOCIDA,2005-02-01,2006-01-31,1.0,True,False
61592,SECRETARIA AUXILIAR,DESCONOCIDA,2008-10-01,2010-12-31,2.25,True,False
61592,ASISTENTE EJECUTIVA 1,FACULTAD DE CIENCIAS SOCIALES Y HUMANÍSTICAS,2011-04-01,,15.46,True,False
61593,ASISTENTE EJECUTIVA 1,FACULTAD DE CIENCIAS SOCIALES Y HUMANÍSTICAS,2008-10-01,,17.96,True,False
61594,AUXILIAR DE BIBLIOTECA,DESCONOCIDA,1989-11-20,1993-01-30,3.19,True,False
61594,COORDINADORA,DESCONOCIDA,2002-02-01,2003-01-31,1.0,True,False
61594,COORDINADORA,DESCONOCIDA,2008-10-01,2009-12-31,1.25,True,False
61594,BIBLIOTECARIO,DESCONOCIDA,2010-01-01,2010-12-31,1.0,True,False
61594,BIBLIOTECARIO,FACULTAD DE INGENIERÍA MECÁNICA Y CIENCIAS DE LA PRODUCCIÓN,2011-04-01,2026-01-31,14.84,True,False
61595,SECRETARIA,DESCONOCIDA,2007-08-01,2007-11-30,0.33,True,False
61595,SECRETARIA,DESCONOCIDA,2008-10-01,2010-12-31,2.25,True,False
61595,ASISTENTE DE ADMISIONES,DIRECCIÓN DE ADMISIONES,2011-04-01,2020-12-01,9.67,True,False
61634,SECRETARIA,DESCONOCIDA,2004-05-04,2005-05-03,1.0,True,False
61634,AUXILIAR TÉCNICO ACADÉMICO,DESCONOCIDA,2008-10-01,2014-12-31,6.25,True,False
61634,ASISTENTE DE ADMISIONES,DIRECCIÓN DE ADMISIONES,2015-01-01,2023-12-01,8.91,True,False
61664,PROFESOR,DESCONOCIDA,2007-06-25,2007-08-04,0.11,False,False
61664,PROFESOR,DESCONOCIDA,2009-05-18,2010-03-02,0.79,True,False
61664,PROFESOR NO TITULAR OCASIONAL (TC),"FACULTAD DE ARTE, DISEÑO Y COMUNICACIÓN AUDIOVISUAL",2013-05-13,,13.34,True,False
61700,DIRECTORA DE DANZA,DESCONOCIDA,2008-10-01,2008-12-30,0.25,False,False
61700,COORDINADOR DE DANZA,DESCONOCIDA,2009-01-01,2014-12-31,6.0,True,True
61700,PROFESOR NO TITULAR OCASIONAL,DESCONOCIDA,2013-05-13,2013-12-31,0.64,True,True
61700,PROFESOR NO TITULAR OCASIONAL (TP),DESCONOCIDA,2014-10-20,2015-03-13,0.39,True,True
61700,PROMOTOR DE ARTE Y CULTURA,GERENCIA DE BIENESTAR POLITÉCNICO,2015-01-01,,11.71,True,True
61700,PROFESOR NO TITULAR OCASIONAL (TP),FACULTAD DE CIENCIAS SOCIALES Y HUMANÍSTICAS,2015-05-11,2016-02-28,0.8,True,True
61700,PROFESOR NO TITULAR OCASIONAL 1 (TP),DESCONOCIDA,2016-05-02,2016-09-23,0.39,True,True
61700,PROFESOR NO TITULAR OCASIONAL 1 (TP),"FACULTAD DE INGENIERIA MARÍTIMA, CIENCIAS BIOLÓGICAS, OCEÁNICAS Y RECURSOS NATURALES",2016-10-10,2017-09-22,0.95,True,True
61700,PROFESOR NO TITULAR OCASIONAL (TP),ESCUELA DE DISEÑO Y COMUNICACIÓN VISUAL,2017-10-04,2018-03-02,0.41,True,True
61700,PROFESOR NO TITULAR OCASIONAL (TP),FACULTAD DE CIENCIAS SOCIALES Y HUMANÍSTICAS,2018-05-02,2019-09-20,1.39,True,True
61700,PROFESOR NO TITULAR OCASIONAL (TP),"FACULTAD DE ARTE, DISEÑO Y COMUNICACIÓN AUDIOVISUAL",2023-01-01,2025-02-14,2.12,True,True
61700,PROFESOR NO TITULAR OCASIONAL (TP),"FACULTAD DE ARTE, DISEÑO Y COMUNICACIÓN AUDIOVISUAL",2025-05-19,2026-02-13,0.74,True,True
61751,PROFESOR PREGRADO,DESCONOCIDA,2008-10-13,2009-03-02,0.38,True,False
61751,PROFESOR PREGRADO,DESCONOCIDA,2010-05-17,2013-12-31,3.62,True,False
61751,PROFESOR NO TITULAR OCASIONAL 1 (TP),FACULTAD DE CIENCIAS DE LA VIDA,2016-10-10,2017-09-22,0.95,True,False
61751,PROFESOR NO TITULAR OCASIONAL (TP),FACULTAD DE CIENCIAS DE LA VIDA,2018-10-01,2019-09-20,0.97,True,False
61751,PROFESOR NO TITULAR OCASIONAL (MT),FACULTAD DE CIENCIAS DE LA VIDA,2020-10-12,2022-10-03,1.97,True,False
61751,PROFESOR NO TITULAR OCASIONAL (TP),FACULTAD DE CIENCIAS DE LA VIDA,2022-10-11,2024-02-16,1.35,True,False
61775,PROFESOR NO TITULAR OCASIONAL (MT),FACULTAD DE INGENIERÍA MECÁNICA Y CIENCIAS DE LA PRODUCCIÓN,2020-10-05,2021-02-19,0.38,True,False
61948,PROFESOR PREGRADO,DESCONOCIDA,2008-10-13,2011-09-24,2.95,True,False
61948,PROFESOR NO TITULAR OCASIONAL (TC),"FACULTAD DE ARTE, DISEÑO Y COMUNICACIÓN AUDIOVISUAL",2012-05-17,,14.33,True,False
63189,ASISTENTE DE ACTIVOS FIJOS,GERENCIA FINANCIERA,2024-12-09,,1.77,True,False
64414,CONTRATACIÓN DE SERVICIOS,DESCONOCIDA,2002-10-01,2003-03-31,0.5,True,False
64414,CONTRATACIÓN DE SERVICIOS,DESCONOCIDA,2003-10-01,2003-12-31,0.25,False,False
64414,AUXILIAR DE INVESTIGACIÓN,DESCONOCIDA,2009-01-01,2012-12-31,4.0,True,False
64414,OPERARIA DE LABORATORIO,DESCONOCIDA,2013-01-01,2013-12-31,1.0,True,False
64414,AUXILIAR DE INVESTIGACIÓN,DESCONOCIDA,2014-03-01,2014-12-31,0.83,True,False
64414,ASISTENTE DE ACTIVOS FIJOS,DESCONOCIDA,2015-01-01,2016-11-01,1.83,True,True
64414,ANALISTA DE COMPRAS PÚBLICAS 2,DIRECCIÓN DE ADQUISICIONES Y SUMINISTROS,2016-11-01,2020-11-01,4.0,True,True
64414,ANALISTA DE COMPRAS PÚBLICAS 2,DIRECCIÓN DE ADQUISICIONES,2025-08-04,,1.12,True,False
64417,ASISTENTE DE INVESTIGACIÓN,DESCONOCIDA,2009-01-01,2009-12-31,1.0,True,False
64417,PROFESOR NO TITULAR OCASIONAL (TC),FACULTAD DE CIENCIAS DE LA VIDA,2014-10-01,2023-04-30,8.58,True,False
64483,DISEÑADOR GRÁFICO,DESCONOCIDA,2008-10-07,2008-11-05,0.08,False,False
64483,GERENTE DE COMUNICACIÓN SOCIAL Y ASUNTOS PÚBLICOS,GERENCIA DE COMUNICACIÓN SOCIAL Y ASUNTOS PÚBLICOS,2019-10-01,2021-08-16,1.88,True,False
64647,ANALISTA DE GESTIÓN DE PROYECTOS DE INVESTIGACIÓN,DESCONOCIDA,2016-06-01,2016-09-20,0.3,True,False
64647,PROFESOR NO TITULAR OCASIONAL (TC),FACULTAD DE CIENCIAS NATURALES Y MATEMÁTICAS,2018-05-01,2020-03-31,1.92,True,False
64647,PROFESOR TITULAR AUXILIAR 2 (TC),FACULTAD DE CIENCIAS NATURALES Y MATEMÁTICAS,2020-04-01,,6.46,True,False
64657,PROFESOR NO TITULAR OCASIONAL (TC),FACULTAD DE CIENCIAS NATURALES Y MATEMÁTICAS,2018-10-29,2026-07-19,7.72,True,False
64657,PROFESOR TITULAR AUXILIAR 1 (TC),FACULTAD DE CIENCIAS NATURALES Y MATEMÁTICAS,2026-07-20,,0.16,False,False
64903,PROFESOR PREGRADO,DESCONOCIDA,2008-10-13,2008-11-26,0.12,False,False
64903,PROFESOR NO TITULAR OCASIONAL (MT),DESCONOCIDA,2015-05-11,2015-10-02,0.39,True,False
64903,PROFESOR NO TITULAR OCASIONAL (MT),FACULTAD DE CIENCIAS DE LA VIDA,2015-10-19,2016-02-26,0.36,True,False
64903,PROFESOR NO TITULAR OCASIONAL (TC),FACULTAD DE CIENCIAS DE LA VIDA,2016-04-01,2019-09-19,3.47,True,False
65182,ANALISTA DE SERVICIOS GENERALES DE UNIDAD ACADÉMICA,DIRECCIÓN DE SERVICIOS GENERALES,2017-04-01,2023-05-04,6.09,True,False
65182,ANALISTA DE SERVICIOS GENERALES,DIRECCIÓN DE SERVICIOS GENERALES,2023-11-10,2023-12-22,0.11,False,False
65182,DIRECTOR DE SERVICIOS GENERALES,DIRECCIÓN DE SERVICIOS GENERALES,2024-01-23,2025-01-01,0.94,True,False
65182,ANALISTA DE SERVICIOS GENERALES,DIRECCIÓN DE SERVICIOS GENERALES,2025-03-20,2025-05-22,0.17,False,False
65182,ANALISTA DE SERVICIOS GENERALES,DIRECCIÓN DE SERVICIOS GENERALES,2025-08-26,2026-08-07,0.95,True,False
65182,ANALISTA DE SERVICIOS GENERALES,FACULTAD DE INGENIERÍA EN ELECTRICIDAD Y COMPUTACIÓN,2026-08-18,,0.08,False,False
65191,PROFESOR NO TITULAR OCASIONAL 2 (TC),FACULTAD DE CIENCIAS NATURALES Y MATEMÁTICAS,2016-05-09,2017-12-31,1.65,True,False
65191,TÉCNICO DOCENTE 4 (TC),FACULTAD DE CIENCIAS NATURALES Y MATEMÁTICAS,2018-01-01,2022-04-30,4.33,True,False
65192,PROFESOR NO TITULAR OCASIONAL 2 (TC),FACULTAD DE CIENCIAS NATURALES Y MATEMÁTICAS,2016-05-01,2017-12-31,1.67,True,False
65192,TECNICO DOCENTE,FACULTAD DE CIENCIAS NATURALES Y MATEMÁTICAS,2018-01-01,2018-08-31,0.66,True,False
65192,TÉCNICO DOCENTE 4 (TC),DIRECCIÓN DE ADMISIONES,2021-05-25,2021-08-31,0.27,True,False
65192,TÉCNICO DOCENTE 4 (TC),FACULTAD DE CIENCIAS NATURALES Y MATEMÁTICAS,2021-10-04,2022-05-20,0.62,True,False
65357,PROFESOR NO TITULAR OCASIONAL (TC),FACULTAD DE INGENIERÍA EN ELECTRICIDAD Y COMPUTACIÓN,2018-05-01,2019-09-20,1.39,True,False
65359,PROFESOR NO TITULAR OCASIONAL 2 (TC),FACULTAD DE INGENIERÍA EN ELECTRICIDAD Y COMPUTACIÓN,2016-05-01,2017-12-31,1.67,True,False
65359,TÉCNICO DOCENTE 4 (TC),FACULTAD DE INGENIERÍA EN ELECTRICIDAD Y COMPUTACIÓN,2018-01-01,2024-05-12,6.36,True,False
65359,PROFESOR NO TITULAR OCASIONAL (TC),FACULTAD DE INGENIERÍA EN ELECTRICIDAD Y COMPUTACIÓN,2024-05-13,2024-09-19,0.35,True,False
65359,TÉCNICO DOCENTE 1 (TC),FACULTAD DE INGENIERÍA EN ELECTRICIDAD Y COMPUTACIÓN,2024-09-20,2025-10-08,1.05,True,False
65359,PROFESOR NO TITULAR OCASIONAL (TC),FACULTAD DE INGENIERÍA EN ELECTRICIDAD Y COMPUTACIÓN,2025-10-09,,0.94,True,False
65363,TÉCNICO DE INVESTIGACIÓN 1 (TC),CENTRO DE TECNOLOGÍAS DE LA INFORMACIÓN,2019-01-01,2023-12-31,5.0,True,False
65364,PROFESOR NO TITULAR OCASIONAL (TC),FACULTAD DE INGENIERÍA EN ELECTRICIDAD Y COMPUTACIÓN,2016-10-10,2022-08-31,5.89,True,False
65367,PROFESOR NO TITULAR OCASIONAL (TC),FACULTAD DE INGENIERÍA MECÁNICA Y CIENCIAS DE LA PRODUCCIÓN,2017-10-01,2026-07-19,8.8,True,False
65367,PROFESOR TITULAR AUXILIAR 1 (TC),FACULTAD DE INGENIERÍA MECÁNICA Y CIENCIAS DE LA PRODUCCIÓN,2026-07-20,,0.16,False,False
65378,PROFESOR NO TITULAR OCASIONAL 2 (TC),FACULTAD DE CIENCIAS NATURALES Y MATEMÁTICAS,2016-10-01,2017-09-21,0.97,True,False
65378,PROFESOR NO TITULAR OCASIONAL (TC),FACULTAD DE INGENIERÍA EN ELECTRICIDAD Y COMPUTACIÓN,2023-05-19,2025-02-14,1.74,True,False
65380,PROFESOR NO TITULAR OCASIONAL (TC),FACULTAD DE INGENIERÍA MECÁNICA Y CIENCIAS DE LA PRODUCCIÓN,2023-06-01,,3.29,True,False
65520,ASISTENTE DE GESTIÓN DE PROYECTOS DE INVESTIGACIÓN,FACULTAD DE CIENCIAS SOCIALES Y HUMANÍSTICAS,2017-01-01,2023-12-31,6.99,True,False
65520,ANALISTA DE PLANIFICACIÓN Y PROYECTOS,CENTRO DE TECNOLOGÍAS DE LA INFORMACIÓN,2024-01-01,,2.71,True,False
65521,TÉCNICOS ESPECIALIZADOS - EJECUCIÓN DE PROYECTOS,DESCONOCIDA,2017-01-03,2017-12-31,0.99,True,False
65530,ASISTENTE EJECUTIVA 1,"FACULTAD DE ARTE, DISEÑO Y COMUNICACIÓN AUDIOVISUAL",2026-07-01,,0.21,False,False
65745,PROFESOR NO TITULAR OCASIONAL 2 (TC),FACULTAD DE CIENCIAS DE LA VIDA,2016-09-15,2017-12-31,1.29,True,False
65745,TÉCNICO DE LABORATORIO 4,FACULTAD DE CIENCIAS DE LA VIDA,2018-01-01,2020-02-21,2.14,True,False
65828,TÉCNICOS ESPECIALIZADOS - EJECUCIÓN DE ACTIVIDADES,"FACULTAD DE ARTE, DISEÑO Y COMUNICACIÓN AUDIOVISUAL",2015-11-01,2015-12-31,0.16,False,False
65828,TÉCNICO DOCENTE,DESCONOCIDA,2016-02-22,2016-04-12,0.14,False,False
65828,PROFESOR NO TITULAR OCASIONAL 2 (TC),ESCUELA DE DISEÑO Y COMUNICACIÓN VISUAL,2016-04-13,2017-12-31,1.72,True,False
65828,TÉCNICO EN EL CAMPO DE LAS ARTES 4 (TC),"FACULTAD DE ARTE, DISEÑO Y COMUNICACIÓN AUDIOVISUAL",2018-01-01,2022-05-15,4.37,True,False
65828,PROFESOR NO TITULAR OCASIONAL (TC),"FACULTAD DE ARTE, DISEÑO Y COMUNICACIÓN AUDIOVISUAL",2022-05-16,2023-09-27,1.37,True,False
65904,ASISTENTE ADMINISTRATIVO,DIRECCIÓN DE SERVICIOS GENERALES,2016-07-01,2023-02-28,6.66,True,False
65904,ANALISTA ADMINISTRATIVO,DIRECCIÓN DE SERVICIOS GENERALES,2023-03-01,,3.55,True,False
66011,TÉCNICO DE INVESTIGACIÓN 2 (MT),FACULTAD DE INGENIERÍA EN ELECTRICIDAD Y COMPUTACIÓN,2024-07-01,,2.21,True,False
66025,TÉCNICO DOCENTE 4 (TC),FACULTAD DE INGENIERÍA EN ELECTRICIDAD Y COMPUTACIÓN,2018-10-01,2024-05-12,5.61,True,False
66025,PROFESOR NO TITULAR OCASIONAL (TC),FACULTAD DE INGENIERÍA EN ELECTRICIDAD Y COMPUTACIÓN,2024-05-13,,2.34,True,False
66037,PROFESOR NO TITULAR OCASIONAL (TC),FACULTAD DE INGENIERÍA EN ELECTRICIDAD Y COMPUTACIÓN,2023-05-15,2024-02-16,0.76,True,False
66037,PROFESOR NO TITULAR OCASIONAL (MT),FACULTAD DE INGENIERÍA EN ELECTRICIDAD Y COMPUTACIÓN,2024-05-13,2026-02-13,1.75,True,False
66037,PROFESOR NO TITULAR OCASIONAL (TC),FACULTAD DE INGENIERÍA EN ELECTRICIDAD Y COMPUTACIÓN,2026-02-18,,0.57,True,False
66041,PROFESOR NO TITULAR OCASIONAL 2 (TC),FACULTAD DE CIENCIAS NATURALES Y MATEMÁTICAS,2016-05-01,2017-12-31,1.67,True,False
66041,TECNICO DOCENTE,FACULTAD DE CIENCIAS NATURALES Y MATEMÁTICAS,2018-01-01,2018-09-14,0.7,True,False
66062,PROFESOR NO TITULAR OCASIONAL 2 (TC),FACULTAD DE INGENIERÍA EN ELECTRICIDAD Y COMPUTACIÓN,2016-05-01,2017-08-07,1.27,True,False
66078,TÉCNICO DOCENTE 1 (TC),FACULTAD DE CIENCIAS NATURALES Y MATEMÁTICAS,2017-10-05,2025-05-11,7.6,True,False
66078,PROFESOR NO TITULAR OCASIONAL (TC),FACULTAD DE CIENCIAS NATURALES Y MATEMÁTICAS,2025-05-12,,1.35,True,False
66149,PROFESOR NO TITULAR OCASIONAL (TC),FACULTAD DE CIENCIAS SOCIALES Y HUMANÍSTICAS,2023-09-25,,2.98,True,False
66174,PROFESOR NO TITULAR OCASIONAL 2 (TC),FACULTAD DE CIENCIAS NATURALES Y MATEMÁTICAS,2016-10-01,2017-09-15,0.96,True,False
66174,PROFESOR NO TITULAR OCASIONAL (MT),FACULTAD DE CIENCIAS NATURALES Y MATEMÁTICAS,2023-05-15,2024-02-18,0.76,True,False
66174,PROFESOR NO TITULAR OCASIONAL (TC),FACULTAD DE CIENCIAS NATURALES Y MATEMÁTICAS,2024-05-13,,2.34,True,False
66177,PROFESOR NO TITULAR OCASIONAL (TC),FACULTAD DE INGENIERÍA MECÁNICA Y CIENCIAS DE LA PRODUCCIÓN,2021-10-04,,4.95,True,False
66201,TÉCNICO DOCENTE 3 (TC),DIRECCIÓN DE ADMISIONES,2025-09-22,2025-12-31,0.27,True,False
66205,TÉCNICO DOCENTE 3 (TC),DIRECCIÓN DE ADMISIONES,2023-09-20,2023-12-31,0.28,True,False
66209,TECNICO DOCENTE,FACULTAD DE CIENCIAS NATURALES Y MATEMÁTICAS,2017-10-01,2019-01-31,1.33,True,False
66209,TÉCNICO DOCENTE 4 (TC),DIRECCIÓN DE ADMISIONES,2021-05-25,2021-12-31,0.6,True,False
66209,PROFESOR NO TITULAR OCASIONAL (TC),FACULTAD DE CIENCIAS NATURALES Y MATEMÁTICAS,2022-05-16,,4.34,True,False
66284,AISTENTE DE RELACIONES PÚBLICAS,DESCONOCIDA,2014-04-07,2014-12-31,0.73,True,False
66284,PROFESOR NO TITULAR OCASIONAL (TC),"FACULTAD DE ARTE, DISEÑO Y COMUNICACIÓN AUDIOVISUAL",2016-10-01,2020-02-21,3.39,True,True
66284,TÉCNICOS ESPECIALIZADOS - EJECUCIÓN DE PROYECTOS,ESCUELA DE DISEÑO Y COMUNICACIÓN VISUAL,2016-11-26,2016-11-26,0.0,False,True
66304,ASISTENTE DE SOPORTE TÉCNICO,FACULTAD DE CIENCIAS NATURALES Y MATEMÁTICAS,2016-10-03,2020-12-31,4.24,True,False
66304,ASISTENTE DE SOPORTE TÉCNICO,FACULTAD DE CIENCIAS NATURALES Y MATEMÁTICAS,2022-06-01,2022-12-31,0.58,True,False
66304,ANALISTA DE INFRAESTRUCTURA INFORMÁTICA 2,FACULTAD DE CIENCIAS NATURALES Y MATEMÁTICAS,2023-01-01,,3.71,True,False
66315,JEFE DE LABORATORIO DE COMPUTACIÓN,DESCONOCIDA,2014-07-14,2014-12-31,0.47,True,False
66315,ANALISTA DE INFRAESTRUCTURA INFORMÁTICA 2,DESCONOCIDA,2015-01-01,2016-05-01,1.33,True,False
66315,ASISTENTE DE SOPORTE TÉCNICO,FACULTAD DE INGENIERÍA MECÁNICA Y CIENCIAS DE LA PRODUCCIÓN,2016-06-01,2017-05-31,1.0,True,False
66315,ANALISTA DE INFRAESTRUCTURA INFORMÁTICA 2,FACULTAD DE INGENIERÍA MECÁNICA Y CIENCIAS DE LA PRODUCCIÓN,2017-06-01,2024-03-18,6.79,True,True
66315,ASISTENTE DE SOPORTE TÉCNICO,FACULTAD DE INGENIERÍA MECÁNICA Y CIENCIAS DE LA PRODUCCIÓN,2018-08-02,2018-08-06,0.01,False,True
66315,ASISTENTE DE SOPORTE TÉCNICO,GERENCIA DE TECNOLOGÍAS Y SISTEMAS DE INFORMACIÓN,2024-03-18,2026-07-13,2.32,True,True
66315,PROFESOR NO TITULAR OCASIONAL (TC),FACULTAD DE INGENIERÍA EN ELECTRICIDAD Y COMPUTACIÓN,2026-07-13,,0.18,False,True
66546,ASISTENTE DE ACTIVOS FIJOS,GERENCIA FINANCIERA,2017-04-01,,9.46,True,False
66602,DIRECTORA DE COMPRAS PÚBLICAS,DESCONOCIDA,2009-05-18,2014-12-31,5.62,True,False
66602,ABOGADO,DESCONOCIDA,2015-02-01,2020-12-01,5.83,True,True
66602,GERENTE JURÍDICO,DESCONOCIDA,2017-05-22,2017-06-05,0.04,False,True
66602,GERENTE JURÍDICO,DESCONOCIDA,2017-09-20,2017-09-27,0.02,False,True
66602,SECRETARIO ADMINISTRATIVO,SECRETARIA ADMINISTRATIVA,2020-08-15,2020-11-29,0.29,True,True
66660,PROFESOR NO TITULAR OCASIONAL (TC),FACULTAD DE CIENCIAS NATURALES Y MATEMÁTICAS,2013-05-13,2020-02-21,6.78,True,False
66819,PROFESOR,DESCONOCIDA,2009-05-18,2010-03-02,0.79,True,False
66819,PROFESOR NO TITULAR OCASIONAL (TC),FACULTAD DE CIENCIAS SOCIALES Y HUMANÍSTICAS,2013-05-13,,13.34,True,True
66819,TÉCNICOS ESPECIALIZADOS - EJECUCIÓN DE PROYECTOS,DESCONOCIDA,2015-11-28,2016-08-02,0.68,True,True
66819,TÉCNICOS ESPECIALIZADOS - EJECUCIÓN DE PROYECTOS,FACULTAD DE CIENCIAS SOCIALES Y HUMANÍSTICAS,2016-08-30,2016-11-26,0.24,False,True
66836,PROFESOR PREGRADO,DESCONOCIDA,2009-05-18,2011-05-16,1.99,True,False
66836,PROFESOR TITULAR AGREGADO 2 (TC),FACULTAD DE INGENIERÍA EN ELECTRICIDAD Y COMPUTACIÓN,2011-06-01,2025-05-14,13.95,True,False
66966,PROFESOR PREGRADO,DESCONOCIDA,2009-05-18,2009-09-25,0.36,True,False
66966,PROFESOR PREGRADO,DESCONOCIDA,2010-05-17,2012-05-16,2.0,True,False
66966,PROFESOR NO TITULAR OCASIONAL (TP),"FACULTAD DE ARTE, DISEÑO Y COMUNICACIÓN AUDIOVISUAL",2020-10-12,2025-02-14,4.34,True,False
66974,PROFESOR,DESCONOCIDA,2009-05-18,2010-03-02,0.79,True,False
66974,PROFESOR NO TITULAR OCASIONAL (TP),"FACULTAD DE ARTE, DISEÑO Y COMUNICACIÓN AUDIOVISUAL",2020-10-12,,5.93,True,False
67008,PROFESOR NO TITULAR OCASIONAL (TC),FACULTAD DE INGENIERÍA MECÁNICA Y CIENCIAS DE LA PRODUCCIÓN,2022-10-03,2024-02-16,1.37,True,False
67133,PROFESOR NO TITULAR OCASIONAL (TC),ESCUELA DE POSTGRADO EN ADMINISTRACIÓN DE EMPRESAS,2024-09-30,2024-10-08,0.02,False,False
67497,ASISTENTE DE LABORATORIO,DESCONOCIDA,2009-05-25,2012-12-31,3.6,True,False
67497,PROFESOR NO TITULAR OCASIONAL (TC),FACULTAD DE CIENCIAS DE LA VIDA,2016-10-01,2019-09-18,2.96,True,False
67520,TÉCNICOS ESPECIALIZADOS - EJECUCIÓN DE ACTIVIDADES,GERENCIA ADMINISTRATIVA,2024-11-06,,1.86,True,False
67720,INVESTIGADOR ASOCIADO DEL AREA DE DIVERSIFICACIÓN,DESCONOCIDA,2007-11-15,2008-11-14,1.0,True,False
67720,INVESTIGADOR DE DIVERSIFICACIÓN,DESCONOCIDA,2008-12-01,2010-07-31,1.66,True,False
67720,PROFESOR NO TITULAR OCASIONAL (TC),FACULTAD DE INGENIERÍA MARÍTIMA Y CIENCIAS DEL MAR,2018-05-01,,8.38,True,False
67737,ASISTENTE DE LABORATORIO,DESCONOCIDA,2009-08-01,2012-12-31,3.42,True,False
67737,AUXILIAR TÉCNICO DE LABORATORIO,DESCONOCIDA,2013-01-01,2014-05-30,1.41,True,False
67737,TÉCNICO DOCENTE,DESCONOCIDA,2014-06-01,2015-12-31,1.58,True,True
67737,ANALISTA DE LABORATORIO DE INVESTIGACIÓN 2,CENTRO NACIONAL DE ACUICULTURA E INVESTIGACIONES MARINAS,2015-12-02,,10.79,True,True
67810,SECRETARIA AUXILIAR,DESCONOCIDA,2009-08-01,2010-12-31,1.42,True,False
67810,ASISTENTE EJECUTIVA 2,GERENCIA JURÍDICA,2011-04-01,,15.46,True,False
67845,ENCARGADO DE LABORATORIO,DESCONOCIDA,2009-08-01,2012-12-31,3.42,True,False
67845,TÉCNICO DOCENTE,DESCONOCIDA,2013-01-01,2015-12-02,2.92,True,True
67845,ANALISTA DE LABORATORIO DE INVESTIGACIÓN 2,CENTRO NACIONAL DE ACUICULTURA E INVESTIGACIONES MARINAS,2015-12-02,,10.79,True,True
67848,JEFE DE LABORATORIO DE PLACTON,DESCONOCIDA,2009-08-01,2012-12-31,3.42,True,False
67848,AUXILIAR TECNICO DE LABORATORIO,DESCONOCIDA,2013-01-01,2013-12-31,1.0,True,False
67848,TÉCNICO DOCENTE,DESCONOCIDA,2014-01-01,2015-12-02,1.92,True,True
67848,ANALISTA DE LABORATORIO DE INVESTIGACIÓN 2,CENTRO NACIONAL DE ACUICULTURA E INVESTIGACIONES MARINAS,2015-12-02,,10.79,True,True
67869,TÉCNICO DE LABORATORIO,DESCONOCIDA,2009-08-01,2012-12-31,3.42,True,False
67869,ANALISTA DE LABORATORIO DE INVESTIGACIÓN,DESCONOCIDA,2013-01-01,2014-12-31,2.0,True,False
67869,TÉCNICO DOCENTE,DESCONOCIDA,2015-01-01,2015-12-02,0.92,True,True
67869,ANALISTA DE LABORATORIO DE INVESTIGACIÓN 3,CENTRO NACIONAL DE ACUICULTURA E INVESTIGACIONES MARINAS,2015-12-02,,10.79,True,True
67874,ASISTENTE DE LABORATORIO,DESCONOCIDA,2009-08-01,2010-07-31,1.0,True,False
67874,ANALISTA DE LABORATORIO,DESCONOCIDA,2014-06-01,2014-12-31,0.58,True,False
67874,TÉCNICO DOCENTE,DESCONOCIDA,2015-01-01,2015-12-01,0.91,True,False
67874,ANALISTA DE LABORATORIO DE INVESTIGACIÓN 3,CENTRO NACIONAL DE ACUICULTURA E INVESTIGACIONES MARINAS,2015-12-02,,10.79,True,False
67973,TÉCNICO DOCENTE 1 (TC),FACULTAD DE INGENIERÍA EN CIENCIAS DE LA TIERRA,2022-01-03,2023-10-01,1.74,True,False
68084,PROFESOR NO TITULAR OCASIONAL 2 (TC),FACULTAD DE INGENIERÍA EN CIENCIAS DE LA TIERRA,2016-05-01,2016-08-19,0.3,True,False
68084,PROFESOR NO TITULAR OCASIONAL (TC),FACULTAD DE INGENIERÍA EN CIENCIAS DE LA TIERRA,2022-12-01,,3.79,True,False
68186,TÉCNICO DE INVESTIGACIÓN 1 (TC),FACULTAD DE INGENIERÍA MECÁNICA Y CIENCIAS DE LA PRODUCCIÓN,2023-03-01,2025-12-31,2.84,True,False
68191,PROFESOR NO TITULAR OCASIONAL (MT),FACULTAD DE INGENIERÍA MECÁNICA Y CIENCIAS DE LA PRODUCCIÓN,2018-10-01,2019-02-22,0.39,True,False
68191,PROFESOR NO TITULAR OCASIONAL (TC),FACULTAD DE INGENIERÍA MECÁNICA Y CIENCIAS DE LA PRODUCCIÓN,2019-04-01,,7.46,True,False
68232,TÉCNICO DE LABORATORIO 1 (TC),FACULTAD DE INGENIERÍA MECÁNICA Y CIENCIAS DE LA PRODUCCIÓN,2023-10-03,2023-12-31,0.24,False,False
68232,TÉCNICO DOCENTE 1 (TC),FACULTAD DE INGENIERÍA MECÁNICA Y CIENCIAS DE LA PRODUCCIÓN,2024-06-03,2025-02-14,0.7,True,False
68247,TÉCNICO DE INVESTIGACIÓN 1 (TC),FACULTAD DE CIENCIAS NATURALES Y MATEMÁTICAS,2024-11-20,2024-12-31,0.11,False,False
68354,ASISTENTE DE LABORATORIO,DESCONOCIDA,2009-09-01,2012-12-31,3.33,True,False
68354,INVESTIGADORA,DESCONOCIDA,2013-01-01,2014-12-31,2.0,True,False
68354,TÉCNICO DOCENTE,DESCONOCIDA,2015-01-01,2015-06-01,0.41,True,True
68354,ANALISTA DE LABORATORIO DE INVESTIGACIÓN 3,CENTRO DE INVESTIGACIONES BIOTECNOLÓGICAS DEL ECUADOR,2015-06-01,,11.29,True,True
68801,AYUDANTE DE COMPRAS LOCALES,DESCONOCIDA,2011-05-02,2014-12-31,3.67,True,False
68801,ANALISTA DE COMPRAS PÚBLICAS 2,DIRECCIÓN DE ADQUISICIONES,2015-01-01,,11.71,True,False
69235,ASISTENTE DE CALIDAD,DESCONOCIDA,2009-11-01,2012-12-31,3.16,True,False
69235,RECEPCIONISTA,DESCONOCIDA,2013-03-01,2013-12-31,0.83,True,False
69235,AUXILIAR ADMINISTRATIVO,DESCONOCIDA,2014-08-18,2014-12-31,0.37,True,False
69235,ASISTENTE EJECUTIVA 3,"FACULTAD DE ARTE, DISEÑO Y COMUNICACIÓN AUDIOVISUAL",2015-01-01,2023-12-01,8.91,True,False
69247,SECRETARIA,DESCONOCIDA,2009-12-14,2009-12-30,0.04,False,False
69247,AYUDANTE DE CALIDAD Y CAPACITACION,DESCONOCIDA,2010-01-01,2013-02-28,3.16,True,False
69247,RECEPCIONISTA,DESCONOCIDA,2013-03-01,2013-12-31,0.83,True,False
69247,AUXILIAR DE TALENTO HUMANO,DESCONOCIDA,2014-01-01,2014-12-31,1.0,True,False
69247,ASISTENTE DE TALENTO HUMANO,DIRECCIÓN DE TALENTO HUMANO,2015-01-01,2022-01-01,7.0,True,False
69756,SECRETARIA AUXILIAR,DESCONOCIDA,2010-01-01,2010-12-31,1.0,True,False
69756,AUXILIAR DE SECRETARÍA,DESCONOCIDA,2011-01-01,2011-12-31,1.0,True,False
69756,SECRETARIA AUXILIAR,DESCONOCIDA,2012-01-01,2012-12-31,1.0,True,False
69756,ASISTENTE EJECUTIVA 2,CENTRO DE INVESTIGACIONES BIOTECNOLÓGICAS DEL ECUADOR,2014-01-01,2016-05-01,2.33,True,False
69756,ASISTENTE EJECUTIVA 2,SECRETARÍA TÉCNICA DE ASEGURAMIENTO DE LA CALIDAD,2016-09-01,2023-07-04,6.84,True,False
69846,TÉCNICO DOCENTE 3 (TC),DIRECCIÓN DE ADMISIONES,2024-11-20,2024-12-31,0.11,False,False
70235,TÉCNICO DE ARCHIVO Y DIGITALIZACIÓN,DIRECCIÓN DE LA SECRETARÍA TÉCNICA ACADEMICA,2016-05-01,2022-03-09,5.85,True,True
70235,ASISTENTE EJECUTIVA 2,DIRECCIÓN DE LA SECRETARÍA TÉCNICA ACADEMICA,2022-03-01,,4.54,True,True
70512,CONTRATO CIVIL - SERVICIO TÉCNICO ESPECIALIZADO,UNIDAD DE BIENESTAR ESTUDIANTIL Y POLITÉCNICO,2017-01-03,2017-12-31,0.99,True,False
70512,TÉCNICOS ESPECIALIZADOS - EJECUCIÓN DE ACTIVIDADES,UNIDAD DE BIENESTAR ESTUDIANTIL Y POLITÉCNICO,2018-01-02,2020-12-31,2.99,True,False
70512,TÉCNICO DOCENTE 1 (TC),DECANATO DE GRADO,2025-01-02,,1.7,True,False
71027,ANALISTA ADMINISTRATIVO,"FACULTAD DE ARTE, DISEÑO Y COMUNICACIÓN AUDIOVISUAL",2022-07-01,,4.21,True,False
71044,PROFESOR NO TITULAR OCASIONAL 2 (TC),DESCONOCIDA,2017-04-26,2017-12-31,0.68,True,False
71044,TÉCNICO DOCENTE 1 (TC),FACULTAD DE CIENCIAS NATURALES Y MATEMÁTICAS,2018-01-01,2026-02-13,8.12,True,False
72101,PROFESOR NO TITULAR OCASIONAL 2 (TC),DESCONOCIDA,2017-04-26,2017-12-31,0.68,True,False
72101,TÉCNICO DOCENTE 3 (MT),FACULTAD DE INGENIERÍA EN ELECTRICIDAD Y COMPUTACIÓN,2018-01-01,2021-09-26,3.73,True,False
72297,PROFESOR NO TITULAR OCASIONAL 2 (TC),FACULTAD DE CIENCIAS NATURALES Y MATEMÁTICAS,2016-10-01,2017-12-31,1.25,True,False
72297,TÉCNICO DOCENTE 4 (TC),FACULTAD DE CIENCIAS NATURALES Y MATEMÁTICAS,2018-01-01,2022-11-18,4.88,True,False
72297,TÉCNICO DE INVESTIGACIÓN 2 (TC),FACULTAD DE INGENIERÍA EN ELECTRICIDAD Y COMPUTACIÓN,2024-07-01,,2.21,True,False
72321,TÉCNICO DOCENTE 3 (TC),DIRECCIÓN DE ADMISIONES,2023-09-20,2023-12-31,0.28,True,False
73369,ASISTENTE DE LABORATORIO DE INVESTIGACIÓN,FACULTAD DE INGENIERÍA MARÍTIMA Y CIENCIAS DEL MAR,2016-07-01,,10.21,True,False
73396,TÉCNICO DOCENTE 3 (MT),DIRECCIÓN DE ADMISIONES,2023-05-29,2024-12-31,1.59,True,False
73399,TECNICO DOCENTE 1,FACULTAD DE INGENIERÍA MECÁNICA Y CIENCIAS DE LA PRODUCCIÓN,2018-05-01,2020-02-10,1.78,True,False
73399,TÉCNICO DE INVESTIGACIÓN 4 (TC),FACULTAD DE INGENIERÍA MECÁNICA Y CIENCIAS DE LA PRODUCCIÓN,2021-05-17,2021-10-03,0.38,True,False
73399,PROFESOR NO TITULAR OCASIONAL (TC),FACULTAD DE INGENIERÍA MECÁNICA Y CIENCIAS DE LA PRODUCCIÓN,2021-10-04,2022-02-18,0.38,True,False
73399,PROFESOR NO TITULAR OCASIONAL (MT),FACULTAD DE INGENIERÍA MECÁNICA Y CIENCIAS DE LA PRODUCCIÓN,2022-05-16,2024-05-05,1.97,True,False
73422,TÉCNICO DOCENTE,FACULTAD DE CIENCIAS NATURALES Y MATEMÁTICAS,2015-05-01,2015-12-01,0.59,True,False
73422,ANALISTA DE LABORATORIO,FACULTAD DE CIENCIAS NATURALES Y MATEMÁTICAS,2015-12-02,,10.79,True,False
73427,PROFESOR NO TITULAR OCASIONAL (TC),FACULTAD DE CIENCIAS SOCIALES Y HUMANÍSTICAS,2018-10-01,2019-09-29,0.99,True,False
73427,PROFESOR NO TITULAR OCASIONAL (TP),FACULTAD DE CIENCIAS SOCIALES Y HUMANÍSTICAS,2021-05-17,,5.33,True,False
73466,PROFESOR NO TITULAR OCASIONAL (TC),DECANATO DE GRADO,2025-06-23,,1.23,True,False
73485,PROFESOR NO TITULAR OCASIONAL (MT),FACULTAD DE INGENIERÍA EN CIENCIAS DE LA TIERRA,2020-02-22,2023-12-31,3.85,True,False
73485,TÉCNICO DOCENTE 3 (TC),DIRECCIÓN DE ADMISIONES,2025-05-05,,1.37,True,False
73495,PROFESOR NO TITULAR OCASIONAL 2 (TC),FACULTAD DE CIENCIAS NATURALES Y MATEMÁTICAS,2016-10-01,2017-12-31,1.25,True,False
73495,TECNICO DOCENTE,FACULTAD DE CIENCIAS NATURALES Y MATEMÁTICAS,2018-01-01,2018-09-13,0.7,True,False
73495,TECNICO DOCENTE 1,FACULTAD DE CIENCIAS NATURALES Y MATEMÁTICAS,2019-09-30,2020-02-21,0.39,True,False
73498,PROFESOR NO TITULAR OCASIONAL (TC),FACULTAD DE INGENIERÍA MECÁNICA Y CIENCIAS DE LA PRODUCCIÓN,2021-05-17,,5.33,True,False
73504,TÉCNICO DOCENTE 1 (TC),FACULTAD DE CIENCIAS NATURALES Y MATEMÁTICAS,2023-05-15,,3.34,True,False
73526,ABOGADO,GERENCIA JURÍDICA,2022-09-01,2026-03-31,3.58,True,False
73526,ANALISTA DE ASESORÍA JURÍDICA 3,GERENCIA JURÍDICA,2026-04-01,,0.46,True,False
73533,ANALISTA DE COMUNICACIÓN 3,GERENCIA DE COMUNICACIÓN,2021-03-01,,5.54,True,False
73548,ANALISTA DE RELACIONES INTERNACIONALES 3,GERENCIA DE RELACIONES EXTERNAS,2017-12-01,2022-08-01,4.66,True,True
73548,GERENTE DE RELACIONES INTERNACIONALES,DESCONOCIDA,2017-12-07,2019-04-21,1.37,True,True
73563,AUXILIAR DE REDES E INTERNET,DESCONOCIDA,2014-09-15,2014-12-31,0.29,True,False
73563,ASISTENTE DE SOPORTE TÉCNICO,DIRECCIÓN DE ADMISIONES,2015-01-01,2015-10-18,0.79,True,False
73563,ANALISTA DE INFRAESTRUCTURA INFORMÁTICA 2,GERENCIA DE TECNOLOGÍAS Y SISTEMAS DE INFORMACIÓN,2015-10-19,,10.91,True,False
73569,PROFESOR NO TITULAR OCASIONAL 2 (TC),FACULTAD DE CIENCIAS DE LA VIDA,2016-05-01,2016-08-30,0.33,True,False
73569,TÉCNICO DE LABORATORIO 3 (TC),FACULTAD DE CIENCIAS DE LA VIDA,2019-09-30,2022-12-31,3.25,True,False
73569,PROFESOR NO TITULAR OCASIONAL (TC),FACULTAD DE CIENCIAS DE LA VIDA,2023-01-01,,3.71,True,False
73609,PROFESOR NO TITULAR OCASIONAL 2 (TC),FACULTAD DE CIENCIAS DE LA VIDA,2016-08-15,2017-12-31,1.38,True,False
73609,TÉCNICO DE LABORATORIO 4,FACULTAD DE CIENCIAS DE LA VIDA,2018-01-01,2020-02-21,2.14,True,False
73609,TÉCNICO DOCENTE 1 (TC),FACULTAD DE INGENIERÍA MARÍTIMA Y CIENCIAS DEL MAR,2025-10-07,,0.94,True,False
73618,AYUDANTE DE CAPACITACIÓN,DESCONOCIDA,2014-06-01,2014-12-31,0.58,True,False
73618,ASISTENTE ADMINISTRATIVO,CENTRO DE INVESTIGACIONES Y SERVICIOS EDUCATIVOS,2015-01-01,2024-12-08,9.93,True,False
73618,ANALISTA ESTADÍSTICO ACADÉMICO,ESCUELA DE POSTGRADO EN ADMINISTRACIÓN DE EMPRESAS,2024-12-09,,1.77,True,False
73639,ANALISTA FINANCIERO 1,GERENCIA FINANCIERA,2020-02-07,,6.61,True,False
73646,ASISTENTE DE TESORERÍA,DESCONOCIDA,2016-04-01,2018-08-01,2.33,True,True
73646,ANALISTA DE SEGUROS,DESCONOCIDA,2018-08-01,2020-12-16,2.38,True,True
73677,ASISTENTE ADMINISTRATIVO,FACULTAD DE CIENCIAS SOCIALES Y HUMANÍSTICAS,2018-02-01,2024-01-15,5.95,True,False
73683,ANALISTA DE PROYECTOS DE VINCULACIÓN 3,GERENCIA DE PLANIFICACIÓN ESTRATÉGICA,2023-10-02,,2.96,True,False
73715,TÉCNICO DE INVESTIGACIÓN 1 (MT),DECANATO DE INVESTIGACIÓN,2023-03-01,2023-12-31,0.83,True,False
73715,TÉCNICO DE INVESTIGACIÓN 2 (MT),FACULTAD DE INGENIERÍA MECÁNICA Y CIENCIAS DE LA PRODUCCIÓN,2025-10-03,,0.95,True,False
73724,TÉCNICOS ESPECIALIZADOS - EJECUCIÓN DE PROYECTOS,DESCONOCIDA,2016-08-01,2016-12-31,0.42,True,False
73724,TÉCNICOS ESPECIALIZADOS - EJECUCIÓN DE PROYECTOS,UNIDAD DE VINCULACIÓN CON LA SOCIEDAD,2017-01-03,2017-12-31,0.99,True,False
73724,ANALISTA DE PROYECTOS DE VINCULACIÓN 2,DECANATO DE VINCULACIÓN,2021-03-01,,5.54,True,False
73742,AUXILIAR DE SERVICIOS,DIRECCIÓN DE SERVICIOS GENERALES,2019-05-02,2025-03-28,5.91,True,True
73742,JARDINERO/TRABAJADOR DEL DEPARTAMENTO DE GESTIÒN AMBIENTAL,DIRECCIÓN DE SERVICIOS GENERALES,2025-01-01,,1.71,True,True
73742,AUXILIAR DE SERVICIOS,DIRECCIÓN DE SERVICIOS GENERALES,2025-10-06,2025-10-21,0.04,False,True
73763,TÉCNICO DE LABORATORIO 4 (TC),FACULTAD DE CIENCIAS SOCIALES Y HUMANÍSTICAS,2018-06-01,2021-10-31,3.42,True,False
73767,SUPERVISOR DE DEPORTE,GERENCIA DE BIENESTAR POLITÉCNICO,2019-01-01,2024-09-01,5.67,True,False
73782,ANALISTA DE PLANIFICACIÓN Y PROYECTOS,GERENCIA DE PLANIFICACIÓN ESTRATÉGICA,2018-01-01,2022-09-01,4.66,True,False
73790,ANALISTA DE LABORATORIO,FACULTAD DE INGENIERÍA EN CIENCIAS DE LA TIERRA,2015-01-01,2022-01-29,7.08,True,False
73799,TECNICO DOCENTE 1,FACULTAD DE CIENCIAS NATURALES Y MATEMÁTICAS,2019-05-13,2020-05-31,1.05,True,False
73799,PROFESOR NO TITULAR OCASIONAL (TP),FACULTAD DE CIENCIAS NATURALES Y MATEMÁTICAS,2020-06-01,2026-02-13,5.7,True,False
73803,PROFESOR NO TITULAR OCASIONAL 2 (TC),FACULTAD DE INGENIERÍA EN CIENCIAS DE LA TIERRA,2016-05-01,2016-09-05,0.35,True,False
73837,PROFESOR NO TITULAR OCASIONAL (TC),FACULTAD DE INGENIERÍA MECÁNICA Y CIENCIAS DE LA PRODUCCIÓN,2023-10-02,,2.96,True,False
74185,ANALISTA ESTADÍSTICO ACADÉMICO,DECANATO DE GRADO,2023-11-01,,2.87,True,True
74185,PROFESOR NO TITULAR OCASIONAL (TP),DECANATO DE GRADO,2025-05-12,2025-05-19,0.02,False,True
74205,ANALISTA DE LABORATORIO,FACULTAD DE CIENCIAS NATURALES Y MATEMÁTICAS,2016-09-16,,10.0,True,False
74221,TÉCNICO DE INVESTIGACIÓN 1 (TC),FACULTAD DE CIENCIAS NATURALES Y MATEMÁTICAS,2024-11-21,2024-12-31,0.11,False,False
74257,PROFESOR NO TITULAR OCASIONAL 2 (TC),FACULTAD DE INGENIERÍA EN ELECTRICIDAD Y COMPUTACIÓN,2016-05-01,2017-12-31,1.67,True,False
74257,TECNICO DOCENTE,FACULTAD DE INGENIERÍA EN ELECTRICIDAD Y COMPUTACIÓN,2018-01-01,2018-09-04,0.67,True,False
74257,PROFESOR NO TITULAR OCASIONAL (TC),FACULTAD DE INGENIERÍA EN ELECTRICIDAD Y COMPUTACIÓN,2020-10-01,2021-09-10,0.94,True,False
74261,PROFESOR NO TITULAR OCASIONAL (TC),FACULTAD DE INGENIERÍA EN CIENCIAS DE LA TIERRA,2022-06-28,,4.22,True,False
74289,ANALISTA ESTADÍSTICO ACADÉMICO,FACULTAD DE INGENIERÍA MECÁNICA Y CIENCIAS DE LA PRODUCCIÓN,2017-12-11,,8.76,True,False
74334,TÉCNICO DOCENTE 3 (TC),DIRECCIÓN DE ADMISIONES,2025-01-02,2025-05-11,0.35,True,False
74334,TÉCNICO DE LABORATORIO 1 (TC),DECANATO DE GRADO,2025-10-08,2025-12-31,0.23,False,False
74410,ASISTENTE ADMINISTRATIVO,GERENCIA ADMINISTRATIVA,2015-01-01,2020-11-01,5.83,True,False
74424,TÈCNICO DE MANTENIMIENTO,FACULTAD DE CIENCIAS NATURALES Y MATEMÁTICAS,2018-01-17,,8.66,True,False
74517,TÉCNICOS ESPECIALIZADOS - EJECUCIÓN DE ACTIVIDADES,UNIDAD DE BIENESTAR ESTUDIANTIL Y POLITÉCNICO,2022-07-01,2022-11-01,0.34,True,False
74517,TÉCNICOS ESPECIALIZADOS - EJECUCIÓN DE ACTIVIDADES,GERENCIA DE BIENESTAR POLITÉCNICO,2023-09-04,2023-10-31,0.16,False,False
74517,TÉCNICOS ESPECIALIZADOS - EJECUCIÓN DE ACTIVIDADES,GERENCIA DE BIENESTAR POLITÉCNICO,2024-09-02,2024-12-13,0.28,True,False
75199,ANALISTA DE TALENTO HUMANO 3,DIRECCIÓN DE TALENTO HUMANO,2019-11-05,2023-01-01,3.16,True,False
75537,TÉCNICO DOCENTE,DESCONOCIDA,2015-05-11,2016-04-12,0.92,True,False
75537,PROFESOR NO TITULAR OCASIONAL 2 (TC),FACULTAD DE CIENCIAS DE LA VIDA,2016-04-13,2017-12-31,1.72,True,False
75537,TÉCNICO DE LABORATORIO 4,FACULTAD DE CIENCIAS DE LA VIDA,2018-01-01,2020-02-21,2.14,True,False
75543,TÉCNICO DE LABORATORIO 1,FACULTAD DE INGENIERÍA EN CIENCIAS DE LA TIERRA,2022-05-16,2023-04-30,0.96,True,False
75611,ASISTENTE DE SOPORTE TÉCNICO,FACULTAD DE INGENIERÍA EN ELECTRICIDAD Y COMPUTACIÓN,2024-01-02,,2.7,True,False
75635,TÉCNICO DOCENTE 3 (TC),DIRECCIÓN DE ADMISIONES,2023-10-02,2026-05-03,2.58,True,False
75635,PROFESOR NO TITULAR OCASIONAL (TC),FACULTAD DE INGENIERÍA EN ELECTRICIDAD Y COMPUTACIÓN,2026-05-04,,0.37,True,False
75684,TÉCNICO DE INVESTIGACIÓN 1 (TC),FACULTAD DE CIENCIAS NATURALES Y MATEMÁTICAS,2024-08-26,2024-12-31,0.35,True,False
75698,TÉCNICOS ESPECIALIZADOS - EJECUCIÓN DE ACTIVIDADES,FACULTAD DE INGENIERÍA MARÍTIMA Y CIENCIAS DEL MAR,2020-03-02,2020-12-19,0.8,True,False
75701,TÉCNICO DE INVESTIGACIÓN 1 (TC),FACULTAD DE INGENIERÍA EN CIENCIAS DE LA TIERRA,2023-05-02,2023-12-31,0.67,True,False
75701,TÉCNICO DE INVESTIGACIÓN 1 (TC),CENTRO DE INVESTIGACIÓN Y PROYECTOS APLICADOS A LAS CIENCIAS DE LA TIERRA,2025-10-03,2025-12-31,0.24,False,False
75701,TÉCNICO DOCENTE 1 (TC),FACULTAD DE INGENIERÍA EN CIENCIAS DE LA TIERRA,2026-02-20,,0.57,True,False
75709,TÉCNICOS ESPECIALIZADOS - EJECUCIÓN DE PROYECTOS DE INVESTIGACIÓN,GERENCIA DE TECNOLOGÍAS Y SISTEMAS DE INFORMACIÓN,2021-08-02,2022-06-13,0.86,True,False
75709,ANALISTA DE DESARROLLO DE SISTEMAS 1,GERENCIA DE TECNOLOGÍAS Y SISTEMAS DE INFORMACIÓN,2024-01-02,,2.7,True,False
75712,ASISTENTE DE SOPORTE TÉCNICO,FACULTAD DE INGENIERÍA EN ELECTRICIDAD Y COMPUTACIÓN,2019-12-02,2023-04-01,3.33,True,False
75712,TÉCNICO DOCENTE 3 (TC),DIRECCIÓN DE ADMISIONES,2025-08-01,,1.13,True,False
75723,TÉCNICO DE INVESTIGACIÓN 1 (TC),FACULTAD DE INGENIERÍA EN CIENCIAS DE LA TIERRA,2023-10-03,2023-12-31,0.24,False,False
75738,TÉCNICOS ESPECIALIZADOS - EJECUCIÓN DE ACTIVIDADES DE INVESTIGACIÓN,CENTRO DE INVESTIGACIÓN Y PROYECTOS APLICADOS A LAS CIENCIAS DE LA TIERRA,2021-01-04,2021-12-31,0.99,True,False
75738,TÉCNICO DE INVESTIGACIÓN 2 (TC),CENTRO DE AGUA Y DESARROLLO SUSTENTABLE,2026-01-06,,0.69,True,False
75739,TÉCNICO DE LABORATORIO 1 (TC),FACULTAD DE INGENIERÍA MECÁNICA Y CIENCIAS DE LA PRODUCCIÓN,2023-10-05,2023-12-31,0.24,False,False
75739,TÉCNICO DE INVESTIGACIÓN 1 (TC),DECANATO DE INVESTIGACIÓN,2024-11-20,2024-12-31,0.11,False,False
75747,TÉCNICOS ESPECIALIZADOS - EJECUCIÓN DE ACTIVIDADES,UNIDAD DE VINCULACIÓN CON LA SOCIEDAD,2021-11-15,2021-12-15,0.08,False,False
75747,TÉCNICOS ESPECIALIZADOS - EJECUCIÓN DE ACTIVIDADES,DECANATO DE VINCULACIÓN,2022-04-18,2022-05-18,0.08,False,False
75747,TÉCNICO DOCENTE 3 (TC),DIRECCIÓN DE ADMISIONES,2023-09-20,,2.99,True,False
75750,TÉCNICO DE INVESTIGACIÓN 1 (TC),CENTRO DE INVESTIGACIÓN Y PROYECTOS APLICADOS A LAS CIENCIAS DE LA TIERRA,2023-07-25,2026-06-30,2.93,True,False
75751,TÉCNICO DOCENTE 1 (TC),FACULTAD DE INGENIERÍA EN ELECTRICIDAD Y COMPUTACIÓN,2023-05-15,2025-05-11,1.99,True,False
75751,PROFESOR NO TITULAR OCASIONAL (TC),FACULTAD DE INGENIERÍA EN ELECTRICIDAD Y COMPUTACIÓN,2025-05-12,2026-02-13,0.76,True,False
75751,PROFESOR NO TITULAR OCASIONAL (MT),FACULTAD DE INGENIERÍA EN ELECTRICIDAD Y COMPUTACIÓN,2026-05-04,,0.37,True,False
75755,TÉCNICO DOCENTE 1 (TC),FACULTAD DE CIENCIAS DE LA VIDA,2021-03-15,2026-04-17,5.09,True,False
75790,ASISTENTE DE SOPORTE TÉCNICO,GERENCIA DE TECNOLOGÍAS Y SISTEMAS DE INFORMACIÓN,2020-04-01,2021-03-16,0.96,True,False
75804,TÉCNICO DE INVESTIGACIÓN 1 (TC),FACULTAD DE CIENCIAS NATURALES Y MATEMÁTICAS,2024-11-20,2024-12-31,0.11,False,False
75838,TÉCNICO DOCENTE 1 (TC),FACULTAD DE INGENIERÍA EN ELECTRICIDAD Y COMPUTACIÓN,2023-10-23,,2.9,True,False
75859,TÉCNICO DOCENTE 1 (TC),FACULTAD DE INGENIERÍA MECÁNICA Y CIENCIAS DE LA PRODUCCIÓN,2024-07-01,2024-09-20,0.22,False,False
75859,TÉCNICO DE LABORATORIO 1 (TC),FACULTAD DE INGENIERÍA MECÁNICA Y CIENCIAS DE LA PRODUCCIÓN,2024-09-30,2025-05-01,0.58,True,False
75860,TÉCNICO DE LABORATORIO 1 (TC),FACULTAD DE INGENIERÍA MECÁNICA Y CIENCIAS DE LA PRODUCCIÓN,2023-05-15,2025-10-01,2.38,True,False
75889,ASISTENTE DE INFRAESTRUCTURA FÍSICA,GERENCIA DE INFRAESTRUCTURA FÍSICA,2020-09-01,2023-08-01,2.91,True,False
75946,PROFESOR NO TITULAR OCASIONAL (TC),FACULTAD DE INGENIERÍA EN CIENCIAS DE LA TIERRA,2023-05-15,,3.34,True,False
75961,TÉCNICOS ESPECIALIZADOS - EJECUCIÓN DE ACTIVIDADES,"FACULTAD DE INGENIERIA MARÍTIMA, CIENCIAS BIOLÓGICAS, OCEÁNICAS Y RECURSOS NATURALES",2019-03-01,2019-03-31,0.08,False,False
75961,TÉCNICOS ESPECIALIZADOS - EJECUCIÓN DE PROYECTOS,FACULTAD DE INGENIERÍA MARÍTIMA Y CIENCIAS DEL MAR,2020-11-30,2020-12-03,0.01,False,False
75961,PROFESOR NO TITULAR OCASIONAL (TC),FACULTAD DE INGENIERÍA MARÍTIMA Y CIENCIAS DEL MAR,2024-05-13,,2.34,True,False
75964,TÉCNICO DE INVESTIGACIÓN 2 (TC),CENTRO DE INVESTIGACIÓN Y PROYECTOS APLICADOS A LAS CIENCIAS DE LA TIERRA,2026-01-06,,0.69,True,False
75998,TÉCNICO DOCENTE 3 (TC),DIRECCIÓN DE ADMISIONES,2023-09-20,2023-12-31,0.28,True,False
76024,TÉCNICO DE LABORATORIO 1 (TC),FACULTAD DE CIENCIAS NATURALES Y MATEMÁTICAS,2023-07-17,2026-06-30,2.95,True,False
76043,TÉCNICO DE LABORATORIO 1 (TC),FACULTAD DE CIENCIAS DE LA VIDA,2025-09-01,2025-12-31,0.33,True,False
76063,TÉCNICO DE INVESTIGACIÓN 1 (TC),FACULTAD DE CIENCIAS NATURALES Y MATEMÁTICAS,2023-03-01,2025-12-31,2.84,True,False
76063,TÉCNICO DOCENTE 1 (TC),FACULTAD DE CIENCIAS NATURALES Y MATEMÁTICAS,2026-05-11,,0.35,True,False
76065,TÉCNICO DOCENTE 3 (TC),DIRECCIÓN DE ADMISIONES,2025-09-22,2025-12-31,0.27,True,False
76069,TÉCNICO DE INVESTIGACIÓN 1 (TC),CENTRO ECUATORIANO DE INVESTIGACIÓN Y DESARROLLO EN NANOTECNOLOGÍA,2022-08-02,2023-12-31,1.41,True,False
76072,TÉCNICO DE INVESTIGACIÓN 1 (TC),FACULTAD DE CIENCIAS NATURALES Y MATEMÁTICAS,2025-10-03,,0.95,True,False
76092,TÉCNICO DE INVESTIGACIÓN 1 (TC),FACULTAD DE CIENCIAS DE LA VIDA,2021-05-17,2023-09-04,2.3,True,False
76093,TÉCNICO DE INVESTIGACIÓN 1 (TC),FACULTAD DE CIENCIAS DE LA VIDA,2023-10-23,2023-12-31,0.19,False,False
76093,TÉCNICO DE INVESTIGACIÓN 1 (TC),FACULTAD DE CIENCIAS DE LA VIDA,2024-10-15,,1.92,True,False
76094,TÉCNICO DE LABORATORIO 1 (TC),FACULTAD DE CIENCIAS DE LA VIDA,2023-10-05,2023-12-31,0.24,False,False
76104,TÉCNICO DE INVESTIGACIÓN 1 (TC),"VICERRECTORADO DE INVESTIGACIÓN, DESARROLLO E INNOVACIÓN",2023-10-10,2023-12-31,0.22,False,False
76115,TÉCNICO DOCENTE 3 (TC),DIRECCIÓN DE ADMISIONES,2025-05-12,2026-05-03,0.97,True,False
76209,TÉCNICOS ESPECIALIZADOS - EJECUCIÓN DE PROYECTOS,DESCONOCIDA,2016-08-15,2016-08-25,0.03,False,False
76217,AYUDANTE DE SERVICIOS ADMINISTRATIVOS,DESCONOCIDA,2015-06-01,2015-12-31,0.58,True,False
76217,TÉCNICO DE ARCHIVO Y DIGITALIZACIÓN,DESCONOCIDA,2016-01-01,2016-06-30,0.5,True,False
76217,ASISTENTE DE TALENTO HUMANO,DIRECCIÓN DE TALENTO HUMANO,2016-07-01,2025-07-01,9.0,True,False
76217,ANALISTA DE TALENTO HUMANO 1,DIRECCIÓN DE TALENTO HUMANO,2025-07-02,,1.21,True,False
76218,PROFESOR NO TITULAR OCASIONAL (TC),ESCUELA DE DISEÑO Y COMUNICACIÓN VISUAL,2015-05-01,2016-04-30,1.0,True,False
76218,PROFESOR NO TITULAR OCASIONAL 1 (TP),ESCUELA DE DISEÑO Y COMUNICACIÓN VISUAL,2016-05-02,2017-03-17,0.87,True,False
76218,PROFESOR NO TITULAR OCASIONAL (TC),"FACULTAD DE ARTE, DISEÑO Y COMUNICACIÓN AUDIOVISUAL",2017-10-01,2020-09-30,3.0,True,False
76778,PROFESOR NO TITULAR OCASIONAL (MT),FACULTAD DE CIENCIAS NATURALES Y MATEMÁTICAS,2018-05-01,2018-09-21,0.39,True,False
76778,PROFESOR NO TITULAR OCASIONAL (TC),FACULTAD DE INGENIERÍA EN ELECTRICIDAD Y COMPUTACIÓN,2018-10-01,,7.96,True,False
77007,PROFESOR NO TITULAR OCASIONAL (MT),FACULTAD DE INGENIERÍA MECÁNICA Y CIENCIAS DE LA PRODUCCIÓN,2020-10-01,2021-02-19,0.39,True,False
77007,PROFESOR NO TITULAR OCASIONAL (TC),FACULTAD DE INGENIERÍA MECÁNICA Y CIENCIAS DE LA PRODUCCIÓN,2021-05-17,2022-04-30,0.95,True,False
77389,TÉCNICO DOCENTE,CENTRO NACIONAL DE ACUICULTURA E INVESTIGACIONES MARINAS,2015-07-01,2015-12-31,0.5,True,False
77389,ANALISTA DE LABORATORIO DE INVESTIGACIÓN 2,CENTRO NACIONAL DE ACUICULTURA E INVESTIGACIONES MARINAS,2016-01-01,,10.71,True,False
77401,PROFESOR NO TITULAR OCASIONAL (TC),FACULTAD DE INGENIERÍA MARÍTIMA Y CIENCIAS DEL MAR,2016-11-01,,9.87,True,False
77511,AYUDANTE DE SERVICIOS ADMINISTRATIVOS,DESCONOCIDA,2015-08-11,2017-12-31,2.39,True,True
77511,ASISTENTE DE BIENESTAR ESTUDIANTIL Y POLITÉCNICO,UNIDAD DE BIENESTAR ESTUDIANTIL Y POLITÉCNICO,2017-12-01,2018-12-31,1.08,True,True
77511,ANALISTA DE BIENESTAR ESTUDIANTIL Y POLITÉCNICO 1,UNIDAD DE BIENESTAR ESTUDIANTIL Y POLITÉCNICO,2019-01-01,2019-08-31,0.66,True,False
77511,PSICÓLOGO,GERENCIA DE BIENESTAR POLITÉCNICO,2023-11-01,2024-12-02,1.09,True,False
77512,TÉCNICO DOCENTE,DESCONOCIDA,2015-08-17,2016-04-12,0.65,True,False
77512,PROFESOR NO TITULAR OCASIONAL 2 (TC),ESCUELA DE DISEÑO Y COMUNICACIÓN VISUAL,2016-04-13,2017-09-30,1.46,True,False
77512,TÉCNICO DOCENTE 3 (MT),DIRECCIÓN DE ADMISIONES,2024-10-22,2024-12-31,0.19,False,False
77512,PROFESOR NO TITULAR OCASIONAL (TP),DECANATO DE GRADO,2025-05-12,2026-02-13,0.76,True,False
77528,PROFESOR TITULAR AGREGADO 3 (TC),FACULTAD DE INGENIERÍA MECÁNICA Y CIENCIAS DE LA PRODUCCIÓN,2015-08-01,,11.13,True,False
77558,AYUDANTE DE SERVICIOS ADMINISTRATIVOS,DESCONOCIDA,2015-09-01,2016-02-27,0.49,True,False
77558,ASISTENTE ADMINISTRATIVO,FACULTAD DE INGENIERÍA EN ELECTRICIDAD Y COMPUTACIÓN,2016-04-01,2021-03-01,4.91,True,True
77558,ANALISTA ADMINISTRATIVO,FACULTAD DE INGENIERÍA EN ELECTRICIDAD Y COMPUTACIÓN,2021-03-01,,5.54,True,True
77575,PROFESOR NO TITULAR OCASIONAL (TC),FACULTAD DE CIENCIAS DE LA VIDA,2015-08-17,2020-03-31,4.62,True,False
77575,PROFESOR TITULAR AGREGADO 1 (TC),FACULTAD DE CIENCIAS DE LA VIDA,2020-04-01,,6.46,True,False
77628,TÉCNICO DE INVESTIGACIÓN 1 (TC),CENTRO DE AGUA Y DESARROLLO SUSTENTABLE,2025-10-03,2025-12-31,0.24,False,False
77629,TÉCNICO DE INVESTIGACIÓN 1 (TC),"VICERRECTORADO DE INVESTIGACIÓN, DESARROLLO E INNOVACIÓN",2023-07-25,,3.15,True,False
77663,TÉCNICO DE INVESTIGACIÓN 1 (TC),FACULTAD DE INGENIERÍA EN ELECTRICIDAD Y COMPUTACIÓN,2023-10-03,2023-12-31,0.24,False,False
77679,TÉCNICO DE INVESTIGACIÓN 1 (TC),FACULTAD DE CIENCIAS NATURALES Y MATEMÁTICAS,2023-07-03,2023-12-31,0.5,True,False
77679,TÉCNICO DOCENTE 1 (TC),FACULTAD DE CIENCIAS NATURALES Y MATEMÁTICAS,2026-05-11,,0.35,True,False
77712,TÉCNICO DOCENTE 3 (TC),DIRECCIÓN DE ADMISIONES,2021-07-01,2024-12-31,3.5,True,False
77712,TÉCNICO DOCENTE 3 (TC),DIRECCIÓN DE ADMISIONES,2026-08-11,,0.1,False,False
77720,TÉCNICOS ESPECIALIZADOS - EJECUCIÓN DE ACTIVIDADES DE INVESTIGACIÓN,DECANATO DE INVESTIGACIÓN,2021-06-22,2022-12-31,1.52,True,False
77720,TÉCNICO DE LABORATORIO 1 (TC),FACULTAD DE INGENIERÍA EN CIENCIAS DE LA TIERRA,2023-03-01,2023-11-30,0.75,True,False
77727,TÉCNICO DOCENTE 1 (TC),FACULTAD DE INGENIERÍA MARÍTIMA Y CIENCIAS DEL MAR,2023-12-01,2024-08-31,0.75,True,False
77734,TÉCNICO DE LABORATORIO 1 (TC),FACULTAD DE INGENIERÍA EN CIENCIAS DE LA TIERRA,2023-11-13,,2.84,True,False
77764,TÉCNICO DE INVESTIGACIÓN 1 (TC),FACULTAD DE INGENIERÍA EN CIENCIAS DE LA TIERRA,2023-03-01,2024-04-06,1.1,True,False
77788,TÉCNICO DE LABORATORIO 1 (TC),FACULTAD DE INGENIERÍA MECÁNICA Y CIENCIAS DE LA PRODUCCIÓN,2022-05-16,,4.34,True,False
77803,TÉCNICO DE LABORATORIO 1 (TC),FACULTAD DE INGENIERÍA EN CIENCIAS DE LA TIERRA,2025-06-11,,1.26,True,False
77835,TÉCNICO DE INVESTIGACIÓN 1 (TC),FACULTAD DE CIENCIAS NATURALES Y MATEMÁTICAS,2023-05-04,2024-05-02,1.0,True,False
77854,TÉCNICO DE LABORATORIO 1 (TC),FACULTAD DE INGENIERÍA MECÁNICA Y CIENCIAS DE LA PRODUCCIÓN,2023-10-03,2023-12-31,0.24,False,False
77855,TÉCNICO DE LABORATORIO 1 (TC),FACULTAD DE INGENIERÍA MECÁNICA Y CIENCIAS DE LA PRODUCCIÓN,2023-10-03,2023-12-31,0.24,False,False
77881,AUXILIAR DE INGENIERÌA,DIRECCIÓN DE SERVICIOS GENERALES,2026-05-04,,0.37,True,False
77927,TÉCNICO DE INVESTIGACIÓN 1 (TC),FACULTAD DE INGENIERÍA EN ELECTRICIDAD Y COMPUTACIÓN,2021-06-09,2023-07-14,2.09,True,False
77935,TÉCNICO DE INVESTIGACIÓN 1 (TC),CENTRO DE TECNOLOGÍAS DE LA INFORMACIÓN,2023-11-01,,2.87,True,False
77974,TÉCNICO DE LABORATORIO 1 (TC),FACULTAD DE CIENCIAS SOCIALES Y HUMANÍSTICAS,2023-10-03,2023-12-31,0.24,False,False
77994,TÉCNICO DOCENTE 4 (TC),DIRECCIÓN DE ADMISIONES,2021-05-25,2021-08-31,0.27,True,False
77994,TÉCNICO DOCENTE 4 (MT),DIRECCIÓN DE ADMISIONES,2021-10-11,2021-12-31,0.22,False,False
78002,TÉCNICO DE INVESTIGACIÓN 1 (MT),DECANATO DE INVESTIGACIÓN,2023-03-15,2023-12-31,0.8,True,False
78002,PROFESOR NO TITULAR OCASIONAL (TC),FACULTAD DE CIENCIAS SOCIALES Y HUMANÍSTICAS,2025-10-24,,0.9,True,False
78035,ASISTENTE EJECUTIVA 3,RECTORADO,2024-08-05,,2.11,True,False
78066,TÉCNICO DE INVESTIGACIÓN 1 (TC),FACULTAD DE CIENCIAS SOCIALES Y HUMANÍSTICAS,2023-04-03,2023-12-31,0.74,True,False
78066,TÉCNICO DE INVESTIGACIÓN 1 (TC),FACULTAD DE CIENCIAS SOCIALES Y HUMANÍSTICAS,2024-06-03,2026-02-13,1.7,True,False
78086,TÉCNICO DE INVESTIGACIÓN 1 (TC),CENTRO DE INVESTIGACIONES BIOTECNOLÓGICAS DEL ECUADOR,2023-08-07,,3.11,True,False
78101,TÉCNICO DE INVESTIGACIÓN 1 (TC),"FACULTAD DE ARTE, DISEÑO Y COMUNICACIÓN AUDIOVISUAL",2024-06-03,2026-02-28,1.74,True,False
78121,TÉCNICO DE LABORATORIO 1 (TC),"FACULTAD DE ARTE, DISEÑO Y COMUNICACIÓN AUDIOVISUAL",2023-10-06,2023-12-31,0.24,False,False
78135,ASISTENTE DE BIENESTAR POLITÉCNICO,GERENCIA DE BIENESTAR POLITÉCNICO,2022-05-03,,4.37,True,False
78220,TÉCNICO DOCENTE 3 (TC),DIRECCIÓN DE ADMISIONES,2024-10-01,,1.96,True,False
78260,TÉCNICO DOCENTE 3 (TC),DIRECCIÓN DE ADMISIONES,2023-09-20,2023-12-31,0.28,True,False
78305,TÉCNICO DOCENTE 4 (TC),DIRECCIÓN DE ADMISIONES,2021-05-25,2021-12-31,0.6,True,False
78314,TÉCNICO DOCENTE 1 (TC),FACULTAD DE INGENIERÍA EN ELECTRICIDAD Y COMPUTACIÓN,2021-10-04,2024-03-20,2.46,True,False
78314,PROFESOR NO TITULAR OCASIONAL (TC),FACULTAD DE INGENIERÍA EN ELECTRICIDAD Y COMPUTACIÓN,2024-09-30,,1.96,True,False
78357,TÉCNICO DE INVESTIGACIÓN 1 (TC),FACULTAD DE INGENIERÍA MECÁNICA Y CIENCIAS DE LA PRODUCCIÓN,2023-06-15,2024-12-31,1.55,True,False
78357,TÉCNICO DE INVESTIGACIÓN 1 (TC),CENTRO ECUATORIANO DE INVESTIGACIÓN Y DESARROLLO EN NANOTECNOLOGÍA,2025-02-21,2025-08-31,0.52,True,False
78381,TÉCNICO DE LABORATORIO 1 (TC),FACULTAD DE CIENCIAS SOCIALES Y HUMANÍSTICAS,2024-11-20,2024-12-31,0.11,False,False
78432,TÉCNICO DE INVESTIGACIÓN 1 (TC),DECANATO DE INVESTIGACIÓN,2023-03-01,2023-12-31,0.83,True,False
78450,TÉCNICOS ESPECIALIZADOS - EJECUCIÓN DE ACTIVIDADES,UNIDAD DE VINCULACIÓN CON LA SOCIEDAD,2021-11-19,2021-11-26,0.02,False,False
78479,ANALISTA DE DESARROLLO DE SISTEMAS 1,GERENCIA DE TECNOLOGÍAS Y SISTEMAS DE INFORMACIÓN,2023-01-03,,3.7,True,False
78499,TÉCNICO DE INVESTIGACIÓN 1 (TC),FACULTAD DE INGENIERÍA EN CIENCIAS DE LA TIERRA,2023-05-02,2025-12-31,2.67,True,False
78499,TÉCNICO DE INVESTIGACIÓN 1 (TC),CENTRO DE INVESTIGACIÓN Y PROYECTOS APLICADOS A LAS CIENCIAS DE LA TIERRA,2026-02-10,2026-07-30,0.47,True,False
78513,ANALISTA DE PLANIFICACIÓN Y PROYECTOS,GERENCIA DE PLANIFICACIÓN ESTRATÉGICA,2023-11-01,,2.87,True,False
78520,TÉCNICO DE INVESTIGACIÓN 1 (TC),"CENTRO DE INVESTIGACIÓN, DESARROLLO E INNOVACIÓN DE SISTEMAS COMPUTACIONALES",2023-11-27,,2.8,True,False
78528,TÉCNICOS ESPECIALIZADOS - EJECUCIÓN DE ACTIVIDADES DE INVESTIGACIÓN,DECANATO DE INVESTIGACIÓN,2021-05-21,2021-09-30,0.36,True,False
78543,TÉCNICO DE INVESTIGACIÓN 1 (TC),FACULTAD DE CIENCIAS DE LA VIDA,2023-10-23,2023-12-31,0.19,False,False
78543,TÉCNICO DE LABORATORIO 1 (TC),FACULTAD DE CIENCIAS DE LA VIDA,2025-09-01,2025-12-31,0.33,True,False
78638,TÉCNICOS ESPECIALIZADOS - EJECUCIÓN DE ACTIVIDADES,UNIDAD DE VINCULACIÓN CON LA SOCIEDAD,2021-11-15,2021-12-15,0.08,False,False
78656,PROFESOR NO TITULAR OCASIONAL (TC),ESCUELA DE DISEÑO Y COMUNICACIÓN VISUAL,2015-10-01,2016-07-31,0.83,True,False
78656,PROFESOR TITULAR AGREGADO 1 (TC),"FACULTAD DE ARTE, DISEÑO Y COMUNICACIÓN AUDIOVISUAL",2016-08-01,2024-03-31,7.66,True,False
78685,PROFESOR NO TITULAR OCASIONAL (TC),FACULTAD DE INGENIERÍA MARÍTIMA Y CIENCIAS DEL MAR,2015-10-01,2022-09-23,6.98,True,False
78701,PSICÓLOGO,UNIDAD DE BIENESTAR ESTUDIANTIL Y POLITÉCNICO,2015-10-13,2016-07-01,0.72,True,False
78701,TÉCNICOS ESPECIALIZADOS - EJECUCIÓN DE PROYECTOS,DESCONOCIDA,2016-07-10,2016-12-31,0.48,True,False
78701,TÉCNICOS ESPECIALIZADOS - EJECUCIÓN DE PROYECTOS,UNIDAD DE BIENESTAR ESTUDIANTIL Y POLITÉCNICO,2017-01-03,2017-12-31,0.99,True,False
78701,PSICÓLOGO,GERENCIA DE BIENESTAR POLITÉCNICO,2019-01-01,,7.71,True,True
78701,PROFESOR NO TITULAR OCASIONAL (TP),FACULTAD DE CIENCIAS SOCIALES Y HUMANÍSTICAS,2026-05-04,,0.37,True,True
78729,ANALISTA DE INFRAESTRUCTURA INFORMÁTICA 2,FACULTAD DE INGENIERÍA MECÁNICA Y CIENCIAS DE LA PRODUCCIÓN,2015-10-19,,10.91,True,False
78731,PROFESOR NO TITULAR OCASIONAL (TC),FACULTAD DE INGENIERÍA EN CIENCIAS DE LA TIERRA,2015-10-01,2019-03-06,3.43,True,False
78731,PROFESOR TITULAR AUXILIAR 2 (TC),FACULTAD DE INGENIERÍA EN CIENCIAS DE LA TIERRA,2020-04-01,,6.46,True,False
78761,TÉCNICO DOCENTE 1 (TC),FACULTAD DE INGENIERÍA EN CIENCIAS DE LA TIERRA,2021-05-17,2025-02-14,3.75,True,False
78762,TÉCNICO DOCENTE 1 (TC),FACULTAD DE INGENIERÍA MECÁNICA Y CIENCIAS DE LA PRODUCCIÓN,2024-05-22,,2.32,True,False
78866,PROFESOR NO TITULAR OCASIONAL (TC),FACULTAD DE CIENCIAS DE LA VIDA,2018-10-01,2021-07-31,2.83,True,False
78866,PROFESOR TITULAR AGREGADO 1 (TC),FACULTAD DE CIENCIAS DE LA VIDA,2021-08-01,2022-07-01,0.91,True,False
78867,PROFESOR NO TITULAR OCASIONAL 1 (TP),DESCONOCIDA,2016-05-02,2016-09-23,0.39,True,True
78867,TÉCNICOS ESPECIALIZADOS - EJECUCIÓN DE PROYECTOS,FACULTAD DE CIENCIAS SOCIALES Y HUMANÍSTICAS,2016-09-09,2016-09-16,0.02,False,True
78867,PROFESOR NO TITULAR OCASIONAL 1 (TP),FACULTAD DE CIENCIAS SOCIALES Y HUMANÍSTICAS,2016-10-10,2017-09-22,0.95,True,False
78867,PROFESOR NO TITULAR OCASIONAL (MT),FACULTAD DE CIENCIAS SOCIALES Y HUMANÍSTICAS,2018-05-01,2018-09-21,0.39,True,False
78867,PROFESOR NO TITULAR OCASIONAL (TC),FACULTAD DE CIENCIAS SOCIALES Y HUMANÍSTICAS,2018-10-01,2020-02-21,1.39,True,False
78898,PROFESOR NO TITULAR OCASIONAL (TC),FACULTAD DE CIENCIAS SOCIALES Y HUMANÍSTICAS,2015-10-12,2020-03-31,4.47,True,False
78898,PROFESOR TITULAR AGREGADO 2 (TC),FACULTAD DE CIENCIAS SOCIALES Y HUMANÍSTICAS,2020-04-01,,6.46,True,False
78953,PROFESOR NO TITULAR OCASIONAL (MT),DECANATO DE GRADO,2015-10-19,2020-05-31,4.62,True,False
78970,ANALISTA DE COMUNICACIÓN SOCIAL 1,DESCONOCIDA,2016-01-04,2016-12-31,0.99,True,False
78970,ASISTENTE DE COMUNICACIÓN,GERENCIA DE COMUNICACIÓN,2017-01-01,2023-06-01,6.41,True,False
79972,TÉCNICOS ESPECIALIZADOS - EJECUCIÓN DE PROYECTOS,DIRECCIÓN DE TALENTO HUMANO,2018-09-28,2018-11-30,0.17,False,False
79972,ASISTENTE DE TALENTO HUMANO,DIRECCIÓN DE TALENTO HUMANO,2018-12-01,2022-07-01,3.58,True,True
79972,ANALISTA DE TALENTO HUMANO 1,DIRECCIÓN DE TALENTO HUMANO,2022-07-01,,4.21,True,True
80032,PROFESOR NO TITULAR OCASIONAL (TP),FACULTAD DE CIENCIAS SOCIALES Y HUMANÍSTICAS,2023-06-29,2024-02-16,0.64,True,False
80032,PROFESOR NO TITULAR OCASIONAL (TP),FACULTAD DE CIENCIAS SOCIALES Y HUMANÍSTICAS,2024-06-13,2024-09-20,0.27,True,False
80194,PROFESOR NO TITULAR OCASIONAL (TC),FACULTAD DE CIENCIAS SOCIALES Y HUMANÍSTICAS,2024-05-20,,2.32,True,False
80200,PROFESOR NO TITULAR OCASIONAL (TC),FACULTAD DE CIENCIAS SOCIALES Y HUMANÍSTICAS,2018-05-01,,8.38,True,False
80206,PROFESOR NO TITULAR OCASIONAL (TC),FACULTAD DE CIENCIAS SOCIALES Y HUMANÍSTICAS,2018-05-01,,8.38,True,False
80235,TÉCNICO DOCENTE 3 (TC),DIRECCIÓN DE ADMISIONES,2025-05-05,,1.37,True,False
80316,PROFESOR NO TITULAR OCASIONAL (TC),FACULTAD DE CIENCIAS SOCIALES Y HUMANÍSTICAS,2020-02-22,2020-09-30,0.61,True,False
80318,PROFESOR NO TITULAR OCASIONAL 1 (TC),"FACULTAD DE INGENIERIA MARÍTIMA, CIENCIAS BIOLÓGICAS, OCEÁNICAS Y RECURSOS NATURALES",2016-04-01,2017-03-31,1.0,True,False
80318,PROFESOR NO TITULAR OCASIONAL (TC),FACULTAD DE CIENCIAS SOCIALES Y HUMANÍSTICAS,2018-07-16,2019-02-22,0.61,True,False
80318,PROFESOR NO TITULAR OCASIONAL (TC),FACULTAD DE CIENCIAS SOCIALES Y HUMANÍSTICAS,2020-10-06,2025-09-21,4.96,True,False
80918,PROFESOR NO TITULAR OCASIONAL (TP),"FACULTAD DE INGENIERIA MARÍTIMA, CIENCIAS BIOLÓGICAS, OCEÁNICAS Y RECURSOS NATURALES",2017-10-04,2018-03-02,0.41,True,False
80918,PROFESOR NO TITULAR OCASIONAL (TP),FACULTAD DE INGENIERÍA MARÍTIMA Y CIENCIAS DEL MAR,2022-05-24,2025-12-31,3.61,True,False
81202,GERENTE DE COMUNICACIÓN,GERENCIA DE COMUNICACIÓN,2021-08-16,,5.08,True,False
81247,PROFESOR NO TITULAR OCASIONAL (MT),FACULTAD DE CIENCIAS SOCIALES Y HUMANÍSTICAS,2022-05-16,2022-09-23,0.36,True,False
81247,PROFESOR NO TITULAR OCASIONAL (TP),FACULTAD DE CIENCIAS SOCIALES Y HUMANÍSTICAS,2022-10-03,2024-03-12,1.44,True,False
81391,PROFESOR NO TITULAR OCASIONAL (TC),FACULTAD DE CIENCIAS SOCIALES Y HUMANÍSTICAS,2025-10-01,,0.96,True,False
81684,PROFESOR NO TITULAR OCASIONAL (TC),FACULTAD DE CIENCIAS SOCIALES Y HUMANÍSTICAS,2023-05-15,,3.34,True,False
81761,PROFESOR NO TITULAR OCASIONAL (MT),FACULTAD DE CIENCIAS SOCIALES Y HUMANÍSTICAS,2018-10-01,,7.96,True,False
81832,PROFESOR NO TITULAR OCASIONAL (TC),FACULTAD DE INGENIERÍA EN ELECTRICIDAD Y COMPUTACIÓN,2022-10-03,2024-09-27,1.98,True,False
82056,ANALISTA ADMINISTRATIVO,DECANATO DE VINCULACIÓN,2016-05-01,,10.38,True,False
82478,TÉCNICO DE INVESTIGACIÓN 1 (TC),"FACULTAD DE ARTE, DISEÑO Y COMUNICACIÓN AUDIOVISUAL",2023-03-01,2024-05-10,1.19,True,False
82483,TÉCNICOS ESPECIALIZADOS - EJECUCIÓN DE PROYECTOS,"FACULTAD DE ARTE, DISEÑO Y COMUNICACIÓN AUDIOVISUAL",2020-04-01,2020-06-30,0.25,False,False
82483,TÉCNICOS ESPECIALIZADOS - EJECUCIÓN DE PROYECTOS,DECANATO DE INVESTIGACIÓN,2020-10-01,2020-12-31,0.25,False,False
82483,TÉCNICOS ESPECIALIZADOS - EJECUCIÓN DE ACTIVIDADES,"FACULTAD DE ARTE, DISEÑO Y COMUNICACIÓN AUDIOVISUAL",2023-01-09,2024-12-31,1.98,True,False
82483,TÉCNICO DE INVESTIGACIÓN 1 (TC),DECANATO DE INVESTIGACIÓN,2026-04-14,2026-06-14,0.17,False,False
82497,ANALISTA DE CALIDAD Y ACREDITACIÓN 1,SECRETARÍA TÉCNICA DE ASEGURAMIENTO DE LA CALIDAD,2025-02-03,,1.62,True,False
83678,AUDITOR INTERNO 2,AUDITORÍA INTERNA,2017-12-01,2025-11-30,8.0,True,False
84005,TÉCNICO DOCENTE 3 (TC),DIRECCIÓN DE ADMISIONES,2025-09-05,2026-03-31,0.57,True,False
84005,ASISTENTE EJECUTIVA 2,FACULTAD DE CIENCIAS NATURALES Y MATEMÁTICAS,2026-04-01,,0.46,True,False
86407,TÉCNICO DE INVESTIGACIÓN 1 (TC),CENTRO NACIONAL DE ACUICULTURA E INVESTIGACIONES MARINAS,2019-02-01,2024-12-31,5.91,True,False
86476,ANALISTA DE COMPRAS PÚBLICAS 1,DESCONOCIDA,2016-01-14,2021-03-20,5.18,True,False
86494,PROFESOR NO TITULAR OCASIONAL (TC),FACULTAD DE CIENCIAS DE LA VIDA,2016-01-18,2023-05-31,7.36,True,False
86494,PROFESOR TITULAR AGREGADO 1 (TC),FACULTAD DE CIENCIAS DE LA VIDA,2023-06-01,,3.29,True,False
86548,MÉDICO OCUPACIONAL,DIRECCIÓN DE SEGURIDAD Y SALUD OCUPACIONAL,2016-02-22,,10.56,True,False
87496,TÉCNICOS ESPECIALIZADOS - EJECUCIÓN DE PROYECTOS,DESCONOCIDA,2016-08-24,2016-08-26,0.01,False,False
90113,PROFESOR NO TITULAR OCASIONAL (TC),DECANATO DE GRADO,2021-05-17,2024-09-30,3.37,True,False
90862,TÉCNICO DE ARCHIVO Y DIGITALIZACIÓN,GERENCIA FINANCIERA,2021-05-10,,5.35,True,False
91014,PROFESOR NO TITULAR OCASIONAL (MT),FACULTAD DE CIENCIAS DE LA VIDA,2025-06-09,,1.27,True,False
94437,TÉCNICO DE INVESTIGACIÓN 1 (TC),FACULTAD DE INGENIERÍA EN ELECTRICIDAD Y COMPUTACIÓN,2023-10-11,2023-12-31,0.22,False,False
94835,TÉCNICO DE INVESTIGACIÓN 1 (TC),CENTRO DE INVESTIGACIÓN Y PROYECTOS APLICADOS A LAS CIENCIAS DE LA TIERRA,2025-09-01,,1.04,True,False
94929,ABOGADO,GERENCIA JURÍDICA,2018-08-09,2022-09-01,4.06,True,True
94929,SECRETARIO ADMINISTRATIVO,SECRETARIA ADMINISTRATIVA,2020-11-30,2021-02-01,0.17,False,True
95251,ASISTENTE DE BIENESTAR POLITÉCNICO,GERENCIA DE BIENESTAR POLITÉCNICO,2016-03-01,2025-10-08,9.6,True,False
95278,TÉCNICO DE INVESTIGACIÓN 2 (TC),CENTRO NACIONAL DE ACUICULTURA E INVESTIGACIONES MARINAS,2020-09-01,2023-10-30,3.16,True,False
95278,PROFESOR NO TITULAR OCASIONAL (TC),FACULTAD DE CIENCIAS DE LA VIDA,2024-12-02,,1.79,True,False
95335,PROFESOR NO TITULAR OCASIONAL (TC),FACULTAD DE CIENCIAS DE LA VIDA,2016-05-01,2023-02-17,6.8,True,False
95471,TÉCNICO DOCENTE 1 (TC),FACULTAD DE INGENIERÍA MARÍTIMA Y CIENCIAS DEL MAR,2024-05-06,2025-09-19,1.37,True,False
95473,PROMOTOR DE ARTE Y CULTURA,GERENCIA DE BIENESTAR POLITÉCNICO,2016-04-01,,10.46,True,True
95473,TÉCNICO DOCENTE 4 (TP),"FACULTAD DE ARTE, DISEÑO Y COMUNICACIÓN AUDIOVISUAL",2020-06-01,2020-09-30,0.33,True,True
95480,TÉCNICO DE INVESTIGACIÓN 1 (TC),FACULTAD DE INGENIERÍA EN CIENCIAS DE LA TIERRA,2023-10-03,2023-12-31,0.24,False,False
95491,ASISTENTE EJECUTIVA 2,DESCONOCIDA,2016-04-01,2020-05-01,4.08,True,False
95498,PROFESOR NO TITULAR OCASIONAL 1 (TP),FACULTAD DE CIENCIAS DE LA VIDA,2016-05-02,2017-03-17,0.87,True,False
95498,PROFESOR NO TITULAR OCASIONAL (TC),FACULTAD DE CIENCIAS DE LA VIDA,2017-05-02,2021-07-31,4.25,True,False
95498,PROFESOR TITULAR AUXILIAR 2 (MT),FACULTAD DE CIENCIAS DE LA VIDA,2021-08-01,,5.12,True,False
95506,PROFESOR NO TITULAR OCASIONAL (TC),FACULTAD DE INGENIERÍA EN CIENCIAS DE LA TIERRA,2016-04-01,,10.46,True,False
95516,PROFESOR NO TITULAR OCASIONAL (TC),DESCONOCIDA,2016-03-01,2016-07-31,0.42,True,False
95516,PROFESOR TITULAR AGREGADO 3 (TC),FACULTAD DE INGENIERÍA MECÁNICA Y CIENCIAS DE LA PRODUCCIÓN,2016-08-01,2022-11-13,6.28,True,True
95516,SUBDECANO(A),DESCONOCIDA,2017-05-17,2017-05-18,0.0,False,True
95516,SUBDECANO(A),DESCONOCIDA,2017-11-17,2017-11-24,0.02,False,True
95516,SUBDECANO(A),FACULTAD DE INGENIERÍA MECÁNICA Y CIENCIAS DE LA PRODUCCIÓN,2018-03-02,2023-09-08,5.52,True,True
95516,SUBDECANO(A),FACULTAD DE INGENIERÍA MECÁNICA Y CIENCIAS DE LA PRODUCCIÓN,2023-12-26,2024-03-12,0.21,False,False
95516,DECANO(A),FACULTAD DE INGENIERÍA MECÁNICA Y CIENCIAS DE LA PRODUCCIÓN,2024-03-18,2024-04-05,0.05,False,False
95516,SUBDECANO(A),FACULTAD DE INGENIERÍA MECÁNICA Y CIENCIAS DE LA PRODUCCIÓN,2024-07-08,2025-03-18,0.69,True,True
95516,DECANO(A),FACULTAD DE INGENIERÍA MECÁNICA Y CIENCIAS DE LA PRODUCCIÓN,2024-07-29,2024-08-16,0.05,False,True
95516,DECANO(A),FACULTAD DE INGENIERÍA MECÁNICA Y CIENCIAS DE LA PRODUCCIÓN,2025-01-28,2025-05-01,0.25,True,True
95516,DECANO(A),DECANATO DE POSGRADO,2025-04-05,2025-04-14,0.02,False,True
95516,DECANO(A),DECANATO DE GRADO,2025-06-25,2025-09-19,0.24,False,True
95516,DECANO(A),FACULTAD DE INGENIERÍA MECÁNICA Y CIENCIAS DE LA PRODUCCIÓN,2025-08-21,,1.07,True,True
95516,SUBDECANO(A),FACULTAD DE INGENIERÍA MECÁNICA Y CIENCIAS DE LA PRODUCCIÓN,2025-10-02,2026-07-29,0.82,True,True
95517,PROFESOR NO TITULAR OCASIONAL 1 (MT),DIRECCIÓN DE LA SECRETARÍA TÉCNICA DE ASEGURAMIENTO DE LA CALIDAD DE LA EDUCACIÓN SUPERIOR,2016-04-01,2017-03-17,0.96,True,True
95517,TÉCNICOS ESPECIALIZADOS - EJECUCIÓN DE PROYECTOS,DESCONOCIDA,2016-05-02,2016-11-15,0.54,True,True
95523,TÉCNICOS ESPECIALIZADOS - EJECUCIÓN DE PROYECTOS,DIRECCIÓN DE TALENTO HUMANO,2017-01-03,2017-11-30,0.91,True,False
95527,TÉCNICOS ESPECIALIZADOS - EJECUCIÓN DE PROYECTOS,DESCONOCIDA,2016-07-05,2016-12-31,0.49,True,False
95527,TÉCNICOS ESPECIALIZADOS - EJECUCIÓN DE PROYECTOS,DIRECCIÓN DE TALENTO HUMANO,2017-01-03,2017-11-30,0.91,True,True
95527,ASISTENTE DE TALENTO HUMANO,DIRECCIÓN DE TALENTO HUMANO,2017-11-01,2024-01-01,6.17,True,True
95527,ANALISTA DE TALENTO HUMANO 1,DIRECCIÓN DE TALENTO HUMANO,2024-01-01,2025-06-09,1.44,True,True
95527,ASISTENTE DE TALENTO HUMANO,DIRECCIÓN DE TALENTO HUMANO,2025-06-09,,1.27,True,True
95538,ASISTENTE EJECUTIVA 2,FACULTAD DE INGENIERÍA EN ELECTRICIDAD Y COMPUTACIÓN,2016-05-01,,10.38,True,False
95539,PROFESOR NO TITULAR OCASIONAL (TC),"FACULTAD DE ARTE, DISEÑO Y COMUNICACIÓN AUDIOVISUAL",2016-04-01,2020-05-31,4.16,True,False
95540,TÉCNICOS ESPECIALIZADOS - EJECUCIÓN DE PROYECTOS,FACULTAD DE INGENIERÍA EN CIENCIAS DE LA TIERRA,2019-03-18,2019-03-29,0.03,False,False
95541,CONTRATO CIVIL - SERVICIO TÉCNICO ESPECIALIZADO,DESCONOCIDA,2016-10-30,2017-01-30,0.25,True,False
95541,TÉCNICOS ESPECIALIZADOS - EJECUCIÓN DE PROYECTOS,FACULTAD DE INGENIERÍA EN CIENCIAS DE LA TIERRA,2019-03-18,2019-03-29,0.03,False,False
95541,TÉCNICOS ESPECIALIZADOS - EJECUCIÓN DE ACTIVIDADES,CENTRO DE INVESTIGACIÓN Y PROYECTOS APLICADOS A LAS CIENCIAS DE LA TIERRA,2023-03-08,2023-04-15,0.1,False,False
95541,TÉCNICOS ESPECIALIZADOS - EJECUCIÓN DE ACTIVIDADES,CENTRO DE INVESTIGACIÓN Y PROYECTOS APLICADOS A LAS CIENCIAS DE LA TIERRA,2024-01-08,2024-03-31,0.23,False,False
95545,ASISTENTE EJECUTIVA 2,DIRECCIÓN DE LA SECRETARÍA TÉCNICA ACADEMICA,2016-05-01,,10.38,True,False
95548,ASISTENTE DE ACTIVOS FIJOS,GERENCIA FINANCIERA,2016-05-01,2022-01-01,5.67,True,False
95549,AUXILIAR DE INGENIERÌA,DIRECCIÓN DE SERVICIOS GENERALES,2016-04-01,2018-01-31,1.83,True,False
95549,ASISTENTE DE INFRAESTRUCTURA FÍSICA,GERENCIA DE INFRAESTRUCTURA FÍSICA,2018-02-01,2018-12-31,0.91,True,False
95549,AUXILIAR DE SERVICIOS,DIRECCIÓN DE SERVICIOS GENERALES,2019-01-01,2025-12-31,7.0,True,False
95564,PROFESOR NO TITULAR OCASIONAL (TC),FACULTAD DE INGENIERÍA EN CIENCIAS DE LA TIERRA,2016-05-01,2020-03-31,3.91,True,False
95564,PROFESOR TITULAR AGREGADO 2 (TC),FACULTAD DE INGENIERÍA EN CIENCIAS DE LA TIERRA,2020-04-01,,6.46,True,False
95565,PROFESOR NO TITULAR OCASIONAL (TC),FACULTAD DE CIENCIAS DE LA VIDA,2016-10-01,,9.96,True,False
95575,PROFESOR NO TITULAR OCASIONAL (TC),FACULTAD DE INGENIERÍA EN ELECTRICIDAD Y COMPUTACIÓN,2016-04-01,,10.46,True,False
95580,PROFESOR NO TITULAR OCASIONAL (TC),FACULTAD DE CIENCIAS DE LA VIDA,2016-04-01,2018-01-31,1.83,True,False
95586,PROFESOR NO TITULAR OCASIONAL (TP),FACULTAD DE CIENCIAS DE LA VIDA,2016-04-01,2018-03-02,1.92,True,False
95600,ANALISTA ESTADÍSTICO ACADÉMICO,FACULTAD DE CIENCIAS SOCIALES Y HUMANÍSTICAS,2016-05-01,,10.38,True,True
95600,PROFESOR NO TITULAR OCASIONAL (TP),FACULTAD DE CIENCIAS SOCIALES Y HUMANÍSTICAS,2025-03-06,,1.53,True,True
95603,ANALISTA DE INFORMACIÓN ACADÉMICA 2,DIRECCIÓN DE LA SECRETARÍA TÉCNICA ACADEMICA,2016-05-01,,10.38,True,False
95607,PROFESOR NO TITULAR OCASIONAL 1 (TP),ESCUELA DE DISEÑO Y COMUNICACIÓN VISUAL,2016-10-10,2017-09-22,0.95,True,False
95607,PROFESOR NO TITULAR OCASIONAL (TP),ESCUELA DE DISEÑO Y COMUNICACIÓN VISUAL,2017-10-04,2018-03-02,0.41,True,False
95607,PROFESOR NO TITULAR OCASIONAL (MT),ESCUELA DE DISEÑO Y COMUNICACIÓN VISUAL,2018-05-02,2018-09-21,0.39,True,False
95607,PROFESOR NO TITULAR OCASIONAL (TP),ESCUELA DE DISEÑO Y COMUNICACIÓN VISUAL,2018-10-01,2019-02-22,0.39,True,False
95607,PROFESOR NO TITULAR OCASIONAL (MT),"FACULTAD DE ARTE, DISEÑO Y COMUNICACIÓN AUDIOVISUAL",2019-05-13,2019-09-20,0.36,True,False
95607,PROFESOR NO TITULAR OCASIONAL (TP),"FACULTAD DE ARTE, DISEÑO Y COMUNICACIÓN AUDIOVISUAL",2021-05-17,,5.33,True,False
95633,PROFESOR NO TITULAR OCASIONAL (TC),FACULTAD DE CIENCIAS DE LA VIDA,2016-04-14,2019-02-28,2.87,True,False
95652,TÉCNICOS ESPECIALIZADOS - EJECUCIÓN DE ACTIVIDADES DE INVESTIGACIÓN,DECANATO DE INVESTIGACIÓN,2021-11-16,2021-12-31,0.12,False,False
95657,ASISTENTE DE SOPORTE TÉCNICO,GERENCIA DE TECNOLOGÍAS Y SISTEMAS DE INFORMACIÓN,2025-01-06,,1.69,True,False
95687,TÉCNICO DE LABORATORIO 1 (TC),FACULTAD DE CIENCIAS SOCIALES Y HUMANÍSTICAS,2023-05-15,2023-10-30,0.46,True,False
95689,TÉCNICO DE LABORATORIO 1 (TC),FACULTAD DE CIENCIAS SOCIALES Y HUMANÍSTICAS,2023-10-03,2026-07-30,2.82,True,False
95732,TÉCNICOS ESPECIALIZADOS - EJECUCIÓN DE ACTIVIDADES DE INVESTIGACIÓN,DECANATO DE INVESTIGACIÓN,2022-05-03,2022-12-31,0.66,True,False
95732,TÉCNICOS ESPECIALIZADOS - EJECUCIÓN DE ACTIVIDADES DE INVESTIGACIÓN,FACULTAD DE CIENCIAS SOCIALES Y HUMANÍSTICAS,2023-01-09,2023-02-28,0.14,False,False
95732,TÉCNICO DE INVESTIGACIÓN 1 (MT),DECANATO DE INVESTIGACIÓN,2023-03-01,2023-04-21,0.14,False,False
95746,TÉCNICO DE INVESTIGACIÓN 1 (TC),FACULTAD DE INGENIERÍA EN ELECTRICIDAD Y COMPUTACIÓN,2023-10-16,2023-12-31,0.21,False,False
95751,TÉCNICO DOCENTE 1 (TC),FACULTAD DE INGENIERÍA MECÁNICA Y CIENCIAS DE LA PRODUCCIÓN,2021-10-26,2023-02-17,1.31,True,False
95763,TÉCNICO DE INVESTIGACIÓN 1 (TC),CENTRO DE INVESTIGACIONES BIOTECNOLÓGICAS DEL ECUADOR,2025-10-03,2025-12-31,0.24,False,False
95770,TÉCNICO DE LABORATORIO 1 (TC),FACULTAD DE CIENCIAS SOCIALES Y HUMANÍSTICAS,2024-11-20,2024-12-31,0.11,False,False
95770,ASISTENTE ADMINISTRATIVO,GERENCIA DE BIENESTAR POLITÉCNICO,2026-01-05,,0.7,True,False
95787,TÉCNICO DOCENTE 1 (TC),FACULTAD DE INGENIERÍA EN ELECTRICIDAD Y COMPUTACIÓN,2024-05-13,2025-08-11,1.25,True,False
95807,TÉCNICO DOCENTE 1 (TC),FACULTAD DE INGENIERÍA EN ELECTRICIDAD Y COMPUTACIÓN,2025-08-22,2026-02-13,0.48,True,False
95813,TÉCNICOS ESPECIALIZADOS - EJECUCIÓN DE ACTIVIDADES,CENTRO DE ESTUDIOS E INVESTIGACIONES ESTADÍSTICAS,2024-11-29,2024-12-31,0.09,False,False
95830,TÉCNICO DOCENTE 3 (TC),DIRECCIÓN DE ADMISIONES,2025-09-22,2025-12-31,0.27,True,False
95830,TÉCNICO DOCENTE 3 (TC),DIRECCIÓN DE ADMISIONES,2026-05-11,,0.35,True,False
95870,TÉCNICOS ESPECIALIZADOS - EJECUCIÓN DE ACTIVIDADES DE INVESTIGACIÓN,DECANATO DE INVESTIGACIÓN,2021-05-12,2022-05-06,0.98,True,False
95870,TÉCNICO DE INVESTIGACIÓN 1 (MT),DECANATO DE INVESTIGACIÓN,2023-03-01,2023-12-31,0.83,True,False
95878,TÉCNICO DE INVESTIGACIÓN 1 (TC),"CENTRO DE INVESTIGACIÓN, DESARROLLO E INNOVACIÓN DE SISTEMAS COMPUTACIONALES",2025-10-03,2025-12-31,0.24,False,False
95911,TÉCNICO DE LABORATORIO 1 (TC),FACULTAD DE INGENIERÍA EN CIENCIAS DE LA TIERRA,2022-06-08,2025-04-03,2.82,True,False
95923,PROFESOR NO TITULAR OCASIONAL (TP),FACULTAD DE INGENIERÍA MECÁNICA Y CIENCIAS DE LA PRODUCCIÓN,2025-11-20,2026-06-14,0.56,True,False
95965,TÉCNICO DE INVESTIGACIÓN 1 (TC),"VICERRECTORADO DE INVESTIGACIÓN, DESARROLLO E INNOVACIÓN",2023-07-25,2025-12-31,2.44,True,False
95980,TÉCNICO DE LABORATORIO 1 (TC),FACULTAD DE INGENIERÍA MECÁNICA Y CIENCIAS DE LA PRODUCCIÓN,2024-11-15,2024-12-31,0.13,False,False
95985,TÉCNICO DE INVESTIGACIÓN 1 (MT),FACULTAD DE INGENIERÍA MECÁNICA Y CIENCIAS DE LA PRODUCCIÓN,2023-10-23,2023-12-31,0.19,False,False
95985,TÉCNICO DE LABORATORIO 1 (TC),FACULTAD DE INGENIERÍA MECÁNICA Y CIENCIAS DE LA PRODUCCIÓN,2025-05-19,,1.33,True,False
95988,TÉCNICO DE INVESTIGACIÓN 1 (TC),FACULTAD DE INGENIERÍA EN ELECTRICIDAD Y COMPUTACIÓN,2023-10-16,2023-12-31,0.21,False,False
95991,TÉCNICOS ESPECIALIZADOS - EJECUCIÓN DE ACTIVIDADES DE INVESTIGACIÓN,DECANATO DE INVESTIGACIÓN,2022-02-15,2022-04-29,0.2,False,False
96023,TÉCNICO DE INVESTIGACIÓN 1 (TC),CENTRO DE TECNOLOGÍAS DE LA INFORMACIÓN,2023-06-12,2025-05-31,1.97,True,False
96023,PROFESOR NO TITULAR OCASIONAL (TC),FACULTAD DE INGENIERÍA EN ELECTRICIDAD Y COMPUTACIÓN,2025-06-09,2026-06-30,1.06,True,False
96029,ASISTENTE DE SOPORTE TÉCNICO,GERENCIA DE TECNOLOGÍAS Y SISTEMAS DE INFORMACIÓN,2022-02-01,2023-06-20,1.38,True,False
96034,TÉCNICO DOCENTE 1 (TC),FACULTAD DE INGENIERÍA EN ELECTRICIDAD Y COMPUTACIÓN,2022-10-03,2026-05-10,3.6,True,False
96034,PROFESOR NO TITULAR OCASIONAL (TC),FACULTAD DE INGENIERÍA EN ELECTRICIDAD Y COMPUTACIÓN,2026-05-11,,0.35,True,False
96042,TÉCNICO DE LABORATORIO 1 (TC),DECANATO DE GRADO,2023-07-03,2024-09-30,1.25,True,False
96048,TÉCNICOS ESPECIALIZADOS - EJECUCIÓN DE ACTIVIDADES,UNIDAD DE VINCULACIÓN CON LA SOCIEDAD,2021-07-20,2021-08-20,0.08,False,False
96048,TÉCNICOS ESPECIALIZADOS - EJECUCIÓN DE ACTIVIDADES,UNIDAD DE VINCULACIÓN CON LA SOCIEDAD,2022-01-06,2022-06-30,0.48,True,False
96048,TÉCNICOS ESPECIALIZADOS - EJECUCIÓN DE ACTIVIDADES,CENTRO DE INVESTIGACIONES BIOTECNOLÓGICAS DEL ECUADOR,2023-05-10,2023-12-31,0.64,True,False
96050,TÉCNICOS ESPECIALIZADOS - EJECUCIÓN DE ACTIVIDADES DE INVESTIGACIÓN,CENTRO DE TECNOLOGÍAS DE LA INFORMACIÓN,2023-07-11,2023-12-31,0.47,True,False
96050,TÉCNICO DE LABORATORIO 1 (TC),CENTRO DE TECNOLOGÍAS DE LA INFORMACIÓN,2024-01-02,2026-02-13,2.12,True,False
96064,TÉCNICO DE INVESTIGACIÓN 1 (TC),CENTRO DE TECNOLOGÍAS DE LA INFORMACIÓN,2021-08-04,2023-01-31,1.49,True,False
96137,TÉCNICO DE LABORATORIO 1 (TC),FACULTAD DE INGENIERÍA EN CIENCIAS DE LA TIERRA,2023-03-01,,3.55,True,False
96145,TÉCNICO DOCENTE 1 (TC),FACULTAD DE INGENIERÍA EN ELECTRICIDAD Y COMPUTACIÓN,2022-10-03,2023-02-28,0.41,True,False
96166,TÉCNICO DOCENTE 1 (TC),FACULTAD DE INGENIERÍA EN ELECTRICIDAD Y COMPUTACIÓN,2023-05-15,2025-09-12,2.33,True,False
96166,TÉCNICO DE LABORATORIO 1 (TC),FACULTAD DE INGENIERÍA EN ELECTRICIDAD Y COMPUTACIÓN,2026-05-04,,0.37,True,False
96198,TÉCNICO DE LABORATORIO 1 (TC),FACULTAD DE CIENCIAS DE LA VIDA,2023-10-05,2023-12-31,0.24,False,False
96208,TÉCNICO DOCENTE 1 (TC),FACULTAD DE INGENIERÍA MECÁNICA Y CIENCIAS DE LA PRODUCCIÓN,2023-10-10,2024-06-01,0.64,True,False
96213,TÉCNICO DE INVESTIGACIÓN 1 (TC),CENTRO DE INVESTIGACIONES BIOTECNOLÓGICAS DEL ECUADOR,2025-10-03,2025-12-31,0.24,False,False
96225,TÉCNICOS ESPECIALIZADOS - EJECUCIÓN DE ACTIVIDADES DE INVESTIGACIÓN,DECANATO DE INVESTIGACIÓN,2021-05-12,2021-12-31,0.64,True,False
96232,TÉCNICO DE INVESTIGACIÓN 1 (MT),FACULTAD DE INGENIERÍA MECÁNICA Y CIENCIAS DE LA PRODUCCIÓN,2023-03-15,2024-04-13,1.08,True,False
96244,TÉCNICO DE LABORATORIO 1 (TC),AJÁ PARQUE DE LA CIENCIA,2025-02-12,,1.59,True,False
96289,TÉCNICOS ESPECIALIZADOS - EJECUCIÓN DE PROYECTOS,DIRECCIÓN DE TALENTO HUMANO,2016-06-01,2016-12-31,0.58,True,False
96289,CONTRATO CIVIL - SERVICIO TÉCNICO ESPECIALIZADO,DESCONOCIDA,2017-01-03,2017-12-31,0.99,True,False
96289,TÉCNICO DE ARCHIVO Y DIGITALIZACIÓN,VICERRECTORADO ACADÉMICO,2018-01-02,2018-09-30,0.74,True,False
96289,ASISTENTE DE TALENTO HUMANO,DESCONOCIDA,2018-10-01,2020-11-01,2.09,True,True
96289,ANALISTA DE TALENTO HUMANO 1,DIRECCIÓN DE TALENTO HUMANO,2020-11-01,2020-11-08,0.02,False,True
96289,ASISTENTE DE TALENTO HUMANO,DIRECCIÓN DE TALENTO HUMANO,2020-11-09,2022-07-01,1.64,True,True
96289,ANALISTA DE TALENTO HUMANO 1,DIRECCIÓN DE TALENTO HUMANO,2022-07-01,,4.21,True,True
96298,PROFESOR NO TITULAR OCASIONAL (TC),FACULTAD DE CIENCIAS NATURALES Y MATEMÁTICAS,2017-04-10,2022-08-14,5.34,True,False
96309,PSICÓLOGO,GERENCIA DE BIENESTAR POLITÉCNICO,2016-07-01,,10.21,True,False
96315,PROFESOR NO TITULAR OCASIONAL 2 (TC),FACULTAD DE CIENCIAS SOCIALES Y HUMANÍSTICAS,2016-06-01,2017-12-31,1.58,True,False
96315,TECNICO DOCENTE 4,VICERRECTORADO ACADÉMICO,2018-01-01,2020-05-14,2.37,True,False
96315,PROFESOR NO TITULAR OCASIONAL (TC),DECANATO DE GRADO,2023-05-15,,3.34,True,False
96324,PROFESOR NO TITULAR OCASIONAL (TC),FACULTAD DE INGENIERÍA EN ELECTRICIDAD Y COMPUTACIÓN,2017-04-10,,9.43,True,False
96345,PROFESOR NO TITULAR OCASIONAL 1 (MT),FACULTAD DE CIENCIAS DE LA VIDA,2016-07-01,2017-09-22,1.23,True,False
96345,PROFESOR NO TITULAR OCASIONAL (TC),FACULTAD DE CIENCIAS DE LA VIDA,2017-10-04,2020-02-21,2.38,True,False
96391,PROFESOR NO TITULAR OCASIONAL (TC),FACULTAD DE CIENCIAS SOCIALES Y HUMANÍSTICAS,2016-10-01,,9.96,True,False
96448,TÉCNICOS ESPECIALIZADOS - EJECUCIÓN DE PROYECTOS,DESCONOCIDA,2016-08-15,2016-08-23,0.02,False,False
96448,TÉCNICOS ESPECIALIZADOS - EJECUCIÓN DE PROYECTOS,CENTRO DE INVESTIGACIONES Y SERVICIOS EDUCATIVOS,2016-09-12,2016-09-20,0.02,False,False
96448,TÉCNICOS ESPECIALIZADOS - EJECUCIÓN DE PROYECTOS,CENTRO DE INVESTIGACIONES Y SERVICIOS EDUCATIVOS,2017-01-03,2017-12-31,0.99,True,False
96491,ANALISTA DE LABORATORIO DE INVESTIGACIÓN 2,CENTRO DE INVESTIGACIONES BIOTECNOLÓGICAS DEL ECUADOR,2016-09-01,,10.04,True,False
96499,PROFESOR TITULAR AGREGADO 2 (TC),FACULTAD DE CIENCIAS NATURALES Y MATEMÁTICAS,2016-09-01,,10.04,True,False
96556,TÉCNICO DE INVESTIGACIÓN 1 (TC),"FACULTAD DE ARTE, DISEÑO Y COMUNICACIÓN AUDIOVISUAL",2023-03-01,,3.55,True,False
96570,TÉCNICO DE LABORATORIO 1 (TC),"FACULTAD DE ARTE, DISEÑO Y COMUNICACIÓN AUDIOVISUAL",2023-10-03,2023-12-31,0.24,False,False
96574,TÉCNICOS ESPECIALIZADOS - EJECUCIÓN DE ACTIVIDADES,UNIDAD DE VINCULACIÓN CON LA SOCIEDAD,2022-01-06,2022-06-30,0.48,True,False
96607,TÉCNICO DE LABORATORIO 1 (TC),FACULTAD DE CIENCIAS DE LA VIDA,2022-09-01,,4.04,True,False
96618,TÉCNICO DOCENTE 3 (TC),DIRECCIÓN DE ADMISIONES,2023-09-20,2025-02-09,1.39,True,False
96625,TÉCNICO DE LABORATORIO 1 (TC),FACULTAD DE CIENCIAS DE LA VIDA,2023-10-05,2023-12-31,0.24,False,False
96626,TÉCNICO DE LABORATORIO 1 (TC),FACULTAD DE CIENCIAS DE LA VIDA,2023-05-24,,3.32,True,False
96660,TÉCNICO DE INVESTIGACIÓN 1 (TC),FACULTAD DE INGENIERÍA EN CIENCIAS DE LA TIERRA,2025-10-13,,0.93,True,False
96672,TÉCNICO DE INVESTIGACIÓN 1 (TC),FACULTAD DE INGENIERÍA EN ELECTRICIDAD Y COMPUTACIÓN,2023-10-03,2023-12-31,0.24,False,False
96707,TÉCNICO DE LABORATORIO 1 (TC),FACULTAD DE INGENIERÍA MECÁNICA Y CIENCIAS DE LA PRODUCCIÓN,2023-10-03,2023-12-31,0.24,False,False
96713,TÉCNICO DE LABORATORIO 1 (TC),FACULTAD DE INGENIERÍA MECÁNICA Y CIENCIAS DE LA PRODUCCIÓN,2024-11-15,2024-12-31,0.13,False,False
96742,TÉCNICOS ESPECIALIZADOS - EJECUCIÓN DE ACTIVIDADES DE INVESTIGACIÓN,DECANATO DE INVESTIGACIÓN,2021-11-11,2021-12-31,0.14,False,False
96742,TÉCNICOS ESPECIALIZADOS - EJECUCIÓN DE ACTIVIDADES DE INVESTIGACIÓN,DECANATO DE INVESTIGACIÓN,2022-04-26,2022-12-31,0.68,True,False
96832,TÉCNICOS ESPECIALIZADOS - EJECUCIÓN DE PROYECTOS,GERENCIA DE TECNOLOGÍAS Y SISTEMAS DE INFORMACIÓN,2021-09-16,2022-01-31,0.38,True,False
96832,ANALISTA DE DESARROLLO DE SISTEMAS 1,GERENCIA DE TECNOLOGÍAS Y SISTEMAS DE INFORMACIÓN,2024-01-02,,2.7,True,False
96833,TÉCNICOS ESPECIALIZADOS - EJECUCIÓN DE ACTIVIDADES,UNIDAD DE VINCULACIÓN CON LA SOCIEDAD,2022-01-06,2022-06-30,0.48,True,False
96841,TÉCNICOS ESPECIALIZADOS - EJECUCIÓN DE PROYECTOS,GERENCIA DE TECNOLOGÍAS Y SISTEMAS DE INFORMACIÓN,2021-09-09,2022-01-14,0.35,True,False
96852,TÉCNICOS ESPECIALIZADOS - EJECUCIÓN DE PROYECTOS,GERENCIA DE TECNOLOGÍAS Y SISTEMAS DE INFORMACIÓN,2021-09-16,2022-01-31,0.38,True,False
96856,ASISTENTE DE SOPORTE TÉCNICO,FACULTAD DE INGENIERÍA EN ELECTRICIDAD Y COMPUTACIÓN,2023-04-03,2024-03-28,0.99,True,False
96856,ASISTENTE DE SOPORTE TÉCNICO,FACULTAD DE INGENIERÍA EN ELECTRICIDAD Y COMPUTACIÓN,2024-07-09,2024-07-12,0.01,False,False
96856,ASISTENTE DE SOPORTE TÉCNICO,FACULTAD DE INGENIERÍA EN ELECTRICIDAD Y COMPUTACIÓN,2024-12-11,2024-12-31,0.05,False,False
96856,ASISTENTE DE SOPORTE TÉCNICO,FACULTAD DE INGENIERÍA EN ELECTRICIDAD Y COMPUTACIÓN,2025-05-05,2025-06-30,0.15,False,False
96856,ASISTENTE DE SOPORTE TÉCNICO,FACULTAD DE INGENIERÍA EN ELECTRICIDAD Y COMPUTACIÓN,2025-12-26,,0.72,True,False
96863,TÉCNICO DE INVESTIGACIÓN 1 (TC),CENTRO ECUATORIANO DE INVESTIGACIÓN Y DESARROLLO EN NANOTECNOLOGÍA,2025-10-03,2025-12-31,0.24,False,False
96867,TÉCNICO DE INVESTIGACIÓN 1 (TC),FACULTAD DE CIENCIAS NATURALES Y MATEMÁTICAS,2023-03-01,2025-12-31,2.84,True,False
96867,TÉCNICO DE INVESTIGACIÓN 2 (TC),FACULTAD DE INGENIERÍA MECÁNICA Y CIENCIAS DE LA PRODUCCIÓN,2026-01-20,,0.65,True,False
96877,TÉCNICO DE INVESTIGACIÓN 1 (TC),FACULTAD DE CIENCIAS NATURALES Y MATEMÁTICAS,2023-03-01,2024-12-31,1.84,True,False
96900,TÉCNICO DE INVESTIGACIÓN 1 (TC),FACULTAD DE INGENIERÍA MARÍTIMA Y CIENCIAS DEL MAR,2023-10-16,2024-05-31,0.62,True,False
96905,PROFESOR NO TITULAR OCASIONAL (TC),FACULTAD DE INGENIERÍA MECÁNICA Y CIENCIAS DE LA PRODUCCIÓN,2024-09-30,,1.96,True,False
96906,TÉCNICOS ESPECIALIZADOS - EJECUCIÓN DE ACTIVIDADES DE INVESTIGACIÓN,CENTRO DE ENERGÍAS RENOVABLES Y ALTERNATIVAS,2022-01-06,2022-12-31,0.98,True,False
96924,TÉCNICO DE INVESTIGACIÓN 1 (TC),FACULTAD DE INGENIERÍA MECÁNICA Y CIENCIAS DE LA PRODUCCIÓN,2023-03-15,2025-12-31,2.8,True,False
96924,TÉCNICO DE INVESTIGACIÓN 2 (TC),FACULTAD DE INGENIERÍA MECÁNICA Y CIENCIAS DE LA PRODUCCIÓN,2026-06-01,,0.29,True,False
96954,TÉCNICO DE INVESTIGACIÓN 1 (TC),DECANATO DE INVESTIGACIÓN,2023-03-01,2023-12-31,0.83,True,False
96958,TÉCNICOS ESPECIALIZADOS - EJECUCIÓN DE ACTIVIDADES DE INVESTIGACIÓN,DECANATO DE INVESTIGACIÓN,2022-01-06,2022-06-30,0.48,True,False
96958,TÉCNICOS ESPECIALIZADOS - EJECUCIÓN DE PROYECTOS,DECANATO DE INVESTIGACIÓN,2022-07-26,2022-11-25,0.33,True,False
96958,TÉCNICOS ESPECIALIZADOS - EJECUCIÓN DE ACTIVIDADES,DECANATO DE INVESTIGACIÓN,2022-12-01,2022-12-31,0.08,False,False
96958,TÉCNICOS ESPECIALIZADOS - EJECUCIÓN DE ACTIVIDADES,FACULTAD DE CIENCIAS SOCIALES Y HUMANÍSTICAS,2023-01-09,2023-02-28,0.14,False,False
96958,TÉCNICO DE INVESTIGACIÓN 1 (TC),FACULTAD DE CIENCIAS SOCIALES Y HUMANÍSTICAS,2023-03-01,2025-02-16,1.97,True,False
97002,TÉCNICOS ESPECIALIZADOS - EJECUCIÓN DE PROYECTOS DE INVESTIGACIÓN,DECANATO DE INVESTIGACIÓN,2021-06-01,2021-09-30,0.33,True,False
97002,TÉCNICOS ESPECIALIZADOS - EJECUCIÓN DE ACTIVIDADES DE INVESTIGACIÓN,DECANATO DE INVESTIGACIÓN,2021-11-15,2021-11-30,0.04,False,False
97002,TÉCNICO DE INVESTIGACIÓN 1 (TC),FACULTAD DE CIENCIAS SOCIALES Y HUMANÍSTICAS,2023-05-15,2023-12-31,0.63,True,False
97002,TÉCNICO DE INVESTIGACIÓN 1 (TC),FACULTAD DE CIENCIAS SOCIALES Y HUMANÍSTICAS,2025-10-13,2025-12-31,0.22,False,False
97011,TÉCNICO DE LABORATORIO 1 (TC),FACULTAD DE INGENIERÍA MECÁNICA Y CIENCIAS DE LA PRODUCCIÓN,2023-10-03,2023-12-31,0.24,False,False
97024,TÉCNICO DE INVESTIGACIÓN 1 (TC),FACULTAD DE INGENIERÍA EN ELECTRICIDAD Y COMPUTACIÓN,2023-10-03,2023-12-31,0.24,False,False
97029,TÉCNICO DE LABORATORIO 1 (TC),FACULTAD DE INGENIERÍA EN CIENCIAS DE LA TIERRA,2024-05-13,2025-11-14,1.51,True,False
97037,TÉCNICO DOCENTE 1 (TC),FACULTAD DE INGENIERÍA EN ELECTRICIDAD Y COMPUTACIÓN,2023-10-02,2024-02-16,0.38,True,False
97056,TÉCNICO DOCENTE 1 (TC),FACULTAD DE CIENCIAS NATURALES Y MATEMÁTICAS,2022-05-16,2023-09-30,1.37,True,False
97077,TÉCNICO DE INVESTIGACIÓN 1 (TC),FACULTAD DE INGENIERÍA EN CIENCIAS DE LA TIERRA,2023-10-03,2023-12-31,0.24,False,False
97130,TÉCNICOS ESPECIALIZADOS - EJECUCIÓN DE ACTIVIDADES DE INVESTIGACIÓN,FACULTAD DE INGENIERÍA MECÁNICA Y CIENCIAS DE LA PRODUCCIÓN,2023-01-09,2023-02-28,0.14,False,False
97130,TÉCNICO DOCENTE 1 (TC),FACULTAD DE INGENIERÍA MECÁNICA Y CIENCIAS DE LA PRODUCCIÓN,2023-03-01,,3.55,True,False
97137,TÉCNICO DE INVESTIGACIÓN 1 (TC),FACULTAD DE INGENIERÍA EN CIENCIAS DE LA TIERRA,2023-03-01,2024-03-31,1.08,True,False
97139,TÉCNICOS ESPECIALIZADOS - EJECUCIÓN DE ACTIVIDADES DE INVESTIGACIÓN,DECANATO DE INVESTIGACIÓN,2022-11-01,2022-12-31,0.16,False,False
97139,TÉCNICO DE LABORATORIO 1 (TC),FACULTAD DE INGENIERÍA EN CIENCIAS DE LA TIERRA,2023-02-13,,3.59,True,False
97140,TÉCNICO DE INVESTIGACIÓN 1 (TC),FACULTAD DE CIENCIAS NATURALES Y MATEMÁTICAS,2023-10-17,2025-12-31,2.21,True,False
97145,TÉCNICO DOCENTE 1 (TC),FACULTAD DE INGENIERÍA MARÍTIMA Y CIENCIAS DEL MAR,2024-09-02,,2.04,True,False
97155,TÉCNICO DOCENTE 1 (TC),DECANATO DE GRADO,2023-05-15,2024-02-18,0.76,True,False
97155,TÉCNICO DOCENTE 3 (TC),DIRECCIÓN DE ADMISIONES,2025-07-11,2025-09-28,0.22,False,False
97155,PROFESOR NO TITULAR OCASIONAL (TC),FACULTAD DE CIENCIAS NATURALES Y MATEMÁTICAS,2025-09-29,2026-02-01,0.34,True,False
97158,TÉCNICOS ESPECIALIZADOS - EJECUCIÓN DE ACTIVIDADES DE INVESTIGACIÓN,DECANATO DE INVESTIGACIÓN,2022-02-02,2022-12-31,0.91,True,False
97158,TÉCNICOS ESPECIALIZADOS - EJECUCIÓN DE ACTIVIDADES DE INVESTIGACIÓN,FACULTAD DE INGENIERÍA MECÁNICA Y CIENCIAS DE LA PRODUCCIÓN,2023-01-09,2023-12-31,0.97,True,False
97195,TÉCNICO DOCENTE 1 (TC),FACULTAD DE CIENCIAS SOCIALES Y HUMANÍSTICAS,2023-05-02,2026-02-06,2.77,True,False
97239,TÉCNICO DOCENTE 3 (TC),DIRECCIÓN DE ADMISIONES,2023-10-23,2024-09-20,0.91,True,False
97254,TÉCNICO DE INVESTIGACIÓN 1 (TC),FACULTAD DE INGENIERÍA EN CIENCIAS DE LA TIERRA,2023-10-03,2023-12-31,0.24,False,False
97298,TÉCNICOS ESPECIALIZADOS - EJECUCIÓN DE PROYECTOS DE INVESTIGACIÓN,GERENCIA DE TECNOLOGÍAS Y SISTEMAS DE INFORMACIÓN,2021-08-02,2022-01-31,0.5,True,False
97299,TÉCNICO DOCENTE 3 (TC),DIRECCIÓN DE ADMISIONES,2026-07-01,,0.21,False,False
97328,TÉCNICO DE LABORATORIO 1 (TC),FACULTAD DE INGENIERÍA EN CIENCIAS DE LA TIERRA,2023-10-18,,2.91,True,False
97362,TÉCNICO DOCENTE 3 (TC),DIRECCIÓN DE ADMISIONES,2023-09-06,2025-12-31,2.32,True,False
97379,TÉCNICO DE LABORATORIO 1 (TC),"FACULTAD DE ARTE, DISEÑO Y COMUNICACIÓN AUDIOVISUAL",2023-10-03,2023-12-31,0.24,False,False
97410,TÉCNICO DE LABORATORIO 1 (TC),FACULTAD DE INGENIERÍA MECÁNICA Y CIENCIAS DE LA PRODUCCIÓN,2025-10-14,,0.92,True,False
97455,TÉCNICOS ESPECIALIZADOS - EJECUCIÓN DE PROYECTOS,CENTRO DE INVESTIGACIONES Y SERVICIOS EDUCATIVOS,2016-10-19,2016-11-26,0.1,False,False
97461,PROFESOR NO TITULAR OCASIONAL (TC),FACULTAD DE CIENCIAS NATURALES Y MATEMÁTICAS,2016-10-01,2018-03-09,1.43,True,False
97461,PROFESOR NO TITULAR OCASIONAL (TC),FACULTAD DE CIENCIAS NATURALES Y MATEMÁTICAS,2019-05-13,2026-07-19,7.18,True,True
97461,PROFESOR TITULAR AUXILIAR 1 (TC),FACULTAD DE CIENCIAS NATURALES Y MATEMÁTICAS,2026-07-18,,0.16,False,True
97463,PROFESOR NO TITULAR OCASIONAL (TC),FACULTAD DE CIENCIAS DE LA VIDA,2016-10-01,,9.96,True,False
97465,PROFESOR NO TITULAR OCASIONAL (TC),"FACULTAD DE ARTE, DISEÑO Y COMUNICACIÓN AUDIOVISUAL",2016-10-01,2026-07-19,9.8,True,False
97465,PROFESOR TITULAR AUXILIAR 1 (TC),"FACULTAD DE ARTE, DISEÑO Y COMUNICACIÓN AUDIOVISUAL",2026-07-20,,0.16,False,False
97468,PROFESOR NO TITULAR OCASIONAL (TC),FACULTAD DE CIENCIAS DE LA VIDA,2016-10-01,,9.96,True,False
97471,TÉCNICOS ESPECIALIZADOS - EJECUCIÓN DE PROYECTOS,DESCONOCIDA,2016-09-10,2016-09-17,0.02,False,False
97471,PROFESOR NO TITULAR OCASIONAL (TC),DECANATO DE GRADO,2016-10-01,2021-09-30,5.0,True,False
97472,PROFESOR NO TITULAR OCASIONAL (TC),DECANATO DE GRADO,2016-10-01,2024-02-16,7.38,True,False
97473,PROFESOR NO TITULAR OCASIONAL (TC),FACULTAD DE CIENCIAS SOCIALES Y HUMANÍSTICAS,2016-11-01,,9.87,True,False
97486,PROFESOR NO TITULAR OCASIONAL (TC),DIRECCIÓN DE ADMISIONES,2016-10-01,2020-02-21,3.39,True,False
97530,PROFESOR NO TITULAR OCASIONAL (TC),FACULTAD DE CIENCIAS NATURALES Y MATEMÁTICAS,2017-04-10,,9.43,True,False
97562,ASISTENTE DE LABORATORIO DE INVESTIGACIÓN,CENTRO NACIONAL DE ACUICULTURA E INVESTIGACIONES MARINAS,2016-11-01,2025-10-03,8.92,True,True
97562,TÉCNICO DE INVESTIGACIÓN 2 (TC),CENTRO NACIONAL DE ACUICULTURA E INVESTIGACIONES MARINAS,2025-10-03,,0.95,True,True
97570,ASISTENTE DE CALIDAD Y EVALUACIÓN,DESCONOCIDA,2013-06-03,2013-12-31,0.58,True,False
97577,TÉCNICOS ESPECIALIZADOS - EJECUCIÓN DE PROYECTOS,DESCONOCIDA,2017-01-03,2017-12-31,0.99,True,False
97601,AUXILIAR DE SERVICIOS,FACULTAD DE CIENCIAS SOCIALES Y HUMANÍSTICAS,2016-10-20,2024-03-19,7.41,True,False
97602,PROFESOR NO TITULAR OCASIONAL 2 (TC),FACULTAD DE CIENCIAS NATURALES Y MATEMÁTICAS,2016-10-17,2017-12-31,1.2,True,False
97602,TÉCNICO DOCENTE 1 (TC),FACULTAD DE CIENCIAS NATURALES Y MATEMÁTICAS,2018-01-01,2026-02-13,8.12,True,False
97637,AUXILIAR DE SERVICIOS,"FACULTAD DE ARTE, DISEÑO Y COMUNICACIÓN AUDIOVISUAL",2016-11-01,,9.87,True,False
97664,PROFESOR NO TITULAR OCASIONAL 2 (TC),"FACULTAD DE INGENIERIA MARÍTIMA, CIENCIAS BIOLÓGICAS, OCEÁNICAS Y RECURSOS NATURALES",2017-05-02,2017-12-31,0.67,True,False
97664,TECNICO DOCENTE 4,FACULTAD DE CIENCIAS SOCIALES Y HUMANÍSTICAS,2018-01-01,2020-05-31,2.41,True,False
97664,PROFESOR NO TITULAR OCASIONAL (TC),FACULTAD DE CIENCIAS SOCIALES Y HUMANÍSTICAS,2020-06-01,,6.29,True,False
97667,ANALISTA DE COMUNICACIÓN 2,GERENCIA DE COMUNICACIÓN,2017-01-01,,9.7,True,False
97668,ANALISTA DE INFORMACIÓN BIBLIOTECARIO,CENTRO DE INFORMACIÓN BIBLIOTECARIA,2017-01-01,,9.7,True,False
97687,ANALISTA DE LABORATORIO DE INVESTIGACIÓN 2,CENTRO NACIONAL DE ACUICULTURA E INVESTIGACIONES MARINAS,2017-01-03,2024-08-30,7.65,True,False
97703,TÉCNICOS ESPECIALIZADOS - EJECUCIÓN DE PROYECTOS,DESCONOCIDA,2016-12-01,2017-09-30,0.83,True,False
97703,ANALISTA DE LABORATORIO DE INVESTIGACIÓN 2,CENTRO DE INVESTIGACIONES BIOTECNOLÓGICAS DEL ECUADOR,2017-10-01,2025-05-31,7.66,True,False
97703,TÉCNICO DE INVESTIGACIÓN 1 (TC),CENTRO DE INVESTIGACIONES BIOTECNOLÓGICAS DEL ECUADOR,2025-10-03,2026-05-17,0.62,True,False
97706,AUDITOR INTERNO 1,DESCONOCIDA,2017-02-01,2020-07-06,3.42,True,False
97741,TÉCNICOS ESPECIALIZADOS - EJECUCIÓN DE PROYECTOS,DESCONOCIDA,2016-10-03,2017-01-31,0.33,True,False
97762,ASISTENTE EJECUTIVA 2,DESCONOCIDA,2017-02-15,2018-06-01,1.29,True,True
97762,ANALISTA ADMINISTRATIVO,"FACULTAD DE ARTE, DISEÑO Y COMUNICACIÓN AUDIOVISUAL",2018-06-01,2020-12-31,2.58,True,True
97773,SUPERVISOR DE EVALUACION DE CAMARAS,DESCONOCIDA,1993-11-08,1994-05-07,0.49,True,False
97773,SUPERVISOR EN EL PROYECTO ESPOL/UNO,DESCONOCIDA,1994-06-13,1994-07-31,0.13,False,False
97773,"SUPERVISOR DE ""EVALUACIÓN DE CÁMARAS"" DEL PROYECTO ESPOL/UNO",DESCONOCIDA,1994-09-01,1994-10-15,0.12,False,False
97773,"SUPERVISOR DE ""EVALUACIÓN DE CÁMARAS"" EN EL PROYECTO ESPOL/UNO",DESCONOCIDA,1995-01-01,1995-01-30,0.08,False,False
97773,TÉCNICOS ESPECIALIZADOS - EJECUCIÓN DE PROYECTOS,DESCONOCIDA,2016-10-30,2017-01-30,0.25,True,False
97773,ANALISTA DE INFRAESTRUCTURA FÍSICA 2,GERENCIA DE INFRAESTRUCTURA FÍSICA,2021-01-04,,5.7,True,False
97829,TÉCNICO DOCENTE 1 (TC),FACULTAD DE INGENIERÍA MECÁNICA Y CIENCIAS DE LA PRODUCCIÓN,2023-10-10,,2.93,True,False
97836,TÉCNICOS ESPECIALIZADOS - EJECUCIÓN DE ACTIVIDADES,GERENCIA DE INFRAESTRUCTURA FÍSICA,2022-08-03,2022-12-31,0.41,True,False
97836,ASISTENTE DE INFRAESTRUCTURA FÍSICA,GERENCIA DE INFRAESTRUCTURA FÍSICA,2023-08-01,2025-06-01,1.83,True,False
97845,TÉCNICO DOCENTE 1 (TC),FACULTAD DE INGENIERÍA EN ELECTRICIDAD Y COMPUTACIÓN,2023-05-15,2025-02-14,1.75,True,False
97846,TÉCNICO DE INVESTIGACIÓN 1 (MT),DECANATO DE INVESTIGACIÓN,2023-03-01,2023-12-31,0.83,True,False
97853,TÉCNICOS ESPECIALIZADOS - EJECUCIÓN DE ACTIVIDADES DE INVESTIGACIÓN,FACULTAD DE INGENIERÍA MECÁNICA Y CIENCIAS DE LA PRODUCCIÓN,2023-01-09,2023-02-28,0.14,False,False
97853,TÉCNICO DE INVESTIGACIÓN 1 (TC),FACULTAD DE INGENIERÍA MECÁNICA Y CIENCIAS DE LA PRODUCCIÓN,2023-03-01,2024-05-31,1.25,True,False
97876,TÉCNICO DE INVESTIGACIÓN 1 (TC),DECANATO DE INVESTIGACIÓN,2023-03-01,2023-06-05,0.26,True,False
97894,TÉCNICOS ESPECIALIZADOS - EJECUCIÓN DE ACTIVIDADES DE INVESTIGACIÓN,DECANATO DE INVESTIGACIÓN,2022-05-11,2022-12-31,0.64,True,False
97894,TÉCNICOS ESPECIALIZADOS - EJECUCIÓN DE ACTIVIDADES DE INVESTIGACIÓN,FACULTAD DE CIENCIAS SOCIALES Y HUMANÍSTICAS,2023-01-09,2023-02-28,0.14,False,False
97926,TÉCNICO DOCENTE 3 (TC),DIRECCIÓN DE ADMISIONES,2023-09-20,,2.99,True,False
97928,TÉCNICO DE LABORATORIO 1 (TC),"FACULTAD DE ARTE, DISEÑO Y COMUNICACIÓN AUDIOVISUAL",2023-10-03,2023-12-31,0.24,False,False
97928,TÉCNICO DE INVESTIGACIÓN 1 (TC),"FACULTAD DE ARTE, DISEÑO Y COMUNICACIÓN AUDIOVISUAL",2024-06-03,,2.29,True,False
97933,TÉCNICOS ESPECIALIZADOS - EJECUCIÓN DE ACTIVIDADES DE INVESTIGACIÓN,DECANATO DE INVESTIGACIÓN,2021-06-01,2021-12-31,0.58,True,False
98030,PROFESOR NO TITULAR OCASIONAL 2 (TC),DESCONOCIDA,2017-04-26,2017-12-31,0.68,True,False
98030,TECNICO DOCENTE 1,FACULTAD DE CIENCIAS NATURALES Y MATEMÁTICAS,2018-01-01,2020-02-21,2.14,True,False
98034,PROFESOR NO TITULAR OCASIONAL (TC),FACULTAD DE CIENCIAS DE LA VIDA,2017-04-26,2023-05-31,6.09,True,False
98034,PROFESOR TITULAR AGREGADO 1 (TC),FACULTAD DE CIENCIAS DE LA VIDA,2023-06-01,,3.29,True,False
98037,PROFESOR NO TITULAR OCASIONAL (TC),FACULTAD DE CIENCIAS NATURALES Y MATEMÁTICAS,2017-10-01,2023-02-17,5.38,True,False
98038,PROFESOR NO TITULAR OCASIONAL (TC),FACULTAD DE CIENCIAS NATURALES Y MATEMÁTICAS,2017-10-01,,8.96,True,False
98040,PROFESOR NO TITULAR OCASIONAL (TC),FACULTAD DE CIENCIAS NATURALES Y MATEMÁTICAS,2017-10-01,,8.96,True,False
98044,TÉCNICO DOCENTE 3 (TC),DIRECCIÓN DE ADMISIONES,2023-09-20,,2.99,True,False
98053,TÉCNICOS ESPECIALIZADOS - EJECUCIÓN DE ACTIVIDADES,CENTRO DE ESTUDIOS ASIA-PACÍFICO,2021-06-14,2022-12-31,1.55,True,False
98053,TÉCNICO DE INVESTIGACIÓN 1 (TC),FACULTAD DE CIENCIAS SOCIALES Y HUMANÍSTICAS,2023-10-16,2025-02-16,1.34,True,False
98113,TÉCNICO DE LABORATORIO 1 (TC),FACULTAD DE CIENCIAS SOCIALES Y HUMANÍSTICAS,2023-10-03,2023-12-31,0.24,False,False
98201,TÉCNICO DOCENTE 3 (TC),DIRECCIÓN DE ADMISIONES,2023-09-20,2023-12-31,0.28,True,False
98214,ASISTENTE EJECUTIVA 1,CENTRO NACIONAL DE ACUICULTURA E INVESTIGACIONES MARINAS,2021-12-01,2022-10-06,0.85,True,False
98233,TÉCNICOS ESPECIALIZADOS - EJECUCIÓN DE PROYECTOS DE INVESTIGACIÓN,CENTRO INTERNACIONAL DEL PACÍFICO PARA LA REDUCCIÓN DEL RIESGO DE DESASTRES,2023-07-25,2023-11-25,0.34,True,False
98256,TÉCNICO DE INVESTIGACIÓN 1 (TC),FACULTAD DE INGENIERÍA EN CIENCIAS DE LA TIERRA,2023-03-01,2024-04-08,1.11,True,False
98296,CHOFER,DIRECCIÓN DE SERVICIOS GENERALES,2017-05-25,2022-12-31,5.6,True,False
98296,ASISTENTE ADMINISTRATIVO,GERENCIA ADMINISTRATIVA,2023-01-03,,3.7,True,False
98297,AUXILIAR DE SERVICIOS DE MANTENIMIENTO,"FACULTAD DE ARTE, DISEÑO Y COMUNICACIÓN AUDIOVISUAL",2017-05-25,,9.31,True,False
98299,AUXILIAR DE SERVICIOS DE MANTENIMIENTO,DIRECCIÓN DE SERVICIOS GENERALES,2017-05-25,,9.31,True,False
98307,AUXILIAR DE SERVICIOS DE MANTENIMIENTO,DIRECCIÓN DE SERVICIOS GENERALES,2017-05-25,2018-09-30,1.35,True,False
98307,TÉCNICO DE ARCHIVO Y DIGITALIZACIÓN,DIRECCIÓN DE LA SECRETARÍA TÉCNICA ACADEMICA,2018-10-01,,7.96,True,False
98308,JARDINERO/TRABAJADOR DEL DEPARTAMENTO DE GESTIÒN AMBIENTAL,FACULTAD DE CIENCIAS SOCIALES Y HUMANÍSTICAS,2017-05-25,2023-03-17,5.81,True,True
98308,AUXILIAR DE SERVICIOS,DIRECCIÓN DE SERVICIOS GENERALES,2023-01-01,,3.71,True,True
98308,JARDINERO/TRABAJADOR DEL DEPARTAMENTO DE GESTIÒN AMBIENTAL,FACULTAD DE CIENCIAS SOCIALES Y HUMANÍSTICAS,2023-07-21,2023-09-11,0.14,False,True
98309,AUXILIAR DE SERVICIOS,GERENCIA DE BIENESTAR POLITÉCNICO,2017-05-25,,9.31,True,False
98310,AUXILIAR DE SERVICIOS DE MANTENIMIENTO,DIRECCION DE SEGURIDAD FISICA,2017-05-25,2025-01-08,7.62,True,True
98310,GUARDIA DE SEGURIDAD/GUARDIA ARMADO/VIGILANTE UNIFORMADO,DIRECCION DE SEGURIDAD FISICA,2025-01-01,2025-05-31,0.41,True,True
98311,JARDINERO/TRABAJADOR DEL DEPARTAMENTO DE GESTIÒN AMBIENTAL,FACULTAD DE INGENIERÍA EN ELECTRICIDAD Y COMPUTACIÓN,2017-05-25,2023-03-27,5.84,True,False
98340,TÉCNICO DE INVESTIGACIÓN 1 (TC),FACULTAD DE CIENCIAS DE LA VIDA,2022-10-17,2023-07-31,0.79,True,False
98342,TÉCNICO DE INVESTIGACIÓN 1 (TC),DECANATO DE INVESTIGACIÓN,2023-01-03,2023-12-31,0.99,True,False
98344,TÉCNICO DE INVESTIGACIÓN 1 (TC),"VICERRECTORADO DE INVESTIGACIÓN, DESARROLLO E INNOVACIÓN",2023-03-01,2023-12-31,0.83,True,False
98357,TÉCNICO DE INVESTIGACIÓN 1 (TC),FACULTAD DE INGENIERÍA EN CIENCIAS DE LA TIERRA,2023-06-14,2024-04-08,0.82,True,False
98372,TÉCNICOS ESPECIALIZADOS - EJECUCIÓN DE ACTIVIDADES DE INVESTIGACIÓN,DECANATO DE INVESTIGACIÓN,2021-10-20,2021-12-31,0.2,False,False
98372,TÉCNICOS ESPECIALIZADOS - EJECUCIÓN DE ACTIVIDADES DE INVESTIGACIÓN,DECANATO DE INVESTIGACIÓN,2022-06-06,2022-09-30,0.32,True,False
98372,TÉCNICOS ESPECIALIZADOS - EJECUCIÓN DE PROYECTOS DE INVESTIGACIÓN,DECANATO DE INVESTIGACIÓN,2022-10-03,2022-12-31,0.24,False,False
98376,TÉCNICOS ESPECIALIZADOS - EJECUCIÓN DE ACTIVIDADES DE INVESTIGACIÓN,DECANATO DE INVESTIGACIÓN,2021-10-20,2022-09-28,0.94,True,False
98380,TÉCNICO DE LABORATORIO 1 (TC),FACULTAD DE INGENIERÍA MECÁNICA Y CIENCIAS DE LA PRODUCCIÓN,2023-10-05,2023-12-31,0.24,False,False
98398,TÉCNICOS ESPECIALIZADOS - EJECUCIÓN DE ACTIVIDADES DE INVESTIGACIÓN,DECANATO DE INVESTIGACIÓN,2022-11-08,2022-12-31,0.15,False,False
98413,TÉCNICO DE LABORATORIO 1 (TC),FACULTAD DE CIENCIAS SOCIALES Y HUMANÍSTICAS,2023-10-03,2023-12-31,0.24,False,False
98413,TÉCNICO DE LABORATORIO 1 (TC),FACULTAD DE CIENCIAS DE LA VIDA,2025-03-05,2025-12-31,0.82,True,False
98413,TÉCNICO DE INVESTIGACIÓN 1 (TC),CENTRO DE INVESTIGACIONES Y SERVICIOS EDUCATIVOS,2026-06-15,,0.25,True,False
98417,TÉCNICO DE INVESTIGACIÓN 1 (TC),FACULTAD DE INGENIERÍA EN ELECTRICIDAD Y COMPUTACIÓN,2023-02-06,2025-05-30,2.31,True,False
98417,TÉCNICO DE INVESTIGACIÓN 1 (TC),CENTRO DE TECNOLOGÍAS DE LA INFORMACIÓN,2025-10-03,2025-12-31,0.24,False,False
98433,TÉCNICOS ESPECIALIZADOS - EJECUCIÓN DE ACTIVIDADES DE INVESTIGACIÓN,DECANATO DE INVESTIGACIÓN,2021-05-19,2022-12-31,1.62,True,False
98433,TÉCNICOS ESPECIALIZADOS - EJECUCIÓN DE ACTIVIDADES DE INVESTIGACIÓN,FACULTAD DE CIENCIAS NATURALES Y MATEMÁTICAS,2023-01-09,2023-02-28,0.14,False,False
98433,TÉCNICO DE INVESTIGACIÓN 1 (TC),DECANATO DE INVESTIGACIÓN,2023-03-01,2023-08-31,0.5,True,False
98467,TÉCNICO DE LABORATORIO 1 (TC),FACULTAD DE INGENIERÍA MECÁNICA Y CIENCIAS DE LA PRODUCCIÓN,2023-10-05,2023-12-31,0.24,False,False
98468,TÉCNICO DE LABORATORIO 1 (TC),FACULTAD DE INGENIERÍA MECÁNICA Y CIENCIAS DE LA PRODUCCIÓN,2023-10-05,2023-12-31,0.24,False,False
98473,TÉCNICO DE INVESTIGACIÓN 1 (MT),DECANATO DE INVESTIGACIÓN,2023-03-01,2023-12-31,0.83,True,False
98482,TÉCNICO DOCENTE 1 (TC),FACULTAD DE CIENCIAS SOCIALES Y HUMANÍSTICAS,2023-06-05,,3.28,True,False
98513,TÉCNICOS ESPECIALIZADOS - EJECUCIÓN DE ACTIVIDADES,UNIDAD DE VINCULACIÓN CON LA SOCIEDAD,2021-07-27,2021-12-31,0.43,True,False
98536,TÉCNICO DE LABORATORIO 1 (TC),FACULTAD DE CIENCIAS DE LA VIDA,2023-10-05,2023-12-31,0.24,False,False
98544,TÉCNICOS ESPECIALIZADOS - EJECUCIÓN DE ACTIVIDADES DE INVESTIGACIÓN,DECANATO DE INVESTIGACIÓN,2021-06-09,2022-02-28,0.72,True,False
98581,TÉCNICO DOCENTE 1 (TC),FACULTAD DE INGENIERÍA MARÍTIMA Y CIENCIAS DEL MAR,2025-05-12,,1.35,True,False
98590,TÉCNICOS ESPECIALIZADOS - EJECUCIÓN DE ACTIVIDADES DE INVESTIGACIÓN,DECANATO DE INVESTIGACIÓN,2021-06-09,2021-12-31,0.56,True,False
98590,TÉCNICOS ESPECIALIZADOS - EJECUCIÓN DE ACTIVIDADES DE INVESTIGACIÓN,DECANATO DE INVESTIGACIÓN,2022-05-25,2022-12-31,0.6,True,False
98590,TÉCNICOS ESPECIALIZADOS - EJECUCIÓN DE ACTIVIDADES DE INVESTIGACIÓN,FACULTAD DE CIENCIAS NATURALES Y MATEMÁTICAS,2023-01-09,2023-12-31,0.97,True,False
98590,TÉCNICOS ESPECIALIZADOS - EJECUCIÓN DE ACTIVIDADES DE INVESTIGACIÓN,FACULTAD DE CIENCIAS SOCIALES Y HUMANÍSTICAS,2024-01-08,2024-12-31,0.98,True,False
98610,TÉCNICO DE LABORATORIO 1 (TC),FACULTAD DE CIENCIAS DE LA VIDA,2024-11-15,2024-12-31,0.13,False,False
98610,TÉCNICO DE LABORATORIO 1 (TC),FACULTAD DE CIENCIAS DE LA VIDA,2025-09-01,2025-12-31,0.33,True,False
98610,TÉCNICO DE LABORATORIO 1 (TC),FACULTAD DE CIENCIAS DE LA VIDA,2026-07-21,,0.16,False,False
98657,TÉCNICO DE LABORATORIO 1 (TC),FACULTAD DE CIENCIAS DE LA VIDA,2023-10-03,2023-12-31,0.24,False,False
98678,TÉCNICO DE LABORATORIO 1 (TC),FACULTAD DE CIENCIAS DE LA VIDA,2023-10-05,2023-12-31,0.24,False,False
98684,TÉCNICO DE LABORATORIO 1 (TC),FACULTAD DE CIENCIAS DE LA VIDA,2026-01-05,2026-05-08,0.34,True,False
98686,TÉCNICO DE INVESTIGACIÓN 1 (TC),DECANATO DE INVESTIGACIÓN,2023-03-01,2023-12-31,0.83,True,False
98686,TÉCNICO DE INVESTIGACIÓN 1 (TC),FACULTAD DE CIENCIAS NATURALES Y MATEMÁTICAS,2026-06-01,,0.29,True,False
98706,TÉCNICO DE INVESTIGACIÓN 1 (TC),FACULTAD DE CIENCIAS NATURALES Y MATEMÁTICAS,2023-05-02,2023-08-27,0.32,True,False
98706,TÉCNICO DOCENTE 1 (TC),FACULTAD DE CIENCIAS NATURALES Y MATEMÁTICAS,2025-10-01,,0.96,True,False
98732,TÉCNICOS ESPECIALIZADOS - EJECUCIÓN DE ACTIVIDADES DE INVESTIGACIÓN,DECANATO DE INVESTIGACIÓN,2022-10-12,2023-02-28,0.38,True,False
98732,TÉCNICO DE LABORATORIO 1 (TC),FACULTAD DE CIENCIAS DE LA VIDA,2023-03-01,2023-12-31,0.83,True,False
98732,TÉCNICO DE LABORATORIO 1 (TC),FACULTAD DE CIENCIAS DE LA VIDA,2024-11-18,2024-12-31,0.12,False,False
98757,TÉCNICO DE INVESTIGACIÓN 1 (TC),FACULTAD DE INGENIERÍA EN CIENCIAS DE LA TIERRA,2023-10-03,2023-12-31,0.24,False,False
98757,TÉCNICO DE LABORATORIO 1 (TC),FACULTAD DE INGENIERÍA EN CIENCIAS DE LA TIERRA,2026-01-05,,0.7,True,False
98780,TÉCNICO DE LABORATORIO 1 (TC),FACULTAD DE INGENIERÍA EN CIENCIAS DE LA TIERRA,2023-02-13,,3.59,True,False
98828,TÉCNICO DE INVESTIGACIÓN 1 (TC),FACULTAD DE CIENCIAS NATURALES Y MATEMÁTICAS,2023-06-27,2024-08-31,1.18,True,False
98838,TÉCNICO DE INVESTIGACIÓN 1 (TC),FACULTAD DE CIENCIAS NATURALES Y MATEMÁTICAS,2023-11-01,2023-12-31,0.16,False,False
98842,TÉCNICO DE LABORATORIO 1 (TC),FACULTAD DE INGENIERÍA MECÁNICA Y CIENCIAS DE LA PRODUCCIÓN,2023-10-03,2023-12-31,0.24,False,False
98842,TÉCNICO DE LABORATORIO 1 (TC),FACULTAD DE INGENIERÍA MECÁNICA Y CIENCIAS DE LA PRODUCCIÓN,2025-09-22,,0.98,True,False
98851,TÉCNICO DE LABORATORIO 1 (TC),FACULTAD DE INGENIERÍA MECÁNICA Y CIENCIAS DE LA PRODUCCIÓN,2023-10-05,2023-12-31,0.24,False,False
98855,TÉCNICO DE INVESTIGACIÓN 1 (TC),CENTRO DE TECNOLOGÍAS DE LA INFORMACIÓN,2023-05-15,2026-02-13,2.75,True,False
98856,TÉCNICOS ESPECIALIZADOS - EJECUCIÓN DE ACTIVIDADES DE INVESTIGACIÓN,DECANATO DE INVESTIGACIÓN,2022-11-01,2022-11-30,0.08,False,False
98892,TÉCNICO DE LABORATORIO 1 (TC),FACULTAD DE INGENIERÍA MECÁNICA Y CIENCIAS DE LA PRODUCCIÓN,2023-10-03,2024-05-05,0.59,True,False
98892,TÉCNICO DOCENTE 3 (TC),DIRECCIÓN DE ADMISIONES,2024-05-13,,2.34,True,False
98896,TÉCNICO DE INVESTIGACIÓN 1 (TC),FACULTAD DE INGENIERÍA EN CIENCIAS DE LA TIERRA,2023-10-03,2023-12-31,0.24,False,False
98923,AUXILIAR DE SERVICIOS DE MANTENIMIENTO,DIRECCIÓN DE SERVICIOS GENERALES,2017-05-25,,9.31,True,True
98923,CHOFER,DIRECCIÓN DE SERVICIOS GENERALES,2025-10-13,2025-10-14,0.0,False,True
98935,PROFESOR NO TITULAR OCASIONAL 2 (TC),DESCONOCIDA,2017-05-01,2017-12-31,0.67,True,False
98935,TECNICO DOCENTE 4,DIRECCIÓN DE ADMISIONES,2018-01-01,2020-05-31,2.41,True,False
98935,TÉCNICO DOCENTE 4 (TC),DIRECCIÓN DE ADMISIONES,2021-06-01,2021-08-31,0.25,False,False
98935,PROFESOR NO TITULAR OCASIONAL (MT),FACULTAD DE CIENCIAS NATURALES Y MATEMÁTICAS,2021-10-04,2022-02-18,0.38,True,False
98935,TÉCNICO DOCENTE 3 (MT),DIRECCIÓN DE ADMISIONES,2023-10-10,2023-12-31,0.22,False,False
98936,PROFESOR NO TITULAR OCASIONAL 2 (TC),DESCONOCIDA,2017-05-01,2017-12-31,0.67,True,False
98936,TECNICO DOCENTE 4,DIRECCIÓN DE ADMISIONES,2018-01-01,2020-05-31,2.41,True,False
98936,TÉCNICO DOCENTE 4 (TC),DIRECCIÓN DE ADMISIONES,2021-05-25,2021-10-03,0.36,True,False
98936,PROFESOR NO TITULAR OCASIONAL (TC),DECANATO DE GRADO,2021-10-04,,4.95,True,False
98950,PROFESOR NO TITULAR OCASIONAL 2 (TC),DESCONOCIDA,2017-05-02,2017-09-22,0.39,True,False
98956,AYUDANTE DE SERVICIOS ADMINISTRATIVOS,CENTRO NACIONAL DE ACUICULTURA E INVESTIGACIONES MARINAS,2017-05-15,2021-09-17,4.34,True,False
98960,ANALISTA DE ARCHIVO,SECRETARIA ADMINISTRATIVA,2017-07-01,,9.21,True,False
98962,TÉCNICO DOCENTE 4 (TC),DIRECCIÓN DE ADMISIONES,2021-05-25,2021-12-31,0.6,True,False
98966,PROFESOR NO TITULAR OCASIONAL (TC),FACULTAD DE INGENIERÍA EN CIENCIAS DE LA TIERRA,2020-02-22,2020-03-01,0.02,False,False
98968,TÉCNICO DOCENTE 3 (TC),DIRECCIÓN DE ADMISIONES,2023-09-20,2023-12-31,0.28,True,False
98971,TÉCNICO DOCENTE 4 (MT),DIRECCIÓN DE ADMISIONES,2021-05-25,2021-08-31,0.27,True,False
98973,TÉCNICO DOCENTE 1 (TC),FACULTAD DE CIENCIAS NATURALES Y MATEMÁTICAS,2018-05-01,,8.38,True,False
98980,TÉCNICO DOCENTE 4 (TC),DIRECCIÓN DE ADMISIONES,2021-05-25,2021-12-31,0.6,True,False
98980,TÉCNICO DOCENTE 3 (TC),DIRECCIÓN DE ADMISIONES,2023-05-29,,3.3,True,False
98984,TÉCNICOS ESPECIALIZADOS - EJECUCIÓN DE PROYECTOS,GERENCIA DE COMUNICACIÓN SOCIAL Y ASUNTOS PÚBLICOS,2017-06-01,2017-06-30,0.08,False,False
98984,OPERADOR DE ACABADOS DE IMPRESIÒN,GERENCIA DE COMUNICACIÓN,2017-07-01,,9.21,True,False
99043,TÉCNICO DE INVESTIGACIÓN 4 (TC),CENTRO NACIONAL DE ACUICULTURA E INVESTIGACIONES MARINAS,2019-05-01,2020-09-20,1.39,True,False
99043,PROFESOR NO TITULAR OCASIONAL (TC),FACULTAD DE CIENCIAS NATURALES Y MATEMÁTICAS,2023-10-10,,2.93,True,False
99083,PROFESOR NO TITULAR OCASIONAL (TP),"FACULTAD DE ARTE, DISEÑO Y COMUNICACIÓN AUDIOVISUAL",2025-05-12,2025-08-19,0.27,True,False
99100,TÉCNICO DOCENTE 3 (TC),DIRECCIÓN DE ADMISIONES,2023-10-10,2023-12-31,0.22,False,False
99102,TÉCNICOS ESPECIALIZADOS - EJECUCIÓN DE ACTIVIDADES DE INVESTIGACIÓN,DECANATO DE INVESTIGACIÓN,2022-01-06,2022-08-25,0.63,True,False
99110,TÉCNICOS ESPECIALIZADOS - EJECUCIÓN DE ACTIVIDADES DE INVESTIGACIÓN,CENTRO DE TECNOLOGÍAS DE LA INFORMACIÓN,2023-07-11,2023-12-31,0.47,True,False
99110,TÉCNICO DE INVESTIGACIÓN 1 (TC),CENTRO DE TECNOLOGÍAS DE LA INFORMACIÓN,2024-01-02,2025-12-31,2.0,True,False
99124,TÉCNICO DOCENTE 3 (MT),DIRECCIÓN DE ADMISIONES,2023-09-20,2023-12-31,0.28,True,False
99136,TÉCNICO DE LABORATORIO 1 (TC),FACULTAD DE INGENIERÍA MECÁNICA Y CIENCIAS DE LA PRODUCCIÓN,2023-10-03,2023-12-31,0.24,False,False
99138,TÉCNICO DE LABORATORIO 1 (TC),FACULTAD DE INGENIERÍA MECÁNICA Y CIENCIAS DE LA PRODUCCIÓN,2023-10-05,2023-12-31,0.24,False,False
99141,TÉCNICO DE LABORATORIO 1 (TC),FACULTAD DE INGENIERÍA MECÁNICA Y CIENCIAS DE LA PRODUCCIÓN,2023-10-05,2023-12-31,0.24,False,False
99141,TÉCNICO DE INVESTIGACIÓN 1 (TC),"CENTRO DE INVESTIGACIÓN, DESARROLLO E INNOVACIÓN DE SISTEMAS COMPUTACIONALES",2025-02-03,,1.62,True,False
99143,TÉCNICO DE INVESTIGACIÓN 1 (TC),"CENTRO DE INVESTIGACIÓN, DESARROLLO E INNOVACIÓN DE SISTEMAS COMPUTACIONALES",2025-10-03,2025-12-31,0.24,False,False
99143,TÉCNICO DOCENTE 1 (TC),FACULTAD DE INGENIERÍA EN ELECTRICIDAD Y COMPUTACIÓN,2026-05-13,,0.34,True,False
99225,TÉCNICO DE INVESTIGACIÓN 1 (TC),FACULTAD DE CIENCIAS NATURALES Y MATEMÁTICAS,2024-11-05,,1.86,True,False
99249,TÉCNICO DE LABORATORIO 1 (TC),FACULTAD DE INGENIERÍA MECÁNICA Y CIENCIAS DE LA PRODUCCIÓN,2023-10-03,2023-12-31,0.24,False,False
99267,TÉCNICO DE INVESTIGACIÓN 1 (TC),CENTRO INTERNACIONAL DEL PACÍFICO PARA LA REDUCCIÓN DEL RIESGO DE DESASTRES,2025-10-03,2025-12-31,0.24,False,False
99308,TÉCNICO DOCENTE 1 (TC),FACULTAD DE CIENCIAS NATURALES Y MATEMÁTICAS,2023-05-22,2024-09-20,1.33,True,False
99419,TÉCNICO DE LABORATORIO 1 (TC),FACULTAD DE INGENIERÍA MECÁNICA Y CIENCIAS DE LA PRODUCCIÓN,2023-10-05,2023-12-06,0.17,False,False
99442,TÉCNICOS ESPECIALIZADOS - EJECUCIÓN DE ACTIVIDADES,GERENCIA DE TECNOLOGÍAS Y SISTEMAS DE INFORMACIÓN,2025-08-01,2026-06-04,0.84,True,False
99588,TÉCNICO DE INVESTIGACIÓN 1 (TC),FACULTAD DE CIENCIAS SOCIALES Y HUMANÍSTICAS,2023-05-15,2025-02-16,1.76,True,False
99596,ASISTENTE DE PLANIFICACIÓN Y PROYECTOS,GERENCIA DE PLANIFICACIÓN ESTRATÉGICA,2022-10-03,2023-12-22,1.22,True,False
99686,TÉCNICOS ESPECIALIZADOS - EJECUCIÓN DE ACTIVIDADES,GERENCIA DE TECNOLOGÍAS Y SISTEMAS DE INFORMACIÓN,2024-11-15,2024-12-31,0.13,False,False
99718,TÉCNICO DE INVESTIGACIÓN 1 (TC),FACULTAD DE CIENCIAS DE LA VIDA,2025-09-01,,1.04,True,False
99736,PROFESOR NO TITULAR OCASIONAL (TC),"FACULTAD DE ARTE, DISEÑO Y COMUNICACIÓN AUDIOVISUAL",2017-10-01,2021-07-31,3.83,True,False
99736,PROFESOR TITULAR AGREGADO 1 (TC),"FACULTAD DE ARTE, DISEÑO Y COMUNICACIÓN AUDIOVISUAL",2021-08-01,,5.12,True,False
99772,TÉCNICO DOCENTE 1 (TC),FACULTAD DE INGENIERÍA MECÁNICA Y CIENCIAS DE LA PRODUCCIÓN,2023-10-02,2024-10-18,1.05,True,False
99852,TECNICO DOCENTE,ESCUELA DE DISEÑO Y COMUNICACIÓN VISUAL,2017-09-22,2018-06-30,0.77,True,False
99852,ANALISTA DE COMUNICACIÓN 2,GERENCIA DE COMUNICACIÓN,2018-07-01,,8.21,True,False
99869,TÉCNICO DE LABORATORIO 1 (TC),FACULTAD DE CIENCIAS SOCIALES Y HUMANÍSTICAS,2023-10-03,2023-12-31,0.24,False,False
99877,TÉCNICO DE INVESTIGACIÓN 1 (TC),CENTRO DE AGUA Y DESARROLLO SUSTENTABLE,2025-10-03,2025-12-31,0.24,False,False
99883,PROFESOR NO TITULAR OCASIONAL (TP),"FACULTAD DE ARTE, DISEÑO Y COMUNICACIÓN AUDIOVISUAL",2017-10-05,,8.95,True,False
99887,TÉCNICO DE INVESTIGACIÓN 1 (TC),FACULTAD DE INGENIERÍA EN CIENCIAS DE LA TIERRA,2026-06-01,,0.29,True,False
99944,TÉCNICO DOCENTE 3 (TC),DIRECCIÓN DE ADMISIONES,2025-05-12,2025-12-31,0.64,True,False
99944,TÉCNICO DOCENTE 1 (TC),FACULTAD DE CIENCIAS NATURALES Y MATEMÁTICAS,2026-05-04,,0.37,True,False
99956,TÉCNICO DOCENTE 3 (MT),DIRECCIÓN DE ADMISIONES,2025-11-06,2025-12-31,0.15,False,False
99983,AUXILIAR DE SERVICIOS DE MANTENIMIENTO,DIRECCIÓN DE SERVICIOS GENERALES,2019-03-01,,7.54,True,False
100016,TÉCNICO DE LABORATORIO 1 (TC),FACULTAD DE CIENCIAS DE LA VIDA,2023-10-05,2023-12-31,0.24,False,False
100055,TÉCNICOS ESPECIALIZADOS - EJECUCIÓN DE ACTIVIDADES,DECANATO DE INVESTIGACIÓN,2022-04-06,2022-08-23,0.38,True,False
100055,TÉCNICOS ESPECIALIZADOS - EJECUCIÓN DE ACTIVIDADES DE INVESTIGACIÓN,"CENTRO DE INVESTIGACIÓN, DESARROLLO E INNOVACIÓN DE SISTEMAS COMPUTACIONALES",2023-02-01,2023-12-31,0.91,True,False
100055,TÉCNICO DE INVESTIGACIÓN 1 (TC),"CENTRO DE INVESTIGACIÓN, DESARROLLO E INNOVACIÓN DE SISTEMAS COMPUTACIONALES",2024-01-02,,2.7,True,False
100136,TÉCNICO DE LABORATORIO 1 (TC),FACULTAD DE INGENIERÍA MECÁNICA Y CIENCIAS DE LA PRODUCCIÓN,2023-10-05,2023-12-31,0.24,False,False
100228,PROFESOR NO TITULAR OCASIONAL (TC),FACULTAD DE INGENIERÍA EN CIENCIAS DE LA TIERRA,2017-10-01,,8.96,True,False
100259,TÉCNICOS ESPECIALIZADOS - EJECUCIÓN DE ACTIVIDADES DE INVESTIGACIÓN,DECANATO DE INVESTIGACIÓN,2021-06-17,2021-12-31,0.54,True,False
100262,TÉCNICOS ESPECIALIZADOS - EJECUCIÓN DE ACTIVIDADES DE INVESTIGACIÓN,DECANATO DE INVESTIGACIÓN,2021-05-17,2021-12-31,0.62,True,False
100276,TÉCNICO DE LABORATORIO 1 (TC),FACULTAD DE INGENIERÍA EN ELECTRICIDAD Y COMPUTACIÓN,2024-06-12,,2.26,True,False
100304,TÉCNICO DE LABORATORIO 1 (TC),FACULTAD DE CIENCIAS SOCIALES Y HUMANÍSTICAS,2023-10-03,2023-12-31,0.24,False,False
100334,TÉCNICO DE LABORATORIO 1 (TC),FACULTAD DE CIENCIAS SOCIALES Y HUMANÍSTICAS,2023-10-03,2023-12-31,0.24,False,False
100423,TÉCNICO DE LABORATORIO 1 (TC),FACULTAD DE CIENCIAS DE LA VIDA,2023-10-05,2023-12-31,0.24,False,False
100424,TÉCNICOS ESPECIALIZADOS - EJECUCIÓN DE ACTIVIDADES DE INVESTIGACIÓN,DECANATO DE INVESTIGACIÓN,2022-09-15,2022-12-31,0.29,True,False
100427,TÉCNICO DE LABORATORIO 1 (TC),FACULTAD DE CIENCIAS DE LA VIDA,2023-08-02,,3.12,True,False
100434,TÉCNICOS ESPECIALIZADOS - EJECUCIÓN DE ACTIVIDADES,FACULTAD DE INGENIERÍA MECÁNICA Y CIENCIAS DE LA PRODUCCIÓN,2021-04-08,2021-07-30,0.31,True,False
100437,TÉCNICO DOCENTE 3 (TC),DIRECCIÓN DE ADMISIONES,2023-09-21,2024-09-13,0.98,True,False
100450,ASISTENTE DE SOPORTE TÉCNICO,GERENCIA DE TECNOLOGÍAS Y SISTEMAS DE INFORMACIÓN,2023-11-01,2023-12-01,0.08,False,False
100470,TÉCNICOS ESPECIALIZADOS - EJECUCIÓN DE ACTIVIDADES,FACULTAD DE INGENIERÍA MARÍTIMA Y CIENCIAS DEL MAR,2021-11-22,2021-12-31,0.11,False,False
100471,TÉCNICOS ESPECIALIZADOS - EJECUCIÓN DE ACTIVIDADES,FACULTAD DE INGENIERÍA MARÍTIMA Y CIENCIAS DEL MAR,2021-11-22,2021-12-31,0.11,False,False
100484,TÉCNICO DE INVESTIGACIÓN 1 (TC),FACULTAD DE INGENIERÍA MECÁNICA Y CIENCIAS DE LA PRODUCCIÓN,2024-06-03,2025-12-31,1.58,True,False
100484,TÉCNICO DOCENTE 1 (TC),FACULTAD DE CIENCIAS NATURALES Y MATEMÁTICAS,2026-05-18,,0.33,True,False
100490,TÉCNICO DE INVESTIGACIÓN 1 (TC),FACULTAD DE INGENIERÍA EN ELECTRICIDAD Y COMPUTACIÓN,2023-10-23,2023-12-31,0.19,False,False
100518,TÉCNICO DE LABORATORIO 1 (TC),FACULTAD DE INGENIERÍA MECÁNICA Y CIENCIAS DE LA PRODUCCIÓN,2025-09-22,2025-12-31,0.27,True,False
100523,TÉCNICO DE LABORATORIO 1 (TC),FACULTAD DE INGENIERÍA MECÁNICA Y CIENCIAS DE LA PRODUCCIÓN,2024-11-15,2024-12-31,0.13,False,False
100555,TÉCNICO DE LABORATORIO 1 (TC),FACULTAD DE CIENCIAS SOCIALES Y HUMANÍSTICAS,2023-10-03,2023-12-31,0.24,False,False
100573,TÉCNICOS ESPECIALIZADOS - EJECUCIÓN DE ACTIVIDADES DE INVESTIGACIÓN,DECANATO DE INVESTIGACIÓN,2022-11-29,2022-12-31,0.09,False,False
100573,TÉCNICOS ESPECIALIZADOS - EJECUCIÓN DE ACTIVIDADES DE INVESTIGACIÓN,FACULTAD DE INGENIERÍA EN ELECTRICIDAD Y COMPUTACIÓN,2023-03-06,2023-12-31,0.82,True,False
100591,TÉCNICOS ESPECIALIZADOS - EJECUCIÓN DE PROYECTOS DE INVESTIGACIÓN,CENTRO DE INVESTIGACIONES BIOTECNOLÓGICAS DEL ECUADOR,2023-08-29,2023-12-31,0.34,True,False
100592,TÉCNICOS ESPECIALIZADOS - EJECUCIÓN DE ACTIVIDADES DE INVESTIGACIÓN,DECANATO DE INVESTIGACIÓN,2022-10-03,2022-12-31,0.24,False,False
100592,TÉCNICOS ESPECIALIZADOS - EJECUCIÓN DE ACTIVIDADES DE INVESTIGACIÓN,FACULTAD DE INGENIERÍA EN ELECTRICIDAD Y COMPUTACIÓN,2023-01-09,2023-02-28,0.14,False,False
100664,TÉCNICOS ESPECIALIZADOS - EJECUCIÓN DE ACTIVIDADES DE INVESTIGACIÓN,DECANATO DE INVESTIGACIÓN,2022-10-04,2022-12-31,0.24,False,False
100664,TÉCNICOS ESPECIALIZADOS - EJECUCIÓN DE ACTIVIDADES DE INVESTIGACIÓN,FACULTAD DE CIENCIAS NATURALES Y MATEMÁTICAS,2023-01-09,2023-02-28,0.14,False,False
100664,TÉCNICO DE INVESTIGACIÓN 1 (TC),FACULTAD DE CIENCIAS NATURALES Y MATEMÁTICAS,2023-03-01,2025-12-31,2.84,True,False
100675,TÉCNICOS ESPECIALIZADOS - EJECUCIÓN DE ACTIVIDADES,GERENCIA DE INFRAESTRUCTURA FÍSICA,2022-05-11,2022-06-10,0.08,False,False
100675,TÉCNICO DE INVESTIGACIÓN 1 (TC),FACULTAD DE INGENIERÍA EN CIENCIAS DE LA TIERRA,2023-10-06,2023-12-31,0.24,False,False
100675,TÉCNICO DE LABORATORIO 1 (TC),FACULTAD DE INGENIERÍA EN CIENCIAS DE LA TIERRA,2025-09-15,2025-12-31,0.29,True,False
100682,TÉCNICOS ESPECIALIZADOS - EJECUCIÓN DE ACTIVIDADES DE INVESTIGACIÓN,DECANATO DE INVESTIGACIÓN,2022-10-13,2022-12-31,0.22,False,False
100682,TÉCNICOS ESPECIALIZADOS - EJECUCIÓN DE ACTIVIDADES DE INVESTIGACIÓN,"VICERRECTORADO DE INVESTIGACIÓN, DESARROLLO E INNOVACIÓN",2023-01-09,2023-02-28,0.14,False,False
100682,TÉCNICO DE INVESTIGACIÓN 1 (TC),DECANATO DE INVESTIGACIÓN,2023-03-01,2023-12-31,0.83,True,False
100682,TÉCNICO DE LABORATORIO 1 (TC),FACULTAD DE CIENCIAS DE LA VIDA,2024-10-07,2025-04-30,0.56,True,False
100682,TÉCNICOS ESPECIALIZADOS - EJECUCIÓN DE ACTIVIDADES,FACULTAD DE CIENCIAS DE LA VIDA,2025-05-16,2025-08-16,0.25,True,False
100696,TÉCNICO DE INVESTIGACIÓN 1 (TC),FACULTAD DE INGENIERÍA EN CIENCIAS DE LA TIERRA,2023-10-06,2023-12-31,0.24,False,False
100722,TÉCNICOS ESPECIALIZADOS - EJECUCIÓN DE ACTIVIDADES DE INVESTIGACIÓN,DECANATO DE INVESTIGACIÓN,2022-10-11,2023-02-28,0.38,True,False
100722,TÉCNICO DE LABORATORIO 1 (TC),FACULTAD DE CIENCIAS DE LA VIDA,2023-03-01,2023-12-31,0.83,True,False
100722,TÉCNICO DE INVESTIGACIÓN 1 (TC),CENTRO DE INVESTIGACIONES BIOTECNOLÓGICAS DEL ECUADOR,2026-06-01,,0.29,True,False
100730,ASESOR 2,RECTORADO,2017-10-01,2022-10-02,5.0,True,True
100730,GERENTE DE RELACIONES INTERNACIONALES,RECTORADO,2018-05-26,2018-06-02,0.02,False,True
100730,GERENTE DE RELACIONES EXTERNAS Y VINCULACIÓN CORPORATIVA,GERENCIA DE RELACIONES EXTERNAS Y VINCULACIÓN CORPORATIVA,2022-10-03,2025-09-01,2.91,True,False
100731,PROFESOR NO TITULAR OCASIONAL (TC),FACULTAD DE CIENCIAS DE LA VIDA,2018-05-01,,8.38,True,False
100792,PROFESOR NO TITULAR OCASIONAL (TC),FACULTAD DE CIENCIAS NATURALES Y MATEMÁTICAS,2018-01-01,,8.71,True,False
100801,SECRETARIO ADMINISTRATIVO,DESCONOCIDA,2017-11-01,2020-08-15,2.79,True,True
100801,PROFESOR NO TITULAR OCASIONAL (TP),FACULTAD DE CIENCIAS SOCIALES Y HUMANÍSTICAS,2018-05-01,2019-09-20,1.39,True,True
100940,PROFESOR NO TITULAR OCASIONAL (TC),FACULTAD DE INGENIERÍA EN CIENCIAS DE LA TIERRA,2019-05-01,2019-09-20,0.39,True,False
100940,PROFESOR NO TITULAR OCASIONAL (MT),FACULTAD DE INGENIERÍA EN CIENCIAS DE LA TIERRA,2020-02-22,2021-08-31,1.52,True,False
101041,ASESOR 2,VICERRECTORADO ACADÉMICO,2017-11-13,2017-12-31,0.13,False,False
101161,TÉCNICOS ESPECIALIZADOS - EJECUCIÓN DE ACTIVIDADES,UNIDAD DE BIENESTAR ESTUDIANTIL Y POLITÉCNICO,2020-02-03,2020-02-07,0.01,False,False
101161,TÉCNICOS ESPECIALIZADOS - EJECUCIÓN DE ACTIVIDADES,GERENCIA DE BIENESTAR POLITÉCNICO,2023-09-04,2023-10-15,0.11,False,False
101233,TÉCNICO DE INVESTIGACIÓN 1 (TC),FACULTAD DE INGENIERÍA MARÍTIMA Y CIENCIAS DEL MAR,2018-07-01,2023-10-21,5.31,True,False
101234,ASISTENTE ADMINISTRATIVO,GERENCIA JURÍDICA,2017-12-04,,8.78,True,False
101236,ASISTENTE DE GESTIÓN DE PROYECTOS DE INVESTIGACIÓN,FACULTAD DE CIENCIAS SOCIALES Y HUMANÍSTICAS,2017-12-04,2025-03-07,7.25,True,False
101236,ASISTENTE DE GESTIÓN DE PROYECTOS DE INVESTIGACIÓN,FACULTAD DE CIENCIAS SOCIALES Y HUMANÍSTICAS,2025-06-23,2025-06-27,0.01,False,False
101236,ASISTENTE DE GESTIÓN DE PROYECTOS DE INVESTIGACIÓN,FACULTAD DE CIENCIAS SOCIALES Y HUMANÍSTICAS,2025-12-24,2025-12-31,0.02,False,False
101236,ASISTENTE DE GESTIÓN DE PROYECTOS DE INVESTIGACIÓN,FACULTAD DE CIENCIAS SOCIALES Y HUMANÍSTICAS,2026-05-04,,0.37,True,False
101237,ANALISTA DE COMUNICACIÓN 3,GERENCIA DE COMUNICACIÓN,2019-05-02,,7.38,True,False
101243,TÉCNICO DE LABORATORIO 1 (TC),FACULTAD DE CIENCIAS SOCIALES Y HUMANÍSTICAS,2023-10-03,2023-12-31,0.24,False,False
101247,TÉCNICOS ESPECIALIZADOS - EJECUCIÓN DE ACTIVIDADES,FACULTAD DE INGENIERÍA EN ELECTRICIDAD Y COMPUTACIÓN,2017-11-20,2019-05-31,1.52,True,True
101247,PROFESOR NO TITULAR OCASIONAL (TP),FACULTAD DE INGENIERÍA EN ELECTRICIDAD Y COMPUTACIÓN,2018-05-01,2018-09-21,0.39,True,True
101247,ASESOR 2,RECTORADO,2022-10-03,2024-12-31,2.24,True,False
101253,ABOGADO,DESCONOCIDA,2018-01-08,2021-04-01,3.23,True,True
101253,GERENTE JURÍDICO,GERENCIA JURÍDICA,2018-09-08,2018-09-16,0.02,False,True
101265,TÉCNICO DOCENTE 1 (TC),FACULTAD DE CIENCIAS SOCIALES Y HUMANÍSTICAS,2023-10-10,2025-02-14,1.35,True,False
101268,AUXILIAR DE SERVICIOS,GERENCIA DE BIENESTAR POLITÉCNICO,2018-01-10,,8.68,True,False
101281,TÉCNICO DOCENTE 1 (TC),FACULTAD DE INGENIERÍA EN ELECTRICIDAD Y COMPUTACIÓN,2024-05-13,,2.34,True,False
101290,TÉCNICO DE INVESTIGACIÓN 1 (TC),FACULTAD DE INGENIERÍA MECÁNICA Y CIENCIAS DE LA PRODUCCIÓN,2024-06-03,2025-12-31,1.58,True,False
101297,TÉCNICO DE LABORATORIO 1 (TC),FACULTAD DE INGENIERÍA MECÁNICA Y CIENCIAS DE LA PRODUCCIÓN,2023-10-05,2023-12-31,0.24,False,False
101329,TÉCNICO DE INVESTIGACIÓN 1 (TC),FACULTAD DE CIENCIAS NATURALES Y MATEMÁTICAS,2023-09-01,2025-04-30,1.66,True,False
101329,TÉCNICO DE LABORATORIO 1 (TC),FACULTAD DE CIENCIAS NATURALES Y MATEMÁTICAS,2025-09-29,,0.96,True,False
101371,TÉCNICOS ESPECIALIZADOS - EJECUCIÓN DE ACTIVIDADES,GERENCIA ADMINISTRATIVA,2025-07-28,2026-06-30,0.92,True,False
101480,TÉCNICO DE LABORATORIO 1 (TC),FACULTAD DE INGENIERÍA MECÁNICA Y CIENCIAS DE LA PRODUCCIÓN,2024-11-15,2024-12-31,0.13,False,False
101818,TÉCNICO DOCENTE 3 (MT),DIRECCIÓN DE ADMISIONES,2025-06-23,2025-12-31,0.52,True,False
101883,TÉCNICO DE LABORATORIO 1 (TC),FACULTAD DE INGENIERÍA MECÁNICA Y CIENCIAS DE LA PRODUCCIÓN,2023-10-05,2023-12-31,0.24,False,False
101896,TÉCNICO DE LABORATORIO 1 (TC),FACULTAD DE CIENCIAS SOCIALES Y HUMANÍSTICAS,2023-10-05,2023-12-31,0.24,False,False
102035,TÉCNICO DE INVESTIGACIÓN 1 (TC),FACULTAD DE CIENCIAS NATURALES Y MATEMÁTICAS,2025-07-09,,1.19,True,False
102049,ASISTENTE EJECUTIVA 2,SECRETARÍA TÉCNICA DE ASEGURAMIENTO DE LA CALIDAD,2024-07-01,2024-12-31,0.5,True,False
102049,ASISTENTE EJECUTIVA 2,SECRETARÍA TÉCNICA DE ASEGURAMIENTO DE LA CALIDAD,2025-09-05,2025-09-12,0.02,False,False
102049,ASISTENTE EJECUTIVA 2,SECRETARÍA TÉCNICA DE ASEGURAMIENTO DE LA CALIDAD,2026-08-25,,0.06,False,False
102074,ASISTENTE EJECUTIVA 1,FACULTAD DE CIENCIAS DE LA VIDA,2018-02-01,,8.62,True,False
102085,TRABAJADOR SOCIAL,GERENCIA DE BIENESTAR POLITÉCNICO,2018-03-01,,8.54,True,False
102302,ASESOR 2,DIRECCIÓN DE TALENTO HUMANO,2018-09-01,2019-05-10,0.69,True,False
102314,ASISTENTE EJECUTIVA 2,FACULTAD DE INGENIERÍA MECÁNICA Y CIENCIAS DE LA PRODUCCIÓN,2018-03-01,,8.54,True,False
102363,TÉCNICOS ESPECIALIZADOS - EJECUCIÓN DE ACTIVIDADES,GERENCIA ADMINISTRATIVA,2018-01-05,2018-01-26,0.06,False,False
102363,TÉCNICOS ESPECIALIZADOS - EJECUCIÓN DE ACTIVIDADES,GERENCIA ADMINISTRATIVA,2018-06-06,2018-08-24,0.22,False,False
102363,TÉCNICOS ESPECIALIZADOS - EJECUCIÓN DE ACTIVIDADES,UNIDAD DE BIENESTAR ESTUDIANTIL Y POLITÉCNICO,2019-01-08,2019-01-25,0.05,False,False
102363,TÉCNICOS ESPECIALIZADOS - EJECUCIÓN DE ACTIVIDADES,UNIDAD DE BIENESTAR ESTUDIANTIL Y POLITÉCNICO,2019-07-15,2019-09-20,0.18,False,False
102363,TÉCNICOS ESPECIALIZADOS - EJECUCIÓN DE ACTIVIDADES,UNIDAD DE BIENESTAR ESTUDIANTIL Y POLITÉCNICO,2020-02-03,2020-02-07,0.01,False,False
102374,AUDITOR INTERNO 1,AUDITORÍA INTERNA,2018-04-01,2021-03-11,2.94,True,False
102448,ABOGADO,GERENCIA JURÍDICA,2019-01-01,2019-01-13,0.03,False,False
102448,GERENTE JURÍDICO,DESCONOCIDA,2019-01-14,2019-02-03,0.05,False,False
102448,GERENTE JURÍDICO,GERENCIA JURÍDICA,2020-02-01,,6.62,True,False
102449,TÉCNICOS ESPECIALIZADOS - EJECUCIÓN DE ACTIVIDADES,SECRETARIA ADMINISTRATIVA,2018-04-16,2019-12-31,1.71,True,False
102449,ASISTENTE DE TALENTO HUMANO,DIRECCIÓN DE TALENTO HUMANO,2021-08-01,2022-12-31,1.42,True,False
102449,ANALISTA DE TALENTO HUMANO 1,DIRECCIÓN DE TALENTO HUMANO,2023-01-01,,3.71,True,False
102504,TÉCNICO DE INVESTIGACIÓN 1 (TC),FACULTAD DE INGENIERÍA MECÁNICA Y CIENCIAS DE LA PRODUCCIÓN,2023-07-10,2023-12-31,0.48,True,False
102504,TÉCNICO DOCENTE 1 (TC),FACULTAD DE INGENIERÍA MECÁNICA Y CIENCIAS DE LA PRODUCCIÓN,2024-05-22,,2.32,True,False
102508,TÉCNICO DE INVESTIGACIÓN 1 (TC),FACULTAD DE CIENCIAS NATURALES Y MATEMÁTICAS,2023-03-01,2024-08-10,1.45,True,False
102509,TÉCNICOS ESPECIALIZADOS - EJECUCIÓN DE ACTIVIDADES,FACULTAD DE INGENIERÍA MECÁNICA Y CIENCIAS DE LA PRODUCCIÓN,2023-01-09,2023-12-31,0.97,True,True
102509,TÉCNICO DE INVESTIGACIÓN 1 (TC),FACULTAD DE INGENIERÍA MECÁNICA Y CIENCIAS DE LA PRODUCCIÓN,2023-05-22,2023-12-31,0.61,True,True
102518,TÉCNICO DE INVESTIGACIÓN 1 (TC),FACULTAD DE CIENCIAS NATURALES Y MATEMÁTICAS,2023-05-15,2026-02-13,2.75,True,False
102520,TÉCNICOS ESPECIALIZADOS - EJECUCIÓN DE PROYECTOS DE INVESTIGACIÓN,CENTRO INTERNACIONAL DEL PACÍFICO PARA LA REDUCCIÓN DEL RIESGO DE DESASTRES,2023-05-18,2023-11-18,0.5,True,False
102524,TÉCNICOS ESPECIALIZADOS - EJECUCIÓN DE ACTIVIDADES DE INVESTIGACIÓN,DECANATO DE INVESTIGACIÓN,2021-05-17,2021-12-31,0.62,True,False
102526,TÉCNICO DOCENTE 1 (TC),FACULTAD DE CIENCIAS NATURALES Y MATEMÁTICAS,2023-05-15,,3.34,True,False
102559,TÉCNICO DOCENTE 1 (TC),FACULTAD DE INGENIERÍA MECÁNICA Y CIENCIAS DE LA PRODUCCIÓN,2023-05-15,,3.34,True,False
102560,TÉCNICO DE LABORATORIO 1 (TC),FACULTAD DE INGENIERÍA MECÁNICA Y CIENCIAS DE LA PRODUCCIÓN,2024-11-15,2024-12-31,0.13,False,False
102572,TÉCNICO DE INVESTIGACIÓN 1 (TC),FACULTAD DE CIENCIAS NATURALES Y MATEMÁTICAS,2024-11-05,2025-12-31,1.15,True,False
102575,TÉCNICO DE INVESTIGACIÓN 1 (TC),FACULTAD DE INGENIERÍA EN CIENCIAS DE LA TIERRA,2024-06-03,2025-12-31,1.58,True,False
102575,TÉCNICO DE INVESTIGACIÓN 2 (MT),FACULTAD DE INGENIERÍA EN CIENCIAS DE LA TIERRA,2026-01-20,,0.65,True,False
102576,TÉCNICO DE LABORATORIO 1 (TC),FACULTAD DE INGENIERÍA EN CIENCIAS DE LA TIERRA,2025-11-26,,0.8,True,False
102577,TÉCNICO DE LABORATORIO 1 (TC),FACULTAD DE INGENIERÍA MECÁNICA Y CIENCIAS DE LA PRODUCCIÓN,2023-10-05,2023-12-05,0.17,False,False
102594,TÉCNICOS ESPECIALIZADOS - EJECUCIÓN DE PROYECTOS DE INVESTIGACIÓN,DECANATO DE INVESTIGACIÓN,2021-07-01,2021-10-31,0.33,True,False
102594,TÉCNICOS ESPECIALIZADOS - EJECUCIÓN DE ACTIVIDADES DE INVESTIGACIÓN,DECANATO DE INVESTIGACIÓN,2021-11-04,2022-04-05,0.42,True,False
102604,TÉCNICO DE LABORATORIO 1 (TC),FACULTAD DE CIENCIAS DE LA VIDA,2023-11-27,2023-12-31,0.09,False,False
102634,TÉCNICO DE LABORATORIO 1 (TC),FACULTAD DE INGENIERÍA EN ELECTRICIDAD Y COMPUTACIÓN,2024-06-07,,2.27,True,False
102644,TÉCNICOS ESPECIALIZADOS - EJECUCIÓN DE ACTIVIDADES,DECANATO DE INVESTIGACIÓN,2022-04-06,2022-08-23,0.38,True,False
102655,TÉCNICO DE LABORATORIO 1 (TC),FACULTAD DE INGENIERÍA MECÁNICA Y CIENCIAS DE LA PRODUCCIÓN,2023-10-03,2023-12-31,0.24,False,False
102656,TÉCNICO DE LABORATORIO 1 (TC),FACULTAD DE INGENIERÍA MECÁNICA Y CIENCIAS DE LA PRODUCCIÓN,2023-10-05,2023-12-31,0.24,False,False
102662,TÉCNICOS ESPECIALIZADOS - EJECUCIÓN DE PROYECTOS DE INVESTIGACIÓN,CENTRO INTERNACIONAL DEL PACÍFICO PARA LA REDUCCIÓN DEL RIESGO DE DESASTRES,2023-05-18,2023-11-18,0.5,True,False
102665,TÉCNICO DE LABORATORIO 1 (TC),FACULTAD DE INGENIERÍA MECÁNICA Y CIENCIAS DE LA PRODUCCIÓN,2023-10-03,2023-12-31,0.24,False,False
102668,TÉCNICO DE LABORATORIO 1 (TC),FACULTAD DE INGENIERÍA MECÁNICA Y CIENCIAS DE LA PRODUCCIÓN,2023-10-05,2023-12-31,0.24,False,False
102670,TÉCNICO DOCENTE 1 (TC),FACULTAD DE INGENIERÍA MECÁNICA Y CIENCIAS DE LA PRODUCCIÓN,2023-05-15,2023-09-22,0.36,True,False
102674,TÉCNICO DE LABORATORIO 1 (TC),FACULTAD DE INGENIERÍA MECÁNICA Y CIENCIAS DE LA PRODUCCIÓN,2023-10-05,2023-12-31,0.24,False,False
102688,TÉCNICO DE INVESTIGACIÓN 1 (TC),FACULTAD DE INGENIERÍA EN ELECTRICIDAD Y COMPUTACIÓN,2023-10-03,2023-12-31,0.24,False,False
102747,TÉCNICO DE LABORATORIO 1 (TC),FACULTAD DE INGENIERÍA MECÁNICA Y CIENCIAS DE LA PRODUCCIÓN,2023-10-05,2023-12-31,0.24,False,False
102747,TÉCNICO DOCENTE 3 (TC),DIRECCIÓN DE ADMISIONES,2024-06-03,,2.29,True,False
102812,TÉCNICO DE LABORATORIO 1 (TC),FACULTAD DE INGENIERÍA MECÁNICA Y CIENCIAS DE LA PRODUCCIÓN,2023-10-05,2023-12-31,0.24,False,False
102901,TÉCNICO DE INVESTIGACIÓN 1 (TC),FACULTAD DE INGENIERÍA MECÁNICA Y CIENCIAS DE LA PRODUCCIÓN,2024-06-03,2025-12-31,1.58,True,False
102915,TÉCNICO DOCENTE 1 (TC),FACULTAD DE CIENCIAS NATURALES Y MATEMÁTICAS,2024-02-19,2026-07-24,2.43,True,False
102964,PROFESOR NO TITULAR OCASIONAL (TC),FACULTAD DE INGENIERÍA EN ELECTRICIDAD Y COMPUTACIÓN,2018-05-01,2023-05-05,5.01,True,False
102965,PROFESOR NO TITULAR OCASIONAL (TP),FACULTAD DE INGENIERÍA EN CIENCIAS DE LA TIERRA,2021-05-17,2022-02-18,0.76,True,False
102966,PROFESOR NO TITULAR OCASIONAL (TC),FACULTAD DE CIENCIAS DE LA VIDA,2018-05-01,2024-02-16,5.8,True,False
102968,PROFESOR NO TITULAR OCASIONAL (TP),FACULTAD DE INGENIERÍA EN CIENCIAS DE LA TIERRA,2018-05-01,2019-09-20,1.39,True,False
102968,PROFESOR NO TITULAR OCASIONAL (TP),FACULTAD DE INGENIERÍA EN CIENCIAS DE LA TIERRA,2021-05-17,2022-02-18,0.76,True,False
102970,PROFESOR NO TITULAR OCASIONAL (TC),CENTRO DE EMPRENDIMIENTO E INNOVACIÓN I3LAB,2018-05-01,,8.38,True,False
102971,PROFESOR NO TITULAR OCASIONAL (TC),FACULTAD DE CIENCIAS NATURALES Y MATEMÁTICAS,2018-05-01,,8.38,True,False
102974,PROFESOR NO TITULAR OCASIONAL (TC),FACULTAD DE CIENCIAS SOCIALES Y HUMANÍSTICAS,2018-05-01,,8.38,True,False
102988,TÉCNICO DOCENTE 1 (TC),FACULTAD DE INGENIERÍA MECÁNICA Y CIENCIAS DE LA PRODUCCIÓN,2023-10-02,2025-02-14,1.37,True,False
103007,TÉCNICO DE LABORATORIO 1 (TC),FACULTAD DE CIENCIAS SOCIALES Y HUMANÍSTICAS,2024-11-20,2024-12-31,0.11,False,False
103016,TÉCNICO DE LABORATORIO 1 (TC),FACULTAD DE INGENIERÍA MECÁNICA Y CIENCIAS DE LA PRODUCCIÓN,2023-10-05,2023-12-31,0.24,False,False
103051,TÉCNICO DE LABORATORIO 1 (TC),FACULTAD DE CIENCIAS DE LA VIDA,2023-10-05,2023-12-31,0.24,False,False
103052,TÉCNICO DE LABORATORIO 1 (TC),FACULTAD DE INGENIERÍA MECÁNICA Y CIENCIAS DE LA PRODUCCIÓN,2023-10-05,2023-12-31,0.24,False,False
103060,TÉCNICO DE INVESTIGACIÓN 1 (TC),CENTRO DE AGUA Y DESARROLLO SUSTENTABLE,2025-10-03,2025-12-31,0.24,False,False
103060,TÉCNICO DE INVESTIGACIÓN 1 (TC),FACULTAD DE CIENCIAS NATURALES Y MATEMÁTICAS,2026-06-01,,0.29,True,False
103076,TÉCNICO DE INVESTIGACIÓN 1 (TC),FACULTAD DE INGENIERÍA EN ELECTRICIDAD Y COMPUTACIÓN,2023-10-26,2023-12-31,0.18,False,False
103094,TÉCNICO DE LABORATORIO 4,FACULTAD DE INGENIERÍA MECÁNICA Y CIENCIAS DE LA PRODUCCIÓN,2018-05-01,2019-12-31,1.67,True,False
103094,PROFESOR NO TITULAR OCASIONAL (TP),FACULTAD DE INGENIERÍA MECÁNICA Y CIENCIAS DE LA PRODUCCIÓN,2021-05-17,2022-09-23,1.35,True,False
103094,PROFESOR NO TITULAR OCASIONAL (TC),FACULTAD DE INGENIERÍA MECÁNICA Y CIENCIAS DE LA PRODUCCIÓN,2022-10-03,,3.95,True,False
103095,PROFESOR NO TITULAR OCASIONAL (TC),FACULTAD DE INGENIERÍA EN CIENCIAS DE LA TIERRA,2018-10-01,2019-09-20,0.97,True,False
103096,TÉCNICO DOCENTE 1 (TC),FACULTAD DE INGENIERÍA EN CIENCIAS DE LA TIERRA,2018-05-01,2025-05-04,7.01,True,False
103096,PROFESOR NO TITULAR OCASIONAL (TC),FACULTAD DE INGENIERÍA EN CIENCIAS DE LA TIERRA,2025-05-05,,1.37,True,False
103128,PROFESOR NO TITULAR OCASIONAL (TC),FACULTAD DE CIENCIAS NATURALES Y MATEMÁTICAS,2019-11-01,2024-07-05,4.68,True,False
103135,PROFESOR NO TITULAR OCASIONAL (TC),FACULTAD DE CIENCIAS NATURALES Y MATEMÁTICAS,2018-05-01,,8.38,True,False
103141,PROFESOR NO TITULAR OCASIONAL (TC),FACULTAD DE CIENCIAS SOCIALES Y HUMANÍSTICAS,2018-05-02,2020-05-30,2.08,True,False
103143,TÉCNICOS ESPECIALIZADOS - EJECUCIÓN DE ACTIVIDADES,DECANATO DE INVESTIGACIÓN,2018-05-07,2018-12-31,0.65,True,False
103174,PROFESOR NO TITULAR OCASIONAL (TP),CENTRO DE EMPRENDIMIENTO E INNOVACIÓN I3LAB,2021-10-04,2021-12-31,0.24,False,False
103178,TÉCNICO DOCENTE 4 (MT),DIRECCIÓN DE ADMISIONES,2021-05-25,2021-08-31,0.27,True,False
103189,TÉCNICO DOCENTE 4 (TC),DIRECCIÓN DE ADMISIONES,2021-05-25,2021-08-31,0.27,True,False
103193,GERENTE DE TECNOLOGÍAS Y SISTEMAS DE INFORMACIÓN,DESCONOCIDA,2018-07-01,2022-03-16,3.71,True,False
103195,PROFESOR NO TITULAR OCASIONAL (TC),FACULTAD DE CIENCIAS NATURALES Y MATEMÁTICAS,2018-09-01,2025-02-14,6.46,True,False
103196,PROFESOR NO TITULAR OCASIONAL (TC),FACULTAD DE CIENCIAS NATURALES Y MATEMÁTICAS,2018-08-01,2020-02-12,1.53,True,False
103211,ANALISTA ADMINISTRATIVO,GERENCIA ADMINISTRATIVA,2018-07-01,2023-03-01,4.66,True,False
103213,JARDINERO/TRABAJADOR DEL DEPARTAMENTO DE GESTIÒN AMBIENTAL,DIRECCIÓN DE SERVICIOS GENERALES,2018-07-01,,8.21,True,False
103214,JARDINERO/TRABAJADOR DEL DEPARTAMENTO DE GESTIÒN AMBIENTAL,DIRECCIÓN DE ADMISIONES,2018-07-01,2024-12-31,6.5,True,False
103214,AUXILIAR DE SERVICIOS,DIRECCIÓN DE ADMISIONES,2025-01-01,,1.71,True,True
103214,JARDINERO/TRABAJADOR DEL DEPARTAMENTO DE GESTIÒN AMBIENTAL,DIRECCIÓN DE ADMISIONES,2025-08-18,2025-08-18,0.0,False,True
103215,JARDINERO/TRABAJADOR DEL DEPARTAMENTO DE GESTIÒN AMBIENTAL,DIRECCIÓN DE SERVICIOS GENERALES,2018-07-01,2025-03-11,6.69,True,True
103215,AUXILIAR DE SERVICIOS,FACULTAD DE CIENCIAS SOCIALES Y HUMANÍSTICAS,2025-01-01,,1.71,True,True
103216,OPERADOR DE VÀLVULA SURTIDORA DE AGUA POTABLE,DIRECCIÓN DE SERVICIOS GENERALES,2018-07-01,,8.21,True,False
103218,JARDINERO/TRABAJADOR DEL DEPARTAMENTO DE GESTIÒN AMBIENTAL,DIRECCIÓN DE SERVICIOS GENERALES,2018-07-01,,8.21,True,False
103220,JARDINERO/TRABAJADOR DEL DEPARTAMENTO DE GESTIÒN AMBIENTAL,DIRECCIÓN DE SERVICIOS GENERALES,2018-07-01,,8.21,True,False
103221,ANALISTA DE INFRAESTRUCTURA FÍSICA 2,GERENCIA DE INFRAESTRUCTURA FÍSICA,2018-07-01,2020-12-31,2.5,True,False
103230,TÉCNICO DE LABORATORIO 1 (TC),FACULTAD DE CIENCIAS DE LA VIDA,2018-07-01,,8.21,True,False
103260,TÉCNICOS ESPECIALIZADOS - EJECUCIÓN DE ACTIVIDADES,FACULTAD DE CIENCIAS SOCIALES Y HUMANÍSTICAS,2018-08-01,2021-12-31,3.42,True,False
103262,AUXILIAR DE SERVICIOS,DIRECCIÓN DE SERVICIOS GENERALES,2018-08-06,,8.11,True,False
103264,AUDITOR INTERNO 1,AUDITORÍA INTERNA,2018-08-01,2025-07-31,7.0,True,False
152512,PROFESOR TITULAR AGREGADO 3 (TC),FACULTAD DE CIENCIAS NATURALES Y MATEMÁTICAS,2010-05-01,,16.38,True,True
152512,SUBDECANO(A),DESCONOCIDA,2017-10-06,2017-10-10,0.01,False,True
480354,PROFESOR NO TITULAR OCASIONAL (TC),CENTRO DE INVESTIGACIONES Y SERVICIOS EDUCATIVOS,2010-05-17,2020-02-21,9.77,True,False
480354,PROFESOR NO TITULAR OCASIONAL (TC),DECANATO DE GRADO,2020-10-01,,5.96,True,False
550294,AUXILIAR DE SERVICIOS DE MANTENIMIENTO,DIRECCIÓN DE SERVICIOS GENERALES,2017-05-25,,9.31,True,False
552319,ASISTENTE DE RELACIONES EXTERNAS Y VINCULACIÓN CORPORATIVA,GERENCIA DE RELACIONES EXTERNAS Y VINCULACIÓN CORPORATIVA,2017-12-01,,8.79,True,False
574968,TÉCNICO DOCENTE,DESCONOCIDA,2015-05-01,2015-12-31,0.67,True,True
574968,ANALISTA DE LABORATORIO DE INVESTIGACIÓN 2,CENTRO DE INVESTIGACIONES BIOTECNOLÓGICAS DEL ECUADOR,2015-12-02,2023-10-27,7.9,True,True
574968,ANALISTA DE LABORATORIO DE INVESTIGACIÓN 2,CENTRO DE INVESTIGACIONES BIOTECNOLÓGICAS DEL ECUADOR,2024-02-06,2024-07-05,0.41,True,False
574968,ANALISTA DE LABORATORIO DE INVESTIGACIÓN 2,CENTRO DE INVESTIGACIONES BIOTECNOLÓGICAS DEL ECUADOR,2024-12-03,2025-06-06,0.51,True,False
574968,ANALISTA DE LABORATORIO DE INVESTIGACIÓN 2,CENTRO DE INVESTIGACIONES BIOTECNOLÓGICAS DEL ECUADOR,2025-12-26,2026-01-23,0.08,False,False
574968,ANALISTA DE LABORATORIO DE INVESTIGACIÓN 2,CENTRO DE INVESTIGACIONES BIOTECNOLÓGICAS DEL ECUADOR,2026-05-22,2026-05-22,0.0,False,False
574968,ANALISTA DE LABORATORIO DE INVESTIGACIÓN 2,CENTRO DE INVESTIGACIONES BIOTECNOLÓGICAS DEL ECUADOR,2026-08-23,,0.07,False,False
634492,TÉCNICO DOCENTE 3 (TC),DIRECCIÓN DE ADMISIONES,2025-01-02,,1.7,True,False
634493,TÉCNICO DOCENTE 3 (TC),DIRECCIÓN DE ADMISIONES,2023-05-29,,3.3,True,False
634521,TÉCNICO DE LABORATORIO 1 (TC),FACULTAD DE INGENIERÍA MECÁNICA Y CIENCIAS DE LA PRODUCCIÓN,2025-11-24,,0.81,True,False
634530,TÉCNICOS ESPECIALIZADOS - EJECUCIÓN DE ACTIVIDADES,DECANATO DE INVESTIGACIÓN,2018-10-01,2018-11-30,0.16,False,False
634530,TÉCNICO DE LABORATORIO 1 (TC),FACULTAD DE INGENIERÍA MECÁNICA Y CIENCIAS DE LA PRODUCCIÓN,2024-03-13,2025-01-05,0.82,True,False
634530,DIRECTOR DE SERVICIOS GENERALES,DIRECCIÓN DE SERVICIOS GENERALES,2025-01-06,,1.69,True,False
634579,ASISTENTE DE SOPORTE TÉCNICO,DESCONOCIDA,2016-11-07,2019-08-31,2.81,True,False
634579,TÉCNICO DE INVESTIGACIÓN 3 (TC),CENTRO DE TECNOLOGÍAS DE LA INFORMACIÓN,2020-08-11,2021-05-30,0.8,True,False
634587,PROFESOR NO TITULAR OCASIONAL 2 (TC),DESCONOCIDA,2017-04-26,2017-12-31,0.68,True,False
634587,TÉCNICO DE LABORATORIO 1 (TC),FACULTAD DE INGENIERÍA EN ELECTRICIDAD Y COMPUTACIÓN,2018-01-01,,8.71,True,False
634588,TÉCNICO DOCENTE 3 (TC),DIRECCIÓN DE ADMISIONES,2023-09-20,2023-12-31,0.28,True,False
634593,ASISTENTE DE LABORATORIO DE INVESTIGACIÓN,CENTRO DE TECNOLOGÍAS DE LA INFORMACIÓN,2017-11-01,2018-04-03,0.42,True,False
634593,TÉCNICO DE INVESTIGACIÓN 1 (TC),CENTRO DE TECNOLOGÍAS DE LA INFORMACIÓN,2019-01-01,2023-05-07,4.34,True,False
634600,CONTRATO CIVIL - SERVICIO TÉCNICO ESPECIALIZADO,DESCONOCIDA,2017-01-03,2017-12-31,0.99,True,False
634600,TÉCNICOS ESPECIALIZADOS - EJECUCIÓN DE ACTIVIDADES,GERENCIA DE COMUNICACIÓN SOCIAL Y ASUNTOS PÚBLICOS,2018-01-02,2018-12-31,0.99,True,False
634600,ANALISTA DE COMUNICACIÓN 2,GERENCIA DE COMUNICACIÓN,2020-01-02,,6.7,True,False
634614,CONTRATO CIVIL - SERVICIO TÉCNICO ESPECIALIZADO,GERENCIA DE TECNOLOGÍAS Y SISTEMAS DE INFORMACIÓN,2016-12-01,2017-12-31,1.08,True,True
634614,ASISTENTE DE SOPORTE TÉCNICO,GERENCIA DE TECNOLOGÍAS Y SISTEMAS DE INFORMACIÓN,2017-07-01,2022-02-01,4.59,True,True
634614,ANALISTA DE SOPORTE TÉCNICO,DIRECCIÓN DE ADMISIONES,2022-02-01,,4.62,True,True
634625,TÉCNICOS ESPECIALIZADOS - EJECUCIÓN DE PROYECTOS,DESCONOCIDA,2017-02-01,2017-06-30,0.41,True,False
634625,ANALISTA DE LABORATORIO DE INVESTIGACIÓN 2,CENTRO DE AGUA Y DESARROLLO SUSTENTABLE,2017-07-01,2018-12-31,1.5,True,False
634625,TÉCNICO DE INVESTIGACIÓN 1 (TC),CENTRO DE AGUA Y DESARROLLO SUSTENTABLE,2019-01-01,2023-12-31,5.0,True,False
634625,TÉCNICO DE LABORATORIO 1 (TC),CENTRO DE AGUA Y DESARROLLO SUSTENTABLE,2024-01-02,,2.7,True,False
634645,TÉCNICO DOCENTE 3 (MT),DIRECCIÓN DE ADMISIONES,2024-10-11,2024-12-31,0.22,False,False
634661,PROFESOR NO TITULAR OCASIONAL (TP),FACULTAD DE INGENIERÍA MECÁNICA Y CIENCIAS DE LA PRODUCCIÓN,2023-06-26,2023-08-04,0.11,False,False
634661,PROFESOR NO TITULAR OCASIONAL (TP),FACULTAD DE INGENIERÍA MECÁNICA Y CIENCIAS DE LA PRODUCCIÓN,2024-01-02,2024-02-09,0.1,False,False
634684,AUXILIAR DE SERVICIOS DE MANTENIMIENTO,DIRECCIÓN DE SERVICIOS GENERALES,2019-03-01,,7.54,True,False
634709,TÉCNICO DOCENTE 1 (TC),FACULTAD DE CIENCIAS NATURALES Y MATEMÁTICAS,2017-10-05,2023-07-31,5.82,True,False
634709,TÉCNICO DOCENTE 3 (TC),DIRECCIÓN DE ADMISIONES,2023-09-20,2025-02-02,1.37,True,False
634728,TÉCNICO DE LABORATORIO 1 (TC),FACULTAD DE CIENCIAS DE LA VIDA,2021-03-15,2023-04-30,2.12,True,False
634762,TÉCNICOS ESPECIALIZADOS - EJECUCIÓN DE ACTIVIDADES,FACULTAD DE INGENIERÍA MARÍTIMA Y CIENCIAS DEL MAR,2023-09-01,2023-12-31,0.33,True,False
634773,TÉCNICO DE INVESTIGACIÓN 1 (TC),FACULTAD DE INGENIERÍA EN CIENCIAS DE LA TIERRA,2023-10-03,2023-12-31,0.24,False,False
634789,TÉCNICO DE INVESTIGACIÓN 1,"CENTRO DE INVESTIGACIÓN, DESARROLLO E INNOVACIÓN DE SISTEMAS COMPUTACIONALES",2019-04-01,2020-06-30,1.25,True,False
634797,TÉCNICOS ESPECIALIZADOS - EJECUCIÓN DE ACTIVIDADES DE INVESTIGACIÓN,DECANATO DE INVESTIGACIÓN,2021-06-01,2021-12-31,0.58,True,False
634797,TÉCNICO DOCENTE 3 (TC),DIRECCIÓN DE ADMISIONES,2023-05-29,,3.3,True,False
634800,PROFESOR NO TITULAR OCASIONAL 2 (TC),DESCONOCIDA,2016-12-12,2017-12-31,1.05,True,False
634800,TÉCNICO DE LABORATORIO 1 (TC),FACULTAD DE CIENCIAS NATURALES Y MATEMÁTICAS,2018-01-01,,8.71,True,False
634801,PROFESOR NO TITULAR OCASIONAL (TC),FACULTAD DE CIENCIAS NATURALES Y MATEMÁTICAS,2021-05-10,2023-05-31,2.06,True,False
634801,PROFESOR TITULAR AGREGADO 1 (TC),FACULTAD DE CIENCIAS NATURALES Y MATEMÁTICAS,2023-06-01,2025-11-06,2.43,True,False
635447,ASISTENTE DE INVESTIGACIÓN,DESCONOCIDA,2013-01-01,2013-12-31,1.0,True,False
635447,TÉCNICO DOCENTE,CENTRO NACIONAL DE ACUICULTURA E INVESTIGACIONES MARINAS,2014-01-01,2015-12-01,1.91,True,False
635447,ANALISTA DE LABORATORIO DE INVESTIGACIÓN 2,"VICERRECTORADO DE INVESTIGACIÓN, DESARROLLO E INNOVACIÓN",2015-12-02,,10.79,True,False
635587,ANALISTA DE TALENTO HUMANO 3,DIRECCIÓN DE TALENTO HUMANO,2016-11-22,,9.81,True,True
635587,DIRECTOR DE TALENTO HUMANO,DIRECCIÓN DE TALENTO HUMANO,2017-04-17,2017-04-21,0.01,False,True
635587,DIRECTOR DE TALENTO HUMANO,DIRECCIÓN DE TALENTO HUMANO,2017-12-14,2017-12-15,0.0,False,True
635587,DIRECTOR DE TALENTO HUMANO,DIRECCIÓN DE TALENTO HUMANO,2018-03-21,2018-07-13,0.31,True,True
635845,PROFESOR NO TITULAR OCASIONAL 1 (TC),DESCONOCIDA,2014-10-01,2017-03-31,2.5,True,False
636088,PROFESOR PRE-POLITÉCNICO,DESCONOCIDA,2012-05-04,2012-10-14,0.45,True,False
636088,TÉCNICO DOCENTE 4 (TC),DIRECCIÓN DE ADMISIONES,2021-05-25,2021-12-31,0.6,True,False
636088,TÉCNICO DOCENTE 3 (TC),DIRECCIÓN DE ADMISIONES,2023-05-29,,3.3,True,False
637327,ASISTENTE EJECUTIVA 1,DESCONOCIDA,2016-06-01,2016-11-30,0.5,True,False
637327,TÉCNICOS ESPECIALIZADOS - EJECUCIÓN DE PROYECTOS,CENTRO DE INVESTIGACIÓN Y PROYECTOS APLICADOS A LAS CIENCIAS DE LA TIERRA,2017-08-01,2017-12-31,0.42,True,False
637327,TÉCNICOS ESPECIALIZADOS - EJECUCIÓN DE ACTIVIDADES,CENTRO DE INVESTIGACIÓN Y PROYECTOS APLICADOS A LAS CIENCIAS DE LA TIERRA,2018-01-15,2025-09-30,7.71,True,False
637706,PROFESOR NO TITULAR OCASIONAL 1 (TC),FACULTAD DE CIENCIAS NATURALES Y MATEMÁTICAS,2014-10-01,2017-09-22,2.98,True,False
638396,ASISTENTE DE ACTIVOS FIJOS,GERENCIA DE BIENESTAR POLITÉCNICO,2016-05-01,,10.38,True,True
638396,ANALISTA CONTABLE 1,GERENCIA FINANCIERA,2017-05-01,2018-11-05,1.51,True,True
638474,ASISTENTE EJECUTIVA 1,CENTRO DE EMPRENDIMIENTO E INNOVACIÓN I3LAB,2016-05-01,2024-11-04,8.51,True,False
638474,ANALISTA DE PROYECTOS DE VINCULACIÓN 3,CENTRO DE EMPRENDIMIENTO E INNOVACIÓN I3LAB,2024-11-05,,1.86,True,False
638504,PROFESOR NO TITULAR OCASIONAL 2 (TC),DESCONOCIDA,2017-04-26,2017-12-31,0.68,True,False
638504,TÉCNICO DOCENTE 4 (TC),FACULTAD DE CIENCIAS NATURALES Y MATEMÁTICAS,2018-01-01,2022-02-18,4.13,True,False
638504,TÉCNICO DOCENTE 3 (TC),DIRECCIÓN DE ADMISIONES,2023-05-29,2025-05-11,1.95,True,False
638504,PROFESOR NO TITULAR OCASIONAL (TC),FACULTAD DE CIENCIAS NATURALES Y MATEMÁTICAS,2025-05-12,,1.35,True,False
638513,TÉCNICO DE INVESTIGACIÓN 1 (TC),FACULTAD DE INGENIERÍA MECÁNICA Y CIENCIAS DE LA PRODUCCIÓN,2018-10-01,2025-02-16,6.38,True,False
638513,TÉCNICO DE LABORATORIO 1 (TC),FACULTAD DE INGENIERÍA MECÁNICA Y CIENCIAS DE LA PRODUCCIÓN,2025-05-19,,1.33,True,False
638554,TECNICO DOCENTE,FACULTAD DE CIENCIAS NATURALES Y MATEMÁTICAS,2017-10-01,2019-02-22,1.39,True,False
638554,TÉCNICO DOCENTE 1 (TC),FACULTAD DE INGENIERÍA MECÁNICA Y CIENCIAS DE LA PRODUCCIÓN,2021-05-17,2023-09-22,2.35,True,False
638611,TÉCNICO DE INVESTIGACIÓN 1 (MT),DECANATO DE INVESTIGACIÓN,2023-03-01,2023-12-31,0.83,True,False
638638,ASISTENTE EJECUTIVA 2,FACULTAD DE CIENCIAS SOCIALES Y HUMANÍSTICAS,2018-10-01,2022-04-01,3.5,True,False
638661,TECNICO DOCENTE 1,FACULTAD DE INGENIERÍA EN ELECTRICIDAD Y COMPUTACIÓN,2017-10-16,2020-02-21,2.35,True,False
638813,PROFESOR NO TITULAR OCASIONAL (TC),FACULTAD DE INGENIERÍA EN CIENCIAS DE LA TIERRA,2020-06-22,2023-07-09,3.04,True,False
638919,PROFESOR NO TITULAR OCASIONAL 2 (TC),DESCONOCIDA,2017-04-26,2017-12-31,0.68,True,False
638919,TECNICO DOCENTE 1,FACULTAD DE INGENIERÍA MARÍTIMA Y CIENCIAS DEL MAR,2018-01-01,2020-02-13,2.12,True,False
638921,ASISTENTE DE LABORATORIO DE INVESTIGACIÓN,CENTRO NACIONAL DE ACUICULTURA E INVESTIGACIONES MARINAS,2017-09-01,2022-02-01,4.42,True,False
638921,TÉCNICO DE INVESTIGACIÓN 2 (TC),FACULTAD DE INGENIERÍA MECÁNICA Y CIENCIAS DE LA PRODUCCIÓN,2024-11-05,,1.86,True,False
638933,TECNICO DOCENTE 1,FACULTAD DE INGENIERÍA MARÍTIMA Y CIENCIAS DEL MAR,2018-05-01,2019-08-23,1.31,True,False
638937,TÉCNICO DOCENTE 1 (TC),FACULTAD DE CIENCIAS NATURALES Y MATEMÁTICAS,2021-10-04,2025-02-14,3.36,True,False
638941,PROFESOR NO TITULAR OCASIONAL (MT),FACULTAD DE CIENCIAS NATURALES Y MATEMÁTICAS,2024-07-08,2024-09-20,0.2,False,False
638941,PROFESOR NO TITULAR OCASIONAL (TP),FACULTAD DE CIENCIAS NATURALES Y MATEMÁTICAS,2024-10-02,2025-02-14,0.37,True,False
638950,TÉCNICO DE INVESTIGACIÓN 1 (TC),DECANATO DE INVESTIGACIÓN,2023-03-01,2023-12-31,0.83,True,False
639024,TÉCNICOS ESPECIALIZADOS - EJECUCIÓN DE ACTIVIDADES,FACULTAD DE INGENIERÍA MECÁNICA Y CIENCIAS DE LA PRODUCCIÓN,2020-10-01,2020-12-31,0.25,False,False
639024,TÉCNICO DOCENTE 1 (TC),FACULTAD DE INGENIERÍA MECÁNICA Y CIENCIAS DE LA PRODUCCIÓN,2021-03-15,,5.51,True,False
639046,TÉCNICO DE LABORATORIO 1 (TC),FACULTAD DE INGENIERÍA MECÁNICA Y CIENCIAS DE LA PRODUCCIÓN,2023-10-05,2023-12-31,0.24,False,False
639057,TÉCNICO DE INVESTIGACIÓN 1 (TC),FACULTAD DE INGENIERÍA MECÁNICA Y CIENCIAS DE LA PRODUCCIÓN,2024-06-03,2025-09-19,1.29,True,False
639058,PROFESOR NO TITULAR OCASIONAL 2 (TC),DESCONOCIDA,2017-04-26,2017-12-31,0.68,True,False
639058,TÉCNICO DOCENTE 4 (TC),FACULTAD DE INGENIERÍA EN ELECTRICIDAD Y COMPUTACIÓN,2018-01-01,2020-09-30,2.75,True,False
639176,PROFESOR NO TITULAR OCASIONAL (TC),FACULTAD DE CIENCIAS NATURALES Y MATEMÁTICAS,2025-10-24,2026-02-13,0.31,True,False
639198,PROFESOR NO TITULAR OCASIONAL 2 (TC),DESCONOCIDA,2017-04-26,2017-12-31,0.68,True,False
639198,TÉCNICO DOCENTE 1 (TC),FACULTAD DE INGENIERÍA EN ELECTRICIDAD Y COMPUTACIÓN,2018-01-01,2023-05-14,5.36,True,False
639198,PROFESOR NO TITULAR OCASIONAL (TC),FACULTAD DE INGENIERÍA EN ELECTRICIDAD Y COMPUTACIÓN,2023-05-15,,3.34,True,False
639200,TÉCNICO DE INVESTIGACIÓN 1 (TC),FACULTAD DE INGENIERÍA EN ELECTRICIDAD Y COMPUTACIÓN,2023-04-04,2024-04-30,1.07,True,False
639213,TÉCNICO DOCENTE 4 (TC),DIRECCIÓN DE ADMISIONES,2021-05-25,2021-12-31,0.6,True,False
639241,TÉCNICO DOCENTE 1 (MT),FACULTAD DE CIENCIAS NATURALES Y MATEMÁTICAS,2019-05-13,2022-02-18,2.77,True,False
639241,TÉCNICO DOCENTE 3 (TC),DIRECCIÓN DE ADMISIONES,2024-09-30,2026-02-17,1.38,True,False
639243,PROFESOR NO TITULAR OCASIONAL 2 (TC),DESCONOCIDA,2017-04-26,2017-12-31,0.68,True,False
639243,TECNICO DOCENTE,FACULTAD DE CIENCIAS NATURALES Y MATEMÁTICAS,2018-01-01,2018-08-17,0.62,True,False
639243,TÉCNICO DE INVESTIGACIÓN 2 (TC),FACULTAD DE INGENIERÍA MECÁNICA Y CIENCIAS DE LA PRODUCCIÓN,2021-10-05,2023-04-30,1.57,True,False
639250,TÉCNICO DE LABORATORIO 1 (TC),FACULTAD DE INGENIERÍA MECÁNICA Y CIENCIAS DE LA PRODUCCIÓN,2022-04-01,2023-04-30,1.08,True,False
639250,TÉCNICO DE INVESTIGACIÓN 2 (TC),FACULTAD DE INGENIERÍA MECÁNICA Y CIENCIAS DE LA PRODUCCIÓN,2023-05-16,,3.34,True,False
639257,TÉCNICOS ESPECIALIZADOS - EJECUCIÓN DE PROYECTOS,DESCONOCIDA,2017-01-01,2017-05-31,0.41,True,False
639257,TÉCNICO DOCENTE 1 (TC),FACULTAD DE INGENIERÍA MECÁNICA Y CIENCIAS DE LA PRODUCCIÓN,2019-09-30,2025-02-14,5.38,True,False
639269,TÉCNICO DE INVESTIGACIÓN 1 (TC),FACULTAD DE INGENIERÍA MECÁNICA Y CIENCIAS DE LA PRODUCCIÓN,2023-03-01,2024-08-16,1.46,True,False
639300,TÉCNICO DE INVESTIGACIÓN 1,CENTRO DE TECNOLOGÍAS DE LA INFORMACIÓN,2019-01-01,2019-04-30,0.33,True,False
639300,TÉCNICO DE INVESTIGACIÓN 1 (TC),CENTRO DE TECNOLOGÍAS DE LA INFORMACIÓN,2020-01-01,2022-10-02,2.75,True,False
639300,PROFESOR NO TITULAR OCASIONAL (TC),FACULTAD DE INGENIERÍA EN ELECTRICIDAD Y COMPUTACIÓN,2022-10-03,,3.95,True,False
639307,TÉCNICO DOCENTE 3 (TC),FACULTAD DE INGENIERÍA EN ELECTRICIDAD Y COMPUTACIÓN,2018-10-01,2022-10-02,4.0,True,False
639307,PROFESOR NO TITULAR OCASIONAL (TC),FACULTAD DE INGENIERÍA EN ELECTRICIDAD Y COMPUTACIÓN,2022-10-03,,3.95,True,False
639308,TECNICO DOCENTE 1,FACULTAD DE INGENIERÍA MECÁNICA Y CIENCIAS DE LA PRODUCCIÓN,2019-05-13,2020-09-30,1.39,True,False
639423,ASISTENTE DE SOPORTE TÉCNICO,DESCONOCIDA,2014-10-27,2021-09-05,6.86,True,False
639425,TECNICO DOCENTE 1,FACULTAD DE INGENIERÍA MECÁNICA Y CIENCIAS DE LA PRODUCCIÓN,2019-09-30,2020-09-30,1.0,True,False
639454,ANALISTA DE SOPORTE TÉCNICO,GERENCIA DE BIENESTAR POLITÉCNICO,2021-06-01,,5.29,True,False
639460,TÉCNICO DE INVESTIGACIÓN 1 (TC),CENTRO DE TECNOLOGÍAS DE LA INFORMACIÓN,2020-10-26,2023-03-14,2.38,True,False
639481,ASISTENTE DE LABORATORIO DE INVESTIGACIÓN,FACULTAD DE CIENCIAS DE LA VIDA,2018-05-01,2018-12-31,0.67,True,False
639481,TÉCNICO DE INVESTIGACIÓN 3 (TC),FACULTAD DE CIENCIAS DE LA VIDA,2019-01-01,2020-09-30,1.75,True,False
639500,TÉCNICO DOCENTE 1 (TC),FACULTAD DE CIENCIAS DE LA VIDA,2023-10-03,,2.95,True,False
639501,PROFESOR NO TITULAR OCASIONAL 2 (TC),FACULTAD DE CIENCIAS NATURALES Y MATEMÁTICAS,2016-11-24,2017-12-31,1.1,True,False
639501,TECNICO DOCENTE,FACULTAD DE CIENCIAS NATURALES Y MATEMÁTICAS,2018-01-01,2018-09-30,0.74,True,False
639501,TÉCNICO DOCENTE 4 (TC),FACULTAD DE CIENCIAS NATURALES Y MATEMÁTICAS,2022-05-16,2023-02-28,0.79,True,False
639501,PROFESOR NO TITULAR OCASIONAL (TC),FACULTAD DE CIENCIAS NATURALES Y MATEMÁTICAS,2023-03-01,,3.55,True,False
639518,AUXILIAR ADMINISTRATIVO FINANCIERO,DESCONOCIDA,2011-05-02,2014-12-31,3.67,True,False
639518,ANALISTA DE SERVICIOS GENERALES DE UNIDAD ACADÉMICA,DESCONOCIDA,2015-01-01,2020-11-01,5.83,True,False
639791,TÉCNICO DOCENTE 4 (TC),FACULTAD DE INGENIERÍA EN CIENCIAS DE LA TIERRA,2021-08-16,2021-12-31,0.38,True,False
639791,PROFESOR NO TITULAR OCASIONAL (TC),FACULTAD DE INGENIERÍA EN CIENCIAS DE LA TIERRA,2022-01-01,,4.71,True,False
639811,ASISTENTE EJECUTIVA 2,DECANATO DE INVESTIGACIÓN,2011-05-02,,15.37,True,False
639834,ASISTENTE DE ACTIVOS FIJOS,FACULTAD DE CIENCIAS NATURALES Y MATEMÁTICAS,2011-05-02,,15.37,True,False
639835,AYUDANTE ADMINISTRATIVO,DESCONOCIDA,2011-05-02,2011-12-31,0.67,True,False
639835,ANALISTA DE SERVICIOS GENERALES,FACULTAD DE CIENCIAS NATURALES Y MATEMÁTICAS,2015-01-01,,11.71,True,False
640644,SERVIDOR PÙBLICO 6,DESCONOCIDA,2011-06-01,2014-12-28,3.58,True,False
640644,DIRECTOR,DESCONOCIDA,2014-12-29,2014-12-30,0.0,False,False
640644,ASISTENTE DE TALENTO HUMANO,DIRECCIÓN DE TALENTO HUMANO,2015-01-01,2015-09-06,0.68,True,False
640644,ANALISTA DE TALENTO HUMANO 3,DIRECCIÓN DE TALENTO HUMANO,2015-09-07,2019-11-01,4.15,True,True
640644,DIRECTOR DE TALENTO HUMANO,DIRECCIÓN DE TALENTO HUMANO,2016-01-11,2016-01-13,0.01,False,True
641237,PROFESOR TITULAR AGREGADO 3 (TC),FACULTAD DE CIENCIAS NATURALES Y MATEMÁTICAS,2013-01-01,2018-03-30,5.24,True,False
641237,PROFESOR TITULAR AGREGADO 3 (TC),FACULTAD DE CIENCIAS NATURALES Y MATEMÁTICAS,2019-03-15,2019-04-14,0.08,False,False
641237,PROFESOR TITULAR AGREGADO 3 (TC),FACULTAD DE CIENCIAS NATURALES Y MATEMÁTICAS,2020-02-26,2020-03-31,0.09,False,False
641237,PROFESOR TITULAR AGREGADO 3 (TC),FACULTAD DE CIENCIAS NATURALES Y MATEMÁTICAS,2022-03-11,2022-04-22,0.11,False,False
641237,PROFESOR TITULAR AGREGADO 3 (TC),FACULTAD DE CIENCIAS NATURALES Y MATEMÁTICAS,2022-12-27,2022-12-30,0.01,False,False
641237,PROFESOR TITULAR AGREGADO 3 (TC),FACULTAD DE CIENCIAS NATURALES Y MATEMÁTICAS,2023-04-03,2023-05-03,0.08,False,False
641237,PROFESOR TITULAR AGREGADO 3 (TC),FACULTAD DE CIENCIAS NATURALES Y MATEMÁTICAS,2023-12-26,2023-12-29,0.01,False,False
641237,PROFESOR TITULAR AGREGADO 3 (TC),FACULTAD DE CIENCIAS NATURALES Y MATEMÁTICAS,2024-12-23,2025-04-21,0.33,True,False
641237,PROFESOR TITULAR AGREGADO 3 (TC),FACULTAD DE CIENCIAS NATURALES Y MATEMÁTICAS,2025-09-29,2025-12-31,0.25,True,False
641237,PROFESOR TITULAR AGREGADO 3 (TC),FACULTAD DE CIENCIAS NATURALES Y MATEMÁTICAS,2026-06-07,,0.28,True,False
642021,CONTADOR GENERAL,GERENCIA FINANCIERA,2020-08-01,2026-08-01,6.0,True,False
642071,TÉCNICO DE INVESTIGACIÓN 1 (TC),FACULTAD DE INGENIERÍA MECÁNICA Y CIENCIAS DE LA PRODUCCIÓN,2018-10-01,2025-12-31,7.25,True,False
642127,PROFESOR NO TITULAR OCASIONAL 2 (TC),FACULTAD DE CIENCIAS NATURALES Y MATEMÁTICAS,2017-07-01,2017-12-31,0.5,True,False
642127,TECNICO DOCENTE 1,FACULTAD DE CIENCIAS NATURALES Y MATEMÁTICAS,2018-01-01,2019-02-28,1.16,True,False
642127,ANALISTA ESTADÍSTICO ACADÉMICO,FACULTAD DE CIENCIAS NATURALES Y MATEMÁTICAS,2019-03-01,2025-10-06,6.6,True,True
642127,PROFESOR NO TITULAR OCASIONAL (TC),FACULTAD DE CIENCIAS NATURALES Y MATEMÁTICAS,2025-09-29,,0.96,True,True
642192,TÉCNICO DOCENTE 1 (TC),FACULTAD DE INGENIERÍA EN ELECTRICIDAD Y COMPUTACIÓN,2018-05-01,2024-04-05,5.93,True,False
642219,TÉCNICO DE INVESTIGACIÓN 2 (TC),CENTRO DE TECNOLOGÍAS DE LA INFORMACIÓN,2018-10-01,,7.96,True,False
642252,TÉCNICO DOCENTE 1 (TC),FACULTAD DE INGENIERÍA EN ELECTRICIDAD Y COMPUTACIÓN,2018-10-01,2026-05-03,7.59,True,False
642252,PROFESOR NO TITULAR OCASIONAL (TC),FACULTAD DE INGENIERÍA EN ELECTRICIDAD Y COMPUTACIÓN,2026-05-04,,0.37,True,False
642311,TÉCNICO DOCENTE 4 (TC),FACULTAD DE INGENIERÍA EN CIENCIAS DE LA TIERRA,2017-10-01,2023-10-01,6.0,True,False
642311,PROFESOR NO TITULAR OCASIONAL (TC),FACULTAD DE INGENIERÍA EN CIENCIAS DE LA TIERRA,2023-10-02,,2.96,True,False
642325,TÉCNICO DOCENTE 1 (TC),FACULTAD DE CIENCIAS NATURALES Y MATEMÁTICAS,2018-10-01,2023-09-08,4.94,True,False
642330,TECNICO DOCENTE 1,FACULTAD DE INGENIERÍA MECÁNICA Y CIENCIAS DE LA PRODUCCIÓN,2019-05-13,2020-02-21,0.78,True,False
642360,TÉCNICO DE LABORATORIO 1 (TC),FACULTAD DE CIENCIAS DE LA VIDA,2023-10-03,2023-11-24,0.14,False,False
642360,TÉCNICO DE INVESTIGACIÓN 1 (TC),FACULTAD DE CIENCIAS DE LA VIDA,2023-11-27,2025-02-16,1.22,True,False
642360,TÉCNICO DE LABORATORIO 1 (TC),FACULTAD DE CIENCIAS DE LA VIDA,2025-09-01,,1.04,True,False
642382,TÉCNICO DE INVESTIGACIÓN 1 (TC),FACULTAD DE INGENIERÍA EN CIENCIAS DE LA TIERRA,2024-06-03,2025-12-31,1.58,True,False
642382,TÉCNICO DE INVESTIGACIÓN 2 (TC),FACULTAD DE INGENIERÍA MECÁNICA Y CIENCIAS DE LA PRODUCCIÓN,2026-06-01,,0.29,True,False
642402,TÉCNICO DOCENTE 1 (TC),FACULTAD DE INGENIERÍA EN ELECTRICIDAD Y COMPUTACIÓN,2020-10-01,2021-03-16,0.45,True,False
642404,TÉCNICO DE LABORATORIO 1 (TC),FACULTAD DE INGENIERÍA EN ELECTRICIDAD Y COMPUTACIÓN,2019-03-01,,7.54,True,False
642424,PROFESOR NO TITULAR OCASIONAL (TC),FACULTAD DE INGENIERÍA MARÍTIMA Y CIENCIAS DEL MAR,2023-01-01,2023-09-30,0.74,True,False
642433,PROFESOR NO TITULAR OCASIONAL 2 (TC),DESCONOCIDA,2017-04-26,2017-12-31,0.68,True,False
642433,TECNICO DOCENTE 1,FACULTAD DE INGENIERÍA MARÍTIMA Y CIENCIAS DEL MAR,2018-01-01,2020-09-30,2.75,True,False
642558,AUDITOR GENERAL,DESCONOCIDA,2016-08-09,2017-10-31,1.23,True,False
642558,AUDITOR GENERAL,DESCONOCIDA,2018-06-01,2021-06-11,3.03,True,False
642558,AUDITOR GENERAL,AUDITORÍA INTERNA,2024-01-23,,2.65,True,False
642599,ANALISTA DE PROYECTOS DE VINCULACIÓN 3,CENTRO DE EMPRENDIMIENTO E INNOVACIÓN I3LAB,2015-08-03,2025-09-16,10.12,True,True
642599,PROFESOR NO TITULAR OCASIONAL (TP),FACULTAD DE INGENIERÍA EN ELECTRICIDAD Y COMPUTACIÓN,2015-10-19,2016-02-28,0.36,True,True
642599,PROFESOR NO TITULAR OCASIONAL 1 (TP),DESCONOCIDA,2016-05-02,2016-09-23,0.39,True,True
642599,PROFESOR NO TITULAR OCASIONAL 1 (TP),FACULTAD DE INGENIERÍA EN ELECTRICIDAD Y COMPUTACIÓN,2016-10-10,2017-09-22,0.95,True,True
642599,TÉCNICOS ESPECIALIZADOS - EJECUCIÓN DE PROYECTOS,FACULTAD DE INGENIERÍA EN ELECTRICIDAD Y COMPUTACIÓN,2016-11-14,2017-02-18,0.26,True,True
642599,PROFESOR NO TITULAR OCASIONAL (TP),FACULTAD DE INGENIERÍA EN ELECTRICIDAD Y COMPUTACIÓN,2017-10-04,2018-09-21,0.96,True,True
642599,PROFESOR NO TITULAR OCASIONAL (TP),CENTRO DE DESARROLLO DE EMPRENDEDORES,2018-10-01,2019-02-22,0.39,True,True
642599,PROFESOR NO TITULAR OCASIONAL (TP),CENTRO DE EMPRENDIMIENTO E INNOVACIÓN I3LAB,2019-05-13,2019-09-20,0.36,True,True
642599,PROFESOR NO TITULAR OCASIONAL (TP),CENTRO DE EMPRENDIMIENTO E INNOVACIÓN I3LAB,2021-10-04,2022-02-18,0.38,True,True
642649,PROFESOR PREGRADO,DESCONOCIDA,2011-10-10,2013-05-12,1.59,True,False
642649,PROFESOR OCASIONAL,DESCONOCIDA,2013-05-13,2014-12-28,1.63,True,False
642649,PROFESOR TITULAR AUXILIAR 2 (TC),"FACULTAD DE ARTE, DISEÑO Y COMUNICACIÓN AUDIOVISUAL",2015-03-01,2022-11-12,7.7,True,True
642649,TÉCNICOS ESPECIALIZADOS - EJECUCIÓN DE PROYECTOS,ESCUELA DE DISEÑO Y COMUNICACIÓN VISUAL,2016-09-23,2016-10-01,0.02,False,True
642649,TÉCNICOS ESPECIALIZADOS - EJECUCIÓN DE PROYECTOS,ESCUELA DE DISEÑO Y COMUNICACIÓN VISUAL,2017-02-16,2017-02-24,0.02,False,True
642649,SUBDIRECTOR,DESCONOCIDA,2017-04-10,2017-07-02,0.23,False,True
642649,TÉCNICOS ESPECIALIZADOS - EJECUCIÓN DE PROYECTOS,CENTRO DE DESARROLLO DE EMPRENDEDORES,2017-04-20,2017-04-28,0.02,False,True
642649,DECANO(A),"FACULTAD DE ARTE, DISEÑO Y COMUNICACIÓN AUDIOVISUAL",2022-11-13,,3.84,True,False
642708,PROFESOR PREGRADO,DESCONOCIDA,2012-05-14,2013-05-13,1.0,True,False
642708,PROFESOR NO TITULAR OCASIONAL (TC),"FACULTAD DE ARTE, DISEÑO Y COMUNICACIÓN AUDIOVISUAL",2014-10-01,,11.96,True,False
642759,PROFESOR NO TITULAR OCASIONAL (TC),FACULTAD DE CIENCIAS DE LA VIDA,2015-05-01,2018-03-02,2.84,True,False
642759,TÉCNICO DE INVESTIGACIÓN 1 (TC),"VICERRECTORADO DE INVESTIGACIÓN, DESARROLLO E INNOVACIÓN",2023-09-25,,2.98,True,False
642784,AUXILIAR DE ARCHIVO,DESCONOCIDA,2012-03-01,2012-12-31,0.83,True,False
642784,ASISTENTE EJECUTIVA 2,FACULTAD DE INGENIERÍA EN ELECTRICIDAD Y COMPUTACIÓN,2016-03-01,,10.54,True,False
642847,AYUDANTE DE SERVICIOS ADMINISTRATIVOS,DESCONOCIDA,2016-01-01,2019-06-06,3.43,True,False
642847,ASISTENTE EJECUTIVA 3,FACULTAD DE CIENCIAS NATURALES Y MATEMÁTICAS,2019-06-07,2026-01-01,6.57,True,False
642871,TÉCNICO DE INVESTIGACIÓN 1 (TC),DECANATO DE INVESTIGACIÓN,2023-03-01,2023-12-31,0.83,True,False
642871,TÉCNICO DE LABORATORIO 1 (TC),FACULTAD DE CIENCIAS DE LA VIDA,2024-06-03,2026-06-30,2.07,True,False
642876,TÉCNICO DE INVESTIGACIÓN 1 (TC),DECANATO DE INVESTIGACIÓN,2023-03-01,2023-12-31,0.83,True,False
642966,TÉCNICO DOCENTE 3 (TC),DIRECCIÓN DE ADMISIONES,2023-09-20,2023-12-31,0.28,True,False
642985,TÉCNICO DE INVESTIGACIÓN 1 (TC),DECANATO DE INVESTIGACIÓN,2023-03-01,2023-12-31,0.83,True,False
642985,TÉCNICOS ESPECIALIZADOS - EJECUCIÓN DE ACTIVIDADES,DECANATO DE GRADO,2024-01-08,2024-12-31,0.98,True,False
643054,TÉCNICO DE INVESTIGACIÓN 3 (TC),CENTRO NACIONAL DE ACUICULTURA E INVESTIGACIONES MARINAS,2019-02-01,2021-09-01,2.58,True,False
643058,ASISTENTE DE LABORATORIO DE INVESTIGACIÓN,DESCONOCIDA,2019-12-02,2021-01-01,1.08,True,False
643061,TECNICO DOCENTE,FACULTAD DE CIENCIAS DE LA VIDA,2017-11-01,2018-01-31,0.25,False,False
643061,TÉCNICO DE LABORATORIO 4 (TC),FACULTAD DE CIENCIAS DE LA VIDA,2018-04-01,2021-02-28,2.91,True,False
643117,PROFESOR NO TITULAR OCASIONAL (TP),FACULTAD DE CIENCIAS SOCIALES Y HUMANÍSTICAS,2025-10-01,2026-02-13,0.37,True,False
643117,PROFESOR NO TITULAR OCASIONAL (TC),FACULTAD DE CIENCIAS SOCIALES Y HUMANÍSTICAS,2026-08-05,,0.11,False,False
643166,TÉCNICOS ESPECIALIZADOS - EJECUCIÓN DE PROYECTOS,FACULTAD DE INGENIERÍA EN ELECTRICIDAD Y COMPUTACIÓN,2017-04-07,2017-07-07,0.25,False,False
643166,ASISTENTE DE COMUNICACIÓN,CENTRO DE INVESTIGACIONES Y SERVICIOS EDUCATIVOS,2025-06-02,,1.29,True,False
643204,ASISTENTE DE COMUNICACIÓN,CENTRO DE INVESTIGACIONES Y SERVICIOS EDUCATIVOS,2023-07-03,2025-04-05,1.76,True,False
643247,TÉCNICOS ESPECIALIZADOS - EJECUCIÓN DE ACTIVIDADES,FACULTAD DE CIENCIAS DE LA VIDA,2018-10-01,2018-12-31,0.25,False,False
643248,TÉCNICO DE LABORATORIO 1 (TC),FACULTAD DE CIENCIAS DE LA VIDA,2019-04-15,2022-12-31,3.71,True,False
643248,PROFESOR NO TITULAR OCASIONAL (TC),FACULTAD DE CIENCIAS DE LA VIDA,2023-01-01,,3.71,True,False
643299,ASISTENTE EJECUTIVA 2,GERENCIA ADMINISTRATIVA,2019-11-05,2022-10-01,2.9,True,False
643304,TÉCNICO DOCENTE 1 (TC),FACULTAD DE INGENIERÍA MECÁNICA Y CIENCIAS DE LA PRODUCCIÓN,2020-10-01,2023-08-07,2.85,True,False
643308,TÉCNICO DE LABORATORIO 1 (TC),FACULTAD DE INGENIERÍA EN ELECTRICIDAD Y COMPUTACIÓN,2019-05-01,,7.38,True,True
643308,TÉCNICOS ESPECIALIZADOS - EJECUCIÓN DE ACTIVIDADES,GERENCIA DE TECNOLOGÍAS Y SISTEMAS DE INFORMACIÓN,2024-11-15,2024-12-31,0.13,False,True
643309,TÉCNICO DOCENTE 1 (TC),FACULTAD DE CIENCIAS NATURALES Y MATEMÁTICAS,2019-05-13,2026-02-13,6.76,True,False
643309,PROFESOR NO TITULAR OCASIONAL (MT),FACULTAD DE CIENCIAS NATURALES Y MATEMÁTICAS,2026-03-09,2026-05-03,0.15,False,False
643312,TÉCNICO DOCENTE 1 (TC),FACULTAD DE INGENIERÍA EN ELECTRICIDAD Y COMPUTACIÓN,2018-05-01,2024-04-14,5.95,True,False
643312,TÉCNICO DOCENTE 3 (TC),DIRECCIÓN DE ADMISIONES,2025-09-22,2025-12-31,0.27,True,False
643321,TÉCNICO DE LABORATORIO 1 (TC),FACULTAD DE INGENIERÍA MECÁNICA Y CIENCIAS DE LA PRODUCCIÓN,2024-11-15,2024-12-31,0.13,False,False
643322,ANALISTA ADMINISTRATIVO,FACULTAD DE CIENCIAS DE LA VIDA,2019-04-01,2020-07-15,1.29,True,False
643333,TÉCNICO DE INVESTIGACIÓN 1 (TC),CENTRO DE TECNOLOGÍAS DE LA INFORMACIÓN,2019-01-01,2022-03-31,3.24,True,False
643337,TÉCNICO DOCENTE 3 (TC),DIRECCIÓN DE ADMISIONES,2023-09-20,,2.99,True,False
643351,TÉCNICO DOCENTE 1 (TC),FACULTAD DE CIENCIAS NATURALES Y MATEMÁTICAS,2023-10-10,2023-12-29,0.22,False,False
643361,TÉCNICO DOCENTE 3 (TC),DIRECCIÓN DE ADMISIONES,2022-04-04,,4.45,True,False
643377,TÉCNICO DE INVESTIGACIÓN 1 (TC),FACULTAD DE INGENIERÍA EN ELECTRICIDAD Y COMPUTACIÓN,2023-10-03,2023-12-31,0.24,False,False
643378,TÉCNICO DOCENTE 1 (TC),FACULTAD DE INGENIERÍA EN ELECTRICIDAD Y COMPUTACIÓN,2018-10-01,2023-01-25,4.32,True,False
643396,TÉCNICO DE INVESTIGACIÓN 2 (TC),FACULTAD DE INGENIERÍA MECÁNICA Y CIENCIAS DE LA PRODUCCIÓN,2024-11-11,,1.85,True,False
643421,TÉCNICO DOCENTE 1 (TC),FACULTAD DE INGENIERÍA MARÍTIMA Y CIENCIAS DEL MAR,2019-09-30,2023-11-08,4.11,True,False
643421,PROFESOR NO TITULAR OCASIONAL (TC),FACULTAD DE INGENIERÍA MARÍTIMA Y CIENCIAS DEL MAR,2023-11-09,,2.85,True,False
643445,TÉCNICO DE INVESTIGACIÓN 1 (TC),DECANATO DE INVESTIGACIÓN,2021-06-09,2021-09-04,0.24,False,False
643480,TÉCNICO DE INVESTIGACIÓN 2 (TC),CENTRO DE INVESTIGACIÓN Y PROYECTOS APLICADOS A LAS CIENCIAS DE LA TIERRA,2023-07-25,2023-12-31,0.44,True,False
643480,TÉCNICO DE LABORATORIO 1 (TC),FACULTAD DE INGENIERÍA EN CIENCIAS DE LA TIERRA,2025-05-12,2025-09-28,0.38,True,False
643480,PROFESOR NO TITULAR OCASIONAL (TC),FACULTAD DE INGENIERÍA EN CIENCIAS DE LA TIERRA,2025-09-29,,0.96,True,False
643498,TÉCNICO DOCENTE 1 (TC),FACULTAD DE INGENIERÍA EN CIENCIAS DE LA TIERRA,2018-05-01,2021-02-28,2.83,True,False
643562,TÉCNICO DOCENTE 1 (TC),FACULTAD DE INGENIERÍA EN ELECTRICIDAD Y COMPUTACIÓN,2018-10-01,2021-09-24,2.98,True,False
643578,TÉCNICO DE LABORATORIO 1 (TC),FACULTAD DE CIENCIAS DE LA VIDA,2023-10-03,2023-12-31,0.24,False,False
643587,TECNICO DOCENTE 1,FACULTAD DE CIENCIAS NATURALES Y MATEMÁTICAS,2019-05-13,2020-02-21,0.78,True,False
643587,TÉCNICO DOCENTE 4 (TC),DIRECCIÓN DE ADMISIONES,2021-05-25,2021-08-31,0.27,True,False
643647,TÉCNICO DE LABORATORIO 1 (TC),DECANATO DE GRADO,2022-01-03,,4.7,True,False
643656,PROFESOR NO TITULAR OCASIONAL 2 (TC),FACULTAD DE CIENCIAS NATURALES Y MATEMÁTICAS,2017-07-01,2017-12-31,0.5,True,False
643656,TECNICO DOCENTE,FACULTAD DE CIENCIAS NATURALES Y MATEMÁTICAS,2018-01-01,2018-09-21,0.72,True,False
643699,ASISTENTE DE SOPORTE TÉCNICO,FACULTAD DE INGENIERÍA EN ELECTRICIDAD Y COMPUTACIÓN,2016-08-01,2024-06-30,7.91,True,False
643699,ANALISTA DE SOPORTE TÉCNICO,FACULTAD DE INGENIERÍA EN ELECTRICIDAD Y COMPUTACIÓN,2024-07-01,2025-02-22,0.65,True,True
643699,ASISTENTE DE SOPORTE TÉCNICO,FACULTAD DE INGENIERÍA EN ELECTRICIDAD Y COMPUTACIÓN,2025-02-22,,1.56,True,True
643705,TÉCNICO DOCENTE 1 (TC),FACULTAD DE INGENIERÍA EN ELECTRICIDAD Y COMPUTACIÓN,2018-10-01,2021-09-24,2.98,True,False
643715,TECNICO DOCENTE 1,FACULTAD DE CIENCIAS NATURALES Y MATEMÁTICAS,2018-05-01,2020-02-21,1.81,True,False
643723,TÉCNICO DOCENTE 1 (TC),FACULTAD DE CIENCIAS NATURALES Y MATEMÁTICAS,2019-05-13,2021-12-31,2.64,True,False
643723,TÉCNICO DOCENTE 3 (TC),DIRECCIÓN DE ADMISIONES,2022-01-20,2023-12-31,1.94,True,False
643726,PROFESOR NO TITULAR OCASIONAL (TC),FACULTAD DE INGENIERÍA EN CIENCIAS DE LA TIERRA,2020-02-22,,6.56,True,False
643742,TÉCNICO DE INVESTIGACIÓN 1 (TC),CENTRO DE TECNOLOGÍAS DE LA INFORMACIÓN,2019-01-01,2024-08-20,5.63,True,False
643773,TÉCNICO DOCENTE 3 (TC),DIRECCIÓN DE ADMISIONES,2023-10-03,2024-02-16,0.37,True,False
643789,PROFESOR NO TITULAR OCASIONAL (MT),DECANATO DE GRADO,2026-05-11,,0.35,True,False
643819,ASISTENTE DE COMUNICACIÓN SOCIAL,FACULTAD DE INGENIERÍA EN CIENCIAS DE LA TIERRA,2018-07-02,2021-07-01,3.0,True,False
643873,ASISTENTE ADMINISTRATIVO,FACULTAD DE CIENCIAS SOCIALES Y HUMANÍSTICAS,2021-09-01,,5.04,True,False
643899,TÉCNICO DOCENTE 4 (TC),DIRECCIÓN DE ADMISIONES,2021-05-25,2021-12-31,0.6,True,False
643899,TÉCNICO DOCENTE 3 (TC),DIRECCIÓN DE ADMISIONES,2023-05-29,,3.3,True,False
643995,TÉCNICO DE INVESTIGACIÓN 1 (TC),FACULTAD DE INGENIERÍA EN CIENCIAS DE LA TIERRA,2023-10-03,2023-12-31,0.24,False,False
644047,PROFESOR PREGRADO,DESCONOCIDA,2012-05-14,2013-12-31,1.63,True,False
644047,PROFESOR NO TITULAR OCASIONAL (TC),"FACULTAD DE ARTE, DISEÑO Y COMUNICACIÓN AUDIOVISUAL",2014-10-01,2019-09-27,4.99,True,False
644132,SECRETARIA,DECANATO DE INVESTIGACIÓN,2012-08-20,2014-12-31,2.36,True,False
644132,ANALISTA DE GESTIÓN DE PROYECTOS DE INVESTIGACIÓN,DECANATO DE INVESTIGACIÓN,2015-01-01,,11.71,True,False
644133,TÉCNICO DE INVESTIGACIÓN 4 (TC),CENTRO NACIONAL DE ACUICULTURA E INVESTIGACIONES MARINAS,2019-02-01,2020-08-31,1.58,True,False
644134,ASISTENTE ADMINISTRATIVO-FINANCIERO,DESCONOCIDA,2012-08-01,2013-12-31,1.42,True,False
644134,"SUPERVISOR DE PROCESOS PRODUCTIVOS, OPERATIVOS Y/O ESPECIALIZACIÒN INDUSTRIAL",CENTRO DE INVESTIGACIONES BIOTECNOLÓGICAS DEL ECUADOR,2014-08-01,2015-05-31,0.83,True,False
644134,ANALISTA ADMINISTRATIVO FINANCIERO DE CENTROS,CENTRO DE INVESTIGACIONES BIOTECNOLÓGICAS DEL ECUADOR,2015-06-01,2015-10-19,0.38,True,False
644134,ANALISTA ADMINISTRATIVO FINANCIERO 3,CENTRO DE INVESTIGACIONES BIOTECNOLÓGICAS DEL ECUADOR,2017-04-01,,9.46,True,False
644141,TÉCNICO DOCENTE 1 (TC),FACULTAD DE CIENCIAS NATURALES Y MATEMÁTICAS,2023-10-10,2024-02-18,0.36,True,False
644141,TÉCNICO DOCENTE 3 (TC),DIRECCIÓN DE ADMISIONES,2024-09-30,,1.96,True,False
644153,TÉCNICO DOCENTE 1 (TC),FACULTAD DE INGENIERÍA EN ELECTRICIDAD Y COMPUTACIÓN,2023-05-15,,3.34,True,False
644158,TECNICO DOCENTE 1,FACULTAD DE INGENIERÍA EN ELECTRICIDAD Y COMPUTACIÓN,2019-05-01,2020-05-31,1.08,True,False
644158,TÉCNICOS ESPECIALIZADOS - EJECUCIÓN DE ACTIVIDADES,CENTRO DE INFORMACIÓN BIBLIOTECARIA,2024-01-08,2024-12-31,0.98,True,False
644158,TÉCNICO DOCENTE 3 (TC),DIRECCIÓN DE ADMISIONES,2025-03-05,,1.53,True,False
644211,TÉCNICO DE LABORATORIO 1 (TC),FACULTAD DE INGENIERÍA MECÁNICA Y CIENCIAS DE LA PRODUCCIÓN,2023-10-05,2023-12-31,0.24,False,False
644262,TÉCNICO DOCENTE 1 (TC),FACULTAD DE INGENIERÍA MECÁNICA Y CIENCIAS DE LA PRODUCCIÓN,2019-05-13,2021-12-31,2.64,True,False
644281,TÉCNICO DOCENTE 1 (TC),FACULTAD DE INGENIERÍA MECÁNICA Y CIENCIAS DE LA PRODUCCIÓN,2021-05-17,2023-09-08,2.31,True,False
644298,TÉCNICOS ESPECIALIZADOS - EJECUCIÓN DE ACTIVIDADES,RECTORADO,2018-03-01,2018-05-31,0.25,False,False
644298,ANALISTA DE PLANIFICACIÓN Y PROYECTOS,GERENCIA DE PLANIFICACIÓN ESTRATÉGICA,2022-10-03,2023-09-19,0.96,True,False
644312,TÉCNICO DE INVESTIGACIÓN 1 (TC),FACULTAD DE INGENIERÍA EN CIENCIAS DE LA TIERRA,2023-10-03,2023-12-31,0.24,False,False
644365,TÉCNICO DOCENTE 1 (TC),FACULTAD DE INGENIERÍA EN CIENCIAS DE LA TIERRA,2023-10-05,2023-12-31,0.24,False,False
644365,TÉCNICO DOCENTE 3 (TC),DIRECCIÓN DE ADMISIONES,2024-03-01,2026-03-20,2.05,True,False
644368,TÉCNICO DOCENTE 3 (TC),DIRECCIÓN DE ADMISIONES,2024-10-07,,1.94,True,False
644382,ANALISTA DE LABORATORIO,DESCONOCIDA,2018-06-01,2021-08-05,3.18,True,False
644382,TÉCNICO DE LABORATORIO 4 (TC),FACULTAD DE INGENIERÍA EN CIENCIAS DE LA TIERRA,2021-08-16,2022-12-31,1.37,True,False
644382,PROFESOR NO TITULAR OCASIONAL (TC),FACULTAD DE INGENIERÍA EN CIENCIAS DE LA TIERRA,2024-01-01,,2.71,True,False
644384,TÉCNICO DOCENTE 3 (TC),DIRECCIÓN DE ADMISIONES,2023-05-29,,3.3,True,False
644387,TÉCNICO DOCENTE 1 (TC),FACULTAD DE INGENIERÍA EN CIENCIAS DE LA TIERRA,2018-10-01,2021-07-05,2.76,True,False
644388,TÉCNICO DE LABORATORIO 1 (TC),FACULTAD DE INGENIERÍA EN CIENCIAS DE LA TIERRA,2018-10-01,2021-08-31,2.92,True,False
644399,TÉCNICOS ESPECIALIZADOS - EJECUCIÓN DE ACTIVIDADES,RECTORADO,2018-03-01,2018-05-31,0.25,False,False
644406,TÉCNICO DOCENTE 3 (TC),FACULTAD DE CIENCIAS NATURALES Y MATEMÁTICAS,2018-05-01,2022-05-06,4.01,True,False
644440,TÉCNICOS ESPECIALIZADOS - EJECUCIÓN DE PROYECTOS,GERENCIA DE TECNOLOGÍAS Y SISTEMAS DE INFORMACIÓN,2021-09-09,2022-01-31,0.39,True,False
644440,TÉCNICO DOCENTE 3 (TC),DIRECCIÓN DE ADMISIONES,2025-08-01,,1.13,True,False
644484,TÉCNICO DE INVESTIGACIÓN 1 (TC),FACULTAD DE INGENIERÍA EN CIENCIAS DE LA TIERRA,2023-10-03,2023-12-31,0.24,False,False
644500,TÉCNICO DOCENTE 1 (TC),FACULTAD DE INGENIERÍA MARÍTIMA Y CIENCIAS DEL MAR,2020-10-01,2025-02-21,4.39,True,False
644515,TÉCNICO DE LABORATORIO 1 (TC),FACULTAD DE CIENCIAS NATURALES Y MATEMÁTICAS,2024-10-08,,1.94,True,False
644516,TÉCNICO DOCENTE 1 (MT),FACULTAD DE CIENCIAS NATURALES Y MATEMÁTICAS,2019-05-13,2022-02-18,2.77,True,False
644516,TÉCNICO DOCENTE 1 (TC),FACULTAD DE CIENCIAS NATURALES Y MATEMÁTICAS,2025-10-13,2026-05-10,0.57,True,False
644516,PROFESOR NO TITULAR OCASIONAL (MT),FACULTAD DE CIENCIAS NATURALES Y MATEMÁTICAS,2026-05-11,,0.35,True,False
644521,TÉCNICO DOCENTE 1 (TC),FACULTAD DE CIENCIAS NATURALES Y MATEMÁTICAS,2018-05-01,2025-05-16,7.04,True,False
644526,TÉCNICO DOCENTE 1 (TC),FACULTAD DE CIENCIAS NATURALES Y MATEMÁTICAS,2019-05-13,2026-02-13,6.76,True,False
644526,PROFESOR NO TITULAR OCASIONAL (MT),FACULTAD DE CIENCIAS NATURALES Y MATEMÁTICAS,2026-03-09,2026-05-03,0.15,False,False
644527,TÉCNICO DE INVESTIGACIÓN 1 (MT),FACULTAD DE INGENIERÍA MECÁNICA Y CIENCIAS DE LA PRODUCCIÓN,2023-03-01,2023-12-31,0.83,True,False
644530,TÉCNICO DOCENTE 1 (TC),FACULTAD DE CIENCIAS NATURALES Y MATEMÁTICAS,2022-06-01,2023-07-07,1.1,True,False
644571,TÉCNICO EN EL CAMPO DE LAS ARTES 1 (TC),"FACULTAD DE ARTE, DISEÑO Y COMUNICACIÓN AUDIOVISUAL",2023-06-15,,3.26,True,False
644579,TÉCNICO DOCENTE 3 (TC),DIRECCIÓN DE ADMISIONES,2025-09-22,,0.98,True,False
644606,TÉCNICO DOCENTE 1 (TC),FACULTAD DE INGENIERÍA MECÁNICA Y CIENCIAS DE LA PRODUCCIÓN,2023-10-10,,2.93,True,False
644623,TÉCNICOS ESPECIALIZADOS - EJECUCIÓN DE ACTIVIDADES,"FACULTAD DE INGENIERIA MARÍTIMA, CIENCIAS BIOLÓGICAS, OCEÁNICAS Y RECURSOS NATURALES",2019-03-01,2019-03-31,0.08,False,False
644623,TÉCNICOS ESPECIALIZADOS - EJECUCIÓN DE PROYECTOS,FACULTAD DE INGENIERÍA MARÍTIMA Y CIENCIAS DEL MAR,2020-11-30,2020-12-03,0.01,False,False
644630,ANALISTA ADMINISTRATIVO,OFICINA DE TRANSFERENCIA DE RESULTADOS DE INVESTIGACIÓN - OTRI EN LA ESPOL,2020-01-02,,6.7,True,False
644698,TECNICO DOCENTE 1,FACULTAD DE INGENIERÍA MARÍTIMA Y CIENCIAS DEL MAR,2018-05-21,2020-02-21,1.75,True,False
644781,ASESOR TÉCNICO,DESCONOCIDA,2012-11-29,2016-01-31,3.17,True,False
644946,ASISTENTE EJECUTIVA 2,FACULTAD DE INGENIERÍA MECÁNICA Y CIENCIAS DE LA PRODUCCIÓN,2022-01-03,2024-02-01,2.08,True,False
645005,AUXILIAR DE INVESTIGACIÓN,DESCONOCIDA,2013-03-01,2013-12-31,0.83,True,False
645005,TÉCNICO DOCENTE,CENTRO DE INVESTIGACIONES BIOTECNOLÓGICAS DEL ECUADOR,2014-01-01,2015-12-01,1.91,True,False
645005,ANALISTA DE LABORATORIO DE INVESTIGACIÓN 2,CENTRO DE INVESTIGACIONES BIOTECNOLÓGICAS DEL ECUADOR,2015-12-02,,10.79,True,False
645089,TÉCNICO DOCENTE 1 (TC),DIRECCIÓN DE ADMISIONES,2021-06-01,2021-08-31,0.25,False,False
645105,TÉCNICO DE LABORATORIO 1 (TC),FACULTAD DE CIENCIAS DE LA VIDA,2023-10-03,2023-12-31,0.24,False,False
645142,TÉCNICO DE INVESTIGACIÓN 1 (TC),CENTRO DE TECNOLOGÍAS DE LA INFORMACIÓN,2020-10-12,2020-10-23,0.03,False,False
645153,TÉCNICO DE LABORATORIO 4 (TC),FACULTAD DE INGENIERÍA EN CIENCIAS DE LA TIERRA,2019-01-01,2022-06-03,3.42,True,False
645153,TÉCNICO DOCENTE 3 (MT),DIRECCIÓN DE ADMISIONES,2026-03-03,2026-06-30,0.33,True,False
645159,TÉCNICO DE LABORATORIO 1 (TC),FACULTAD DE INGENIERÍA EN CIENCIAS DE LA TIERRA,2025-09-29,,0.96,True,False
645207,TÉCNICO DE INVESTIGACIÓN 1 (TC),FACULTAD DE INGENIERÍA MARÍTIMA Y CIENCIAS DEL MAR,2023-03-01,2024-05-31,1.25,True,False
645214,TÉCNICO DE LABORATORIO 1 (TC),FACULTAD DE CIENCIAS NATURALES Y MATEMÁTICAS,2018-05-01,,8.38,True,False
645261,TÉCNICO DE INVESTIGACIÓN 1 (TC),DECANATO DE INVESTIGACIÓN,2021-09-24,2021-12-31,0.27,True,False
645261,TÉCNICO DE LABORATORIO 1 (TC),FACULTAD DE CIENCIAS DE LA VIDA,2023-10-03,2023-12-31,0.24,False,False
645277,TÉCNICO DOCENTE 3 (TC),DIRECCIÓN DE ADMISIONES,2025-05-05,,1.37,True,False
645293,TÉCNICO DE INVESTIGACIÓN 1 (TC),DECANATO DE INVESTIGACIÓN,2023-03-01,2023-12-31,0.83,True,False
645317,TÉCNICOS ESPECIALIZADOS - EJECUCIÓN DE ACTIVIDADES,FACULTAD DE INGENIERÍA MECÁNICA Y CIENCIAS DE LA PRODUCCIÓN,2019-03-11,2020-03-16,1.02,True,False
645395,ASISTENTE DE SOPORTE TÉCNICO,FACULTAD DE INGENIERÍA EN ELECTRICIDAD Y COMPUTACIÓN,2022-04-01,2022-10-22,0.56,True,False
645468,TÉCNICO DOCENTE 1 (TC),FACULTAD DE INGENIERÍA EN ELECTRICIDAD Y COMPUTACIÓN,2019-09-30,2022-08-21,2.89,True,False
645471,TÉCNICOS ESPECIALIZADOS - EJECUCIÓN DE PROYECTOS,DECANATO DE INVESTIGACIÓN,2019-09-01,2019-10-31,0.16,False,False
645471,TÉCNICOS ESPECIALIZADOS - EJECUCIÓN DE ACTIVIDADES,"FACULTAD DE ARTE, DISEÑO Y COMUNICACIÓN AUDIOVISUAL",2019-12-15,2020-02-15,0.17,False,False
645471,TÉCNICOS ESPECIALIZADOS - EJECUCIÓN DE ACTIVIDADES,"FACULTAD DE ARTE, DISEÑO Y COMUNICACIÓN AUDIOVISUAL",2020-05-26,2020-11-15,0.47,True,False
645471,TÉCNICOS ESPECIALIZADOS - EJECUCIÓN DE ACTIVIDADES,DECANATO DE INVESTIGACIÓN,2020-12-15,2020-12-31,0.04,False,False
645513,TÉCNICO DOCENTE 1 (TC),FACULTAD DE INGENIERÍA EN ELECTRICIDAD Y COMPUTACIÓN,2023-05-15,2026-02-13,2.75,True,False
645513,TÉCNICO DE LABORATORIO 1 (TC),FACULTAD DE INGENIERÍA EN ELECTRICIDAD Y COMPUTACIÓN,2026-03-05,2026-05-03,0.16,False,False
645542,TECNICO DOCENTE 1,FACULTAD DE CIENCIAS NATURALES Y MATEMÁTICAS,2018-10-01,2020-02-21,1.39,True,False
645542,TÉCNICO DOCENTE 1 (TC),FACULTAD DE CIENCIAS NATURALES Y MATEMÁTICAS,2023-10-02,2024-02-16,0.38,True,False
645542,TÉCNICO DOCENTE 1 (TC),FACULTAD DE CIENCIAS NATURALES Y MATEMÁTICAS,2026-05-11,,0.35,True,False
645553,TÉCNICO DE LABORATORIO 1 (TC),FACULTAD DE INGENIERÍA MECÁNICA Y CIENCIAS DE LA PRODUCCIÓN,2023-10-05,2023-12-31,0.24,False,False
645553,TÉCNICO DE INVESTIGACIÓN 1 (TC),DECANATO DE INVESTIGACIÓN,2024-11-20,2024-12-31,0.11,False,False
645591,TÉCNICO DE LABORATORIO 1 (TC),FACULTAD DE INGENIERÍA MECÁNICA Y CIENCIAS DE LA PRODUCCIÓN,2023-10-05,2023-12-31,0.24,False,False
645627,TÉCNICOS ESPECIALIZADOS - EJECUCIÓN DE ACTIVIDADES,CENTRO DE TECNOLOGÍAS DE LA INFORMACIÓN,2018-10-01,2018-12-31,0.25,False,False
645627,TÉCNICO DE INVESTIGACIÓN 1 (TC),CENTRO DE TECNOLOGÍAS DE LA INFORMACIÓN,2019-01-01,2023-12-31,5.0,True,False
645689,PROFESOR NO TITULAR OCASIONAL (TC),DESCONOCIDA,2014-10-01,2016-07-31,1.83,True,False
645689,PROFESOR TITULAR AGREGADO 2 (TC),FACULTAD DE CIENCIAS DE LA VIDA,2016-08-01,2022-11-12,6.28,True,True
645689,SUBDECANO(A),FACULTAD DE CIENCIAS DE LA VIDA,2022-09-26,2023-04-13,0.54,True,True
645689,DECANO(A),FACULTAD DE CIENCIAS DE LA VIDA,2023-04-24,2023-04-28,0.01,False,False
645689,DECANO(A),FACULTAD DE CIENCIAS DE LA VIDA,2023-09-03,2026-01-30,2.41,True,True
645689,SUBDECANO(A),FACULTAD DE CIENCIAS DE LA VIDA,2023-09-11,2023-09-22,0.03,False,True
645689,SUBDECANO(A),FACULTAD DE CIENCIAS DE LA VIDA,2023-12-22,2024-04-05,0.29,True,True
645689,DECANO(A),DECANATO DE GRADO,2024-03-04,2024-03-15,0.03,False,True
645689,DECANO(A),DECANATO DE GRADO,2024-08-26,2024-08-31,0.01,False,True
645689,SUBDECANO(A),FACULTAD DE CIENCIAS DE LA VIDA,2024-12-20,2025-03-25,0.26,True,True
645689,DECANO(A),DECANATO DE GRADO,2025-02-17,2025-02-28,0.03,False,True
645689,DECANO(A),DECANATO DE GRADO,2025-06-12,2025-06-24,0.03,False,True
645689,SUBDECANO(A),FACULTAD DE CIENCIAS DE LA VIDA,2025-08-25,2025-09-25,0.08,False,True
645689,DECANO(A),DECANATO DE GRADO,2025-11-09,2025-11-15,0.02,False,True
645689,SUBDECANO(A),FACULTAD DE CIENCIAS DE LA VIDA,2025-12-26,2026-04-02,0.27,True,True
645689,DECANO(A),DECANATO DE GRADO,2026-04-20,2026-04-24,0.01,False,False
645689,DECANO(A),FACULTAD DE CIENCIAS DE LA VIDA,2026-05-27,,0.31,True,True
645689,SUBDECANO(A),FACULTAD DE CIENCIAS DE LA VIDA,2026-07-12,2026-07-18,0.02,False,True
645689,DECANO(A),DECANATO DE GRADO,2026-08-11,2026-08-14,0.01,False,True
645695,PROFESOR NO TITULAR OCASIONAL (MT),DESCONOCIDA,2014-10-20,2016-02-28,1.36,True,False
645695,PROFESOR NO TITULAR OCASIONAL 1 (MT),FACULTAD DE CIENCIAS NATURALES Y MATEMÁTICAS,2016-05-02,2016-09-23,0.39,True,False
645700,ASISTENTE DE GESTIÓN DE PROYECTOS DE INVESTIGACIÓN,DESCONOCIDA,2013-05-01,2015-04-30,2.0,True,False
645700,TÉCNICOS ESPECIALIZADOS - EJECUCIÓN DE PROYECTOS,DESCONOCIDA,2017-01-03,2017-11-30,0.91,True,False
645700,ASISTENTE EJECUTIVA 3,RECTORADO,2017-12-01,2024-07-19,6.63,True,False
645722,PROFESOR PREGRADO,DESCONOCIDA,2008-05-10,2008-07-19,0.19,False,False
645722,PROFESOR PREGRADO,DESCONOCIDA,2013-05-13,2013-12-31,0.64,True,False
645722,PROFESOR NO TITULAR OCASIONAL (TC),FACULTAD DE CIENCIAS SOCIALES Y HUMANÍSTICAS,2014-10-01,2020-02-21,5.39,True,False
645722,TÉCNICO DOCENTE 4 (TC),FACULTAD DE CIENCIAS SOCIALES Y HUMANÍSTICAS,2020-02-22,2023-02-28,3.02,True,False
645722,TÉCNICO DOCENTE 1 (TC),FACULTAD DE CIENCIAS SOCIALES Y HUMANÍSTICAS,2025-03-06,,1.53,True,False
645724,PROFESOR PREGRADO,DESCONOCIDA,2003-05-19,2004-09-25,1.36,True,True
645724,PROFESOR PRESUPUESTO,DESCONOCIDA,2003-10-20,2004-03-08,0.38,True,True
645724,PROFESOR PREGRADO,DESCONOCIDA,2013-05-13,2013-09-20,0.36,True,False
645724,PROFESOR PREGRADO,DESCONOCIDA,2014-05-12,2014-12-31,0.64,True,False
645724,PROFESOR NO TITULAR OCASIONAL 1 (MT),FACULTAD DE CIENCIAS NATURALES Y MATEMÁTICAS,2016-05-02,2017-09-22,1.39,True,False
645724,PROFESOR NO TITULAR OCASIONAL (TP),FACULTAD DE CIENCIAS NATURALES Y MATEMÁTICAS,2018-05-01,2019-05-03,1.0,True,False
645724,PROFESOR NO TITULAR OCASIONAL (TC),FACULTAD DE CIENCIAS NATURALES Y MATEMÁTICAS,2019-05-13,,7.35,True,False
645785,ASISTENTE EJECUTIVA 1,DESCONOCIDA,2014-11-18,2016-05-01,1.45,True,True
645785,TÉCNICOS ESPECIALIZADOS - EJECUCIÓN DE ACTIVIDADES,VICERRECTORADO ACADÉMICO,2016-05-01,2016-05-31,0.08,False,True
645785,ASISTENTE EJECUTIVA 2,FACULTAD DE INGENIERÍA EN ELECTRICIDAD Y COMPUTACIÓN,2016-06-13,,10.26,True,False
645794,ASISTENTE DE INVESTIGACIÓN,DESCONOCIDA,2013-07-01,2013-12-31,0.5,True,False
645794,TÉCNICO DOCENTE,CENTRO DE INVESTIGACIONES BIOTECNOLÓGICAS DEL ECUADOR,2014-01-01,2015-12-01,1.91,True,False
645794,ANALISTA DE LABORATORIO DE INVESTIGACIÓN 2,CENTRO DE INVESTIGACIONES BIOTECNOLÓGICAS DEL ECUADOR,2015-12-02,,10.79,True,False
645801,PROFESOR PREGRADO,DESCONOCIDA,2013-05-13,2014-02-28,0.8,True,False
645801,PROFESOR NO TITULAR OCASIONAL (TC),FACULTAD DE CIENCIAS SOCIALES Y HUMANÍSTICAS,2014-05-12,,12.35,True,True
645801,TÉCNICOS ESPECIALIZADOS - EJECUCIÓN DE PROYECTOS,FACULTAD DE CIENCIAS SOCIALES Y HUMANÍSTICAS,2016-02-01,2016-11-15,0.79,True,True
645829,TÉCNICO DOCENTE,VICERRECTORADO ACADÉMICO,2014-05-12,2015-12-31,1.64,True,False
645829,PROFESOR NO TITULAR OCASIONAL 2 (TC),FACULTAD DE CIENCIAS SOCIALES Y HUMANÍSTICAS,2016-05-02,2017-12-31,1.66,True,False
645829,TECNICO DOCENTE 4,VICERRECTORADO ACADÉMICO,2018-01-01,2019-09-20,1.72,True,False
645940,PROFESOR NO TITULAR OCASIONAL (TC),FACULTAD DE CIENCIAS NATURALES Y MATEMÁTICAS,2015-05-01,2019-03-15,3.87,True,False
645940,PROFESOR NO TITULAR OCASIONAL (MT),FACULTAD DE CIENCIAS NATURALES Y MATEMÁTICAS,2021-05-03,2021-09-24,0.39,True,False
645940,PROFESOR NO TITULAR OCASIONAL (TC),FACULTAD DE CIENCIAS NATURALES Y MATEMÁTICAS,2021-10-04,,4.95,True,False
645943,AUXILIAR DE ENFERMERÍA,DESCONOCIDA,2013-08-15,2014-12-31,1.38,True,False
645943,ASISTENTE EJECUTIVA 1,GERENCIA DE BIENESTAR POLITÉCNICO,2015-01-01,,11.71,True,False
645953,AUXILIAR ADMINISTRATIVA,DESCONOCIDA,2013-07-01,2013-12-31,0.5,True,False
645953,ASISTENTE DE LABORATORIO DE INVESTIGACIÓN,FACULTAD DE CIENCIAS DE LA VIDA,2014-01-01,2015-06-30,1.49,True,False
645953,ASISTENTE ADMINISTRATIVO,FACULTAD DE CIENCIAS DE LA VIDA,2018-02-01,2018-02-28,0.07,False,False
645953,ANALISTA ESTADÍSTICO ACADÉMICO,FACULTAD DE CIENCIAS DE LA VIDA,2022-01-03,,4.7,True,False
646025,TÉCNICOS ESPECIALIZADOS - EJECUCIÓN DE ACTIVIDADES,UNIDAD DE BIENESTAR ESTUDIANTIL Y POLITÉCNICO,2020-02-03,2020-02-07,0.01,False,False
646025,TÉCNICO DE INVESTIGACIÓN 1 (TC),DECANATO DE INVESTIGACIÓN,2023-03-01,2023-12-31,0.83,True,False
646025,PROFESOR NO TITULAR OCASIONAL (TC),FACULTAD DE CIENCIAS SOCIALES Y HUMANÍSTICAS,2025-03-06,,1.53,True,False
646043,TÉCNICO DE INVESTIGACIÓN 1 (TC),FACULTAD DE CIENCIAS SOCIALES Y HUMANÍSTICAS,2021-10-08,2023-12-31,2.23,True,False
646043,ASISTENTE DE GESTIÓN DE PROYECTOS DE INVESTIGACIÓN,FACULTAD DE CIENCIAS SOCIALES Y HUMANÍSTICAS,2024-02-01,2024-07-03,0.42,True,False
646044,TÉCNICOS ESPECIALIZADOS - EJECUCIÓN DE ACTIVIDADES,RECTORADO,2018-05-07,2018-12-31,0.65,True,False
646055,TÉCNICO DOCENTE 1 (TC),FACULTAD DE CIENCIAS SOCIALES Y HUMANÍSTICAS,2018-10-01,2021-04-30,2.58,True,False
646111,TÉCNICO DE INVESTIGACIÓN 1 (TC),ESCUELA DE POSTGRADO EN ADMINISTRACIÓN DE EMPRESAS,2023-03-01,2025-03-19,2.05,True,False
646191,TÉCNICO DE INVESTIGACIÓN 2 (TC),CENTRO DE INVESTIGACIÓN Y PROYECTOS APLICADOS A LAS CIENCIAS DE LA TIERRA,2024-11-05,,1.86,True,False
646192,TÉCNICO DOCENTE 1 (TC),FACULTAD DE INGENIERÍA EN CIENCIAS DE LA TIERRA,2024-01-02,2026-05-03,2.33,True,False
646192,PROFESOR NO TITULAR OCASIONAL (TC),FACULTAD DE INGENIERÍA EN CIENCIAS DE LA TIERRA,2026-05-04,,0.37,True,False
646196,TÉCNICO DE LABORATORIO 1 (TC),FACULTAD DE CIENCIAS DE LA VIDA,2023-10-05,2023-12-31,0.24,False,False
646202,TÉCNICO DE LABORATORIO 1 (TC),FACULTAD DE INGENIERÍA EN CIENCIAS DE LA TIERRA,2023-03-01,,3.55,True,False
646220,TÉCNICO DOCENTE 3 (TC),DIRECCIÓN DE ADMISIONES,2023-09-20,2023-12-31,0.28,True,False
646222,TÉCNICO DOCENTE 1 (TC),FACULTAD DE INGENIERÍA EN ELECTRICIDAD Y COMPUTACIÓN,2023-05-15,2024-09-29,1.38,True,False
646222,PROFESOR NO TITULAR OCASIONAL (TC),FACULTAD DE INGENIERÍA EN ELECTRICIDAD Y COMPUTACIÓN,2024-09-30,,1.96,True,False
646256,TÉCNICO DE LABORATORIO 1 (TC),FACULTAD DE CIENCIAS DE LA VIDA,2023-10-03,2023-12-31,0.24,False,False
646262,ANALISTA DE TRANSPORTE,DIRECCIÓN DE SERVICIOS GENERALES,2024-01-02,2024-04-12,0.28,True,False
646262,ANALISTA DE TRANSPORTE,DIRECCIÓN DE SERVICIOS GENERALES,2025-03-24,2025-03-28,0.01,False,False
646262,ANALISTA DE TRANSPORTE,DIRECCIÓN DE SERVICIOS GENERALES,2025-08-28,2025-10-28,0.17,False,False
646262,ANALISTA DE TRANSPORTE,DIRECCIÓN DE SERVICIOS GENERALES,2026-03-30,,0.47,True,False
646364,ASISTENTE EJECUTIVA 2,"FACULTAD DE ARTE, DISEÑO Y COMUNICACIÓN AUDIOVISUAL",2024-02-01,,2.62,True,False
646401,TÉCNICOS ESPECIALIZADOS - EJECUCIÓN DE ACTIVIDADES DE INVESTIGACIÓN,DECANATO DE INVESTIGACIÓN,2021-08-10,2021-10-31,0.22,False,False
646418,TÉCNICO DOCENTE 3 (TC),DIRECCIÓN DE ADMISIONES,2024-12-02,2025-05-11,0.44,True,False
646418,PROFESOR NO TITULAR OCASIONAL (TC),ESCUELA DE POSTGRADO EN ADMINISTRACIÓN DE EMPRESAS,2025-05-12,,1.35,True,False
646519,PROFESOR NO TITULAR OCASIONAL (TC),FACULTAD DE CIENCIAS SOCIALES Y HUMANÍSTICAS,2024-06-03,,2.29,True,False
646521,TÉCNICO DE INVESTIGACIÓN 1 (TC),"CENTRO DE INVESTIGACIÓN, DESARROLLO E INNOVACIÓN DE SISTEMAS COMPUTACIONALES",2025-10-03,2025-12-31,0.24,False,False
646525,TÉCNICO DE INVESTIGACIÓN 1 (TC),"VICERRECTORADO DE INVESTIGACIÓN, DESARROLLO E INNOVACIÓN",2023-07-25,,3.15,True,False
646567,ASISTENTE DE PLANIFICACIÓN Y PROYECTOS,GERENCIA DE PLANIFICACIÓN ESTRATÉGICA,2018-11-01,2022-09-01,3.83,True,False
646695,TÉCNICO DE LABORATORIO 1 (TC),CENTRO DE INVESTIGACIONES BIOTECNOLÓGICAS DEL ECUADOR,2024-01-02,,2.7,True,False
646717,TÉCNICO DE INVESTIGACIÓN 1 (TC),"CENTRO DE INVESTIGACIÓN, DESARROLLO E INNOVACIÓN DE SISTEMAS COMPUTACIONALES",2021-01-01,2024-05-10,3.35,True,False
646749,TÉCNICO DE INVESTIGACIÓN 1 (TC),CENTRO DE INVESTIGACIONES BIOTECNOLÓGICAS DEL ECUADOR,2024-10-15,2026-02-13,1.33,True,False
646749,TÉCNICO DE INVESTIGACIÓN 1 (TC),CENTRO DE INVESTIGACIONES BIOTECNOLÓGICAS DEL ECUADOR,2026-06-15,,0.25,True,False
646751,TÉCNICOS ESPECIALIZADOS - EJECUCIÓN DE ACTIVIDADES,FACULTAD DE INGENIERÍA MARÍTIMA Y CIENCIAS DEL MAR,2021-12-01,2021-12-31,0.08,False,False
646776,TÉCNICOS ESPECIALIZADOS - EJECUCIÓN DE ACTIVIDADES,DECANATO DE GRADO,2025-06-09,2025-12-31,0.56,True,False
646785,TÉCNICO DE LABORATORIO 1 (TC),FACULTAD DE INGENIERÍA MECÁNICA Y CIENCIAS DE LA PRODUCCIÓN,2025-09-22,2025-12-31,0.27,True,False
646794,TÉCNICOS ESPECIALIZADOS - EJECUCIÓN DE ACTIVIDADES,CENTRO DE ESTUDIOS ASIA-PACÍFICO,2024-06-17,2024-07-04,0.05,False,False
646794,TÉCNICOS ESPECIALIZADOS - EJECUCIÓN DE ACTIVIDADES,ESCUELA DE POSTGRADO EN ADMINISTRACIÓN DE EMPRESAS,2025-08-25,,1.06,True,False
646835,TÉCNICO DE LABORATORIO 1 (TC),FACULTAD DE CIENCIAS DE LA VIDA,2021-03-15,2026-07-17,5.34,True,False
646881,TÉCNICO DE LABORATORIO 1 (TC),FACULTAD DE CIENCIAS DE LA VIDA,2023-10-03,2023-12-31,0.24,False,False
646897,ASISTENTE DE COMUNICACIÓN,GERENCIA DE COMUNICACIÓN,2024-11-05,,1.86,True,False
647000,TÉCNICO DE INVESTIGACIÓN 1 (TC),FACULTAD DE CIENCIAS NATURALES Y MATEMÁTICAS,2023-10-23,2025-12-31,2.19,True,False
647012,SECRETARIA,DESCONOCIDA,2013-11-19,2014-12-31,1.11,True,False
647012,ANALISTA DE ARCHIVO,DIRECCIÓN DE LA SECRETARÍA TÉCNICA ACADEMICA,2015-01-01,,11.71,True,False
647015,CONTRATO CIVIL - SERVICIO TÉCNICO ESPECIALIZADO,DESCONOCIDA,2017-01-03,2017-12-31,0.99,True,False
647015,TÉCNICOS ESPECIALIZADOS - EJECUCIÓN DE ACTIVIDADES,UNIDAD DE BIENESTAR ESTUDIANTIL Y POLITÉCNICO,2018-01-02,2020-03-31,2.24,True,False
647036,PROFESOR NO TITULAR OCASIONAL (TP),FACULTAD DE CIENCIAS SOCIALES Y HUMANÍSTICAS,2016-01-01,2019-09-20,3.72,True,True
647036,GERENTE DE RELACIONES INTERNACIONALES,GERENCIA DE RELACIONES EXTERNAS,2019-04-01,2022-10-03,3.51,True,True
647036,PROFESOR NO TITULAR OCASIONAL (TP),FACULTAD DE CIENCIAS SOCIALES Y HUMANÍSTICAS,2021-05-17,2022-09-23,1.35,True,True
647036,PROFESOR NO TITULAR OCASIONAL (TC),FACULTAD DE CIENCIAS SOCIALES Y HUMANÍSTICAS,2022-10-03,,3.95,True,True
647047,ASISTENTE DE LABORATORIO QUIMICO,DESCONOCIDA,2013-10-14,2014-05-11,0.57,True,False
647047,TÉCNICO DOCENTE,DESCONOCIDA,2014-05-12,2015-12-01,1.55,True,False
647047,ANALISTA DE LABORATORIO,FACULTAD DE CIENCIAS NATURALES Y MATEMÁTICAS,2015-12-02,,10.79,True,False
647105,AYUDANTE DE SERVICIOS ADMINISTRATIVOS,DESCONOCIDA,2013-11-18,2016-12-31,3.12,True,False
647105,ANALISTA DE INFORMACIÓN BIBLIOTECARIO,CENTRO DE INFORMACIÓN BIBLIOTECARIA,2017-01-01,,9.7,True,False
647120,ASISTENTE DE ACTIVOS FIJOS,DESCONOCIDA,2015-01-01,2017-05-01,2.33,True,False
647120,CONTRATO CIVIL - SERVICIO TÉCNICO ESPECIALIZADO,GERENCIA FINANCIERA,2017-05-16,2018-05-15,1.0,True,False
647120,TÉCNICOS ESPECIALIZADOS - EJECUCIÓN DE ACTIVIDADES,DIRECCIÓN DE ADQUISICIONES Y SUMINISTROS,2019-05-21,2020-04-20,0.92,True,False
647234,TÉCNICO DE INVESTIGACIÓN 1 (TC),CENTRO DE INVESTIGACIÓN Y PROYECTOS APLICADOS A LAS CIENCIAS DE LA TIERRA,2025-06-16,,1.25,True,False
647308,TÉCNICO DOCENTE,DESCONOCIDA,2014-05-12,2016-05-11,2.0,True,True
647308,TECNICO DOCENTE 4,DECANATO DE GRADO,2015-01-01,2015-12-31,1.0,True,True
647308,PROFESOR NO TITULAR OCASIONAL 2 (TC),FACULTAD DE CIENCIAS SOCIALES Y HUMANÍSTICAS,2016-05-12,2017-12-31,1.64,True,False
647308,TECNICO DOCENTE 4,VICERRECTORADO ACADÉMICO,2018-01-01,2019-09-29,1.74,True,False
647308,PROFESOR NO TITULAR OCASIONAL (MT),DECANATO DE GRADO,2023-05-15,,3.34,True,False
647358,ANALISTA DE PROYECTOS DE VINCULACIÓN 2,CENTRO DE TECNOLOGÍAS DE LA INFORMACIÓN,2014-02-01,2018-04-03,4.17,True,True
647358,TÉCNICOS ESPECIALIZADOS - EJECUCIÓN DE PROYECTOS,CENTRO DE TECNOLOGÍAS DE LA INFORMACIÓN,2017-01-13,2017-01-28,0.04,False,True
647358,TÉCNICO DE INVESTIGACIÓN 4 (TC),CENTRO DE TECNOLOGÍAS DE LA INFORMACIÓN,2019-01-01,2020-07-31,1.58,True,False
647358,DIRECTOR DEL CENTRO DE INVESTIGACIONES Y SERVICIOS EDUCATIVOS,CENTRO DE INVESTIGACIONES Y SERVICIOS EDUCATIVOS,2020-08-01,,6.12,True,False
647364,PROFESOR NO TITULAR OCASIONAL 1 (TC),DESCONOCIDA,2015-05-11,2017-03-31,1.89,True,False
647432,RECEPCIONISTA,DESCONOCIDA,2014-04-01,2014-12-31,0.75,True,False
647432,AYUDANTE DE SERVICIOS ADMINISTRATIVOS,DESCONOCIDA,2015-01-01,2017-12-31,3.0,True,True
647432,ANALISTA DE BIENESTAR POLITÉCNICO 2,DIRECCIÓN DE SEGURIDAD Y SALUD OCUPACIONAL,2016-11-01,,9.87,True,True
647469,TÉCNICO DE SOPORTE DE INTERNET,DESCONOCIDA,2014-04-01,2014-12-31,0.75,True,False
647469,ANALISTA DE SOPORTE TÉCNICO,DESCONOCIDA,2015-01-01,2016-07-31,1.58,True,False
647469,TÉCNICOS ESPECIALIZADOS - EJECUCIÓN DE PROYECTOS,CENTRO NACIONAL DE ACUICULTURA E INVESTIGACIONES MARINAS,2016-08-01,2017-12-31,1.42,True,False
647469,ANALISTA DE SOPORTE TÉCNICO,CENTRO NACIONAL DE ACUICULTURA E INVESTIGACIONES MARINAS,2019-01-01,2023-12-08,4.93,True,False
647469,ANALISTA DE SOPORTE TÉCNICO,CENTRO NACIONAL DE ACUICULTURA E INVESTIGACIONES MARINAS,2024-03-20,2024-04-05,0.04,False,False
647469,ANALISTA DE SOPORTE TÉCNICO,CENTRO NACIONAL DE ACUICULTURA E INVESTIGACIONES MARINAS,2024-08-23,2024-10-10,0.13,False,False
647469,ANALISTA DE SOPORTE TÉCNICO,CENTRO NACIONAL DE ACUICULTURA E INVESTIGACIONES MARINAS,2025-02-03,2025-03-20,0.12,False,False
647469,ANALISTA DE SOPORTE TÉCNICO,CENTRO NACIONAL DE ACUICULTURA E INVESTIGACIONES MARINAS,2025-07-02,2025-09-19,0.22,False,False
647469,ANALISTA DE SOPORTE TÉCNICO,CENTRO NACIONAL DE ACUICULTURA E INVESTIGACIONES MARINAS,2026-04-09,,0.44,True,False
647470,ASISTENTE DE RELACIONES PÚBLICAS,DESCONOCIDA,2014-04-01,2014-12-31,0.75,True,False
647470,ANALISTA DE COMUNICACIÓN 3,GERENCIA DE COMUNICACIÓN,2015-01-01,,11.71,True,True
647470,GERENTE DE COMUNICACIÓN SOCIAL Y ASUNTOS PÚBLICOS,DESCONOCIDA,2015-04-22,2015-05-06,0.04,False,True
647470,GERENTE DE COMUNICACIÓN SOCIAL Y ASUNTOS PÚBLICOS,DESCONOCIDA,2015-12-21,2015-12-30,0.02,False,True
647470,GERENTE DE COMUNICACIÓN SOCIAL Y ASUNTOS PÚBLICOS,DESCONOCIDA,2016-04-18,2016-05-02,0.04,False,True
647470,GERENTE DE COMUNICACIÓN SOCIAL Y ASUNTOS PÚBLICOS,DESCONOCIDA,2017-03-27,2017-04-25,0.08,False,True
647470,GERENTE DE COMUNICACIÓN SOCIAL Y ASUNTOS PÚBLICOS,DESCONOCIDA,2019-09-25,2019-09-30,0.01,False,True
647524,TÉCNICO EN EL CAMPO DE LAS ARTES 1 (TC),DECANATO DE GRADO,2025-03-05,,1.53,True,False
647678,TÉCNICO DOCENTE 1 (TC),FACULTAD DE INGENIERÍA MECÁNICA Y CIENCIAS DE LA PRODUCCIÓN,2023-09-01,,3.04,True,False
647711,TÉCNICOS ESPECIALIZADOS - EJECUCIÓN DE ACTIVIDADES DE INVESTIGACIÓN,"FACULTAD DE ARTE, DISEÑO Y COMUNICACIÓN AUDIOVISUAL",2023-01-09,2023-06-14,0.43,True,True
647711,TÉCNICO DE INVESTIGACIÓN 1 (TC),"FACULTAD DE ARTE, DISEÑO Y COMUNICACIÓN AUDIOVISUAL",2023-06-14,2024-05-31,0.96,True,True
647747,TÉCNICO DE INVESTIGACIÓN 1 (TC),CENTRO DE INVESTIGACIONES Y SERVICIOS EDUCATIVOS,2020-09-01,2025-12-31,5.33,True,False
647813,TÉCNICO DE LABORATORIO 1 (TC),"FACULTAD DE ARTE, DISEÑO Y COMUNICACIÓN AUDIOVISUAL",2023-10-03,2023-12-31,0.24,False,False
647831,TÉCNICO DE INVESTIGACIÓN 1 (MT),DECANATO DE INVESTIGACIÓN,2023-03-01,2023-12-31,0.83,True,False
647862,ASISTENTE EJECUTIVA 1,FACULTAD DE INGENIERÍA MECÁNICA Y CIENCIAS DE LA PRODUCCIÓN,2021-11-04,2023-09-23,1.88,True,False
647873,TÉCNICO DOCENTE 1 (MT),FACULTAD DE CIENCIAS NATURALES Y MATEMÁTICAS,2023-10-10,2024-02-18,0.36,True,False
647955,TÉCNICO DE INVESTIGACIÓN 1 (TC),FACULTAD DE INGENIERÍA EN CIENCIAS DE LA TIERRA,2024-06-03,2025-12-31,1.58,True,False
647955,TÉCNICO DE INVESTIGACIÓN 2 (TC),FACULTAD DE INGENIERÍA MECÁNICA Y CIENCIAS DE LA PRODUCCIÓN,2026-06-01,,0.29,True,False
647957,TÉCNICO DE INVESTIGACIÓN 1 (TC),"VICERRECTORADO DE INVESTIGACIÓN, DESARROLLO E INNOVACIÓN",2023-07-25,2023-12-31,0.44,True,False
647957,TÉCNICO DE LABORATORIO 1 (TC),FACULTAD DE CIENCIAS DE LA VIDA,2024-11-15,2024-12-31,0.13,False,False
647968,TÉCNICO DE INVESTIGACIÓN 1 (TC),FACULTAD DE CIENCIAS DE LA VIDA,2022-05-24,2022-12-31,0.61,True,False
648005,TÉCNICO DOCENTE 1 (TC),FACULTAD DE INGENIERÍA MECÁNICA Y CIENCIAS DE LA PRODUCCIÓN,2021-05-17,2023-10-01,2.37,True,False
648005,PROFESOR NO TITULAR OCASIONAL (TC),FACULTAD DE INGENIERÍA MECÁNICA Y CIENCIAS DE LA PRODUCCIÓN,2023-10-02,,2.96,True,False
648036,TÉCNICO DOCENTE 1 (TC),FACULTAD DE INGENIERÍA MARÍTIMA Y CIENCIAS DEL MAR,2022-11-07,2024-02-16,1.28,True,False
648047,TÉCNICO DE INVESTIGACIÓN 1 (TC),FACULTAD DE INGENIERÍA EN ELECTRICIDAD Y COMPUTACIÓN,2020-10-01,2025-05-08,4.6,True,False
648047,TÉCNICO DE INVESTIGACIÓN 1 (TC),CENTRO DE TECNOLOGÍAS DE LA INFORMACIÓN,2025-10-03,2025-12-31,0.24,False,False
648076,TÉCNICO DE INVESTIGACIÓN 1 (TC),FACULTAD DE CIENCIAS SOCIALES Y HUMANÍSTICAS,2021-06-09,2023-12-31,2.56,True,False
648129,ASISTENTE DE SOPORTE TÉCNICO,FACULTAD DE INGENIERÍA EN ELECTRICIDAD Y COMPUTACIÓN,2019-07-01,2022-03-31,2.75,True,False
648129,ANALISTA DE SOPORTE TÉCNICO,FACULTAD DE INGENIERÍA EN ELECTRICIDAD Y COMPUTACIÓN,2022-04-01,,4.46,True,False
648247,TÉCNICO DE INVESTIGACIÓN 1 (TC),FACULTAD DE INGENIERÍA EN CIENCIAS DE LA TIERRA,2023-10-03,2023-12-31,0.24,False,False
648262,TÉCNICO DE INVESTIGACIÓN 1 (TC),FACULTAD DE INGENIERÍA EN CIENCIAS DE LA TIERRA,2023-08-07,2023-12-31,0.4,True,False
648265,TÉCNICO DE INVESTIGACIÓN 1 (TC),DECANATO DE INVESTIGACIÓN,2023-03-01,2023-12-31,0.83,True,False
648267,TÉCNICOS ESPECIALIZADOS - EJECUCIÓN DE ACTIVIDADES,UNIDAD DE VINCULACIÓN CON LA SOCIEDAD,2019-11-15,2019-12-15,0.08,False,False
648267,TÉCNICO DOCENTE 1 (TC),FACULTAD DE CIENCIAS NATURALES Y MATEMÁTICAS,2025-05-26,,1.31,True,False
648282,TÉCNICO DE INVESTIGACIÓN 1 (TC),CENTRO DE INVESTIGACIONES BIOTECNOLÓGICAS DEL ECUADOR,2022-01-03,2023-06-30,1.49,True,False
648427,TÉCNICO DOCENTE 1 (TC),FACULTAD DE INGENIERÍA MARÍTIMA Y CIENCIAS DEL MAR,2022-11-07,2025-02-14,2.27,True,False
648455,TÉCNICO DE INVESTIGACIÓN 2 (TC),CENTRO NACIONAL DE ACUICULTURA E INVESTIGACIONES MARINAS,2022-04-01,,4.46,True,False
648513,TÉCNICO DOCENTE 3 (TC),DIRECCIÓN DE ADMISIONES,2023-09-20,2023-12-31,0.28,True,False
648569,ANALISTA DE SERVICIOS GENERALES,FACULTAD DE INGENIERÍA MECÁNICA Y CIENCIAS DE LA PRODUCCIÓN,2022-08-01,2023-09-01,1.08,True,False
648615,PROFESOR NO TITULAR OCASIONAL (TC),DESCONOCIDA,2014-05-12,2015-12-01,1.55,True,True
648615,ORGANIZADOR Y COORDINADOR DE TALLER,DESCONOCIDA,2014-10-06,2014-10-14,0.02,False,True
648615,PROFESOR NO TITULAR OCASIONAL (MT),"FACULTAD DE ARTE, DISEÑO Y COMUNICACIÓN AUDIOVISUAL",2016-01-01,2020-09-30,4.75,True,True
648615,DIRECTOR DE LA UNIDAD DE BIENESTAR ESTUDIANTIL Y POLITÉCNICO,ESCUELA DE DISEÑO Y COMUNICACIÓN VISUAL,2018-03-20,2018-05-21,0.17,False,True
648615,GERENTE DE RELACIONES INTERNACIONALES,"FACULTAD DE ARTE, DISEÑO Y COMUNICACIÓN AUDIOVISUAL",2019-03-18,2019-03-31,0.04,False,True
648615,GERENTE DE RELACIONES INTERNACIONALES,ESCUELA DE DISEÑO Y COMUNICACIÓN VISUAL,2019-05-25,2019-06-01,0.02,False,True
648615,PROFESOR NO TITULAR OCASIONAL (TC),"FACULTAD DE ARTE, DISEÑO Y COMUNICACIÓN AUDIOVISUAL",2020-10-12,2023-09-22,2.94,True,False
648616,PROFESOR NO TITULAR OCASIONAL (TC),DESCONOCIDA,2014-05-12,2014-12-31,0.64,True,True
648616,ESPECIALISTA DE FORMACIÓN ACADÉMICA,DESCONOCIDA,2014-11-01,2014-12-31,0.16,False,True
648616,PROFESOR NO TITULAR OCASIONAL (TC),DECANATO DE GRADO,2016-05-02,2020-09-30,4.41,True,True
648616,TÉCNICOS ESPECIALIZADOS - EJECUCIÓN DE PROYECTOS,FACULTAD DE CIENCIAS SOCIALES Y HUMANÍSTICAS,2016-08-01,2016-08-05,0.01,False,True
648616,TÉCNICOS ESPECIALIZADOS - EJECUCIÓN DE PROYECTOS,FACULTAD DE CIENCIAS SOCIALES Y HUMANÍSTICAS,2016-11-25,2016-12-03,0.02,False,True
648616,TÉCNICOS ESPECIALIZADOS - EJECUCIÓN DE PROYECTOS,FACULTAD DE CIENCIAS SOCIALES Y HUMANÍSTICAS,2017-05-08,2017-05-19,0.03,False,True
648617,PROFESOR NO TITULAR OCASIONAL (TC),DESCONOCIDA,2014-05-12,2016-07-31,2.22,True,False
648617,PROFESOR TITULAR AGREGADO 2 (TC),FACULTAD DE INGENIERÍA MECÁNICA Y CIENCIAS DE LA PRODUCCIÓN,2016-08-01,,10.12,True,False
648623,PROFESOR NO TITULAR OCASIONAL (TC),DESCONOCIDA,2014-10-01,2016-07-31,1.83,True,False
648623,PROFESOR TITULAR AGREGADO 3 (TC),FACULTAD DE CIENCIAS DE LA VIDA,2016-08-01,,10.12,True,False
648638,TÉCNICO DOCENTE,FACULTAD DE CIENCIAS SOCIALES Y HUMANÍSTICAS,2014-05-12,2016-06-11,2.08,True,False
648638,PROFESOR NO TITULAR OCASIONAL 2 (TC),FACULTAD DE CIENCIAS SOCIALES Y HUMANÍSTICAS,2016-06-12,2017-12-31,1.55,True,False
648638,TECNICO DOCENTE 4,DECANATO DE GRADO,2018-01-01,2020-05-17,2.37,True,False
648639,PROFESOR PREGRADO,DESCONOCIDA,2014-05-12,2014-12-31,0.64,True,False
648639,PROFESOR NO TITULAR OCASIONAL (TC),VICERRECTORADO ACADÉMICO,2015-05-11,2020-02-21,4.78,True,False
648642,AYUDANTE ADMINISTRATIVO,DESCONOCIDA,2014-05-12,2014-12-31,0.64,True,False
648642,ASISTENTE DE ACTIVOS FIJOS,DIRECCIÓN DE ADMISIONES,2015-01-01,,11.71,True,False
648667,TÉCNICO DOCENTE 1 (TC),FACULTAD DE INGENIERÍA EN ELECTRICIDAD Y COMPUTACIÓN,2019-09-30,2025-11-14,6.12,True,False
648694,PROFESOR PREGRADO,DESCONOCIDA,2014-05-12,2015-12-31,1.64,True,False
648694,PROFESOR NO TITULAR OCASIONAL (TC),DESCONOCIDA,2016-01-01,2016-07-31,0.58,True,False
648694,PROFESOR TITULAR AUXILIAR 2 (TC),"FACULTAD DE ARTE, DISEÑO Y COMUNICACIÓN AUDIOVISUAL",2016-08-01,,10.12,True,False
648710,PROFESOR NO TITULAR OCASIONAL (MT),FACULTAD DE CIENCIAS SOCIALES Y HUMANÍSTICAS,2016-10-01,2024-02-16,7.38,True,False
648757,ASESOR 3,VICERRECTORADO ACADÉMICO,2014-05-10,2017-11-13,3.51,True,True
648757,GERENTE JURÍDICO,DESCONOCIDA,2017-11-13,2020-02-01,2.22,True,True
648757,ASESOR 2,RECTORADO,2020-02-01,2025-01-31,5.0,True,True
648757,COORDINACIÓN DE POLÍTICAS INSTITUCIONALES Y RESPONSABILIDAD SOCIAL,RECTORADO,2025-02-01,,1.62,True,False
648765,ANALISTA DE LABORATORIO DE INVESTIGACIÓN,DESCONOCIDA,2014-06-01,2014-12-31,0.58,True,False
648765,TÉCNICO DOCENTE,DESCONOCIDA,2015-01-01,2015-12-02,0.92,True,True
648765,ANALISTA DE LABORATORIO DE INVESTIGACIÓN 3,CENTRO NACIONAL DE ACUICULTURA E INVESTIGACIONES MARINAS,2015-12-02,,10.79,True,True
648775,TÉCNICO DE INVESTIGACIÓN 1 (TC),FACULTAD DE CIENCIAS NATURALES Y MATEMÁTICAS,2024-11-20,2024-12-31,0.11,False,False
648778,TÉCNICO DE INVESTIGACIÓN 1 (TC),FACULTAD DE INGENIERÍA MARÍTIMA Y CIENCIAS DEL MAR,2023-04-24,2024-10-18,1.49,True,False
648778,TÉCNICO DOCENTE 3 (TC),DIRECCIÓN DE ADMISIONES,2026-04-02,,0.46,True,False
648810,TÉCNICO DE LABORATORIO 1 (TC),FACULTAD DE CIENCIAS DE LA VIDA,2023-10-03,2023-12-31,0.24,False,False
648841,TÉCNICO DE INVESTIGACIÓN 1 (TC),DECANATO DE INVESTIGACIÓN,2023-03-01,2023-05-31,0.25,False,False
648866,AUXILIAR DE REDES E INTERNET,DESCONOCIDA,2014-07-01,2014-12-31,0.5,True,False
648866,ASISTENTE DE SOPORTE TÉCNICO,GERENCIA DE TECNOLOGÍAS Y SISTEMAS DE INFORMACIÓN,2015-01-01,2022-02-01,7.08,True,True
648866,ANALISTA DE SOPORTE TÉCNICO,GERENCIA DE TECNOLOGÍAS Y SISTEMAS DE INFORMACIÓN,2022-02-01,,4.62,True,True
648983,ASISTENTE EJECUTIVA 1,"FACULTAD DE ARTE, DISEÑO Y COMUNICACIÓN AUDIOVISUAL",2014-07-14,2026-05-18,11.84,True,True
648983,TÉCNICO DOCENTE 1 (TC),"FACULTAD DE ARTE, DISEÑO Y COMUNICACIÓN AUDIOVISUAL",2026-05-18,,0.33,True,True
649043,ANALISTA ADMINISTRATIVO,DIRECCIÓN DE SERVICIOS GENERALES,2023-01-03,,3.7,True,False
649047,PROFESOR NO TITULAR OCASIONAL (TP),FACULTAD DE CIENCIAS SOCIALES Y HUMANÍSTICAS,2015-05-11,2015-10-02,0.39,True,False
649047,PROFESOR NO TITULAR OCASIONAL 2 (TC),FACULTAD DE CIENCIAS SOCIALES Y HUMANÍSTICAS,2017-04-10,2017-12-31,0.73,True,True
649047,TÉCNICOS ESPECIALIZADOS - EJECUCIÓN DE PROYECTOS,CENTRO DE INVESTIGACIONES Y SERVICIOS EDUCATIVOS,2017-06-03,2017-06-17,0.04,False,True
649047,TÉCNICO DOCENTE 4 (MT),DECANATO DE GRADO,2018-01-01,2020-09-30,2.75,True,False
649060,AYUDANTE,DESCONOCIDA,2014-08-11,2014-12-31,0.39,True,False
649060,ANALISTA DE COMPRAS PÚBLICAS 2,DESCONOCIDA,2015-01-01,2015-12-31,1.0,True,False
649137,ASISTENTE EJECUTIVA 3,FACULTAD DE CIENCIAS SOCIALES Y HUMANÍSTICAS,2014-08-01,,12.12,True,False
649148,SERVIDOR PÚBLICO DE APOYO 3,DESCONOCIDA,2014-10-01,2014-12-31,0.25,False,False
649148,ASISTENTE DE LABORATORIO DE INVESTIGACIÓN,CENTRO NACIONAL DE ACUICULTURA E INVESTIGACIONES MARINAS,2015-01-01,2025-03-14,10.2,True,False
649148,ASISTENTE DE LABORATORIO DE INVESTIGACIÓN,CENTRO NACIONAL DE ACUICULTURA E INVESTIGACIONES MARINAS,2025-06-17,2025-09-19,0.26,True,False
649148,ASISTENTE DE LABORATORIO DE INVESTIGACIÓN,CENTRO NACIONAL DE ACUICULTURA E INVESTIGACIONES MARINAS,2025-12-26,,0.72,True,False
649184,PROFESOR NO TITULAR OCASIONAL (TC),DESCONOCIDA,2014-10-01,2016-07-31,1.83,True,False
649184,PROFESOR TITULAR AGREGADO 3 (TC),FACULTAD DE INGENIERÍA MECÁNICA Y CIENCIAS DE LA PRODUCCIÓN,2016-08-01,2022-03-25,5.64,True,True
649184,SUBDECANO(A),DESCONOCIDA,2018-07-16,2018-07-18,0.01,False,True
649184,PROFESOR TITULAR AGREGADO 3 (TC),FACULTAD DE INGENIERÍA MECÁNICA Y CIENCIAS DE LA PRODUCCIÓN,2022-07-14,2022-08-05,0.06,False,False
649184,PROFESOR TITULAR AGREGADO 3 (TC),FACULTAD DE INGENIERÍA MECÁNICA Y CIENCIAS DE LA PRODUCCIÓN,2022-12-27,2023-08-31,0.68,True,False
649184,DECANO(A),FACULTAD DE INGENIERÍA MECÁNICA Y CIENCIAS DE LA PRODUCCIÓN,2023-09-04,2024-04-05,0.59,True,False
649184,DECANO(A),FACULTAD DE INGENIERÍA MECÁNICA Y CIENCIAS DE LA PRODUCCIÓN,2024-07-29,2024-08-16,0.05,False,False
649184,DECANO(A),FACULTAD DE INGENIERÍA MECÁNICA Y CIENCIAS DE LA PRODUCCIÓN,2024-12-23,2025-05-01,0.35,True,False
649184,PROFESOR TITULAR AGREGADO 3 (TC),FACULTAD DE INGENIERÍA MECÁNICA Y CIENCIAS DE LA PRODUCCIÓN,2025-08-21,2025-09-05,0.04,False,False
649184,DECANO(A),FACULTAD DE INGENIERÍA MECÁNICA Y CIENCIAS DE LA PRODUCCIÓN,2025-09-23,,0.98,True,True
649184,DECANO(A),DECANATO DE INVESTIGACIÓN,2026-03-02,2026-03-03,0.0,False,True
649206,PROFESOR PREGRADO,DESCONOCIDA,2014-10-20,2015-03-13,0.39,True,False
649206,PROFESOR NO TITULAR OCASIONAL (TC),FACULTAD DE INGENIERÍA MARÍTIMA Y CIENCIAS DEL MAR,2015-05-01,2021-12-31,6.67,True,False
649207,PROFESOR NO TITULAR OCASIONAL (TC),FACULTAD DE CIENCIAS DE LA VIDA,2015-09-01,2021-07-31,5.91,True,False
649207,PROFESOR TITULAR AGREGADO 1 (TC),FACULTAD DE CIENCIAS DE LA VIDA,2021-08-01,,5.12,True,False
649239,PROFESOR TITULAR AGREGADO 1 (TC),ESCUELA DE POSTGRADO EN ADMINISTRACIÓN DE EMPRESAS,2021-08-01,2025-12-30,4.41,True,False
649239,PROFESOR TITULAR AGREGADO 2 (TC),ESCUELA DE POSTGRADO EN ADMINISTRACIÓN DE EMPRESAS,2026-03-09,2026-04-01,0.06,False,False
649239,SUBDECANO(A),ESCUELA DE POSTGRADO EN ADMINISTRACIÓN DE EMPRESAS,2026-08-17,,0.08,False,False
649245,PROFESOR NO TITULAR OCASIONAL (TC),FACULTAD DE INGENIERÍA MECÁNICA Y CIENCIAS DE LA PRODUCCIÓN,2014-10-20,2021-07-31,6.78,True,False
649245,PROFESOR TITULAR AGREGADO 1 (TC),FACULTAD DE INGENIERÍA MECÁNICA Y CIENCIAS DE LA PRODUCCIÓN,2021-08-01,2023-03-23,1.64,True,False
649245,PROFESOR TITULAR AGREGADO 1 (TC),FACULTAD DE INGENIERÍA MECÁNICA Y CIENCIAS DE LA PRODUCCIÓN,2023-12-26,2025-03-16,1.22,True,False
649245,PROFESOR TITULAR AGREGADO 1 (TC),FACULTAD DE INGENIERÍA MECÁNICA Y CIENCIAS DE LA PRODUCCIÓN,2025-10-06,,0.94,True,False
649255,PROFESOR NO TITULAR OCASIONAL (TC),FACULTAD DE INGENIERÍA EN ELECTRICIDAD Y COMPUTACIÓN,2015-10-01,,10.96,True,False
649260,PROFESOR PREGRADO,DESCONOCIDA,2014-10-06,2015-03-13,0.43,True,False
649260,PROFESOR NO TITULAR OCASIONAL (TC),DECANATO DE GRADO,2016-04-04,2025-05-01,9.07,True,True
649260,TÉCNICOS ESPECIALIZADOS - EJECUCIÓN DE PROYECTOS,FACULTAD DE CIENCIAS SOCIALES Y HUMANÍSTICAS,2016-11-26,2016-11-26,0.0,False,True
649282,PROFESOR NO TITULAR OCASIONAL (TP),FACULTAD DE INGENIERÍA EN CIENCIAS DE LA TIERRA,2024-06-03,2025-02-14,0.7,True,False
649282,PROFESOR NO TITULAR OCASIONAL (TP),FACULTAD DE INGENIERÍA EN CIENCIAS DE LA TIERRA,2025-05-21,,1.32,True,False
649294,PROFESOR NO TITULAR OCASIONAL (MT),FACULTAD DE CIENCIAS SOCIALES Y HUMANÍSTICAS,2014-10-20,2016-02-28,1.36,True,False
649294,PROFESOR NO TITULAR OCASIONAL 1 (TP),FACULTAD DE CIENCIAS SOCIALES Y HUMANÍSTICAS,2016-05-02,2017-03-17,0.87,True,True
649294,TÉCNICOS ESPECIALIZADOS - EJECUCIÓN DE PROYECTOS,FACULTAD DE CIENCIAS SOCIALES Y HUMANÍSTICAS,2016-11-26,2016-11-26,0.0,False,True
649294,PROFESOR NO TITULAR OCASIONAL 1 (MT),FACULTAD DE CIENCIAS SOCIALES Y HUMANÍSTICAS,2017-05-02,2017-09-22,0.39,True,False
649294,PROFESOR NO TITULAR OCASIONAL (MT),FACULTAD DE CIENCIAS SOCIALES Y HUMANÍSTICAS,2017-10-04,2019-08-27,1.89,True,False
649313,AUXILIAR DE CONTABILIDAD,DESCONOCIDA,2001-05-01,2002-05-01,1.0,True,False
649313,ANALISTA CONTABLE 1,GERENCIA FINANCIERA,2015-02-01,,11.62,True,False
649335,TÉCNICOS ESPECIALIZADOS - EJECUCIÓN DE PROYECTOS,DESCONOCIDA,2014-10-20,2016-04-12,1.48,True,False
649335,PROFESOR NO TITULAR OCASIONAL (TC),FACULTAD DE CIENCIAS SOCIALES Y HUMANÍSTICAS,2016-04-13,,10.42,True,True
649335,TÉCNICOS ESPECIALIZADOS - EJECUCIÓN DE PROYECTOS,FACULTAD DE CIENCIAS SOCIALES Y HUMANÍSTICAS,2016-05-23,2016-11-08,0.46,True,True
649338,TÉCNICO DOCENTE,FACULTAD DE CIENCIAS SOCIALES Y HUMANÍSTICAS,2014-10-20,2016-04-12,1.48,True,False
649338,PROFESOR NO TITULAR OCASIONAL 2 (TC),FACULTAD DE CIENCIAS SOCIALES Y HUMANÍSTICAS,2016-04-13,2017-12-31,1.72,True,False
649338,TECNICO DOCENTE,FACULTAD DE CIENCIAS SOCIALES Y HUMANÍSTICAS,2018-01-01,2018-08-31,0.66,True,False
649338,PROFESOR NO TITULAR OCASIONAL (TC),FACULTAD DE CIENCIAS SOCIALES Y HUMANÍSTICAS,2018-09-01,2023-03-12,4.53,True,False
649373,TÉCNICO DE INVESTIGACIÓN 1 (TC),FACULTAD DE INGENIERÍA MECÁNICA Y CIENCIAS DE LA PRODUCCIÓN,2026-05-11,,0.35,True,False
649377,TÉCNICO DOCENTE,DESCONOCIDA,2014-10-01,2016-04-12,1.53,True,False
649377,PROFESOR NO TITULAR OCASIONAL (TC),FACULTAD DE CIENCIAS SOCIALES Y HUMANÍSTICAS,2016-04-13,,10.42,True,False
649383,TÉCNICO DOCENTE 3 (TC),DIRECCIÓN DE ADMISIONES,2025-09-22,2025-12-31,0.27,True,False
649383,TÉCNICO DOCENTE 3 (TC),DIRECCIÓN DE ADMISIONES,2026-05-11,,0.35,True,False
649396,TÉCNICO DE LABORATORIO 1 (TC),FACULTAD DE INGENIERÍA MECÁNICA Y CIENCIAS DE LA PRODUCCIÓN,2025-09-22,,0.98,True,False
649398,TÉCNICO DE INVESTIGACIÓN 1 (TC),FACULTAD DE INGENIERÍA EN ELECTRICIDAD Y COMPUTACIÓN,2022-08-02,2023-12-31,1.41,True,False
649411,TÉCNICO DOCENTE 1 (TC),FACULTAD DE INGENIERÍA MARÍTIMA Y CIENCIAS DEL MAR,2024-09-30,,1.96,True,False
649436,TÉCNICO DOCENTE 1 (TC),FACULTAD DE INGENIERÍA EN ELECTRICIDAD Y COMPUTACIÓN,2023-10-02,2024-02-16,0.38,True,False
649460,TÉCNICO DE INVESTIGACIÓN 1 (TC),FACULTAD DE CIENCIAS NATURALES Y MATEMÁTICAS,2023-06-27,2024-12-31,1.51,True,False
649516,TÉCNICO DOCENTE 1 (TC),FACULTAD DE INGENIERÍA EN ELECTRICIDAD Y COMPUTACIÓN,2021-05-10,2024-09-29,3.39,True,False
649516,PROFESOR NO TITULAR OCASIONAL (TC),FACULTAD DE INGENIERÍA EN ELECTRICIDAD Y COMPUTACIÓN,2024-09-30,,1.96,True,False
649573,TÉCNICO DOCENTE 1 (TC),FACULTAD DE INGENIERÍA MARÍTIMA Y CIENCIAS DEL MAR,2022-11-07,,3.86,True,False
649590,TÉCNICOS ESPECIALIZADOS - EJECUCIÓN DE PROYECTOS,DECANATO DE INVESTIGACIÓN,2020-04-01,2020-12-31,0.75,True,False
649592,TÉCNICO DE INVESTIGACIÓN 1 (TC),FACULTAD DE CIENCIAS DE LA VIDA,2021-06-09,2026-04-06,4.82,True,False
649600,TÉCNICO DE LABORATORIO 1 (TC),FACULTAD DE CIENCIAS DE LA VIDA,2023-10-05,2023-12-31,0.24,False,False
649602,TÉCNICO DE LABORATORIO 1 (TC),FACULTAD DE INGENIERÍA MECÁNICA Y CIENCIAS DE LA PRODUCCIÓN,2023-10-05,2023-12-31,0.24,False,False
649603,TÉCNICOS ESPECIALIZADOS - EJECUCIÓN DE ACTIVIDADES,"FACULTAD DE INGENIERIA MARÍTIMA, CIENCIAS BIOLÓGICAS, OCEÁNICAS Y RECURSOS NATURALES",2019-03-01,2019-03-31,0.08,False,False
649603,TÉCNICOS ESPECIALIZADOS - EJECUCIÓN DE PROYECTOS,FACULTAD DE INGENIERÍA MARÍTIMA Y CIENCIAS DEL MAR,2020-11-30,2020-12-03,0.01,False,False
649629,ASISTENTE DE SOPORTE TÉCNICO,"FACULTAD DE ARTE, DISEÑO Y COMUNICACIÓN AUDIOVISUAL",2020-04-01,,6.46,True,False
649630,ASISTENTE DE SOPORTE TÉCNICO,GERENCIA DE TECNOLOGÍAS Y SISTEMAS DE INFORMACIÓN,2022-04-01,2025-03-19,2.96,True,False
649631,TÉCNICO DE LABORATORIO 1 (TC),FACULTAD DE INGENIERÍA MECÁNICA Y CIENCIAS DE LA PRODUCCIÓN,2024-11-15,2024-12-31,0.13,False,False
649634,TÉCNICO DOCENTE 3 (MT),DIRECCIÓN DE ADMISIONES,2024-10-11,2024-12-31,0.22,False,False
649635,TÉCNICO DE INVESTIGACIÓN 1 (TC),CENTRO NACIONAL DE ACUICULTURA E INVESTIGACIONES MARINAS,2024-11-20,,1.82,True,False
649650,TÉCNICO DE INVESTIGACIÓN 2 (TC),CENTRO DE INVESTIGACIÓN Y PROYECTOS APLICADOS A LAS CIENCIAS DE LA TIERRA,2023-07-25,,3.15,True,False
649656,PROFESOR NO TITULAR OCASIONAL (TC),FACULTAD DE INGENIERÍA EN CIENCIAS DE LA TIERRA,2023-10-02,,2.96,True,False
649663,TÉCNICO DE LABORATORIO 1 (TC),FACULTAD DE INGENIERÍA EN CIENCIAS DE LA TIERRA,2022-06-06,2023-10-31,1.4,True,False
649708,TÉCNICO DOCENTE 1 (TC),FACULTAD DE INGENIERÍA EN ELECTRICIDAD Y COMPUTACIÓN,2023-07-26,2024-10-09,1.21,True,False
649715,TÉCNICO DOCENTE 1 (TC),FACULTAD DE INGENIERÍA EN ELECTRICIDAD Y COMPUTACIÓN,2022-10-03,2024-02-16,1.37,True,False
649778,TÉCNICO DE INVESTIGACIÓN 1 (TC),FACULTAD DE INGENIERÍA MECÁNICA Y CIENCIAS DE LA PRODUCCIÓN,2023-06-15,2025-02-16,1.68,True,False
649778,TÉCNICO DOCENTE 1 (TC),FACULTAD DE CIENCIAS NATURALES Y MATEMÁTICAS,2025-05-19,2026-05-17,0.99,True,False
649778,PROFESOR NO TITULAR OCASIONAL (TC),FACULTAD DE CIENCIAS NATURALES Y MATEMÁTICAS,2026-05-18,,0.33,True,False
649788,TÉCNICOS ESPECIALIZADOS - EJECUCIÓN DE PROYECTOS,DECANATO DE INVESTIGACIÓN,2021-08-02,2021-11-26,0.32,True,False
649788,TÉCNICO DE INVESTIGACIÓN 1 (TC),FACULTAD DE INGENIERÍA EN CIENCIAS DE LA TIERRA,2023-10-23,2023-12-31,0.19,False,False
649825,TÉCNICOS ESPECIALIZADOS - EJECUCIÓN DE PROYECTOS,CENTRO DE EMPRENDIMIENTO E INNOVACIÓN I3LAB,2020-09-14,2020-09-14,0.0,False,False
649827,TÉCNICOS ESPECIALIZADOS - EJECUCIÓN DE ACTIVIDADES DE INVESTIGACIÓN,FACULTAD DE INGENIERÍA EN ELECTRICIDAD Y COMPUTACIÓN,2021-06-01,2021-07-31,0.16,False,False
649827,TÉCNICO DE INVESTIGACIÓN 1 (TC),FACULTAD DE INGENIERÍA EN ELECTRICIDAD Y COMPUTACIÓN,2021-08-23,2022-11-13,1.22,True,False
649829,TÉCNICO DOCENTE 3 (TC),DIRECCIÓN DE ADMISIONES,2023-10-03,2023-12-31,0.24,False,False
649836,TÉCNICO DE INVESTIGACIÓN 1 (TC),FACULTAD DE INGENIERÍA MARÍTIMA Y CIENCIAS DEL MAR,2023-03-01,2026-02-13,2.96,True,False
649921,TÉCNICO DOCENTE 3 (MT),DIRECCIÓN DE ADMISIONES,2023-10-03,2023-12-31,0.24,False,False
649959,TÉCNICO DE INVESTIGACIÓN 1 (TC),"VICERRECTORADO DE INVESTIGACIÓN, DESARROLLO E INNOVACIÓN",2023-07-25,,3.15,True,False
650090,TÉCNICO DE INVESTIGACIÓN 2 (TC),FACULTAD DE CIENCIAS SOCIALES Y HUMANÍSTICAS,2019-05-13,2020-12-31,1.64,True,False
650114,ASISTENTE ADMINISTRATIVO,CENTRO DE INVESTIGACIONES Y SERVICIOS EDUCATIVOS,2025-01-06,,1.69,True,False
650129,TÉCNICO DOCENTE 1 (TC),FACULTAD DE CIENCIAS SOCIALES Y HUMANÍSTICAS,2021-05-03,2023-04-07,1.93,True,False
650143,TÉCNICO DE LABORATORIO 1 (TC),FACULTAD DE INGENIERÍA MECÁNICA Y CIENCIAS DE LA PRODUCCIÓN,2024-10-21,,1.9,True,False
650162,TÉCNICO DE LABORATORIO 1 (TC),FACULTAD DE CIENCIAS NATURALES Y MATEMÁTICAS,2021-10-04,,4.95,True,False
650168,TÉCNICO DOCENTE 1 (MT),DIRECCIÓN DE ADMISIONES,2021-05-25,2021-12-31,0.6,True,False
650168,TÉCNICO DOCENTE 3 (TC),DIRECCIÓN DE ADMISIONES,2023-09-20,2023-12-31,0.28,True,False
650192,TÉCNICO DE LABORATORIO 1 (TC),FACULTAD DE CIENCIAS SOCIALES Y HUMANÍSTICAS,2023-10-03,2023-12-31,0.24,False,False
650194,ASISTENTE EJECUTIVA 2,FACULTAD DE CIENCIAS SOCIALES Y HUMANÍSTICAS,2022-05-03,,4.37,True,False
650342,TÉCNICO DE INVESTIGACIÓN 1 (TC),CENTRO DE INVESTIGACIONES ECONÓMICAS,2021-02-08,2021-09-27,0.63,True,False
650462,TÉCNICO DE ARCHIVO Y DIGITALIZACIÓN,DESCONOCIDA,2014-11-17,2016-10-31,1.95,True,False
650462,ASISTENTE ADMINISTRATIVO,FACULTAD DE INGENIERÍA MARÍTIMA Y CIENCIAS DEL MAR,2016-11-01,,9.87,True,False
650463,ANALISTA DE LABORATORIO,DESCONOCIDA,2014-11-01,2014-12-31,0.16,False,False
650463,TÉCNICO DOCENTE,DESCONOCIDA,2015-01-01,2015-12-01,0.91,True,False
650463,ANALISTA DE LABORATORIO DE INVESTIGACIÓN 2,CENTRO NACIONAL DE ACUICULTURA E INVESTIGACIONES MARINAS,2015-12-02,,10.79,True,False
650482,TÉCNICO DOCENTE 1 (TC),FACULTAD DE CIENCIAS NATURALES Y MATEMÁTICAS,2024-06-10,,2.27,True,False
650503,ASISTENTE ADMINISTRATIVO-FINANCIERO,DESCONOCIDA,2014-12-01,2014-12-31,0.08,False,False
650503,ANALISTA ADMINISTRATIVO,"VICERRECTORADO DE INVESTIGACIÓN, DESARROLLO E INNOVACIÓN",2015-01-01,,11.71,True,False
650513,AUXILIAR DE SERVICIOS,FACULTAD DE CIENCIAS DE LA VIDA,2019-03-01,,7.54,True,False
650523,ANALISTA DE INFRAESTRUCTURA FÍSICA 3,DIRECCIÓN DE SERVICIOS GENERALES,2014-12-01,,11.79,True,True
650523,GERENTE DE INFRAESTRUCTURA FÍSICA,DESCONOCIDA,2015-10-12,2015-10-20,0.02,False,True
650523,GERENTE DE INFRAESTRUCTURA FÍSICA,DESCONOCIDA,2016-10-17,2016-10-21,0.01,False,True
650523,GERENTE DE INFRAESTRUCTURA FÍSICA,DESCONOCIDA,2017-11-07,2017-11-10,0.01,False,True
650568,PROFESOR NO TITULAR OCASIONAL (TC),FACULTAD DE INGENIERÍA MARÍTIMA Y CIENCIAS DEL MAR,2018-10-01,2020-03-31,1.5,True,False
650568,PROFESOR TITULAR AUXILIAR 2 (TC),FACULTAD DE INGENIERÍA MARÍTIMA Y CIENCIAS DEL MAR,2020-04-01,,6.46,True,False
650613,TÉCNICO DE LABORATORIO 1 (TC),FACULTAD DE INGENIERÍA MECÁNICA Y CIENCIAS DE LA PRODUCCIÓN,2023-10-05,2023-12-31,0.24,False,False
650954,TÉCNICO DOCENTE,FACULTAD DE INGENIERÍA MECÁNICA Y CIENCIAS DE LA PRODUCCIÓN,2015-01-05,2016-04-12,1.27,True,False
650954,PROFESOR NO TITULAR OCASIONAL 2 (TC),FACULTAD DE CIENCIAS SOCIALES Y HUMANÍSTICAS,2016-04-13,2017-12-31,1.72,True,False
650954,TÉCNICO DOCENTE 4 (TC),DECANATO DE GRADO,2018-01-01,2023-02-28,5.16,True,True
650954,TÉCNICOS ESPECIALIZADOS - EJECUCIÓN DE ACTIVIDADES,UNIDAD DE BIENESTAR ESTUDIANTIL Y POLITÉCNICO,2020-01-02,2020-08-31,0.66,True,True
650954,PROFESOR NO TITULAR OCASIONAL (TC),DECANATO DE GRADO,2023-03-01,,3.55,True,False
650956,ANALISTA DE INFRAESTRUCTURA FÍSICA 2,GERENCIA DE INFRAESTRUCTURA FÍSICA,2015-02-01,,11.62,True,False
650957,ANALISTA DE INFRAESTRUCTURA FÍSICA 2,GERENCIA DE INFRAESTRUCTURA FÍSICA,2015-02-01,2025-10-16,10.7,True,False
651029,ASISTENTE DE TALENTO HUMANO,DESCONOCIDA,2015-02-01,2015-12-01,0.83,True,False
651029,ANALISTA DE TALENTO HUMANO 2,DIRECCIÓN DE TALENTO HUMANO,2015-12-02,,10.79,True,False
651067,ASISTENTE DE ACTIVOS FIJOS,GERENCIA FINANCIERA,2015-02-01,2024-01-08,8.93,True,True
651067,ANALISTA CONTABLE 1,GERENCIA FINANCIERA,2024-01-01,2024-10-02,0.75,True,True
651069,ANALISTA DE TALENTO HUMANO 2,DIRECCIÓN DE TALENTO HUMANO,2015-02-09,,11.6,True,False
651104,PROFESOR NO TITULAR OCASIONAL (TC),FACULTAD DE CIENCIAS NATURALES Y MATEMÁTICAS,2018-05-01,2021-03-21,2.89,True,False
651108,PROFESOR TITULAR PRINCIPAL 1 (TC),FACULTAD DE CIENCIAS DE LA VIDA,2016-08-01,2018-01-19,1.47,True,False
651108,PROFESOR TITULAR PRINCIPAL 3 (TC),FACULTAD DE CIENCIAS DE LA VIDA,2018-04-23,2021-07-31,3.27,True,False
651108,PROFESOR TITULAR PRINCIPAL 3 (TC),FACULTAD DE CIENCIAS DE LA VIDA,2021-12-13,2022-01-03,0.06,False,False
651108,DECANO(A),DECANATO DE INVESTIGACIÓN,2022-03-21,2022-04-14,0.07,False,False
651108,PROFESOR TITULAR PRINCIPAL 3 (TC),FACULTAD DE CIENCIAS DE LA VIDA,2022-04-25,2022-04-29,0.01,False,False
651108,DECANO(A),DECANATO DE INVESTIGACIÓN,2022-09-18,2022-09-24,0.02,False,False
651108,PROFESOR TITULAR PRINCIPAL 3 (TC),FACULTAD DE CIENCIAS DE LA VIDA,2022-10-08,2023-03-31,0.48,True,False
651108,PROFESOR TITULAR PRINCIPAL 3 (TC),FACULTAD DE CIENCIAS DE LA VIDA,2023-08-31,2023-09-04,0.01,False,False
651108,SUBDECANO(A),FACULTAD DE CIENCIAS DE LA VIDA,2023-09-11,2023-09-22,0.03,False,False
651108,PROFESOR TITULAR PRINCIPAL 3 (TC),FACULTAD DE CIENCIAS DE LA VIDA,2023-12-11,2023-12-22,0.03,False,False
651108,SUBDECANO(A),FACULTAD DE CIENCIAS DE LA VIDA,2024-02-19,2024-04-05,0.13,False,True
651108,PROFESOR TITULAR PRINCIPAL 3 (TC),FACULTAD DE CIENCIAS DE LA VIDA,2024-03-25,2024-03-28,0.01,False,True
651108,PROFESOR TITULAR PRINCIPAL 3 (TC),FACULTAD DE CIENCIAS DE LA VIDA,2024-08-26,2025-05-01,0.68,True,False
651108,PROFESOR TITULAR PRINCIPAL 3 (TC),FACULTAD DE CIENCIAS DE LA VIDA,2025-08-17,,1.08,True,False
651120,PROFESOR TITULAR PRINCIPAL 3 (TC),FACULTAD DE INGENIERÍA EN ELECTRICIDAD Y COMPUTACIÓN,2016-08-01,,10.12,True,False
651128,PROFESOR NO TITULAR OCASIONAL (TC),FACULTAD DE CIENCIAS SOCIALES Y HUMANÍSTICAS,2017-01-11,2020-02-21,3.11,True,False
651128,PROFESOR NO TITULAR OCASIONAL (MT),FACULTAD DE CIENCIAS SOCIALES Y HUMANÍSTICAS,2021-05-17,2026-02-13,4.74,True,False
651128,PROFESOR NO TITULAR OCASIONAL (TC),FACULTAD DE CIENCIAS SOCIALES Y HUMANÍSTICAS,2026-05-04,,0.37,True,False
651135,ANALISTA DE SEGURIDAD Y VIGILANCIA INSTITUCIONAL,DIRECCION DE SEGURIDAD FISICA,2015-06-01,,11.29,True,False
651142,ASISTENTE DE ACTIVOS FIJOS,CENTRO DE INFORMACIÓN BIBLIOTECARIA,2015-03-04,,11.54,True,True
651142,ANALISTA DE ACTIVOS FIJOS,GERENCIA FINANCIERA,2018-07-01,2019-08-20,1.14,True,True
651144,TÉCNICO DE INVESTIGACIÓN 2 (TC),CENTRO NACIONAL DE ACUICULTURA E INVESTIGACIONES MARINAS,2019-05-01,2026-01-31,6.75,True,False
651206,TÉCNICO DOCENTE,CENTRO NACIONAL DE ACUICULTURA E INVESTIGACIONES MARINAS,2015-04-13,2015-12-31,0.72,True,False
651206,ANALISTA DE LABORATORIO DE INVESTIGACIÓN 2,CENTRO NACIONAL DE ACUICULTURA E INVESTIGACIONES MARINAS,2016-01-01,,10.71,True,False
651227,ASISTENTE DE COMPRAS PÚBLICAS,DIRECCIÓN DE ADQUISICIONES Y SUMINISTROS,2015-04-16,2015-12-31,0.71,True,False
651268,PROFESOR NO TITULAR OCASIONAL (TC),FACULTAD DE CIENCIAS NATURALES Y MATEMÁTICAS,2018-10-01,2024-02-16,5.38,True,False
651294,PROFESOR NO TITULAR OCASIONAL (TC),FACULTAD DE CIENCIAS SOCIALES Y HUMANÍSTICAS,2015-05-01,2026-07-19,11.22,True,False
651294,PROFESOR TITULAR AGREGADO 1 (TC),FACULTAD DE CIENCIAS SOCIALES Y HUMANÍSTICAS,2026-07-20,,0.16,False,False
651295,PROFESOR NO TITULAR OCASIONAL (TC),FACULTAD DE CIENCIAS SOCIALES Y HUMANÍSTICAS,2015-05-01,2026-02-28,10.83,True,True
651295,TÉCNICOS ESPECIALIZADOS - EJECUCIÓN DE PROYECTOS,DESCONOCIDA,2016-11-26,2016-11-26,0.0,False,True
651323,ANALISTA DE INFORMACIÓN BIBLIOTECARIO,CENTRO DE INFORMACIÓN BIBLIOTECARIA,2015-05-01,2016-02-29,0.83,True,False
651323,BIBLIOTECARIO,CENTRO DE INFORMACIÓN BIBLIOTECARIA,2016-03-01,,10.54,True,False
651324,TÉCNICO DE INFORMACIÓN BIBLIOTECARIO,DESCONOCIDA,2015-05-01,2016-09-30,1.42,True,False
651324,BIBLIOTECARIO,CENTRO DE INFORMACIÓN BIBLIOTECARIA,2016-10-01,,9.96,True,False
651339,TÉCNICO DE INFORMACIÓN BIBLIOTECARIO,FACULTAD DE CIENCIAS NATURALES Y MATEMÁTICAS,2015-05-11,2016-09-30,1.39,True,False
651339,BIBLIOTECARIO,CENTRO DE INFORMACIÓN BIBLIOTECARIA,2016-10-01,,9.96,True,False
651346,PROFESOR NO TITULAR OCASIONAL (TP),FACULTAD DE CIENCIAS DE LA VIDA,2015-05-11,2016-02-28,0.8,True,False
651346,PROFESOR NO TITULAR OCASIONAL 1 (TP),DESCONOCIDA,2016-05-02,2016-09-23,0.39,True,False
651346,PROFESOR NO TITULAR OCASIONAL 1 (TP),FACULTAD DE CIENCIAS DE LA VIDA,2016-10-10,2017-09-22,0.95,True,False
651346,PROFESOR NO TITULAR OCASIONAL (TC),FACULTAD DE CIENCIAS DE LA VIDA,2017-10-04,2022-12-31,5.24,True,False
651347,TÉCNICO DOCENTE,DESCONOCIDA,2015-05-01,2016-04-12,0.95,True,False
651347,PROFESOR NO TITULAR OCASIONAL 2 (TC),FACULTAD DE CIENCIAS NATURALES Y MATEMÁTICAS,2016-04-13,2017-09-30,1.46,True,False
651347,TECNICO DOCENTE 4,ESCUELA DE DISEÑO Y COMUNICACIÓN VISUAL,2017-10-01,2019-09-27,1.99,True,True
651347,TÉCNICOS ESPECIALIZADOS - EJECUCIÓN DE ACTIVIDADES,ESCUELA DE DISEÑO Y COMUNICACIÓN VISUAL,2018-11-19,2018-11-19,0.0,False,True
651350,PROFESOR NO TITULAR OCASIONAL (TP),FACULTAD DE INGENIERÍA EN CIENCIAS DE LA TIERRA,2015-05-11,2015-12-31,0.64,True,False
651350,PROFESOR NO TITULAR OCASIONAL 1 (TP),DESCONOCIDA,2016-05-02,2016-09-23,0.39,True,False
651350,PROFESOR NO TITULAR OCASIONAL 1 (TP),FACULTAD DE INGENIERÍA EN CIENCIAS DE LA TIERRA,2016-10-10,2017-09-22,0.95,True,False
651350,PROFESOR NO TITULAR OCASIONAL (TP),FACULTAD DE INGENIERÍA EN CIENCIAS DE LA TIERRA,2017-10-04,2019-09-20,1.96,True,False
651350,PROFESOR NO TITULAR OCASIONAL (MT),FACULTAD DE INGENIERÍA EN CIENCIAS DE LA TIERRA,2021-05-17,2022-09-23,1.35,True,False
651366,PROFESOR NO TITULAR OCASIONAL (TC),FACULTAD DE CIENCIAS SOCIALES Y HUMANÍSTICAS,2015-10-12,2020-03-31,4.47,True,False
651366,PROFESOR TITULAR AGREGADO 2 (TC),FACULTAD DE CIENCIAS SOCIALES Y HUMANÍSTICAS,2020-04-01,,6.46,True,False
651370,PROFESOR NO TITULAR OCASIONAL (TP),FACULTAD DE INGENIERÍA MECÁNICA Y CIENCIAS DE LA PRODUCCIÓN,2015-05-11,2015-10-02,0.39,True,False
651370,PROFESOR NO TITULAR OCASIONAL 1 (TP),FACULTAD DE INGENIERÍA MECÁNICA Y CIENCIAS DE LA PRODUCCIÓN,2015-10-19,2017-03-17,1.41,True,False
651372,PROFESOR NO TITULAR OCASIONAL 2 (TC),FACULTAD DE CIENCIAS DE LA VIDA,2016-04-13,2016-08-01,0.3,True,False
651372,PROFESOR NO TITULAR OCASIONAL (TC),FACULTAD DE CIENCIAS DE LA VIDA,2017-11-01,,8.87,True,False
651451,TÉCNICOS ESPECIALIZADOS - EJECUCIÓN DE ACTIVIDADES,CENTRO DE INVESTIGACIONES BIOTECNOLÓGICAS DEL ECUADOR,2018-08-01,2019-12-31,1.42,True,False
651451,TÉCNICOS ESPECIALIZADOS - EJECUCIÓN DE ACTIVIDADES,RECTORADO,2020-03-02,2020-10-31,0.67,True,False
651497,AUXILIAR DE LABORATORIO (8HD),CENTRO DE INVESTIGACIONES BIOTECNOLÓGICAS DEL ECUADOR,2018-09-03,,8.03,True,False
651513,PROFESOR NO TITULAR OCASIONAL (TC),FACULTAD DE CIENCIAS NATURALES Y MATEMÁTICAS,2018-09-01,2020-09-30,2.08,True,False
651665,TÉCNICO DOCENTE 1 (TC),FACULTAD DE INGENIERÍA EN ELECTRICIDAD Y COMPUTACIÓN,2024-10-02,2025-02-14,0.37,True,False
651665,TÉCNICO DE LABORATORIO 1 (TC),FACULTAD DE INGENIERÍA EN ELECTRICIDAD Y COMPUTACIÓN,2025-08-12,,1.1,True,False
651675,ASISTENTE EJECUTIVA 1,FACULTAD DE INGENIERÍA MARÍTIMA Y CIENCIAS DEL MAR,2024-02-01,,2.62,True,False
651680,TÉCNICO DE LABORATORIO 1 (TC),FACULTAD DE CIENCIAS SOCIALES Y HUMANÍSTICAS,2025-09-22,,0.98,True,False
651729,TÉCNICO DE LABORATORIO 1 (TC),FACULTAD DE CIENCIAS SOCIALES Y HUMANÍSTICAS,2023-10-03,2023-11-01,0.08,False,False
651738,TÉCNICO DOCENTE 1 (TC),FACULTAD DE CIENCIAS NATURALES Y MATEMÁTICAS,2024-07-15,,2.17,True,False
651745,TÉCNICOS ESPECIALIZADOS - EJECUCIÓN DE ACTIVIDADES,GERENCIA DE TECNOLOGÍAS Y SISTEMAS DE INFORMACIÓN,2023-06-01,2024-05-20,0.97,True,False
651763,TÉCNICO DOCENTE 3 (TC),DIRECCIÓN DE ADMISIONES,2025-05-05,2025-12-31,0.66,True,False
651799,TÉCNICO DE INVESTIGACIÓN 1 (TC),FACULTAD DE INGENIERÍA EN ELECTRICIDAD Y COMPUTACIÓN,2023-10-26,2023-12-31,0.18,False,False
651799,TÉCNICO DE INVESTIGACIÓN 1 (TC),CENTRO DE TECNOLOGÍAS DE LA INFORMACIÓN,2024-10-01,2025-10-31,1.08,True,False
651902,TÉCNICOS ESPECIALIZADOS - EJECUCIÓN DE ACTIVIDADES DE INVESTIGACIÓN,DECANATO DE INVESTIGACIÓN,2021-06-18,2021-07-31,0.12,False,False
652047,TÉCNICO DOCENTE 3 (TC),DIRECCIÓN DE ADMISIONES,2025-10-01,2026-06-30,0.74,True,False
652058,TÉCNICO DE LABORATORIO 1 (TC),FACULTAD DE CIENCIAS SOCIALES Y HUMANÍSTICAS,2024-11-20,2024-12-31,0.11,False,False
652072,TÉCNICO DE INVESTIGACIÓN 1 (TC),CENTRO DE INVESTIGACIONES BIOTECNOLÓGICAS DEL ECUADOR,2025-10-03,2025-11-14,0.11,False,False
652275,TÉCNICO DE LABORATORIO 1 (TC),FACULTAD DE CIENCIAS DE LA VIDA,2023-10-06,2023-12-31,0.24,False,False
652412,TÉCNICO DE INVESTIGACIÓN 1 (TC),CENTRO NACIONAL DE ACUICULTURA E INVESTIGACIONES MARINAS,2025-08-06,,1.11,True,False
652450,TÉCNICO DE LABORATORIO 1 (TC),FACULTAD DE CIENCIAS SOCIALES Y HUMANÍSTICAS,2023-10-03,2023-12-31,0.24,False,False
652462,TÉCNICO DE LABORATORIO 1 (TC),FACULTAD DE CIENCIAS NATURALES Y MATEMÁTICAS,2024-11-15,2024-12-31,0.13,False,False
652462,TÉCNICO DE LABORATORIO 1 (TC),FACULTAD DE CIENCIAS NATURALES Y MATEMÁTICAS,2025-05-19,2026-05-03,0.96,True,False
652462,TÉCNICO DE INVESTIGACIÓN 1 (TC),FACULTAD DE CIENCIAS NATURALES Y MATEMÁTICAS,2026-05-11,,0.35,True,False
652543,TÉCNICO DOCENTE 1 (TC),FACULTAD DE INGENIERÍA EN CIENCIAS DE LA TIERRA,2018-10-01,2025-02-14,6.37,True,False
652545,TÉCNICO DOCENTE 4 (TC),FACULTAD DE CIENCIAS SOCIALES Y HUMANÍSTICAS,2018-10-01,2021-10-03,3.01,True,False
652545,PROFESOR NO TITULAR OCASIONAL (TC),FACULTAD DE CIENCIAS SOCIALES Y HUMANÍSTICAS,2021-10-04,,4.95,True,False
652546,TÉCNICO DOCENTE 4 (TC),FACULTAD DE CIENCIAS SOCIALES Y HUMANÍSTICAS,2018-10-01,2021-10-03,3.01,True,False
652546,PROFESOR NO TITULAR OCASIONAL (TC),FACULTAD DE CIENCIAS SOCIALES Y HUMANÍSTICAS,2021-10-04,,4.95,True,False
652557,PROFESOR NO TITULAR OCASIONAL (TP),FACULTAD DE CIENCIAS SOCIALES Y HUMANÍSTICAS,2018-10-01,2019-09-20,0.97,True,False
652557,PROFESOR NO TITULAR OCASIONAL (TP),FACULTAD DE CIENCIAS SOCIALES Y HUMANÍSTICAS,2021-05-17,2022-02-18,0.76,True,False
652557,PROFESOR NO TITULAR OCASIONAL (TP),FACULTAD DE CIENCIAS SOCIALES Y HUMANÍSTICAS,2023-05-15,2023-09-24,0.36,True,False
652562,PROFESOR NO TITULAR OCASIONAL (TC),FACULTAD DE CIENCIAS NATURALES Y MATEMÁTICAS,2018-10-01,,7.96,True,False
652563,PROFESOR NO TITULAR OCASIONAL (TP),FACULTAD DE INGENIERÍA EN CIENCIAS DE LA TIERRA,2018-10-01,2019-09-20,0.97,True,False
652564,PROFESOR NO TITULAR OCASIONAL (MT),FACULTAD DE CIENCIAS SOCIALES Y HUMANÍSTICAS,2018-10-01,2019-02-22,0.39,True,False
652579,PROFESOR NO TITULAR OCASIONAL (TC),FACULTAD DE CIENCIAS NATURALES Y MATEMÁTICAS,2018-10-01,,7.96,True,False
652580,PROFESOR NO TITULAR OCASIONAL (TC),FACULTAD DE CIENCIAS NATURALES Y MATEMÁTICAS,2018-10-01,,7.96,True,False
652582,PROFESOR NO TITULAR OCASIONAL (TP),FACULTAD DE INGENIERÍA MECÁNICA Y CIENCIAS DE LA PRODUCCIÓN,2018-10-01,2019-02-22,0.39,True,False
652588,ANALISTA DE DESARROLLO DE SISTEMAS 1,GERENCIA DE TECNOLOGÍAS Y SISTEMAS DE INFORMACIÓN,2023-11-01,,2.87,True,False
652589,TÉCNICO DE INVESTIGACIÓN 1 (TC),FACULTAD DE CIENCIAS SOCIALES Y HUMANÍSTICAS,2023-10-17,2025-01-24,1.27,True,False
652589,TÉCNICO DE INVESTIGACIÓN 1 (TC),ESCUELA DE POSTGRADO EN ADMINISTRACIÓN DE EMPRESAS,2026-01-20,,0.65,True,False
652590,TÉCNICO DE LABORATORIO 1 (TC),FACULTAD DE INGENIERÍA MECÁNICA Y CIENCIAS DE LA PRODUCCIÓN,2023-10-05,2023-12-31,0.24,False,False
652613,TÉCNICOS ESPECIALIZADOS - EJECUCIÓN DE ACTIVIDADES,"FACULTAD DE ARTE, DISEÑO Y COMUNICACIÓN AUDIOVISUAL",2022-07-15,2022-10-15,0.25,True,False
652624,TÉCNICO DE INVESTIGACIÓN 1 (TC),FACULTAD DE INGENIERÍA MECÁNICA Y CIENCIAS DE LA PRODUCCIÓN,2024-06-03,2025-12-31,1.58,True,False
652641,TÉCNICO DE LABORATORIO 1 (TC),FACULTAD DE INGENIERÍA MECÁNICA Y CIENCIAS DE LA PRODUCCIÓN,2023-10-05,2023-12-31,0.24,False,False
652655,TÉCNICO DE LABORATORIO 1 (TC),FACULTAD DE CIENCIAS DE LA VIDA,2023-10-18,2023-12-31,0.2,False,False
652656,TÉCNICO DE LABORATORIO 1 (TC),FACULTAD DE CIENCIAS DE LA VIDA,2025-09-01,2025-11-14,0.2,False,False
652665,TÉCNICO DE LABORATORIO 1 (TC),FACULTAD DE INGENIERÍA MECÁNICA Y CIENCIAS DE LA PRODUCCIÓN,2023-10-05,2023-12-31,0.24,False,False
652684,TÉCNICO DE LABORATORIO 1 (TC),FACULTAD DE CIENCIAS SOCIALES Y HUMANÍSTICAS,2023-10-03,2023-12-31,0.24,False,False
652704,ASISTENTE DE PLANIFICACIÓN Y PROYECTOS,GERENCIA DE PLANIFICACIÓN ESTRATÉGICA,2024-07-01,,2.21,True,False
652714,TÉCNICO DE LABORATORIO 1 (TC),FACULTAD DE INGENIERÍA MECÁNICA Y CIENCIAS DE LA PRODUCCIÓN,2023-10-05,2023-12-31,0.24,False,False
652724,TÉCNICOS ESPECIALIZADOS - EJECUCIÓN DE ACTIVIDADES,CENTRO INTERNACIONAL DEL PACÍFICO PARA LA REDUCCIÓN DEL RIESGO DE DESASTRES,2023-07-25,2023-10-25,0.25,True,True
652724,TÉCNICO DE LABORATORIO 1 (TC),FACULTAD DE INGENIERÍA MECÁNICA Y CIENCIAS DE LA PRODUCCIÓN,2023-10-05,2023-12-31,0.24,False,True
652724,ANALISTA DE PLANIFICACIÓN Y PROYECTOS,GERENCIA DE PLANIFICACIÓN ESTRATÉGICA,2026-03-05,,0.53,True,False
652759,TÉCNICOS ESPECIALIZADOS - EJECUCIÓN DE ACTIVIDADES,FACULTAD DE CIENCIAS NATURALES Y MATEMÁTICAS,2024-11-29,2024-12-31,0.09,False,False
652759,TÉCNICO DE LABORATORIO 1 (TC),CENTRO DE ESTUDIOS E INVESTIGACIONES ESTADÍSTICAS,2025-10-13,,0.93,True,False
652768,TÉCNICO DE INVESTIGACIÓN 1 (TC),FACULTAD DE CIENCIAS NATURALES Y MATEMÁTICAS,2024-06-03,2025-09-19,1.29,True,False
652768,TÉCNICO DOCENTE 3 (TC),DIRECCIÓN DE ADMISIONES,2025-09-22,2025-12-31,0.27,True,False
652768,TÉCNICO DOCENTE 3 (TC),DIRECCIÓN DE ADMISIONES,2026-05-11,,0.35,True,False
652796,TÉCNICOS ESPECIALIZADOS - EJECUCIÓN DE ACTIVIDADES,GERENCIA DE TECNOLOGÍAS Y SISTEMAS DE INFORMACIÓN,2023-06-01,2023-11-08,0.44,True,False
652796,TÉCNICO DOCENTE 3 (TC),DIRECCIÓN DE ADMISIONES,2025-08-01,,1.13,True,False
652798,TÉCNICOS ESPECIALIZADOS - EJECUCIÓN DE PROYECTOS DE INVESTIGACIÓN,DECANATO DE INVESTIGACIÓN,2022-04-01,2022-12-31,0.75,True,False
652798,TÉCNICOS ESPECIALIZADOS - EJECUCIÓN DE PROYECTOS DE INVESTIGACIÓN,"FACULTAD DE ARTE, DISEÑO Y COMUNICACIÓN AUDIOVISUAL",2023-01-09,2023-12-31,0.97,True,True
652798,TÉCNICO DE INVESTIGACIÓN 1 (TC),"FACULTAD DE ARTE, DISEÑO Y COMUNICACIÓN AUDIOVISUAL",2023-05-15,2026-05-03,2.97,True,True
652798,PROFESOR NO TITULAR OCASIONAL (TC),"FACULTAD DE ARTE, DISEÑO Y COMUNICACIÓN AUDIOVISUAL",2026-05-04,,0.37,True,False
652800,TÉCNICOS ESPECIALIZADOS - EJECUCIÓN DE ACTIVIDADES,GERENCIA DE TECNOLOGÍAS Y SISTEMAS DE INFORMACIÓN,2024-08-14,2024-12-31,0.38,True,False
652808,TÉCNICOS ESPECIALIZADOS - EJECUCIÓN DE PROYECTOS DE INVESTIGACIÓN,CENTRO INTERNACIONAL DEL PACÍFICO PARA LA REDUCCIÓN DEL RIESGO DE DESASTRES,2023-05-18,2023-11-18,0.5,True,False
652810,TÉCNICOS ESPECIALIZADOS - EJECUCIÓN DE ACTIVIDADES,CENTRO DE INVESTIGACIONES BIOTECNOLÓGICAS DEL ECUADOR,2023-08-29,2023-12-31,0.34,True,False
652816,TÉCNICO DE INVESTIGACIÓN 1 (TC),FACULTAD DE INGENIERÍA MECÁNICA Y CIENCIAS DE LA PRODUCCIÓN,2024-06-03,2026-04-30,1.91,True,False
652816,TÉCNICO DE LABORATORIO 1 (TC),FACULTAD DE INGENIERÍA MECÁNICA Y CIENCIAS DE LA PRODUCCIÓN,2026-07-01,,0.21,False,False
652823,TÉCNICO DE INVESTIGACIÓN 1 (TC),CENTRO DE ENERGÍAS RENOVABLES Y ALTERNATIVAS,2025-10-03,,0.95,True,False
652826,TÉCNICO DE LABORATORIO 1 (TC),FACULTAD DE CIENCIAS DE LA VIDA,2023-10-03,2023-12-31,0.24,False,False
652839,TÉCNICO DE INVESTIGACIÓN 1 (TC),FACULTAD DE CIENCIAS SOCIALES Y HUMANÍSTICAS,2023-05-15,2025-02-16,1.76,True,False
652859,TÉCNICO DE LABORATORIO 1 (TC),FACULTAD DE CIENCIAS SOCIALES Y HUMANÍSTICAS,2023-10-03,2023-12-31,0.24,False,False
652898,PROFESOR NO TITULAR OCASIONAL (TC),FACULTAD DE CIENCIAS SOCIALES Y HUMANÍSTICAS,2018-10-01,2024-03-31,5.5,True,False
652902,PROFESOR NO TITULAR OCASIONAL (TC),FACULTAD DE INGENIERÍA EN CIENCIAS DE LA TIERRA,2018-10-17,,7.91,True,False
652917,ANALISTA DE MANTENIMIENTO,DIRECCIÓN DE SERVICIOS GENERALES,2018-11-01,,7.87,True,False
652921,AUXILIAR DE SERVICIOS,CENTRO NACIONAL DE ACUICULTURA E INVESTIGACIONES MARINAS,2018-11-01,,7.87,True,False
652925,DIRECTOR DE SEGURIDAD Y SALUD OCUPACIONAL,DIRECCIÓN DE SEGURIDAD Y SALUD OCUPACIONAL,2018-11-01,,7.87,True,False
652934,TECNICO DOCENTE 4,FACULTAD DE CIENCIAS SOCIALES Y HUMANÍSTICAS,2018-11-05,2019-02-22,0.3,True,False
652934,TÉCNICO DOCENTE 4 (MT),FACULTAD DE CIENCIAS SOCIALES Y HUMANÍSTICAS,2019-04-01,2023-02-28,3.91,True,False
652934,TÉCNICO DOCENTE 1 (TC),FACULTAD DE CIENCIAS SOCIALES Y HUMANÍSTICAS,2025-03-06,2025-05-04,0.16,False,False
652934,PROFESOR NO TITULAR OCASIONAL (TC),FACULTAD DE CIENCIAS SOCIALES Y HUMANÍSTICAS,2025-05-05,,1.37,True,False
652989,PROFESOR NO TITULAR OCASIONAL (TC),FACULTAD DE CIENCIAS NATURALES Y MATEMÁTICAS,2019-02-01,2026-04-13,7.19,True,False
653004,TÉCNICOS ESPECIALIZADOS - EJECUCIÓN DE ACTIVIDADES,FACULTAD DE CIENCIAS DE LA VIDA,2019-01-02,2019-12-31,0.99,True,False
653004,TÉCNICOS ESPECIALIZADOS - EJECUCIÓN DE ACTIVIDADES,GERENCIA ADMINISTRATIVA,2020-01-09,2020-12-31,0.98,True,False
653004,ASISTENTE EJECUTIVA 2,DIRECCIÓN DE ADQUISICIONES,2021-07-01,,5.21,True,False
653010,PROFESOR NO TITULAR OCASIONAL (TC),FACULTAD DE INGENIERÍA EN CIENCIAS DE LA TIERRA,2019-01-02,2026-02-13,7.12,True,False
653075,TÉCNICOS ESPECIALIZADOS - EJECUCIÓN DE ACTIVIDADES,GERENCIA DE COMUNICACIÓN SOCIAL Y ASUNTOS PÚBLICOS,2019-01-02,2019-02-28,0.16,False,False
653075,ANALISTA DE COMUNICACIÓN 3,GERENCIA DE COMUNICACIÓN,2019-03-01,,7.54,True,True
653075,PROFESOR NO TITULAR OCASIONAL (MT),DECANATO DE GRADO,2024-09-30,2025-02-14,0.38,True,True
653075,PROFESOR NO TITULAR OCASIONAL (TP),DECANATO DE GRADO,2025-05-12,,1.35,True,True
653183,TÉCNICO DE INVESTIGACIÓN 1 (TC),FACULTAD DE CIENCIAS NATURALES Y MATEMÁTICAS,2024-11-20,2024-12-31,0.11,False,False
653534,TÉCNICO DOCENTE 1 (TC),FACULTAD DE INGENIERÍA MARÍTIMA Y CIENCIAS DEL MAR,2025-05-12,,1.35,True,False
653547,TÉCNICO DOCENTE 3 (TC),DIRECCIÓN DE ADMISIONES,2025-05-12,2025-12-31,0.64,True,False
653547,TÉCNICO DOCENTE 3 (TC),DIRECCIÓN DE ADMISIONES,2026-05-11,,0.35,True,False
653585,TÉCNICOS ESPECIALIZADOS - EJECUCIÓN DE ACTIVIDADES,GERENCIA DE TECNOLOGÍAS Y SISTEMAS DE INFORMACIÓN,2024-06-06,2024-12-31,0.57,True,False
653651,TÉCNICO DOCENTE 1 (TC),FACULTAD DE CIENCIAS NATURALES Y MATEMÁTICAS,2025-05-12,2026-12-31,1.64,True,False
653690,TÉCNICOS ESPECIALIZADOS - EJECUCIÓN DE ACTIVIDADES,GERENCIA DE TECNOLOGÍAS Y SISTEMAS DE INFORMACIÓN,2023-11-15,2024-11-26,1.03,True,False
653764,TÉCNICOS ESPECIALIZADOS - EJECUCIÓN DE ACTIVIDADES,DIRECCIÓN DE TALENTO HUMANO,2019-02-21,2019-08-31,0.52,True,False
653764,TÉCNICOS ESPECIALIZADOS - EJECUCIÓN DE CAPACITACIÓN,RECTORADO,2019-09-06,2019-12-31,0.32,True,False
653764,TÉCNICOS ESPECIALIZADOS - EJECUCIÓN DE ACTIVIDADES,GERENCIA ADMINISTRATIVA,2020-01-02,2020-06-30,0.49,True,False
653770,TÉCNICO DE INVESTIGACIÓN 1 (TC),"CENTRO DE INVESTIGACIÓN, DESARROLLO E INNOVACIÓN DE SISTEMAS COMPUTACIONALES",2019-03-01,2023-11-01,4.67,True,False
653775,AUXILIAR DE SERVICIOS DE MANTENIMIENTO,FACULTAD DE INGENIERÍA EN ELECTRICIDAD Y COMPUTACIÓN,2019-03-01,2023-10-31,4.67,True,False
653777,TÉCNICOS ESPECIALIZADOS - EJECUCIÓN DE ACTIVIDADES,UNIDAD DE BIENESTAR ESTUDIANTIL Y POLITÉCNICO,2019-03-01,2019-12-31,0.83,True,False
653778,AUXILIAR DE SERVICIOS DE MANTENIMIENTO,DIRECCIÓN DE SERVICIOS GENERALES,2019-03-01,2024-12-31,5.84,True,False
653778,CHOFER DE VEHÌCULOS PESADOS,DIRECCIÓN DE SERVICIOS GENERALES,2025-01-01,,1.71,True,True
653778,AUXILIAR DE SERVICIOS DE MANTENIMIENTO,DIRECCIÓN DE SERVICIOS GENERALES,2025-10-06,2025-10-17,0.03,False,True
653814,ASISTENTE EJECUTIVA 1,GERENCIA DE BIENESTAR POLITÉCNICO,2019-03-01,,7.54,True,False
653815,AUXILIAR DE SERVICIOS,GERENCIA DE BIENESTAR POLITÉCNICO,2019-03-01,,7.54,True,False
653816,TÉCNICOS ESPECIALIZADOS - EJECUCIÓN DE ACTIVIDADES,UNIDAD DE BIENESTAR ESTUDIANTIL Y POLITÉCNICO,2019-03-01,2019-12-01,0.75,True,False
653816,ANALISTA DE BIENESTAR POLITÉCNICO 2,GERENCIA DE BIENESTAR POLITÉCNICO,2019-12-02,,6.79,True,False
653827,SUPERVISOR DE SEGURIDAD,DIRECCION DE SEGURIDAD FISICA,2019-04-01,,7.46,True,False
653835,TÉCNICOS ESPECIALIZADOS - EJECUCIÓN DE ACTIVIDADES,SECRETARIA ADMINISTRATIVA,2019-04-01,,7.46,True,False
653837,TÉCNICOS ESPECIALIZADOS - EJECUCIÓN DE ACTIVIDADES,GERENCIA DE COMUNICACIÓN SOCIAL Y ASUNTOS PÚBLICOS,2019-03-01,2020-02-28,1.0,True,False
653852,TÉCNICO DOCENTE 4 (TC),FACULTAD DE INGENIERÍA MECÁNICA Y CIENCIAS DE LA PRODUCCIÓN,2019-05-13,2021-05-16,2.01,True,False
653852,PROFESOR NO TITULAR OCASIONAL (TC),FACULTAD DE INGENIERÍA MECÁNICA Y CIENCIAS DE LA PRODUCCIÓN,2021-05-17,,5.33,True,False
653854,TÉCNICO DE INVESTIGACIÓN 1 (TC),CENTRO DE INVESTIGACIONES BIOTECNOLÓGICAS DEL ECUADOR,2021-06-15,,5.25,True,False
653858,ANALISTA DE INFRAESTRUCTURA FÍSICA 2,GERENCIA DE INFRAESTRUCTURA FÍSICA,2019-05-01,2020-12-31,1.67,True,False
653884,TÉCNICO DE INVESTIGACIÓN 1 (TC),FACULTAD DE INGENIERÍA MECÁNICA Y CIENCIAS DE LA PRODUCCIÓN,2024-06-03,2025-09-19,1.29,True,False
653914,TÉCNICO DE LABORATORIO 1 (TC),FACULTAD DE CIENCIAS NATURALES Y MATEMÁTICAS,2024-08-08,2025-05-04,0.74,True,False
653914,TÉCNICO DE LABORATORIO 1 (TC),DECANATO DE GRADO,2025-05-12,,1.35,True,False
653985,TÉCNICO DE LABORATORIO 1 (TC),FACULTAD DE INGENIERÍA MECÁNICA Y CIENCIAS DE LA PRODUCCIÓN,2024-06-10,,2.27,True,False
654017,TÉCNICOS ESPECIALIZADOS - EJECUCIÓN DE PROYECTOS,GERENCIA DE TECNOLOGÍAS Y SISTEMAS DE INFORMACIÓN,2024-06-17,2024-12-31,0.54,True,False
654027,ASISTENTE EJECUTIVA 1,CENTRO DE EMPRENDIMIENTO E INNOVACIÓN I3LAB,2024-12-09,,1.77,True,False
654081,TÉCNICOS ESPECIALIZADOS - EJECUCIÓN DE PROYECTOS,GERENCIA DE TECNOLOGÍAS Y SISTEMAS DE INFORMACIÓN,2024-07-04,2024-12-31,0.49,True,False
654082,TÉCNICOS ESPECIALIZADOS - EJECUCIÓN DE PROYECTOS,GERENCIA DE TECNOLOGÍAS Y SISTEMAS DE INFORMACIÓN,2024-06-17,2024-12-31,0.54,True,False
654104,TÉCNICO DOCENTE 3 (TC),DIRECCIÓN DE ADMISIONES,2025-05-07,,1.36,True,False
654107,TÉCNICO DOCENTE 1 (TC),FACULTAD DE CIENCIAS NATURALES Y MATEMÁTICAS,2023-08-07,2024-07-26,0.97,True,False
654118,TÉCNICOS ESPECIALIZADOS - EJECUCIÓN DE ACTIVIDADES,DECANATO DE INVESTIGACIÓN,2022-04-25,2023-12-31,1.68,True,False
654129,TÉCNICOS ESPECIALIZADOS - EJECUCIÓN DE ACTIVIDADES,GERENCIA DE PLANIFICACIÓN ESTRATÉGICA,2022-03-14,2022-05-06,0.15,False,False
654169,TÉCNICO DOCENTE 1 (TC),FACULTAD DE CIENCIAS NATURALES Y MATEMÁTICAS,2024-10-08,,1.94,True,False
654191,TÉCNICO DOCENTE 1 (TC),FACULTAD DE INGENIERÍA MECÁNICA Y CIENCIAS DE LA PRODUCCIÓN,2024-05-22,2024-09-20,0.33,True,False
654197,TÉCNICO DE LABORATORIO 1 (TC),FACULTAD DE INGENIERÍA MECÁNICA Y CIENCIAS DE LA PRODUCCIÓN,2023-10-05,2024-03-31,0.49,True,False
654221,TÉCNICO DE LABORATORIO 1 (TC),FACULTAD DE INGENIERÍA MECÁNICA Y CIENCIAS DE LA PRODUCCIÓN,2023-10-05,2023-12-31,0.24,False,False
654247,TÉCNICOS ESPECIALIZADOS - EJECUCIÓN DE ACTIVIDADES DE INVESTIGACIÓN,DECANATO DE INVESTIGACIÓN,2022-09-19,2022-12-31,0.28,True,False
654247,TÉCNICO DE LABORATORIO 1 (TC),FACULTAD DE INGENIERÍA EN ELECTRICIDAD Y COMPUTACIÓN,2023-05-15,,3.34,True,False
654250,TÉCNICO DOCENTE 1 (TC),FACULTAD DE CIENCIAS NATURALES Y MATEMÁTICAS,2024-05-06,2026-02-13,1.77,True,False
654253,TÉCNICO DE LABORATORIO 1 (TC),FACULTAD DE INGENIERÍA MECÁNICA Y CIENCIAS DE LA PRODUCCIÓN,2023-10-05,2024-05-05,0.58,True,False
654253,TÉCNICO DOCENTE 3 (TC),DIRECCIÓN DE ADMISIONES,2024-05-13,,2.34,True,False
654262,TÉCNICOS ESPECIALIZADOS - EJECUCIÓN DE ACTIVIDADES DE INVESTIGACIÓN,DECANATO DE INVESTIGACIÓN,2022-03-14,2022-12-31,0.8,True,False
654262,TÉCNICOS ESPECIALIZADOS - EJECUCIÓN DE ACTIVIDADES DE INVESTIGACIÓN,FACULTAD DE CIENCIAS SOCIALES Y HUMANÍSTICAS,2023-08-01,2023-12-31,0.42,True,False
654262,TÉCNICO DE INVESTIGACIÓN 1 (TC),FACULTAD DE CIENCIAS SOCIALES Y HUMANÍSTICAS,2024-06-03,2025-12-31,1.58,True,False
654297,TÉCNICO DE LABORATORIO 1 (TC),FACULTAD DE INGENIERÍA EN CIENCIAS DE LA TIERRA,2026-05-11,,0.35,True,False
654344,TÉCNICOS ESPECIALIZADOS - EJECUCIÓN DE ACTIVIDADES,GERENCIA DE TECNOLOGÍAS Y SISTEMAS DE INFORMACIÓN,2024-11-19,2024-12-31,0.11,False,False
654349,OPERADOR DE EQUIPOS DE MONITOREO,DIRECCION DE SEGURIDAD FISICA,2019-05-01,,7.38,True,False
654350,AUXILIAR DE SERVICIOS,FACULTAD DE CIENCIAS DE LA VIDA,2019-05-02,,7.38,True,False
654351,AUXILIAR DE SERVICIOS,DIRECCIÓN DE SERVICIOS GENERALES,2019-05-02,,7.38,True,False
654354,PROFESOR NO TITULAR OCASIONAL (TC),FACULTAD DE INGENIERÍA MECÁNICA Y CIENCIAS DE LA PRODUCCIÓN,2020-02-22,2023-05-31,3.27,True,False
654354,PROFESOR TITULAR AGREGADO 1 (TC),FACULTAD DE INGENIERÍA MECÁNICA Y CIENCIAS DE LA PRODUCCIÓN,2023-06-01,2023-12-29,0.58,True,False
654354,PROFESOR TITULAR AGREGADO 1 (TC),FACULTAD DE INGENIERÍA MECÁNICA Y CIENCIAS DE LA PRODUCCIÓN,2024-04-01,2024-08-02,0.34,True,False
654354,PROFESOR TITULAR AGREGADO 1 (TC),FACULTAD DE INGENIERÍA MECÁNICA Y CIENCIAS DE LA PRODUCCIÓN,2024-12-26,2025-08-02,0.6,True,False
654354,PROFESOR TITULAR AGREGADO 1 (TC),FACULTAD DE INGENIERÍA MECÁNICA Y CIENCIAS DE LA PRODUCCIÓN,2025-12-26,2026-04-02,0.27,True,False
654354,PROFESOR TITULAR AGREGADO 1 (TC),FACULTAD DE INGENIERÍA MECÁNICA Y CIENCIAS DE LA PRODUCCIÓN,2026-08-31,,0.04,False,False
654355,PROFESOR NO TITULAR OCASIONAL (TC),FACULTAD DE INGENIERÍA MECÁNICA Y CIENCIAS DE LA PRODUCCIÓN,2020-02-22,2026-07-19,6.4,True,False
654355,PROFESOR TITULAR AGREGADO 1 (TC),FACULTAD DE INGENIERÍA MECÁNICA Y CIENCIAS DE LA PRODUCCIÓN,2026-07-20,,0.16,False,False
654356,PROFESOR NO TITULAR OCASIONAL (TC),FACULTAD DE CIENCIAS SOCIALES Y HUMANÍSTICAS,2019-05-13,2023-10-27,4.46,True,False
654357,PROFESOR NO TITULAR OCASIONAL (TC),FACULTAD DE CIENCIAS SOCIALES Y HUMANÍSTICAS,2019-05-13,2021-12-31,2.64,True,False
654358,PROFESOR NO TITULAR OCASIONAL (TC),FACULTAD DE INGENIERÍA EN CIENCIAS DE LA TIERRA,2020-02-22,2023-03-15,3.06,True,False
654359,PROFESOR NO TITULAR OCASIONAL (TC),FACULTAD DE CIENCIAS NATURALES Y MATEMÁTICAS,2019-05-13,2023-09-21,4.36,True,False
654360,PROFESOR NO TITULAR OCASIONAL (TC),FACULTAD DE CIENCIAS NATURALES Y MATEMÁTICAS,2019-05-13,,7.35,True,True
654360,TÉCNICOS ESPECIALIZADOS - EJECUCIÓN DE CAPACITACIÓN,FACULTAD DE CIENCIAS NATURALES Y MATEMÁTICAS,2022-11-01,2022-12-31,0.16,False,True
654361,PROFESOR NO TITULAR OCASIONAL (TC),FACULTAD DE CIENCIAS NATURALES Y MATEMÁTICAS,2019-05-13,2024-02-16,4.76,True,False
654363,PROFESOR NO TITULAR OCASIONAL (TC),FACULTAD DE CIENCIAS NATURALES Y MATEMÁTICAS,2019-12-01,,6.79,True,False
654364,PROFESOR NO TITULAR OCASIONAL (TC),FACULTAD DE CIENCIAS NATURALES Y MATEMÁTICAS,2020-02-22,2024-02-16,3.98,True,False
654365,PROFESOR NO TITULAR OCASIONAL (TC),FACULTAD DE CIENCIAS NATURALES Y MATEMÁTICAS,2019-11-01,2022-02-28,2.33,True,False
654370,TECNICO DOCENTE 1,FACULTAD DE CIENCIAS NATURALES Y MATEMÁTICAS,2019-05-13,2020-02-21,0.78,True,False
654372,ANALISTA DE CALIDAD Y ACREDITACIÓN 2,GERENCIA DE BIENESTAR POLITÉCNICO,2019-12-02,,6.79,True,False
654374,PROFESOR NO TITULAR OCASIONAL (TP),FACULTAD DE INGENIERÍA EN CIENCIAS DE LA TIERRA,2021-05-17,2025-02-14,3.75,True,False
654376,PROFESOR NO TITULAR OCASIONAL (TC),DECANATO DE GRADO,2019-05-13,2022-02-18,2.77,True,False
654379,TÉCNICO DE INVESTIGACIÓN 2 (TC),FACULTAD DE CIENCIAS DE LA VIDA,2020-10-01,2020-12-31,0.25,False,False
654381,AUXILIAR DE SERVICIOS,DIRECCIÓN DE SERVICIOS GENERALES,2019-05-02,2024-12-31,5.67,True,False
654381,JARDINERO/TRABAJADOR DEL DEPARTAMENTO DE GESTIÒN AMBIENTAL,DIRECCIÓN DE SERVICIOS GENERALES,2025-01-01,,1.71,True,True
654381,AUXILIAR DE SERVICIOS,DIRECCIÓN DE SERVICIOS GENERALES,2025-06-17,2025-07-06,0.05,False,True
654381,AUXILIAR DE SERVICIOS,DIRECCIÓN DE SERVICIOS GENERALES,2026-01-20,2026-03-24,0.17,False,True
654387,PROFESOR NO TITULAR OCASIONAL (TC),FACULTAD DE CIENCIAS NATURALES Y MATEMÁTICAS,2019-05-13,2019-09-20,0.36,True,False
654387,PROFESOR NO TITULAR OCASIONAL (MT),FACULTAD DE CIENCIAS NATURALES Y MATEMÁTICAS,2020-02-22,2022-02-18,1.99,True,False
654388,TÉCNICOS ESPECIALIZADOS - EJECUCIÓN DE ACTIVIDADES,GERENCIA DE COMUNICACIÓN SOCIAL Y ASUNTOS PÚBLICOS,2019-05-02,2020-04-30,1.0,True,False
654388,TÉCNICOS ESPECIALIZADOS - EJECUCIÓN DE ACTIVIDADES,GERENCIA DE COMUNICACIÓN,2023-01-09,2023-04-12,0.25,True,False
654392,PROFESOR NO TITULAR OCASIONAL (TC),FACULTAD DE CIENCIAS NATURALES Y MATEMÁTICAS,2019-05-13,2021-12-31,2.64,True,False
654402,TÉCNICOS ESPECIALIZADOS - EJECUCIÓN DE ACTIVIDADES,UNIDAD DE VINCULACIÓN CON LA SOCIEDAD,2019-05-01,2021-12-31,2.67,True,False
654407,PROFESOR NO TITULAR OCASIONAL (TC),FACULTAD DE CIENCIAS NATURALES Y MATEMÁTICAS,2020-02-22,2023-05-31,3.27,True,False
654407,PROFESOR TITULAR AGREGADO 1 (TC),FACULTAD DE CIENCIAS NATURALES Y MATEMÁTICAS,2023-06-01,,3.29,True,False
654412,ASISTENTE ADMINISTRATIVO,DIRECCIÓN DE SERVICIOS GENERALES,2023-03-01,,3.55,True,False
654428,DIRECTOR DE TALENTO HUMANO,DESCONOCIDA,2019-06-14,2020-07-16,1.09,True,False
654444,TÉCNICOS ESPECIALIZADOS - EJECUCIÓN DE ACTIVIDADES,RECTORADO,2019-06-04,2019-12-31,0.57,True,False
654445,TÉCNICOS ESPECIALIZADOS - EJECUCIÓN DE PROYECTOS,CENTRO DE INVESTIGACIÓN Y PROYECTOS APLICADOS A LAS CIENCIAS DE LA TIERRA,2019-10-01,2020-04-01,0.5,True,False
654455,TÉCNICO DE LABORATORIO 1,FACULTAD DE CIENCIAS NATURALES Y MATEMÁTICAS,2019-05-13,2020-02-21,0.78,True,False
654462,TÉCNICOS ESPECIALIZADOS - EJECUCIÓN DE ACTIVIDADES,RECTORADO,2019-05-06,2020-04-30,0.99,True,False
654490,PROFESOR NO TITULAR OCASIONAL (TC),DIRECCIÓN DE ADMISIONES,2020-10-01,2021-04-30,0.58,True,False
654490,PROFESOR NO TITULAR OCASIONAL (TC),DECANATO DE GRADO,2021-05-17,,5.33,True,False
654511,DIRECTOR DE ADQUISICIONES Y SUMINISTROS,DIRECCIÓN DE ADQUISICIONES Y SUMINISTROS,2019-07-17,2021-05-17,1.83,True,False
654527,ASISTENTE ADMINISTRATIVO,DIRECCIÓN DE TALENTO HUMANO,2019-08-01,,7.13,True,False
654570,ABOGADO,GERENCIA JURÍDICA,2020-03-01,2020-03-31,0.08,False,False
654583,ANALISTA DE COMPRAS PÚBLICAS 3,DIRECCIÓN DE ADQUISICIONES,2020-08-01,,6.12,True,False
655235,TÉCNICO DE LABORATORIO 1 (TC),FACULTAD DE CIENCIAS DE LA VIDA,2025-11-06,2025-12-31,0.15,False,False
655447,TÉCNICO DE LABORATORIO 1 (TC),FACULTAD DE CIENCIAS SOCIALES Y HUMANÍSTICAS,2024-11-20,2024-12-31,0.11,False,False
655509,TÉCNICO DE LABORATORIO 1 (TC),FACULTAD DE CIENCIAS DE LA VIDA,2023-10-06,2023-12-31,0.24,False,False
655515,TÉCNICOS ESPECIALIZADOS - EJECUCIÓN DE ACTIVIDADES,GERENCIA DE TECNOLOGÍAS Y SISTEMAS DE INFORMACIÓN,2024-06-06,2024-12-31,0.57,True,False
655516,TÉCNICOS ESPECIALIZADOS - EJECUCIÓN DE ACTIVIDADES DE INVESTIGACIÓN,"CENTRO DE INVESTIGACIÓN, DESARROLLO E INNOVACIÓN DE SISTEMAS COMPUTACIONALES",2024-09-23,2024-10-22,0.08,False,False
655517,TÉCNICOS ESPECIALIZADOS - EJECUCIÓN DE ACTIVIDADES,GERENCIA DE TECNOLOGÍAS Y SISTEMAS DE INFORMACIÓN,2023-11-15,2024-11-26,1.03,True,False
655520,TÉCNICOS ESPECIALIZADOS - EJECUCIÓN DE ACTIVIDADES DE INVESTIGACIÓN,"CENTRO DE INVESTIGACIÓN, DESARROLLO E INNOVACIÓN DE SISTEMAS COMPUTACIONALES",2024-10-09,2024-12-31,0.23,False,False
655522,TÉCNICO DE INVESTIGACIÓN 1 (TC),"CENTRO DE INVESTIGACIÓN, DESARROLLO E INNOVACIÓN DE SISTEMAS COMPUTACIONALES",2025-10-03,2025-12-31,0.24,False,False
655525,TÉCNICOS ESPECIALIZADOS - EJECUCIÓN DE ACTIVIDADES,GERENCIA DE TECNOLOGÍAS Y SISTEMAS DE INFORMACIÓN,2024-08-28,2024-12-31,0.34,True,False
655538,TÉCNICO DE INVESTIGACIÓN 1 (TC),CENTRO DE TECNOLOGÍAS DE LA INFORMACIÓN,2026-07-13,2026-08-25,0.12,False,False
655555,TÉCNICO DOCENTE 1 (TC),FACULTAD DE INGENIERÍA EN ELECTRICIDAD Y COMPUTACIÓN,2024-05-13,2024-09-20,0.36,True,False
655569,TÉCNICO DE LABORATORIO 1 (TC),FACULTAD DE INGENIERÍA EN ELECTRICIDAD Y COMPUTACIÓN,2025-05-12,,1.35,True,False
655570,TÉCNICO DOCENTE 1 (TC),FACULTAD DE INGENIERÍA EN ELECTRICIDAD Y COMPUTACIÓN,2025-01-02,2025-02-14,0.12,False,False
655588,TÉCNICO DE LABORATORIO 1 (TC),FACULTAD DE INGENIERÍA MECÁNICA Y CIENCIAS DE LA PRODUCCIÓN,2025-09-29,2025-12-31,0.25,True,False
655596,TÉCNICOS ESPECIALIZADOS - EJECUCIÓN DE PROYECTOS,GERENCIA DE TECNOLOGÍAS Y SISTEMAS DE INFORMACIÓN,2024-10-22,2024-12-31,0.19,False,False
655624,TÉCNICO DE INVESTIGACIÓN 1 (TC),FACULTAD DE CIENCIAS NATURALES Y MATEMÁTICAS,2024-11-20,2024-12-31,0.11,False,False
655702,TÉCNICOS ESPECIALIZADOS - EJECUCIÓN DE PROYECTOS,DIRECCIÓN DE TALENTO HUMANO,2024-10-21,2024-12-31,0.19,False,False
655729,TÉCNICOS ESPECIALIZADOS - EJECUCIÓN DE ACTIVIDADES,CENTRO DE ESTUDIOS ASIA-PACÍFICO,2024-04-16,2024-05-17,0.08,False,False
655729,TÉCNICO DOCENTE 1 (TC),FACULTAD DE CIENCIAS SOCIALES Y HUMANÍSTICAS,2026-05-04,,0.37,True,False
655736,TÉCNICO DE LABORATORIO 1 (TC),FACULTAD DE CIENCIAS SOCIALES Y HUMANÍSTICAS,2024-11-20,2024-12-31,0.11,False,False
655747,TÉCNICOS ESPECIALIZADOS - EJECUCIÓN DE ACTIVIDADES,FACULTAD DE CIENCIAS NATURALES Y MATEMÁTICAS,2024-08-28,2024-12-31,0.34,True,False
655764,TÉCNICOS ESPECIALIZADOS - EJECUCIÓN DE ACTIVIDADES,CENTRO DE ESTUDIOS ASIA-PACÍFICO,2025-03-21,2025-12-31,0.78,True,False
655773,TÉCNICOS ESPECIALIZADOS - EJECUCIÓN DE ACTIVIDADES,DECANATO DE INVESTIGACIÓN,2023-05-25,2023-07-24,0.16,False,False
655773,TÉCNICOS ESPECIALIZADOS - EJECUCIÓN DE ACTIVIDADES,"VICERRECTORADO DE INVESTIGACIÓN, DESARROLLO E INNOVACIÓN",2023-09-27,2023-12-31,0.26,True,False
655779,TÉCNICO DE LABORATORIO 1 (TC),FACULTAD DE CIENCIAS SOCIALES Y HUMANÍSTICAS,2024-11-20,2024-12-31,0.11,False,False
655925,TÉCNICO DE INVESTIGACIÓN 1 (TC),DECANATO DE INVESTIGACIÓN,2021-08-20,2021-12-31,0.36,True,False
655963,PROFESOR NO TITULAR OCASIONAL (TC),FACULTAD DE CIENCIAS DE LA VIDA,2020-01-02,2023-02-17,3.13,True,False
655964,ANALISTA ADMINISTRATIVO FINANCIERO DE CENTROS,CENTRO NACIONAL DE ACUICULTURA E INVESTIGACIONES MARINAS,2019-10-01,2023-03-10,3.44,True,False
655964,ANALISTA ADMINISTRATIVO FINANCIERO 3,CENTRO NACIONAL DE ACUICULTURA E INVESTIGACIONES MARINAS,2023-12-26,2023-12-29,0.01,False,False
655964,ANALISTA ADMINISTRATIVO FINANCIERO 3,CENTRO NACIONAL DE ACUICULTURA E INVESTIGACIONES MARINAS,2024-06-06,2024-09-06,0.25,True,False
655964,ANALISTA ADMINISTRATIVO FINANCIERO 3,CENTRO NACIONAL DE ACUICULTURA E INVESTIGACIONES MARINAS,2024-12-30,2024-12-31,0.0,False,False
655964,ANALISTA ADMINISTRATIVO FINANCIERO 3,CENTRO NACIONAL DE ACUICULTURA E INVESTIGACIONES MARINAS,2025-04-07,2025-04-11,0.01,False,False
655964,ANALISTA ADMINISTRATIVO FINANCIERO 3,CENTRO NACIONAL DE ACUICULTURA E INVESTIGACIONES MARINAS,2025-08-07,2025-12-26,0.39,True,False
655964,ANALISTA ADMINISTRATIVO FINANCIERO 3,CENTRO NACIONAL DE ACUICULTURA E INVESTIGACIONES MARINAS,2026-05-28,,0.3,True,False
655974,TÉCNICO DOCENTE 1 (TC),FACULTAD DE CIENCIAS NATURALES Y MATEMÁTICAS,2019-09-30,2021-09-09,1.94,True,False
655976,TÉCNICOS ESPECIALIZADOS - EJECUCIÓN DE ACTIVIDADES,RECTORADO,2019-10-15,2019-12-31,0.21,False,False
655982,TÉCNICO DE INVESTIGACIÓN 1 (TC),FACULTAD DE CIENCIAS NATURALES Y MATEMÁTICAS,2018-10-01,2023-12-31,5.25,True,False
655982,TÉCNICO DOCENTE 1 (TC),FACULTAD DE CIENCIAS NATURALES Y MATEMÁTICAS,2024-02-19,2024-09-29,0.61,True,False
655982,PROFESOR NO TITULAR OCASIONAL (TC),FACULTAD DE CIENCIAS NATURALES Y MATEMÁTICAS,2024-09-30,,1.96,True,False
655989,PROFESOR NO TITULAR OCASIONAL (TC),FACULTAD DE INGENIERÍA EN CIENCIAS DE LA TIERRA,2020-02-22,2021-07-30,1.43,True,False
655989,PROFESOR NO TITULAR OCASIONAL (TC),FACULTAD DE INGENIERÍA EN CIENCIAS DE LA TIERRA,2023-05-02,,3.38,True,False
655995,AUXILIAR DE SERVICIOS,FACULTAD DE CIENCIAS NATURALES Y MATEMÁTICAS,2019-11-05,,6.86,True,False
655996,AUXILIAR DE SERVICIOS,DIRECCIÓN DE SERVICIOS GENERALES,2019-11-05,,6.86,True,False
655997,AUXILIAR DE SERVICIOS,DIRECCIÓN DE ADQUISICIONES Y SUMINISTROS,2019-11-06,2020-09-14,0.86,True,False
655998,AUXILIAR DE SERVICIOS DE MANTENIMIENTO,CENTRO DE INFORMACIÓN BIBLIOTECARIA,2019-11-05,,6.86,True,False
656001,TÉCNICOS ESPECIALIZADOS - EJECUCIÓN DE ACTIVIDADES DE INVESTIGACIÓN,DECANATO DE INVESTIGACIÓN,2021-06-18,2021-12-31,0.54,True,False
656002,MÉDICO,GERENCIA DE BIENESTAR POLITÉCNICO,2024-12-02,,1.79,True,False
656003,MÉDICO,GERENCIA DE BIENESTAR POLITÉCNICO,2022-01-03,,4.7,True,False
656019,PROFESOR NO TITULAR OCASIONAL (MT),DECANATO DE GRADO,2024-09-30,2025-02-14,0.38,True,False
656019,PROFESOR NO TITULAR OCASIONAL (TP),DECANATO DE GRADO,2025-05-12,2026-02-13,0.76,True,False
656027,ANALISTA DE DESARROLLO DE SISTEMAS 2,DESCONOCIDA,2019-12-02,2020-02-29,0.24,False,False
656028,AUXILIAR DE SERVICIOS,FACULTAD DE INGENIERÍA EN CIENCIAS DE LA TIERRA,2019-12-02,,6.79,True,False
656039,TÉCNICOS ESPECIALIZADOS - EJECUCIÓN DE CAPACITACIÓN,CENTRO DE INVESTIGACIONES Y SERVICIOS EDUCATIVOS,2019-12-09,2019-12-27,0.05,False,False
656039,TÉCNICOS ESPECIALIZADOS - EJECUCIÓN DE ACTIVIDADES,DECANATO DE INVESTIGACIÓN,2022-03-07,2022-03-31,0.07,False,False
656168,TÉCNICOS ESPECIALIZADOS - EJECUCIÓN DE ACTIVIDADES,DIRECCIÓN DE ADMISIONES,2024-07-01,2024-09-30,0.25,False,False
656168,TÉCNICOS ESPECIALIZADOS - EJECUCIÓN DE ACTIVIDADES,DECANATO DE GRADO,2025-07-09,,1.19,True,False
656194,TÉCNICOS ESPECIALIZADOS - EJECUCIÓN DE ACTIVIDADES,GERENCIA DE TECNOLOGÍAS Y SISTEMAS DE INFORMACIÓN,2024-12-02,2024-12-31,0.08,False,False
656311,PROMOTOR DE ARTE Y CULTURA,GERENCIA DE BIENESTAR POLITÉCNICO,2021-01-04,2025-10-04,4.75,True,False
656459,TÉCNICOS ESPECIALIZADOS - EJECUCIÓN DE ACTIVIDADES DE INVESTIGACIÓN,DECANATO DE INVESTIGACIÓN,2021-05-20,2022-09-30,1.36,True,False
656587,TÉCNICO DE LABORATORIO 1 (TC),FACULTAD DE CIENCIAS DE LA VIDA,2025-09-01,2025-12-31,0.33,True,False
656651,TÉCNICOS ESPECIALIZADOS - EJECUCIÓN DE PROYECTOS,CENTRO INTERNACIONAL DEL PACÍFICO PARA LA REDUCCIÓN DEL RIESGO DE DESASTRES,2024-01-08,2024-06-08,0.42,True,False
656651,TÉCNICOS ESPECIALIZADOS - EJECUCIÓN DE ACTIVIDADES,GERENCIA DE TECNOLOGÍAS Y SISTEMAS DE INFORMACIÓN,2024-06-12,2025-03-21,0.77,True,False
656754,ABOGADO,GERENCIA JURÍDICA,2021-04-01,2026-02-07,4.85,True,False
656778,TÉCNICOS ESPECIALIZADOS - EJECUCIÓN DE ACTIVIDADES,UNIDAD DE BIENESTAR ESTUDIANTIL Y POLITÉCNICO,2020-02-03,2020-02-07,0.01,False,False
656781,ANALISTA DE LABORATORIO DE INVESTIGACIÓN 2,CENTRO DE INVESTIGACIONES BIOTECNOLÓGICAS DEL ECUADOR,2020-03-02,2021-09-01,1.5,True,False
656842,ANALISTA ADMINISTRATIVO,"FACULTAD DE ARTE, DISEÑO Y COMUNICACIÓN AUDIOVISUAL",2021-01-20,2022-06-01,1.36,True,False
657168,TÉCNICOS ESPECIALIZADOS - EJECUCIÓN DE ACTIVIDADES,GERENCIA DE INFRAESTRUCTURA FÍSICA,2021-11-30,2021-12-15,0.04,False,False
657319,TÉCNICO DE INVESTIGACIÓN 1 (TC),CENTRO DE TECNOLOGÍAS DE LA INFORMACIÓN,2026-01-06,,0.69,True,False
657331,TÉCNICO DE LABORATORIO 1 (TC),FACULTAD DE CIENCIAS SOCIALES Y HUMANÍSTICAS,2026-01-07,2026-05-03,0.32,True,False
657356,TÉCNICO DE INVESTIGACIÓN 1 (TC),FACULTAD DE CIENCIAS DE LA VIDA,2026-01-06,,0.69,True,False
657391,TÉCNICOS ESPECIALIZADOS - EJECUCIÓN DE ACTIVIDADES,OFICINA DE TRANSFERENCIA DE RESULTADOS DE INVESTIGACIÓN - OTRI EN LA ESPOL,2024-10-18,2024-12-31,0.2,False,False
657449,TÉCNICO DE LABORATORIO 1 (TC),FACULTAD DE INGENIERÍA EN CIENCIAS DE LA TIERRA,2025-05-12,,1.35,True,False
657500,TÉCNICO DOCENTE 3 (TC),DIRECCIÓN DE ADMISIONES,2025-05-06,2025-09-20,0.38,True,False
657523,TÉCNICO DE INVESTIGACIÓN 1 (TC),FACULTAD DE INGENIERÍA EN ELECTRICIDAD Y COMPUTACIÓN,2025-10-03,,0.95,True,False
658070,TÉCNICOS ESPECIALIZADOS - EJECUCIÓN DE ACTIVIDADES,"VICERRECTORADO DE INVESTIGACIÓN, DESARROLLO E INNOVACIÓN",2025-09-17,,1.0,True,False
658138,PROFESOR NO TITULAR OCASIONAL (TC),"FACULTAD DE ARTE, DISEÑO Y COMUNICACIÓN AUDIOVISUAL",2022-05-16,2023-05-31,1.04,True,False
658138,PROFESOR TITULAR AUXILIAR 1 (TC),"FACULTAD DE ARTE, DISEÑO Y COMUNICACIÓN AUDIOVISUAL",2023-06-01,,3.29,True,False
658200,TÉCNICOS ESPECIALIZADOS - EJECUCIÓN DE CAPACITACIÓN,UNIDAD DE BIENESTAR ESTUDIANTIL Y POLITÉCNICO,2020-08-15,2020-11-15,0.25,True,False
658206,AUDITOR INTERNO 1,AUDITORÍA INTERNA,2020-08-03,2024-01-22,3.47,True,False
658319,TÉCNICO DE INVESTIGACIÓN 1 (TC),CENTRO DE INVESTIGACIONES BIOTECNOLÓGICAS DEL ECUADOR,2026-01-06,,0.69,True,False
658334,TÉCNICO DE INVESTIGACIÓN 2 (TC),"CENTRO DE INVESTIGACIÓN, DESARROLLO E INNOVACIÓN DE SISTEMAS COMPUTACIONALES",2020-08-06,2020-10-31,0.24,False,False
658349,TÉCNICOS ESPECIALIZADOS - EJECUCIÓN DE ACTIVIDADES,DECANATO DE INVESTIGACIÓN,2022-02-01,2022-08-18,0.54,True,False
658362,TÉCNICO DOCENTE 1 (TC),FACULTAD DE INGENIERÍA MECÁNICA Y CIENCIAS DE LA PRODUCCIÓN,2020-10-01,2021-05-16,0.62,True,False
658362,PROFESOR NO TITULAR OCASIONAL (TC),FACULTAD DE INGENIERÍA MECÁNICA Y CIENCIAS DE LA PRODUCCIÓN,2021-05-17,2024-09-30,3.37,True,False
658363,TÉCNICO DOCENTE 1 (TC),FACULTAD DE INGENIERÍA MECÁNICA Y CIENCIAS DE LA PRODUCCIÓN,2020-10-01,2021-03-31,0.5,True,False
658364,TÉCNICO DE INVESTIGACIÓN 4 (TC),FACULTAD DE CIENCIAS DE LA VIDA,2021-01-01,2022-09-09,1.69,True,False
658365,PROFESOR NO TITULAR OCASIONAL (MT),FACULTAD DE CIENCIAS SOCIALES Y HUMANÍSTICAS,2020-10-01,2022-02-18,1.38,True,False
658365,PROFESOR NO TITULAR OCASIONAL (TC),FACULTAD DE CIENCIAS SOCIALES Y HUMANÍSTICAS,2022-03-02,2025-05-11,3.19,True,False
658366,TÉCNICO DE INVESTIGACIÓN 1 (TC),CENTRO DE TECNOLOGÍAS DE LA INFORMACIÓN,2020-09-07,2023-09-08,3.0,True,False
658370,ENFERMERA,GERENCIA DE BIENESTAR POLITÉCNICO,2020-10-01,,5.96,True,False
658371,TÉCNICO DE INVESTIGACIÓN 1 (TC),CENTRO NACIONAL DE ACUICULTURA E INVESTIGACIONES MARINAS,2020-10-01,,5.96,True,False
658467,TÉCNICOS ESPECIALIZADOS - EJECUCIÓN DE ACTIVIDADES,OFICINA DE TRANSFERENCIA DE RESULTADOS DE INVESTIGACIÓN - OTRI EN LA ESPOL,2024-10-10,2024-12-31,0.22,False,False
658478,TÉCNICOS ESPECIALIZADOS - EJECUCIÓN DE PROYECTOS,CENTRO INTERNACIONAL DEL PACÍFICO PARA LA REDUCCIÓN DEL RIESGO DE DESASTRES,2024-02-22,2024-04-22,0.16,False,False
658481,TÉCNICOS ESPECIALIZADOS - EJECUCIÓN DE PROYECTOS,GERENCIA DE TECNOLOGÍAS Y SISTEMAS DE INFORMACIÓN,2024-11-05,2024-12-31,0.15,False,False
658560,TÉCNICO DE LABORATORIO 1 (TC),FACULTAD DE CIENCIAS DE LA VIDA,2025-11-17,2025-12-31,0.12,False,False
658560,TÉCNICO DE LABORATORIO 1 (TC),FACULTAD DE CIENCIAS DE LA VIDA,2026-07-13,,0.18,False,False
658674,PROFESOR NO TITULAR OCASIONAL (TC),DECANATO DE GRADO,2020-10-12,2024-02-16,3.35,True,False
658676,PROFESOR NO TITULAR OCASIONAL (TP),FACULTAD DE INGENIERÍA EN CIENCIAS DE LA TIERRA,2023-10-02,2024-02-16,0.38,True,False
658678,PROFESOR NO TITULAR OCASIONAL (TC),DECANATO DE GRADO,2021-05-17,,5.33,True,False
658679,GUARDALMACÉN,GERENCIA ADMINISTRATIVA,2021-04-01,2026-04-30,5.08,True,False
658681,TÉCNICOS ESPECIALIZADOS - EJECUCIÓN DE PROYECTOS,UNIDAD DE VINCULACIÓN CON LA SOCIEDAD,2020-11-04,2020-11-30,0.07,False,False
658687,ABOGADO,GERENCIA JURÍDICA,2022-12-01,2026-03-31,3.33,True,False
658687,ANALISTA DE ASESORÍA JURÍDICA 3,GERENCIA JURÍDICA,2026-04-01,,0.46,True,False
658694,PSICÓLOGO,GERENCIA DE BIENESTAR POLITÉCNICO,2023-11-01,,2.87,True,False
658714,ANALISTA DE COMPRAS PÚBLICAS 3,GERENCIA ADMINISTRATIVA,2021-01-06,2021-05-16,0.36,True,False
658714,DIRECTOR DE ADQUISICIONES,DIRECCIÓN DE ADQUISICIONES,2021-05-17,2022-01-17,0.67,True,True
658714,ANALISTA DE COMPRAS PÚBLICAS 3,GERENCIA ADMINISTRATIVA,2022-01-17,2022-12-31,0.95,True,True
658716,ANALISTA DE INFRAESTRUCTURA FÍSICA 2,GERENCIA DE INFRAESTRUCTURA FÍSICA,2021-01-04,2026-01-09,5.01,True,False
659263,TÉCNICO DE LABORATORIO 1 (TC),FACULTAD DE INGENIERÍA MECÁNICA Y CIENCIAS DE LA PRODUCCIÓN,2025-11-27,2026-05-22,0.48,True,False
659295,TÉCNICO DE LABORATORIO 1 (TC),FACULTAD DE CIENCIAS DE LA VIDA,2025-11-06,2025-12-31,0.15,False,False
659311,TÉCNICOS ESPECIALIZADOS - EJECUCIÓN DE ACTIVIDADES,GERENCIA DE TECNOLOGÍAS Y SISTEMAS DE INFORMACIÓN,2024-11-15,2024-12-31,0.13,False,False
659315,TÉCNICOS ESPECIALIZADOS - EJECUCIÓN DE ACTIVIDADES,DECANATO DE GRADO,2025-06-09,2026-06-05,0.99,True,False
659325,TÉCNICOS ESPECIALIZADOS - EJECUCIÓN DE ACTIVIDADES,GERENCIA DE TECNOLOGÍAS Y SISTEMAS DE INFORMACIÓN,2025-06-24,2026-02-13,0.64,True,False
659576,SECRETARIO ADMINISTRATIVO,SECRETARIA ADMINISTRATIVA,2021-02-01,,5.62,True,True
659576,PROFESOR NO TITULAR OCASIONAL (TP),FACULTAD DE CIENCIAS SOCIALES Y HUMANÍSTICAS,2024-10-10,,1.93,True,True
659580,TÉCNICOS ESPECIALIZADOS - EJECUCIÓN DE ACTIVIDADES,FACULTAD DE CIENCIAS SOCIALES Y HUMANÍSTICAS,2021-02-17,2021-12-31,0.87,True,False
659582,TÉCNICO DOCENTE 1 (TC),FACULTAD DE INGENIERÍA MECÁNICA Y CIENCIAS DE LA PRODUCCIÓN,2021-03-15,2021-04-21,0.1,False,False
659590,ANALISTA DE PROYECTOS DE VINCULACIÓN 2,DECANATO DE VINCULACIÓN,2022-08-01,2023-04-07,0.68,True,False
659592,ASISTENTE ADMINISTRATIVO,DIRECCIÓN DE SERVICIOS GENERALES,2021-03-01,2024-09-25,3.57,True,False
659596,TÉCNICO DE LABORATORIO 1 (TC),FACULTAD DE CIENCIAS DE LA VIDA,2021-03-15,,5.51,True,False
659622,ABOGADO,GERENCIA JURÍDICA,2022-02-01,2023-01-16,0.96,True,False
659627,PROFESOR NO TITULAR OCASIONAL (TC),FACULTAD DE INGENIERÍA MECÁNICA Y CIENCIAS DE LA PRODUCCIÓN,2021-04-15,2023-02-17,1.84,True,False
659644,TÉCNICO DOCENTE 4 (TC),FACULTAD DE INGENIERÍA MECÁNICA Y CIENCIAS DE LA PRODUCCIÓN,2021-05-17,2022-05-15,0.99,True,False
659644,PROFESOR NO TITULAR OCASIONAL (TC),FACULTAD DE INGENIERÍA MECÁNICA Y CIENCIAS DE LA PRODUCCIÓN,2022-05-16,2023-09-22,1.35,True,False
659653,ANALISTA ADMINISTRATIVO,GERENCIA ADMINISTRATIVA,2021-08-02,,5.12,True,False
659660,ANALISTA DE COMPRAS PÚBLICAS 1,DIRECCIÓN DE ADQUISICIONES Y SUMINISTROS,2021-05-03,2021-08-01,0.25,False,False
659664,TÉCNICO DOCENTE 1 (TC),FACULTAD DE INGENIERÍA MECÁNICA Y CIENCIAS DE LA PRODUCCIÓN,2021-05-17,2022-05-06,0.97,True,False
659664,TÉCNICO DOCENTE 1 (TC),FACULTAD DE INGENIERÍA MECÁNICA Y CIENCIAS DE LA PRODUCCIÓN,2023-01-01,2023-02-28,0.16,False,False
659665,TÉCNICO DOCENTE 1 (TC),FACULTAD DE INGENIERÍA MECÁNICA Y CIENCIAS DE LA PRODUCCIÓN,2021-05-17,,5.33,True,False
659674,PROFESOR NO TITULAR OCASIONAL (MT),FACULTAD DE CIENCIAS SOCIALES Y HUMANÍSTICAS,2023-05-15,2026-02-13,2.75,True,False
659678,PROFESOR NO TITULAR OCASIONAL (MT),FACULTAD DE INGENIERÍA MECÁNICA Y CIENCIAS DE LA PRODUCCIÓN,2021-05-17,2024-02-16,2.75,True,False
659679,PROFESOR NO TITULAR OCASIONAL (TP),FACULTAD DE INGENIERÍA MECÁNICA Y CIENCIAS DE LA PRODUCCIÓN,2021-05-17,,5.33,True,False
659680,PROFESOR NO TITULAR OCASIONAL (TP),FACULTAD DE CIENCIAS DE LA VIDA,2021-05-13,2023-02-17,1.77,True,False
659680,PROFESOR NO TITULAR OCASIONAL (MT),FACULTAD DE CIENCIAS DE LA VIDA,2023-05-15,,3.34,True,False
659690,PROFESOR NO TITULAR OCASIONAL (TP),FACULTAD DE INGENIERÍA MECÁNICA Y CIENCIAS DE LA PRODUCCIÓN,2021-10-15,2022-02-18,0.34,True,False
659691,PROFESOR NO TITULAR OCASIONAL (TC),FACULTAD DE CIENCIAS NATURALES Y MATEMÁTICAS,2021-05-03,2022-02-17,0.79,True,False
659692,PROFESOR NO TITULAR OCASIONAL (TC),"FACULTAD DE ARTE, DISEÑO Y COMUNICACIÓN AUDIOVISUAL",2024-12-02,,1.79,True,False
659693,ASISTENTE DE ACTIVOS FIJOS,GERENCIA FINANCIERA,2021-05-03,,5.37,True,False
659728,TÉCNICOS ESPECIALIZADOS - EJECUCIÓN DE ACTIVIDADES,CENTRO DE INVESTIGACIONES Y SERVICIOS EDUCATIVOS,2025-10-28,2026-02-28,0.34,True,False
659728,TÉCNICOS ESPECIALIZADOS - EJECUCIÓN DE ACTIVIDADES,GERENCIA DE TECNOLOGÍAS Y SISTEMAS DE INFORMACIÓN,2026-04-08,,0.44,True,False
659818,TÉCNICO DOCENTE 1 (TC),DECANATO DE GRADO,2021-05-18,,5.33,True,False
659820,TÉCNICOS ESPECIALIZADOS - EJECUCIÓN DE ACTIVIDADES DE INVESTIGACIÓN,DECANATO DE INVESTIGACIÓN,2021-05-26,2021-12-31,0.6,True,False
659822,TÉCNICO DE INVESTIGACIÓN 1 (MT),DECANATO DE INVESTIGACIÓN,2023-03-01,2023-12-31,0.83,True,False
659823,PROFESOR NO TITULAR OCASIONAL (MT),FACULTAD DE INGENIERÍA EN CIENCIAS DE LA TIERRA,2021-05-17,2023-04-19,1.92,True,False
660059,TÉCNICO DE LABORATORIO 1 (TC),FACULTAD DE INGENIERÍA MARÍTIMA Y CIENCIAS DEL MAR,2021-06-10,,5.27,True,False
660310,TÉCNICO DOCENTE 4 (TC),DIRECCIÓN DE ADMISIONES,2021-05-25,2021-12-31,0.6,True,False
660358,TÉCNICO DOCENTE 4 (TC),DIRECCIÓN DE ADMISIONES,2021-06-01,2021-12-31,0.58,True,False
660358,TÉCNICO DOCENTE 3 (TC),DIRECCIÓN DE ADMISIONES,2023-09-20,2023-12-31,0.28,True,False
660643,ASISTENTE FINANCIERO,GERENCIA FINANCIERA,2021-06-01,2024-01-09,2.61,True,True
660643,ANALISTA FINANCIERO 1,GERENCIA FINANCIERA,2024-01-01,,2.71,True,True
660648,ANALISTA DE PÓLIZAS Y SEGUROS,GERENCIA FINANCIERA,2021-06-01,,5.29,True,False
660656,AUDITOR GENERAL,AUDITORÍA INTERNA,2021-06-14,2024-01-23,2.61,True,False
660675,TÉCNICO DOCENTE 1 (TC),CENTRO ECUATORIANO DE INVESTIGACIÓN Y DESARROLLO EN NANOTECNOLOGÍA,2021-08-04,2022-04-29,0.73,True,False
660682,TÉCNICOS ESPECIALIZADOS - EJECUCIÓN DE ACTIVIDADES,GERENCIA DE COMUNICACIÓN SOCIAL Y ASUNTOS PÚBLICOS,2021-08-06,2021-12-31,0.4,True,False
660685,TÉCNICOS ESPECIALIZADOS - EJECUCIÓN DE CAPACITACIÓN,FACULTAD DE CIENCIAS SOCIALES Y HUMANÍSTICAS,2021-08-09,2021-09-27,0.13,False,False
660716,ABOGADO,GERENCIA JURÍDICA,2022-02-01,2022-12-01,0.83,True,False
660726,TÉCNICO EN EL CAMPO DE LAS ARTES 1 (TC),"FACULTAD DE ARTE, DISEÑO Y COMUNICACIÓN AUDIOVISUAL",2025-02-17,2025-03-25,0.1,False,False
660726,PROFESOR NO TITULAR OCASIONAL (TC),"FACULTAD DE ARTE, DISEÑO Y COMUNICACIÓN AUDIOVISUAL",2025-03-26,,1.48,True,False
660727,PROFESOR NO TITULAR OCASIONAL (TC),FACULTAD DE CIENCIAS SOCIALES Y HUMANÍSTICAS,2021-10-04,,4.95,True,False
660730,PROFESOR NO TITULAR OCASIONAL (TC),FACULTAD DE CIENCIAS DE LA VIDA,2021-10-04,,4.95,True,False
661047,TÉCNICOS ESPECIALIZADOS - EJECUCIÓN DE ACTIVIDADES,FACULTAD DE INGENIERÍA MARÍTIMA Y CIENCIAS DEL MAR,2022-08-01,2022-09-30,0.16,False,False
661227,TÉCNICOS ESPECIALIZADOS - EJECUCIÓN DE ACTIVIDADES,"CENTRO DE INVESTIGACIÓN, DESARROLLO E INNOVACIÓN DE SISTEMAS COMPUTACIONALES",2025-01-07,,1.69,True,False
661234,TÉCNICOS ESPECIALIZADOS - EJECUCIÓN DE ACTIVIDADES,GERENCIA DE TECNOLOGÍAS Y SISTEMAS DE INFORMACIÓN,2025-08-01,,1.13,True,False
661261,TÉCNICOS ESPECIALIZADOS - EJECUCIÓN DE PROYECTOS,GERENCIA DE TECNOLOGÍAS Y SISTEMAS DE INFORMACIÓN,2024-10-22,2024-12-31,0.19,False,False
661261,TÉCNICOS ESPECIALIZADOS - EJECUCIÓN DE ACTIVIDADES,GERENCIA DE TECNOLOGÍAS Y SISTEMAS DE INFORMACIÓN,2025-08-20,,1.07,True,False
662018,PROFESOR NO TITULAR OCASIONAL (TP),FACULTAD DE CIENCIAS SOCIALES Y HUMANÍSTICAS,2021-10-04,2022-09-23,0.97,True,False
662018,PROFESOR NO TITULAR OCASIONAL (TC),FACULTAD DE CIENCIAS SOCIALES Y HUMANÍSTICAS,2024-05-22,,2.32,True,False
662044,TÉCNICO DE INVESTIGACIÓN 1 (TC),CENTRO NACIONAL DE ACUICULTURA E INVESTIGACIONES MARINAS,2021-10-20,2023-12-29,2.19,True,False
662064,PROFESOR NO TITULAR OCASIONAL (TC),FACULTAD DE INGENIERÍA EN CIENCIAS DE LA TIERRA,2021-10-12,2022-03-07,0.4,True,False
662067,AUDITOR INTERNO 1,AUDITORÍA INTERNA,2021-10-01,2024-04-30,2.58,True,False
662109,TÉCNICO EN EL CAMPO DE LAS ARTES 1,"FACULTAD DE ARTE, DISEÑO Y COMUNICACIÓN AUDIOVISUAL",2021-11-22,2023-05-21,1.49,True,False
662109,PROFESOR NO TITULAR OCASIONAL (TC),"FACULTAD DE ARTE, DISEÑO Y COMUNICACIÓN AUDIOVISUAL",2025-05-05,,1.37,True,False
662147,ASISTENTE DE SOPORTE TÉCNICO,FACULTAD DE CIENCIAS SOCIALES Y HUMANÍSTICAS,2021-12-01,,4.79,True,False
662157,TÉCNICO DE INVESTIGACIÓN 1 (TC),CENTRO NACIONAL DE ACUICULTURA E INVESTIGACIONES MARINAS,2021-12-13,2025-07-12,3.58,True,False
662172,TÉCNICO DE INVESTIGACIÓN 1 (TC),CENTRO DE INVESTIGACIONES BIOTECNOLÓGICAS DEL ECUADOR,2022-01-03,2026-02-13,4.11,True,False
662177,ASISTENTE DE ACTIVOS FIJOS,FACULTAD DE INGENIERÍA MECÁNICA Y CIENCIAS DE LA PRODUCCIÓN,2022-01-03,2023-11-01,1.83,True,True
662177,ANALISTA ADMINISTRATIVO,FACULTAD DE INGENIERÍA MECÁNICA Y CIENCIAS DE LA PRODUCCIÓN,2023-11-01,,2.87,True,True
662183,TÉCNICO DE INVESTIGACIÓN 1 (TC),FACULTAD DE CIENCIAS DE LA VIDA,2022-01-17,2022-04-30,0.28,True,False
662184,TÉCNICO DE INVESTIGACIÓN 2 (TC),CENTRO DE INVESTIGACIONES BIOTECNOLÓGICAS DEL ECUADOR,2022-01-25,2023-12-31,1.93,True,False
662184,TÉCNICO DE INVESTIGACIÓN 1 (TC),CENTRO DE INVESTIGACIONES BIOTECNOLÓGICAS DEL ECUADOR,2025-10-03,2025-12-31,0.24,False,False
662436,TÉCNICOS ESPECIALIZADOS - EJECUCIÓN DE ACTIVIDADES,FACULTAD DE CIENCIAS SOCIALES Y HUMANÍSTICAS,2022-02-18,2025-12-31,3.87,True,False
662490,TÉCNICO DE INVESTIGACIÓN 1 (TC),FACULTAD DE INGENIERÍA EN CIENCIAS DE LA TIERRA,2023-10-03,2023-12-31,0.24,False,False
662510,TÉCNICO DE LABORATORIO 1 (TC),DECANATO DE GRADO,2025-09-22,,0.98,True,False
662512,ANALISTA DE INVENTARIO,GERENCIA ADMINISTRATIVA,2022-03-02,2024-10-05,2.6,True,False
662522,TÉCNICO DE ARCHIVO Y DIGITALIZACIÓN,DIRECCIÓN DE LA SECRETARÍA TÉCNICA ACADEMICA,2022-04-01,2024-06-21,2.22,True,False
662525,ASISTENTE DE ACTIVOS FIJOS DE UNIDAD ACADÉMICA,FACULTAD DE INGENIERÍA MECÁNICA Y CIENCIAS DE LA PRODUCCIÓN,2022-04-01,2022-07-23,0.31,True,False
662673,TÉCNICO DE INVESTIGACIÓN 1 (TC),DECANATO DE INVESTIGACIÓN,2023-03-01,2023-08-31,0.5,True,False
662677,TÉCNICOS ESPECIALIZADOS - EJECUCIÓN DE ACTIVIDADES,DECANATO DE INVESTIGACIÓN,2024-01-08,2024-05-03,0.32,True,False
662678,ASISTENTE DE ACTIVOS FIJOS,FACULTAD DE INGENIERÍA MECÁNICA Y CIENCIAS DE LA PRODUCCIÓN,2022-04-11,,4.43,True,False
662679,TÉCNICO DE INVESTIGACIÓN 1 (TC),DECANATO DE INVESTIGACIÓN,2023-03-01,2023-12-31,0.83,True,False
662684,PROFESOR NO TITULAR OCASIONAL (TC),FACULTAD DE CIENCIAS NATURALES Y MATEMÁTICAS,2022-05-16,,4.34,True,False
662687,TÉCNICOS ESPECIALIZADOS - EJECUCIÓN DE ACTIVIDADES,GERENCIA DE COMUNICACIÓN SOCIAL Y ASUNTOS PÚBLICOS,2022-05-03,2022-07-31,0.24,False,False
662688,TÉCNICO DOCENTE 1 (TC),FACULTAD DE INGENIERÍA MECÁNICA Y CIENCIAS DE LA PRODUCCIÓN,2022-05-16,,4.34,True,False
662694,PROFESOR NO TITULAR OCASIONAL (TP),FACULTAD DE CIENCIAS SOCIALES Y HUMANÍSTICAS,2022-05-16,,4.34,True,False
662706,TÉCNICOS ESPECIALIZADOS - EJECUCIÓN DE ACTIVIDADES,GERENCIA DE COMUNICACIÓN SOCIAL Y ASUNTOS PÚBLICOS,2022-06-01,2022-07-31,0.16,False,False
662717,PROFESOR NO TITULAR OCASIONAL (TP),FACULTAD DE INGENIERÍA EN CIENCIAS DE LA TIERRA,2022-10-03,2023-09-17,0.96,True,False
662718,PROFESOR NO TITULAR OCASIONAL (TC),FACULTAD DE INGENIERÍA EN ELECTRICIDAD Y COMPUTACIÓN,2022-05-16,2022-09-23,0.36,True,False
662718,PROFESOR NO TITULAR OCASIONAL (TC),FACULTAD DE INGENIERÍA EN ELECTRICIDAD Y COMPUTACIÓN,2023-05-15,,3.34,True,False
662721,PROFESOR NO TITULAR OCASIONAL (MT),FACULTAD DE INGENIERÍA EN CIENCIAS DE LA TIERRA,2022-05-18,2025-02-14,2.75,True,False
662765,TÉCNICO DOCENTE 3 (TC),DIRECCIÓN DE ADMISIONES,2023-09-20,2023-12-31,0.28,True,False
662765,PROFESOR NO TITULAR OCASIONAL (MT),FACULTAD DE CIENCIAS NATURALES Y MATEMÁTICAS,2024-09-30,2025-02-14,0.38,True,False
662771,TÉCNICO DE LABORATORIO 1 (TC),CENTRO DE TECNOLOGÍAS DE LA INFORMACIÓN,2022-06-13,2023-12-31,1.55,True,False
662829,ASISTENTE DE ACTIVOS FIJOS,FACULTAD DE INGENIERÍA EN CIENCIAS DE LA TIERRA,2022-06-01,,4.29,True,False
662846,TUTOR PARVULARIO,GERENCIA DE BIENESTAR POLITÉCNICO,2023-11-01,,2.87,True,False
662857,TUTOR PARVULARIO,GERENCIA DE BIENESTAR POLITÉCNICO,2023-11-01,,2.87,True,False
662863,TÉCNICOS ESPECIALIZADOS - EJECUCIÓN DE ACTIVIDADES,UNIDAD DE BIENESTAR ESTUDIANTIL Y POLITÉCNICO,2022-07-01,2022-12-31,0.5,True,False
662863,TÉCNICOS ESPECIALIZADOS - EJECUCIÓN DE ACTIVIDADES,GERENCIA DE BIENESTAR POLITÉCNICO,2023-01-09,2023-12-31,0.97,True,False
662864,TÉCNICOS ESPECIALIZADOS - EJECUCIÓN DE ACTIVIDADES,UNIDAD DE BIENESTAR ESTUDIANTIL Y POLITÉCNICO,2022-07-01,2022-12-31,0.5,True,False
662864,TÉCNICOS ESPECIALIZADOS - EJECUCIÓN DE ACTIVIDADES,GERENCIA DE BIENESTAR POLITÉCNICO,2023-01-09,2023-08-16,0.6,True,False
662865,TÉCNICOS ESPECIALIZADOS - EJECUCIÓN DE ACTIVIDADES,UNIDAD DE BIENESTAR ESTUDIANTIL Y POLITÉCNICO,2022-07-01,2022-12-31,0.5,True,False
662865,TÉCNICOS ESPECIALIZADOS - EJECUCIÓN DE ACTIVIDADES,GERENCIA DE BIENESTAR POLITÉCNICO,2023-01-09,2024-12-31,1.98,True,False
663058,PROFESOR NO TITULAR OCASIONAL (MT),FACULTAD DE CIENCIAS DE LA VIDA,2024-03-01,,2.54,True,False
663105,SUPERVISOR DE DEPORTE,GERENCIA DE BIENESTAR POLITÉCNICO,2024-10-01,,1.96,True,False
664061,ANALISTA FINANCIERO 2,GERENCIA FINANCIERA,2024-05-01,2024-08-29,0.33,True,False
664061,ANALISTA FINANCIERO 2,GERENCIA FINANCIERA,2024-12-30,2024-12-31,0.0,False,False
664061,ANALISTA FINANCIERO 2,GERENCIA FINANCIERA,2025-08-18,2026-01-09,0.39,True,False
664061,ANALISTA FINANCIERO 2,GERENCIA FINANCIERA,2026-06-29,,0.22,False,False
664776,TÉCNICO DE INVESTIGACIÓN 1 (TC),FACULTAD DE INGENIERÍA EN CIENCIAS DE LA TIERRA,2023-10-06,2023-12-31,0.24,False,False
664869,PROFESOR NO TITULAR OCASIONAL (MT),FACULTAD DE CIENCIAS SOCIALES Y HUMANÍSTICAS,2023-05-15,2024-02-16,0.76,True,False
664869,PROFESOR NO TITULAR OCASIONAL (TC),FACULTAD DE CIENCIAS SOCIALES Y HUMANÍSTICAS,2024-02-19,,2.57,True,False
665063,TÉCNICO DOCENTE 1 (TC),FACULTAD DE INGENIERÍA EN ELECTRICIDAD Y COMPUTACIÓN,2024-10-08,2024-11-19,0.11,False,False
665145,TÉCNICO DE INVESTIGACIÓN 2 (MT),FACULTAD DE INGENIERÍA EN ELECTRICIDAD Y COMPUTACIÓN,2024-07-01,,2.21,True,False
665316,TÉCNICO DE INVESTIGACIÓN 1 (TC),CENTRO DE INVESTIGACIONES BIOTECNOLÓGICAS DEL ECUADOR,2023-03-01,2025-12-31,2.84,True,False
665432,PROFESOR NO TITULAR OCASIONAL (TC),FACULTAD DE INGENIERÍA MECÁNICA Y CIENCIAS DE LA PRODUCCIÓN,2022-10-03,2024-09-20,1.97,True,False
665621,TÉCNICOS ESPECIALIZADOS - EJECUCIÓN DE ACTIVIDADES,DECANATO DE GRADO,2025-06-09,,1.27,True,False
666375,TÉCNICO DOCENTE 1 (TC),FACULTAD DE CIENCIAS NATURALES Y MATEMÁTICAS,2022-10-03,2026-02-11,3.36,True,False
666375,PROFESOR NO TITULAR OCASIONAL (TC),FACULTAD DE CIENCIAS NATURALES Y MATEMÁTICAS,2026-05-04,,0.37,True,False
666633,TÉCNICO DE INVESTIGACIÓN 1 (TC),FACULTAD DE CIENCIAS NATURALES Y MATEMÁTICAS,2023-11-27,2024-12-31,1.1,True,False
667562,TÉCNICO DE INVESTIGACIÓN 1 (TC),FACULTAD DE INGENIERÍA EN ELECTRICIDAD Y COMPUTACIÓN,2023-10-03,2023-12-31,0.24,False,False
668010,TÉCNICO DE INVESTIGACIÓN 2 (TC),FACULTAD DE INGENIERÍA EN ELECTRICIDAD Y COMPUTACIÓN,2025-06-02,,1.29,True,False
668121,TÉCNICO DE INVESTIGACIÓN 1 (TC),CENTRO DE INVESTIGACIONES BIOTECNOLÓGICAS DEL ECUADOR,2023-04-24,2026-02-13,2.81,True,False
668132,TÉCNICO DE INVESTIGACIÓN 1 (TC),CENTRO DE INVESTIGACIONES BIOTECNOLÓGICAS DEL ECUADOR,2023-04-25,,3.39,True,False
668333,TÉCNICO DE INVESTIGACIÓN 1 (TC),FACULTAD DE CIENCIAS DE LA VIDA,2023-10-16,2025-06-30,1.71,True,False
668363,PROFESOR NO TITULAR OCASIONAL (TC),FACULTAD DE CIENCIAS NATURALES Y MATEMÁTICAS,2023-05-15,2024-12-08,1.57,True,False
668363,PROFESOR TITULAR AUXILIAR 1 (TC),FACULTAD DE CIENCIAS NATURALES Y MATEMÁTICAS,2024-12-09,,1.77,True,False
668898,TÉCNICOS ESPECIALIZADOS - EJECUCIÓN DE ACTIVIDADES,GERENCIA ADMINISTRATIVA,2025-07-16,,1.17,True,False
669390,TÉCNICO DE INVESTIGACIÓN 1 (TC),CENTRO DE INVESTIGACIONES BIOTECNOLÓGICAS DEL ECUADOR,2026-01-06,,0.69,True,False
669476,TÉCNICO DE INVESTIGACIÓN 1 (TC),FACULTAD DE CIENCIAS NATURALES Y MATEMÁTICAS,2024-11-20,2024-12-31,0.11,False,False
669691,TÉCNICO DE INVESTIGACIÓN 1 (TC),CENTRO ECUATORIANO DE INVESTIGACIÓN Y DESARROLLO EN NANOTECNOLOGÍA,2023-09-25,2025-12-31,2.27,True,False
669912,PROFESOR NO TITULAR OCASIONAL (TC),"FACULTAD DE ARTE, DISEÑO Y COMUNICACIÓN AUDIOVISUAL",2023-09-25,,2.98,True,False
669913,PROFESOR NO TITULAR OCASIONAL (TC),FACULTAD DE INGENIERÍA MECÁNICA Y CIENCIAS DE LA PRODUCCIÓN,2023-10-02,,2.96,True,False
671930,PROFESOR NO TITULAR OCASIONAL (TP),FACULTAD DE CIENCIAS DE LA VIDA,2024-03-01,2025-02-14,0.96,True,False
672911,TÉCNICO DE INVESTIGACIÓN 1 (TC),"FACULTAD DE ARTE, DISEÑO Y COMUNICACIÓN AUDIOVISUAL",2024-06-03,2026-02-28,1.74,True,False
672957,TÉCNICO DE INVESTIGACIÓN 1 (TC),FACULTAD DE CIENCIAS NATURALES Y MATEMÁTICAS,2025-01-02,2025-09-19,0.71,True,False
673473,TÉCNICO DE INVESTIGACIÓN 1 (TC),FACULTAD DE CIENCIAS NATURALES Y MATEMÁTICAS,2024-11-11,,1.85,True,False
673638,TÉCNICO DE INVESTIGACIÓN 2 (TC),FACULTAD DE INGENIERÍA EN ELECTRICIDAD Y COMPUTACIÓN,2024-07-01,,2.21,True,False
674610,TÉCNICO DE INVESTIGACIÓN 1 (TC),FACULTAD DE CIENCIAS SOCIALES Y HUMANÍSTICAS,2024-11-11,2025-12-31,1.14,True,False
676557,TÉCNICO DE INVESTIGACIÓN 1 (TC),FACULTAD DE INGENIERÍA EN CIENCIAS DE LA TIERRA,2025-10-13,,0.93,True,False
677411,TÉCNICO DOCENTE 3 (MT),DIRECCIÓN DE ADMISIONES,2025-07-02,2026-05-03,0.83,True,False
677434,TÉCNICO DE INVESTIGACIÓN 2 (MT),FACULTAD DE INGENIERÍA EN ELECTRICIDAD Y COMPUTACIÓN,2025-07-01,,1.21,True,False
677460,PROFESOR NO TITULAR OCASIONAL (MT),FACULTAD DE CIENCIAS DE LA VIDA,2025-05-12,2025-05-12,0.0,False,False
677461,PROFESOR NO TITULAR OCASIONAL (TC),FACULTAD DE CIENCIAS NATURALES Y MATEMÁTICAS,2025-05-12,,1.35,True,False
677462,PROFESOR NO TITULAR OCASIONAL (TP),FACULTAD DE CIENCIAS NATURALES Y MATEMÁTICAS,2025-05-05,2026-02-13,0.78,True,False
677508,TÉCNICO DE INVESTIGACIÓN 1 (TC),FACULTAD DE CIENCIAS DE LA VIDA,2025-09-01,,1.04,True,False
679555,TÉCNICO DE INVESTIGACIÓN 1 (TC),CENTRO DE INVESTIGACIÓN Y PROYECTOS APLICADOS A LAS CIENCIAS DE LA TIERRA,2025-10-03,2025-12-31,0.24,False,False
679555,TÉCNICO DE INVESTIGACIÓN 1 (TC),FACULTAD DE INGENIERÍA EN CIENCIAS DE LA TIERRA,2026-05-11,,0.35,True,False
683629,TÉCNICO DOCENTE 3 (TC),DIRECCIÓN DE ADMISIONES,2025-10-08,2025-12-31,0.23,False,False
683638,TÉCNICOS ESPECIALIZADOS - EJECUCIÓN DE ACTIVIDADES,GERENCIA JURÍDICA,2025-10-15,2025-12-31,0.21,False,False
683722,TÉCNICOS ESPECIALIZADOS - EJECUCIÓN DE ACTIVIDADES,GERENCIA JURÍDICA,2025-11-05,2025-12-31,0.15,False,False
